location1,location2,id,distance
1,1,1_1,0
1,2,1_2,94.05205987
1,3,1_3,125.6224314
1,4,1_4,213.6853023
1,5,1_5,180.7175243
1,6,1_6,231.7069717
1,7,1_7,270.9805777
1,8,1_8,332.583665
1,9,1_9,339.2183154
1,10,1_10,374.8399551
1,11,1_11,472.5859265
1,12,1_12,519.7771212
1,13,1_13,591.9111989
1,14,1_14,603.9928621
1,15,1_15,601.0066552
1,16,1_16,617.2212174
1,17,1_17,654.5632444
1,18,1_18,673.549975
1,19,1_19,692.8713116
1,20,1_20,691.7770102
1,21,1_21,729.7959392
1,22,1_22,799.0729281
1,23,1_23,853.6649829
1,24,1_24,844.0663773
1,25,1_25,881.8556035
1,26,1_26,903.6000853
1,27,1_27,968.2901415
1,28,1_28,981.3995114
1,29,1_29,994.2292802
1,30,1_30,1057.815987
1,31,1_31,1094.383597
1,32,1_32,1109.116535
1,33,1_33,1110.050503
1,34,1_34,1327.349892
1,35,1_35,1193.207686
1,36,1_36,1273.081311
1,37,1_37,1260.746768
1,38,1_38,1368.392797
1,39,1_39,1312.765601
1,40,1_40,1388.319067
1,41,1_41,1495.984741
1,42,1_42,1385.63062
1,43,1_43,1507.806695
1,44,1_44,1550.014778
1,45,1_45,1554.455981
1,46,1_46,1578.356769
1,47,1_47,1600.23324
1,48,1_48,1688.472168
1,49,1_49,1823.774805
1,50,1_50,1775.271056
1,51,1_51,1689.079359
1,52,1_52,1625.278809
1,53,1_53,1733.595171
1,54,1_54,1798.617414
1,55,1_55,1752.533864
1,56,1_56,1770.184463
1,57,1_57,1855.038001
1,58,1_58,1781.892453
1,59,1_59,1933.700714
1,60,1_60,1912.104474
1,61,1_61,1948.677866
1,62,1_62,1950.073361
1,63,1_63,2060.111666
1,64,1_64,2111.188252
1,65,1_65,2077.48816
2,1,2_1,94.05205987
2,2,2_2,0
2,3,2_3,52.02696769
2,4,2_4,140.0898386
2,5,2_5,117.432144
2,6,2_6,143.5328216
2,7,2_7,217.9513702
2,8,2_8,252.4588071
2,9,2_9,276.3123927
2,10,2_10,286.665805
2,11,2_11,384.4117764
2,12,2_12,456.7473264
2,13,2_13,511.786341
2,14,2_14,523.8680042
2,15,2_15,538.1007325
2,16,2_16,529.0470673
2,17,2_17,566.3890943
2,18,2_18,610.6440523
2,19,2_19,604.6971615
2,20,2_20,611.6521523
2,21,2_21,666.8900165
2,22,2_22,736.1670054
2,23,2_23,765.4908328
2,24,2_24,763.9415194
2,25,2_25,793.6814534
2,26,2_26,840.6941626
2,27,2_27,905.3842188
2,28,2_28,893.2253613
2,29,2_29,931.3233575
2,30,2_30,969.6418372
2,31,2_31,1031.477675
2,32,2_32,1046.210613
2,33,2_33,1029.925645
2,34,2_34,1239.175742
2,35,2_35,1130.301764
2,36,2_36,1184.907161
2,37,2_37,1172.572618
2,38,2_38,1288.267939
2,39,2_39,1249.859678
2,40,2_40,1325.413144
2,41,2_41,1415.859883
2,42,2_42,1305.505762
2,43,2_43,1444.900773
2,44,2_44,1461.840628
2,45,2_45,1466.281831
2,46,2_46,1498.231911
2,47,2_47,1512.059089
2,48,2_48,1600.298018
2,49,2_49,1735.600655
2,50,2_50,1687.096906
2,51,2_51,1608.954501
2,52,2_52,1545.153951
2,53,2_53,1645.421021
2,54,2_54,1710.443264
2,55,2_55,1664.359714
2,56,2_56,1682.010313
2,57,2_57,1766.863851
2,58,2_58,1701.767595
2,59,2_59,1845.526564
2,60,2_60,1823.930324
2,61,2_61,1860.503716
2,62,2_62,1861.899211
2,63,2_63,1979.986808
2,64,2_64,2023.014102
2,65,2_65,1997.363302
3,1,3_1,125.6224314
3,2,3_2,52.02696769
3,3,3_3,0
3,4,3_4,88.0628709
3,5,3_5,65.43250029
3,6,3_6,107.6275717
3,7,3_7,254.3961352
3,8,3_8,267.4645975
3,9,3_9,225.1607715
3,10,3_10,250.2220457
3,11,3_11,348.5065265
3,12,3_12,405.7195773
3,13,3_13,526.7921314
3,14,3_14,538.8737946
3,15,3_15,486.9491113
3,16,3_16,493.1418174
3,17,3_17,530.4838444
3,18,3_18,559.4924311
3,19,3_19,568.7919116
3,20,3_20,626.6579427
3,21,3_21,615.7383953
3,22,3_22,685.0153842
3,23,3_23,729.5855829
3,24,3_24,778.9473098
3,25,3_25,757.7762035
3,26,3_26,789.5425414
3,27,3_27,854.2325976
3,28,3_28,857.3201114
3,29,3_29,880.1717363
3,30,3_30,933.7365873
3,31,3_31,980.3260533
3,32,3_32,995.0589915
3,33,3_33,1044.931435
3,34,3_34,1203.270492
3,35,3_35,1079.150142
3,36,3_36,1149.001911
3,37,3_37,1136.667368
3,38,3_38,1303.27373
3,39,3_39,1198.708057
3,40,3_40,1274.261523
3,41,3_41,1430.865674
3,42,3_42,1320.511553
3,43,3_43,1393.749151
3,44,3_44,1425.935378
3,45,3_45,1430.376581
3,46,3_46,1513.237702
3,47,3_47,1476.15384
3,48,3_48,1564.392768
3,49,3_49,1699.695405
3,50,3_50,1651.191656
3,51,3_51,1623.960291
3,52,3_52,1560.159741
3,53,3_53,1609.515771
3,54,3_54,1674.538014
3,55,3_55,1628.454464
3,56,3_56,1646.105063
3,57,3_57,1730.958601
3,58,3_58,1716.773385
3,59,3_59,1809.621314
3,60,3_60,1788.025074
3,61,3_61,1824.598466
3,62,3_62,1825.993961
3,63,3_63,1994.992599
3,64,3_64,1987.108852
3,65,3_65,2012.369092
4,1,4_1,213.6853023
4,2,4_2,140.0898386
4,3,4_3,88.0628709
4,4,4_4,0
4,5,4_5,128.6999858
4,6,4_6,99.18720543
4,7,4_7,300.4662233
4,8,4_8,179.6379295
4,9,4_9,260.7846741
4,10,4_10,226.3188365
4,11,4_11,332.9657526
4,12,4_12,441.3434799
4,13,4_13,438.9654634
4,14,4_14,451.0471266
4,15,4_15,522.5730139
4,16,4_16,476.1837218
4,17,4_17,511.7734713
4,18,4_18,595.1163337
4,19,4_19,551.8568985
4,20,4_20,538.8312747
4,21,4_21,651.3622979
4,22,4_22,720.6392868
4,23,4_23,710.8752098
4,24,4_24,691.1206418
4,25,4_25,738.7906313
4,26,4_26,825.166444
4,27,4_27,889.8565002
4,28,4_28,838.6097383
4,29,4_29,915.7956389
4,30,4_30,914.9221609
4,31,4_31,1015.949956
4,32,4_32,1030.682894
4,33,4_33,957.1047672
4,34,4_34,1184.456066
4,35,4_35,1114.774045
4,36,4_36,1130.291538
4,37,4_37,1117.681796
4,38,4_38,1215.447062
4,39,4_39,1234.331959
4,40,4_40,1309.885425
4,41,4_41,1343.039006
4,42,4_42,1232.684885
4,43,4_43,1429.373054
4,44,4_44,1407.225005
4,45,4_45,1411.391009
4,46,4_46,1425.411034
4,47,4_47,1457.443466
4,48,4_48,1545.578342
4,49,4_49,1680.880979
4,50,4_50,1632.206084
4,51,4_51,1536.133623
4,52,4_52,1472.333073
4,53,4_53,1590.530199
4,54,4_54,1655.827641
4,55,4_55,1609.468891
4,56,4_56,1627.11949
4,57,4_57,1712.144174
4,58,4_58,1628.946717
4,59,4_59,1790.806887
4,60,4_60,1769.039502
4,61,4_61,1805.612893
4,62,4_62,1807.008389
4,63,4_63,1907.165931
4,64,4_64,1968.12328
4,65,4_65,1924.542424
5,1,5_1,180.7175243
5,2,5_2,117.432144
5,3,5_3,65.43250029
5,4,5_4,128.6999858
5,5,5_5,0
5,6,5_6,86.19568473
5,7,5_7,319.8286355
5,8,5_8,308.3379153
5,9,5_9,160.906163
5,10,5_10,212.9683825
5,11,5_11,319.6152986
5,12,5_12,341.4649688
5,13,5_13,567.6654492
5,14,5_14,569.3509334
5,15,5_15,422.6945028
5,16,5_16,462.8332678
5,17,5_17,498.4230173
5,18,5_18,495.2378226
5,19,5_19,538.5064445
5,20,5_20,657.1350815
5,21,5_21,551.4837868
5,22,5_22,620.7607757
5,23,5_23,697.5247558
5,24,5_24,819.8206276
5,25,5_25,725.4401773
5,26,5_26,725.2879329
5,27,5_27,789.9779891
5,28,5_28,825.2592843
5,29,5_29,815.9171278
5,30,5_30,901.5717069
5,31,5_31,916.0714448
5,32,5_32,930.804383
5,33,5_33,1085.804753
5,34,5_34,1171.105612
5,35,5_35,1014.895534
5,36,5_36,1116.941084
5,37,5_37,1104.331342
5,38,5_38,1344.147047
5,39,5_39,1134.453448
5,40,5_40,1210.006914
5,41,5_41,1471.738991
5,42,5_42,1361.38487
5,43,5_43,1329.494543
5,44,5_44,1393.874551
5,45,5_45,1398.040555
5,46,5_46,1554.111019
5,47,5_47,1444.093012
5,48,5_48,1532.227888
5,49,5_49,1667.530525
5,50,5_50,1618.85563
5,51,5_51,1664.833609
5,52,5_52,1601.033059
5,53,5_53,1577.179745
5,54,5_54,1642.477187
5,55,5_55,1596.118437
5,56,5_56,1613.769036
5,57,5_57,1698.79372
5,58,5_58,1757.646703
5,59,5_59,1777.456433
5,60,5_60,1755.689048
5,61,5_61,1792.262439
5,62,5_62,1793.657935
5,63,5_63,2035.865917
5,64,5_64,1954.772826
5,65,5_65,2053.24241
6,1,6_1,231.7069717
6,2,6_2,143.5328216
6,3,6_3,107.6275717
6,4,6_4,99.18720543
6,5,6_5,86.19568473
6,6,6_6,0
6,7,6_7,361.4841918
6,8,6_8,278.8251349
6,9,6_9,165.6189419
6,10,6_10,143.1329834
6,11,6_11,240.8789548
6,12,6_12,346.1777477
6,13,6_13,538.1526688
6,14,6_14,499.5155343
6,15,6_15,427.4072817
6,16,6_16,385.5142457
6,17,6_17,422.8562727
6,18,6_18,499.9506015
6,19,6_19,461.1643399
6,20,6_20,587.2996824
6,21,6_21,556.1965657
6,22,6_22,625.4735546
6,23,6_23,621.9580112
6,24,6_24,780.3930262
6,25,6_25,650.1486318
6,26,6_26,730.0007118
6,27,6_27,794.690768
6,28,6_28,749.6925397
6,29,6_29,820.6299067
6,30,6_30,826.1090156
6,31,6_31,920.7842237
6,32,6_32,935.5171619
6,33,6_33,1041.404317
6,34,6_34,1095.642921
6,35,6_35,1019.608313
6,36,6_36,1041.37434
6,37,6_37,1029.039797
6,38,6_38,1299.746612
6,39,6_39,1139.166227
6,40,6_40,1214.719693
6,41,6_41,1427.338556
6,42,6_42,1316.984435
6,43,6_43,1334.207322
6,44,6_44,1318.307806
6,45,6_45,1322.749009
6,46,6_46,1509.710584
6,47,6_47,1368.526268
6,48,6_48,1456.765196
6,49,6_49,1592.067834
6,50,6_50,1543.564085
6,51,6_51,1620.433173
6,52,6_52,1556.632624
6,53,6_53,1501.8882
6,54,6_54,1566.910443
6,55,6_55,1520.826892
6,56,6_56,1538.477491
6,57,6_57,1623.331029
6,58,6_58,1713.246268
6,59,6_59,1701.993742
6,60,6_60,1680.397502
6,61,6_61,1716.970894
6,62,6_62,1718.36639
6,63,6_63,1991.465481
6,64,6_64,1879.48128
6,65,6_65,2008.841974
7,1,7_1,270.9805777
7,2,7_2,217.9513702
7,3,7_3,254.3961352
7,4,7_4,300.4662233
7,5,7_5,319.8286355
7,6,7_6,361.4841918
7,7,7_7,0
7,8,7_8,120.8282938
7,9,7_9,429.6105389
7,10,7_10,504.6171752
7,11,7_11,602.3631466
7,12,7_12,610.1693447
7,13,7_13,377.4381027
7,14,7_14,392.2374909
7,15,7_15,691.3988787
7,16,7_16,569.6193956
7,17,7_17,597.0857381
7,18,7_18,763.9421985
7,19,7_19,597.211528
7,20,7_20,480.021639
7,21,7_21,820.1881627
7,22,7_22,889.4651516
7,23,7_23,783.4286109
7,24,7_24,632.3110061
7,25,7_25,755.3311545
7,26,7_26,993.9923088
7,27,7_27,996.6244579
7,28,7_28,911.1631394
7,29,7_29,1084.621504
7,30,7_30,906.8275483
7,31,7_31,1111.287599
7,32,7_32,1199.508759
7,33,7_33,898.2951315
7,34,7_34,1176.361453
7,35,7_35,1283.59991
7,36,7_36,1202.844939
7,37,7_37,1109.902896
7,38,7_38,1156.637426
7,39,7_39,1338.034753
7,40,7_40,1430.960389
7,41,7_41,1284.22937
7,42,7_42,1173.875249
7,43,7_43,1533.075847
7,44,7_44,1479.778406
7,45,7_45,1403.612108
7,46,7_46,1366.601398
7,47,7_47,1529.996868
7,48,7_48,1537.483729
7,49,7_49,1658.354235
7,50,7_50,1624.427184
7,51,7_51,1477.323988
7,52,7_52,1413.523438
7,53,7_53,1582.751299
7,54,7_54,1728.381042
7,55,7_55,1601.689991
7,56,7_56,1619.34059
7,57,7_57,1704.049562
7,58,7_58,1570.137082
7,59,7_59,1755.810914
7,60,7_60,1761.260601
7,61,7_61,1797.833993
7,62,7_62,1799.229489
7,63,7_63,1848.356295
7,64,7_64,1960.344379
7,65,7_65,1865.732788
8,1,8_1,332.583665
8,2,8_2,252.4588071
8,3,8_3,267.4645975
8,4,8_4,179.6379295
8,5,8_5,308.3379153
8,6,8_6,278.8251349
8,7,8_7,120.8282938
8,8,8_8,0
8,9,8_9,440.4226036
8,10,8_10,405.956766
8,11,8_11,512.6036821
8,12,8_12,620.9814094
8,13,8_13,259.3275339
8,14,8_14,271.4091971
8,15,8_15,702.2109434
8,16,8_16,451.5088268
8,17,8_17,478.9751693
8,18,8_18,774.7542632
8,19,8_19,479.1009592
8,20,8_20,359.1933452
8,21,8_21,719.3456821
8,22,8_22,900.2772163
8,23,8_23,665.3180421
8,24,8_24,511.4827123
8,25,8_25,637.2205857
8,26,8_26,964.9455659
8,27,8_27,878.5138891
8,28,8_28,793.0525706
8,29,8_29,1055.659235
8,30,8_30,788.7169795
8,31,8_31,993.1770304
8,32,8_32,1150.381975
8,33,8_33,777.4668377
8,34,8_34,1058.250884
8,35,8_35,1174.12127
8,36,8_36,1084.734371
8,37,8_37,991.7923269
8,38,8_38,1035.809132
8,39,8_39,1219.924184
8,40,8_40,1312.849821
8,41,8_41,1163.401076
8,42,8_42,1053.046955
8,43,8_43,1414.965279
8,44,8_44,1361.667837
8,45,8_45,1285.50154
8,46,8_46,1245.773104
8,47,8_47,1411.886299
8,48,8_48,1419.37316
8,49,8_49,1537.525941
8,50,8_50,1506.316615
8,51,8_51,1356.495694
8,52,8_52,1292.695144
8,53,8_53,1464.64073
8,54,8_54,1610.270473
8,55,8_55,1483.579422
8,56,8_56,1501.230021
8,57,8_57,1585.938993
8,58,8_58,1449.308788
8,59,8_59,1634.98262
8,60,8_60,1643.150033
8,61,8_61,1679.723424
8,62,8_62,1681.11892
8,63,8_63,1727.528001
8,64,8_64,1842.233811
8,65,8_65,1744.904495
9,1,9_1,339.2183154
9,2,9_2,276.3123927
9,3,9_3,225.1607715
9,4,9_4,260.7846741
9,5,9_5,160.906163
9,6,9_6,165.6189419
9,7,9_7,429.6105389
9,8,9_8,440.4226036
9,9,9_9,0
9,10,9_10,163.0746803
9,11,9_11,269.7215964
9,12,9_12,180.5588058
9,13,9_13,594.524884
9,14,9_14,519.4572312
9,15,9_15,261.7883398
9,16,9_16,412.9395656
9,17,9_17,448.5293151
9,18,9_18,334.3316596
9,19,9_19,488.6127423
9,20,9_20,607.2413793
9,21,9_21,390.5776238
9,22,9_22,459.8546127
9,23,9_23,612.8521525
9,24,9_24,800.3347231
9,25,9_25,675.5464751
9,26,9_26,564.3817699
9,27,9_27,629.0718261
9,28,9_28,740.586681
9,29,9_29,655.0109648
9,30,9_30,851.6780047
9,31,9_31,755.1652818
9,32,9_32,769.89822
9,33,9_33,1061.346014
9,34,9_34,1121.21191
9,35,9_35,853.9893709
9,36,9_36,985.6733367
9,37,9_37,1054.43764
9,38,9_38,1319.688309
9,39,9_39,973.5472851
9,40,9_40,1049.100751
9,41,9_41,1447.280253
9,42,9_42,1336.926132
9,43,9_43,1168.58838
9,44,9_44,1262.606803
9,45,9_45,1348.146852
9,46,9_46,1529.652281
9,47,9_47,1312.825265
9,48,9_48,1482.334185
9,49,9_49,1617.636823
9,50,9_50,1568.961928
9,51,9_51,1640.37487
9,52,9_52,1576.574321
9,53,9_53,1527.286043
9,54,9_54,1511.20944
9,55,9_55,1546.224735
9,56,9_56,1563.875334
9,57,9_57,1648.900018
9,58,9_58,1733.187965
9,59,9_59,1727.562731
9,60,9_60,1704.628347
9,61,9_61,1742.368737
9,62,9_62,1743.764233
9,63,9_63,2011.407178
9,64,9_64,1904.879123
9,65,9_65,2028.783671
10,1,10_1,374.8399551
10,2,10_2,286.665805
10,3,10_3,250.2220457
10,4,10_4,226.3188365
10,5,10_5,212.9683825
10,6,10_6,143.1329834
10,7,10_7,504.6171752
10,8,10_8,405.956766
10,9,10_9,163.0746803
10,10,10_10,0
10,11,10_11,106.6469161
10,12,10_12,343.6334861
10,13,10_13,431.4502037
10,14,10_14,356.3825509
10,15,10_15,424.8630201
10,16,10_16,249.8648853
10,17,10_17,285.4546348
10,18,10_18,497.4063399
10,19,10_19,325.538062
10,20,10_20,444.166699
10,21,10_21,517.7017406
10,22,10_22,622.929293
10,23,10_23,484.5563733
10,24,10_24,637.2600428
10,25,10_25,512.4717948
10,26,10_26,727.4564502
10,27,10_27,697.7522203
10,28,10_28,612.2909018
10,29,10_29,818.0856451
10,30,10_30,688.6033244
10,31,10_31,812.4153616
10,32,10_32,932.9729003
10,33,10_33,898.271334
10,34,10_34,958.1372293
10,35,10_35,993.3596014
10,36,10_36,903.9727018
10,37,10_37,891.3629595
10,38,10_38,1156.613628
10,39,10_39,1039.162515
10,40,10_40,1132.088152
10,41,10_41,1284.205572
10,42,10_42,1173.851451
10,43,10_43,1234.20361
10,44,10_44,1180.906169
10,45,10_45,1185.072172
10,46,10_46,1366.5776
10,47,10_47,1231.12463
10,48,10_48,1319.259505
10,49,10_49,1454.562143
10,50,10_50,1405.887248
10,51,10_51,1477.30019
10,52,10_52,1413.49964
10,53,10_53,1364.211363
10,54,10_54,1429.508805
10,55,10_55,1383.150055
10,56,10_56,1400.800654
10,57,10_57,1485.825338
10,58,10_58,1570.113284
10,59,10_59,1564.488051
10,60,10_60,1542.720665
10,61,10_61,1579.294057
10,62,10_62,1580.689553
10,63,10_63,1848.332498
10,64,10_64,1741.804443
10,65,10_65,1865.708991
11,1,11_1,472.5859265
11,2,11_2,384.4117764
11,3,11_3,348.5065265
11,4,11_4,332.9657526
11,5,11_5,319.6152986
11,6,11_6,240.8789548
11,7,11_7,602.3631466
11,8,11_8,512.6036821
11,9,11_9,269.7215964
11,10,11_10,106.6469161
11,11,11_11,0
11,12,11_12,323.0062184
11,13,11_13,336.8165838
11,14,11_14,283.3310496
11,15,11_15,404.5180439
11,16,11_16,144.6352909
11,17,11_17,181.9773179
11,18,11_18,481.6221743
11,19,11_19,220.2853851
11,20,11_20,371.1151977
11,21,11_21,412.4721462
11,22,11_22,603.5209565
11,23,11_23,381.0790564
11,24,11_24,564.2085415
11,25,11_25,409.269677
11,26,11_26,658.07203
11,27,11_27,594.2749034
11,28,11_28,508.8135849
11,29,11_29,748.785699
11,30,11_30,585.2300608
11,31,11_31,708.9380447
11,32,11_32,863.5884801
11,33,11_33,825.2198327
11,34,11_34,854.7639657
11,35,11_35,889.8822845
11,36,11_36,800.4953849
11,37,11_37,788.1608417
11,38,11_38,1083.562127
11,39,11_39,935.6851981
11,40,11_40,1028.610835
11,41,11_41,1211.154071
11,42,11_42,1100.79995
11,43,11_43,1130.726293
11,44,11_44,1077.428852
11,45,11_45,1081.870054
11,46,11_46,1293.526099
11,47,11_47,1127.647313
11,48,11_48,1215.886242
11,49,11_49,1351.188879
11,50,11_50,1302.68513
11,51,11_51,1404.248689
11,52,11_52,1340.448139
11,53,11_53,1261.009245
11,54,11_54,1326.031488
11,55,11_55,1279.947937
11,56,11_56,1297.598536
11,57,11_57,1382.452074
11,58,11_58,1497.061783
11,59,11_59,1461.114787
11,60,11_60,1439.518547
11,61,11_61,1476.091939
11,62,11_62,1477.487435
11,63,11_63,1775.280996
11,64,11_64,1638.602325
11,65,11_65,1792.65749
12,1,12_1,519.7771212
12,2,12_2,456.7473264
12,3,12_3,405.7195773
12,4,12_4,441.3434799
12,5,12_5,341.4649688
12,6,12_6,346.1777477
12,7,12_7,610.1693447
12,8,12_8,620.9814094
12,9,12_9,180.5588058
12,10,12_10,343.6334861
12,11,12_11,323.0062184
12,12,12_12,0
12,13,12_13,659.8228022
12,14,12_14,606.337268
12,15,12_15,81.51182554
12,16,12_16,467.6415093
12,17,12_17,504.9835363
12,18,12_18,158.6159559
12,19,12_19,543.2916035
12,20,12_20,694.1214161
12,21,12_21,280.6316482
12,22,12_22,291.6610287
12,23,12_23,502.9061769
12,24,12_24,887.2147599
12,25,12_25,732.2758954
12,26,12_26,399.0838905
12,27,12_27,519.1258505
12,28,12_28,630.6407054
12,29,12_29,486.1530512
12,30,12_30,778.234464
12,31,12_31,639.7009827
12,32,12_32,604.6003406
12,33,12_33,1148.226051
12,34,12_34,1047.768369
12,35,12_35,688.6914915
12,36,12_36,870.2090376
12,37,12_37,981.3098114
12,38,12_38,1294.614527
12,39,12_39,808.2494057
12,40,12_40,883.8028719
12,41,12_41,1488.72974
12,42,12_42,1423.806169
12,43,12_43,1003.2905
12,44,12_44,1138.351053
12,45,12_45,1275.019024
12,46,12_46,1588.942363
12,47,12_47,1177.228197
12,48,12_48,1408.890645
12,49,12_49,1544.193282
12,50,12_50,1495.8341
12,51,12_51,1702.887645
12,52,12_52,1663.454357
12,53,12_53,1454.158215
12,54,12_54,1380.647346
12,55,12_55,1473.096907
12,56,12_56,1490.747506
12,57,12_57,1575.456478
12,58,12_58,1820.068001
12,59,12_59,1654.11919
12,60,12_60,1575.936567
12,61,12_61,1641.346205
12,62,12_62,1670.636405
12,63,12_63,1968.964654
12,64,12_64,1774.793513
12,65,12_65,2106.040763
13,1,13_1,591.9111989
13,2,13_2,511.786341
13,3,13_3,526.7921314
13,4,13_4,438.9654634
13,5,13_5,567.6654492
13,6,13_6,538.1526688
13,7,13_7,377.4381027
13,8,13_8,259.3275339
13,9,13_9,594.524884
13,10,13_10,431.4502037
13,11,13_11,336.8165838
13,12,13_12,659.8228022
13,13,13_13,0
13,14,13_14,75.06765283
13,15,13_15,710.4164139
13,16,13_16,192.1812929
13,17,13_17,219.6476354
13,18,13_18,666.6829054
13,19,13_19,219.7734253
13,20,13_20,132.3972031
13,21,13_21,460.0181482
13,22,13_22,651.0669585
13,23,13_23,405.9905082
13,24,13_24,355.9451447
13,25,13_25,377.8930518
13,26,13_26,705.618032
13,27,13_27,619.1863552
13,28,13_28,533.7250367
13,29,13_29,796.331701
13,30,13_30,529.3894456
13,31,13_31,733.8494965
13,32,13_32,891.0544406
13,33,13_33,605.5206713
13,34,13_34,798.9233505
13,35,13_35,914.7937363
13,36,13_36,825.4068367
13,37,13_37,732.464793
13,38,13_38,863.8629657
13,39,13_39,960.5966499
13,40,13_40,1053.522287
13,41,13_41,991.4549097
13,42,13_42,881.1007887
13,43,13_43,1155.637745
13,44,13_44,1102.340303
13,45,13_45,1026.174006
13,46,13_46,1073.826938
13,47,13_47,1152.558765
13,48,13_48,1160.045626
13,49,13_49,1295.348264
13,50,13_50,1246.989081
13,51,13_51,1184.549527
13,52,13_52,1120.748978
13,53,13_53,1205.313196
13,54,13_54,1350.94294
13,55,13_55,1224.251888
13,56,13_56,1241.902488
13,57,13_57,1326.611459
13,58,13_58,1277.362622
13,59,13_59,1405.274172
13,60,13_60,1383.822499
13,61,13_61,1420.39589
13,62,13_62,1421.791386
13,63,13_63,1555.581835
13,64,13_64,1582.906277
13,65,13_65,1572.958328
14,1,14_1,603.9928621
14,2,14_2,523.8680042
14,3,14_3,538.8737946
14,4,14_4,451.0471266
14,5,14_5,569.3509334
14,6,14_6,499.5155343
14,7,14_7,392.2374909
14,8,14_8,271.4091971
14,9,14_9,519.4572312
14,10,14_10,356.3825509
14,11,14_11,283.3310496
14,12,14_12,606.337268
14,13,14_13,75.06765283
14,14,14_14,0
14,15,14_15,687.8490935
14,16,14_16,261.7383866
14,17,14_17,284.8849334
14,18,14_18,736.2399991
14,19,14_19,277.425531
14,20,14_20,87.7841481
14,21,14_21,529.5752419
14,22,14_22,720.6240522
14,23,14_23,463.6426139
14,24,14_24,280.8774919
14,25,14_25,452.9607046
14,26,14_26,775.1751257
14,27,14_27,676.8384609
14,28,14_28,591.3771424
14,29,14_29,865.8887947
14,30,14_30,604.4570984
14,31,14_31,791.5016022
14,32,14_32,948.7065463
14,33,14_33,541.8887831
14,34,14_34,873.9910033
14,35,14_35,972.445842
14,36,14_36,883.0589424
14,37,14_37,807.5324458
14,38,14_38,800.2310775
14,39,14_39,1018.248756
14,40,14_40,1111.174392
14,41,14_41,927.8230215
14,42,14_42,817.4689005
14,43,14_43,1213.28985
14,44,14_44,1159.992409
14,45,14_45,1101.241658
14,46,14_46,1010.195049
14,47,14_47,1210.210871
14,48,14_48,1235.113279
14,49,14_49,1301.947887
14,50,14_50,1322.056734
14,51,14_51,1120.917639
14,52,14_52,1057.117089
14,53,14_53,1280.380849
14,54,14_54,1408.595045
14,55,14_55,1299.319541
14,56,14_56,1316.97014
14,57,14_57,1401.679112
14,58,14_58,1213.730733
14,59,14_59,1399.404566
14,60,14_60,1458.890152
14,61,14_61,1495.463543
14,62,14_62,1496.859039
14,63,14_63,1491.949947
14,64,14_64,1657.973929
14,65,14_65,1509.32644
15,1,15_1,601.0066552
15,2,15_2,538.1007325
15,3,15_3,486.9491113
15,4,15_4,522.5730139
15,5,15_5,422.6945028
15,6,15_6,427.4072817
15,7,15_7,691.3988787
15,8,15_8,702.2109434
15,9,15_9,261.7883398
15,10,15_10,424.8630201
15,11,15_11,404.5180439
15,12,15_12,81.51182554
15,13,15_13,710.4164139
15,14,15_14,687.8490935
15,15,15_15,0
15,16,15_16,518.235121
15,17,15_17,502.9052359
15,18,15_18,81.72330061
15,19,15_19,530.2626305
15,20,15_20,775.6332416
15,21,15_21,250.3982657
15,22,15_22,217.7409579
15,23,15_23,472.6727944
15,24,15_24,968.7265854
15,25,15_25,721.1132066
15,26,15_26,325.4363401
15,27,15_27,488.892468
15,28,15_28,600.4073229
15,29,15_29,408.712906
15,30,15_30,748.0010815
15,31,15_31,558.1891572
15,32,15_32,530.9527902
15,33,15_33,1229.737877
15,34,15_34,1017.534986
15,35,15_35,615.0439411
15,36,15_36,788.6972121
15,37,15_37,951.0764289
15,38,15_38,1264.381145
15,39,15_39,734.6018553
15,40,15_40,810.1553215
15,41,15_41,1458.496357
15,42,15_42,1505.317994
15,43,15_43,929.64295
15,44,15_44,1064.703503
15,45,15_45,1197.928677
15,46,15_46,1558.70898
15,47,15_47,1103.580646
15,48,15_48,1378.657262
15,49,15_49,1513.9599
15,50,15_50,1418.743752
15,51,15_51,1672.654263
15,52,15_52,1734.641009
15,53,15_53,1377.067867
15,54,15_54,1306.999796
15,55,15_55,1396.006559
15,56,15_56,1413.657158
15,57,15_57,1545.223095
15,58,15_58,1823.252689
15,59,15_59,1623.885808
15,60,15_60,1502.289016
15,61,15_61,1567.698655
15,62,15_62,1593.546057
15,63,15_63,1938.731272
15,64,15_64,1701.145963
15,65,15_65,2075.807381
16,1,16_1,617.2212174
16,2,16_2,529.0470673
16,3,16_3,493.1418174
16,4,16_4,476.1837218
16,5,16_5,462.8332678
16,6,16_6,385.5142457
16,7,16_7,569.6193956
16,8,16_8,451.5088268
16,9,16_9,412.9395656
16,10,16_10,249.8648853
16,11,16_11,144.6352909
16,12,16_12,467.6415093
16,13,16_13,192.1812929
16,14,16_14,261.7383866
16,15,16_15,518.235121
16,16,16_16,0
16,17,16_17,40.23578695
16,18,16_18,474.5016125
16,19,16_19,75.71757678
16,20,16_20,275.7203353
16,21,16_21,267.8368553
16,22,16_22,458.8856656
16,23,16_23,238.3076547
16,24,16_24,500.4879964
16,25,16_25,265.1943319
16,26,16_26,513.4367391
16,27,16_27,451.5035017
16,28,16_28,366.0421832
16,29,16_29,604.1504081
16,30,16_30,440.6622525
16,31,16_31,566.166643
16,32,16_32,718.9531892
16,33,16_33,748.8438035
16,34,16_34,710.1961574
16,35,16_35,747.1108828
16,36,16_36,657.7239832
16,37,16_37,643.7375999
16,38,16_38,957.0423157
16,39,16_39,792.9137964
16,40,16_40,885.8394332
16,41,16_41,1134.778042
16,42,16_42,1024.423921
16,43,16_43,987.9548911
16,44,16_44,934.6574499
16,45,16_45,937.4468125
16,46,16_46,1217.15007
16,47,16_47,984.8759113
16,48,16_48,1071.318433
16,49,16_49,1206.621071
16,50,16_50,1158.261888
16,51,16_51,1327.87266
16,52,16_52,1264.07211
16,53,16_53,1116.586003
16,54,16_54,1183.260086
16,55,16_55,1135.524695
16,56,16_56,1153.175294
16,57,16_57,1237.884266
16,58,16_58,1420.685754
16,59,16_59,1316.546979
16,60,16_60,1295.095306
16,61,16_61,1331.668697
16,62,16_62,1333.064193
16,63,16_63,1631.392442
16,64,16_64,1494.179083
16,65,16_65,1716.28146
17,1,17_1,654.5632444
17,2,17_2,566.3890943
17,3,17_3,530.4838444
17,4,17_4,511.7734713
17,5,17_5,498.4230173
17,6,17_6,422.8562727
17,7,17_7,597.0857381
17,8,17_8,478.9751693
17,9,17_9,448.5293151
17,10,17_10,285.4546348
17,11,17_11,181.9773179
17,12,17_12,504.9835363
17,13,17_13,219.6476354
17,14,17_14,284.8849334
17,15,17_15,502.9052359
17,16,17_16,40.23578695
17,17,17_17,0
17,18,17_18,459.1717274
17,19,17_19,44.21079551
17,20,17_20,287.4704835
17,21,17_21,252.5069702
17,22,17_22,443.5557805
17,23,17_23,199.1017385
17,24,17_24,512.2381446
17,25,17_25,227.3685256
17,26,17_26,498.106854
17,27,17_27,412.2975855
17,28,17_28,326.836267
17,29,17_29,588.820523
17,30,17_30,403.5000552
17,31,17_31,526.9607268
17,32,17_32,684.1656709
17,33,17_33,760.5939517
17,34,17_34,673.0339601
17,35,17_35,707.9049666
17,36,17_36,618.518067
17,37,17_37,606.2596903
17,38,17_38,919.8801184
17,39,17_39,753.7078802
17,40,17_40,846.633517
17,41,17_41,1113.995331
17,42,17_42,1036.174069
17,43,17_43,948.7489749
17,44,17_44,895.4515337
17,45,17_45,899.9689029
17,46,17_46,1214.207954
17,47,17_47,945.6699951
17,48,17_48,1034.156236
17,49,17_49,1169.458873
17,50,17_50,1120.783979
17,51,17_51,1328.153237
17,52,17_52,1275.822258
17,53,17_53,1079.108093
17,54,17_54,1144.05417
17,55,17_55,1098.046786
17,56,17_56,1115.697385
17,57,17_57,1200.722069
17,58,17_58,1432.435902
17,59,17_59,1279.384782
17,60,17_60,1257.617396
17,61,17_61,1294.190788
17,62,17_62,1295.586283
17,63,17_63,1594.230245
17,64,17_64,1456.701174
17,65,17_65,1728.031609
18,1,18_1,673.549975
18,2,18_2,610.6440523
18,3,18_3,559.4924311
18,4,18_4,595.1163337
18,5,18_5,495.2378226
18,6,18_6,499.9506015
18,7,18_7,763.9421985
18,8,18_8,774.7542632
18,9,18_9,334.3316596
18,10,18_10,497.4063399
18,11,18_11,481.6221743
18,12,18_12,158.6159559
18,13,18_13,666.6829054
18,14,18_14,736.2399991
18,15,18_15,81.72330061
18,16,18_16,474.5016125
18,17,18_17,459.1717274
18,18,18_18,0
18,19,18_19,486.529122
18,20,18_20,746.6422109
18,21,18_21,206.6647572
18,22,18_22,136.0815246
18,23,18_23,428.9392859
18,24,18_24,971.409872
18,25,18_25,677.3796981
18,26,18_26,243.7285709
18,27,18_27,413.7587666
18,28,18_28,556.6738144
18,29,18_29,327.5370953
18,30,18_30,704.267573
18,31,18_31,492.1814621
18,32,18_32,449.245021
18,33,18_33,1219.765679
18,34,18_34,973.8014779
18,35,18_35,533.3361719
18,36,18_36,722.689517
18,37,18_37,907.3429204
18,38,18_38,1220.647636
18,39,18_39,652.8940861
18,40,18_40,728.4475523
18,41,18_41,1414.762849
18,42,18_42,1495.345797
18,43,18_43,847.9351808
18,44,18_44,982.9957333
18,45,18_45,1131.920981
18,46,18_46,1514.975472
18,47,18_47,1021.872877
18,48,18_48,1334.923754
18,49,18_49,1470.226391
18,50,18_50,1352.736057
18,51,18_51,1628.920754
18,52,18_52,1690.9075
18,53,18_53,1311.060172
18,54,18_54,1225.292027
18,55,18_55,1329.998864
18,56,18_56,1347.649463
18,57,18_57,1501.489586
18,58,18_58,1779.51918
18,59,18_59,1580.152299
18,60,18_60,1420.581247
18,61,18_61,1485.990886
18,62,18_62,1527.538362
18,63,18_63,1894.997763
18,64,18_64,1619.438194
18,65,18_65,2032.073872
19,1,19_1,692.8713116
19,2,19_2,604.6971615
19,3,19_3,568.7919116
19,4,19_4,551.8568985
19,5,19_5,538.5064445
19,6,19_6,461.1643399
19,7,19_7,597.211528
19,8,19_8,479.1009592
19,9,19_9,488.6127423
19,10,19_10,325.538062
19,11,19_11,220.2853851
19,12,19_12,543.2916035
19,13,19_13,219.7734253
19,14,19_14,277.425531
19,15,19_15,530.2626305
19,16,19_16,75.71757678
19,17,19_17,44.21079551
19,18,19_18,486.529122
19,19,19_19,0
19,20,19_20,266.8518761
19,21,19_21,279.8643648
19,22,19_22,470.9131751
19,23,19_23,186.2170829
19,24,19_24,491.6195372
19,25,19_25,190.8505761
19,26,19_26,525.4642486
19,27,19_27,399.4129299
19,28,19_28,313.9516114
19,29,19_29,616.1779176
19,30,19_30,364.9446757
19,31,19_31,514.0760712
19,32,19_32,671.2810153
19,33,19_33,739.9753443
19,34,19_34,634.4785806
19,35,19_35,695.020311
19,36,19_36,605.6334114
19,37,19_37,568.0200231
19,38,19_38,881.3247389
19,39,19_39,740.8232246
19,40,19_40,833.7488614
19,41,19_41,1075.439952
19,42,19_42,1015.555462
19,43,19_43,935.8643193
19,44,19_44,882.5668781
19,45,19_45,861.7292357
19,46,19_46,1175.652574
19,47,19_47,932.7853395
19,48,19_48,995.6008564
19,49,19_49,1130.903494
19,50,19_50,1082.544311
19,51,19_51,1289.597857
19,52,19_52,1255.203651
19,53,19_53,1040.868426
19,54,19_54,1131.169514
19,55,19_55,1059.807119
19,56,19_56,1077.457718
19,57,19_57,1162.166689
19,58,19_58,1411.817295
19,59,19_59,1240.829402
19,60,19_60,1219.377729
19,61,19_61,1255.951121
19,62,19_62,1257.346616
19,63,19_63,1555.674866
19,64,19_64,1418.461507
19,65,19_65,1692.750975
20,1,20_1,691.7770102
20,2,20_2,611.6521523
20,3,20_3,626.6579427
20,4,20_4,538.8312747
20,5,20_5,657.1350815
20,6,20_6,587.2996824
20,7,20_7,480.021639
20,8,20_8,359.1933452
20,9,20_9,607.2413793
20,10,20_10,444.166699
20,11,20_11,371.1151977
20,12,20_12,694.1214161
20,13,20_13,132.3972031
20,14,20_14,87.7841481
20,15,20_15,775.6332416
20,16,20_16,275.7203353
20,17,20_17,287.4704835
20,18,20_18,746.6422109
20,19,20_19,266.8518761
20,20,20_20,0
20,21,20_21,539.9774537
20,22,20_22,731.026264
20,23,20_23,453.068959
20,24,20_24,224.7676611
20,25,20_25,457.7024522
20,26,20_26,785.5773375
20,27,20_27,666.264806
20,28,20_28,580.8034875
20,29,20_29,876.2910065
20,30,20_30,631.7965518
20,31,20_31,780.9279473
20,32,20_32,938.1328914
20,33,20_33,473.1234682
20,34,20_34,901.3304567
20,35,20_35,961.8721871
20,36,20_36,872.4852875
20,37,20_37,834.8718992
20,38,20_38,731.4657626
20,39,20_39,1007.675101
20,40,20_40,1100.600737
20,41,20_41,859.0577066
20,42,20_42,748.7035856
20,43,20_43,1202.716195
20,44,20_44,1149.418754
20,45,20_45,1128.581112
20,46,20_46,941.4297345
20,47,20_47,1199.637216
20,48,20_48,1262.452733
20,49,20_49,1233.182572
20,50,20_50,1349.396187
20,51,20_51,1052.152324
20,52,20_52,988.3517744
20,53,20_53,1307.720302
20,54,20_54,1398.02139
20,55,20_55,1326.658995
20,56,20_56,1344.309594
20,57,20_57,1429.018565
20,58,20_58,1144.965418
20,59,20_59,1330.639251
20,60,20_60,1486.229605
20,61,20_61,1522.802997
20,62,20_62,1524.198492
20,63,20_63,1423.184632
20,64,20_64,1685.313383
20,65,20_65,1440.561125
21,1,21_1,729.7959392
21,2,21_2,666.8900165
21,3,21_3,615.7383953
21,4,21_4,651.3622979
21,5,21_5,551.4837868
21,6,21_6,556.1965657
21,7,21_7,820.1881627
21,8,21_8,719.3456821
21,9,21_9,390.5776238
21,10,21_10,517.7017406
21,11,21_11,412.4721462
21,12,21_12,280.6316482
21,13,21_13,460.0181482
21,14,21_14,529.5752419
21,15,21_15,250.3982657
21,16,21_16,267.8368553
21,17,21_17,252.5069702
21,18,21_18,206.6647572
21,19,21_19,279.8643648
21,20,21_20,539.9774537
21,21,21_21,0
21,22,21_22,191.0488103
21,23,21_23,222.2745287
21,24,21_24,764.7451148
21,25,21_25,470.7149409
21,26,21_26,245.5998838
21,27,21_27,238.4942023
21,28,21_28,350.0090572
21,29,21_29,336.3135528
21,30,21_30,497.6028158
21,31,21_31,364.587658
21,32,21_32,451.1163339
21,33,21_33,1013.100922
21,34,21_34,767.1367207
21,35,21_35,534.1015834
21,36,21_36,595.0957129
21,37,21_37,700.6781632
21,38,21_38,1013.982879
21,39,21_39,591.3348114
21,40,21_40,684.2604482
21,41,21_41,1208.098092
21,42,21_42,1288.681039
21,43,21_43,786.3759061
21,44,21_44,872.0291796
21,45,21_45,994.3873758
21,46,21_46,1308.310715
21,47,21_47,922.247641
21,48,21_48,1128.258997
21,49,21_49,1263.561634
21,50,21_50,1215.202451
21,51,21_51,1422.255997
21,52,21_52,1484.242743
21,53,21_53,1173.526566
21,54,21_54,1120.631816
21,55,21_55,1192.465259
21,56,21_56,1210.115858
21,57,21_57,1294.824829
21,58,21_58,1572.854423
21,59,21_59,1373.487542
21,60,21_60,1314.050723
21,61,21_61,1380.015622
21,62,21_62,1390.004756
21,63,21_63,1688.333006
21,64,21_64,1514.777983
21,65,21_65,1825.409115
22,1,22_1,799.0729281
22,2,22_2,736.1670054
22,3,22_3,685.0153842
22,4,22_4,720.6392868
22,5,22_5,620.7607757
22,6,22_6,625.4735546
22,7,22_7,889.4651516
22,8,22_8,900.2772163
22,9,22_9,459.8546127
22,10,22_10,622.929293
22,11,22_11,603.5209565
22,12,22_12,291.6610287
22,13,22_13,651.0669585
22,14,22_14,720.6240522
22,15,22_15,217.7409579
22,16,22_16,458.8856656
22,17,22_17,443.5557805
22,18,22_18,136.0815246
22,19,22_19,470.9131751
22,20,22_20,731.026264
22,21,22_21,191.0488103
22,22,22_22,0
22,23,22_23,413.323339
22,24,22_24,955.7939251
22,25,22_25,661.7637512
22,26,22_26,107.7633541
22,27,22_27,277.677242
22,28,22_28,444.4527212
22,29,22_29,195.1563521
22,30,22_30,666.5219987
22,31,22_31,356.0999375
22,32,22_32,313.2798042
22,33,22_33,1204.149732
22,34,22_34,936.0559036
22,35,22_35,397.3191564
22,36,22_36,586.6079924
22,37,22_37,869.5973461
22,38,22_38,1182.902062
22,39,22_39,516.9288693
22,40,22_40,592.4305368
22,41,22_41,1377.017275
22,42,22_42,1463.093515
22,43,22_43,711.969964
22,44,22_44,847.0305165
22,45,22_45,995.8394568
22,46,22_46,1477.229897
22,47,22_47,885.9076601
22,48,22_48,1297.178179
22,49,22_49,1432.480817
22,50,22_50,1216.654532
22,51,22_51,1591.17518
22,52,22_52,1653.161926
22,53,22_53,1174.978647
22,54,22_54,1089.32681
22,55,22_55,1193.91734
22,56,22_56,1211.567939
22,57,22_57,1463.744012
22,58,22_58,1741.773606
22,59,22_59,1542.406725
22,60,22_60,1284.61603
22,61,22_61,1350.025669
22,62,22_62,1391.456837
22,63,22_63,1857.252189
22,64,22_64,1483.472977
22,65,22_65,1994.328298
23,1,23_1,853.6649829
23,2,23_2,765.4908328
23,3,23_3,729.5855829
23,4,23_4,710.8752098
23,5,23_5,697.5247558
23,6,23_6,621.9580112
23,7,23_7,783.4286109
23,8,23_8,665.3180421
23,9,23_9,612.8521525
23,10,23_10,484.5563733
23,11,23_11,381.0790564
23,12,23_12,502.9061769
23,13,23_13,405.9905082
23,14,23_14,463.6426139
23,15,23_15,472.6727944
23,16,23_16,238.3076547
23,17,23_17,199.1017385
23,18,23_18,428.9392859
23,19,23_19,186.2170829
23,20,23_20,453.068959
23,21,23_21,222.2745287
23,22,23_22,413.323339
23,23,23_23,0
23,24,23_24,677.8366201
23,25,23_25,377.067659
23,26,23_26,436.5608898
23,27,23_27,213.195847
23,28,23_28,127.7345285
23,29,23_29,471.4132055
23,30,23_30,275.3282871
23,31,23_31,327.8589883
23,32,23_32,485.0639324
23,33,23_33,926.1924272
23,34,23_34,544.862192
23,35,23_35,508.8032281
23,36,23_36,419.4163285
23,37,23_37,478.4036345
23,38,23_38,791.7083503
23,39,23_39,554.6061417
23,40,23_40,647.5317785
23,41,23_41,985.8235629
23,42,23_42,1071.899803
23,43,23_43,749.6472364
23,44,23_44,696.3497952
23,45,23_45,772.1128471
23,46,23_46,1086.036186
23,47,23_47,746.5682566
23,48,23_48,905.9844678
23,49,23_49,1041.287105
23,50,23_50,992.9279227
23,51,23_51,1199.981469
23,52,23_52,1261.968214
23,53,23_53,951.2520376
23,54,23_54,944.9524313
23,55,23_55,970.1907299
23,56,23_56,987.841329
23,57,23_57,1072.550301
23,58,23_58,1350.579894
23,59,23_59,1151.213014
23,60,23_60,1129.76134
23,61,23_61,1166.334732
23,62,23_62,1167.730228
23,63,23_63,1466.058477
23,64,23_64,1328.845118
23,65,23_65,1603.134586
24,1,24_1,844.0663773
24,2,24_2,763.9415194
24,3,24_3,778.9473098
24,4,24_4,691.1206418
24,5,24_5,819.8206276
24,6,24_6,780.3930262
24,7,24_7,632.3110061
24,8,24_8,511.4827123
24,9,24_9,800.3347231
24,10,24_10,637.2600428
24,11,24_11,564.2085415
24,12,24_12,887.2147599
24,13,24_13,355.9451447
24,14,24_14,280.8774919
24,15,24_15,968.7265854
24,16,24_16,500.4879964
24,17,24_17,512.2381446
24,18,24_18,971.409872
24,19,24_19,491.6195372
24,20,24_20,224.7676611
24,21,24_21,764.7451148
24,22,24_22,955.7939251
24,23,24_23,677.8366201
24,24,24_24,0
24,25,24_25,682.4701133
24,26,24_26,1010.344999
24,27,24_27,891.0324671
24,28,24_28,805.5711486
24,29,24_29,1101.058668
24,30,24_30,856.5642129
24,31,24_31,1005.695608
24,32,24_32,1162.900553
24,33,24_33,265.9841254
24,34,24_34,771.1725781
24,35,24_35,1186.639848
24,36,24_36,1097.252949
24,37,24_37,1059.63956
24,38,24_38,524.3264198
24,39,24_39,1232.442762
24,40,24_40,1325.368399
24,41,24_41,651.9183638
24,42,24_42,541.5642428
24,43,24_43,1427.483857
24,44,24_44,1374.186415
24,45,24_45,1353.348773
24,46,24_46,734.2903917
24,47,24_47,1424.404877
24,48,24_48,1161.345866
24,49,24_49,1026.043229
24,50,24_50,1448.659385
24,51,24_51,845.0129815
24,52,24_52,781.2124316
24,53,24_53,1532.487963
24,54,24_54,1622.789051
24,55,24_55,1551.426656
24,56,24_56,1569.077255
24,57,24_57,1327.911699
24,58,24_58,937.8260756
24,59,24_59,1123.499908
24,60,24_60,1710.997266
24,61,24_61,1747.570658
24,62,24_62,1748.966153
24,63,24_63,1216.045289
24,64,24_64,1910.081044
24,65,24_65,1233.421782
25,1,25_1,881.8556035
25,2,25_2,793.6814534
25,3,25_3,757.7762035
25,4,25_4,738.7906313
25,5,25_5,725.4401773
25,6,25_6,650.1486318
25,7,25_7,755.3311545
25,8,25_8,637.2205857
25,9,25_9,675.5464751
25,10,25_10,512.4717948
25,11,25_11,409.269677
25,12,25_12,732.2758954
25,13,25_13,377.8930518
25,14,25_14,452.9607046
25,15,25_15,721.1132066
25,16,25_16,265.1943319
25,17,25_17,227.3685256
25,18,25_18,677.3796981
25,19,25_19,190.8505761
25,20,25_20,457.7024522
25,21,25_21,470.7149409
25,22,25_22,661.7637512
25,23,25_23,377.067659
25,24,25_24,682.4701133
25,25,25_25,0
25,26,25_26,716.3148247
25,27,25_27,564.9762863
25,28,25_28,400.0285445
25,29,25_29,807.0284937
25,30,25_30,176.1315296
25,31,25_31,639.0972023
25,32,25_32,836.8443717
25,33,25_33,930.8259204
25,34,25_34,445.6654345
25,35,25_35,829.4505777
25,36,25_36,533.0927318
25,37,25_37,378.8911647
25,38,25_38,692.5115928
25,39,25_39,807.1269389
25,40,25_40,872.3014271
25,41,25_41,886.6268054
25,42,25_42,972.7030458
25,43,25_43,945.086751
25,44,25_44,810.0261985
25,45,25_45,672.6003773
25,46,25_46,986.8394283
25,47,25_47,860.2446599
25,48,25_48,806.7877103
25,49,25_49,942.0903477
25,50,25_50,893.4154529
25,51,25_51,1100.784711
25,52,25_52,1162.771457
25,53,25_53,851.7395678
25,54,25_54,1058.628835
25,55,25_55,870.6782601
25,56,25_56,888.3288592
25,57,25_57,973.3535431
25,58,25_58,1251.383137
25,59,25_59,1052.016256
25,60,25_60,1030.24887
25,61,25_61,1066.822262
25,62,25_62,1068.217758
25,63,25_63,1366.86172
25,64,25_64,1229.332648
25,65,25_65,1503.937829
26,1,26_1,903.6000853
26,2,26_2,840.6941626
26,3,26_3,789.5425414
26,4,26_4,825.166444
26,5,26_5,725.2879329
26,6,26_6,730.0007118
26,7,26_7,993.9923088
26,8,26_8,964.9455659
26,9,26_9,564.3817699
26,10,26_10,727.4564502
26,11,26_11,658.07203
26,12,26_12,399.0838905
26,13,26_13,705.618032
26,14,26_14,775.1751257
26,15,26_15,325.4363401
26,16,26_16,513.4367391
26,17,26_17,498.106854
26,18,26_18,243.7285709
26,19,26_19,525.4642486
26,20,26_20,785.5773375
26,21,26_21,245.5998838
26,22,26_22,107.7633541
26,23,26_23,436.5608898
26,24,26_24,1010.344999
26,25,26_25,716.3148247
26,26,26_26,0
26,27,26_27,223.3650428
26,28,26_28,384.1052127
26,29,26_29,94.13981621
26,30,26_30,608.0022276
26,31,26_31,268.4062307
26,32,26_32,205.5164501
26,33,26_33,1258.700806
26,34,26_34,877.5361325
26,35,26_35,289.607601
26,36,26_36,498.4733019
26,37,26_37,811.077575
26,38,26_38,1124.382291
26,39,26_39,409.1655152
26,40,26_40,484.7189814
26,41,26_41,1318.497503
26,42,26_42,1404.573744
26,43,26_43,604.2066099
26,44,26_44,739.2671624
26,45,26_45,907.7047663
26,46,26_46,1418.710126
26,47,26_47,778.144306
26,48,26_48,1238.658408
26,49,26_49,1373.961046
26,50,26_50,1128.519842
26,51,26_51,1532.655409
26,52,26_52,1594.642155
26,53,26_53,1086.843957
26,54,26_54,981.5634556
26,55,26_55,1105.782649
26,56,26_56,1123.433248
26,57,26_57,1405.224241
26,58,26_58,1683.253835
26,59,26_59,1483.886954
26,60,26_60,1176.852676
26,61,26_61,1242.262315
26,62,26_62,1303.322147
26,63,26_63,1798.732418
26,64,26_64,1375.709623
26,65,26_65,1935.808527
27,1,27_1,968.2901415
27,2,27_2,905.3842188
27,3,27_3,854.2325976
27,4,27_4,889.8565002
27,5,27_5,789.9779891
27,6,27_6,794.690768
27,7,27_7,996.6244579
27,8,27_8,878.5138891
27,9,27_9,629.0718261
27,10,27_10,697.7522203
27,11,27_11,594.2749034
27,12,27_12,519.1258505
27,13,27_13,619.1863552
27,14,27_14,676.8384609
27,15,27_15,488.892468
27,16,27_16,451.5035017
27,17,27_17,412.2975855
27,18,27_18,413.7587666
27,19,27_19,399.4129299
27,20,27_20,666.264806
27,21,27_21,238.4942023
27,22,27_22,277.677242
27,23,27_23,213.195847
27,24,27_24,891.0324671
27,25,27_25,564.9762863
27,26,27_26,223.3650428
27,27,27_27,0
27,28,27_28,166.7754792
27,29,27_29,258.2173585
27,30,27_30,388.8447567
27,31,27_31,131.8881152
27,32,27_32,271.8680854
27,33,27_33,1139.388274
27,34,27_34,658.3786616
27,35,27_35,295.6073811
27,36,27_36,362.3961701
27,37,27_37,591.9201041
27,38,27_38,905.2248199
27,39,27_39,358.6352686
27,40,27_40,451.5609054
27,41,27_41,1099.340033
27,42,27_42,1185.416273
27,43,27_43,553.6763633
27,44,27_44,639.3296368
27,45,27_45,771.6276345
27,46,27_46,1199.552655
27,47,27_47,689.5480982
27,48,27_48,1019.500937
27,49,27_49,1154.803575
27,50,27_50,992.4427101
27,51,27_51,1313.497938
27,52,27_52,1375.484684
27,53,27_53,950.766825
27,54,27_54,887.9322729
27,55,27_55,969.7055173
27,56,27_56,987.3561164
27,57,27_57,1186.06677
27,58,27_58,1464.096364
27,59,27_59,1264.729483
27,60,27_60,1081.35118
27,61,27_61,1147.316079
27,62,27_62,1167.245015
27,63,27_63,1579.574947
27,64,27_64,1282.07844
27,65,27_65,1716.651056
28,1,28_1,981.3995114
28,2,28_2,893.2253613
28,3,28_3,857.3201114
28,4,28_4,838.6097383
28,5,28_5,825.2592843
28,6,28_6,749.6925397
28,7,28_7,911.1631394
28,8,28_8,793.0525706
28,9,28_9,740.586681
28,10,28_10,612.2909018
28,11,28_11,508.8135849
28,12,28_12,630.6407054
28,13,28_13,533.7250367
28,14,28_14,591.3771424
28,15,28_15,600.4073229
28,16,28_16,366.0421832
28,17,28_17,326.836267
28,18,28_18,556.6738144
28,19,28_19,313.9516114
28,20,28_20,580.8034875
28,21,28_21,350.0090572
28,22,28_22,444.4527212
28,23,28_23,127.7345285
28,24,28_24,805.5711486
28,25,28_25,400.0285445
28,26,28_26,384.1052127
28,27,28_27,166.7754792
28,28,28_28,0
28,29,28_29,424.9874975
28,30,28_30,223.8970149
28,31,28_31,239.0686578
28,32,28_32,438.6435646
28,33,28_33,998.6193725
28,34,28_34,493.4309198
28,35,28_35,429.4220332
28,36,28_36,292.1540502
28,37,28_37,426.9723623
28,38,28_38,740.2770781
28,39,28_39,465.8158112
28,40,28_40,558.741448
28,41,28_41,934.3922907
28,42,28_42,1020.468531
28,43,28_43,660.8569059
28,44,28_44,569.0875169
28,45,28_45,701.3855146
28,46,28_46,1034.604914
28,47,28_47,619.3059783
28,48,28_48,854.5531956
28,49,28_49,989.855833
28,50,28_50,922.2005902
28,51,28_51,1148.550196
28,52,28_52,1210.536942
28,53,28_53,880.5247051
28,54,28_54,817.690153
28,55,28_55,899.4633974
28,56,28_56,917.1139965
28,57,28_57,1021.119028
28,58,28_58,1299.148622
28,59,28_59,1099.781741
28,60,28_60,1011.10906
28,61,28_61,1077.073959
28,62,28_62,1097.002895
28,63,28_63,1414.627205
28,64,28_64,1211.83632
28,65,28_65,1551.703314
29,1,29_1,994.2292802
29,2,29_2,931.3233575
29,3,29_3,880.1717363
29,4,29_4,915.7956389
29,5,29_5,815.9171278
29,6,29_6,820.6299067
29,7,29_7,1084.621504
29,8,29_8,1055.659235
29,9,29_9,655.0109648
29,10,29_10,818.0856451
29,11,29_11,748.785699
29,12,29_12,486.1530512
29,13,29_13,796.331701
29,14,29_14,865.8887947
29,15,29_15,408.712906
29,16,29_16,604.1504081
29,17,29_17,588.820523
29,18,29_18,327.5370953
29,19,29_19,616.1779176
29,20,29_20,876.2910065
29,21,29_21,336.3135528
29,22,29_22,195.1563521
29,23,29_23,471.4132055
29,24,29_24,1101.058668
29,25,29_25,807.0284937
29,26,29_26,94.13981621
29,27,29_27,258.2173585
29,28,29_28,424.9874975
29,29,29_29,0
29,30,29_30,647.0621152
29,31,29_31,254.7342814
29,32,29_32,123.6825211
29,33,29_33,1349.414475
29,34,29_34,916.5960201
29,35,29_35,215.4509026
29,36,29_36,485.2423363
29,37,29_37,850.1374626
29,38,29_38,1163.442178
29,39,29_39,345.5367495
29,40,29_40,409.2084097
29,41,29_41,1357.557391
29,42,29_42,1443.633631
29,43,29_43,540.5778442
29,44,29_44,675.6383967
29,45,29_45,894.4738007
29,46,29_46,1457.770014
29,47,29_47,714.5155403
29,48,29_48,1277.718296
29,49,29_49,1413.020933
29,50,29_50,1115.288876
29,51,29_51,1571.715297
29,52,29_52,1633.702043
29,53,29_53,1073.612991
29,54,29_54,917.9346899
29,55,29_55,1092.551683
29,56,29_56,1110.202283
29,57,29_57,1392.013787
29,58,29_58,1722.313723
29,59,29_59,1522.946842
29,60,29_60,1113.223911
29,61,29_61,1178.633549
29,62,29_62,1290.091181
29,63,29_63,1837.792305
29,64,29_64,1312.080857
29,65,29_65,1974.868415
30,1,30_1,1057.815987
30,2,30_2,969.6418372
30,3,30_3,933.7365873
30,4,30_4,914.9221609
30,5,30_5,901.5717069
30,6,30_6,826.1090156
30,7,30_7,906.8275483
30,8,30_8,788.7169795
30,9,30_9,851.6780047
30,10,30_10,688.6033244
30,11,30_11,585.2300608
30,12,30_12,778.234464
30,13,30_13,529.3894456
30,14,30_14,604.4570984
30,15,30_15,748.0010815
30,16,30_16,440.6622525
30,17,30_17,403.5000552
30,18,30_18,704.267573
30,19,30_19,364.9446757
30,20,30_20,631.7965518
30,21,30_21,497.6028158
30,22,30_22,666.5219987
30,23,30_23,275.3282871
30,24,30_24,856.5642129
30,25,30_25,176.1315296
30,26,30_26,608.0022276
30,27,30_27,388.8447567
30,28,30_28,223.8970149
30,29,30_29,647.0621152
30,30,30_30,0
30,31,30_31,462.9656727
30,32,30_32,660.7128421
30,33,30_33,774.7223576
30,34,30_34,269.5339049
30,35,30_35,653.3190481
30,36,30_36,356.9612022
30,37,30_37,203.0753474
30,38,30_38,516.3800632
30,39,30_39,630.9954093
30,40,30_40,696.1698975
30,41,30_41,710.4952758
30,42,30_42,796.5715162
30,43,30_43,768.9552214
30,44,30_44,633.8946689
30,45,30_45,496.78456
30,46,30_46,810.7078987
30,47,30_47,684.1131303
30,48,30_48,630.6561807
30,49,30_49,765.9588181
30,50,30_50,717.5996356
30,51,30_51,924.6531814
30,52,30_52,986.6399273
30,53,30_53,675.9237505
30,54,30_54,882.497305
30,55,30_55,694.8624428
30,56,30_56,712.5130419
30,57,30_57,797.2220135
30,58,30_58,1075.251607
30,59,30_59,875.8847264
30,60,30_60,854.4330531
30,61,30_61,891.0064448
30,62,30_62,892.4019405
30,63,30_63,1190.73019
30,64,30_64,1053.516831
30,65,30_65,1327.806299
31,1,31_1,1094.383597
31,2,31_2,1031.477675
31,3,31_3,980.3260533
31,4,31_4,1015.949956
31,5,31_5,916.0714448
31,6,31_6,920.7842237
31,7,31_7,1111.287599
31,8,31_8,993.1770304
31,9,31_9,755.1652818
31,10,31_10,812.4153616
31,11,31_11,708.9380447
31,12,31_12,639.7009827
31,13,31_13,733.8494965
31,14,31_14,791.5016022
31,15,31_15,558.1891572
31,16,31_16,566.166643
31,17,31_17,526.9607268
31,18,31_18,492.1814621
31,19,31_19,514.0760712
31,20,31_20,780.9279473
31,21,31_21,364.587658
31,22,31_22,356.0999375
31,23,31_23,327.8589883
31,24,31_24,1005.695608
31,25,31_25,639.0972023
31,26,31_26,268.4062307
31,27,31_27,131.8881152
31,28,31_28,239.0686578
31,29,31_29,254.7342814
31,30,31_30,462.9656727
31,31,31_31,0
31,32,31_32,205.4894601
31,33,31_33,1237.68803
31,34,31_34,732.4995776
31,35,31_35,190.3533754
31,36,31_36,230.5080549
31,37,31_37,666.0410201
31,38,31_38,979.3457359
31,39,31_39,226.7471534
31,40,31_40,319.6727902
31,41,31_41,1173.460949
31,42,31_42,1259.537189
31,43,31_43,421.7882481
31,44,31_44,507.4415216
31,45,31_45,639.7395193
31,46,31_46,1273.673571
31,47,31_47,557.659983
31,48,31_48,1093.621853
31,49,31_49,1228.924491
31,50,31_50,860.5545949
31,51,31_51,1387.618854
31,52,31_52,1449.6056
31,53,31_53,818.8787098
31,54,31_54,756.0441577
31,55,31_55,837.8174021
31,56,31_56,855.4680012
31,57,31_57,1137.279505
31,58,31_58,1538.21728
31,59,31_59,1338.850399
31,60,31_60,949.4630648
31,61,31_61,1015.427964
31,62,31_62,1035.3569
31,63,31_63,1653.695863
31,64,31_64,1150.190325
31,65,31_65,1790.771972
32,1,32_1,1109.116535
32,2,32_2,1046.210613
32,3,32_3,995.0589915
32,4,32_4,1030.682894
32,5,32_5,930.804383
32,6,32_6,935.5171619
32,7,32_7,1199.508759
32,8,32_8,1150.381975
32,9,32_9,769.89822
32,10,32_10,932.9729003
32,11,32_11,863.5884801
32,12,32_12,604.6003406
32,13,32_13,891.0544406
32,14,32_14,948.7065463
32,15,32_15,530.9527902
32,16,32_16,718.9531892
32,17,32_17,684.1656709
32,18,32_18,449.245021
32,19,32_19,671.2810153
32,20,32_20,938.1328914
32,21,32_21,451.1163339
32,22,32_22,313.2798042
32,23,32_23,485.0639324
32,24,32_24,1162.900553
32,25,32_25,836.8443717
32,26,32_26,205.5164501
32,27,32_27,271.8680854
32,28,32_28,438.6435646
32,29,32_29,123.6825211
32,30,32_30,660.7128421
32,31,32_31,205.4894601
32,32,32_32,0
32,33,32_33,1411.25636
32,34,32_34,930.246747
32,35,32_35,93.40035885
32,36,32_36,435.997515
32,37,32_37,863.7881895
32,38,32_38,1177.092905
32,39,32_39,223.1457221
32,40,32_40,285.5258886
32,41,32_41,1371.208118
32,42,32_42,1457.284358
32,43,32_43,418.0929253
32,44,32_44,553.1534778
32,45,32_45,845.2289794
32,46,32_46,1471.420741
32,47,32_47,592.0306214
32,48,32_48,1291.369023
32,49,32_49,1426.67166
32,50,32_50,1066.044055
32,51,32_51,1585.366024
32,52,32_52,1647.352769
32,53,32_53,1024.36817
32,54,32_54,795.449771
32,55,32_55,1043.306862
32,56,32_56,1060.957461
32,57,32_57,1342.768966
32,58,32_58,1735.964449
32,59,32_59,1536.597569
32,60,32_60,990.7389916
32,61,32_61,1056.14863
32,62,32_62,1240.84636
32,63,32_63,1851.443032
32,64,32_64,1189.595938
32,65,32_65,1988.519141
33,1,33_1,1110.050503
33,2,33_2,1029.925645
33,3,33_3,1044.931435
33,4,33_4,957.1047672
33,5,33_5,1085.804753
33,6,33_6,1041.404317
33,7,33_7,898.2951315
33,8,33_8,777.4668377
33,9,33_9,1061.346014
33,10,33_10,898.271334
33,11,33_11,825.2198327
33,12,33_12,1148.226051
33,13,33_13,605.5206713
33,14,33_14,541.8887831
33,15,33_15,1229.737877
33,16,33_16,748.8438035
33,17,33_17,760.5939517
33,18,33_18,1219.765679
33,19,33_19,739.9753443
33,20,33_20,473.1234682
33,21,33_21,1013.100922
33,22,33_22,1204.149732
33,23,33_23,926.1924272
33,24,33_24,265.9841254
33,25,33_25,930.8259204
33,26,33_26,1258.700806
33,27,33_27,1139.388274
33,28,33_28,998.6193725
33,29,33_29,1349.414475
33,30,33_30,774.7223576
33,31,33_31,1237.68803
33,32,33_32,1411.25636
33,33,33_33,0
33,34,33_34,505.1884527
33,35,33_35,1428.041406
33,36,33_36,1131.68356
33,37,33_37,805.3914433
33,38,33_38,258.3422944
33,39,33_39,1405.717767
33,40,33_40,1470.892255
33,41,33_41,385.9342384
33,42,33_42,275.5801174
33,43,33_43,1543.677579
33,44,33_44,1408.617027
33,45,33_45,1099.100656
33,46,33_46,468.3062663
33,47,33_47,1458.835488
33,48,33_48,895.3617408
33,49,33_49,760.0591034
33,50,33_50,1182.67526
33,51,33_51,579.0288561
33,52,33_52,515.2283062
33,53,33_53,1278.239846
33,54,33_54,1548.591841
33,55,33_55,1297.178539
33,56,33_56,1314.829138
33,57,33_57,1061.927574
33,58,33_58,671.8419502
33,59,33_59,857.5157826
33,60,33_60,1456.749149
33,61,33_61,1493.322541
33,62,33_62,1491.314384
33,63,33_63,950.0611636
33,64,33_64,1655.832927
33,65,33_65,967.4376569
34,1,34_1,1327.349892
34,2,34_2,1239.175742
34,3,34_3,1203.270492
34,4,34_4,1184.456066
34,5,34_5,1171.105612
34,6,34_6,1095.642921
34,7,34_7,1176.361453
34,8,34_8,1058.250884
34,9,34_9,1121.21191
34,10,34_10,958.1372293
34,11,34_11,854.7639657
34,12,34_12,1047.768369
34,13,34_13,798.9233505
34,14,34_14,873.9910033
34,15,34_15,1017.534986
34,16,34_16,710.1961574
34,17,34_17,673.0339601
34,18,34_18,973.8014779
34,19,34_19,634.4785806
34,20,34_20,901.3304567
34,21,34_21,767.1367207
34,22,34_22,936.0559036
34,23,34_23,544.862192
34,24,34_24,771.1725781
34,25,34_25,445.6654345
34,26,34_26,877.5361325
34,27,34_27,658.3786616
34,28,34_28,493.4309198
34,29,34_29,916.5960201
34,30,34_30,269.5339049
34,31,34_31,732.4995776
34,32,34_32,930.246747
34,33,34_33,505.1884527
34,34,34_34,0
34,35,34_35,922.852953
34,36,34_36,626.4951071
34,37,34_37,300.2029906
34,38,34_38,246.8461583
34,39,34_39,900.5293142
34,40,34_40,965.7038024
34,41,34_41,440.9613709
34,42,34_42,527.0376113
34,43,34_43,1038.489126
34,44,34_44,903.4285738
34,45,34_45,593.9122032
34,46,34_46,541.1739938
34,47,34_47,953.6470352
34,48,34_48,900.1900856
34,49,34_49,832.9268309
34,50,34_50,814.7272788
34,51,34_51,655.1192765
34,52,34_52,717.1060224
34,53,34_53,773.0513937
34,54,34_54,1043.403389
34,55,34_55,791.990086
34,56,34_56,809.6406851
34,57,34_57,1066.755918
34,58,34_58,805.7177024
34,59,34_59,930.3835101
34,60,34_60,951.5606963
34,61,34_61,988.134088
34,62,34_62,989.5295837
34,63,34_63,1026.151584
34,64,34_64,1150.644474
34,65,34_65,1101.313409
35,1,35_1,1193.207686
35,2,35_2,1130.301764
35,3,35_3,1079.150142
35,4,35_4,1114.774045
35,5,35_5,1014.895534
35,6,35_6,1019.608313
35,7,35_7,1283.59991
35,8,35_8,1174.12127
35,9,35_9,853.9893709
35,10,35_10,993.3596014
35,11,35_11,889.8822845
35,12,35_12,688.6914915
35,13,35_13,914.7937363
35,14,35_14,972.445842
35,15,35_15,615.0439411
35,16,35_16,747.1108828
35,17,35_17,707.9049666
35,18,35_18,533.3361719
35,19,35_19,695.020311
35,20,35_20,961.8721871
35,21,35_21,534.1015834
35,22,35_22,397.3191564
35,23,35_23,508.8032281
35,24,35_24,1186.639848
35,25,35_25,829.4505777
35,26,35_26,289.607601
35,27,35_27,295.6073811
35,28,35_28,429.4220332
35,29,35_29,215.4509026
35,30,35_30,653.3190481
35,31,35_31,190.3533754
35,32,35_32,93.40035885
35,33,35_33,1428.041406
35,34,35_34,922.852953
35,35,35_35,0
35,36,35_36,404.120054
35,37,35_37,856.3943955
35,38,35_38,1169.699111
35,39,35_39,130.0858469
35,40,35_40,195.1113804
35,41,35_41,1363.814324
35,42,35_42,1449.890564
35,43,35_43,325.1269416
35,44,35_44,460.1874941
35,45,35_45,813.3515184
35,46,35_46,1464.026947
35,47,35_47,499.0646377
35,48,35_48,1283.975229
35,49,35_49,1419.277866
35,50,35_50,1034.166594
35,51,35_51,1577.97223
35,52,35_52,1639.958975
35,53,35_53,986.6442154
35,54,35_54,702.4837873
35,55,35_55,953.8970898
35,56,35_56,990.0349108
35,57,35_57,1310.891505
35,58,35_58,1728.570655
35,59,35_59,1529.126009
35,60,35_60,897.7730079
35,61,35_61,963.1826465
35,62,35_62,1182.956058
35,63,35_63,1843.971472
35,64,35_64,1096.629955
35,65,35_65,1981.047582
36,1,36_1,1273.081311
36,2,36_2,1184.907161
36,3,36_3,1149.001911
36,4,36_4,1130.291538
36,5,36_5,1116.941084
36,6,36_6,1041.37434
36,7,36_7,1202.844939
36,8,36_8,1084.734371
36,9,36_9,985.6733367
36,10,36_10,903.9727018
36,11,36_11,800.4953849
36,12,36_12,870.2090376
36,13,36_13,825.4068367
36,14,36_14,883.0589424
36,15,36_15,788.6972121
36,16,36_16,657.7239832
36,17,36_17,618.518067
36,18,36_18,722.689517
36,19,36_19,605.6334114
36,20,36_20,872.4852875
36,21,36_21,595.0957129
36,22,36_22,586.6079924
36,23,36_23,419.4163285
36,24,36_24,1097.252949
36,25,36_25,533.0927318
36,26,36_26,498.4733019
36,27,36_27,362.3961701
36,28,36_28,292.1540502
36,29,36_29,485.2423363
36,30,36_30,356.9612022
36,31,36_31,230.5080549
36,32,36_32,435.997515
36,33,36_33,1131.68356
36,34,36_34,626.4951071
36,35,36_35,404.120054
36,36,36_36,0
36,37,36_37,560.0365496
36,38,36_38,873.3412654
36,39,36_39,274.0342071
36,40,36_40,339.2086953
36,41,36_41,1067.456478
36,42,36_42,1153.532718
36,43,36_43,411.9940192
36,44,36_44,276.9334667
36,45,36_45,409.2314644
36,46,36_46,1167.669101
36,47,36_47,327.1519281
36,48,36_48,917.3628787
36,49,36_49,1052.662696
36,50,36_50,630.04654
36,51,36_51,1281.614384
36,52,36_52,1343.60113
36,53,36_53,588.3706549
36,54,36_54,525.5361028
36,55,36_55,607.3093472
36,56,36_56,624.9599463
36,57,36_57,906.7714505
36,58,36_58,1432.21281
36,59,36_59,1125.005955
36,60,36_60,718.9550099
36,61,36_61,784.9199091
36,62,36_62,804.8488449
36,63,36_63,1439.851418
36,64,36_64,919.6822701
36,65,36_65,1576.927528
37,1,37_1,1260.746768
37,2,37_2,1172.572618
37,3,37_3,1136.667368
37,4,37_4,1117.681796
37,5,37_5,1104.331342
37,6,37_6,1029.039797
37,7,37_7,1109.902896
37,8,37_8,991.7923269
37,9,37_9,1054.43764
37,10,37_10,891.3629595
37,11,37_11,788.1608417
37,12,37_12,981.3098114
37,13,37_13,732.464793
37,14,37_14,807.5324458
37,15,37_15,951.0764289
37,16,37_16,643.7375999
37,17,37_17,606.2596903
37,18,37_18,907.3429204
37,19,37_19,568.0200231
37,20,37_20,834.8718992
37,21,37_21,700.6781632
37,22,37_22,869.5973461
37,23,37_23,478.4036345
37,24,37_24,1059.63956
37,25,37_25,378.8911647
37,26,37_26,811.077575
37,27,37_27,591.9201041
37,28,37_28,426.9723623
37,29,37_29,850.1374626
37,30,37_30,203.0753474
37,31,37_31,666.0410201
37,32,37_32,863.7881895
37,33,37_33,805.3914433
37,34,37_34,300.2029906
37,35,37_35,856.3943955
37,36,37_36,560.0365496
37,37,37_37,0
37,38,37_38,547.0491489
37,39,37_39,834.0707567
37,40,37_40,899.2452449
37,41,37_41,741.1643615
37,42,37_42,827.2406019
37,43,37_43,972.0305688
37,44,37_44,836.9700163
37,45,37_45,293.7092126
37,46,37_46,841.3769844
37,47,37_47,887.1884777
37,48,37_48,801.8406269
37,49,37_49,937.1404446
37,50,37_50,514.5242882
37,51,37_51,955.3222671
37,52,37_52,1017.309013
37,53,37_53,472.8484031
37,54,37_54,743.2003979
37,55,37_55,491.7870954
37,56,37_56,509.4376945
37,57,37_57,791.2491987
37,58,37_58,1105.920693
37,59,37_59,1009.483703
37,60,37_60,651.3577057
37,61,37_61,687.9310974
37,62,37_62,689.3265931
37,63,37_63,1324.329166
37,64,37_64,850.4414836
37,65,37_65,1401.5164
38,1,38_1,1368.392797
38,2,38_2,1288.267939
38,3,38_3,1303.27373
38,4,38_4,1215.447062
38,5,38_5,1344.147047
38,6,38_6,1299.746612
38,7,38_7,1156.637426
38,8,38_8,1035.809132
38,9,38_9,1319.688309
38,10,38_10,1156.613628
38,11,38_11,1083.562127
38,12,38_12,1294.614527
38,13,38_13,863.8629657
38,14,38_14,800.2310775
38,15,38_15,1264.381145
38,16,38_16,957.0423157
38,17,38_17,919.8801184
38,18,38_18,1220.647636
38,19,38_19,881.3247389
38,20,38_20,731.4657626
38,21,38_21,1013.982879
38,22,38_22,1182.902062
38,23,38_23,791.7083503
38,24,38_24,524.3264198
38,25,38_25,692.5115928
38,26,38_26,1124.382291
38,27,38_27,905.2248199
38,28,38_28,740.2770781
38,29,38_29,1163.442178
38,30,38_30,516.3800632
38,31,38_31,979.3457359
38,32,38_32,1177.092905
38,33,38_33,258.3422944
38,34,38_34,246.8461583
38,35,38_35,1169.699111
38,36,38_36,873.3412654
38,37,38_37,547.0491489
38,38,38_38,0
38,39,38_39,1147.375473
38,40,38_40,1212.549961
38,41,38_41,194.1152126
38,42,38_42,280.191453
38,43,38_43,1285.335285
38,44,38_44,1150.274732
38,45,38_45,840.7583615
38,46,38_46,294.3278355
38,47,38_47,1200.493194
38,48,38_48,721.38331
38,49,38_49,586.0806726
38,50,38_50,1008.696829
38,51,38_51,408.2731182
38,52,38_52,470.2598641
38,53,38_53,1019.897552
38,54,38_54,1290.249547
38,55,38_55,1038.836244
38,56,38_56,1056.486843
38,57,38_57,887.9491428
38,58,38_58,558.8715441
38,59,38_59,683.5373518
38,60,38_60,1198.406855
38,61,38_61,1234.980246
38,62,38_62,1236.375742
38,63,38_63,779.3054257
38,64,38_64,1397.490633
38,65,38_65,854.4672508
39,1,39_1,1312.765601
39,2,39_2,1249.859678
39,3,39_3,1198.708057
39,4,39_4,1234.331959
39,5,39_5,1134.453448
39,6,39_6,1139.166227
39,7,39_7,1338.034753
39,8,39_8,1219.924184
39,9,39_9,973.5472851
39,10,39_10,1039.162515
39,11,39_11,935.6851981
39,12,39_12,808.2494057
39,13,39_13,960.5966499
39,14,39_14,1018.248756
39,15,39_15,734.6018553
39,16,39_16,792.9137964
39,17,39_17,753.7078802
39,18,39_18,652.8940861
39,19,39_19,740.8232246
39,20,39_20,1007.675101
39,21,39_21,591.3348114
39,22,39_22,516.9288693
39,23,39_23,554.6061417
39,24,39_24,1232.442762
39,25,39_25,807.1269389
39,26,39_26,409.1655152
39,27,39_27,358.6352686
39,28,39_28,465.8158112
39,29,39_29,345.5367495
39,30,39_30,630.9954093
39,31,39_31,226.7471534
39,32,39_32,223.1457221
39,33,39_33,1405.717767
39,34,39_34,900.5293142
39,35,39_35,130.0858469
39,36,39_36,274.0342071
39,37,39_37,834.0707567
39,38,39_38,1147.375473
39,39,39_39,0
39,40,39_40,92.92563677
39,41,39_41,1341.490685
39,42,39_42,1427.566926
39,43,39_43,195.0410947
39,44,39_44,330.1016472
39,45,39_45,683.2656715
39,46,39_46,1441.703308
39,47,39_47,368.9787908
39,48,39_48,1191.397086
39,49,39_49,1326.696904
39,50,39_50,904.0807471
39,51,39_51,1555.648591
39,52,39_52,1617.635337
39,53,39_53,856.5583685
39,54,39_54,572.3979404
39,55,39_55,823.8112429
39,56,39_56,859.9490639
39,57,39_57,1180.805658
39,58,39_58,1706.247017
39,59,39_59,1399.040162
39,60,39_60,767.687161
39,61,39_61,833.0967996
39,62,39_62,1052.870211
39,63,39_63,1713.885625
39,64,39_64,966.5441077
39,65,39_65,1850.961735
40,1,40_1,1388.319067
40,2,40_2,1325.413144
40,3,40_3,1274.261523
40,4,40_4,1309.885425
40,5,40_5,1210.006914
40,6,40_6,1214.719693
40,7,40_7,1430.960389
40,8,40_8,1312.849821
40,9,40_9,1049.100751
40,10,40_10,1132.088152
40,11,40_11,1028.610835
40,12,40_12,883.8028719
40,13,40_13,1053.522287
40,14,40_14,1111.174392
40,15,40_15,810.1553215
40,16,40_16,885.8394332
40,17,40_17,846.633517
40,18,40_18,728.4475523
40,19,40_19,833.7488614
40,20,40_20,1100.600737
40,21,40_21,684.2604482
40,22,40_22,592.4305368
40,23,40_23,647.5317785
40,24,40_24,1325.368399
40,25,40_25,872.3014271
40,26,40_26,484.7189814
40,27,40_27,451.5609054
40,28,40_28,558.741448
40,29,40_29,409.2084097
40,30,40_30,696.1698975
40,31,40_31,319.6727902
40,32,40_32,285.5258886
40,33,40_33,1470.892255
40,34,40_34,965.7038024
40,35,40_35,195.1113804
40,36,40_36,339.2086953
40,37,40_37,899.2452449
40,38,40_38,1212.549961
40,39,40_39,92.92563677
40,40,40_40,0
40,41,40_41,1406.665173
40,42,40_42,1492.741414
40,43,40_43,166.678026
40,44,40_44,301.7385785
40,45,40_45,748.4401597
40,46,40_46,1506.877796
40,47,40_47,340.6157221
40,48,40_48,1256.571574
40,49,40_49,1391.871392
40,50,40_50,969.2552353
40,51,40_51,1620.823079
40,52,40_52,1682.809825
40,53,40_53,828.1952998
40,54,40_54,544.0348717
40,55,40_55,795.4481742
40,56,40_56,831.5859952
40,57,40_57,1245.980146
40,58,40_58,1771.421505
40,59,40_59,1464.21465
40,60,40_60,739.3240923
40,61,40_61,804.7337309
40,62,40_62,1024.507142
40,63,40_63,1779.060114
40,64,40_64,938.181039
40,65,40_65,1916.136223
41,1,41_1,1495.984741
41,2,41_2,1415.859883
41,3,41_3,1430.865674
41,4,41_4,1343.039006
41,5,41_5,1471.738991
41,6,41_6,1427.338556
41,7,41_7,1284.22937
41,8,41_8,1163.401076
41,9,41_9,1447.280253
41,10,41_10,1284.205572
41,11,41_11,1211.154071
41,12,41_12,1488.72974
41,13,41_13,991.4549097
41,14,41_14,927.8230215
41,15,41_15,1458.496357
41,16,41_16,1134.778042
41,17,41_17,1113.995331
41,18,41_18,1414.762849
41,19,41_19,1075.439952
41,20,41_20,859.0577066
41,21,41_21,1208.098092
41,22,41_22,1377.017275
41,23,41_23,985.8235629
41,24,41_24,651.9183638
41,25,41_25,886.6268054
41,26,41_26,1318.497503
41,27,41_27,1099.340033
41,28,41_28,934.3922907
41,29,41_29,1357.557391
41,30,41_30,710.4952758
41,31,41_31,1173.460948
41,32,41_32,1371.208118
41,33,41_33,385.9342384
41,34,41_34,440.9613709
41,35,41_35,1363.814324
41,36,41_36,1067.456478
41,37,41_37,741.1643615
41,38,41_38,194.1152126
41,39,41_39,1341.490685
41,40,41_40,1406.665173
41,41,41_41,0
41,42,41_42,110.354121
41,43,41_43,1479.450497
41,44,41_44,1344.389945
41,45,41_45,1034.873574
41,46,41_46,135.7255649
41,47,41_47,1394.608406
41,48,41_48,562.7810394
41,49,41_49,427.478402
41,50,41_50,850.0945584
41,51,41_51,249.6708476
41,52,41_52,276.1446515
41,53,41_53,1138.179663
41,54,41_54,1356.84584
41,55,41_55,1105.432537
41,56,41_56,1141.570358
41,57,41_57,729.3468722
41,58,41_58,364.7563315
41,59,41_59,524.9350812
41,60,41_60,1280.515957
41,61,41_61,1307.629805
41,62,41_62,1158.733683
41,63,41_63,620.7031551
41,64,41_64,1459.319271
41,65,41_65,660.3520382
42,1,42_1,1385.63062
42,2,42_2,1305.505762
42,3,42_3,1320.511553
42,4,42_4,1232.684885
42,5,42_5,1361.38487
42,6,42_6,1316.984435
42,7,42_7,1173.875249
42,8,42_8,1053.046955
42,9,42_9,1336.926132
42,10,42_10,1173.851451
42,11,42_11,1100.79995
42,12,42_12,1423.806169
42,13,42_13,881.1007887
42,14,42_14,817.4689005
42,15,42_15,1505.317994
42,16,42_16,1024.423921
42,17,42_17,1036.174069
42,18,42_18,1495.345797
42,19,42_19,1015.555462
42,20,42_20,748.7035856
42,21,42_21,1288.681039
42,22,42_22,1463.093515
42,23,42_23,1071.899803
42,24,42_24,541.5642428
42,25,42_25,972.7030458
42,26,42_26,1404.573744
42,27,42_27,1185.416273
42,28,42_28,1020.468531
42,29,42_29,1443.633631
42,30,42_30,796.5715162
42,31,42_31,1259.537189
42,32,42_32,1457.284358
42,33,42_33,275.5801174
42,34,42_34,527.0376113
42,35,42_35,1449.890564
42,36,42_36,1153.532718
42,37,42_37,827.2406019
42,38,42_38,280.191453
42,39,42_39,1427.566925
42,40,42_40,1492.741414
42,41,42_41,110.354121
42,42,42_42,0
42,43,42_43,1565.526738
42,44,42_44,1430.466185
42,45,42_45,1120.949815
42,46,42_46,192.7261489
42,47,42_47,1480.684646
42,48,42_48,619.7816234
42,49,42_49,484.478986
42,50,42_50,907.0951424
42,51,42_51,303.4487387
42,52,42_52,239.6481888
42,53,42_53,1195.180247
42,54,42_54,1413.846424
42,55,42_55,1162.433121
42,56,42_56,1198.570942
42,57,42_57,786.3474562
42,58,42_58,396.2618328
42,59,42_59,581.9356652
42,60,42_60,1337.516541
42,61,42_61,1364.630389
42,62,42_62,1215.734267
42,63,42_63,674.4810462
42,64,42_64,1516.319855
42,65,42_65,691.8575395
43,1,43_1,1507.806695
43,2,43_2,1444.900773
43,3,43_3,1393.749151
43,4,43_4,1429.373054
43,5,43_5,1329.494543
43,6,43_6,1334.207322
43,7,43_7,1533.075847
43,8,43_8,1414.965279
43,9,43_9,1168.58838
43,10,43_10,1234.20361
43,11,43_11,1130.726293
43,12,43_12,1003.2905
43,13,43_13,1155.637745
43,14,43_14,1213.28985
43,15,43_15,929.64295
43,16,43_16,987.9548911
43,17,43_17,948.7489749
43,18,43_18,847.9351808
43,19,43_19,935.8643193
43,20,43_20,1202.716195
43,21,43_21,786.3759061
43,22,43_22,711.969964
43,23,43_23,749.6472364
43,24,43_24,1427.483857
43,25,43_25,945.086751
43,26,43_26,604.2066099
43,27,43_27,553.6763633
43,28,43_28,660.8569059
43,29,43_29,540.5778442
43,30,43_30,768.9552214
43,31,43_31,421.7882481
43,32,43_32,418.0929253
43,33,43_33,1543.677579
43,34,43_34,1038.489126
43,35,43_35,325.1269416
43,36,43_36,411.9940192
43,37,43_37,972.0305688
43,38,43_38,1285.335285
43,39,43_39,195.0410947
43,40,43_40,166.678026
43,41,43_41,1479.450497
43,42,43_42,1565.526738
43,43,43_43,0
43,44,43_44,135.0605525
43,45,43_45,821.2254836
43,46,43_46,1579.66312
43,47,43_47,173.9376961
43,48,43_48,1171.424466
43,49,43_49,1306.724283
43,50,43_50,884.1081269
43,51,43_51,1544.08929
43,52,43_52,1755.595149
43,53,43_53,661.5172738
43,54,43_54,377.3568457
43,55,43_55,628.7701482
43,56,43_56,664.9079692
43,57,43_57,1160.833037
43,58,43_58,1844.206829
43,59,43_59,1379.067542
43,60,43_60,572.6460663
43,61,43_61,638.0557049
43,62,43_62,857.8291162
43,63,43_63,1693.913005
43,64,43_64,771.503013
43,65,43_65,1830.989114
44,1,44_1,1550.014778
44,2,44_2,1461.840628
44,3,44_3,1425.935378
44,4,44_4,1407.225005
44,5,44_5,1393.874551
44,6,44_6,1318.307806
44,7,44_7,1479.778406
44,8,44_8,1361.667837
44,9,44_9,1262.606803
44,10,44_10,1180.906169
44,11,44_11,1077.428852
44,12,44_12,1138.351053
44,13,44_13,1102.340303
44,14,44_14,1159.992409
44,15,44_15,1064.703503
44,16,44_16,934.6574499
44,17,44_17,895.4515337
44,18,44_18,982.9957333
44,19,44_19,882.5668781
44,20,44_20,1149.418754
44,21,44_21,872.0291796
44,22,44_22,847.0305165
44,23,44_23,696.3497952
44,24,44_24,1374.186415
44,25,44_25,810.0261985
44,26,44_26,739.2671624
44,27,44_27,639.3296368
44,28,44_28,569.0875169
44,29,44_29,675.6383967
44,30,44_30,633.8946689
44,31,44_31,507.4415216
44,32,44_32,553.1534778
44,33,44_33,1408.617027
44,34,44_34,903.4285738
44,35,44_35,460.1874941
44,36,44_36,276.9334667
44,37,44_37,836.9700163
44,38,44_38,1150.274732
44,39,44_39,330.1016472
44,40,44_40,301.7385785
44,41,44_41,1344.389945
44,42,44_42,1430.466185
44,43,44_43,135.0605525
44,44,44_44,0
44,45,44_45,686.1649311
44,46,44_46,1444.602568
44,47,44_47,53.99585401
44,48,44_48,1042.670256
44,49,44_49,1177.970074
44,50,44_50,755.3539173
44,51,44_51,1415.33508
44,52,44_52,1620.534596
44,53,44_53,532.7630642
44,54,44_54,248.6026361
44,55,44_55,500.0159386
44,56,44_56,536.1537596
44,57,44_57,1032.078828
44,58,44_58,1709.146276
44,59,44_59,1250.313332
44,60,44_60,442.0215432
44,61,44_61,507.9864424
44,62,44_62,729.0749066
44,63,44_63,1565.158796
44,64,44_64,642.7488034
44,65,44_65,1702.234905
45,1,45_1,1554.455981
45,2,45_2,1466.281831
45,3,45_3,1430.376581
45,4,45_4,1411.391009
45,5,45_5,1398.040555
45,6,45_6,1322.749009
45,7,45_7,1403.612108
45,8,45_8,1285.50154
45,9,45_9,1348.146852
45,10,45_10,1185.072172
45,11,45_11,1081.870054
45,12,45_12,1275.019024
45,13,45_13,1026.174006
45,14,45_14,1101.241658
45,15,45_15,1197.928677
45,16,45_16,937.4468125
45,17,45_17,899.9689029
45,18,45_18,1131.920981
45,19,45_19,861.7292357
45,20,45_20,1128.581112
45,21,45_21,994.3873758
45,22,45_22,995.8394568
45,23,45_23,772.1128471
45,24,45_24,1353.348773
45,25,45_25,672.6003773
45,26,45_26,907.7047663
45,27,45_27,771.6276345
45,28,45_28,701.3855146
45,29,45_29,894.4738007
45,30,45_30,496.78456
45,31,45_31,639.7395193
45,32,45_32,845.2289794
45,33,45_33,1099.100656
45,34,45_34,593.9122032
45,35,45_35,813.3515184
45,36,45_36,409.2314644
45,37,45_37,293.7092126
45,38,45_38,840.7583615
45,39,45_39,683.2656715
45,40,45_40,748.4401597
45,41,45_41,1034.873574
45,42,45_42,1120.949815
45,43,45_43,821.2254836
45,44,45_44,686.1649311
45,45,45_45,0
45,46,45_46,935.1840691
45,47,45_47,652.9103349
45,48,45_48,508.1314143
45,49,45_49,643.431232
45,50,45_50,220.8150756
45,51,45_51,880.7962382
45,52,45_52,1106.848591
45,53,45_53,179.1391905
45,54,45_54,449.4911853
45,55,45_55,198.0778828
45,56,45_56,215.7284819
45,57,45_57,497.5399861
45,58,45_58,1263.462235
45,59,45_59,715.7744902
45,60,45_60,357.6484931
45,61,45_61,394.2218848
45,62,45_62,395.6173805
45,63,45_63,1030.619954
45,64,45_64,556.732271
45,65,45_65,1167.696063
46,1,46_1,1578.356769
46,2,46_2,1498.231911
46,3,46_3,1513.237702
46,4,46_4,1425.411033
46,5,46_5,1554.111019
46,6,46_6,1509.710584
46,7,46_7,1366.601398
46,8,46_8,1245.773104
46,9,46_9,1529.652281
46,10,46_10,1366.5776
46,11,46_11,1293.526099
46,12,46_12,1588.942363
46,13,46_13,1073.826938
46,14,46_14,1010.195049
46,15,46_15,1558.70898
46,16,46_16,1217.15007
46,17,46_17,1214.207954
46,18,46_18,1514.975472
46,19,46_19,1175.652574
46,20,46_20,941.4297345
46,21,46_21,1308.310715
46,22,46_22,1477.229897
46,23,46_23,1086.036186
46,24,46_24,734.2903917
46,25,46_25,986.8394283
46,26,46_26,1418.710126
46,27,46_27,1199.552655
46,28,46_28,1034.604914
46,29,46_29,1457.770014
46,30,46_30,810.7078987
46,31,46_31,1273.673571
46,32,46_32,1471.420741
46,33,46_33,468.3062663
46,34,46_34,541.1739938
46,35,46_35,1464.026947
46,36,46_36,1167.669101
46,37,46_37,841.3769844
46,38,46_38,294.3278355
46,39,46_39,1441.703308
46,40,46_40,1506.877796
46,41,46_41,135.7255649
46,42,46_42,192.7261489
46,43,46_43,1579.66312
46,44,46_44,1444.602568
46,45,46_45,935.1840691
46,46,46_46,0
46,47,46_47,1424.539424
46,48,46_48,427.0554745
46,49,46_49,291.7528371
46,50,46_50,714.3689935
46,51,46_51,113.9452827
46,52,46_52,200.0519363
46,53,46_53,1002.454098
46,54,46_54,1221.120275
46,55,46_55,969.7069722
46,56,46_56,1005.844793
46,57,46_57,593.6213073
46,58,46_58,356.6655803
46,59,46_59,389.2095163
46,60,46_60,1144.790392
46,61,46_61,1171.90424
46,62,46_62,1023.008118
46,63,46_63,484.9775902
46,64,46_64,1323.593706
46,65,46_65,622.0536995
47,1,47_1,1600.233239
47,2,47_2,1512.059089
47,3,47_3,1476.15384
47,4,47_4,1457.443466
47,5,47_5,1444.093012
47,6,47_6,1368.526268
47,7,47_7,1529.996868
47,8,47_8,1411.886299
47,9,47_9,1312.825265
47,10,47_10,1231.12463
47,11,47_11,1127.647313
47,12,47_12,1177.228197
47,13,47_13,1152.558765
47,14,47_14,1210.210871
47,15,47_15,1103.580646
47,16,47_16,984.8759113
47,17,47_17,945.6699951
47,18,47_18,1021.872877
47,19,47_19,932.7853395
47,20,47_20,1199.637216
47,21,47_21,922.247641
47,22,47_22,885.9076601
47,23,47_23,746.5682566
47,24,47_24,1424.404877
47,25,47_25,860.2446599
47,26,47_26,778.144306
47,27,47_27,689.5480982
47,28,47_28,619.3059783
47,29,47_29,714.5155403
47,30,47_30,684.1131303
47,31,47_31,557.659983
47,32,47_32,592.0306214
47,33,47_33,1458.835488
47,34,47_34,953.6470352
47,35,47_35,499.0646377
47,36,47_36,327.1519281
47,37,47_37,887.1884777
47,38,47_38,1200.493194
47,39,47_39,368.9787908
47,40,47_40,340.6157221
47,41,47_41,1394.608406
47,42,47_42,1480.684646
47,43,47_43,173.9376961
47,44,47_44,53.99585401
47,45,47_45,652.9103349
47,46,47_46,1424.539424
47,47,47_47,0
47,48,47_48,997.4867695
47,49,47_49,1132.786587
47,50,47_50,710.1704308
47,51,47_51,1370.151593
47,52,47_52,1596.203946
47,53,47_53,487.5795777
47,54,47_54,203.4191496
47,55,47_55,454.8324521
47,56,47_56,490.9702731
47,57,47_57,986.8953413
47,58,47_58,1752.81759
47,59,47_59,1205.129845
47,60,47_60,398.7083702
47,61,47_61,464.1180088
47,62,47_62,683.8914201
47,63,47_63,1519.975309
47,64,47_64,597.5653169
47,65,47_65,1657.051418
48,1,48_1,1688.472168
48,2,48_2,1600.298018
48,3,48_3,1564.392768
48,4,48_4,1545.578342
48,5,48_5,1532.227888
48,6,48_6,1456.765196
48,7,48_7,1537.483729
48,8,48_8,1419.37316
48,9,48_9,1482.334185
48,10,48_10,1319.259505
48,11,48_11,1215.886242
48,12,48_12,1408.890645
48,13,48_13,1160.045626
48,14,48_14,1235.113279
48,15,48_15,1378.657262
48,16,48_16,1071.318433
48,17,48_17,1034.156236
48,18,48_18,1334.923754
48,19,48_19,995.6008564
48,20,48_20,1262.452733
48,21,48_21,1128.258997
48,22,48_22,1297.178179
48,23,48_23,905.9844678
48,24,48_24,1161.345866
48,25,48_25,806.7877103
48,26,48_26,1238.658408
48,27,48_27,1019.500937
48,28,48_28,854.5531956
48,29,48_29,1277.718296
48,30,48_30,630.6561807
48,31,48_31,1093.621853
48,32,48_32,1291.369023
48,33,48_33,895.3617408
48,34,48_34,900.1900856
48,35,48_35,1283.975229
48,36,48_36,917.3628787
48,37,48_37,801.8406269
48,38,48_38,721.38331
48,39,48_39,1191.397086
48,40,48_40,1256.571574
48,41,48_41,562.7810394
48,42,48_42,619.7816234
48,43,48_43,1171.424466
48,44,48_44,1042.670256
48,45,48_45,508.1314143
48,46,48_46,427.0554745
48,47,48_47,997.4867695
48,48,48_48,0
48,49,48_49,135.3026374
48,50,48_50,287.3163387
48,51,48_51,372.6648239
48,52,48_52,598.7171763
48,53,48_53,575.401443
48,54,48_54,794.0676199
48,55,48_55,542.6543174
48,56,48_56,578.7921384
48,57,48_57,166.5658328
48,58,48_58,755.3308203
48,59,48_59,245.2285457
48,60,48_60,717.7377372
48,61,48_61,744.8515849
48,62,48_62,595.9554633
48,63,48_63,560.0740093
48,64,48_64,896.5410512
48,65,48_65,697.1501186
49,1,49_1,1823.774805
49,2,49_2,1735.600655
49,3,49_3,1699.695405
49,4,49_4,1680.880979
49,5,49_5,1667.530525
49,6,49_6,1592.067834
49,7,49_7,1658.354235
49,8,49_8,1537.525941
49,9,49_9,1617.636823
49,10,49_10,1454.562143
49,11,49_11,1351.188879
49,12,49_12,1544.193282
49,13,49_13,1295.348264
49,14,49_14,1301.947887
49,15,49_15,1513.9599
49,16,49_16,1206.621071
49,17,49_17,1169.458873
49,18,49_18,1470.226391
49,19,49_19,1130.903494
49,20,49_20,1233.182572
49,21,49_21,1263.561634
49,22,49_22,1432.480817
49,23,49_23,1041.287105
49,24,49_24,1026.043229
49,25,49_25,942.0903477
49,26,49_26,1373.961046
49,27,49_27,1154.803575
49,28,49_28,989.855833
49,29,49_29,1413.020933
49,30,49_30,765.9588181
49,31,49_31,1228.924491
49,32,49_32,1426.67166
49,33,49_33,760.0591034
49,34,49_34,832.9268309
49,35,49_35,1419.277866
49,36,49_36,1052.662696
49,37,49_37,937.1404446
49,38,49_38,586.0806726
49,39,49_39,1326.696904
49,40,49_40,1391.871392
49,41,49_41,427.478402
49,42,49_42,484.478986
49,43,49_43,1306.724283
49,44,49_44,1177.970074
49,45,49_45,643.431232
49,46,49_46,291.7528371
49,47,49_47,1132.786587
49,48,49_48,135.3026374
49,49,49_49,0
49,50,49_50,422.6161564
49,51,49_51,237.3921425
49,52,49_52,463.4444949
49,53,49_53,710.7012607
49,54,49_54,929.3674376
49,55,49_55,677.9541351
49,56,49_56,714.0919561
49,57,49_57,301.8684702
49,58,49_58,620.0581389
49,59,49_59,188.4171927
49,60,49_60,853.0375549
49,61,49_61,880.1514026
49,62,49_62,731.255281
49,63,49_63,503.2626563
49,64,49_64,1031.840869
49,65,49_65,640.3387656
50,1,50_1,1775.271056
50,2,50_2,1687.096906
50,3,50_3,1651.191656
50,4,50_4,1632.206084
50,5,50_5,1618.85563
50,6,50_6,1543.564085
50,7,50_7,1624.427184
50,8,50_8,1506.316615
50,9,50_9,1568.961928
50,10,50_10,1405.887248
50,11,50_11,1302.68513
50,12,50_12,1495.8341
50,13,50_13,1246.989081
50,14,50_14,1322.056734
50,15,50_15,1418.743752
50,16,50_16,1158.261888
50,17,50_17,1120.783979
50,18,50_18,1352.736057
50,19,50_19,1082.544311
50,20,50_20,1349.396187
50,21,50_21,1215.202451
50,22,50_22,1216.654532
50,23,50_23,992.9279227
50,24,50_24,1448.659385
50,25,50_25,893.4154529
50,26,50_26,1128.519842
50,27,50_27,992.4427101
50,28,50_28,922.2005902
50,29,50_29,1115.288876
50,30,50_30,717.5996356
50,31,50_31,860.5545949
50,32,50_32,1066.044055
50,33,50_33,1182.67526
50,34,50_34,814.7272788
50,35,50_35,1034.166594
50,36,50_36,630.04654
50,37,50_37,514.5242882
50,38,50_38,1008.696829
50,39,50_39,904.0807471
50,40,50_40,969.2552353
50,41,50_41,850.0945584
50,42,50_42,907.0951424
50,43,50_43,884.1081269
50,44,50_44,755.3539173
50,45,50_45,220.8150756
50,46,50_46,714.3689935
50,47,50_47,710.1704308
50,48,50_48,287.3163387
50,49,50_49,422.6161564
50,50,50_50,0
50,51,50_51,659.9811626
50,52,50_52,886.033515
50,53,50_53,288.0851043
50,54,50_54,506.7512812
50,55,50_55,255.3379787
50,56,50_56,291.4757997
50,57,50_57,276.7249105
50,58,50_58,1042.647159
50,59,50_59,494.9594146
50,60,50_60,430.4213985
50,61,50_61,457.5352462
50,62,50_62,308.6391246
50,63,50_63,809.8048782
50,64,50_64,609.2247125
50,65,50_65,946.8809875
51,1,51_1,1689.079359
51,2,51_2,1608.954501
51,3,51_3,1623.960291
51,4,51_4,1536.133623
51,5,51_5,1664.833609
51,6,51_6,1620.433174
51,7,51_7,1477.323988
51,8,51_8,1356.495694
51,9,51_9,1640.37487
51,10,51_10,1477.30019
51,11,51_11,1404.248689
51,12,51_12,1702.887645
51,13,51_13,1184.549527
51,14,51_14,1120.917639
51,15,51_15,1672.654263
51,16,51_16,1327.87266
51,17,51_17,1328.153237
51,18,51_18,1628.920754
51,19,51_19,1289.597857
51,20,51_20,1052.152324
51,21,51_21,1422.255997
51,22,51_22,1591.17518
51,23,51_23,1199.981469
51,24,51_24,845.0129815
51,25,51_25,1100.784711
51,26,51_26,1532.655409
51,27,51_27,1313.497938
51,28,51_28,1148.550196
51,29,51_29,1571.715297
51,30,51_30,924.6531814
51,31,51_31,1387.618854
51,32,51_32,1585.366024
51,33,51_33,579.0288561
51,34,51_34,655.1192765
51,35,51_35,1577.97223
51,36,51_36,1281.614384
51,37,51_37,955.3222671
51,38,51_38,408.2731182
51,39,51_39,1555.648591
51,40,51_40,1620.823079
51,41,51_41,249.6708476
51,42,51_42,303.4487387
51,43,51_43,1544.08929
51,44,51_44,1415.33508
51,45,51_45,880.7962382
51,46,51_46,113.9452827
51,47,51_47,1370.151593
51,48,51_48,372.6648239
51,49,51_49,237.3921425
51,50,51_50,659.9811626
51,51,51_51,0
51,52,51_52,226.0523524
51,53,51_53,948.0662669
51,54,51_54,1166.732444
51,55,51_55,915.3191413
51,56,51_56,951.4569623
51,57,51_57,539.2306567
51,58,51_58,382.6659964
51,59,51_59,425.8093352
51,60,51_60,1090.402561
51,61,51_61,1117.516409
51,62,51_62,968.6202872
51,63,51_63,371.0323075
51,64,51_64,1269.205875
51,65,51_65,508.1084168
52,1,52_1,1625.278809
52,2,52_2,1545.153951
52,3,52_3,1560.159741
52,4,52_4,1472.333073
52,5,52_5,1601.033059
52,6,52_6,1556.632624
52,7,52_7,1413.523438
52,8,52_8,1292.695144
52,9,52_9,1576.57432
52,10,52_10,1413.49964
52,11,52_11,1340.448139
52,12,52_12,1663.454357
52,13,52_13,1120.748978
52,14,52_14,1057.117089
52,15,52_15,1734.641009
52,16,52_16,1264.07211
52,17,52_17,1275.822258
52,18,52_18,1690.9075
52,19,52_19,1255.203651
52,20,52_20,988.3517744
52,21,52_21,1484.242743
52,22,52_22,1653.161926
52,23,52_23,1261.968214
52,24,52_24,781.2124316
52,25,52_25,1162.771457
52,26,52_26,1594.642155
52,27,52_27,1375.484684
52,28,52_28,1210.536942
52,29,52_29,1633.702043
52,30,52_30,986.6399273
52,31,52_31,1449.6056
52,32,52_32,1647.352769
52,33,52_33,515.2283062
52,34,52_34,717.1060224
52,35,52_35,1639.958975
52,36,52_36,1343.601129
52,37,52_37,1017.309013
52,38,52_38,470.2598641
52,39,52_39,1617.635337
52,40,52_40,1682.809825
52,41,52_41,276.1446515
52,42,52_42,239.6481888
52,43,52_43,1755.595149
52,44,52_44,1620.534596
52,45,52_45,1106.848591
52,46,52_46,200.0519363
52,47,52_47,1596.203946
52,48,52_48,598.7171763
52,49,52_49,463.4444949
52,50,52_50,886.033515
52,51,52_51,226.0523524
52,52,52_52,0
52,53,52_53,1174.118619
52,54,52_54,1392.784796
52,55,52_55,1141.371494
52,56,52_56,1177.509315
52,57,52_57,765.2830091
52,58,52_58,156.613644
52,59,52_59,589.2614526
52,60,52_60,1316.454914
52,61,52_61,1343.568761
52,62,52_62,1194.67264
52,63,52_63,450.6274634
52,64,52_64,1495.258228
52,65,52_65,452.2093507
53,1,53_1,1733.595171
53,2,53_2,1645.421021
53,3,53_3,1609.515771
53,4,53_4,1590.530199
53,5,53_5,1577.179745
53,6,53_6,1501.8882
53,7,53_7,1582.751299
53,8,53_8,1464.64073
53,9,53_9,1527.286043
53,10,53_10,1364.211363
53,11,53_11,1261.009245
53,12,53_12,1454.158215
53,13,53_13,1205.313196
53,14,53_14,1280.380849
53,15,53_15,1377.067867
53,16,53_16,1116.586003
53,17,53_17,1079.108093
53,18,53_18,1311.060172
53,19,53_19,1040.868426
53,20,53_20,1307.720302
53,21,53_21,1173.526566
53,22,53_22,1174.978647
53,23,53_23,951.2520376
53,24,53_24,1532.487963
53,25,53_25,851.7395678
53,26,53_26,1086.843957
53,27,53_27,950.766825
53,28,53_28,880.5247051
53,29,53_29,1073.612991
53,30,53_30,675.9237505
53,31,53_31,818.8787098
53,32,53_32,1024.36817
53,33,53_33,1278.239846
53,34,53_34,773.0513937
53,35,53_35,986.6442154
53,36,53_36,588.3706549
53,37,53_37,472.8484031
53,38,53_38,1019.897552
53,39,53_39,856.5583685
53,40,53_40,828.1952998
53,41,53_41,1138.179663
53,42,53_42,1195.180247
53,43,53_43,661.5172738
53,44,53_44,532.7630642
53,45,53_45,179.1391905
53,46,53_46,1002.454098
53,47,53_47,487.5795777
53,48,53_48,575.401443
53,49,53_49,710.7012607
53,50,53_50,288.0851043
53,51,53_51,948.0662669
53,52,53_52,1174.118619
53,53,53_53,0
53,54,53_54,284.1604281
53,55,53_55,32.74712563
53,56,53_56,36.65038061
53,57,53_57,564.8100148
53,58,53_58,1330.732263
53,59,53_59,783.0445189
53,60,53_60,178.5093026
53,61,53_61,215.1435699
53,62,53_62,261.6335316
53,63,53_63,1097.889983
53,64,53_64,377.5930805
53,65,53_65,1234.966092
54,1,54_1,1798.617414
54,2,54_2,1710.443264
54,3,54_3,1674.538014
54,4,54_4,1655.827641
54,5,54_5,1642.477187
54,6,54_6,1566.910443
54,7,54_7,1728.381042
54,8,54_8,1610.270473
54,9,54_9,1511.20944
54,10,54_10,1429.508805
54,11,54_11,1326.031488
54,12,54_12,1380.647346
54,13,54_13,1350.94294
54,14,54_14,1408.595045
54,15,54_15,1306.999796
54,16,54_16,1183.260086
54,17,54_17,1144.05417
54,18,54_18,1225.292027
54,19,54_19,1131.169514
54,20,54_20,1398.02139
54,21,54_21,1120.631816
54,22,54_22,1089.32681
54,23,54_23,944.9524313
54,24,54_24,1622.789051
54,25,54_25,1058.628835
54,26,54_26,981.5634556
54,27,54_27,887.9322729
54,28,54_28,817.690153
54,29,54_29,917.9346899
54,30,54_30,882.497305
54,31,54_31,756.0441577
54,32,54_32,795.449771
54,33,54_33,1548.591841
54,34,54_34,1043.403389
54,35,54_35,702.4837873
54,36,54_36,525.5361028
54,37,54_37,743.2003979
54,38,54_38,1290.249547
54,39,54_39,572.3979404
54,40,54_40,544.0348717
54,41,54_41,1356.84584
54,42,54_42,1413.846424
54,43,54_43,377.3568457
54,44,54_44,248.6026361
54,45,54_45,449.4911853
54,46,54_46,1221.120275
54,47,54_47,203.4191496
54,48,54_48,794.0676199
54,49,54_49,929.3674376
54,50,54_50,506.7512812
54,51,54_51,1166.732444
54,52,54_52,1392.784796
54,53,54_53,284.1604281
54,54,54_54,0
54,55,54_55,251.4133025
54,56,54_56,287.5511235
54,57,54_57,783.4761917
54,58,54_58,1549.39844
54,59,54_59,1001.710696
54,60,54_60,195.4859589
54,61,54_61,260.6988592
54,62,54_62,480.4722705
54,63,54_63,1316.556159
54,64,54_64,394.1461673
54,65,54_65,1453.632269
55,1,55_1,1752.533864
55,2,55_2,1664.359714
55,3,55_3,1628.454464
55,4,55_4,1609.468891
55,5,55_5,1596.118437
55,6,55_6,1520.826892
55,7,55_7,1601.689991
55,8,55_8,1483.579422
55,9,55_9,1546.224735
55,10,55_10,1383.150055
55,11,55_11,1279.947937
55,12,55_12,1473.096907
55,13,55_13,1224.251888
55,14,55_14,1299.319541
55,15,55_15,1396.006559
55,16,55_16,1135.524695
55,17,55_17,1098.046786
55,18,55_18,1329.998864
55,19,55_19,1059.807119
55,20,55_20,1326.658995
55,21,55_21,1192.465259
55,22,55_22,1193.91734
55,23,55_23,970.1907299
55,24,55_24,1551.426656
55,25,55_25,870.6782601
55,26,55_26,1105.782649
55,27,55_27,969.7055173
55,28,55_28,899.4633974
55,29,55_29,1092.551683
55,30,55_30,694.8624428
55,31,55_31,837.8174021
55,32,55_32,1043.306862
55,33,55_33,1297.178539
55,34,55_34,791.990086
55,35,55_35,953.8970898
55,36,55_36,607.3093472
55,37,55_37,491.7870954
55,38,55_38,1038.836244
55,39,55_39,823.8112429
55,40,55_40,795.4481742
55,41,55_41,1105.432537
55,42,55_42,1162.433121
55,43,55_43,628.7701482
55,44,55_44,500.0159386
55,45,55_45,198.0778828
55,46,55_46,969.7069722
55,47,55_47,454.8324521
55,48,55_48,542.6543174
55,49,55_49,677.9541351
55,50,55_50,255.3379787
55,51,55_51,915.3191413
55,52,55_52,1141.371494
55,53,55_53,32.74712563
55,54,55_54,251.4133025
55,55,55_55,0
55,56,55_56,36.13782098
55,57,55_57,532.0628892
55,58,55_58,1297.985138
55,59,55_59,750.2973933
55,60,55_60,175.0834198
55,61,55_61,202.1972675
55,62,55_62,229.058968
55,63,55_63,1065.142857
55,64,55_64,361.2456904
55,65,55_65,1202.218966
56,1,56_1,1770.184463
56,2,56_2,1682.010313
56,3,56_3,1646.105063
56,4,56_4,1627.119491
56,5,56_5,1613.769037
56,6,56_6,1538.477491
56,7,56_7,1619.34059
56,8,56_8,1501.230021
56,9,56_9,1563.875334
56,10,56_10,1400.800654
56,11,56_11,1297.598536
56,12,56_12,1490.747506
56,13,56_13,1241.902488
56,14,56_14,1316.97014
56,15,56_15,1413.657158
56,16,56_16,1153.175294
56,17,56_17,1115.697385
56,18,56_18,1347.649463
56,19,56_19,1077.457718
56,20,56_20,1344.309594
56,21,56_21,1210.115858
56,22,56_22,1211.567939
56,23,56_23,987.841329
56,24,56_24,1569.077255
56,25,56_25,888.3288592
56,26,56_26,1123.433248
56,27,56_27,987.3561164
56,28,56_28,917.1139965
56,29,56_29,1110.202283
56,30,56_30,712.5130419
56,31,56_31,855.4680012
56,32,56_32,1060.957461
56,33,56_33,1314.829138
56,34,56_34,809.6406851
56,35,56_35,990.0349108
56,36,56_36,624.9599463
56,37,56_37,509.4376945
56,38,56_38,1056.486843
56,39,56_39,859.9490639
56,40,56_40,831.5859952
56,41,56_41,1141.570358
56,42,56_42,1198.570942
56,43,56_43,664.9079692
56,44,56_44,536.1537596
56,45,56_45,215.7284819
56,46,56_46,1005.844793
56,47,56_47,490.9702731
56,48,56_48,578.7921384
56,49,56_49,714.0919561
56,50,56_50,291.4757997
56,51,56_51,951.4569623
56,52,56_52,1177.509315
56,53,56_53,36.65038061
56,54,56_54,287.5511235
56,55,56_55,36.13782098
56,56,56_56,0
56,57,56_57,568.2007102
56,58,56_58,1334.122959
56,59,56_59,786.4352143
56,60,56_60,143.6943556
56,61,56_61,178.4934029
56,62,56_62,243.5951476
56,63,56_63,1101.280678
56,64,56_64,341.0726646
56,65,56_65,1238.356787
57,1,57_1,1855.038001
57,2,57_2,1766.863851
57,3,57_3,1730.958601
57,4,57_4,1712.144174
57,5,57_5,1698.79372
57,6,57_6,1623.331029
57,7,57_7,1704.049562
57,8,57_8,1585.938993
57,9,57_9,1648.900018
57,10,57_10,1485.825338
57,11,57_11,1382.452074
57,12,57_12,1575.456478
57,13,57_13,1326.611459
57,14,57_14,1401.679112
57,15,57_15,1545.223095
57,16,57_16,1237.884266
57,17,57_17,1200.722069
57,18,57_18,1501.489586
57,19,57_19,1162.166689
57,20,57_20,1429.018565
57,21,57_21,1294.824829
57,22,57_22,1463.744012
57,23,57_23,1072.550301
57,24,57_24,1327.911699
57,25,57_25,973.3535431
57,26,57_26,1405.224241
57,27,57_27,1186.06677
57,28,57_28,1021.119028
57,29,57_29,1392.013787
57,30,57_30,797.2220135
57,31,57_31,1137.279505
57,32,57_32,1342.768966
57,33,57_33,1061.927574
57,34,57_34,1066.755918
57,35,57_35,1310.891504
57,36,57_36,906.7714505
57,37,57_37,791.2491987
57,38,57_38,887.9491428
57,39,57_39,1180.805658
57,40,57_40,1245.980146
57,41,57_41,729.3468722
57,42,57_42,786.3474562
57,43,57_43,1160.833037
57,44,57_44,1032.078828
57,45,57_45,497.5399861
57,46,57_46,593.6213073
57,47,57_47,986.8953413
57,48,57_48,166.5658328
57,49,57_49,301.8684702
57,50,57_50,276.7249105
57,51,57_51,539.2306567
57,52,57_52,765.2830091
57,53,57_53,564.8100148
57,54,57_54,783.4761917
57,55,57_55,532.0628892
57,56,57_56,568.2007102
57,57,57_57,0
57,58,57_58,827.1419217
57,59,57_59,218.2345041
57,60,57_60,707.146309
57,61,57_61,734.2601567
57,62,57_62,435.342764
57,63,57_63,533.0799677
57,64,57_64,735.9283519
57,65,57_65,670.156077
58,1,58_1,1781.892453
58,2,58_2,1701.767595
58,3,58_3,1716.773385
58,4,58_4,1628.946717
58,5,58_5,1757.646703
58,6,58_6,1713.246268
58,7,58_7,1570.137082
58,8,58_8,1449.308788
58,9,58_9,1733.187965
58,10,58_10,1570.113284
58,11,58_11,1497.061783
58,12,58_12,1820.068001
58,13,58_13,1277.362622
58,14,58_14,1213.730733
58,15,58_15,1823.252689
58,16,58_16,1420.685754
58,17,58_17,1432.435902
58,18,58_18,1779.51918
58,19,58_19,1411.817295
58,20,58_20,1144.965418
58,21,58_21,1572.854423
58,22,58_22,1741.773606
58,23,58_23,1350.579894
58,24,58_24,937.8260756
58,25,58_25,1251.383137
58,26,58_26,1683.253835
58,27,58_27,1464.096364
58,28,58_28,1299.148622
58,29,58_29,1722.313723
58,30,58_30,1075.251607
58,31,58_31,1538.21728
58,32,58_32,1735.964449
58,33,58_33,671.8419502
58,34,58_34,805.7177024
58,35,58_35,1728.570655
58,36,58_36,1432.212809
58,37,58_37,1105.920693
58,38,58_38,558.8715441
58,39,58_39,1706.247017
58,40,58_40,1771.421505
58,41,58_41,364.7563315
58,42,58_42,396.2618328
58,43,58_43,1844.206829
58,44,58_44,1709.146276
58,45,58_45,1263.462235
58,46,58_46,356.6655803
58,47,58_47,1752.81759
58,48,58_48,755.3308203
58,49,58_49,620.0581389
58,50,58_50,1042.647159
58,51,58_51,382.6659964
58,52,58_52,156.613644
58,53,58_53,1330.732263
58,54,58_54,1549.39844
58,55,58_55,1297.985138
58,56,58_56,1334.122959
58,57,58_57,827.1419217
58,58,58_58,0
58,59,58_59,608.9074176
58,60,58_60,1473.068558
58,61,58_61,1500.182405
58,62,58_62,1262.484686
58,63,58_63,294.061954
58,64,58_64,1563.070274
58,65,58_65,295.5957067
59,1,59_1,1933.700714
59,2,59_2,1845.526564
59,3,59_3,1809.621314
59,4,59_4,1790.806887
59,5,59_5,1777.456433
59,6,59_6,1701.993742
59,7,59_7,1755.810914
59,8,59_8,1634.98262
59,9,59_9,1727.562731
59,10,59_10,1564.488051
59,11,59_11,1461.114787
59,12,59_12,1654.11919
59,13,59_13,1405.274172
59,14,59_14,1399.404566
59,15,59_15,1623.885808
59,16,59_16,1316.546979
59,17,59_17,1279.384782
59,18,59_18,1580.152299
59,19,59_19,1240.829402
59,20,59_20,1330.639251
59,21,59_21,1373.487542
59,22,59_22,1542.406725
59,23,59_23,1151.213014
59,24,59_24,1123.499908
59,25,59_25,1052.016256
59,26,59_26,1483.886954
59,27,59_27,1264.729483
59,28,59_28,1099.781741
59,29,59_29,1522.946842
59,30,59_30,875.8847264
59,31,59_31,1338.850399
59,32,59_32,1536.597569
59,33,59_33,857.5157826
59,34,59_34,930.3835101
59,35,59_35,1529.126009
59,36,59_36,1125.005955
59,37,59_37,1009.483703
59,38,59_38,683.5373518
59,39,59_39,1399.040162
59,40,59_40,1464.21465
59,41,59_41,524.9350812
59,42,59_42,581.9356652
59,43,59_43,1379.067542
59,44,59_44,1250.313332
59,45,59_45,715.7744902
59,46,59_46,389.2095163
59,47,59_47,1205.129845
59,48,59_48,245.2285457
59,49,59_49,188.4171927
59,50,59_50,494.9594146
59,51,59_51,425.8093352
59,52,59_52,589.2614526
59,53,59_53,783.0445189
59,54,59_54,1001.710696
59,55,59_55,750.2973933
59,56,59_56,786.4352143
59,57,59_57,218.2345041
59,58,59_58,608.9074176
59,59,59_59,0
59,60,59_60,925.3808131
59,61,59_61,952.4946608
59,62,59_62,653.5772681
59,63,59_63,314.8454636
59,64,59_64,954.162856
59,65,59_65,451.9215729
60,1,60_1,1912.104474
60,2,60_2,1823.930324
60,3,60_3,1788.025074
60,4,60_4,1769.039502
60,5,60_5,1755.689048
60,6,60_6,1680.397502
60,7,60_7,1761.260601
60,8,60_8,1643.150033
60,9,60_9,1704.628347
60,10,60_10,1542.720665
60,11,60_11,1439.518547
60,12,60_12,1575.936567
60,13,60_13,1383.822499
60,14,60_14,1458.890152
60,15,60_15,1502.289016
60,16,60_16,1295.095306
60,17,60_17,1257.617396
60,18,60_18,1420.581247
60,19,60_19,1219.377729
60,20,60_20,1486.229605
60,21,60_21,1314.050723
60,22,60_22,1284.61603
60,23,60_23,1129.76134
60,24,60_24,1710.997266
60,25,60_25,1030.24887
60,26,60_26,1176.852676
60,27,60_27,1081.35118
60,28,60_28,1011.10906
60,29,60_29,1113.223911
60,30,60_30,854.4330531
60,31,60_31,949.4630648
60,32,60_32,990.7389916
60,33,60_33,1456.749149
60,34,60_34,951.5606963
60,35,60_35,897.7730079
60,36,60_36,718.9550099
60,37,60_37,651.3577057
60,38,60_38,1198.406855
60,39,60_39,767.687161
60,40,60_40,739.3240923
60,41,60_41,1280.515957
60,42,60_42,1337.516541
60,43,60_43,572.6460663
60,44,60_44,442.0215432
60,45,60_45,357.6484931
60,46,60_46,1144.790392
60,47,60_47,398.7083702
60,48,60_48,717.7377372
60,49,60_49,853.0375549
60,50,60_50,430.4213985
60,51,60_51,1090.402561
60,52,60_52,1316.454914
60,53,60_53,178.5093026
60,54,60_54,195.4859589
60,55,60_55,175.0834198
60,56,60_56,143.6943556
60,57,60_57,707.146309
60,58,60_58,1473.068558
60,59,60_59,925.3808131
60,60,60_60,0
60,61,60_61,65.96489919
60,62,60_62,387.2895032
60,63,60_63,1240.226277
60,64,60_64,220.1473055
60,65,60_65,1377.302386
61,1,61_1,1948.677866
61,2,61_2,1860.503716
61,3,61_3,1824.598466
61,4,61_4,1805.612893
61,5,61_5,1792.262439
61,6,61_6,1716.970894
61,7,61_7,1797.833993
61,8,61_8,1679.723424
61,9,61_9,1742.368737
61,10,61_10,1579.294057
61,11,61_11,1476.091939
61,12,61_12,1641.346205
61,13,61_13,1420.39589
61,14,61_14,1495.463543
61,15,61_15,1567.698655
61,16,61_16,1331.668697
61,17,61_17,1294.190788
61,18,61_18,1485.990886
61,19,61_19,1255.951121
61,20,61_20,1522.802997
61,21,61_21,1380.015622
61,22,61_22,1350.025669
61,23,61_23,1166.334732
61,24,61_24,1747.570658
61,25,61_25,1066.822262
61,26,61_26,1242.262315
61,27,61_27,1147.316079
61,28,61_28,1077.073959
61,29,61_29,1178.633549
61,30,61_30,891.0064448
61,31,61_31,1015.427964
61,32,61_32,1056.14863
61,33,61_33,1493.322541
61,34,61_34,988.134088
61,35,61_35,963.1826465
61,36,61_36,784.9199091
61,37,61_37,687.9310974
61,38,61_38,1234.980246
61,39,61_39,833.0967996
61,40,61_40,804.7337309
61,41,61_41,1307.629805
61,42,61_42,1364.630389
61,43,61_43,638.0557049
61,44,61_44,507.9864424
61,45,61_45,394.2218848
61,46,61_46,1171.90424
61,47,61_47,464.1180088
61,48,61_48,744.8515849
61,49,61_49,880.1514026
61,50,61_50,457.5352462
61,51,61_51,1117.516409
61,52,61_52,1343.568761
61,53,61_53,215.1435699
61,54,61_54,260.6988592
61,55,61_55,202.1972675
61,56,61_56,178.4934029
61,57,61_57,734.2601567
61,58,61_58,1500.182405
61,59,61_59,952.4946608
61,60,61_60,65.96489919
61,61,61_61,0
61,62,61_62,422.0885505
61,63,61_63,1267.340124
61,64,61_64,164.167703
61,65,61_65,1404.416234
62,1,62_1,1950.073361
62,2,62_2,1861.899211
62,3,62_3,1825.993961
62,4,62_4,1807.008389
62,5,62_5,1793.657935
62,6,62_6,1718.36639
62,7,62_7,1799.229489
62,8,62_8,1681.11892
62,9,62_9,1743.764233
62,10,62_10,1580.689553
62,11,62_11,1477.487435
62,12,62_12,1670.636405
62,13,62_13,1421.791386
62,14,62_14,1496.859039
62,15,62_15,1593.546057
62,16,62_16,1333.064193
62,17,62_17,1295.586283
62,18,62_18,1527.538362
62,19,62_19,1257.346616
62,20,62_20,1524.198492
62,21,62_21,1390.004756
62,22,62_22,1391.456837
62,23,62_23,1167.730228
62,24,62_24,1748.966153
62,25,62_25,1068.217758
62,26,62_26,1303.322147
62,27,62_27,1167.245015
62,28,62_28,1097.002895
62,29,62_29,1290.091181
62,30,62_30,892.4019405
62,31,62_31,1035.3569
62,32,62_32,1240.84636
62,33,62_33,1491.314384
62,34,62_34,989.5295837
62,35,62_35,1182.956058
62,36,62_36,804.8488449
62,37,62_37,689.3265931
62,38,62_38,1236.375742
62,39,62_39,1052.870211
62,40,62_40,1024.507142
62,41,62_41,1158.733683
62,42,62_42,1215.734267
62,43,62_43,857.8291162
62,44,62_44,729.0749066
62,45,62_45,395.6173805
62,46,62_46,1023.008118
62,47,62_47,683.8914201
62,48,62_48,595.9554633
62,49,62_49,731.255281
62,50,62_50,308.6391246
62,51,62_51,968.6202872
62,52,62_52,1194.67264
62,53,62_53,261.6335316
62,54,62_54,480.4722705
62,55,62_55,229.058968
62,56,62_56,243.5951476
62,57,62_57,435.342764
62,58,62_58,1262.484686
62,59,62_59,653.5772681
62,60,62_60,387.2895032
62,61,62_61,422.0885505
62,62,62_62,0
62,63,62_63,968.4227317
62,64,62_64,300.5855879
62,65,62_65,1105.498841
63,1,63_1,2060.111666
63,2,63_2,1979.986808
63,3,63_3,1994.992599
63,4,63_4,1907.165931
63,5,63_5,2035.865917
63,6,63_6,1991.465481
63,7,63_7,1848.356295
63,8,63_8,1727.528001
63,9,63_9,2011.407178
63,10,63_10,1848.332498
63,11,63_11,1775.280996
63,12,63_12,1968.964654
63,13,63_13,1555.581835
63,14,63_14,1491.949947
63,15,63_15,1938.731272
63,16,63_16,1631.392442
63,17,63_17,1594.230245
63,18,63_18,1894.997763
63,19,63_19,1555.674866
63,20,63_20,1423.184632
63,21,63_21,1688.333006
63,22,63_22,1857.252189
63,23,63_23,1466.058477
63,24,63_24,1216.045289
63,25,63_25,1366.86172
63,26,63_26,1798.732418
63,27,63_27,1579.574947
63,28,63_28,1414.627205
63,29,63_29,1837.792305
63,30,63_30,1190.73019
63,31,63_31,1653.695863
63,32,63_32,1851.443032
63,33,63_33,950.0611636
63,34,63_34,1026.151584
63,35,63_35,1843.971472
63,36,63_36,1439.851418
63,37,63_37,1324.329166
63,38,63_38,779.3054257
63,39,63_39,1713.885625
63,40,63_40,1779.060114
63,41,63_41,620.7031551
63,42,63_42,674.4810462
63,43,63_43,1693.913005
63,44,63_44,1565.158796
63,45,63_45,1030.619954
63,46,63_46,484.9775902
63,47,63_47,1519.975309
63,48,63_48,560.0740093
63,49,63_49,503.2626563
63,50,63_50,809.8048782
63,51,63_51,371.0323075
63,52,63_52,450.6274634
63,53,63_53,1097.889983
63,54,63_54,1316.556159
63,55,63_55,1065.142857
63,56,63_56,1101.280678
63,57,63_57,533.0799677
63,58,63_58,294.061954
63,59,63_59,314.8454636
63,60,63_60,1240.226277
63,61,63_61,1267.340124
63,62,63_62,968.4227317
63,63,63_63,0
63,64,63_64,1269.00832
63,65,63_65,137.0761093
64,1,64_1,2111.188252
64,2,64_2,2023.014102
64,3,64_3,1987.108852
64,4,64_4,1968.12328
64,5,64_5,1954.772826
64,6,64_6,1879.48128
64,7,64_7,1960.344379
64,8,64_8,1842.233811
64,9,64_9,1904.879123
64,10,64_10,1741.804443
64,11,64_11,1638.602325
64,12,64_12,1774.793513
64,13,64_13,1582.906277
64,14,64_14,1657.973929
64,15,64_15,1701.145963
64,16,64_16,1494.179083
64,17,64_17,1456.701174
64,18,64_18,1619.438194
64,19,64_19,1418.461507
64,20,64_20,1685.313383
64,21,64_21,1514.777983
64,22,64_22,1483.472977
64,23,64_23,1328.845118
64,24,64_24,1910.081044
64,25,64_25,1229.332648
64,26,64_26,1375.709623
64,27,64_27,1282.07844
64,28,64_28,1211.83632
64,29,64_29,1312.080857
64,30,64_30,1053.516831
64,31,64_31,1150.190325
64,32,64_32,1189.595938
64,33,64_33,1655.832927
64,34,64_34,1150.644474
64,35,64_35,1096.629955
64,36,64_36,919.6822701
64,37,64_37,850.4414836
64,38,64_38,1397.490633
64,39,64_39,966.5441077
64,40,64_40,938.181039
64,41,64_41,1459.319271
64,42,64_42,1516.319855
64,43,64_43,771.503013
64,44,64_44,642.7488034
64,45,64_45,556.732271
64,46,64_46,1323.593706
64,47,64_47,597.5653169
64,48,64_48,896.5410512
64,49,64_49,1031.840869
64,50,64_50,609.2247125
64,51,64_51,1269.205875
64,52,64_52,1495.258228
64,53,64_53,377.5930805
64,54,64_54,394.1461673
64,55,64_55,361.2456904
64,56,64_56,341.0726646
64,57,64_57,735.9283519
64,58,64_58,1563.070274
64,59,64_59,954.162856
64,60,64_60,220.1473055
64,61,64_61,164.167703
64,62,64_62,300.5855879
64,63,64_63,1269.00832
64,64,64_64,0
64,65,64_65,1406.084429
65,1,65_1,2077.48816
65,2,65_2,1997.363302
65,3,65_3,2012.369092
65,4,65_4,1924.542424
65,5,65_5,2053.24241
65,6,65_6,2008.841974
65,7,65_7,1865.732788
65,8,65_8,1744.904495
65,9,65_9,2028.783671
65,10,65_10,1865.708991
65,11,65_11,1792.65749
65,12,65_12,2106.040763
65,13,65_13,1572.958328
65,14,65_14,1509.32644
65,15,65_15,2075.807381
65,16,65_16,1716.28146
65,17,65_17,1728.031609
65,18,65_18,2032.073872
65,19,65_19,1692.750975
65,20,65_20,1440.561125
65,21,65_21,1825.409115
65,22,65_22,1994.328298
65,23,65_23,1603.134586
65,24,65_24,1233.421782
65,25,65_25,1503.937829
65,26,65_26,1935.808527
65,27,65_27,1716.651056
65,28,65_28,1551.703314
65,29,65_29,1974.868415
65,30,65_30,1327.806299
65,31,65_31,1790.771972
65,32,65_32,1988.519141
65,33,65_33,967.4376569
65,34,65_34,1101.313409
65,35,65_35,1981.047582
65,36,65_36,1576.927528
65,37,65_37,1401.5164
65,38,65_38,854.4672508
65,39,65_39,1850.961735
65,40,65_40,1916.136223
65,41,65_41,660.3520382
65,42,65_42,691.8575395
65,43,65_43,1830.989114
65,44,65_44,1702.234905
65,45,65_45,1167.696063
65,46,65_46,622.0536995
65,47,65_47,1657.051418
65,48,65_48,697.1501186
65,49,65_49,640.3387656
65,50,65_50,946.8809875
65,51,65_51,508.1084168
65,52,65_52,452.2093507
65,53,65_53,1234.966092
65,54,65_54,1453.632269
65,55,65_55,1202.218966
65,56,65_56,1238.356787
65,57,65_57,670.156077
65,58,65_58,295.5957067
65,59,65_59,451.9215729
65,60,65_60,1377.302386
65,61,65_61,1404.416234
65,62,65_62,1105.498841
65,63,65_63,137.0761093
65,64,65_64,1406.084429
65,65,65_65,0