lambda,totalmiles,delay,avg_ordertime,emptymiles,repomiles
0,591435.718,7311.657081,39627.02607,9452.935328,1831.875525
100,638013.7555,640.9440655,35390.30658,36246.92555,14626.51197
500,659250.6972,526.0904732,35567.04925,41751.10667,23851.85469
1000,664603.8429,514.4321014,35739.9463,43287.32992,26594.55822
1000000,687541.7214,503.9320762,36210.35631,47830.82644,38963.25835
,,,,,
,,,,,
,,,,,
,,,,,
,,,,,
,,,,,
,,,,,
,,,,,
,,,,,
,,,,,
,,,,,
,,,,,s
