id,departure_timestamp,arrival_timestamp,ps_seq,Origin_PS,Destination_PS
513,2026-01-19T00:17:12.0,2026-01-28T05:54:57.531,"Any[1, 6, 11, 19, 25, 30, 37, 45, 53, 60]",1,60
822,2026-01-19T00:17:12.0,2026-01-21T05:54:57.531,"Any[1, 6, 11, 19, 25, 30, 37, 45, 53, 60]",1,60
1475,2026-01-19T00:38:52.0,2026-01-21T06:16:37.531,"Any[19, 25, 30, 37, 45]",19,45
788,2026-01-19T00:55:57.0,2026-01-21T06:33:42.531,"Any[53, 45, 37, 30, 25, 19, 11, 6, 1]",53,1
1152,2026-01-19T00:55:57.0,2026-01-21T06:33:42.531,"Any[53, 45, 37, 30, 25, 19, 11, 6, 1]",53,1
1261,2026-01-19T00:55:57.0,2026-01-28T06:33:42.531,"Any[53, 45, 37, 30, 25, 19, 11, 6, 1]",53,1
581,2026-01-19T01:16:53.0,2026-01-28T06:54:38.531,"Any[56, 45, 37, 30, 25, 19, 10]",56,10
1411,2026-01-19T01:38:03.0,2026-01-28T07:15:48.531,"Any[53, 45, 37, 30, 25, 17, 11, 6, 1]",53,1
851,2026-01-19T01:43:45.0,2026-01-21T07:21:30.531,"Any[53, 45, 37, 30, 25, 19, 11, 6, 1]",53,1
1413,2026-01-19T01:43:45.0,2026-01-28T07:21:30.531,"Any[53, 45, 37, 30, 25, 19, 11, 6, 1]",53,1
1419,2026-01-19T03:40:14.0,2026-01-21T09:17:59.531,"Any[53, 45, 37, 30, 25, 19, 11, 6, 1]",53,1
19,2026-01-19T04:47:47.0,2026-01-28T10:25:32.531,"Any[64, 60, 53, 45, 37, 30, 25, 19, 10]",64,10
1472,2026-01-19T04:48:23.0,2026-01-21T10:26:08.531,"Any[19, 17, 25, 30, 37, 45, 53]",19,53
172,2026-01-19T05:00:21.0,2026-01-21T10:38:06.531,"Any[7, 8, 13, 19, 25, 30, 37, 45, 53]",7,53
859,2026-01-19T05:02:34.0,2026-01-21T10:40:19.531,"Any[64, 60, 53, 45, 37, 30, 25, 19, 11, 6, 1]",64,1
1416,2026-01-19T05:24:48.669,2026-01-28T11:02:34.2,"Any[53, 45, 37, 30, 25, 19, 11, 6, 1]",53,1
107,2026-01-19T05:54:32.0,2026-01-28T11:32:17.531,"Any[53, 45, 37, 30, 25]",53,25
487,2026-01-19T05:54:32.0,2026-01-28T11:32:17.531,"Any[53, 45, 37, 30, 25]",53,25
1177,2026-01-19T06:14:16.0,2026-01-28T11:52:01.531,"Any[16, 25, 30, 37, 45, 53]",16,53
1148,2026-01-19T07:01:08.0,2026-01-21T12:38:53.531,"Any[3, 10, 19, 25, 30, 37, 45, 53]",3,53
504,2026-01-19T07:18:59.0,2026-01-28T12:56:44.531,"Any[8, 13, 19, 25, 30, 37, 45, 56]",8,56
1215,2026-01-19T07:40:13.0,2026-01-28T13:17:58.531,"Any[10, 19, 25, 30, 37, 45, 53]",10,53
364,2026-01-19T08:31:42.0,2026-01-21T14:09:27.531,"Any[8, 13, 19, 25, 30, 37, 45, 56]",8,56
1023,2026-01-19T08:31:42.0,2026-01-28T14:09:27.531,"Any[8, 13, 19, 25, 30, 37, 45, 56]",8,56
917,2026-01-19T08:43:10.0,2026-01-28T14:20:55.531,"Any[53, 45, 37, 30, 25, 19, 10]",53,10
728,2026-01-19T09:00:08.696,2026-01-28T14:37:54.227,"Any[64, 53, 45, 37, 30, 25, 11, 6, 1]",64,1
579,2026-01-19T09:16:37.0,2026-01-21T14:54:22.531,"Any[56, 45, 37, 30, 25]",56,25
329,2026-01-19T10:08:46.0,2026-01-28T15:46:31.531,"Any[60, 56, 45, 37, 30, 25, 19]",60,19
555,2026-01-19T10:08:46.0,2026-01-21T15:46:31.531,"Any[60, 56, 45, 37, 30, 25, 19]",60,19
911,2026-01-19T11:06:26.0,2026-01-21T16:44:11.531,"Any[3, 10, 11, 19, 25, 30, 37, 45]",3,45
1275,2026-01-19T11:22:43.0,2026-01-21T17:00:28.531,"Any[60, 53, 45, 37, 30, 25]",60,25
685,2026-01-19T11:40:42.0,2026-01-21T17:18:27.531,"Any[3, 6, 11, 19, 25, 30, 37, 45, 56, 60]",3,60
1026,2026-01-19T11:40:48.94,2026-01-28T17:18:34.471,"Any[14, 19, 25, 30, 37, 45, 53]",14,53
785,2026-01-19T11:52:06.0,2026-01-21T17:29:51.531,"Any[53, 45, 37, 30, 25]",53,25
611,2026-01-19T13:03:36.0,2026-01-28T18:41:21.531,"Any[8, 13, 19, 25, 30, 37, 45]",8,45
1202,2026-01-19T13:03:36.0,2026-01-28T18:41:21.531,"Any[8, 13, 19, 25, 30, 37, 45]",8,45
790,2026-01-19T13:14:28.16,2026-01-21T18:52:13.691,"Any[64, 60, 56, 45, 37, 30, 25, 19, 11, 6]",64,6
1564,2026-01-19T13:31:43.0,2026-01-28T19:09:28.531,"Any[6, 11, 19, 25, 30, 37, 45, 53]",6,53
452,2026-01-19T13:33:03.0,2026-01-28T19:10:48.531,"Any[45, 37, 30, 25]",45,25
1032,2026-01-19T13:47:03.0,2026-01-28T19:24:48.531,"Any[19, 25, 30, 37, 45]",19,45
1266,2026-01-19T14:01:59.0,2026-01-28T19:39:44.531,"Any[6, 11, 16, 25, 30, 37, 45]",6,45
673,2026-01-19T14:12:03.0,2026-01-28T19:49:48.531,"Any[7, 8, 13, 19, 25, 30, 37, 45, 56]",7,56
752,2026-01-19T14:12:03.0,2026-01-28T19:49:48.531,"Any[7, 8, 13, 19, 25, 30, 37, 45, 56]",7,56
1191,2026-01-19T14:12:03.0,2026-01-28T19:49:48.531,"Any[7, 8, 13, 19, 25, 30, 37, 45, 56]",7,56
155,2026-01-19T14:44:11.0,2026-01-28T20:21:56.531,"Any[64, 56, 45, 37, 30, 25, 19, 11, 6, 2]",64,2
735,2026-01-19T14:45:23.0,2026-01-21T20:23:08.531,"Any[53, 45, 37, 30, 25, 19, 10]",53,10
88,2026-01-19T15:11:39.0,2026-01-28T20:49:24.531,"Any[14, 19, 25, 30, 37, 45, 53]",14,53
457,2026-01-19T15:11:39.0,2026-01-21T20:49:24.531,"Any[14, 19, 25, 30, 37, 45, 53]",14,53
421,2026-01-19T15:29:40.0,2026-01-21T21:07:25.531,"Any[17, 16, 25, 30, 37, 45, 53]",17,53
994,2026-01-19T15:36:18.0,2026-01-21T21:14:03.531,"Any[60, 56, 45, 37, 30, 25, 19, 14]",60,14
453,2026-01-19T16:16:10.0,2026-01-21T21:53:55.531,"Any[19, 25, 30, 37, 45, 53]",19,53
1031,2026-01-19T16:16:10.0,2026-01-21T21:53:55.531,"Any[19, 25, 30, 37, 45, 53]",19,53
376,2026-01-19T16:17:37.0,2026-01-28T21:55:22.531,"Any[53, 45, 37, 30, 25]",53,25
1137,2026-01-19T16:35:38.0,2026-01-21T22:13:23.531,"Any[60, 56, 45, 37, 30, 25, 19, 13, 8]",60,8
1296,2026-01-19T16:42:08.0,2026-01-21T22:19:53.531,"Any[60, 53, 45, 37, 30, 25, 19, 13, 8]",60,8
1289,2026-01-19T16:43:05.0,2026-01-28T22:20:50.531,"Any[60, 53, 45, 37, 30, 25, 19]",60,19
20,2026-01-19T16:43:13.0,2026-01-28T22:20:58.531,"Any[60, 56, 45, 37, 30, 25, 19, 17, 19, 11, 6]",60,6
515,2026-01-19T16:43:13.0,2026-01-28T22:20:58.531,"Any[60, 56, 45, 37, 30, 25, 19, 17, 19, 11, 6]",60,6
1440,2026-01-19T16:43:27.0,2026-01-28T22:21:12.531,"Any[25, 30, 37, 45, 56, 60, 64]",25,64
1442,2026-01-19T16:43:27.0,2026-01-21T22:21:12.531,"Any[25, 30, 37, 45, 56, 60, 64]",25,64
1364,2026-01-19T17:02:24.0,2026-01-28T22:40:09.531,"Any[53, 45, 37, 30, 25]",53,25
1332,2026-01-19T17:37:37.0,2026-01-21T23:15:22.531,"Any[56, 45, 37, 30, 25, 19, 11, 6]",56,6
1344,2026-01-19T17:37:37.0,2026-01-21T23:15:22.531,"Any[56, 45, 37, 30, 25, 19, 11, 6]",56,6
1303,2026-01-19T17:43:09.0,2026-01-21T23:20:54.531,"Any[56, 45, 37, 30, 25]",56,25
567,2026-01-19T17:58:55.245,2026-01-28T23:36:40.776,"Any[54, 44, 36, 23, 19, 13, 8]",54,8
669,2026-01-19T18:34:39.0,2026-01-22T00:12:24.531,"Any[56, 45, 37, 30, 25]",56,25
179,2026-01-19T20:03:13.279,2026-01-29T01:40:58.81,"Any[10, 19, 25, 30, 37, 45, 53]",10,53
1004,2026-01-19T20:08:37.764,2026-01-22T01:46:23.295,"Any[54, 44, 36, 23, 19, 13, 8]",54,8
625,2026-01-19T20:10:49.0,2026-01-29T01:48:34.531,"Any[53, 45, 37, 30, 25, 19, 10]",53,10
1005,2026-01-19T20:10:49.0,2026-01-22T01:48:34.531,"Any[53, 45, 37, 30, 25, 19, 10]",53,10
661,2026-01-19T21:15:58.0,2026-01-29T02:53:43.531,"Any[8, 13, 19, 25, 30, 37, 45, 56]",8,56
183,2026-01-19T21:18:53.894,2026-01-22T02:56:39.425,"Any[10, 25, 30, 37, 45, 53, 60]",10,60
200,2026-01-19T21:18:53.894,2026-01-22T02:56:39.425,"Any[10, 25, 30, 37, 45, 53, 60]",10,60
795,2026-01-19T21:28:47.0,2026-01-29T03:06:32.531,"Any[6, 11, 19, 25, 30, 37, 45]",6,45
150,2026-01-19T21:33:41.0,2026-01-22T03:11:26.531,"Any[10, 19, 25, 30, 37, 45, 53, 60]",10,60
562,2026-01-19T21:33:41.0,2026-01-22T03:11:26.531,"Any[10, 19, 25, 30, 37, 45, 53, 60]",10,60
1170,2026-01-19T21:33:41.0,2026-01-22T03:11:26.531,"Any[10, 19, 25, 30, 37, 45, 53, 60]",10,60
1586,2026-01-19T21:33:41.0,2026-01-29T03:11:26.531,"Any[10, 19, 25, 30, 37, 45, 53, 60]",10,60
36,2026-01-19T21:47:04.0,2026-01-22T03:24:49.531,"Any[7, 8, 13, 19, 30, 37, 45, 53, 60]",7,60
253,2026-01-19T21:55:18.0,2026-01-22T03:33:03.531,"Any[19, 25, 30, 37, 45, 53]",19,53
459,2026-01-19T22:05:35.0,2026-01-29T03:43:20.531,"Any[60, 53, 45, 37, 30, 25, 19, 13, 8]",60,8
783,2026-01-19T23:09:32.399,2026-01-22T04:47:17.93,"Any[8, 13, 19, 25, 30, 37, 45, 56]",8,56
355,2026-01-19T23:16:18.0,2026-01-29T04:54:03.531,"Any[10, 19, 25, 30, 37, 45, 53]",10,53
1180,2026-01-19T23:16:18.0,2026-01-29T04:54:03.531,"Any[10, 19, 25, 30, 37, 45, 53]",10,53
1287,2026-01-19T23:24:09.53,2026-01-29T05:01:55.061,"Any[60, 56, 45, 37, 30, 25, 19]",60,19
510,2026-01-19T23:46:28.0,2026-01-22T05:24:13.531,"Any[53, 45, 37, 30, 25, 19, 11, 6, 1]",53,1
621,2026-01-19T23:46:28.0,2026-01-29T05:24:13.531,"Any[53, 45, 37, 30, 25, 19, 11, 6, 1]",53,1
1406,2026-01-19T23:52:49.0,2026-01-29T05:30:34.531,"Any[53, 45, 37, 30, 25, 19, 13, 8]",53,8
664,2026-01-19T23:53:37.0,2026-01-22T05:31:22.531,"Any[53, 45, 37, 30, 25, 19, 10]",53,10
82,2026-01-19T23:59:35.0,2026-01-22T05:37:20.531,"Any[1, 6, 11, 19, 23, 36, 44, 54, 60]",1,60
544,2026-01-19T23:59:35.0,2026-01-29T05:37:20.531,"Any[1, 6, 11, 19, 23, 36, 44, 54, 60]",1,60
1522,2026-01-19T23:59:35.0,2026-01-22T05:37:20.531,"Any[1, 6, 11, 19, 23, 36, 44, 54, 60]",1,60
486,2026-01-20T00:21:38.0,2026-01-22T05:59:23.531,"Any[10, 19, 30, 37, 45, 53]",10,53
1016,2026-01-20T00:21:38.0,2026-01-29T05:59:23.531,"Any[10, 19, 30, 37, 45, 53]",10,53
797,2026-01-20T00:38:52.0,2026-01-22T06:16:37.531,"Any[64, 60, 53, 45, 37, 30, 25, 19, 10]",64,10
1068,2026-01-20T00:55:26.0,2026-01-22T06:33:11.531,"Any[53, 45, 37, 30, 25, 19, 10]",53,10
174,2026-01-20T01:02:01.0,2026-01-22T06:39:46.531,"Any[8, 13, 19, 25, 30, 37, 45, 56]",8,56
987,2026-01-20T01:38:57.0,2026-01-29T07:16:42.531,"Any[53, 45, 37, 30, 25, 19, 10]",53,10
429,2026-01-20T02:00:00.0,2026-01-29T07:37:45.531,"Any[7, 8, 13, 19, 25, 30, 37, 45, 53, 60]",7,60
541,2026-01-20T02:13:39.0,2026-01-22T07:51:24.531,"Any[53, 45, 37, 30, 25, 19, 11, 6, 1]",53,1
170,2026-01-20T02:57:02.0,2026-01-22T08:34:47.531,"Any[7, 8, 13, 19, 25, 30, 37, 45, 56]",7,56
519,2026-01-20T02:57:02.0,2026-01-29T08:34:47.531,"Any[7, 8, 13, 19, 25, 30, 37, 45, 56]",7,56
762,2026-01-20T02:57:02.0,2026-01-29T08:34:47.531,"Any[7, 8, 13, 19, 25, 30, 37, 45, 56]",7,56
444,2026-01-20T03:14:59.0,2026-01-29T08:52:44.531,"Any[64, 60, 53, 45, 37, 30, 25, 19, 10]",64,10
563,2026-01-20T05:16:03.0,2026-01-29T10:53:48.531,"Any[10, 19, 25, 30, 37, 45, 53]",10,53
1091,2026-01-20T05:16:03.0,2026-01-22T10:53:48.531,"Any[10, 19, 25, 30, 37, 45, 53]",10,53
263,2026-01-20T05:45:32.0,2026-01-29T11:23:17.531,"Any[53, 45, 37, 30, 25, 19, 13, 8]",53,8
1227,2026-01-20T05:45:32.0,2026-01-22T11:23:17.531,"Any[53, 45, 37, 30, 25, 19, 13, 8]",53,8
1231,2026-01-20T06:39:10.591,2026-01-29T12:16:56.122,"Any[10, 19, 25, 30, 37, 45, 53]",10,53
963,2026-01-20T07:07:21.0,2026-01-22T12:45:06.531,"Any[8, 13, 19, 25, 30, 37, 45, 56]",8,56
1222,2026-01-20T07:13:42.0,2026-01-22T12:51:27.531,"Any[60, 56, 45, 37, 30, 25]",60,25
1273,2026-01-20T07:13:42.0,2026-01-29T12:51:27.531,"Any[60, 56, 45, 37, 30, 25]",60,25
1295,2026-01-20T07:23:24.0,2026-01-22T13:01:09.531,"Any[60, 56, 45, 37, 30, 25, 19, 13, 8]",60,8
309,2026-01-20T07:27:07.0,2026-01-29T13:04:52.531,"Any[8, 13, 19, 25, 30, 37, 45, 56]",8,56
1493,2026-01-20T07:27:07.0,2026-01-22T13:04:52.531,"Any[8, 13, 19, 25, 30, 37, 45, 56]",8,56
560,2026-01-20T07:32:37.0,2026-01-29T13:10:22.531,"Any[13, 19, 25, 30, 37, 45, 56]",13,56
715,2026-01-20T08:29:37.0,2026-01-29T14:07:22.531,"Any[56, 45, 37, 30, 25]",56,25
242,2026-01-20T08:41:47.0,2026-01-29T14:19:32.531,"Any[7, 8, 13, 19, 25, 30, 37, 45, 53]",7,53
318,2026-01-20T08:41:47.0,2026-01-29T14:19:32.531,"Any[7, 8, 13, 19, 25, 30, 37, 45, 53]",7,53
442,2026-01-20T09:36:07.0,2026-01-29T15:13:52.531,"Any[1, 6, 11, 19, 25, 30, 37, 45, 56]",1,56
1439,2026-01-20T10:03:11.0,2026-01-29T15:40:56.531,"Any[45, 37, 30, 25]",45,25
192,2026-01-20T10:05:49.0,2026-01-29T15:43:34.531,"Any[45, 37, 30, 25]",45,25
573,2026-01-20T10:07:14.0,2026-01-22T15:44:59.531,"Any[60, 53, 45, 37, 30, 25, 19, 11, 6]",60,6
1456,2026-01-20T10:23:59.0,2026-01-29T16:01:44.531,"Any[19, 25, 30, 37, 45, 56]",19,56
86,2026-01-20T10:27:16.0,2026-01-29T16:05:01.531,"Any[53, 45, 37, 30, 25, 19, 11, 6, 1]",53,1
683,2026-01-20T10:50:54.55,2026-01-29T16:28:40.081,"Any[19, 25, 30, 37, 45, 53]",19,53
46,2026-01-20T10:59:56.0,2026-01-29T16:37:41.531,"Any[19, 25, 30, 37, 45, 53]",19,53
1470,2026-01-20T10:59:56.0,2026-01-22T16:37:41.531,"Any[19, 25, 30, 37, 45, 53]",19,53
407,2026-01-20T11:26:52.0,2026-01-29T17:04:37.531,"Any[56, 45, 37, 30, 25, 19, 11, 6]",56,6
1350,2026-01-20T11:26:52.0,2026-01-22T17:04:37.531,"Any[56, 45, 37, 30, 25, 19, 11, 6]",56,6
15,2026-01-20T11:29:00.0,2026-01-29T17:06:45.531,"Any[6, 11, 19, 25, 30, 37, 45]",6,45
1264,2026-01-20T11:39:08.0,2026-01-22T17:16:53.531,"Any[6, 11, 19, 25, 30, 37, 45]",6,45
210,2026-01-20T11:46:22.0,2026-01-29T17:24:07.531,"Any[8, 13, 19, 25, 30, 37, 45, 56]",8,56
284,2026-01-20T11:52:44.0,2026-01-22T17:30:29.531,"Any[62, 45, 37, 30, 25, 19, 13, 8]",62,8
1034,2026-01-20T12:21:30.0,2026-01-29T17:59:15.531,"Any[53, 45, 37, 30, 25, 19, 10]",53,10
279,2026-01-20T12:38:34.032,2026-01-22T18:16:19.563,"Any[8, 13, 19, 25, 30, 37, 45]",8,45
617,2026-01-20T13:00:08.0,2026-01-29T18:37:53.531,"Any[53, 45, 37, 30, 25, 19, 13, 8]",53,8
1388,2026-01-20T13:00:08.0,2026-01-22T18:37:53.531,"Any[53, 45, 37, 30, 25, 19, 13, 8]",53,8
998,2026-01-20T13:00:21.0,2026-01-29T18:38:06.531,"Any[53, 45, 37, 30, 25, 19, 10]",53,10
1099,2026-01-20T13:27:15.0,2026-01-22T19:05:00.531,"Any[53, 45, 37, 30, 25, 19, 13, 8]",53,8
1380,2026-01-20T13:27:15.0,2026-01-29T19:05:00.531,"Any[53, 45, 37, 30, 25, 19, 13, 8]",53,8
545,2026-01-20T13:30:09.0,2026-01-22T19:07:54.531,"Any[19, 25, 30, 37, 45, 56]",19,56
559,2026-01-20T14:41:12.588,2026-01-22T20:18:58.119,"Any[3, 6, 11, 16, 25, 30, 37, 45, 56]",3,56
396,2026-01-20T14:47:15.0,2026-01-22T20:25:00.531,"Any[6, 11, 19, 25, 30, 37, 45]",6,45
1276,2026-01-20T14:54:28.675,2026-01-22T20:32:14.206,"Any[60, 56, 45, 37, 30, 25]",60,25
556,2026-01-20T14:58:14.0,2026-01-29T20:35:59.531,"Any[8, 13, 19, 25, 30, 37, 45, 56]",8,56
1511,2026-01-20T14:58:14.0,2026-01-29T20:35:59.531,"Any[8, 13, 19, 25, 30, 37, 45, 56]",8,56
1326,2026-01-20T15:13:30.0,2026-01-29T20:51:15.531,"Any[56, 45, 37, 30, 25, 19, 11, 6]",56,6
881,2026-01-20T15:33:22.0,2026-01-29T21:11:07.531,"Any[6, 11, 19, 25, 30, 37, 45]",6,45
1047,2026-01-20T15:34:52.566,2026-01-29T21:12:38.097,"Any[64, 60, 56, 45, 37, 30, 25, 19]",64,19
1255,2026-01-20T15:42:06.0,2026-01-29T21:19:51.531,"Any[8, 13, 19, 25, 30, 37, 45, 56]",8,56
731,2026-01-20T16:02:05.54,2026-01-22T21:39:51.071,"Any[8, 13, 25, 30, 37, 45, 56]",8,56
89,2026-01-20T16:02:26.0,2026-01-22T21:40:11.531,"Any[56, 45, 37, 30, 25, 19, 11, 6]",56,6
484,2026-01-20T16:02:26.0,2026-01-29T21:40:11.531,"Any[56, 45, 37, 30, 25, 19, 11, 6]",56,6
1277,2026-01-20T16:05:20.103,2026-01-29T21:43:05.634,"Any[60, 56, 45, 37, 30, 25]",60,25
367,2026-01-20T16:08:11.0,2026-01-29T21:45:56.531,"Any[5, 6, 11, 19, 25, 30, 37, 45]",5,45
1220,2026-01-20T16:08:11.0,2026-01-29T21:45:56.531,"Any[5, 6, 11, 19, 25, 30, 37, 45]",5,45
1596,2026-01-20T16:08:21.0,2026-01-22T21:46:06.531,"Any[10, 19, 25, 30, 37, 45]",10,45
485,2026-01-20T16:10:53.0,2026-01-22T21:48:38.531,"Any[56, 45, 37, 30, 25, 19, 11, 6, 6, 1]",56,6
1343,2026-01-20T16:10:53.0,2026-01-29T21:48:38.531,"Any[56, 45, 37, 30, 25, 19, 11, 6, 6, 1]",56,6
578,2026-01-20T16:11:46.0,2026-01-22T21:49:31.531,"Any[3, 10, 19, 25, 30, 37, 45, 53]",3,53
203,2026-01-20T16:33:41.0,2026-01-22T22:11:26.531,"Any[19, 25, 30, 37, 45, 56]",19,56
1214,2026-01-20T16:33:41.0,2026-01-22T22:11:26.531,"Any[19, 25, 30, 37, 45, 56]",19,56
1409,2026-01-20T16:35:07.0,2026-01-29T22:12:52.531,"Any[53, 45, 37, 30, 25, 19, 13, 8]",53,8
602,2026-01-20T16:39:20.0,2026-01-29T22:17:05.531,"Any[1, 6, 11, 19, 25, 30, 37, 45, 56]",1,56
701,2026-01-20T16:41:10.0,2026-01-22T22:18:55.531,"Any[8, 13, 25, 30, 37, 45, 56]",8,56
467,2026-01-20T16:43:21.0,2026-01-29T22:21:06.531,"Any[56, 45, 37, 30, 25, 19, 11, 6]",56,6
448,2026-01-20T16:44:39.0,2026-01-22T22:22:24.531,"Any[10, 19, 25, 30, 37, 45, 53]",10,53
356,2026-01-20T16:55:12.0,2026-01-22T22:32:57.531,"Any[64, 60, 56, 45, 37, 30, 25, 19, 13, 8]",64,8
820,2026-01-20T16:57:14.0,2026-01-29T22:34:59.531,"Any[60, 53, 45, 37, 30, 25, 19]",60,19
1286,2026-01-20T16:57:14.0,2026-01-29T22:34:59.531,"Any[60, 53, 45, 37, 30, 25, 19]",60,19
606,2026-01-20T16:59:58.0,2026-01-29T22:37:43.531,"Any[6, 11, 19, 25, 30, 37, 45]",6,45
1072,2026-01-20T17:13:02.0,2026-01-29T22:50:47.531,"Any[7, 8, 13, 19, 25, 30, 37, 45]",7,45
430,2026-01-20T17:28:51.446,2026-01-22T23:06:36.977,"Any[56, 45, 37, 30, 25]",56,25
307,2026-01-20T17:36:02.0,2026-01-29T23:13:47.531,"Any[6, 11, 19, 25, 30, 37, 45]",6,45
695,2026-01-20T17:36:02.0,2026-01-22T23:13:47.531,"Any[6, 11, 19, 25, 30, 37, 45]",6,45
1335,2026-01-20T17:46:06.358,2026-01-22T23:23:51.889,"Any[56, 45, 37, 30, 25, 19, 11, 6]",56,6
205,2026-01-20T18:18:40.725,2026-01-22T23:56:26.256,"Any[56, 45, 37, 30, 25, 19, 11, 6]",56,6
1337,2026-01-20T18:18:40.725,2026-01-22T23:56:26.256,"Any[56, 45, 37, 30, 25, 19, 11, 6]",56,6
1347,2026-01-20T18:18:40.725,2026-01-29T23:56:26.256,"Any[56, 45, 37, 30, 25, 19, 11, 6]",56,6
35,2026-01-20T18:19:05.0,2026-01-22T23:56:50.531,"Any[6, 11, 19, 25, 30, 37, 45]",6,45
423,2026-01-20T18:19:44.0,2026-01-29T23:57:29.531,"Any[53, 45, 37, 30, 25, 19, 11, 6, 1]",53,1
914,2026-01-20T18:19:44.0,2026-01-29T23:57:29.531,"Any[53, 45, 37, 30, 25, 19, 11, 6, 1]",53,1
988,2026-01-20T18:19:44.0,2026-01-29T23:57:29.531,"Any[53, 45, 37, 30, 25, 19, 11, 6, 1]",53,1
1446,2026-01-20T18:35:31.0,2026-01-30T00:13:16.531,"Any[25, 30, 37, 45, 53, 60, 64]",25,64
1451,2026-01-20T18:35:31.0,2026-01-30T00:13:16.531,"Any[25, 30, 37, 45, 53, 60, 64]",25,64
975,2026-01-20T18:38:43.0,2026-01-23T00:16:28.531,"Any[8, 13, 19, 25, 30, 37, 45, 56]",8,56
638,2026-01-20T18:49:25.0,2026-01-30T00:27:10.531,"Any[5, 6, 11, 25, 30, 37, 45, 56]",5,56
25,2026-01-20T19:25:08.0,2026-01-23T01:02:53.531,"Any[53, 45, 37, 30, 25, 19, 13, 8]",53,8
765,2026-01-20T19:25:08.0,2026-01-30T01:02:53.531,"Any[53, 45, 37, 30, 25, 19, 13, 8]",53,8
960,2026-01-20T19:32:09.0,2026-01-30T01:09:54.531,"Any[10, 19, 25, 30, 37, 45, 53]",10,53
92,2026-01-20T19:37:56.0,2026-01-23T01:15:41.531,"Any[8, 13, 19, 25, 30, 37, 45]",8,45
1113,2026-01-20T19:37:56.0,2026-01-30T01:15:41.531,"Any[8, 13, 19, 25, 30, 37, 45]",8,45
518,2026-01-20T19:39:26.584,2026-01-23T01:17:12.115,"Any[53, 45, 37, 30, 25]",53,25
95,2026-01-20T19:50:28.0,2026-01-30T01:28:13.531,"Any[53, 45, 37, 30, 25, 19, 13, 8]",53,8
558,2026-01-20T20:16:57.0,2026-01-23T01:54:42.531,"Any[10, 19, 25, 30, 37, 45, 53]",10,53
1086,2026-01-20T20:21:58.0,2026-01-30T01:59:43.531,"Any[7, 8, 13, 19, 25, 30, 37, 45]",7,45
1097,2026-01-20T20:21:58.0,2026-01-30T01:59:43.531,"Any[7, 8, 13, 19, 25, 30, 37, 45]",7,45
21,2026-01-20T20:38:16.0,2026-01-30T02:16:01.531,"Any[3, 10, 19, 25, 30, 37, 45, 53]",3,53
768,2026-01-20T20:38:16.0,2026-01-23T02:16:01.531,"Any[3, 10, 19, 25, 30, 37, 45, 53]",3,53
1223,2026-01-20T20:38:16.0,2026-01-23T02:16:01.531,"Any[3, 10, 19, 25, 30, 37, 45, 53]",3,53
300,2026-01-20T20:57:02.0,2026-01-30T02:34:47.531,"Any[7, 8, 13, 19, 25, 30, 37, 45, 53]",7,53
949,2026-01-20T20:58:23.0,2026-01-23T02:36:08.531,"Any[53, 45, 37, 30, 25, 19, 11, 6, 1]",53,1
997,2026-01-20T20:58:23.0,2026-01-23T02:36:08.531,"Any[53, 45, 37, 30, 25, 19, 11, 6, 1]",53,1
1414,2026-01-20T20:58:23.0,2026-01-30T02:36:08.531,"Any[53, 45, 37, 30, 25, 19, 11, 6, 1]",53,1
282,2026-01-20T21:07:22.0,2026-01-30T02:45:07.531,"Any[7, 8, 13, 19, 25, 30, 37, 45, 53, 60]",7,60
1111,2026-01-20T21:07:22.0,2026-01-23T02:45:07.531,"Any[7, 8, 13, 19, 25, 30, 37, 45, 53, 60]",7,60
495,2026-01-20T21:13:03.0,2026-01-23T02:50:48.531,"Any[60, 56, 45, 37, 30, 25]",60,25
1150,2026-01-20T21:33:36.0,2026-01-23T03:11:21.531,"Any[8, 13, 19, 25, 30, 37, 45, 56]",8,56
520,2026-01-20T21:40:19.0,2026-01-30T03:18:04.531,"Any[10, 19, 25, 30, 37, 45, 56, 60]",10,60
551,2026-01-20T21:40:19.0,2026-01-23T03:18:04.531,"Any[10, 19, 25, 30, 37, 45, 56, 60]",10,60
1557,2026-01-20T21:40:26.0,2026-01-23T03:18:11.531,"Any[6, 11, 16, 25, 30, 37, 45, 53]",6,53
861,2026-01-20T21:56:27.0,2026-01-23T03:34:12.531,"Any[7, 8, 13, 19, 25, 30, 37, 45, 53]",7,53
435,2026-01-20T21:56:51.0,2026-01-30T03:34:36.531,"Any[53, 45, 37, 30, 25, 19, 13, 8]",53,8
1385,2026-01-20T21:56:51.0,2026-01-23T03:34:36.531,"Any[53, 45, 37, 30, 25, 19, 13, 8]",53,8
1056,2026-01-20T22:24:18.0,2026-01-30T04:02:03.531,"Any[53, 45, 37, 30, 25, 19, 10]",53,10
123,2026-01-20T22:36:30.0,2026-01-30T04:14:15.531,"Any[53, 45, 37, 30, 25]",53,25
1272,2026-01-20T22:36:30.0,2026-01-23T04:14:15.531,"Any[53, 45, 37, 30, 25]",53,25
1566,2026-01-20T22:43:00.0,2026-01-30T04:20:45.531,Any[],6,54
1251,2026-01-20T22:44:13.18,2026-01-23T04:21:58.711,"Any[10, 19, 25, 30, 37, 45, 53]",10,53
1525,2026-01-20T22:45:19.0,2026-01-30T04:23:04.531,"Any[1, 6, 11, 19, 25, 30, 37, 45, 56, 60]",1,60
108,2026-01-20T22:48:10.0,2026-01-30T04:25:55.531,"Any[60, 53, 45, 37, 30, 25]",60,25
1477,2026-01-20T22:49:03.0,2026-01-23T04:26:48.531,"Any[8, 13, 19, 25, 30, 37, 45, 56]",8,56
613,2026-01-20T23:03:47.0,2026-01-23T04:41:32.531,"Any[8, 13, 19, 25, 30, 37, 45, 56]",8,56
1499,2026-01-20T23:07:24.0,2026-01-30T04:45:09.531,"Any[8, 13, 19, 25, 30, 37, 45, 56]",8,56
694,2026-01-20T23:34:29.0,2026-01-30T05:12:14.531,"Any[7, 8, 13, 19, 25, 30, 37, 45, 53, 60]",7,60
264,2026-01-20T23:38:53.0,2026-01-30T05:16:38.531,"Any[60, 56, 45, 37, 30, 25, 19, 11, 6]",60,6
266,2026-01-20T23:54:15.0,2026-01-23T05:32:00.531,"Any[64, 53, 45, 37, 30, 25, 19, 10]",64,10
1458,2026-01-21T00:01:44.0,2026-01-23T05:39:29.531,"Any[19, 30, 37, 45, 56]",19,56
447,2026-01-21T00:14:10.0,2026-01-30T05:51:55.531,"Any[6, 11, 19, 25, 30, 37, 45]",6,45
477,2026-01-21T00:14:10.0,2026-01-23T05:51:55.531,"Any[6, 11, 19, 25, 30, 37, 45]",6,45
493,2026-01-21T00:16:00.0,2026-01-30T05:53:45.531,"Any[53, 45, 37, 30, 25]",53,25
1360,2026-01-21T00:16:06.0,2026-01-30T05:53:51.531,"Any[53, 45, 37, 30, 25]",53,25
1520,2026-01-21T00:18:40.0,2026-01-23T05:56:25.531,"Any[1, 6, 11, 19, 23, 16, 23, 36, 44, 60]",1,60
1216,2026-01-21T00:20:13.0,2026-01-23T05:57:58.531,"Any[1, 6, 11, 19, 23, 36, 44, 54, 60]",1,60
1189,2026-01-21T00:28:19.0,2026-01-30T06:06:04.531,"Any[10, 11, 19, 25, 30, 37, 45, 53]",10,53
1426,2026-01-21T00:35:32.25,2026-01-23T06:13:17.781,"Any[53, 45, 37, 30, 25, 19, 11, 6, 1]",53,1
48,2026-01-21T01:00:03.0,2026-01-30T06:37:48.531,"Any[10, 19, 25, 30, 37, 45, 53]",10,53
712,2026-01-21T01:00:03.0,2026-01-23T06:37:48.531,"Any[10, 19, 25, 30, 37, 45, 53]",10,53
1581,2026-01-21T02:04:10.0,2026-01-23T07:41:55.531,"Any[10, 19, 25, 30, 37, 45, 53, 60]",10,60
1595,2026-01-21T02:04:10.0,2026-01-30T07:41:55.531,"Any[10, 19, 25, 30, 37, 45, 53, 60]",10,60
393,2026-01-21T02:16:51.0,2026-01-23T07:54:36.531,"Any[10, 19, 25, 30, 37, 45, 53, 60]",10,60
1188,2026-01-21T02:35:19.0,2026-01-30T08:13:04.531,"Any[60, 56, 45, 37, 30, 25, 19, 11, 6]",60,6
1012,2026-01-21T02:35:35.0,2026-01-30T08:13:20.531,"Any[53, 45, 37, 30, 25, 19, 11, 6, 1]",53,1
1464,2026-01-21T02:56:48.0,2026-01-23T08:34:33.531,"Any[19, 25, 30, 37, 45, 56]",19,56
212,2026-01-21T04:00:31.0,2026-01-23T09:38:16.531,"Any[64, 53, 45, 37, 30, 25, 19, 10]",64,10
632,2026-01-21T04:00:31.0,2026-01-23T09:38:16.531,"Any[64, 53, 45, 37, 30, 25, 19, 10]",64,10
696,2026-01-21T04:27:50.0,2026-01-30T10:05:35.531,"Any[64, 53, 45, 37, 30, 25, 19, 13, 8]",64,8
1212,2026-01-21T04:27:50.0,2026-01-30T10:05:35.531,"Any[64, 53, 45, 37, 30, 25, 19, 13, 8]",64,8
511,2026-01-21T04:35:18.0,2026-01-23T10:13:03.531,"Any[6, 11, 16, 25, 30, 37, 45, 53]",6,53
224,2026-01-21T05:23:07.0,2026-01-30T11:00:52.531,"Any[64, 60, 53, 45, 37, 30, 25, 19, 11, 6, 1]",64,1
228,2026-01-21T05:23:07.0,2026-01-23T11:00:52.531,"Any[64, 60, 53, 45, 37, 30, 25, 19, 11, 6, 1]",64,1
416,2026-01-21T06:29:09.0,2026-01-23T12:06:54.531,"Any[1, 6, 11, 16, 25, 30, 37, 45, 56]",1,56
365,2026-01-21T06:29:51.5,2026-01-23T12:07:37.031,"Any[16, 25, 30, 37, 45, 53]",16,53
713,2026-01-21T06:38:22.0,2026-01-30T12:16:07.531,"Any[53, 45, 37, 25]",53,25
913,2026-01-21T06:53:21.0,2026-01-30T12:31:06.531,"Any[8, 13, 19, 25, 30, 37, 45, 56]",8,56
1173,2026-01-21T06:53:21.0,2026-01-30T12:31:06.531,"Any[8, 13, 19, 25, 30, 37, 45, 56]",8,56
824,2026-01-21T07:37:17.0,2026-01-30T13:15:02.531,"Any[8, 13, 19, 25, 30, 37, 45]",8,45
1463,2026-01-21T07:38:47.0,2026-01-23T13:16:32.531,"Any[19, 25, 30, 37, 45, 56]",19,56
237,2026-01-21T07:40:54.0,2026-01-23T13:18:39.531,"Any[64, 53, 45, 37, 30, 25, 19, 10]",64,10
374,2026-01-21T08:23:23.0,2026-01-23T14:01:08.531,"Any[10, 19, 25, 30, 37, 45]",10,45
377,2026-01-21T08:23:23.0,2026-01-30T14:01:08.531,"Any[10, 19, 25, 30, 37, 45]",10,45
926,2026-01-21T08:31:21.0,2026-01-30T14:09:06.531,"Any[8, 13, 19, 25, 30, 37, 45, 56]",8,56
872,2026-01-21T08:49:55.0,2026-01-30T14:27:40.531,"Any[6, 11, 16, 25, 30, 37, 45]",6,45
724,2026-01-21T08:52:05.0,2026-01-30T14:29:50.531,"Any[53, 45, 37, 30, 25, 19, 11, 6, 1]",53,1
756,2026-01-21T08:55:26.0,2026-01-23T14:33:11.531,"Any[53, 45, 37, 30, 25, 19, 11, 6, 1]",53,1
1417,2026-01-21T08:55:26.0,2026-01-30T14:33:11.531,"Any[53, 45, 37, 30, 25, 19, 11, 6, 1]",53,1
672,2026-01-21T08:57:51.0,2026-01-23T14:35:36.531,"Any[53, 45, 37, 30, 25, 19, 13, 8]",53,8
190,2026-01-21T08:58:31.0,2026-01-30T14:36:16.531,"Any[60, 56, 45, 37, 30, 25, 19, 17, 19, 11, 6, 6, 1]",60,6
637,2026-01-21T09:03:45.0,2026-01-23T14:41:30.531,"Any[5, 6, 10, 19, 25, 30, 37, 45, 56]",5,56
726,2026-01-21T09:14:49.0,2026-01-30T14:52:34.531,"Any[8, 13, 19, 25, 30, 37, 45, 56]",8,56
1547,2026-01-21T09:36:53.0,2026-01-30T15:14:38.531,"Any[3, 10, 19, 25, 30, 37, 45, 53, 60]",3,60
199,2026-01-21T09:48:00.0,2026-01-23T15:25:45.531,"Any[64, 60, 53, 45, 37, 30, 25, 19, 10]",64,10
1568,2026-01-21T09:49:07.0,2026-01-30T15:26:52.531,"Any[6, 10, 19, 25, 30, 37, 45]",6,45
191,2026-01-21T10:05:36.776,2026-01-23T15:43:22.307,"Any[8, 13, 19, 25, 30, 37, 45, 56]",8,56
1144,2026-01-21T10:11:45.0,2026-01-30T15:49:30.531,"Any[17, 16, 17, 25, 30, 37, 45, 53]",17,53
22,2026-01-21T10:18:12.0,2026-01-30T15:55:57.531,"Any[17, 25, 30, 37, 45, 53]",17,53
32,2026-01-21T10:18:12.0,2026-01-30T15:55:57.531,"Any[17, 25, 30, 37, 45, 53]",17,53
1092,2026-01-21T10:18:12.0,2026-01-23T15:55:57.531,"Any[17, 25, 30, 37, 45, 53]",17,53
343,2026-01-21T10:21:07.0,2026-01-30T15:58:52.531,"Any[17, 25, 30, 37, 45, 53]",17,53
732,2026-01-21T10:21:07.0,2026-01-30T15:58:52.531,"Any[17, 25, 30, 37, 45, 53]",17,53
1185,2026-01-21T10:24:25.0,2026-01-30T16:02:10.531,"Any[3, 6, 11, 19, 25, 30, 37, 45]",3,45
597,2026-01-21T10:35:30.0,2026-01-23T16:13:15.531,"Any[19, 25, 30, 37, 45, 53]",19,53
29,2026-01-21T10:42:23.0,2026-01-23T16:20:08.531,"Any[6, 11, 19, 25, 30, 37, 45]",6,45
1324,2026-01-21T10:44:14.601,2026-01-30T16:22:00.132,"Any[56, 45, 37, 30, 25, 19, 11, 6]",56,6
1327,2026-01-21T10:44:14.601,2026-01-23T16:22:00.132,"Any[56, 45, 37, 30, 25, 19, 11, 6]",56,6
1336,2026-01-21T10:44:14.601,2026-01-23T16:22:00.132,"Any[56, 45, 37, 30, 25, 19, 11, 6]",56,6
126,2026-01-21T10:46:38.0,2026-01-30T16:24:23.531,"Any[19, 25, 30, 37, 45, 56, 55, 56]",19,56
1199,2026-01-21T10:46:38.0,2026-01-30T16:24:23.531,"Any[19, 25, 30, 37, 45, 56, 55, 56]",19,56
5,2026-01-21T10:48:36.0,2026-01-23T16:26:21.531,"Any[8, 13, 19, 25, 30, 37, 45, 56]",8,56
1116,2026-01-21T10:53:18.0,2026-01-30T16:31:03.531,"Any[3, 6, 11, 19, 25, 30, 37, 45]",3,45
763,2026-01-21T11:15:17.0,2026-01-30T16:53:02.531,"Any[3, 6, 11, 19, 25, 30, 37, 45]",3,45
1224,2026-01-21T11:36:42.548,2026-01-23T17:14:28.079,"Any[60, 56, 45, 37, 30, 25, 19, 11, 6]",60,6
1374,2026-01-21T11:38:26.0,2026-01-23T17:16:11.531,"Any[53, 45, 37, 30, 25, 19, 13, 8]",53,8
553,2026-01-21T11:55:52.0,2026-01-23T17:33:37.531,"Any[6, 11, 19, 25, 30, 37, 45]",6,45
671,2026-01-21T11:55:52.0,2026-01-23T17:33:37.531,"Any[6, 11, 19, 25, 30, 37, 45]",6,45
1372,2026-01-21T11:58:47.0,2026-01-23T17:36:32.531,"Any[53, 45, 37, 30, 25, 19, 13, 8]",53,8
1263,2026-01-21T12:01:01.0,2026-01-30T17:38:46.531,"Any[19, 25, 30, 37, 45, 56]",19,56
574,2026-01-21T12:03:40.0,2026-01-23T17:41:25.531,"Any[8, 13, 19, 25, 30, 37, 45, 56]",8,56
1172,2026-01-21T12:33:22.0,2026-01-30T18:11:07.531,"Any[53, 45, 37, 30, 25, 19, 10]",53,10
798,2026-01-21T13:15:15.0,2026-01-23T18:53:00.531,"Any[60, 53, 45, 37, 30, 25]",60,25
757,2026-01-21T13:27:36.0,2026-01-30T19:05:21.531,"Any[64, 60, 53, 45, 37, 30, 25, 19, 13, 8]",64,8
379,2026-01-21T13:40:32.0,2026-01-23T19:18:17.531,"Any[8, 13, 25, 30, 37, 45]",8,45
480,2026-01-21T13:40:32.0,2026-01-30T19:18:17.531,"Any[8, 13, 25, 30, 37, 45]",8,45
738,2026-01-21T13:40:32.0,2026-01-30T19:18:17.531,"Any[8, 13, 25, 30, 37, 45]",8,45
1265,2026-01-21T14:03:07.571,2026-01-23T19:40:53.102,"Any[56, 45, 37, 30, 25, 19, 10]",56,10
1538,2026-01-21T14:04:28.0,2026-01-23T19:42:13.531,"Any[1, 6, 11, 16, 25, 30, 37, 45, 56]",1,56
1543,2026-01-21T14:04:28.0,2026-01-30T19:42:13.531,"Any[1, 6, 11, 16, 25, 30, 37, 45, 56]",1,56
996,2026-01-21T14:16:28.0,2026-01-23T19:54:13.531,"Any[19, 25, 30, 37, 45, 56]",19,56
1271,2026-01-21T14:30:45.0,2026-01-30T20:08:30.531,"Any[6, 11, 19, 25, 30, 37, 45]",6,45
51,2026-01-21T14:31:05.0,2026-01-23T20:08:50.531,"Any[19, 25, 30, 37, 45]",19,45
1050,2026-01-21T14:33:52.0,2026-01-23T20:11:37.531,"Any[56, 45, 37, 30, 25, 19, 11, 6]",56,6
1323,2026-01-21T14:33:52.0,2026-01-30T20:11:37.531,"Any[56, 45, 37, 30, 25, 19, 11, 6]",56,6
468,2026-01-21T14:53:49.0,2026-01-30T20:31:34.531,"Any[64, 60, 53, 45, 37, 30, 25, 19, 13, 8]",64,8
894,2026-01-21T15:05:08.941,2026-01-23T20:42:54.472,"Any[62, 45, 37, 30, 25, 19, 11, 6]",62,6
330,2026-01-21T15:09:00.0,2026-01-30T20:46:45.531,"Any[53, 45, 37, 30, 25, 19, 13, 8]",53,8
641,2026-01-21T15:09:00.0,2026-01-23T20:46:45.531,"Any[53, 45, 37, 30, 25, 19, 13, 8]",53,8
370,2026-01-21T15:14:19.726,2026-01-23T20:52:05.257,"Any[6, 11, 25, 30, 37, 45]",6,45
1407,2026-01-21T15:24:01.0,2026-01-30T21:01:46.531,"Any[53, 45, 37, 30, 25, 19, 13, 8]",53,8
1328,2026-01-21T15:50:58.0,2026-01-23T21:28:43.531,"Any[56, 45, 37, 30, 25, 19, 11, 6]",56,6
1330,2026-01-21T15:50:58.0,2026-01-30T21:28:43.531,"Any[56, 45, 37, 30, 25, 19, 11, 6]",56,6
4,2026-01-21T16:02:18.0,2026-01-30T21:40:03.531,"Any[6, 11, 16, 25, 30, 37, 45]",6,45
1567,2026-01-21T16:12:00.0,2026-01-30T21:49:45.531,Any[],6,54
251,2026-01-21T16:12:16.977,2026-01-23T21:50:02.508,"Any[5, 6, 11, 19, 25, 30, 37, 45, 56]",5,56
1404,2026-01-21T16:26:20.0,2026-01-30T22:04:05.531,"Any[53, 45, 37, 30, 25, 19, 13, 8]",53,8
443,2026-01-21T16:45:20.0,2026-01-30T22:23:05.531,"Any[45, 37, 30, 25]",45,25
599,2026-01-21T16:45:20.0,2026-01-30T22:23:05.531,"Any[45, 37, 30, 25]",45,25
875,2026-01-21T16:45:20.0,2026-01-23T22:23:05.531,"Any[45, 37, 30, 25]",45,25
1042,2026-01-21T16:45:20.0,2026-01-30T22:23:05.531,"Any[45, 37, 30, 25]",45,25
1436,2026-01-21T16:45:20.0,2026-01-30T22:23:05.531,"Any[45, 37, 30, 25]",45,25
1437,2026-01-21T16:45:20.0,2026-01-23T22:23:05.531,"Any[45, 37, 30, 25]",45,25
1030,2026-01-21T16:50:47.0,2026-01-30T22:28:32.531,"Any[10, 19, 25, 30, 37, 45, 53]",10,53
1006,2026-01-21T16:55:22.0,2026-01-23T22:33:07.531,"Any[64, 56, 45, 37, 30, 25, 19, 11, 6]",64,6
533,2026-01-21T17:16:43.0,2026-01-30T22:54:28.531,"Any[56, 45, 37, 30, 25, 19, 11, 6]",56,6
575,2026-01-21T17:16:43.0,2026-01-30T22:54:28.531,"Any[56, 45, 37, 30, 25, 19, 11, 6]",56,6
1079,2026-01-21T17:16:43.0,2026-01-23T22:54:28.531,"Any[56, 45, 37, 30, 25, 19, 11, 6]",56,6
1169,2026-01-21T17:18:20.0,2026-01-30T22:56:05.531,"Any[60, 56, 45, 37, 30, 25, 19]",60,19
1292,2026-01-21T17:18:20.0,2026-01-30T22:56:05.531,"Any[60, 56, 45, 37, 30, 25, 19]",60,19
146,2026-01-21T17:34:15.0,2026-01-30T23:12:00.531,"Any[53, 45, 37, 30, 25, 19, 11, 6, 1]",53,1
235,2026-01-21T17:41:08.0,2026-01-23T23:18:53.531,"Any[3, 10, 19, 25, 30, 37, 45, 53]",3,53
1206,2026-01-21T17:46:59.345,2026-01-30T23:24:44.876,"Any[64, 60, 56, 45, 37, 30, 25, 19]",64,19
420,2026-01-21T17:47:32.0,2026-01-23T23:25:17.531,"Any[3, 10, 19, 25, 30, 37, 45, 53]",3,53
351,2026-01-21T17:50:08.608,2026-01-23T23:27:54.139,"Any[60, 56, 45, 37, 30, 25, 19, 11, 6]",60,6
117,2026-01-21T18:34:54.0,2026-01-31T00:12:39.531,"Any[53, 45, 37, 30, 25]",53,25
693,2026-01-21T18:34:54.0,2026-01-24T00:12:39.531,"Any[53, 45, 37, 30, 25]",53,25
863,2026-01-21T19:04:14.0,2026-01-31T00:41:59.531,"Any[60, 56, 45, 37, 30, 25, 19, 11, 6]",60,6
143,2026-01-21T19:56:06.0,2026-01-24T01:33:51.531,"Any[53, 45, 37, 30, 25, 19, 11, 6, 1]",53,1
684,2026-01-21T19:56:06.0,2026-01-31T01:33:51.531,"Any[53, 45, 37, 30, 25, 19, 11, 6, 1]",53,1
106,2026-01-21T20:37:29.0,2026-01-31T02:15:14.531,"Any[7, 8, 13, 19, 25, 30, 37, 45, 53]",7,53
248,2026-01-21T20:37:29.0,2026-01-31T02:15:14.531,"Any[7, 8, 13, 19, 25, 30, 37, 45, 53]",7,53
422,2026-01-21T20:48:19.0,2026-01-31T02:26:04.531,"Any[56, 45, 37, 30, 25, 19, 11, 6]",56,6
357,2026-01-21T20:53:56.0,2026-01-24T02:31:41.531,"Any[62, 53, 45, 37, 30, 25, 19, 11, 6]",62,6
1587,2026-01-21T21:03:42.05,2026-01-24T02:41:27.581,"Any[10, 19, 25, 30, 37, 45, 53, 60]",10,60
501,2026-01-21T21:13:17.0,2026-01-31T02:51:02.531,"Any[1, 6, 11, 19, 23, 36, 44, 54, 60]",1,60
28,2026-01-21T21:16:34.0,2026-01-24T02:54:19.531,"Any[7, 8, 13, 19, 25, 30, 37, 45, 53]",7,53
989,2026-01-21T21:45:02.196,2026-01-24T03:22:47.727,"Any[19, 25, 30, 37, 45, 56]",19,56
880,2026-01-21T22:05:00.0,2026-01-31T03:42:45.531,"Any[7, 8, 13, 19, 25, 30, 37, 45, 53, 60]",7,60
1119,2026-01-21T22:08:38.0,2026-01-31T03:46:23.531,"Any[8, 13, 19, 25, 30, 37, 45, 56]",8,56
951,2026-01-21T22:08:51.0,2026-01-31T03:46:36.531,"Any[8, 13, 19, 25, 30, 37, 45, 56]",8,56
514,2026-01-21T22:09:13.0,2026-01-24T03:46:58.531,"Any[53, 45, 37, 30, 25, 19, 13, 8]",53,8
554,2026-01-21T22:10:13.0,2026-01-24T03:47:58.531,"Any[7, 8, 13, 19, 25, 30, 37, 45, 53]",7,53
1054,2026-01-21T22:10:13.0,2026-01-24T03:47:58.531,"Any[7, 8, 13, 19, 25, 30, 37, 45, 53]",7,53
41,2026-01-21T22:23:05.049,2026-01-24T04:00:50.58,"Any[60, 56, 45, 37, 30, 25, 19, 11, 6]",60,6
1298,2026-01-21T22:23:05.049,2026-01-31T04:00:50.58,"Any[60, 56, 45, 37, 30, 25, 19, 11, 6]",60,6
1105,2026-01-21T22:26:09.0,2026-01-31T04:03:54.531,"Any[8, 13, 19, 25, 30, 37, 45, 56]",8,56
1090,2026-01-21T22:45:22.0,2026-01-24T04:23:07.531,"Any[10, 19, 25, 30, 37, 45, 53, 60]",10,60
8,2026-01-21T22:50:51.0,2026-01-24T04:28:36.531,"Any[10, 19, 25, 30, 37, 45, 53, 60]",10,60
392,2026-01-21T22:50:51.0,2026-01-24T04:28:36.531,"Any[10, 19, 25, 30, 37, 45, 53, 60]",10,60
424,2026-01-21T22:53:57.0,2026-01-31T04:31:42.531,"Any[53, 45, 37, 30, 25, 19, 11, 6, 1]",53,1
23,2026-01-21T22:55:41.0,2026-01-24T04:33:26.531,"Any[19, 25, 30, 37, 45, 53]",19,53
854,2026-01-21T22:55:41.0,2026-01-31T04:33:26.531,"Any[19, 25, 30, 37, 45, 53]",19,53
149,2026-01-21T23:04:06.0,2026-01-31T04:41:51.531,"Any[8, 13, 19, 25, 30, 37, 45, 56]",8,56
978,2026-01-21T23:04:06.0,2026-01-31T04:41:51.531,"Any[8, 13, 19, 25, 30, 37, 45, 56]",8,56
288,2026-01-21T23:06:31.0,2026-01-31T04:44:16.531,"Any[53, 45, 37, 30, 25, 19, 10]",53,10
1487,2026-01-21T23:07:09.0,2026-01-24T04:44:54.531,"Any[8, 13, 19, 25, 30, 37, 45, 56]",8,56
102,2026-01-21T23:17:39.0,2026-01-31T04:55:24.531,"Any[7, 8, 13, 19, 25, 30, 37, 45, 53, 60]",7,60
175,2026-01-21T23:33:32.0,2026-01-24T05:11:17.531,"Any[10, 19, 25, 30, 37, 45, 53]",10,53
979,2026-01-21T23:38:30.0,2026-01-31T05:16:15.531,"Any[19, 25, 30, 37, 45, 56]",19,56
215,2026-01-21T23:52:20.364,2026-01-31T05:30:05.895,"Any[1, 6, 11, 19, 25, 30, 37, 45, 56]",1,56
660,2026-01-22T00:03:23.0,2026-01-31T05:41:08.531,"Any[53, 45, 37, 30, 25, 19, 11, 6, 1]",53,1
1515,2026-01-22T00:10:56.0,2026-01-31T05:48:41.531,"Any[1, 6, 11, 19, 23, 36, 44, 54, 60]",1,60
651,2026-01-22T00:30:29.0,2026-01-31T06:08:14.531,"Any[1, 6, 11, 19, 23, 28, 36, 44, 54, 60]",1,60
1565,2026-01-22T00:37:00.0,2026-01-24T06:14:45.531,Any[],6,54
85,2026-01-22T01:01:24.0,2026-01-31T06:39:09.531,"Any[8, 13, 19, 25, 30, 37, 45, 56]",8,56
1130,2026-01-22T01:53:56.0,2026-01-24T07:31:41.531,"Any[10, 19, 25, 30, 37, 45, 53, 60]",10,60
292,2026-01-22T02:01:06.0,2026-01-31T07:38:51.531,"Any[64, 60, 53, 45, 37, 30, 25, 19, 11, 6, 1]",64,1
338,2026-01-22T02:01:06.0,2026-01-31T07:38:51.531,"Any[64, 60, 53, 45, 37, 30, 25, 19, 11, 6, 1]",64,1
840,2026-01-22T02:01:06.0,2026-01-24T07:38:51.531,"Any[64, 60, 53, 45, 37, 30, 25, 19, 11, 6, 1]",64,1
47,2026-01-22T02:11:44.0,2026-01-24T07:49:29.531,"Any[8, 13, 19, 25, 30, 37, 45, 56]",8,56
285,2026-01-22T02:20:34.0,2026-01-31T07:58:19.531,"Any[64, 60, 53, 45, 37, 30, 25, 19, 13, 8]",64,8
657,2026-01-22T02:29:47.0,2026-01-24T08:07:32.531,"Any[64, 60, 53, 45, 37, 30, 25, 19, 11, 6, 1]",64,1
458,2026-01-22T02:46:47.0,2026-01-31T08:24:32.531,"Any[7, 8, 13, 19, 25, 30, 37, 45, 53]",7,53
72,2026-01-22T04:31:06.0,2026-01-24T10:08:51.531,"Any[19, 25, 30, 37, 45, 53]",19,53
1473,2026-01-22T04:31:06.0,2026-01-31T10:08:51.531,"Any[19, 25, 30, 37, 45, 53]",19,53
234,2026-01-22T05:27:21.0,2026-01-24T11:05:06.531,"Any[60, 53, 45, 37, 30, 25, 19, 11, 6]",60,6
631,2026-01-22T05:35:11.0,2026-01-24T11:12:56.531,"Any[8, 13, 19, 25, 30, 37, 45, 56, 60, 64]",8,64
601,2026-01-22T07:06:37.0,2026-01-31T12:44:22.531,"Any[17, 25, 30, 37, 45, 53, 60]",17,60
17,2026-01-22T07:40:57.0,2026-01-31T13:18:42.531,"Any[56, 45, 37, 30, 25, 19, 10]",56,10
1358,2026-01-22T07:40:57.0,2026-01-24T13:18:42.531,"Any[56, 45, 37, 30, 25, 19, 10]",56,10
1061,2026-01-22T07:45:56.0,2026-01-24T13:23:41.531,"Any[53, 45, 37, 30, 25, 19, 11, 6, 1]",53,1
635,2026-01-22T07:48:44.0,2026-01-31T13:26:29.531,"Any[56, 45, 37, 30, 25]",56,25
868,2026-01-22T08:10:05.0,2026-01-31T13:47:50.531,"Any[60, 53, 45, 37, 30, 25]",60,25
326,2026-01-22T09:04:31.0,2026-01-31T14:42:16.531,"Any[6, 11, 19, 25, 30, 37, 45]",6,45
585,2026-01-22T10:19:53.768,2026-01-24T15:57:39.299,"Any[53, 45, 37, 30, 25, 19, 11, 6, 1]",53,1
1420,2026-01-22T10:19:53.768,2026-01-31T15:57:39.299,"Any[53, 45, 37, 30, 25, 19, 11, 6, 1]",53,1
1432,2026-01-22T10:48:09.0,2026-01-31T16:25:54.531,"Any[53, 45, 37, 30, 25, 19, 10]",53,10
802,2026-01-22T10:58:45.572,2026-01-31T16:36:31.103,"Any[62, 45, 37, 30, 25, 19]",62,19
211,2026-01-22T11:07:22.0,2026-01-24T16:45:07.531,"Any[53, 45, 37, 30, 25, 19, 13, 8]",53,8
90,2026-01-22T11:32:14.0,2026-01-31T17:09:59.531,"Any[64, 60, 53, 45, 37, 30, 25, 19, 10]",64,10
810,2026-01-22T11:44:05.0,2026-01-31T17:21:50.531,"Any[8, 13, 19, 25, 30, 37, 45, 56]",8,56
1368,2026-01-22T11:52:50.0,2026-01-31T17:30:35.531,"Any[53, 45, 37, 30, 25, 19, 13, 8]",53,8
1186,2026-01-22T12:08:04.0,2026-01-31T17:45:49.531,"Any[53, 45, 37, 30, 25, 19, 10]",53,10
1268,2026-01-22T12:08:04.0,2026-01-24T17:45:49.531,"Any[53, 45, 37, 30, 25, 19, 10]",53,10
792,2026-01-22T12:34:04.0,2026-01-24T18:11:49.531,"Any[53, 45, 37, 30, 25, 19, 10]",53,10
676,2026-01-22T12:51:08.0,2026-01-31T18:28:53.531,"Any[62, 45, 37, 30, 25, 19, 11, 6, 6, 1]",62,6
830,2026-01-22T12:51:08.0,2026-01-24T18:28:53.531,"Any[62, 45, 37, 30, 25, 19, 11, 6, 6, 1]",62,6
327,2026-01-22T12:52:23.0,2026-01-24T18:30:08.531,"Any[6, 11, 19, 25, 30, 37, 45]",6,45
561,2026-01-22T12:52:23.0,2026-01-31T18:30:08.531,"Any[6, 11, 19, 25, 30, 37, 45]",6,45
1246,2026-01-22T12:59:19.0,2026-01-31T18:37:04.531,"Any[53, 45, 37, 30, 25]",53,25
572,2026-01-22T13:10:43.643,2026-01-24T18:48:29.174,"Any[1, 6, 11, 19, 25, 30, 37, 45, 56]",1,56
1545,2026-01-22T13:10:43.643,2026-01-31T18:48:29.174,"Any[1, 6, 11, 19, 25, 30, 37, 45, 56]",1,56
1250,2026-01-22T13:25:42.0,2026-01-24T19:03:27.531,"Any[3, 6, 11, 19, 25, 30, 37, 45]",3,45
1537,2026-01-22T14:01:22.428,2026-01-31T19:39:07.959,"Any[1, 6, 11, 19, 25, 30, 37, 45, 56]",1,56
320,2026-01-22T14:20:30.0,2026-01-31T19:58:15.531,"Any[6, 11, 19, 25, 30, 37, 45]",6,45
323,2026-01-22T14:20:30.0,2026-01-24T19:58:15.531,"Any[6, 11, 19, 25, 30, 37, 45]",6,45
281,2026-01-22T14:30:46.0,2026-01-24T20:08:31.531,"Any[1, 6, 11, 19, 25, 30, 37, 45, 56]",1,56
406,2026-01-22T14:30:46.0,2026-01-24T20:08:31.531,"Any[1, 6, 11, 19, 25, 30, 37, 45, 56]",1,56
702,2026-01-22T14:41:44.0,2026-01-31T20:19:29.531,"Any[19, 25, 30, 37, 45, 56]",19,56
921,2026-01-22T14:49:53.0,2026-01-24T20:27:38.531,"Any[53, 45, 37, 30, 25, 19, 10]",53,10
184,2026-01-22T14:52:19.0,2026-01-31T20:30:04.531,"Any[53, 45, 37, 30, 25, 19, 13, 8]",53,8
60,2026-01-22T15:16:08.0,2026-01-24T20:53:53.531,"Any[53, 45, 37, 30, 25, 19, 11, 6, 1]",53,1
910,2026-01-22T15:19:02.0,2026-01-31T20:56:47.531,"Any[53, 45, 37, 30, 25, 19, 10]",53,10
462,2026-01-22T15:32:20.324,2026-01-24T21:10:05.855,"Any[6, 11, 19, 25, 30, 37, 45, 53]",6,53
265,2026-01-22T15:53:49.0,2026-01-31T21:31:34.531,"Any[64, 60, 53, 45, 37, 30, 25, 19, 10]",64,10
385,2026-01-22T15:53:49.0,2026-01-31T21:31:34.531,"Any[64, 60, 53, 45, 37, 30, 25, 19, 10]",64,10
509,2026-01-22T16:02:26.0,2026-01-31T21:40:11.531,"Any[60, 53, 45, 37, 30, 25, 19, 13, 8]",60,8
1540,2026-01-22T16:08:59.421,2026-01-24T21:46:44.952,"Any[1, 6, 11, 19, 25, 30, 37, 45, 56]",1,56
43,2026-01-22T16:16:42.0,2026-01-31T21:54:27.531,"Any[1, 6, 11, 19, 25, 30, 37, 45, 56]",1,56
697,2026-01-22T16:16:42.0,2026-01-24T21:54:27.531,"Any[1, 6, 11, 19, 25, 30, 37, 45, 56]",1,56
1479,2026-01-22T16:20:28.0,2026-01-31T21:58:13.531,"Any[8, 13, 19, 25, 30, 37, 45, 56]",8,56
1490,2026-01-22T16:20:28.0,2026-01-24T21:58:13.531,"Any[8, 13, 19, 25, 30, 37, 45, 56]",8,56
314,2026-01-22T16:22:08.0,2026-01-24T21:59:53.531,"Any[64, 56, 45, 37, 30, 25, 19, 11, 6]",64,6
1159,2026-01-22T16:29:57.0,2026-01-24T22:07:42.531,"Any[60, 56, 45, 37, 30, 25, 19, 11, 6]",60,6
168,2026-01-22T16:30:11.0,2026-01-24T22:07:56.531,"Any[10, 19, 25, 30, 37, 45, 53]",10,53
294,2026-01-22T16:30:11.0,2026-01-24T22:07:56.531,"Any[10, 19, 25, 30, 37, 45, 53]",10,53
609,2026-01-22T16:30:11.0,2026-01-24T22:07:56.531,"Any[10, 19, 25, 30, 37, 45, 53]",10,53
1065,2026-01-22T16:30:11.0,2026-01-31T22:07:56.531,"Any[10, 19, 25, 30, 37, 45, 53]",10,53
1120,2026-01-22T16:30:11.0,2026-01-31T22:07:56.531,"Any[10, 19, 25, 30, 37, 45, 53]",10,53
1531,2026-01-22T16:39:03.8,2026-01-31T22:16:49.331,"Any[1, 6, 11, 19, 25, 30, 37, 45, 56, 60]",1,60
1167,2026-01-22T16:44:10.0,2026-01-31T22:21:55.531,"Any[60, 53, 45, 37, 30, 25]",60,25
755,2026-01-22T16:44:15.0,2026-01-24T22:22:00.531,"Any[53, 45, 37, 30, 25]",53,25
470,2026-01-22T16:45:22.0,2026-01-24T22:23:07.531,"Any[5, 6, 11, 19, 25, 30, 37, 45]",5,45
614,2026-01-22T16:45:22.0,2026-01-24T22:23:07.531,"Any[5, 6, 11, 19, 25, 30, 37, 45]",5,45
241,2026-01-22T16:47:32.856,2026-01-24T22:25:18.387,"Any[8, 13, 19, 25, 30, 37, 45, 56]",8,56
924,2026-01-22T16:47:32.856,2026-01-24T22:25:18.387,"Any[8, 13, 19, 25, 30, 37, 45, 56]",8,56
805,2026-01-22T17:26:22.0,2026-01-24T23:04:07.531,"Any[1, 6, 11, 19, 25, 30, 37, 45, 56, 60]",1,60
1518,2026-01-22T17:26:22.0,2026-01-31T23:04:07.531,"Any[1, 6, 11, 19, 25, 30, 37, 45, 56, 60]",1,60
1349,2026-01-22T17:40:20.0,2026-01-24T23:18:05.531,"Any[56, 45, 37, 30, 25, 19, 11, 6]",56,6
274,2026-01-22T17:51:32.0,2026-01-31T23:29:17.531,"Any[53, 45, 37, 30, 25, 19, 10]",53,10
451,2026-01-22T17:58:27.0,2026-01-31T23:36:12.531,"Any[56, 45, 37, 30, 25, 19, 11, 6, 6, 5, 1, 1]",56,6
734,2026-01-22T17:58:27.0,2026-01-24T23:36:12.531,"Any[56, 45, 37, 30, 25, 19, 11, 6, 6, 5, 1, 1]",56,6
214,2026-01-22T18:13:32.0,2026-01-31T23:51:17.531,"Any[10, 19, 25, 30, 37, 45, 53]",10,53
380,2026-01-22T18:26:14.305,2026-02-01T00:03:59.836,"Any[60, 56, 45, 37, 30, 25, 19, 11, 6]",60,6
548,2026-01-22T18:39:23.0,2026-02-01T00:17:08.531,"Any[56, 45, 37, 30, 25]",56,25
67,2026-01-22T18:40:23.775,2026-01-25T00:18:09.306,"Any[56, 45, 37, 30, 25]",56,25
627,2026-01-22T18:42:58.0,2026-01-25T00:20:43.531,"Any[56, 45, 37, 30, 25, 19, 11, 6]",56,6
1353,2026-01-22T18:42:58.0,2026-01-25T00:20:43.531,"Any[56, 45, 37, 30, 25, 19, 11, 6]",56,6
761,2026-01-22T19:23:38.869,2026-01-25T01:01:24.4,"Any[1, 6, 11, 19, 25, 30, 37, 45, 53, 60]",1,60
221,2026-01-22T19:28:43.0,2026-01-25T01:06:28.531,"Any[19, 25, 30, 37, 45, 56]",19,56
776,2026-01-22T19:34:20.0,2026-01-25T01:12:05.531,"Any[60, 53, 45, 37, 30, 25]",60,25
358,2026-01-22T19:35:22.0,2026-02-01T01:13:07.531,"Any[10, 19, 25, 30, 37, 45, 53]",10,53
615,2026-01-22T19:35:22.0,2026-01-25T01:13:07.531,"Any[10, 19, 25, 30, 37, 45, 53]",10,53
325,2026-01-22T19:39:10.0,2026-01-25T01:16:55.531,"Any[10, 19, 25, 30, 37, 45, 53]",10,53
137,2026-01-22T20:17:50.0,2026-02-01T01:55:35.531,"Any[53, 45, 37, 30, 25, 19, 13, 8]",53,8
1057,2026-01-22T20:17:50.0,2026-01-25T01:55:35.531,"Any[53, 45, 37, 30, 25, 19, 13, 8]",53,8
1379,2026-01-22T20:17:50.0,2026-02-01T01:55:35.531,"Any[53, 45, 37, 30, 25, 19, 13, 8]",53,8
1377,2026-01-22T20:41:14.0,2026-01-25T02:18:59.531,"Any[53, 45, 37, 30, 25, 19, 13, 8]",53,8
1423,2026-01-22T20:43:21.0,2026-01-25T02:21:06.531,"Any[53, 45, 37, 30, 25, 19, 11, 6, 1]",53,1
1429,2026-01-22T20:51:15.0,2026-01-25T02:29:00.531,"Any[53, 45, 37, 30, 25, 19, 11, 6, 1]",53,1
223,2026-01-22T20:52:04.0,2026-02-01T02:29:49.531,"Any[6, 11, 19, 25, 30, 37, 45]",6,45
1248,2026-01-22T20:55:05.0,2026-01-25T02:32:50.531,"Any[10, 19, 25, 30, 37, 45, 53]",10,53
1094,2026-01-22T21:04:30.0,2026-01-25T02:42:15.531,"Any[60, 53, 45, 37, 30, 25]",60,25
811,2026-01-22T21:38:40.391,2026-01-25T03:16:25.922,"Any[53, 45, 37, 30, 25, 19, 10]",53,10
275,2026-01-22T22:25:37.0,2026-01-25T04:03:22.531,"Any[10, 19, 25, 30, 37, 45, 53]",10,53
1340,2026-01-22T22:29:17.0,2026-01-25T04:07:02.531,"Any[56, 45, 37, 30, 25, 19, 11, 6]",56,6
418,2026-01-22T22:58:28.0,2026-02-01T04:36:13.531,"Any[53, 45, 37, 30, 25, 19, 10]",53,10
931,2026-01-22T22:58:28.0,2026-01-25T04:36:13.531,"Any[53, 45, 37, 30, 25, 19, 10]",53,10
176,2026-01-22T23:18:18.0,2026-01-25T04:56:03.531,"Any[53, 45, 37, 30, 25, 19, 10]",53,10
1115,2026-01-22T23:35:12.952,2026-02-01T05:12:58.483,"Any[56, 45, 37, 30, 25, 19, 10]",56,10
580,2026-01-22T23:40:21.0,2026-01-25T05:18:06.531,"Any[8, 13, 19, 25, 30, 37, 45]",8,45
368,2026-01-22T23:53:53.467,2026-02-01T05:31:38.998,"Any[8, 13, 19, 25, 30, 37, 45, 56]",8,56
1495,2026-01-22T23:53:53.467,2026-01-25T05:31:38.998,"Any[8, 13, 19, 25, 30, 37, 45, 56]",8,56
202,2026-01-23T00:02:59.0,2026-01-25T05:40:44.531,"Any[53, 45, 37, 30, 25, 19, 13, 8]",53,8
1415,2026-01-23T00:18:04.0,2026-01-25T05:55:49.531,"Any[53, 45, 37, 30, 25, 19, 11, 6, 1]",53,1
1427,2026-01-23T00:18:04.0,2026-02-01T05:55:49.531,"Any[53, 45, 37, 30, 25, 19, 11, 6, 1]",53,1
360,2026-01-23T00:42:47.0,2026-01-25T06:20:32.531,"Any[7, 8, 13, 19, 25, 30, 37, 45, 53]",7,53
373,2026-01-23T00:53:45.0,2026-02-01T06:31:30.531,"Any[53, 45, 37, 30, 25, 19, 10]",53,10
439,2026-01-23T00:59:13.0,2026-02-01T06:36:58.531,"Any[1, 6, 11, 19, 25, 30, 37, 45, 53, 60]",1,60
812,2026-01-23T00:59:13.0,2026-02-01T06:36:58.531,"Any[1, 6, 11, 19, 25, 30, 37, 45, 53, 60]",1,60
77,2026-01-23T01:11:54.0,2026-02-01T06:49:39.531,"Any[64, 60, 53, 45, 37, 30, 25, 19, 13, 8]",64,8
1127,2026-01-23T01:28:20.904,2026-02-01T07:06:06.435,"Any[10, 19, 25, 30, 37, 45, 53]",10,53
1226,2026-01-23T01:29:29.0,2026-02-01T07:07:14.531,"Any[53, 45, 37, 30, 25, 19, 10]",53,10
1395,2026-01-23T01:47:40.0,2026-01-25T07:25:25.531,"Any[53, 45, 37, 30, 25, 19, 13, 8]",53,8
1428,2026-01-23T02:33:43.0,2026-02-01T08:11:28.531,"Any[53, 45, 37, 30, 25, 19, 11, 6, 1]",53,1
1465,2026-01-23T03:28:44.0,2026-01-25T09:06:29.531,"Any[19, 25, 30, 37, 45, 56]",19,56
1096,2026-01-23T03:44:28.0,2026-01-25T09:22:13.531,"Any[53, 45, 37, 30, 25]",53,25
180,2026-01-23T03:48:37.0,2026-02-01T09:26:22.531,"Any[56, 45, 37, 30, 25, 19, 10]",56,10
387,2026-01-23T04:15:50.0,2026-01-25T09:53:35.531,"Any[60, 56, 45, 37, 30, 25, 19, 11, 6]",60,6
942,2026-01-23T04:15:50.0,2026-02-01T09:53:35.531,"Any[60, 56, 45, 37, 30, 25, 19, 11, 6]",60,6
238,2026-01-23T05:38:46.0,2026-01-25T11:16:31.531,"Any[53, 45, 37, 30, 25, 19, 10]",53,10
164,2026-01-23T06:00:15.0,2026-01-25T11:38:00.531,"Any[8, 13, 19, 25, 30, 37, 45, 56]",8,56
37,2026-01-23T06:13:01.0,2026-01-25T11:50:46.531,"Any[1, 6, 11, 19, 25, 30, 37, 45, 56]",1,56
1064,2026-01-23T06:13:01.0,2026-02-01T11:50:46.531,"Any[1, 6, 11, 19, 25, 30, 37, 45, 56]",1,56
206,2026-01-23T06:18:52.0,2026-02-01T11:56:37.531,"Any[19, 25, 30, 37, 45, 56]",19,56
780,2026-01-23T06:18:52.0,2026-02-01T11:56:37.531,"Any[19, 25, 30, 37, 45, 56]",19,56
306,2026-01-23T06:48:36.0,2026-01-25T12:26:21.531,"Any[10, 19, 25, 30, 37, 45, 53]",10,53
922,2026-01-23T06:48:36.0,2026-01-25T12:26:21.531,"Any[10, 19, 25, 30, 37, 45, 53]",10,53
1536,2026-01-23T06:51:04.0,2026-01-25T12:28:49.531,"Any[1, 6, 11, 16, 25, 30, 37, 45, 56]",1,56
10,2026-01-23T06:58:28.0,2026-01-25T12:36:13.531,"Any[1, 6, 11, 19, 25, 30, 37, 45, 56]",1,56
833,2026-01-23T06:58:28.0,2026-02-01T12:36:13.531,"Any[1, 6, 11, 19, 25, 30, 37, 45, 56]",1,56
710,2026-01-23T07:01:05.0,2026-02-01T12:38:50.531,"Any[64, 60, 56, 45, 37, 30, 25, 19, 11, 6, 6, 1]",64,6
1598,2026-01-23T07:07:22.0,2026-02-01T12:45:07.531,"Any[10, 19, 25, 30, 37, 45]",10,45
1599,2026-01-23T07:07:22.0,2026-01-25T12:45:07.531,"Any[10, 19, 25, 30, 37, 45]",10,45
1071,2026-01-23T07:18:12.767,2026-01-25T12:55:58.298,"Any[64, 56, 45, 37, 30, 25, 19, 11, 6]",64,6
321,2026-01-23T07:57:46.0,2026-02-01T13:35:31.531,"Any[10, 19, 25, 30, 37, 45]",10,45
446,2026-01-23T07:57:46.0,2026-01-25T13:35:31.531,"Any[10, 19, 25, 30, 37, 45]",10,45
156,2026-01-23T08:05:19.0,2026-01-25T13:43:04.531,"Any[19, 25, 30, 37, 45, 53]",19,53
152,2026-01-23T08:10:57.0,2026-01-25T13:48:42.531,"Any[6, 11, 19, 25, 30, 37, 45]",6,45
652,2026-01-23T08:25:56.0,2026-02-01T14:03:41.531,"Any[19, 25, 30, 37, 45, 53]",19,53
1474,2026-01-23T08:25:56.0,2026-01-25T14:03:41.531,"Any[19, 25, 30, 37, 45, 53]",19,53
901,2026-01-23T08:41:02.0,2026-01-25T14:18:47.531,"Any[6, 11, 16, 25, 30, 37, 45]",6,45
1468,2026-01-23T08:45:36.713,2026-02-01T14:23:22.244,"Any[19, 25, 30, 37, 45, 53]",19,53
213,2026-01-23T08:47:03.0,2026-01-25T14:24:48.531,"Any[53, 45, 37, 30, 25, 19, 10]",53,10
1174,2026-01-23T08:47:03.0,2026-02-01T14:24:48.531,"Any[53, 45, 37, 30, 25, 19, 10]",53,10
112,2026-01-23T09:01:03.0,2026-01-25T14:38:48.531,"Any[16, 19, 25, 30, 37, 45, 53]",16,53
415,2026-01-23T10:11:49.0,2026-01-25T15:49:34.531,"Any[53, 45, 37, 30, 25, 19, 10]",53,10
1055,2026-01-23T10:11:49.0,2026-02-01T15:49:34.531,"Any[53, 45, 37, 30, 25, 19, 10]",53,10
479,2026-01-23T10:50:22.0,2026-02-01T16:28:07.531,"Any[53, 45, 37, 30, 25]",53,25
243,2026-01-23T11:15:53.0,2026-02-01T16:53:38.531,"Any[60, 53, 45, 37, 30, 25, 19, 11, 6]",60,6
283,2026-01-23T12:18:10.0,2026-02-01T17:55:55.531,"Any[53, 45, 37, 30, 25, 19, 10]",53,10
159,2026-01-23T12:49:03.0,2026-02-01T18:26:48.531,"Any[60, 53, 45, 37, 30, 25]",60,25
68,2026-01-23T13:02:23.023,2026-02-01T18:40:08.554,"Any[53, 45, 37, 30, 25, 19, 11, 6, 1]",53,1
399,2026-01-23T13:02:23.023,2026-02-01T18:40:08.554,"Any[53, 45, 37, 30, 25, 19, 11, 6, 1]",53,1
161,2026-01-23T13:02:58.0,2026-02-01T18:40:43.531,"Any[8, 13, 19, 25, 30, 37, 45, 56]",8,56
1501,2026-01-23T13:02:58.0,2026-02-01T18:40:43.531,"Any[8, 13, 19, 25, 30, 37, 45, 56]",8,56
1342,2026-01-23T13:06:30.0,2026-01-25T18:44:15.531,"Any[56, 45, 37, 30, 25, 19, 11, 6]",56,6
53,2026-01-23T13:31:19.809,2026-02-01T19:09:05.34,"Any[56, 45, 37, 30, 25, 19, 11, 6]",56,6
1260,2026-01-23T13:31:19.809,2026-01-25T19:09:05.34,"Any[56, 45, 37, 30, 25, 19, 11, 6]",56,6
1319,2026-01-23T13:31:19.809,2026-02-01T19:09:05.34,"Any[56, 45, 37, 30, 25, 19, 11, 6]",56,6
218,2026-01-23T13:49:13.0,2026-01-25T19:26:58.531,"Any[19, 25, 30, 37, 45, 53]",19,53
1513,2026-01-23T13:55:00.0,2026-02-01T19:32:45.531,"Any[8, 7, 8, 13, 19, 25, 30, 37, 45]",8,45
680,2026-01-23T14:43:36.0,2026-02-01T20:21:21.531,"Any[64, 60, 53, 45, 37, 30, 25, 19, 10]",64,10
1017,2026-01-23T15:00:49.0,2026-02-01T20:38:34.531,"Any[53, 45, 37, 30, 25, 19, 10]",53,10
759,2026-01-23T15:01:50.0,2026-02-01T20:39:35.531,"Any[56, 45, 37, 30, 25]",56,25
177,2026-01-23T15:07:11.0,2026-02-01T20:44:56.531,"Any[7, 8, 13, 19, 25, 30, 37, 45, 56]",7,56
930,2026-01-23T15:33:14.0,2026-02-01T21:10:59.531,"Any[62, 53, 45, 37, 30, 25, 19, 13, 8]",62,8
748,2026-01-23T15:43:57.0,2026-02-01T21:21:42.531,"Any[7, 8, 13, 19, 25, 30, 37, 45, 53]",7,53
130,2026-01-23T15:51:32.0,2026-01-25T21:29:17.531,"Any[53, 45, 37, 30, 25, 19, 11, 6, 1]",53,1
346,2026-01-23T15:51:32.0,2026-02-01T21:29:17.531,"Any[53, 45, 37, 30, 25, 19, 11, 6, 1]",53,1
1410,2026-01-23T15:51:32.0,2026-02-01T21:29:17.531,"Any[53, 45, 37, 30, 25, 19, 11, 6, 1]",53,1
1422,2026-01-23T15:51:32.0,2026-01-25T21:29:17.531,"Any[53, 45, 37, 30, 25, 19, 11, 6, 1]",53,1
1025,2026-01-23T16:01:01.0,2026-02-01T21:38:46.531,"Any[56, 45, 37, 30, 25]",56,25
64,2026-01-23T16:14:24.0,2026-01-25T21:52:09.531,"Any[53, 45, 37, 30, 25, 19, 10]",53,10
751,2026-01-23T16:14:24.0,2026-02-01T21:52:09.531,"Any[53, 45, 37, 30, 25, 19, 10]",53,10
1278,2026-01-23T16:19:21.0,2026-02-01T21:57:06.531,"Any[60, 56, 45, 37, 30, 25]",60,25
277,2026-01-23T16:21:22.0,2026-02-01T21:59:07.531,"Any[56, 45, 37, 30, 25, 19, 11, 6]",56,6
1312,2026-01-23T16:21:22.0,2026-02-01T21:59:07.531,"Any[56, 45, 37, 30, 25, 19, 11, 6]",56,6
1313,2026-01-23T16:21:22.0,2026-01-25T21:59:07.531,"Any[56, 45, 37, 30, 25, 19, 11, 6]",56,6
6,2026-01-23T16:28:40.0,2026-02-01T22:06:25.531,"Any[53, 45, 37, 30, 25, 19, 10]",53,10
743,2026-01-23T16:52:25.0,2026-01-25T22:30:10.531,"Any[60, 56, 45, 37, 30, 25, 19]",60,19
353,2026-01-23T17:17:52.0,2026-01-25T22:55:37.531,"Any[10, 19, 25, 30, 37, 45, 53]",10,53
481,2026-01-23T17:40:11.0,2026-02-01T23:17:56.531,"Any[8, 13, 19, 25, 37, 45, 56]",8,56
269,2026-01-23T17:55:09.799,2026-01-25T23:32:55.33,"Any[56, 45, 37, 30, 25, 19, 11, 6]",56,6
1213,2026-01-23T17:55:09.799,2026-02-01T23:32:55.33,"Any[56, 45, 37, 30, 25, 19, 11, 6]",56,6
674,2026-01-23T18:03:48.0,2026-02-01T23:41:33.531,"Any[8, 13, 19, 25, 30, 37, 45, 56]",8,56
378,2026-01-23T18:07:07.374,2026-01-25T23:44:52.905,"Any[54, 44, 36, 23, 19, 13, 8]",54,8
38,2026-01-23T18:11:04.0,2026-02-01T23:48:49.531,"Any[56, 45, 37, 30, 25]",56,25
1480,2026-01-23T18:19:04.0,2026-01-25T23:56:49.531,"Any[8, 13, 19, 25, 30, 37, 45, 56]",8,56
1492,2026-01-23T18:19:04.0,2026-02-01T23:56:49.531,"Any[8, 13, 19, 25, 30, 37, 45, 56]",8,56
923,2026-01-23T18:19:17.0,2026-02-01T23:57:02.531,"Any[64, 60, 53, 45, 37, 30, 25, 19, 13, 8]",64,8
1285,2026-01-23T18:27:53.0,2026-01-26T00:05:38.531,"Any[60, 56, 45, 37, 30, 25, 19]",60,19
381,2026-01-23T18:48:48.0,2026-01-26T00:26:33.531,"Any[60, 53, 45, 37, 30, 25]",60,25
1160,2026-01-23T18:48:48.0,2026-01-26T00:26:33.531,"Any[60, 53, 45, 37, 30, 25]",60,25
1253,2026-01-23T18:48:48.0,2026-02-02T00:26:33.531,"Any[60, 53, 45, 37, 30, 25]",60,25
1200,2026-01-23T18:50:06.0,2026-01-26T00:27:51.531,"Any[1, 6, 11, 19, 25, 30, 37, 45, 56]",1,56
1542,2026-01-23T18:50:06.0,2026-02-02T00:27:51.531,"Any[1, 6, 11, 19, 25, 30, 37, 45, 56]",1,56
1151,2026-01-23T18:58:14.0,2026-01-26T00:35:59.531,"Any[19, 25, 30, 37, 45, 53]",19,53
333,2026-01-23T19:09:05.275,2026-02-02T00:46:50.806,"Any[60, 56, 45, 37, 30, 25, 19, 13, 8]",60,8
1267,2026-01-23T19:09:05.275,2026-02-02T00:46:50.806,"Any[60, 56, 45, 37, 30, 25, 19, 13, 8]",60,8
322,2026-01-23T19:37:27.0,2026-02-02T01:15:12.531,"Any[10, 19, 25, 30, 37, 45, 53]",10,53
1384,2026-01-23T20:15:30.0,2026-02-02T01:53:15.531,"Any[53, 45, 37, 30, 25, 19, 13, 8]",53,8
1290,2026-01-23T20:38:30.786,2026-02-02T02:16:16.317,"Any[60, 56, 45, 37, 30, 25, 19]",60,19
645,2026-01-23T20:40:27.0,2026-01-26T02:18:12.531,"Any[53, 45, 37, 30, 25, 19, 10]",53,10
646,2026-01-23T20:40:27.0,2026-02-02T02:18:12.531,"Any[53, 45, 37, 30, 25, 19, 10]",53,10
1062,2026-01-23T20:40:27.0,2026-02-02T02:18:12.531,"Any[53, 45, 37, 30, 25, 19, 10]",53,10
286,2026-01-23T21:09:40.513,2026-02-02T02:47:26.044,"Any[8, 13, 19, 25, 30, 37, 45, 56]",8,56
31,2026-01-23T21:27:54.0,2026-02-02T03:05:39.531,"Any[19, 25, 30, 37, 45, 56]",19,56
389,2026-01-23T21:27:54.0,2026-02-02T03:05:39.531,"Any[19, 25, 30, 37, 45, 56]",19,56
87,2026-01-23T21:32:36.0,2026-01-26T03:10:21.531,"Any[60, 56, 45, 37, 30, 25, 19, 11, 6]",60,6
885,2026-01-23T21:32:36.0,2026-02-02T03:10:21.531,"Any[60, 56, 45, 37, 30, 25, 19, 11, 6]",60,6
1247,2026-01-23T21:32:36.0,2026-02-02T03:10:21.531,"Any[60, 56, 45, 37, 30, 25, 19, 11, 6]",60,6
1046,2026-01-23T21:40:08.0,2026-02-02T03:17:53.531,"Any[10, 19, 25, 30, 37, 45, 53]",10,53
819,2026-01-23T21:47:31.0,2026-01-26T03:25:16.531,"Any[7, 8, 13, 19, 25, 30, 37, 45, 53]",7,53
865,2026-01-23T21:47:31.0,2026-01-26T03:25:16.531,"Any[7, 8, 13, 19, 25, 30, 37, 45, 53]",7,53
1166,2026-01-23T21:47:31.0,2026-01-26T03:25:16.531,"Any[7, 8, 13, 19, 25, 30, 37, 45, 53]",7,53
1110,2026-01-23T21:51:04.0,2026-01-26T03:28:49.531,"Any[20, 19, 25, 30, 37, 45, 53]",20,53
101,2026-01-23T21:53:29.204,2026-01-26T03:31:14.735,"Any[60, 56, 45, 37, 30, 25, 19, 11, 6]",60,6
276,2026-01-23T22:12:22.0,2026-02-02T03:50:07.531,"Any[6, 11, 25, 30, 37, 45]",6,45
687,2026-01-23T22:12:22.0,2026-02-02T03:50:07.531,"Any[6, 11, 25, 30, 37, 45]",6,45
291,2026-01-23T22:23:15.0,2026-01-26T04:01:00.531,"Any[7, 8, 13, 19, 25, 30, 37, 45, 53, 60]",7,60
888,2026-01-23T22:28:34.0,2026-02-02T04:06:19.531,"Any[53, 45, 37, 30, 25, 19, 10]",53,10
1077,2026-01-23T22:28:34.0,2026-01-26T04:06:19.531,"Any[53, 45, 37, 30, 25, 19, 10]",53,10
1563,2026-01-23T23:08:27.0,2026-01-26T04:46:12.531,"Any[6, 11, 19, 25, 30, 37, 45, 53]",6,53
1155,2026-01-23T23:13:23.0,2026-02-02T04:51:08.531,"Any[56, 45, 37, 30, 25, 19, 11, 6]",56,6
1314,2026-01-23T23:13:23.0,2026-01-26T04:51:08.531,"Any[56, 45, 37, 30, 25, 19, 11, 6]",56,6
280,2026-01-23T23:15:08.0,2026-02-02T04:52:53.531,"Any[10, 19, 25, 30, 37, 45, 53]",10,53
808,2026-01-23T23:15:08.0,2026-02-02T04:52:53.531,"Any[10, 19, 25, 30, 37, 45, 53]",10,53
104,2026-01-24T00:03:03.0,2026-01-26T05:40:48.531,"Any[53, 45, 37, 30, 25, 19, 13, 8]",53,8
869,2026-01-24T00:22:18.0,2026-01-26T06:00:03.531,"Any[10, 19, 25, 30, 37, 45, 53, 60]",10,60
1583,2026-01-24T00:22:18.0,2026-02-02T06:00:03.531,"Any[10, 19, 25, 30, 37, 45, 53, 60]",10,60
42,2026-01-24T00:24:40.0,2026-02-02T06:02:25.531,"Any[6, 11, 19, 25, 30, 37, 45]",6,45
753,2026-01-24T00:35:56.0,2026-01-26T06:13:41.531,"Any[8, 13, 19, 25, 30, 37, 45, 56]",8,56
1163,2026-01-24T00:35:56.0,2026-02-02T06:13:41.531,"Any[8, 13, 19, 25, 30, 37, 45, 56]",8,56
1476,2026-01-24T00:35:56.0,2026-02-02T06:13:41.531,"Any[8, 13, 19, 25, 30, 37, 45, 56]",8,56
640,2026-01-24T01:15:16.0,2026-02-02T06:53:01.531,"Any[45, 37, 30, 25]",45,25
1497,2026-01-24T01:15:33.0,2026-02-02T06:53:18.531,"Any[8, 13, 19, 25, 30, 37, 45, 56]",8,56
1500,2026-01-24T01:15:33.0,2026-01-26T06:53:18.531,"Any[8, 13, 19, 25, 30, 37, 45, 56]",8,56
678,2026-01-24T01:21:15.0,2026-02-02T06:59:00.531,"Any[1, 6, 11, 19, 25, 30, 37, 45, 53, 60]",1,60
1532,2026-01-24T01:21:15.0,2026-01-26T06:59:00.531,"Any[1, 6, 11, 19, 25, 30, 37, 45, 53, 60]",1,60
871,2026-01-24T01:34:51.0,2026-02-02T07:12:36.531,"Any[53, 45, 37, 30, 25]",53,25
719,2026-01-24T01:44:58.0,2026-02-02T07:22:43.531,"Any[60, 56, 45, 37, 30, 25, 19, 13, 19, 13, 8]",60,8
1037,2026-01-24T01:55:03.0,2026-01-26T07:32:48.531,"Any[7, 8, 13, 19, 25, 30, 37, 45, 53]",7,53
524,2026-01-24T02:31:00.0,2026-02-02T08:08:45.531,"Any[53, 45, 37, 30, 25, 19, 11, 6, 1]",53,1
856,2026-01-24T02:53:04.0,2026-01-26T08:30:49.531,"Any[3, 10, 19, 25, 30, 37, 45, 53]",3,53
434,2026-01-24T03:00:22.0,2026-02-02T08:38:07.531,"Any[64, 60, 53, 45, 37, 30, 25, 19, 11, 6, 1]",64,1
271,2026-01-24T03:17:05.099,2026-02-02T08:54:50.63,"Any[3, 10, 19, 25, 30, 37, 45, 53, 60]",3,60
919,2026-01-24T03:17:05.099,2026-02-02T08:54:50.63,"Any[3, 10, 19, 25, 30, 37, 45, 53, 60]",3,60
1035,2026-01-24T03:17:05.099,2026-01-26T08:54:50.63,"Any[3, 10, 19, 25, 30, 37, 45, 53, 60]",3,60
1063,2026-01-24T03:17:05.099,2026-01-26T08:54:50.63,"Any[3, 10, 19, 25, 30, 37, 45, 53, 60]",3,60
1582,2026-01-24T03:19:08.0,2026-01-26T08:56:53.531,"Any[10, 19, 25, 30, 37, 45, 53, 60]",10,60
720,2026-01-24T03:59:42.0,2026-02-02T09:37:27.531,"Any[17, 16, 17, 25, 30, 37, 45, 53]",17,53
587,2026-01-24T04:16:13.0,2026-02-02T09:53:58.531,"Any[64, 60, 53, 45, 37, 30, 25, 19, 11, 6, 1]",64,1
331,2026-01-24T04:59:16.0,2026-02-02T10:37:01.531,"Any[60, 56, 45, 37, 30, 25, 19, 11, 6]",60,6
151,2026-01-24T05:06:38.0,2026-01-26T10:44:23.531,"Any[1, 6, 11, 19, 25, 30, 37, 45]",1,45
1078,2026-01-24T05:06:38.0,2026-02-02T10:44:23.531,"Any[1, 6, 11, 19, 25, 30, 37, 45]",1,45
1528,2026-01-24T05:35:00.0,2026-02-02T11:12:45.531,"Any[1, 6, 11, 19, 23, 28, 36, 44, 60]",1,60
525,2026-01-24T06:11:53.0,2026-02-02T11:49:38.531,"Any[60, 56, 45, 37, 30, 25]",60,25
290,2026-01-24T07:02:02.0,2026-01-26T12:39:47.531,"Any[53, 45, 37, 30, 25]",53,25
491,2026-01-24T07:02:02.0,2026-01-26T12:39:47.531,"Any[53, 45, 37, 30, 25]",53,25
862,2026-01-24T07:18:37.703,2026-01-26T12:56:23.234,"Any[64, 53, 45, 37, 30, 25, 19, 10]",64,10
1195,2026-01-24T07:18:37.703,2026-02-02T12:56:23.234,"Any[64, 53, 45, 37, 30, 25, 19, 10]",64,10
207,2026-01-24T07:41:58.0,2026-02-02T13:19:43.531,"Any[64, 60, 53, 45, 37, 30, 25, 19, 11, 6, 1]",64,1
1122,2026-01-24T07:41:58.0,2026-02-02T13:19:43.531,"Any[64, 60, 53, 45, 37, 30, 25, 19, 11, 6, 1]",64,1
196,2026-01-24T07:50:28.0,2026-02-02T13:28:13.531,"Any[8, 13, 19, 25, 30, 37, 45, 53, 60, 64]",8,64
341,2026-01-24T08:22:59.0,2026-01-26T14:00:44.531,"Any[3, 10, 19, 25, 30, 37, 45, 53]",3,53
1095,2026-01-24T08:22:59.0,2026-02-02T14:00:44.531,"Any[3, 10, 19, 25, 30, 37, 45, 53]",3,53
1232,2026-01-24T08:25:24.0,2026-01-26T14:03:09.531,"Any[10, 19, 25, 30, 37, 45, 53, 60]",10,60
1594,2026-01-24T08:25:24.0,2026-02-02T14:03:09.531,"Any[10, 19, 25, 30, 37, 45, 53, 60]",10,60
1052,2026-01-24T08:38:37.0,2026-01-26T14:16:22.531,"Any[8, 13, 19, 25, 30, 37, 45, 56]",8,56
1161,2026-01-24T08:51:01.0,2026-01-26T14:28:46.531,"Any[10, 19, 25, 30, 37, 45, 53]",10,53
905,2026-01-24T09:00:36.0,2026-02-02T14:38:21.531,"Any[53, 45, 37, 30, 25, 19, 11, 6, 1]",53,1
1209,2026-01-24T09:45:54.0,2026-02-02T15:23:39.531,"Any[10, 19, 25, 30, 37, 45, 53, 60]",10,60
1579,2026-01-24T09:45:54.0,2026-02-02T15:23:39.531,"Any[10, 19, 25, 30, 37, 45, 53, 60]",10,60
1589,2026-01-24T09:45:54.0,2026-01-26T15:23:39.531,"Any[10, 19, 25, 30, 37, 45, 53, 60]",10,60
1600,2026-01-24T09:59:35.0,2026-02-02T15:37:20.531,"Any[10, 19, 25, 30, 37, 45]",10,45
1027,2026-01-24T10:08:10.0,2026-02-02T15:45:55.531,"Any[1, 6, 11, 19, 25, 30, 37, 45, 53, 60, 64]",1,64
1489,2026-01-24T10:49:04.0,2026-01-26T16:26:49.531,"Any[8, 13, 19, 25, 30, 37, 45, 56]",8,56
1300,2026-01-24T10:50:53.0,2026-02-02T16:28:38.531,"Any[62, 53, 45, 37, 30, 25, 19, 13, 8]",62,8
55,2026-01-24T11:08:33.027,2026-02-02T16:46:18.558,"Any[62, 45, 37, 30, 25, 19]",62,19
831,2026-01-24T11:08:33.027,2026-02-02T16:46:18.558,"Any[62, 45, 37, 30, 25, 19]",62,19
1284,2026-01-24T11:30:18.0,2026-02-02T17:08:03.531,"Any[60, 56, 45, 37, 30, 25, 19]",60,19
296,2026-01-24T11:37:28.0,2026-02-02T17:15:13.531,"Any[62, 45, 37, 30, 25, 19, 13, 8]",62,8
686,2026-01-24T12:06:17.0,2026-01-26T17:44:02.531,"Any[56, 45, 37, 30, 25]",56,25
895,2026-01-24T12:06:17.0,2026-02-02T17:44:02.531,"Any[56, 45, 37, 30, 25]",56,25
120,2026-01-24T12:17:42.0,2026-02-02T17:55:27.531,"Any[19, 25, 30, 37, 45, 56]",19,56
1149,2026-01-24T12:17:42.0,2026-02-02T17:55:27.531,"Any[19, 25, 30, 37, 45, 56]",19,56
45,2026-01-24T12:52:54.0,2026-02-02T18:30:39.531,"Any[6, 11, 19, 25, 30, 37, 45]",6,45
1382,2026-01-24T13:20:43.874,2026-01-26T18:58:29.405,"Any[53, 45, 37, 30, 25, 19, 13, 8]",53,8
622,2026-01-24T13:48:30.0,2026-02-02T19:26:15.531,"Any[56, 45, 37, 30, 25, 19, 10]",56,10
1354,2026-01-24T13:48:30.0,2026-01-26T19:26:15.531,"Any[56, 45, 37, 30, 25, 19, 10]",56,10
1357,2026-01-24T13:48:30.0,2026-01-26T19:26:15.531,"Any[56, 45, 37, 30, 25, 19, 10]",56,10
96,2026-01-24T13:50:47.0,2026-02-02T19:28:32.531,"Any[7, 8, 13, 19, 25, 30, 37, 45, 53, 60]",7,60
419,2026-01-24T14:19:06.0,2026-02-02T19:56:51.531,"Any[53, 45, 37, 30, 25, 19, 13, 8]",53,8
1315,2026-01-24T14:33:38.0,2026-01-26T20:11:23.531,"Any[56, 45, 37, 30, 25, 19, 11, 6]",56,6
1338,2026-01-24T14:33:38.0,2026-02-02T20:11:23.531,"Any[56, 45, 37, 30, 25, 19, 11, 6]",56,6
80,2026-01-24T15:04:16.0,2026-01-26T20:42:01.531,"Any[19, 25, 30, 37, 45, 53]",19,53
677,2026-01-24T15:35:15.0,2026-01-26T21:13:00.531,"Any[6, 11, 19, 25, 30, 37, 45]",6,45
516,2026-01-24T15:42:21.0,2026-02-02T21:20:06.531,"Any[53, 45, 37, 30, 25]",53,25
834,2026-01-24T16:06:33.0,2026-02-02T21:44:18.531,"Any[60, 56, 45, 37, 30, 25]",60,25
1279,2026-01-24T16:06:33.0,2026-02-02T21:44:18.531,"Any[60, 56, 45, 37, 30, 25]",60,25
1259,2026-01-24T16:14:11.0,2026-01-26T21:51:56.531,"Any[6, 11, 19, 25, 30, 37, 45]",6,45
956,2026-01-24T16:15:39.0,2026-01-26T21:53:24.531,"Any[6, 11, 19, 25, 30, 37, 45]",6,45
991,2026-01-24T16:54:59.0,2026-01-26T22:32:44.531,"Any[60, 56, 45, 37, 30, 25]",60,25
589,2026-01-24T16:59:17.0,2026-02-02T22:37:02.531,"Any[6, 11, 19, 25, 30, 37, 45]",6,45
745,2026-01-24T16:59:17.0,2026-01-26T22:37:02.531,"Any[6, 11, 19, 25, 30, 37, 45]",6,45
550,2026-01-24T17:09:22.0,2026-02-02T22:47:07.531,"Any[8, 13, 19, 25, 30, 37, 45, 56]",8,56
1482,2026-01-24T17:09:22.0,2026-02-02T22:47:07.531,"Any[8, 13, 19, 25, 30, 37, 45, 56]",8,56
1304,2026-01-24T17:29:18.0,2026-02-02T23:07:03.531,"Any[56, 45, 37, 30, 25]",56,25
1154,2026-01-24T17:55:15.0,2026-01-26T23:33:00.531,"Any[19, 25, 30, 37, 45, 53]",19,53
1467,2026-01-24T17:55:15.0,2026-01-26T23:33:00.531,"Any[19, 25, 30, 37, 45, 53]",19,53
937,2026-01-24T18:01:05.0,2026-01-26T23:38:50.531,"Any[7, 8, 13, 19, 25, 30, 37, 45]",7,45
1128,2026-01-24T18:04:35.764,2026-01-26T23:42:21.295,"Any[1, 6, 11, 19, 25, 30, 37, 45, 56]",1,56
114,2026-01-24T19:17:24.0,2026-01-27T00:55:09.531,"Any[8, 13, 19, 25, 30, 37, 45, 56]",8,56
1256,2026-01-24T19:17:24.0,2026-02-03T00:55:09.531,"Any[8, 13, 19, 25, 30, 37, 45, 56]",8,56
967,2026-01-24T19:19:52.0,2026-02-03T00:57:37.531,"Any[13, 19, 25, 30, 37, 45, 56]",13,56
1430,2026-01-24T19:57:20.0,2026-01-27T01:35:05.531,"Any[53, 45, 37, 30, 25, 19, 10]",53,10
30,2026-01-24T20:02:17.176,2026-01-27T01:40:02.707,"Any[53, 45, 37, 30, 25, 19, 13, 8]",53,8
972,2026-01-24T20:13:01.0,2026-01-27T01:50:46.531,"Any[53, 45, 37, 30, 25, 19, 13, 8]",53,8
907,2026-01-24T20:14:27.0,2026-01-27T01:52:12.531,"Any[10, 19, 25, 30, 37, 45, 53]",10,53
1040,2026-01-24T20:15:36.0,2026-02-03T01:53:21.531,"Any[60, 54, 44, 36, 31, 27, 21, 9]",60,9
663,2026-01-24T20:16:56.488,2026-02-03T01:54:42.019,"Any[10, 19, 25, 30, 37, 45, 53]",10,53
521,2026-01-24T20:18:04.0,2026-01-27T01:55:49.531,"Any[3, 10, 19, 25, 30, 37, 45, 53]",3,53
391,2026-01-24T20:22:11.0,2026-02-03T01:59:56.531,"Any[16, 17, 25, 30, 37, 45, 53]",16,53
1203,2026-01-24T20:22:11.0,2026-01-27T01:59:56.531,"Any[16, 17, 25, 30, 37, 45, 53]",16,53
466,2026-01-24T20:37:22.0,2026-01-27T02:15:07.531,"Any[53, 45, 37, 30, 25, 19, 11, 6, 1]",53,1
489,2026-01-24T20:37:22.0,2026-01-27T02:15:07.531,"Any[53, 45, 37, 30, 25, 19, 11, 6, 1]",53,1
222,2026-01-24T20:43:42.0,2026-01-27T02:21:27.531,"Any[10, 19, 25, 30, 37, 45, 53]",10,53
1069,2026-01-24T21:31:39.0,2026-02-03T03:09:24.531,"Any[7, 8, 13, 19, 25, 30, 37, 45, 53, 60]",7,60
2,2026-01-24T22:00:53.0,2026-01-27T03:38:38.531,"Any[6, 11, 19, 25, 30, 37, 45, 53]",6,53
890,2026-01-24T22:00:53.0,2026-02-03T03:38:38.531,"Any[6, 11, 19, 25, 30, 37, 45, 53]",6,53
1553,2026-01-24T22:00:53.0,2026-02-03T03:38:38.531,"Any[6, 11, 19, 25, 30, 37, 45, 53]",6,53
1590,2026-01-24T22:02:50.0,2026-02-03T03:40:35.531,"Any[10, 19, 25, 30, 37, 45, 53, 60]",10,60
500,2026-01-24T22:14:09.0,2026-01-27T03:51:54.531,"Any[17, 25, 30, 37, 45, 53]",17,53
303,2026-01-24T22:16:35.0,2026-02-03T03:54:20.531,"Any[8, 13, 19, 25, 30, 37, 45, 56]",8,56
394,2026-01-24T22:17:57.09,2026-01-27T03:55:42.621,"Any[60, 56, 45, 37, 30, 25]",60,25
1514,2026-01-24T22:30:00.0,2026-02-03T04:07:45.531,"Any[1, 6, 11, 19, 25, 30, 37, 45, 53, 60]",1,60
1530,2026-01-24T22:30:00.0,2026-01-27T04:07:45.531,"Any[1, 6, 11, 19, 25, 30, 37, 45, 53, 60]",1,60
69,2026-01-24T22:59:00.0,2026-02-03T04:36:45.531,"Any[54, 44, 36, 23, 19, 13, 8]",54,8
698,2026-01-24T23:00:14.0,2026-02-03T04:37:59.531,"Any[53, 45, 37, 30, 25, 19, 11, 6, 1]",53,1
769,2026-01-24T23:00:14.0,2026-01-27T04:37:59.531,"Any[53, 45, 37, 30, 25, 19, 11, 6, 1]",53,1
1219,2026-01-24T23:00:37.908,2026-01-27T04:38:23.439,"Any[8, 13, 19, 25, 30, 37, 45, 56]",8,56
1201,2026-01-24T23:07:24.192,2026-01-27T04:45:09.723,"Any[8, 13, 19, 25, 30, 37, 45, 56]",8,56
531,2026-01-24T23:11:13.0,2026-01-27T04:48:58.531,"Any[10, 19, 25, 30, 37, 45, 53]",10,53
855,2026-01-24T23:35:39.0,2026-02-03T05:13:24.531,"Any[8, 13, 19, 25, 30, 37, 45, 56]",8,56
268,2026-01-24T23:37:13.0,2026-01-27T05:14:58.531,"Any[8, 13, 19, 25, 30, 37, 45, 56]",8,56
1117,2026-01-24T23:37:58.0,2026-02-03T05:15:43.531,"Any[60, 56, 45, 37, 30, 25, 19, 11, 6]",60,6
977,2026-01-24T23:49:41.633,2026-02-03T05:27:27.164,"Any[19, 25, 30, 37, 45, 56]",19,56
426,2026-01-24T23:56:38.0,2026-01-27T05:34:23.531,"Any[19, 25, 30, 37, 45, 53]",19,53
1181,2026-01-24T23:56:38.0,2026-02-03T05:34:23.531,"Any[19, 25, 30, 37, 45, 53]",19,53
239,2026-01-25T00:00:33.0,2026-02-03T05:38:18.531,"Any[53, 45, 37, 30, 25, 19, 10]",53,10
1,2026-01-25T00:32:32.0,2026-01-27T06:10:17.531,"Any[53, 45, 37, 30, 25, 19, 13, 8]",53,8
1378,2026-01-25T00:32:32.0,2026-01-27T06:10:17.531,"Any[53, 45, 37, 30, 25, 19, 13, 8]",53,8
1394,2026-01-25T00:32:32.0,2026-01-27T06:10:17.531,"Any[53, 45, 37, 30, 25, 19, 13, 8]",53,8
134,2026-01-25T00:43:18.0,2026-01-27T06:21:03.531,"Any[10, 19, 25, 30, 37, 45, 53]",10,53
957,2026-01-25T01:51:53.124,2026-02-03T07:29:38.655,"Any[64, 60, 53, 45, 37, 30, 25, 19, 10]",64,10
1125,2026-01-25T01:51:53.124,2026-02-03T07:29:38.655,"Any[64, 60, 53, 45, 37, 30, 25, 19, 10]",64,10
629,2026-01-25T01:58:30.0,2026-02-03T07:36:15.531,"Any[53, 45, 37, 30, 25, 19, 11, 6, 1]",53,1
705,2026-01-25T02:19:33.0,2026-01-27T07:57:18.531,"Any[64, 60, 53, 45, 37, 30, 25, 19, 13, 8]",64,8
898,2026-01-25T02:19:33.0,2026-01-27T07:57:18.531,"Any[64, 60, 53, 45, 37, 30, 25, 19, 13, 8]",64,8
747,2026-01-25T03:06:33.0,2026-01-27T08:44:18.531,"Any[64, 53, 45, 37, 30, 25, 19, 10]",64,10
1039,2026-01-25T03:23:06.0,2026-02-03T09:00:51.531,"Any[60, 56, 45, 37, 30, 25, 19, 11, 6]",60,6
147,2026-01-25T03:26:03.0,2026-01-27T09:03:48.531,"Any[60, 56, 45, 37, 30, 25, 19, 13, 8]",60,8
122,2026-01-25T03:38:49.0,2026-01-27T09:16:34.531,"Any[53, 45, 37, 30, 25, 19, 10]",53,10
848,2026-01-25T03:38:49.0,2026-02-03T09:16:34.531,"Any[53, 45, 37, 30, 25, 19, 10]",53,10
1010,2026-01-25T03:38:49.0,2026-01-27T09:16:34.531,"Any[53, 45, 37, 30, 25, 19, 10]",53,10
240,2026-01-25T03:54:38.0,2026-02-03T09:32:23.531,"Any[53, 45, 37, 30, 25, 19, 10]",53,10
289,2026-01-25T03:54:38.0,2026-01-27T09:32:23.531,"Any[53, 45, 37, 30, 25, 19, 10]",53,10
754,2026-01-25T04:23:06.0,2026-02-03T10:00:51.531,"Any[53, 45, 37, 30, 25]",53,25
464,2026-01-25T04:37:24.0,2026-01-27T10:15:09.531,"Any[17, 16, 17, 25, 30, 37, 45, 53, 60]",17,60
125,2026-01-25T04:59:51.0,2026-01-27T10:37:36.531,"Any[64, 60, 53, 45, 37, 30, 25, 19, 10]",64,10
1178,2026-01-25T04:59:51.0,2026-01-27T10:37:36.531,"Any[64, 60, 53, 45, 37, 30, 25, 19, 10]",64,10
472,2026-01-25T05:13:47.0,2026-01-27T10:51:32.531,"Any[64, 60, 53, 45, 37, 30, 25, 19, 11, 6, 1]",64,1
363,2026-01-25T05:25:14.062,2026-02-03T11:02:59.593,"Any[1, 6, 10, 19, 23, 36, 44, 54, 60]",1,60
450,2026-01-25T05:25:14.062,2026-01-27T11:02:59.593,"Any[1, 6, 10, 19, 23, 36, 44, 54, 60]",1,60
803,2026-01-25T05:39:54.0,2026-02-03T11:17:39.531,"Any[56, 45, 37, 30, 25]",56,25
1082,2026-01-25T05:39:54.0,2026-01-27T11:17:39.531,"Any[56, 45, 37, 30, 25]",56,25
1307,2026-01-25T05:39:54.0,2026-02-03T11:17:39.531,"Any[56, 45, 37, 30, 25]",56,25
906,2026-01-25T05:48:40.0,2026-02-03T11:26:25.531,"Any[60, 53, 45, 37, 30, 25, 19, 13, 8]",60,8
1435,2026-01-25T07:55:19.0,2026-01-27T13:33:04.531,"Any[45, 37, 30, 25]",45,25
1438,2026-01-25T07:55:19.0,2026-02-03T13:33:04.531,"Any[45, 37, 30, 25]",45,25
76,2026-01-25T08:16:07.0,2026-02-03T13:53:52.531,"Any[53, 45, 37, 30, 25, 19, 13, 8]",53,8
1168,2026-01-25T08:58:09.0,2026-01-27T14:35:54.531,"Any[64, 60, 56, 45, 37, 30, 25, 19, 10]",64,10
1301,2026-01-25T11:52:41.0,2026-01-27T17:30:26.531,"Any[56, 45, 37, 30, 25]",56,25
233,2026-01-25T11:58:36.0,2026-01-27T17:36:21.531,"Any[53, 45, 37, 30, 25]",53,25
616,2026-01-25T11:58:36.0,2026-02-03T17:36:21.531,"Any[53, 45, 37, 30, 25]",53,25
791,2026-01-25T12:59:31.0,2026-01-27T18:37:16.531,"Any[3, 10, 19, 25, 30, 37, 45, 53]",3,53
1136,2026-01-25T12:59:31.0,2026-02-03T18:37:16.531,"Any[3, 10, 19, 25, 30, 37, 45, 53]",3,53
475,2026-01-25T14:03:05.0,2026-01-27T19:40:50.531,"Any[8, 13, 19, 25, 30, 37, 45]",8,45
158,2026-01-25T14:09:42.0,2026-01-27T19:47:27.531,"Any[3, 10, 19, 25, 30, 37, 45, 53, 60]",3,60
349,2026-01-25T14:09:42.0,2026-02-03T19:47:27.531,"Any[3, 10, 19, 25, 30, 37, 45, 53, 60]",3,60
397,2026-01-25T14:09:42.0,2026-02-03T19:47:27.531,"Any[3, 10, 19, 25, 30, 37, 45, 53, 60]",3,60
1294,2026-01-25T15:27:47.108,2026-01-27T21:05:32.639,"Any[60, 56, 45, 37, 30, 25, 19]",60,19
209,2026-01-25T15:33:45.0,2026-02-03T21:11:30.531,"Any[64, 60, 53, 45, 37, 30, 25, 19, 11, 6, 1]",64,1
779,2026-01-25T15:33:45.0,2026-01-27T21:11:30.531,"Any[64, 60, 53, 45, 37, 30, 25, 19, 11, 6, 1]",64,1
250,2026-01-25T15:38:08.0,2026-01-27T21:15:53.531,"Any[10, 19, 25, 30, 37, 45, 53]",10,53
136,2026-01-25T15:48:14.0,2026-01-27T21:25:59.531,"Any[19, 25, 30, 37, 45, 53]",19,53
1207,2026-01-25T15:48:14.0,2026-01-27T21:25:59.531,"Any[19, 25, 30, 37, 45, 53]",19,53
1469,2026-01-25T15:48:14.0,2026-02-03T21:25:59.531,"Any[19, 25, 30, 37, 45, 53]",19,53
703,2026-01-25T15:59:59.11,2026-01-27T21:37:44.641,"Any[64, 60, 56, 45, 37, 30, 25, 19, 11, 10]",64,10
681,2026-01-25T16:58:40.0,2026-02-03T22:36:25.531,"Any[53, 45, 37, 30, 25, 19, 10]",53,10
882,2026-01-25T17:06:24.0,2026-01-27T22:44:09.531,"Any[60, 53, 45, 37, 30, 25]",60,25
11,2026-01-25T17:14:31.252,2026-02-03T22:52:16.783,"Any[1, 6, 11, 19, 25, 30, 37, 45, 56]",1,56
689,2026-01-25T17:25:15.0,2026-02-03T23:03:00.531,"Any[10, 19, 25, 30, 37, 45, 53]",10,53
746,2026-01-25T17:25:15.0,2026-02-03T23:03:00.531,"Any[10, 19, 25, 30, 37, 45, 53]",10,53
1048,2026-01-25T17:34:15.0,2026-01-27T23:12:00.531,"Any[7, 8, 13, 19, 25, 30, 37, 45, 53]",7,53
1274,2026-01-25T17:34:54.939,2026-01-27T23:12:40.47,"Any[60, 56, 45, 37, 30, 25]",60,25
1218,2026-01-25T17:37:51.0,2026-01-27T23:15:36.531,"Any[56, 45, 37, 30, 25]",56,25
1592,2026-01-25T18:26:19.0,2026-01-28T00:04:04.531,"Any[10, 19, 25, 30, 37, 45, 53, 60]",10,60
313,2026-01-25T18:44:26.917,2026-01-28T00:22:12.448,"Any[1, 6, 11, 19, 25, 30, 37, 45, 56]",1,56
345,2026-01-25T19:16:20.0,2026-02-04T00:54:05.531,"Any[10, 19, 25, 30, 37, 45, 53]",10,53
766,2026-01-25T19:16:20.0,2026-02-04T00:54:05.531,"Any[10, 19, 25, 30, 37, 45, 53]",10,53
1075,2026-01-25T19:47:45.023,2026-01-28T01:25:30.554,"Any[53, 45, 37, 30, 25, 19, 10]",53,10
144,2026-01-25T20:29:17.0,2026-02-04T02:07:02.531,"Any[53, 45, 37, 30, 25, 19, 10]",53,10
846,2026-01-25T20:47:07.0,2026-01-28T02:24:52.531,"Any[56, 45, 37, 30, 25]",56,25
166,2026-01-25T20:57:25.0,2026-01-28T02:35:10.531,"Any[53, 45, 37, 30, 25]",53,25
816,2026-01-25T20:57:25.0,2026-02-04T02:35:10.531,"Any[53, 45, 37, 30, 25]",53,25
57,2026-01-25T21:41:16.0,2026-02-04T03:19:01.531,"Any[53, 45, 37, 25, 19, 13, 8]",53,8
844,2026-01-25T21:41:16.0,2026-01-28T03:19:01.531,"Any[53, 45, 37, 25, 19, 13, 8]",53,8
440,2026-01-25T22:18:35.952,2026-01-28T03:56:21.483,"Any[60, 56, 45, 37, 30, 25, 19, 11, 6]",60,6
427,2026-01-25T22:35:41.0,2026-02-04T04:13:26.531,"Any[53, 45, 37, 30, 25]",53,25
648,2026-01-25T22:41:36.259,2026-02-04T04:19:21.79,"Any[56, 45, 37, 30, 25, 19, 11, 6]",56,6
1321,2026-01-25T22:41:36.259,2026-02-04T04:19:21.79,"Any[56, 45, 37, 30, 25, 19, 11, 6]",56,6
110,2026-01-25T22:59:33.018,2026-02-04T04:37:18.549,"Any[60, 56, 45, 37, 30, 25, 19, 11, 6]",60,6
3,2026-01-25T23:02:14.0,2026-02-04T04:39:59.531,"Any[53, 45, 37, 30, 25, 19, 10]",53,10
186,2026-01-25T23:02:14.0,2026-02-04T04:39:59.531,"Any[53, 45, 37, 30, 25, 19, 10]",53,10
417,2026-01-25T23:34:15.0,2026-02-04T05:12:00.531,"Any[56, 45, 37, 30, 25, 19, 11, 6]",56,6
1230,2026-01-25T23:38:19.0,2026-01-28T05:16:04.531,"Any[8, 13, 19, 25, 30, 37, 45, 56]",8,56
1070,2026-01-25T23:42:58.0,2026-02-04T05:20:43.531,"Any[53, 45, 37, 30, 25, 19, 13, 8]",53,8
1371,2026-01-25T23:42:58.0,2026-01-28T05:20:43.531,"Any[53, 45, 37, 30, 25, 19, 13, 8]",53,8
1297,2026-01-25T23:44:35.0,2026-02-04T05:22:20.531,"Any[60, 56, 45, 37, 30, 25, 19, 13, 8]",60,8
878,2026-01-25T23:56:39.0,2026-01-28T05:34:24.531,"Any[53, 45, 37, 30, 25, 19, 11, 6, 1]",53,1
876,2026-01-26T00:05:56.0,2026-01-28T05:43:41.531,"Any[53, 45, 37, 30, 25, 19, 11, 6, 1]",53,1
1018,2026-01-26T00:05:56.0,2026-01-21T05:43:41.531,"Any[53, 45, 37, 30, 25, 19, 11, 6, 1]",53,1
832,2026-01-26T00:17:12.0,2026-01-28T05:54:57.531,"Any[1, 6, 11, 19, 25, 30, 37, 45, 53, 60]",1,60
928,2026-01-26T01:43:45.0,2026-01-28T07:21:30.531,"Any[53, 45, 37, 30, 25, 19, 11, 6, 1]",53,1
961,2026-01-26T01:43:45.0,2026-01-28T07:21:30.531,"Any[53, 45, 37, 30, 25, 19, 11, 6, 1]",53,1
73,2026-01-26T02:36:47.0,2026-01-28T08:14:32.531,"Any[64, 53, 45, 37, 30, 25, 19, 10]",64,10
99,2026-01-26T02:36:47.0,2026-01-21T08:14:32.531,"Any[64, 53, 45, 37, 30, 25, 19, 10]",64,10
889,2026-01-26T02:44:52.0,2026-01-28T08:22:37.531,"Any[64, 53, 45, 37, 30, 25, 19, 10]",64,10
1183,2026-01-26T02:44:52.0,2026-01-28T08:22:37.531,"Any[64, 53, 45, 37, 30, 25, 19, 10]",64,10
437,2026-01-26T03:13:34.0,2026-01-28T08:51:19.531,"Any[64, 60, 53, 45, 37, 30, 25, 19, 10]",64,10
1000,2026-01-26T04:17:56.742,2026-01-28T09:55:42.273,"Any[53, 45, 37, 30, 25, 19, 10]",53,10
594,2026-01-26T04:48:23.0,2026-01-21T10:26:08.531,"Any[19, 17, 25, 30, 37, 45, 53]",19,53
7,2026-01-26T05:24:48.669,2026-01-21T11:02:34.2,"Any[53, 45, 37, 30, 25, 19, 11, 6, 1]",53,1
1550,2026-01-26T07:01:08.0,2026-01-21T12:38:53.531,"Any[3, 10, 19, 25, 30, 37, 45, 53]",3,53
13,2026-01-26T08:43:10.0,2026-01-28T14:20:55.531,"Any[53, 45, 37, 30, 25, 19, 10]",53,10
699,2026-01-26T09:16:37.0,2026-01-21T14:54:22.531,"Any[56, 45, 37, 30, 25]",56,25
1157,2026-01-26T09:45:24.0,2026-01-21T15:23:09.531,"Any[3, 6, 11, 19, 25, 30, 37, 45]",3,45
1147,2026-01-26T11:12:41.0,2026-01-21T16:50:26.531,"Any[6, 11, 19, 25, 30, 37, 45, 53]",6,53
1558,2026-01-26T11:12:41.0,2026-01-21T16:50:26.531,"Any[6, 11, 19, 25, 30, 37, 45, 53]",6,53
598,2026-01-26T11:40:48.94,2026-01-28T17:18:34.471,"Any[14, 19, 25, 30, 37, 45, 53]",14,53
414,2026-01-26T12:45:33.0,2026-01-28T18:23:18.531,"Any[53, 45, 37, 30, 25]",53,25
490,2026-01-26T12:45:33.0,2026-01-28T18:23:18.531,"Any[53, 45, 37, 30, 25]",53,25
433,2026-01-26T12:52:27.0,2026-01-21T18:30:12.531,"Any[6, 11, 19, 25, 30, 37, 45]",6,45
565,2026-01-26T12:52:27.0,2026-01-28T18:30:12.531,"Any[6, 11, 19, 25, 30, 37, 45]",6,45
959,2026-01-26T13:14:28.16,2026-01-28T18:52:13.691,"Any[64, 60, 56, 45, 37, 30, 25, 19, 11, 6]",64,6
714,2026-01-26T13:47:03.0,2026-01-21T19:24:48.531,"Any[19, 25, 30, 37, 45]",19,45
121,2026-01-26T13:50:16.0,2026-01-28T19:28:01.531,"Any[60, 53, 45, 37, 30, 25]",60,25
163,2026-01-26T14:32:33.0,2026-01-28T20:10:18.531,"Any[19, 25, 30, 37, 45]",19,45
827,2026-01-26T14:44:11.0,2026-01-21T20:21:56.531,"Any[64, 56, 45, 37, 30, 25, 19, 11, 6, 2]",64,2
829,2026-01-26T15:13:34.0,2026-01-28T20:51:19.531,"Any[6, 11, 19, 25, 30, 37, 45]",6,45
966,2026-01-26T15:30:10.0,2026-01-21T21:07:55.531,"Any[6, 11, 16, 25, 30, 37, 45]",6,45
1053,2026-01-26T15:59:39.636,2026-01-21T21:37:25.167,"Any[60, 56, 45, 37, 30, 25, 19]",60,19
633,2026-01-26T16:16:23.0,2026-01-28T21:54:08.531,"Any[19, 25, 30, 37, 45, 53]",19,53
679,2026-01-26T16:17:37.0,2026-01-21T21:55:22.531,"Any[53, 45, 37, 30, 25]",53,25
24,2026-01-26T16:42:08.0,2026-01-28T22:19:53.531,"Any[60, 53, 45, 37, 30, 25, 19, 13, 8]",60,8
231,2026-01-26T16:42:08.0,2026-01-28T22:19:53.531,"Any[60, 53, 45, 37, 30, 25, 19, 13, 8]",60,8
167,2026-01-26T16:43:13.0,2026-01-21T22:20:58.531,"Any[60, 56, 45, 37, 30, 25, 19, 17, 19, 11, 6]",60,6
1441,2026-01-26T16:43:27.0,2026-01-21T22:21:12.531,"Any[25, 30, 37, 45, 56, 60, 64]",25,64
1445,2026-01-26T16:43:27.0,2026-01-28T22:21:12.531,"Any[25, 30, 37, 45, 56, 60, 64]",25,64
1447,2026-01-26T16:43:27.0,2026-01-21T22:21:12.531,"Any[25, 30, 37, 45, 56, 60, 64]",25,64
1448,2026-01-26T16:43:27.0,2026-01-21T22:21:12.531,"Any[25, 30, 37, 45, 56, 60, 64]",25,64
33,2026-01-26T16:44:42.0,2026-01-21T22:22:27.531,"Any[56, 45, 37, 30, 25, 19, 11, 6]",56,6
721,2026-01-26T16:52:57.0,2026-01-28T22:30:42.531,"Any[6, 11, 19, 25, 30, 37, 45]",6,45
1365,2026-01-26T16:53:06.0,2026-01-28T22:30:51.531,"Any[53, 45, 37, 30, 25]",53,25
56,2026-01-26T17:02:24.0,2026-01-28T22:40:09.531,"Any[53, 45, 37, 30, 25]",53,25
432,2026-01-26T17:37:37.0,2026-01-28T23:15:22.531,"Any[56, 45, 37, 30, 25, 19, 11, 6]",56,6
260,2026-01-26T18:22:31.343,2026-01-22T00:00:16.874,"Any[53, 45, 37, 30, 25, 19, 13, 8]",53,8
965,2026-01-26T18:34:39.0,2026-01-22T00:12:24.531,"Any[56, 45, 37, 30, 25]",56,25
850,2026-01-26T19:35:03.0,2026-01-29T01:12:48.531,"Any[6, 11, 19, 25, 30, 37, 45]",6,45
165,2026-01-26T19:39:11.0,2026-01-22T01:16:56.531,"Any[6, 11, 19, 25, 30, 37, 45]",6,45
1239,2026-01-26T19:39:11.0,2026-01-29T01:16:56.531,"Any[6, 11, 19, 25, 30, 37, 45]",6,45
40,2026-01-26T20:14:13.0,2026-01-22T01:51:58.531,"Any[53, 45, 37, 30, 25, 19, 13, 8]",53,8
1373,2026-01-26T20:14:13.0,2026-01-29T01:51:58.531,"Any[53, 45, 37, 30, 25, 19, 13, 8]",53,8
733,2026-01-26T20:20:55.0,2026-01-22T01:58:40.531,"Any[53, 45, 37, 30, 25, 19, 10]",53,10
980,2026-01-26T20:32:06.0,2026-01-29T02:09:51.531,"Any[10, 19, 30, 37, 45, 53]",10,53
985,2026-01-26T21:20:53.0,2026-01-22T02:58:38.531,"Any[10, 19, 25, 30, 37, 45, 53, 60]",10,60
454,2026-01-26T21:28:47.0,2026-01-29T03:06:32.531,"Any[6, 11, 19, 25, 30, 37, 45]",6,45
503,2026-01-26T21:33:41.0,2026-01-29T03:11:26.531,"Any[10, 19, 25, 30, 37, 45, 53, 60]",10,60
590,2026-01-26T21:33:41.0,2026-01-22T03:11:26.531,"Any[10, 19, 25, 30, 37, 45, 53, 60]",10,60
1593,2026-01-26T21:33:41.0,2026-01-22T03:11:26.531,"Any[10, 19, 25, 30, 37, 45, 53, 60]",10,60
995,2026-01-26T23:15:08.0,2026-01-29T04:52:53.531,"Any[53, 45, 37, 30, 25]",53,25
1421,2026-01-26T23:36:11.898,2026-01-22T05:13:57.429,"Any[53, 45, 37, 30, 25, 19, 11, 6, 1]",53,1
1425,2026-01-26T23:36:11.898,2026-01-29T05:13:57.429,"Any[53, 45, 37, 30, 25, 19, 11, 6, 1]",53,1
654,2026-01-26T23:46:28.0,2026-01-22T05:24:13.531,"Any[53, 45, 37, 30, 25, 19, 11, 6, 1]",53,1
618,2026-01-26T23:52:49.0,2026-01-29T05:30:34.531,"Any[53, 45, 37, 30, 25, 19, 13, 8]",53,8
760,2026-01-26T23:52:49.0,2026-01-22T05:30:34.531,"Any[53, 45, 37, 30, 25, 19, 13, 8]",53,8
1383,2026-01-26T23:52:49.0,2026-01-22T05:30:34.531,"Any[53, 45, 37, 30, 25, 19, 13, 8]",53,8
483,2026-01-26T23:53:37.0,2026-01-29T05:31:22.531,"Any[53, 45, 37, 30, 25, 19, 10]",53,10
1517,2026-01-26T23:59:35.0,2026-01-29T05:37:20.531,"Any[1, 6, 11, 19, 23, 36, 44, 54, 60]",1,60
634,2026-01-27T00:14:14.0,2026-01-29T05:51:59.531,"Any[64, 53, 45, 37, 30, 25, 19, 13, 8]",64,8
588,2026-01-27T00:21:38.0,2026-01-22T05:59:23.531,"Any[10, 19, 30, 37, 45, 53]",10,53
1060,2026-01-27T00:55:26.0,2026-01-22T06:33:11.531,"Any[53, 45, 37, 30, 25, 19, 10]",53,10
78,2026-01-27T01:01:40.0,2026-01-29T06:39:25.531,"Any[10, 19, 25, 30, 37, 45, 53]",10,53
1179,2026-01-27T01:01:40.0,2026-01-29T06:39:25.531,"Any[10, 19, 25, 30, 37, 45, 53]",10,53
189,2026-01-27T01:02:01.0,2026-01-29T06:39:46.531,"Any[8, 13, 19, 25, 30, 37, 45, 56]",8,56
593,2026-01-27T01:02:01.0,2026-01-29T06:39:46.531,"Any[8, 13, 19, 25, 30, 37, 45, 56]",8,56
1112,2026-01-27T01:23:17.0,2026-01-22T07:01:02.531,"Any[7, 8, 13, 19, 25, 30, 37, 45, 53]",7,53
897,2026-01-27T01:30:42.0,2026-01-29T07:08:27.531,"Any[7, 8, 13, 19, 25, 30, 37, 45, 53]",7,53
334,2026-01-27T02:01:08.0,2026-01-29T07:38:53.531,"Any[64, 60, 53, 45, 37, 30, 25, 19, 10]",64,10
169,2026-01-27T02:13:39.0,2026-01-22T07:51:24.531,"Any[53, 45, 37, 30, 25, 19, 11, 6, 1]",53,1
892,2026-01-27T02:13:39.0,2026-01-29T07:51:24.531,"Any[53, 45, 37, 30, 25, 19, 11, 6, 1]",53,1
259,2026-01-27T02:45:19.0,2026-01-29T08:23:04.531,"Any[64, 60, 53, 45, 37, 30, 25, 19, 11, 6, 6, 1]",64,6
171,2026-01-27T03:21:22.0,2026-01-22T08:59:07.531,"Any[64, 53, 45, 37, 30, 25, 19, 10]",64,10
375,2026-01-27T04:22:11.0,2026-01-29T09:59:56.531,"Any[19, 25, 30, 37, 45, 56]",19,56
1233,2026-01-27T04:43:29.0,2026-01-22T10:21:14.531,"Any[53, 45, 37, 30, 25, 19, 10]",53,10
1434,2026-01-27T04:43:29.0,2026-01-22T10:21:14.531,"Any[53, 45, 37, 30, 25, 19, 10]",53,10
319,2026-01-27T05:19:14.0,2026-01-22T10:56:59.531,"Any[5, 6, 11, 19, 25, 30, 37, 45]",5,45
1121,2026-01-27T05:19:14.0,2026-01-22T10:56:59.531,"Any[5, 6, 11, 19, 25, 30, 37, 45]",5,45
1109,2026-01-27T05:29:51.0,2026-01-22T11:07:36.531,"Any[7, 8, 13, 19, 25, 30, 37, 45, 53]",7,53
944,2026-01-27T05:45:32.0,2026-01-29T11:23:17.531,"Any[53, 45, 37, 30, 25, 19, 13, 8]",53,8
1375,2026-01-27T05:45:32.0,2026-01-22T11:23:17.531,"Any[53, 45, 37, 30, 25, 19, 13, 8]",53,8
1396,2026-01-27T05:45:32.0,2026-01-29T11:23:17.531,"Any[53, 45, 37, 30, 25, 19, 13, 8]",53,8
912,2026-01-27T06:20:29.0,2026-01-22T11:58:14.531,"Any[6, 11, 19, 25, 30, 37, 45]",6,45
63,2026-01-27T06:45:14.0,2026-01-22T12:22:59.531,"Any[53, 45, 37, 30, 25, 19, 10]",53,10
603,2026-01-27T06:59:27.0,2026-01-22T12:37:12.531,"Any[6, 11, 19, 25, 30, 37, 45]",6,45
619,2026-01-27T06:59:27.0,2026-01-22T12:37:12.531,"Any[6, 11, 19, 25, 30, 37, 45]",6,45
742,2026-01-27T06:59:27.0,2026-01-22T12:37:12.531,"Any[6, 11, 19, 25, 30, 37, 45]",6,45
789,2026-01-27T07:07:21.0,2026-01-29T12:45:06.531,"Any[8, 13, 19, 25, 30, 37, 45, 56]",8,56
1132,2026-01-27T07:07:21.0,2026-01-29T12:45:06.531,"Any[8, 13, 19, 25, 30, 37, 45, 56]",8,56
1506,2026-01-27T07:07:21.0,2026-01-29T12:45:06.531,"Any[8, 13, 19, 25, 30, 37, 45, 56]",8,56
1007,2026-01-27T07:10:53.0,2026-01-22T12:48:38.531,"Any[60, 53, 45, 37, 30, 25, 19, 13, 8]",60,8
100,2026-01-27T07:13:42.0,2026-01-29T12:51:27.531,"Any[60, 56, 45, 37, 30, 25]",60,25
247,2026-01-27T07:13:42.0,2026-01-29T12:51:27.531,"Any[60, 56, 45, 37, 30, 25]",60,25
463,2026-01-27T07:13:42.0,2026-01-22T12:51:27.531,"Any[60, 56, 45, 37, 30, 25]",60,25
1258,2026-01-27T07:23:24.0,2026-01-22T13:01:09.531,"Any[60, 56, 45, 37, 30, 25, 19, 13, 8]",60,8
1484,2026-01-27T07:43:38.0,2026-01-22T13:21:23.531,"Any[8, 13, 19, 25, 30, 37, 45, 56]",8,56
870,2026-01-27T09:36:07.0,2026-01-22T15:13:52.531,"Any[1, 6, 11, 19, 25, 30, 37, 45, 56]",1,56
244,2026-01-27T10:03:11.0,2026-01-29T15:40:56.531,"Any[45, 37, 30, 25]",45,25
337,2026-01-27T10:03:11.0,2026-01-29T15:40:56.531,"Any[45, 37, 30, 25]",45,25
1103,2026-01-27T10:23:59.0,2026-01-22T16:01:44.531,"Any[19, 25, 30, 37, 45, 56]",19,56
1453,2026-01-27T10:23:59.0,2026-01-29T16:01:44.531,"Any[19, 25, 30, 37, 45, 56]",19,56
227,2026-01-27T10:26:31.0,2026-01-29T16:04:16.531,"Any[8, 13, 19, 25, 30, 37, 45, 56]",8,56
782,2026-01-27T10:26:31.0,2026-01-22T16:04:16.531,"Any[8, 13, 19, 25, 30, 37, 45, 56]",8,56
886,2026-01-27T10:26:31.0,2026-01-22T16:04:16.531,"Any[8, 13, 19, 25, 30, 37, 45, 56]",8,56
1424,2026-01-27T10:27:16.0,2026-01-22T16:05:01.531,"Any[53, 45, 37, 30, 25, 19, 11, 6, 1]",53,1
1478,2026-01-27T10:44:38.0,2026-01-22T16:22:23.531,"Any[8, 13, 19, 25, 30, 37, 45, 56]",8,56
1184,2026-01-27T10:50:54.55,2026-01-29T16:28:40.081,"Any[19, 25, 30, 37, 45, 53]",19,53
853,2026-01-27T11:52:44.0,2026-01-29T17:30:29.531,"Any[62, 45, 37, 30, 25, 19, 13, 8]",62,8
954,2026-01-27T11:52:44.0,2026-01-22T17:30:29.531,"Any[62, 45, 37, 30, 25, 19, 13, 8]",62,8
272,2026-01-27T12:38:54.0,2026-01-22T18:16:39.531,"Any[62, 53, 45, 37, 30, 25, 19, 13, 8]",62,8
1066,2026-01-27T12:38:54.0,2026-01-22T18:16:39.531,"Any[62, 53, 45, 37, 30, 25, 19, 13, 8]",62,8
1400,2026-01-27T13:00:08.0,2026-01-22T18:37:53.531,"Any[53, 45, 37, 30, 25, 19, 13, 8]",53,8
1355,2026-01-27T13:01:08.409,2026-01-22T18:38:53.94,"Any[56, 45, 37, 30, 25, 19, 10]",56,10
639,2026-01-27T13:02:09.0,2026-01-29T18:39:54.531,"Any[60, 56, 45, 37, 30, 25, 19, 11, 6, 6]",60,6
723,2026-01-27T13:02:09.0,2026-01-29T18:39:54.531,"Any[60, 56, 45, 37, 30, 25, 19, 11, 6, 6]",60,6
441,2026-01-27T13:02:44.0,2026-01-22T18:40:29.531,"Any[19, 25, 30, 37, 45, 56]",19,56
1386,2026-01-27T13:27:15.0,2026-01-22T19:05:00.531,"Any[53, 45, 37, 30, 25, 19, 13, 8]",53,8
1399,2026-01-27T13:27:15.0,2026-01-22T19:05:00.531,"Any[53, 45, 37, 30, 25, 19, 13, 8]",53,8
216,2026-01-27T14:27:20.0,2026-01-22T20:05:05.531,"Any[45, 37, 30, 25, 19, 14]",45,14
993,2026-01-27T15:33:22.0,2026-01-22T21:11:07.531,"Any[6, 11, 19, 25, 30, 37, 45]",6,45
1351,2026-01-27T16:02:26.0,2026-01-29T21:40:11.531,"Any[56, 45, 37, 30, 25, 19, 11, 6]",56,6
535,2026-01-27T16:05:20.103,2026-01-22T21:43:05.634,"Any[60, 56, 45, 37, 30, 25]",60,25
1211,2026-01-27T16:05:20.103,2026-01-22T21:43:05.634,"Any[60, 56, 45, 37, 30, 25]",60,25
79,2026-01-27T16:10:53.0,2026-01-29T21:48:38.531,"Any[56, 45, 37, 30, 25, 19, 11, 6, 6, 1]",56,6
1309,2026-01-27T16:10:53.0,2026-01-29T21:48:38.531,"Any[56, 45, 37, 30, 25, 19, 11, 6, 6, 1]",56,6
1310,2026-01-27T16:10:53.0,2026-01-22T21:48:38.531,"Any[56, 45, 37, 30, 25, 19, 11, 6, 6, 1]",56,6
1387,2026-01-27T16:35:07.0,2026-01-22T22:12:52.531,"Any[53, 45, 37, 30, 25, 19, 13, 8]",53,8
1348,2026-01-27T16:43:21.0,2026-01-22T22:21:06.531,"Any[56, 45, 37, 30, 25, 19, 11, 6]",56,6
968,2026-01-27T16:44:00.0,2026-01-29T22:21:45.531,"Any[53, 45, 37, 30, 25, 19, 13, 8]",53,8
536,2026-01-27T16:44:39.0,2026-01-22T22:22:24.531,"Any[10, 19, 25, 30, 37, 45, 53]",10,53
595,2026-01-27T16:55:12.0,2026-01-29T22:32:57.531,"Any[64, 60, 56, 45, 37, 30, 25, 19, 13, 8]",64,8
547,2026-01-27T16:57:14.0,2026-01-22T22:34:59.531,"Any[60, 53, 45, 37, 30, 25, 19]",60,19
770,2026-01-27T17:11:02.0,2026-01-22T22:48:47.531,"Any[60, 56, 45, 37, 30, 25]",60,25
1058,2026-01-27T17:36:02.0,2026-01-22T23:13:47.531,"Any[6, 11, 19, 25, 30, 37, 45]",6,45
1190,2026-01-27T17:39:56.0,2026-01-22T23:17:41.531,"Any[56, 45, 37, 30, 25, 19, 11, 6]",56,6
1345,2026-01-27T17:39:56.0,2026-01-29T23:17:41.531,"Any[56, 45, 37, 30, 25, 19, 11, 6]",56,6
438,2026-01-27T17:46:02.0,2026-01-29T23:23:47.531,"Any[6, 11, 19, 25, 30, 37, 45]",6,45
584,2026-01-27T17:46:06.358,2026-01-22T23:23:51.889,"Any[56, 45, 37, 30, 25, 19, 11, 6]",56,6
666,2026-01-27T17:46:06.358,2026-01-29T23:23:51.889,"Any[56, 45, 37, 30, 25, 19, 11, 6]",56,6
809,2026-01-27T17:46:06.358,2026-01-29T23:23:51.889,"Any[56, 45, 37, 30, 25, 19, 11, 6]",56,6
1104,2026-01-27T17:51:54.0,2026-01-22T23:29:39.531,"Any[64, 56, 45, 37, 30, 25, 19, 11, 6]",64,6
140,2026-01-27T18:35:31.0,2026-01-23T00:13:16.531,"Any[25, 30, 37, 45, 53, 60, 64]",25,64
793,2026-01-27T18:35:31.0,2026-01-23T00:13:16.531,"Any[25, 30, 37, 45, 53, 60, 64]",25,64
1123,2026-01-27T18:35:31.0,2026-01-23T00:13:16.531,"Any[25, 30, 37, 45, 53, 60, 64]",25,64
1443,2026-01-27T18:35:31.0,2026-01-30T00:13:16.531,"Any[25, 30, 37, 45, 53, 60, 64]",25,64
1444,2026-01-27T18:35:31.0,2026-01-23T00:13:16.531,"Any[25, 30, 37, 45, 53, 60, 64]",25,64
1449,2026-01-27T18:35:31.0,2026-01-23T00:13:16.531,"Any[25, 30, 37, 45, 53, 60, 64]",25,64
1450,2026-01-27T18:35:31.0,2026-01-23T00:13:16.531,"Any[25, 30, 37, 45, 53, 60, 64]",25,64
948,2026-01-27T18:38:43.0,2026-01-23T00:16:28.531,"Any[8, 13, 19, 25, 30, 37, 45, 56]",8,56
97,2026-01-27T18:51:12.0,2026-01-30T00:28:57.531,"Any[56, 45, 37, 30, 25, 19, 11, 6, 6]",56,6
1107,2026-01-27T19:25:08.0,2026-01-30T01:02:53.531,"Any[53, 45, 37, 30, 25, 19, 13, 8]",53,8
1014,2026-01-27T19:37:56.0,2026-01-23T01:15:41.531,"Any[8, 13, 19, 25, 30, 37, 45]",8,45
362,2026-01-27T19:50:28.0,2026-01-23T01:28:13.531,"Any[53, 45, 37, 30, 25, 19, 13, 8]",53,8
600,2026-01-27T20:21:58.0,2026-01-30T01:59:43.531,"Any[7, 8, 13, 19, 25, 30, 37, 45]",7,45
936,2026-01-27T20:21:58.0,2026-01-30T01:59:43.531,"Any[7, 8, 13, 19, 25, 30, 37, 45]",7,45
1076,2026-01-27T20:21:58.0,2026-01-23T01:59:43.531,"Any[7, 8, 13, 19, 25, 30, 37, 45]",7,45
431,2026-01-27T20:29:21.0,2026-01-30T02:07:06.531,"Any[53, 45, 37, 30, 25, 19, 13, 8]",53,8
955,2026-01-27T20:38:16.0,2026-01-23T02:16:01.531,"Any[3, 10, 19, 25, 30, 37, 45, 53]",3,53
1187,2026-01-27T20:58:23.0,2026-01-30T02:36:08.531,"Any[53, 45, 37, 30, 25, 19, 11, 6, 1]",53,1
488,2026-01-27T21:13:03.0,2026-01-30T02:50:48.531,"Any[60, 56, 45, 37, 30, 25]",60,25
1013,2026-01-27T21:19:25.0,2026-01-23T02:57:10.531,"Any[60, 56, 45, 37, 30, 25, 19, 13, 8]",60,8
1194,2026-01-27T21:32:16.567,2026-01-23T03:10:02.098,"Any[60, 56, 45, 37, 30, 25, 19, 11, 6]",60,6
1575,2026-01-27T21:40:19.0,2026-01-30T03:18:04.531,"Any[10, 19, 25, 30, 37, 45, 56, 60]",10,60
1551,2026-01-27T21:40:26.0,2026-01-30T03:18:11.531,"Any[6, 11, 16, 25, 30, 37, 45, 53]",6,53
650,2026-01-27T21:46:22.0,2026-01-23T03:24:07.531,"Any[8, 13, 25, 30, 37, 45, 56]",8,56
1146,2026-01-27T21:46:22.0,2026-01-23T03:24:07.531,"Any[8, 13, 25, 30, 37, 45, 56]",8,56
692,2026-01-27T21:52:42.0,2026-01-30T03:30:27.531,"Any[7, 8, 13, 19, 25, 30, 37, 45, 53, 60]",7,60
517,2026-01-27T21:56:27.0,2026-01-30T03:34:12.531,"Any[7, 8, 13, 19, 25, 30, 37, 45, 53]",7,53
999,2026-01-27T21:56:51.0,2026-01-30T03:34:36.531,"Any[53, 45, 37, 30, 25, 19, 13, 8]",53,8
624,2026-01-27T22:24:16.0,2026-01-30T04:02:01.531,"Any[53, 45, 37, 30, 25, 19, 10]",53,10
884,2026-01-27T22:24:16.0,2026-01-30T04:02:01.531,"Any[53, 45, 37, 30, 25, 19, 10]",53,10
1041,2026-01-27T22:24:18.0,2026-01-30T04:02:03.531,"Any[53, 45, 37, 30, 25, 19, 10]",53,10
70,2026-01-27T22:49:03.0,2026-01-23T04:26:48.531,"Any[8, 13, 19, 25, 30, 37, 45, 56]",8,56
304,2026-01-27T22:49:03.0,2026-01-30T04:26:48.531,"Any[8, 13, 19, 25, 30, 37, 45, 56]",8,56
774,2026-01-27T22:54:52.0,2026-01-23T04:32:37.531,"Any[56, 45, 37, 30, 25, 19, 11, 6]",56,6
1318,2026-01-27T22:54:52.0,2026-01-30T04:32:37.531,"Any[56, 45, 37, 30, 25, 19, 11, 6]",56,6
1320,2026-01-27T22:54:52.0,2026-01-23T04:32:37.531,"Any[56, 45, 37, 30, 25, 19, 11, 6]",56,6
354,2026-01-27T23:06:21.0,2026-01-30T04:44:06.531,"Any[3, 10, 19, 25, 30, 37, 45, 53]",3,53
111,2026-01-27T23:10:42.0,2026-01-23T04:48:27.531,"Any[10, 19, 25, 30, 37, 45, 53, 60]",10,60
704,2026-01-27T23:10:42.0,2026-01-23T04:48:27.531,"Any[10, 19, 25, 30, 37, 45, 53, 60]",10,60
1015,2026-01-27T23:10:42.0,2026-01-23T04:48:27.531,"Any[10, 19, 25, 30, 37, 45, 53, 60]",10,60
425,2026-01-28T00:14:10.0,2026-01-30T05:51:55.531,"Any[6, 11, 19, 25, 30, 37, 45]",6,45
879,2026-01-28T00:14:10.0,2026-01-23T05:51:55.531,"Any[6, 11, 19, 25, 30, 37, 45]",6,45
1571,2026-01-28T00:14:10.0,2026-01-23T05:51:55.531,"Any[6, 11, 19, 25, 30, 37, 45]",6,45
141,2026-01-28T00:16:06.0,2026-01-30T05:53:51.531,"Any[53, 45, 37, 30, 25]",53,25
630,2026-01-28T00:16:06.0,2026-01-23T05:53:51.531,"Any[53, 45, 37, 30, 25]",53,25
1208,2026-01-28T00:20:13.0,2026-01-23T05:57:58.531,"Any[1, 6, 11, 19, 23, 36, 44, 54, 60]",1,60
552,2026-01-28T00:29:11.0,2026-01-30T06:06:56.531,"Any[8, 13, 19, 25, 30, 37, 45, 56]",8,56
1503,2026-01-28T00:29:11.0,2026-01-23T06:06:56.531,"Any[8, 13, 19, 25, 30, 37, 45, 56]",8,56
883,2026-01-28T00:38:56.0,2026-01-23T06:16:41.531,"Any[10, 19, 25, 30, 37, 45, 53]",10,53
1204,2026-01-28T00:38:56.0,2026-01-23T06:16:41.531,"Any[10, 19, 25, 30, 37, 45, 53]",10,53
350,2026-01-28T00:43:28.0,2026-01-23T06:21:13.531,"Any[53, 45, 37, 30, 25, 19, 11, 6, 1]",53,1
540,2026-01-28T01:00:03.0,2026-01-30T06:37:48.531,"Any[10, 19, 25, 30, 37, 45, 53]",10,53
178,2026-01-28T01:13:18.0,2026-01-30T06:51:03.531,"Any[7, 8, 13, 19, 25, 30, 37, 45, 53]",7,53
528,2026-01-28T02:00:00.0,2026-01-23T07:37:45.531,"Any[7, 8, 13, 19, 25, 30, 37, 45, 53]",7,53
105,2026-01-28T02:04:10.0,2026-01-23T07:41:55.531,"Any[10, 19, 25, 30, 37, 45, 53, 60]",10,60
1462,2026-01-28T02:16:37.0,2026-01-30T07:54:22.531,"Any[19, 25, 30, 37, 45, 56]",19,56
1466,2026-01-28T02:16:37.0,2026-01-30T07:54:22.531,"Any[19, 25, 30, 37, 45, 56]",19,56
729,2026-01-28T02:16:51.0,2026-01-30T07:54:36.531,"Any[10, 19, 25, 30, 37, 45, 53, 60]",10,60
1572,2026-01-28T02:16:51.0,2026-01-30T07:54:36.531,"Any[10, 19, 25, 30, 37, 45, 53, 60]",10,60
1101,2026-01-28T02:35:35.0,2026-01-30T08:13:20.531,"Any[53, 45, 37, 30, 25, 19, 11, 6, 1]",53,1
1548,2026-01-28T02:52:05.0,2026-01-30T08:29:50.531,"Any[3, 10, 19, 25, 30, 37, 45, 53]",3,53
716,2026-01-28T03:55:49.0,2026-01-30T09:33:34.531,"Any[10, 19, 25, 30, 37, 45, 53]",10,53
1559,2026-01-28T04:35:18.0,2026-01-23T10:13:03.531,"Any[6, 11, 16, 25, 30, 37, 45, 53]",6,53
984,2026-01-28T05:10:57.0,2026-01-23T10:48:42.531,"Any[56, 45, 37, 30, 25]",56,25
1003,2026-01-28T05:10:57.0,2026-01-30T10:48:42.531,"Any[56, 45, 37, 30, 25]",56,25
1305,2026-01-28T05:10:57.0,2026-01-30T10:48:42.531,"Any[56, 45, 37, 30, 25]",56,25
1237,2026-01-28T05:23:07.0,2026-01-23T11:00:52.531,"Any[64, 60, 53, 45, 37, 30, 25, 19, 11, 6, 1]",64,1
668,2026-01-28T06:43:48.0,2026-01-23T12:21:33.531,"Any[53, 45, 37, 30, 25, 19, 13, 8]",53,8
347,2026-01-28T06:53:21.0,2026-01-23T12:31:06.531,"Any[8, 13, 19, 25, 30, 37, 45, 56]",8,56
1491,2026-01-28T06:53:21.0,2026-01-23T12:31:06.531,"Any[8, 13, 19, 25, 30, 37, 45, 56]",8,56
1507,2026-01-28T06:53:21.0,2026-01-23T12:31:06.531,"Any[8, 13, 19, 25, 30, 37, 45, 56]",8,56
1210,2026-01-28T07:22:00.287,2026-01-23T12:59:45.818,"Any[8, 13, 19, 25, 30, 37, 45, 56]",8,56
826,2026-01-28T07:38:47.0,2026-01-30T13:16:32.531,"Any[19, 25, 30, 37, 45, 56]",19,56
626,2026-01-28T07:56:32.0,2026-01-30T13:34:17.531,"Any[53, 45, 37, 30, 25, 19, 10]",53,10
154,2026-01-28T08:31:21.0,2026-01-30T14:09:06.531,"Any[8, 13, 19, 25, 30, 37, 45, 56]",8,56
874,2026-01-28T08:31:21.0,2026-01-30T14:09:06.531,"Any[8, 13, 19, 25, 30, 37, 45, 56]",8,56
138,2026-01-28T08:57:51.0,2026-01-23T14:35:36.531,"Any[53, 45, 37, 30, 25, 19, 13, 8]",53,8
1403,2026-01-28T08:57:51.0,2026-01-30T14:35:36.531,"Any[53, 45, 37, 30, 25, 19, 13, 8]",53,8
305,2026-01-28T08:58:31.0,2026-01-30T14:36:16.531,"Any[60, 56, 45, 37, 30, 25, 19, 17, 19, 11, 6, 6, 1]",60,6
344,2026-01-28T08:58:31.0,2026-01-23T14:36:16.531,"Any[60, 56, 45, 37, 30, 25, 19, 17, 19, 11, 6, 6, 1]",60,6
512,2026-01-28T08:58:31.0,2026-01-30T14:36:16.531,"Any[60, 56, 45, 37, 30, 25, 19, 17, 19, 11, 6, 6, 1]",60,6
564,2026-01-28T08:58:31.0,2026-01-23T14:36:16.531,"Any[60, 56, 45, 37, 30, 25, 19, 17, 19, 11, 6, 6, 1]",60,6
1221,2026-01-28T09:03:45.0,2026-01-23T14:41:30.531,"Any[5, 6, 10, 19, 25, 30, 37, 45, 56]",5,56
904,2026-01-28T09:22:19.379,2026-01-23T15:00:04.91,"Any[3, 6, 11, 25, 30, 37, 45]",3,45
623,2026-01-28T09:29:03.465,2026-01-23T15:06:48.996,"Any[60, 56, 45, 37, 30, 25, 19, 13, 8]",60,8
532,2026-01-28T09:36:53.0,2026-01-23T15:14:38.531,"Any[3, 10, 19, 25, 30, 37, 45, 53, 60]",3,60
771,2026-01-28T09:36:53.0,2026-01-23T15:14:38.531,"Any[3, 10, 19, 25, 30, 37, 45, 53, 60]",3,60
1198,2026-01-28T10:05:36.776,2026-01-30T15:43:22.307,"Any[8, 13, 19, 25, 30, 37, 45, 56]",8,56
299,2026-01-28T10:10:05.0,2026-01-23T15:47:50.531,"Any[56, 45, 37, 30, 25]",56,25
1225,2026-01-28T10:21:07.0,2026-01-30T15:58:52.531,"Any[17, 25, 30, 37, 45, 53]",17,53
800,2026-01-28T10:42:23.0,2026-01-23T16:20:08.531,"Any[6, 11, 19, 25, 30, 37, 45]",6,45
1316,2026-01-28T10:44:14.601,2026-01-30T16:22:00.132,"Any[56, 45, 37, 30, 25, 19, 11, 6]",56,6
342,2026-01-28T10:46:38.0,2026-01-30T16:24:23.531,"Any[19, 25, 30, 37, 45, 56, 55, 56]",19,56
947,2026-01-28T10:50:05.0,2026-01-23T16:27:50.531,"Any[3, 6, 11, 19, 25, 30, 37, 45, 56]",3,56
482,2026-01-28T10:53:18.0,2026-01-23T16:31:03.531,"Any[3, 6, 11, 19, 25, 30, 37, 45]",3,45
837,2026-01-28T11:36:42.548,2026-01-30T17:14:28.079,"Any[60, 56, 45, 37, 30, 25, 19, 11, 6]",60,6
939,2026-01-28T11:36:42.548,2026-01-23T17:14:28.079,"Any[60, 56, 45, 37, 30, 25, 19, 11, 6]",60,6
1229,2026-01-28T11:36:42.548,2026-01-30T17:14:28.079,"Any[60, 56, 45, 37, 30, 25, 19, 11, 6]",60,6
538,2026-01-28T11:38:26.0,2026-01-30T17:16:11.531,"Any[53, 45, 37, 30, 25, 19, 13, 8]",53,8
843,2026-01-28T12:01:01.0,2026-01-23T17:38:46.531,"Any[19, 25, 30, 37, 45, 56]",19,56
411,2026-01-28T12:04:25.666,2026-01-23T17:42:11.197,"Any[64, 53, 45, 37, 30, 25, 19, 10]",64,10
591,2026-01-28T12:04:25.666,2026-01-30T17:42:11.197,"Any[64, 53, 45, 37, 30, 25, 19, 10]",64,10
1156,2026-01-28T12:33:22.0,2026-01-30T18:11:07.531,"Any[53, 45, 37, 30, 25, 19, 10]",53,10
494,2026-01-28T13:00:00.0,2026-01-30T18:37:45.531,"Any[8, 13, 19, 25, 30, 37, 45]",8,45
941,2026-01-28T13:06:44.256,2026-01-23T18:44:29.787,"Any[54, 44, 36, 23, 19, 13, 8, 7]",54,7
301,2026-01-28T13:14:21.0,2026-01-23T18:52:06.531,"Any[56, 45, 37, 30, 25, 19, 11, 6]",56,6
1317,2026-01-28T13:14:21.0,2026-01-23T18:52:06.531,"Any[56, 45, 37, 30, 25, 19, 11, 6]",56,6
1322,2026-01-28T13:14:21.0,2026-01-30T18:52:06.531,"Any[56, 45, 37, 30, 25, 19, 11, 6]",56,6
359,2026-01-28T13:27:36.0,2026-01-30T19:05:21.531,"Any[64, 60, 53, 45, 37, 30, 25, 19, 13, 8]",64,8
526,2026-01-28T13:27:36.0,2026-01-30T19:05:21.531,"Any[64, 60, 53, 45, 37, 30, 25, 19, 13, 8]",64,8
744,2026-01-28T13:40:32.0,2026-01-23T19:18:17.531,"Any[8, 13, 25, 30, 37, 45]",8,45
546,2026-01-28T13:53:00.0,2026-01-30T19:30:45.531,"Any[13, 19, 25, 37, 45, 56]",13,56
1134,2026-01-28T13:53:00.0,2026-01-30T19:30:45.531,"Any[13, 19, 25, 37, 45, 56]",13,56
1002,2026-01-28T14:04:28.0,2026-01-23T19:42:13.531,"Any[1, 6, 11, 16, 25, 30, 37, 45, 56]",1,56
1535,2026-01-28T14:04:28.0,2026-01-30T19:42:13.531,"Any[1, 6, 11, 16, 25, 30, 37, 45, 56]",1,56
128,2026-01-28T14:16:07.0,2026-01-30T19:53:52.531,"Any[6, 11, 19, 25, 30, 37, 45]",6,45
990,2026-01-28T14:16:28.0,2026-01-30T19:54:13.531,"Any[19, 25, 30, 37, 45, 56]",19,56
1234,2026-01-28T14:30:45.0,2026-01-23T20:08:30.531,"Any[6, 11, 19, 25, 30, 37, 45]",6,45
197,2026-01-28T14:33:52.0,2026-01-30T20:11:37.531,"Any[56, 45, 37, 30, 25, 19, 11, 6]",56,6
473,2026-01-28T14:39:48.0,2026-01-30T20:17:33.531,"Any[6, 11, 19, 25, 30, 37, 45]",6,45
1098,2026-01-28T14:39:48.0,2026-01-30T20:17:33.531,"Any[6, 11, 19, 25, 30, 37, 45]",6,45
1083,2026-01-28T14:58:57.0,2026-01-23T20:36:42.531,"Any[56, 45, 37, 30, 25, 19, 20]",56,20
915,2026-01-28T15:05:08.941,2026-01-30T20:42:54.472,"Any[62, 45, 37, 30, 25, 19, 11, 6]",62,6
395,2026-01-28T15:14:19.726,2026-01-23T20:52:05.257,"Any[6, 11, 25, 30, 37, 45]",6,45
1205,2026-01-28T15:14:19.726,2026-01-23T20:52:05.257,"Any[6, 11, 25, 30, 37, 45]",6,45
727,2026-01-28T15:56:39.0,2026-01-30T21:34:24.531,"Any[60, 56, 45, 37, 30, 25, 19, 11, 6]",60,6
1165,2026-01-28T15:56:39.0,2026-01-23T21:34:24.531,"Any[60, 56, 45, 37, 30, 25, 19, 11, 6]",60,6
1299,2026-01-28T15:56:39.0,2026-01-23T21:34:24.531,"Any[60, 56, 45, 37, 30, 25, 19, 11, 6]",60,6
1124,2026-01-28T16:02:18.0,2026-01-30T21:40:03.531,"Any[6, 11, 16, 25, 30, 37, 45]",6,45
934,2026-01-28T16:12:16.977,2026-01-23T21:50:02.508,"Any[5, 6, 11, 19, 25, 30, 37, 45, 56]",5,56
201,2026-01-28T16:26:20.0,2026-01-30T22:04:05.531,"Any[53, 45, 37, 30, 25, 19, 13, 8]",53,8
1398,2026-01-28T16:26:20.0,2026-01-23T22:04:05.531,"Any[53, 45, 37, 30, 25, 19, 13, 8]",53,8
1408,2026-01-28T16:26:20.0,2026-01-30T22:04:05.531,"Any[53, 45, 37, 30, 25, 19, 13, 8]",53,8
1217,2026-01-28T16:45:20.0,2026-01-30T22:23:05.531,"Any[45, 37, 30, 25]",45,25
839,2026-01-28T16:50:47.0,2026-01-23T22:28:32.531,"Any[10, 19, 25, 30, 37, 45, 53]",10,53
1243,2026-01-28T16:55:22.0,2026-01-23T22:33:07.531,"Any[64, 56, 45, 37, 30, 25, 19, 11, 6]",64,6
113,2026-01-28T16:58:20.0,2026-01-23T22:36:05.531,"Any[53, 45, 37, 30, 25, 19, 11, 6, 1]",53,1
1283,2026-01-28T17:18:20.0,2026-01-30T22:56:05.531,"Any[60, 56, 45, 37, 30, 25, 19]",60,19
1093,2026-01-28T17:21:55.0,2026-01-30T22:59:40.531,"Any[53, 45, 37, 30, 25, 19, 11, 6, 1]",53,1
787,2026-01-28T17:46:59.345,2026-01-30T23:24:44.876,"Any[64, 60, 56, 45, 37, 30, 25, 19]",64,19
749,2026-01-28T17:50:08.608,2026-01-23T23:27:54.139,"Any[60, 56, 45, 37, 30, 25, 19, 11, 6]",60,6
1153,2026-01-28T17:52:33.785,2026-01-23T23:30:19.316,"Any[60, 56, 45, 37, 30, 25, 19]",60,19
711,2026-01-28T18:34:54.0,2026-01-24T00:12:39.531,"Any[53, 45, 37, 30, 25]",53,25
413,2026-01-28T18:57:28.0,2026-01-31T00:35:13.531,"Any[4, 10, 19, 25, 30, 37, 45, 53]",4,53
1089,2026-01-28T18:57:28.0,2026-01-31T00:35:13.531,"Any[4, 10, 19, 25, 30, 37, 45, 53]",4,53
49,2026-01-28T19:23:14.811,2026-01-31T01:01:00.342,"Any[53, 45, 37, 30, 25, 19, 10]",53,10
1140,2026-01-28T19:23:14.811,2026-01-24T01:01:00.342,"Any[53, 45, 37, 30, 25, 19, 10]",53,10
529,2026-01-28T19:42:23.0,2026-01-31T01:20:08.531,"Any[7, 8, 13, 19, 25, 30, 37, 45, 53]",7,53
54,2026-01-28T20:00:58.0,2026-01-31T01:38:43.531,"Any[8, 13, 19, 25, 30, 37, 45]",8,45
688,2026-01-28T20:34:41.0,2026-01-24T02:12:26.531,"Any[53, 45, 37, 30, 25, 19, 13, 8]",53,8
1346,2026-01-28T20:48:19.0,2026-01-24T02:26:04.531,"Any[56, 45, 37, 30, 25, 19, 11, 6]",56,6
976,2026-01-28T21:13:17.0,2026-01-31T02:51:02.531,"Any[1, 6, 11, 19, 23, 36, 44, 54, 60]",1,60
1270,2026-01-28T21:16:34.0,2026-01-31T02:54:19.531,"Any[7, 8, 13, 19, 25, 30, 37, 45, 53]",7,53
139,2026-01-28T21:17:08.0,2026-01-31T02:54:53.531,"Any[53, 45, 37, 30, 25, 19, 10]",53,10
297,2026-01-28T21:17:08.0,2026-01-24T02:54:53.531,"Any[53, 45, 37, 30, 25, 19, 10]",53,10
1087,2026-01-28T21:29:16.0,2026-01-31T03:07:01.531,"Any[8, 13, 19, 30, 37, 45, 56]",8,56
496,2026-01-28T21:45:02.196,2026-01-31T03:22:47.727,"Any[19, 25, 30, 37, 45, 56]",19,56
722,2026-01-28T22:08:38.0,2026-01-31T03:46:23.531,"Any[8, 13, 19, 25, 30, 37, 45, 56]",8,56
1502,2026-01-28T22:08:51.0,2026-01-24T03:46:36.531,"Any[8, 13, 19, 25, 30, 37, 45, 56]",8,56
1405,2026-01-28T22:09:13.0,2026-01-24T03:46:58.531,"Any[53, 45, 37, 30, 25, 19, 13, 8]",53,8
781,2026-01-28T22:10:13.0,2026-01-24T03:47:58.531,"Any[7, 8, 13, 19, 25, 30, 37, 45, 53]",7,53
900,2026-01-28T22:14:28.0,2026-01-24T03:52:13.531,"Any[13, 25, 30, 37, 45, 56]",13,56
352,2026-01-28T22:15:59.67,2026-01-31T03:53:45.201,"Any[64, 60, 53, 45, 37, 30, 25, 19, 10]",64,10
653,2026-01-28T22:23:05.049,2026-01-24T04:00:50.58,"Any[60, 56, 45, 37, 30, 25, 19, 11, 6]",60,6
899,2026-01-28T22:23:45.0,2026-01-31T04:01:30.531,"Any[53, 45, 37, 30, 25, 19, 10]",53,10
404,2026-01-28T22:26:09.0,2026-01-31T04:03:54.531,"Any[8, 13, 19, 25, 30, 37, 45, 56]",8,56
1505,2026-01-28T22:26:09.0,2026-01-31T04:03:54.531,"Any[8, 13, 19, 25, 30, 37, 45, 56]",8,56
1573,2026-01-28T22:50:51.0,2026-01-31T04:28:36.531,"Any[10, 19, 25, 30, 37, 45, 53, 60]",10,60
12,2026-01-28T22:53:57.0,2026-01-24T04:31:42.531,"Any[53, 45, 37, 30, 25, 19, 11, 6, 1]",53,1
925,2026-01-28T22:55:41.0,2026-01-31T04:33:26.531,"Any[19, 25, 30, 37, 45, 53]",19,53
336,2026-01-28T22:58:17.0,2026-01-31T04:36:02.531,"Any[53, 45, 37, 30, 25]",53,25
1361,2026-01-28T22:58:17.0,2026-01-24T04:36:02.531,"Any[53, 45, 37, 30, 25]",53,25
739,2026-01-28T23:03:00.0,2026-01-24T04:40:45.531,"Any[1, 6, 11, 19, 25, 30, 37, 45, 56]",1,56
1504,2026-01-28T23:04:06.0,2026-01-31T04:41:51.531,"Any[8, 13, 19, 25, 30, 37, 45, 56]",8,56
410,2026-01-28T23:17:39.0,2026-01-24T04:55:24.531,"Any[7, 8, 13, 19, 25, 30, 37, 45, 53, 60]",7,60
1546,2026-01-28T23:52:20.364,2026-01-31T05:30:05.895,"Any[1, 6, 11, 19, 25, 30, 37, 45, 56]",1,56
65,2026-01-29T00:03:23.0,2026-01-31T05:41:08.531,"Any[53, 45, 37, 30, 25, 19, 11, 6, 1]",53,1
659,2026-01-29T00:04:34.0,2026-01-31T05:42:19.531,"Any[19, 25, 30, 37, 45, 53]",19,53
908,2026-01-29T00:04:34.0,2026-01-24T05:42:19.531,"Any[19, 25, 30, 37, 45, 53]",19,53
1129,2026-01-29T00:04:34.0,2026-01-24T05:42:19.531,"Any[19, 25, 30, 37, 45, 53]",19,53
261,2026-01-29T00:08:56.565,2026-01-24T05:46:42.096,"Any[61, 53, 45, 37, 30, 25, 19, 11, 6]",61,6
953,2026-01-29T00:17:14.0,2026-01-24T05:54:59.531,"Any[7, 8, 13, 19, 25, 30, 37, 45, 53, 60]",7,60
1527,2026-01-29T00:30:29.0,2026-01-24T06:08:14.531,"Any[1, 6, 11, 19, 23, 28, 36, 44, 54, 60]",1,60
986,2026-01-29T00:51:35.897,2026-01-31T06:29:21.428,"Any[53, 45, 37, 30, 25, 19, 13, 8]",53,8
109,2026-01-29T01:14:02.0,2026-01-24T06:51:47.531,"Any[64, 53, 45, 37, 30, 25, 19, 10]",64,10
777,2026-01-29T01:20:39.098,2026-01-24T06:58:24.629,"Any[53, 45, 37, 30, 25, 19, 10]",53,10
539,2026-01-29T01:24:53.0,2026-01-24T07:02:38.531,"Any[7, 8, 13, 19, 25, 30, 37, 45, 53]",7,53
278,2026-01-29T01:29:08.0,2026-01-31T07:06:53.531,"Any[64, 60, 53, 45, 37, 30, 25, 19, 13, 8]",64,8
132,2026-01-29T01:31:57.0,2026-01-31T07:09:42.531,"Any[6, 11, 16, 25, 30, 37, 45, 53]",6,53
1556,2026-01-29T01:31:57.0,2026-01-31T07:09:42.531,"Any[6, 11, 16, 25, 30, 37, 45, 53]",6,53
1241,2026-01-29T01:39:31.0,2026-01-31T07:17:16.531,"Any[53, 45, 37, 30, 25, 19, 11, 6, 1]",53,1
1588,2026-01-29T01:53:56.0,2026-01-24T07:31:41.531,"Any[10, 19, 25, 30, 37, 45, 53, 60]",10,60
1591,2026-01-29T01:53:56.0,2026-01-31T07:31:41.531,"Any[10, 19, 25, 30, 37, 45, 53, 60]",10,60
507,2026-01-29T01:58:01.0,2026-01-24T07:35:46.531,"Any[19, 25, 30, 37, 30, 37, 45, 53]",19,53
160,2026-01-29T02:01:06.0,2026-01-31T07:38:51.531,"Any[64, 60, 53, 45, 37, 30, 25, 19, 11, 6, 1]",64,1
217,2026-01-29T02:01:06.0,2026-01-31T07:38:51.531,"Any[64, 60, 53, 45, 37, 30, 25, 19, 11, 6, 1]",64,1
656,2026-01-29T02:10:04.0,2026-01-24T07:47:49.531,"Any[10, 19, 25, 30, 37, 45, 53]",10,53
806,2026-01-29T02:18:59.0,2026-01-31T07:56:44.531,"Any[64, 60, 53, 45, 37, 30, 25, 19, 10]",64,10
401,2026-01-29T02:20:40.0,2026-01-31T07:58:25.531,"Any[10, 19, 25, 30, 37, 45, 53]",10,53
412,2026-01-29T02:20:40.0,2026-01-31T07:58:25.531,"Any[10, 19, 25, 30, 37, 45, 53]",10,53
867,2026-01-29T02:20:40.0,2026-01-31T07:58:25.531,"Any[10, 19, 25, 30, 37, 45, 53]",10,53
262,2026-01-29T02:21:41.0,2026-01-31T07:59:26.531,"Any[64, 53, 45, 37, 30, 25, 19, 10]",64,10
612,2026-01-29T02:29:47.0,2026-01-31T08:07:32.531,"Any[64, 60, 53, 45, 37, 30, 25, 19, 11, 6, 1]",64,1
1244,2026-01-29T02:43:56.0,2026-01-31T08:21:41.531,"Any[53, 45, 37, 30, 25, 19, 10]",53,10
570,2026-01-29T05:14:16.0,2026-01-31T10:52:01.531,"Any[62, 56, 45, 37, 30, 25, 19]",62,19
628,2026-01-29T06:05:23.0,2026-01-24T11:43:08.531,"Any[1, 6, 11, 19, 25, 30, 37, 45, 56]",1,56
992,2026-01-29T06:05:23.0,2026-01-31T11:43:08.531,"Any[1, 6, 11, 19, 25, 30, 37, 45, 56]",1,56
62,2026-01-29T07:06:37.0,2026-01-31T12:44:22.531,"Any[17, 25, 30, 37, 45, 53, 60]",17,60
256,2026-01-29T07:28:09.041,2026-01-31T13:05:54.572,"Any[53, 45, 37, 30, 25, 19, 10]",53,10
492,2026-01-29T07:40:57.0,2026-01-31T13:18:42.531,"Any[56, 45, 37, 30, 25, 19, 10]",56,10
778,2026-01-29T07:47:14.0,2026-01-24T13:24:59.531,"Any[53, 45, 37, 30, 25, 19, 10]",53,10
838,2026-01-29T07:48:44.0,2026-01-24T13:26:29.531,"Any[56, 45, 37, 30, 25]",56,25
1028,2026-01-29T07:48:44.0,2026-01-31T13:26:29.531,"Any[56, 45, 37, 30, 25]",56,25
236,2026-01-29T08:10:05.0,2026-01-31T13:47:50.531,"Any[60, 53, 45, 37, 30, 25]",60,25
226,2026-01-29T08:15:43.0,2026-01-31T13:53:28.531,"Any[1, 6, 11, 19, 25, 30, 37, 45, 56]",1,56
577,2026-01-29T08:15:43.0,2026-01-24T13:53:28.531,"Any[1, 6, 11, 19, 25, 30, 37, 45, 56]",1,56
945,2026-01-29T09:04:31.0,2026-01-31T14:42:16.531,"Any[6, 11, 19, 25, 30, 37, 45]",6,45
1569,2026-01-29T09:22:31.0,2026-01-31T15:00:16.531,"Any[6, 10, 19, 25, 30, 37, 45]",6,45
1570,2026-01-29T10:38:10.0,2026-01-24T16:15:55.531,"Any[6, 11, 19, 25, 30, 37, 45]",6,45
1008,2026-01-29T10:48:09.0,2026-01-31T16:25:54.531,"Any[53, 45, 37, 30, 25, 19, 10]",53,10
474,2026-01-29T11:04:35.0,2026-01-31T16:42:20.531,"Any[60, 56, 45, 37, 30, 25, 19, 11, 6]",60,6
700,2026-01-29T11:07:22.0,2026-01-31T16:45:07.531,"Any[53, 45, 37, 30, 25, 19, 13, 8]",53,8
592,2026-01-29T11:19:32.0,2026-01-31T16:57:17.531,"Any[6, 11, 19, 25, 30, 37, 45]",6,45
983,2026-01-29T11:19:32.0,2026-01-31T16:57:17.531,"Any[6, 11, 19, 25, 30, 37, 45]",6,45
193,2026-01-29T12:08:04.0,2026-01-24T17:45:49.531,"Any[53, 45, 37, 30, 25, 19, 10]",53,10
796,2026-01-29T12:08:04.0,2026-01-24T17:45:49.531,"Any[53, 45, 37, 30, 25, 19, 10]",53,10
311,2026-01-29T12:34:04.0,2026-01-24T18:11:49.531,"Any[53, 45, 37, 30, 25, 19, 10]",53,10
157,2026-01-29T12:40:07.0,2026-01-24T18:17:52.531,"Any[6, 11, 19, 25, 30, 37, 45]",6,45
1302,2026-01-29T12:50:09.0,2026-01-24T18:27:54.531,"Any[56, 45, 37, 30, 25]",56,25
302,2026-01-29T12:51:04.884,2026-01-24T18:28:50.415,"Any[64, 60, 56, 45, 37, 30, 25, 19, 13, 8, 7, 8]",64,8
1262,2026-01-29T12:51:08.0,2026-01-31T18:28:53.531,"Any[62, 45, 37, 30, 25, 19, 11, 6, 6, 1]",62,6
229,2026-01-29T13:10:43.643,2026-01-24T18:48:29.174,"Any[1, 6, 11, 19, 25, 30, 37, 45, 56]",1,56
465,2026-01-29T14:01:22.428,2026-01-31T19:39:07.959,"Any[1, 6, 11, 19, 25, 30, 37, 45, 56]",1,56
1460,2026-01-29T14:35:40.0,2026-01-31T20:13:25.531,"Any[19, 25, 30, 37, 45, 56]",19,56
403,2026-01-29T14:49:53.0,2026-01-24T20:27:38.531,"Any[53, 45, 37, 30, 25, 19, 10]",53,10
1363,2026-01-29T14:50:48.0,2026-01-31T20:28:33.531,"Any[53, 45, 37, 30, 25]",53,25
1367,2026-01-29T14:52:19.0,2026-01-24T20:30:04.531,"Any[53, 45, 37, 30, 25, 19, 13, 8]",53,8
1059,2026-01-29T15:38:32.0,2026-01-24T21:16:17.531,"Any[7, 8, 13, 19, 25, 30, 37, 45, 56]",7,56
59,2026-01-29T15:38:53.0,2026-01-31T21:16:38.531,"Any[53, 45, 37, 30, 25, 19, 10]",53,10
772,2026-01-29T15:38:53.0,2026-01-24T21:16:38.531,"Any[53, 45, 37, 30, 25, 19, 10]",53,10
50,2026-01-29T15:47:18.0,2026-01-24T21:25:03.531,"Any[64, 60, 56, 45, 37, 30, 25, 19, 17, 19, 13, 8]",64,8
1254,2026-01-29T16:06:01.0,2026-01-24T21:43:46.531,"Any[6, 11, 19, 25, 30, 37, 45]",6,45
974,2026-01-29T16:08:59.421,2026-01-31T21:46:44.952,"Any[1, 6, 11, 19, 25, 30, 37, 45, 56]",1,56
499,2026-01-29T16:16:42.0,2026-01-24T21:54:27.531,"Any[1, 6, 11, 19, 25, 30, 37, 45, 56]",1,56
690,2026-01-29T16:17:42.0,2026-01-24T21:55:27.531,"Any[64, 56, 45, 37, 30, 25, 19, 11, 6]",64,6
938,2026-01-29T16:20:28.0,2026-01-31T21:58:13.531,"Any[8, 13, 19, 25, 30, 37, 45, 56]",8,56
740,2026-01-29T16:30:11.0,2026-01-31T22:07:56.531,"Any[10, 19, 25, 30, 37, 45, 53]",10,53
371,2026-01-29T16:44:10.0,2026-01-24T22:21:55.531,"Any[60, 53, 45, 37, 30, 25]",60,25
369,2026-01-29T16:45:22.0,2026-01-31T22:23:07.531,"Any[5, 6, 11, 19, 25, 30, 37, 45]",5,45
717,2026-01-29T16:45:22.0,2026-01-31T22:23:07.531,"Any[5, 6, 11, 19, 25, 30, 37, 45]",5,45
246,2026-01-29T16:56:29.0,2026-01-24T22:34:14.531,"Any[53, 45, 37, 30, 25, 19, 10]",53,10
1333,2026-01-29T17:04:06.0,2026-01-24T22:41:51.531,"Any[56, 45, 37, 30, 25, 19, 11, 6, 6, 1]",56,6
267,2026-01-29T17:08:06.0,2026-01-24T22:45:51.531,"Any[6, 11, 19, 25, 30, 37, 45, 53]",6,53
335,2026-01-29T17:08:06.0,2026-01-31T22:45:51.531,"Any[6, 11, 19, 25, 30, 37, 45, 53]",6,53
460,2026-01-29T17:08:06.0,2026-01-24T22:45:51.531,"Any[6, 11, 19, 25, 30, 37, 45, 53]",6,53
1554,2026-01-29T17:08:06.0,2026-01-24T22:45:51.531,"Any[6, 11, 19, 25, 30, 37, 45, 53]",6,53
14,2026-01-29T17:12:05.0,2026-01-31T22:49:50.531,"Any[6, 11, 16, 25, 30, 37, 45]",6,45
649,2026-01-29T17:26:22.0,2026-01-24T23:04:07.531,"Any[1, 6, 11, 19, 25, 30, 37, 45, 56, 60]",1,60
34,2026-01-29T17:26:46.913,2026-01-31T23:04:32.444,"Any[1, 6, 11, 19, 25, 30, 37, 45, 56]",1,56
920,2026-01-29T17:26:46.913,2026-01-31T23:04:32.444,"Any[1, 6, 11, 19, 25, 30, 37, 45, 56]",1,56
18,2026-01-29T17:36:23.0,2026-01-31T23:14:08.531,"Any[10, 19, 25, 30, 37, 45, 53]",10,53
153,2026-01-29T17:36:59.0,2026-01-24T23:14:44.531,"Any[10, 19, 25, 30, 37, 45, 53]",10,53
131,2026-01-29T17:40:20.0,2026-01-24T23:18:05.531,"Any[56, 45, 37, 30, 25, 19, 11, 6]",56,6
1339,2026-01-29T17:40:20.0,2026-01-31T23:18:05.531,"Any[56, 45, 37, 30, 25, 19, 11, 6]",56,6
1108,2026-01-29T17:48:05.0,2026-01-31T23:25:50.531,"Any[8, 13, 19, 25, 30, 37, 45, 56]",8,56
1512,2026-01-29T17:48:05.0,2026-01-31T23:25:50.531,"Any[8, 13, 19, 25, 30, 37, 45, 56]",8,56
232,2026-01-29T17:51:32.0,2026-01-31T23:29:17.531,"Any[53, 45, 37, 30, 25, 19, 10]",53,10
258,2026-01-29T17:51:32.0,2026-01-31T23:29:17.531,"Any[53, 45, 37, 30, 25, 19, 10]",53,10
566,2026-01-29T17:58:25.0,2026-01-24T23:36:10.531,"Any[6, 11, 19, 25, 30, 37, 45]",6,45
1196,2026-01-29T17:58:25.0,2026-01-31T23:36:10.531,"Any[6, 11, 19, 25, 30, 37, 45]",6,45
384,2026-01-29T17:58:27.0,2026-01-24T23:36:12.531,"Any[56, 45, 37, 30, 25, 19, 11, 6, 6, 5, 1, 1]",56,6
1311,2026-01-29T17:58:27.0,2026-01-24T23:36:12.531,"Any[56, 45, 37, 30, 25, 19, 11, 6, 6, 5, 1, 1]",56,6
1334,2026-01-29T17:58:27.0,2026-01-31T23:36:12.531,"Any[56, 45, 37, 30, 25, 19, 11, 6, 6, 5, 1, 1]",56,6
970,2026-01-29T18:13:32.0,2026-01-24T23:51:17.531,"Any[10, 19, 25, 30, 37, 45, 53]",10,53
298,2026-01-29T18:39:23.0,2026-01-25T00:17:08.531,"Any[56, 45, 37, 30, 25]",56,25
81,2026-01-29T18:42:58.0,2026-02-01T00:20:43.531,"Any[56, 45, 37, 30, 25, 19, 11, 6]",56,6
569,2026-01-29T19:23:38.869,2026-01-25T01:01:24.4,"Any[1, 6, 11, 19, 25, 30, 37, 45, 53, 60]",1,60
973,2026-01-29T19:28:43.0,2026-02-01T01:06:28.531,"Any[19, 25, 30, 37, 45, 56]",19,56
530,2026-01-29T19:39:10.0,2026-01-25T01:16:55.531,"Any[10, 19, 25, 30, 37, 45, 53]",10,53
84,2026-01-29T19:45:22.0,2026-01-25T01:23:07.531,"Any[53, 45, 37, 30, 25, 19, 13, 8]",53,8
1126,2026-01-29T19:56:21.0,2026-02-01T01:34:06.531,"Any[53, 45, 37, 30, 25, 19, 10]",53,10
1158,2026-01-29T19:56:21.0,2026-01-25T01:34:06.531,"Any[53, 45, 37, 30, 25, 19, 10]",53,10
409,2026-01-29T19:59:13.0,2026-02-01T01:36:58.531,"Any[10, 19, 25, 30, 37, 45, 53]",10,53
1118,2026-01-29T19:59:13.0,2026-02-01T01:36:58.531,"Any[10, 19, 25, 30, 37, 45, 53]",10,53
127,2026-01-29T20:24:43.0,2026-01-25T02:02:28.531,"Any[53, 45, 37, 30, 25, 19, 10]",53,10
461,2026-01-29T20:24:43.0,2026-02-01T02:02:28.531,"Any[53, 45, 37, 30, 25, 19, 10]",53,10
1106,2026-01-29T20:24:43.0,2026-02-01T02:02:28.531,"Any[53, 45, 37, 30, 25, 19, 10]",53,10
1369,2026-01-29T20:41:14.0,2026-01-25T02:18:59.531,"Any[53, 45, 37, 30, 25, 19, 13, 8]",53,8
445,2026-01-29T20:51:15.0,2026-02-01T02:29:00.531,"Any[53, 45, 37, 30, 25, 19, 11, 6, 1]",53,1
187,2026-01-29T20:57:34.0,2026-01-25T02:35:19.531,"Any[7, 8, 13, 19, 25, 30, 37, 45, 53]",7,53
310,2026-01-29T21:04:30.0,2026-02-01T02:42:15.531,"Any[60, 53, 45, 37, 30, 25]",60,25
220,2026-01-29T21:07:06.0,2026-02-01T02:44:51.531,"Any[53, 45, 37, 30, 25, 19, 13, 8]",53,8
273,2026-01-29T21:38:40.391,2026-02-01T03:16:25.922,"Any[53, 45, 37, 30, 25, 19, 10]",53,10
506,2026-01-29T22:11:39.0,2026-02-01T03:49:24.531,"Any[10, 19, 25, 30, 37, 45, 53]",10,53
815,2026-01-29T22:29:17.0,2026-02-01T04:07:02.531,"Any[56, 45, 37, 30, 25, 19, 11, 6]",56,6
1308,2026-01-29T22:29:17.0,2026-01-25T04:07:02.531,"Any[56, 45, 37, 30, 25, 19, 11, 6]",56,6
946,2026-01-29T22:30:35.0,2026-01-25T04:08:20.531,"Any[60, 56, 45, 37, 30, 25, 19, 13, 8]",60,8
1392,2026-01-29T22:35:51.065,2026-02-01T04:13:36.596,"Any[53, 45, 37, 30, 25, 19, 13, 8]",53,8
1141,2026-01-29T22:46:25.0,2026-01-25T04:24:10.531,"Any[53, 45, 37, 30, 25]",53,25
188,2026-01-29T22:52:19.0,2026-01-25T04:30:04.531,"Any[60, 56, 45, 37, 30, 25, 19, 11, 6]",60,6
522,2026-01-29T22:52:19.0,2026-02-01T04:30:04.531,"Any[60, 56, 45, 37, 30, 25, 19, 11, 6]",60,6
1045,2026-01-29T23:00:08.0,2026-02-01T04:37:53.531,"Any[19, 25, 30, 37, 45, 56]",19,56
1176,2026-01-29T23:00:08.0,2026-02-01T04:37:53.531,"Any[19, 25, 30, 37, 45, 56]",19,56
1452,2026-01-29T23:00:08.0,2026-01-25T04:37:53.531,"Any[19, 25, 30, 37, 45, 56]",19,56
582,2026-01-29T23:20:07.0,2026-01-25T04:57:52.531,"Any[13, 19, 25, 30, 37, 45, 56]",13,56
1412,2026-01-29T23:35:26.732,2026-02-01T05:13:12.263,"Any[53, 45, 37, 30, 25, 19, 11, 6, 1]",53,1
408,2026-01-29T23:40:21.0,2026-02-01T05:18:06.531,"Any[8, 13, 19, 25, 30, 37, 45]",8,45
478,2026-01-29T23:40:21.0,2026-01-25T05:18:06.531,"Any[8, 13, 19, 25, 30, 37, 45]",8,45
841,2026-01-29T23:53:53.467,2026-01-25T05:31:38.998,"Any[8, 13, 19, 25, 30, 37, 45, 56]",8,56
1001,2026-01-30T00:22:05.0,2026-01-25T05:59:50.531,"Any[56, 45, 37, 30, 25, 16]",56,16
842,2026-01-30T00:53:45.0,2026-01-25T06:31:30.531,"Any[53, 45, 37, 30, 25, 19, 10]",53,10
498,2026-01-30T01:11:54.0,2026-01-25T06:49:39.531,"Any[64, 60, 53, 45, 37, 30, 25, 19, 13, 8]",64,8
1494,2026-01-30T01:16:37.0,2026-02-01T06:54:22.531,"Any[8, 13, 19, 25, 30, 37, 45, 56]",8,56
604,2026-01-30T01:23:51.0,2026-02-01T07:01:36.531,"Any[53, 45, 37, 30, 25, 19, 13, 8]",53,8
858,2026-01-30T01:27:44.842,2026-01-25T07:05:30.373,"Any[53, 45, 37, 30, 25, 19, 11, 6, 1]",53,1
873,2026-01-30T02:46:32.0,2026-02-01T08:24:17.531,"Any[64, 60, 53, 45, 37, 30, 25, 19, 10]",64,10
764,2026-01-30T03:08:33.0,2026-02-01T08:46:18.531,"Any[53, 45, 37, 30, 25, 19, 11, 6, 1]",53,1
1245,2026-01-30T03:28:44.0,2026-02-01T09:06:29.531,"Any[19, 25, 30, 37, 45, 56]",19,56
58,2026-01-30T03:44:28.0,2026-01-25T09:22:13.531,"Any[53, 45, 37, 30, 25]",53,25
1366,2026-01-30T03:44:28.0,2026-02-01T09:22:13.531,"Any[53, 45, 37, 30, 25]",53,25
940,2026-01-30T03:48:37.0,2026-01-25T09:26:22.531,"Any[56, 45, 37, 30, 25, 19, 10]",56,10
162,2026-01-30T04:15:50.0,2026-02-01T09:53:35.531,"Any[60, 56, 45, 37, 30, 25, 19, 11, 6]",60,6
502,2026-01-30T04:15:50.0,2026-01-25T09:53:35.531,"Any[60, 56, 45, 37, 30, 25, 19, 11, 6]",60,6
436,2026-01-30T05:44:55.0,2026-02-01T11:22:40.531,"Any[64, 60, 53, 45, 37, 30, 25, 19, 11, 6, 1]",64,1
828,2026-01-30T06:13:01.0,2026-01-25T11:50:46.531,"Any[1, 6, 11, 19, 25, 30, 37, 45, 56]",1,56
836,2026-01-30T06:18:52.0,2026-01-25T11:56:37.531,"Any[19, 25, 30, 37, 45, 56]",19,56
1021,2026-01-30T06:27:21.0,2026-02-01T12:05:06.531,"Any[64, 60, 53, 45, 37, 30, 25, 19, 11, 6, 1]",64,1
596,2026-01-30T06:39:06.0,2026-01-25T12:16:51.531,"Any[19, 25, 30, 37, 45, 56]",19,56
845,2026-01-30T06:39:06.0,2026-02-01T12:16:51.531,"Any[19, 25, 30, 37, 45, 56]",19,56
508,2026-01-30T06:48:36.0,2026-01-25T12:26:21.531,"Any[10, 19, 25, 30, 37, 45, 53]",10,53
610,2026-01-30T06:51:04.0,2026-02-01T12:28:49.531,"Any[1, 6, 11, 16, 25, 30, 37, 45, 56]",1,56
918,2026-01-30T06:51:04.0,2026-02-01T12:28:49.531,"Any[1, 6, 11, 16, 25, 30, 37, 45, 56]",1,56
1534,2026-01-30T06:58:28.0,2026-01-25T12:36:13.531,"Any[1, 6, 11, 19, 25, 30, 37, 45, 56]",1,56
249,2026-01-30T07:15:26.0,2026-02-01T12:53:11.531,"Any[53, 45, 37, 30, 25, 19, 11, 6, 5]",53,5
308,2026-01-30T07:15:26.0,2026-02-01T12:53:11.531,"Any[53, 45, 37, 30, 25, 19, 11, 6, 5]",53,5
568,2026-01-30T07:15:26.0,2026-01-25T12:53:11.531,"Any[53, 45, 37, 30, 25, 19, 11, 6, 5]",53,5
929,2026-01-30T07:15:26.0,2026-01-25T12:53:11.531,"Any[53, 45, 37, 30, 25, 19, 11, 6, 5]",53,5
527,2026-01-30T07:50:18.0,2026-01-25T13:28:03.531,"Any[14, 19, 25, 30, 37, 45, 53]",14,53
1197,2026-01-30T07:57:46.0,2026-01-25T13:35:31.531,"Any[10, 19, 25, 30, 37, 45]",10,45
1370,2026-01-30T08:08:21.619,2026-01-25T13:46:07.15,"Any[53, 45, 37, 30, 25, 19, 13, 8]",53,8
1389,2026-01-30T08:08:21.619,2026-02-01T13:46:07.15,"Any[53, 45, 37, 30, 25, 19, 13, 8]",53,8
1044,2026-01-30T08:10:57.0,2026-02-01T13:48:42.531,"Any[6, 11, 19, 25, 30, 37, 45]",6,45
817,2026-01-30T08:25:48.0,2026-02-01T14:03:33.531,"Any[64, 60, 56, 45, 37, 30, 25, 19, 13, 8]",64,8
1471,2026-01-30T08:25:56.0,2026-02-01T14:03:41.531,"Any[19, 25, 30, 37, 45, 53]",19,53
784,2026-01-30T08:41:02.0,2026-01-25T14:18:47.531,"Any[6, 11, 16, 25, 30, 37, 45]",6,45
982,2026-01-30T08:45:36.713,2026-01-25T14:23:22.244,"Any[19, 25, 30, 37, 45, 53]",19,53
981,2026-01-30T09:01:03.0,2026-01-25T14:38:48.531,"Any[16, 19, 25, 30, 37, 45, 53]",16,53
1009,2026-01-30T09:05:09.0,2026-02-01T14:42:54.531,"Any[56, 45, 37, 30, 25]",56,25
230,2026-01-30T09:09:43.0,2026-01-25T14:47:28.531,"Any[1, 6, 11, 19, 25, 30, 37, 45, 56]",1,56
537,2026-01-30T09:09:43.0,2026-01-25T14:47:28.531,"Any[1, 6, 11, 19, 25, 30, 37, 45, 56]",1,56
1418,2026-01-30T09:25:56.0,2026-01-25T15:03:41.531,"Any[53, 45, 37, 30, 25, 19, 11, 6, 3, 1]",53,1
1182,2026-01-30T09:58:14.601,2026-02-01T15:36:00.132,"Any[53, 45, 37, 30, 25, 19, 10]",53,10
1544,2026-01-30T10:06:30.0,2026-01-25T15:44:15.531,"Any[1, 6, 11, 19, 25, 30, 37, 45, 56]",1,56
1022,2026-01-30T10:28:32.0,2026-02-01T16:06:17.531,"Any[6, 11, 19, 17, 19, 25, 30, 37, 45]",6,45
195,2026-01-30T10:31:04.0,2026-01-25T16:08:49.531,"Any[1, 6, 11, 19, 25, 30, 37, 45, 56]",1,56
1533,2026-01-30T10:31:04.0,2026-02-01T16:08:49.531,"Any[1, 6, 11, 19, 25, 30, 37, 45, 56]",1,56
26,2026-01-30T10:32:09.0,2026-01-25T16:09:54.531,"Any[19, 25, 30, 37, 45, 53]",19,53
340,2026-01-30T10:57:50.0,2026-01-25T16:35:35.531,"Any[6, 11, 19, 25, 30, 37, 45]",6,45
1102,2026-01-30T11:13:14.0,2026-02-01T16:50:59.531,"Any[6, 11, 16, 25, 30, 37, 45]",6,45
1020,2026-01-30T11:24:58.0,2026-01-25T17:02:43.531,"Any[6, 11, 19, 25, 30, 37, 45]",6,45
324,2026-01-30T12:06:33.0,2026-01-25T17:44:18.531,"Any[64, 60, 53, 45, 37, 30, 25, 19, 10]",64,10
182,2026-01-30T12:16:55.0,2026-02-01T17:54:40.531,"Any[1, 6, 11, 19, 25, 30, 37, 45, 56, 60]",1,60
1043,2026-01-30T12:16:55.0,2026-02-01T17:54:40.531,"Any[1, 6, 11, 19, 25, 30, 37, 45, 56, 60]",1,60
287,2026-01-30T12:18:10.0,2026-01-25T17:55:55.531,"Any[53, 45, 37, 30, 25, 19, 10]",53,10
455,2026-01-30T12:18:10.0,2026-02-01T17:55:55.531,"Any[53, 45, 37, 30, 25, 19, 10]",53,10
642,2026-01-30T12:18:10.0,2026-01-25T17:55:55.531,"Any[53, 45, 37, 30, 25, 19, 10]",53,10
737,2026-01-30T12:18:10.0,2026-02-01T17:55:55.531,"Any[53, 45, 37, 30, 25, 19, 10]",53,10
835,2026-01-30T12:34:55.0,2026-01-25T18:12:40.531,"Any[53, 45, 37, 30, 25, 19, 10]",53,10
124,2026-01-30T12:38:25.0,2026-01-25T18:16:10.531,"Any[19, 25, 30, 37, 45, 56]",19,56
1461,2026-01-30T12:38:25.0,2026-01-25T18:16:10.531,"Any[19, 25, 30, 37, 45, 56]",19,56
1352,2026-01-30T13:06:30.0,2026-02-01T18:44:15.531,"Any[56, 45, 37, 30, 25, 19, 11, 6]",56,6
682,2026-01-30T13:31:19.809,2026-01-25T19:09:05.34,"Any[56, 45, 37, 30, 25, 19, 11, 6]",56,6
893,2026-01-30T13:49:13.0,2026-01-25T19:26:58.531,"Any[19, 25, 30, 37, 45, 53]",19,53
662,2026-01-30T13:55:00.0,2026-02-01T19:32:45.531,"Any[8, 7, 8, 13, 19, 25, 30, 37, 45]",8,45
767,2026-01-30T13:55:00.0,2026-01-25T19:32:45.531,"Any[8, 7, 8, 13, 19, 25, 30, 37, 45]",8,45
807,2026-01-30T14:07:09.0,2026-01-25T19:44:54.531,"Any[19, 17, 25, 30, 37, 45, 53]",19,53
1549,2026-01-30T14:34:06.0,2026-01-25T20:11:51.531,"Any[3, 10, 19, 25, 30, 37, 45, 53]",3,53
1249,2026-01-30T14:51:12.0,2026-01-25T20:28:57.531,"Any[64, 60, 53, 45, 37, 30, 25, 19, 10]",64,10
270,2026-01-30T15:25:33.0,2026-02-01T21:03:18.531,"Any[13, 19, 25, 30, 37, 45, 56]",13,56
348,2026-01-30T15:33:15.838,2026-01-25T21:11:01.369,"Any[6, 11, 19, 25, 30, 37, 45, 53]",6,53
1038,2026-01-30T15:33:15.838,2026-01-25T21:11:01.369,"Any[6, 11, 19, 25, 30, 37, 45, 53]",6,53
1552,2026-01-30T15:33:15.838,2026-01-25T21:11:01.369,"Any[6, 11, 19, 25, 30, 37, 45, 53]",6,53
1555,2026-01-30T15:33:15.838,2026-02-01T21:11:01.369,"Any[6, 11, 19, 25, 30, 37, 45, 53]",6,53
116,2026-01-30T15:49:04.0,2026-01-25T21:26:49.531,"Any[6, 11, 16, 25, 30, 37, 45]",6,45
1257,2026-01-30T15:49:04.0,2026-02-01T21:26:49.531,"Any[6, 11, 16, 25, 30, 37, 45]",6,45
94,2026-01-30T15:51:32.0,2026-01-25T21:29:17.531,"Any[53, 45, 37, 30, 25, 19, 11, 6, 1]",53,1
655,2026-01-30T15:51:32.0,2026-02-01T21:29:17.531,"Any[53, 45, 37, 30, 25, 19, 11, 6, 1]",53,1
1585,2026-01-30T16:38:56.0,2026-02-01T22:16:41.531,"Any[10, 19, 25, 30, 37, 45, 53, 60]",10,60
775,2026-01-30T16:47:10.0,2026-02-01T22:24:55.531,"Any[56, 45, 37, 30, 25, 19, 14]",56,14
1193,2026-01-30T16:47:10.0,2026-02-01T22:24:55.531,"Any[56, 45, 37, 30, 25, 19, 14]",56,14
902,2026-01-30T16:52:25.0,2026-01-25T22:30:10.531,"Any[60, 56, 45, 37, 30, 25, 19]",60,19
339,2026-01-30T17:40:11.0,2026-02-01T23:17:56.531,"Any[8, 13, 19, 25, 37, 45, 56]",8,56
1486,2026-01-30T17:40:11.0,2026-01-25T23:17:56.531,"Any[8, 13, 19, 25, 37, 45, 56]",8,56
708,2026-01-30T17:55:09.799,2026-01-25T23:32:55.33,"Any[56, 45, 37, 30, 25, 19, 11, 6]",56,6
750,2026-01-30T17:55:09.799,2026-02-01T23:32:55.33,"Any[56, 45, 37, 30, 25, 19, 11, 6]",56,6
1325,2026-01-30T17:55:09.799,2026-02-01T23:32:55.33,"Any[56, 45, 37, 30, 25, 19, 11, 6]",56,6
1329,2026-01-30T17:55:09.799,2026-02-01T23:32:55.33,"Any[56, 45, 37, 30, 25, 19, 11, 6]",56,6
1331,2026-01-30T17:55:09.799,2026-01-25T23:32:55.33,"Any[56, 45, 37, 30, 25, 19, 11, 6]",56,6
896,2026-01-30T18:03:48.0,2026-01-25T23:41:33.531,"Any[8, 13, 19, 25, 30, 37, 45, 56]",8,56
1510,2026-01-30T18:03:48.0,2026-01-25T23:41:33.531,"Any[8, 13, 19, 25, 30, 37, 45, 56]",8,56
964,2026-01-30T18:19:17.0,2026-02-01T23:57:02.531,"Any[64, 60, 53, 45, 37, 30, 25, 19, 13, 8]",64,8
586,2026-01-30T18:27:53.0,2026-02-02T00:05:38.531,"Any[60, 56, 45, 37, 30, 25, 19]",60,19
295,2026-01-30T18:33:30.0,2026-01-26T00:11:15.531,"Any[6, 11, 19, 25, 30, 37, 45]",6,45
1280,2026-01-30T18:48:48.0,2026-02-02T00:26:33.531,"Any[60, 53, 45, 37, 30, 25]",60,25
39,2026-01-30T18:56:08.0,2026-02-02T00:33:53.531,"Any[17, 25, 30, 37, 45, 53, 60]",17,60
909,2026-01-30T18:56:08.0,2026-02-02T00:33:53.531,"Any[17, 25, 30, 37, 45, 53, 60]",17,60
607,2026-01-30T19:22:15.0,2026-02-02T01:00:00.531,"Any[8, 13, 19, 25, 30, 37, 45, 56]",8,56
1131,2026-01-30T19:22:15.0,2026-01-26T01:00:00.531,"Any[8, 13, 19, 25, 30, 37, 45, 56]",8,56
1029,2026-01-30T19:46:09.0,2026-01-26T01:23:54.531,"Any[45, 37, 30, 25]",45,25
456,2026-01-30T20:03:07.557,2026-01-26T01:40:53.088,"Any[56, 45, 37, 30, 25, 19, 10]",56,10
818,2026-01-30T20:03:07.557,2026-02-02T01:40:53.088,"Any[56, 45, 37, 30, 25, 19, 10]",56,10
1376,2026-01-30T20:15:30.0,2026-02-02T01:53:15.531,"Any[53, 45, 37, 30, 25, 19, 13, 8]",53,8
1293,2026-01-30T20:38:30.786,2026-01-26T02:16:16.317,"Any[60, 56, 45, 37, 30, 25, 19]",60,19
860,2026-01-30T20:40:27.0,2026-02-02T02:18:12.531,"Any[53, 45, 37, 30, 25, 19, 10]",53,10
1523,2026-01-30T21:03:18.164,2026-01-26T02:41:03.695,"Any[1, 6, 11, 19, 23, 36, 44, 54, 60]",1,60
665,2026-01-30T21:09:40.513,2026-02-02T02:47:26.044,"Any[8, 13, 19, 25, 30, 37, 45, 56]",8,56
1483,2026-01-30T21:09:40.513,2026-01-26T02:47:26.044,"Any[8, 13, 19, 25, 30, 37, 45, 56]",8,56
1508,2026-01-30T21:09:40.513,2026-02-02T02:47:26.044,"Any[8, 13, 19, 25, 30, 37, 45, 56]",8,56
1073,2026-01-30T21:15:29.731,2026-01-26T02:53:15.262,"Any[8, 13, 19, 25, 30, 37, 45, 56]",8,56
1459,2026-01-30T21:27:54.0,2026-02-02T03:05:39.531,"Any[19, 25, 30, 37, 45, 56]",19,56
736,2026-01-30T21:51:04.0,2026-02-02T03:28:49.531,"Any[20, 19, 25, 30, 37, 45, 53]",20,53
950,2026-01-30T23:08:27.0,2026-01-26T04:46:12.531,"Any[6, 11, 19, 25, 30, 37, 45, 53]",6,53
1561,2026-01-30T23:08:27.0,2026-01-26T04:46:12.531,"Any[6, 11, 19, 25, 30, 37, 45, 53]",6,53
730,2026-01-31T00:03:03.0,2026-02-02T05:40:48.531,"Any[53, 45, 37, 30, 25, 19, 13, 8]",53,8
1269,2026-01-31T00:03:03.0,2026-01-26T05:40:48.531,"Any[53, 45, 37, 30, 25, 19, 13, 8]",53,8
794,2026-01-31T00:11:59.0,2026-02-02T05:49:44.531,"Any[6, 11, 19, 25, 30, 37, 45]",6,45
1529,2026-01-31T00:20:53.0,2026-01-26T05:58:38.531,"Any[1, 6, 11, 19, 25, 30, 37, 45, 53, 60]",1,60
1576,2026-01-31T00:22:18.0,2026-01-26T06:00:03.531,"Any[10, 19, 25, 30, 37, 45, 53, 60]",10,60
1036,2026-01-31T00:25:49.0,2026-02-02T06:03:34.531,"Any[19, 25, 30, 37, 45, 53]",19,53
866,2026-01-31T00:48:25.0,2026-01-26T06:26:10.531,"Any[7, 8, 13, 19, 25, 30, 37, 45, 56]",7,56
1341,2026-01-31T01:16:58.81,2026-02-02T06:54:44.341,"Any[56, 45, 37, 30, 25, 19, 10, 6]",56,6
1135,2026-01-31T01:44:58.0,2026-02-02T07:22:43.531,"Any[60, 56, 45, 37, 30, 25, 19, 13, 19, 13, 8]",60,8
449,2026-01-31T01:49:30.0,2026-02-02T07:27:15.531,"Any[53, 45, 37, 30, 25, 19, 11, 6, 1]",53,1
825,2026-01-31T02:46:14.0,2026-02-02T08:23:59.531,"Any[8, 13, 19, 25, 30, 37, 45, 53, 56]",8,56
1485,2026-01-31T02:46:14.0,2026-02-02T08:23:59.531,"Any[8, 13, 19, 25, 30, 37, 45, 53, 56]",8,56
83,2026-01-31T02:53:04.0,2026-02-02T08:30:49.531,"Any[3, 10, 19, 25, 30, 37, 45, 53]",3,53
145,2026-01-31T02:53:04.0,2026-01-26T08:30:49.531,"Any[3, 10, 19, 25, 30, 37, 45, 53]",3,53
257,2026-01-31T03:17:05.099,2026-02-02T08:54:50.63,"Any[3, 10, 19, 25, 30, 37, 45, 53, 60]",3,60
400,2026-01-31T03:17:05.099,2026-01-26T08:54:50.63,"Any[3, 10, 19, 25, 30, 37, 45, 53, 60]",3,60
1578,2026-01-31T03:19:08.0,2026-01-26T08:56:53.531,"Any[10, 19, 25, 30, 37, 45, 53, 60]",10,60
386,2026-01-31T03:59:42.0,2026-01-26T09:37:27.531,"Any[17, 16, 17, 25, 30, 37, 45, 53]",17,53
523,2026-01-31T04:16:13.0,2026-01-26T09:53:58.531,"Any[64, 60, 53, 45, 37, 30, 25, 19, 11, 6, 1]",64,1
773,2026-01-31T04:16:13.0,2026-01-26T09:53:58.531,"Any[64, 60, 53, 45, 37, 30, 25, 19, 11, 6, 1]",64,1
332,2026-01-31T04:39:17.0,2026-02-02T10:17:02.531,"Any[56, 45, 37, 30, 25]",56,25
469,2026-01-31T04:51:10.0,2026-02-02T10:28:55.531,"Any[56, 45, 37, 30, 25]",56,25
1306,2026-01-31T04:51:10.0,2026-01-26T10:28:55.531,"Any[56, 45, 37, 30, 25]",56,25
864,2026-01-31T04:59:16.0,2026-01-26T10:37:01.531,"Any[60, 56, 45, 37, 30, 25, 19, 11, 6]",60,6
1019,2026-01-31T05:35:00.0,2026-02-02T11:12:45.531,"Any[1, 6, 11, 19, 23, 28, 36, 44, 60]",1,60
245,2026-01-31T05:42:10.842,2026-01-26T11:19:56.373,"Any[16, 25, 30, 37, 45, 56, 60]",16,60
317,2026-01-31T05:43:02.165,2026-02-02T11:20:47.696,"Any[6, 11, 25, 30, 37, 45, 53]",6,53
476,2026-01-31T06:11:53.0,2026-02-02T11:49:38.531,"Any[60, 56, 45, 37, 30, 25]",60,25
1145,2026-01-31T06:17:19.0,2026-01-26T11:55:04.531,"Any[10, 11, 19, 25, 30, 37, 45, 53]",10,53
372,2026-01-31T06:41:29.0,2026-02-02T12:19:14.531,"Any[1, 6, 11, 19, 30, 37, 45, 56]",1,56
1560,2026-01-31T07:02:01.0,2026-02-02T12:39:46.531,"Any[6, 11, 19, 25, 30, 37, 45, 53]",6,53
644,2026-01-31T08:25:24.0,2026-01-26T14:03:09.531,"Any[10, 19, 25, 30, 37, 45, 53, 60]",10,60
1577,2026-01-31T08:25:24.0,2026-01-26T14:03:09.531,"Any[10, 19, 25, 30, 37, 45, 53, 60]",10,60
135,2026-01-31T08:36:04.0,2026-01-26T14:13:49.531,"Any[19, 25, 30, 37, 45, 56]",19,56
1252,2026-01-31T09:00:36.0,2026-02-02T14:38:21.531,"Any[53, 45, 37, 30, 25, 19, 11, 6, 1]",53,1
542,2026-01-31T09:14:47.0,2026-01-26T14:52:32.531,"Any[53, 45, 37, 30, 25, 19, 10]",53,10
1081,2026-01-31T09:29:56.0,2026-02-02T15:07:41.531,"Any[64, 53, 45, 37, 30, 25, 19, 13, 8]",64,8
932,2026-01-31T09:31:56.0,2026-02-02T15:09:41.531,"Any[53, 45, 37, 30, 25, 19, 10]",53,10
1067,2026-01-31T09:47:56.0,2026-02-02T15:25:41.531,"Any[1, 6, 11, 19, 25, 30, 37, 45, 56]",1,56
1597,2026-01-31T09:59:35.0,2026-01-26T15:37:20.531,"Any[10, 19, 25, 30, 37, 45]",10,45
636,2026-01-31T10:30:56.0,2026-01-26T16:08:41.531,"Any[53, 45, 37, 30, 25]",53,25
583,2026-01-31T10:49:04.0,2026-01-26T16:26:49.531,"Any[8, 13, 19, 25, 30, 37, 45, 56]",8,56
1033,2026-01-31T10:49:04.0,2026-02-02T16:26:49.531,"Any[8, 13, 19, 25, 30, 37, 45, 56]",8,56
1496,2026-01-31T10:49:04.0,2026-01-26T16:26:49.531,"Any[8, 13, 19, 25, 30, 37, 45, 56]",8,56
709,2026-01-31T10:50:53.0,2026-01-26T16:28:38.531,"Any[62, 53, 45, 37, 30, 25, 19, 13, 8]",62,8
27,2026-01-31T11:11:55.0,2026-01-26T16:49:40.531,"Any[17, 25, 30, 37, 45, 53, 60]",17,60
620,2026-01-31T11:11:55.0,2026-01-26T16:49:40.531,"Any[17, 25, 30, 37, 45, 53, 60]",17,60
643,2026-01-31T11:11:55.0,2026-02-02T16:49:40.531,"Any[17, 25, 30, 37, 45, 53, 60]",17,60
1192,2026-01-31T11:14:26.0,2026-02-02T16:52:11.531,"Any[53, 45, 37, 30, 25, 19, 11, 6, 1]",53,1
849,2026-01-31T11:18:38.0,2026-02-02T16:56:23.531,"Any[53, 45, 37, 30, 25, 19, 10]",53,10
1242,2026-01-31T11:18:38.0,2026-01-26T16:56:23.531,"Any[53, 45, 37, 30, 25, 19, 10]",53,10
903,2026-01-31T11:23:17.0,2026-01-26T17:01:02.531,"Any[62, 56, 45, 37, 30, 25, 19, 13, 8]",62,8
1051,2026-01-31T11:30:18.0,2026-01-26T17:08:03.531,"Any[60, 56, 45, 37, 30, 25, 19]",60,19
1291,2026-01-31T11:30:18.0,2026-02-02T17:08:03.531,"Any[60, 56, 45, 37, 30, 25, 19]",60,19
366,2026-01-31T11:37:28.0,2026-01-26T17:15:13.531,"Any[62, 45, 37, 30, 25, 19, 13, 8]",62,8
887,2026-01-31T12:06:17.0,2026-01-26T17:44:02.531,"Any[56, 45, 37, 30, 25]",56,25
1433,2026-01-31T12:08:01.0,2026-01-26T17:45:46.531,"Any[53, 45, 37, 30, 25, 19, 10]",53,10
74,2026-01-31T12:17:42.0,2026-02-02T17:55:27.531,"Any[19, 25, 30, 37, 45, 56]",19,56
390,2026-01-31T12:17:42.0,2026-01-26T17:55:27.531,"Any[19, 25, 30, 37, 45, 56]",19,56
1574,2026-01-31T12:20:45.0,2026-02-02T17:58:30.531,"Any[10, 19, 25, 30, 37, 45, 53, 60]",10,60
549,2026-01-31T12:52:54.0,2026-01-26T18:30:39.531,"Any[6, 11, 19, 25, 30, 37, 45]",6,45
219,2026-01-31T13:20:43.874,2026-01-26T18:58:29.405,"Any[53, 45, 37, 30, 25, 19, 13, 8]",53,8
98,2026-01-31T13:20:47.0,2026-02-02T18:58:32.531,"Any[56, 45, 37, 30, 25, 19, 11, 6]",56,6
813,2026-01-31T13:20:47.0,2026-01-26T18:58:32.531,"Any[56, 45, 37, 30, 25, 19, 11, 6]",56,6
1100,2026-01-31T13:24:59.611,2026-02-02T19:02:45.142,"Any[1, 6, 11, 19, 25, 30, 37, 45, 56]",1,56
118,2026-01-31T13:50:47.0,2026-02-02T19:28:32.531,"Any[7, 8, 13, 19, 25, 30, 37, 45, 53, 60]",7,60
935,2026-01-31T14:33:38.0,2026-02-02T20:11:23.531,"Any[56, 45, 37, 30, 25, 19, 11, 6]",56,6
115,2026-01-31T14:44:08.0,2026-02-02T20:21:53.531,"Any[7, 8, 13, 19, 25, 30, 37, 45, 53]",7,53
534,2026-01-31T15:42:21.0,2026-01-26T21:20:06.531,"Any[53, 45, 37, 30, 25]",53,25
823,2026-01-31T15:42:21.0,2026-02-02T21:20:06.531,"Any[53, 45, 37, 30, 25]",53,25
1281,2026-01-31T16:06:33.0,2026-01-26T21:44:18.531,"Any[60, 56, 45, 37, 30, 25]",60,25
1282,2026-01-31T16:06:33.0,2026-01-26T21:44:18.531,"Any[60, 56, 45, 37, 30, 25]",60,25
71,2026-01-31T16:14:11.0,2026-01-26T21:51:56.531,"Any[6, 11, 19, 25, 30, 37, 45]",6,45
129,2026-01-31T16:14:11.0,2026-02-02T21:51:56.531,"Any[6, 11, 19, 25, 30, 37, 45]",6,45
173,2026-01-31T16:14:11.0,2026-01-26T21:51:56.531,"Any[6, 11, 19, 25, 30, 37, 45]",6,45
1526,2026-01-31T16:36:02.0,2026-02-02T22:13:47.531,"Any[1, 6, 11, 19, 25, 30, 37, 45, 56, 60]",1,60
608,2026-01-31T16:50:25.0,2026-01-26T22:28:10.531,"Any[53, 45, 37, 30, 25, 19, 13, 8]",53,8
1401,2026-01-31T16:50:25.0,2026-02-02T22:28:10.531,"Any[53, 45, 37, 30, 25, 19, 13, 8]",53,8
44,2026-01-31T16:54:59.0,2026-02-02T22:32:44.531,"Any[60, 56, 45, 37, 30, 25]",60,25
1049,2026-01-31T16:54:59.0,2026-01-26T22:32:44.531,"Any[60, 56, 45, 37, 30, 25]",60,25
1164,2026-01-31T16:59:17.0,2026-02-02T22:37:02.531,"Any[6, 11, 19, 25, 30, 37, 45]",6,45
328,2026-01-31T17:09:22.0,2026-01-26T22:47:07.531,"Any[8, 13, 19, 25, 30, 37, 45, 56]",8,56
675,2026-01-31T17:19:05.0,2026-01-26T22:56:50.531,"Any[7, 8, 13, 19, 25, 30, 37, 45, 53]",7,53
383,2026-01-31T17:20:34.0,2026-02-02T22:58:19.531,"Any[56, 45, 37, 30, 25]",56,25
571,2026-01-31T17:20:34.0,2026-01-26T22:58:19.531,"Any[56, 45, 37, 30, 25]",56,25
933,2026-01-31T17:20:34.0,2026-02-02T22:58:19.531,"Any[56, 45, 37, 30, 25]",56,25
877,2026-01-31T17:27:13.941,2026-02-02T23:04:59.472,"Any[60, 56, 45, 37, 30, 25, 19]",60,19
1175,2026-01-31T17:27:13.941,2026-01-26T23:04:59.472,"Any[60, 56, 45, 37, 30, 25, 19]",60,19
1288,2026-01-31T17:27:13.941,2026-01-26T23:04:59.472,"Any[60, 56, 45, 37, 30, 25, 19]",60,19
208,2026-01-31T17:55:15.0,2026-02-02T23:33:00.531,"Any[19, 25, 30, 37, 45, 53]",19,53
821,2026-01-31T17:55:15.0,2026-01-26T23:33:00.531,"Any[19, 25, 30, 37, 45, 53]",19,53
1236,2026-01-31T17:55:15.0,2026-02-02T23:33:00.531,"Any[19, 25, 30, 37, 45, 53]",19,53
16,2026-01-31T18:01:05.0,2026-02-02T23:38:50.531,"Any[7, 8, 13, 19, 25, 30, 37, 45]",7,45
658,2026-01-31T18:04:35.764,2026-02-02T23:42:21.295,"Any[1, 6, 11, 19, 25, 30, 37, 45, 56]",1,56
801,2026-01-31T18:09:41.0,2026-01-26T23:47:26.531,"Any[7, 8, 13, 19, 25, 30, 37, 45, 56]",7,56
1454,2026-01-31T18:10:30.547,2026-01-26T23:48:16.078,"Any[19, 25, 30, 37, 45, 56]",19,56
741,2026-01-31T18:43:38.0,2026-02-03T00:21:23.531,"Any[56, 45, 37, 30, 25]",56,25
66,2026-01-31T19:57:20.0,2026-01-27T01:35:05.531,"Any[53, 45, 37, 30, 25, 19, 10]",53,10
799,2026-01-31T19:57:20.0,2026-01-27T01:35:05.531,"Any[53, 45, 37, 30, 25, 19, 10]",53,10
1356,2026-01-31T20:01:33.854,2026-01-27T01:39:19.385,"Any[56, 45, 37, 30, 25, 19, 10]",56,10
1359,2026-01-31T20:01:33.854,2026-01-27T01:39:19.385,"Any[56, 45, 37, 30, 25, 19, 10]",56,10
316,2026-01-31T20:02:17.176,2026-02-03T01:40:02.707,"Any[53, 45, 37, 30, 25, 19, 13, 8]",53,8
1391,2026-01-31T20:02:17.176,2026-02-03T01:40:02.707,"Any[53, 45, 37, 30, 25, 19, 13, 8]",53,8
916,2026-01-31T20:05:13.0,2026-02-03T01:42:58.531,"Any[53, 45, 37, 30, 25, 19, 13, 8]",53,8
402,2026-01-31T20:13:01.0,2026-01-27T01:50:46.531,"Any[53, 45, 37, 30, 25, 19, 13, 8]",53,8
312,2026-01-31T20:22:11.0,2026-02-03T01:59:56.531,"Any[16, 17, 25, 30, 37, 45, 53]",16,53
1541,2026-01-31T20:31:48.0,2026-02-03T02:09:33.531,"Any[1, 6, 11, 19, 25, 30, 37, 45, 56]",1,56
388,2026-01-31T20:37:22.0,2026-01-27T02:15:07.531,"Any[53, 45, 37, 30, 25, 19, 11, 6, 1]",53,1
952,2026-01-31T20:37:22.0,2026-01-27T02:15:07.531,"Any[53, 45, 37, 30, 25, 19, 11, 6, 1]",53,1
1539,2026-01-31T20:48:21.0,2026-01-27T02:26:06.531,"Any[1, 6, 11, 19, 25, 30, 37, 45, 56]",1,56
119,2026-01-31T21:01:58.626,2026-01-27T02:39:44.157,"Any[8, 13, 19, 25, 30, 37, 45, 56]",8,56
543,2026-01-31T21:05:46.386,2026-02-03T02:43:31.917,"Any[60, 56, 45, 37, 30, 25, 19, 11, 6]",60,6
1562,2026-01-31T22:00:53.0,2026-02-03T03:38:38.531,"Any[6, 11, 19, 25, 30, 37, 45, 53]",6,53
852,2026-01-31T22:00:58.0,2026-02-03T03:38:43.531,"Any[10, 11, 19, 25, 30, 37, 45, 53]",10,53
1580,2026-01-31T22:02:50.0,2026-02-03T03:40:35.531,"Any[10, 19, 25, 30, 37, 45, 53, 60]",10,60
1584,2026-01-31T22:02:50.0,2026-02-03T03:40:35.531,"Any[10, 19, 25, 30, 37, 45, 53, 60]",10,60
1481,2026-01-31T22:18:50.0,2026-01-27T03:56:35.531,"Any[8, 13, 19, 25, 30, 37, 45, 56]",8,56
1509,2026-01-31T22:18:50.0,2026-02-03T03:56:35.531,"Any[8, 13, 19, 25, 30, 37, 45, 56]",8,56
691,2026-01-31T22:44:19.0,2026-01-27T04:22:04.531,"Any[7, 8, 13, 19, 25, 30, 37, 45, 53]",7,53
814,2026-01-31T22:59:54.0,2026-02-03T04:37:39.531,"Any[60, 53, 45, 37, 30, 25]",60,25
93,2026-01-31T23:16:35.0,2026-01-27T04:54:20.531,"Any[7, 8, 13, 19, 25, 30, 37, 45, 53, 60]",7,60
252,2026-01-31T23:16:35.0,2026-02-03T04:54:20.531,"Any[7, 8, 13, 19, 25, 30, 37, 45, 53, 60]",7,60
204,2026-01-31T23:43:51.0,2026-02-03T05:21:36.531,"Any[1, 6, 11, 19, 23, 36, 44, 54, 60]",1,60
971,2026-01-31T23:43:51.0,2026-01-27T05:21:36.531,"Any[1, 6, 11, 19, 23, 36, 44, 54, 60]",1,60
1085,2026-01-31T23:43:51.0,2026-01-27T05:21:36.531,"Any[1, 6, 11, 19, 23, 36, 44, 54, 60]",1,60
1519,2026-01-31T23:43:51.0,2026-01-27T05:21:36.531,"Any[1, 6, 11, 19, 23, 36, 44, 54, 60]",1,60
1521,2026-01-31T23:43:51.0,2026-02-03T05:21:36.531,"Any[1, 6, 11, 19, 23, 36, 44, 54, 60]",1,60
382,2026-01-31T23:49:41.633,2026-02-03T05:27:27.164,"Any[19, 25, 30, 37, 45, 56]",19,56
1455,2026-01-31T23:49:41.633,2026-02-03T05:27:27.164,"Any[19, 25, 30, 37, 45, 56]",19,56
1397,2026-02-01T00:14:33.0,2026-02-03T05:52:18.531,"Any[53, 45, 37, 30, 25, 19, 13, 8]",53,8
185,2026-02-01T00:25:53.0,2026-01-27T06:03:38.531,"Any[7, 8, 13, 19, 25, 30, 37, 45, 53]",7,53
1228,2026-02-01T00:32:32.0,2026-02-03T06:10:17.531,"Any[53, 45, 37, 30, 25, 19, 13, 8]",53,8
1133,2026-02-01T01:22:58.0,2026-01-27T07:00:43.531,"Any[53, 45, 37, 30, 25, 19, 11, 6, 1]",53,1
706,2026-02-01T01:51:53.124,2026-02-03T07:29:38.655,"Any[64, 60, 53, 45, 37, 30, 25, 19, 10]",64,10
1114,2026-02-01T01:51:53.124,2026-02-03T07:29:38.655,"Any[64, 60, 53, 45, 37, 30, 25, 19, 10]",64,10
293,2026-02-01T02:39:24.0,2026-01-27T08:17:09.531,"Any[64, 60, 53, 45, 37, 30, 25, 19, 13, 8]",64,8
75,2026-02-01T02:54:34.0,2026-02-03T08:32:19.531,"Any[19, 25, 30, 37, 45, 56]",19,56
1457,2026-02-01T02:54:34.0,2026-01-27T08:32:19.531,"Any[19, 25, 30, 37, 45, 56]",19,56
9,2026-02-01T03:38:49.0,2026-01-27T09:16:34.531,"Any[53, 45, 37, 30, 25, 19, 10]",53,10
103,2026-02-01T03:54:38.0,2026-02-03T09:32:23.531,"Any[53, 45, 37, 30, 25, 19, 10]",53,10
557,2026-02-01T04:35:01.0,2026-01-27T10:12:46.531,"Any[53, 45, 37, 30, 25, 19, 13, 8]",53,8
670,2026-02-01T04:35:01.0,2026-01-27T10:12:46.531,"Any[53, 45, 37, 30, 25, 19, 13, 8]",53,8
194,2026-02-01T04:40:05.0,2026-02-03T10:17:50.531,"Any[53, 45, 37, 30, 25, 19, 11, 6, 1]",53,1
471,2026-02-01T04:40:05.0,2026-02-03T10:17:50.531,"Any[53, 45, 37, 30, 25, 19, 11, 6, 1]",53,1
943,2026-02-01T04:59:51.0,2026-01-27T10:37:36.531,"Any[64, 60, 53, 45, 37, 30, 25, 19, 10]",64,10
707,2026-02-01T05:13:47.0,2026-02-03T10:51:32.531,"Any[64, 60, 53, 45, 37, 30, 25, 19, 11, 6, 1]",64,1
647,2026-02-01T05:25:14.062,2026-02-03T11:02:59.593,"Any[1, 6, 10, 19, 23, 36, 44, 54, 60]",1,60
1235,2026-02-01T05:25:14.062,2026-01-27T11:02:59.593,"Any[1, 6, 10, 19, 23, 36, 44, 54, 60]",1,60
1516,2026-02-01T05:25:14.062,2026-01-27T11:02:59.593,"Any[1, 6, 10, 19, 23, 36, 44, 54, 60]",1,60
61,2026-02-01T05:35:55.0,2026-01-27T11:13:40.531,"Any[19, 25, 30, 37, 45, 56]",19,56
361,2026-02-01T07:16:55.0,2026-01-27T12:54:40.531,"Any[53, 45, 37, 30, 25, 19, 13, 8]",53,8
1381,2026-02-01T07:16:55.0,2026-01-27T12:54:40.531,"Any[53, 45, 37, 30, 25, 19, 13, 8]",53,8
1390,2026-02-01T07:16:55.0,2026-02-03T12:54:40.531,"Any[53, 45, 37, 30, 25, 19, 13, 8]",53,8
1402,2026-02-01T07:16:55.0,2026-02-03T12:54:40.531,"Any[53, 45, 37, 30, 25, 19, 13, 8]",53,8
576,2026-02-01T07:51:09.0,2026-02-03T13:28:54.531,"Any[64, 60, 56, 45, 37, 30, 25, 19, 11, 6]",64,6
804,2026-02-01T08:16:07.0,2026-01-27T13:53:52.531,"Any[53, 45, 37, 30, 25, 19, 13, 8]",53,8
1393,2026-02-01T08:16:07.0,2026-02-03T13:53:52.531,"Any[53, 45, 37, 30, 25, 19, 13, 8]",53,8
962,2026-02-01T08:55:09.0,2026-01-27T14:32:54.531,"Any[7, 8, 13, 19, 25, 30, 37, 45, 53]",7,53
1080,2026-02-01T08:58:09.0,2026-01-27T14:35:54.531,"Any[64, 60, 56, 45, 37, 30, 25, 19, 10]",64,10
133,2026-02-01T09:38:45.0,2026-02-03T15:16:30.531,"Any[56, 45, 37, 30, 25, 19, 20]",56,20
1431,2026-02-01T09:40:42.0,2026-01-27T15:18:27.531,"Any[53, 45, 37, 30, 25, 19, 10]",53,10
505,2026-02-01T09:47:21.0,2026-01-27T15:25:06.531,"Any[64, 60, 53, 45, 37, 30, 25, 19, 11, 6, 1]",64,1
225,2026-02-01T10:43:13.0,2026-02-03T16:20:58.531,"Any[10, 19, 25, 30, 37, 45, 53]",10,53
605,2026-02-01T10:43:13.0,2026-01-27T16:20:58.531,"Any[10, 19, 25, 30, 37, 45, 53]",10,53
142,2026-02-01T13:27:56.163,2026-01-27T19:05:41.694,"Any[19, 25, 30, 37, 45]",19,45
857,2026-02-01T13:43:04.0,2026-01-27T19:20:49.531,"Any[53, 45, 37, 30, 25]",53,25
1362,2026-02-01T13:43:04.0,2026-01-27T19:20:49.531,"Any[53, 45, 37, 30, 25]",53,25
1524,2026-02-01T13:59:40.0,2026-02-03T19:37:25.531,"Any[1, 6, 11, 19, 25, 30, 37, 45, 56, 60]",1,60
148,2026-02-01T14:03:05.0,2026-01-27T19:40:50.531,"Any[8, 13, 19, 25, 30, 37, 45]",8,45
667,2026-02-01T15:09:19.0,2026-01-27T20:47:04.531,"Any[53, 45, 37, 30, 25, 19, 10]",53,10
1024,2026-02-01T15:09:19.0,2026-01-27T20:47:04.531,"Any[53, 45, 37, 30, 25, 19, 10]",53,10
1240,2026-02-01T15:33:45.0,2026-02-03T21:11:30.531,"Any[64, 60, 53, 45, 37, 30, 25, 19, 11, 6, 1]",64,1
1238,2026-02-01T15:34:07.0,2026-01-27T21:11:52.531,"Any[60, 53, 45, 37, 30, 25, 19, 13, 8]",60,8
52,2026-02-01T15:38:08.0,2026-02-03T21:15:53.531,"Any[10, 19, 25, 30, 37, 45, 53]",10,53
1074,2026-02-01T15:48:14.0,2026-02-03T21:25:59.531,"Any[19, 25, 30, 37, 45, 53]",19,53
725,2026-02-01T15:59:59.11,2026-02-03T21:37:44.641,"Any[64, 60, 56, 45, 37, 30, 25, 19, 11, 10]",64,10
1088,2026-02-01T15:59:59.11,2026-02-03T21:37:44.641,"Any[64, 60, 56, 45, 37, 30, 25, 19, 11, 10]",64,10
1162,2026-02-01T15:59:59.11,2026-01-27T21:37:44.641,"Any[64, 60, 56, 45, 37, 30, 25, 19, 11, 10]",64,10
847,2026-02-01T16:31:29.0,2026-01-27T22:09:14.531,"Any[7, 8, 13, 19, 25, 30, 37, 45, 56, 60, 64]",7,64
1138,2026-02-01T16:31:29.0,2026-01-27T22:09:14.531,"Any[7, 8, 13, 19, 25, 30, 37, 45, 56, 60, 64]",7,64
405,2026-02-01T16:46:53.0,2026-01-27T22:24:38.531,"Any[60, 53, 45, 37, 30, 25]",60,25
786,2026-02-01T16:46:53.0,2026-01-27T22:24:38.531,"Any[60, 53, 45, 37, 30, 25]",60,25
428,2026-02-01T16:58:40.0,2026-01-27T22:36:25.531,"Any[53, 45, 37, 30, 25, 19, 10]",53,10
758,2026-02-01T17:14:31.252,2026-01-27T22:52:16.783,"Any[1, 6, 11, 19, 25, 30, 37, 45, 56]",1,56
1084,2026-02-01T17:45:33.0,2026-02-03T23:23:18.531,"Any[60, 56, 45, 37, 30, 25, 19, 11, 6]",60,6
91,2026-02-01T18:26:19.0,2026-02-04T00:04:04.531,"Any[10, 19, 25, 30, 37, 45, 53, 60]",10,60
255,2026-02-01T18:26:19.0,2026-02-04T00:04:04.531,"Any[10, 19, 25, 30, 37, 45, 53, 60]",10,60
969,2026-02-01T18:44:26.917,2026-01-28T00:22:12.448,"Any[1, 6, 11, 19, 25, 30, 37, 45, 56]",1,56
1011,2026-02-01T19:30:18.0,2026-02-04T01:08:03.531,"Any[60, 56, 45, 37, 30, 25, 19, 11, 6]",60,6
1143,2026-02-01T19:30:18.0,2026-01-28T01:08:03.531,"Any[60, 56, 45, 37, 30, 25, 19, 11, 6]",60,6
958,2026-02-01T20:05:02.0,2026-01-28T01:42:47.531,"Any[10, 19, 25, 30, 37, 45, 53]",10,53
1139,2026-02-01T20:10:39.0,2026-02-04T01:48:24.531,"Any[53, 45, 37, 30, 25, 19, 10]",53,10
927,2026-02-01T20:22:38.0,2026-02-04T02:00:23.531,"Any[5, 6, 11, 25, 30, 37, 45]",5,45
1488,2026-02-01T20:34:05.0,2026-01-28T02:11:50.531,"Any[8, 13, 19, 25, 30, 37, 45, 56]",8,56
181,2026-02-01T22:18:35.952,2026-02-04T03:56:21.483,"Any[60, 56, 45, 37, 30, 25, 19, 11, 6]",60,6
398,2026-02-01T22:22:29.752,2026-02-04T04:00:15.283,"Any[60, 56, 45, 37, 30, 25, 19, 13, 8]",60,8
497,2026-02-01T22:43:22.0,2026-01-28T04:21:07.531,"Any[19, 25, 30, 37, 45, 56]",19,56
1142,2026-02-01T22:59:33.018,2026-01-28T04:37:18.549,"Any[60, 56, 45, 37, 30, 25, 19, 11, 6]",60,6
198,2026-02-01T23:08:02.0,2026-01-28T04:45:47.531,"Any[8, 13, 19, 25, 30, 37, 45, 56]",8,56
254,2026-02-01T23:08:02.0,2026-01-28T04:45:47.531,"Any[8, 13, 19, 25, 30, 37, 45, 56]",8,56
315,2026-02-01T23:34:15.0,2026-01-28T05:12:00.531,"Any[56, 45, 37, 30, 25, 19, 11, 6]",56,6
718,2026-02-01T23:34:15.0,2026-01-28T05:12:00.531,"Any[56, 45, 37, 30, 25, 19, 11, 6]",56,6
1498,2026-02-01T23:38:19.0,2026-01-28T05:16:04.531,"Any[8, 13, 19, 25, 30, 37, 45, 56]",8,56
1171,2026-02-01T23:42:58.0,2026-02-04T05:20:43.531,"Any[53, 45, 37, 30, 25, 19, 13, 8]",53,8
891,2026-02-01T23:44:03.0,2026-02-04T05:21:48.531,"Any[53, 45, 37, 30, 25]",53,25
