id,departure_timestamp,arrival_timestamp,ps_seq,Origin_PS,Destination_PS
1038,2026-01-26T00:17:12.0,2026-02-04T05:54:57.531,"Any[1, 6, 11, 19, 25, 30, 37, 45, 53, 60]",1,60
1514,2026-01-26T00:21:33.0,2026-01-28T05:59:18.531,"Any[25, 30, 37, 45, 53, 60]",25,60
1531,2026-01-26T00:21:33.0,2026-02-04T05:59:18.531,"Any[25, 30, 37, 45, 53, 60]",25,60
1535,2026-01-26T00:21:33.0,2026-01-28T05:59:18.531,"Any[25, 30, 37, 45, 53, 60]",25,60
1212,2026-01-26T00:25:22.742,2026-02-04T06:03:08.273,"Any[45, 37, 30, 25, 19, 11, 6, 1]",45,1
1310,2026-01-26T00:32:00.0,2026-02-04T06:09:45.531,Any[],60,7
1359,2026-01-26T00:57:00.0,2026-02-04T06:34:45.531,Any[],56,17
413,2026-01-26T01:09:29.0,2026-01-28T06:47:14.531,"Any[64, 53, 45, 37, 30, 25, 19, 13, 8]",64,8
1001,2026-01-26T01:09:29.0,2026-01-28T06:47:14.531,"Any[64, 53, 45, 37, 30, 25, 19, 13, 8]",64,8
1048,2026-01-26T01:09:29.0,2026-02-04T06:47:14.531,"Any[64, 53, 45, 37, 30, 25, 19, 13, 8]",64,8
393,2026-01-26T01:16:53.0,2026-01-28T06:54:38.531,"Any[56, 45, 37, 30, 25, 19, 10]",56,10
66,2026-01-26T03:40:14.0,2026-01-28T09:17:59.531,"Any[53, 45, 37, 30, 25, 19, 11, 6, 1]",53,1
351,2026-01-26T04:45:33.0,2026-02-04T10:23:18.531,"Any[19, 17, 25, 30, 37, 45, 53, 60]",19,60
682,2026-01-26T04:45:33.0,2026-01-28T10:23:18.531,"Any[19, 17, 25, 30, 37, 45, 53, 60]",19,60
976,2026-01-26T04:48:23.0,2026-02-04T10:26:08.531,"Any[19, 17, 25, 30, 37, 45, 53]",19,53
1256,2026-01-26T05:54:32.0,2026-01-28T11:32:17.531,"Any[53, 45, 37, 30, 25]",53,25
926,2026-01-26T05:55:05.0,2026-01-28T11:32:50.531,"Any[53, 45, 37, 30, 25]",53,25
752,2026-01-26T05:59:51.0,2026-02-04T11:37:36.531,"Any[60, 53, 45, 37, 30, 25, 11, 6, 1]",60,1
322,2026-01-26T06:28:25.0,2026-01-28T12:06:10.531,"Any[16, 25, 30, 37, 45, 53]",16,53
623,2026-01-26T06:28:25.0,2026-02-04T12:06:10.531,"Any[16, 25, 30, 37, 45, 53]",16,53
870,2026-01-26T06:52:55.0,2026-02-04T12:30:40.531,"Any[56, 45, 37, 30, 25, 19]",56,19
599,2026-01-26T07:18:59.0,2026-02-04T12:56:44.531,"Any[8, 13, 19, 25, 30, 37, 45, 56]",8,56
1103,2026-01-26T07:29:28.0,2026-01-28T13:07:13.531,"Any[60, 53, 45, 37, 30, 25, 19, 11, 6, 1]",60,1
786,2026-01-26T07:40:13.0,2026-01-28T13:17:58.531,"Any[10, 19, 25, 30, 37, 45, 53]",10,53
942,2026-01-26T07:40:13.0,2026-01-28T13:17:58.531,"Any[10, 19, 25, 30, 37, 45, 53]",10,53
1080,2026-01-26T07:55:26.0,2026-02-04T13:33:11.531,"Any[25, 30, 37, 45, 53]",25,53
1088,2026-01-26T08:30:49.466,2026-01-28T14:08:34.997,"Any[13, 19, 25, 30, 37, 45, 53]",13,53
1309,2026-01-26T09:21:00.0,2026-01-28T14:58:45.531,Any[],60,7
462,2026-01-26T11:12:41.0,2026-01-28T16:50:26.531,"Any[6, 11, 19, 25, 30, 37, 45, 53]",6,53
1299,2026-01-26T11:43:00.0,2026-01-28T17:20:45.531,Any[],60,17
644,2026-01-26T12:28:38.0,2026-02-04T18:06:23.531,"Any[1, 6, 11, 25, 30, 37, 45, 53]",1,53
618,2026-01-26T13:03:36.0,2026-01-28T18:41:21.531,"Any[8, 13, 19, 25, 30, 37, 45]",8,45
1454,2026-01-26T13:14:00.0,2026-02-04T18:51:45.531,Any[],45,3
5,2026-01-26T13:14:28.16,2026-01-28T18:52:13.691,"Any[64, 60, 56, 45, 37, 30, 25, 19, 11, 6]",64,6
1235,2026-01-26T13:14:28.16,2026-01-28T18:52:13.691,"Any[64, 60, 56, 45, 37, 30, 25, 19, 11, 6]",64,6
1545,2026-01-26T13:17:34.0,2026-02-04T18:55:19.531,"Any[19, 25, 30, 37, 30, 37, 45, 53, 60, 64]",19,64
874,2026-01-26T13:22:26.0,2026-02-04T19:00:11.531,"Any[53, 45, 37, 30, 25, 19, 10]",53,10
1591,2026-01-26T13:29:00.0,2026-02-04T19:06:45.531,Any[],10,64
338,2026-01-26T14:01:59.0,2026-02-04T19:39:44.531,"Any[6, 11, 16, 25, 30, 37, 45]",6,45
1502,2026-01-26T14:08:04.0,2026-01-28T19:45:49.531,"Any[25, 30, 37, 45, 53, 60]",25,60
1534,2026-01-26T14:08:04.0,2026-02-04T19:45:49.531,"Any[25, 30, 37, 45, 53, 60]",25,60
1542,2026-01-26T14:08:04.0,2026-02-04T19:45:49.531,"Any[25, 30, 37, 45, 53, 60]",25,60
987,2026-01-26T14:38:37.0,2026-01-28T20:16:22.531,"Any[5, 6, 11, 19, 25, 30, 37, 45, 56]",5,56
1052,2026-01-26T14:46:56.0,2026-02-04T20:24:41.531,"Any[53, 45, 37, 30, 25]",53,25
1282,2026-01-26T14:58:33.0,2026-01-28T20:36:18.531,"Any[6, 11, 19, 25, 30, 37, 45, 56]",6,56
1019,2026-01-26T15:11:39.0,2026-02-04T20:49:24.531,"Any[14, 19, 25, 30, 37, 45, 53]",14,53
1580,2026-01-26T15:35:00.0,2026-02-04T21:12:45.531,Any[],10,64
1104,2026-01-26T15:36:18.0,2026-01-28T21:14:03.531,"Any[60, 56, 45, 37, 30, 25, 19, 14]",60,14
638,2026-01-26T15:45:17.0,2026-01-28T21:23:02.531,"Any[1, 6, 11, 19, 25, 30, 37, 45, 53]",1,53
1255,2026-01-26T15:45:17.0,2026-01-28T21:23:02.531,"Any[1, 6, 11, 19, 25, 30, 37, 45, 53]",1,53
1042,2026-01-26T15:58:56.316,2026-02-04T21:36:41.847,"Any[60, 53, 45, 37, 30, 25, 19, 10]",60,10
1462,2026-01-26T16:03:00.0,2026-01-28T21:40:45.531,Any[],45,5
739,2026-01-26T16:06:20.0,2026-01-28T21:44:05.531,"Any[56, 45, 37, 30, 25]",56,25
1024,2026-01-26T16:06:20.0,2026-02-04T21:44:05.531,"Any[56, 45, 37, 30, 25]",56,25
189,2026-01-26T16:16:10.0,2026-01-28T21:53:55.531,"Any[19, 25, 30, 37, 45, 53]",19,53
732,2026-01-26T16:41:49.0,2026-02-04T22:19:34.531,"Any[60, 53, 45, 37, 30, 25, 19, 11, 6, 6]",60,6
759,2026-01-26T16:43:13.0,2026-01-28T22:20:58.531,"Any[60, 56, 45, 37, 30, 25, 19, 17, 19, 11, 6]",60,6
1472,2026-01-26T16:43:27.0,2026-02-04T22:21:12.531,"Any[25, 30, 37, 45, 56, 60, 64]",25,64
1474,2026-01-26T16:43:27.0,2026-02-04T22:21:12.531,"Any[25, 30, 37, 45, 56, 60, 64]",25,64
1477,2026-01-26T16:43:27.0,2026-02-04T22:21:12.531,"Any[25, 30, 37, 45, 56, 60, 64]",25,64
1481,2026-01-26T16:43:27.0,2026-02-04T22:21:12.531,"Any[25, 30, 37, 45, 56, 60, 64]",25,64
1485,2026-01-26T16:43:27.0,2026-01-28T22:21:12.531,"Any[25, 30, 37, 45, 56, 60, 64]",25,64
1490,2026-01-26T16:43:27.0,2026-01-28T22:21:12.531,"Any[25, 30, 37, 45, 56, 60, 64]",25,64
1493,2026-01-26T16:43:27.0,2026-01-28T22:21:12.531,"Any[25, 30, 37, 45, 56, 60, 64]",25,64
699,2026-01-26T16:44:42.0,2026-02-04T22:22:27.531,"Any[56, 45, 37, 30, 25, 19, 11, 6]",56,6
1105,2026-01-26T16:53:06.0,2026-01-28T22:30:51.531,"Any[53, 45, 37, 30, 25]",53,25
1505,2026-01-26T17:14:15.0,2026-02-04T22:52:00.531,"Any[25, 30, 37, 45, 53, 60]",25,60
1523,2026-01-26T17:14:15.0,2026-01-28T22:52:00.531,"Any[25, 30, 37, 45, 53, 60]",25,60
592,2026-01-26T17:37:37.0,2026-01-28T23:15:22.531,"Any[56, 45, 37, 30, 25, 19, 11, 6]",56,6
727,2026-01-26T17:37:37.0,2026-01-28T23:15:22.531,"Any[56, 45, 37, 30, 25, 19, 11, 6]",56,6
1215,2026-01-26T17:43:09.0,2026-02-04T23:20:54.531,"Any[56, 45, 37, 30, 25]",56,25
300,2026-01-26T18:34:39.0,2026-02-05T00:12:24.531,"Any[56, 45, 37, 30, 25]",56,25
253,2026-01-26T18:55:59.057,2026-02-05T00:33:44.588,"Any[8, 13, 19, 25, 37, 45, 56, 60]",8,60
479,2026-01-26T19:05:23.0,2026-01-29T00:43:08.531,"Any[53, 45, 37, 30, 25, 19, 10]",53,10
1003,2026-01-26T19:05:23.0,2026-01-29T00:43:08.531,"Any[53, 45, 37, 30, 25, 19, 10]",53,10
1196,2026-01-26T19:05:23.0,2026-01-29T00:43:08.531,"Any[53, 45, 37, 30, 25, 19, 10]",53,10
573,2026-01-26T19:39:11.0,2026-02-05T01:16:56.531,"Any[6, 11, 19, 25, 30, 37, 45]",6,45
590,2026-01-26T19:56:58.0,2026-01-29T01:34:43.531,"Any[56, 45, 37, 30, 25]",56,25
1183,2026-01-26T19:58:20.394,2026-02-05T01:36:05.925,"Any[60, 56, 45, 37, 30, 25, 19, 11, 6]",60,6
1399,2026-01-26T20:11:31.0,2026-02-05T01:49:16.531,"Any[53, 45, 37, 30, 25, 19, 13, 8]",53,8
440,2026-01-26T20:14:13.0,2026-02-05T01:51:58.531,"Any[53, 45, 37, 30, 25, 19, 13, 8]",53,8
263,2026-01-26T20:17:24.0,2026-01-29T01:55:09.531,"Any[53, 45, 37, 30, 25, 19, 10]",53,10
467,2026-01-26T20:17:24.0,2026-02-05T01:55:09.531,"Any[53, 45, 37, 30, 25, 19, 10]",53,10
1180,2026-01-26T20:20:55.0,2026-01-29T01:58:40.531,"Any[53, 45, 37, 30, 25, 19, 10]",53,10
156,2026-01-26T20:31:51.675,2026-02-05T02:09:37.206,"Any[10, 19, 25, 30, 37, 45, 53]",10,53
634,2026-01-26T20:59:12.0,2026-01-29T02:36:57.531,"Any[6, 11, 19, 25, 30, 37, 45, 56]",6,56
833,2026-01-26T21:20:53.0,2026-02-05T02:58:38.531,"Any[10, 19, 25, 30, 37, 45, 53, 60]",10,60
1284,2026-01-26T21:21:30.0,2026-02-05T02:59:15.531,"Any[53, 45, 37, 30, 25]",53,25
56,2026-01-26T22:05:35.0,2026-02-05T03:43:20.531,"Any[60, 53, 45, 37, 30, 25, 19, 13, 8]",60,8
484,2026-01-26T22:05:35.0,2026-01-29T03:43:20.531,"Any[60, 53, 45, 37, 30, 25, 19, 13, 8]",60,8
941,2026-01-26T22:27:59.0,2026-01-29T04:05:44.531,"Any[53, 45, 37, 30, 25]",53,25
989,2026-01-26T23:04:16.0,2026-01-29T04:42:01.531,"Any[8, 13, 19, 25, 30, 37, 45, 53]",8,53
54,2026-01-26T23:08:00.682,2026-01-29T04:45:46.213,"Any[56, 45, 37, 30, 25, 19, 11, 6, 6]",56,6
519,2026-01-26T23:09:32.399,2026-01-29T04:47:17.93,"Any[8, 13, 19, 25, 30, 37, 45, 56]",8,56
933,2026-01-26T23:09:32.399,2026-02-05T04:47:17.93,"Any[8, 13, 19, 25, 30, 37, 45, 56]",8,56
765,2026-01-26T23:46:28.0,2026-01-29T05:24:13.531,"Any[53, 45, 37, 30, 25, 19, 11, 6, 1]",53,1
705,2026-01-27T00:14:14.0,2026-01-29T05:51:59.531,"Any[64, 53, 45, 37, 30, 25, 19, 13, 8]",64,8
844,2026-01-27T00:22:14.0,2026-01-29T05:59:59.531,"Any[1, 6, 11, 19, 25, 30, 37, 45, 53, 60]",1,60
1269,2026-01-27T01:02:01.0,2026-01-29T06:39:46.531,"Any[8, 13, 19, 25, 30, 37, 45, 56]",8,56
1465,2026-01-27T01:03:00.0,2026-01-29T06:40:45.531,Any[],45,9
717,2026-01-27T01:38:57.0,2026-02-05T07:16:42.531,"Any[53, 45, 37, 30, 25, 19, 10]",53,10
173,2026-01-27T02:13:54.0,2026-02-05T07:51:39.531,"Any[19, 25, 30, 37, 45, 56]",19,56
254,2026-01-27T02:17:13.0,2026-01-29T07:54:58.531,"Any[53, 45, 37, 30, 25, 19, 10]",53,10
236,2026-01-27T02:45:19.0,2026-01-29T08:23:04.531,"Any[64, 60, 53, 45, 37, 30, 25, 19, 11, 6, 6, 1]",64,6
777,2026-01-27T02:45:19.0,2026-01-29T08:23:04.531,"Any[64, 60, 53, 45, 37, 30, 25, 19, 11, 6, 6, 1]",64,6
1452,2026-01-27T02:55:00.0,2026-02-05T08:32:45.531,Any[],45,3
386,2026-01-27T05:29:51.0,2026-02-05T11:07:36.531,"Any[7, 8, 13, 19, 25, 30, 37, 45, 53]",7,53
76,2026-01-27T05:45:32.0,2026-02-05T11:23:17.531,"Any[53, 45, 37, 30, 25, 19, 13, 8]",53,8
381,2026-01-27T06:12:00.0,2026-01-29T11:49:45.531,"Any[53, 45, 37, 30, 25, 19, 10]",53,10
468,2026-01-27T06:12:00.0,2026-01-29T11:49:45.531,"Any[53, 45, 37, 30, 25, 19, 10]",53,10
1249,2026-01-27T06:12:00.0,2026-01-29T11:49:45.531,"Any[53, 45, 37, 30, 25, 19, 10]",53,10
822,2026-01-27T06:20:29.0,2026-02-05T11:58:14.531,"Any[6, 11, 19, 25, 30, 37, 45]",6,45
708,2026-01-27T06:39:10.591,2026-02-05T12:16:56.122,"Any[10, 19, 25, 30, 37, 45, 53]",10,53
1188,2026-01-27T06:39:10.591,2026-01-29T12:16:56.122,"Any[10, 19, 25, 30, 37, 45, 53]",10,53
1585,2026-01-27T06:45:00.0,2026-01-29T12:22:45.531,Any[],10,64
672,2026-01-27T06:45:14.0,2026-01-29T12:22:59.531,"Any[53, 45, 37, 30, 25, 19, 10]",53,10
606,2026-01-27T06:59:27.0,2026-02-05T12:37:12.531,"Any[6, 11, 19, 25, 30, 37, 45]",6,45
436,2026-01-27T07:23:24.0,2026-01-29T13:01:09.531,"Any[60, 56, 45, 37, 30, 25, 19, 13, 8]",60,8
723,2026-01-27T07:23:24.0,2026-02-05T13:01:09.531,"Any[60, 56, 45, 37, 30, 25, 19, 13, 8]",60,8
731,2026-01-27T07:40:00.0,2026-01-29T13:17:45.531,"Any[7, 8, 13, 19, 25, 30, 37, 45, 53]",7,53
1113,2026-01-27T07:43:38.0,2026-01-29T13:21:23.531,"Any[8, 13, 19, 25, 30, 37, 45, 56]",8,56
1026,2026-01-27T08:29:37.0,2026-01-29T14:07:22.531,"Any[56, 45, 37, 30, 25]",56,25
1451,2026-01-27T08:56:00.0,2026-02-05T14:33:45.531,Any[],45,3
414,2026-01-27T09:16:03.589,2026-01-29T14:53:49.12,"Any[10, 19, 25, 30, 37, 45, 53]",10,53
10,2026-01-27T09:36:07.0,2026-02-05T15:13:52.531,"Any[1, 6, 11, 19, 25, 30, 37, 45, 56]",1,56
830,2026-01-27T09:39:13.0,2026-01-29T15:16:58.531,"Any[25, 30, 37, 45, 56]",25,56
1030,2026-01-27T10:05:49.0,2026-02-05T15:43:34.531,"Any[45, 37, 30, 25]",45,25
1318,2026-01-27T10:12:00.0,2026-01-29T15:49:45.531,Any[],60,7
600,2026-01-27T10:24:00.635,2026-02-05T16:01:46.166,"Any[56, 45, 37, 30, 25, 19, 11, 6, 1]",56,1
651,2026-01-27T10:26:31.0,2026-02-05T16:04:16.531,"Any[8, 13, 19, 25, 30, 37, 45, 56]",8,56
429,2026-01-27T10:27:16.0,2026-02-05T16:05:01.531,"Any[53, 45, 37, 30, 25, 19, 11, 6, 1]",53,1
982,2026-01-27T10:50:54.55,2026-01-29T16:28:40.081,"Any[19, 25, 30, 37, 45, 53]",19,53
1108,2026-01-27T11:20:59.0,2026-01-29T16:58:44.531,"Any[56, 45, 37, 30, 25, 19, 13, 8]",56,8
288,2026-01-27T11:29:00.0,2026-02-05T17:06:45.531,"Any[6, 11, 19, 25, 30, 37, 45]",6,45
640,2026-01-27T11:29:00.0,2026-02-05T17:06:45.531,"Any[6, 11, 19, 25, 30, 37, 45]",6,45
216,2026-01-27T12:00:27.312,2026-02-05T17:38:12.843,"Any[56, 45, 37, 45, 50, 45, 37, 30, 25]",56,25
369,2026-01-27T12:07:39.0,2026-02-05T17:45:24.531,"Any[60, 53, 45, 37, 30, 25, 19, 10]",60,10
744,2026-01-27T12:29:41.044,2026-02-05T18:07:26.575,"Any[64, 60, 53, 45, 37, 30, 25, 19, 11, 6, 1]",64,1
1315,2026-01-27T12:31:00.0,2026-02-05T18:08:45.531,Any[],60,7
528,2026-01-27T13:02:09.0,2026-01-29T18:39:54.531,"Any[60, 56, 45, 37, 30, 25, 19, 11, 6, 6]",60,6
1317,2026-01-27T13:32:00.0,2026-02-05T19:09:45.531,Any[],60,7
19,2026-01-27T14:23:19.0,2026-02-05T20:01:04.531,"Any[8, 13, 19, 25, 30, 37, 45, 56]",8,56
842,2026-01-27T14:23:19.0,2026-01-29T20:01:04.531,"Any[8, 13, 19, 25, 30, 37, 45, 56]",8,56
47,2026-01-27T14:34:23.0,2026-02-05T20:12:08.531,"Any[6, 11, 19, 25, 30, 37, 45]",6,45
1383,2026-01-27T15:13:30.0,2026-02-05T20:51:15.531,"Any[56, 45, 37, 30, 25, 19, 11, 6]",56,6
83,2026-01-27T15:17:37.0,2026-02-05T20:55:22.531,"Any[53, 45, 37, 30, 25]",53,25
402,2026-01-27T15:17:37.0,2026-02-05T20:55:22.531,"Any[53, 45, 37, 30, 25]",53,25
249,2026-01-27T15:23:07.0,2026-02-05T21:00:52.531,"Any[6, 11, 19, 25, 30, 37, 45]",6,45
678,2026-01-27T15:33:22.0,2026-01-29T21:11:07.531,"Any[6, 11, 19, 25, 30, 37, 45]",6,45
1043,2026-01-27T15:33:22.0,2026-02-05T21:11:07.531,"Any[6, 11, 19, 25, 30, 37, 45]",6,45
1141,2026-01-27T15:49:41.0,2026-02-05T21:27:26.531,"Any[6, 11, 19, 25, 30, 37, 45]",6,45
1379,2026-01-27T16:02:26.0,2026-01-29T21:40:11.531,"Any[56, 45, 37, 30, 25, 19, 11, 6]",56,6
339,2026-01-27T16:10:53.0,2026-01-29T21:48:38.531,"Any[56, 45, 37, 30, 25, 19, 11, 6, 6, 1]",56,6
512,2026-01-27T16:15:19.0,2026-01-29T21:53:04.531,"Any[56, 45, 37, 30, 25, 19, 11, 6]",56,6
1373,2026-01-27T16:15:19.0,2026-01-29T21:53:04.531,"Any[56, 45, 37, 30, 25, 19, 11, 6]",56,6
108,2026-01-27T16:15:24.0,2026-02-05T21:53:09.531,"Any[8, 13, 19, 25, 30, 37, 45, 56, 60, 64]",8,64
1142,2026-01-27T16:15:24.0,2026-02-05T21:53:09.531,"Any[8, 13, 19, 25, 30, 37, 45, 56, 60, 64]",8,64
669,2026-01-27T16:21:18.0,2026-02-05T21:59:03.531,"Any[10, 19, 25, 30, 37, 45, 53]",10,53
465,2026-01-27T16:35:07.0,2026-01-29T22:12:52.531,"Any[53, 45, 37, 30, 25, 19, 13, 8]",53,8
1118,2026-01-27T16:38:17.0,2026-01-29T22:16:02.531,"Any[6, 11, 19, 25, 30, 37, 45, 53]",6,53
1218,2026-01-27T16:39:20.0,2026-02-05T22:17:05.531,"Any[1, 6, 11, 19, 25, 30, 37, 45, 56]",1,56
443,2026-01-27T16:40:44.154,2026-02-05T22:18:29.685,"Any[25, 30, 37, 45, 56]",25,56
1381,2026-01-27T16:43:21.0,2026-01-29T22:21:06.531,"Any[56, 45, 37, 30, 25, 19, 11, 6]",56,6
1385,2026-01-27T16:43:21.0,2026-01-29T22:21:06.531,"Any[56, 45, 37, 30, 25, 19, 11, 6]",56,6
11,2026-01-27T16:44:00.0,2026-02-05T22:21:45.531,"Any[53, 45, 37, 30, 25, 19, 13, 8]",53,8
422,2026-01-27T16:44:00.0,2026-02-05T22:21:45.531,"Any[53, 45, 37, 30, 25, 19, 13, 8]",53,8
247,2026-01-27T16:44:39.0,2026-02-05T22:22:24.531,"Any[10, 19, 25, 30, 37, 45, 53]",10,53
1306,2026-01-27T16:50:00.0,2026-02-05T22:27:45.531,Any[],60,16
532,2026-01-27T16:55:12.0,2026-02-05T22:32:57.531,"Any[64, 60, 56, 45, 37, 30, 25, 19, 13, 8]",64,8
841,2026-01-27T16:58:49.0,2026-01-29T22:36:34.531,"Any[60, 56, 53, 45, 37, 30, 25, 19, 11, 6]",60,6
922,2026-01-27T16:59:58.0,2026-02-05T22:37:43.531,"Any[6, 11, 19, 25, 30, 37, 45]",6,45
1045,2026-01-27T17:01:39.0,2026-02-05T22:39:24.531,"Any[60, 56, 45, 37, 30, 25, 19, 11, 6, 1]",60,1
1527,2026-01-27T17:26:12.0,2026-02-05T23:03:57.531,"Any[25, 30, 37, 45, 53, 60]",25,60
815,2026-01-27T17:36:02.0,2026-01-29T23:13:47.531,"Any[6, 11, 19, 25, 30, 37, 45]",6,45
1227,2026-01-27T17:39:56.0,2026-02-05T23:17:41.531,"Any[56, 45, 37, 30, 25, 19, 11, 6]",56,6
1329,2026-01-27T17:41:12.448,2026-01-29T23:18:57.979,"Any[56, 45, 37, 30, 25, 19]",56,19
1361,2026-01-27T17:42:06.054,2026-02-05T23:19:51.585,"Any[56, 45, 37, 30, 25, 19, 13, 8, 7]",56,7
1362,2026-01-27T17:42:06.054,2026-01-29T23:19:51.585,"Any[56, 45, 37, 30, 25, 19, 13, 8, 7]",56,7
1364,2026-01-27T17:42:06.054,2026-01-29T23:19:51.585,"Any[56, 45, 37, 30, 25, 19, 13, 8, 7]",56,7
1368,2026-01-27T17:42:06.054,2026-01-29T23:19:51.585,"Any[56, 45, 37, 30, 25, 19, 13, 8, 7]",56,7
1107,2026-01-27T17:46:06.358,2026-02-05T23:23:51.889,"Any[56, 45, 37, 30, 25, 19, 11, 6]",56,6
1168,2026-01-27T17:51:54.0,2026-02-05T23:29:39.531,"Any[64, 56, 45, 37, 30, 25, 19, 11, 6]",64,6
51,2026-01-27T18:19:05.0,2026-01-29T23:56:50.531,"Any[6, 11, 19, 25, 30, 37, 45]",6,45
378,2026-01-27T18:19:44.0,2026-02-05T23:57:29.531,"Any[53, 45, 37, 30, 25, 19, 11, 6, 1]",53,1
1246,2026-01-27T18:22:58.0,2026-02-06T00:00:43.531,"Any[60, 56, 45, 37, 30, 25, 19, 11, 6]",60,6
1470,2026-01-27T18:35:31.0,2026-01-30T00:13:16.531,"Any[25, 30, 37, 45, 53, 60, 64]",25,64
1473,2026-01-27T18:35:31.0,2026-02-06T00:13:16.531,"Any[25, 30, 37, 45, 53, 60, 64]",25,64
1476,2026-01-27T18:35:31.0,2026-01-30T00:13:16.531,"Any[25, 30, 37, 45, 53, 60, 64]",25,64
1478,2026-01-27T18:35:31.0,2026-02-06T00:13:16.531,"Any[25, 30, 37, 45, 53, 60, 64]",25,64
1486,2026-01-27T18:35:31.0,2026-01-30T00:13:16.531,"Any[25, 30, 37, 45, 53, 60, 64]",25,64
1488,2026-01-27T18:35:31.0,2026-01-30T00:13:16.531,"Any[25, 30, 37, 45, 53, 60, 64]",25,64
1489,2026-01-27T18:35:31.0,2026-01-30T00:13:16.531,"Any[25, 30, 37, 45, 53, 60, 64]",25,64
1497,2026-01-27T18:35:31.0,2026-01-30T00:13:16.531,"Any[25, 30, 37, 45, 53, 60, 64]",25,64
1499,2026-01-27T18:35:31.0,2026-02-06T00:13:16.531,"Any[25, 30, 37, 45, 53, 60, 64]",25,64
400,2026-01-27T18:38:43.0,2026-01-30T00:16:28.531,"Any[8, 13, 19, 25, 30, 37, 45, 56]",8,56
1351,2026-01-27T18:43:23.0,2026-02-06T00:21:08.531,"Any[56, 45, 37, 30, 25, 19]",56,19
1355,2026-01-27T18:43:23.0,2026-02-06T00:21:08.531,"Any[56, 45, 37, 30, 25, 19]",56,19
1459,2026-01-27T19:16:00.0,2026-01-30T00:53:45.531,Any[],45,3
359,2026-01-27T19:21:17.0,2026-01-30T00:59:02.531,"Any[6, 11, 19, 25, 30, 37, 45, 56]",6,56
539,2026-01-27T19:37:56.0,2026-01-30T01:15:41.531,"Any[8, 13, 19, 25, 30, 37, 45]",8,45
298,2026-01-27T20:16:57.0,2026-01-30T01:54:42.531,"Any[10, 19, 25, 30, 37, 45, 53]",10,53
535,2026-01-27T20:16:57.0,2026-02-06T01:54:42.531,"Any[10, 19, 25, 30, 37, 45, 53]",10,53
993,2026-01-27T20:29:21.0,2026-02-06T02:07:06.531,"Any[53, 45, 37, 30, 25, 19, 13, 8]",53,8
745,2026-01-27T20:38:16.0,2026-01-30T02:16:01.531,"Any[3, 10, 19, 25, 30, 37, 45, 53]",3,53
1172,2026-01-27T20:48:06.0,2026-02-06T02:25:51.531,"Any[6, 11, 19, 25, 30, 37, 45, 56]",6,56
21,2026-01-27T20:58:23.0,2026-02-06T02:36:08.531,"Any[53, 45, 37, 30, 25, 19, 11, 6, 1]",53,1
1458,2026-01-27T21:15:00.0,2026-01-30T02:52:45.531,Any[],45,3
287,2026-01-27T21:36:51.0,2026-01-30T03:14:36.531,"Any[10, 19, 25, 30, 37, 45, 53, 60]",10,60
589,2026-01-27T21:36:51.0,2026-02-06T03:14:36.531,"Any[10, 19, 25, 30, 37, 45, 53, 60]",10,60
889,2026-01-27T21:56:51.0,2026-02-06T03:34:36.531,"Any[53, 45, 37, 30, 25, 19, 13, 8]",53,8
943,2026-01-27T21:56:51.0,2026-02-06T03:34:36.531,"Any[53, 45, 37, 30, 25, 19, 13, 8]",53,8
998,2026-01-27T21:56:51.0,2026-02-06T03:34:36.531,"Any[53, 45, 37, 30, 25, 19, 13, 8]",53,8
915,2026-01-27T22:27:46.329,2026-02-06T04:05:31.86,"Any[1, 6, 11, 19, 25, 30, 37, 45, 53]",1,53
1372,2026-01-27T22:33:00.0,2026-02-06T04:10:45.531,Any[],56,3
100,2026-01-27T22:36:30.0,2026-02-06T04:14:15.531,"Any[53, 45, 37, 30, 25]",53,25
491,2026-01-27T22:45:19.0,2026-02-06T04:23:04.531,"Any[1, 6, 11, 19, 25, 30, 37, 45, 56, 60]",1,60
18,2026-01-27T22:49:03.0,2026-02-06T04:26:48.531,"Any[8, 13, 19, 25, 30, 37, 45, 56]",8,56
626,2026-01-27T22:49:03.0,2026-02-06T04:26:48.531,"Any[8, 13, 19, 25, 30, 37, 45, 56]",8,56
569,2026-01-27T23:06:21.0,2026-01-30T04:44:06.531,"Any[3, 10, 19, 25, 30, 37, 45, 53]",3,53
1037,2026-01-27T23:06:21.0,2026-01-30T04:44:06.531,"Any[3, 10, 19, 25, 30, 37, 45, 53]",3,53
954,2026-01-27T23:10:42.0,2026-02-06T04:48:27.531,"Any[10, 19, 25, 30, 37, 45, 53, 60]",10,60
1560,2026-01-27T23:16:17.0,2026-02-06T04:54:02.531,"Any[1, 6, 11, 19, 25, 30, 37, 45, 53, 60]",1,60
813,2026-01-27T23:41:26.0,2026-02-06T05:19:11.531,"Any[8, 13, 19, 25, 30, 37, 45, 56]",8,56
1320,2026-01-27T23:53:00.0,2026-01-30T05:30:45.531,Any[],60,7
347,2026-01-28T00:20:13.0,2026-02-06T05:57:58.531,"Any[1, 6, 11, 19, 23, 36, 44, 54, 60]",1,60
496,2026-01-28T00:20:13.0,2026-01-30T05:57:58.531,"Any[1, 6, 11, 19, 23, 36, 44, 54, 60]",1,60
70,2026-01-28T00:38:56.0,2026-02-06T06:16:41.531,"Any[10, 19, 25, 30, 37, 45, 53]",10,53
849,2026-01-28T00:38:56.0,2026-02-06T06:16:41.531,"Any[10, 19, 25, 30, 37, 45, 53]",10,53
277,2026-01-28T00:43:28.0,2026-02-06T06:21:13.531,"Any[53, 45, 37, 30, 25, 19, 11, 6, 1]",53,1
458,2026-01-28T01:26:26.0,2026-02-06T07:04:11.531,"Any[10, 19, 25, 30, 37, 45, 53]",10,53
460,2026-01-28T02:00:00.0,2026-02-06T07:37:45.531,"Any[7, 8, 13, 19, 25, 30, 37, 45, 53]",7,53
1289,2026-01-28T02:00:00.0,2026-02-06T07:37:45.531,"Any[7, 8, 13, 19, 25, 30, 37, 45, 53]",7,53
118,2026-01-28T02:03:40.0,2026-01-30T07:41:25.531,"Any[45, 37, 30, 25, 19, 13, 8]",45,8
256,2026-01-28T02:03:40.0,2026-01-30T07:41:25.531,"Any[45, 37, 30, 25, 19, 13, 8]",45,8
906,2026-01-28T02:16:37.0,2026-02-06T07:54:22.531,"Any[19, 25, 30, 37, 45, 56]",19,56
711,2026-01-28T02:16:51.0,2026-02-06T07:54:36.531,"Any[10, 19, 25, 30, 37, 45, 53, 60]",10,60
1062,2026-01-28T02:26:06.0,2026-02-06T08:03:51.531,"Any[53, 45, 37, 30, 25, 19, 10]",53,10
224,2026-01-28T02:33:11.0,2026-02-06T08:10:56.531,"Any[64, 53, 45, 37, 30, 25, 19, 13, 8]",64,8
1261,2026-01-28T02:33:11.0,2026-01-30T08:10:56.531,"Any[64, 53, 45, 37, 30, 25, 19, 13, 8]",64,8
1050,2026-01-28T02:50:42.0,2026-02-06T08:28:27.531,"Any[53, 45, 37, 30, 25, 19, 11, 6, 1]",53,1
912,2026-01-28T03:05:52.0,2026-01-30T08:43:37.531,"Any[53, 45, 37, 30, 25, 19, 10]",53,10
1593,2026-01-28T04:01:00.0,2026-01-30T09:38:45.531,Any[],10,64
181,2026-01-28T04:27:50.0,2026-01-30T10:05:35.531,"Any[64, 53, 45, 37, 30, 25, 19, 13, 8]",64,8
662,2026-01-28T04:27:50.0,2026-02-06T10:05:35.531,"Any[64, 53, 45, 37, 30, 25, 19, 13, 8]",64,8
799,2026-01-28T04:35:18.0,2026-01-30T10:13:03.531,"Any[6, 11, 16, 25, 30, 37, 45, 53]",6,53
229,2026-01-28T05:04:31.0,2026-01-30T10:42:16.531,"Any[62, 45, 37, 30, 25, 19, 11, 6]",62,6
1167,2026-01-28T06:29:09.0,2026-01-30T12:06:54.531,"Any[1, 6, 11, 16, 25, 30, 37, 45, 56]",1,56
1570,2026-01-28T06:29:09.0,2026-02-06T12:06:54.531,"Any[1, 6, 11, 16, 25, 30, 37, 45, 56]",1,56
365,2026-01-28T06:29:51.5,2026-02-06T12:07:37.031,"Any[16, 25, 30, 37, 45, 53]",16,53
134,2026-01-28T06:38:22.0,2026-01-30T12:16:07.531,"Any[53, 45, 37, 25]",53,25
793,2026-01-28T06:38:22.0,2026-01-30T12:16:07.531,"Any[53, 45, 37, 25]",53,25
1433,2026-01-28T06:39:00.0,2026-02-06T12:16:45.531,Any[],45,13
1199,2026-01-28T07:21:43.0,2026-01-30T12:59:28.531,"Any[53, 45, 37, 30, 25, 19, 11, 6]",53,6
1584,2026-01-28T07:35:00.0,2026-01-30T13:12:45.531,Any[],10,64
7,2026-01-28T07:36:16.0,2026-02-06T13:14:01.531,"Any[8, 13, 19, 25, 30, 37, 45, 56]",8,56
48,2026-01-28T07:36:16.0,2026-01-30T13:14:01.531,"Any[8, 13, 19, 25, 30, 37, 45, 56]",8,56
747,2026-01-28T07:37:17.0,2026-01-30T13:15:02.531,"Any[8, 13, 19, 25, 30, 37, 45]",8,45
901,2026-01-28T07:58:28.0,2026-01-30T13:36:13.531,"Any[10, 19, 25, 30, 37, 45, 53]",10,53
1015,2026-01-28T08:04:21.0,2026-02-06T13:42:06.531,"Any[6, 11, 19, 25, 30, 37, 45, 56]",6,56
138,2026-01-28T08:09:25.0,2026-01-30T13:47:10.531,"Any[53, 45, 37, 30, 25]",53,25
554,2026-01-28T08:21:38.0,2026-01-30T13:59:23.531,"Any[53, 45, 37, 30, 25, 19, 10]",53,10
961,2026-01-28T08:21:38.0,2026-01-30T13:59:23.531,"Any[53, 45, 37, 30, 25, 19, 10]",53,10
267,2026-01-28T08:49:55.0,2026-01-30T14:27:40.531,"Any[6, 11, 16, 25, 30, 37, 45]",6,45
631,2026-01-28T08:54:12.0,2026-01-30T14:31:57.531,"Any[6, 11, 19, 25, 30, 37, 45, 53]",6,53
1116,2026-01-28T08:54:12.0,2026-01-30T14:31:57.531,"Any[6, 11, 19, 25, 30, 37, 45, 53]",6,53
608,2026-01-28T08:55:06.0,2026-02-06T14:32:51.531,"Any[8, 13, 19, 25, 30, 37, 45, 56]",8,56
466,2026-01-28T08:55:26.0,2026-01-30T14:33:11.531,"Any[53, 45, 37, 30, 25, 19, 11, 6, 1]",53,1
971,2026-01-28T08:58:31.0,2026-01-30T14:36:16.531,"Any[60, 56, 45, 37, 30, 25, 19, 17, 19, 11, 6, 6, 1]",60,6
425,2026-01-28T09:03:45.0,2026-01-30T14:41:30.531,"Any[5, 6, 10, 19, 25, 30, 37, 45, 56]",5,56
175,2026-01-28T09:31:50.516,2026-01-30T15:09:36.047,"Any[53, 45, 37, 30, 25, 19, 11, 6, 1]",53,1
1421,2026-01-28T09:51:00.0,2026-01-30T15:28:45.531,Any[],45,16
657,2026-01-28T10:11:45.0,2026-02-06T15:49:30.531,"Any[17, 16, 17, 25, 30, 37, 45, 53]",17,53
1132,2026-01-28T10:11:45.0,2026-02-06T15:49:30.531,"Any[17, 16, 17, 25, 30, 37, 45, 53]",17,53
214,2026-01-28T10:21:07.0,2026-01-30T15:58:52.531,"Any[17, 25, 30, 37, 45, 53]",17,53
1055,2026-01-28T10:21:29.179,2026-02-06T15:59:14.71,"Any[25, 30, 37, 45, 56, 60]",25,60
1503,2026-01-28T10:21:29.179,2026-02-06T15:59:14.71,"Any[25, 30, 37, 45, 56, 60]",25,60
1512,2026-01-28T10:21:29.179,2026-02-06T15:59:14.71,"Any[25, 30, 37, 45, 56, 60]",25,60
1525,2026-01-28T10:21:29.179,2026-01-30T15:59:14.71,"Any[25, 30, 37, 45, 56, 60]",25,60
1528,2026-01-28T10:21:29.179,2026-02-06T15:59:14.71,"Any[25, 30, 37, 45, 56, 60]",25,60
1536,2026-01-28T10:21:29.179,2026-02-06T15:59:14.71,"Any[25, 30, 37, 45, 56, 60]",25,60
372,2026-01-28T10:42:23.0,2026-02-06T16:20:08.531,"Any[6, 11, 19, 25, 30, 37, 45]",6,45
139,2026-01-28T10:44:14.601,2026-01-30T16:22:00.132,"Any[56, 45, 37, 30, 25, 19, 11, 6]",56,6
1590,2026-01-28T11:06:00.0,2026-01-30T16:43:45.531,Any[],10,64
454,2026-01-28T11:58:47.0,2026-02-06T17:36:32.531,"Any[53, 45, 37, 30, 25, 19, 13, 8]",53,8
1581,2026-01-28T12:17:00.0,2026-02-06T17:54:45.531,Any[],10,64
979,2026-01-28T12:33:22.0,2026-02-06T18:11:07.531,"Any[53, 45, 37, 30, 25, 19, 10]",53,10
864,2026-01-28T12:37:04.051,2026-02-06T18:14:49.582,"Any[64, 60, 56, 45, 37, 30, 25, 19, 11, 6]",64,6
1301,2026-01-28T12:39:00.0,2026-01-30T18:16:45.531,Any[],60,17
391,2026-01-28T12:47:03.0,2026-01-30T18:24:48.531,"Any[53, 45, 37, 30, 25, 19, 11, 6, 1]",53,1
952,2026-01-28T13:00:00.0,2026-02-06T18:37:45.531,"Any[8, 13, 19, 25, 30, 37, 45]",8,45
1012,2026-01-28T13:00:00.0,2026-02-06T18:37:45.531,"Any[8, 13, 19, 25, 30, 37, 45]",8,45
1265,2026-01-28T13:06:44.256,2026-01-30T18:44:29.787,"Any[54, 44, 36, 23, 19, 13, 8, 7]",54,7
1122,2026-01-28T13:27:36.0,2026-01-30T19:05:21.531,"Any[64, 60, 53, 45, 37, 30, 25, 19, 13, 8]",64,8
276,2026-01-28T13:41:01.0,2026-02-06T19:18:46.531,"Any[56, 45, 37, 30, 25, 19, 13, 8]",56,8
411,2026-01-28T13:53:48.931,2026-01-30T19:31:34.462,"Any[9, 15, 26, 31, 36, 44, 54]",9,54
497,2026-01-28T13:53:48.931,2026-02-06T19:31:34.462,"Any[9, 15, 26, 31, 36, 44, 54]",9,54
1109,2026-01-28T13:53:48.931,2026-01-30T19:31:34.462,"Any[9, 15, 26, 31, 36, 44, 54]",9,54
1154,2026-01-28T14:16:07.0,2026-02-06T19:53:52.531,"Any[6, 11, 19, 25, 30, 37, 45]",6,45
995,2026-01-28T14:16:28.0,2026-02-06T19:54:13.531,"Any[19, 25, 30, 37, 45, 56]",19,56
1466,2026-01-28T14:21:00.0,2026-02-06T19:58:45.531,Any[],45,9
892,2026-01-28T14:30:45.0,2026-02-06T20:08:30.531,"Any[6, 11, 19, 25, 30, 37, 45]",6,45
1594,2026-01-28T14:38:00.0,2026-02-06T20:15:45.531,Any[],10,64
90,2026-01-28T14:39:48.0,2026-01-30T20:17:33.531,"Any[6, 11, 19, 25, 30, 37, 45]",6,45
428,2026-01-28T14:53:49.0,2026-02-06T20:31:34.531,"Any[64, 60, 53, 45, 37, 30, 25, 19, 13, 8]",64,8
880,2026-01-28T14:53:49.0,2026-01-30T20:31:34.531,"Any[64, 60, 53, 45, 37, 30, 25, 19, 13, 8]",64,8
642,2026-01-28T14:58:57.0,2026-01-30T20:36:42.531,"Any[56, 45, 37, 30, 25, 19, 20]",56,20
668,2026-01-28T15:04:52.0,2026-02-06T20:42:37.531,"Any[6, 11, 19, 25, 30, 37, 45, 53]",6,53
163,2026-01-28T15:09:00.0,2026-01-30T20:46:45.531,"Any[53, 45, 37, 30, 25, 19, 13, 8]",53,8
350,2026-01-28T15:09:00.0,2026-01-30T20:46:45.531,"Any[53, 45, 37, 30, 25, 19, 13, 8]",53,8
818,2026-01-28T15:09:00.0,2026-02-06T20:46:45.531,"Any[53, 45, 37, 30, 25, 19, 13, 8]",53,8
1018,2026-01-28T15:09:00.0,2026-02-06T20:46:45.531,"Any[53, 45, 37, 30, 25, 19, 13, 8]",53,8
1280,2026-01-28T15:11:16.0,2026-02-06T20:49:01.531,"Any[6, 11, 19, 25, 30, 37, 45, 56]",6,56
258,2026-01-28T15:21:47.0,2026-02-06T20:59:32.531,"Any[1, 6, 11, 19, 25, 30, 37, 45, 53]",1,53
612,2026-01-28T15:24:01.0,2026-01-30T21:01:46.531,"Any[53, 45, 37, 30, 25, 19, 13, 8]",53,8
33,2026-01-28T15:50:58.0,2026-02-06T21:28:43.531,"Any[56, 45, 37, 30, 25, 19, 11, 6]",56,6
416,2026-01-28T16:12:16.977,2026-02-06T21:50:02.508,"Any[5, 6, 11, 19, 25, 30, 37, 45, 56]",5,56
1573,2026-01-28T16:20:00.0,2026-02-06T21:57:45.531,Any[],10,64
147,2026-01-28T16:31:49.0,2026-02-06T22:09:34.531,"Any[60, 53, 45, 37, 30, 25, 19, 10]",60,10
1096,2026-01-28T16:45:20.0,2026-02-06T22:23:05.531,"Any[45, 37, 30, 25]",45,25
238,2026-01-28T16:52:12.0,2026-01-30T22:29:57.531,"Any[8, 13, 19, 25, 30, 37, 45, 56]",8,56
107,2026-01-28T17:16:43.0,2026-01-30T22:54:28.531,"Any[56, 45, 37, 30, 25, 19, 11, 6]",56,6
111,2026-01-28T17:20:02.0,2026-01-30T22:57:47.531,"Any[8, 13, 19, 25, 30, 37, 45, 56]",8,56
435,2026-01-28T17:20:02.0,2026-02-06T22:57:47.531,"Any[8, 13, 19, 25, 30, 37, 45, 56]",8,56
396,2026-01-28T17:21:55.0,2026-01-30T22:59:40.531,"Any[53, 45, 37, 30, 25, 19, 11, 6, 1]",53,1
525,2026-01-28T17:34:15.0,2026-01-30T23:12:00.531,"Any[53, 45, 37, 30, 25, 19, 11, 6, 1]",53,1
542,2026-01-28T17:34:15.0,2026-01-30T23:12:00.531,"Any[53, 45, 37, 30, 25, 19, 11, 6, 1]",53,1
62,2026-01-28T18:42:20.0,2026-02-07T00:20:05.531,"Any[8, 13, 19, 25, 30, 37, 45, 53]",8,53
307,2026-01-28T19:04:14.0,2026-02-07T00:41:59.531,"Any[60, 56, 45, 37, 30, 25, 19, 11, 6]",60,6
363,2026-01-28T19:05:20.0,2026-01-31T00:43:05.531,"Any[8, 13, 19, 25, 30, 37, 45, 53]",8,53
93,2026-01-28T19:23:14.811,2026-02-07T01:01:00.342,"Any[53, 45, 37, 30, 25, 19, 10]",53,10
832,2026-01-28T19:23:14.811,2026-02-07T01:01:00.342,"Any[53, 45, 37, 30, 25, 19, 10]",53,10
320,2026-01-28T19:42:23.0,2026-02-07T01:20:08.531,"Any[7, 8, 13, 19, 25, 30, 37, 45, 53]",7,53
865,2026-01-28T20:00:58.0,2026-02-07T01:38:43.531,"Any[8, 13, 19, 25, 30, 37, 45]",8,45
878,2026-01-28T20:48:19.0,2026-01-31T02:26:04.531,"Any[56, 45, 37, 30, 25, 19, 11, 6]",56,6
526,2026-01-28T20:53:56.0,2026-01-31T02:31:41.531,"Any[62, 53, 45, 37, 30, 25, 19, 11, 6]",62,6
174,2026-01-28T21:03:42.05,2026-02-07T02:41:27.581,"Any[10, 19, 25, 30, 37, 45, 53, 60]",10,60
105,2026-01-28T21:19:25.0,2026-02-07T02:57:10.531,"Any[8, 13, 19, 25, 30, 37, 45, 53]",8,53
127,2026-01-28T21:58:28.0,2026-02-07T03:36:13.531,"Any[1, 6, 11, 25, 30, 37, 45, 53]",1,53
736,2026-01-28T22:01:53.303,2026-01-31T03:39:38.834,"Any[8, 13, 19, 25, 30, 37, 45, 56, 60]",8,60
333,2026-01-28T22:08:51.0,2026-02-07T03:46:36.531,"Any[8, 13, 19, 25, 30, 37, 45, 56]",8,56
202,2026-01-28T22:14:28.0,2026-02-07T03:52:13.531,"Any[13, 25, 30, 37, 45, 56]",13,56
1461,2026-01-28T22:33:00.0,2026-02-07T04:10:45.531,Any[],45,5
734,2026-01-28T22:55:41.0,2026-02-07T04:33:26.531,"Any[19, 25, 30, 37, 45, 53]",19,53
1257,2026-01-28T22:55:41.0,2026-02-07T04:33:26.531,"Any[19, 25, 30, 37, 45, 53]",19,53
749,2026-01-28T23:07:09.0,2026-02-07T04:44:54.531,"Any[8, 13, 19, 25, 30, 37, 45, 56]",8,56
239,2026-01-28T23:08:43.0,2026-02-07T04:46:28.531,"Any[6, 11, 19, 25, 30, 37, 45]",6,45
781,2026-01-28T23:16:35.0,2026-01-31T04:54:20.531,"Any[53, 45, 37, 30, 25, 19, 11, 6, 1]",53,1
509,2026-01-28T23:29:00.0,2026-01-31T05:06:45.531,"Any[53, 45, 37, 30, 25, 19, 10]",53,10
948,2026-01-28T23:52:35.0,2026-01-31T05:30:20.531,"Any[19, 25, 30, 37, 45, 56]",19,56
209,2026-01-29T00:04:34.0,2026-02-07T05:42:19.531,"Any[19, 25, 30, 37, 45, 53]",19,53
1430,2026-01-29T00:08:00.0,2026-02-07T05:45:45.531,Any[],45,13
710,2026-01-29T00:51:35.897,2026-01-31T06:29:21.428,"Any[53, 45, 37, 30, 25, 19, 13, 8]",53,8
172,2026-01-29T01:25:01.0,2026-01-31T07:02:46.531,"Any[10, 19, 25, 30, 37, 45, 53]",10,53
246,2026-01-29T01:29:08.0,2026-01-31T07:06:53.531,"Any[64, 60, 53, 45, 37, 30, 25, 19, 13, 8]",64,8
205,2026-01-29T01:39:31.0,2026-01-31T07:17:16.531,"Any[53, 45, 37, 30, 25, 19, 11, 6, 1]",53,1
472,2026-01-29T02:05:32.0,2026-02-07T07:43:17.531,"Any[64, 53, 45, 37, 30, 25, 19, 13, 8]",64,8
636,2026-01-29T02:05:32.0,2026-01-31T07:43:17.531,"Any[64, 53, 45, 37, 30, 25, 19, 13, 8]",64,8
585,2026-01-29T02:10:04.0,2026-01-31T07:47:49.531,"Any[10, 19, 25, 30, 37, 45, 53]",10,53
1087,2026-01-29T02:21:35.0,2026-01-31T07:59:20.531,"Any[8, 13, 19, 25, 30, 37, 45, 53, 62]",8,62
1552,2026-01-29T02:21:35.0,2026-01-31T07:59:20.531,"Any[8, 13, 19, 25, 30, 37, 45, 53, 62]",8,62
1553,2026-01-29T02:21:35.0,2026-02-07T07:59:20.531,"Any[8, 13, 19, 25, 30, 37, 45, 53, 62]",8,62
1555,2026-01-29T02:21:35.0,2026-02-07T07:59:20.531,"Any[8, 13, 19, 25, 30, 37, 45, 53, 62]",8,62
847,2026-01-29T02:29:47.0,2026-02-07T08:07:32.531,"Any[64, 60, 53, 45, 37, 30, 25, 19, 11, 6, 1]",64,1
1438,2026-01-29T02:43:00.0,2026-01-31T08:20:45.531,Any[],45,7
996,2026-01-29T05:24:46.0,2026-02-07T11:02:31.531,"Any[19, 30, 37, 45, 56]",19,56
1460,2026-01-29T05:34:00.0,2026-01-31T11:11:45.531,Any[],45,5
419,2026-01-29T05:56:34.0,2026-02-07T11:34:19.531,"Any[60, 56, 45, 37, 30, 25, 19, 11, 6, 1]",60,1
1039,2026-01-29T05:56:34.0,2026-02-07T11:34:19.531,"Any[60, 56, 45, 37, 30, 25, 19, 11, 6, 1]",60,1
1111,2026-01-29T05:56:34.0,2026-02-07T11:34:19.531,"Any[60, 56, 45, 37, 30, 25, 19, 11, 6, 1]",60,1
1201,2026-01-29T06:05:23.0,2026-02-07T11:43:08.531,"Any[1, 6, 11, 19, 25, 30, 37, 45, 56]",1,56
82,2026-01-29T07:33:41.0,2026-01-31T13:11:26.531,"Any[10, 19, 25, 30, 37, 45, 53]",10,53
909,2026-01-29T07:33:41.0,2026-01-31T13:11:26.531,"Any[10, 19, 25, 30, 37, 45, 53]",10,53
692,2026-01-29T07:40:57.0,2026-01-31T13:18:42.531,"Any[56, 45, 37, 30, 25, 19, 10]",56,10
50,2026-01-29T07:47:14.0,2026-02-07T13:24:59.531,"Any[53, 45, 37, 30, 25, 19, 10]",53,10
769,2026-01-29T08:15:43.0,2026-01-31T13:53:28.531,"Any[1, 6, 11, 19, 25, 30, 37, 45, 56]",1,56
1314,2026-01-29T08:23:00.0,2026-02-07T14:00:45.531,Any[],60,7
1439,2026-01-29T08:52:00.0,2026-02-07T14:29:45.531,Any[],45,7
186,2026-01-29T09:04:31.0,2026-02-07T14:42:16.531,"Any[6, 11, 19, 25, 30, 37, 45]",6,45
1331,2026-01-29T09:15:45.0,2026-01-31T14:53:30.531,"Any[56, 45, 37, 30, 25, 19]",56,19
803,2026-01-29T10:00:26.0,2026-02-07T15:38:11.531,"Any[8, 13, 19, 25, 30, 37, 45, 56]",8,56
1093,2026-01-29T10:00:26.0,2026-01-31T15:38:11.531,"Any[8, 13, 19, 25, 30, 37, 45, 56]",8,56
245,2026-01-29T11:04:35.0,2026-02-07T16:42:20.531,"Any[60, 56, 45, 37, 30, 25, 19, 11, 6]",60,6
548,2026-01-29T11:07:22.0,2026-01-31T16:45:07.531,"Any[53, 45, 37, 30, 25, 19, 13, 8]",53,8
561,2026-01-29T11:15:00.0,2026-02-07T16:52:45.531,"Any[7, 8, 13, 19, 25, 30, 37, 45, 53]",7,53
837,2026-01-29T11:15:00.0,2026-01-31T16:52:45.531,"Any[7, 8, 13, 19, 25, 30, 37, 45, 53]",7,53
1251,2026-01-29T11:19:32.0,2026-01-31T16:57:17.531,"Any[6, 11, 19, 25, 30, 37, 45]",6,45
580,2026-01-29T11:45:13.0,2026-01-31T17:22:58.531,"Any[6, 11, 19, 25, 30, 37, 45]",6,45
807,2026-01-29T11:45:13.0,2026-02-07T17:22:58.531,"Any[6, 11, 19, 25, 30, 37, 45]",6,45
1357,2026-01-29T11:51:56.0,2026-02-07T17:29:41.531,"Any[56, 45, 37, 30, 25, 19]",56,19
1250,2026-01-29T11:52:50.0,2026-02-07T17:30:35.531,"Any[53, 45, 37, 30, 25, 19, 13, 8]",53,8
615,2026-01-29T12:49:37.0,2026-02-07T18:27:22.531,"Any[53, 45, 37, 30, 25, 19, 10, 6]",53,6
513,2026-01-29T12:50:09.0,2026-01-31T18:27:54.531,"Any[56, 45, 37, 30, 25]",56,25
251,2026-01-29T12:51:04.884,2026-01-31T18:28:50.415,"Any[64, 60, 56, 45, 37, 30, 25, 19, 13, 8, 7, 8]",64,8
798,2026-01-29T12:59:19.0,2026-02-07T18:37:04.531,"Any[53, 45, 37, 30, 25]",53,25
69,2026-01-29T13:11:52.0,2026-02-07T18:49:37.531,"Any[53, 45, 37, 30, 25, 19, 10]",53,10
595,2026-01-29T13:11:52.0,2026-02-07T18:49:37.531,"Any[53, 45, 37, 30, 25, 19, 10]",53,10
751,2026-01-29T14:01:22.428,2026-02-07T19:39:07.959,"Any[1, 6, 11, 19, 25, 30, 37, 45, 56]",1,56
893,2026-01-29T14:08:08.0,2026-01-31T19:45:53.531,"Any[19, 25, 30, 37, 45, 56]",19,56
157,2026-01-29T14:20:30.0,2026-01-31T19:58:15.531,"Any[6, 11, 19, 25, 30, 37, 45]",6,45
116,2026-01-29T14:49:53.0,2026-01-31T20:27:38.531,"Any[53, 45, 37, 30, 25, 19, 10]",53,10
390,2026-01-29T14:50:48.0,2026-01-31T20:28:33.531,"Any[53, 45, 37, 30, 25]",53,25
457,2026-01-29T14:50:48.0,2026-01-31T20:28:33.531,"Any[53, 45, 37, 30, 25]",53,25
1410,2026-01-29T15:05:02.389,2026-01-31T20:42:47.92,"Any[45, 37, 30, 25, 19]",45,19
1411,2026-01-29T15:05:02.389,2026-01-31T20:42:47.92,"Any[45, 37, 30, 25, 19]",45,19
1422,2026-01-29T15:15:00.0,2026-02-07T20:52:45.531,Any[],45,16
885,2026-01-29T16:08:59.421,2026-02-07T21:46:44.952,"Any[1, 6, 11, 19, 25, 30, 37, 45, 56]",1,56
1569,2026-01-29T16:16:42.0,2026-02-07T21:54:27.531,"Any[1, 6, 11, 19, 25, 30, 37, 45, 56]",1,56
476,2026-01-29T16:29:57.0,2026-02-07T22:07:42.531,"Any[60, 56, 45, 37, 30, 25, 19, 11, 6]",60,6
666,2026-01-29T16:29:57.0,2026-01-31T22:07:42.531,"Any[60, 56, 45, 37, 30, 25, 19, 11, 6]",60,6
1157,2026-01-29T16:30:11.0,2026-02-07T22:07:56.531,"Any[10, 19, 25, 30, 37, 45, 53]",10,53
1098,2026-01-29T16:44:15.0,2026-01-31T22:22:00.531,"Any[53, 45, 37, 30, 25]",53,25
1206,2026-01-29T16:44:24.0,2026-01-31T22:22:09.531,"Any[60, 53, 45, 37, 30, 25, 19, 10]",60,10
1120,2026-01-29T16:45:10.0,2026-02-07T22:22:55.531,"Any[8, 13, 19, 25, 30, 37, 45, 56]",8,56
713,2026-01-29T16:47:32.856,2026-02-07T22:25:18.387,"Any[8, 13, 19, 25, 30, 37, 45, 56]",8,56
87,2026-01-29T16:56:29.0,2026-01-31T22:34:14.531,"Any[53, 45, 37, 30, 25, 19, 10]",53,10
675,2026-01-29T16:56:29.0,2026-02-07T22:34:14.531,"Any[53, 45, 37, 30, 25, 19, 10]",53,10
875,2026-01-29T17:36:59.0,2026-02-07T23:14:44.531,"Any[10, 19, 25, 30, 37, 45, 53]",10,53
812,2026-01-29T17:39:27.0,2026-02-07T23:17:12.531,"Any[8, 13, 19, 25, 30, 37, 45, 56]",8,56
1303,2026-01-29T17:43:00.0,2026-01-31T23:20:45.531,Any[],60,17
1222,2026-01-29T17:47:34.0,2026-01-31T23:25:19.531,"Any[8, 13, 19, 25, 30, 37, 45, 53, 60]",8,60
448,2026-01-29T17:49:15.0,2026-02-07T23:27:00.531,"Any[19, 25, 30, 37, 45, 53, 60]",19,60
968,2026-01-29T17:49:15.0,2026-01-31T23:27:00.531,"Any[19, 25, 30, 37, 45, 53, 60]",19,60
978,2026-01-29T17:53:31.0,2026-01-31T23:31:16.531,"Any[45, 37, 30, 25, 19, 10]",45,10
1174,2026-01-29T17:53:31.0,2026-01-31T23:31:16.531,"Any[45, 37, 30, 25, 19, 10]",45,10
547,2026-01-29T17:58:27.0,2026-01-31T23:36:12.531,"Any[56, 45, 37, 30, 25, 19, 11, 6, 6, 5, 1, 1]",56,6
533,2026-01-29T17:58:29.305,2026-02-07T23:36:14.836,"Any[60, 56, 45, 37, 30, 25, 19, 11, 6]",60,6
633,2026-01-29T17:58:29.305,2026-02-07T23:36:14.836,"Any[60, 56, 45, 37, 30, 25, 19, 11, 6]",60,6
373,2026-01-29T17:59:04.0,2026-01-31T23:36:49.531,"Any[56, 45, 37, 30, 25, 19, 13, 8]",56,8
792,2026-01-29T17:59:04.0,2026-01-31T23:36:49.531,"Any[56, 45, 37, 30, 25, 19, 13, 8]",56,8
1029,2026-01-29T18:03:39.695,2026-02-07T23:41:25.226,"Any[25, 30, 37, 45, 53]",25,53
1547,2026-01-29T18:18:32.0,2026-02-07T23:56:17.531,"Any[19, 25, 30, 37, 45, 56, 60]",19,60
1110,2026-01-29T18:20:46.0,2026-02-07T23:58:31.531,"Any[60, 53, 45, 37, 30, 25, 19, 13, 8]",60,8
133,2026-01-29T18:55:21.0,2026-02-01T00:33:06.531,"Any[7, 8, 13, 19, 25, 30, 37, 45, 53]",7,53
1137,2026-01-29T18:57:02.0,2026-02-01T00:34:47.531,"Any[45, 37, 30, 25, 19, 17, 10]",45,10
1156,2026-01-29T18:57:02.0,2026-02-08T00:34:47.531,"Any[45, 37, 30, 25, 19, 17, 10]",45,10
1463,2026-01-29T19:11:00.0,2026-02-08T00:48:45.531,Any[],45,5
212,2026-01-29T19:13:37.0,2026-02-01T00:51:22.531,"Any[56, 45, 37, 30, 25, 19]",56,19
1334,2026-01-29T19:13:37.0,2026-02-01T00:51:22.531,"Any[56, 45, 37, 30, 25, 19]",56,19
967,2026-01-29T19:35:22.0,2026-02-08T01:13:07.531,"Any[10, 19, 25, 30, 37, 45, 53]",10,53
141,2026-01-29T19:45:22.0,2026-02-01T01:23:07.531,"Any[53, 45, 37, 30, 25, 19, 13, 8]",53,8
776,2026-01-29T19:45:22.0,2026-02-01T01:23:07.531,"Any[53, 45, 37, 30, 25, 19, 13, 8]",53,8
485,2026-01-29T20:13:59.0,2026-02-01T01:51:44.531,"Any[10, 11, 19, 25, 30, 37, 45, 53]",10,53
1400,2026-01-29T20:17:50.0,2026-02-08T01:55:35.531,"Any[53, 45, 37, 30, 25, 19, 13, 8]",53,8
222,2026-01-29T20:43:02.0,2026-02-08T02:20:47.531,"Any[10, 19, 25, 30, 37, 45, 53]",10,53
609,2026-01-29T20:43:21.0,2026-02-08T02:21:06.531,"Any[53, 45, 37, 30, 25, 19, 11, 6, 1]",53,1
427,2026-01-29T20:52:04.0,2026-02-08T02:29:49.531,"Any[6, 11, 19, 25, 30, 37, 45]",6,45
464,2026-01-29T20:57:34.0,2026-02-08T02:35:19.531,"Any[7, 8, 13, 19, 25, 30, 37, 45, 53]",7,53
1153,2026-01-29T21:43:20.0,2026-02-01T03:21:05.531,"Any[10, 19, 25, 30, 37, 45, 53]",10,53
1262,2026-01-29T21:47:03.0,2026-02-01T03:24:48.531,"Any[8, 13, 19, 25, 30, 37, 45, 56]",8,56
588,2026-01-29T22:25:37.0,2026-02-08T04:03:22.531,"Any[10, 19, 25, 30, 37, 45, 53]",10,53
676,2026-01-29T22:40:40.0,2026-02-01T04:18:25.531,"Any[53, 45, 37, 30, 25, 19, 11, 6, 1]",53,1
768,2026-01-29T22:58:28.0,2026-02-08T04:36:13.531,"Any[53, 45, 37, 30, 25, 19, 10]",53,10
1424,2026-01-29T23:12:00.0,2026-02-01T04:49:45.531,Any[],45,16
483,2026-01-29T23:36:38.0,2026-02-01T05:14:23.531,"Any[53, 45, 37, 30, 25]",53,25
810,2026-01-29T23:36:38.0,2026-02-01T05:14:23.531,"Any[53, 45, 37, 30, 25]",53,25
1234,2026-01-29T23:40:21.0,2026-02-08T05:18:06.531,"Any[8, 13, 19, 25, 30, 37, 45]",8,45
101,2026-01-29T23:46:38.0,2026-02-08T05:24:23.531,"Any[53, 45, 37, 30, 25, 19, 13, 8]",53,8
853,2026-01-29T23:53:53.467,2026-02-08T05:31:38.998,"Any[8, 13, 19, 25, 30, 37, 45, 56]",8,56
1097,2026-01-29T23:53:53.467,2026-02-01T05:31:38.998,"Any[8, 13, 19, 25, 30, 37, 45, 56]",8,56
279,2026-01-30T00:18:04.0,2026-02-01T05:55:49.531,"Any[53, 45, 37, 30, 25, 19, 11, 6, 1]",53,1
41,2026-01-30T00:53:45.0,2026-02-01T06:31:30.531,"Any[53, 45, 37, 30, 25, 19, 10]",53,10
85,2026-01-30T01:11:54.0,2026-02-01T06:49:39.531,"Any[64, 60, 53, 45, 37, 30, 25, 19, 13, 8]",64,8
1040,2026-01-30T01:13:47.0,2026-02-01T06:51:32.531,"Any[6, 11, 25, 30, 37, 45, 53]",6,53
1225,2026-01-30T01:16:37.0,2026-02-01T06:54:22.531,"Any[8, 13, 19, 25, 30, 37, 45, 56]",8,56
980,2026-01-30T01:23:51.0,2026-02-08T07:01:36.531,"Any[53, 45, 37, 30, 25, 19, 13, 8]",53,8
64,2026-01-30T01:27:44.842,2026-02-08T07:05:30.373,"Any[53, 45, 37, 30, 25, 19, 11, 6, 1]",53,1
1259,2026-01-30T01:29:29.0,2026-02-01T07:07:14.531,"Any[53, 45, 37, 30, 25, 19, 10]",53,10
594,2026-01-30T01:35:40.0,2026-02-08T07:13:25.531,"Any[16, 25, 30, 37, 45, 53]",16,53
1159,2026-01-30T02:17:45.0,2026-02-01T07:55:30.531,"Any[53, 45, 37, 30, 25, 19, 11, 10, 11, 6, 1]",53,1
121,2026-01-30T03:34:11.0,2026-02-08T09:11:56.531,"Any[60, 56, 45, 37, 30, 25, 19, 11, 6]",60,6
215,2026-01-30T03:34:11.0,2026-02-08T09:11:56.531,"Any[60, 56, 45, 37, 30, 25, 19, 11, 6]",60,6
970,2026-01-30T03:48:37.0,2026-02-08T09:26:22.531,"Any[56, 45, 37, 30, 25, 19, 10]",56,10
1240,2026-01-30T04:54:43.0,2026-02-01T10:32:28.531,"Any[60, 53, 45, 37, 30, 25, 19, 10]",60,10
1226,2026-01-30T06:00:15.0,2026-02-08T11:38:00.531,"Any[8, 13, 19, 25, 30, 37, 45, 56]",8,56
473,2026-01-30T06:53:33.0,2026-02-01T12:31:18.531,"Any[53, 45, 37, 30, 25]",53,25
370,2026-01-30T06:58:28.0,2026-02-01T12:36:13.531,"Any[1, 6, 11, 19, 25, 30, 37, 45, 56]",1,56
938,2026-01-30T06:58:28.0,2026-02-01T12:36:13.531,"Any[1, 6, 11, 19, 25, 30, 37, 45, 56]",1,56
550,2026-01-30T07:15:26.0,2026-02-08T12:53:11.531,"Any[53, 45, 37, 30, 25, 19, 11, 6, 5]",53,5
702,2026-01-30T07:50:18.0,2026-02-08T13:28:03.531,"Any[14, 19, 25, 30, 37, 45, 53]",14,53
469,2026-01-30T08:08:21.619,2026-02-01T13:46:07.15,"Any[53, 45, 37, 30, 25, 19, 13, 8]",53,8
1028,2026-01-30T08:30:22.0,2026-02-01T14:08:07.531,"Any[54, 44, 36, 23, 19, 11, 6]",54,6
1068,2026-01-30T08:41:02.0,2026-02-01T14:18:47.531,"Any[6, 11, 16, 25, 30, 37, 45]",6,45
1091,2026-01-30T08:41:02.0,2026-02-08T14:18:47.531,"Any[6, 11, 16, 25, 30, 37, 45]",6,45
1511,2026-01-30T08:41:57.0,2026-02-01T14:19:42.531,"Any[25, 30, 37, 45, 56, 60]",25,60
1532,2026-01-30T08:41:57.0,2026-02-01T14:19:42.531,"Any[25, 30, 37, 45, 56, 60]",25,60
868,2026-01-30T08:43:41.0,2026-02-01T14:21:26.531,"Any[6, 11, 25, 30, 37, 45]",6,45
137,2026-01-30T08:57:41.0,2026-02-01T14:35:26.531,"Any[53, 45, 37, 30, 25, 19, 11, 6, 1]",53,1
647,2026-01-30T09:05:09.0,2026-02-01T14:42:54.531,"Any[56, 45, 37, 30, 25]",56,25
772,2026-01-30T09:09:43.0,2026-02-01T14:47:28.531,"Any[1, 6, 11, 19, 25, 30, 37, 45, 56]",1,56
582,2026-01-30T09:34:19.0,2026-02-01T15:12:04.531,"Any[60, 56, 45, 37, 30, 25, 19, 13, 8]",60,8
960,2026-01-30T09:58:14.601,2026-02-01T15:36:00.132,"Any[53, 45, 37, 30, 25, 19, 10]",53,10
12,2026-01-30T10:17:32.0,2026-02-01T15:55:17.531,"Any[53, 45, 37, 30, 25, 19]",53,19
730,2026-01-30T10:32:09.0,2026-02-01T16:09:54.531,"Any[19, 25, 30, 37, 45, 53]",19,53
1217,2026-01-30T10:37:01.0,2026-02-01T16:14:46.531,"Any[53, 45, 37, 30, 25, 19, 10]",53,10
168,2026-01-30T10:51:57.0,2026-02-01T16:29:42.531,"Any[1, 6, 11, 19, 25, 30, 37, 45, 56]",1,56
401,2026-01-30T10:51:57.0,2026-02-08T16:29:42.531,"Any[1, 6, 11, 19, 25, 30, 37, 45, 56]",1,56
895,2026-01-30T10:51:57.0,2026-02-01T16:29:42.531,"Any[1, 6, 11, 19, 25, 30, 37, 45, 56]",1,56
336,2026-01-30T11:24:58.0,2026-02-01T17:02:43.531,"Any[6, 11, 19, 25, 30, 37, 45]",6,45
800,2026-01-30T11:24:58.0,2026-02-01T17:02:43.531,"Any[6, 11, 19, 25, 30, 37, 45]",6,45
1161,2026-01-30T11:24:58.0,2026-02-08T17:02:43.531,"Any[6, 11, 19, 25, 30, 37, 45]",6,45
1163,2026-01-30T12:16:28.0,2026-02-08T17:54:13.531,"Any[1, 6, 11, 19, 25, 30, 37, 45, 56]",1,56
649,2026-01-30T12:16:39.888,2026-02-08T17:54:25.419,"Any[8, 13, 19, 25, 30, 37, 45, 56]",8,56
579,2026-01-30T12:18:10.0,2026-02-08T17:55:55.531,"Any[53, 45, 37, 30, 25, 19, 10]",53,10
98,2026-01-30T12:20:11.0,2026-02-08T17:57:56.531,"Any[6, 11, 19, 25, 30, 37, 45, 56]",6,56
1520,2026-01-30T12:26:18.0,2026-02-01T18:04:03.531,"Any[25, 30, 37, 45, 56, 60]",25,60
771,2026-01-30T12:34:55.0,2026-02-01T18:12:40.531,"Any[53, 45, 37, 30, 25, 19, 10]",53,10
962,2026-01-30T12:34:55.0,2026-02-01T18:12:40.531,"Any[53, 45, 37, 30, 25, 19, 10]",53,10
38,2026-01-30T13:02:23.023,2026-02-08T18:40:08.554,"Any[53, 45, 37, 30, 25, 19, 11, 6, 1]",53,1
930,2026-01-30T13:02:58.0,2026-02-08T18:40:43.531,"Any[8, 13, 19, 25, 30, 37, 45, 56]",8,56
1283,2026-01-30T13:15:48.794,2026-02-01T18:53:34.325,"Any[10, 19, 25, 30, 37, 45, 53]",10,53
1061,2026-01-30T13:41:24.0,2026-02-08T19:19:09.531,"Any[45, 37, 30, 25, 19, 10]",45,10
1147,2026-01-30T13:55:00.0,2026-02-08T19:32:45.531,"Any[8, 7, 8, 13, 19, 25, 30, 37, 45]",8,45
1407,2026-01-30T14:06:06.0,2026-02-08T19:43:51.531,"Any[45, 37, 30, 25]",45,25
1082,2026-01-30T14:31:44.481,2026-02-01T20:09:30.012,"Any[6, 10, 19, 25, 30, 37, 45, 56]",6,56
143,2026-01-30T14:34:06.0,2026-02-01T20:11:51.531,"Any[3, 10, 19, 25, 30, 37, 45, 53]",3,53
541,2026-01-30T15:08:15.0,2026-02-08T20:46:00.531,"Any[60, 53, 45, 37, 30, 25, 19, 11, 6, 1]",60,1
498,2026-01-30T15:25:33.0,2026-02-08T21:03:18.531,"Any[13, 19, 25, 30, 37, 45, 56]",13,56
318,2026-01-30T15:32:35.0,2026-02-01T21:10:20.531,"Any[10, 19, 25, 30, 37, 45, 53]",10,53
566,2026-01-30T15:40:00.0,2026-02-08T21:17:45.531,"Any[17, 16, 17, 25, 30, 37, 45, 53]",17,53
28,2026-01-30T15:49:04.0,2026-02-01T21:26:49.531,"Any[6, 11, 16, 25, 30, 37, 45]",6,45
951,2026-01-30T15:49:04.0,2026-02-01T21:26:49.531,"Any[6, 11, 16, 25, 30, 37, 45]",6,45
360,2026-01-30T16:22:38.68,2026-02-01T22:00:24.211,"Any[6, 11, 19, 25, 30, 37, 45, 56]",6,56
1140,2026-01-30T16:22:38.68,2026-02-08T22:00:24.211,"Any[6, 11, 19, 25, 30, 37, 45, 56]",6,56
58,2026-01-30T16:28:34.0,2026-02-08T22:06:19.531,"Any[1, 6, 11, 19, 25, 30, 37, 45, 56]",1,56
418,2026-01-30T16:28:40.0,2026-02-01T22:06:25.531,"Any[53, 45, 37, 30, 25, 19, 10]",53,10
59,2026-01-30T16:47:10.0,2026-02-01T22:24:55.531,"Any[56, 45, 37, 30, 25, 19, 14]",56,14
387,2026-01-30T16:47:10.0,2026-02-01T22:24:55.531,"Any[56, 45, 37, 30, 25, 19, 14]",56,14
1409,2026-01-30T17:20:09.23,2026-02-01T22:57:54.761,"Any[45, 37, 30, 25, 19]",45,19
1414,2026-01-30T17:20:09.23,2026-02-01T22:57:54.761,"Any[45, 37, 30, 25, 19]",45,19
1597,2026-01-30T17:29:00.0,2026-02-08T23:06:45.531,Any[],10,64
1429,2026-01-30T17:33:00.0,2026-02-01T23:10:45.531,Any[],45,13
278,2026-01-30T17:40:11.0,2026-02-08T23:17:56.531,"Any[8, 13, 19, 25, 37, 45, 56]",8,56
917,2026-01-30T17:40:11.0,2026-02-08T23:17:56.531,"Any[8, 13, 19, 25, 37, 45, 56]",8,56
801,2026-01-30T17:41:52.886,2026-02-08T23:19:38.417,"Any[20, 19, 25, 30, 37, 45, 56]",20,56
983,2026-01-30T17:41:52.886,2026-02-08T23:19:38.417,"Any[20, 19, 25, 30, 37, 45, 56]",20,56
321,2026-01-30T18:05:22.0,2026-02-08T23:43:07.531,"Any[8, 13, 19, 25, 30, 37, 45, 53]",8,53
955,2026-01-30T18:58:14.0,2026-02-02T00:35:59.531,"Any[19, 25, 30, 37, 45, 53]",19,53
117,2026-01-30T19:44:16.0,2026-02-02T01:22:01.531,"Any[53, 45, 37, 30, 25, 19, 13, 8]",53,8
488,2026-01-30T20:01:06.0,2026-02-02T01:38:51.531,"Any[1, 6, 11, 19, 25, 30, 37, 45, 56]",1,56
45,2026-01-30T20:15:30.0,2026-02-02T01:53:15.531,"Any[53, 45, 37, 30, 25, 19, 13, 8]",53,8
774,2026-01-30T20:15:30.0,2026-02-02T01:53:15.531,"Any[53, 45, 37, 30, 25, 19, 13, 8]",53,8
104,2026-01-30T21:03:18.164,2026-02-09T02:41:03.695,"Any[1, 6, 11, 19, 23, 36, 44, 54, 60]",1,60
1568,2026-01-30T21:03:18.164,2026-02-09T02:41:03.695,"Any[1, 6, 11, 19, 23, 36, 44, 54, 60]",1,60
1224,2026-01-30T21:45:26.0,2026-02-02T03:23:11.531,"Any[1, 6, 11, 16, 25, 30, 37, 45, 56, 60]",1,60
757,2026-01-30T21:51:04.0,2026-02-09T03:28:49.531,"Any[20, 19, 25, 30, 37, 45, 53]",20,53
1386,2026-01-30T23:13:23.0,2026-02-02T04:51:08.531,"Any[56, 45, 37, 30, 25, 19, 11, 6]",56,6
188,2026-01-30T23:15:08.0,2026-02-02T04:52:53.531,"Any[10, 19, 25, 30, 37, 45, 53]",10,53
345,2026-01-30T23:15:08.0,2026-02-02T04:52:53.531,"Any[10, 19, 25, 30, 37, 45, 53]",10,53
317,2026-01-30T23:28:25.0,2026-02-02T05:06:10.531,"Any[53, 45, 37, 30, 25, 19, 10]",53,10
486,2026-01-31T00:11:59.0,2026-02-02T05:49:44.531,"Any[6, 11, 19, 25, 30, 37, 45]",6,45
164,2026-01-31T00:20:53.0,2026-02-02T05:58:38.531,"Any[1, 6, 11, 19, 25, 30, 37, 45, 53, 60]",1,60
553,2026-01-31T00:20:53.0,2026-02-02T05:58:38.531,"Any[1, 6, 11, 19, 25, 30, 37, 45, 53, 60]",1,60
1563,2026-01-31T00:20:53.0,2026-02-09T05:58:38.531,"Any[1, 6, 11, 19, 25, 30, 37, 45, 53, 60]",1,60
299,2026-01-31T00:25:49.0,2026-02-02T06:03:34.531,"Any[19, 25, 30, 37, 45, 53]",19,53
782,2026-01-31T00:35:56.0,2026-02-09T06:13:41.531,"Any[8, 13, 19, 25, 30, 37, 45, 56]",8,56
130,2026-01-31T00:48:13.0,2026-02-02T06:25:58.531,"Any[60, 53, 45, 37, 30, 25, 19, 10]",60,10
439,2026-01-31T01:15:33.0,2026-02-09T06:53:18.531,"Any[8, 13, 19, 25, 30, 37, 45, 56]",8,56
1121,2026-01-31T01:15:33.0,2026-02-09T06:53:18.531,"Any[8, 13, 19, 25, 30, 37, 45, 56]",8,56
522,2026-01-31T01:16:58.81,2026-02-02T06:54:44.341,"Any[56, 45, 37, 30, 25, 19, 10, 6]",56,6
1177,2026-01-31T01:21:15.0,2026-02-02T06:59:00.531,"Any[1, 6, 11, 19, 25, 30, 37, 45, 53, 60]",1,60
312,2026-01-31T01:41:54.0,2026-02-02T07:19:39.531,"Any[7, 8, 13, 19, 25, 30, 37, 45, 53]",7,53
67,2026-01-31T01:44:58.0,2026-02-02T07:22:43.531,"Any[60, 56, 45, 37, 30, 25, 19, 13, 19, 13, 8]",60,8
1101,2026-01-31T01:44:58.0,2026-02-09T07:22:43.531,"Any[60, 56, 45, 37, 30, 25, 19, 13, 19, 13, 8]",60,8
897,2026-01-31T02:46:14.0,2026-02-02T08:23:59.531,"Any[8, 13, 19, 25, 30, 37, 45, 53, 56]",8,56
1034,2026-01-31T02:46:14.0,2026-02-09T08:23:59.531,"Any[8, 13, 19, 25, 30, 37, 45, 53, 56]",8,56
102,2026-01-31T02:53:04.0,2026-02-02T08:30:49.531,"Any[3, 10, 19, 25, 30, 37, 45, 53]",3,53
1420,2026-01-31T03:16:00.0,2026-02-02T08:53:45.531,Any[],45,16
985,2026-01-31T03:19:08.0,2026-02-02T08:56:53.531,"Any[10, 19, 25, 30, 37, 45, 53, 60]",10,60
1419,2026-01-31T03:24:00.0,2026-02-02T09:01:45.531,Any[],45,17
1006,2026-01-31T03:52:22.0,2026-02-02T09:30:07.531,"Any[53, 45, 37, 30, 25, 19]",53,19
1146,2026-01-31T03:59:42.0,2026-02-09T09:37:27.531,"Any[17, 16, 17, 25, 30, 37, 45, 53]",17,53
1189,2026-01-31T04:51:10.0,2026-02-09T10:28:55.531,"Any[56, 45, 37, 30, 25]",56,25
308,2026-01-31T04:59:16.0,2026-02-02T10:37:01.531,"Any[60, 56, 45, 37, 30, 25, 19, 11, 6]",60,6
1092,2026-01-31T05:43:02.165,2026-02-02T11:20:47.696,"Any[6, 11, 25, 30, 37, 45, 53]",6,53
455,2026-01-31T06:22:40.0,2026-02-09T12:00:25.531,"Any[53, 45, 37, 30, 25, 19, 10]",53,10
1181,2026-01-31T06:46:35.0,2026-02-09T12:24:20.531,"Any[64, 60, 53, 45, 37, 30, 25, 19, 13, 8]",64,8
192,2026-01-31T07:02:02.0,2026-02-09T12:39:47.531,"Any[53, 45, 37, 30, 25]",53,25
99,2026-01-31T07:41:58.0,2026-02-02T13:19:43.531,"Any[64, 60, 53, 45, 37, 30, 25, 19, 11, 6, 1]",64,1
119,2026-01-31T07:41:58.0,2026-02-09T13:19:43.531,"Any[64, 60, 53, 45, 37, 30, 25, 19, 11, 6, 1]",64,1
944,2026-01-31T07:41:58.0,2026-02-09T13:19:43.531,"Any[64, 60, 53, 45, 37, 30, 25, 19, 11, 6, 1]",64,1
1431,2026-01-31T07:42:00.0,2026-02-09T13:19:45.531,Any[],45,13
493,2026-01-31T07:50:28.0,2026-02-02T13:28:13.531,"Any[8, 13, 19, 25, 30, 37, 45, 53, 60, 64]",8,64
326,2026-01-31T08:08:13.0,2026-02-09T13:45:58.531,"Any[56, 45, 37, 30, 25, 19, 13, 8]",56,8
1017,2026-01-31T08:08:13.0,2026-02-02T13:45:58.531,"Any[56, 45, 37, 30, 25, 19, 13, 8]",56,8
265,2026-01-31T08:10:53.255,2026-02-02T13:48:38.786,"Any[60, 53, 45, 37, 30, 25, 19, 10]",60,10
409,2026-01-31T08:22:59.0,2026-02-09T14:00:44.531,"Any[3, 10, 19, 25, 30, 37, 45, 53]",3,53
700,2026-01-31T08:38:37.0,2026-02-09T14:16:22.531,"Any[8, 13, 19, 25, 30, 37, 45, 56]",8,56
836,2026-01-31T08:38:37.0,2026-02-09T14:16:22.531,"Any[8, 13, 19, 25, 30, 37, 45, 56]",8,56
1075,2026-01-31T09:14:47.0,2026-02-09T14:52:32.531,"Any[53, 45, 37, 30, 25, 19, 10]",53,10
628,2026-01-31T09:29:56.0,2026-02-09T15:07:41.531,"Any[64, 53, 45, 37, 30, 25, 19, 13, 8]",64,8
1219,2026-01-31T09:31:56.0,2026-02-09T15:09:41.531,"Any[53, 45, 37, 30, 25, 19, 10]",53,10
957,2026-01-31T09:47:56.0,2026-02-02T15:25:41.531,"Any[1, 6, 11, 19, 25, 30, 37, 45, 56]",1,56
664,2026-01-31T10:08:10.0,2026-02-09T15:45:55.531,"Any[1, 6, 11, 19, 25, 30, 37, 45, 53, 60, 64]",1,64
29,2026-01-31T10:13:18.0,2026-02-02T15:51:03.531,"Any[6, 11, 19, 25, 30, 37, 45, 56]",6,56
545,2026-01-31T10:50:53.0,2026-02-02T16:28:38.531,"Any[62, 53, 45, 37, 30, 25, 19, 13, 8]",62,8
242,2026-01-31T11:18:38.0,2026-02-09T16:56:23.531,"Any[53, 45, 37, 30, 25, 19, 10]",53,10
883,2026-01-31T11:32:05.0,2026-02-09T17:09:50.531,"Any[60, 53, 45, 37, 30, 25, 19, 10]",60,10
540,2026-01-31T11:38:18.0,2026-02-09T17:16:03.531,"Any[8, 13, 19, 25, 30, 37, 45, 56]",8,56
424,2026-01-31T12:04:48.0,2026-02-09T17:42:33.531,"Any[53, 45, 37, 30, 25, 19, 10]",53,10
558,2026-01-31T12:04:48.0,2026-02-02T17:42:33.531,"Any[53, 45, 37, 30, 25, 19, 10]",53,10
252,2026-01-31T12:12:18.0,2026-02-02T17:50:03.531,"Any[64, 60, 53, 45, 37, 30, 25, 19, 11, 6, 1]",64,1
361,2026-01-31T12:12:18.0,2026-02-02T17:50:03.531,"Any[64, 60, 53, 45, 37, 30, 25, 19, 11, 6, 1]",64,1
200,2026-01-31T12:20:45.0,2026-02-02T17:58:30.531,"Any[10, 19, 25, 30, 37, 45, 53, 60]",10,60
1587,2026-01-31T12:24:00.0,2026-02-02T18:01:45.531,Any[],10,64
55,2026-01-31T12:52:54.0,2026-02-09T18:30:39.531,"Any[6, 11, 19, 25, 30, 37, 45]",6,45
695,2026-01-31T12:52:54.0,2026-02-02T18:30:39.531,"Any[6, 11, 19, 25, 30, 37, 45]",6,45
861,2026-01-31T12:52:54.0,2026-02-09T18:30:39.531,"Any[6, 11, 19, 25, 30, 37, 45]",6,45
578,2026-01-31T13:10:57.0,2026-02-09T18:48:42.531,"Any[10, 19, 25, 30, 37, 45, 53]",10,53
969,2026-01-31T13:20:43.874,2026-02-09T18:58:29.405,"Any[53, 45, 37, 30, 25, 19, 13, 8]",53,8
65,2026-01-31T13:21:28.0,2026-02-02T18:59:13.531,"Any[8, 13, 19, 25, 30, 37, 45, 53]",8,53
195,2026-01-31T13:24:59.611,2026-02-09T19:02:45.142,"Any[1, 6, 11, 19, 25, 30, 37, 45, 56]",1,56
910,2026-01-31T13:26:43.0,2026-02-02T19:04:28.531,"Any[60, 56, 45, 37, 30, 25, 19, 11, 10, 3]",60,3
848,2026-01-31T13:48:30.0,2026-02-09T19:26:15.531,"Any[56, 45, 37, 30, 25, 19, 10]",56,10
524,2026-01-31T14:10:14.0,2026-02-09T19:47:59.531,"Any[56, 45, 37, 30, 25, 19, 11, 6, 1]",56,1
1238,2026-01-31T14:24:18.0,2026-02-02T20:02:03.531,"Any[19, 25, 30, 37, 45, 53, 60]",19,60
1550,2026-01-31T14:24:18.0,2026-02-09T20:02:03.531,"Any[19, 25, 30, 37, 45, 53, 60]",19,60
406,2026-01-31T15:11:23.329,2026-02-09T20:49:08.86,"Any[45, 37, 30, 25, 19, 13, 8]",45,8
1081,2026-01-31T15:11:50.0,2026-02-09T20:49:35.531,"Any[10, 19, 25, 30, 37, 45, 53]",10,53
1069,2026-01-31T15:15:07.066,2026-02-09T20:52:52.597,"Any[64, 60, 53, 45, 37, 30, 25, 19, 13, 8]",64,8
210,2026-01-31T15:28:00.539,2026-02-09T21:05:46.07,"Any[1, 6, 11, 16, 25, 30, 37, 45, 56]",1,56
383,2026-01-31T15:58:54.0,2026-02-09T21:36:39.531,"Any[19, 25, 30, 37, 45, 53]",19,53
557,2026-01-31T16:15:39.0,2026-02-02T21:53:24.531,"Any[6, 11, 19, 25, 30, 37, 45]",6,45
614,2026-01-31T16:15:39.0,2026-02-02T21:53:24.531,"Any[6, 11, 19, 25, 30, 37, 45]",6,45
1319,2026-01-31T16:21:00.0,2026-02-09T21:58:45.531,Any[],60,7
1114,2026-01-31T17:09:12.0,2026-02-09T22:46:57.531,"Any[6, 11, 19, 25, 30, 37, 45, 56]",6,56
1286,2026-01-31T17:09:17.0,2026-02-02T22:47:02.531,"Any[6, 11, 19, 25, 30, 37, 45, 56]",6,56
888,2026-01-31T18:04:35.764,2026-02-09T23:42:21.295,"Any[1, 6, 11, 19, 25, 30, 37, 45, 56]",1,56
898,2026-01-31T18:04:35.764,2026-02-02T23:42:21.295,"Any[1, 6, 11, 19, 25, 30, 37, 45, 56]",1,56
817,2026-01-31T18:22:32.0,2026-02-03T00:00:17.531,"Any[56, 45, 37, 30, 25, 19]",56,19
1347,2026-01-31T18:22:32.0,2026-02-10T00:00:17.531,"Any[56, 45, 37, 30, 25, 19]",56,19
1335,2026-01-31T18:32:54.0,2026-02-03T00:10:39.531,"Any[56, 45, 37, 30, 25, 19]",56,19
1339,2026-01-31T18:32:54.0,2026-02-10T00:10:39.531,"Any[56, 45, 37, 30, 25, 19]",56,19
1356,2026-01-31T18:32:54.0,2026-02-10T00:10:39.531,"Any[56, 45, 37, 30, 25, 19]",56,19
1340,2026-01-31T18:35:00.0,2026-02-10T00:12:45.531,"Any[56, 45, 37, 30, 25, 19]",56,19
1346,2026-01-31T18:35:00.0,2026-02-10T00:12:45.531,"Any[56, 45, 37, 30, 25, 19]",56,19
1352,2026-01-31T18:35:00.0,2026-02-03T00:12:45.531,"Any[56, 45, 37, 30, 25, 19]",56,19
292,2026-01-31T18:43:38.0,2026-02-03T00:21:23.531,"Any[56, 45, 37, 30, 25]",56,25
74,2026-01-31T19:01:16.862,2026-02-10T00:39:02.393,"Any[53, 45, 37, 30, 25, 19, 10]",53,10
1441,2026-01-31T19:02:00.0,2026-02-03T00:39:45.531,Any[],45,7
1457,2026-01-31T19:12:00.0,2026-02-10T00:49:45.531,Any[],45,3
596,2026-01-31T19:17:24.0,2026-02-03T00:55:09.531,"Any[8, 13, 19, 25, 30, 37, 45, 56]",8,56
1186,2026-01-31T19:17:24.0,2026-02-10T00:55:09.531,"Any[8, 13, 19, 25, 30, 37, 45, 56]",8,56
1086,2026-01-31T19:19:52.0,2026-02-03T00:57:37.531,"Any[13, 19, 25, 30, 37, 45, 56]",13,56
362,2026-01-31T19:29:47.0,2026-02-10T01:07:32.531,"Any[1, 6, 11, 19, 25, 30, 37, 45, 53]",1,53
145,2026-01-31T19:48:50.0,2026-02-03T01:26:35.531,"Any[53, 45, 37, 30, 25, 19, 11, 6, 1]",53,1
1193,2026-01-31T19:57:20.0,2026-02-03T01:35:05.531,"Any[53, 45, 37, 30, 25, 19, 10]",53,10
755,2026-01-31T20:01:33.854,2026-02-03T01:39:19.385,"Any[56, 45, 37, 30, 25, 19, 10]",56,10
945,2026-01-31T20:02:17.0,2026-02-10T01:40:02.531,"Any[8, 13, 19, 25, 30, 37, 45, 56]",8,56
281,2026-01-31T20:02:17.176,2026-02-10T01:40:02.707,"Any[53, 45, 37, 30, 25, 19, 13, 8]",53,8
315,2026-01-31T20:02:23.835,2026-02-03T01:40:09.366,"Any[56, 45, 37, 30, 25, 19, 10]",56,10
795,2026-01-31T20:05:13.0,2026-02-10T01:42:58.531,"Any[53, 45, 37, 30, 25, 19, 13, 8]",53,8
314,2026-01-31T20:14:27.0,2026-02-10T01:52:12.531,"Any[10, 19, 25, 30, 37, 45, 53]",10,53
1321,2026-01-31T20:15:36.0,2026-02-10T01:53:21.531,"Any[60, 54, 44, 36, 31, 27, 21, 9]",60,9
1323,2026-01-31T20:15:36.0,2026-02-03T01:53:21.531,"Any[60, 54, 44, 36, 31, 27, 21, 9]",60,9
24,2026-01-31T20:18:04.0,2026-02-03T01:55:49.531,"Any[3, 10, 19, 25, 30, 37, 45, 53]",3,53
975,2026-01-31T20:18:04.0,2026-02-03T01:55:49.531,"Any[3, 10, 19, 25, 30, 37, 45, 53]",3,53
112,2026-01-31T20:22:11.0,2026-02-10T01:59:56.531,"Any[16, 17, 25, 30, 37, 45, 53]",16,53
501,2026-01-31T20:22:11.0,2026-02-03T01:59:56.531,"Any[16, 17, 25, 30, 37, 45, 53]",16,53
857,2026-01-31T20:22:11.0,2026-02-10T01:59:56.531,"Any[16, 17, 25, 30, 37, 45, 53]",16,53
827,2026-01-31T20:31:48.0,2026-02-10T02:09:33.531,"Any[1, 6, 11, 19, 25, 30, 37, 45, 56]",1,56
1115,2026-01-31T20:31:48.0,2026-02-03T02:09:33.531,"Any[1, 6, 11, 19, 25, 30, 37, 45, 56]",1,56
597,2026-01-31T20:37:22.0,2026-02-03T02:15:07.531,"Any[53, 45, 37, 30, 25, 19, 11, 6, 1]",53,1
1242,2026-01-31T20:43:42.0,2026-02-10T02:21:27.531,"Any[10, 19, 25, 30, 37, 45, 53]",10,53
162,2026-01-31T20:45:41.351,2026-02-10T02:23:26.882,"Any[53, 45, 37, 30, 25, 19, 10]",53,10
328,2026-01-31T20:48:21.0,2026-02-03T02:26:06.531,"Any[1, 6, 11, 19, 25, 30, 37, 45, 56]",1,56
1571,2026-01-31T20:48:21.0,2026-02-10T02:26:06.531,"Any[1, 6, 11, 19, 25, 30, 37, 45, 56]",1,56
395,2026-01-31T22:06:55.0,2026-02-03T03:44:40.531,"Any[10, 19, 25, 30, 37, 45, 53]",10,53
652,2026-01-31T22:16:35.0,2026-02-10T03:54:20.531,"Any[8, 13, 19, 25, 30, 37, 45, 56]",8,56
665,2026-01-31T22:44:19.0,2026-02-03T04:22:04.531,"Any[7, 8, 13, 19, 25, 30, 37, 45, 53]",7,53
789,2026-01-31T23:07:24.192,2026-02-03T04:45:09.723,"Any[8, 13, 19, 25, 30, 37, 45, 56]",8,56
354,2026-01-31T23:07:37.0,2026-02-03T04:45:22.531,"Any[25, 30, 37, 45, 56]",25,56
683,2026-01-31T23:07:37.0,2026-02-10T04:45:22.531,"Any[25, 30, 37, 45, 56]",25,56
40,2026-01-31T23:37:13.0,2026-02-10T05:14:58.531,"Any[8, 13, 19, 25, 30, 37, 45, 56]",8,56
329,2026-01-31T23:37:13.0,2026-02-03T05:14:58.531,"Any[8, 13, 19, 25, 30, 37, 45, 56]",8,56
750,2026-01-31T23:43:51.0,2026-02-10T05:21:36.531,"Any[1, 6, 11, 19, 23, 36, 44, 54, 60]",1,60
4,2026-01-31T23:56:38.0,2026-02-03T05:34:23.531,"Any[19, 25, 30, 37, 45, 53]",19,53
635,2026-02-01T00:00:33.0,2026-02-03T05:38:18.531,"Any[53, 45, 37, 30, 25, 19, 10]",53,10
661,2026-02-01T00:14:33.0,2026-02-03T05:52:18.531,"Any[53, 45, 37, 30, 25, 19, 13, 8]",53,8
862,2026-02-01T00:14:33.0,2026-02-10T05:52:18.531,"Any[53, 45, 37, 30, 25, 19, 13, 8]",53,8
1453,2026-02-01T00:19:00.0,2026-02-10T05:56:45.531,Any[],45,3
1239,2026-02-01T01:19:49.0,2026-02-03T06:57:34.531,"Any[53, 45, 37, 30, 25]",53,25
1274,2026-02-01T01:19:49.0,2026-02-10T06:57:34.531,"Any[53, 45, 37, 30, 25]",53,25
1578,2026-02-01T01:54:00.0,2026-02-03T07:31:45.531,Any[],10,64
604,2026-02-01T01:57:39.0,2026-02-03T07:35:24.531,"Any[19, 25, 30, 37, 45, 56]",19,56
867,2026-02-01T01:58:30.0,2026-02-10T07:36:15.531,"Any[53, 45, 37, 30, 25, 19, 11, 6, 1]",53,1
113,2026-02-01T02:00:09.515,2026-02-10T07:37:55.046,"Any[53, 45, 37, 30, 25, 19, 11, 6]",53,6
829,2026-02-01T02:03:23.0,2026-02-03T07:41:08.531,"Any[8, 13, 19, 25, 30, 37, 45, 53]",8,53
639,2026-02-01T04:35:01.0,2026-02-03T10:12:46.531,"Any[53, 45, 37, 30, 25, 19, 13, 8]",53,8
52,2026-02-01T05:27:12.0,2026-02-10T11:04:57.531,"Any[53, 45, 37, 30, 25]",53,25
1128,2026-02-01T05:39:54.0,2026-02-03T11:17:39.531,"Any[56, 45, 37, 30, 25]",56,25
804,2026-02-01T05:49:45.0,2026-02-10T11:27:30.531,"Any[17, 25, 30, 37, 45, 53]",17,53
927,2026-02-01T05:49:45.0,2026-02-03T11:27:30.531,"Any[17, 25, 30, 37, 45, 53]",17,53
346,2026-02-01T06:03:40.0,2026-02-03T11:41:25.531,"Any[64, 53, 45, 37, 30, 25, 19, 11, 6, 1]",64,1
648,2026-02-01T06:03:40.0,2026-02-10T11:41:25.531,"Any[64, 53, 45, 37, 30, 25, 19, 11, 6, 1]",64,1
1063,2026-02-01T07:01:47.0,2026-02-10T12:39:32.531,"Any[64, 60, 53, 45, 37, 30, 25, 19, 11, 6, 1]",64,1
571,2026-02-01T07:32:51.0,2026-02-10T13:10:36.531,"Any[3, 10, 19, 25, 30, 37, 45, 53]",3,53
1231,2026-02-01T07:32:51.0,2026-02-03T13:10:36.531,"Any[3, 10, 19, 25, 30, 37, 45, 53]",3,53
26,2026-02-01T07:55:19.0,2026-02-10T13:33:04.531,"Any[45, 37, 30, 25]",45,25
43,2026-02-01T08:31:27.012,2026-02-10T14:09:12.543,"Any[6, 11, 19, 25, 30, 37, 45, 56]",6,56
529,2026-02-01T09:08:40.0,2026-02-03T14:46:25.531,"Any[53, 45, 37, 30, 25, 19, 10]",53,10
641,2026-02-01T09:08:40.0,2026-02-10T14:46:25.531,"Any[53, 45, 37, 30, 25, 19, 10]",53,10
319,2026-02-01T09:38:45.0,2026-02-03T15:16:30.531,"Any[56, 45, 37, 30, 25, 19, 20]",56,20
1197,2026-02-01T10:01:51.0,2026-02-03T15:39:36.531,"Any[53, 45, 37, 30, 25, 19, 10]",53,10
410,2026-02-01T10:30:18.485,2026-02-03T16:08:04.016,"Any[64, 60, 56, 45, 37, 30, 25, 19, 11, 6, 1]",64,1
405,2026-02-01T10:43:13.0,2026-02-10T16:20:58.531,"Any[10, 19, 25, 30, 37, 45, 53]",10,53
690,2026-02-01T10:43:13.0,2026-02-10T16:20:58.531,"Any[10, 19, 25, 30, 37, 45, 53]",10,53
1022,2026-02-01T10:51:46.637,2026-02-03T16:29:32.168,"Any[25, 30, 37, 45, 56, 60]",25,60
1513,2026-02-01T10:51:46.637,2026-02-10T16:29:32.168,"Any[25, 30, 37, 45, 56, 60]",25,60
1515,2026-02-01T10:51:46.637,2026-02-10T16:29:32.168,"Any[25, 30, 37, 45, 56, 60]",25,60
656,2026-02-01T11:52:41.0,2026-02-03T17:30:26.531,"Any[56, 45, 37, 30, 25]",56,25
293,2026-02-01T12:03:10.0,2026-02-03T17:40:55.531,"Any[1, 6, 11, 19, 25, 30, 37, 45, 56, 60]",1,60
685,2026-02-01T12:03:10.0,2026-02-03T17:40:55.531,"Any[1, 6, 11, 19, 25, 30, 37, 45, 56, 60]",1,60
577,2026-02-01T12:44:33.0,2026-02-10T18:22:18.531,"Any[64, 60, 56, 45, 37, 30, 25, 19, 11, 6, 1]",64,1
225,2026-02-01T13:10:15.0,2026-02-03T18:48:00.531,"Any[7, 8, 13, 19, 25, 30, 37, 45, 53]",7,53
670,2026-02-01T13:10:15.0,2026-02-03T18:48:00.531,"Any[7, 8, 13, 19, 25, 30, 37, 45, 53]",7,53
1089,2026-02-01T13:10:15.0,2026-02-03T18:48:00.531,"Any[7, 8, 13, 19, 25, 30, 37, 45, 53]",7,53
430,2026-02-01T13:59:18.0,2026-02-10T19:37:03.531,"Any[19, 25, 30, 37, 45, 53, 60]",19,60
30,2026-02-01T14:24:33.0,2026-02-03T20:02:18.531,"Any[60, 53, 45, 37, 30, 25, 19, 10]",60,10
551,2026-02-01T14:39:47.0,2026-02-03T20:17:32.531,"Any[53, 45, 37, 30, 25, 19, 11, 6]",53,6
887,2026-02-01T15:33:45.0,2026-02-03T21:11:30.531,"Any[64, 60, 53, 45, 37, 30, 25, 19, 11, 6, 1]",64,1
1,2026-02-01T15:34:07.0,2026-02-10T21:11:52.531,"Any[60, 53, 45, 37, 30, 25, 19, 13, 8]",60,8
380,2026-02-01T15:38:08.0,2026-02-03T21:15:53.531,"Any[10, 19, 25, 30, 37, 45, 53]",10,53
1308,2026-02-01T15:42:00.0,2026-02-03T21:19:45.531,Any[],60,16
1434,2026-02-01T16:58:00.0,2026-02-03T22:35:45.531,Any[],45,13
1077,2026-02-01T17:25:15.0,2026-02-10T23:03:00.531,"Any[10, 19, 25, 30, 37, 45, 53]",10,53
684,2026-02-01T17:34:15.0,2026-02-10T23:12:00.531,"Any[7, 8, 13, 19, 25, 30, 37, 45, 53]",7,53
179,2026-02-01T17:37:01.0,2026-02-10T23:14:46.531,"Any[56, 45, 37, 30, 25]",56,25
667,2026-02-01T17:54:05.0,2026-02-10T23:31:50.531,"Any[8, 13, 19, 25, 30, 37, 45, 53]",8,53
1125,2026-02-01T17:54:05.0,2026-02-03T23:31:50.531,"Any[8, 13, 19, 25, 30, 37, 45, 53]",8,53
1448,2026-02-01T17:56:00.0,2026-02-03T23:33:45.531,Any[],45,3
637,2026-02-01T18:44:26.917,2026-02-11T00:22:12.448,"Any[1, 6, 11, 19, 25, 30, 37, 45, 56]",1,56
742,2026-02-01T18:44:26.917,2026-02-04T00:22:12.448,"Any[1, 6, 11, 19, 25, 30, 37, 45, 56]",1,56
452,2026-02-01T19:07:22.0,2026-02-11T00:45:07.531,"Any[10, 19, 30, 37, 45, 53]",10,53
1047,2026-02-01T19:07:22.0,2026-02-04T00:45:07.531,"Any[10, 19, 30, 37, 45, 53]",10,53
92,2026-02-01T19:47:45.023,2026-02-04T01:25:30.554,"Any[53, 45, 37, 30, 25, 19, 10]",53,10
607,2026-02-01T19:55:51.0,2026-02-04T01:33:36.531,"Any[53, 45, 37, 30, 25, 19, 10]",53,10
3,2026-02-01T20:05:02.0,2026-02-11T01:42:47.531,"Any[10, 19, 25, 30, 37, 45, 53]",10,53
621,2026-02-01T20:34:05.0,2026-02-04T02:11:50.531,"Any[8, 13, 19, 25, 30, 37, 45, 56]",8,56
1380,2026-02-01T21:03:16.024,2026-02-04T02:41:01.555,"Any[56, 45, 37, 30, 25, 19, 11, 6]",56,6
264,2026-02-01T21:28:34.0,2026-02-11T03:06:19.531,"Any[3, 10, 19, 25, 30, 37, 45, 53]",3,53
1204,2026-02-01T21:48:50.472,2026-02-04T03:26:36.003,"Any[2, 9, 21, 27, 31, 36, 45, 55]",2,55
956,2026-02-01T22:10:31.509,2026-02-04T03:48:17.04,"Any[53, 45, 37, 30, 25, 19, 10]",53,10
237,2026-02-01T22:22:29.752,2026-02-11T04:00:15.283,"Any[60, 56, 45, 37, 30, 25, 19, 13, 8]",60,8
565,2026-02-01T22:41:36.259,2026-02-11T04:19:21.79,"Any[56, 45, 37, 30, 25, 19, 11, 6]",56,6
1011,2026-02-01T23:02:14.0,2026-02-11T04:39:59.531,"Any[53, 45, 37, 30, 25, 19, 10]",53,10
384,2026-02-01T23:08:02.0,2026-02-11T04:45:47.531,"Any[8, 13, 19, 25, 30, 37, 45, 56]",8,56
1272,2026-02-01T23:38:19.0,2026-02-04T05:16:04.531,"Any[8, 13, 19, 25, 30, 37, 45, 56]",8,56
1417,2026-02-01T23:48:00.0,2026-02-04T05:25:45.531,Any[],45,17
556,2026-02-01T23:59:30.0,2026-02-11T05:37:15.531,"Any[45, 37, 30, 25]",45,25
1406,2026-02-01T23:59:30.0,2026-02-04T05:37:15.531,"Any[45, 37, 30, 25]",45,25
27,2026-02-01T23:59:43.0,2026-02-04T05:37:28.531,"Any[53, 45, 37, 30, 25, 19, 10]",53,10
1209,2026-02-02T00:05:56.0,2026-02-04T05:43:41.531,"Any[53, 45, 37, 30, 25, 19, 11, 6, 1]",53,1
1518,2026-02-02T00:21:33.0,2026-02-04T05:59:18.531,"Any[25, 30, 37, 45, 53, 60]",25,60
1519,2026-02-02T00:21:33.0,2026-02-04T05:59:18.531,"Any[25, 30, 37, 45, 53, 60]",25,60
1537,2026-02-02T00:21:33.0,2026-02-04T05:59:18.531,"Any[25, 30, 37, 45, 53, 60]",25,60
1544,2026-02-02T00:21:33.0,2026-01-28T05:59:18.531,"Any[25, 30, 37, 45, 53, 60]",25,60
1445,2026-02-02T00:25:22.742,2026-02-04T06:03:08.273,"Any[45, 37, 30, 25, 19, 11, 6, 1]",45,1
1446,2026-02-02T00:25:22.742,2026-01-28T06:03:08.273,"Any[45, 37, 30, 25, 19, 11, 6, 1]",45,1
1305,2026-02-02T00:38:00.0,2026-02-04T06:15:45.531,Any[],60,17
490,2026-02-02T01:16:53.0,2026-02-04T06:54:38.531,"Any[56, 45, 37, 30, 25, 19, 10]",56,10
1119,2026-02-02T01:16:53.0,2026-02-04T06:54:38.531,"Any[56, 45, 37, 30, 25, 19, 10]",56,10
37,2026-02-02T01:25:26.0,2026-02-04T07:03:11.531,"Any[17, 19, 17, 25, 30, 37, 45, 53]",17,53
716,2026-02-02T01:25:26.0,2026-02-04T07:03:11.531,"Any[17, 19, 17, 25, 30, 37, 45, 53]",17,53
358,2026-02-02T01:43:45.0,2026-01-28T07:21:30.531,"Any[53, 45, 37, 30, 25, 19, 11, 6, 1]",53,1
564,2026-02-02T03:40:14.0,2026-01-28T09:17:59.531,"Any[53, 45, 37, 30, 25, 19, 11, 6, 1]",53,1
1582,2026-02-02T03:50:00.0,2026-01-28T09:27:45.531,Any[],10,64
515,2026-02-02T04:17:56.742,2026-01-28T09:55:42.273,"Any[53, 45, 37, 30, 25, 19, 10]",53,10
572,2026-02-02T04:17:56.742,2026-02-04T09:55:42.273,"Any[53, 45, 37, 30, 25, 19, 10]",53,10
132,2026-02-02T04:24:57.0,2026-02-04T10:02:42.531,"Any[53, 45, 37, 30, 25, 19, 11, 6, 1]",53,1
629,2026-02-02T04:24:57.0,2026-01-28T10:02:42.531,"Any[53, 45, 37, 30, 25, 19, 11, 6, 1]",53,1
146,2026-02-02T04:45:33.0,2026-02-04T10:23:18.531,"Any[19, 17, 25, 30, 37, 45, 53, 60]",19,60
223,2026-02-02T04:45:33.0,2026-01-28T10:23:18.531,"Any[19, 17, 25, 30, 37, 45, 53, 60]",19,60
502,2026-02-02T04:45:33.0,2026-02-04T10:23:18.531,"Any[19, 17, 25, 30, 37, 45, 53, 60]",19,60
445,2026-02-02T05:24:48.669,2026-01-28T11:02:34.2,"Any[53, 45, 37, 30, 25, 19, 11, 6, 1]",53,1
262,2026-02-02T05:55:05.0,2026-02-04T11:32:50.531,"Any[53, 45, 37, 30, 25]",53,25
802,2026-02-02T06:52:55.0,2026-01-28T12:30:40.531,"Any[56, 45, 37, 30, 25, 19]",56,19
375,2026-02-02T07:40:13.0,2026-02-04T13:17:58.531,"Any[10, 19, 25, 30, 37, 45, 53]",10,53
1160,2026-02-02T07:40:13.0,2026-02-04T13:17:58.531,"Any[10, 19, 25, 30, 37, 45, 53]",10,53
560,2026-02-02T07:55:26.0,2026-02-04T13:33:11.531,"Any[25, 30, 37, 45, 53]",25,53
155,2026-02-02T08:30:49.466,2026-02-04T14:08:34.997,"Any[13, 19, 25, 30, 37, 45, 53]",13,53
920,2026-02-02T08:31:42.0,2026-01-28T14:09:27.531,"Any[8, 13, 19, 25, 30, 37, 45, 56]",8,56
1577,2026-02-02T08:36:00.0,2026-02-04T14:13:45.531,Any[],10,64
88,2026-02-02T08:43:10.0,2026-01-28T14:20:55.531,"Any[53, 45, 37, 30, 25, 19, 10]",53,10
371,2026-02-02T08:43:10.0,2026-01-28T14:20:55.531,"Any[53, 45, 37, 30, 25, 19, 10]",53,10
1564,2026-02-02T08:49:10.0,2026-01-28T14:26:55.531,"Any[1, 6, 11, 19, 25, 30, 37, 45, 53, 60]",1,60
1583,2026-02-02T08:58:00.0,2026-01-28T14:35:45.531,Any[],10,64
1576,2026-02-02T09:05:00.0,2026-02-04T14:42:45.531,Any[],10,64
1440,2026-02-02T09:53:00.0,2026-02-04T15:30:45.531,Any[],45,7
1371,2026-02-02T10:51:00.0,2026-02-04T16:28:45.531,Any[],56,3
966,2026-02-02T12:24:59.0,2026-02-04T18:02:44.531,"Any[56, 45, 37, 30, 25]",56,25
1598,2026-02-02T12:45:00.0,2026-02-04T18:22:45.531,Any[],10,64
650,2026-02-02T12:45:33.0,2026-01-28T18:23:18.531,"Any[53, 45, 37, 30, 25]",53,25
356,2026-02-02T13:03:36.0,2026-01-28T18:41:21.531,"Any[8, 13, 19, 25, 30, 37, 45]",8,45
392,2026-02-02T13:03:36.0,2026-01-28T18:41:21.531,"Any[8, 13, 19, 25, 30, 37, 45]",8,45
1054,2026-02-02T13:17:34.0,2026-02-04T18:55:19.531,"Any[19, 25, 30, 37, 30, 37, 45, 53, 60, 64]",19,64
1546,2026-02-02T13:17:34.0,2026-02-04T18:55:19.531,"Any[19, 25, 30, 37, 30, 37, 45, 53, 60, 64]",19,64
302,2026-02-02T13:22:26.0,2026-02-04T19:00:11.531,"Any[53, 45, 37, 30, 25, 19, 10]",53,10
1057,2026-02-02T13:32:16.0,2026-02-04T19:10:01.531,"Any[62, 45, 37, 30, 25, 19, 13, 8]",62,8
280,2026-02-02T14:01:59.0,2026-01-28T19:39:44.531,"Any[6, 11, 16, 25, 30, 37, 45]",6,45
1133,2026-02-02T14:01:59.0,2026-02-04T19:39:44.531,"Any[6, 11, 16, 25, 30, 37, 45]",6,45
1508,2026-02-02T14:08:04.0,2026-02-04T19:45:49.531,"Any[25, 30, 37, 45, 53, 60]",25,60
1509,2026-02-02T14:08:04.0,2026-02-04T19:45:49.531,"Any[25, 30, 37, 45, 53, 60]",25,60
1538,2026-02-02T14:08:04.0,2026-02-04T19:45:49.531,"Any[25, 30, 37, 45, 53, 60]",25,60
31,2026-02-02T14:46:43.0,2026-01-28T20:24:28.531,"Any[19, 25, 30, 37, 45, 53]",19,53
408,2026-02-02T14:46:43.0,2026-02-04T20:24:28.531,"Any[19, 25, 30, 37, 45, 53]",19,53
693,2026-02-02T14:58:33.0,2026-01-28T20:36:18.531,"Any[6, 11, 19, 25, 30, 37, 45, 56]",6,56
531,2026-02-02T15:30:10.0,2026-02-04T21:07:55.531,"Any[6, 11, 16, 25, 30, 37, 45]",6,45
659,2026-02-02T15:30:10.0,2026-01-28T21:07:55.531,"Any[6, 11, 16, 25, 30, 37, 45]",6,45
671,2026-02-02T15:30:10.0,2026-01-28T21:07:55.531,"Any[6, 11, 16, 25, 30, 37, 45]",6,45
1138,2026-02-02T15:40:36.0,2026-02-04T21:18:21.531,"Any[6, 11, 19, 25, 30, 37, 45, 53]",6,53
342,2026-02-02T15:45:17.0,2026-01-28T21:23:02.531,"Any[1, 6, 11, 19, 25, 30, 37, 45, 53]",1,53
694,2026-02-02T15:58:56.316,2026-02-04T21:36:41.847,"Any[60, 53, 45, 37, 30, 25, 19, 10]",60,10
856,2026-02-02T15:59:39.636,2026-01-28T21:37:25.167,"Any[60, 56, 45, 37, 30, 25, 19]",60,19
1208,2026-02-02T15:59:39.636,2026-01-28T21:37:25.167,"Any[60, 56, 45, 37, 30, 25, 19]",60,19
977,2026-02-02T16:06:20.0,2026-01-28T21:44:05.531,"Any[56, 45, 37, 30, 25]",56,25
325,2026-02-02T16:16:10.0,2026-02-04T21:53:55.531,"Any[19, 25, 30, 37, 45, 53]",19,53
826,2026-02-02T16:16:23.0,2026-02-04T21:54:08.531,"Any[19, 25, 30, 37, 45, 53]",19,53
273,2026-02-02T16:42:08.0,2026-01-28T22:19:53.531,"Any[60, 53, 45, 37, 30, 25, 19, 13, 8]",60,8
689,2026-02-02T16:43:05.0,2026-01-28T22:20:50.531,"Any[60, 53, 45, 37, 30, 25, 19]",60,19
291,2026-02-02T16:43:27.0,2026-02-04T22:21:12.531,"Any[25, 30, 37, 45, 56, 60, 64]",25,64
1475,2026-02-02T16:43:27.0,2026-01-28T22:21:12.531,"Any[25, 30, 37, 45, 56, 60, 64]",25,64
1484,2026-02-02T16:43:27.0,2026-02-04T22:21:12.531,"Any[25, 30, 37, 45, 56, 60, 64]",25,64
1491,2026-02-02T16:43:27.0,2026-02-04T22:21:12.531,"Any[25, 30, 37, 45, 56, 60, 64]",25,64
1494,2026-02-02T16:43:27.0,2026-02-04T22:21:12.531,"Any[25, 30, 37, 45, 56, 60, 64]",25,64
1495,2026-02-02T16:43:27.0,2026-02-04T22:21:12.531,"Any[25, 30, 37, 45, 56, 60, 64]",25,64
1498,2026-02-02T16:43:27.0,2026-01-28T22:21:12.531,"Any[25, 30, 37, 45, 56, 60, 64]",25,64
1501,2026-02-02T16:43:27.0,2026-01-28T22:21:12.531,"Any[25, 30, 37, 45, 56, 60, 64]",25,64
846,2026-02-02T16:52:14.0,2026-02-04T22:29:59.531,"Any[53, 45, 37, 30, 25]",53,25
720,2026-02-02T16:53:06.0,2026-01-28T22:30:51.531,"Any[53, 45, 37, 30, 25]",53,25
190,2026-02-02T17:00:57.0,2026-02-04T22:38:42.531,"Any[6, 11, 19, 25, 30, 37, 45, 56]",6,56
259,2026-02-02T17:04:03.0,2026-01-28T22:41:48.531,"Any[56, 45, 37, 30, 25, 19, 13, 8]",56,8
1129,2026-02-02T17:14:15.0,2026-02-04T22:52:00.531,"Any[25, 30, 37, 45, 53, 60]",25,60
1200,2026-02-02T17:14:15.0,2026-01-28T22:52:00.531,"Any[25, 30, 37, 45, 53, 60]",25,60
1516,2026-02-02T17:14:15.0,2026-02-04T22:52:00.531,"Any[25, 30, 37, 45, 53, 60]",25,60
1533,2026-02-02T17:14:15.0,2026-01-28T22:52:00.531,"Any[25, 30, 37, 45, 53, 60]",25,60
144,2026-02-02T17:32:31.451,2026-01-28T23:10:16.982,"Any[25, 30, 37, 45, 53]",25,53
576,2026-02-02T17:32:31.451,2026-02-04T23:10:16.982,"Any[25, 30, 37, 45, 53]",25,53
1281,2026-02-02T17:37:37.0,2026-02-04T23:15:22.531,"Any[56, 45, 37, 30, 25, 19, 11, 6]",56,6
296,2026-02-02T17:41:14.0,2026-01-28T23:18:59.531,"Any[56, 45, 37, 30, 25, 19, 11, 6, 1]",56,1
1464,2026-02-02T17:54:00.0,2026-01-28T23:31:45.531,Any[],45,5
825,2026-02-02T17:58:55.245,2026-02-04T23:36:40.776,"Any[54, 44, 36, 23, 19, 13, 8]",54,8
586,2026-02-02T18:11:14.0,2026-01-28T23:48:59.531,"Any[8, 13, 19, 25, 30, 37, 45, 53]",8,53
1134,2026-02-02T19:26:54.0,2026-02-05T01:04:39.531,"Any[1, 6, 11, 19, 25, 30, 37, 45, 53]",1,53
1297,2026-02-02T19:31:00.0,2026-02-05T01:08:45.531,Any[],60,17
1302,2026-02-02T19:53:00.0,2026-02-05T01:30:45.531,Any[],60,17
433,2026-02-02T19:55:52.0,2026-01-29T01:33:37.531,"Any[8, 13, 19, 25, 30, 37, 45, 53]",8,53
520,2026-02-02T20:08:37.764,2026-01-29T01:46:23.295,"Any[54, 44, 36, 23, 19, 13, 8]",54,8
746,2026-02-02T20:10:53.0,2026-01-29T01:48:38.531,"Any[45, 37, 30, 25, 19, 10]",45,10
412,2026-02-02T20:13:16.0,2026-01-29T01:51:01.531,"Any[10, 19, 25, 30, 37, 45, 53]",10,53
444,2026-02-02T20:13:16.0,2026-02-05T01:51:01.531,"Any[10, 19, 25, 30, 37, 45, 53]",10,53
78,2026-02-02T20:14:13.0,2026-02-05T01:51:58.531,"Any[53, 45, 37, 30, 25, 19, 13, 8]",53,8
348,2026-02-02T20:14:13.0,2026-01-29T01:51:58.531,"Any[53, 45, 37, 30, 25, 19, 13, 8]",53,8
1401,2026-02-02T20:14:13.0,2026-01-29T01:51:58.531,"Any[53, 45, 37, 30, 25, 19, 13, 8]",53,8
86,2026-02-02T20:17:24.0,2026-01-29T01:55:09.531,"Any[53, 45, 37, 30, 25, 19, 10]",53,10
763,2026-02-02T20:20:55.0,2026-02-05T01:58:40.531,"Any[53, 45, 37, 30, 25, 19, 10]",53,10
8,2026-02-02T20:32:06.0,2026-02-05T02:09:51.531,"Any[10, 19, 30, 37, 45, 53]",10,53
357,2026-02-02T20:32:06.0,2026-02-05T02:09:51.531,"Any[10, 19, 30, 37, 45, 53]",10,53
761,2026-02-02T20:32:06.0,2026-02-05T02:09:51.531,"Any[10, 19, 30, 37, 45, 53]",10,53
581,2026-02-02T20:41:14.074,2026-02-05T02:18:59.605,"Any[56, 45, 37, 30, 25, 19, 11, 6]",56,6
1394,2026-02-02T20:41:14.074,2026-02-05T02:18:59.605,"Any[56, 45, 37, 30, 25, 19, 11, 6]",56,6
707,2026-02-02T20:59:12.0,2026-02-05T02:36:57.531,"Any[6, 11, 19, 25, 30, 37, 45, 56]",6,56
760,2026-02-02T21:20:53.0,2026-01-29T02:58:38.531,"Any[10, 19, 25, 30, 37, 45, 53, 60]",10,60
872,2026-02-02T21:20:53.0,2026-01-29T02:58:38.531,"Any[10, 19, 25, 30, 37, 45, 53, 60]",10,60
681,2026-02-02T21:21:30.0,2026-01-29T02:59:15.531,"Any[53, 45, 37, 30, 25]",53,25
823,2026-02-02T21:33:41.0,2026-01-29T03:11:26.531,"Any[10, 19, 25, 30, 37, 45, 53, 60]",10,60
1106,2026-02-02T21:33:41.0,2026-01-29T03:11:26.531,"Any[10, 19, 25, 30, 37, 45, 53, 60]",10,60
495,2026-02-02T22:05:35.0,2026-02-05T03:43:20.531,"Any[60, 53, 45, 37, 30, 25, 19, 13, 8]",60,8
834,2026-02-02T23:15:08.0,2026-01-29T04:52:53.531,"Any[53, 45, 37, 30, 25]",53,25
382,2026-02-02T23:36:11.898,2026-01-29T05:13:57.429,"Any[53, 45, 37, 30, 25, 19, 11, 6, 1]",53,1
367,2026-02-02T23:53:37.0,2026-02-05T05:31:22.531,"Any[53, 45, 37, 30, 25, 19, 10]",53,10
1263,2026-02-03T00:05:44.0,2026-01-29T05:43:29.531,"Any[8, 13, 19, 25, 30, 37, 45, 56]",8,56
1572,2026-02-03T00:10:00.0,2026-01-29T05:47:45.531,Any[],6,54
1567,2026-02-03T00:22:14.0,2026-01-29T05:59:59.531,"Any[1, 6, 11, 19, 25, 30, 37, 45, 53, 60]",1,60
854,2026-02-03T01:23:17.0,2026-02-05T07:01:02.531,"Any[7, 8, 13, 19, 25, 30, 37, 45, 53]",7,53
1195,2026-02-03T02:13:54.0,2026-02-05T07:51:39.531,"Any[19, 25, 30, 37, 45, 56]",19,56
555,2026-02-03T02:17:13.0,2026-02-05T07:54:58.531,"Any[53, 45, 37, 30, 25, 19, 10]",53,10
316,2026-02-03T02:35:34.0,2026-01-29T08:13:19.531,"Any[8, 13, 19, 25, 30, 37, 45, 53]",8,53
729,2026-02-03T02:35:34.0,2026-02-05T08:13:19.531,"Any[8, 13, 19, 25, 30, 37, 45, 53]",8,53
1232,2026-02-03T02:45:19.0,2026-02-05T08:23:04.531,"Any[64, 60, 53, 45, 37, 30, 25, 19, 11, 6, 6, 1]",64,6
1404,2026-02-03T02:48:37.0,2026-01-29T08:26:22.531,"Any[53, 45, 37, 30, 25, 19, 10]",53,10
94,2026-02-03T03:24:36.0,2026-02-05T09:02:21.531,"Any[60, 53, 45, 37, 30, 25, 19, 10]",60,10
211,2026-02-03T04:30:47.0,2026-02-05T10:08:32.531,"Any[19, 17, 25, 30, 37, 45, 53, 60]",19,60
250,2026-02-03T04:30:47.0,2026-02-05T10:08:32.531,"Any[19, 17, 25, 30, 37, 45, 53, 60]",19,60
748,2026-02-03T04:43:29.0,2026-02-05T10:21:14.531,"Any[53, 45, 37, 30, 25, 19, 10]",53,10
226,2026-02-03T04:52:43.0,2026-01-29T10:30:28.531,"Any[19, 25, 30, 37, 45, 53]",19,53
735,2026-02-03T05:45:32.0,2026-02-05T11:23:17.531,"Any[53, 45, 37, 30, 25, 19, 13, 8]",53,8
1271,2026-02-03T05:45:32.0,2026-02-05T11:23:17.531,"Any[53, 45, 37, 30, 25, 19, 13, 8]",53,8
1398,2026-02-03T05:45:32.0,2026-02-05T11:23:17.531,"Any[53, 45, 37, 30, 25, 19, 13, 8]",53,8
654,2026-02-03T06:12:00.0,2026-01-29T11:49:45.531,"Any[53, 45, 37, 30, 25, 19, 10]",53,10
124,2026-02-03T06:20:29.0,2026-02-05T11:58:14.531,"Any[6, 11, 19, 25, 30, 37, 45]",6,45
1258,2026-02-03T06:20:29.0,2026-02-05T11:58:14.531,"Any[6, 11, 19, 25, 30, 37, 45]",6,45
180,2026-02-03T06:39:10.591,2026-01-29T12:16:56.122,"Any[10, 19, 25, 30, 37, 45, 53]",10,53
341,2026-02-03T06:45:14.0,2026-01-29T12:22:59.531,"Any[53, 45, 37, 30, 25, 19, 10]",53,10
1370,2026-02-03T07:07:00.0,2026-01-29T12:44:45.531,Any[],56,3
260,2026-02-03T07:07:21.0,2026-02-05T12:45:06.531,"Any[8, 13, 19, 25, 30, 37, 45, 56]",8,56
645,2026-02-03T07:10:53.0,2026-02-05T12:48:38.531,"Any[60, 53, 45, 37, 30, 25, 19, 13, 8]",60,8
775,2026-02-03T07:10:53.0,2026-02-05T12:48:38.531,"Any[60, 53, 45, 37, 30, 25, 19, 13, 8]",60,8
1150,2026-02-03T07:23:24.0,2026-02-05T13:01:09.531,"Any[60, 56, 45, 37, 30, 25, 19, 13, 8]",60,8
791,2026-02-03T07:31:00.0,2026-01-29T13:08:45.531,"Any[10, 19, 25, 30, 37, 45, 53]",10,53
1277,2026-02-03T07:31:00.0,2026-01-29T13:08:45.531,"Any[10, 19, 25, 30, 37, 45, 53]",10,53
217,2026-02-03T07:40:00.0,2026-02-05T13:17:45.531,"Any[7, 8, 13, 19, 25, 30, 37, 45, 53]",7,53
1437,2026-02-03T08:15:00.0,2026-01-29T13:52:45.531,Any[],45,7
627,2026-02-03T08:18:42.0,2026-02-05T13:56:27.531,"Any[60, 53, 45, 37, 30, 25, 19, 10]",60,10
183,2026-02-03T09:04:14.0,2026-02-05T14:41:59.531,"Any[53, 45, 37, 30, 25, 19, 13, 8]",53,8
1425,2026-02-03T09:09:00.0,2026-01-29T14:46:45.531,Any[],45,16
680,2026-02-03T09:16:03.589,2026-01-29T14:53:49.12,"Any[10, 19, 25, 30, 37, 45, 53]",10,53
1099,2026-02-03T09:39:13.0,2026-02-05T15:16:58.531,"Any[25, 30, 37, 45, 56]",25,56
583,2026-02-03T10:07:14.0,2026-02-05T15:44:59.531,"Any[60, 53, 45, 37, 30, 25, 19, 11, 6]",60,6
1220,2026-02-03T10:07:14.0,2026-02-05T15:44:59.531,"Any[60, 53, 45, 37, 30, 25, 19, 11, 6]",60,6
304,2026-02-03T10:24:00.635,2026-02-05T16:01:46.166,"Any[56, 45, 37, 30, 25, 19, 11, 6, 1]",56,1
289,2026-02-03T10:25:51.0,2026-01-29T16:03:36.531,"Any[53, 45, 37, 30, 25, 19, 11, 6]",53,6
6,2026-02-03T10:50:54.55,2026-01-29T16:28:40.081,"Any[19, 25, 30, 37, 45, 53]",19,53
248,2026-02-03T11:29:00.0,2026-02-05T17:06:45.531,"Any[6, 11, 19, 25, 30, 37, 45]",6,45
518,2026-02-03T11:39:08.0,2026-02-05T17:16:53.531,"Any[6, 11, 19, 25, 30, 37, 45]",6,45
718,2026-02-03T11:39:18.0,2026-01-29T17:17:03.531,"Any[6, 11, 19, 25, 30, 37, 45, 56]",6,56
128,2026-02-03T11:45:14.0,2026-01-29T17:22:59.531,"Any[6, 11, 19, 25, 30, 37, 45]",6,45
184,2026-02-03T12:07:39.0,2026-01-29T17:45:24.531,"Any[60, 53, 45, 37, 30, 25, 19, 10]",60,10
235,2026-02-03T12:29:41.044,2026-02-05T18:07:26.575,"Any[64, 60, 53, 45, 37, 30, 25, 19, 11, 6, 1]",64,1
169,2026-02-03T12:56:20.0,2026-02-05T18:34:05.531,"Any[6, 11, 16, 25, 30, 37, 45, 56]",6,56
1198,2026-02-03T13:00:08.0,2026-01-29T18:37:53.531,"Any[53, 45, 37, 30, 25, 19, 13, 8]",53,8
764,2026-02-03T13:28:14.0,2026-02-05T19:05:59.531,"Any[56, 45, 37, 30, 25, 19, 13, 8]",56,8
831,2026-02-03T14:14:31.0,2026-02-05T19:52:16.531,"Any[19, 25, 30, 37, 45, 56, 60]",19,60
655,2026-02-03T14:34:23.0,2026-01-29T20:12:08.531,"Any[6, 11, 19, 25, 30, 37, 45]",6,45
1178,2026-02-03T15:13:30.0,2026-01-29T20:51:15.531,"Any[56, 45, 37, 30, 25, 19, 11, 6]",56,6
1392,2026-02-03T15:13:30.0,2026-02-05T20:51:15.531,"Any[56, 45, 37, 30, 25, 19, 11, 6]",56,6
126,2026-02-03T15:17:37.0,2026-02-05T20:55:22.531,"Any[53, 45, 37, 30, 25]",53,25
310,2026-02-03T15:42:06.0,2026-01-29T21:19:51.531,"Any[8, 13, 19, 25, 30, 37, 45, 56]",8,56
809,2026-02-03T15:42:06.0,2026-01-29T21:19:51.531,"Any[8, 13, 19, 25, 30, 37, 45, 56]",8,56
894,2026-02-03T15:42:06.0,2026-02-05T21:19:51.531,"Any[8, 13, 19, 25, 30, 37, 45, 56]",8,56
1416,2026-02-03T16:09:00.0,2026-02-05T21:46:45.531,Any[],45,17
1073,2026-02-03T16:11:46.0,2026-02-05T21:49:31.531,"Any[3, 10, 19, 25, 30, 37, 45, 53]",3,53
1221,2026-02-03T16:11:46.0,2026-01-29T21:49:31.531,"Any[3, 10, 19, 25, 30, 37, 45, 53]",3,53
377,2026-02-03T16:14:39.0,2026-02-05T21:52:24.531,"Any[64, 60, 56, 45, 37, 30, 25, 19, 11, 6]",64,6
438,2026-02-03T16:14:39.0,2026-01-29T21:52:24.531,"Any[64, 60, 56, 45, 37, 30, 25, 19, 11, 6]",64,6
1291,2026-02-03T16:17:24.0,2026-01-29T21:55:09.531,"Any[8, 13, 19, 25, 30, 37, 45, 53]",8,53
167,2026-02-03T16:21:18.0,2026-02-05T21:59:03.531,"Any[10, 19, 25, 30, 37, 45, 53]",10,53
1316,2026-02-03T16:25:00.0,2026-01-29T22:02:45.531,Any[],60,7
450,2026-02-03T16:36:56.0,2026-01-29T22:14:41.531,"Any[64, 60, 56, 45, 37, 30, 25, 19, 13, 8]",64,8
182,2026-02-03T16:38:02.0,2026-02-05T22:15:47.531,"Any[6, 11, 19, 25, 30, 37, 45, 56]",6,56
1071,2026-02-03T16:38:02.0,2026-01-29T22:15:47.531,"Any[6, 11, 19, 25, 30, 37, 45, 56]",6,56
286,2026-02-03T16:43:21.0,2026-01-29T22:21:06.531,"Any[56, 45, 37, 30, 25, 19, 11, 6]",56,6
900,2026-02-03T16:43:21.0,2026-02-05T22:21:06.531,"Any[56, 45, 37, 30, 25, 19, 11, 6]",56,6
537,2026-02-03T16:44:00.0,2026-02-05T22:21:45.531,"Any[53, 45, 37, 30, 25, 19, 13, 8]",53,8
109,2026-02-03T16:44:39.0,2026-01-29T22:22:24.531,"Any[10, 19, 25, 30, 37, 45, 53]",10,53
953,2026-02-03T16:44:39.0,2026-02-05T22:22:24.531,"Any[10, 19, 25, 30, 37, 45, 53]",10,53
1247,2026-02-03T16:54:52.0,2026-02-05T22:32:37.531,"Any[19, 25, 30, 37, 45, 53]",19,53
1506,2026-02-03T17:26:12.0,2026-02-05T23:03:57.531,"Any[25, 30, 37, 45, 53, 60]",25,60
1522,2026-02-03T17:26:12.0,2026-01-29T23:03:57.531,"Any[25, 30, 37, 45, 53, 60]",25,60
873,2026-02-03T17:28:51.446,2026-02-05T23:06:36.977,"Any[56, 45, 37, 30, 25]",56,25
142,2026-02-03T17:35:44.849,2026-02-05T23:13:30.38,"Any[8, 13, 19, 25, 30, 37, 45, 53]",8,53
1149,2026-02-03T17:35:44.849,2026-01-29T23:13:30.38,"Any[8, 13, 19, 25, 30, 37, 45, 53]",8,53
274,2026-02-03T17:39:56.0,2026-02-05T23:17:41.531,"Any[56, 45, 37, 30, 25, 19, 11, 6]",56,6
170,2026-02-03T17:41:12.448,2026-02-05T23:18:57.979,"Any[56, 45, 37, 30, 25, 19]",56,19
1324,2026-02-03T17:41:12.448,2026-01-29T23:18:57.979,"Any[56, 45, 37, 30, 25, 19]",56,19
1363,2026-02-03T17:42:06.054,2026-02-05T23:19:51.585,"Any[56, 45, 37, 30, 25, 19, 13, 8, 7]",56,7
1365,2026-02-03T17:42:06.054,2026-01-29T23:19:51.585,"Any[56, 45, 37, 30, 25, 19, 13, 8, 7]",56,7
1366,2026-02-03T17:42:06.054,2026-02-05T23:19:51.585,"Any[56, 45, 37, 30, 25, 19, 13, 8, 7]",56,7
1367,2026-02-03T17:42:06.054,2026-01-29T23:19:51.585,"Any[56, 45, 37, 30, 25, 19, 13, 8, 7]",56,7
1369,2026-02-03T17:42:06.054,2026-01-29T23:19:51.585,"Any[56, 45, 37, 30, 25, 19, 13, 8, 7]",56,7
704,2026-02-03T17:51:54.0,2026-01-29T23:29:39.531,"Any[64, 56, 45, 37, 30, 25, 19, 11, 6]",64,6
923,2026-02-03T17:51:54.0,2026-01-29T23:29:39.531,"Any[64, 56, 45, 37, 30, 25, 19, 11, 6]",64,6
140,2026-02-03T18:05:48.0,2026-01-29T23:43:33.531,"Any[8, 13, 19, 25, 30, 37, 45, 56, 60]",8,60
882,2026-02-03T18:05:48.0,2026-02-05T23:43:33.531,"Any[8, 13, 19, 25, 30, 37, 45, 56, 60]",8,60
805,2026-02-03T18:12:02.0,2026-02-05T23:49:47.531,"Any[10, 19, 25, 30, 37, 45, 56]",10,56
1471,2026-02-03T18:35:31.0,2026-01-30T00:13:16.531,"Any[25, 30, 37, 45, 53, 60, 64]",25,64
1479,2026-02-03T18:35:31.0,2026-02-06T00:13:16.531,"Any[25, 30, 37, 45, 53, 60, 64]",25,64
1480,2026-02-03T18:35:31.0,2026-02-06T00:13:16.531,"Any[25, 30, 37, 45, 53, 60, 64]",25,64
1482,2026-02-03T18:35:31.0,2026-01-30T00:13:16.531,"Any[25, 30, 37, 45, 53, 60, 64]",25,64
1483,2026-02-03T18:35:31.0,2026-01-30T00:13:16.531,"Any[25, 30, 37, 45, 53, 60, 64]",25,64
1487,2026-02-03T18:35:31.0,2026-01-30T00:13:16.531,"Any[25, 30, 37, 45, 53, 60, 64]",25,64
1492,2026-02-03T18:35:31.0,2026-02-06T00:13:16.531,"Any[25, 30, 37, 45, 53, 60, 64]",25,64
1496,2026-02-03T18:35:31.0,2026-02-06T00:13:16.531,"Any[25, 30, 37, 45, 53, 60, 64]",25,64
1500,2026-02-03T18:35:31.0,2026-02-06T00:13:16.531,"Any[25, 30, 37, 45, 53, 60, 64]",25,64
397,2026-02-03T18:43:23.0,2026-02-06T00:21:08.531,"Any[56, 45, 37, 30, 25, 19]",56,19
1327,2026-02-03T18:43:23.0,2026-02-06T00:21:08.531,"Any[56, 45, 37, 30, 25, 19]",56,19
1336,2026-02-03T18:43:23.0,2026-01-30T00:21:08.531,"Any[56, 45, 37, 30, 25, 19]",56,19
206,2026-02-03T18:43:31.556,2026-02-06T00:21:17.087,"Any[60, 56, 45, 37, 30, 25, 19, 11, 6]",60,6
1586,2026-02-03T18:48:00.0,2026-01-30T00:25:45.531,Any[],10,64
185,2026-02-03T18:49:25.0,2026-01-30T00:27:10.531,"Any[5, 6, 11, 25, 30, 37, 45, 56]",5,56
1216,2026-02-03T18:59:11.0,2026-01-30T00:36:56.531,"Any[1, 6, 11, 16, 25, 30, 37, 45, 53]",1,53
451,2026-02-03T19:16:15.0,2026-02-06T00:54:00.531,"Any[1, 6, 11, 19, 25, 30, 37, 45, 53]",1,53
1064,2026-02-03T19:21:17.0,2026-02-06T00:59:02.531,"Any[6, 11, 19, 25, 30, 37, 45, 56]",6,56
1223,2026-02-03T19:21:17.0,2026-01-30T00:59:02.531,"Any[6, 11, 19, 25, 30, 37, 45, 56]",6,56
1423,2026-02-03T19:25:00.0,2026-01-30T01:02:45.531,Any[],45,16
610,2026-02-03T19:37:56.0,2026-01-30T01:15:41.531,"Any[8, 13, 19, 25, 30, 37, 45]",8,45
660,2026-02-03T19:50:28.0,2026-02-06T01:28:13.531,"Any[53, 45, 37, 30, 25, 19, 13, 8]",53,8
845,2026-02-03T19:50:28.0,2026-01-30T01:28:13.531,"Any[53, 45, 37, 30, 25, 19, 13, 8]",53,8
57,2026-02-03T20:22:05.0,2026-01-30T01:59:50.531,"Any[53, 45, 37, 30, 25, 19, 10]",53,10
1004,2026-02-03T20:22:05.0,2026-02-06T01:59:50.531,"Any[53, 45, 37, 30, 25, 19, 10]",53,10
1162,2026-02-03T20:29:21.0,2026-01-30T02:07:06.531,"Any[53, 45, 37, 30, 25, 19, 13, 8]",53,8
543,2026-02-03T20:38:16.0,2026-01-30T02:16:01.531,"Any[3, 10, 19, 25, 30, 37, 45, 53]",3,53
1241,2026-02-03T20:48:06.0,2026-01-30T02:25:51.531,"Any[6, 11, 19, 25, 30, 37, 45, 56]",6,56
2,2026-02-03T20:58:23.0,2026-02-06T02:36:08.531,"Any[53, 45, 37, 30, 25, 19, 11, 6, 1]",53,1
1575,2026-02-03T21:09:00.0,2026-01-30T02:46:45.531,Any[],10,64
1049,2026-02-03T21:19:25.0,2026-02-06T02:57:10.531,"Any[60, 56, 45, 37, 30, 25, 19, 13, 8]",60,8
96,2026-02-03T21:33:36.0,2026-01-30T03:11:21.531,"Any[8, 13, 19, 25, 30, 37, 45, 56]",8,56
1084,2026-02-03T21:36:51.0,2026-02-06T03:14:36.531,"Any[10, 19, 25, 30, 37, 45, 53, 60]",10,60
1273,2026-02-03T21:40:19.0,2026-02-06T03:18:04.531,"Any[10, 19, 25, 30, 37, 45, 56, 60]",10,60
990,2026-02-03T21:40:26.0,2026-02-06T03:18:11.531,"Any[6, 11, 16, 25, 30, 37, 45, 53]",6,53
160,2026-02-03T21:56:27.0,2026-02-06T03:34:12.531,"Any[7, 8, 13, 19, 25, 30, 37, 45, 53]",7,53
136,2026-02-03T22:15:08.0,2026-01-30T03:52:53.531,"Any[60, 56, 45, 37, 30, 25, 19, 11, 10]",60,10
1182,2026-02-03T22:27:46.329,2026-01-30T04:05:31.86,"Any[1, 6, 11, 19, 25, 30, 37, 45, 53]",1,53
42,2026-02-03T22:44:13.18,2026-01-30T04:21:58.711,"Any[10, 19, 25, 30, 37, 45, 53]",10,53
1285,2026-02-03T22:49:03.0,2026-01-30T04:26:48.531,"Any[8, 13, 19, 25, 30, 37, 45, 56]",8,56
449,2026-02-03T23:38:53.0,2026-02-06T05:16:38.531,"Any[60, 56, 45, 37, 30, 25, 19, 11, 6]",60,6
1300,2026-02-03T23:40:00.0,2026-01-30T05:17:45.531,Any[],60,17
516,2026-02-03T23:41:26.0,2026-02-06T05:19:11.531,"Any[8, 13, 19, 25, 30, 37, 45, 56]",8,56
407,2026-02-04T00:18:40.0,2026-02-06T05:56:25.531,"Any[1, 6, 11, 19, 23, 16, 23, 36, 44, 60]",1,60
1211,2026-02-04T00:18:40.0,2026-01-30T05:56:25.531,"Any[1, 6, 11, 19, 23, 16, 23, 36, 44, 60]",1,60
907,2026-02-04T01:00:03.0,2026-02-06T06:37:48.531,"Any[10, 19, 25, 30, 37, 45, 53]",10,53
149,2026-02-04T01:05:40.0,2026-02-06T06:43:25.531,"Any[10, 11, 19, 25, 30, 37, 45, 53]",10,53
934,2026-02-04T02:03:40.0,2026-02-06T07:41:25.531,"Any[45, 37, 30, 25, 19, 13, 8]",45,8
106,2026-02-04T02:16:51.0,2026-01-30T07:54:36.531,"Any[10, 19, 25, 30, 37, 45, 53, 60]",10,60
507,2026-02-04T02:26:06.0,2026-02-06T08:03:51.531,"Any[53, 45, 37, 30, 25, 19, 10]",53,10
23,2026-02-04T02:35:19.0,2026-01-30T08:13:04.531,"Any[60, 56, 45, 37, 30, 25, 19, 11, 6]",60,6
843,2026-02-04T02:35:19.0,2026-02-06T08:13:04.531,"Any[60, 56, 45, 37, 30, 25, 19, 11, 6]",60,6
1276,2026-02-04T03:05:52.0,2026-01-30T08:43:37.531,"Any[53, 45, 37, 30, 25, 19, 10]",53,10
1176,2026-02-04T03:55:49.0,2026-01-30T09:33:34.531,"Any[10, 19, 25, 30, 37, 45, 53]",10,53
1588,2026-02-04T04:08:00.0,2026-01-30T09:45:45.531,Any[],10,64
1403,2026-02-04T04:26:00.0,2026-01-30T10:03:45.531,Any[],53,7
715,2026-02-04T04:27:50.0,2026-01-30T10:05:35.531,"Any[64, 53, 45, 37, 30, 25, 19, 13, 8]",64,8
421,2026-02-04T05:12:52.0,2026-02-06T10:50:37.531,"Any[56, 45, 37, 30, 25, 19, 11, 6, 1]",56,1
1267,2026-02-04T05:23:07.0,2026-01-30T11:00:52.531,"Any[64, 60, 53, 45, 37, 30, 25, 19, 11, 6, 1]",64,1
924,2026-02-04T06:29:51.5,2026-01-30T12:07:37.031,"Any[16, 25, 30, 37, 45, 53]",16,53
1124,2026-02-04T06:29:51.5,2026-01-30T12:07:37.031,"Any[16, 25, 30, 37, 45, 53]",16,53
1244,2026-02-04T07:22:00.287,2026-02-06T12:59:45.818,"Any[8, 13, 19, 25, 30, 37, 45, 56]",8,56
1579,2026-02-04T07:30:00.0,2026-01-30T13:07:45.531,Any[],10,64
1135,2026-02-04T07:36:16.0,2026-01-30T13:14:01.531,"Any[8, 13, 19, 25, 30, 37, 45, 56]",8,56
177,2026-02-04T07:37:17.0,2026-01-30T13:15:02.531,"Any[8, 13, 19, 25, 30, 37, 45]",8,45
567,2026-02-04T07:38:47.0,2026-02-06T13:16:32.531,"Any[19, 25, 30, 37, 45, 56]",19,56
1288,2026-02-04T07:56:32.0,2026-01-30T13:34:17.531,"Any[53, 45, 37, 30, 25, 19, 10]",53,10
13,2026-02-04T07:58:28.0,2026-02-06T13:36:13.531,"Any[10, 19, 25, 30, 37, 45, 53]",10,53
726,2026-02-04T07:58:28.0,2026-01-30T13:36:13.531,"Any[10, 19, 25, 30, 37, 45, 53]",10,53
1192,2026-02-04T08:09:25.0,2026-01-30T13:47:10.531,"Any[53, 45, 37, 30, 25]",53,25
268,2026-02-04T08:21:38.0,2026-01-30T13:59:23.531,"Any[53, 45, 37, 30, 25, 19, 10]",53,10
973,2026-02-04T08:21:38.0,2026-01-30T13:59:23.531,"Any[53, 45, 37, 30, 25, 19, 10]",53,10
625,2026-02-04T08:54:12.0,2026-02-06T14:31:57.531,"Any[6, 11, 19, 25, 30, 37, 45, 53]",6,53
536,2026-02-04T08:56:01.0,2026-01-30T14:33:46.531,"Any[1, 6, 11, 19, 25, 30, 37, 45, 53]",1,53
919,2026-02-04T08:58:31.0,2026-01-30T14:36:16.531,"Any[60, 56, 45, 37, 30, 25, 19, 17, 19, 11, 6, 6, 1]",60,6
477,2026-02-04T09:29:03.465,2026-01-30T15:06:48.996,"Any[60, 56, 45, 37, 30, 25, 19, 13, 8]",60,8
984,2026-02-04T09:29:03.465,2026-02-06T15:06:48.996,"Any[60, 56, 45, 37, 30, 25, 19, 13, 8]",60,8
1427,2026-02-04T10:09:00.0,2026-02-06T15:46:45.531,Any[],45,16
61,2026-02-04T10:11:45.0,2026-01-30T15:49:30.531,"Any[17, 16, 17, 25, 30, 37, 45, 53]",17,53
913,2026-02-04T10:11:45.0,2026-02-06T15:49:30.531,"Any[17, 16, 17, 25, 30, 37, 45, 53]",17,53
446,2026-02-04T10:21:29.179,2026-01-30T15:59:14.71,"Any[25, 30, 37, 45, 56, 60]",25,60
840,2026-02-04T10:21:29.179,2026-02-06T15:59:14.71,"Any[25, 30, 37, 45, 56, 60]",25,60
1507,2026-02-04T10:21:29.179,2026-01-30T15:59:14.71,"Any[25, 30, 37, 45, 56, 60]",25,60
1539,2026-02-04T10:21:29.179,2026-01-30T15:59:14.71,"Any[25, 30, 37, 45, 56, 60]",25,60
474,2026-02-04T10:35:30.0,2026-01-30T16:13:15.531,"Any[19, 25, 30, 37, 45, 53]",19,53
686,2026-02-04T10:42:23.0,2026-01-30T16:20:08.531,"Any[6, 11, 19, 25, 30, 37, 45]",6,45
1382,2026-02-04T10:44:14.601,2026-02-06T16:22:00.132,"Any[56, 45, 37, 30, 25, 19, 11, 6]",56,6
1079,2026-02-04T10:48:36.0,2026-02-06T16:26:21.531,"Any[8, 13, 19, 25, 30, 37, 45, 56]",8,56
534,2026-02-04T10:54:11.0,2026-02-06T16:31:56.531,"Any[6, 11, 19, 25, 30, 37, 45]",6,45
1169,2026-02-04T10:54:11.0,2026-02-06T16:31:56.531,"Any[6, 11, 19, 25, 30, 37, 45]",6,45
504,2026-02-04T11:22:34.0,2026-01-30T17:00:19.531,"Any[6, 11, 19, 25, 30, 37, 45, 56]",6,56
877,2026-02-04T11:22:34.0,2026-02-06T17:00:19.531,"Any[6, 11, 19, 25, 30, 37, 45, 56]",6,56
779,2026-02-04T11:35:33.0,2026-02-06T17:13:18.531,"Any[60, 53, 45, 37, 30, 25, 19, 13, 8]",60,8
911,2026-02-04T11:36:42.548,2026-01-30T17:14:28.079,"Any[60, 56, 45, 37, 30, 25, 19, 11, 6]",60,6
480,2026-02-04T12:03:40.0,2026-02-06T17:41:25.531,"Any[8, 13, 19, 25, 30, 37, 45, 56]",8,56
340,2026-02-04T12:33:22.0,2026-02-06T18:11:07.531,"Any[53, 45, 37, 30, 25, 19, 10]",53,10
1589,2026-02-04T13:10:00.0,2026-02-06T18:47:45.531,Any[],10,64
301,2026-02-04T13:25:13.0,2026-02-06T19:02:58.531,"Any[19, 25, 30, 37, 45, 53]",19,53
964,2026-02-04T13:25:13.0,2026-02-06T19:02:58.531,"Any[19, 25, 30, 37, 45, 53]",19,53
154,2026-02-04T13:27:36.0,2026-02-06T19:05:21.531,"Any[64, 60, 53, 45, 37, 30, 25, 19, 13, 8]",64,8
269,2026-02-04T13:53:48.931,2026-02-06T19:31:34.462,"Any[9, 15, 26, 31, 36, 44, 54]",9,54
1100,2026-02-04T13:53:48.931,2026-01-30T19:31:34.462,"Any[9, 15, 26, 31, 36, 44, 54]",9,54
876,2026-02-04T14:15:02.0,2026-02-06T19:52:47.531,"Any[64, 60, 53, 45, 37, 30, 25, 19, 11, 6]",64,6
60,2026-02-04T14:16:07.0,2026-02-06T19:53:52.531,"Any[6, 11, 19, 25, 30, 37, 45]",6,45
1428,2026-02-04T14:21:00.0,2026-02-06T19:58:45.531,Any[],45,16
916,2026-02-04T14:30:45.0,2026-01-30T20:08:30.531,"Any[6, 11, 19, 25, 30, 37, 45]",6,45
510,2026-02-04T14:33:52.0,2026-01-30T20:11:37.531,"Any[56, 45, 37, 30, 25, 19, 11, 6]",56,6
284,2026-02-04T14:39:48.0,2026-02-06T20:17:33.531,"Any[6, 11, 19, 25, 30, 37, 45]",6,45
1008,2026-02-04T14:53:49.0,2026-02-06T20:31:34.531,"Any[64, 60, 53, 45, 37, 30, 25, 19, 13, 8]",64,8
1112,2026-02-04T14:53:49.0,2026-01-30T20:31:34.531,"Any[64, 60, 53, 45, 37, 30, 25, 19, 13, 8]",64,8
598,2026-02-04T14:58:57.0,2026-01-30T20:36:42.531,"Any[56, 45, 37, 30, 25, 19, 20]",56,20
123,2026-02-04T15:04:52.0,2026-01-30T20:42:37.531,"Any[6, 11, 19, 25, 30, 37, 45, 53]",6,53
753,2026-02-04T15:04:52.0,2026-01-30T20:42:37.531,"Any[6, 11, 19, 25, 30, 37, 45, 53]",6,53
97,2026-02-04T15:05:08.941,2026-02-06T20:42:54.472,"Any[62, 45, 37, 30, 25, 19, 11, 6]",62,6
527,2026-02-04T15:09:00.0,2026-01-30T20:46:45.531,"Any[53, 45, 37, 30, 25, 19, 13, 8]",53,8
240,2026-02-04T15:38:05.0,2026-01-30T21:15:50.531,"Any[60, 53, 45, 37, 30, 25, 19]",60,19
1600,2026-02-04T15:39:00.0,2026-01-30T21:16:45.531,Any[],10,64
884,2026-02-04T16:02:18.0,2026-01-30T21:40:03.531,"Any[6, 11, 16, 25, 30, 37, 45]",6,45
931,2026-02-04T16:02:18.0,2026-02-06T21:40:03.531,"Any[6, 11, 16, 25, 30, 37, 45]",6,45
213,2026-02-04T16:12:16.977,2026-01-30T21:50:02.508,"Any[5, 6, 11, 19, 25, 30, 37, 45, 56]",5,56
738,2026-02-04T16:12:16.977,2026-02-06T21:50:02.508,"Any[5, 6, 11, 19, 25, 30, 37, 45, 56]",5,56
1027,2026-02-04T16:15:31.333,2026-02-06T21:53:16.864,"Any[6, 11, 19, 25, 30, 37, 45, 56]",6,56
632,2026-02-04T16:31:49.0,2026-01-30T22:09:34.531,"Any[60, 53, 45, 37, 30, 25, 19, 10]",60,10
850,2026-02-04T16:31:49.0,2026-01-30T22:09:34.531,"Any[60, 53, 45, 37, 30, 25, 19, 10]",60,10
399,2026-02-04T16:47:57.0,2026-01-30T22:25:42.531,"Any[6, 11, 19, 25, 30, 37, 45]",6,45
1270,2026-02-04T16:52:12.0,2026-02-06T22:29:57.531,"Any[8, 13, 19, 25, 30, 37, 45, 56]",8,56
271,2026-02-04T16:55:17.0,2026-01-30T22:33:02.531,"Any[64, 56, 45, 37, 30, 25, 19, 11, 6]",64,6
158,2026-02-04T16:55:22.0,2026-02-06T22:33:07.531,"Any[64, 56, 45, 37, 30, 25, 19, 11, 6]",64,6
32,2026-02-04T16:58:20.0,2026-02-06T22:36:05.531,"Any[53, 45, 37, 30, 25, 19, 11, 6, 1]",53,1
16,2026-02-04T16:59:54.0,2026-02-06T22:37:39.531,"Any[1, 6, 11, 16, 19, 25, 30, 37, 45, 56, 60, 64]",1,64
866,2026-02-04T16:59:54.0,2026-01-30T22:37:39.531,"Any[1, 6, 11, 16, 19, 25, 30, 37, 45, 56, 60, 64]",1,64
221,2026-02-04T17:16:43.0,2026-02-06T22:54:28.531,"Any[56, 45, 37, 30, 25, 19, 11, 6]",56,6
1031,2026-02-04T17:16:43.0,2026-01-30T22:54:28.531,"Any[56, 45, 37, 30, 25, 19, 11, 6]",56,6
1248,2026-02-04T17:21:55.0,2026-02-06T22:59:40.531,"Any[53, 45, 37, 30, 25, 19, 11, 6, 1]",53,1
1229,2026-02-04T17:34:15.0,2026-01-30T23:12:00.531,"Any[53, 45, 37, 30, 25, 19, 11, 6, 1]",53,1
459,2026-02-04T17:43:11.109,2026-01-30T23:20:56.64,"Any[60, 56, 45, 37, 30, 25, 19, 11, 6]",60,6
25,2026-02-04T17:50:08.608,2026-01-30T23:27:54.139,"Any[60, 56, 45, 37, 30, 25, 19, 11, 6]",60,6
1210,2026-02-04T17:52:33.785,2026-01-30T23:30:19.316,"Any[60, 56, 45, 37, 30, 25, 19]",60,19
806,2026-02-04T18:42:20.0,2026-02-07T00:20:05.531,"Any[8, 13, 19, 25, 30, 37, 45, 53]",8,53
1456,2026-02-04T18:57:00.0,2026-01-31T00:34:45.531,Any[],45,3
1136,2026-02-04T19:05:20.0,2026-01-31T00:43:05.531,"Any[8, 13, 19, 25, 30, 37, 45, 53]",8,53
227,2026-02-04T19:11:51.0,2026-01-31T00:49:36.531,"Any[1, 6, 11, 19, 25, 30, 37, 45, 53]",1,53
475,2026-02-04T19:11:51.0,2026-01-31T00:49:36.531,"Any[1, 6, 11, 19, 25, 30, 37, 45, 53]",1,53
756,2026-02-04T19:11:51.0,2026-01-31T00:49:36.531,"Any[1, 6, 11, 19, 25, 30, 37, 45, 53]",1,53
1035,2026-02-04T19:26:41.0,2026-02-07T01:04:26.531,"Any[1, 6, 11, 19, 25, 30, 37, 45, 53]",1,53
80,2026-02-04T20:00:58.0,2026-02-07T01:38:43.531,"Any[8, 13, 19, 25, 30, 37, 45]",8,45
999,2026-02-04T20:07:36.0,2026-01-31T01:45:21.531,"Any[7, 8, 13, 19, 25, 30, 37, 45, 53]",7,53
939,2026-02-04T20:10:44.013,2026-01-31T01:48:29.544,"Any[8, 13, 19, 25, 30, 37, 45, 53]",8,53
1374,2026-02-04T20:48:19.0,2026-01-31T02:26:04.531,"Any[56, 45, 37, 30, 25, 19, 11, 6]",56,6
1378,2026-02-04T20:48:19.0,2026-01-31T02:26:04.531,"Any[56, 45, 37, 30, 25, 19, 11, 6]",56,6
1387,2026-02-04T20:48:19.0,2026-02-07T02:26:04.531,"Any[56, 45, 37, 30, 25, 19, 11, 6]",56,6
77,2026-02-04T20:53:56.0,2026-02-07T02:31:41.531,"Any[62, 53, 45, 37, 30, 25, 19, 11, 6]",62,6
135,2026-02-04T21:02:40.0,2026-01-31T02:40:25.531,"Any[53, 45, 37, 30, 25]",53,25
431,2026-02-04T21:03:42.05,2026-01-31T02:41:27.581,"Any[10, 19, 25, 30, 37, 45, 53, 60]",10,60
437,2026-02-04T21:13:17.0,2026-02-07T02:51:02.531,"Any[1, 6, 11, 19, 23, 36, 44, 54, 60]",1,60
1562,2026-02-04T21:13:17.0,2026-02-07T02:51:02.531,"Any[1, 6, 11, 19, 23, 36, 44, 54, 60]",1,60
114,2026-02-04T21:16:34.0,2026-02-07T02:54:19.531,"Any[7, 8, 13, 19, 25, 30, 37, 45, 53]",7,53
947,2026-02-04T21:16:34.0,2026-02-07T02:54:19.531,"Any[7, 8, 13, 19, 25, 30, 37, 45, 53]",7,53
1139,2026-02-04T22:08:38.0,2026-01-31T03:46:23.531,"Any[8, 13, 19, 25, 30, 37, 45, 56]",8,56
1009,2026-02-04T22:09:13.0,2026-01-31T03:46:58.531,"Any[53, 45, 37, 30, 25, 19, 13, 8]",53,8
232,2026-02-04T22:10:13.0,2026-02-07T03:47:58.531,"Any[7, 8, 13, 19, 25, 30, 37, 45, 53]",7,53
696,2026-02-04T22:10:13.0,2026-02-07T03:47:58.531,"Any[7, 8, 13, 19, 25, 30, 37, 45, 53]",7,53
797,2026-02-04T22:11:35.0,2026-01-31T03:49:20.531,"Any[8, 13, 19, 25, 30, 37, 45, 53]",8,53
261,2026-02-04T22:23:05.049,2026-02-07T04:00:50.58,"Any[60, 56, 45, 37, 30, 25, 19, 11, 6]",60,6
297,2026-02-04T22:23:05.049,2026-02-07T04:00:50.58,"Any[60, 56, 45, 37, 30, 25, 19, 11, 6]",60,6
819,2026-02-04T22:45:22.0,2026-01-31T04:23:07.531,"Any[10, 19, 25, 30, 37, 45, 53, 60]",10,60
1032,2026-02-04T22:45:22.0,2026-01-31T04:23:07.531,"Any[10, 19, 25, 30, 37, 45, 53, 60]",10,60
461,2026-02-04T23:03:00.0,2026-01-31T04:40:45.531,"Any[1, 6, 11, 19, 25, 30, 37, 45, 56]",1,56
152,2026-02-04T23:04:06.0,2026-02-07T04:41:51.531,"Any[8, 13, 19, 25, 30, 37, 45, 56]",8,56
709,2026-02-04T23:06:31.0,2026-01-31T04:44:16.531,"Any[53, 45, 37, 30, 25, 19, 10]",53,10
778,2026-02-04T23:08:43.0,2026-01-31T04:46:28.531,"Any[6, 11, 19, 25, 30, 37, 45]",6,45
643,2026-02-04T23:33:32.0,2026-02-07T05:11:17.531,"Any[10, 19, 25, 30, 37, 45, 53]",10,53
1426,2026-02-05T00:08:00.0,2026-02-07T05:45:45.531,Any[],45,16
1233,2026-02-05T00:08:56.565,2026-02-07T05:46:42.096,"Any[61, 53, 45, 37, 30, 25, 19, 11, 6]",61,6
1565,2026-02-05T00:10:56.0,2026-01-31T05:48:41.531,"Any[1, 6, 11, 19, 23, 36, 44, 54, 60]",1,60
1072,2026-02-05T00:33:19.0,2026-02-07T06:11:04.531,"Any[60, 53, 45, 37, 30, 25, 19, 10]",60,10
1236,2026-02-05T01:01:24.0,2026-02-07T06:39:09.531,"Any[8, 13, 19, 25, 30, 37, 45, 56]",8,56
1117,2026-02-05T01:26:12.0,2026-02-07T07:03:57.531,"Any[60, 53, 45, 37, 30, 25, 19, 11, 6, 1]",60,1
1191,2026-02-05T01:26:12.0,2026-01-31T07:03:57.531,"Any[60, 53, 45, 37, 30, 25, 19, 11, 6, 1]",60,1
492,2026-02-05T02:01:06.0,2026-02-07T07:38:51.531,"Any[64, 60, 53, 45, 37, 30, 25, 19, 11, 6, 1]",64,1
39,2026-02-05T02:03:00.0,2026-01-31T07:40:45.531,"Any[64, 53, 45, 37, 30, 25, 19, 13, 8]",64,8
334,2026-02-05T02:20:34.0,2026-02-07T07:58:19.531,"Any[64, 60, 53, 45, 37, 30, 25, 19, 13, 8]",64,8
1184,2026-02-05T02:20:34.0,2026-01-31T07:58:19.531,"Any[64, 60, 53, 45, 37, 30, 25, 19, 13, 8]",64,8
992,2026-02-05T02:20:40.0,2026-01-31T07:58:25.531,"Any[10, 19, 25, 30, 37, 45, 53]",10,53
434,2026-02-05T02:21:35.0,2026-02-07T07:59:20.531,"Any[8, 13, 19, 25, 30, 37, 45, 53, 62]",8,62
1554,2026-02-05T02:21:35.0,2026-01-31T07:59:20.531,"Any[8, 13, 19, 25, 30, 37, 45, 53, 62]",8,62
1556,2026-02-05T02:21:35.0,2026-02-07T07:59:20.531,"Any[8, 13, 19, 25, 30, 37, 45, 53, 62]",8,62
1557,2026-02-05T02:21:35.0,2026-01-31T07:59:20.531,"Any[8, 13, 19, 25, 30, 37, 45, 53, 62]",8,62
1558,2026-02-05T02:21:35.0,2026-01-31T07:59:20.531,"Any[8, 13, 19, 25, 30, 37, 45, 53, 62]",8,62
1559,2026-02-05T02:21:35.0,2026-02-07T07:59:20.531,"Any[8, 13, 19, 25, 30, 37, 45, 53, 62]",8,62
1449,2026-02-05T02:39:00.0,2026-01-31T08:16:45.531,Any[],45,3
546,2026-02-05T02:51:53.0,2026-02-07T08:29:38.531,"Any[64, 60, 53, 45, 37, 30, 25, 19, 11, 6, 1]",64,1
1203,2026-02-05T02:51:53.0,2026-02-07T08:29:38.531,"Any[64, 60, 53, 45, 37, 30, 25, 19, 11, 6, 1]",64,1
1292,2026-02-05T03:49:28.0,2026-02-07T09:27:13.531,"Any[56, 45, 37, 30, 25]",56,25
1074,2026-02-05T04:28:00.0,2026-01-31T10:05:45.531,"Any[1, 6, 11, 19, 25, 30, 37, 45, 53]",1,53
981,2026-02-05T05:35:11.0,2026-01-31T11:12:56.531,"Any[8, 13, 19, 25, 30, 37, 45, 56, 60, 64]",8,64
220,2026-02-05T05:40:27.0,2026-02-07T11:18:12.531,"Any[19, 25, 30, 37, 45, 53, 60]",19,60
71,2026-02-05T07:11:51.0,2026-01-31T12:49:36.531,"Any[17, 16, 25, 30, 37, 45, 53]",17,53
994,2026-02-05T07:11:51.0,2026-01-31T12:49:36.531,"Any[17, 16, 25, 30, 37, 45, 53]",17,53
257,2026-02-05T07:15:58.0,2026-01-31T12:53:43.531,"Any[60, 56, 45, 37, 30, 25, 19, 11, 6]",60,6
1187,2026-02-05T07:15:58.0,2026-01-31T12:53:43.531,"Any[60, 56, 45, 37, 30, 25, 19, 11, 6]",60,6
285,2026-02-05T07:45:56.0,2026-01-31T13:23:41.531,"Any[53, 45, 37, 30, 25, 19, 11, 6, 1]",53,1
1021,2026-02-05T07:48:44.0,2026-02-07T13:26:29.531,"Any[56, 45, 37, 30, 25]",56,25
295,2026-02-05T07:49:21.0,2026-01-31T13:27:06.531,"Any[53, 45, 37, 30, 25, 19, 11, 6]",53,6
420,2026-02-05T08:12:01.0,2026-01-31T13:49:46.531,"Any[19, 25, 30, 37, 45, 53]",19,53
935,2026-02-05T08:12:01.0,2026-02-07T13:49:46.531,"Any[19, 25, 30, 37, 45, 53]",19,53
203,2026-02-05T08:12:30.0,2026-01-31T13:50:15.531,"Any[19, 25, 30, 37, 45, 53]",19,53
754,2026-02-05T08:26:25.049,2026-01-31T14:04:10.58,"Any[8, 13, 19, 25, 30, 37, 45, 56]",8,56
84,2026-02-05T09:04:31.0,2026-02-07T14:42:16.531,"Any[6, 11, 19, 25, 30, 37, 45]",6,45
233,2026-02-05T09:10:30.0,2026-01-31T14:48:15.531,"Any[53, 45, 37, 30, 25, 19, 10]",53,10
1333,2026-02-05T09:15:45.0,2026-02-07T14:53:30.531,"Any[56, 45, 37, 30, 25, 19]",56,19
1442,2026-02-05T10:27:00.0,2026-02-07T16:04:45.531,Any[],45,7
562,2026-02-05T10:58:45.572,2026-02-07T16:36:31.103,"Any[62, 45, 37, 30, 25, 19]",62,19
1056,2026-02-05T10:58:45.572,2026-02-07T16:36:31.103,"Any[62, 45, 37, 30, 25, 19]",62,19
719,2026-02-05T11:51:56.0,2026-02-07T17:29:41.531,"Any[56, 45, 37, 30, 25, 19]",56,19
1345,2026-02-05T11:51:56.0,2026-02-07T17:29:41.531,"Any[56, 45, 37, 30, 25, 19]",56,19
1170,2026-02-05T11:52:50.0,2026-01-31T17:30:35.531,"Any[53, 45, 37, 30, 25, 19, 13, 8]",53,8
218,2026-02-05T12:34:04.0,2026-02-07T18:11:49.531,"Any[53, 45, 37, 30, 25, 19, 10]",53,10
463,2026-02-05T12:34:04.0,2026-02-07T18:11:49.531,"Any[53, 45, 37, 30, 25, 19, 10]",53,10
891,2026-02-05T12:49:37.0,2026-02-07T18:27:22.531,"Any[53, 45, 37, 30, 25, 19, 10, 6]",53,6
125,2026-02-05T12:50:09.0,2026-02-07T18:27:54.531,"Any[56, 45, 37, 30, 25]",56,25
508,2026-02-05T12:51:04.884,2026-02-07T18:28:50.415,"Any[64, 60, 56, 45, 37, 30, 25, 19, 13, 8, 7, 8]",64,8
881,2026-02-05T12:51:04.884,2026-02-07T18:28:50.415,"Any[64, 60, 56, 45, 37, 30, 25, 19, 13, 8, 7, 8]",64,8
544,2026-02-05T12:59:19.0,2026-01-31T18:37:04.531,"Any[53, 45, 37, 30, 25]",53,25
305,2026-02-05T13:11:52.0,2026-01-31T18:49:37.531,"Any[53, 45, 37, 30, 25, 19, 10]",53,10
196,2026-02-05T13:55:44.0,2026-02-07T19:33:29.531,"Any[19, 25, 30, 37, 45, 56, 60]",19,60
91,2026-02-05T14:01:22.428,2026-02-07T19:39:07.959,"Any[1, 6, 11, 19, 25, 30, 37, 45, 56]",1,56
506,2026-02-05T14:32:03.0,2026-01-31T20:09:48.531,"Any[60, 56, 45, 37, 30, 25, 19, 13, 8]",60,8
231,2026-02-05T14:50:48.0,2026-02-07T20:28:33.531,"Any[53, 45, 37, 30, 25]",53,25
701,2026-02-05T14:52:19.0,2026-02-07T20:30:04.531,"Any[53, 45, 37, 30, 25, 19, 13, 8]",53,8
1415,2026-02-05T15:05:02.389,2026-02-07T20:42:47.92,"Any[45, 37, 30, 25, 19]",45,19
204,2026-02-05T15:16:38.801,2026-02-07T20:54:24.332,"Any[8, 13, 19, 25, 30, 37, 45, 53, 60]",8,60
698,2026-02-05T15:19:02.0,2026-01-31T20:56:47.531,"Any[53, 45, 37, 30, 25, 19, 10]",53,10
1033,2026-02-05T15:19:02.0,2026-02-07T20:56:47.531,"Any[53, 45, 37, 30, 25, 19, 10]",53,10
337,2026-02-05T15:32:27.0,2026-01-31T21:10:12.531,"Any[3, 10, 19, 25, 30, 37, 45, 53]",3,53
352,2026-02-05T15:37:17.0,2026-02-07T21:15:02.531,"Any[56, 45, 37, 30, 25, 19, 11, 6, 1]",56,1
389,2026-02-05T15:53:57.042,2026-01-31T21:31:42.573,"Any[19, 25, 30, 37, 45, 53]",19,53
619,2026-02-05T16:02:26.0,2026-02-07T21:40:11.531,"Any[60, 53, 45, 37, 30, 25, 19, 13, 8]",60,8
790,2026-02-05T16:04:09.0,2026-02-07T21:41:54.531,"Any[56, 45, 37, 30, 25]",56,25
1046,2026-02-05T16:08:59.421,2026-02-07T21:46:44.952,"Any[1, 6, 11, 19, 25, 30, 37, 45, 56]",1,56
1094,2026-02-05T16:08:59.421,2026-01-31T21:46:44.952,"Any[1, 6, 11, 19, 25, 30, 37, 45, 56]",1,56
1130,2026-02-05T16:17:42.0,2026-01-31T21:55:27.531,"Any[64, 56, 45, 37, 30, 25, 19, 11, 6]",64,6
151,2026-02-05T16:29:57.0,2026-02-07T22:07:42.531,"Any[60, 56, 45, 37, 30, 25, 19, 11, 6]",60,6
908,2026-02-05T16:30:11.0,2026-02-07T22:07:56.531,"Any[10, 19, 25, 30, 37, 45, 53]",10,53
1566,2026-02-05T16:39:03.8,2026-02-07T22:16:49.331,"Any[1, 6, 11, 19, 25, 30, 37, 45, 56, 60]",1,60
199,2026-02-05T17:04:06.0,2026-01-31T22:41:51.531,"Any[56, 45, 37, 30, 25, 19, 11, 6, 6, 1]",56,6
1230,2026-02-05T17:07:25.0,2026-01-31T22:45:10.531,"Any[6, 11, 19, 25, 30, 37, 45, 56, 60]",6,60
1070,2026-02-05T17:08:06.0,2026-02-07T22:45:51.531,"Any[6, 11, 19, 25, 30, 37, 45, 53]",6,53
432,2026-02-05T17:12:05.0,2026-02-07T22:49:50.531,"Any[6, 11, 16, 25, 30, 37, 45]",6,45
171,2026-02-05T17:36:23.0,2026-02-07T23:14:08.531,"Any[10, 19, 25, 30, 37, 45, 53]",10,53
208,2026-02-05T17:36:23.0,2026-02-07T23:14:08.531,"Any[10, 19, 25, 30, 37, 45, 53]",10,53
294,2026-02-05T17:36:59.0,2026-01-31T23:14:44.531,"Any[10, 19, 25, 30, 37, 45, 53]",10,53
1148,2026-02-05T17:36:59.0,2026-02-07T23:14:44.531,"Any[10, 19, 25, 30, 37, 45, 53]",10,53
489,2026-02-05T17:40:20.0,2026-01-31T23:18:05.531,"Any[56, 45, 37, 30, 25, 19, 11, 6]",56,6
1059,2026-02-05T17:40:20.0,2026-02-07T23:18:05.531,"Any[56, 45, 37, 30, 25, 19, 11, 6]",56,6
1549,2026-02-05T17:49:15.0,2026-02-07T23:27:00.531,"Any[19, 25, 30, 37, 45, 53, 60]",19,60
1599,2026-02-05T17:52:00.0,2026-02-07T23:29:45.531,Any[],10,64
622,2026-02-05T17:53:31.0,2026-02-07T23:31:16.531,"Any[45, 37, 30, 25, 19, 10]",45,10
1469,2026-02-05T17:53:31.0,2026-01-31T23:31:16.531,"Any[45, 37, 30, 25, 19, 10]",45,10
1455,2026-02-05T17:54:00.0,2026-01-31T23:31:45.531,Any[],45,3
219,2026-02-05T17:58:25.0,2026-01-31T23:36:10.531,"Any[6, 11, 19, 25, 30, 37, 45]",6,45
1185,2026-02-05T17:58:25.0,2026-02-07T23:36:10.531,"Any[6, 11, 19, 25, 30, 37, 45]",6,45
1395,2026-02-05T17:58:27.0,2026-02-07T23:36:12.531,"Any[56, 45, 37, 30, 25, 19, 11, 6, 6, 5, 1, 1]",56,6
49,2026-02-05T18:13:32.0,2026-01-31T23:51:17.531,"Any[10, 19, 25, 30, 37, 45, 53]",10,53
1067,2026-02-05T18:18:32.0,2026-02-07T23:56:17.531,"Any[19, 25, 30, 37, 45, 56, 60]",19,60
1548,2026-02-05T18:18:32.0,2026-02-07T23:56:17.531,"Any[19, 25, 30, 37, 45, 56, 60]",19,60
1377,2026-02-05T18:42:58.0,2026-02-08T00:20:43.531,"Any[56, 45, 37, 30, 25, 19, 11, 6]",56,6
1391,2026-02-05T18:42:58.0,2026-02-01T00:20:43.531,"Any[56, 45, 37, 30, 25, 19, 11, 6]",56,6
1014,2026-02-05T18:57:02.0,2026-02-08T00:34:47.531,"Any[45, 37, 30, 25, 19, 17, 10]",45,10
712,2026-02-05T19:10:59.15,2026-02-01T00:48:44.681,"Any[8, 13, 19, 25, 30, 37, 45, 53]",8,53
677,2026-02-05T19:13:37.0,2026-02-08T00:51:22.531,"Any[56, 45, 37, 30, 25, 19]",56,19
1058,2026-02-05T19:13:37.0,2026-02-01T00:51:22.531,"Any[56, 45, 37, 30, 25, 19]",56,19
1326,2026-02-05T19:13:37.0,2026-02-08T00:51:22.531,"Any[56, 45, 37, 30, 25, 19]",56,19
1328,2026-02-05T19:13:37.0,2026-02-08T00:51:22.531,"Any[56, 45, 37, 30, 25, 19]",56,19
1353,2026-02-05T19:13:37.0,2026-02-08T00:51:22.531,"Any[56, 45, 37, 30, 25, 19]",56,19
1358,2026-02-05T19:13:37.0,2026-02-01T00:51:22.531,"Any[56, 45, 37, 30, 25, 19]",56,19
191,2026-02-05T19:18:50.232,2026-02-08T00:56:35.763,"Any[1, 6, 11, 19, 25, 30, 37, 45, 53]",1,53
514,2026-02-05T19:19:18.0,2026-02-08T00:57:03.531,"Any[1, 6, 11, 25, 30, 37, 45, 53]",1,53
309,2026-02-05T19:20:18.0,2026-02-01T00:58:03.531,"Any[1, 6, 11, 19, 25, 30, 37, 45, 53]",1,53
959,2026-02-05T19:23:38.869,2026-02-01T01:01:24.4,"Any[1, 6, 11, 19, 25, 30, 37, 45, 53, 60]",1,60
332,2026-02-05T19:35:22.0,2026-02-08T01:13:07.531,"Any[10, 19, 25, 30, 37, 45, 53]",10,53
331,2026-02-05T19:39:10.0,2026-02-08T01:16:55.531,"Any[10, 19, 25, 30, 37, 45, 53]",10,53
950,2026-02-05T19:39:10.0,2026-02-01T01:16:55.531,"Any[10, 19, 25, 30, 37, 45, 53]",10,53
1165,2026-02-05T19:56:04.0,2026-02-08T01:33:49.531,"Any[53, 45, 37, 30, 25]",53,25
914,2026-02-05T20:17:50.0,2026-02-08T01:55:35.531,"Any[53, 45, 37, 30, 25, 19, 13, 8]",53,8
364,2026-02-05T20:43:02.0,2026-02-08T02:20:47.531,"Any[10, 19, 25, 30, 37, 45, 53]",10,53
611,2026-02-05T20:43:02.0,2026-02-08T02:20:47.531,"Any[10, 19, 25, 30, 37, 45, 53]",10,53
1213,2026-02-05T20:55:05.0,2026-02-08T02:32:50.531,"Any[10, 19, 25, 30, 37, 45, 53]",10,53
110,2026-02-05T21:07:06.0,2026-02-01T02:44:51.531,"Any[53, 45, 37, 30, 25, 19, 13, 8]",53,8
230,2026-02-05T21:38:40.391,2026-02-01T03:16:25.922,"Any[53, 45, 37, 30, 25, 19, 10]",53,10
20,2026-02-05T21:43:20.0,2026-02-01T03:21:05.531,"Any[10, 19, 25, 30, 37, 45, 53]",10,53
1152,2026-02-05T21:43:20.0,2026-02-01T03:21:05.531,"Any[10, 19, 25, 30, 37, 45, 53]",10,53
925,2026-02-05T22:11:39.0,2026-02-01T03:49:24.531,"Any[10, 19, 25, 30, 37, 45, 53]",10,53
1041,2026-02-05T22:29:17.0,2026-02-08T04:07:02.531,"Any[56, 45, 37, 30, 25, 19, 11, 6]",56,6
1393,2026-02-05T22:29:17.0,2026-02-08T04:07:02.531,"Any[56, 45, 37, 30, 25, 19, 11, 6]",56,6
15,2026-02-05T22:58:28.0,2026-02-08T04:36:13.531,"Any[53, 45, 37, 30, 25, 19, 10]",53,10
828,2026-02-05T22:58:28.0,2026-02-01T04:36:13.531,"Any[53, 45, 37, 30, 25, 19, 10]",53,10
974,2026-02-05T23:18:18.0,2026-02-08T04:56:03.531,"Any[53, 45, 37, 30, 25, 19, 10]",53,10
808,2026-02-05T23:20:07.0,2026-02-01T04:57:52.531,"Any[13, 19, 25, 30, 37, 45, 56]",13,56
904,2026-02-05T23:26:35.0,2026-02-08T05:04:20.531,"Any[8, 13, 19, 25, 30, 37, 45, 56]",8,56
1102,2026-02-05T23:26:35.0,2026-02-01T05:04:20.531,"Any[8, 13, 19, 25, 30, 37, 45, 56]",8,56
35,2026-02-05T23:35:26.732,2026-02-01T05:13:12.263,"Any[53, 45, 37, 30, 25, 19, 11, 6, 1]",53,1
470,2026-02-05T23:35:26.732,2026-02-08T05:13:12.263,"Any[53, 45, 37, 30, 25, 19, 11, 6, 1]",53,1
290,2026-02-05T23:36:38.0,2026-02-08T05:14:23.531,"Any[53, 45, 37, 30, 25]",53,25
303,2026-02-05T23:55:43.0,2026-02-01T05:33:28.531,"Any[8, 13, 19, 25, 30, 37, 45, 53]",8,53
1360,2026-02-05T23:57:00.0,2026-02-08T05:34:45.531,Any[],56,17
703,2026-02-06T00:01:06.0,2026-02-08T05:38:51.531,"Any[1, 6, 11, 19, 23, 36, 44, 54, 60]",1,60
1313,2026-02-06T00:06:00.0,2026-02-08T05:43:45.531,Any[],60,7
714,2026-02-06T00:22:05.0,2026-02-01T05:59:50.531,"Any[56, 45, 37, 30, 25, 16]",56,16
1432,2026-02-06T00:25:00.0,2026-02-01T06:02:45.531,Any[],45,13
89,2026-02-06T01:11:54.0,2026-02-01T06:49:39.531,"Any[64, 60, 53, 45, 37, 30, 25, 19, 13, 8]",64,8
244,2026-02-06T01:13:47.0,2026-02-08T06:51:32.531,"Any[6, 11, 25, 30, 37, 45, 53]",6,53
313,2026-02-06T01:13:47.0,2026-02-08T06:51:32.531,"Any[6, 11, 25, 30, 37, 45, 53]",6,53
442,2026-02-06T01:16:37.0,2026-02-01T06:54:22.531,"Any[8, 13, 19, 25, 30, 37, 45, 56]",8,56
283,2026-02-06T01:27:44.842,2026-02-01T07:05:30.373,"Any[53, 45, 37, 30, 25, 19, 11, 6, 1]",53,1
511,2026-02-06T01:28:20.904,2026-02-01T07:06:06.435,"Any[10, 19, 25, 30, 37, 45, 53]",10,53
1245,2026-02-06T01:29:29.0,2026-02-01T07:07:14.531,"Any[53, 45, 37, 30, 25, 19, 10]",53,10
1397,2026-02-06T01:47:40.0,2026-02-01T07:25:25.531,"Any[53, 45, 37, 30, 25, 19, 13, 8]",53,8
478,2026-02-06T02:19:24.0,2026-02-08T07:57:09.531,"Any[53, 45, 37, 30, 25, 19, 11, 6, 1]",53,1
1016,2026-02-06T02:27:45.0,2026-02-08T08:05:30.531,"Any[19, 25, 30, 37, 45, 56]",19,56
1228,2026-02-06T02:51:50.0,2026-02-01T08:29:35.531,"Any[19, 25, 30, 37, 45, 53]",19,53
1304,2026-02-06T03:25:00.0,2026-02-01T09:02:45.531,Any[],60,17
403,2026-02-06T03:34:11.0,2026-02-08T09:11:56.531,"Any[60, 56, 45, 37, 30, 25, 19, 11, 6]",60,6
1076,2026-02-06T03:44:28.0,2026-02-01T09:22:13.531,"Any[53, 45, 37, 30, 25]",53,25
1294,2026-02-06T04:54:43.0,2026-02-01T10:32:28.531,"Any[60, 53, 45, 37, 30, 25, 19, 10]",60,10
1312,2026-02-06T05:34:00.0,2026-02-08T11:11:45.531,Any[],60,7
1085,2026-02-06T05:38:46.0,2026-02-08T11:16:31.531,"Any[53, 45, 37, 30, 25, 19, 10]",53,10
679,2026-02-06T05:44:55.0,2026-02-08T11:22:40.531,"Any[64, 60, 53, 45, 37, 30, 25, 19, 11, 6, 1]",64,1
886,2026-02-06T06:14:53.903,2026-02-08T11:52:39.434,"Any[56, 45, 37, 30, 25, 19, 13, 8]",56,8
344,2026-02-06T06:28:44.0,2026-02-08T12:06:29.531,"Any[53, 45, 37, 30, 25]",53,25
839,2026-02-06T06:28:44.0,2026-02-01T12:06:29.531,"Any[53, 45, 37, 30, 25]",53,25
36,2026-02-06T06:39:06.0,2026-02-08T12:16:51.531,"Any[19, 25, 30, 37, 45, 56]",19,56
161,2026-02-06T06:48:36.0,2026-02-01T12:26:21.531,"Any[10, 19, 25, 30, 37, 45, 53]",10,53
858,2026-02-06T07:01:05.0,2026-02-08T12:38:50.531,"Any[64, 60, 56, 45, 37, 30, 25, 19, 11, 6, 6, 1]",64,6
330,2026-02-06T07:18:12.767,2026-02-08T12:55:58.298,"Any[64, 56, 45, 37, 30, 25, 19, 11, 6]",64,6
306,2026-02-06T08:08:21.619,2026-02-08T13:46:07.15,"Any[53, 45, 37, 30, 25, 19, 13, 8]",53,8
505,2026-02-06T08:10:57.0,2026-02-01T13:48:42.531,"Any[6, 11, 19, 25, 30, 37, 45]",6,45
1574,2026-02-06T08:24:00.0,2026-02-01T14:01:45.531,Any[],10,64
902,2026-02-06T08:25:48.0,2026-02-08T14:03:33.531,"Any[64, 60, 56, 45, 37, 30, 25, 19, 13, 8]",64,8
630,2026-02-06T08:25:56.0,2026-02-01T14:03:41.531,"Any[19, 25, 30, 37, 45, 53]",19,53
1243,2026-02-06T08:25:56.0,2026-02-01T14:03:41.531,"Any[19, 25, 30, 37, 45, 53]",19,53
1504,2026-02-06T08:41:57.0,2026-02-01T14:19:42.531,"Any[25, 30, 37, 45, 56, 60]",25,60
1524,2026-02-06T08:41:57.0,2026-02-01T14:19:42.531,"Any[25, 30, 37, 45, 56, 60]",25,60
1529,2026-02-06T08:41:57.0,2026-02-01T14:19:42.531,"Any[25, 30, 37, 45, 56, 60]",25,60
1541,2026-02-06T08:41:57.0,2026-02-08T14:19:42.531,"Any[25, 30, 37, 45, 56, 60]",25,60
1543,2026-02-06T08:41:57.0,2026-02-01T14:19:42.531,"Any[25, 30, 37, 45, 56, 60]",25,60
197,2026-02-06T09:01:03.0,2026-02-08T14:38:48.531,"Any[16, 19, 25, 30, 37, 45, 53]",16,53
603,2026-02-06T09:01:03.0,2026-02-01T14:38:48.531,"Any[16, 19, 25, 30, 37, 45, 53]",16,53
1254,2026-02-06T09:01:03.0,2026-02-01T14:38:48.531,"Any[16, 19, 25, 30, 37, 45, 53]",16,53
1447,2026-02-06T09:03:00.0,2026-02-08T14:40:45.531,Any[],45,3
740,2026-02-06T09:05:09.0,2026-02-08T14:42:54.531,"Any[56, 45, 37, 30, 25]",56,25
816,2026-02-06T09:05:09.0,2026-02-01T14:42:54.531,"Any[56, 45, 37, 30, 25]",56,25
115,2026-02-06T09:09:43.0,2026-02-01T14:47:28.531,"Any[1, 6, 11, 19, 25, 30, 37, 45, 56]",1,56
95,2026-02-06T09:25:56.0,2026-02-08T15:03:41.531,"Any[53, 45, 37, 30, 25, 19, 11, 6, 3, 1]",53,1
404,2026-02-06T09:25:56.0,2026-02-08T15:03:41.531,"Any[53, 45, 37, 30, 25, 19, 11, 6, 3, 1]",53,1
674,2026-02-06T09:34:19.0,2026-02-01T15:12:04.531,"Any[60, 56, 45, 37, 30, 25, 19, 13, 8]",60,8
646,2026-02-06T10:11:08.0,2026-02-08T15:48:53.531,"Any[8, 13, 19, 25, 30, 37, 45, 53]",8,53
187,2026-02-06T10:11:49.0,2026-02-01T15:49:34.531,"Any[53, 45, 37, 30, 25, 19, 10]",53,10
538,2026-02-06T10:11:49.0,2026-02-01T15:49:34.531,"Any[53, 45, 37, 30, 25, 19, 10]",53,10
122,2026-02-06T10:17:32.0,2026-02-01T15:55:17.531,"Any[53, 45, 37, 30, 25, 19]",53,19
928,2026-02-06T10:17:32.0,2026-02-01T15:55:17.531,"Any[53, 45, 37, 30, 25, 19]",53,19
323,2026-02-06T10:28:32.0,2026-02-01T16:06:17.531,"Any[6, 11, 19, 17, 19, 25, 30, 37, 45]",6,45
616,2026-02-06T10:32:09.0,2026-02-01T16:09:54.531,"Any[19, 25, 30, 37, 45, 53]",19,53
785,2026-02-06T10:37:01.0,2026-02-01T16:14:46.531,"Any[53, 45, 37, 30, 25, 19, 10]",53,10
1264,2026-02-06T10:37:01.0,2026-02-08T16:14:46.531,"Any[53, 45, 37, 30, 25, 19, 10]",53,10
721,2026-02-06T10:48:30.0,2026-02-08T16:26:15.531,"Any[6, 11, 19, 25, 30, 37, 45]",6,45
1279,2026-02-06T10:50:22.0,2026-02-08T16:28:07.531,"Any[53, 45, 37, 30, 25]",53,25
1595,2026-02-06T10:59:00.0,2026-02-08T16:36:45.531,Any[],10,64
921,2026-02-06T11:16:46.0,2026-02-01T16:54:31.531,"Any[45, 37, 30, 25, 19]",45,19
1412,2026-02-06T11:16:46.0,2026-02-08T16:54:31.531,"Any[45, 37, 30, 25, 19]",45,19
165,2026-02-06T11:58:07.518,2026-02-01T17:35:53.049,"Any[6, 11, 19, 25, 30, 37, 45, 56]",6,56
275,2026-02-06T11:58:07.518,2026-02-08T17:35:53.049,"Any[6, 11, 19, 25, 30, 37, 45, 56]",6,56
72,2026-02-06T12:01:00.0,2026-02-08T17:38:45.531,"Any[60, 56, 45, 37, 30, 25, 19, 10]",60,10
1510,2026-02-06T12:26:18.0,2026-02-08T18:04:03.531,"Any[25, 30, 37, 45, 56, 60]",25,60
1540,2026-02-06T12:26:18.0,2026-02-08T18:04:03.531,"Any[25, 30, 37, 45, 56, 60]",25,60
1307,2026-02-06T12:34:00.0,2026-02-01T18:11:45.531,Any[],60,16
706,2026-02-06T12:34:55.0,2026-02-01T18:12:40.531,"Any[53, 45, 37, 30, 25, 19, 10]",53,10
1207,2026-02-06T12:34:55.0,2026-02-01T18:12:40.531,"Any[53, 45, 37, 30, 25, 19, 10]",53,10
697,2026-02-06T12:38:25.0,2026-02-08T18:16:10.531,"Any[19, 25, 30, 37, 45, 56]",19,56
1290,2026-02-06T12:52:49.0,2026-02-01T18:30:34.531,"Any[45, 37, 30, 25, 19, 10]",45,10
1467,2026-02-06T12:52:49.0,2026-02-01T18:30:34.531,"Any[45, 37, 30, 25, 19, 10]",45,10
1468,2026-02-06T12:52:49.0,2026-02-08T18:30:34.531,"Any[45, 37, 30, 25, 19, 10]",45,10
198,2026-02-06T13:06:30.0,2026-02-01T18:44:15.531,"Any[56, 45, 37, 30, 25, 19, 11, 6]",56,6
1311,2026-02-06T13:10:00.0,2026-02-01T18:47:45.531,Any[],60,7
148,2026-02-06T13:12:31.0,2026-02-01T18:50:16.531,"Any[62, 53, 45, 37, 30, 25, 19, 11, 6, 1]",62,1
758,2026-02-06T13:15:48.794,2026-02-01T18:53:34.325,"Any[10, 19, 25, 30, 37, 45, 53]",10,53
1175,2026-02-06T13:20:42.0,2026-02-08T18:58:27.531,"Any[6, 11, 19, 25, 30, 37, 45, 56]",6,56
1145,2026-02-06T13:30:59.439,2026-02-08T19:08:44.97,"Any[56, 45, 37, 30, 25, 19, 11, 6]",56,6
1375,2026-02-06T13:30:59.439,2026-02-08T19:08:44.97,"Any[56, 45, 37, 30, 25, 19, 11, 6]",56,6
851,2026-02-06T13:41:24.0,2026-02-01T19:19:09.531,"Any[45, 37, 30, 25, 19, 10]",45,10
1298,2026-02-06T14:07:00.0,2026-02-08T19:44:45.531,Any[],60,17
1010,2026-02-06T15:08:15.0,2026-02-01T20:46:00.531,"Any[60, 53, 45, 37, 30, 25, 19, 11, 6, 1]",60,1
1127,2026-02-06T15:09:22.0,2026-02-08T20:47:07.531,"Any[56, 45, 37, 30, 25, 19, 11, 6, 1]",56,1
228,2026-02-06T15:33:15.838,2026-02-08T21:11:01.369,"Any[6, 11, 19, 25, 30, 37, 45, 53]",6,53
620,2026-02-06T15:33:15.838,2026-02-08T21:11:01.369,"Any[6, 11, 19, 25, 30, 37, 45, 53]",6,53
788,2026-02-06T15:40:26.0,2026-02-08T21:18:11.531,"Any[56, 45, 37, 30, 25]",56,25
1155,2026-02-06T15:43:57.0,2026-02-08T21:21:42.531,"Any[7, 8, 13, 19, 25, 30, 37, 45, 53]",7,53
481,2026-02-06T15:49:04.0,2026-02-01T21:26:49.531,"Any[6, 11, 16, 25, 30, 37, 45]",6,45
860,2026-02-06T15:51:32.0,2026-02-01T21:29:17.531,"Any[53, 45, 37, 30, 25, 19, 11, 6, 1]",53,1
879,2026-02-06T15:56:42.797,2026-02-08T21:34:28.328,"Any[56, 45, 37, 30, 25, 19, 11, 6, 6, 1]",56,6
1384,2026-02-06T15:56:42.797,2026-02-01T21:34:28.328,"Any[56, 45, 37, 30, 25, 19, 11, 6, 6, 1]",56,6
1388,2026-02-06T15:56:42.797,2026-02-08T21:34:28.328,"Any[56, 45, 37, 30, 25, 19, 11, 6, 6, 1]",56,6
658,2026-02-06T16:01:01.0,2026-02-01T21:38:46.531,"Any[56, 45, 37, 30, 25]",56,25
517,2026-02-06T16:05:01.0,2026-02-01T21:42:46.531,"Any[53, 45, 37, 30, 25, 19, 10]",53,10
385,2026-02-06T16:14:24.0,2026-02-01T21:52:09.531,"Any[53, 45, 37, 30, 25, 19, 10]",53,10
81,2026-02-06T16:21:22.0,2026-02-01T21:59:07.531,"Any[56, 45, 37, 30, 25, 19, 11, 6]",56,6
783,2026-02-06T16:21:22.0,2026-02-08T21:59:07.531,"Any[56, 45, 37, 30, 25, 19, 11, 6]",56,6
737,2026-02-06T16:22:38.68,2026-02-01T22:00:24.211,"Any[6, 11, 19, 25, 30, 37, 45, 56]",6,56
176,2026-02-06T16:28:34.0,2026-02-08T22:06:19.531,"Any[1, 6, 11, 19, 25, 30, 37, 45, 56]",1,56
1123,2026-02-06T16:28:34.0,2026-02-08T22:06:19.531,"Any[1, 6, 11, 19, 25, 30, 37, 45, 56]",1,56
587,2026-02-06T17:01:01.0,2026-02-08T22:38:46.531,"Any[7, 8, 13, 19, 25, 30, 37, 45, 53]",7,53
552,2026-02-06T17:17:15.0,2026-02-01T22:55:00.531,"Any[64, 53, 45, 37, 30, 25, 19, 11, 6, 1]",64,1
1066,2026-02-06T17:20:09.23,2026-02-01T22:57:54.761,"Any[45, 37, 30, 25, 19]",45,19
1413,2026-02-06T17:20:09.23,2026-02-08T22:57:54.761,"Any[45, 37, 30, 25, 19]",45,19
1592,2026-02-06T17:56:00.0,2026-02-08T23:33:45.531,Any[],10,64
441,2026-02-06T18:05:22.0,2026-02-08T23:43:07.531,"Any[8, 13, 19, 25, 30, 37, 45, 53]",8,53
120,2026-02-06T18:19:04.0,2026-02-08T23:56:49.531,"Any[8, 13, 19, 25, 30, 37, 45, 56]",8,56
972,2026-02-06T18:19:04.0,2026-02-08T23:56:49.531,"Any[8, 13, 19, 25, 30, 37, 45, 56]",8,56
869,2026-02-06T19:37:27.0,2026-02-09T01:15:12.531,"Any[10, 19, 25, 30, 37, 45, 53]",10,53
1013,2026-02-06T19:43:10.0,2026-02-02T01:20:55.531,"Any[53, 45, 37, 30, 25, 19, 13, 8]",53,8
1090,2026-02-06T19:43:10.0,2026-02-09T01:20:55.531,"Any[53, 45, 37, 30, 25, 19, 13, 8]",53,8
1296,2026-02-06T19:44:16.0,2026-02-02T01:22:01.531,"Any[53, 45, 37, 30, 25, 19, 13, 8]",53,8
724,2026-02-06T20:03:07.557,2026-02-09T01:40:53.088,"Any[56, 45, 37, 30, 25, 19, 10]",56,10
728,2026-02-06T20:03:07.557,2026-02-09T01:40:53.088,"Any[56, 45, 37, 30, 25, 19, 10]",56,10
584,2026-02-06T20:15:30.0,2026-02-09T01:53:15.531,"Any[53, 45, 37, 30, 25, 19, 13, 8]",53,8
575,2026-02-06T20:35:40.0,2026-02-02T02:13:25.531,"Any[3, 10, 19, 25, 30, 37, 45, 53]",3,53
624,2026-02-06T20:35:40.0,2026-02-02T02:13:25.531,"Any[3, 10, 19, 25, 30, 37, 45, 53]",3,53
46,2026-02-06T20:40:27.0,2026-02-02T02:18:12.531,"Any[53, 45, 37, 30, 25, 19, 10]",53,10
241,2026-02-06T20:40:27.0,2026-02-09T02:18:12.531,"Any[53, 45, 37, 30, 25, 19, 10]",53,10
563,2026-02-06T21:03:18.164,2026-02-02T02:41:03.695,"Any[1, 6, 11, 19, 23, 36, 44, 54, 60]",1,60
780,2026-02-06T21:32:36.0,2026-02-02T03:10:21.531,"Any[60, 56, 45, 37, 30, 25, 19, 11, 6]",60,6
602,2026-02-06T21:40:08.0,2026-02-02T03:17:53.531,"Any[10, 19, 25, 30, 37, 45, 53]",10,53
1561,2026-02-06T21:45:26.0,2026-02-09T03:23:11.531,"Any[1, 6, 11, 16, 25, 30, 37, 45, 56, 60]",1,60
103,2026-02-06T21:47:31.0,2026-02-02T03:25:16.531,"Any[7, 8, 13, 19, 25, 30, 37, 45, 53]",7,53
366,2026-02-06T21:53:29.204,2026-02-02T03:31:14.735,"Any[60, 56, 45, 37, 30, 25, 19, 11, 6]",60,6
1166,2026-02-06T22:12:22.0,2026-02-09T03:50:07.531,"Any[6, 11, 25, 30, 37, 45]",6,45
423,2026-02-06T23:08:27.0,2026-02-02T04:46:12.531,"Any[6, 11, 19, 25, 30, 37, 45, 53]",6,53
932,2026-02-06T23:08:27.0,2026-02-02T04:46:12.531,"Any[6, 11, 19, 25, 30, 37, 45, 53]",6,53
1266,2026-02-06T23:15:08.0,2026-02-02T04:52:53.531,"Any[10, 19, 25, 30, 37, 45, 53]",10,53
1036,2026-02-06T23:36:02.0,2026-02-02T05:13:47.531,"Any[1, 6, 11, 19, 23, 28, 36, 44, 54, 60]",1,60
1237,2026-02-07T00:11:59.0,2026-02-09T05:49:44.531,"Any[6, 11, 19, 25, 30, 37, 45]",6,45
368,2026-02-07T00:20:53.0,2026-02-02T05:58:38.531,"Any[1, 6, 11, 19, 25, 30, 37, 45, 53, 60]",1,60
1065,2026-02-07T00:20:53.0,2026-02-09T05:58:38.531,"Any[1, 6, 11, 19, 25, 30, 37, 45, 53, 60]",1,60
722,2026-02-07T00:35:56.0,2026-02-02T06:13:41.531,"Any[8, 13, 19, 25, 30, 37, 45, 56]",8,56
617,2026-02-07T00:48:13.0,2026-02-02T06:25:58.531,"Any[60, 53, 45, 37, 30, 25, 19, 10]",60,10
725,2026-02-07T01:15:33.0,2026-02-09T06:53:18.531,"Any[8, 13, 19, 25, 30, 37, 45, 56]",8,56
153,2026-02-07T01:16:58.81,2026-02-02T06:54:44.341,"Any[56, 45, 37, 30, 25, 19, 10, 6]",56,6
1179,2026-02-07T01:44:58.0,2026-02-09T07:22:43.531,"Any[60, 56, 45, 37, 30, 25, 19, 13, 19, 13, 8]",60,8
1596,2026-02-07T02:22:00.0,2026-02-09T07:59:45.531,Any[],10,64
14,2026-02-07T02:31:00.0,2026-02-02T08:08:45.531,"Any[53, 45, 37, 30, 25, 19, 11, 6, 1]",53,1
1007,2026-02-07T02:53:04.0,2026-02-09T08:30:49.531,"Any[3, 10, 19, 25, 30, 37, 45, 53]",3,53
129,2026-02-07T03:52:22.0,2026-02-09T09:30:07.531,"Any[53, 45, 37, 30, 25, 19]",53,19
79,2026-02-07T03:59:42.0,2026-02-09T09:37:27.531,"Any[17, 16, 17, 25, 30, 37, 45, 53]",17,53
1158,2026-02-07T03:59:42.0,2026-02-09T09:37:27.531,"Any[17, 16, 17, 25, 30, 37, 45, 53]",17,53
591,2026-02-07T04:39:17.0,2026-02-09T10:17:02.531,"Any[56, 45, 37, 30, 25]",56,25
499,2026-02-07T04:51:10.0,2026-02-02T10:28:55.531,"Any[56, 45, 37, 30, 25]",56,25
234,2026-02-07T04:59:16.0,2026-02-09T10:37:01.531,"Any[60, 56, 45, 37, 30, 25, 19, 11, 6]",60,6
500,2026-02-07T05:04:51.87,2026-02-09T10:42:37.401,"Any[60, 53, 45, 37, 30, 25, 19, 17, 19, 11, 6]",60,6
773,2026-02-07T05:30:03.0,2026-02-09T11:07:48.531,"Any[53, 45, 37, 30, 25, 19, 10]",53,10
521,2026-02-07T05:35:00.0,2026-02-09T11:12:45.531,"Any[1, 6, 11, 19, 23, 28, 36, 44, 60]",1,60
949,2026-02-07T05:35:00.0,2026-02-09T11:12:45.531,"Any[1, 6, 11, 19, 23, 28, 36, 44, 60]",1,60
1002,2026-02-07T05:35:00.0,2026-02-09T11:12:45.531,"Any[1, 6, 11, 19, 23, 28, 36, 44, 60]",1,60
824,2026-02-07T08:00:13.0,2026-02-09T13:37:58.531,"Any[1, 6, 11, 19, 25, 30, 37, 45, 56, 64]",1,64
1025,2026-02-07T08:00:13.0,2026-02-09T13:37:58.531,"Any[1, 6, 11, 19, 25, 30, 37, 45, 56, 64]",1,64
653,2026-02-07T08:08:13.0,2026-02-09T13:45:58.531,"Any[56, 45, 37, 30, 25, 19, 13, 8]",56,8
821,2026-02-07T08:11:45.0,2026-02-02T13:49:30.531,"Any[53, 45, 37, 30, 25]",53,25
1202,2026-02-07T08:11:45.0,2026-02-09T13:49:30.531,"Any[53, 45, 37, 30, 25]",53,25
447,2026-02-07T08:25:24.0,2026-02-02T14:03:09.531,"Any[10, 19, 25, 30, 37, 45, 53, 60]",10,60
159,2026-02-07T08:51:01.0,2026-02-02T14:28:46.531,"Any[10, 19, 25, 30, 37, 45, 53]",10,53
549,2026-02-07T08:51:01.0,2026-02-09T14:28:46.531,"Any[10, 19, 25, 30, 37, 45, 53]",10,53
1020,2026-02-07T08:51:01.0,2026-02-02T14:28:46.531,"Any[10, 19, 25, 30, 37, 45, 53]",10,53
1173,2026-02-07T09:30:01.0,2026-02-02T15:07:46.531,"Any[19, 25, 30, 37, 45, 53]",19,53
997,2026-02-07T10:13:18.0,2026-02-02T15:51:03.531,"Any[6, 11, 19, 25, 30, 37, 45, 56]",6,56
1275,2026-02-07T10:30:56.0,2026-02-09T16:08:41.531,"Any[53, 45, 37, 30, 25]",53,25
937,2026-02-07T11:32:05.0,2026-02-09T17:09:50.531,"Any[60, 53, 45, 37, 30, 25, 19, 10]",60,10
1023,2026-02-07T11:37:28.0,2026-02-02T17:15:13.531,"Any[62, 45, 37, 30, 25, 19, 13, 8]",62,8
166,2026-02-07T12:06:21.0,2026-02-09T17:44:06.531,"Any[6, 11, 19, 25, 30, 37, 45, 56]",6,56
415,2026-02-07T12:06:21.0,2026-02-09T17:44:06.531,"Any[6, 11, 19, 25, 30, 37, 45, 56]",6,56
68,2026-02-07T12:08:01.0,2026-02-09T17:45:46.531,"Any[53, 45, 37, 30, 25, 19, 10]",53,10
784,2026-02-07T12:08:01.0,2026-02-09T17:45:46.531,"Any[53, 45, 37, 30, 25, 19, 10]",53,10
743,2026-02-07T12:12:18.0,2026-02-02T17:50:03.531,"Any[64, 60, 53, 45, 37, 30, 25, 19, 11, 6, 1]",64,1
1214,2026-02-07T12:12:18.0,2026-02-02T17:50:03.531,"Any[64, 60, 53, 45, 37, 30, 25, 19, 11, 6, 1]",64,1
355,2026-02-07T12:17:42.0,2026-02-02T17:55:27.531,"Any[19, 25, 30, 37, 45, 56]",19,56
131,2026-02-07T12:20:45.0,2026-02-09T17:58:30.531,"Any[10, 19, 25, 30, 37, 45, 53, 60]",10,60
178,2026-02-07T12:20:45.0,2026-02-09T17:58:30.531,"Any[10, 19, 25, 30, 37, 45, 53, 60]",10,60
1144,2026-02-07T12:20:45.0,2026-02-02T17:58:30.531,"Any[10, 19, 25, 30, 37, 45, 53, 60]",10,60
673,2026-02-07T13:21:43.0,2026-02-02T18:59:28.531,"Any[8, 13, 19, 25, 30, 37, 45, 53]",8,53
838,2026-02-07T13:26:43.0,2026-02-02T19:04:28.531,"Any[60, 56, 45, 37, 30, 25, 19, 11, 10, 3]",60,3
767,2026-02-07T13:48:30.0,2026-02-09T19:26:15.531,"Any[56, 45, 37, 30, 25, 19, 10]",56,10
453,2026-02-07T14:10:14.0,2026-02-02T19:47:59.531,"Any[56, 45, 37, 30, 25, 19, 11, 6, 1]",56,1
379,2026-02-07T14:44:45.0,2026-02-02T20:22:30.531,"Any[13, 19, 25, 30, 37, 45, 56]",13,56
1060,2026-02-07T15:08:57.0,2026-02-09T20:46:42.531,"Any[56, 45, 37, 30, 25, 19, 13, 8]",56,8
963,2026-02-07T15:11:50.0,2026-02-02T20:49:35.531,"Any[10, 19, 25, 30, 37, 45, 53]",10,53
991,2026-02-07T15:11:50.0,2026-02-09T20:49:35.531,"Any[10, 19, 25, 30, 37, 45, 53]",10,53
796,2026-02-07T15:36:06.0,2026-02-09T21:13:51.531,"Any[6, 11, 19, 25, 30, 37, 45, 56]",6,56
687,2026-02-07T15:58:54.0,2026-02-09T21:36:39.531,"Any[19, 25, 30, 37, 45, 53]",19,53
1268,2026-02-07T16:15:39.0,2026-02-09T21:53:24.531,"Any[6, 11, 19, 25, 30, 37, 45]",6,45
1444,2026-02-07T16:46:00.0,2026-02-09T22:23:45.531,Any[],45,7
471,2026-02-07T16:49:34.0,2026-02-02T22:27:19.531,"Any[53, 45, 37, 30, 25]",53,25
1053,2026-02-07T16:49:34.0,2026-02-02T22:27:19.531,"Any[53, 45, 37, 30, 25]",53,25
193,2026-02-07T16:50:25.0,2026-02-09T22:28:10.531,"Any[53, 45, 37, 30, 25, 19, 13, 8]",53,8
1343,2026-02-07T18:01:46.0,2026-02-09T23:39:31.531,"Any[56, 45, 37, 30, 25, 19]",56,19
1354,2026-02-07T18:01:46.0,2026-02-09T23:39:31.531,"Any[56, 45, 37, 30, 25, 19]",56,19
487,2026-02-07T18:04:35.764,2026-02-09T23:42:21.295,"Any[1, 6, 11, 19, 25, 30, 37, 45, 56]",1,56
663,2026-02-07T18:22:17.0,2026-02-10T00:00:02.531,"Any[8, 13, 19, 25, 30, 37, 45, 53]",8,53
1000,2026-02-07T18:22:32.0,2026-02-03T00:00:17.531,"Any[56, 45, 37, 30, 25, 19]",56,19
1330,2026-02-07T18:22:32.0,2026-02-03T00:00:17.531,"Any[56, 45, 37, 30, 25, 19]",56,19
1342,2026-02-07T18:22:32.0,2026-02-10T00:00:17.531,"Any[56, 45, 37, 30, 25, 19]",56,19
766,2026-02-07T18:32:54.0,2026-02-10T00:10:39.531,"Any[56, 45, 37, 30, 25, 19]",56,19
1325,2026-02-07T18:35:00.0,2026-02-10T00:12:45.531,"Any[56, 45, 37, 30, 25, 19]",56,19
1337,2026-02-07T18:35:00.0,2026-02-03T00:12:45.531,"Any[56, 45, 37, 30, 25, 19]",56,19
1341,2026-02-07T18:35:00.0,2026-02-10T00:12:45.531,"Any[56, 45, 37, 30, 25, 19]",56,19
1348,2026-02-07T18:35:00.0,2026-02-10T00:12:45.531,"Any[56, 45, 37, 30, 25, 19]",56,19
1350,2026-02-07T18:35:00.0,2026-02-10T00:12:45.531,"Any[56, 45, 37, 30, 25, 19]",56,19
75,2026-02-07T19:19:52.0,2026-02-03T00:57:37.531,"Any[13, 19, 25, 30, 37, 45, 56]",13,56
311,2026-02-07T19:29:47.0,2026-02-03T01:07:32.531,"Any[1, 6, 11, 19, 25, 30, 37, 45, 53]",1,53
388,2026-02-07T19:48:50.0,2026-02-10T01:26:35.531,"Any[53, 45, 37, 30, 25, 19, 11, 6, 1]",53,1
1436,2026-02-07T20:02:00.0,2026-02-10T01:39:45.531,Any[],45,13
34,2026-02-07T20:02:17.176,2026-02-10T01:40:02.707,"Any[53, 45, 37, 30, 25, 19, 13, 8]",53,8
1078,2026-02-07T20:02:23.835,2026-02-10T01:40:09.366,"Any[56, 45, 37, 30, 25, 19, 10]",56,10
243,2026-02-07T20:05:13.0,2026-02-03T01:42:58.531,"Any[53, 45, 37, 30, 25, 19, 13, 8]",53,8
349,2026-02-07T20:05:13.0,2026-02-03T01:42:58.531,"Any[53, 45, 37, 30, 25, 19, 13, 8]",53,8
1322,2026-02-07T20:15:36.0,2026-02-03T01:53:21.531,"Any[60, 54, 44, 36, 31, 27, 21, 9]",60,9
559,2026-02-07T20:22:10.0,2026-02-03T01:59:55.531,"Any[6, 11, 19, 25, 30, 37, 45, 56, 60]",6,60
605,2026-02-07T20:22:10.0,2026-02-10T01:59:55.531,"Any[6, 11, 19, 25, 30, 37, 45, 56, 60]",6,60
53,2026-02-07T20:43:42.0,2026-02-10T02:21:27.531,"Any[10, 19, 25, 30, 37, 45, 53]",10,53
255,2026-02-07T20:43:42.0,2026-02-10T02:21:27.531,"Any[10, 19, 25, 30, 37, 45, 53]",10,53
343,2026-02-07T20:43:42.0,2026-02-10T02:21:27.531,"Any[10, 19, 25, 30, 37, 45, 53]",10,53
814,2026-02-07T20:43:42.0,2026-02-10T02:21:27.531,"Any[10, 19, 25, 30, 37, 45, 53]",10,53
820,2026-02-07T21:01:58.626,2026-02-10T02:39:44.157,"Any[8, 13, 19, 25, 30, 37, 45, 56]",8,56
1293,2026-02-07T21:19:51.0,2026-02-10T02:57:36.531,"Any[8, 13, 19, 25, 30, 37, 45, 53]",8,53
9,2026-02-07T22:06:55.0,2026-02-10T03:44:40.531,"Any[10, 19, 25, 30, 37, 45, 53]",10,53
1253,2026-02-07T22:06:55.0,2026-02-03T03:44:40.531,"Any[10, 19, 25, 30, 37, 45, 53]",10,53
929,2026-02-07T22:16:35.0,2026-02-10T03:54:20.531,"Any[8, 13, 19, 25, 30, 37, 45, 56]",8,56
1083,2026-02-07T22:28:13.0,2026-02-10T04:05:58.531,"Any[53, 45, 37, 30, 25, 19, 10]",53,10
270,2026-02-07T22:59:00.0,2026-02-10T04:36:45.531,"Any[54, 44, 36, 23, 19, 13, 8]",54,8
327,2026-02-07T22:59:00.0,2026-02-03T04:36:45.531,"Any[54, 44, 36, 23, 19, 13, 8]",54,8
905,2026-02-07T23:00:37.908,2026-02-10T04:38:23.439,"Any[8, 13, 19, 25, 30, 37, 45, 56]",8,56
986,2026-02-07T23:00:37.908,2026-02-03T04:38:23.439,"Any[8, 13, 19, 25, 30, 37, 45, 56]",8,56
1205,2026-02-07T23:37:58.0,2026-02-03T05:15:43.531,"Any[60, 56, 45, 37, 30, 25, 19, 11, 6]",60,6
855,2026-02-07T23:56:38.0,2026-02-03T05:34:23.531,"Any[19, 25, 30, 37, 45, 53]",19,53
1051,2026-02-07T23:56:38.0,2026-02-03T05:34:23.531,"Any[19, 25, 30, 37, 45, 53]",19,53
282,2026-02-07T23:58:01.0,2026-02-03T05:35:46.531,"Any[25, 30, 37, 45, 56]",25,56
44,2026-02-08T00:14:33.0,2026-02-03T05:52:18.531,"Any[53, 45, 37, 30, 25, 19, 13, 8]",53,8
965,2026-02-08T00:32:32.0,2026-02-10T06:10:17.531,"Any[53, 45, 37, 30, 25, 19, 13, 8]",53,8
353,2026-02-08T00:43:18.0,2026-02-10T06:21:03.531,"Any[10, 19, 25, 30, 37, 45, 53]",10,53
1164,2026-02-08T01:19:49.0,2026-02-10T06:57:34.531,"Any[53, 45, 37, 30, 25]",53,25
770,2026-02-08T01:38:03.0,2026-02-03T07:15:48.531,"Any[53, 45, 37, 30, 25]",53,25
1295,2026-02-08T01:38:03.0,2026-02-10T07:15:48.531,"Any[53, 45, 37, 30, 25]",53,25
859,2026-02-08T02:03:23.0,2026-02-10T07:41:08.531,"Any[8, 13, 19, 25, 30, 37, 45, 53]",8,53
417,2026-02-08T02:51:38.0,2026-02-03T08:29:23.531,"Any[16, 17, 25, 30, 37, 45, 53]",16,53
1450,2026-02-08T02:57:00.0,2026-02-03T08:34:45.531,Any[],45,3
1171,2026-02-08T03:23:06.0,2026-02-10T09:00:51.531,"Any[60, 56, 45, 37, 30, 25, 19, 11, 6]",60,6
835,2026-02-08T04:23:06.0,2026-02-10T10:00:51.531,"Any[53, 45, 37, 30, 25]",53,25
863,2026-02-08T04:40:05.0,2026-02-10T10:17:50.531,"Any[53, 45, 37, 30, 25, 19, 11, 6, 1]",53,1
733,2026-02-08T04:41:05.748,2026-02-10T10:18:51.279,"Any[60, 53, 45, 37, 30, 25, 19, 11, 6]",60,6
1190,2026-02-08T05:02:41.0,2026-02-03T10:40:26.531,"Any[60, 53, 45, 37, 30, 25, 19, 11, 6, 1]",60,1
593,2026-02-08T05:27:12.0,2026-02-03T11:04:57.531,"Any[53, 45, 37, 30, 25]",53,25
574,2026-02-08T05:48:40.0,2026-02-03T11:26:25.531,"Any[60, 53, 45, 37, 30, 25, 19, 13, 8]",60,8
1252,2026-02-08T06:03:40.0,2026-02-03T11:41:25.531,"Any[64, 53, 45, 37, 30, 25, 19, 11, 6, 1]",64,1
1287,2026-02-08T07:01:47.0,2026-02-10T12:39:32.531,"Any[64, 60, 53, 45, 37, 30, 25, 19, 11, 6, 1]",64,1
494,2026-02-08T07:10:09.0,2026-02-03T12:47:54.531,"Any[45, 37, 30, 25]",45,25
871,2026-02-08T07:10:09.0,2026-02-10T12:47:54.531,"Any[45, 37, 30, 25]",45,25
376,2026-02-08T07:16:55.0,2026-02-03T12:54:40.531,"Any[53, 45, 37, 30, 25, 19, 13, 8]",53,8
207,2026-02-08T07:20:06.0,2026-02-10T12:57:51.531,"Any[60, 53, 45, 37, 30, 25, 19, 11, 6, 1]",60,1
946,2026-02-08T07:42:48.117,2026-02-10T13:20:33.648,"Any[56, 45, 37, 30, 25, 19]",56,19
1332,2026-02-08T07:42:48.117,2026-02-10T13:20:33.648,"Any[56, 45, 37, 30, 25, 19]",56,19
1338,2026-02-08T07:42:48.117,2026-02-03T13:20:33.648,"Any[56, 45, 37, 30, 25, 19]",56,19
1344,2026-02-08T07:42:48.117,2026-02-03T13:20:33.648,"Any[56, 45, 37, 30, 25, 19]",56,19
1349,2026-02-08T07:42:48.117,2026-02-03T13:20:33.648,"Any[56, 45, 37, 30, 25, 19]",56,19
1402,2026-02-08T07:45:44.0,2026-02-10T13:23:29.531,"Any[53, 45, 37, 30, 25, 19, 13, 8]",53,8
787,2026-02-08T07:51:09.0,2026-02-03T13:28:54.531,"Any[64, 60, 56, 45, 37, 30, 25, 19, 11, 6]",64,6
1408,2026-02-08T07:55:19.0,2026-02-03T13:33:04.531,"Any[45, 37, 30, 25]",45,25
794,2026-02-08T08:20:17.0,2026-02-03T13:58:02.531,"Any[53, 45, 37, 30, 25, 19, 10]",53,10
899,2026-02-08T08:20:17.0,2026-02-10T13:58:02.531,"Any[53, 45, 37, 30, 25, 19, 10]",53,10
324,2026-02-08T08:31:27.012,2026-02-03T14:09:12.543,"Any[6, 11, 19, 25, 30, 37, 45, 56]",6,56
570,2026-02-08T09:31:39.0,2026-02-03T15:09:24.531,"Any[25, 30, 37, 45, 53]",25,53
482,2026-02-08T10:01:51.0,2026-02-10T15:39:36.531,"Any[53, 45, 37, 30, 25, 19, 10]",53,10
691,2026-02-08T10:27:44.0,2026-02-03T16:05:29.531,"Any[60, 56, 45, 37, 30, 25, 19, 11, 6, 1]",60,1
1151,2026-02-08T10:27:44.0,2026-02-10T16:05:29.531,"Any[60, 56, 45, 37, 30, 25, 19, 11, 6, 1]",60,1
1143,2026-02-08T10:30:18.485,2026-02-10T16:08:04.016,"Any[64, 60, 56, 45, 37, 30, 25, 19, 11, 6, 1]",64,1
613,2026-02-08T10:43:13.0,2026-02-03T16:20:58.531,"Any[10, 19, 25, 30, 37, 45, 53]",10,53
918,2026-02-08T10:43:13.0,2026-02-10T16:20:58.531,"Any[10, 19, 25, 30, 37, 45, 53]",10,53
988,2026-02-08T10:43:13.0,2026-02-10T16:20:58.531,"Any[10, 19, 25, 30, 37, 45, 53]",10,53
1517,2026-02-08T10:51:46.637,2026-02-10T16:29:32.168,"Any[25, 30, 37, 45, 56, 60]",25,60
1521,2026-02-08T10:51:46.637,2026-02-03T16:29:32.168,"Any[25, 30, 37, 45, 56, 60]",25,60
1526,2026-02-08T10:51:46.637,2026-02-03T16:29:32.168,"Any[25, 30, 37, 45, 56, 60]",25,60
1530,2026-02-08T10:51:46.637,2026-02-03T16:29:32.168,"Any[25, 30, 37, 45, 56, 60]",25,60
456,2026-02-08T11:23:41.0,2026-02-10T17:01:26.531,"Any[53, 45, 37, 30, 25]",53,25
1551,2026-02-08T11:55:00.0,2026-02-03T17:32:45.531,Any[],14,61
568,2026-02-08T12:03:10.0,2026-02-03T17:40:55.531,"Any[1, 6, 11, 19, 25, 30, 37, 45, 56, 60]",1,60
1435,2026-02-08T12:26:00.0,2026-02-10T18:03:45.531,Any[],45,13
523,2026-02-08T12:34:09.0,2026-02-10T18:11:54.531,"Any[56, 45, 37, 30, 25]",56,25
272,2026-02-08T12:44:43.0,2026-02-10T18:22:28.531,"Any[7, 8, 13, 19, 25, 30, 37, 45, 53]",7,53
426,2026-02-08T12:44:43.0,2026-02-03T18:22:28.531,"Any[7, 8, 13, 19, 25, 30, 37, 45, 53]",7,53
1418,2026-02-08T13:54:00.0,2026-02-10T19:31:45.531,Any[],45,17
811,2026-02-08T13:59:40.0,2026-02-10T19:37:25.531,"Any[1, 6, 11, 19, 25, 30, 37, 45, 56, 60]",1,60
1044,2026-02-08T14:03:02.0,2026-02-03T19:40:47.531,"Any[8, 13, 19, 25, 30, 37, 45, 56]",8,56
73,2026-02-08T14:03:05.0,2026-02-10T19:40:50.531,"Any[8, 13, 19, 25, 30, 37, 45]",8,45
762,2026-02-08T14:03:05.0,2026-02-10T19:40:50.531,"Any[8, 13, 19, 25, 30, 37, 45]",8,45
1126,2026-02-08T14:03:05.0,2026-02-03T19:40:50.531,"Any[8, 13, 19, 25, 30, 37, 45]",8,45
194,2026-02-08T14:39:47.0,2026-02-10T20:17:32.531,"Any[53, 45, 37, 30, 25, 19, 11, 6]",53,6
741,2026-02-08T15:33:45.0,2026-02-03T21:11:30.531,"Any[64, 60, 53, 45, 37, 30, 25, 19, 11, 6, 1]",64,1
958,2026-02-08T15:48:14.0,2026-02-10T21:25:59.531,"Any[19, 25, 30, 37, 45, 53]",19,53
335,2026-02-08T16:31:29.0,2026-02-10T22:09:14.531,"Any[7, 8, 13, 19, 25, 30, 37, 45, 56, 60, 64]",7,64
530,2026-02-08T16:31:29.0,2026-02-10T22:09:14.531,"Any[7, 8, 13, 19, 25, 30, 37, 45, 56, 60, 64]",7,64
1194,2026-02-08T16:31:29.0,2026-02-10T22:09:14.531,"Any[7, 8, 13, 19, 25, 30, 37, 45, 56, 60, 64]",7,64
63,2026-02-08T16:58:40.0,2026-02-10T22:36:25.531,"Any[53, 45, 37, 30, 25, 19, 10]",53,10
1005,2026-02-08T17:25:15.0,2026-02-10T23:03:00.531,"Any[10, 19, 25, 30, 37, 45, 53]",10,53
1396,2026-02-08T17:27:00.0,2026-02-10T23:04:45.531,Any[],55,2
852,2026-02-08T17:27:44.0,2026-02-03T23:05:29.531,"Any[56, 45, 37, 30, 25, 19, 13, 8]",56,8
266,2026-02-08T17:37:01.0,2026-02-10T23:14:46.531,"Any[56, 45, 37, 30, 25]",56,25
896,2026-02-08T17:37:51.0,2026-02-10T23:15:36.531,"Any[56, 45, 37, 30, 25]",56,25
1131,2026-02-08T17:45:33.0,2026-02-10T23:23:18.531,"Any[60, 56, 45, 37, 30, 25, 19, 11, 6]",60,6
601,2026-02-08T18:26:19.0,2026-02-11T00:04:04.531,"Any[10, 19, 25, 30, 37, 45, 53, 60]",10,60
688,2026-02-08T18:26:19.0,2026-02-04T00:04:04.531,"Any[10, 19, 25, 30, 37, 45, 53, 60]",10,60
394,2026-02-08T19:55:51.0,2026-02-11T01:33:36.531,"Any[53, 45, 37, 30, 25, 19, 10]",53,10
903,2026-02-08T20:05:02.0,2026-02-04T01:42:47.531,"Any[10, 19, 25, 30, 37, 45, 53]",10,53
936,2026-02-08T20:05:02.0,2026-02-04T01:42:47.531,"Any[10, 19, 25, 30, 37, 45, 53]",10,53
22,2026-02-08T20:24:20.0,2026-02-04T02:02:05.531,"Any[56, 45, 37, 30, 25, 19, 11, 6, 1, 1]",56,1
503,2026-02-08T20:24:48.0,2026-02-11T02:02:33.531,"Any[8, 13, 19, 25, 30, 37, 45, 53]",8,53
398,2026-02-08T20:57:25.0,2026-02-04T02:35:10.531,"Any[53, 45, 37, 30, 25]",53,25
1443,2026-02-08T21:36:00.0,2026-02-11T03:13:45.531,Any[],45,7
890,2026-02-08T22:01:26.941,2026-02-11T03:39:12.472,"Any[60, 56, 45, 37, 30, 25, 19]",60,19
1260,2026-02-08T22:18:35.952,2026-02-04T03:56:21.483,"Any[60, 56, 45, 37, 30, 25, 19, 11, 6]",60,6
150,2026-02-08T22:41:36.259,2026-02-04T04:19:21.79,"Any[56, 45, 37, 30, 25, 19, 11, 6]",56,6
201,2026-02-08T22:41:36.259,2026-02-11T04:19:21.79,"Any[56, 45, 37, 30, 25, 19, 11, 6]",56,6
1389,2026-02-08T22:41:36.259,2026-02-11T04:19:21.79,"Any[56, 45, 37, 30, 25, 19, 11, 6]",56,6
1376,2026-02-08T23:34:15.0,2026-02-11T05:12:00.531,"Any[56, 45, 37, 30, 25, 19, 11, 6]",56,6
1390,2026-02-08T23:34:15.0,2026-02-11T05:12:00.531,"Any[56, 45, 37, 30, 25, 19, 11, 6]",56,6
1095,2026-02-08T23:42:58.0,2026-02-04T05:20:43.531,"Any[53, 45, 37, 30, 25, 19, 13, 8]",53,8
374,2026-02-08T23:44:03.0,2026-02-04T05:21:48.531,"Any[53, 45, 37, 30, 25]",53,25
1278,2026-02-08T23:44:03.0,2026-02-04T05:21:48.531,"Any[53, 45, 37, 30, 25]",53,25
940,2026-02-08T23:44:35.0,2026-02-11T05:22:20.531,"Any[60, 56, 45, 37, 30, 25, 19, 13, 8]",60,8
1405,2026-02-08T23:59:30.0,2026-02-11T05:37:15.531,"Any[45, 37, 30, 25]",45,25
17,2026-02-08T23:59:43.0,2026-02-04T05:37:28.531,"Any[53, 45, 37, 30, 25, 19, 10]",53,10
