id,departure_timestamp,arrival_timestamp,ps_seq,Origin_PS,Destination_PS
1175,2026-01-12T00:05:56.0,2026-01-21T05:43:41.531,"Any[53, 45, 37, 30, 25, 19, 11, 6, 1]",53,1
223,2026-01-12T00:21:33.0,2026-01-14T05:59:18.531,"Any[25, 30, 37, 45, 53, 60]",25,60
1466,2026-01-12T00:21:33.0,2026-01-21T05:59:18.531,"Any[25, 30, 37, 45, 53, 60]",25,60
1476,2026-01-12T00:21:33.0,2026-01-21T05:59:18.531,"Any[25, 30, 37, 45, 53, 60]",25,60
1421,2026-01-12T00:25:22.742,2026-01-14T06:03:08.273,"Any[45, 37, 30, 25, 19, 11, 6, 1]",45,1
70,2026-01-12T00:34:51.0,2026-01-21T06:12:36.531,"Any[53, 45, 37, 30, 25, 19, 11, 6, 1]",53,1
367,2026-01-12T00:55:57.0,2026-01-21T06:33:42.531,"Any[53, 45, 37, 30, 25, 19, 11, 6, 1]",53,1
781,2026-01-12T01:44:13.0,2026-01-21T07:21:58.531,"Any[53, 45, 37, 30, 25, 19, 11, 6, 1]",53,1
1287,2026-01-12T02:09:00.0,2026-01-21T07:46:45.531,Any[],60,16
558,2026-01-12T04:17:56.742,2026-01-21T09:55:42.273,"Any[53, 45, 37, 30, 25, 19, 10]",53,10
1212,2026-01-12T04:17:56.742,2026-01-21T09:55:42.273,"Any[53, 45, 37, 30, 25, 19, 10]",53,10
382,2026-01-12T04:24:57.0,2026-01-14T10:02:42.531,"Any[53, 45, 37, 30, 25, 19, 11, 6, 1]",53,1
203,2026-01-12T04:45:33.0,2026-01-21T10:23:18.531,"Any[19, 17, 25, 30, 37, 45, 53, 60]",19,60
470,2026-01-12T05:00:21.0,2026-01-21T10:38:06.531,"Any[7, 8, 13, 19, 25, 30, 37, 45, 53]",7,53
38,2026-01-12T05:02:34.0,2026-01-21T10:40:19.531,"Any[64, 60, 53, 45, 37, 30, 25, 19, 11, 6, 1]",64,1
1079,2026-01-12T05:02:34.0,2026-01-14T10:40:19.531,"Any[64, 60, 53, 45, 37, 30, 25, 19, 11, 6, 1]",64,1
1329,2026-01-12T06:52:55.0,2026-01-14T12:30:40.531,"Any[56, 45, 37, 30, 25, 19]",56,19
162,2026-01-12T07:55:26.0,2026-01-21T13:33:11.531,"Any[25, 30, 37, 45, 53]",25,53
256,2026-01-12T07:55:26.0,2026-01-14T13:33:11.531,"Any[25, 30, 37, 45, 53]",25,53
180,2026-01-12T08:30:49.466,2026-01-21T14:08:34.997,"Any[13, 19, 25, 30, 37, 45, 53]",13,53
293,2026-01-12T08:49:10.0,2026-01-21T14:26:55.531,"Any[1, 6, 11, 19, 25, 30, 37, 45, 53, 60]",1,60
156,2026-01-12T09:00:08.696,2026-01-14T14:37:54.227,"Any[64, 53, 45, 37, 30, 25, 11, 6, 1]",64,1
785,2026-01-12T09:00:08.696,2026-01-21T14:37:54.227,"Any[64, 53, 45, 37, 30, 25, 11, 6, 1]",64,1
983,2026-01-12T09:16:37.0,2026-01-21T14:54:22.531,"Any[56, 45, 37, 30, 25]",56,25
1161,2026-01-12T11:17:29.0,2026-01-21T16:55:14.531,"Any[8, 13, 19, 25, 30, 37, 45]",8,45
36,2026-01-12T11:52:06.0,2026-01-21T17:29:51.531,"Any[53, 45, 37, 30, 25]",53,25
1514,2026-01-12T12:51:00.0,2026-01-21T18:28:45.531,Any[],25,54
340,2026-01-12T12:52:33.0,2026-01-21T18:30:18.531,"Any[10, 19, 25, 30, 37, 45, 56]",10,56
527,2026-01-12T12:52:33.0,2026-01-14T18:30:18.531,"Any[10, 19, 25, 30, 37, 45, 56]",10,56
966,2026-01-12T13:03:36.0,2026-01-14T18:41:21.531,"Any[8, 13, 19, 25, 30, 37, 45]",8,45
1366,2026-01-12T13:18:00.0,2026-01-14T18:55:45.531,Any[],56,13
530,2026-01-12T13:22:26.0,2026-01-14T19:00:11.531,"Any[53, 45, 37, 30, 25, 19, 10]",53,10
601,2026-01-12T13:27:28.0,2026-01-21T19:05:13.531,"Any[6, 11, 16, 25, 30, 37, 45, 56]",6,56
1184,2026-01-12T13:27:28.0,2026-01-14T19:05:13.531,"Any[6, 11, 16, 25, 30, 37, 45, 56]",6,56
623,2026-01-12T13:32:16.0,2026-01-14T19:10:01.531,"Any[62, 45, 37, 30, 25, 19, 13, 8]",62,8
276,2026-01-12T13:37:51.0,2026-01-14T19:15:36.531,"Any[6, 11, 16, 25, 30, 37, 45, 56]",6,56
1585,2026-01-12T13:41:00.0,2026-01-21T19:18:45.531,Any[],10,64
1285,2026-01-12T13:56:00.0,2026-01-14T19:33:45.531,Any[],60,17
157,2026-01-12T14:44:11.0,2026-01-21T20:21:56.531,"Any[64, 56, 45, 37, 30, 25, 19, 11, 6, 2]",64,2
329,2026-01-12T14:46:43.0,2026-01-21T20:24:28.531,"Any[19, 25, 30, 37, 45, 53]",19,53
468,2026-01-12T14:46:43.0,2026-01-21T20:24:28.531,"Any[19, 25, 30, 37, 45, 53]",19,53
550,2026-01-12T14:46:43.0,2026-01-14T20:24:28.531,"Any[19, 25, 30, 37, 45, 53]",19,53
1524,2026-01-12T14:46:43.0,2026-01-21T20:24:28.531,"Any[19, 25, 30, 37, 45, 53]",19,53
709,2026-01-12T14:46:56.0,2026-01-21T20:24:41.531,"Any[53, 45, 37, 30, 25]",53,25
289,2026-01-12T14:58:33.0,2026-01-21T20:36:18.531,"Any[6, 11, 19, 25, 30, 37, 45, 56]",6,56
726,2026-01-12T15:13:34.0,2026-01-21T20:51:19.531,"Any[6, 11, 19, 25, 30, 37, 45]",6,45
517,2026-01-12T15:20:58.0,2026-01-14T20:58:43.531,"Any[56, 45, 37, 30, 25, 19, 13, 8]",56,8
659,2026-01-12T15:20:58.0,2026-01-14T20:58:43.531,"Any[56, 45, 37, 30, 25, 19, 13, 8]",56,8
55,2026-01-12T15:29:40.0,2026-01-14T21:07:25.531,"Any[17, 16, 25, 30, 37, 45, 53]",17,53
888,2026-01-12T15:30:10.0,2026-01-21T21:07:55.531,"Any[6, 11, 16, 25, 30, 37, 45]",6,45
447,2026-01-12T15:58:56.316,2026-01-14T21:36:41.847,"Any[60, 53, 45, 37, 30, 25, 19, 10]",60,10
1380,2026-01-12T16:04:00.0,2026-01-21T21:41:45.531,Any[],55,2
1038,2026-01-12T16:16:10.0,2026-01-14T21:53:55.531,"Any[19, 25, 30, 37, 45, 53]",19,53
431,2026-01-12T16:16:23.0,2026-01-21T21:54:08.531,"Any[19, 25, 30, 37, 45, 53]",19,53
321,2026-01-12T16:41:49.0,2026-01-21T22:19:34.531,"Any[60, 53, 45, 37, 30, 25, 19, 11, 6, 6]",60,6
1442,2026-01-12T16:43:27.0,2026-01-21T22:21:12.531,"Any[25, 30, 37, 45, 56, 60, 64]",25,64
1444,2026-01-12T16:43:27.0,2026-01-14T22:21:12.531,"Any[25, 30, 37, 45, 56, 60, 64]",25,64
1449,2026-01-12T16:43:27.0,2026-01-14T22:21:12.531,"Any[25, 30, 37, 45, 56, 60, 64]",25,64
1455,2026-01-12T16:43:27.0,2026-01-14T22:21:12.531,"Any[25, 30, 37, 45, 56, 60, 64]",25,64
524,2026-01-12T16:44:42.0,2026-01-21T22:22:27.531,"Any[56, 45, 37, 30, 25, 19, 11, 6]",56,6
702,2026-01-12T17:05:36.177,2026-01-14T22:43:21.708,"Any[25, 30, 37, 45, 56]",25,56
792,2026-01-12T17:05:36.177,2026-01-14T22:43:21.708,"Any[25, 30, 37, 45, 56]",25,56
1243,2026-01-12T17:14:15.0,2026-01-14T22:52:00.531,"Any[25, 30, 37, 45, 53, 60]",25,60
1469,2026-01-12T17:14:15.0,2026-01-21T22:52:00.531,"Any[25, 30, 37, 45, 53, 60]",25,60
1481,2026-01-12T17:14:15.0,2026-01-21T22:52:00.531,"Any[25, 30, 37, 45, 53, 60]",25,60
1486,2026-01-12T17:14:15.0,2026-01-21T22:52:00.531,"Any[25, 30, 37, 45, 53, 60]",25,60
1491,2026-01-12T17:14:15.0,2026-01-21T22:52:00.531,"Any[25, 30, 37, 45, 53, 60]",25,60
1391,2026-01-12T17:15:00.0,2026-01-14T22:52:45.531,Any[],45,17
597,2026-01-12T17:32:31.451,2026-01-14T23:10:16.982,"Any[25, 30, 37, 45, 53]",25,53
1509,2026-01-12T17:32:31.451,2026-01-21T23:10:16.982,"Any[25, 30, 37, 45, 53]",25,53
171,2026-01-12T17:37:37.0,2026-01-14T23:15:22.531,"Any[56, 45, 37, 30, 25, 19, 11, 6]",56,6
523,2026-01-12T17:38:58.0,2026-01-21T23:16:43.531,"Any[1, 6, 11, 19, 25, 30, 37, 45, 53]",1,53
835,2026-01-12T17:38:58.0,2026-01-14T23:16:43.531,"Any[1, 6, 11, 19, 25, 30, 37, 45, 53]",1,53
349,2026-01-12T17:58:55.245,2026-01-21T23:36:40.776,"Any[54, 44, 36, 23, 19, 13, 8]",54,8
398,2026-01-12T17:58:55.245,2026-01-14T23:36:40.776,"Any[54, 44, 36, 23, 19, 13, 8]",54,8
794,2026-01-12T18:32:15.0,2026-01-15T00:10:00.531,"Any[19, 25, 30, 37, 45, 56, 60, 60, 64]",19,60
100,2026-01-12T18:34:39.0,2026-01-22T00:12:24.531,"Any[56, 45, 37, 30, 25]",56,25
876,2026-01-12T18:34:39.0,2026-01-15T00:12:24.531,"Any[56, 45, 37, 30, 25]",56,25
544,2026-01-12T18:38:03.0,2026-01-15T00:15:48.531,"Any[60, 53, 45, 37, 30, 25, 19, 10]",60,10
258,2026-01-12T19:26:54.0,2026-01-22T01:04:39.531,"Any[1, 6, 11, 19, 25, 30, 37, 45, 53]",1,53
1186,2026-01-12T19:39:11.0,2026-01-22T01:16:56.531,"Any[6, 11, 19, 25, 30, 37, 45]",6,45
526,2026-01-12T19:55:52.0,2026-01-22T01:33:37.531,"Any[8, 13, 19, 25, 30, 37, 45, 53]",8,53
644,2026-01-12T20:11:31.0,2026-01-15T01:49:16.531,"Any[53, 45, 37, 30, 25, 19, 13, 8]",53,8
634,2026-01-12T20:17:24.0,2026-01-22T01:55:09.531,"Any[53, 45, 37, 30, 25, 19, 10]",53,10
617,2026-01-12T20:20:55.0,2026-01-15T01:58:40.531,"Any[53, 45, 37, 30, 25, 19, 10]",53,10
113,2026-01-12T20:32:06.0,2026-01-22T02:09:51.531,"Any[10, 19, 30, 37, 45, 53]",10,53
268,2026-01-12T20:41:14.074,2026-01-15T02:18:59.605,"Any[56, 45, 37, 30, 25, 19, 11, 6]",56,6
586,2026-01-12T20:41:14.074,2026-01-15T02:18:59.605,"Any[56, 45, 37, 30, 25, 19, 11, 6]",56,6
490,2026-01-12T21:21:30.0,2026-01-22T02:59:15.531,"Any[53, 45, 37, 30, 25]",53,25
850,2026-01-12T21:55:18.0,2026-01-22T03:33:03.531,"Any[19, 25, 30, 37, 45, 53]",19,53
1042,2026-01-12T22:23:37.0,2026-01-22T04:01:22.531,"Any[10, 19, 25, 30, 37, 45, 56]",10,56
1502,2026-01-12T22:28:00.0,2026-01-15T04:05:45.531,Any[],25,62
1260,2026-01-12T23:04:16.0,2026-01-22T04:42:01.531,"Any[8, 13, 19, 25, 30, 37, 45, 53]",8,53
1395,2026-01-12T23:06:00.0,2026-01-22T04:43:45.531,Any[],45,16
679,2026-01-12T23:46:28.0,2026-01-22T05:24:13.531,"Any[53, 45, 37, 30, 25, 19, 11, 6, 1]",53,1
814,2026-01-13T00:21:38.0,2026-01-15T05:59:23.531,"Any[10, 19, 30, 37, 45, 53]",10,53
210,2026-01-13T00:22:14.0,2026-01-22T05:59:59.531,"Any[1, 6, 11, 19, 25, 30, 37, 45, 53, 60]",1,60
1544,2026-01-13T00:22:14.0,2026-01-15T05:59:59.531,"Any[1, 6, 11, 19, 25, 30, 37, 45, 53, 60]",1,60
1567,2026-01-13T00:39:00.0,2026-01-15T06:16:45.531,Any[],10,64
1240,2026-01-13T00:56:06.0,2026-01-22T06:33:51.531,"Any[7, 8, 13, 19, 25, 30, 37, 45, 53]",7,53
274,2026-01-13T01:02:01.0,2026-01-22T06:39:46.531,"Any[8, 13, 19, 25, 30, 37, 45, 56]",8,56
675,2026-01-13T01:02:01.0,2026-01-22T06:39:46.531,"Any[8, 13, 19, 25, 30, 37, 45, 56]",8,56
1222,2026-01-13T01:30:42.0,2026-01-22T07:08:27.531,"Any[7, 8, 13, 19, 25, 30, 37, 45, 53]",7,53
780,2026-01-13T02:48:37.0,2026-01-22T08:26:22.531,"Any[53, 45, 37, 30, 25, 19, 10]",53,10
1231,2026-01-13T02:48:37.0,2026-01-22T08:26:22.531,"Any[53, 45, 37, 30, 25, 19, 10]",53,10
909,2026-01-13T03:21:06.0,2026-01-15T08:58:51.531,"Any[8, 13, 19, 25, 30, 37, 45, 53]",8,53
370,2026-01-13T04:43:29.0,2026-01-22T10:21:14.531,"Any[53, 45, 37, 30, 25, 19, 10]",53,10
971,2026-01-13T04:52:43.0,2026-01-15T10:30:28.531,"Any[19, 25, 30, 37, 45, 53]",19,53
1417,2026-01-13T05:22:00.0,2026-01-22T10:59:45.531,Any[],45,7
4,2026-01-13T05:29:51.0,2026-01-22T11:07:36.531,"Any[7, 8, 13, 19, 25, 30, 37, 45, 53]",7,53
176,2026-01-13T05:39:05.0,2026-01-22T11:16:50.531,"Any[10, 19, 25, 30, 37, 45, 53]",10,53
1050,2026-01-13T05:45:32.0,2026-01-15T11:23:17.531,"Any[53, 45, 37, 30, 25, 19, 13, 8]",53,8
1498,2026-01-13T06:09:00.0,2026-01-15T11:46:45.531,Any[],25,62
782,2026-01-13T06:48:39.0,2026-01-15T12:26:24.531,"Any[6, 11, 16, 25, 30, 37, 45, 56]",6,56
871,2026-01-13T06:48:39.0,2026-01-15T12:26:24.531,"Any[6, 11, 16, 25, 30, 37, 45, 56]",6,56
324,2026-01-13T06:59:27.0,2026-01-22T12:37:12.531,"Any[6, 11, 19, 25, 30, 37, 45]",6,45
1007,2026-01-13T07:10:53.0,2026-01-22T12:48:38.531,"Any[60, 53, 45, 37, 30, 25, 19, 13, 8]",60,8
1529,2026-01-13T07:27:07.0,2026-01-22T13:04:52.531,"Any[8, 13, 19, 25, 30, 37, 45, 56]",8,56
940,2026-01-13T07:32:37.0,2026-01-15T13:10:22.531,"Any[13, 19, 25, 30, 37, 45, 56]",13,56
439,2026-01-13T07:43:38.0,2026-01-15T13:21:23.531,"Any[8, 13, 19, 25, 30, 37, 45, 56]",8,56
870,2026-01-13T07:43:38.0,2026-01-15T13:21:23.531,"Any[8, 13, 19, 25, 30, 37, 45, 56]",8,56
1526,2026-01-13T07:43:38.0,2026-01-22T13:21:23.531,"Any[8, 13, 19, 25, 30, 37, 45, 56]",8,56
326,2026-01-13T08:18:42.0,2026-01-22T13:56:27.531,"Any[60, 53, 45, 37, 30, 25, 19, 10]",60,10
723,2026-01-13T08:29:37.0,2026-01-22T14:07:22.531,"Any[56, 45, 37, 30, 25]",56,25
980,2026-01-13T08:41:47.0,2026-01-15T14:19:32.531,"Any[7, 8, 13, 19, 25, 30, 37, 45, 53]",7,53
14,2026-01-13T09:16:03.589,2026-01-22T14:53:49.12,"Any[10, 19, 25, 30, 37, 45, 53]",10,53
696,2026-01-13T09:16:03.589,2026-01-22T14:53:49.12,"Any[10, 19, 25, 30, 37, 45, 53]",10,53
927,2026-01-13T09:16:03.589,2026-01-15T14:53:49.12,"Any[10, 19, 25, 30, 37, 45, 53]",10,53
1183,2026-01-13T10:05:49.0,2026-01-22T15:43:34.531,"Any[45, 37, 30, 25]",45,25
1522,2026-01-13T10:59:56.0,2026-01-22T16:37:41.531,"Any[19, 25, 30, 37, 45, 53]",19,53
449,2026-01-13T11:22:03.0,2026-01-22T16:59:48.531,"Any[56, 45, 37, 30, 25, 19, 13, 8]",56,8
919,2026-01-13T11:26:52.0,2026-01-15T17:04:37.531,"Any[56, 45, 37, 30, 25, 19, 11, 6]",56,6
1577,2026-01-13T11:27:00.0,2026-01-22T17:04:45.531,Any[],10,64
1054,2026-01-13T11:39:18.0,2026-01-22T17:17:03.531,"Any[6, 11, 19, 25, 30, 37, 45, 56]",6,56
525,2026-01-13T11:42:33.0,2026-01-15T17:20:18.531,"Any[6, 11, 19, 25, 30, 37, 45, 56]",6,56
1146,2026-01-13T11:46:22.0,2026-01-22T17:24:07.531,"Any[8, 13, 19, 25, 30, 37, 45, 56]",8,56
991,2026-01-13T11:52:44.0,2026-01-15T17:30:29.531,"Any[62, 45, 37, 30, 25, 19, 13, 8]",62,8
540,2026-01-13T12:00:27.312,2026-01-22T17:38:12.843,"Any[56, 45, 37, 45, 50, 45, 37, 30, 25]",56,25
174,2026-01-13T12:00:47.0,2026-01-22T17:38:32.531,"Any[6, 11, 19, 25, 30, 37, 45, 53]",6,53
832,2026-01-13T12:00:47.0,2026-01-22T17:38:32.531,"Any[6, 11, 19, 25, 30, 37, 45, 53]",6,53
213,2026-01-13T12:21:30.0,2026-01-15T17:59:15.531,"Any[53, 45, 37, 30, 25, 19, 10]",53,10
482,2026-01-13T12:21:30.0,2026-01-22T17:59:15.531,"Any[53, 45, 37, 30, 25, 19, 10]",53,10
955,2026-01-13T12:21:30.0,2026-01-15T17:59:15.531,"Any[53, 45, 37, 30, 25, 19, 10]",53,10
951,2026-01-13T13:02:44.0,2026-01-22T18:40:29.531,"Any[19, 25, 30, 37, 45, 56]",19,56
425,2026-01-13T13:27:15.0,2026-01-15T19:05:00.531,"Any[53, 45, 37, 30, 25, 19, 13, 8]",53,8
1598,2026-01-13T13:29:00.0,2026-01-22T19:06:45.531,Any[],10,64
1045,2026-01-13T13:52:16.0,2026-01-15T19:30:01.531,"Any[13, 19, 25, 30, 37, 45, 53]",13,53
576,2026-01-13T13:53:55.0,2026-01-22T19:31:40.531,"Any[6, 11, 19, 25, 30, 37, 45]",6,45
913,2026-01-13T13:53:55.0,2026-01-22T19:31:40.531,"Any[6, 11, 19, 25, 30, 37, 45]",6,45
317,2026-01-13T15:01:16.0,2026-01-15T20:39:01.531,"Any[8, 13, 19, 25, 30, 37, 45]",8,45
1431,2026-01-13T15:09:00.0,2026-01-15T20:46:45.531,Any[],45,5
1283,2026-01-13T15:13:00.0,2026-01-15T20:50:45.531,Any[],60,17
666,2026-01-13T15:42:06.0,2026-01-15T21:19:51.531,"Any[8, 13, 19, 25, 30, 37, 45, 56]",8,56
865,2026-01-13T15:49:41.0,2026-01-15T21:27:26.531,"Any[6, 11, 19, 25, 30, 37, 45]",6,45
308,2026-01-13T16:02:05.54,2026-01-22T21:39:51.071,"Any[8, 13, 25, 30, 37, 45, 56]",8,56
786,2026-01-13T16:02:05.54,2026-01-15T21:39:51.071,"Any[8, 13, 25, 30, 37, 45, 56]",8,56
1535,2026-01-13T16:02:05.54,2026-01-22T21:39:51.071,"Any[8, 13, 25, 30, 37, 45, 56]",8,56
1036,2026-01-13T16:10:53.0,2026-01-22T21:48:38.531,"Any[56, 45, 37, 30, 25, 19, 11, 6, 6, 1]",56,6
890,2026-01-13T16:14:39.0,2026-01-15T21:52:24.531,"Any[64, 60, 56, 45, 37, 30, 25, 19, 11, 6]",64,6
579,2026-01-13T16:15:19.0,2026-01-22T21:53:04.531,"Any[56, 45, 37, 30, 25, 19, 11, 6]",56,6
1109,2026-01-13T16:17:24.0,2026-01-15T21:55:09.531,"Any[8, 13, 19, 25, 30, 37, 45, 53]",8,53
825,2026-01-13T16:20:15.0,2026-01-15T21:58:00.531,"Any[6, 11, 19, 25, 30, 37, 45, 56]",6,56
989,2026-01-13T16:21:18.0,2026-01-15T21:59:03.531,"Any[10, 19, 25, 30, 37, 45, 53]",10,53
158,2026-01-13T16:38:02.0,2026-01-15T22:15:47.531,"Any[6, 11, 19, 25, 30, 37, 45, 56]",6,56
1429,2026-01-13T16:39:00.0,2026-01-22T22:16:45.531,Any[],45,3
724,2026-01-13T16:43:21.0,2026-01-22T22:21:06.531,"Any[56, 45, 37, 30, 25, 19, 11, 6]",56,6
728,2026-01-13T16:44:00.0,2026-01-15T22:21:45.531,"Any[53, 45, 37, 30, 25, 19, 13, 8]",53,8
1520,2026-01-13T16:54:52.0,2026-01-15T22:32:37.531,"Any[19, 25, 30, 37, 45, 53]",19,53
375,2026-01-13T16:59:58.0,2026-01-22T22:37:43.531,"Any[6, 11, 19, 25, 30, 37, 45]",6,45
1258,2026-01-13T17:01:39.0,2026-01-15T22:39:24.531,"Any[60, 56, 45, 37, 30, 25, 19, 11, 6, 1]",60,1
23,2026-01-13T17:26:12.0,2026-01-15T23:03:57.531,"Any[25, 30, 37, 45, 53, 60]",25,60
1474,2026-01-13T17:26:12.0,2026-01-15T23:03:57.531,"Any[25, 30, 37, 45, 53, 60]",25,60
862,2026-01-13T17:35:44.849,2026-01-22T23:13:30.38,"Any[8, 13, 19, 25, 30, 37, 45, 53]",8,53
122,2026-01-13T17:39:56.0,2026-01-22T23:17:41.531,"Any[56, 45, 37, 30, 25, 19, 11, 6]",56,6
904,2026-01-13T17:39:56.0,2026-01-15T23:17:41.531,"Any[56, 45, 37, 30, 25, 19, 11, 6]",56,6
1126,2026-01-13T17:39:56.0,2026-01-22T23:17:41.531,"Any[56, 45, 37, 30, 25, 19, 11, 6]",56,6
1322,2026-01-13T17:41:12.448,2026-01-22T23:18:57.979,"Any[56, 45, 37, 30, 25, 19]",56,19
1371,2026-01-13T17:42:06.054,2026-01-22T23:19:51.585,"Any[56, 45, 37, 30, 25, 19, 13, 8, 7]",56,7
1372,2026-01-13T17:42:06.054,2026-01-15T23:19:51.585,"Any[56, 45, 37, 30, 25, 19, 13, 8, 7]",56,7
1373,2026-01-13T17:42:06.054,2026-01-15T23:19:51.585,"Any[56, 45, 37, 30, 25, 19, 13, 8, 7]",56,7
1374,2026-01-13T17:42:06.054,2026-01-15T23:19:51.585,"Any[56, 45, 37, 30, 25, 19, 13, 8, 7]",56,7
1375,2026-01-13T17:42:06.054,2026-01-15T23:19:51.585,"Any[56, 45, 37, 30, 25, 19, 13, 8, 7]",56,7
198,2026-01-13T18:11:54.229,2026-01-22T23:49:39.76,"Any[6, 11, 19, 25, 30, 37, 45, 56]",6,56
80,2026-01-13T18:12:02.0,2026-01-15T23:49:47.531,"Any[10, 19, 25, 30, 37, 45, 56]",10,56
1113,2026-01-13T18:22:58.0,2026-01-23T00:00:43.531,"Any[60, 56, 45, 37, 30, 25, 19, 11, 6]",60,6
1447,2026-01-13T18:35:31.0,2026-01-16T00:13:16.531,"Any[25, 30, 37, 45, 53, 60, 64]",25,64
1451,2026-01-13T18:35:31.0,2026-01-23T00:13:16.531,"Any[25, 30, 37, 45, 53, 60, 64]",25,64
1456,2026-01-13T18:35:31.0,2026-01-23T00:13:16.531,"Any[25, 30, 37, 45, 53, 60, 64]",25,64
1458,2026-01-13T18:35:31.0,2026-01-16T00:13:16.531,"Any[25, 30, 37, 45, 53, 60, 64]",25,64
383,2026-01-13T18:38:43.0,2026-01-23T00:16:28.531,"Any[8, 13, 19, 25, 30, 37, 45, 56]",8,56
925,2026-01-13T18:38:43.0,2026-01-23T00:16:28.531,"Any[8, 13, 19, 25, 30, 37, 45, 56]",8,56
194,2026-01-13T18:43:23.0,2026-01-23T00:21:08.531,"Any[56, 45, 37, 30, 25, 19]",56,19
1319,2026-01-13T18:43:23.0,2026-01-23T00:21:08.531,"Any[56, 45, 37, 30, 25, 19]",56,19
1333,2026-01-13T18:43:23.0,2026-01-16T00:21:08.531,"Any[56, 45, 37, 30, 25, 19]",56,19
1336,2026-01-13T18:43:23.0,2026-01-23T00:21:08.531,"Any[56, 45, 37, 30, 25, 19]",56,19
1353,2026-01-13T18:43:23.0,2026-01-16T00:21:08.531,"Any[56, 45, 37, 30, 25, 19]",56,19
1359,2026-01-13T18:43:23.0,2026-01-16T00:21:08.531,"Any[56, 45, 37, 30, 25, 19]",56,19
331,2026-01-13T18:43:31.556,2026-01-16T00:21:17.087,"Any[60, 56, 45, 37, 30, 25, 19, 11, 6]",60,6
49,2026-01-13T18:49:25.0,2026-01-16T00:27:10.531,"Any[5, 6, 11, 25, 30, 37, 45, 56]",5,56
761,2026-01-13T19:16:15.0,2026-01-16T00:54:00.531,"Any[1, 6, 11, 19, 25, 30, 37, 45, 53]",1,53
624,2026-01-13T19:17:17.0,2026-01-23T00:55:02.531,"Any[8, 13, 19, 25, 30, 37, 45, 56]",8,56
618,2026-01-13T19:32:09.0,2026-01-23T01:09:54.531,"Any[10, 19, 25, 30, 37, 45, 53]",10,53
1105,2026-01-13T19:32:09.0,2026-01-16T01:09:54.531,"Any[10, 19, 25, 30, 37, 45, 53]",10,53
8,2026-01-13T19:37:56.0,2026-01-16T01:15:41.531,"Any[8, 13, 19, 25, 30, 37, 45]",8,45
84,2026-01-13T19:37:56.0,2026-01-23T01:15:41.531,"Any[8, 13, 19, 25, 30, 37, 45]",8,45
831,2026-01-13T19:37:56.0,2026-01-23T01:15:41.531,"Any[8, 13, 19, 25, 30, 37, 45]",8,45
1573,2026-01-13T20:08:00.0,2026-01-23T01:45:45.531,Any[],10,64
774,2026-01-13T20:22:05.0,2026-01-16T01:59:50.531,"Any[53, 45, 37, 30, 25, 19, 10]",53,10
1188,2026-01-13T20:29:21.0,2026-01-16T02:07:06.531,"Any[53, 45, 37, 30, 25, 19, 13, 8]",53,8
629,2026-01-13T20:38:16.0,2026-01-23T02:16:01.531,"Any[3, 10, 19, 25, 30, 37, 45, 53]",3,53
1547,2026-01-13T21:00:01.0,2026-01-23T02:37:46.531,"Any[1, 6, 11, 19, 23, 28, 36, 44, 54, 60]",1,60
577,2026-01-13T21:32:16.567,2026-01-16T03:10:02.098,"Any[60, 56, 45, 37, 30, 25, 19, 11, 6]",60,6
820,2026-01-13T21:32:16.567,2026-01-23T03:10:02.098,"Any[60, 56, 45, 37, 30, 25, 19, 11, 6]",60,6
606,2026-01-13T21:56:51.0,2026-01-16T03:34:36.531,"Any[53, 45, 37, 30, 25, 19, 13, 8]",53,8
1205,2026-01-13T22:15:08.0,2026-01-16T03:52:53.531,"Any[60, 56, 45, 37, 30, 25, 19, 11, 10]",60,10
715,2026-01-13T22:27:45.887,2026-01-16T04:05:31.418,"Any[53, 45, 37, 30, 25, 19, 11, 6, 1]",53,1
743,2026-01-13T22:27:45.887,2026-01-23T04:05:31.418,"Any[53, 45, 37, 30, 25, 19, 11, 6, 1]",53,1
12,2026-01-13T22:49:03.0,2026-01-16T04:26:48.531,"Any[8, 13, 19, 25, 30, 37, 45, 56]",8,56
104,2026-01-13T22:49:03.0,2026-01-16T04:26:48.531,"Any[8, 13, 19, 25, 30, 37, 45, 56]",8,56
642,2026-01-13T23:07:24.0,2026-01-16T04:45:09.531,"Any[8, 13, 19, 25, 30, 37, 45, 56]",8,56
1013,2026-01-13T23:07:24.0,2026-01-23T04:45:09.531,"Any[8, 13, 19, 25, 30, 37, 45, 56]",8,56
860,2026-01-13T23:10:42.0,2026-01-23T04:48:27.531,"Any[10, 19, 25, 30, 37, 45, 53, 60]",10,60
235,2026-01-13T23:16:17.0,2026-01-23T04:54:02.531,"Any[1, 6, 11, 19, 25, 30, 37, 45, 53, 60]",1,60
1420,2026-01-13T23:32:00.0,2026-01-16T05:09:45.531,Any[],45,7
1257,2026-01-13T23:41:26.0,2026-01-23T05:19:11.531,"Any[8, 13, 19, 25, 30, 37, 45, 56]",8,56
1163,2026-01-14T00:09:17.822,2026-01-16T05:47:03.353,"Any[6, 11, 19, 25, 30, 37, 45, 56]",6,56
1178,2026-01-14T00:20:13.0,2026-01-23T05:57:58.531,"Any[1, 6, 11, 19, 23, 36, 44, 54, 60]",1,60
165,2026-01-14T00:35:32.25,2026-01-16T06:13:17.781,"Any[53, 45, 37, 30, 25, 19, 11, 6, 1]",53,1
893,2026-01-14T00:35:32.25,2026-01-23T06:13:17.781,"Any[53, 45, 37, 30, 25, 19, 11, 6, 1]",53,1
599,2026-01-14T00:38:56.0,2026-01-23T06:16:41.531,"Any[10, 19, 25, 30, 37, 45, 53]",10,53
965,2026-01-14T01:05:40.0,2026-01-16T06:43:25.531,"Any[10, 11, 19, 25, 30, 37, 45, 53]",10,53
569,2026-01-14T01:13:18.0,2026-01-16T06:51:03.531,"Any[7, 8, 13, 19, 25, 30, 37, 45, 53]",7,53
738,2026-01-14T01:26:26.0,2026-01-23T07:04:11.531,"Any[10, 19, 25, 30, 37, 45, 53]",10,53
67,2026-01-14T02:00:00.0,2026-01-23T07:37:45.531,"Any[7, 8, 13, 19, 25, 30, 37, 45, 53]",7,53
1392,2026-01-14T02:14:00.0,2026-01-16T07:51:45.531,Any[],45,17
847,2026-01-14T02:16:37.0,2026-01-16T07:54:22.531,"Any[19, 25, 30, 37, 45, 56]",19,56
572,2026-01-14T02:33:11.0,2026-01-16T08:10:56.531,"Any[64, 53, 45, 37, 30, 25, 19, 13, 8]",64,8
364,2026-01-14T02:35:35.0,2026-01-23T08:13:20.531,"Any[53, 45, 37, 30, 25, 19, 11, 6, 1]",53,1
555,2026-01-14T03:39:29.0,2026-01-16T09:17:14.531,"Any[56, 45, 37, 30, 25, 19, 13, 8]",56,8
147,2026-01-14T03:48:49.232,2026-01-16T09:26:34.763,"Any[53, 45, 37, 30, 25]",53,25
498,2026-01-14T03:48:49.232,2026-01-16T09:26:34.763,"Any[53, 45, 37, 30, 25]",53,25
172,2026-01-14T03:55:49.0,2026-01-16T09:33:34.531,"Any[10, 19, 25, 30, 37, 45, 53]",10,53
333,2026-01-14T04:27:50.0,2026-01-16T10:05:35.531,"Any[64, 53, 45, 37, 30, 25, 19, 13, 8]",64,8
736,2026-01-14T05:44:12.974,2026-01-23T11:21:58.505,"Any[10, 19, 25, 30, 37, 45, 56]",10,56
1277,2026-01-14T06:38:22.0,2026-01-23T12:16:07.531,"Any[53, 45, 37, 25]",53,25
1003,2026-01-14T06:43:48.0,2026-01-23T12:21:33.531,"Any[53, 45, 37, 30, 25, 19, 13, 8]",53,8
874,2026-01-14T06:53:21.0,2026-01-23T12:31:06.531,"Any[8, 13, 19, 25, 30, 37, 45, 56]",8,56
450,2026-01-14T07:22:00.287,2026-01-16T12:59:45.818,"Any[8, 13, 19, 25, 30, 37, 45, 56]",8,56
754,2026-01-14T07:58:28.0,2026-01-23T13:36:13.531,"Any[10, 19, 25, 30, 37, 45, 53]",10,53
1020,2026-01-14T08:24:09.0,2026-01-16T14:01:54.531,"Any[10, 19, 25, 30, 37, 45, 56]",10,56
1139,2026-01-14T08:47:01.0,2026-01-23T14:24:46.531,"Any[6, 11, 19, 25, 30, 37, 45, 56]",6,56
1181,2026-01-14T09:03:45.0,2026-01-16T14:41:30.531,"Any[5, 6, 10, 19, 25, 30, 37, 45, 56]",5,56
343,2026-01-14T10:05:36.776,2026-01-23T15:43:22.307,"Any[8, 13, 19, 25, 30, 37, 45, 56]",8,56
40,2026-01-14T10:21:29.179,2026-01-23T15:59:14.71,"Any[25, 30, 37, 45, 56, 60]",25,60
1460,2026-01-14T10:21:29.179,2026-01-16T15:59:14.71,"Any[25, 30, 37, 45, 56, 60]",25,60
1464,2026-01-14T10:21:29.179,2026-01-23T15:59:14.71,"Any[25, 30, 37, 45, 56, 60]",25,60
1465,2026-01-14T10:21:29.179,2026-01-16T15:59:14.71,"Any[25, 30, 37, 45, 56, 60]",25,60
1467,2026-01-14T10:21:29.179,2026-01-23T15:59:14.71,"Any[25, 30, 37, 45, 56, 60]",25,60
1489,2026-01-14T10:21:29.179,2026-01-16T15:59:14.71,"Any[25, 30, 37, 45, 56, 60]",25,60
266,2026-01-14T10:35:30.0,2026-01-23T16:13:15.531,"Any[19, 25, 30, 37, 45, 53]",19,53
1521,2026-01-14T10:35:30.0,2026-01-23T16:13:15.531,"Any[19, 25, 30, 37, 45, 53]",19,53
175,2026-01-14T10:50:52.0,2026-01-23T16:28:37.531,"Any[53, 45, 37, 30, 25]",53,25
750,2026-01-14T11:36:42.548,2026-01-23T17:14:28.079,"Any[60, 56, 45, 37, 30, 25, 19, 11, 6]",60,6
784,2026-01-14T11:38:26.0,2026-01-16T17:16:11.531,"Any[53, 45, 37, 30, 25, 19, 13, 8]",53,8
939,2026-01-14T11:38:26.0,2026-01-16T17:16:11.531,"Any[53, 45, 37, 30, 25, 19, 13, 8]",53,8
1592,2026-01-14T11:55:00.0,2026-01-23T17:32:45.531,Any[],10,64
844,2026-01-14T11:55:52.0,2026-01-23T17:33:37.531,"Any[6, 11, 19, 25, 30, 37, 45]",6,45
1057,2026-01-14T11:58:47.0,2026-01-23T17:36:32.531,"Any[53, 45, 37, 30, 25, 19, 13, 8]",53,8
215,2026-01-14T12:33:22.0,2026-01-16T18:11:07.531,"Any[53, 45, 37, 30, 25, 19, 10]",53,10
1025,2026-01-14T13:06:44.256,2026-01-16T18:44:29.787,"Any[54, 44, 36, 23, 19, 13, 8, 7]",54,7
1204,2026-01-14T13:27:36.0,2026-01-16T19:05:21.531,"Any[64, 60, 53, 45, 37, 30, 25, 19, 13, 8]",64,8
61,2026-01-14T14:03:07.571,2026-01-16T19:40:53.102,"Any[56, 45, 37, 30, 25, 19, 10]",56,10
812,2026-01-14T14:03:07.571,2026-01-16T19:40:53.102,"Any[56, 45, 37, 30, 25, 19, 10]",56,10
168,2026-01-14T14:04:28.0,2026-01-23T19:42:13.531,"Any[1, 6, 11, 16, 25, 30, 37, 45, 56]",1,56
1206,2026-01-14T14:15:02.0,2026-01-23T19:52:47.531,"Any[64, 60, 53, 45, 37, 30, 25, 19, 11, 6]",64,6
323,2026-01-14T14:16:07.0,2026-01-23T19:53:52.531,"Any[6, 11, 19, 25, 30, 37, 45]",6,45
646,2026-01-14T14:16:07.0,2026-01-16T19:53:52.531,"Any[6, 11, 19, 25, 30, 37, 45]",6,45
788,2026-01-14T14:33:52.0,2026-01-23T20:11:37.531,"Any[56, 45, 37, 30, 25, 19, 11, 6]",56,6
1154,2026-01-14T14:33:52.0,2026-01-16T20:11:37.531,"Any[56, 45, 37, 30, 25, 19, 11, 6]",56,6
379,2026-01-14T14:56:23.0,2026-01-16T20:34:08.531,"Any[6, 11, 19, 25, 30, 37, 45]",6,45
400,2026-01-14T14:58:57.0,2026-01-16T20:36:42.531,"Any[56, 45, 37, 30, 25, 19, 20]",56,20
664,2026-01-14T15:04:52.0,2026-01-16T20:42:37.531,"Any[6, 11, 19, 25, 30, 37, 45, 53]",6,53
935,2026-01-14T15:04:52.0,2026-01-23T20:42:37.531,"Any[6, 11, 19, 25, 30, 37, 45, 53]",6,53
686,2026-01-14T15:14:19.726,2026-01-23T20:52:05.257,"Any[6, 11, 25, 30, 37, 45]",6,45
598,2026-01-14T15:21:47.0,2026-01-23T20:59:32.531,"Any[1, 6, 11, 19, 25, 30, 37, 45, 53]",1,53
533,2026-01-14T15:24:01.0,2026-01-23T21:01:46.531,"Any[53, 45, 37, 30, 25, 19, 13, 8]",53,8
1018,2026-01-14T15:24:01.0,2026-01-23T21:01:46.531,"Any[53, 45, 37, 30, 25, 19, 13, 8]",53,8
44,2026-01-14T15:50:58.0,2026-01-23T21:28:43.531,"Any[56, 45, 37, 30, 25, 19, 11, 6]",56,6
144,2026-01-14T15:50:58.0,2026-01-16T21:28:43.531,"Any[56, 45, 37, 30, 25, 19, 11, 6]",56,6
600,2026-01-14T15:50:58.0,2026-01-16T21:28:43.531,"Any[56, 45, 37, 30, 25, 19, 11, 6]",56,6
1396,2026-01-14T15:52:00.0,2026-01-23T21:29:45.531,Any[],45,16
773,2026-01-14T15:53:18.0,2026-01-23T21:31:03.531,"Any[56, 45, 37, 30, 25, 19, 13, 8]",56,8
1504,2026-01-14T16:28:00.0,2026-01-16T22:05:45.531,Any[],25,62
1130,2026-01-14T16:31:49.0,2026-01-16T22:09:34.531,"Any[60, 53, 45, 37, 30, 25, 19, 10]",60,10
1236,2026-01-14T16:59:54.0,2026-01-23T22:37:39.531,"Any[1, 6, 11, 16, 19, 25, 30, 37, 45, 56, 60, 64]",1,64
1408,2026-01-14T17:09:00.0,2026-01-16T22:46:45.531,Any[],45,7
714,2026-01-14T17:16:43.0,2026-01-23T22:54:28.531,"Any[56, 45, 37, 30, 25, 19, 11, 6]",56,6
1597,2026-01-14T17:28:00.0,2026-01-16T23:05:45.531,Any[],10,64
1009,2026-01-14T17:41:08.0,2026-01-16T23:18:53.531,"Any[3, 10, 19, 25, 30, 37, 45, 53]",3,53
402,2026-01-14T17:52:33.785,2026-01-16T23:30:19.316,"Any[60, 56, 45, 37, 30, 25, 19]",60,19
295,2026-01-14T18:24:41.0,2026-01-17T00:02:26.531,"Any[6, 11, 19, 25, 30, 37, 45, 56]",6,56
1072,2026-01-14T18:24:41.0,2026-01-17T00:02:26.531,"Any[6, 11, 19, 25, 30, 37, 45, 56]",6,56
938,2026-01-14T18:34:54.0,2026-01-24T00:12:39.531,"Any[53, 45, 37, 30, 25]",53,25
139,2026-01-14T18:42:20.0,2026-01-24T00:20:05.531,"Any[8, 13, 19, 25, 30, 37, 45, 53]",8,53
1397,2026-01-14T18:50:00.0,2026-01-17T00:27:45.531,Any[],45,16
185,2026-01-14T19:23:02.0,2026-01-24T01:00:47.531,"Any[8, 13, 19, 25, 30, 37, 45, 53]",8,53
641,2026-01-14T19:23:14.811,2026-01-17T01:01:00.342,"Any[53, 45, 37, 30, 25, 19, 10]",53,10
330,2026-01-14T19:26:41.0,2026-01-17T01:04:26.531,"Any[1, 6, 11, 19, 25, 30, 37, 45, 53]",1,53
567,2026-01-14T19:26:41.0,2026-01-17T01:04:26.531,"Any[1, 6, 11, 19, 25, 30, 37, 45, 53]",1,53
656,2026-01-14T19:42:23.0,2026-01-24T01:20:08.531,"Any[7, 8, 13, 19, 25, 30, 37, 45, 53]",7,53
216,2026-01-14T20:48:19.0,2026-01-17T02:26:04.531,"Any[56, 45, 37, 30, 25, 19, 11, 6]",56,6
318,2026-01-14T20:53:56.0,2026-01-24T02:31:41.531,"Any[62, 53, 45, 37, 30, 25, 19, 11, 6]",62,6
1419,2026-01-14T20:56:00.0,2026-01-17T02:33:45.531,Any[],45,7
591,2026-01-14T21:03:42.05,2026-01-17T02:41:27.581,"Any[10, 19, 25, 30, 37, 45, 53, 60]",10,60
141,2026-01-14T21:19:25.0,2026-01-17T02:57:10.531,"Any[8, 13, 19, 25, 30, 37, 45, 53]",8,53
690,2026-01-14T21:29:16.0,2026-01-17T03:07:01.531,"Any[8, 13, 19, 30, 37, 45, 56]",8,56
713,2026-01-14T21:29:16.0,2026-01-24T03:07:01.531,"Any[8, 13, 19, 30, 37, 45, 56]",8,56
855,2026-01-14T21:45:02.196,2026-01-17T03:22:47.727,"Any[19, 25, 30, 37, 45, 56]",19,56
1247,2026-01-14T22:08:38.0,2026-01-24T03:46:23.531,"Any[8, 13, 19, 25, 30, 37, 45, 56]",8,56
1527,2026-01-14T22:08:51.0,2026-01-17T03:46:36.531,"Any[8, 13, 19, 25, 30, 37, 45, 56]",8,56
1134,2026-01-14T22:14:28.0,2026-01-17T03:52:13.531,"Any[13, 25, 30, 37, 45, 56]",13,56
691,2026-01-14T22:26:09.0,2026-01-24T04:03:54.531,"Any[8, 13, 19, 25, 30, 37, 45, 56]",8,56
1227,2026-01-14T22:58:17.0,2026-01-17T04:36:02.531,"Any[53, 45, 37, 30, 25]",53,25
393,2026-01-14T23:03:00.0,2026-01-17T04:40:45.531,"Any[1, 6, 11, 19, 25, 30, 37, 45, 56]",1,56
440,2026-01-14T23:04:06.0,2026-01-17T04:41:51.531,"Any[8, 13, 19, 25, 30, 37, 45, 56]",8,56
197,2026-01-14T23:05:33.0,2026-01-24T04:43:18.531,"Any[53, 45, 37, 30, 25]",53,25
1127,2026-01-14T23:05:33.0,2026-01-17T04:43:18.531,"Any[53, 45, 37, 30, 25]",53,25
407,2026-01-14T23:33:32.0,2026-01-24T05:11:17.531,"Any[10, 19, 25, 30, 37, 45, 53]",10,53
134,2026-01-14T23:41:44.0,2026-01-17T05:19:29.531,"Any[45, 37, 30, 25, 19, 10]",45,10
565,2026-01-14T23:41:44.0,2026-01-17T05:19:29.531,"Any[45, 37, 30, 25, 19, 10]",45,10
692,2026-01-14T23:41:44.0,2026-01-24T05:19:29.531,"Any[45, 37, 30, 25, 19, 10]",45,10
1108,2026-01-15T00:10:56.0,2026-01-17T05:48:41.531,"Any[1, 6, 11, 19, 23, 36, 44, 54, 60]",1,60
66,2026-01-15T00:30:29.0,2026-01-17T06:08:14.531,"Any[1, 6, 11, 19, 23, 28, 36, 44, 54, 60]",1,60
205,2026-01-15T00:49:18.0,2026-01-17T06:27:03.531,"Any[10, 19, 25, 30, 37, 45, 53]",10,53
718,2026-01-15T00:49:18.0,2026-01-24T06:27:03.531,"Any[10, 19, 25, 30, 37, 45, 53]",10,53
1055,2026-01-15T00:49:18.0,2026-01-17T06:27:03.531,"Any[10, 19, 25, 30, 37, 45, 53]",10,53
912,2026-01-15T00:51:35.897,2026-01-17T06:29:21.428,"Any[53, 45, 37, 30, 25, 19, 13, 8]",53,8
1174,2026-01-15T00:51:35.897,2026-01-17T06:29:21.428,"Any[53, 45, 37, 30, 25, 19, 13, 8]",53,8
753,2026-01-15T01:39:31.0,2026-01-24T07:17:16.531,"Any[53, 45, 37, 30, 25, 19, 11, 6, 1]",53,1
1098,2026-01-15T01:44:25.0,2026-01-17T07:22:10.531,"Any[53, 45, 37, 30, 25, 19, 11, 6, 1]",53,1
453,2026-01-15T01:58:01.0,2026-01-24T07:35:46.531,"Any[19, 25, 30, 37, 30, 37, 45, 53]",19,53
1142,2026-01-15T02:01:06.0,2026-01-24T07:38:51.531,"Any[64, 60, 53, 45, 37, 30, 25, 19, 11, 6, 1]",64,1
670,2026-01-15T02:01:40.151,2026-01-24T07:39:25.682,"Any[53, 45, 37, 30, 25, 19, 11, 6, 6, 1]",53,6
1537,2026-01-15T02:11:44.0,2026-01-17T07:49:29.531,"Any[8, 13, 19, 25, 30, 37, 45, 56]",8,56
98,2026-01-15T02:29:47.0,2026-01-17T08:07:32.531,"Any[64, 60, 53, 45, 37, 30, 25, 19, 11, 6, 1]",64,1
217,2026-01-15T02:46:47.0,2026-01-17T08:24:32.531,"Any[7, 8, 13, 19, 25, 30, 37, 45, 53]",7,53
722,2026-01-15T03:49:28.0,2026-01-17T09:27:13.531,"Any[56, 45, 37, 30, 25]",56,25
1166,2026-01-15T04:28:00.0,2026-01-17T10:05:45.531,"Any[1, 6, 11, 19, 25, 30, 37, 45, 53]",1,53
20,2026-01-15T05:14:16.0,2026-01-17T10:52:01.531,"Any[62, 56, 45, 37, 30, 25, 19]",62,19
160,2026-01-15T06:46:00.0,2026-01-24T12:23:45.531,"Any[64, 60, 53, 45, 37, 30, 25, 19, 11, 6, 1]",64,1
288,2026-01-15T06:46:00.0,2026-01-17T12:23:45.531,"Any[64, 60, 53, 45, 37, 30, 25, 19, 11, 6, 1]",64,1
881,2026-01-15T06:46:00.0,2026-01-17T12:23:45.531,"Any[64, 60, 53, 45, 37, 30, 25, 19, 11, 6, 1]",64,1
1501,2026-01-15T06:53:00.0,2026-01-17T12:30:45.531,Any[],25,62
263,2026-01-15T07:48:44.0,2026-01-24T13:26:29.531,"Any[56, 45, 37, 30, 25]",56,25
231,2026-01-15T08:12:01.0,2026-01-24T13:49:46.531,"Any[19, 25, 30, 37, 45, 53]",19,53
1262,2026-01-15T08:12:01.0,2026-01-17T13:49:46.531,"Any[19, 25, 30, 37, 45, 53]",19,53
1297,2026-01-15T08:28:00.0,2026-01-24T14:05:45.531,Any[],60,7
1316,2026-01-15T09:15:45.0,2026-01-17T14:53:30.531,"Any[56, 45, 37, 30, 25, 19]",56,19
1331,2026-01-15T09:15:45.0,2026-01-24T14:53:30.531,"Any[56, 45, 37, 30, 25, 19]",56,19
1338,2026-01-15T09:15:45.0,2026-01-24T14:53:30.531,"Any[56, 45, 37, 30, 25, 19]",56,19
791,2026-01-15T10:00:26.0,2026-01-24T15:38:11.531,"Any[8, 13, 19, 25, 30, 37, 45, 56]",8,56
448,2026-01-15T10:19:53.768,2026-01-24T15:57:39.299,"Any[53, 45, 37, 30, 25, 19, 11, 6, 1]",53,1
244,2026-01-15T10:48:09.0,2026-01-24T16:25:54.531,"Any[53, 45, 37, 30, 25, 19, 10]",53,10
294,2026-01-15T10:58:45.572,2026-01-17T16:36:31.103,"Any[62, 45, 37, 30, 25, 19]",62,19
1199,2026-01-15T11:04:19.0,2026-01-17T16:42:04.531,"Any[56, 45, 37, 30, 25, 19, 13, 8]",56,8
467,2026-01-15T11:04:35.0,2026-01-24T16:42:20.531,"Any[60, 56, 45, 37, 30, 25, 19, 11, 6]",60,6
826,2026-01-15T11:04:35.0,2026-01-17T16:42:20.531,"Any[60, 56, 45, 37, 30, 25, 19, 11, 6]",60,6
1173,2026-01-15T11:04:35.0,2026-01-17T16:42:20.531,"Any[60, 56, 45, 37, 30, 25, 19, 11, 6]",60,6
758,2026-01-15T11:07:22.0,2026-01-24T16:45:07.531,"Any[53, 45, 37, 30, 25, 19, 13, 8]",53,8
237,2026-01-15T11:15:00.0,2026-01-17T16:52:45.531,"Any[7, 8, 13, 19, 25, 30, 37, 45, 53]",7,53
1129,2026-01-15T11:15:14.375,2026-01-17T16:52:59.906,"Any[6, 11, 19, 25, 30, 37, 45, 56]",6,56
1320,2026-01-15T11:51:56.0,2026-01-17T17:29:41.531,"Any[56, 45, 37, 30, 25, 19]",56,19
1330,2026-01-15T11:51:56.0,2026-01-17T17:29:41.531,"Any[56, 45, 37, 30, 25, 19]",56,19
1351,2026-01-15T11:51:56.0,2026-01-17T17:29:41.531,"Any[56, 45, 37, 30, 25, 19]",56,19
948,2026-01-15T12:49:37.0,2026-01-17T18:27:22.531,"Any[53, 45, 37, 30, 25, 19, 10, 6]",53,6
1259,2026-01-15T12:59:19.0,2026-01-17T18:37:04.531,"Any[53, 45, 37, 30, 25]",53,25
193,2026-01-15T14:32:03.0,2026-01-17T20:09:48.531,"Any[60, 56, 45, 37, 30, 25, 19, 13, 8]",60,8
559,2026-01-15T14:35:10.0,2026-01-24T20:12:55.531,"Any[13, 19, 25, 30, 37, 45, 56]",13,56
499,2026-01-15T14:52:19.0,2026-01-24T20:30:04.531,"Any[53, 45, 37, 30, 25, 19, 13, 8]",53,8
630,2026-01-15T14:58:17.0,2026-01-17T20:36:02.531,"Any[60, 53, 45, 37, 30, 25, 19, 13, 8]",60,8
1382,2026-01-15T15:05:02.389,2026-01-17T20:42:47.92,"Any[45, 37, 30, 25, 19]",45,19
1384,2026-01-15T15:05:02.389,2026-01-24T20:42:47.92,"Any[45, 37, 30, 25, 19]",45,19
1389,2026-01-15T15:05:02.389,2026-01-24T20:42:47.92,"Any[45, 37, 30, 25, 19]",45,19
1390,2026-01-15T15:05:02.389,2026-01-24T20:42:47.92,"Any[45, 37, 30, 25, 19]",45,19
443,2026-01-15T15:19:02.0,2026-01-17T20:56:47.531,"Any[53, 45, 37, 30, 25, 19, 10]",53,10
512,2026-01-15T15:47:18.0,2026-01-17T21:25:03.531,"Any[64, 60, 56, 45, 37, 30, 25, 19, 17, 19, 13, 8]",64,8
977,2026-01-15T16:17:42.0,2026-01-24T21:55:27.531,"Any[64, 56, 45, 37, 30, 25, 19, 11, 6]",64,6
734,2026-01-15T16:29:57.0,2026-01-17T22:07:42.531,"Any[60, 56, 45, 37, 30, 25, 19, 11, 6]",60,6
992,2026-01-15T16:47:32.856,2026-01-24T22:25:18.387,"Any[8, 13, 19, 25, 30, 37, 45, 56]",8,56
687,2026-01-15T16:52:56.642,2026-01-24T22:30:42.173,"Any[45, 37, 30, 25, 19, 11, 6]",45,6
1152,2026-01-15T16:52:56.642,2026-01-24T22:30:42.173,"Any[45, 37, 30, 25, 19, 11, 6]",45,6
1435,2026-01-15T16:52:56.642,2026-01-24T22:30:42.173,"Any[45, 37, 30, 25, 19, 11, 6]",45,6
304,2026-01-15T17:26:22.0,2026-01-24T23:04:07.531,"Any[1, 6, 11, 19, 25, 30, 37, 45, 56, 60]",1,60
700,2026-01-15T17:36:23.0,2026-01-17T23:14:08.531,"Any[10, 19, 25, 30, 37, 45, 53]",10,53
1532,2026-01-15T17:39:27.0,2026-01-24T23:17:12.531,"Any[8, 13, 19, 25, 30, 37, 45, 56]",8,56
864,2026-01-15T17:49:15.0,2026-01-24T23:27:00.531,"Any[19, 25, 30, 37, 45, 53, 60]",19,60
1518,2026-01-15T17:49:15.0,2026-01-24T23:27:00.531,"Any[19, 25, 30, 37, 45, 53, 60]",19,60
608,2026-01-15T17:58:25.0,2026-01-24T23:36:10.531,"Any[6, 11, 19, 25, 30, 37, 45]",6,45
195,2026-01-15T18:03:39.695,2026-01-17T23:41:25.226,"Any[25, 30, 37, 45, 53]",25,53
1507,2026-01-15T18:03:39.695,2026-01-17T23:41:25.226,"Any[25, 30, 37, 45, 53]",25,53
336,2026-01-15T18:13:32.0,2026-01-24T23:51:17.531,"Any[10, 19, 25, 30, 37, 45, 53]",10,53
1165,2026-01-15T18:13:32.0,2026-01-24T23:51:17.531,"Any[10, 19, 25, 30, 37, 45, 53]",10,53
478,2026-01-15T18:20:46.0,2026-01-24T23:58:31.531,"Any[60, 53, 45, 37, 30, 25, 19, 13, 8]",60,8
284,2026-01-15T18:26:14.305,2026-01-18T00:03:59.836,"Any[60, 56, 45, 37, 30, 25, 19, 11, 6]",60,6
411,2026-01-15T18:26:14.305,2026-01-25T00:03:59.836,"Any[60, 56, 45, 37, 30, 25, 19, 11, 6]",60,6
869,2026-01-15T18:26:14.305,2026-01-18T00:03:59.836,"Any[60, 56, 45, 37, 30, 25, 19, 11, 6]",60,6
581,2026-01-15T18:31:33.876,2026-01-25T00:09:19.407,"Any[56, 45, 37, 30, 25, 19, 11, 6]",56,6
1219,2026-01-15T18:31:33.876,2026-01-25T00:09:19.407,"Any[56, 45, 37, 30, 25, 19, 11, 6]",56,6
573,2026-01-15T18:42:58.0,2026-01-18T00:20:43.531,"Any[56, 45, 37, 30, 25, 19, 11, 6]",56,6
673,2026-01-15T19:05:00.0,2026-01-25T00:42:45.531,"Any[8, 13, 19, 25, 30, 37, 45, 53]",8,53
880,2026-01-15T19:10:59.15,2026-01-18T00:48:44.681,"Any[8, 13, 19, 25, 30, 37, 45, 53]",8,53
95,2026-01-15T19:13:37.0,2026-01-25T00:51:22.531,"Any[56, 45, 37, 30, 25, 19]",56,19
1340,2026-01-15T19:13:37.0,2026-01-25T00:51:22.531,"Any[56, 45, 37, 30, 25, 19]",56,19
1344,2026-01-15T19:13:37.0,2026-01-18T00:51:22.531,"Any[56, 45, 37, 30, 25, 19]",56,19
1354,2026-01-15T19:13:37.0,2026-01-25T00:51:22.531,"Any[56, 45, 37, 30, 25, 19]",56,19
1356,2026-01-15T19:13:37.0,2026-01-18T00:51:22.531,"Any[56, 45, 37, 30, 25, 19]",56,19
947,2026-01-15T19:20:18.0,2026-01-25T00:58:03.531,"Any[1, 6, 11, 19, 25, 30, 37, 45, 53]",1,53
1095,2026-01-15T19:20:18.0,2026-01-25T00:58:03.531,"Any[1, 6, 11, 19, 25, 30, 37, 45, 53]",1,53
120,2026-01-15T19:23:38.869,2026-01-25T01:01:24.4,"Any[1, 6, 11, 19, 25, 30, 37, 45, 53, 60]",1,60
1162,2026-01-15T19:23:38.869,2026-01-25T01:01:24.4,"Any[1, 6, 11, 19, 25, 30, 37, 45, 53, 60]",1,60
1551,2026-01-15T19:23:38.869,2026-01-18T01:01:24.4,"Any[1, 6, 11, 19, 25, 30, 37, 45, 53, 60]",1,60
701,2026-01-15T19:59:13.0,2026-01-25T01:36:58.531,"Any[10, 19, 25, 30, 37, 45, 53]",10,53
503,2026-01-15T20:17:50.0,2026-01-18T01:55:35.531,"Any[53, 45, 37, 30, 25, 19, 13, 8]",53,8
1043,2026-01-15T20:24:43.0,2026-01-25T02:02:28.531,"Any[53, 45, 37, 30, 25, 19, 10]",53,10
19,2026-01-15T20:43:21.0,2026-01-25T02:21:06.531,"Any[53, 45, 37, 30, 25, 19, 11, 6, 1]",53,1
1284,2026-01-15T20:48:00.0,2026-01-18T02:25:45.531,Any[],60,17
109,2026-01-15T20:55:05.0,2026-01-25T02:32:50.531,"Any[10, 19, 25, 30, 37, 45, 53]",10,53
1252,2026-01-15T20:57:34.0,2026-01-25T02:35:19.531,"Any[7, 8, 13, 19, 25, 30, 37, 45, 53]",7,53
167,2026-01-15T21:07:06.0,2026-01-25T02:44:51.531,"Any[53, 45, 37, 30, 25, 19, 13, 8]",53,8
358,2026-01-15T21:38:40.391,2026-01-25T03:16:25.922,"Any[53, 45, 37, 30, 25, 19, 10]",53,10
901,2026-01-15T21:38:40.391,2026-01-18T03:16:25.922,"Any[53, 45, 37, 30, 25, 19, 10]",53,10
273,2026-01-15T21:43:20.0,2026-01-18T03:21:05.531,"Any[10, 19, 25, 30, 37, 45, 53]",10,53
898,2026-01-15T21:43:20.0,2026-01-18T03:21:05.531,"Any[10, 19, 25, 30, 37, 45, 53]",10,53
264,2026-01-15T21:47:03.0,2026-01-25T03:24:48.531,"Any[8, 13, 19, 25, 30, 37, 45, 56]",8,56
461,2026-01-15T22:25:37.0,2026-01-25T04:03:22.531,"Any[10, 19, 25, 30, 37, 45, 53]",10,53
430,2026-01-15T22:29:17.0,2026-01-25T04:07:02.531,"Any[56, 45, 37, 30, 25, 19, 11, 6]",56,6
1016,2026-01-15T22:29:17.0,2026-01-25T04:07:02.531,"Any[56, 45, 37, 30, 25, 19, 11, 6]",56,6
995,2026-01-15T22:30:35.0,2026-01-18T04:08:20.531,"Any[60, 56, 45, 37, 30, 25, 19, 13, 8]",60,8
760,2026-01-15T22:35:51.065,2026-01-25T04:13:36.596,"Any[53, 45, 37, 30, 25, 19, 13, 8]",53,8
506,2026-01-15T22:46:25.0,2026-01-25T04:24:10.531,"Any[53, 45, 37, 30, 25]",53,25
729,2026-01-15T22:58:28.0,2026-01-18T04:36:13.531,"Any[53, 45, 37, 30, 25, 19, 10]",53,10
905,2026-01-15T22:58:28.0,2026-01-18T04:36:13.531,"Any[53, 45, 37, 30, 25, 19, 10]",53,10
177,2026-01-15T23:35:26.732,2026-01-18T05:13:12.263,"Any[53, 45, 37, 30, 25, 19, 11, 6, 1]",53,1
291,2026-01-15T23:36:38.0,2026-01-25T05:14:23.531,"Any[53, 45, 37, 30, 25]",53,25
408,2026-01-15T23:40:21.0,2026-01-25T05:18:06.531,"Any[8, 13, 19, 25, 30, 37, 45]",8,45
1171,2026-01-15T23:55:43.0,2026-01-18T05:33:28.531,"Any[8, 13, 19, 25, 30, 37, 45, 53]",8,53
48,2026-01-16T00:02:59.0,2026-01-18T05:40:44.531,"Any[53, 45, 37, 30, 25, 19, 13, 8]",53,8
496,2026-01-16T00:15:22.0,2026-01-25T05:53:07.531,"Any[8, 13, 19, 25, 30, 37, 45, 56]",8,56
495,2026-01-16T00:22:05.0,2026-01-18T05:59:50.531,"Any[56, 45, 37, 30, 25, 16]",56,16
822,2026-01-16T00:22:05.0,2026-01-18T05:59:50.531,"Any[56, 45, 37, 30, 25, 16]",56,16
1024,2026-01-16T00:26:36.0,2026-01-18T06:04:21.531,"Any[53, 45, 37, 30, 25, 19, 11, 6, 1]",53,1
1052,2026-01-16T00:53:45.0,2026-01-18T06:31:30.531,"Any[53, 45, 37, 30, 25, 19, 10]",53,10
125,2026-01-16T00:59:13.0,2026-01-25T06:36:58.531,"Any[1, 6, 11, 19, 25, 30, 37, 45, 53, 60]",1,60
420,2026-01-16T00:59:13.0,2026-01-25T06:36:58.531,"Any[1, 6, 11, 19, 25, 30, 37, 45, 53, 60]",1,60
427,2026-01-16T00:59:13.0,2026-01-18T06:36:58.531,"Any[1, 6, 11, 19, 25, 30, 37, 45, 53, 60]",1,60
1542,2026-01-16T00:59:13.0,2026-01-25T06:36:58.531,"Any[1, 6, 11, 19, 25, 30, 37, 45, 53, 60]",1,60
151,2026-01-16T01:11:54.0,2026-01-25T06:49:39.531,"Any[64, 60, 53, 45, 37, 30, 25, 19, 13, 8]",64,8
452,2026-01-16T01:11:54.0,2026-01-25T06:49:39.531,"Any[64, 60, 53, 45, 37, 30, 25, 19, 13, 8]",64,8
810,2026-01-16T01:27:44.842,2026-01-25T07:05:30.373,"Any[53, 45, 37, 30, 25, 19, 11, 6, 1]",53,1
1250,2026-01-16T01:27:44.842,2026-01-18T07:05:30.373,"Any[53, 45, 37, 30, 25, 19, 11, 6, 1]",53,1
111,2026-01-16T01:28:20.904,2026-01-18T07:06:06.435,"Any[10, 19, 25, 30, 37, 45, 53]",10,53
1187,2026-01-16T01:29:29.0,2026-01-18T07:07:14.531,"Any[53, 45, 37, 30, 25, 19, 10]",53,10
681,2026-01-16T01:35:40.0,2026-01-25T07:13:25.531,"Any[16, 25, 30, 37, 45, 53]",16,53
649,2026-01-16T01:45:48.0,2026-01-25T07:23:33.531,"Any[56, 45, 37, 30, 25, 19, 13, 8]",56,8
1265,2026-01-16T02:17:45.0,2026-01-18T07:55:30.531,"Any[53, 45, 37, 30, 25, 19, 11, 10, 11, 6, 1]",53,1
316,2026-01-16T03:34:11.0,2026-01-25T09:11:56.531,"Any[60, 56, 45, 37, 30, 25, 19, 11, 6]",60,6
37,2026-01-16T03:48:37.0,2026-01-18T09:26:22.531,"Any[56, 45, 37, 30, 25, 19, 10]",56,10
529,2026-01-16T05:38:46.0,2026-01-25T11:16:31.531,"Any[53, 45, 37, 30, 25, 19, 10]",53,10
632,2026-01-16T05:44:55.0,2026-01-18T11:22:40.531,"Any[64, 60, 53, 45, 37, 30, 25, 19, 11, 6, 1]",64,1
553,2026-01-16T06:13:01.0,2026-01-25T11:50:46.531,"Any[1, 6, 11, 19, 25, 30, 37, 45, 56]",1,56
740,2026-01-16T06:14:53.903,2026-01-25T11:52:39.434,"Any[56, 45, 37, 30, 25, 19, 13, 8]",56,8
834,2026-01-16T06:14:53.903,2026-01-25T11:52:39.434,"Any[56, 45, 37, 30, 25, 19, 13, 8]",56,8
1087,2026-01-16T06:39:06.0,2026-01-18T12:16:51.531,"Any[19, 25, 30, 37, 45, 56]",19,56
1144,2026-01-16T06:48:36.0,2026-01-18T12:26:21.531,"Any[10, 19, 25, 30, 37, 45, 53]",10,53
918,2026-01-16T07:01:05.0,2026-01-18T12:38:50.531,"Any[64, 60, 56, 45, 37, 30, 25, 19, 11, 6, 6, 1]",64,6
290,2026-01-16T07:15:26.0,2026-01-25T12:53:11.531,"Any[53, 45, 37, 30, 25, 19, 11, 6, 5]",53,5
254,2026-01-16T07:16:23.0,2026-01-18T12:54:08.531,"Any[53, 45, 37, 30, 25, 19, 10]",53,10
298,2026-01-16T07:16:23.0,2026-01-25T12:54:08.531,"Any[53, 45, 37, 30, 25, 19, 10]",53,10
764,2026-01-16T07:16:23.0,2026-01-25T12:54:08.531,"Any[53, 45, 37, 30, 25, 19, 10]",53,10
804,2026-01-16T07:50:18.0,2026-01-25T13:28:03.531,"Any[14, 19, 25, 30, 37, 45, 53]",14,53
984,2026-01-16T08:08:21.619,2026-01-18T13:46:07.15,"Any[53, 45, 37, 30, 25, 19, 13, 8]",53,8
1143,2026-01-16T08:08:21.619,2026-01-18T13:46:07.15,"Any[53, 45, 37, 30, 25, 19, 13, 8]",53,8
719,2026-01-16T08:25:48.0,2026-01-18T14:03:33.531,"Any[64, 60, 56, 45, 37, 30, 25, 19, 13, 8]",64,8
117,2026-01-16T08:41:02.0,2026-01-18T14:18:47.531,"Any[6, 11, 16, 25, 30, 37, 45]",6,45
1461,2026-01-16T08:41:57.0,2026-01-25T14:19:42.531,"Any[25, 30, 37, 45, 56, 60]",25,60
1470,2026-01-16T08:41:57.0,2026-01-18T14:19:42.531,"Any[25, 30, 37, 45, 56, 60]",25,60
1480,2026-01-16T08:41:57.0,2026-01-18T14:19:42.531,"Any[25, 30, 37, 45, 56, 60]",25,60
1487,2026-01-16T08:41:57.0,2026-01-25T14:19:42.531,"Any[25, 30, 37, 45, 56, 60]",25,60
561,2026-01-16T08:43:41.0,2026-01-25T14:21:26.531,"Any[6, 11, 25, 30, 37, 45]",6,45
16,2026-01-16T08:45:36.713,2026-01-18T14:23:22.244,"Any[19, 25, 30, 37, 45, 53]",19,53
1208,2026-01-16T08:47:03.0,2026-01-18T14:24:48.531,"Any[53, 45, 37, 30, 25, 19, 10]",53,10
1296,2026-01-16T08:48:00.0,2026-01-18T14:25:45.531,Any[],60,7
868,2026-01-16T09:01:03.0,2026-01-25T14:38:48.531,"Any[16, 19, 25, 30, 37, 45, 53]",16,53
986,2026-01-16T09:05:09.0,2026-01-18T14:42:54.531,"Any[56, 45, 37, 30, 25]",56,25
1075,2026-01-16T09:05:09.0,2026-01-18T14:42:54.531,"Any[56, 45, 37, 30, 25]",56,25
1394,2026-01-16T09:38:00.0,2026-01-25T15:15:45.531,Any[],45,16
1576,2026-01-16T10:03:00.0,2026-01-18T15:40:45.531,Any[],10,64
894,2026-01-16T10:06:30.0,2026-01-18T15:44:15.531,"Any[1, 6, 11, 19, 25, 30, 37, 45, 56]",1,56
33,2026-01-16T10:11:49.0,2026-01-25T15:49:34.531,"Any[53, 45, 37, 30, 25, 19, 10]",53,10
859,2026-01-16T10:11:49.0,2026-01-25T15:49:34.531,"Any[53, 45, 37, 30, 25, 19, 10]",53,10
895,2026-01-16T10:28:32.0,2026-01-18T16:06:17.531,"Any[6, 11, 19, 17, 19, 25, 30, 37, 45]",6,45
968,2026-01-16T10:32:09.0,2026-01-25T16:09:54.531,"Any[19, 25, 30, 37, 45, 53]",19,53
611,2026-01-16T10:48:30.0,2026-01-25T16:26:15.531,"Any[6, 11, 19, 25, 30, 37, 45]",6,45
138,2026-01-16T10:50:22.0,2026-01-25T16:28:07.531,"Any[53, 45, 37, 30, 25]",53,25
204,2026-01-16T10:57:50.0,2026-01-25T16:35:35.531,"Any[6, 11, 19, 25, 30, 37, 45]",6,45
1381,2026-01-16T11:16:46.0,2026-01-25T16:54:31.531,"Any[45, 37, 30, 25, 19]",45,19
1385,2026-01-16T11:16:46.0,2026-01-18T16:54:31.531,"Any[45, 37, 30, 25, 19]",45,19
27,2026-01-16T11:34:03.0,2026-01-18T17:11:48.531,"Any[3, 6, 11, 19, 25, 30, 37, 45, 56]",3,56
694,2026-01-16T12:01:00.0,2026-01-18T17:38:45.531,"Any[60, 56, 45, 37, 30, 25, 19, 10]",60,10
1004,2026-01-16T12:16:28.0,2026-01-18T17:54:13.531,"Any[1, 6, 11, 19, 25, 30, 37, 45, 56]",1,56
51,2026-01-16T12:16:55.0,2026-01-18T17:54:40.531,"Any[1, 6, 11, 19, 25, 30, 37, 45, 56, 60]",1,60
286,2026-01-16T12:16:55.0,2026-01-18T17:54:40.531,"Any[1, 6, 11, 19, 25, 30, 37, 45, 56, 60]",1,60
682,2026-01-16T12:20:11.0,2026-01-18T17:57:56.531,"Any[6, 11, 19, 25, 30, 37, 45, 56]",6,56
1484,2026-01-16T12:26:18.0,2026-01-25T18:04:03.531,"Any[25, 30, 37, 45, 56, 60]",25,60
479,2026-01-16T12:37:45.0,2026-01-18T18:15:30.531,"Any[56, 45, 37, 30, 25, 19, 13, 8]",56,8
811,2026-01-16T12:37:45.0,2026-01-18T18:15:30.531,"Any[56, 45, 37, 30, 25, 19, 13, 8]",56,8
770,2026-01-16T13:06:30.0,2026-01-18T18:44:15.531,"Any[56, 45, 37, 30, 25, 19, 11, 6]",56,6
819,2026-01-16T13:06:30.0,2026-01-25T18:44:15.531,"Any[56, 45, 37, 30, 25, 19, 11, 6]",56,6
423,2026-01-16T13:09:21.0,2026-01-25T18:47:06.531,"Any[53, 45, 37, 30, 25, 19, 10]",53,10
816,2026-01-16T13:12:31.0,2026-01-18T18:50:16.531,"Any[62, 53, 45, 37, 30, 25, 19, 11, 6, 1]",62,1
1115,2026-01-16T14:31:44.481,2026-01-25T20:09:30.012,"Any[6, 10, 19, 25, 30, 37, 45, 56]",6,56
643,2026-01-16T14:37:14.0,2026-01-25T20:14:59.531,"Any[54, 44, 36, 23, 19, 11, 6]",54,6
693,2026-01-16T15:00:49.0,2026-01-18T20:38:34.531,"Any[53, 45, 37, 30, 25, 19, 10]",53,10
260,2026-01-16T15:01:50.0,2026-01-25T20:39:35.531,"Any[56, 45, 37, 30, 25]",56,25
1103,2026-01-16T15:29:53.0,2026-01-18T21:07:38.531,"Any[16, 17, 25, 30, 37, 45, 53]",16,53
34,2026-01-16T15:33:15.838,2026-01-25T21:11:01.369,"Any[6, 11, 19, 25, 30, 37, 45, 53]",6,53
1571,2026-01-16T15:43:00.0,2026-01-18T21:20:45.531,Any[],10,64
875,2026-01-16T15:43:57.0,2026-01-25T21:21:42.531,"Any[7, 8, 13, 19, 25, 30, 37, 45, 53]",7,53
929,2026-01-16T15:51:32.0,2026-01-25T21:29:17.531,"Any[53, 45, 37, 30, 25, 19, 11, 6, 1]",53,1
62,2026-01-16T15:56:42.797,2026-01-25T21:34:28.328,"Any[56, 45, 37, 30, 25, 19, 11, 6, 6, 1]",56,6
191,2026-01-16T16:01:01.0,2026-01-25T21:38:46.531,"Any[56, 45, 37, 30, 25]",56,25
982,2026-01-16T16:01:01.0,2026-01-25T21:38:46.531,"Any[56, 45, 37, 30, 25]",56,25
1169,2026-01-16T16:01:01.0,2026-01-18T21:38:46.531,"Any[56, 45, 37, 30, 25]",56,25
463,2026-01-16T16:22:38.68,2026-01-18T22:00:24.211,"Any[6, 11, 19, 25, 30, 37, 45, 56]",6,56
605,2026-01-16T16:22:38.68,2026-01-18T22:00:24.211,"Any[6, 11, 19, 25, 30, 37, 45, 56]",6,56
387,2026-01-16T16:28:34.0,2026-01-25T22:06:19.531,"Any[1, 6, 11, 19, 25, 30, 37, 45, 56]",1,56
518,2026-01-16T16:38:56.0,2026-01-25T22:16:41.531,"Any[10, 19, 25, 30, 37, 45, 53, 60]",10,60
438,2026-01-16T16:41:52.0,2026-01-18T22:19:37.531,"Any[8, 13, 19, 25, 30, 37, 45, 53]",8,53
154,2026-01-16T17:17:52.0,2026-01-25T22:55:37.531,"Any[10, 19, 25, 30, 37, 45, 53]",10,53
528,2026-01-16T17:20:09.23,2026-01-25T22:57:54.761,"Any[45, 37, 30, 25, 19]",45,19
746,2026-01-16T17:20:09.23,2026-01-18T22:57:54.761,"Any[45, 37, 30, 25, 19]",45,19
640,2026-01-16T17:40:11.0,2026-01-25T23:17:56.531,"Any[8, 13, 19, 25, 37, 45, 56]",8,56
843,2026-01-16T17:40:11.0,2026-01-18T23:17:56.531,"Any[8, 13, 19, 25, 37, 45, 56]",8,56
182,2026-01-16T17:55:09.799,2026-01-18T23:32:55.33,"Any[56, 45, 37, 30, 25, 19, 11, 6]",56,6
25,2026-01-16T18:03:48.0,2026-01-18T23:41:33.531,"Any[8, 13, 19, 25, 30, 37, 45, 56]",8,56
514,2026-01-16T18:11:04.0,2026-01-25T23:48:49.531,"Any[56, 45, 37, 30, 25]",56,25
779,2026-01-16T18:11:04.0,2026-01-25T23:48:49.531,"Any[56, 45, 37, 30, 25]",56,25
397,2026-01-16T18:15:41.698,2026-01-25T23:53:27.229,"Any[56, 45, 37, 30, 25, 19, 13, 8]",56,8
1574,2026-01-16T18:19:00.0,2026-01-25T23:56:45.531,Any[],10,64
322,2026-01-16T18:19:17.0,2026-01-18T23:57:02.531,"Any[64, 60, 53, 45, 37, 30, 25, 19, 13, 8]",64,8
1579,2026-01-16T18:26:00.0,2026-01-26T00:03:45.531,Any[],10,64
546,2026-01-16T18:33:30.0,2026-01-26T00:11:15.531,"Any[6, 11, 19, 25, 30, 37, 45]",6,45
312,2026-01-16T18:50:12.0,2026-01-26T00:27:57.531,"Any[60, 53, 45, 37, 30, 25, 19, 10]",60,10
910,2026-01-16T18:50:12.0,2026-01-26T00:27:57.531,"Any[60, 53, 45, 37, 30, 25, 19, 10]",60,10
538,2026-01-16T18:55:38.0,2026-01-26T00:33:23.531,"Any[56, 45, 37, 30, 25, 19, 13, 8]",56,8
513,2026-01-16T18:58:14.0,2026-01-26T00:35:59.531,"Any[19, 25, 30, 37, 45, 53]",19,53
537,2026-01-16T18:58:14.0,2026-01-19T00:35:59.531,"Any[19, 25, 30, 37, 45, 53]",19,53
190,2026-01-16T19:09:05.275,2026-01-26T00:46:50.806,"Any[60, 56, 45, 37, 30, 25, 19, 13, 8]",60,8
783,2026-01-16T19:09:05.275,2026-01-26T00:46:50.806,"Any[60, 56, 45, 37, 30, 25, 19, 13, 8]",60,8
1198,2026-01-16T19:27:13.0,2026-01-19T01:04:58.531,"Any[1, 6, 11, 16, 25, 30, 37, 45, 53]",1,53
250,2026-01-16T20:15:30.0,2026-01-26T01:53:15.531,"Any[53, 45, 37, 30, 25, 19, 13, 8]",53,8
315,2026-01-16T20:15:30.0,2026-01-19T01:53:15.531,"Any[53, 45, 37, 30, 25, 19, 13, 8]",53,8
994,2026-01-16T20:23:19.0,2026-01-26T02:01:04.531,"Any[8, 13, 19, 25, 30, 37, 45, 53]",8,53
742,2026-01-16T20:29:25.0,2026-01-19T02:07:10.531,"Any[60, 56, 45, 37, 30, 25, 19, 10]",60,10
609,2026-01-16T20:35:40.0,2026-01-19T02:13:25.531,"Any[3, 10, 19, 25, 30, 37, 45, 53]",3,53
1218,2026-01-16T20:35:40.0,2026-01-26T02:13:25.531,"Any[3, 10, 19, 25, 30, 37, 45, 53]",3,53
94,2026-01-16T20:47:51.0,2026-01-19T02:25:36.531,"Any[10, 19, 25, 30, 37, 45, 53]",10,53
1096,2026-01-16T21:03:18.164,2026-01-19T02:41:03.695,"Any[1, 6, 11, 19, 23, 36, 44, 54, 60]",1,60
1552,2026-01-16T21:03:18.164,2026-01-19T02:41:03.695,"Any[1, 6, 11, 19, 23, 36, 44, 54, 60]",1,60
1092,2026-01-16T21:09:40.513,2026-01-26T02:47:26.044,"Any[8, 13, 19, 25, 30, 37, 45, 56]",8,56
626,2026-01-16T21:15:29.731,2026-01-19T02:53:15.262,"Any[8, 13, 19, 25, 30, 37, 45, 56]",8,56
708,2026-01-16T21:26:28.0,2026-01-19T03:04:13.531,"Any[60, 53, 45, 37, 30, 25, 19, 11, 6, 1]",60,1
107,2026-01-16T21:40:08.0,2026-01-26T03:17:53.531,"Any[10, 19, 25, 30, 37, 45, 53]",10,53
768,2026-01-16T21:45:26.0,2026-01-26T03:23:11.531,"Any[1, 6, 11, 16, 25, 30, 37, 45, 56, 60]",1,60
342,2026-01-16T22:28:34.0,2026-01-19T04:06:19.531,"Any[53, 45, 37, 30, 25, 19, 10]",53,10
972,2026-01-16T22:28:34.0,2026-01-26T04:06:19.531,"Any[53, 45, 37, 30, 25, 19, 10]",53,10
1167,2026-01-16T22:28:34.0,2026-01-19T04:06:19.531,"Any[53, 45, 37, 30, 25, 19, 10]",53,10
836,2026-01-16T23:28:25.0,2026-01-19T05:06:10.531,"Any[53, 45, 37, 30, 25, 19, 10]",53,10
1193,2026-01-16T23:39:16.106,2026-01-26T05:17:01.637,"Any[53, 45, 37, 30, 25, 19, 10]",53,10
471,2026-01-17T00:03:03.0,2026-01-19T05:40:48.531,"Any[53, 45, 37, 30, 25, 19, 13, 8]",53,8
603,2026-01-17T00:03:03.0,2026-01-19T05:40:48.531,"Any[53, 45, 37, 30, 25, 19, 13, 8]",53,8
472,2026-01-17T00:07:51.718,2026-01-26T05:45:37.249,"Any[6, 11, 19, 25, 30, 37, 45, 56]",6,56
1031,2026-01-17T00:20:53.0,2026-01-19T05:58:38.531,"Any[1, 6, 11, 19, 25, 30, 37, 45, 53, 60]",1,60
560,2026-01-17T00:22:18.0,2026-01-19T06:00:03.531,"Any[10, 19, 25, 30, 37, 45, 53, 60]",10,60
568,2026-01-17T01:16:58.81,2026-01-26T06:54:44.341,"Any[56, 45, 37, 30, 25, 19, 10, 6]",56,6
516,2026-01-17T01:44:58.0,2026-01-26T07:22:43.531,"Any[60, 56, 45, 37, 30, 25, 19, 13, 19, 13, 8]",60,8
1062,2026-01-17T01:44:58.0,2026-01-26T07:22:43.531,"Any[60, 56, 45, 37, 30, 25, 19, 13, 19, 13, 8]",60,8
1220,2026-01-17T01:44:58.0,2026-01-19T07:22:43.531,"Any[60, 56, 45, 37, 30, 25, 19, 13, 19, 13, 8]",60,8
1402,2026-01-17T01:52:00.0,2026-01-19T07:29:45.531,Any[],45,7
159,2026-01-17T02:31:00.0,2026-01-19T08:08:45.531,"Any[53, 45, 37, 30, 25, 19, 11, 6, 1]",53,1
1588,2026-01-17T02:35:00.0,2026-01-19T08:12:45.531,Any[],10,64
1170,2026-01-17T03:59:42.0,2026-01-26T09:37:27.531,"Any[17, 16, 17, 25, 30, 37, 45, 53]",17,53
354,2026-01-17T04:16:13.0,2026-01-26T09:53:58.531,"Any[64, 60, 53, 45, 37, 30, 25, 19, 11, 6, 1]",64,1
378,2026-01-17T04:39:17.0,2026-01-26T10:17:02.531,"Any[56, 45, 37, 30, 25]",56,25
767,2026-01-17T04:51:10.0,2026-01-19T10:28:55.531,"Any[56, 45, 37, 30, 25]",56,25
684,2026-01-17T04:59:16.0,2026-01-26T10:37:01.531,"Any[60, 56, 45, 37, 30, 25, 19, 11, 6]",60,6
1399,2026-01-17T05:54:00.0,2026-01-19T11:31:45.531,Any[],45,16
137,2026-01-17T06:22:40.0,2026-01-26T12:00:25.531,"Any[53, 45, 37, 30, 25, 19, 10]",53,10
717,2026-01-17T06:22:40.0,2026-01-26T12:00:25.531,"Any[53, 45, 37, 30, 25, 19, 10]",53,10
145,2026-01-17T07:02:01.0,2026-01-26T12:39:46.531,"Any[6, 11, 19, 25, 30, 37, 45, 53]",6,53
705,2026-01-17T07:02:01.0,2026-01-19T12:39:46.531,"Any[6, 11, 19, 25, 30, 37, 45, 53]",6,53
426,2026-01-17T07:16:43.0,2026-01-19T12:54:28.531,"Any[25, 30, 37, 45]",25,45
419,2026-01-17T07:26:58.507,2026-01-26T13:04:44.038,"Any[56, 45, 37, 30, 25, 19, 13, 8]",56,8
1246,2026-01-17T07:41:58.0,2026-01-26T13:19:43.531,"Any[64, 60, 53, 45, 37, 30, 25, 19, 11, 6, 1]",64,1
415,2026-01-17T07:50:28.0,2026-01-26T13:28:13.531,"Any[8, 13, 19, 25, 30, 37, 45, 53, 60, 64]",8,64
978,2026-01-17T07:50:28.0,2026-01-19T13:28:13.531,"Any[8, 13, 19, 25, 30, 37, 45, 53, 60, 64]",8,64
541,2026-01-17T08:08:13.0,2026-01-26T13:45:58.531,"Any[56, 45, 37, 30, 25, 19, 13, 8]",56,8
848,2026-01-17T08:10:53.255,2026-01-26T13:48:38.786,"Any[60, 53, 45, 37, 30, 25, 19, 10]",60,10
1076,2026-01-17T08:10:53.255,2026-01-19T13:48:38.786,"Any[60, 53, 45, 37, 30, 25, 19, 10]",60,10
1583,2026-01-17T08:35:00.0,2026-01-26T14:12:45.531,Any[],10,64
1531,2026-01-17T08:38:37.0,2026-01-19T14:16:22.531,"Any[8, 13, 19, 25, 30, 37, 45, 56]",8,56
259,2026-01-17T09:00:36.0,2026-01-19T14:38:21.531,"Any[53, 45, 37, 30, 25, 19, 11, 6, 1]",53,1
552,2026-01-17T09:00:36.0,2026-01-19T14:38:21.531,"Any[53, 45, 37, 30, 25, 19, 11, 6, 1]",53,1
545,2026-01-17T09:14:47.0,2026-01-26T14:52:32.531,"Any[53, 45, 37, 30, 25, 19, 10]",53,10
969,2026-01-17T09:29:56.0,2026-01-26T15:07:41.531,"Any[64, 53, 45, 37, 30, 25, 19, 13, 8]",64,8
361,2026-01-17T09:30:01.0,2026-01-26T15:07:46.531,"Any[19, 25, 30, 37, 45, 53]",19,53
858,2026-01-17T09:30:01.0,2026-01-26T15:07:46.531,"Any[19, 25, 30, 37, 45, 53]",19,53
1496,2026-01-17T09:41:00.0,2026-01-19T15:18:45.531,Any[],25,62
1022,2026-01-17T09:44:15.0,2026-01-19T15:22:00.531,"Any[8, 13, 19, 25, 30, 37, 45, 53]",8,53
1149,2026-01-17T09:44:15.0,2026-01-19T15:22:00.531,"Any[8, 13, 19, 25, 30, 37, 45, 53]",8,53
1582,2026-01-17T10:03:00.0,2026-01-19T15:40:45.531,Any[],10,64
975,2026-01-17T10:13:18.0,2026-01-26T15:51:03.531,"Any[6, 11, 19, 25, 30, 37, 45, 56]",6,56
388,2026-01-17T10:27:36.0,2026-01-26T16:05:21.531,"Any[53, 45, 37, 30, 25, 19, 10]",53,10
161,2026-01-17T10:30:56.0,2026-01-19T16:08:41.531,"Any[53, 45, 37, 30, 25]",53,25
923,2026-01-17T10:49:04.0,2026-01-26T16:26:49.531,"Any[8, 13, 19, 25, 30, 37, 45, 56]",8,56
1517,2026-01-17T10:57:24.0,2026-01-26T16:35:09.531,"Any[19, 25, 30, 37, 45, 56, 60]",19,60
1107,2026-01-17T11:08:33.027,2026-01-19T16:46:18.558,"Any[62, 45, 37, 30, 25, 19]",62,19
1073,2026-01-17T11:14:26.0,2026-01-19T16:52:11.531,"Any[53, 45, 37, 30, 25, 19, 11, 6, 1]",53,1
275,2026-01-17T11:32:05.0,2026-01-26T17:09:50.531,"Any[60, 53, 45, 37, 30, 25, 19, 10]",60,10
942,2026-01-17T11:32:05.0,2026-01-26T17:09:50.531,"Any[60, 53, 45, 37, 30, 25, 19, 10]",60,10
344,2026-01-17T12:15:39.0,2026-01-26T17:53:24.531,"Any[53, 45, 37, 30, 25, 19, 11, 6]",53,6
1304,2026-01-17T12:27:00.0,2026-01-19T18:04:45.531,Any[],60,7
854,2026-01-17T12:52:54.0,2026-01-19T18:30:39.531,"Any[6, 11, 19, 25, 30, 37, 45]",6,45
840,2026-01-17T13:10:57.0,2026-01-26T18:48:42.531,"Any[10, 19, 25, 30, 37, 45, 53]",10,53
946,2026-01-17T13:20:47.0,2026-01-19T18:58:32.531,"Any[56, 45, 37, 30, 25, 19, 11, 6]",56,6
108,2026-01-17T13:21:28.0,2026-01-19T18:59:13.531,"Any[8, 13, 19, 25, 30, 37, 45, 53]",8,53
1194,2026-01-17T13:21:43.0,2026-01-26T18:59:28.531,"Any[8, 13, 19, 25, 30, 37, 45, 53]",8,53
507,2026-01-17T13:24:59.611,2026-01-19T19:02:45.142,"Any[1, 6, 11, 19, 25, 30, 37, 45, 56]",1,56
87,2026-01-17T13:26:43.0,2026-01-19T19:04:28.531,"Any[60, 56, 45, 37, 30, 25, 19, 11, 10, 3]",60,3
445,2026-01-17T13:26:43.0,2026-01-26T19:04:28.531,"Any[60, 56, 45, 37, 30, 25, 19, 11, 10, 3]",60,3
1309,2026-01-17T13:26:43.0,2026-01-19T19:04:28.531,"Any[60, 56, 45, 37, 30, 25, 19, 11, 10, 3]",60,3
1310,2026-01-17T13:26:43.0,2026-01-26T19:04:28.531,"Any[60, 56, 45, 37, 30, 25, 19, 11, 10, 3]",60,3
1311,2026-01-17T13:26:43.0,2026-01-26T19:04:28.531,"Any[60, 56, 45, 37, 30, 25, 19, 11, 10, 3]",60,3
1312,2026-01-17T13:26:43.0,2026-01-26T19:04:28.531,"Any[60, 56, 45, 37, 30, 25, 19, 11, 10, 3]",60,3
1314,2026-01-17T13:26:43.0,2026-01-26T19:04:28.531,"Any[60, 56, 45, 37, 30, 25, 19, 11, 10, 3]",60,3
359,2026-01-17T13:32:45.0,2026-01-19T19:10:30.531,"Any[6, 11, 19, 25, 30, 37, 45]",6,45
1223,2026-01-17T14:24:18.0,2026-01-19T20:02:03.531,"Any[19, 25, 30, 37, 45, 53, 60]",19,60
1064,2026-01-17T14:44:45.0,2026-01-19T20:22:30.531,"Any[13, 19, 25, 30, 37, 45, 56]",13,56
91,2026-01-17T14:59:47.0,2026-01-19T20:37:32.531,"Any[60, 53, 45, 37, 30, 25, 19, 13, 8]",60,8
1291,2026-01-17T14:59:47.0,2026-01-19T20:37:32.531,"Any[60, 53, 45, 37, 30, 25, 19, 13, 8]",60,8
224,2026-01-17T15:04:16.0,2026-01-26T20:42:01.531,"Any[19, 25, 30, 37, 45, 53]",19,53
31,2026-01-17T15:28:00.539,2026-01-26T21:05:46.07,"Any[1, 6, 11, 16, 25, 30, 37, 45, 56]",1,56
332,2026-01-17T15:30:00.0,2026-01-26T21:07:45.531,"Any[16, 19, 25, 30, 37, 45, 53]",16,53
883,2026-01-17T15:36:06.0,2026-01-19T21:13:51.531,"Any[6, 11, 19, 25, 30, 37, 45, 56]",6,56
1065,2026-01-17T15:36:06.0,2026-01-19T21:13:51.531,"Any[6, 11, 19, 25, 30, 37, 45, 56]",6,56
155,2026-01-17T15:42:21.0,2026-01-19T21:20:06.531,"Any[53, 45, 37, 30, 25]",53,25
497,2026-01-17T15:42:21.0,2026-01-26T21:20:06.531,"Any[53, 45, 37, 30, 25]",53,25
59,2026-01-17T15:58:54.0,2026-01-26T21:36:39.531,"Any[19, 25, 30, 37, 45, 53]",19,53
346,2026-01-17T16:36:02.0,2026-01-19T22:13:47.531,"Any[1, 6, 11, 19, 25, 30, 37, 45, 56, 60]",1,60
1558,2026-01-17T16:36:02.0,2026-01-26T22:13:47.531,"Any[1, 6, 11, 19, 25, 30, 37, 45, 56, 60]",1,60
1500,2026-01-17T16:49:00.0,2026-01-19T22:26:45.531,Any[],25,62
1515,2026-01-17T16:59:00.0,2026-01-19T22:36:45.531,Any[],25,54
886,2026-01-17T17:09:17.0,2026-01-26T22:47:02.531,"Any[6, 11, 19, 25, 30, 37, 45, 56]",6,56
922,2026-01-17T17:09:22.0,2026-01-26T22:47:07.531,"Any[8, 13, 19, 25, 30, 37, 45, 56]",8,56
993,2026-01-17T17:09:22.0,2026-01-19T22:47:07.531,"Any[8, 13, 19, 25, 30, 37, 45, 56]",8,56
957,2026-01-17T17:19:05.0,2026-01-19T22:56:50.531,"Any[7, 8, 13, 19, 25, 30, 37, 45, 53]",7,53
1104,2026-01-17T17:23:26.0,2026-01-26T23:01:11.531,"Any[56, 45, 37, 30, 25, 19, 13, 8]",56,8
934,2026-01-17T17:43:12.303,2026-01-19T23:20:57.834,"Any[60, 56, 45, 37, 30, 25, 19]",60,19
841,2026-01-17T17:55:15.0,2026-01-26T23:33:00.531,"Any[19, 25, 30, 37, 45, 53]",19,53
1325,2026-01-17T18:01:46.0,2026-01-26T23:39:31.531,"Any[56, 45, 37, 30, 25, 19]",56,19
1337,2026-01-17T18:01:46.0,2026-01-26T23:39:31.531,"Any[56, 45, 37, 30, 25, 19]",56,19
1345,2026-01-17T18:01:46.0,2026-01-19T23:39:31.531,"Any[56, 45, 37, 30, 25, 19]",56,19
973,2026-01-17T18:04:35.764,2026-01-26T23:42:21.295,"Any[1, 6, 11, 19, 25, 30, 37, 45, 56]",1,56
1195,2026-01-17T18:04:35.764,2026-01-26T23:42:21.295,"Any[1, 6, 11, 19, 25, 30, 37, 45, 56]",1,56
1321,2026-01-17T18:22:32.0,2026-01-20T00:00:17.531,"Any[56, 45, 37, 30, 25, 19]",56,19
1324,2026-01-17T18:32:54.0,2026-01-20T00:10:39.531,"Any[56, 45, 37, 30, 25, 19]",56,19
1326,2026-01-17T18:32:54.0,2026-01-27T00:10:39.531,"Any[56, 45, 37, 30, 25, 19]",56,19
1347,2026-01-17T18:32:54.0,2026-01-27T00:10:39.531,"Any[56, 45, 37, 30, 25, 19]",56,19
1350,2026-01-17T18:32:54.0,2026-01-27T00:10:39.531,"Any[56, 45, 37, 30, 25, 19]",56,19
1357,2026-01-17T18:32:54.0,2026-01-27T00:10:39.531,"Any[56, 45, 37, 30, 25, 19]",56,19
1360,2026-01-17T18:32:54.0,2026-01-20T00:10:39.531,"Any[56, 45, 37, 30, 25, 19]",56,19
1307,2026-01-17T18:34:00.0,2026-01-20T00:11:45.531,Any[],60,7
1196,2026-01-17T18:35:00.0,2026-01-20T00:12:45.531,"Any[56, 45, 37, 30, 25, 19]",56,19
1317,2026-01-17T18:35:00.0,2026-01-20T00:12:45.531,"Any[56, 45, 37, 30, 25, 19]",56,19
1349,2026-01-17T18:35:00.0,2026-01-27T00:12:45.531,"Any[56, 45, 37, 30, 25, 19]",56,19
588,2026-01-17T18:43:38.0,2026-01-20T00:21:23.531,"Any[56, 45, 37, 30, 25]",56,25
1106,2026-01-17T19:17:24.0,2026-01-20T00:55:09.531,"Any[8, 13, 19, 25, 30, 37, 45, 56]",8,56
1591,2026-01-17T19:31:00.0,2026-01-20T01:08:45.531,Any[],10,64
1123,2026-01-17T19:48:50.0,2026-01-20T01:26:35.531,"Any[53, 45, 37, 30, 25, 19, 11, 6, 1]",53,1
727,2026-01-17T20:02:17.0,2026-01-27T01:40:02.531,"Any[8, 13, 19, 25, 30, 37, 45, 56]",8,56
85,2026-01-17T20:13:01.0,2026-01-20T01:50:46.531,"Any[53, 45, 37, 30, 25, 19, 13, 8]",53,8
627,2026-01-17T20:15:36.0,2026-01-20T01:53:21.531,"Any[60, 54, 44, 36, 31, 27, 21, 9]",60,9
689,2026-01-17T20:16:56.488,2026-01-20T01:54:42.019,"Any[10, 19, 25, 30, 37, 45, 53]",10,53
126,2026-01-17T20:22:11.0,2026-01-27T01:59:56.531,"Any[16, 17, 25, 30, 37, 45, 53]",16,53
698,2026-01-17T20:37:22.0,2026-01-27T02:15:07.531,"Any[53, 45, 37, 30, 25, 19, 11, 6, 1]",53,1
299,2026-01-17T20:48:21.0,2026-01-20T02:26:06.531,"Any[1, 6, 11, 19, 25, 30, 37, 45, 56]",1,56
234,2026-01-17T21:05:46.386,2026-01-20T02:43:31.917,"Any[60, 56, 45, 37, 30, 25, 19, 11, 6]",60,6
757,2026-01-17T22:00:53.0,2026-01-20T03:38:38.531,"Any[6, 11, 19, 25, 30, 37, 45, 53]",6,53
200,2026-01-17T22:00:58.0,2026-01-20T03:38:43.531,"Any[10, 11, 19, 25, 30, 37, 45, 53]",10,53
1046,2026-01-17T22:02:50.0,2026-01-27T03:40:35.531,"Any[10, 19, 25, 30, 37, 45, 53, 60]",10,60
677,2026-01-17T22:06:55.0,2026-01-27T03:44:40.531,"Any[10, 19, 25, 30, 37, 45, 53]",10,53
187,2026-01-17T22:18:50.0,2026-01-20T03:56:35.531,"Any[8, 13, 19, 25, 30, 37, 45, 56]",8,56
1530,2026-01-17T22:18:50.0,2026-01-20T03:56:35.531,"Any[8, 13, 19, 25, 30, 37, 45, 56]",8,56
1553,2026-01-17T22:30:00.0,2026-01-20T04:07:45.531,"Any[1, 6, 11, 19, 25, 30, 37, 45, 53, 60]",1,60
941,2026-01-17T22:44:19.0,2026-01-20T04:22:04.531,"Any[7, 8, 13, 19, 25, 30, 37, 45, 53]",7,53
1190,2026-01-17T23:00:14.0,2026-01-27T04:37:59.531,"Any[53, 45, 37, 30, 25, 19, 11, 6, 1]",53,1
76,2026-01-17T23:07:24.192,2026-01-27T04:45:09.723,"Any[8, 13, 19, 25, 30, 37, 45, 56]",8,56
1282,2026-01-17T23:07:24.192,2026-01-27T04:45:09.723,"Any[8, 13, 19, 25, 30, 37, 45, 56]",8,56
749,2026-01-17T23:07:37.0,2026-01-20T04:45:22.531,"Any[25, 30, 37, 45, 56]",25,56
1364,2026-01-17T23:17:00.0,2026-01-20T04:54:45.531,Any[],56,13
462,2026-01-17T23:35:39.0,2026-01-27T05:13:24.531,"Any[8, 13, 19, 25, 30, 37, 45, 56]",8,56
1369,2026-01-17T23:54:00.0,2026-01-20T05:31:45.531,Any[],56,13
621,2026-01-18T00:43:18.0,2026-01-20T06:21:03.531,"Any[10, 19, 25, 30, 37, 45, 53]",10,53
535,2026-01-18T01:09:50.0,2026-01-27T06:47:35.531,"Any[45, 37, 30, 23, 19, 11, 6]",45,6
1436,2026-01-18T01:09:50.0,2026-01-27T06:47:35.531,"Any[45, 37, 30, 23, 19, 11, 6]",45,6
1437,2026-01-18T01:09:50.0,2026-01-20T06:47:35.531,"Any[45, 37, 30, 23, 19, 11, 6]",45,6
313,2026-01-18T01:58:30.0,2026-01-27T07:36:15.531,"Any[53, 45, 37, 30, 25, 19, 11, 6, 1]",53,1
394,2026-01-18T01:58:30.0,2026-01-20T07:36:15.531,"Any[53, 45, 37, 30, 25, 19, 11, 6, 1]",53,1
226,2026-01-18T02:51:38.0,2026-01-27T08:29:23.531,"Any[16, 17, 25, 30, 37, 45, 53]",16,53
417,2026-01-18T02:51:38.0,2026-01-27T08:29:23.531,"Any[16, 17, 25, 30, 37, 45, 53]",16,53
595,2026-01-18T04:40:05.0,2026-01-20T10:17:50.531,"Any[53, 45, 37, 30, 25, 19, 11, 6, 1]",53,1
999,2026-01-18T05:39:54.0,2026-01-27T11:17:39.531,"Any[56, 45, 37, 30, 25]",56,25
1334,2026-01-18T07:42:48.117,2026-01-27T13:20:33.648,"Any[56, 45, 37, 30, 25, 19]",56,19
1342,2026-01-18T07:42:48.117,2026-01-27T13:20:33.648,"Any[56, 45, 37, 30, 25, 19]",56,19
657,2026-01-18T07:45:44.0,2026-01-20T13:23:29.531,"Any[53, 45, 37, 30, 25, 19, 13, 8]",53,8
302,2026-01-18T07:51:09.0,2026-01-27T13:28:54.531,"Any[64, 60, 56, 45, 37, 30, 25, 19, 11, 6]",64,6
192,2026-01-18T08:06:20.0,2026-01-20T13:44:05.531,"Any[7, 8, 13, 19, 25, 30, 37, 45, 53]",7,53
1153,2026-01-18T09:08:40.0,2026-01-27T14:46:25.531,"Any[53, 45, 37, 30, 25, 19, 10]",53,10
228,2026-01-18T09:31:39.0,2026-01-20T15:09:24.531,"Any[25, 30, 37, 45, 53]",25,53
543,2026-01-18T09:31:39.0,2026-01-20T15:09:24.531,"Any[25, 30, 37, 45, 53]",25,53
1506,2026-01-18T09:31:39.0,2026-01-20T15:09:24.531,"Any[25, 30, 37, 45, 53]",25,53
188,2026-01-18T09:38:45.0,2026-01-20T15:16:30.531,"Any[56, 45, 37, 30, 25, 19, 20]",56,20
57,2026-01-18T09:40:42.0,2026-01-27T15:18:27.531,"Any[53, 45, 37, 30, 25, 19, 10]",53,10
1303,2026-01-18T09:47:00.0,2026-01-27T15:24:45.531,Any[],60,7
1224,2026-01-18T09:47:21.0,2026-01-27T15:25:06.531,"Any[64, 60, 53, 45, 37, 30, 25, 19, 11, 6, 1]",64,1
422,2026-01-18T10:01:51.0,2026-01-27T15:39:36.531,"Any[53, 45, 37, 30, 25, 19, 10]",53,10
287,2026-01-18T10:43:13.0,2026-01-20T16:20:58.531,"Any[10, 19, 25, 30, 37, 45, 53]",10,53
1179,2026-01-18T10:43:13.0,2026-01-27T16:20:58.531,"Any[10, 19, 25, 30, 37, 45, 53]",10,53
303,2026-01-18T10:51:46.637,2026-01-27T16:29:32.168,"Any[25, 30, 37, 45, 56, 60]",25,60
1468,2026-01-18T10:51:46.637,2026-01-20T16:29:32.168,"Any[25, 30, 37, 45, 56, 60]",25,60
1473,2026-01-18T10:51:46.637,2026-01-20T16:29:32.168,"Any[25, 30, 37, 45, 56, 60]",25,60
1503,2026-01-18T11:24:00.0,2026-01-20T17:01:45.531,Any[],25,62
842,2026-01-18T11:52:41.0,2026-01-20T17:30:26.531,"Any[56, 45, 37, 30, 25]",56,25
327,2026-01-18T11:58:36.0,2026-01-27T17:36:21.531,"Any[53, 45, 37, 30, 25]",53,25
1027,2026-01-18T11:58:36.0,2026-01-20T17:36:21.531,"Any[53, 45, 37, 30, 25]",53,25
232,2026-01-18T12:11:25.0,2026-01-27T17:49:10.531,"Any[56, 45, 37, 30, 25, 19, 13, 8]",56,8
380,2026-01-18T12:52:22.0,2026-01-20T18:30:07.531,"Any[56, 45, 37, 30, 25, 19, 13, 8]",56,8
53,2026-01-18T12:59:31.0,2026-01-27T18:37:16.531,"Any[3, 10, 19, 25, 30, 37, 45, 53]",3,53
930,2026-01-18T12:59:31.0,2026-01-20T18:37:16.531,"Any[3, 10, 19, 25, 30, 37, 45, 53]",3,53
1033,2026-01-18T12:59:31.0,2026-01-27T18:37:16.531,"Any[3, 10, 19, 25, 30, 37, 45, 53]",3,53
219,2026-01-18T13:43:04.0,2026-01-27T19:20:49.531,"Any[53, 45, 37, 30, 25]",53,25
663,2026-01-18T14:10:52.0,2026-01-27T19:48:37.531,"Any[25, 30, 37, 45]",25,45
214,2026-01-18T14:39:47.0,2026-01-27T20:17:32.531,"Any[53, 45, 37, 30, 25, 19, 11, 6]",53,6
1030,2026-01-18T15:33:45.0,2026-01-20T21:11:30.531,"Any[64, 60, 53, 45, 37, 30, 25, 19, 11, 6, 1]",64,1
1110,2026-01-18T15:34:07.0,2026-01-27T21:11:52.531,"Any[60, 53, 45, 37, 30, 25, 19, 13, 8]",60,8
809,2026-01-18T15:48:14.0,2026-01-27T21:25:59.531,"Any[19, 25, 30, 37, 45, 53]",19,53
1564,2026-01-18T16:05:00.0,2026-01-20T21:42:45.531,Any[],9,62
1202,2026-01-18T16:13:08.0,2026-01-27T21:50:53.531,"Any[6, 11, 19, 30, 37, 45, 56]",6,56
435,2026-01-18T16:58:40.0,2026-01-27T22:36:25.531,"Any[53, 45, 37, 30, 25, 19, 10]",53,10
879,2026-01-18T17:25:15.0,2026-01-27T23:03:00.531,"Any[10, 19, 25, 30, 37, 45, 53]",10,53
1278,2026-01-18T17:27:44.0,2026-01-20T23:05:29.531,"Any[56, 45, 37, 30, 25, 19, 13, 8]",56,8
1404,2026-01-18T18:11:00.0,2026-01-27T23:48:45.531,Any[],45,7
502,2026-01-18T19:30:18.0,2026-01-21T01:08:03.531,"Any[60, 56, 45, 37, 30, 25, 19, 11, 6]",60,6
82,2026-01-18T19:47:45.023,2026-01-21T01:25:30.554,"Any[53, 45, 37, 30, 25, 19, 10]",53,10
357,2026-01-18T19:47:45.023,2026-01-28T01:25:30.554,"Any[53, 45, 37, 30, 25, 19, 10]",53,10
720,2026-01-18T20:24:48.0,2026-01-28T02:02:33.531,"Any[8, 13, 19, 25, 30, 37, 45, 53]",8,53
1088,2026-01-18T20:29:17.0,2026-01-28T02:07:02.531,"Any[53, 45, 37, 30, 25, 19, 10]",53,10
500,2026-01-18T20:47:07.0,2026-01-21T02:24:52.531,"Any[56, 45, 37, 30, 25]",56,25
1133,2026-01-18T20:57:25.0,2026-01-28T02:35:10.531,"Any[53, 45, 37, 30, 25]",53,25
74,2026-01-18T21:02:52.0,2026-01-21T02:40:37.531,"Any[7, 8, 13, 19, 25, 30, 37, 45, 53]",7,53
615,2026-01-18T21:37:12.0,2026-01-28T03:14:57.531,"Any[56, 45, 37, 30, 25, 19, 13, 8]",56,8
1060,2026-01-18T21:37:12.0,2026-01-21T03:14:57.531,"Any[56, 45, 37, 30, 25, 19, 13, 8]",56,8
931,2026-01-18T21:48:50.472,2026-01-28T03:26:36.003,"Any[2, 9, 21, 27, 31, 36, 45, 55]",2,55
793,2026-01-18T21:50:31.647,2026-01-28T03:28:17.178,"Any[2, 9, 21, 27, 31, 36, 45, 55]",2,55
130,2026-01-18T21:50:49.0,2026-01-21T03:28:34.531,"Any[53, 45, 37, 30, 25]",53,25
405,2026-01-18T22:10:31.509,2026-01-21T03:48:17.04,"Any[53, 45, 37, 30, 25, 19, 10]",53,10
152,2026-01-18T22:18:35.952,2026-01-28T03:56:21.483,"Any[60, 56, 45, 37, 30, 25, 19, 11, 6]",60,6
1145,2026-01-18T22:59:33.018,2026-01-21T04:37:18.549,"Any[60, 56, 45, 37, 30, 25, 19, 11, 6]",60,6
1120,2026-01-18T23:02:14.0,2026-01-28T04:39:59.531,"Any[53, 45, 37, 30, 25, 19, 10]",53,10
123,2026-01-18T23:34:15.0,2026-01-21T05:12:00.531,"Any[56, 45, 37, 30, 25, 19, 11, 6]",56,6
1189,2026-01-18T23:59:43.0,2026-01-28T05:37:28.531,"Any[53, 45, 37, 30, 25, 19, 10]",53,10
1559,2026-01-19T00:17:12.0,2026-01-21T05:54:57.531,"Any[1, 6, 11, 19, 25, 30, 37, 45, 53, 60]",1,60
1462,2026-01-19T00:21:33.0,2026-01-21T05:59:18.531,"Any[25, 30, 37, 45, 53, 60]",25,60
628,2026-01-19T00:25:22.742,2026-01-14T06:03:08.273,"Any[45, 37, 30, 25, 19, 11, 6, 1]",45,1
1422,2026-01-19T00:25:22.742,2026-01-14T06:03:08.273,"Any[45, 37, 30, 25, 19, 11, 6, 1]",45,1
390,2026-01-19T00:55:57.0,2026-01-21T06:33:42.531,"Any[53, 45, 37, 30, 25, 19, 11, 6, 1]",53,1
566,2026-01-19T00:55:57.0,2026-01-21T06:33:42.531,"Any[53, 45, 37, 30, 25, 19, 11, 6, 1]",53,1
1301,2026-01-19T01:02:00.0,2026-01-14T06:39:45.531,Any[],60,7
839,2026-01-19T01:38:03.0,2026-01-21T07:15:48.531,"Any[53, 45, 37, 30, 25, 17, 11, 6, 1]",53,1
1006,2026-01-19T01:38:03.0,2026-01-14T07:15:48.531,"Any[53, 45, 37, 30, 25, 17, 11, 6, 1]",53,1
1302,2026-01-19T03:20:00.0,2026-01-14T08:57:45.531,Any[],60,7
404,2026-01-19T03:40:14.0,2026-01-21T09:17:59.531,"Any[53, 45, 37, 30, 25, 19, 11, 6, 1]",53,1
103,2026-01-19T04:45:33.0,2026-01-14T10:23:18.531,"Any[19, 17, 25, 30, 37, 45, 53, 60]",19,60
511,2026-01-19T05:00:21.0,2026-01-14T10:38:06.531,"Any[7, 8, 13, 19, 25, 30, 37, 45, 53]",7,53
1063,2026-01-19T05:00:21.0,2026-01-21T10:38:06.531,"Any[7, 8, 13, 19, 25, 30, 37, 45, 53]",7,53
225,2026-01-19T05:54:32.0,2026-01-14T11:32:17.531,"Any[53, 45, 37, 30, 25]",53,25
748,2026-01-19T06:14:16.0,2026-01-21T11:52:01.531,"Any[16, 25, 30, 37, 45, 53]",16,53
181,2026-01-19T06:52:55.0,2026-01-21T12:30:40.531,"Any[56, 45, 37, 30, 25, 19]",56,19
1323,2026-01-19T06:52:55.0,2026-01-21T12:30:40.531,"Any[56, 45, 37, 30, 25, 19]",56,19
90,2026-01-19T07:01:08.0,2026-01-14T12:38:53.531,"Any[3, 10, 19, 25, 30, 37, 45, 53]",3,53
1570,2026-01-19T08:37:00.0,2026-01-14T14:14:45.531,Any[],10,64
1549,2026-01-19T08:49:10.0,2026-01-21T14:26:55.531,"Any[1, 6, 11, 19, 25, 30, 37, 45, 53, 60]",1,60
1550,2026-01-19T08:49:10.0,2026-01-21T14:26:55.531,"Any[1, 6, 11, 19, 25, 30, 37, 45, 53, 60]",1,60
464,2026-01-19T09:00:08.696,2026-01-14T14:37:54.227,"Any[64, 53, 45, 37, 30, 25, 11, 6, 1]",64,1
882,2026-01-19T09:00:08.696,2026-01-21T14:37:54.227,"Any[64, 53, 45, 37, 30, 25, 11, 6, 1]",64,1
680,2026-01-19T09:16:37.0,2026-01-14T14:54:22.531,"Any[56, 45, 37, 30, 25]",56,25
1135,2026-01-19T09:16:37.0,2026-01-21T14:54:22.531,"Any[56, 45, 37, 30, 25]",56,25
1367,2026-01-19T09:48:00.0,2026-01-21T15:25:45.531,Any[],56,13
1578,2026-01-19T11:37:00.0,2026-01-21T17:14:45.531,Any[],10,64
1368,2026-01-19T12:08:00.0,2026-01-21T17:45:45.531,Any[],56,13
10,2026-01-19T12:24:59.0,2026-01-21T18:02:44.531,"Any[56, 45, 37, 30, 25]",56,25
803,2026-01-19T12:24:59.0,2026-01-21T18:02:44.531,"Any[56, 45, 37, 30, 25]",56,25
233,2026-01-19T12:28:38.0,2026-01-14T18:06:23.531,"Any[1, 6, 11, 25, 30, 37, 45, 53]",1,53
790,2026-01-19T12:28:38.0,2026-01-21T18:06:23.531,"Any[1, 6, 11, 25, 30, 37, 45, 53]",1,53
652,2026-01-19T12:52:27.0,2026-01-21T18:30:12.531,"Any[6, 11, 19, 25, 30, 37, 45]",6,45
852,2026-01-19T12:52:27.0,2026-01-21T18:30:12.531,"Any[6, 11, 19, 25, 30, 37, 45]",6,45
32,2026-01-19T12:52:33.0,2026-01-14T18:30:18.531,"Any[10, 19, 25, 30, 37, 45, 56]",10,56
211,2026-01-19T13:03:36.0,2026-01-14T18:41:21.531,"Any[8, 13, 19, 25, 30, 37, 45]",8,45
658,2026-01-19T13:17:34.0,2026-01-14T18:55:19.531,"Any[19, 25, 30, 37, 30, 37, 45, 53, 60, 64]",19,64
1516,2026-01-19T13:17:34.0,2026-01-21T18:55:19.531,"Any[19, 25, 30, 37, 30, 37, 45, 53, 60, 64]",19,64
124,2026-01-19T13:27:28.0,2026-01-14T19:05:13.531,"Any[6, 11, 16, 25, 30, 37, 45, 56]",6,56
564,2026-01-19T13:27:28.0,2026-01-14T19:05:13.531,"Any[6, 11, 16, 25, 30, 37, 45, 56]",6,56
131,2026-01-19T13:31:43.0,2026-01-14T19:09:28.531,"Any[6, 11, 19, 25, 30, 37, 45, 53]",6,53
119,2026-01-19T14:08:04.0,2026-01-21T19:45:49.531,"Any[25, 30, 37, 45, 53, 60]",25,60
1478,2026-01-19T14:08:04.0,2026-01-14T19:45:49.531,"Any[25, 30, 37, 45, 53, 60]",25,60
1401,2026-01-19T14:31:00.0,2026-01-14T20:08:45.531,Any[],45,7
515,2026-01-19T14:38:37.0,2026-01-21T20:16:22.531,"Any[5, 6, 11, 19, 25, 30, 37, 45, 56]",5,56
956,2026-01-19T14:58:33.0,2026-01-21T20:36:18.531,"Any[6, 11, 19, 25, 30, 37, 45, 56]",6,56
953,2026-01-19T15:29:40.0,2026-01-14T21:07:25.531,"Any[17, 16, 25, 30, 37, 45, 53]",17,53
964,2026-01-19T15:29:40.0,2026-01-14T21:07:25.531,"Any[17, 16, 25, 30, 37, 45, 53]",17,53
920,2026-01-19T15:30:10.0,2026-01-21T21:07:55.531,"Any[6, 11, 16, 25, 30, 37, 45]",6,45
136,2026-01-19T16:35:38.0,2026-01-14T22:13:23.531,"Any[60, 56, 45, 37, 30, 25, 19, 13, 8]",60,8
101,2026-01-19T16:41:49.0,2026-01-21T22:19:34.531,"Any[60, 53, 45, 37, 30, 25, 19, 11, 6, 6]",60,6
42,2026-01-19T16:42:08.0,2026-01-21T22:19:53.531,"Any[60, 53, 45, 37, 30, 25, 19, 13, 8]",60,8
1273,2026-01-19T16:42:08.0,2026-01-21T22:19:53.531,"Any[60, 53, 45, 37, 30, 25, 19, 13, 8]",60,8
1441,2026-01-19T16:43:27.0,2026-01-14T22:21:12.531,"Any[25, 30, 37, 45, 56, 60, 64]",25,64
1445,2026-01-19T16:43:27.0,2026-01-14T22:21:12.531,"Any[25, 30, 37, 45, 56, 60, 64]",25,64
1446,2026-01-19T16:43:27.0,2026-01-14T22:21:12.531,"Any[25, 30, 37, 45, 56, 60, 64]",25,64
1453,2026-01-19T16:43:27.0,2026-01-21T22:21:12.531,"Any[25, 30, 37, 45, 56, 60, 64]",25,64
1454,2026-01-19T16:43:27.0,2026-01-21T22:21:12.531,"Any[25, 30, 37, 45, 56, 60, 64]",25,64
1457,2026-01-19T16:43:27.0,2026-01-21T22:21:12.531,"Any[25, 30, 37, 45, 56, 60, 64]",25,64
29,2026-01-19T17:00:57.0,2026-01-21T22:38:42.531,"Any[6, 11, 19, 25, 30, 37, 45, 56]",6,56
585,2026-01-19T17:00:57.0,2026-01-14T22:38:42.531,"Any[6, 11, 19, 25, 30, 37, 45, 56]",6,56
505,2026-01-19T17:02:24.0,2026-01-14T22:40:09.531,"Any[53, 45, 37, 30, 25]",53,25
491,2026-01-19T17:05:36.177,2026-01-21T22:43:21.708,"Any[25, 30, 37, 45, 56]",25,56
721,2026-01-19T17:14:15.0,2026-01-21T22:52:00.531,"Any[25, 30, 37, 45, 53, 60]",25,60
985,2026-01-19T17:14:15.0,2026-01-14T22:52:00.531,"Any[25, 30, 37, 45, 53, 60]",25,60
1471,2026-01-19T17:14:15.0,2026-01-21T22:52:00.531,"Any[25, 30, 37, 45, 53, 60]",25,60
1479,2026-01-19T17:14:15.0,2026-01-14T22:52:00.531,"Any[25, 30, 37, 45, 53, 60]",25,60
1490,2026-01-19T17:14:15.0,2026-01-21T22:52:00.531,"Any[25, 30, 37, 45, 53, 60]",25,60
106,2026-01-19T17:43:09.0,2026-01-14T23:20:54.531,"Any[56, 45, 37, 30, 25]",56,25
1000,2026-01-19T17:43:09.0,2026-01-21T23:20:54.531,"Any[56, 45, 37, 30, 25]",56,25
1117,2026-01-19T17:43:09.0,2026-01-21T23:20:54.531,"Any[56, 45, 37, 30, 25]",56,25
979,2026-01-19T18:11:14.0,2026-01-14T23:48:59.531,"Any[8, 13, 19, 25, 30, 37, 45, 53]",8,53
1112,2026-01-19T18:12:41.0,2026-01-14T23:50:26.531,"Any[8, 13, 19, 25, 30, 37, 45, 53]",8,53
64,2026-01-19T18:32:15.0,2026-01-15T00:10:00.531,"Any[19, 25, 30, 37, 45, 56, 60, 60, 64]",19,60
487,2026-01-19T18:34:39.0,2026-01-22T00:12:24.531,"Any[56, 45, 37, 30, 25]",56,25
884,2026-01-19T18:38:03.0,2026-01-22T00:15:48.531,"Any[60, 53, 45, 37, 30, 25, 19, 10]",60,10
1056,2026-01-19T18:55:12.685,2026-01-15T00:32:58.216,"Any[56, 45, 37, 30, 25, 19, 13, 8]",56,8
1155,2026-01-19T19:14:57.0,2026-01-15T00:52:42.531,"Any[1, 6, 11, 25, 30, 37, 45, 53]",1,53
1256,2026-01-19T19:35:03.0,2026-01-15T01:12:48.531,"Any[6, 11, 19, 25, 30, 37, 45]",6,45
1276,2026-01-19T19:35:03.0,2026-01-22T01:12:48.531,"Any[6, 11, 19, 25, 30, 37, 45]",6,45
704,2026-01-19T19:55:52.0,2026-01-15T01:33:37.531,"Any[8, 13, 19, 25, 30, 37, 45, 53]",8,53
52,2026-01-19T20:11:31.0,2026-01-22T01:49:16.531,"Any[53, 45, 37, 30, 25, 19, 13, 8]",53,8
976,2026-01-19T20:11:31.0,2026-01-22T01:49:16.531,"Any[53, 45, 37, 30, 25, 19, 13, 8]",53,8
613,2026-01-19T20:13:16.0,2026-01-22T01:51:01.531,"Any[10, 19, 25, 30, 37, 45, 53]",10,53
1014,2026-01-19T20:13:16.0,2026-01-15T01:51:01.531,"Any[10, 19, 25, 30, 37, 45, 53]",10,53
1275,2026-01-19T20:13:16.0,2026-01-22T01:51:01.531,"Any[10, 19, 25, 30, 37, 45, 53]",10,53
878,2026-01-19T20:25:53.0,2026-01-15T02:03:38.531,"Any[53, 45, 37, 30, 25, 19, 10]",53,10
56,2026-01-19T20:32:06.0,2026-01-22T02:09:51.531,"Any[10, 19, 30, 37, 45, 53]",10,53
409,2026-01-19T20:32:06.0,2026-01-22T02:09:51.531,"Any[10, 19, 30, 37, 45, 53]",10,53
907,2026-01-19T20:59:12.0,2026-01-22T02:36:57.531,"Any[6, 11, 19, 25, 30, 37, 45, 56]",6,56
1379,2026-01-19T21:00:00.0,2026-01-15T02:37:45.531,Any[],55,2
651,2026-01-19T21:18:53.894,2026-01-15T02:56:39.425,"Any[10, 25, 30, 37, 45, 53, 60]",10,60
636,2026-01-19T21:21:30.0,2026-01-15T02:59:15.531,"Any[53, 45, 37, 30, 25]",53,25
1254,2026-01-19T21:21:30.0,2026-01-22T02:59:15.531,"Any[53, 45, 37, 30, 25]",53,25
614,2026-01-19T21:28:47.0,2026-01-22T03:06:32.531,"Any[6, 11, 19, 25, 30, 37, 45]",6,45
1160,2026-01-19T21:33:41.0,2026-01-15T03:11:26.531,"Any[10, 19, 25, 30, 37, 45, 53, 60]",10,60
1525,2026-01-19T21:55:18.0,2026-01-22T03:33:03.531,"Any[19, 25, 30, 37, 45, 53]",19,53
78,2026-01-19T22:05:35.0,2026-01-22T03:43:20.531,"Any[60, 53, 45, 37, 30, 25, 19, 13, 8]",60,8
1228,2026-01-19T22:05:35.0,2026-01-22T03:43:20.531,"Any[60, 53, 45, 37, 30, 25, 19, 13, 8]",60,8
1505,2026-01-19T22:11:00.0,2026-01-15T03:48:45.531,Any[],25,62
334,2026-01-19T22:23:37.0,2026-01-15T04:01:22.531,"Any[10, 19, 25, 30, 37, 45, 56]",10,56
1069,2026-01-19T22:23:37.0,2026-01-22T04:01:22.531,"Any[10, 19, 25, 30, 37, 45, 56]",10,56
828,2026-01-19T23:08:00.682,2026-01-15T04:45:46.213,"Any[56, 45, 37, 30, 25, 19, 11, 6, 6]",56,6
1085,2026-01-19T23:09:32.399,2026-01-22T04:47:17.93,"Any[8, 13, 19, 25, 30, 37, 45, 56]",8,56
1131,2026-01-19T23:09:32.399,2026-01-15T04:47:17.93,"Any[8, 13, 19, 25, 30, 37, 45, 56]",8,56
88,2026-01-19T23:36:11.898,2026-01-15T05:13:57.429,"Any[53, 45, 37, 30, 25, 19, 11, 6, 1]",53,1
212,2026-01-19T23:36:11.898,2026-01-22T05:13:57.429,"Any[53, 45, 37, 30, 25, 19, 11, 6, 1]",53,1
169,2026-01-19T23:46:28.0,2026-01-22T05:24:13.531,"Any[53, 45, 37, 30, 25, 19, 11, 6, 1]",53,1
1398,2026-01-19T23:59:00.0,2026-01-15T05:36:45.531,Any[],45,16
1546,2026-01-19T23:59:35.0,2026-01-15T05:37:20.531,"Any[1, 6, 11, 19, 23, 36, 44, 54, 60]",1,60
1554,2026-01-19T23:59:35.0,2026-01-22T05:37:20.531,"Any[1, 6, 11, 19, 23, 36, 44, 54, 60]",1,60
867,2026-01-20T00:05:44.0,2026-01-22T05:43:29.531,"Any[8, 13, 19, 25, 30, 37, 45, 56]",8,56
1238,2026-01-20T00:05:44.0,2026-01-15T05:43:29.531,"Any[8, 13, 19, 25, 30, 37, 45, 56]",8,56
1071,2026-01-20T00:14:14.0,2026-01-15T05:51:59.531,"Any[64, 53, 45, 37, 30, 25, 19, 13, 8]",64,8
348,2026-01-20T00:21:38.0,2026-01-15T05:59:23.531,"Any[10, 19, 30, 37, 45, 53]",10,53
861,2026-01-20T01:02:01.0,2026-01-22T06:39:46.531,"Any[8, 13, 19, 25, 30, 37, 45, 56]",8,56
725,2026-01-20T01:30:42.0,2026-01-22T07:08:27.531,"Any[7, 8, 13, 19, 25, 30, 37, 45, 53]",7,53
981,2026-01-20T01:38:53.0,2026-01-22T07:16:38.531,"Any[56, 45, 37, 30, 25, 19, 13, 30, 25, 19, 13, 8]",56,8
1051,2026-01-20T01:38:57.0,2026-01-15T07:16:42.531,"Any[53, 45, 37, 30, 25, 19, 10]",53,10
1405,2026-01-20T01:49:00.0,2026-01-22T07:26:45.531,Any[],45,7
129,2026-01-20T02:13:39.0,2026-01-15T07:51:24.531,"Any[53, 45, 37, 30, 25, 19, 11, 6, 1]",53,1
1410,2026-01-20T02:14:00.0,2026-01-15T07:51:45.531,Any[],45,7
1495,2026-01-20T02:34:00.0,2026-01-15T08:11:45.531,Any[],25,62
711,2026-01-20T02:35:34.0,2026-01-15T08:13:19.531,"Any[8, 13, 19, 25, 30, 37, 45, 53]",8,53
218,2026-01-20T02:48:37.0,2026-01-15T08:26:22.531,"Any[53, 45, 37, 30, 25, 19, 10]",53,10
1207,2026-01-20T02:48:37.0,2026-01-15T08:26:22.531,"Any[53, 45, 37, 30, 25, 19, 10]",53,10
47,2026-01-20T04:22:11.0,2026-01-22T09:59:56.531,"Any[19, 25, 30, 37, 45, 56]",19,56
1409,2026-01-20T04:48:00.0,2026-01-15T10:25:45.531,Any[],45,7
1572,2026-01-20T05:24:00.0,2026-01-22T11:01:45.531,Any[],10,64
695,2026-01-20T05:39:05.0,2026-01-22T11:16:50.531,"Any[10, 19, 25, 30, 37, 45, 53]",10,53
914,2026-01-20T06:12:00.0,2026-01-15T11:49:45.531,"Any[53, 45, 37, 30, 25, 19, 10]",53,10
583,2026-01-20T06:20:29.0,2026-01-22T11:58:14.531,"Any[6, 11, 19, 25, 30, 37, 45]",6,45
93,2026-01-20T06:39:10.591,2026-01-15T12:16:56.122,"Any[10, 19, 25, 30, 37, 45, 53]",10,53
987,2026-01-20T06:39:10.591,2026-01-22T12:16:56.122,"Any[10, 19, 25, 30, 37, 45, 53]",10,53
944,2026-01-20T06:45:14.0,2026-01-15T12:22:59.531,"Any[53, 45, 37, 30, 25, 19, 10]",53,10
480,2026-01-20T06:48:39.0,2026-01-15T12:26:24.531,"Any[6, 11, 16, 25, 30, 37, 45, 56]",6,56
493,2026-01-20T06:59:27.0,2026-01-15T12:37:12.531,"Any[6, 11, 19, 25, 30, 37, 45]",6,45
1037,2026-01-20T07:07:21.0,2026-01-22T12:45:06.531,"Any[8, 13, 19, 25, 30, 37, 45, 56]",8,56
1099,2026-01-20T07:07:21.0,2026-01-22T12:45:06.531,"Any[8, 13, 19, 25, 30, 37, 45, 56]",8,56
899,2026-01-20T07:10:53.0,2026-01-15T12:48:38.531,"Any[60, 53, 45, 37, 30, 25, 19, 13, 8]",60,8
1200,2026-01-20T07:27:07.0,2026-01-22T13:04:52.531,"Any[8, 13, 19, 25, 30, 37, 45, 56]",8,56
437,2026-01-20T07:31:00.0,2026-01-22T13:08:45.531,"Any[10, 19, 25, 30, 37, 45, 53]",10,53
908,2026-01-20T07:40:00.0,2026-01-15T13:17:45.531,"Any[7, 8, 13, 19, 25, 30, 37, 45, 53]",7,53
1132,2026-01-20T08:30:47.0,2026-01-15T14:08:32.531,"Any[54, 44, 36, 23, 19, 11, 6]",54,6
504,2026-01-20T08:41:38.0,2026-01-22T14:19:23.531,"Any[10, 19, 25, 30, 37, 45, 53]",10,53
92,2026-01-20T08:41:47.0,2026-01-15T14:19:32.531,"Any[7, 8, 13, 19, 25, 30, 37, 45, 53]",7,53
1298,2026-01-20T09:11:00.0,2026-01-22T14:48:45.531,Any[],60,7
829,2026-01-20T09:36:07.0,2026-01-22T15:13:52.531,"Any[1, 6, 11, 19, 25, 30, 37, 45, 56]",1,56
5,2026-01-20T09:39:13.0,2026-01-15T15:16:58.531,"Any[25, 30, 37, 45, 56]",25,56
410,2026-01-20T10:05:49.0,2026-01-22T15:43:34.531,"Any[45, 37, 30, 25]",45,25
1035,2026-01-20T10:05:49.0,2026-01-22T15:43:34.531,"Any[45, 37, 30, 25]",45,25
335,2026-01-20T10:07:14.0,2026-01-15T15:44:59.531,"Any[60, 53, 45, 37, 30, 25, 19, 11, 6]",60,6
521,2026-01-20T10:07:14.0,2026-01-15T15:44:59.531,"Any[60, 53, 45, 37, 30, 25, 19, 11, 6]",60,6
1044,2026-01-20T10:27:16.0,2026-01-15T16:05:01.531,"Any[53, 45, 37, 30, 25, 19, 11, 6, 1]",53,1
1084,2026-01-20T10:50:54.55,2026-01-15T16:28:40.081,"Any[19, 25, 30, 37, 45, 53]",19,53
1594,2026-01-20T11:18:00.0,2026-01-22T16:55:45.531,Any[],10,64
309,2026-01-20T11:20:59.0,2026-01-15T16:58:44.531,"Any[56, 45, 37, 30, 25, 19, 13, 8]",56,8
24,2026-01-20T11:42:33.0,2026-01-15T17:20:18.531,"Any[6, 11, 19, 25, 30, 37, 45, 56]",6,56
620,2026-01-20T11:42:33.0,2026-01-22T17:20:18.531,"Any[6, 11, 19, 25, 30, 37, 45, 56]",6,56
58,2026-01-20T12:00:47.0,2026-01-15T17:38:32.531,"Any[6, 11, 19, 25, 30, 37, 45, 53]",6,53
801,2026-01-20T12:00:47.0,2026-01-22T17:38:32.531,"Any[6, 11, 19, 25, 30, 37, 45, 53]",6,53
1091,2026-01-20T12:07:39.0,2026-01-15T17:45:24.531,"Any[60, 53, 45, 37, 30, 25, 19, 10]",60,10
22,2026-01-20T12:21:30.0,2026-01-22T17:59:15.531,"Any[53, 45, 37, 30, 25, 19, 10]",53,10
633,2026-01-20T12:21:30.0,2026-01-22T17:59:15.531,"Any[53, 45, 37, 30, 25, 19, 10]",53,10
399,2026-01-20T12:38:34.032,2026-01-22T18:16:19.563,"Any[8, 13, 19, 25, 30, 37, 45]",8,45
245,2026-01-20T13:00:08.0,2026-01-22T18:37:53.531,"Any[53, 45, 37, 30, 25, 19, 13, 8]",53,8
593,2026-01-20T13:00:08.0,2026-01-22T18:37:53.531,"Any[53, 45, 37, 30, 25, 19, 13, 8]",53,8
775,2026-01-20T13:00:08.0,2026-01-22T18:37:53.531,"Any[53, 45, 37, 30, 25, 19, 13, 8]",53,8
166,2026-01-20T13:01:08.409,2026-01-15T18:38:53.94,"Any[56, 45, 37, 30, 25, 19, 10]",56,10
282,2026-01-20T13:02:09.0,2026-01-15T18:39:54.531,"Any[60, 56, 45, 37, 30, 25, 19, 11, 6, 6]",60,6
1274,2026-01-20T13:02:09.0,2026-01-22T18:39:54.531,"Any[60, 56, 45, 37, 30, 25, 19, 11, 6, 6]",60,6
777,2026-01-20T13:28:14.0,2026-01-15T19:05:59.531,"Any[56, 45, 37, 30, 25, 19, 13, 8]",56,8
648,2026-01-20T13:53:55.0,2026-01-22T19:31:40.531,"Any[6, 11, 19, 25, 30, 37, 45]",6,45
18,2026-01-20T14:23:19.0,2026-01-15T20:01:04.531,"Any[8, 13, 19, 25, 30, 37, 45, 56]",8,56
747,2026-01-20T14:41:12.588,2026-01-22T20:18:58.119,"Any[3, 6, 11, 16, 25, 30, 37, 45, 56]",3,56
1049,2026-01-20T14:41:12.588,2026-01-22T20:18:58.119,"Any[3, 6, 11, 16, 25, 30, 37, 45, 56]",3,56
314,2026-01-20T15:01:16.0,2026-01-22T20:39:01.531,"Any[8, 13, 19, 25, 30, 37, 45]",8,45
676,2026-01-20T15:17:37.0,2026-01-15T20:55:22.531,"Any[53, 45, 37, 30, 25]",53,25
554,2026-01-20T15:23:07.0,2026-01-22T21:00:52.531,"Any[6, 11, 19, 25, 30, 37, 45]",6,45
616,2026-01-20T15:23:07.0,2026-01-22T21:00:52.531,"Any[6, 11, 19, 25, 30, 37, 45]",6,45
896,2026-01-20T16:02:26.0,2026-01-22T21:40:11.531,"Any[56, 45, 37, 30, 25, 19, 11, 6]",56,6
857,2026-01-20T16:10:53.0,2026-01-15T21:48:38.531,"Any[56, 45, 37, 30, 25, 19, 11, 6, 6, 1]",56,6
281,2026-01-20T16:15:19.0,2026-01-15T21:53:04.531,"Any[56, 45, 37, 30, 25, 19, 11, 6]",56,6
745,2026-01-20T16:17:24.0,2026-01-22T21:55:09.531,"Any[8, 13, 19, 25, 30, 37, 45, 53]",8,53
1029,2026-01-20T16:20:15.0,2026-01-15T21:58:00.531,"Any[6, 11, 19, 25, 30, 37, 45, 56]",6,56
1059,2026-01-20T16:20:15.0,2026-01-15T21:58:00.531,"Any[6, 11, 19, 25, 30, 37, 45, 56]",6,56
1068,2026-01-20T16:35:07.0,2026-01-22T22:12:52.531,"Any[53, 45, 37, 30, 25, 19, 13, 8]",53,8
395,2026-01-20T16:36:56.0,2026-01-15T22:14:41.531,"Any[64, 60, 56, 45, 37, 30, 25, 19, 13, 8]",64,8
363,2026-01-20T16:38:17.0,2026-01-15T22:16:02.531,"Any[6, 11, 19, 25, 30, 37, 45, 53]",6,53
401,2026-01-20T16:40:44.154,2026-01-22T22:18:29.685,"Any[25, 30, 37, 45, 56]",25,56
1191,2026-01-20T16:40:44.154,2026-01-15T22:18:29.685,"Any[25, 30, 37, 45, 56]",25,56
755,2026-01-20T16:41:10.0,2026-01-15T22:18:55.531,"Any[8, 13, 25, 30, 37, 45, 56]",8,56
751,2026-01-20T16:44:39.0,2026-01-22T22:22:24.531,"Any[10, 19, 25, 30, 37, 45, 53]",10,53
30,2026-01-20T16:59:58.0,2026-01-22T22:37:43.531,"Any[6, 11, 19, 25, 30, 37, 45]",6,45
1269,2026-01-20T17:26:12.0,2026-01-15T23:03:57.531,"Any[25, 30, 37, 45, 53, 60]",25,60
1463,2026-01-20T17:26:12.0,2026-01-15T23:03:57.531,"Any[25, 30, 37, 45, 53, 60]",25,60
1488,2026-01-20T17:26:12.0,2026-01-22T23:03:57.531,"Any[25, 30, 37, 45, 53, 60]",25,60
1493,2026-01-20T17:26:12.0,2026-01-15T23:03:57.531,"Any[25, 30, 37, 45, 53, 60]",25,60
795,2026-01-20T17:28:51.446,2026-01-15T23:06:36.977,"Any[56, 45, 37, 30, 25]",56,25
921,2026-01-20T17:28:51.446,2026-01-22T23:06:36.977,"Any[56, 45, 37, 30, 25]",56,25
21,2026-01-20T17:35:44.849,2026-01-15T23:13:30.38,"Any[8, 13, 19, 25, 30, 37, 45, 53]",8,53
924,2026-01-20T17:36:02.0,2026-01-22T23:13:47.531,"Any[6, 11, 19, 25, 30, 37, 45]",6,45
60,2026-01-20T17:41:12.448,2026-01-22T23:18:57.979,"Any[56, 45, 37, 30, 25, 19]",56,19
1341,2026-01-20T17:41:12.448,2026-01-22T23:18:57.979,"Any[56, 45, 37, 30, 25, 19]",56,19
1370,2026-01-20T17:42:06.054,2026-01-15T23:19:51.585,"Any[56, 45, 37, 30, 25, 19, 13, 8, 7]",56,7
1376,2026-01-20T17:42:06.054,2026-01-22T23:19:51.585,"Any[56, 45, 37, 30, 25, 19, 13, 8, 7]",56,7
1377,2026-01-20T17:42:06.054,2026-01-15T23:19:51.585,"Any[56, 45, 37, 30, 25, 19, 13, 8, 7]",56,7
1111,2026-01-20T17:46:02.0,2026-01-22T23:23:47.531,"Any[6, 11, 19, 25, 30, 37, 45]",6,45
1118,2026-01-20T17:46:06.358,2026-01-22T23:23:51.889,"Any[56, 45, 37, 30, 25, 19, 11, 6]",56,6
737,2026-01-20T17:51:54.0,2026-01-22T23:29:39.531,"Any[64, 56, 45, 37, 30, 25, 19, 11, 6]",64,6
1288,2026-01-20T17:53:00.0,2026-01-22T23:30:45.531,Any[],60,16
146,2026-01-20T18:18:40.725,2026-01-15T23:56:26.256,"Any[56, 45, 37, 30, 25, 19, 11, 6]",56,6
240,2026-01-20T18:18:41.0,2026-01-15T23:56:26.531,"Any[64, 60, 56, 45, 37, 30, 25, 19, 11, 6]",64,6
872,2026-01-20T18:18:41.0,2026-01-15T23:56:26.531,"Any[64, 60, 56, 45, 37, 30, 25, 19, 11, 6]",64,6
1443,2026-01-20T18:35:31.0,2026-01-16T00:13:16.531,"Any[25, 30, 37, 45, 53, 60, 64]",25,64
1448,2026-01-20T18:35:31.0,2026-01-16T00:13:16.531,"Any[25, 30, 37, 45, 53, 60, 64]",25,64
1450,2026-01-20T18:35:31.0,2026-01-23T00:13:16.531,"Any[25, 30, 37, 45, 53, 60, 64]",25,64
1452,2026-01-20T18:35:31.0,2026-01-23T00:13:16.531,"Any[25, 30, 37, 45, 53, 60, 64]",25,64
802,2026-01-20T18:49:25.0,2026-01-23T00:27:10.531,"Any[5, 6, 11, 25, 30, 37, 45, 56]",5,56
69,2026-01-20T18:51:12.0,2026-01-16T00:28:57.531,"Any[56, 45, 37, 30, 25, 19, 11, 6, 6]",56,6
202,2026-01-20T18:59:11.0,2026-01-23T00:36:56.531,"Any[1, 6, 11, 16, 25, 30, 37, 45, 53]",1,53
373,2026-01-20T18:59:11.0,2026-01-23T00:36:56.531,"Any[1, 6, 11, 16, 25, 30, 37, 45, 53]",1,53
958,2026-01-20T19:16:15.0,2026-01-23T00:54:00.531,"Any[1, 6, 11, 19, 25, 30, 37, 45, 53]",1,53
668,2026-01-20T19:21:17.0,2026-01-16T00:59:02.531,"Any[6, 11, 19, 25, 30, 37, 45, 56]",6,56
778,2026-01-20T19:21:17.0,2026-01-23T00:59:02.531,"Any[6, 11, 19, 25, 30, 37, 45, 56]",6,56
1,2026-01-20T19:25:08.0,2026-01-16T01:02:53.531,"Any[53, 45, 37, 30, 25, 19, 13, 8]",53,8
1001,2026-01-20T19:37:56.0,2026-01-16T01:15:41.531,"Any[8, 13, 19, 25, 30, 37, 45]",8,45
271,2026-01-20T19:39:26.584,2026-01-23T01:17:12.115,"Any[53, 45, 37, 30, 25]",53,25
465,2026-01-20T19:39:26.584,2026-01-16T01:17:12.115,"Any[53, 45, 37, 30, 25]",53,25
365,2026-01-20T20:29:21.0,2026-01-23T02:07:06.531,"Any[53, 45, 37, 30, 25, 19, 13, 8]",53,8
253,2026-01-20T20:38:16.0,2026-01-16T02:16:01.531,"Any[3, 10, 19, 25, 30, 37, 45, 53]",3,53
744,2026-01-20T20:38:16.0,2026-01-23T02:16:01.531,"Any[3, 10, 19, 25, 30, 37, 45, 53]",3,53
356,2026-01-20T20:57:02.0,2026-01-23T02:34:47.531,"Any[7, 8, 13, 19, 25, 30, 37, 45, 53]",7,53
519,2026-01-20T20:57:02.0,2026-01-23T02:34:47.531,"Any[7, 8, 13, 19, 25, 30, 37, 45, 53]",7,53
806,2026-01-20T20:58:18.0,2026-01-16T02:36:03.531,"Any[56, 45, 37, 30, 25, 19, 13, 8]",56,8
1540,2026-01-20T21:00:01.0,2026-01-16T02:37:46.531,"Any[1, 6, 11, 19, 23, 28, 36, 44, 54, 60]",1,60
1563,2026-01-20T21:00:01.0,2026-01-16T02:37:46.531,"Any[1, 6, 11, 19, 23, 28, 36, 44, 54, 60]",1,60
310,2026-01-20T21:33:36.0,2026-01-16T03:11:21.531,"Any[8, 13, 19, 25, 30, 37, 45, 56]",8,56
1565,2026-01-20T21:34:00.0,2026-01-16T03:11:45.531,Any[],10,64
650,2026-01-20T21:56:27.0,2026-01-16T03:34:12.531,"Any[7, 8, 13, 19, 25, 30, 37, 45, 53]",7,53
208,2026-01-20T22:24:18.0,2026-01-16T04:02:03.531,"Any[53, 45, 37, 30, 25, 19, 10]",53,10
897,2026-01-20T22:27:46.329,2026-01-23T04:05:31.86,"Any[1, 6, 11, 19, 25, 30, 37, 45, 53]",1,53
1596,2026-01-20T22:33:00.0,2026-01-16T04:10:45.531,Any[],10,64
1017,2026-01-20T22:44:13.18,2026-01-23T04:21:58.711,"Any[10, 19, 25, 30, 37, 45, 53]",10,53
622,2026-01-20T22:45:19.0,2026-01-16T04:23:04.531,"Any[1, 6, 11, 19, 25, 30, 37, 45, 56, 60]",1,60
952,2026-01-20T22:45:19.0,2026-01-16T04:23:04.531,"Any[1, 6, 11, 19, 25, 30, 37, 45, 56, 60]",1,60
771,2026-01-20T22:54:52.0,2026-01-16T04:32:37.531,"Any[56, 45, 37, 30, 25, 19, 11, 6]",56,6
248,2026-01-20T23:10:42.0,2026-01-23T04:48:27.531,"Any[10, 19, 25, 30, 37, 45, 53, 60]",10,60
45,2026-01-20T23:41:26.0,2026-01-23T05:19:11.531,"Any[8, 13, 19, 25, 30, 37, 45, 56]",8,56
845,2026-01-20T23:41:26.0,2026-01-16T05:19:11.531,"Any[8, 13, 19, 25, 30, 37, 45, 56]",8,56
1209,2026-01-21T00:14:10.0,2026-01-16T05:51:55.531,"Any[6, 11, 19, 25, 30, 37, 45]",6,45
442,2026-01-21T00:43:28.0,2026-01-16T06:21:13.531,"Any[53, 45, 37, 30, 25, 19, 11, 6, 1]",53,1
140,2026-01-21T01:05:40.0,2026-01-23T06:43:25.531,"Any[10, 11, 19, 25, 30, 37, 45, 53]",10,53
163,2026-01-21T01:13:18.0,2026-01-16T06:51:03.531,"Any[7, 8, 13, 19, 25, 30, 37, 45, 53]",7,53
1034,2026-01-21T01:26:26.0,2026-01-16T07:04:11.531,"Any[10, 19, 25, 30, 37, 45, 53]",10,53
776,2026-01-21T01:29:37.0,2026-01-16T07:07:22.531,"Any[10, 19, 25, 30, 37, 45, 53]",10,53
1078,2026-01-21T01:29:37.0,2026-01-16T07:07:22.531,"Any[10, 19, 25, 30, 37, 45, 53]",10,53
654,2026-01-21T01:49:32.0,2026-01-23T07:27:17.531,"Any[53, 45, 37, 30, 25, 19, 11, 6, 1]",53,1
6,2026-01-21T02:04:10.0,2026-01-23T07:41:55.531,"Any[10, 19, 25, 30, 37, 45, 53, 60]",10,60
1589,2026-01-21T02:18:00.0,2026-01-23T07:55:45.531,Any[],10,64
917,2026-01-21T02:26:06.0,2026-01-16T08:03:51.531,"Any[53, 45, 37, 30, 25, 19, 10]",53,10
1081,2026-01-21T02:52:05.0,2026-01-23T08:29:50.531,"Any[3, 10, 19, 25, 30, 37, 45, 53]",3,53
730,2026-01-21T02:56:48.0,2026-01-23T08:34:33.531,"Any[19, 25, 30, 37, 45, 56]",19,56
1214,2026-01-21T02:56:48.0,2026-01-16T08:34:33.531,"Any[19, 25, 30, 37, 45, 56]",19,56
1411,2026-01-21T03:35:00.0,2026-01-16T09:12:45.531,Any[],45,7
381,2026-01-21T05:10:57.0,2026-01-23T10:48:42.531,"Any[56, 45, 37, 30, 25]",56,25
856,2026-01-21T05:10:57.0,2026-01-23T10:48:42.531,"Any[56, 45, 37, 30, 25]",56,25
1028,2026-01-21T05:23:07.0,2026-01-16T11:00:52.531,"Any[64, 60, 53, 45, 37, 30, 25, 19, 11, 6, 1]",64,1
1058,2026-01-21T05:44:12.974,2026-01-16T11:21:58.505,"Any[10, 19, 25, 30, 37, 45, 56]",10,56
1580,2026-01-21T06:16:00.0,2026-01-23T11:53:45.531,Any[],10,64
345,2026-01-21T06:38:22.0,2026-01-16T12:16:07.531,"Any[53, 45, 37, 25]",53,25
1083,2026-01-21T06:38:22.0,2026-01-23T12:16:07.531,"Any[53, 45, 37, 25]",53,25
584,2026-01-21T06:43:48.0,2026-01-23T12:21:33.531,"Any[53, 45, 37, 30, 25, 19, 13, 8]",53,8
1177,2026-01-21T06:53:21.0,2026-01-23T12:31:06.531,"Any[8, 13, 19, 25, 30, 37, 45, 56]",8,56
1272,2026-01-21T07:38:47.0,2026-01-23T13:16:32.531,"Any[19, 25, 30, 37, 45, 56]",19,56
83,2026-01-21T08:04:21.0,2026-01-23T13:42:06.531,"Any[6, 11, 19, 25, 30, 37, 45, 56]",6,56
563,2026-01-21T08:09:25.0,2026-01-16T13:47:10.531,"Any[53, 45, 37, 30, 25]",53,25
1600,2026-01-21T08:24:09.0,2026-01-16T14:01:54.531,"Any[10, 19, 25, 30, 37, 45, 56]",10,56
669,2026-01-21T08:47:01.0,2026-01-16T14:24:46.531,"Any[6, 11, 19, 25, 30, 37, 45, 56]",6,56
1141,2026-01-21T08:47:01.0,2026-01-23T14:24:46.531,"Any[6, 11, 19, 25, 30, 37, 45, 56]",6,56
189,2026-01-21T08:49:55.0,2026-01-16T14:27:40.531,"Any[6, 11, 16, 25, 30, 37, 45]",6,45
1203,2026-01-21T08:49:55.0,2026-01-16T14:27:40.531,"Any[6, 11, 16, 25, 30, 37, 45]",6,45
763,2026-01-21T08:55:06.0,2026-01-16T14:32:51.531,"Any[8, 13, 19, 25, 30, 37, 45, 56]",8,56
15,2026-01-21T08:58:31.0,2026-01-16T14:36:16.531,"Any[60, 56, 45, 37, 30, 25, 19, 17, 19, 11, 6, 6, 1]",60,6
484,2026-01-21T09:03:45.0,2026-01-23T14:41:30.531,"Any[5, 6, 10, 19, 25, 30, 37, 45, 56]",5,56
996,2026-01-21T09:31:50.516,2026-01-23T15:09:36.047,"Any[53, 45, 37, 30, 25, 19, 11, 6, 1]",53,1
1070,2026-01-21T10:10:05.0,2026-01-16T15:47:50.531,"Any[56, 45, 37, 30, 25]",56,25
65,2026-01-21T10:11:45.0,2026-01-23T15:49:30.531,"Any[17, 16, 17, 25, 30, 37, 45, 53]",17,53
1077,2026-01-21T10:21:29.179,2026-01-16T15:59:14.71,"Any[25, 30, 37, 45, 56, 60]",25,60
1477,2026-01-21T10:21:29.179,2026-01-23T15:59:14.71,"Any[25, 30, 37, 45, 56, 60]",25,60
1482,2026-01-21T10:21:29.179,2026-01-23T15:59:14.71,"Any[25, 30, 37, 45, 56, 60]",25,60
1483,2026-01-21T10:21:29.179,2026-01-23T15:59:14.71,"Any[25, 30, 37, 45, 56, 60]",25,60
1492,2026-01-21T10:21:29.179,2026-01-23T15:59:14.71,"Any[25, 30, 37, 45, 56, 60]",25,60
386,2026-01-21T10:42:23.0,2026-01-16T16:20:08.531,"Any[6, 11, 19, 25, 30, 37, 45]",6,45
489,2026-01-21T10:44:14.601,2026-01-23T16:22:00.132,"Any[56, 45, 37, 30, 25, 19, 11, 6]",56,6
685,2026-01-21T10:48:36.0,2026-01-16T16:26:21.531,"Any[8, 13, 19, 25, 30, 37, 45, 56]",8,56
1584,2026-01-21T10:49:00.0,2026-01-16T16:26:45.531,Any[],10,64
460,2026-01-21T11:13:13.0,2026-01-16T16:50:58.531,"Any[53, 45, 37, 30, 25, 19, 10]",53,10
179,2026-01-21T11:38:26.0,2026-01-16T17:16:11.531,"Any[53, 45, 37, 30, 25, 19, 13, 8]",53,8
508,2026-01-21T12:27:48.0,2026-01-23T18:05:33.531,"Any[8, 13, 19, 25, 30, 37, 45, 53]",8,53
1101,2026-01-21T12:27:48.0,2026-01-23T18:05:33.531,"Any[8, 13, 19, 25, 30, 37, 45, 53]",8,53
1047,2026-01-21T12:33:22.0,2026-01-16T18:11:07.531,"Any[53, 45, 37, 30, 25, 19, 10]",53,10
1100,2026-01-21T12:33:22.0,2026-01-16T18:11:07.531,"Any[53, 45, 37, 30, 25, 19, 10]",53,10
272,2026-01-21T13:40:32.0,2026-01-23T19:18:17.531,"Any[8, 13, 25, 30, 37, 45]",8,45
1393,2026-01-21T13:50:00.0,2026-01-23T19:27:45.531,Any[],45,17
369,2026-01-21T14:15:02.0,2026-01-16T19:52:47.531,"Any[64, 60, 53, 45, 37, 30, 25, 19, 11, 6]",64,6
143,2026-01-21T14:16:07.0,2026-01-16T19:53:52.531,"Any[6, 11, 19, 25, 30, 37, 45]",6,45
355,2026-01-21T14:16:07.0,2026-01-23T19:53:52.531,"Any[6, 11, 19, 25, 30, 37, 45]",6,45
1164,2026-01-21T14:16:28.0,2026-01-23T19:54:13.531,"Any[19, 25, 30, 37, 45, 56]",19,56
1432,2026-01-21T14:20:00.0,2026-01-16T19:57:45.531,Any[],45,5
283,2026-01-21T14:24:50.0,2026-01-16T20:02:35.531,"Any[53, 45, 37, 30, 25, 19, 11, 6]",53,6
1268,2026-01-21T14:29:12.0,2026-01-23T20:06:57.531,"Any[56, 45, 37, 30, 25, 19, 13, 8]",56,8
320,2026-01-21T15:11:16.0,2026-01-16T20:49:01.531,"Any[6, 11, 19, 25, 30, 37, 45, 56]",6,56
339,2026-01-21T15:14:19.726,2026-01-23T20:52:05.257,"Any[6, 11, 25, 30, 37, 45]",6,45
916,2026-01-21T15:21:47.0,2026-01-16T20:59:32.531,"Any[1, 6, 11, 19, 25, 30, 37, 45, 53]",1,53
853,2026-01-21T15:24:01.0,2026-01-23T21:01:46.531,"Any[53, 45, 37, 30, 25, 19, 13, 8]",53,8
486,2026-01-21T15:53:18.0,2026-01-23T21:31:03.531,"Any[56, 45, 37, 30, 25, 19, 13, 8]",56,8
772,2026-01-21T15:53:18.0,2026-01-23T21:31:03.531,"Any[56, 45, 37, 30, 25, 19, 13, 8]",56,8
796,2026-01-21T15:53:18.0,2026-01-16T21:31:03.531,"Any[56, 45, 37, 30, 25, 19, 13, 8]",56,8
1280,2026-01-21T15:53:18.0,2026-01-23T21:31:03.531,"Any[56, 45, 37, 30, 25, 19, 13, 8]",56,8
292,2026-01-21T16:12:16.977,2026-01-16T21:50:02.508,"Any[5, 6, 11, 19, 25, 30, 37, 45, 56]",5,56
79,2026-01-21T16:15:31.333,2026-01-23T21:53:16.864,"Any[6, 11, 19, 25, 30, 37, 45, 56]",6,56
625,2026-01-21T16:15:31.333,2026-01-16T21:53:16.864,"Any[6, 11, 19, 25, 30, 37, 45, 56]",6,56
1414,2026-01-21T16:22:00.0,2026-01-23T21:59:45.531,Any[],45,7
932,2026-01-21T16:26:20.0,2026-01-23T22:04:05.531,"Any[53, 45, 37, 30, 25, 19, 13, 8]",53,8
587,2026-01-21T16:31:49.0,2026-01-16T22:09:34.531,"Any[60, 53, 45, 37, 30, 25, 19, 10]",60,10
797,2026-01-21T16:31:49.0,2026-01-16T22:09:34.531,"Any[60, 53, 45, 37, 30, 25, 19, 10]",60,10
1116,2026-01-21T16:45:20.0,2026-01-16T22:23:05.531,"Any[45, 37, 30, 25]",45,25
280,2026-01-21T16:50:47.0,2026-01-16T22:28:32.531,"Any[10, 19, 25, 30, 37, 45, 53]",10,53
241,2026-01-21T16:52:12.0,2026-01-23T22:29:57.531,"Any[8, 13, 19, 25, 30, 37, 45, 56]",8,56
246,2026-01-21T16:55:22.0,2026-01-16T22:33:07.531,"Any[64, 56, 45, 37, 30, 25, 19, 11, 6]",64,6
428,2026-01-21T16:58:20.0,2026-01-16T22:36:05.531,"Any[53, 45, 37, 30, 25, 19, 11, 6, 1]",53,1
432,2026-01-21T16:58:20.0,2026-01-23T22:36:05.531,"Any[53, 45, 37, 30, 25, 19, 11, 6, 1]",53,1
457,2026-01-21T16:59:54.0,2026-01-16T22:37:39.531,"Any[1, 6, 11, 16, 19, 25, 30, 37, 45, 56, 60, 64]",1,64
368,2026-01-21T17:16:43.0,2026-01-23T22:54:28.531,"Any[56, 45, 37, 30, 25, 19, 11, 6]",56,6
429,2026-01-21T17:20:02.0,2026-01-23T22:57:47.531,"Any[8, 13, 19, 25, 30, 37, 45, 56]",8,56
1528,2026-01-21T17:20:02.0,2026-01-16T22:57:47.531,"Any[8, 13, 19, 25, 30, 37, 45, 56]",8,56
328,2026-01-21T17:21:50.0,2026-01-23T22:59:35.531,"Any[8, 13, 19, 25, 30, 37, 45, 53]",8,53
352,2026-01-21T17:21:50.0,2026-01-23T22:59:35.531,"Any[8, 13, 19, 25, 30, 37, 45, 53]",8,53
1569,2026-01-21T17:26:00.0,2026-01-16T23:03:45.531,Any[],10,64
926,2026-01-21T17:34:15.0,2026-01-23T23:12:00.531,"Any[53, 45, 37, 30, 25, 19, 11, 6, 1]",53,1
962,2026-01-21T17:34:15.0,2026-01-16T23:12:00.531,"Any[53, 45, 37, 30, 25, 19, 11, 6, 1]",53,1
251,2026-01-21T17:43:11.109,2026-01-23T23:20:56.64,"Any[60, 56, 45, 37, 30, 25, 19, 11, 6]",60,6
1019,2026-01-21T17:43:11.109,2026-01-23T23:20:56.64,"Any[60, 56, 45, 37, 30, 25, 19, 11, 6]",60,6
374,2026-01-21T18:09:51.0,2026-01-16T23:47:36.531,"Any[6, 11, 19, 25, 30, 37, 45, 56]",6,56
1433,2026-01-21T18:55:00.0,2026-01-17T00:32:45.531,Any[],45,5
252,2026-01-21T19:04:14.0,2026-01-24T00:41:59.531,"Any[60, 56, 45, 37, 30, 25, 19, 11, 6]",60,6
1270,2026-01-21T19:05:20.0,2026-01-24T00:43:05.531,"Any[8, 13, 19, 25, 30, 37, 45, 53]",8,53
319,2026-01-21T19:23:02.0,2026-01-17T01:00:47.531,"Any[8, 13, 19, 25, 30, 37, 45, 53]",8,53
1066,2026-01-21T19:26:41.0,2026-01-17T01:04:26.531,"Any[1, 6, 11, 19, 25, 30, 37, 45, 53]",1,53
1253,2026-01-21T19:26:41.0,2026-01-24T01:04:26.531,"Any[1, 6, 11, 19, 25, 30, 37, 45, 53]",1,53
297,2026-01-21T19:42:23.0,2026-01-17T01:20:08.531,"Any[7, 8, 13, 19, 25, 30, 37, 45, 53]",7,53
391,2026-01-21T19:42:23.0,2026-01-17T01:20:08.531,"Any[7, 8, 13, 19, 25, 30, 37, 45, 53]",7,53
1235,2026-01-21T20:07:36.0,2026-01-24T01:45:21.531,"Any[7, 8, 13, 19, 25, 30, 37, 45, 53]",7,53
808,2026-01-21T20:53:56.0,2026-01-24T02:31:41.531,"Any[62, 53, 45, 37, 30, 25, 19, 11, 6]",62,6
362,2026-01-21T21:02:40.0,2026-01-24T02:40:25.531,"Any[53, 45, 37, 30, 25]",53,25
473,2026-01-21T21:13:17.0,2026-01-24T02:51:02.531,"Any[1, 6, 11, 19, 23, 36, 44, 54, 60]",1,60
1543,2026-01-21T21:13:17.0,2026-01-24T02:51:02.531,"Any[1, 6, 11, 19, 23, 36, 44, 54, 60]",1,60
148,2026-01-21T22:08:38.0,2026-01-24T03:46:23.531,"Any[8, 13, 19, 25, 30, 37, 45, 56]",8,56
1008,2026-01-21T22:08:51.0,2026-01-17T03:46:36.531,"Any[8, 13, 19, 25, 30, 37, 45, 56]",8,56
974,2026-01-21T22:50:51.0,2026-01-24T04:28:36.531,"Any[10, 19, 25, 30, 37, 45, 53, 60]",10,60
201,2026-01-21T23:07:09.0,2026-01-24T04:44:54.531,"Any[8, 13, 19, 25, 30, 37, 45, 56]",8,56
229,2026-01-21T23:16:35.0,2026-01-17T04:54:20.531,"Any[53, 45, 37, 30, 25, 19, 11, 6, 1]",53,1
247,2026-01-21T23:16:35.0,2026-01-24T04:54:20.531,"Any[53, 45, 37, 30, 25, 19, 11, 6, 1]",53,1
547,2026-01-21T23:16:35.0,2026-01-24T04:54:20.531,"Any[53, 45, 37, 30, 25, 19, 11, 6, 1]",53,1
311,2026-01-21T23:29:00.0,2026-01-17T05:06:45.531,"Any[53, 45, 37, 30, 25, 19, 10]",53,10
638,2026-01-21T23:29:00.0,2026-01-17T05:06:45.531,"Any[53, 45, 37, 30, 25, 19, 10]",53,10
1294,2026-01-21T23:44:00.0,2026-01-17T05:21:45.531,Any[],60,7
833,2026-01-22T00:04:34.0,2026-01-17T05:42:19.531,"Any[19, 25, 30, 37, 45, 53]",19,53
1539,2026-01-22T00:10:56.0,2026-01-24T05:48:41.531,"Any[1, 6, 11, 19, 23, 36, 44, 54, 60]",1,60
1545,2026-01-22T00:10:56.0,2026-01-17T05:48:41.531,"Any[1, 6, 11, 19, 23, 36, 44, 54, 60]",1,60
1557,2026-01-22T00:10:56.0,2026-01-24T05:48:41.531,"Any[1, 6, 11, 19, 23, 36, 44, 54, 60]",1,60
351,2026-01-22T00:30:29.0,2026-01-17T06:08:14.531,"Any[1, 6, 11, 19, 23, 28, 36, 44, 54, 60]",1,60
631,2026-01-22T00:33:19.0,2026-01-24T06:11:04.531,"Any[60, 53, 45, 37, 30, 25, 19, 10]",60,10
1159,2026-01-22T00:33:19.0,2026-01-17T06:11:04.531,"Any[60, 53, 45, 37, 30, 25, 19, 10]",60,10
1306,2026-01-22T00:59:00.0,2026-01-24T06:36:45.531,Any[],60,7
353,2026-01-22T01:26:12.0,2026-01-24T07:03:57.531,"Any[60, 53, 45, 37, 30, 25, 19, 11, 6, 1]",60,1
149,2026-01-22T01:29:08.0,2026-01-17T07:06:53.531,"Any[64, 60, 53, 45, 37, 30, 25, 19, 13, 8]",64,8
818,2026-01-22T01:31:57.0,2026-01-24T07:09:42.531,"Any[6, 11, 16, 25, 30, 37, 45, 53]",6,53
11,2026-01-22T01:39:31.0,2026-01-24T07:17:16.531,"Any[53, 45, 37, 30, 25, 19, 11, 6, 1]",53,1
377,2026-01-22T01:39:31.0,2026-01-17T07:17:16.531,"Any[53, 45, 37, 30, 25, 19, 11, 6, 1]",53,1
116,2026-01-22T01:44:25.0,2026-01-17T07:22:10.531,"Any[53, 45, 37, 30, 25, 19, 11, 6, 1]",53,1
261,2026-01-22T01:53:56.0,2026-01-17T07:31:41.531,"Any[10, 19, 25, 30, 37, 45, 53, 60]",10,60
1023,2026-01-22T01:53:56.0,2026-01-17T07:31:41.531,"Any[10, 19, 25, 30, 37, 45, 53, 60]",10,60
488,2026-01-22T01:58:01.0,2026-01-24T07:35:46.531,"Any[19, 25, 30, 37, 30, 37, 45, 53]",19,53
906,2026-01-22T02:01:40.151,2026-01-17T07:39:25.682,"Any[53, 45, 37, 30, 25, 19, 11, 6, 6, 1]",53,6
892,2026-01-22T02:03:00.0,2026-01-24T07:40:45.531,"Any[64, 53, 45, 37, 30, 25, 19, 13, 8]",64,8
35,2026-01-22T02:10:04.0,2026-01-24T07:47:49.531,"Any[10, 19, 25, 30, 37, 45, 53]",10,53
1197,2026-01-22T02:46:47.0,2026-01-24T08:24:32.531,"Any[7, 8, 13, 19, 25, 30, 37, 45, 53]",7,53
71,2026-01-22T02:51:53.0,2026-01-24T08:29:38.531,"Any[64, 60, 53, 45, 37, 30, 25, 19, 11, 6, 1]",64,1
456,2026-01-22T05:27:21.0,2026-01-17T11:05:06.531,"Any[60, 53, 45, 37, 30, 25, 19, 11, 6]",60,6
510,2026-01-22T05:35:11.0,2026-01-24T11:12:56.531,"Any[8, 13, 19, 25, 30, 37, 45, 56, 60, 64]",8,64
1568,2026-01-22T06:31:00.0,2026-01-24T12:08:45.531,Any[],10,64
635,2026-01-22T06:46:00.0,2026-01-24T12:23:45.531,"Any[64, 60, 53, 45, 37, 30, 25, 19, 11, 6, 1]",64,1
1424,2026-01-22T06:46:00.0,2026-01-17T12:23:45.531,Any[],45,3
89,2026-01-22T07:11:51.0,2026-01-24T12:49:36.531,"Any[17, 16, 25, 30, 37, 45, 53]",17,53
732,2026-01-22T07:11:51.0,2026-01-17T12:49:36.531,"Any[17, 16, 25, 30, 37, 45, 53]",17,53
494,2026-01-22T07:15:58.0,2026-01-17T12:53:43.531,"Any[60, 56, 45, 37, 30, 25, 19, 11, 6]",60,6
578,2026-01-22T07:45:56.0,2026-01-17T13:23:41.531,"Any[53, 45, 37, 30, 25, 19, 11, 6, 1]",53,1
824,2026-01-22T07:58:11.0,2026-01-24T13:35:56.531,"Any[53, 45, 37, 30, 25, 19, 11, 6, 1]",53,1
392,2026-01-22T08:12:30.0,2026-01-17T13:50:15.531,"Any[19, 25, 30, 37, 45, 53]",19,53
142,2026-01-22T08:25:56.0,2026-01-17T14:03:41.531,"Any[62, 53, 45, 37, 30, 25, 19, 13, 8]",62,8
1318,2026-01-22T09:15:45.0,2026-01-24T14:53:30.531,"Any[56, 45, 37, 30, 25, 19]",56,19
1346,2026-01-22T09:15:45.0,2026-01-17T14:53:30.531,"Any[56, 45, 37, 30, 25, 19]",56,19
436,2026-01-22T09:37:49.0,2026-01-24T15:15:34.531,"Any[6, 11, 19, 25, 30, 37, 45]",6,45
1176,2026-01-22T10:19:53.768,2026-01-24T15:57:39.299,"Any[53, 45, 37, 30, 25, 19, 11, 6, 1]",53,1
1192,2026-01-22T10:19:53.768,2026-01-24T15:57:39.299,"Any[53, 45, 37, 30, 25, 19, 11, 6, 1]",53,1
805,2026-01-22T10:36:46.276,2026-01-17T16:14:31.807,"Any[53, 45, 37, 30, 25]",53,25
1010,2026-01-22T10:36:46.276,2026-01-24T16:14:31.807,"Any[53, 45, 37, 30, 25]",53,25
602,2026-01-22T10:38:10.0,2026-01-24T16:15:55.531,"Any[6, 11, 19, 25, 30, 37, 45]",6,45
26,2026-01-22T10:48:09.0,2026-01-17T16:25:54.531,"Any[53, 45, 37, 30, 25, 19, 10]",53,10
799,2026-01-22T10:48:09.0,2026-01-17T16:25:54.531,"Any[53, 45, 37, 30, 25, 19, 10]",53,10
68,2026-01-22T11:03:33.0,2026-01-17T16:41:18.531,"Any[1, 6, 11, 19, 25, 30, 37, 45, 53]",1,53
458,2026-01-22T11:04:35.0,2026-01-24T16:42:20.531,"Any[60, 56, 45, 37, 30, 25, 19, 11, 6]",60,6
1226,2026-01-22T11:04:35.0,2026-01-24T16:42:20.531,"Any[60, 56, 45, 37, 30, 25, 19, 11, 6]",60,6
396,2026-01-22T11:15:00.0,2026-01-17T16:52:45.531,"Any[7, 8, 13, 19, 25, 30, 37, 45, 53]",7,53
28,2026-01-22T11:44:05.0,2026-01-24T17:21:50.531,"Any[8, 13, 19, 25, 30, 37, 45, 56]",8,56
817,2026-01-22T11:45:13.0,2026-01-17T17:22:58.531,"Any[6, 11, 19, 25, 30, 37, 45]",6,45
222,2026-01-22T11:51:56.0,2026-01-24T17:29:41.531,"Any[56, 45, 37, 30, 25, 19]",56,19
1406,2026-01-22T12:31:00.0,2026-01-17T18:08:45.531,Any[],45,7
279,2026-01-22T13:10:43.643,2026-01-17T18:48:29.174,"Any[1, 6, 11, 19, 25, 30, 37, 45, 56]",1,56
1015,2026-01-22T14:49:53.0,2026-01-24T20:27:38.531,"Any[53, 45, 37, 30, 25, 19, 10]",53,10
762,2026-01-22T14:50:48.0,2026-01-24T20:28:33.531,"Any[53, 45, 37, 30, 25]",53,25
133,2026-01-22T14:56:22.287,2026-01-17T20:34:07.818,"Any[62, 53, 45, 37, 30, 25, 19, 13, 8]",62,8
63,2026-01-22T14:58:17.0,2026-01-24T20:36:02.531,"Any[60, 53, 45, 37, 30, 25, 19, 13, 8]",60,8
1383,2026-01-22T15:05:02.389,2026-01-24T20:42:47.92,"Any[45, 37, 30, 25, 19]",45,19
86,2026-01-22T15:19:02.0,2026-01-17T20:56:47.531,"Any[53, 45, 37, 30, 25, 19, 10]",53,10
296,2026-01-22T15:22:30.0,2026-01-17T21:00:15.531,"Any[8, 13, 19, 25, 30, 37, 45, 56]",8,56
1233,2026-01-22T15:22:30.0,2026-01-17T21:00:15.531,"Any[8, 13, 19, 25, 30, 37, 45, 56]",8,56
607,2026-01-22T15:53:57.042,2026-01-17T21:31:42.573,"Any[19, 25, 30, 37, 45, 53]",19,53
943,2026-01-22T16:04:09.0,2026-01-17T21:41:54.531,"Any[56, 45, 37, 30, 25]",56,25
1138,2026-01-22T16:04:09.0,2026-01-24T21:41:54.531,"Any[56, 45, 37, 30, 25]",56,25
1533,2026-01-22T16:20:28.0,2026-01-24T21:58:13.531,"Any[8, 13, 19, 25, 30, 37, 45, 56]",8,56
474,2026-01-22T16:22:08.0,2026-01-24T21:59:53.531,"Any[64, 56, 45, 37, 30, 25, 19, 11, 6]",64,6
594,2026-01-22T16:22:08.0,2026-01-24T21:59:53.531,"Any[64, 56, 45, 37, 30, 25, 19, 11, 6]",64,6
1140,2026-01-22T16:44:15.0,2026-01-24T22:22:00.531,"Any[53, 45, 37, 30, 25]",53,25
821,2026-01-22T16:45:10.0,2026-01-17T22:22:55.531,"Any[8, 13, 19, 25, 30, 37, 45, 56]",8,56
97,2026-01-22T16:47:32.856,2026-01-24T22:25:18.387,"Any[8, 13, 19, 25, 30, 37, 45, 56]",8,56
153,2026-01-22T17:04:06.0,2026-01-17T22:41:51.531,"Any[56, 45, 37, 30, 25, 19, 11, 6, 6, 1]",56,6
196,2026-01-22T17:04:06.0,2026-01-17T22:41:51.531,"Any[56, 45, 37, 30, 25, 19, 11, 6, 6, 1]",56,6
610,2026-01-22T17:48:05.0,2026-01-24T23:25:50.531,"Any[8, 13, 19, 25, 30, 37, 45, 56]",8,56
128,2026-01-22T17:53:31.0,2026-01-17T23:31:16.531,"Any[45, 37, 30, 25, 19, 10]",45,10
1440,2026-01-22T17:53:31.0,2026-01-17T23:31:16.531,"Any[45, 37, 30, 25, 19, 10]",45,10
485,2026-01-22T17:58:25.0,2026-01-24T23:36:10.531,"Any[6, 11, 19, 25, 30, 37, 45]",6,45
889,2026-01-22T17:58:25.0,2026-01-17T23:36:10.531,"Any[6, 11, 19, 25, 30, 37, 45]",6,45
77,2026-01-22T17:58:27.0,2026-01-24T23:36:12.531,"Any[56, 45, 37, 30, 25, 19, 11, 6, 6, 5, 1, 1]",56,6
1497,2026-01-22T18:02:00.0,2026-01-17T23:39:45.531,Any[],25,62
1508,2026-01-22T18:03:39.695,2026-01-24T23:41:25.226,"Any[25, 30, 37, 45, 53]",25,53
1097,2026-01-22T18:06:08.553,2026-01-24T23:43:54.084,"Any[8, 13, 19, 25, 30, 37, 45]",8,45
115,2026-01-22T18:21:28.0,2026-01-24T23:59:13.531,"Any[64, 60, 56, 45, 37, 30, 25, 19, 11, 6]",64,6
1216,2026-01-22T18:21:28.0,2026-01-24T23:59:13.531,"Any[64, 60, 56, 45, 37, 30, 25, 19, 11, 6]",64,6
866,2026-01-22T18:40:23.775,2026-01-18T00:18:09.306,"Any[56, 45, 37, 30, 25]",56,25
959,2026-01-22T18:42:58.0,2026-01-25T00:20:43.531,"Any[56, 45, 37, 30, 25, 19, 11, 6]",56,6
1362,2026-01-22T18:44:00.0,2026-01-25T00:21:45.531,Any[],56,17
1439,2026-01-22T18:57:02.0,2026-01-25T00:34:47.531,"Any[45, 37, 30, 25, 19, 17, 10]",45,10
1352,2026-01-22T19:13:37.0,2026-01-25T00:51:22.531,"Any[56, 45, 37, 30, 25, 19]",56,19
1361,2026-01-22T19:13:37.0,2026-01-25T00:51:22.531,"Any[56, 45, 37, 30, 25, 19]",56,19
647,2026-01-22T19:18:50.232,2026-01-25T00:56:35.763,"Any[1, 6, 11, 19, 25, 30, 37, 45, 53]",1,53
1114,2026-01-22T19:20:18.0,2026-01-18T00:58:03.531,"Any[1, 6, 11, 19, 25, 30, 37, 45, 53]",1,53
385,2026-01-22T19:23:38.869,2026-01-18T01:01:24.4,"Any[1, 6, 11, 19, 25, 30, 37, 45, 53, 60]",1,60
988,2026-01-22T19:23:38.869,2026-01-18T01:01:24.4,"Any[1, 6, 11, 19, 25, 30, 37, 45, 53, 60]",1,60
960,2026-01-22T19:35:22.0,2026-01-18T01:13:07.531,"Any[10, 19, 25, 30, 37, 45, 53]",10,53
1102,2026-01-22T19:39:10.0,2026-01-25T01:16:55.531,"Any[10, 19, 25, 30, 37, 45, 53]",10,53
800,2026-01-22T19:56:21.0,2026-01-25T01:34:06.531,"Any[53, 45, 37, 30, 25, 19, 10]",53,10
961,2026-01-22T19:59:11.0,2026-01-18T01:36:56.531,"Any[53, 45, 37, 30, 25, 19, 13, 8]",53,8
1201,2026-01-22T19:59:11.0,2026-01-18T01:36:56.531,"Any[53, 45, 37, 30, 25, 19, 13, 8]",53,8
990,2026-01-22T20:13:59.0,2026-01-18T01:51:44.531,"Any[10, 11, 19, 25, 30, 37, 45, 53]",10,53
102,2026-01-22T20:24:43.0,2026-01-18T02:02:28.531,"Any[53, 45, 37, 30, 25, 19, 10]",53,10
580,2026-01-22T20:24:43.0,2026-01-25T02:02:28.531,"Any[53, 45, 37, 30, 25, 19, 10]",53,10
483,2026-01-22T20:38:14.0,2026-01-18T02:15:59.531,"Any[7, 8, 13, 19, 25, 30, 37, 45, 53]",7,53
1032,2026-01-22T20:43:02.0,2026-01-25T02:20:47.531,"Any[10, 19, 25, 30, 37, 45, 53]",10,53
257,2026-01-22T20:43:21.0,2026-01-18T02:21:06.531,"Any[53, 45, 37, 30, 25, 19, 11, 6, 1]",53,1
1512,2026-01-22T20:52:00.0,2026-01-25T02:29:45.531,Any[],25,54
683,2026-01-22T20:52:04.0,2026-01-25T02:29:49.531,"Any[6, 11, 19, 25, 30, 37, 45]",6,45
688,2026-01-22T20:52:04.0,2026-01-18T02:29:49.531,"Any[6, 11, 19, 25, 30, 37, 45]",6,45
1039,2026-01-22T20:55:05.0,2026-01-18T02:32:50.531,"Any[10, 19, 25, 30, 37, 45, 53]",10,53
520,2026-01-22T20:56:52.487,2026-01-18T02:34:38.018,"Any[53, 45, 37, 30, 25, 19, 10]",53,10
531,2026-01-22T21:43:20.0,2026-01-25T03:21:05.531,"Any[10, 19, 25, 30, 37, 45, 53]",10,53
338,2026-01-22T22:11:39.0,2026-01-18T03:49:24.531,"Any[10, 19, 25, 30, 37, 45, 53]",10,53
928,2026-01-22T22:25:37.0,2026-01-18T04:03:22.531,"Any[10, 19, 25, 30, 37, 45, 53]",10,53
1293,2026-01-22T22:30:35.0,2026-01-18T04:08:20.531,"Any[60, 56, 45, 37, 30, 25, 19, 13, 8]",60,8
1041,2026-01-22T22:46:25.0,2026-01-18T04:24:10.531,"Any[53, 45, 37, 30, 25]",53,25
1261,2026-01-22T22:46:25.0,2026-01-18T04:24:10.531,"Any[53, 45, 37, 30, 25]",53,25
849,2026-01-22T23:20:07.0,2026-01-25T04:57:52.531,"Any[13, 19, 25, 30, 37, 45, 56]",13,56
1082,2026-01-22T23:35:12.952,2026-01-25T05:12:58.483,"Any[56, 45, 37, 30, 25, 19, 10]",56,10
9,2026-01-22T23:40:21.0,2026-01-25T05:18:06.531,"Any[8, 13, 19, 25, 30, 37, 45]",8,45
267,2026-01-22T23:40:21.0,2026-01-25T05:18:06.531,"Any[8, 13, 19, 25, 30, 37, 45]",8,45
1263,2026-01-22T23:46:38.0,2026-01-25T05:24:23.531,"Any[53, 45, 37, 30, 25, 19, 13, 8]",53,8
444,2026-01-22T23:53:53.467,2026-01-25T05:31:38.998,"Any[8, 13, 19, 25, 30, 37, 45, 56]",8,56
207,2026-01-22T23:55:43.0,2026-01-18T05:33:28.531,"Any[8, 13, 19, 25, 30, 37, 45, 53]",8,53
39,2026-01-23T00:01:06.0,2026-01-25T05:38:51.531,"Any[1, 6, 11, 19, 23, 36, 44, 54, 60]",1,60
1555,2026-01-23T00:01:06.0,2026-01-25T05:38:51.531,"Any[1, 6, 11, 19, 23, 36, 44, 54, 60]",1,60
1418,2026-01-23T00:05:00.0,2026-01-25T05:42:45.531,Any[],45,7
1593,2026-01-23T00:13:00.0,2026-01-18T05:50:45.531,Any[],10,64
1012,2026-01-23T00:26:36.0,2026-01-25T06:04:21.531,"Any[53, 45, 37, 30, 25, 19, 11, 6, 1]",53,1
17,2026-01-23T00:42:47.0,2026-01-25T06:20:32.531,"Any[7, 8, 13, 19, 25, 30, 37, 45, 53]",7,53
1556,2026-01-23T00:59:13.0,2026-01-18T06:36:58.531,"Any[1, 6, 11, 19, 25, 30, 37, 45, 53, 60]",1,60
1245,2026-01-23T01:23:51.0,2026-01-25T07:01:36.531,"Any[53, 45, 37, 30, 25, 19, 13, 8]",53,8
557,2026-01-23T01:27:44.842,2026-01-18T07:05:30.373,"Any[53, 45, 37, 30, 25, 19, 11, 6, 1]",53,1
813,2026-01-23T01:27:44.842,2026-01-18T07:05:30.373,"Any[53, 45, 37, 30, 25, 19, 11, 6, 1]",53,1
667,2026-01-23T01:31:05.0,2026-01-25T07:08:50.531,"Any[6, 11, 19, 25, 30, 37, 45, 56]",6,56
186,2026-01-23T02:17:45.0,2026-01-25T07:55:30.531,"Any[53, 45, 37, 30, 25, 19, 11, 10, 11, 6, 1]",53,1
451,2026-01-23T02:19:24.0,2026-01-25T07:57:09.531,"Any[53, 45, 37, 30, 25, 19, 11, 6, 1]",53,1
1168,2026-01-23T02:19:24.0,2026-01-25T07:57:09.531,"Any[53, 45, 37, 30, 25, 19, 11, 6, 1]",53,1
269,2026-01-23T03:08:33.0,2026-01-25T08:46:18.531,"Any[53, 45, 37, 30, 25, 19, 11, 6, 1]",53,1
1407,2026-01-23T03:23:00.0,2026-01-18T09:00:45.531,Any[],45,7
13,2026-01-23T04:15:50.0,2026-01-18T09:53:35.531,"Any[60, 56, 45, 37, 30, 25, 19, 11, 6]",60,6
665,2026-01-23T04:54:43.0,2026-01-25T10:32:28.531,"Any[60, 53, 45, 37, 30, 25, 19, 10]",60,10
741,2026-01-23T04:54:43.0,2026-01-25T10:32:28.531,"Any[60, 53, 45, 37, 30, 25, 19, 10]",60,10
1425,2026-01-23T05:44:00.0,2026-01-25T11:21:45.531,Any[],45,3
674,2026-01-23T06:53:33.0,2026-01-25T12:31:18.531,"Any[53, 45, 37, 30, 25]",53,25
414,2026-01-23T07:15:26.0,2026-01-25T12:53:11.531,"Any[53, 45, 37, 30, 25, 19, 11, 6, 5]",53,5
337,2026-01-23T07:18:12.767,2026-01-25T12:55:58.298,"Any[64, 56, 45, 37, 30, 25, 19, 11, 6]",64,6
551,2026-01-23T07:18:12.767,2026-01-25T12:55:58.298,"Any[64, 56, 45, 37, 30, 25, 19, 11, 6]",64,6
590,2026-01-23T07:18:12.767,2026-01-25T12:55:58.298,"Any[64, 56, 45, 37, 30, 25, 19, 11, 6]",64,6
1400,2026-01-23T07:29:00.0,2026-01-25T13:06:45.531,Any[],45,16
548,2026-01-23T08:05:19.0,2026-01-18T13:43:04.531,"Any[19, 25, 30, 37, 45, 53]",19,53
1575,2026-01-23T08:14:00.0,2026-01-18T13:51:45.531,Any[],10,64
759,2026-01-23T08:41:02.0,2026-01-25T14:18:47.531,"Any[6, 11, 16, 25, 30, 37, 45]",6,45
1472,2026-01-23T08:41:57.0,2026-01-25T14:19:42.531,"Any[25, 30, 37, 45, 56, 60]",25,60
1475,2026-01-23T08:41:57.0,2026-01-25T14:19:42.531,"Any[25, 30, 37, 45, 56, 60]",25,60
1494,2026-01-23T08:41:57.0,2026-01-18T14:19:42.531,"Any[25, 30, 37, 45, 56, 60]",25,60
1430,2026-01-23T08:55:00.0,2026-01-18T14:32:45.531,Any[],45,5
539,2026-01-23T08:57:41.0,2026-01-25T14:35:26.531,"Any[53, 45, 37, 30, 25, 19, 11, 6, 1]",53,1
885,2026-01-23T09:01:03.0,2026-01-25T14:38:48.531,"Any[16, 19, 25, 30, 37, 45, 53]",16,53
135,2026-01-23T09:09:43.0,2026-01-18T14:47:28.531,"Any[1, 6, 11, 19, 25, 30, 37, 45, 56]",1,56
1242,2026-01-23T09:09:43.0,2026-01-18T14:47:28.531,"Any[1, 6, 11, 19, 25, 30, 37, 45, 56]",1,56
571,2026-01-23T09:27:00.0,2026-01-25T15:04:45.531,"Any[10, 19, 25, 30, 37, 45, 53]",10,53
1292,2026-01-23T09:34:19.0,2026-01-25T15:12:04.531,"Any[60, 56, 45, 37, 30, 25, 19, 13, 8]",60,8
954,2026-01-23T09:58:14.601,2026-01-25T15:36:00.132,"Any[53, 45, 37, 30, 25, 19, 10]",53,10
406,2026-01-23T10:06:30.0,2026-01-18T15:44:15.531,"Any[1, 6, 11, 19, 25, 30, 37, 45, 56]",1,56
1413,2026-01-23T10:31:00.0,2026-01-25T16:08:45.531,Any[],45,7
639,2026-01-23T10:31:04.0,2026-01-25T16:08:49.531,"Any[1, 6, 11, 19, 25, 30, 37, 45, 56]",1,56
1021,2026-01-23T10:32:09.0,2026-01-25T16:09:54.531,"Any[19, 25, 30, 37, 45, 53]",19,53
887,2026-01-23T10:37:01.0,2026-01-25T16:14:46.531,"Any[53, 45, 37, 30, 25, 19, 10]",53,10
589,2026-01-23T10:48:30.0,2026-01-18T16:26:15.531,"Any[6, 11, 19, 25, 30, 37, 45]",6,45
596,2026-01-23T10:50:22.0,2026-01-18T16:28:07.531,"Any[53, 45, 37, 30, 25]",53,25
285,2026-01-23T10:57:50.0,2026-01-18T16:35:35.531,"Any[6, 11, 19, 25, 30, 37, 45]",6,45
1239,2026-01-23T11:15:53.0,2026-01-25T16:53:38.531,"Any[60, 53, 45, 37, 30, 25, 19, 11, 6]",60,6
1386,2026-01-23T11:16:46.0,2026-01-25T16:54:31.531,"Any[45, 37, 30, 25, 19]",45,19
1387,2026-01-23T11:16:46.0,2026-01-18T16:54:31.531,"Any[45, 37, 30, 25, 19]",45,19
1388,2026-01-23T11:16:46.0,2026-01-25T16:54:31.531,"Any[45, 37, 30, 25, 19]",45,19
900,2026-01-23T11:34:03.0,2026-01-25T17:11:48.531,"Any[3, 6, 11, 19, 25, 30, 37, 45, 56]",3,56
305,2026-01-23T12:01:00.0,2026-01-25T17:38:45.531,"Any[60, 56, 45, 37, 30, 25, 19, 10]",60,10
619,2026-01-23T12:01:00.0,2026-01-25T17:38:45.531,"Any[60, 56, 45, 37, 30, 25, 19, 10]",60,10
1599,2026-01-23T12:11:00.0,2026-01-18T17:48:45.531,Any[],10,64
459,2026-01-23T12:16:39.888,2026-01-25T17:54:25.419,"Any[8, 13, 19, 25, 30, 37, 45, 56]",8,56
1241,2026-01-23T12:16:55.0,2026-01-18T17:54:40.531,"Any[1, 6, 11, 19, 25, 30, 37, 45, 56, 60]",1,60
455,2026-01-23T12:18:10.0,2026-01-18T17:55:55.531,"Any[53, 45, 37, 30, 25, 19, 10]",53,10
710,2026-01-23T12:20:11.0,2026-01-18T17:57:56.531,"Any[6, 11, 19, 25, 30, 37, 45, 56]",6,56
1510,2026-01-23T12:32:00.0,2026-01-18T18:09:45.531,Any[],25,54
434,2026-01-23T12:34:55.0,2026-01-25T18:12:40.531,"Any[53, 45, 37, 30, 25, 19, 10]",53,10
1136,2026-01-23T12:34:55.0,2026-01-25T18:12:40.531,"Any[53, 45, 37, 30, 25, 19, 10]",53,10
1590,2026-01-23T12:35:00.0,2026-01-25T18:12:45.531,Any[],10,64
1271,2026-01-23T13:41:24.0,2026-01-25T19:19:09.531,"Any[45, 37, 30, 25, 19, 10]",45,10
1438,2026-01-23T13:41:24.0,2026-01-25T19:19:09.531,"Any[45, 37, 30, 25, 19, 10]",45,10
184,2026-01-23T13:52:51.0,2026-01-18T19:30:36.531,"Any[56, 45, 37, 30, 25, 19, 11, 6]",56,6
239,2026-01-23T13:52:51.0,2026-01-25T19:30:36.531,"Any[56, 45, 37, 30, 25, 19, 11, 6]",56,6
830,2026-01-23T13:55:00.0,2026-01-25T19:32:45.531,"Any[8, 7, 8, 13, 19, 25, 30, 37, 45]",8,45
739,2026-01-23T14:40:55.0,2026-01-18T20:18:40.531,"Any[53, 45, 37, 30, 25, 19, 10]",53,10
661,2026-01-23T14:44:50.0,2026-01-25T20:22:35.531,"Any[53, 45, 37, 30, 25, 19, 11, 6]",53,6
242,2026-01-23T15:01:50.0,2026-01-25T20:39:35.531,"Any[56, 45, 37, 30, 25]",56,25
1137,2026-01-23T15:01:50.0,2026-01-25T20:39:35.531,"Any[56, 45, 37, 30, 25]",56,25
1232,2026-01-23T15:29:53.0,2026-01-25T21:07:38.531,"Any[16, 17, 25, 30, 37, 45, 53]",16,53
1266,2026-01-23T15:33:15.838,2026-01-25T21:11:01.369,"Any[6, 11, 19, 25, 30, 37, 45, 53]",6,53
1215,2026-01-23T15:40:00.0,2026-01-25T21:17:45.531,"Any[17, 16, 17, 25, 30, 37, 45, 53]",17,53
556,2026-01-23T16:05:01.0,2026-01-18T21:42:46.531,"Any[53, 45, 37, 30, 25, 19, 10]",53,10
209,2026-01-23T16:38:56.0,2026-01-18T22:16:41.531,"Any[10, 19, 25, 30, 37, 45, 53, 60]",10,60
389,2026-01-23T16:41:52.0,2026-01-25T22:19:37.531,"Any[8, 13, 19, 25, 30, 37, 45, 53]",8,53
660,2026-01-23T16:52:25.0,2026-01-25T22:30:10.531,"Any[60, 56, 45, 37, 30, 25, 19]",60,19
1225,2026-01-23T16:54:29.0,2026-01-18T22:32:14.531,"Any[8, 13, 19, 25, 30, 37, 45, 53]",8,53
492,2026-01-23T17:01:01.0,2026-01-25T22:38:46.531,"Any[7, 8, 13, 19, 25, 30, 37, 45, 53]",7,53
238,2026-01-23T18:11:04.0,2026-01-18T23:48:49.531,"Any[56, 45, 37, 30, 25]",56,25
3,2026-01-23T18:14:52.538,2026-01-25T23:52:38.069,"Any[56, 45, 37, 30, 25, 19, 13, 8]",56,8
454,2026-01-23T18:19:17.0,2026-01-18T23:57:02.531,"Any[64, 60, 53, 45, 37, 30, 25, 19, 13, 8]",64,8
937,2026-01-23T18:33:30.0,2026-01-26T00:11:15.531,"Any[6, 11, 19, 25, 30, 37, 45]",6,45
173,2026-01-23T18:50:06.0,2026-01-19T00:27:51.531,"Any[1, 6, 11, 19, 25, 30, 37, 45, 56]",1,56
1147,2026-01-23T18:52:53.622,2026-01-19T00:30:39.153,"Any[56, 45, 37, 30, 25, 19, 13, 8]",56,8
1180,2026-01-23T18:58:14.0,2026-01-19T00:35:59.531,"Any[19, 25, 30, 37, 45, 53]",19,53
54,2026-01-23T18:59:42.0,2026-01-19T00:37:27.531,"Any[56, 45, 37, 30, 25, 19, 13, 8]",56,8
837,2026-01-23T19:09:05.275,2026-01-19T00:46:50.806,"Any[60, 56, 45, 37, 30, 25, 19, 13, 8]",60,8
789,2026-01-23T19:22:15.0,2026-01-26T01:00:00.531,"Any[8, 13, 19, 25, 30, 37, 45, 56]",8,56
1244,2026-01-23T19:27:13.0,2026-01-26T01:04:58.531,"Any[1, 6, 11, 16, 25, 30, 37, 45, 53]",1,53
653,2026-01-23T19:44:16.0,2026-01-26T01:22:01.531,"Any[53, 45, 37, 30, 25, 19, 13, 8]",53,8
1048,2026-01-23T19:44:16.0,2026-01-19T01:22:01.531,"Any[53, 45, 37, 30, 25, 19, 13, 8]",53,8
1249,2026-01-23T19:44:16.0,2026-01-19T01:22:01.531,"Any[53, 45, 37, 30, 25, 19, 13, 8]",53,8
301,2026-01-23T19:59:32.625,2026-01-19T01:37:18.156,"Any[56, 45, 37, 30, 25, 19, 13, 8]",56,8
678,2026-01-23T19:59:32.625,2026-01-19T01:37:18.156,"Any[56, 45, 37, 30, 25, 19, 13, 8]",56,8
1094,2026-01-23T19:59:32.625,2026-01-19T01:37:18.156,"Any[56, 45, 37, 30, 25, 19, 13, 8]",56,8
827,2026-01-23T20:11:40.0,2026-01-19T01:49:25.531,"Any[53, 45, 37, 30, 25, 19, 10]",53,10
1415,2026-01-23T20:13:00.0,2026-01-26T01:50:45.531,Any[],45,7
851,2026-01-23T20:29:25.0,2026-01-19T02:07:10.531,"Any[60, 56, 45, 37, 30, 25, 19, 10]",60,10
347,2026-01-23T20:40:27.0,2026-01-19T02:18:12.531,"Any[53, 45, 37, 30, 25, 19, 10]",53,10
1122,2026-01-23T20:40:27.0,2026-01-26T02:18:12.531,"Any[53, 45, 37, 30, 25, 19, 10]",53,10
592,2026-01-23T20:47:51.0,2026-01-26T02:25:36.531,"Any[10, 19, 25, 30, 37, 45, 53]",10,53
575,2026-01-23T21:03:18.164,2026-01-19T02:41:03.695,"Any[1, 6, 11, 19, 23, 36, 44, 54, 60]",1,60
1211,2026-01-23T21:32:36.0,2026-01-26T03:10:21.531,"Any[60, 56, 45, 37, 30, 25, 19, 11, 6]",60,6
384,2026-01-23T21:40:08.0,2026-01-19T03:17:53.531,"Any[10, 19, 25, 30, 37, 45, 53]",10,53
43,2026-01-23T21:45:26.0,2026-01-19T03:23:11.531,"Any[1, 6, 11, 16, 25, 30, 37, 45, 56, 60]",1,60
372,2026-01-23T21:45:26.0,2026-01-19T03:23:11.531,"Any[1, 6, 11, 16, 25, 30, 37, 45, 56, 60]",1,60
1548,2026-01-23T21:45:26.0,2026-01-26T03:23:11.531,"Any[1, 6, 11, 16, 25, 30, 37, 45, 56, 60]",1,60
81,2026-01-23T21:51:04.0,2026-01-26T03:28:49.531,"Any[20, 19, 25, 30, 37, 45, 53]",20,53
307,2026-01-23T21:51:04.0,2026-01-19T03:28:49.531,"Any[20, 19, 25, 30, 37, 45, 53]",20,53
1251,2026-01-23T21:53:29.204,2026-01-26T03:31:14.735,"Any[60, 56, 45, 37, 30, 25, 19, 11, 6]",60,6
206,2026-01-23T23:08:27.0,2026-01-19T04:46:12.531,"Any[6, 11, 19, 25, 30, 37, 45, 53]",6,53
1511,2026-01-23T23:09:00.0,2026-01-26T04:46:45.531,Any[],25,54
170,2026-01-23T23:19:41.0,2026-01-19T04:57:26.531,"Any[45, 37, 30, 25]",45,25
466,2026-01-24T00:03:03.0,2026-01-19T05:40:48.531,"Any[53, 45, 37, 30, 25, 19, 13, 8]",53,8
118,2026-01-24T00:11:59.0,2026-01-26T05:49:44.531,"Any[6, 11, 19, 25, 30, 37, 45]",6,45
178,2026-01-24T00:11:59.0,2026-01-26T05:49:44.531,"Any[6, 11, 19, 25, 30, 37, 45]",6,45
542,2026-01-24T00:20:53.0,2026-01-19T05:58:38.531,"Any[1, 6, 11, 19, 25, 30, 37, 45, 53, 60]",1,60
1210,2026-01-24T00:24:40.0,2026-01-19T06:02:25.531,"Any[6, 11, 19, 25, 30, 37, 45]",6,45
1378,2026-01-24T00:26:00.0,2026-01-19T06:03:45.531,Any[],55,14
255,2026-01-24T01:21:15.0,2026-01-26T06:59:00.531,"Any[1, 6, 11, 19, 25, 30, 37, 45, 53, 60]",1,60
1255,2026-01-24T01:21:15.0,2026-01-26T06:59:00.531,"Any[1, 6, 11, 19, 25, 30, 37, 45, 53, 60]",1,60
183,2026-01-24T01:44:58.0,2026-01-19T07:22:43.531,"Any[60, 56, 45, 37, 30, 25, 19, 13, 19, 13, 8]",60,8
341,2026-01-24T01:55:03.0,2026-01-19T07:32:48.531,"Any[7, 8, 13, 19, 25, 30, 37, 45, 53]",7,53
570,2026-01-24T01:55:03.0,2026-01-26T07:32:48.531,"Any[7, 8, 13, 19, 25, 30, 37, 45, 53]",7,53
707,2026-01-24T02:46:14.0,2026-01-26T08:23:59.531,"Any[8, 13, 19, 25, 30, 37, 45, 53, 56]",8,56
1086,2026-01-24T02:46:14.0,2026-01-26T08:23:59.531,"Any[8, 13, 19, 25, 30, 37, 45, 53, 56]",8,56
1534,2026-01-24T02:46:14.0,2026-01-19T08:23:59.531,"Any[8, 13, 19, 25, 30, 37, 45, 53, 56]",8,56
1538,2026-01-24T02:46:14.0,2026-01-26T08:23:59.531,"Any[8, 13, 19, 25, 30, 37, 45, 53, 56]",8,56
798,2026-01-24T04:39:17.0,2026-01-26T10:17:02.531,"Any[56, 45, 37, 30, 25]",56,25
277,2026-01-24T05:04:51.87,2026-01-19T10:42:37.401,"Any[60, 53, 45, 37, 30, 25, 19, 17, 19, 11, 6]",60,6
413,2026-01-24T05:04:51.87,2026-01-26T10:42:37.401,"Any[60, 53, 45, 37, 30, 25, 19, 17, 19, 11, 6]",60,6
306,2026-01-24T05:30:03.0,2026-01-26T11:07:48.531,"Any[53, 45, 37, 30, 25, 19, 10]",53,10
1295,2026-01-24T05:32:00.0,2026-01-19T11:09:45.531,Any[],60,7
509,2026-01-24T07:02:02.0,2026-01-26T12:39:47.531,"Any[53, 45, 37, 30, 25]",53,25
1185,2026-01-24T08:00:13.0,2026-01-26T13:37:58.531,"Any[1, 6, 11, 19, 25, 30, 37, 45, 56, 64]",1,64
1089,2026-01-24T08:11:45.0,2026-01-19T13:49:30.531,"Any[53, 45, 37, 30, 25]",53,25
1093,2026-01-24T08:11:45.0,2026-01-26T13:49:30.531,"Any[53, 45, 37, 30, 25]",53,25
73,2026-01-24T08:22:59.0,2026-01-26T14:00:44.531,"Any[3, 10, 19, 25, 30, 37, 45, 53]",3,53
823,2026-01-24T08:51:01.0,2026-01-26T14:28:46.531,"Any[10, 19, 25, 30, 37, 45, 53]",10,53
475,2026-01-24T09:00:36.0,2026-01-19T14:38:21.531,"Any[53, 45, 37, 30, 25, 19, 11, 6, 1]",53,1
1499,2026-01-24T09:06:00.0,2026-01-19T14:43:45.531,Any[],25,62
1587,2026-01-24T09:09:00.0,2026-01-26T14:46:45.531,Any[],10,64
1365,2026-01-24T09:26:00.0,2026-01-26T15:03:45.531,Any[],56,13
446,2026-01-24T09:29:56.0,2026-01-26T15:07:41.531,"Any[64, 53, 45, 37, 30, 25, 19, 13, 8]",64,8
236,2026-01-24T09:30:01.0,2026-01-26T15:07:46.531,"Any[19, 25, 30, 37, 45, 53]",19,53
1128,2026-01-24T09:44:15.0,2026-01-26T15:22:00.531,"Any[8, 13, 19, 25, 30, 37, 45, 53]",8,53
1053,2026-01-24T09:47:56.0,2026-01-26T15:25:41.531,"Any[1, 6, 11, 19, 25, 30, 37, 45, 56]",1,56
1248,2026-01-24T09:48:06.0,2026-01-26T15:25:51.531,"Any[56, 45, 37, 30, 25, 19, 11, 6]",56,6
712,2026-01-24T10:13:18.0,2026-01-19T15:51:03.531,"Any[6, 11, 19, 25, 30, 37, 45, 56]",6,56
612,2026-01-24T10:30:56.0,2026-01-26T16:08:41.531,"Any[53, 45, 37, 30, 25]",53,25
1281,2026-01-24T11:18:38.0,2026-01-26T16:56:23.531,"Any[53, 45, 37, 30, 25, 19, 10]",53,10
1586,2026-01-24T11:21:00.0,2026-01-26T16:58:45.531,Any[],10,64
220,2026-01-24T11:23:17.0,2026-01-19T17:01:02.531,"Any[62, 56, 45, 37, 30, 25, 19, 13, 8]",62,8
481,2026-01-24T11:23:17.0,2026-01-19T17:01:02.531,"Any[62, 56, 45, 37, 30, 25, 19, 13, 8]",62,8
72,2026-01-24T11:30:39.0,2026-01-26T17:08:24.531,"Any[6, 11, 19, 25, 30, 37, 45, 56]",6,56
476,2026-01-24T11:38:18.0,2026-01-19T17:16:03.531,"Any[8, 13, 19, 25, 30, 37, 45, 56]",8,56
815,2026-01-24T12:15:39.0,2026-01-19T17:53:24.531,"Any[53, 45, 37, 30, 25, 19, 11, 6]",53,6
950,2026-01-24T12:17:42.0,2026-01-26T17:55:27.531,"Any[19, 25, 30, 37, 45, 56]",19,56
477,2026-01-24T12:21:26.0,2026-01-26T17:59:11.531,"Any[64, 60, 53, 45, 37, 30, 25, 19, 11, 6, 1]",64,1
807,2026-01-24T13:10:57.0,2026-01-19T18:48:42.531,"Any[10, 19, 25, 30, 37, 45, 53]",10,53
756,2026-01-24T13:21:28.0,2026-01-26T18:59:13.531,"Any[8, 13, 19, 25, 30, 37, 45, 53]",8,53
1308,2026-01-24T13:26:43.0,2026-01-19T19:04:28.531,"Any[60, 56, 45, 37, 30, 25, 19, 11, 10, 3]",60,3
1313,2026-01-24T13:26:43.0,2026-01-26T19:04:28.531,"Any[60, 56, 45, 37, 30, 25, 19, 11, 10, 3]",60,3
1315,2026-01-24T13:26:43.0,2026-01-26T19:04:28.531,"Any[60, 56, 45, 37, 30, 25, 19, 11, 10, 3]",60,3
549,2026-01-24T14:19:03.0,2026-01-19T19:56:48.531,"Any[6, 11, 19, 25, 30, 37, 45, 56]",6,56
1172,2026-01-24T14:19:03.0,2026-01-19T19:56:48.531,"Any[6, 11, 19, 25, 30, 37, 45, 56]",6,56
766,2026-01-24T14:24:18.0,2026-01-26T20:02:03.531,"Any[19, 25, 30, 37, 45, 53, 60]",19,60
1237,2026-01-24T14:24:18.0,2026-01-26T20:02:03.531,"Any[19, 25, 30, 37, 45, 53, 60]",19,60
1264,2026-01-24T14:24:18.0,2026-01-19T20:02:03.531,"Any[19, 25, 30, 37, 45, 53, 60]",19,60
1519,2026-01-24T14:24:18.0,2026-01-19T20:02:03.531,"Any[19, 25, 30, 37, 45, 53, 60]",19,60
604,2026-01-24T14:29:32.0,2026-01-19T20:07:17.531,"Any[6, 11, 19, 25, 30, 37, 45, 56]",6,56
96,2026-01-24T14:33:38.0,2026-01-26T20:11:23.531,"Any[56, 45, 37, 30, 25, 19, 11, 6]",56,6
733,2026-01-24T14:44:08.0,2026-01-19T20:21:53.531,"Any[7, 8, 13, 19, 25, 30, 37, 45, 53]",7,53
1300,2026-01-24T14:52:00.0,2026-01-19T20:29:45.531,Any[],60,7
278,2026-01-24T15:04:16.0,2026-01-19T20:42:01.531,"Any[19, 25, 30, 37, 45, 53]",19,53
1299,2026-01-24T15:09:00.0,2026-01-26T20:46:45.531,Any[],60,7
1286,2026-01-24T15:12:00.0,2026-01-26T20:49:45.531,Any[],60,17
1005,2026-01-24T15:35:15.0,2026-01-19T21:13:00.531,"Any[6, 11, 19, 25, 30, 37, 45]",6,45
846,2026-01-24T15:42:21.0,2026-01-19T21:20:06.531,"Any[53, 45, 37, 30, 25]",53,25
262,2026-01-24T15:58:54.0,2026-01-26T21:36:39.531,"Any[19, 25, 30, 37, 45, 53]",19,53
433,2026-01-24T15:58:54.0,2026-01-26T21:36:39.531,"Any[19, 25, 30, 37, 45, 53]",19,53
1080,2026-01-24T15:58:54.0,2026-01-19T21:36:39.531,"Any[19, 25, 30, 37, 45, 53]",19,53
1229,2026-01-24T15:58:54.0,2026-01-19T21:36:39.531,"Any[19, 25, 30, 37, 45, 53]",19,53
1234,2026-01-24T15:58:54.0,2026-01-26T21:36:39.531,"Any[19, 25, 30, 37, 45, 53]",19,53
1289,2026-01-24T16:14:00.0,2026-01-19T21:51:45.531,Any[],60,16
132,2026-01-24T16:15:39.0,2026-01-26T21:53:24.531,"Any[6, 11, 19, 25, 30, 37, 45]",6,45
1124,2026-01-24T16:15:39.0,2026-01-19T21:53:24.531,"Any[6, 11, 19, 25, 30, 37, 45]",6,45
963,2026-01-24T16:36:02.0,2026-01-26T22:13:47.531,"Any[1, 6, 11, 19, 25, 30, 37, 45, 56, 60]",1,60
1541,2026-01-24T16:36:02.0,2026-01-19T22:13:47.531,"Any[1, 6, 11, 19, 25, 30, 37, 45, 56, 60]",1,60
662,2026-01-24T16:45:11.838,2026-01-26T22:22:57.369,"Any[56, 45, 37, 30, 25, 19, 13, 8]",56,8
997,2026-01-24T16:45:11.838,2026-01-19T22:22:57.369,"Any[56, 45, 37, 30, 25, 19, 13, 8]",56,8
265,2026-01-24T17:09:17.0,2026-01-26T22:47:02.531,"Any[6, 11, 19, 25, 30, 37, 45, 56]",6,56
418,2026-01-24T17:19:05.0,2026-01-26T22:56:50.531,"Any[7, 8, 13, 19, 25, 30, 37, 45, 53]",7,53
1061,2026-01-24T17:19:05.0,2026-01-19T22:56:50.531,"Any[7, 8, 13, 19, 25, 30, 37, 45, 53]",7,53
114,2026-01-24T17:23:26.0,2026-01-26T23:01:11.531,"Any[56, 45, 37, 30, 25, 19, 13, 8]",56,8
1523,2026-01-24T17:55:15.0,2026-01-26T23:33:00.531,"Any[19, 25, 30, 37, 45, 53]",19,53
1327,2026-01-24T18:01:46.0,2026-01-19T23:39:31.531,"Any[56, 45, 37, 30, 25, 19]",56,19
1328,2026-01-24T18:01:46.0,2026-01-19T23:39:31.531,"Any[56, 45, 37, 30, 25, 19]",56,19
1335,2026-01-24T18:01:46.0,2026-01-26T23:39:31.531,"Any[56, 45, 37, 30, 25, 19]",56,19
1358,2026-01-24T18:01:46.0,2026-01-26T23:39:31.531,"Any[56, 45, 37, 30, 25, 19]",56,19
945,2026-01-24T18:22:17.0,2026-01-20T00:00:02.531,"Any[8, 13, 19, 25, 30, 37, 45, 53]",8,53
1332,2026-01-24T18:22:32.0,2026-01-20T00:00:17.531,"Any[56, 45, 37, 30, 25, 19]",56,19
1343,2026-01-24T18:32:54.0,2026-01-27T00:10:39.531,"Any[56, 45, 37, 30, 25, 19]",56,19
1348,2026-01-24T18:32:54.0,2026-01-27T00:10:39.531,"Any[56, 45, 37, 30, 25, 19]",56,19
50,2026-01-24T18:35:00.0,2026-01-20T00:12:45.531,"Any[56, 45, 37, 30, 25, 19]",56,19
1355,2026-01-24T18:35:00.0,2026-01-20T00:12:45.531,"Any[56, 45, 37, 30, 25, 19]",56,19
1581,2026-01-24T18:38:00.0,2026-01-20T00:15:45.531,Any[],10,64
1416,2026-01-24T18:57:00.0,2026-01-27T00:34:45.531,Any[],45,7
1426,2026-01-24T19:19:00.0,2026-01-20T00:56:45.531,Any[],45,3
1513,2026-01-24T19:28:00.0,2026-01-20T01:05:45.531,Any[],25,54
637,2026-01-24T19:29:47.0,2026-01-27T01:07:32.531,"Any[1, 6, 11, 19, 25, 30, 37, 45, 53]",1,53
416,2026-01-24T19:48:50.0,2026-01-27T01:26:35.531,"Any[53, 45, 37, 30, 25, 19, 11, 6, 1]",53,1
672,2026-01-24T19:57:20.0,2026-01-27T01:35:05.531,"Any[53, 45, 37, 30, 25, 19, 10]",53,10
469,2026-01-24T20:01:33.854,2026-01-27T01:39:19.385,"Any[56, 45, 37, 30, 25, 19, 10]",56,10
838,2026-01-24T20:01:33.854,2026-01-20T01:39:19.385,"Any[56, 45, 37, 30, 25, 19, 10]",56,10
1011,2026-01-24T20:02:17.176,2026-01-20T01:40:02.707,"Any[53, 45, 37, 30, 25, 19, 13, 8]",53,8
1148,2026-01-24T20:13:01.0,2026-01-20T01:50:46.531,"Any[53, 45, 37, 30, 25, 19, 13, 8]",53,8
221,2026-01-24T20:14:27.0,2026-01-20T01:52:12.531,"Any[10, 19, 25, 30, 37, 45, 53]",10,53
1566,2026-01-24T20:31:00.0,2026-01-27T02:08:45.531,Any[],10,64
933,2026-01-24T20:37:22.0,2026-01-20T02:15:07.531,"Any[53, 45, 37, 30, 25, 19, 11, 6, 1]",53,1
110,2026-01-24T21:05:46.386,2026-01-20T02:43:31.917,"Any[60, 56, 45, 37, 30, 25, 19, 11, 6]",60,6
949,2026-01-24T21:19:07.419,2026-01-27T02:56:52.95,"Any[56, 45, 37, 30, 25, 19, 13, 8]",56,8
1412,2026-01-24T21:43:00.0,2026-01-20T03:20:45.531,Any[],45,7
501,2026-01-24T22:06:55.0,2026-01-27T03:44:40.531,"Any[10, 19, 25, 30, 37, 45, 53]",10,53
199,2026-01-24T22:28:13.0,2026-01-27T04:05:58.531,"Any[53, 45, 37, 30, 25, 19, 10]",53,10
371,2026-01-24T22:28:13.0,2026-01-27T04:05:58.531,"Any[53, 45, 37, 30, 25, 19, 10]",53,10
300,2026-01-24T23:00:14.0,2026-01-20T04:37:59.531,"Any[53, 45, 37, 30, 25, 19, 11, 6, 1]",53,1
249,2026-01-24T23:00:37.908,2026-01-27T04:38:23.439,"Any[8, 13, 19, 25, 30, 37, 45, 56]",8,56
1150,2026-01-24T23:30:35.0,2026-01-20T05:08:20.531,"Any[25, 30, 37, 45, 56]",25,56
1040,2026-01-24T23:35:39.0,2026-01-27T05:13:24.531,"Any[8, 13, 19, 25, 30, 37, 45, 56]",8,56
1536,2026-01-24T23:35:39.0,2026-01-20T05:13:24.531,"Any[8, 13, 19, 25, 30, 37, 45, 56]",8,56
891,2026-01-24T23:37:58.0,2026-01-20T05:15:43.531,"Any[60, 56, 45, 37, 30, 25, 19, 11, 6]",60,6
1279,2026-01-24T23:37:58.0,2026-01-27T05:15:43.531,"Any[60, 56, 45, 37, 30, 25, 19, 11, 6]",60,6
1090,2026-01-24T23:43:51.0,2026-01-27T05:21:36.531,"Any[1, 6, 11, 19, 23, 36, 44, 54, 60]",1,60
1403,2026-01-24T23:44:00.0,2026-01-27T05:21:45.531,Any[],45,7
1157,2026-01-24T23:49:41.633,2026-01-27T05:27:27.164,"Any[19, 25, 30, 37, 45, 56]",19,56
970,2026-01-25T01:09:50.0,2026-01-27T06:47:35.531,"Any[45, 37, 30, 23, 19, 11, 6]",45,6
1434,2026-01-25T01:09:50.0,2026-01-20T06:47:35.531,"Any[45, 37, 30, 23, 19, 11, 6]",45,6
112,2026-01-25T01:22:58.0,2026-01-27T07:00:43.531,"Any[53, 45, 37, 30, 25, 19, 11, 6, 1]",53,1
350,2026-01-25T01:38:03.0,2026-01-27T07:15:48.531,"Any[53, 45, 37, 30, 25]",53,25
421,2026-01-25T01:38:03.0,2026-01-20T07:15:48.531,"Any[53, 45, 37, 30, 25]",53,25
536,2026-01-25T02:03:23.0,2026-01-20T07:41:08.531,"Any[8, 13, 19, 25, 30, 37, 45, 53]",8,53
1121,2026-01-25T02:03:23.0,2026-01-20T07:41:08.531,"Any[8, 13, 19, 25, 30, 37, 45, 53]",8,53
46,2026-01-25T02:19:33.0,2026-01-20T07:57:18.531,"Any[64, 60, 53, 45, 37, 30, 25, 19, 13, 8]",64,8
150,2026-01-25T02:51:38.0,2026-01-27T08:29:23.531,"Any[16, 17, 25, 30, 37, 45, 53]",16,53
703,2026-01-25T02:51:38.0,2026-01-20T08:29:23.531,"Any[16, 17, 25, 30, 37, 45, 53]",16,53
645,2026-01-25T03:26:03.0,2026-01-20T09:03:48.531,"Any[60, 56, 45, 37, 30, 25, 19, 13, 8]",60,8
1002,2026-01-25T03:54:38.0,2026-01-27T09:32:23.531,"Any[53, 45, 37, 30, 25, 19, 10]",53,10
230,2026-01-25T04:05:18.859,2026-01-20T09:43:04.39,"Any[53, 45, 37, 30, 25]",53,25
1125,2026-01-25T04:05:18.859,2026-01-20T09:43:04.39,"Any[53, 45, 37, 30, 25]",53,25
574,2026-01-25T04:06:13.0,2026-01-20T09:43:58.531,"Any[19, 25, 30, 37, 45, 53]",19,53
325,2026-01-25T04:35:01.0,2026-01-20T10:12:46.531,"Any[53, 45, 37, 30, 25, 19, 13, 8]",53,8
998,2026-01-25T04:35:01.0,2026-01-20T10:12:46.531,"Any[53, 45, 37, 30, 25, 19, 13, 8]",53,8
1217,2026-01-25T04:40:05.0,2026-01-20T10:17:50.531,"Any[53, 45, 37, 30, 25, 19, 11, 6, 1]",53,1
243,2026-01-25T05:13:47.0,2026-01-27T10:51:32.531,"Any[64, 60, 53, 45, 37, 30, 25, 19, 11, 6, 1]",64,1
706,2026-01-25T05:39:54.0,2026-01-27T11:17:39.531,"Any[56, 45, 37, 30, 25]",56,25
441,2026-01-25T05:47:39.0,2026-01-20T11:25:24.531,"Any[3, 10, 19, 25, 30, 37, 45, 53]",3,53
716,2026-01-25T05:48:40.0,2026-01-27T11:26:25.531,"Any[60, 53, 45, 37, 30, 25, 19, 13, 8]",60,8
903,2026-01-25T06:03:40.0,2026-01-20T11:41:25.531,"Any[64, 53, 45, 37, 30, 25, 19, 11, 6, 1]",64,1
1158,2026-01-25T06:03:40.0,2026-01-20T11:41:25.531,"Any[64, 53, 45, 37, 30, 25, 19, 11, 6, 1]",64,1
1182,2026-01-25T06:03:40.0,2026-01-20T11:41:25.531,"Any[64, 53, 45, 37, 30, 25, 19, 11, 6, 1]",64,1
366,2026-01-25T07:01:47.0,2026-01-20T12:39:32.531,"Any[64, 60, 53, 45, 37, 30, 25, 19, 11, 6, 1]",64,1
697,2026-01-25T07:01:47.0,2026-01-20T12:39:32.531,"Any[64, 60, 53, 45, 37, 30, 25, 19, 11, 6, 1]",64,1
915,2026-01-25T07:01:47.0,2026-01-20T12:39:32.531,"Any[64, 60, 53, 45, 37, 30, 25, 19, 11, 6, 1]",64,1
1339,2026-01-25T07:42:48.117,2026-01-20T13:20:33.648,"Any[56, 45, 37, 30, 25, 19]",56,19
731,2026-01-25T07:45:44.0,2026-01-20T13:23:29.531,"Any[53, 45, 37, 30, 25, 19, 13, 8]",53,8
787,2026-01-25T07:45:44.0,2026-01-27T13:23:29.531,"Any[53, 45, 37, 30, 25, 19, 13, 8]",53,8
655,2026-01-25T07:55:19.0,2026-01-20T13:33:04.531,"Any[45, 37, 30, 25]",45,25
227,2026-01-25T08:16:07.0,2026-01-20T13:53:52.531,"Any[53, 45, 37, 30, 25, 19, 13, 8]",53,8
1595,2026-01-25T08:23:00.0,2026-01-27T14:00:45.531,Any[],10,64
360,2026-01-25T08:55:09.0,2026-01-27T14:32:54.531,"Any[7, 8, 13, 19, 25, 30, 37, 45, 53]",7,53
1427,2026-01-25T10:08:00.0,2026-01-27T15:45:45.531,Any[],45,3
2,2026-01-25T10:30:18.485,2026-01-27T16:08:04.016,"Any[64, 60, 56, 45, 37, 30, 25, 19, 11, 6, 1]",64,1
532,2026-01-25T10:43:13.0,2026-01-20T16:20:58.531,"Any[10, 19, 25, 30, 37, 45, 53]",10,53
1119,2026-01-25T10:43:13.0,2026-01-27T16:20:58.531,"Any[10, 19, 25, 30, 37, 45, 53]",10,53
412,2026-01-25T10:51:46.637,2026-01-27T16:29:32.168,"Any[25, 30, 37, 45, 56, 60]",25,60
1459,2026-01-25T10:51:46.637,2026-01-27T16:29:32.168,"Any[25, 30, 37, 45, 56, 60]",25,60
1485,2026-01-25T10:51:46.637,2026-01-20T16:29:32.168,"Any[25, 30, 37, 45, 56, 60]",25,60
1305,2026-01-25T11:19:00.0,2026-01-20T16:56:45.531,Any[],60,7
1428,2026-01-25T11:27:00.0,2026-01-27T17:04:45.531,Any[],45,3
75,2026-01-25T11:58:36.0,2026-01-20T17:36:21.531,"Any[53, 45, 37, 30, 25]",53,25
671,2026-01-25T12:03:10.0,2026-01-20T17:40:55.531,"Any[1, 6, 11, 19, 25, 30, 37, 45, 56, 60]",1,60
1267,2026-01-25T12:03:10.0,2026-01-27T17:40:55.531,"Any[1, 6, 11, 19, 25, 30, 37, 45, 56, 60]",1,60
1560,2026-01-25T12:03:10.0,2026-01-20T17:40:55.531,"Any[1, 6, 11, 19, 25, 30, 37, 45, 56, 60]",1,60
1561,2026-01-25T12:03:10.0,2026-01-27T17:40:55.531,"Any[1, 6, 11, 19, 25, 30, 37, 45, 56, 60]",1,60
967,2026-01-25T12:44:43.0,2026-01-27T18:22:28.531,"Any[7, 8, 13, 19, 25, 30, 37, 45, 53]",7,53
376,2026-01-25T13:10:15.0,2026-01-27T18:48:00.531,"Any[7, 8, 13, 19, 25, 30, 37, 45, 53]",7,53
1230,2026-01-25T13:23:19.0,2026-01-20T19:01:04.531,"Any[54, 44, 36, 23, 19, 11, 6, 6]",54,6
877,2026-01-25T13:59:18.0,2026-01-27T19:37:03.531,"Any[19, 25, 30, 37, 45, 53, 60]",19,60
1562,2026-01-25T13:59:40.0,2026-01-20T19:37:25.531,"Any[1, 6, 11, 19, 25, 30, 37, 45, 56, 60]",1,60
769,2026-01-25T14:03:02.0,2026-01-20T19:40:47.531,"Any[8, 13, 19, 25, 30, 37, 45, 56]",8,56
902,2026-01-25T14:03:02.0,2026-01-27T19:40:47.531,"Any[8, 13, 19, 25, 30, 37, 45, 56]",8,56
1067,2026-01-25T14:24:33.0,2026-01-27T20:02:18.531,"Any[60, 53, 45, 37, 30, 25, 19, 10]",60,10
7,2026-01-25T14:39:47.0,2026-01-20T20:17:32.531,"Any[53, 45, 37, 30, 25, 19, 11, 6]",53,6
582,2026-01-25T14:39:47.0,2026-01-27T20:17:32.531,"Any[53, 45, 37, 30, 25, 19, 11, 6]",53,6
936,2026-01-25T15:09:19.0,2026-01-27T20:47:04.531,"Any[53, 45, 37, 30, 25, 19, 10]",53,10
127,2026-01-25T15:34:07.0,2026-01-20T21:11:52.531,"Any[60, 53, 45, 37, 30, 25, 19, 13, 8]",60,8
1290,2026-01-25T15:34:07.0,2026-01-20T21:11:52.531,"Any[60, 53, 45, 37, 30, 25, 19, 13, 8]",60,8
534,2026-01-25T15:38:08.0,2026-01-27T21:15:53.531,"Any[10, 19, 25, 30, 37, 45, 53]",10,53
765,2026-01-25T16:13:08.0,2026-01-20T21:50:53.531,"Any[6, 11, 19, 30, 37, 45, 56]",6,56
99,2026-01-25T16:17:09.0,2026-01-20T21:54:54.531,"Any[19, 25, 30, 37, 45, 53, 60]",19,60
1026,2026-01-25T16:17:09.0,2026-01-27T21:54:54.531,"Any[19, 25, 30, 37, 45, 53, 60]",19,60
863,2026-01-25T16:31:29.0,2026-01-20T22:09:14.531,"Any[7, 8, 13, 19, 25, 30, 37, 45, 56, 60, 64]",7,64
1423,2026-01-25T16:39:00.0,2026-01-20T22:16:45.531,Any[],45,3
403,2026-01-25T17:34:15.0,2026-01-20T23:12:00.531,"Any[7, 8, 13, 19, 25, 30, 37, 45, 53]",7,53
1363,2026-01-25T19:13:00.0,2026-01-28T00:50:45.531,Any[],56,13
41,2026-01-25T19:47:45.023,2026-01-28T01:25:30.554,"Any[53, 45, 37, 30, 25, 19, 10]",53,10
522,2026-01-25T20:10:39.0,2026-01-21T01:48:24.531,"Any[53, 45, 37, 30, 25, 19, 10]",53,10
735,2026-01-25T20:10:39.0,2026-01-28T01:48:24.531,"Any[53, 45, 37, 30, 25, 19, 10]",53,10
911,2026-01-25T20:10:39.0,2026-01-21T01:48:24.531,"Any[53, 45, 37, 30, 25, 19, 10]",53,10
1074,2026-01-25T20:24:48.0,2026-01-21T02:02:33.531,"Any[8, 13, 19, 25, 30, 37, 45, 53]",8,53
1156,2026-01-25T20:24:48.0,2026-01-28T02:02:33.531,"Any[8, 13, 19, 25, 30, 37, 45, 53]",8,53
873,2026-01-25T20:34:05.0,2026-01-21T02:11:50.531,"Any[8, 13, 19, 25, 30, 37, 45, 56]",8,56
1151,2026-01-25T20:34:05.0,2026-01-21T02:11:50.531,"Any[8, 13, 19, 25, 30, 37, 45, 56]",8,56
752,2026-01-25T20:47:07.0,2026-01-21T02:24:52.531,"Any[56, 45, 37, 30, 25]",56,25
1213,2026-01-25T20:57:25.0,2026-01-21T02:35:10.531,"Any[53, 45, 37, 30, 25]",53,25
1221,2026-01-25T21:48:50.472,2026-01-28T03:26:36.003,"Any[2, 9, 21, 27, 31, 36, 45, 55]",2,55
424,2026-01-25T22:22:29.752,2026-01-21T04:00:15.283,"Any[60, 56, 45, 37, 30, 25, 19, 13, 8]",60,8
562,2026-01-25T23:34:15.0,2026-01-28T05:12:00.531,"Any[56, 45, 37, 30, 25, 19, 11, 6]",56,6
270,2026-01-25T23:42:58.0,2026-01-21T05:20:43.531,"Any[53, 45, 37, 30, 25, 19, 13, 8]",53,8
105,2026-01-25T23:44:35.0,2026-01-21T05:22:20.531,"Any[60, 56, 45, 37, 30, 25, 19, 13, 8]",60,8
121,2026-01-25T23:44:35.0,2026-01-28T05:22:20.531,"Any[60, 56, 45, 37, 30, 25, 19, 13, 8]",60,8
699,2026-01-25T23:44:35.0,2026-01-21T05:22:20.531,"Any[60, 56, 45, 37, 30, 25, 19, 13, 8]",60,8
164,2026-01-25T23:56:39.0,2026-01-21T05:34:24.531,"Any[53, 45, 37, 30, 25, 19, 11, 6, 1]",53,1
