id,departure_timestamp,arrival_timestamp,ps_seq,Origin_PS,Destination_PS
51,2026-01-07T07:06:40.0,2026-01-16T12:44:25.531,"Any[64, 60, 53, 45, 37, 30, 25, 19, 13, 8]",64,8
76,2026-01-07T07:06:40.0,2026-01-30T12:44:25.531,"Any[10, 19, 25, 30, 37, 45, 53, 60]",10,60
121,2026-01-07T07:06:40.0,2026-01-23T12:44:25.531,"Any[53, 45, 37, 30, 25, 19, 10]",53,10
156,2026-01-07T07:06:40.0,2026-01-30T12:44:25.531,"Any[60, 56, 45, 37, 30, 25, 19, 11, 6]",60,6
159,2026-01-07T07:06:40.0,2026-01-16T12:44:25.531,"Any[64, 60, 56, 45, 37, 30, 25, 19, 11, 6]",64,6
214,2026-01-07T07:06:40.0,2026-01-09T12:44:25.531,"Any[1, 6, 11, 19, 25, 30, 37, 45]",1,45
241,2026-01-07T07:06:40.0,2026-01-23T12:44:25.531,"Any[53, 45, 37, 30, 25, 19, 10]",53,10
270,2026-01-07T07:06:40.0,2026-01-09T12:44:25.531,"Any[10, 19, 25, 30, 37, 45]",10,45
294,2026-01-07T07:06:40.0,2026-01-30T12:44:25.531,"Any[53, 45, 37, 30, 25, 19, 10]",53,10
301,2026-01-07T07:06:40.0,2026-01-30T12:44:25.531,"Any[56, 45, 37, 30, 25]",56,25
306,2026-01-07T07:06:40.0,2026-01-23T12:44:25.531,"Any[56, 45, 37, 30, 25]",56,25
407,2026-01-07T07:06:40.0,2026-01-09T12:44:25.531,"Any[53, 45, 37, 25]",53,25
423,2026-01-07T07:06:40.0,2026-01-30T12:44:25.531,"Any[3, 10, 19, 25, 30, 37, 45, 53]",3,53
476,2026-01-07T07:06:40.0,2026-01-23T12:44:25.531,"Any[53, 45, 37, 30, 25]",53,25
487,2026-01-07T07:06:40.0,2026-01-30T12:44:25.531,"Any[53, 45, 37, 30, 25]",53,25
529,2026-01-07T07:06:40.0,2026-01-30T12:44:25.531,"Any[53, 45, 37, 30, 25, 19, 10]",53,10
535,2026-01-07T07:06:40.0,2026-01-16T12:44:25.531,"Any[53, 45, 37, 30, 25, 19, 13, 8]",53,8
555,2026-01-07T07:06:40.0,2026-01-30T12:44:25.531,"Any[7, 8, 13, 19, 25, 30, 37, 45, 53]",7,53
577,2026-01-07T07:06:40.0,2026-01-16T12:44:25.531,"Any[56, 45, 37, 30, 25, 19, 11, 6]",56,6
580,2026-01-07T07:06:40.0,2026-01-30T12:44:25.531,"Any[54, 44, 36, 23, 19, 11, 6, 6]",54,6
609,2026-01-07T07:06:40.0,2026-01-16T12:44:25.531,"Any[19, 25, 30, 37, 45, 53]",19,53
626,2026-01-07T07:06:40.0,2026-01-23T12:44:25.531,"Any[10, 19, 25, 30, 37, 45, 53]",10,53
648,2026-01-07T07:06:40.0,2026-01-16T12:44:25.531,"Any[56, 45, 37, 30, 25, 19, 10]",56,10
656,2026-01-07T07:06:40.0,2026-01-30T12:44:25.531,"Any[56, 45, 37, 30, 25, 19, 11, 6]",56,6
669,2026-01-07T07:06:40.0,2026-01-09T12:44:25.531,"Any[60, 53, 45, 37, 30, 25]",60,25
751,2026-01-07T07:06:40.0,2026-01-09T12:44:25.531,"Any[56, 45, 37, 30, 25]",56,25
753,2026-01-07T07:06:40.0,2026-01-09T12:44:25.531,"Any[19, 25, 30, 37, 45, 56]",19,56
758,2026-01-07T07:06:40.0,2026-01-23T12:44:25.531,"Any[7, 8, 13, 19, 25, 30, 37, 45, 53]",7,53
774,2026-01-07T07:06:40.0,2026-01-09T12:44:25.531,"Any[53, 45, 37, 30, 25, 19, 13, 8]",53,8
782,2026-01-07T07:06:40.0,2026-01-30T12:44:25.531,"Any[10, 19, 30, 37, 45, 53]",10,53
795,2026-01-07T07:06:40.0,2026-01-09T12:44:25.531,"Any[19, 25, 30, 37, 45, 53]",19,53
814,2026-01-07T07:06:40.0,2026-01-23T12:44:25.531,"Any[53, 45, 37, 30, 25, 19, 13, 8]",53,8
835,2026-01-07T07:06:40.0,2026-01-16T12:44:25.531,"Any[53, 45, 37, 30, 25, 19, 13, 8]",53,8
844,2026-01-07T07:06:40.0,2026-01-09T12:44:25.531,"Any[60, 56, 45, 37, 30, 25, 19, 11, 6]",60,6
855,2026-01-07T07:06:40.0,2026-01-30T12:44:25.531,"Any[56, 45, 37, 30, 25, 16]",56,16
866,2026-01-07T07:06:40.0,2026-01-16T12:44:25.531,"Any[53, 45, 37, 30, 25, 19, 10]",53,10
875,2026-01-07T07:06:40.0,2026-01-23T12:44:25.531,"Any[53, 45, 37, 30, 25, 19, 13, 8]",53,8
901,2026-01-07T07:06:40.0,2026-01-16T12:44:25.531,"Any[13, 19, 25, 37, 45, 56]",13,56
924,2026-01-07T07:06:40.0,2026-01-30T12:44:25.531,"Any[6, 11, 19, 25, 30, 37, 45]",6,45
945,2026-01-07T07:06:40.0,2026-01-30T12:44:25.531,"Any[1, 6, 11, 19, 25, 30, 37, 45, 53]",1,53
952,2026-01-07T07:06:40.0,2026-01-30T12:44:25.531,"Any[10, 19, 25, 30, 37, 45, 53]",10,53
960,2026-01-07T07:06:40.0,2026-01-23T12:44:25.531,"Any[1, 6, 11, 16, 25, 30, 37, 45, 56]",1,56
999,2026-01-07T07:06:40.0,2026-01-30T12:44:25.531,"Any[60, 56, 45, 37, 30, 25, 19, 11, 6, 6]",60,6
1022,2026-01-07T07:06:40.0,2026-01-30T12:44:25.531,"Any[53, 45, 37, 30, 25]",53,25
1025,2026-01-07T07:06:40.0,2026-01-09T12:44:25.531,"Any[53, 45, 37, 30, 25, 19, 13, 8]",53,8
1034,2026-01-07T07:06:40.0,2026-01-09T12:44:25.531,"Any[19, 25, 30, 37, 45, 53]",19,53
1051,2026-01-07T07:06:40.0,2026-01-30T12:44:25.531,"Any[3, 10, 19, 25, 30, 37, 45, 53]",3,53
1068,2026-01-07T07:06:40.0,2026-01-30T12:44:25.531,"Any[16, 25, 30, 37, 45, 53, 60]",16,60
1090,2026-01-07T07:06:40.0,2026-01-23T12:44:25.531,"Any[8, 13, 19, 25, 30, 37, 45, 53]",8,53
1092,2026-01-07T07:06:40.0,2026-01-30T12:44:25.531,"Any[56, 45, 37, 30, 25, 19, 11, 6]",56,6
1098,2026-01-07T07:06:40.0,2026-01-09T12:44:25.531,"Any[56, 45, 37, 30, 25, 19, 11, 6]",56,6
1113,2026-01-07T07:06:40.0,2026-01-16T12:44:25.531,"Any[64, 60, 53, 45, 37, 30, 25, 19, 13, 8]",64,8
1117,2026-01-07T07:06:40.0,2026-01-30T12:44:25.531,"Any[7, 8, 13, 19, 25, 30, 37, 45, 53]",7,53
1123,2026-01-07T07:06:40.0,2026-01-23T12:44:25.531,"Any[8, 13, 19, 25, 30, 37, 45, 56]",8,56
1155,2026-01-07T07:06:40.0,2026-01-09T12:44:25.531,"Any[8, 13, 19, 25, 30, 37, 45, 53]",8,53
1208,2026-01-07T07:06:40.0,2026-01-23T12:44:25.531,"Any[53, 45, 37, 30, 25, 19, 11, 6, 1]",53,1
1209,2026-01-07T07:06:40.0,2026-01-30T12:44:25.531,"Any[6, 11, 16, 25, 30, 37, 45, 53]",6,53
1217,2026-01-07T07:06:40.0,2026-01-16T12:44:25.531,"Any[6, 11, 25, 30, 37, 45, 53]",6,53
1226,2026-01-07T07:06:40.0,2026-01-16T12:44:25.531,"Any[53, 45, 37, 30, 25, 19, 13, 8]",53,8
1228,2026-01-07T07:06:40.0,2026-01-30T12:44:25.531,"Any[53, 45, 37, 30, 25, 19, 10]",53,10
1235,2026-01-07T07:06:40.0,2026-01-30T12:44:25.531,"Any[60, 56, 45, 37, 30, 25]",60,25
1239,2026-01-07T07:06:40.0,2026-01-16T12:44:25.531,"Any[7, 8, 13, 19, 25, 30, 37, 45, 53]",7,53
1308,2026-01-07T07:06:40.0,2026-01-09T12:44:25.531,"Any[53, 45, 37, 30, 25, 19, 11, 6, 1]",53,1
1341,2026-01-07T07:06:40.0,2026-01-16T12:44:25.531,"Any[60, 56, 45, 37, 30, 25, 19, 13, 19, 13, 8]",60,8
1355,2026-01-07T07:06:40.0,2026-01-23T12:44:25.531,"Any[19, 30, 37, 45, 56]",19,56
1356,2026-01-07T07:06:40.0,2026-01-23T12:44:25.531,"Any[19, 30, 37, 45, 56]",19,56
1386,2026-01-07T07:06:40.0,2026-01-30T12:44:25.531,"Any[64, 53, 45, 37, 30, 25, 19, 10]",64,10
1396,2026-01-07T07:06:40.0,2026-01-09T12:44:25.531,"Any[19, 30, 37, 45, 56]",19,56
1411,2026-01-07T07:06:40.0,2026-01-16T12:44:25.531,"Any[7, 8, 13, 19, 30, 37, 45, 53, 60]",7,60
1432,2026-01-07T07:06:40.0,2026-01-23T12:44:25.531,"Any[19, 25, 30, 37, 45, 53]",19,53
1442,2026-01-07T07:06:40.0,2026-01-09T12:44:25.531,"Any[53, 45, 37, 30, 25]",53,25
1483,2026-01-07T07:06:40.0,2026-01-23T12:44:25.531,"Any[56, 45, 37, 30, 25, 19, 10]",56,10
1517,2026-01-07T07:06:40.0,2026-01-16T12:44:25.531,"Any[17, 25, 30, 37, 45, 53]",17,53
1527,2026-01-07T07:06:40.0,2026-01-30T12:44:25.531,"Any[10, 19, 25, 30, 37, 45, 53]",10,53
1537,2026-01-07T07:06:40.0,2026-01-30T12:44:25.531,"Any[17, 16, 17, 25, 30, 37, 45, 53]",17,53
1569,2026-01-07T07:06:40.0,2026-01-09T12:44:25.531,"Any[60, 56, 45, 37, 30, 25, 19, 11, 6]",60,6
1578,2026-01-07T07:06:40.0,2026-01-16T12:44:25.531,"Any[8, 13, 19, 25, 30, 37, 45, 56]",8,56
1601,2026-01-07T07:06:40.0,2026-01-23T12:44:25.531,"Any[64, 56, 45, 37, 30, 25, 19, 11, 6, 2]",64,2
1603,2026-01-07T07:06:40.0,2026-01-23T12:44:25.531,"Any[53, 45, 37, 30, 25, 19, 10]",53,10
1689,2026-01-07T07:06:40.0,2026-01-23T12:44:25.531,"Any[6, 11, 19, 25, 30, 37, 45]",6,45
1716,2026-01-07T07:06:40.0,2026-01-23T12:44:25.531,"Any[8, 13, 19, 25, 30, 37, 45, 56]",8,56
1747,2026-01-07T07:06:40.0,2026-01-23T12:44:25.531,"Any[8, 13, 19, 25, 30, 37, 45, 56]",8,56
1770,2026-01-07T07:06:40.0,2026-01-23T12:44:25.531,"Any[3, 6, 11, 19, 25, 30, 37, 45, 56, 60]",3,60
1782,2026-01-07T07:06:40.0,2026-01-30T12:44:25.531,"Any[13, 19, 25, 37, 45, 56]",13,56
1808,2026-01-07T07:06:40.0,2026-01-30T12:44:25.531,"Any[6, 11, 25, 30, 37, 45, 53]",6,53
1812,2026-01-07T07:06:40.0,2026-01-16T12:44:25.531,"Any[56, 45, 37, 30, 25, 19, 13, 8]",56,8
1818,2026-01-07T07:06:40.0,2026-01-09T12:44:25.531,"Any[19, 30, 37, 45, 56]",19,56
1820,2026-01-07T07:06:40.0,2026-01-23T12:44:25.531,"Any[56, 45, 37, 30, 25, 19, 13, 8]",56,8
1834,2026-01-07T07:06:40.0,2026-01-16T12:44:25.531,"Any[53, 45, 37, 30, 25, 19, 11, 10, 11, 6, 1]",53,1
1876,2026-01-07T07:06:40.0,2026-01-23T12:44:25.531,"Any[19, 25, 30, 37, 45, 56]",19,56
1883,2026-01-07T07:06:40.0,2026-01-09T12:44:25.531,"Any[60, 56, 45, 37, 30, 25, 19, 13, 8]",60,8
1907,2026-01-07T07:06:40.0,2026-01-16T12:44:25.531,"Any[1, 6, 11, 19, 23, 36, 44, 54, 60]",1,60
1908,2026-01-07T07:06:40.0,2026-01-23T12:44:25.531,"Any[6, 11, 19, 30, 37, 45, 56]",6,56
1935,2026-01-07T07:06:40.0,2026-01-16T12:44:25.531,"Any[8, 13, 19, 25, 30, 37, 45, 56]",8,56
1946,2026-01-07T07:06:40.0,2026-01-23T12:44:25.531,"Any[53, 45, 37, 30, 25, 19, 13, 8]",53,8
1965,2026-01-07T07:06:40.0,2026-01-16T12:44:25.531,"Any[1, 6, 11, 19, 30, 37, 45, 56]",1,56
1984,2026-01-07T07:06:40.0,2026-01-16T12:44:25.531,"Any[19, 30, 37, 45, 56]",19,56
1989,2026-01-07T07:06:40.0,2026-01-23T12:44:25.531,"Any[60, 56, 45, 37, 30, 25, 19, 13, 8]",60,8
2031,2026-01-07T07:06:40.0,2026-01-30T12:44:25.531,"Any[60, 56, 45, 37, 30, 25]",60,25
2049,2026-01-07T07:06:40.0,2026-01-09T12:44:25.531,"Any[54, 44, 36, 23, 19, 11, 6, 6]",54,6
2081,2026-01-07T07:06:40.0,2026-01-16T12:44:25.531,"Any[60, 53, 45, 37, 30, 25]",60,25
2094,2026-01-07T07:06:40.0,2026-01-30T12:44:25.531,"Any[54, 44, 36, 23, 19, 13, 8, 7]",54,7
2099,2026-01-07T07:06:40.0,2026-01-16T12:44:25.531,"Any[1, 6, 11, 19, 30, 37, 45, 56]",1,56
2188,2026-01-07T07:06:40.0,2026-01-16T12:44:25.531,"Any[10, 19, 25, 30, 37, 45, 53]",10,53
2214,2026-01-07T07:06:40.0,2026-01-09T12:44:25.531,"Any[53, 45, 37, 30, 25, 19, 10]",53,10
2215,2026-01-07T07:06:40.0,2026-01-23T12:44:25.531,"Any[56, 45, 37, 30, 25]",56,25
2228,2026-01-07T07:06:40.0,2026-01-23T12:44:25.531,"Any[8, 13, 19, 25, 30, 37, 45, 53]",8,53
2230,2026-01-07T07:06:40.0,2026-01-16T12:44:25.531,"Any[1, 6, 11, 19, 30, 37, 45, 56]",1,56
2240,2026-01-07T07:06:40.0,2026-01-16T12:44:25.531,"Any[7, 8, 13, 19, 25, 30, 37, 45, 53]",7,53
2247,2026-01-07T07:06:40.0,2026-01-09T12:44:25.531,"Any[56, 45, 37, 30, 25]",56,25
2257,2026-01-07T07:06:40.0,2026-01-30T12:44:25.531,"Any[60, 56, 45, 37, 30, 25, 19, 11, 6]",60,6
2267,2026-01-07T07:06:40.0,2026-01-23T12:44:25.531,"Any[56, 45, 37, 30, 25, 19, 11, 6, 1]",56,1
2292,2026-01-07T07:06:40.0,2026-01-16T12:44:25.531,"Any[60, 56, 45, 37, 30, 25]",60,25
2306,2026-01-07T07:06:40.0,2026-01-23T12:44:25.531,"Any[10, 19, 30, 37, 45, 53]",10,53
2325,2026-01-07T07:06:40.0,2026-01-09T12:44:25.531,"Any[60, 56, 45, 37, 30, 25, 19, 11, 6]",60,6
2326,2026-01-07T07:06:40.0,2026-01-23T12:44:25.531,"Any[7, 8, 13, 19, 25, 30, 37, 45, 53]",7,53
2327,2026-01-07T07:06:40.0,2026-01-09T12:44:25.531,"Any[56, 45, 37, 30, 25]",56,25
2366,2026-01-07T07:06:40.0,2026-01-23T12:44:25.531,"Any[56, 45, 37, 30, 25]",56,25
2382,2026-01-07T07:06:40.0,2026-01-30T12:44:25.531,"Any[53, 45, 37, 30, 25, 19, 10]",53,10
2386,2026-01-07T07:06:40.0,2026-01-16T12:44:25.531,"Any[10, 19, 25, 30, 37, 45, 53, 60]",10,60
2392,2026-01-07T07:06:40.0,2026-01-23T12:44:25.531,"Any[64, 60, 53, 45, 37, 30, 25, 19, 10]",64,10
2400,2026-01-07T07:06:40.0,2026-01-23T12:44:25.531,"Any[64, 53, 45, 37, 30, 25, 19, 10]",64,10
2417,2026-01-07T07:06:40.0,2026-01-23T12:44:25.531,"Any[56, 45, 37, 30, 25, 19, 10]",56,10
2419,2026-01-07T07:06:40.0,2026-01-16T12:44:25.531,"Any[60, 53, 45, 37, 30, 25]",60,25
2430,2026-01-07T07:06:40.0,2026-01-30T12:44:25.531,"Any[53, 45, 37, 30, 25, 19, 10]",53,10
2481,2026-01-07T07:06:40.0,2026-01-23T12:44:25.531,"Any[56, 45, 37, 30, 25, 19, 11, 6]",56,6
2497,2026-01-07T07:06:40.0,2026-01-09T12:44:25.531,"Any[53, 45, 37, 30, 25, 19, 11, 6, 1]",53,1
2539,2026-01-07T07:06:40.0,2026-01-30T12:44:25.531,"Any[19, 25, 30, 37, 45, 53]",19,53
2541,2026-01-07T07:06:40.0,2026-01-09T12:44:25.531,"Any[16, 19, 25, 30, 37, 45, 53]",16,53
2542,2026-01-07T07:06:40.0,2026-01-30T12:44:25.531,"Any[16, 25, 30, 37, 45, 53, 60]",16,60
2550,2026-01-07T07:06:40.0,2026-01-09T12:44:25.531,"Any[10, 19, 25, 30, 37, 45, 53, 60]",10,60
2578,2026-01-07T07:06:40.0,2026-01-09T12:44:25.531,"Any[53, 45, 37, 30, 25, 19, 13, 8]",53,8
2617,2026-01-07T07:06:40.0,2026-01-16T12:44:25.531,"Any[54, 44, 36, 23, 19, 13, 8, 7]",54,7
2652,2026-01-07T07:06:40.0,2026-01-30T12:44:25.531,"Any[6, 11, 19, 25, 30, 37, 45]",6,45
2669,2026-01-07T07:06:40.0,2026-01-16T12:44:25.531,"Any[56, 45, 37, 30, 25, 19, 11, 6, 1]",56,1
2672,2026-01-07T07:06:40.0,2026-01-09T12:44:25.531,"Any[53, 45, 37, 30, 25]",53,25
2682,2026-01-07T07:06:40.0,2026-01-30T12:44:25.531,"Any[53, 45, 37, 30, 25, 19, 11, 6, 3, 1]",53,1
2735,2026-01-07T07:06:40.0,2026-01-30T12:44:25.531,"Any[56, 45, 37, 30, 25, 19, 11, 6]",56,6
2740,2026-01-07T07:06:40.0,2026-01-16T12:44:25.531,"Any[6, 11, 19, 25, 30, 37, 45]",6,45
2756,2026-01-07T07:06:40.0,2026-01-16T12:44:25.531,"Any[53, 45, 37, 30, 25]",53,25
2763,2026-01-07T07:06:40.0,2026-01-09T12:44:25.531,"Any[60, 56, 45, 37, 30, 25, 19]",60,19
2780,2026-01-07T07:06:40.0,2026-01-30T12:44:25.531,"Any[53, 45, 37, 30, 25, 19, 10]",53,10
2795,2026-01-07T07:06:40.0,2026-01-23T12:44:25.531,"Any[1, 6, 10, 19, 23, 36, 44, 54, 60]",1,60
2807,2026-01-07T07:06:40.0,2026-01-23T12:44:25.531,"Any[53, 45, 37, 30, 25, 19, 13, 8]",53,8
2843,2026-01-07T07:06:40.0,2026-01-16T12:44:25.531,"Any[53, 45, 37, 30, 25, 19, 13, 8]",53,8
2851,2026-01-07T07:06:40.0,2026-01-16T12:44:25.531,"Any[6, 11, 25, 30, 37, 45, 53]",6,53
2874,2026-01-07T07:06:40.0,2026-01-23T12:44:25.531,"Any[6, 11, 19, 25, 30, 37, 45, 56]",6,56
2887,2026-01-07T07:06:40.0,2026-01-09T12:44:25.531,"Any[64, 60, 53, 45, 37, 30, 25, 19, 13, 8]",64,8
2948,2026-01-07T07:06:40.0,2026-01-09T12:44:25.531,"Any[56, 45, 37, 30, 25, 19, 11, 6]",56,6
2959,2026-01-07T07:06:40.0,2026-01-16T12:44:25.531,"Any[56, 45, 37, 30, 25, 19, 11, 6]",56,6
3001,2026-01-07T07:06:40.0,2026-01-09T12:44:25.531,"Any[56, 45, 37, 30, 25, 19, 10]",56,10
3038,2026-01-07T07:06:40.0,2026-01-30T12:44:25.531,"Any[8, 13, 25, 30, 37, 45, 56]",8,56
3069,2026-01-07T07:06:40.0,2026-01-16T12:44:25.531,"Any[8, 13, 25, 30, 37, 45, 56]",8,56
3095,2026-01-07T07:06:40.0,2026-01-16T12:44:25.531,"Any[1, 6, 11, 19, 23, 36, 44, 54, 60]",1,60
3119,2026-01-07T07:06:40.0,2026-01-09T12:44:25.531,"Any[6, 11, 25, 30, 37, 45, 53]",6,53
3122,2026-01-07T07:06:40.0,2026-01-16T12:44:25.531,"Any[6, 11, 25, 30, 37, 45, 53]",6,53
3124,2026-01-07T07:06:40.0,2026-01-30T12:44:25.531,"Any[6, 11, 25, 30, 37, 45, 53]",6,53
3147,2026-01-07T07:06:40.0,2026-01-16T12:44:25.531,"Any[10, 25, 30, 37, 45, 53, 60]",10,60
3152,2026-01-07T07:06:40.0,2026-01-30T12:44:25.531,"Any[10, 25, 30, 37, 45, 53, 60]",10,60
3153,2026-01-07T07:06:40.0,2026-01-09T12:44:25.531,"Any[10, 19, 25, 30, 37, 45, 53, 60]",10,60
3193,2026-01-07T07:06:40.0,2026-01-16T12:44:25.531,"Any[10, 19, 25, 30, 37, 45]",10,45
6,2026-01-10T13:20:00.0,2026-02-02T18:57:45.531,"Any[7, 8, 13, 19, 25, 30, 37, 45, 53]",7,53
12,2026-01-10T13:20:00.0,2026-01-26T18:57:45.531,"Any[60, 56, 45, 37, 30, 25, 19, 14]",60,14
16,2026-01-10T13:20:00.0,2026-02-02T18:57:45.531,"Any[19, 25, 30, 37, 45, 56]",19,56
19,2026-01-10T13:20:00.0,2026-01-12T18:57:45.531,"Any[8, 13, 19, 25, 30, 37, 45, 56]",8,56
21,2026-01-10T13:20:00.0,2026-01-19T18:57:45.531,"Any[6, 11, 19, 25, 30, 37, 45]",6,45
23,2026-01-10T13:20:00.0,2026-01-26T18:57:45.531,"Any[1, 6, 11, 19, 25, 30, 37, 45, 53]",1,53
24,2026-01-10T13:20:00.0,2026-01-12T18:57:45.531,"Any[64, 60, 53, 45, 37, 30, 25, 19, 10]",64,10
27,2026-01-10T13:20:00.0,2026-02-02T18:57:45.531,"Any[8, 13, 19, 25, 30, 37, 45, 53]",8,53
28,2026-01-10T13:20:00.0,2026-01-12T18:57:45.531,"Any[53, 45, 37, 30, 25, 19, 13, 8]",53,8
29,2026-01-10T13:20:00.0,2026-01-26T18:57:45.531,"Any[53, 45, 37, 30, 25, 19, 11, 6, 1]",53,1
35,2026-01-10T13:20:00.0,2026-01-19T18:57:45.531,"Any[64, 60, 53, 45, 37, 30, 25]",64,25
44,2026-01-10T13:20:00.0,2026-01-19T18:57:45.531,"Any[64, 60, 53, 45, 37, 30, 25, 19, 10]",64,10
48,2026-01-10T13:20:00.0,2026-01-19T18:57:45.531,"Any[53, 45, 37, 30, 25, 19, 13, 8]",53,8
58,2026-01-10T13:20:00.0,2026-01-19T18:57:45.531,"Any[53, 45, 37, 30, 25, 19, 11, 6, 1]",53,1
59,2026-01-10T13:20:00.0,2026-01-26T18:57:45.531,"Any[56, 45, 37, 30, 25, 19]",56,19
61,2026-01-10T13:20:00.0,2026-02-02T18:57:45.531,"Any[53, 45, 37, 30, 25, 19, 11, 6, 1]",53,1
67,2026-01-10T13:20:00.0,2026-01-19T18:57:45.531,"Any[53, 45, 37, 30, 25, 19, 10]",53,10
69,2026-01-10T13:20:00.0,2026-01-19T18:57:45.531,"Any[19, 25, 30, 37, 45, 56]",19,56
77,2026-01-10T13:20:00.0,2026-01-12T18:57:45.531,"Any[64, 60, 53, 45, 37, 30, 25, 19, 13, 8]",64,8
78,2026-01-10T13:20:00.0,2026-02-02T18:57:45.531,"Any[53, 45, 37, 30, 25, 19, 10]",53,10
80,2026-01-10T13:20:00.0,2026-02-02T18:57:45.531,"Any[56, 45, 37, 30, 25, 19, 11, 6]",56,6
90,2026-01-10T13:20:00.0,2026-02-02T18:57:45.531,"Any[60, 56, 45, 37, 30, 25, 19, 11, 6]",60,6
93,2026-01-10T13:20:00.0,2026-01-12T18:57:45.531,"Any[53, 45, 37, 30, 25, 19, 10]",53,10
95,2026-01-10T13:20:00.0,2026-02-02T18:57:45.531,"Any[19, 25, 30, 37, 45]",19,45
109,2026-01-10T13:20:00.0,2026-01-26T18:57:45.531,"Any[13, 19, 25, 30, 37, 45, 56]",13,56
112,2026-01-10T13:20:00.0,2026-01-26T18:57:45.531,"Any[60, 53, 45, 37, 30, 25]",60,25
113,2026-01-10T13:20:00.0,2026-01-26T18:57:45.531,"Any[3, 10, 19, 25, 30, 37, 45, 53]",3,53
123,2026-01-10T13:20:00.0,2026-02-02T18:57:45.531,"Any[56, 45, 37, 30, 25, 19]",56,19
124,2026-01-10T13:20:00.0,2026-01-26T18:57:45.531,"Any[8, 13, 19, 25, 30, 37, 45, 56]",8,56
126,2026-01-10T13:20:00.0,2026-02-02T18:57:45.531,"Any[6, 11, 19, 25, 30, 37, 45, 53]",6,53
129,2026-01-10T13:20:00.0,2026-02-02T18:57:45.531,"Any[60, 56, 45, 37, 30, 25, 19, 11, 6]",60,6
130,2026-01-10T13:20:00.0,2026-01-19T18:57:45.531,"Any[6, 11, 19, 25, 30, 37, 45]",6,45
137,2026-01-10T13:20:00.0,2026-01-19T18:57:45.531,"Any[64, 60, 53, 45, 37, 30, 25, 19, 11, 6, 1]",64,1
139,2026-01-10T13:20:00.0,2026-01-12T18:57:45.531,"Any[8, 13, 19, 25, 30, 37, 45, 56]",8,56
141,2026-01-10T13:20:00.0,2026-02-02T18:57:45.531,"Any[19, 25, 30, 37, 30, 37, 45, 53, 60, 64]",19,64
144,2026-01-10T13:20:00.0,2026-01-26T18:57:45.531,"Any[7, 8, 13, 19, 25, 30, 37, 45, 53]",7,53
149,2026-01-10T13:20:00.0,2026-01-26T18:57:45.531,"Any[10, 19, 25, 30, 37, 45, 53, 60]",10,60
152,2026-01-10T13:20:00.0,2026-02-02T18:57:45.531,"Any[10, 19, 25, 30, 37, 45, 53]",10,53
153,2026-01-10T13:20:00.0,2026-02-02T18:57:45.531,"Any[56, 45, 37, 30, 25, 19, 11, 6, 1]",56,1
157,2026-01-10T13:20:00.0,2026-02-02T18:57:45.531,"Any[8, 13, 19, 25, 30, 37, 45, 56]",8,56
161,2026-01-10T13:20:00.0,2026-01-12T18:57:45.531,"Any[53, 45, 37, 30, 25]",53,25
167,2026-01-10T13:20:00.0,2026-01-19T18:57:45.531,"Any[64, 60, 53, 45, 37, 30, 25, 19, 11, 6, 1]",64,1
173,2026-01-10T13:20:00.0,2026-01-26T18:57:45.531,"Any[25, 30, 37, 45, 53, 60]",25,60
176,2026-01-10T13:20:00.0,2026-02-02T18:57:45.531,"Any[14, 19, 25, 30, 37, 45, 53]",14,53
180,2026-01-10T13:20:00.0,2026-01-12T18:57:45.531,"Any[53, 45, 37, 30, 25, 19, 11, 6, 1]",53,1
183,2026-01-10T13:20:00.0,2026-01-19T18:57:45.531,"Any[1, 6, 11, 19, 25, 30, 37, 45, 53]",1,53
190,2026-01-10T13:20:00.0,2026-02-02T18:57:45.531,"Any[6, 11, 16, 25, 30, 37, 45, 53]",6,53
191,2026-01-10T13:20:00.0,2026-01-12T18:57:45.531,"Any[53, 45, 37, 30, 25, 19, 11, 6, 1]",53,1
192,2026-01-10T13:20:00.0,2026-01-12T18:57:45.531,"Any[64, 60, 53, 45, 37, 30, 25, 19, 13, 8]",64,8
195,2026-01-10T13:20:00.0,2026-01-12T18:57:45.531,"Any[19, 25, 30, 37, 45, 56]",19,56
203,2026-01-10T13:20:00.0,2026-02-02T18:57:45.531,"Any[60, 56, 45, 37, 30, 25, 19, 17, 19, 11, 6, 6, 1]",60,6
210,2026-01-10T13:20:00.0,2026-01-19T18:57:45.531,"Any[7, 8, 13, 19, 25, 30, 37, 45, 53]",7,53
211,2026-01-10T13:20:00.0,2026-02-02T18:57:45.531,"Any[64, 60, 53, 45, 37, 30, 25, 19, 11, 6, 1]",64,1
212,2026-01-10T13:20:00.0,2026-01-12T18:57:45.531,"Any[53, 45, 37, 30, 25]",53,25
223,2026-01-10T13:20:00.0,2026-02-02T18:57:45.531,"Any[1, 6, 11, 19, 25, 30, 37, 45, 56]",1,56
226,2026-01-10T13:20:00.0,2026-01-26T18:57:45.531,"Any[53, 45, 37, 30, 25, 19, 10]",53,10
228,2026-01-10T13:20:00.0,2026-01-12T18:57:45.531,"Any[6, 11, 19, 25, 30, 37, 45, 53]",6,53
230,2026-01-10T13:20:00.0,2026-01-12T18:57:45.531,"Any[17, 16, 17, 25, 30, 37, 45, 53, 60]",17,60
239,2026-01-10T13:20:00.0,2026-01-26T18:57:45.531,"Any[53, 45, 37, 30, 25, 19, 11, 6, 1]",53,1
242,2026-01-10T13:20:00.0,2026-01-26T18:57:45.531,"Any[62, 56, 45, 37, 30, 25, 19]",62,19
248,2026-01-10T13:20:00.0,2026-01-26T18:57:45.531,"Any[60, 56, 45, 37, 30, 25, 19, 11, 6]",60,6
250,2026-01-10T13:20:00.0,2026-01-19T18:57:45.531,"Any[53, 45, 37, 30, 25, 19, 11, 6, 1]",53,1
266,2026-01-10T13:20:00.0,2026-01-19T18:57:45.531,"Any[60, 56, 45, 37, 30, 25]",60,25
275,2026-01-10T13:20:00.0,2026-01-12T18:57:45.531,"Any[7, 8, 13, 19, 25, 30, 37, 45, 53]",7,53
278,2026-01-10T13:20:00.0,2026-01-26T18:57:45.531,"Any[5, 6, 11, 19, 25, 30, 37, 45, 56]",5,56
282,2026-01-10T13:20:00.0,2026-01-19T18:57:45.531,"Any[64, 60, 53, 45, 37, 30, 25, 19, 11, 6, 1]",64,1
283,2026-01-10T13:20:00.0,2026-02-02T18:57:45.531,"Any[53, 45, 37, 30, 25, 19, 11, 6, 1]",53,1
292,2026-01-10T13:20:00.0,2026-01-19T18:57:45.531,"Any[60, 56, 45, 37, 30, 25, 19, 11, 6]",60,6
293,2026-01-10T13:20:00.0,2026-01-26T18:57:45.531,"Any[64, 60, 53, 45, 37, 30, 25]",64,25
295,2026-01-10T13:20:00.0,2026-01-26T18:57:45.531,"Any[19, 25, 30, 37, 45, 56]",19,56
297,2026-01-10T13:20:00.0,2026-02-02T18:57:45.531,"Any[7, 8, 13, 19, 25, 30, 37, 45, 53]",7,53
305,2026-01-10T13:20:00.0,2026-01-19T18:57:45.531,"Any[64, 60, 53, 45, 37, 30, 25, 19, 10]",64,10
309,2026-01-10T13:20:00.0,2026-01-26T18:57:45.531,"Any[3, 10, 19, 25, 30, 37, 45, 53, 60]",3,60
313,2026-01-10T13:20:00.0,2026-01-12T18:57:45.531,"Any[10, 11, 19, 25, 30, 37, 45, 53]",10,53
321,2026-01-10T13:20:00.0,2026-02-02T18:57:45.531,"Any[8, 13, 19, 25, 30, 37, 45, 56]",8,56
328,2026-01-10T13:20:00.0,2026-02-02T18:57:45.531,"Any[3, 10, 19, 25, 30, 37, 45, 53]",3,53
338,2026-01-10T13:20:00.0,2026-02-02T18:57:45.531,"Any[20, 19, 25, 30, 37, 45, 53]",20,53
340,2026-01-10T13:20:00.0,2026-01-26T18:57:45.531,"Any[60, 56, 45, 37, 30, 25, 19, 11, 10, 3]",60,3
342,2026-01-10T13:20:00.0,2026-01-19T18:57:45.531,"Any[1, 6, 11, 19, 25, 30, 37, 45, 56]",1,56
351,2026-01-10T13:20:00.0,2026-01-26T18:57:45.531,"Any[53, 45, 37, 30, 25, 19, 10]",53,10
353,2026-01-10T13:20:00.0,2026-01-26T18:57:45.531,"Any[53, 45, 37, 30, 25]",53,25
356,2026-01-10T13:20:00.0,2026-01-26T18:57:45.531,"Any[53, 45, 37, 30, 25]",53,25
357,2026-01-10T13:20:00.0,2026-01-12T18:57:45.531,"Any[6, 11, 19, 25, 30, 37, 45, 53]",6,53
361,2026-01-10T13:20:00.0,2026-01-26T18:57:45.531,"Any[60, 53, 45, 37, 30, 25]",60,25
363,2026-01-10T13:20:00.0,2026-01-26T18:57:45.531,"Any[8, 13, 19, 25, 30, 37, 45, 56]",8,56
365,2026-01-10T13:20:00.0,2026-01-26T18:57:45.531,"Any[53, 45, 37, 30, 25, 19, 13, 8]",53,8
366,2026-01-10T13:20:00.0,2026-01-26T18:57:45.531,"Any[7, 8, 13, 19, 25, 30, 37, 45, 53]",7,53
375,2026-01-10T13:20:00.0,2026-01-19T18:57:45.531,"Any[17, 25, 30, 37, 45, 53]",17,53
379,2026-01-10T13:20:00.0,2026-01-19T18:57:45.531,"Any[53, 45, 37, 30, 25, 19, 10]",53,10
394,2026-01-10T13:20:00.0,2026-02-02T18:57:45.531,"Any[53, 45, 37, 30, 25, 19, 11, 6, 1]",53,1
395,2026-01-10T13:20:00.0,2026-01-26T18:57:45.531,"Any[56, 45, 37, 30, 25]",56,25
396,2026-01-10T13:20:00.0,2026-01-12T18:57:45.531,"Any[53, 45, 37, 30, 25]",53,25
400,2026-01-10T13:20:00.0,2026-01-26T18:57:45.531,"Any[60, 53, 45, 37, 30, 25]",60,25
401,2026-01-10T13:20:00.0,2026-02-02T18:57:45.531,"Any[53, 45, 37, 30, 25, 19, 10]",53,10
405,2026-01-10T13:20:00.0,2026-01-19T18:57:45.531,"Any[60, 53, 45, 37, 30, 25]",60,25
411,2026-01-10T13:20:00.0,2026-01-19T18:57:45.531,"Any[8, 13, 19, 25, 30, 37, 45, 56]",8,56
412,2026-01-10T13:20:00.0,2026-01-12T18:57:45.531,"Any[56, 45, 37, 30, 25, 19, 11, 6, 6, 1]",56,6
418,2026-01-10T13:20:00.0,2026-01-12T18:57:45.531,"Any[53, 45, 37, 30, 25]",53,25
425,2026-01-10T13:20:00.0,2026-02-02T18:57:45.531,"Any[53, 45, 37, 30, 25, 19, 11, 6, 1]",53,1
426,2026-01-10T13:20:00.0,2026-01-26T18:57:45.531,"Any[25, 30, 37, 45, 53]",25,53
428,2026-01-10T13:20:00.0,2026-02-02T18:57:45.531,"Any[3, 10, 19, 25, 30, 37, 45, 53]",3,53
429,2026-01-10T13:20:00.0,2026-01-26T18:57:45.531,"Any[8, 13, 19, 25, 30, 37, 45, 56]",8,56
432,2026-01-10T13:20:00.0,2026-02-02T18:57:45.531,"Any[10, 19, 25, 30, 37, 45, 53, 60]",10,60
433,2026-01-10T13:20:00.0,2026-01-12T18:57:45.531,"Any[19, 25, 30, 37, 45, 56]",19,56
435,2026-01-10T13:20:00.0,2026-01-19T18:57:45.531,"Any[64, 60, 53, 45, 37, 30, 25, 19, 11, 6, 1]",64,1
438,2026-01-10T13:20:00.0,2026-02-02T18:57:45.531,"Any[56, 45, 37, 30, 25]",56,25
443,2026-01-10T13:20:00.0,2026-01-19T18:57:45.531,"Any[53, 45, 37, 30, 25, 19, 10]",53,10
445,2026-01-10T13:20:00.0,2026-01-26T18:57:45.531,"Any[64, 60, 56, 45, 37, 30, 25, 19, 11, 10]",64,10
446,2026-01-10T13:20:00.0,2026-01-12T18:57:45.531,"Any[53, 45, 37, 30, 25, 19, 11, 6, 1]",53,1
449,2026-01-10T13:20:00.0,2026-01-26T18:57:45.531,"Any[53, 45, 37, 30, 25, 19, 11, 6, 1]",53,1
451,2026-01-10T13:20:00.0,2026-01-19T18:57:45.531,"Any[7, 8, 13, 19, 25, 30, 37, 45, 53]",7,53
455,2026-01-10T13:20:00.0,2026-01-26T18:57:45.531,"Any[60, 56, 45, 37, 30, 25, 19, 11, 6]",60,6
457,2026-01-10T13:20:00.0,2026-01-19T18:57:45.531,"Any[53, 45, 37, 30, 25, 19, 10]",53,10
458,2026-01-10T13:20:00.0,2026-01-19T18:57:45.531,"Any[6, 11, 19, 25, 30, 37, 45]",6,45
466,2026-01-10T13:20:00.0,2026-02-02T18:57:45.531,"Any[56, 45, 37, 30, 25]",56,25
478,2026-01-10T13:20:00.0,2026-01-26T18:57:45.531,"Any[56, 45, 37, 30, 25, 19, 11, 6]",56,6
481,2026-01-10T13:20:00.0,2026-01-12T18:57:45.531,"Any[53, 45, 37, 30, 25, 19, 11, 6, 1]",53,1
491,2026-01-10T13:20:00.0,2026-01-19T18:57:45.531,"Any[64, 60, 53, 45, 37, 30, 25, 19, 13, 8]",64,8
492,2026-01-10T13:20:00.0,2026-02-02T18:57:45.531,"Any[64, 60, 53, 45, 37, 30, 25]",64,25
493,2026-01-10T13:20:00.0,2026-01-26T18:57:45.531,"Any[53, 45, 37, 30, 25, 19, 13, 8]",53,8
494,2026-01-10T13:20:00.0,2026-01-26T18:57:45.531,"Any[56, 45, 37, 30, 25]",56,25
506,2026-01-10T13:20:00.0,2026-01-12T18:57:45.531,"Any[56, 45, 37, 30, 25, 19, 11, 6, 1]",56,1
510,2026-01-10T13:20:00.0,2026-01-19T18:57:45.531,"Any[56, 45, 37, 30, 25, 19, 11, 6, 1]",56,1
520,2026-01-10T13:20:00.0,2026-02-02T18:57:45.531,"Any[53, 45, 37, 30, 25, 19, 13, 8]",53,8
523,2026-01-10T13:20:00.0,2026-01-26T18:57:45.531,"Any[7, 8, 13, 19, 25, 30, 37, 45, 53]",7,53
524,2026-01-10T13:20:00.0,2026-01-26T18:57:45.531,"Any[10, 19, 25, 30, 37, 45, 53, 60]",10,60
537,2026-01-10T13:20:00.0,2026-02-02T18:57:45.531,"Any[53, 45, 37, 30, 25, 19, 10]",53,10
542,2026-01-10T13:20:00.0,2026-01-12T18:57:45.531,"Any[1, 6, 11, 19, 23, 36, 44, 54, 60]",1,60
547,2026-01-10T13:20:00.0,2026-01-19T18:57:45.531,"Any[16, 19, 25, 30, 37, 45, 53]",16,53
549,2026-01-10T13:20:00.0,2026-01-19T18:57:45.531,"Any[1, 6, 11, 16, 25, 30, 37, 45, 56, 60]",1,60
550,2026-01-10T13:20:00.0,2026-01-12T18:57:45.531,"Any[53, 45, 37, 30, 25, 19, 13, 8]",53,8
551,2026-01-10T13:20:00.0,2026-01-26T18:57:45.531,"Any[64, 60, 53, 45, 37, 30, 25, 19, 10]",64,10
570,2026-01-10T13:20:00.0,2026-01-19T18:57:45.531,"Any[64, 60, 53, 45, 37, 30, 25, 19, 11, 6, 1]",64,1
573,2026-01-10T13:20:00.0,2026-02-02T18:57:45.531,"Any[53, 45, 37, 30, 25, 19, 11, 6, 1]",53,1
578,2026-01-10T13:20:00.0,2026-01-26T18:57:45.531,"Any[53, 45, 37, 30, 25]",53,25
579,2026-01-10T13:20:00.0,2026-01-12T18:57:45.531,"Any[8, 13, 19, 25, 30, 37, 45, 56]",8,56
589,2026-01-10T13:20:00.0,2026-01-19T18:57:45.531,"Any[19, 25, 30, 37, 45, 53]",19,53
591,2026-01-10T13:20:00.0,2026-01-12T18:57:45.531,"Any[6, 11, 19, 25, 30, 37, 45]",6,45
598,2026-01-10T13:20:00.0,2026-02-02T18:57:45.531,"Any[53, 45, 37, 30, 25]",53,25
599,2026-01-10T13:20:00.0,2026-01-12T18:57:45.531,"Any[1, 6, 11, 19, 25, 30, 37, 45, 56]",1,56
611,2026-01-10T13:20:00.0,2026-01-19T18:57:45.531,"Any[13, 19, 25, 30, 37, 45, 53]",13,53
614,2026-01-10T13:20:00.0,2026-01-19T18:57:45.531,"Any[53, 45, 37, 30, 25]",53,25
615,2026-01-10T13:20:00.0,2026-01-12T18:57:45.531,"Any[60, 53, 45, 37, 30, 25]",60,25
617,2026-01-10T13:20:00.0,2026-01-12T18:57:45.531,"Any[56, 45, 37, 30, 25, 19, 13, 8]",56,8
618,2026-01-10T13:20:00.0,2026-01-26T18:57:45.531,"Any[6, 11, 19, 25, 30, 37, 45]",6,45
625,2026-01-10T13:20:00.0,2026-01-19T18:57:45.531,"Any[53, 45, 37, 30, 25, 19, 10]",53,10
633,2026-01-10T13:20:00.0,2026-02-02T18:57:45.531,"Any[19, 25, 30, 37, 30, 37, 45, 53]",19,53
639,2026-01-10T13:20:00.0,2026-01-12T18:57:45.531,"Any[6, 11, 19, 25, 30, 37, 45]",6,45
641,2026-01-10T13:20:00.0,2026-01-26T18:57:45.531,"Any[56, 45, 37, 30, 25]",56,25
645,2026-01-10T13:20:00.0,2026-01-12T18:57:45.531,"Any[64, 53, 45, 37, 30, 25, 19, 13, 8]",64,8
646,2026-01-10T13:20:00.0,2026-01-26T18:57:45.531,"Any[53, 45, 37, 30, 25, 19, 10]",53,10
653,2026-01-10T13:20:00.0,2026-02-02T18:57:45.531,"Any[64, 53, 45, 37, 30, 25, 19, 13, 8]",64,8
657,2026-01-10T13:20:00.0,2026-02-02T18:57:45.531,"Any[56, 45, 37, 30, 25, 19, 13, 8]",56,8
658,2026-01-10T13:20:00.0,2026-02-02T18:57:45.531,"Any[3, 10, 11, 19, 25, 30, 37, 45]",3,45
662,2026-01-10T13:20:00.0,2026-02-02T18:57:45.531,"Any[19, 25, 30, 37, 45, 56, 55, 56]",19,56
664,2026-01-10T13:20:00.0,2026-02-02T18:57:45.531,"Any[6, 11, 19, 25, 30, 37, 45]",6,45
665,2026-01-10T13:20:00.0,2026-02-02T18:57:45.531,"Any[54, 44, 36, 23, 19, 13, 8]",54,8
668,2026-01-10T13:20:00.0,2026-01-12T18:57:45.531,"Any[17, 16, 25, 30, 37, 45, 53]",17,53
670,2026-01-10T13:20:00.0,2026-01-12T18:57:45.531,"Any[56, 45, 37, 30, 25, 19, 14]",56,14
676,2026-01-10T13:20:00.0,2026-01-26T18:57:45.531,"Any[1, 6, 11, 19, 25, 30, 37, 45, 56, 60]",1,60
679,2026-01-10T13:20:00.0,2026-01-19T18:57:45.531,"Any[53, 45, 37, 30, 25, 19, 10]",53,10
682,2026-01-10T13:20:00.0,2026-01-26T18:57:45.531,"Any[53, 45, 37, 30, 25, 19, 10]",53,10
687,2026-01-10T13:20:00.0,2026-01-26T18:57:45.531,"Any[53, 45, 37, 30, 25, 19, 11, 6, 1]",53,1
693,2026-01-10T13:20:00.0,2026-01-19T18:57:45.531,"Any[53, 45, 37, 30, 25, 19, 10]",53,10
699,2026-01-10T13:20:00.0,2026-01-19T18:57:45.531,"Any[13, 19, 25, 30, 37, 45, 56]",13,56
700,2026-01-10T13:20:00.0,2026-01-26T18:57:45.531,"Any[64, 53, 45, 37, 30, 25, 19, 10]",64,10
713,2026-01-10T13:20:00.0,2026-01-26T18:57:45.531,"Any[6, 11, 19, 25, 30, 37, 45]",6,45
722,2026-01-10T13:20:00.0,2026-02-02T18:57:45.531,"Any[19, 25, 30, 37, 45, 56]",19,56
723,2026-01-10T13:20:00.0,2026-01-26T18:57:45.531,"Any[54, 44, 36, 23, 19, 11, 6]",54,6
728,2026-01-10T13:20:00.0,2026-01-26T18:57:45.531,"Any[19, 25, 30, 37, 45]",19,45
735,2026-01-10T13:20:00.0,2026-01-26T18:57:45.531,"Any[53, 45, 37, 30, 25, 19, 11, 6, 1]",53,1
737,2026-01-10T13:20:00.0,2026-01-12T18:57:45.531,"Any[64, 60, 53, 45, 37, 30, 25]",64,25
739,2026-01-10T13:20:00.0,2026-01-12T18:57:45.531,"Any[16, 25, 30, 37, 45, 53, 60]",16,60
746,2026-01-10T13:20:00.0,2026-02-02T18:57:45.531,"Any[45, 37, 30, 25]",45,25
749,2026-01-10T13:20:00.0,2026-01-12T18:57:45.531,"Any[53, 45, 37, 30, 25, 19, 10]",53,10
754,2026-01-10T13:20:00.0,2026-01-19T18:57:45.531,"Any[10, 19, 25, 30, 37, 45, 53, 60]",10,60
755,2026-01-10T13:20:00.0,2026-01-12T18:57:45.531,"Any[6, 10, 19, 25, 30, 37, 45]",6,45
757,2026-01-10T13:20:00.0,2026-01-26T18:57:45.531,"Any[64, 60, 53, 45, 37, 30, 25, 19, 13, 8]",64,8
761,2026-01-10T13:20:00.0,2026-01-12T18:57:45.531,"Any[60, 56, 45, 37, 30, 25, 19, 13, 8]",60,8
765,2026-01-10T13:20:00.0,2026-01-26T18:57:45.531,"Any[10, 19, 25, 30, 37, 45, 53, 60]",10,60
771,2026-01-10T13:20:00.0,2026-01-12T18:57:45.531,"Any[64, 60, 53, 45, 37, 30, 25, 19, 11, 6, 1]",64,1
780,2026-01-10T13:20:00.0,2026-02-02T18:57:45.531,"Any[54, 44, 36, 23, 19, 13, 8]",54,8
781,2026-01-10T13:20:00.0,2026-02-02T18:57:45.531,"Any[3, 6, 11, 19, 25, 30, 37, 45, 56]",3,56
783,2026-01-10T13:20:00.0,2026-01-19T18:57:45.531,"Any[19, 25, 30, 37, 45, 56]",19,56
785,2026-01-10T13:20:00.0,2026-01-26T18:57:45.531,"Any[62, 53, 45, 37, 30, 25, 19, 13, 8]",62,8
788,2026-01-10T13:20:00.0,2026-02-02T18:57:45.531,"Any[8, 13, 19, 25, 30, 37, 45, 56]",8,56
815,2026-01-10T13:20:00.0,2026-02-02T18:57:45.531,"Any[64, 60, 53, 45, 37, 30, 25, 19, 10]",64,10
816,2026-01-10T13:20:00.0,2026-01-19T18:57:45.531,"Any[19, 25, 30, 37, 45, 53]",19,53
817,2026-01-10T13:20:00.0,2026-02-02T18:57:45.531,"Any[64, 60, 53, 45, 37, 30, 25, 19, 10]",64,10
818,2026-01-10T13:20:00.0,2026-01-19T18:57:45.531,"Any[19, 25, 30, 37, 45, 56]",19,56
834,2026-01-10T13:20:00.0,2026-01-12T18:57:45.531,"Any[53, 45, 37, 30, 25, 19, 10]",53,10
841,2026-01-10T13:20:00.0,2026-01-19T18:57:45.531,"Any[53, 45, 37, 30, 25, 19, 13, 8]",53,8
851,2026-01-10T13:20:00.0,2026-01-12T18:57:45.531,"Any[60, 56, 45, 37, 30, 25, 19]",60,19
864,2026-01-10T13:20:00.0,2026-01-12T18:57:45.531,"Any[8, 13, 19, 25, 30, 37, 45, 56]",8,56
870,2026-01-10T13:20:00.0,2026-01-12T18:57:45.531,"Any[6, 11, 19, 25, 30, 37, 45]",6,45
878,2026-01-10T13:20:00.0,2026-01-26T18:57:45.531,"Any[7, 8, 13, 19, 25, 30, 37, 45, 56]",7,56
881,2026-01-10T13:20:00.0,2026-02-02T18:57:45.531,"Any[60, 56, 45, 37, 30, 25, 19, 11, 6]",60,6
891,2026-01-10T13:20:00.0,2026-02-02T18:57:45.531,"Any[1, 6, 11, 19, 25, 30, 37, 45, 56]",1,56
894,2026-01-10T13:20:00.0,2026-01-19T18:57:45.531,"Any[53, 45, 37, 30, 25]",53,25
897,2026-01-10T13:20:00.0,2026-02-02T18:57:45.531,"Any[6, 11, 19, 25, 30, 37, 45]",6,45
918,2026-01-10T13:20:00.0,2026-02-02T18:57:45.531,"Any[10, 19, 25, 30, 37, 45, 53]",10,53
921,2026-01-10T13:20:00.0,2026-01-19T18:57:45.531,"Any[45, 37, 30, 25]",45,25
935,2026-01-10T13:20:00.0,2026-02-02T18:57:45.531,"Any[60, 53, 45, 37, 30, 25, 19, 13, 8]",60,8
937,2026-01-10T13:20:00.0,2026-01-19T18:57:45.531,"Any[45, 37, 30, 25]",45,25
946,2026-01-10T13:20:00.0,2026-02-02T18:57:45.531,"Any[6, 11, 19, 25, 30, 37, 45]",6,45
967,2026-01-10T13:20:00.0,2026-01-12T18:57:45.531,"Any[5, 6, 10, 19, 25, 30, 37, 45, 56]",5,56
970,2026-01-10T13:20:00.0,2026-02-02T18:57:45.531,"Any[1, 6, 11, 19, 25, 30, 37, 45, 53]",1,53
974,2026-01-10T13:20:00.0,2026-01-19T18:57:45.531,"Any[53, 45, 37, 30, 25, 19, 13, 8]",53,8
978,2026-01-10T13:20:00.0,2026-02-02T18:57:45.531,"Any[53, 45, 37, 30, 25, 19, 10]",53,10
979,2026-01-10T13:20:00.0,2026-01-26T18:57:45.531,"Any[56, 45, 37, 30, 25, 19, 11, 6]",56,6
980,2026-01-10T13:20:00.0,2026-02-02T18:57:45.531,"Any[10, 19, 25, 30, 37, 45, 53]",10,53
995,2026-01-10T13:20:00.0,2026-01-26T18:57:45.531,"Any[19, 25, 30, 37, 45]",19,45
1002,2026-01-10T13:20:00.0,2026-01-12T18:57:45.531,"Any[64, 56, 45, 37, 30, 25, 19, 11, 6]",64,6
1003,2026-01-10T13:20:00.0,2026-01-12T18:57:45.531,"Any[53, 45, 37, 30, 25, 19, 11, 6, 1]",53,1
1005,2026-01-10T13:20:00.0,2026-01-12T18:57:45.531,"Any[7, 8, 13, 19, 25, 30, 37, 45, 53, 60]",7,60
1006,2026-01-10T13:20:00.0,2026-01-19T18:57:45.531,"Any[8, 13, 19, 25, 30, 37, 45, 53]",8,53
1008,2026-01-10T13:20:00.0,2026-01-19T18:57:45.531,"Any[8, 13, 19, 25, 30, 37, 45, 56]",8,56
1009,2026-01-10T13:20:00.0,2026-02-02T18:57:45.531,"Any[6, 11, 19, 25, 30, 37, 45]",6,45
1013,2026-01-10T13:20:00.0,2026-01-26T18:57:45.531,"Any[8, 13, 19, 25, 30, 37, 45, 56]",8,56
1017,2026-01-10T13:20:00.0,2026-01-12T18:57:45.531,"Any[7, 8, 13, 19, 25, 30, 37, 45, 53]",7,53
1027,2026-01-10T13:20:00.0,2026-01-26T18:57:45.531,"Any[8, 13, 25, 30, 37, 45]",8,45
1033,2026-01-10T13:20:00.0,2026-01-19T18:57:45.531,"Any[64, 60, 56, 45, 37, 30, 25, 19, 11, 6]",64,6
1041,2026-01-10T13:20:00.0,2026-01-26T18:57:45.531,"Any[8, 13, 19, 25, 30, 37, 45, 53]",8,53
1049,2026-01-10T13:20:00.0,2026-02-02T18:57:45.531,"Any[8, 13, 19, 25, 30, 37, 45, 53]",8,53
1067,2026-01-10T13:20:00.0,2026-01-19T18:57:45.531,"Any[53, 45, 37, 30, 25]",53,25
1069,2026-01-10T13:20:00.0,2026-02-02T18:57:45.531,"Any[62, 45, 37, 30, 25, 19]",62,19
1079,2026-01-10T13:20:00.0,2026-01-12T18:57:45.531,"Any[19, 25, 30, 37, 45, 53]",19,53
1085,2026-01-10T13:20:00.0,2026-02-02T18:57:45.531,"Any[1, 6, 11, 19, 25, 30, 37, 45, 53, 60]",1,60
1086,2026-01-10T13:20:00.0,2026-02-02T18:57:45.531,"Any[56, 45, 37, 30, 25, 19, 13, 8]",56,8
1093,2026-01-10T13:20:00.0,2026-01-19T18:57:45.531,"Any[8, 13, 19, 25, 30, 37, 45, 56]",8,56
1106,2026-01-10T13:20:00.0,2026-01-12T18:57:45.531,"Any[53, 45, 37, 30, 25, 19, 10]",53,10
1122,2026-01-10T13:20:00.0,2026-02-02T18:57:45.531,"Any[8, 13, 19, 25, 30, 37, 45, 56]",8,56
1124,2026-01-10T13:20:00.0,2026-02-02T18:57:45.531,"Any[10, 19, 25, 30, 37, 45, 53, 60]",10,60
1129,2026-01-10T13:20:00.0,2026-01-26T18:57:45.531,"Any[53, 45, 37, 30, 25, 19, 11, 6, 1]",53,1
1130,2026-01-10T13:20:00.0,2026-01-19T18:57:45.531,"Any[56, 45, 37, 30, 25, 19, 11, 6]",56,6
1137,2026-01-10T13:20:00.0,2026-01-26T18:57:45.531,"Any[53, 45, 37, 25, 19, 13, 8]",53,8
1138,2026-01-10T13:20:00.0,2026-01-19T18:57:45.531,"Any[60, 56, 45, 37, 30, 25, 19, 11, 6]",60,6
1141,2026-01-10T13:20:00.0,2026-01-19T18:57:45.531,"Any[60, 56, 45, 37, 30, 25, 19, 13, 8]",60,8
1149,2026-01-10T13:20:00.0,2026-01-12T18:57:45.531,"Any[1, 6, 11, 19, 25, 30, 37, 45, 56, 60]",1,60
1156,2026-01-10T13:20:00.0,2026-02-02T18:57:45.531,"Any[60, 53, 45, 37, 30, 25]",60,25
1158,2026-01-10T13:20:00.0,2026-01-26T18:57:45.531,"Any[10, 19, 25, 30, 37, 45, 53]",10,53
1159,2026-01-10T13:20:00.0,2026-01-19T18:57:45.531,"Any[6, 11, 19, 25, 30, 37, 45]",6,45
1161,2026-01-10T13:20:00.0,2026-01-19T18:57:45.531,"Any[1, 6, 11, 19, 25, 30, 37, 45, 53]",1,53
1162,2026-01-10T13:20:00.0,2026-01-19T18:57:45.531,"Any[8, 13, 19, 25, 30, 37, 45, 53]",8,53
1167,2026-01-10T13:20:00.0,2026-01-12T18:57:45.531,"Any[19, 25, 30, 37, 45, 56]",19,56
1172,2026-01-10T13:20:00.0,2026-01-26T18:57:45.531,"Any[53, 45, 37, 30, 25, 19, 10]",53,10
1173,2026-01-10T13:20:00.0,2026-02-02T18:57:45.531,"Any[60, 53, 45, 37, 30, 25]",60,25
1182,2026-01-10T13:20:00.0,2026-01-19T18:57:45.531,"Any[10, 19, 25, 30, 37, 45, 53]",10,53
1184,2026-01-10T13:20:00.0,2026-01-19T18:57:45.531,"Any[53, 45, 37, 30, 25, 19, 10]",53,10
1186,2026-01-10T13:20:00.0,2026-01-19T18:57:45.531,"Any[45, 37, 30, 25]",45,25
1188,2026-01-10T13:20:00.0,2026-01-12T18:57:45.531,"Any[3, 6, 11, 19, 25, 30, 37, 45]",3,45
1192,2026-01-10T13:20:00.0,2026-02-02T18:57:45.531,"Any[64, 53, 45, 37, 30, 25, 19, 10]",64,10
1195,2026-01-10T13:20:00.0,2026-01-12T18:57:45.531,"Any[1, 6, 11, 19, 25, 30, 37, 45, 53]",1,53
1197,2026-01-10T13:20:00.0,2026-01-26T18:57:45.531,"Any[53, 45, 37, 30, 25, 19, 10]",53,10
1198,2026-01-10T13:20:00.0,2026-01-12T18:57:45.531,"Any[7, 8, 13, 19, 25, 30, 37, 45, 53, 60]",7,60
1199,2026-01-10T13:20:00.0,2026-01-19T18:57:45.531,"Any[10, 19, 25, 30, 37, 45, 53]",10,53
1212,2026-01-10T13:20:00.0,2026-01-26T18:57:45.531,"Any[10, 19, 25, 30, 37, 45]",10,45
1214,2026-01-10T13:20:00.0,2026-02-02T18:57:45.531,"Any[53, 45, 37, 30, 25, 19, 11, 6, 1]",53,1
1215,2026-01-10T13:20:00.0,2026-02-02T18:57:45.531,"Any[60, 56, 45, 37, 30, 25, 19, 11, 6]",60,6
1216,2026-01-10T13:20:00.0,2026-01-12T18:57:45.531,"Any[8, 13, 19, 25, 30, 37, 45, 56]",8,56
1221,2026-01-10T13:20:00.0,2026-01-26T18:57:45.531,"Any[10, 19, 25, 30, 37, 45, 53, 60]",10,60
1222,2026-01-10T13:20:00.0,2026-02-02T18:57:45.531,"Any[2, 9, 21, 27, 31, 36, 45, 55]",2,55
1224,2026-01-10T13:20:00.0,2026-01-12T18:57:45.531,"Any[64, 56, 45, 37, 30, 25, 19, 11, 6]",64,6
1229,2026-01-10T13:20:00.0,2026-02-02T18:57:45.531,"Any[8, 13, 19, 25, 30, 37, 45, 53]",8,53
1236,2026-01-10T13:20:00.0,2026-02-02T18:57:45.531,"Any[56, 45, 37, 30, 25, 19, 11, 6]",56,6
1237,2026-01-10T13:20:00.0,2026-01-26T18:57:45.531,"Any[53, 45, 37, 30, 25, 19, 11, 6, 1]",53,1
1242,2026-01-10T13:20:00.0,2026-02-02T18:57:45.531,"Any[10, 19, 25, 30, 37, 45, 53]",10,53
1245,2026-01-10T13:20:00.0,2026-02-02T18:57:45.531,"Any[1, 6, 11, 19, 25, 30, 37, 45, 53, 60]",1,60
1247,2026-01-10T13:20:00.0,2026-01-26T18:57:45.531,"Any[8, 13, 19, 25, 30, 37, 45, 53]",8,53
1251,2026-01-10T13:20:00.0,2026-01-19T18:57:45.531,"Any[6, 11, 19, 25, 30, 37, 45]",6,45
1259,2026-01-10T13:20:00.0,2026-01-19T18:57:45.531,"Any[64, 60, 53, 45, 37, 30, 25, 19, 10]",64,10
1261,2026-01-10T13:20:00.0,2026-01-12T18:57:45.531,"Any[53, 45, 37, 30, 25, 19, 10]",53,10
1263,2026-01-10T13:20:00.0,2026-01-26T18:57:45.531,"Any[64, 56, 45, 37, 30, 25, 19, 11, 6]",64,6
1264,2026-01-10T13:20:00.0,2026-01-12T18:57:45.531,"Any[7, 8, 13, 19, 25, 30, 37, 45, 53, 60]",7,60
1269,2026-01-10T13:20:00.0,2026-02-02T18:57:45.531,"Any[45, 37, 30, 25]",45,25
1273,2026-01-10T13:20:00.0,2026-01-19T18:57:45.531,"Any[53, 45, 37, 30, 25, 19, 10]",53,10
1276,2026-01-10T13:20:00.0,2026-01-26T18:57:45.531,"Any[53, 45, 37, 30, 25, 19, 13, 8]",53,8
1288,2026-01-10T13:20:00.0,2026-02-02T18:57:45.531,"Any[56, 45, 37, 30, 25, 19, 11, 6]",56,6
1289,2026-01-10T13:20:00.0,2026-02-02T18:57:45.531,"Any[60, 56, 45, 37, 30, 25, 19, 17, 19, 11, 6, 6, 1]",60,6
1292,2026-01-10T13:20:00.0,2026-01-19T18:57:45.531,"Any[64, 53, 45, 37, 30, 25, 19, 10]",64,10
1302,2026-01-10T13:20:00.0,2026-01-26T18:57:45.531,"Any[8, 13, 19, 25, 30, 37, 45, 56]",8,56
1304,2026-01-10T13:20:00.0,2026-01-19T18:57:45.531,"Any[53, 45, 37, 30, 25, 19, 10]",53,10
1307,2026-01-10T13:20:00.0,2026-01-26T18:57:45.531,"Any[20, 19, 25, 30, 37, 45, 53]",20,53
1309,2026-01-10T13:20:00.0,2026-02-02T18:57:45.531,"Any[53, 45, 37, 30, 25]",53,25
1310,2026-01-10T13:20:00.0,2026-02-02T18:57:45.531,"Any[60, 53, 45, 37, 30, 25, 19, 13, 8]",60,8
1312,2026-01-10T13:20:00.0,2026-02-02T18:57:45.531,"Any[53, 45, 37, 30, 25, 19, 10]",53,10
1313,2026-01-10T13:20:00.0,2026-02-02T18:57:45.531,"Any[64, 60, 53, 45, 37, 30, 25, 19, 11, 6, 1]",64,1
1314,2026-01-10T13:20:00.0,2026-01-19T18:57:45.531,"Any[53, 45, 37, 30, 25, 19, 10]",53,10
1316,2026-01-10T13:20:00.0,2026-01-12T18:57:45.531,"Any[1, 6, 11, 19, 25, 30, 37, 45, 56]",1,56
1318,2026-01-10T13:20:00.0,2026-02-02T18:57:45.531,"Any[8, 13, 19, 25, 30, 37, 45, 56]",8,56
1322,2026-01-10T13:20:00.0,2026-01-12T18:57:45.531,"Any[19, 25, 30, 37, 45, 56]",19,56
1339,2026-01-10T13:20:00.0,2026-02-02T18:57:45.531,"Any[53, 45, 37, 30, 25, 19, 11, 6, 1]",53,1
1343,2026-01-10T13:20:00.0,2026-01-12T18:57:45.531,"Any[1, 6, 11, 19, 25, 30, 37, 45, 56]",1,56
1344,2026-01-10T13:20:00.0,2026-01-26T18:57:45.531,"Any[6, 11, 19, 25, 30, 37, 45]",6,45
1347,2026-01-10T13:20:00.0,2026-01-19T18:57:45.531,"Any[64, 60, 53, 45, 37, 30, 25, 19, 10]",64,10
1361,2026-01-10T13:20:00.0,2026-01-26T18:57:45.531,"Any[53, 45, 37, 30, 25, 19, 10]",53,10
1367,2026-01-10T13:20:00.0,2026-02-02T18:57:45.531,"Any[10, 19, 25, 30, 37, 45, 53, 60]",10,60
1368,2026-01-10T13:20:00.0,2026-01-26T18:57:45.531,"Any[10, 19, 25, 30, 37, 45, 53, 60]",10,60
1374,2026-01-10T13:20:00.0,2026-01-26T18:57:45.531,"Any[53, 45, 37, 30, 25, 19, 10]",53,10
1376,2026-01-10T13:20:00.0,2026-02-02T18:57:45.531,"Any[1, 6, 11, 19, 25, 30, 37, 45, 56]",1,56
1381,2026-01-10T13:20:00.0,2026-01-12T18:57:45.531,"Any[3, 10, 19, 25, 30, 37, 45, 53]",3,53
1382,2026-01-10T13:20:00.0,2026-01-12T18:57:45.531,"Any[10, 19, 25, 30, 37, 45]",10,45
1390,2026-01-10T13:20:00.0,2026-01-26T18:57:45.531,"Any[60, 53, 45, 37, 30, 25, 19, 13, 8]",60,8
1393,2026-01-10T13:20:00.0,2026-01-12T18:57:45.531,"Any[1, 6, 11, 19, 25, 30, 37, 45, 53, 60]",1,60
1397,2026-01-10T13:20:00.0,2026-01-19T18:57:45.531,"Any[19, 25, 30, 37, 45, 53]",19,53
1398,2026-01-10T13:20:00.0,2026-02-02T18:57:45.531,"Any[56, 45, 37, 30, 25, 19, 11, 6]",56,6
1399,2026-01-10T13:20:00.0,2026-01-12T18:57:45.531,"Any[53, 45, 37, 30, 25, 19, 13, 8]",53,8
1416,2026-01-10T13:20:00.0,2026-01-12T18:57:45.531,"Any[64, 53, 45, 37, 30, 25, 19, 13, 8]",64,8
1425,2026-01-10T13:20:00.0,2026-02-02T18:57:45.531,"Any[8, 13, 19, 25, 30, 37, 45, 56]",8,56
1429,2026-01-10T13:20:00.0,2026-02-02T18:57:45.531,"Any[56, 45, 37, 30, 25]",56,25
1430,2026-01-10T13:20:00.0,2026-01-19T18:57:45.531,"Any[60, 56, 45, 37, 30, 25]",60,25
1435,2026-01-10T13:20:00.0,2026-01-12T18:57:45.531,"Any[1, 6, 11, 19, 25, 30, 37, 45, 56]",1,56
1439,2026-01-10T13:20:00.0,2026-01-26T18:57:45.531,"Any[3, 10, 19, 25, 30, 37, 45, 53, 60]",3,60
1443,2026-01-10T13:20:00.0,2026-02-02T18:57:45.531,"Any[19, 25, 30, 37, 45, 53]",19,53
1450,2026-01-10T13:20:00.0,2026-01-26T18:57:45.531,"Any[60, 56, 45, 37, 30, 25]",60,25
1452,2026-01-10T13:20:00.0,2026-01-26T18:57:45.531,"Any[56, 45, 37, 30, 25, 19, 11, 6]",56,6
1455,2026-01-10T13:20:00.0,2026-01-19T18:57:45.531,"Any[3, 10, 19, 25, 30, 37, 45, 53]",3,53
1456,2026-01-10T13:20:00.0,2026-02-02T18:57:45.531,"Any[60, 56, 45, 37, 30, 25, 19, 13, 8]",60,8
1461,2026-01-10T13:20:00.0,2026-01-26T18:57:45.531,"Any[8, 13, 19, 25, 30, 37, 45]",8,45
1479,2026-01-10T13:20:00.0,2026-01-19T18:57:45.531,"Any[1, 6, 11, 19, 23, 36, 44, 54, 60]",1,60
1503,2026-01-10T13:20:00.0,2026-02-02T18:57:45.531,"Any[53, 45, 37, 30, 25, 19, 10]",53,10
1515,2026-01-10T13:20:00.0,2026-01-12T18:57:45.531,"Any[1, 6, 11, 19, 25, 30, 37, 45, 53]",1,53
1516,2026-01-10T13:20:00.0,2026-01-26T18:57:45.531,"Any[64, 60, 56, 45, 37, 30, 25]",64,25
1524,2026-01-10T13:20:00.0,2026-01-19T18:57:45.531,"Any[64, 60, 56, 45, 37, 30, 25, 19, 11, 6]",64,6
1532,2026-01-10T13:20:00.0,2026-01-12T18:57:45.531,"Any[53, 45, 37, 30, 25]",53,25
1549,2026-01-10T13:20:00.0,2026-01-12T18:57:45.531,"Any[19, 25, 30, 37, 45, 56, 60, 64]",19,64
1552,2026-01-10T13:20:00.0,2026-01-19T18:57:45.531,"Any[53, 45, 37, 30, 25, 19, 10]",53,10
1554,2026-01-10T13:20:00.0,2026-01-19T18:57:45.531,"Any[53, 45, 37, 30, 25, 19, 10]",53,10
1555,2026-01-10T13:20:00.0,2026-01-26T18:57:45.531,"Any[53, 45, 37, 30, 25, 19, 13, 8]",53,8
1560,2026-01-10T13:20:00.0,2026-01-26T18:57:45.531,"Any[60, 56, 45, 37, 30, 25, 19, 11, 10, 3]",60,3
1568,2026-01-10T13:20:00.0,2026-01-12T18:57:45.531,"Any[19, 25, 30, 37, 45, 56]",19,56
1572,2026-01-10T13:20:00.0,2026-01-19T18:57:45.531,"Any[19, 25, 30, 37, 45, 53]",19,53
1575,2026-01-10T13:20:00.0,2026-01-26T18:57:45.531,"Any[60, 56, 45, 37, 30, 25, 19]",60,19
1576,2026-01-10T13:20:00.0,2026-01-19T18:57:45.531,"Any[19, 17, 25, 30, 37, 45, 53]",19,53
1582,2026-01-10T13:20:00.0,2026-01-12T18:57:45.531,"Any[53, 45, 37, 30, 25, 19, 13, 8]",53,8
1583,2026-01-10T13:20:00.0,2026-02-02T18:57:45.531,"Any[60, 53, 45, 37, 30, 25, 19, 13, 8]",60,8
1584,2026-01-10T13:20:00.0,2026-02-02T18:57:45.531,"Any[53, 45, 37, 30, 25, 19, 10]",53,10
1609,2026-01-10T13:20:00.0,2026-01-12T18:57:45.531,"Any[53, 45, 37, 30, 25, 19, 10]",53,10
1610,2026-01-10T13:20:00.0,2026-01-12T18:57:45.531,"Any[8, 13, 19, 25, 30, 37, 45, 56]",8,56
1618,2026-01-10T13:20:00.0,2026-01-19T18:57:45.531,"Any[6, 11, 19, 25, 30, 37, 45]",6,45
1620,2026-01-10T13:20:00.0,2026-02-02T18:57:45.531,"Any[1, 6, 11, 19, 25, 30, 37, 45, 56]",1,56
1622,2026-01-10T13:20:00.0,2026-01-26T18:57:45.531,"Any[56, 45, 37, 30, 25, 19]",56,19
1623,2026-01-10T13:20:00.0,2026-01-19T18:57:45.531,"Any[60, 56, 45, 37, 30, 25, 19, 11, 6]",60,6
1624,2026-01-10T13:20:00.0,2026-01-26T18:57:45.531,"Any[1, 6, 11, 19, 25, 30, 37, 45, 56]",1,56
1628,2026-01-10T13:20:00.0,2026-01-12T18:57:45.531,"Any[6, 11, 19, 25, 30, 37, 45]",6,45
1629,2026-01-10T13:20:00.0,2026-01-12T18:57:45.531,"Any[7, 8, 13, 19, 25, 30, 37, 45, 56]",7,56
1632,2026-01-10T13:20:00.0,2026-01-12T18:57:45.531,"Any[8, 13, 19, 25, 30, 37, 45]",8,45
1634,2026-01-10T13:20:00.0,2026-01-19T18:57:45.531,"Any[53, 45, 37, 30, 25, 19, 11, 6, 1]",53,1
1640,2026-01-10T13:20:00.0,2026-02-02T18:57:45.531,"Any[3, 10, 19, 25, 30, 37, 45, 53, 60]",3,60
1641,2026-01-10T13:20:00.0,2026-02-02T18:57:45.531,"Any[64, 53, 45, 37, 30, 25, 19, 10]",64,10
1642,2026-01-10T13:20:00.0,2026-01-12T18:57:45.531,"Any[64, 53, 45, 37, 30, 25, 19, 10]",64,10
1644,2026-01-10T13:20:00.0,2026-01-12T18:57:45.531,"Any[3, 6, 11, 16, 25, 30, 37, 45, 56]",3,56
1646,2026-01-10T13:20:00.0,2026-02-02T18:57:45.531,"Any[53, 45, 37, 30, 25, 19, 10]",53,10
1650,2026-01-10T13:20:00.0,2026-01-26T18:57:45.531,"Any[53, 45, 37, 30, 25, 19, 10]",53,10
1654,2026-01-10T13:20:00.0,2026-01-12T18:57:45.531,"Any[64, 60, 53, 45, 37, 30, 25, 19, 10]",64,10
1655,2026-01-10T13:20:00.0,2026-01-19T18:57:45.531,"Any[64, 60, 53, 45, 37, 30, 25, 19, 10]",64,10
1661,2026-01-10T13:20:00.0,2026-01-26T18:57:45.531,"Any[6, 11, 19, 25, 30, 37, 45, 53]",6,53
1662,2026-01-10T13:20:00.0,2026-01-19T18:57:45.531,"Any[6, 11, 19, 25, 30, 37, 45]",6,45
1664,2026-01-10T13:20:00.0,2026-01-26T18:57:45.531,"Any[19, 25, 30, 37, 30, 37, 45, 53]",19,53
1670,2026-01-10T13:20:00.0,2026-01-26T18:57:45.531,"Any[10, 19, 25, 30, 37, 45, 53]",10,53
1673,2026-01-10T13:20:00.0,2026-01-19T18:57:45.531,"Any[53, 45, 37, 30, 25, 19, 11, 6, 1]",53,1
1675,2026-01-10T13:20:00.0,2026-01-26T18:57:45.531,"Any[64, 60, 53, 45, 37, 30, 25, 19, 13, 8]",64,8
1676,2026-01-10T13:20:00.0,2026-02-02T18:57:45.531,"Any[9, 15, 26, 31, 36, 44, 54]",9,54
1678,2026-01-10T13:20:00.0,2026-01-19T18:57:45.531,"Any[56, 45, 37, 30, 25, 19, 20]",56,20
1683,2026-01-10T13:20:00.0,2026-01-12T18:57:45.531,"Any[64, 60, 53, 45, 37, 30, 25, 19, 11, 6, 1]",64,1
1690,2026-01-10T13:20:00.0,2026-01-26T18:57:45.531,"Any[6, 11, 16, 25, 30, 37, 45]",6,45
1691,2026-01-10T13:20:00.0,2026-02-02T18:57:45.531,"Any[16, 25, 30, 37, 45, 53]",16,53
1695,2026-01-10T13:20:00.0,2026-01-26T18:57:45.531,"Any[1, 6, 11, 19, 23, 28, 36, 44, 54, 60]",1,60
1696,2026-01-10T13:20:00.0,2026-01-26T18:57:45.531,"Any[10, 19, 25, 30, 37, 45, 56]",10,56
1700,2026-01-10T13:20:00.0,2026-01-19T18:57:45.531,"Any[19, 25, 30, 37, 45, 53]",19,53
1711,2026-01-10T13:20:00.0,2026-02-02T18:57:45.531,"Any[1, 6, 11, 19, 25, 30, 37, 45, 56]",1,56
1717,2026-01-10T13:20:00.0,2026-01-12T18:57:45.531,"Any[53, 45, 37, 30, 25, 19, 13, 8]",53,8
1719,2026-01-10T13:20:00.0,2026-01-19T18:57:45.531,"Any[53, 45, 37, 30, 25, 19, 10]",53,10
1728,2026-01-10T13:20:00.0,2026-01-19T18:57:45.531,"Any[8, 13, 19, 25, 30, 37, 45]",8,45
1739,2026-01-10T13:20:00.0,2026-02-02T18:57:45.531,"Any[8, 13, 19, 25, 30, 37, 45, 53]",8,53
1742,2026-01-10T13:20:00.0,2026-02-02T18:57:45.531,"Any[64, 60, 53, 45, 37, 30, 25, 19, 11, 6, 1]",64,1
1745,2026-01-10T13:20:00.0,2026-02-02T18:57:45.531,"Any[53, 45, 37, 30, 25, 19, 13, 8]",53,8
1760,2026-01-10T13:20:00.0,2026-01-19T18:57:45.531,"Any[6, 11, 19, 25, 30, 37, 45, 53]",6,53
1762,2026-01-10T13:20:00.0,2026-01-26T18:57:45.531,"Any[60, 53, 45, 37, 30, 25]",60,25
1766,2026-01-10T13:20:00.0,2026-02-02T18:57:45.531,"Any[60, 53, 45, 37, 30, 25, 19, 13, 8]",60,8
1773,2026-01-10T13:20:00.0,2026-01-12T18:57:45.531,"Any[8, 13, 19, 25, 30, 37, 45, 56]",8,56
1775,2026-01-10T13:20:00.0,2026-01-26T18:57:45.531,"Any[10, 19, 25, 30, 37, 45, 53]",10,53
1791,2026-01-10T13:20:00.0,2026-01-26T18:57:45.531,"Any[64, 53, 45, 37, 30, 25, 19, 10]",64,10
1811,2026-01-10T13:20:00.0,2026-01-19T18:57:45.531,"Any[7, 8, 13, 19, 25, 30, 37, 45, 53]",7,53
1814,2026-01-10T13:20:00.0,2026-02-02T18:57:45.531,"Any[17, 25, 30, 37, 45, 53]",17,53
1819,2026-01-10T13:20:00.0,2026-01-26T18:57:45.531,"Any[53, 45, 37, 30, 25, 19, 11, 6, 1]",53,1
1830,2026-01-10T13:20:00.0,2026-01-26T18:57:45.531,"Any[53, 45, 37, 30, 25]",53,25
1837,2026-01-10T13:20:00.0,2026-01-19T18:57:45.531,"Any[8, 13, 19, 25, 30, 37, 45, 56]",8,56
1838,2026-01-10T13:20:00.0,2026-01-26T18:57:45.531,"Any[10, 19, 25, 30, 37, 45, 53]",10,53
1845,2026-01-10T13:20:00.0,2026-01-12T18:57:45.531,"Any[60, 56, 45, 37, 30, 25]",60,25
1854,2026-01-10T13:20:00.0,2026-01-26T18:57:45.531,"Any[53, 45, 37, 30, 25, 19, 10]",53,10
1862,2026-01-10T13:20:00.0,2026-01-26T18:57:45.531,"Any[53, 45, 37, 30, 25]",53,25
1868,2026-01-10T13:20:00.0,2026-01-12T18:57:45.531,"Any[6, 11, 16, 25, 30, 37, 45]",6,45
1873,2026-01-10T13:20:00.0,2026-01-26T18:57:45.531,"Any[16, 25, 30, 37, 45, 53, 60]",16,60
1874,2026-01-10T13:20:00.0,2026-02-02T18:57:45.531,"Any[1, 6, 11, 25, 30, 37, 45, 53]",1,53
1892,2026-01-10T13:20:00.0,2026-01-19T18:57:45.531,"Any[17, 16, 25, 30, 37, 45, 56]",17,56
1903,2026-01-10T13:20:00.0,2026-01-26T18:57:45.531,"Any[53, 45, 37, 30, 25]",53,25
1904,2026-01-10T13:20:00.0,2026-02-02T18:57:45.531,"Any[17, 25, 30, 37, 45, 53]",17,53
1919,2026-01-10T13:20:00.0,2026-01-19T18:57:45.531,"Any[1, 6, 11, 19, 25, 30, 37, 45, 56]",1,56
1925,2026-01-10T13:20:00.0,2026-01-12T18:57:45.531,"Any[1, 6, 11, 19, 25, 30, 37, 45, 53, 60]",1,60
1933,2026-01-10T13:20:00.0,2026-01-19T18:57:45.531,"Any[7, 8, 13, 19, 25, 30, 37, 45, 53, 60]",7,60
1951,2026-01-10T13:20:00.0,2026-01-12T18:57:45.531,"Any[1, 6, 11, 19, 25, 30, 37, 45, 53, 60]",1,60
1952,2026-01-10T13:20:00.0,2026-01-26T18:57:45.531,"Any[64, 60, 53, 45, 37, 30, 25, 19, 13, 8]",64,8
1956,2026-01-10T13:20:00.0,2026-01-12T18:57:45.531,"Any[8, 13, 19, 25, 30, 37, 45, 56]",8,56
1957,2026-01-10T13:20:00.0,2026-01-12T18:57:45.531,"Any[6, 11, 19, 25, 30, 37, 45, 56, 60]",6,60
1958,2026-01-10T13:20:00.0,2026-02-02T18:57:45.531,"Any[45, 37, 30, 25]",45,25
1970,2026-01-10T13:20:00.0,2026-02-02T18:57:45.531,"Any[53, 45, 37, 30, 25, 19, 10]",53,10
1971,2026-01-10T13:20:00.0,2026-01-19T18:57:45.531,"Any[53, 45, 37, 30, 25, 19, 11, 6, 1]",53,1
1985,2026-01-10T13:20:00.0,2026-01-19T18:57:45.531,"Any[60, 56, 45, 37, 30, 25, 19]",60,19
1991,2026-01-10T13:20:00.0,2026-01-19T18:57:45.531,"Any[60, 56, 45, 37, 30, 25, 19, 13, 8]",60,8
1999,2026-01-10T13:20:00.0,2026-01-19T18:57:45.531,"Any[53, 45, 37, 30, 25]",53,25
2001,2026-01-10T13:20:00.0,2026-01-12T18:57:45.531,"Any[53, 45, 37, 30, 25, 19, 10]",53,10
2012,2026-01-10T13:20:00.0,2026-01-19T18:57:45.531,"Any[1, 6, 11, 19, 25, 30, 37, 45, 53]",1,53
2021,2026-01-10T13:20:00.0,2026-01-19T18:57:45.531,"Any[8, 13, 19, 25, 30, 37, 45, 53]",8,53
2029,2026-01-10T13:20:00.0,2026-01-26T18:57:45.531,"Any[64, 60, 53, 45, 37, 30, 25, 19, 10]",64,10
2034,2026-01-10T13:20:00.0,2026-02-02T18:57:45.531,"Any[13, 19, 25, 30, 37, 45, 56]",13,56
2035,2026-01-10T13:20:00.0,2026-01-19T18:57:45.531,"Any[19, 25, 30, 37, 45, 56]",19,56
2036,2026-01-10T13:20:00.0,2026-01-12T18:57:45.531,"Any[1, 6, 11, 19, 25, 30, 37, 45, 53]",1,53
2037,2026-01-10T13:20:00.0,2026-01-19T18:57:45.531,"Any[19, 25, 30, 37, 45, 56]",19,56
2056,2026-01-10T13:20:00.0,2026-01-12T18:57:45.531,"Any[1, 6, 11, 19, 25, 30, 37, 45, 53]",1,53
2057,2026-01-10T13:20:00.0,2026-01-19T18:57:45.531,"Any[3, 10, 11, 19, 25, 30, 37, 45]",3,45
2066,2026-01-10T13:20:00.0,2026-01-26T18:57:45.531,"Any[60, 56, 45, 37, 30, 25, 19, 11, 6]",60,6
2068,2026-01-10T13:20:00.0,2026-02-02T18:57:45.531,"Any[8, 13, 19, 25, 30, 37, 45, 56]",8,56
2073,2026-01-10T13:20:00.0,2026-01-12T18:57:45.531,"Any[64, 53, 45, 37, 30, 25, 19, 10]",64,10
2077,2026-01-10T13:20:00.0,2026-01-19T18:57:45.531,"Any[19, 25, 30, 37, 45, 53]",19,53
2079,2026-01-10T13:20:00.0,2026-01-19T18:57:45.531,"Any[60, 56, 45, 37, 30, 25]",60,25
2084,2026-01-10T13:20:00.0,2026-01-26T18:57:45.531,"Any[64, 60, 53, 45, 37, 30, 25, 19, 11, 6, 1]",64,1
2090,2026-01-10T13:20:00.0,2026-01-19T18:57:45.531,"Any[1, 6, 11, 19, 23, 36, 44, 54, 60]",1,60
2096,2026-01-10T13:20:00.0,2026-01-19T18:57:45.531,"Any[64, 60, 53, 45, 37, 30, 25, 19, 11, 6, 1]",64,1
2102,2026-01-10T13:20:00.0,2026-01-26T18:57:45.531,"Any[7, 8, 13, 19, 25, 30, 37, 45, 53, 60]",7,60
2105,2026-01-10T13:20:00.0,2026-01-19T18:57:45.531,"Any[8, 13, 19, 25, 30, 37, 45, 56]",8,56
2107,2026-01-10T13:20:00.0,2026-01-26T18:57:45.531,"Any[1, 6, 11, 19, 25, 30, 37, 45, 56]",1,56
2112,2026-01-10T13:20:00.0,2026-01-12T18:57:45.531,"Any[7, 8, 13, 19, 25, 30, 37, 45]",7,45
2117,2026-01-10T13:20:00.0,2026-02-02T18:57:45.531,"Any[62, 53, 45, 37, 30, 25, 19, 13, 8]",62,8
2118,2026-01-10T13:20:00.0,2026-01-19T18:57:45.531,"Any[53, 45, 37, 30, 25, 19, 11, 6, 1]",53,1
2126,2026-01-10T13:20:00.0,2026-01-26T18:57:45.531,"Any[53, 45, 37, 30, 25, 19, 11, 6, 1]",53,1
2137,2026-01-10T13:20:00.0,2026-01-12T18:57:45.531,"Any[60, 56, 45, 37, 30, 25, 19, 14]",60,14
2142,2026-01-10T13:20:00.0,2026-01-12T18:57:45.531,"Any[56, 45, 37, 30, 25, 19, 13, 8]",56,8
2150,2026-01-10T13:20:00.0,2026-01-12T18:57:45.531,"Any[7, 8, 13, 19, 25, 30, 37, 45, 56, 60, 64]",7,64
2155,2026-01-10T13:20:00.0,2026-01-19T18:57:45.531,"Any[7, 8, 13, 19, 25, 30, 37, 45, 56]",7,56
2158,2026-01-10T13:20:00.0,2026-02-02T18:57:45.531,"Any[60, 56, 45, 37, 30, 25]",60,25
2162,2026-01-10T13:20:00.0,2026-01-19T18:57:45.531,"Any[56, 45, 37, 30, 25, 19, 11, 6, 1]",56,1
2168,2026-01-10T13:20:00.0,2026-01-12T18:57:45.531,"Any[8, 13, 19, 25, 30, 37, 45, 53]",8,53
2172,2026-01-10T13:20:00.0,2026-01-26T18:57:45.531,"Any[64, 60, 53, 45, 37, 30, 25, 19, 11, 6, 1]",64,1
2186,2026-01-10T13:20:00.0,2026-01-12T18:57:45.531,"Any[60, 53, 45, 37, 30, 25, 19, 13, 8]",60,8
2189,2026-01-10T13:20:00.0,2026-01-26T18:57:45.531,"Any[13, 19, 25, 30, 37, 45, 56]",13,56
2193,2026-01-10T13:20:00.0,2026-01-26T18:57:45.531,"Any[13, 19, 25, 30, 37, 45, 53]",13,53
2195,2026-01-10T13:20:00.0,2026-02-02T18:57:45.531,"Any[8, 13, 19, 25, 30, 37, 45, 56]",8,56
2196,2026-01-10T13:20:00.0,2026-01-12T18:57:45.531,"Any[6, 11, 19, 25, 30, 37, 45]",6,45
2197,2026-01-10T13:20:00.0,2026-01-12T18:57:45.531,"Any[60, 56, 53, 45, 37, 30, 25, 19, 11, 6]",60,6
2198,2026-01-10T13:20:00.0,2026-01-26T18:57:45.531,"Any[62, 53, 45, 37, 30, 25, 19, 13, 8]",62,8
2202,2026-01-10T13:20:00.0,2026-02-02T18:57:45.531,"Any[8, 13, 19, 25, 30, 37, 45, 56, 60]",8,60
2207,2026-01-10T13:20:00.0,2026-01-19T18:57:45.531,"Any[13, 19, 25, 30, 37, 45, 56]",13,56
2232,2026-01-10T13:20:00.0,2026-01-26T18:57:45.531,"Any[1, 6, 11, 19, 25, 30, 37, 45, 56]",1,56
2234,2026-01-10T13:20:00.0,2026-02-02T18:57:45.531,"Any[1, 6, 11, 19, 25, 30, 37, 45, 56, 60]",1,60
2237,2026-01-10T13:20:00.0,2026-01-12T18:57:45.531,"Any[64, 60, 56, 45, 37, 30, 25, 19, 11, 6]",64,6
2244,2026-01-10T13:20:00.0,2026-02-02T18:57:45.531,"Any[19, 25, 30, 37, 45, 53]",19,53
2249,2026-01-10T13:20:00.0,2026-02-02T18:57:45.531,"Any[8, 13, 19, 25, 30, 37, 45, 56]",8,56
2252,2026-01-10T13:20:00.0,2026-01-12T18:57:45.531,"Any[7, 8, 13, 19, 25, 30, 37, 45, 53, 60]",7,60
2256,2026-01-10T13:20:00.0,2026-01-19T18:57:45.531,"Any[7, 8, 13, 19, 25, 30, 37, 45, 53]",7,53
2258,2026-01-10T13:20:00.0,2026-02-02T18:57:45.531,"Any[53, 45, 37, 30, 25]",53,25
2259,2026-01-10T13:20:00.0,2026-01-12T18:57:45.531,"Any[64, 60, 53, 45, 37, 30, 25, 19, 13, 8]",64,8
2260,2026-01-10T13:20:00.0,2026-01-26T18:57:45.531,"Any[7, 8, 13, 19, 25, 30, 37, 45, 53]",7,53
2273,2026-01-10T13:20:00.0,2026-01-26T18:57:45.531,"Any[53, 45, 37, 30, 25, 19, 11, 6, 5]",53,5
2280,2026-01-10T13:20:00.0,2026-01-26T18:57:45.531,"Any[6, 11, 19, 25, 30, 37, 45, 56, 60]",6,60
2284,2026-01-10T13:20:00.0,2026-02-02T18:57:45.531,"Any[60, 56, 45, 37, 30, 25]",60,25
2287,2026-01-10T13:20:00.0,2026-01-12T18:57:45.531,"Any[56, 45, 37, 30, 25, 19, 11, 6]",56,6
2311,2026-01-10T13:20:00.0,2026-01-26T18:57:45.531,"Any[53, 45, 37, 30, 25, 19, 10]",53,10
2313,2026-01-10T13:20:00.0,2026-01-26T18:57:45.531,"Any[10, 19, 25, 30, 37, 45, 53]",10,53
2315,2026-01-10T13:20:00.0,2026-01-12T18:57:45.531,"Any[64, 53, 45, 37, 30, 25, 19, 11, 6, 1]",64,1
2318,2026-01-10T13:20:00.0,2026-01-26T18:57:45.531,"Any[8, 13, 19, 25, 30, 37, 45, 53]",8,53
2329,2026-01-10T13:20:00.0,2026-01-12T18:57:45.531,"Any[8, 13, 19, 25, 30, 37, 45, 56]",8,56
2330,2026-01-10T13:20:00.0,2026-01-19T18:57:45.531,"Any[53, 45, 37, 30, 25, 19, 13, 8]",53,8
2337,2026-01-10T13:20:00.0,2026-01-26T18:57:45.531,"Any[17, 16, 25, 30, 37, 45, 53]",17,53
2340,2026-01-10T13:20:00.0,2026-01-26T18:57:45.531,"Any[1, 6, 11, 19, 25, 30, 37, 45, 56]",1,56
2341,2026-01-10T13:20:00.0,2026-01-12T18:57:45.531,"Any[8, 13, 19, 25, 30, 37, 45, 53]",8,53
2343,2026-01-10T13:20:00.0,2026-01-12T18:57:45.531,"Any[60, 56, 45, 37, 30, 25, 19, 11, 6]",60,6
2352,2026-01-10T13:20:00.0,2026-01-19T18:57:45.531,"Any[56, 45, 37, 30, 25, 19, 11, 6, 1, 1]",56,1
2361,2026-01-10T13:20:00.0,2026-01-26T18:57:45.531,"Any[53, 45, 37, 30, 25, 19, 10]",53,10
2363,2026-01-10T13:20:00.0,2026-01-26T18:57:45.531,"Any[8, 13, 19, 25, 30, 37, 45, 56]",8,56
2374,2026-01-10T13:20:00.0,2026-02-02T18:57:45.531,"Any[6, 11, 16, 25, 30, 37, 45]",6,45
2379,2026-01-10T13:20:00.0,2026-02-02T18:57:45.531,"Any[6, 11, 19, 25, 30, 37, 45]",6,45
2402,2026-01-10T13:20:00.0,2026-01-12T18:57:45.531,"Any[53, 45, 37, 30, 25]",53,25
2406,2026-01-10T13:20:00.0,2026-01-12T18:57:45.531,"Any[64, 60, 53, 45, 37, 30, 25]",64,25
2407,2026-01-10T13:20:00.0,2026-01-19T18:57:45.531,"Any[10, 19, 25, 30, 37, 45, 53]",10,53
2411,2026-01-10T13:20:00.0,2026-01-19T18:57:45.531,"Any[62, 53, 45, 37, 30, 25, 19, 13, 8]",62,8
2416,2026-01-10T13:20:00.0,2026-02-02T18:57:45.531,"Any[8, 13, 19, 25, 30, 37, 45, 56]",8,56
2422,2026-01-10T13:20:00.0,2026-01-12T18:57:45.531,"Any[53, 45, 37, 30, 25, 19, 13, 8]",53,8
2423,2026-01-10T13:20:00.0,2026-01-19T18:57:45.531,"Any[56, 45, 37, 30, 25, 19, 13, 8]",56,8
2425,2026-01-10T13:20:00.0,2026-01-26T18:57:45.531,"Any[10, 19, 25, 30, 37, 45, 53]",10,53
2428,2026-01-10T13:20:00.0,2026-01-26T18:57:45.531,"Any[8, 13, 19, 25, 30, 37, 45, 56]",8,56
2431,2026-01-10T13:20:00.0,2026-01-26T18:57:45.531,"Any[53, 45, 37, 30, 25, 19, 10]",53,10
2433,2026-01-10T13:20:00.0,2026-01-26T18:57:45.531,"Any[6, 11, 19, 25, 30, 37, 45, 56, 60]",6,60
2439,2026-01-10T13:20:00.0,2026-01-19T18:57:45.531,"Any[60, 53, 45, 37, 30, 25, 19, 17, 19, 11, 6]",60,6
2467,2026-01-10T13:20:00.0,2026-02-02T18:57:45.531,"Any[60, 56, 45, 37, 30, 25, 19, 11, 6]",60,6
2469,2026-01-10T13:20:00.0,2026-01-12T18:57:45.531,"Any[53, 45, 37, 30, 25, 17, 11, 6, 1]",53,1
2470,2026-01-10T13:20:00.0,2026-01-12T18:57:45.531,"Any[64, 60, 56, 45, 37, 30, 25, 19, 13, 8]",64,8
2472,2026-01-10T13:20:00.0,2026-01-26T18:57:45.531,"Any[16, 19, 25, 30, 37, 45, 53]",16,53
2478,2026-01-10T13:20:00.0,2026-01-26T18:57:45.531,"Any[53, 45, 37, 30, 25]",53,25
2482,2026-01-10T13:20:00.0,2026-01-12T18:57:45.531,"Any[60, 56, 45, 37, 30, 25, 19, 11, 6]",60,6
2484,2026-01-10T13:20:00.0,2026-01-12T18:57:45.531,"Any[56, 45, 37, 30, 25, 19, 11, 6]",56,6
2487,2026-01-10T13:20:00.0,2026-02-02T18:57:45.531,"Any[60, 56, 45, 37, 30, 25, 19, 11, 6]",60,6
2493,2026-01-10T13:20:00.0,2026-01-19T18:57:45.531,"Any[6, 11, 19, 25, 30, 37, 45, 56]",6,56
2494,2026-01-10T13:20:00.0,2026-01-19T18:57:45.531,"Any[56, 45, 37, 30, 25, 19, 13, 8]",56,8
2504,2026-01-10T13:20:00.0,2026-01-26T18:57:45.531,"Any[53, 45, 37, 30, 25, 19, 10]",53,10
2507,2026-01-10T13:20:00.0,2026-01-12T18:57:45.531,"Any[17, 19, 25, 30, 37, 45, 53, 60]",17,60
2508,2026-01-10T13:20:00.0,2026-01-19T18:57:45.531,"Any[10, 19, 25, 30, 37, 45, 53]",10,53
2517,2026-01-10T13:20:00.0,2026-02-02T18:57:45.531,"Any[8, 13, 19, 25, 30, 37, 30, 37, 45, 53]",8,53
2520,2026-01-10T13:20:00.0,2026-02-02T18:57:45.531,"Any[3, 10, 11, 19, 25, 30, 37, 45]",3,45
2522,2026-01-10T13:20:00.0,2026-02-02T18:57:45.531,"Any[64, 60, 53, 45, 37, 30, 25, 19, 10]",64,10
2523,2026-01-10T13:20:00.0,2026-02-02T18:57:45.531,"Any[16, 25, 30, 37, 45, 53, 60]",16,60
2526,2026-01-10T13:20:00.0,2026-01-12T18:57:45.531,"Any[56, 45, 37, 30, 25]",56,25
2528,2026-01-10T13:20:00.0,2026-01-19T18:57:45.531,"Any[60, 56, 45, 37, 30, 25, 19]",60,19
2543,2026-01-10T13:20:00.0,2026-01-19T18:57:45.531,"Any[10, 19, 25, 30, 37, 45, 53]",10,53
2544,2026-01-10T13:20:00.0,2026-01-12T18:57:45.531,"Any[64, 60, 53, 45, 37, 30, 25, 19, 11, 6, 1]",64,1
2548,2026-01-10T13:20:00.0,2026-01-26T18:57:45.531,"Any[53, 45, 37, 30, 25, 19, 10]",53,10
2557,2026-01-10T13:20:00.0,2026-01-26T18:57:45.531,"Any[53, 45, 37, 30, 25, 19, 11, 6, 1]",53,1
2567,2026-01-10T13:20:00.0,2026-01-19T18:57:45.531,"Any[5, 6, 11, 19, 25, 30, 37, 45]",5,45
2569,2026-01-10T13:20:00.0,2026-01-12T18:57:45.531,"Any[8, 13, 19, 25, 30, 37, 45, 56, 60]",8,60
2572,2026-01-10T13:20:00.0,2026-01-12T18:57:45.531,"Any[1, 6, 11, 19, 25, 30, 37, 45, 56]",1,56
2577,2026-01-10T13:20:00.0,2026-01-12T18:57:45.531,"Any[10, 19, 25, 30, 37, 45, 56, 60]",10,60
2579,2026-01-10T13:20:00.0,2026-02-02T18:57:45.531,"Any[64, 60, 53, 45, 37, 30, 25, 19, 10]",64,10
2592,2026-01-10T13:20:00.0,2026-02-02T18:57:45.531,"Any[60, 53, 45, 37, 30, 25, 19]",60,19
2594,2026-01-10T13:20:00.0,2026-02-02T18:57:45.531,"Any[56, 45, 37, 30, 25]",56,25
2595,2026-01-10T13:20:00.0,2026-01-12T18:57:45.531,"Any[60, 53, 45, 37, 30, 25]",60,25
2602,2026-01-10T13:20:00.0,2026-01-26T18:57:45.531,"Any[19, 25, 30, 37, 45, 53]",19,53
2612,2026-01-10T13:20:00.0,2026-01-12T18:57:45.531,"Any[6, 11, 19, 25, 30, 37, 45]",6,45
2625,2026-01-10T13:20:00.0,2026-01-19T18:57:45.531,"Any[10, 19, 25, 30, 37, 45, 53, 60]",10,60
2627,2026-01-10T13:20:00.0,2026-01-19T18:57:45.531,"Any[53, 45, 37, 30, 25]",53,25
2632,2026-01-10T13:20:00.0,2026-02-02T18:57:45.531,"Any[13, 19, 25, 30, 37, 45, 56]",13,56
2634,2026-01-10T13:20:00.0,2026-01-26T18:57:45.531,"Any[53, 45, 37, 30, 25, 19, 10]",53,10
2639,2026-01-10T13:20:00.0,2026-01-26T18:57:45.531,"Any[10, 19, 25, 30, 37, 45, 53]",10,53
2645,2026-01-10T13:20:00.0,2026-01-12T18:57:45.531,"Any[56, 45, 37, 30, 25, 19, 13, 8]",56,8
2651,2026-01-10T13:20:00.0,2026-01-12T18:57:45.531,"Any[53, 45, 37, 30, 25, 19, 10]",53,10
2656,2026-01-10T13:20:00.0,2026-02-02T18:57:45.531,"Any[17, 25, 30, 37, 45, 53, 60]",17,60
2657,2026-01-10T13:20:00.0,2026-01-12T18:57:45.531,"Any[10, 19, 25, 30, 37, 45]",10,45
2659,2026-01-10T13:20:00.0,2026-01-19T18:57:45.531,"Any[10, 19, 25, 30, 37, 45, 53]",10,53
2661,2026-01-10T13:20:00.0,2026-01-12T18:57:45.531,"Any[13, 19, 25, 30, 37, 45, 56]",13,56
2668,2026-01-10T13:20:00.0,2026-01-26T18:57:45.531,"Any[53, 45, 37, 30, 25, 19, 10]",53,10
2671,2026-01-10T13:20:00.0,2026-02-02T18:57:45.531,"Any[56, 45, 37, 30, 25, 19]",56,19
2677,2026-01-10T13:20:00.0,2026-01-26T18:57:45.531,"Any[53, 45, 37, 30, 25, 19, 10]",53,10
2678,2026-01-10T13:20:00.0,2026-02-02T18:57:45.531,"Any[6, 11, 16, 25, 30, 37, 45, 56]",6,56
2679,2026-01-10T13:20:00.0,2026-01-19T18:57:45.531,"Any[56, 45, 37, 30, 25, 19, 11, 6, 6, 1]",56,6
2681,2026-01-10T13:20:00.0,2026-02-02T18:57:45.531,"Any[8, 13, 19, 25, 30, 37, 30, 37, 45, 53]",8,53
2691,2026-01-10T13:20:00.0,2026-01-12T18:57:45.531,"Any[45, 37, 30, 25]",45,25
2695,2026-01-10T13:20:00.0,2026-01-19T18:57:45.531,"Any[60, 56, 45, 37, 30, 25]",60,25
2702,2026-01-10T13:20:00.0,2026-01-12T18:57:45.531,"Any[60, 56, 45, 37, 30, 25]",60,25
2703,2026-01-10T13:20:00.0,2026-01-26T18:57:45.531,"Any[1, 6, 11, 19, 25, 30, 37, 45, 56]",1,56
2712,2026-01-10T13:20:00.0,2026-01-19T18:57:45.531,"Any[60, 56, 45, 37, 30, 25, 19, 11, 6]",60,6
2722,2026-01-10T13:20:00.0,2026-01-19T18:57:45.531,"Any[56, 45, 37, 30, 25]",56,25
2725,2026-01-10T13:20:00.0,2026-01-12T18:57:45.531,"Any[56, 45, 37, 30, 25]",56,25
2728,2026-01-10T13:20:00.0,2026-01-19T18:57:45.531,"Any[62, 45, 37, 30, 25, 19]",62,19
2731,2026-01-10T13:20:00.0,2026-02-02T18:57:45.531,"Any[8, 13, 19, 25, 30, 37, 45, 56, 60]",8,60
2738,2026-01-10T13:20:00.0,2026-01-26T18:57:45.531,"Any[60, 53, 45, 37, 30, 25, 19, 13, 8]",60,8
2753,2026-01-10T13:20:00.0,2026-01-26T18:57:45.531,"Any[53, 45, 37, 30, 25]",53,25
2760,2026-01-10T13:20:00.0,2026-02-02T18:57:45.531,"Any[13, 19, 25, 30, 37, 45, 56]",13,56
2765,2026-01-10T13:20:00.0,2026-01-12T18:57:45.531,"Any[19, 25, 30, 37, 45, 56]",19,56
2772,2026-01-10T13:20:00.0,2026-01-26T18:57:45.531,"Any[64, 53, 45, 37, 30, 25, 19, 10]",64,10
2773,2026-01-10T13:20:00.0,2026-01-26T18:57:45.531,"Any[53, 45, 37, 30, 25, 19, 10]",53,10
2776,2026-01-10T13:20:00.0,2026-01-12T18:57:45.531,"Any[19, 25, 30, 37, 45]",19,45
2778,2026-01-10T13:20:00.0,2026-02-02T18:57:45.531,"Any[8, 13, 19, 25, 30, 37, 45, 53]",8,53
2786,2026-01-10T13:20:00.0,2026-01-12T18:57:45.531,"Any[19, 25, 30, 37, 30, 37, 45, 53, 60, 64]",19,64
2797,2026-01-10T13:20:00.0,2026-01-19T18:57:45.531,"Any[56, 45, 37, 30, 25, 19]",56,19
2798,2026-01-10T13:20:00.0,2026-01-26T18:57:45.531,"Any[56, 45, 37, 30, 25, 19, 11, 6]",56,6
2803,2026-01-10T13:20:00.0,2026-01-12T18:57:45.531,"Any[53, 45, 37, 30, 25, 19, 11, 6, 1]",53,1
2810,2026-01-10T13:20:00.0,2026-01-19T18:57:45.531,"Any[53, 45, 37, 30, 25, 19, 10]",53,10
2811,2026-01-10T13:20:00.0,2026-02-02T18:57:45.531,"Any[7, 8, 13, 19, 25, 30, 37, 45, 53, 60]",7,60
2814,2026-01-10T13:20:00.0,2026-01-26T18:57:45.531,"Any[6, 11, 19, 25, 30, 37, 45, 56, 60]",6,60
2817,2026-01-10T13:20:00.0,2026-01-19T18:57:45.531,"Any[53, 45, 37, 30, 25, 19, 11, 6, 1]",53,1
2819,2026-01-10T13:20:00.0,2026-01-12T18:57:45.531,"Any[64, 60, 56, 45, 37, 30, 25, 19, 10]",64,10
2824,2026-01-10T13:20:00.0,2026-02-02T18:57:45.531,"Any[62, 53, 45, 37, 30, 25, 19, 13, 8]",62,8
2827,2026-01-10T13:20:00.0,2026-01-19T18:57:45.531,"Any[6, 11, 19, 25, 30, 37, 45, 53]",6,53
2838,2026-01-10T13:20:00.0,2026-02-02T18:57:45.531,"Any[19, 25, 30, 37, 45, 53]",19,53
2839,2026-01-10T13:20:00.0,2026-01-26T18:57:45.531,"Any[19, 25, 30, 37, 45, 53]",19,53
2841,2026-01-10T13:20:00.0,2026-01-26T18:57:45.531,"Any[53, 45, 37, 30, 25, 19, 13, 8]",53,8
2842,2026-01-10T13:20:00.0,2026-01-26T18:57:45.531,"Any[60, 53, 45, 37, 30, 25]",60,25
2862,2026-01-10T13:20:00.0,2026-01-26T18:57:45.531,"Any[64, 53, 45, 37, 30, 25, 19, 11, 6, 1]",64,1
2865,2026-01-10T13:20:00.0,2026-01-26T18:57:45.531,"Any[8, 13, 19, 25, 30, 37, 45, 53]",8,53
2866,2026-01-10T13:20:00.0,2026-01-26T18:57:45.531,"Any[56, 45, 37, 30, 25, 19, 11, 6]",56,6
2869,2026-01-10T13:20:00.0,2026-01-26T18:57:45.531,"Any[3, 6, 11, 16, 25, 30, 37, 45, 56]",3,56
2879,2026-01-10T13:20:00.0,2026-02-02T18:57:45.531,"Any[45, 37, 30, 25]",45,25
2881,2026-01-10T13:20:00.0,2026-01-26T18:57:45.531,"Any[64, 60, 56, 45, 37, 30, 25]",64,25
2882,2026-01-10T13:20:00.0,2026-01-26T18:57:45.531,"Any[64, 60, 56, 45, 37, 30, 25]",64,25
2883,2026-01-10T13:20:00.0,2026-01-19T18:57:45.531,"Any[64, 60, 53, 45, 37, 30, 25]",64,25
2884,2026-01-10T13:20:00.0,2026-01-12T18:57:45.531,"Any[64, 60, 53, 45, 37, 30, 25]",64,25
2886,2026-01-10T13:20:00.0,2026-01-12T18:57:45.531,"Any[64, 60, 53, 45, 37, 30, 25, 19, 13, 8]",64,8
2888,2026-01-10T13:20:00.0,2026-01-19T18:57:45.531,"Any[60, 56, 45, 37, 30, 25, 19]",60,19
2893,2026-01-10T13:20:00.0,2026-02-02T18:57:45.531,"Any[60, 56, 45, 37, 30, 25, 19]",60,19
2894,2026-01-10T13:20:00.0,2026-01-26T18:57:45.531,"Any[60, 56, 45, 37, 30, 25, 19]",60,19
2902,2026-01-10T13:20:00.0,2026-01-12T18:57:45.531,"Any[60, 56, 45, 37, 30, 25, 19]",60,19
2909,2026-01-10T13:20:00.0,2026-01-12T18:57:45.531,"Any[60, 53, 45, 37, 30, 25, 19, 13, 8]",60,8
2912,2026-01-10T13:20:00.0,2026-01-12T18:57:45.531,"Any[60, 56, 45, 37, 30, 25, 19, 13, 8]",60,8
2913,2026-01-10T13:20:00.0,2026-01-19T18:57:45.531,"Any[60, 53, 45, 37, 30, 25, 19, 13, 8]",60,8
2917,2026-01-10T13:20:00.0,2026-01-19T18:57:45.531,"Any[60, 56, 45, 37, 30, 25, 19, 13, 8]",60,8
2919,2026-01-10T13:20:00.0,2026-01-12T18:57:45.531,"Any[62, 56, 45, 37, 30, 25, 19, 13, 8]",62,8
2922,2026-01-10T13:20:00.0,2026-02-02T18:57:45.531,"Any[56, 45, 37, 30, 25]",56,25
2931,2026-01-10T13:20:00.0,2026-01-26T18:57:45.531,"Any[56, 45, 37, 30, 25]",56,25
2934,2026-01-10T13:20:00.0,2026-01-12T18:57:45.531,"Any[56, 45, 37, 30, 25]",56,25
2936,2026-01-10T13:20:00.0,2026-01-12T18:57:45.531,"Any[56, 45, 37, 30, 25, 19, 20]",56,20
2939,2026-01-10T13:20:00.0,2026-01-19T18:57:45.531,"Any[56, 45, 37, 30, 25, 19, 11, 6, 6, 5, 1, 1]",56,6
2940,2026-01-10T13:20:00.0,2026-01-26T18:57:45.531,"Any[56, 45, 37, 30, 25, 19, 11, 6]",56,6
2947,2026-01-10T13:20:00.0,2026-01-12T18:57:45.531,"Any[56, 45, 37, 30, 25, 19, 11, 6, 6]",56,6
2950,2026-01-10T13:20:00.0,2026-02-02T18:57:45.531,"Any[56, 45, 37, 30, 25, 19, 11, 6, 6, 5, 1, 1]",56,6
2951,2026-01-10T13:20:00.0,2026-01-19T18:57:45.531,"Any[56, 45, 37, 30, 25, 19, 11, 6]",56,6
2952,2026-01-10T13:20:00.0,2026-01-12T18:57:45.531,"Any[56, 45, 37, 30, 25, 19, 11, 6]",56,6
2969,2026-01-10T13:20:00.0,2026-01-19T18:57:45.531,"Any[56, 45, 37, 30, 25, 19, 11, 6]",56,6
2971,2026-01-10T13:20:00.0,2026-01-19T18:57:45.531,"Any[56, 45, 37, 30, 25, 19, 11, 6]",56,6
2974,2026-01-10T13:20:00.0,2026-01-12T18:57:45.531,"Any[56, 45, 37, 30, 25, 19, 11, 6]",56,6
2977,2026-01-10T13:20:00.0,2026-01-19T18:57:45.531,"Any[56, 45, 37, 30, 25, 19, 11, 6]",56,6
2989,2026-01-10T13:20:00.0,2026-01-12T18:57:45.531,"Any[56, 45, 37, 30, 25, 19, 11, 6]",56,6
2994,2026-01-10T13:20:00.0,2026-01-19T18:57:45.531,"Any[56, 45, 37, 30, 25, 19, 11, 6]",56,6
3000,2026-01-10T13:20:00.0,2026-01-19T18:57:45.531,"Any[56, 45, 37, 30, 25, 19, 11, 6]",56,6
3002,2026-01-10T13:20:00.0,2026-01-19T18:57:45.531,"Any[53, 45, 37, 30, 25, 19, 13, 8]",53,8
3025,2026-01-10T13:20:00.0,2026-01-19T18:57:45.531,"Any[17, 25, 30, 37, 45]",17,45
3027,2026-01-10T13:20:00.0,2026-02-02T18:57:45.531,"Any[8, 13, 19, 25, 30, 37, 45, 56]",8,56
3031,2026-01-10T13:20:00.0,2026-01-26T18:57:45.531,"Any[8, 13, 19, 25, 30, 37, 45, 56]",8,56
3034,2026-01-10T13:20:00.0,2026-01-26T18:57:45.531,"Any[8, 13, 19, 25, 30, 37, 45, 56]",8,56
3036,2026-01-10T13:20:00.0,2026-01-26T18:57:45.531,"Any[8, 13, 19, 25, 30, 37, 45, 56]",8,56
3037,2026-01-10T13:20:00.0,2026-02-02T18:57:45.531,"Any[8, 13, 19, 25, 30, 37, 45, 56]",8,56
3042,2026-01-10T13:20:00.0,2026-01-19T18:57:45.531,"Any[8, 13, 19, 25, 30, 37, 45, 56]",8,56
3044,2026-01-10T13:20:00.0,2026-02-02T18:57:45.531,"Any[8, 13, 19, 25, 30, 37, 45, 56]",8,56
3047,2026-01-10T13:20:00.0,2026-01-19T18:57:45.531,"Any[8, 13, 19, 25, 30, 37, 45, 56]",8,56
3051,2026-01-10T13:20:00.0,2026-01-19T18:57:45.531,"Any[8, 13, 19, 25, 30, 37, 45, 56]",8,56
3072,2026-01-10T13:20:00.0,2026-01-12T18:57:45.531,"Any[8, 13, 19, 25, 30, 37, 45, 56]",8,56
3075,2026-01-10T13:20:00.0,2026-02-02T18:57:45.531,"Any[1, 6, 11, 19, 25, 30, 37, 45, 53, 60]",1,60
3082,2026-01-10T13:20:00.0,2026-01-26T18:57:45.531,"Any[1, 6, 11, 19, 23, 36, 44, 54, 60]",1,60
3084,2026-01-10T13:20:00.0,2026-01-19T18:57:45.531,"Any[1, 6, 11, 19, 25, 30, 37, 45, 53, 60]",1,60
3085,2026-01-10T13:20:00.0,2026-01-26T18:57:45.531,"Any[1, 6, 11, 19, 23, 36, 44, 54, 60]",1,60
3086,2026-01-10T13:20:00.0,2026-01-19T18:57:45.531,"Any[1, 6, 11, 19, 25, 30, 37, 45, 53, 60]",1,60
3099,2026-01-10T13:20:00.0,2026-01-26T18:57:45.531,"Any[1, 6, 11, 19, 23, 16, 23, 36, 44, 60]",1,60
3100,2026-01-10T13:20:00.0,2026-01-19T18:57:45.531,"Any[1, 6, 11, 19, 23, 36, 44, 54, 60]",1,60
3108,2026-01-10T13:20:00.0,2026-01-12T18:57:45.531,"Any[6, 11, 19, 25, 30, 37, 45, 53]",6,53
3110,2026-01-10T13:20:00.0,2026-01-19T18:57:45.531,"Any[6, 11, 16, 25, 30, 37, 45, 53]",6,53
3117,2026-01-10T13:20:00.0,2026-01-26T18:57:45.531,"Any[6, 11, 19, 25, 30, 37, 45, 53]",6,53
3118,2026-01-10T13:20:00.0,2026-01-26T18:57:45.531,"Any[6, 11, 19, 25, 30, 37, 45, 53]",6,53
3123,2026-01-10T13:20:00.0,2026-01-26T18:57:45.531,"Any[6, 11, 19, 25, 30, 37, 45, 53]",6,53
3127,2026-01-10T13:20:00.0,2026-01-26T18:57:45.531,"Any[6, 11, 19, 25, 30, 37, 45, 53]",6,53
3128,2026-01-10T13:20:00.0,2026-01-12T18:57:45.531,"Any[6, 11, 19, 25, 30, 37, 45, 53]",6,53
3136,2026-01-10T13:20:00.0,2026-01-26T18:57:45.531,"Any[6, 11, 19, 25, 30, 37, 45, 53]",6,53
3138,2026-01-10T13:20:00.0,2026-01-12T18:57:45.531,"Any[6, 11, 19, 25, 30, 37, 45]",6,45
3140,2026-01-10T13:20:00.0,2026-01-19T18:57:45.531,"Any[6, 11, 19, 25, 30, 37, 45]",6,45
3148,2026-01-10T13:20:00.0,2026-01-19T18:57:45.531,"Any[10, 19, 25, 30, 37, 45, 53, 60]",10,60
3155,2026-01-10T13:20:00.0,2026-01-19T18:57:45.531,"Any[10, 19, 25, 30, 37, 45, 53, 60]",10,60
3159,2026-01-10T13:20:00.0,2026-01-26T18:57:45.531,"Any[10, 19, 25, 30, 37, 45, 53, 60]",10,60
3160,2026-01-10T13:20:00.0,2026-01-19T18:57:45.531,"Any[10, 19, 25, 30, 37, 45, 53, 60]",10,60
3161,2026-01-10T13:20:00.0,2026-01-19T18:57:45.531,"Any[10, 19, 25, 30, 37, 45, 53, 60]",10,60
3163,2026-01-10T13:20:00.0,2026-02-02T18:57:45.531,"Any[10, 19, 25, 30, 37, 45, 53, 60]",10,60
3177,2026-01-10T13:20:00.0,2026-01-12T18:57:45.531,"Any[10, 19, 25, 30, 37, 45, 53, 60]",10,60
3179,2026-01-10T13:20:00.0,2026-01-19T18:57:45.531,"Any[10, 19, 25, 30, 37, 45, 53, 60]",10,60
3180,2026-01-10T13:20:00.0,2026-01-12T18:57:45.531,"Any[10, 19, 25, 30, 37, 45, 53, 60]",10,60
3185,2026-01-10T13:20:00.0,2026-01-19T18:57:45.531,"Any[10, 19, 25, 30, 37, 45, 56, 60]",10,60
3188,2026-01-10T13:20:00.0,2026-02-02T18:57:45.531,"Any[10, 19, 25, 30, 37, 45, 53, 60]",10,60
3192,2026-01-10T13:20:00.0,2026-01-19T18:57:45.531,"Any[10, 19, 25, 30, 37, 45]",10,45
3196,2026-01-10T13:20:00.0,2026-02-02T18:57:45.531,"Any[10, 19, 25, 30, 37, 45]",10,45
25,2026-01-14T07:06:40.0,2026-01-09T12:44:25.531,"Any[8, 13, 25, 30, 37, 45, 56]",8,56
33,2026-01-14T07:06:40.0,2026-01-23T12:44:25.531,"Any[53, 45, 37, 30, 25, 19, 10]",53,10
34,2026-01-14T07:06:40.0,2026-01-09T12:44:25.531,"Any[16, 19, 25, 30, 37, 45, 53]",16,53
39,2026-01-14T07:06:40.0,2026-01-09T12:44:25.531,"Any[10, 19, 25, 30, 37, 45, 53]",10,53
46,2026-01-14T07:06:40.0,2026-01-23T12:44:25.531,"Any[53, 45, 37, 30, 25, 19, 13, 8]",53,8
57,2026-01-14T07:06:40.0,2026-01-23T12:44:25.531,"Any[64, 53, 45, 37, 30, 25, 19, 10]",64,10
91,2026-01-14T07:06:40.0,2026-01-30T12:44:25.531,"Any[6, 11, 19, 25, 30, 37, 45]",6,45
99,2026-01-14T07:06:40.0,2026-01-23T12:44:25.531,"Any[53, 45, 37, 30, 25, 19, 10]",53,10
101,2026-01-14T07:06:40.0,2026-01-23T12:44:25.531,"Any[8, 13, 19, 25, 30, 37, 45, 56]",8,56
106,2026-01-14T07:06:40.0,2026-01-09T12:44:25.531,"Any[60, 56, 45, 37, 30, 25]",60,25
119,2026-01-14T07:06:40.0,2026-01-23T12:44:25.531,"Any[53, 45, 37, 30, 25, 19, 10]",53,10
122,2026-01-14T07:06:40.0,2026-01-16T12:44:25.531,"Any[53, 45, 37, 30, 25, 19, 13, 8]",53,8
136,2026-01-14T07:06:40.0,2026-01-09T12:44:25.531,"Any[53, 45, 37, 30, 25]",53,25
138,2026-01-14T07:06:40.0,2026-01-09T12:44:25.531,"Any[53, 45, 37, 30, 25, 19, 10]",53,10
172,2026-01-14T07:06:40.0,2026-01-16T12:44:25.531,"Any[53, 45, 37, 30, 25, 19, 11, 6, 1]",53,1
182,2026-01-14T07:06:40.0,2026-01-30T12:44:25.531,"Any[8, 7, 8, 13, 19, 25, 30, 37, 45]",8,45
199,2026-01-14T07:06:40.0,2026-01-16T12:44:25.531,"Any[56, 45, 37, 30, 25, 19, 11, 6]",56,6
236,2026-01-14T07:06:40.0,2026-01-09T12:44:25.531,"Any[53, 45, 37, 30, 25]",53,25
238,2026-01-14T07:06:40.0,2026-01-30T12:44:25.531,"Any[6, 11, 19, 25, 30, 37, 45]",6,45
243,2026-01-14T07:06:40.0,2026-01-16T12:44:25.531,"Any[1, 6, 11, 19, 25, 30, 37, 45]",1,45
296,2026-01-14T07:06:40.0,2026-01-30T12:44:25.531,"Any[53, 45, 37, 30, 25, 19, 13, 8]",53,8
319,2026-01-14T07:06:40.0,2026-01-23T12:44:25.531,"Any[8, 13, 25, 30, 37, 45, 56]",8,56
380,2026-01-14T07:06:40.0,2026-01-16T12:44:25.531,"Any[10, 11, 19, 25, 30, 37, 45, 53]",10,53
403,2026-01-14T07:06:40.0,2026-01-09T12:44:25.531,"Any[19, 25, 30, 37, 45, 56]",19,56
413,2026-01-14T07:06:40.0,2026-01-30T12:44:25.531,"Any[8, 13, 19, 30, 37, 45, 56]",8,56
427,2026-01-14T07:06:40.0,2026-01-09T12:44:25.531,"Any[10, 19, 30, 37, 45, 53]",10,53
447,2026-01-14T07:06:40.0,2026-01-30T12:44:25.531,"Any[53, 45, 37, 30, 25, 19, 13, 8]",53,8
448,2026-01-14T07:06:40.0,2026-01-30T12:44:25.531,"Any[1, 6, 11, 19, 23, 28, 36, 44, 54, 60]",1,60
495,2026-01-14T07:06:40.0,2026-01-16T12:44:25.531,"Any[56, 45, 37, 30, 25, 19, 11, 6]",56,6
512,2026-01-14T07:06:40.0,2026-01-16T12:44:25.531,"Any[1, 6, 11, 19, 25, 30, 37, 45]",1,45
519,2026-01-14T07:06:40.0,2026-01-30T12:44:25.531,"Any[53, 45, 37, 30, 25, 19, 13, 8]",53,8
601,2026-01-14T07:06:40.0,2026-01-23T12:44:25.531,"Any[53, 45, 37, 30, 25, 19, 10]",53,10
602,2026-01-14T07:06:40.0,2026-01-16T12:44:25.531,"Any[64, 60, 56, 45, 37, 30, 25]",64,25
643,2026-01-14T07:06:40.0,2026-01-30T12:44:25.531,"Any[60, 56, 45, 37, 30, 25, 19, 11, 6]",60,6
666,2026-01-14T07:06:40.0,2026-01-09T12:44:25.531,"Any[53, 45, 37, 30, 25, 19, 11, 6, 1]",53,1
741,2026-01-14T07:06:40.0,2026-01-16T12:44:25.531,"Any[6, 11, 16, 25, 30, 37, 45, 53]",6,53
742,2026-01-14T07:06:40.0,2026-01-16T12:44:25.531,"Any[56, 45, 37, 30, 25, 19, 13, 8]",56,8
748,2026-01-14T07:06:40.0,2026-01-16T12:44:25.531,"Any[53, 45, 37, 30, 25, 19, 11, 6, 1]",53,1
752,2026-01-14T07:06:40.0,2026-01-09T12:44:25.531,"Any[56, 45, 37, 30, 25]",56,25
805,2026-01-14T07:06:40.0,2026-01-30T12:44:25.531,"Any[64, 60, 56, 45, 37, 30, 25, 19]",64,19
819,2026-01-14T07:06:40.0,2026-01-16T12:44:25.531,"Any[1, 6, 11, 16, 25, 30, 37, 45, 53]",1,53
824,2026-01-14T07:06:40.0,2026-01-16T12:44:25.531,"Any[10, 19, 30, 37, 45, 53]",10,53
825,2026-01-14T07:06:40.0,2026-01-23T12:44:25.531,"Any[7, 8, 13, 19, 25, 30, 37, 45, 53]",7,53
832,2026-01-14T07:06:40.0,2026-01-16T12:44:25.531,"Any[1, 6, 11, 19, 23, 36, 44, 54, 60]",1,60
857,2026-01-14T07:06:40.0,2026-01-09T12:44:25.531,"Any[56, 45, 37, 30, 25, 19, 10]",56,10
913,2026-01-14T07:06:40.0,2026-01-23T12:44:25.531,"Any[64, 53, 45, 37, 30, 25, 19, 13, 8]",64,8
923,2026-01-14T07:06:40.0,2026-01-23T12:44:25.531,"Any[60, 56, 45, 37, 30, 25]",60,25
926,2026-01-14T07:06:40.0,2026-01-16T12:44:25.531,"Any[53, 45, 37, 30, 25]",53,25
950,2026-01-14T07:06:40.0,2026-01-16T12:44:25.531,"Any[17, 25, 30, 37, 45, 53]",17,53
955,2026-01-14T07:06:40.0,2026-01-30T12:44:25.531,"Any[60, 56, 45, 37, 30, 25, 19]",60,19
961,2026-01-14T07:06:40.0,2026-01-23T12:44:25.531,"Any[3, 10, 19, 25, 30, 37, 45, 53]",3,53
966,2026-01-14T07:06:40.0,2026-01-30T12:44:25.531,"Any[17, 16, 17, 25, 30, 37, 45, 53]",17,53
969,2026-01-14T07:06:40.0,2026-01-09T12:44:25.531,"Any[8, 13, 19, 25, 30, 37, 45, 56]",8,56
984,2026-01-14T07:06:40.0,2026-01-23T12:44:25.531,"Any[60, 56, 45, 37, 30, 25]",60,25
1000,2026-01-14T07:06:40.0,2026-01-09T12:44:25.531,"Any[6, 11, 16, 25, 30, 37, 45]",6,45
1015,2026-01-14T07:06:40.0,2026-01-23T12:44:25.531,"Any[16, 25, 30, 37, 45, 56, 60]",16,60
1019,2026-01-14T07:06:40.0,2026-01-23T12:44:25.531,"Any[3, 10, 19, 25, 30, 37, 45, 53]",3,53
1035,2026-01-14T07:06:40.0,2026-01-30T12:44:25.531,"Any[7, 8, 13, 19, 25, 30, 37, 45, 53]",7,53
1071,2026-01-14T07:06:40.0,2026-01-30T12:44:25.531,"Any[7, 8, 13, 19, 25, 30, 37, 45, 53]",7,53
1094,2026-01-14T07:06:40.0,2026-01-30T12:44:25.531,"Any[53, 45, 37, 30, 25, 19, 13, 8]",53,8
1103,2026-01-14T07:06:40.0,2026-01-16T12:44:25.531,"Any[56, 45, 37, 30, 25]",56,25
1120,2026-01-14T07:06:40.0,2026-01-09T12:44:25.531,"Any[8, 13, 19, 25, 30, 37, 45, 56]",8,56
1146,2026-01-14T07:06:40.0,2026-01-23T12:44:25.531,"Any[56, 45, 37, 30, 25]",56,25
1207,2026-01-14T07:06:40.0,2026-01-30T12:44:25.531,"Any[53, 45, 37, 30, 25, 19, 10]",53,10
1262,2026-01-14T07:06:40.0,2026-01-16T12:44:25.531,"Any[16, 25, 30, 37, 45, 53, 60]",16,60
1270,2026-01-14T07:06:40.0,2026-01-23T12:44:25.531,"Any[6, 11, 19, 25, 30, 37, 45]",6,45
1299,2026-01-14T07:06:40.0,2026-01-30T12:44:25.531,"Any[54, 44, 36, 23, 19, 13, 8]",54,8
1340,2026-01-14T07:06:40.0,2026-01-16T12:44:25.531,"Any[56, 45, 37, 30, 25]",56,25
1352,2026-01-14T07:06:40.0,2026-01-23T12:44:25.531,"Any[56, 45, 37, 30, 25, 19, 10]",56,10
1389,2026-01-14T07:06:40.0,2026-01-09T12:44:25.531,"Any[3, 10, 19, 25, 30, 37, 45, 53]",3,53
1408,2026-01-14T07:06:40.0,2026-01-16T12:44:25.531,"Any[16, 25, 30, 37, 45, 53, 60]",16,60
1421,2026-01-14T07:06:40.0,2026-01-23T12:44:25.531,"Any[53, 45, 37, 30, 25, 19, 11, 6, 1]",53,1
1465,2026-01-14T07:06:40.0,2026-01-16T12:44:25.531,"Any[53, 45, 37, 30, 25, 19, 11, 6, 1]",53,1
1485,2026-01-14T07:06:40.0,2026-01-23T12:44:25.531,"Any[6, 11, 19, 25, 30, 37, 45]",6,45
1493,2026-01-14T07:06:40.0,2026-01-09T12:44:25.531,"Any[53, 45, 37, 30, 25, 19, 13, 8]",53,8
1499,2026-01-14T07:06:40.0,2026-01-23T12:44:25.531,"Any[1, 6, 11, 19, 25, 30, 37, 45, 53]",1,53
1510,2026-01-14T07:06:40.0,2026-01-30T12:44:25.531,"Any[3, 6, 11, 19, 25, 30, 37, 45, 56, 60]",3,60
1514,2026-01-14T07:06:40.0,2026-01-23T12:44:25.531,"Any[1, 6, 11, 19, 25, 30, 37, 45, 53]",1,53
1565,2026-01-14T07:06:40.0,2026-01-23T12:44:25.531,"Any[19, 25, 30, 37, 45, 56]",19,56
1589,2026-01-14T07:06:40.0,2026-01-30T12:44:25.531,"Any[56, 45, 37, 30, 25]",56,25
1594,2026-01-14T07:06:40.0,2026-01-16T12:44:25.531,"Any[7, 8, 13, 19, 25, 30, 37, 45, 53]",7,53
1637,2026-01-14T07:06:40.0,2026-01-30T12:44:25.531,"Any[53, 45, 37, 30, 25, 19, 13, 8]",53,8
1645,2026-01-14T07:06:40.0,2026-01-16T12:44:25.531,"Any[19, 25, 30, 37, 45, 56]",19,56
1688,2026-01-14T07:06:40.0,2026-01-16T12:44:25.531,"Any[64, 53, 45, 37, 30, 25, 19, 10]",64,10
1706,2026-01-14T07:06:40.0,2026-01-30T12:44:25.531,"Any[8, 13, 19, 25, 30, 37, 45, 53]",8,53
1712,2026-01-14T07:06:40.0,2026-01-23T12:44:25.531,"Any[56, 45, 37, 30, 25]",56,25
1725,2026-01-14T07:06:40.0,2026-01-16T12:44:25.531,"Any[6, 11, 25, 30, 37, 45, 53]",6,53
1730,2026-01-14T07:06:40.0,2026-01-16T12:44:25.531,"Any[8, 13, 19, 25, 30, 37, 45, 56]",8,56
1740,2026-01-14T07:06:40.0,2026-01-09T12:44:25.531,"Any[19, 25, 30, 37, 45, 53]",19,53
1750,2026-01-14T07:06:40.0,2026-01-30T12:44:25.531,"Any[10, 19, 25, 30, 37, 45, 53]",10,53
1756,2026-01-14T07:06:40.0,2026-01-16T12:44:25.531,"Any[53, 45, 37, 30, 25, 19, 10]",53,10
1761,2026-01-14T07:06:40.0,2026-01-23T12:44:25.531,"Any[8, 13, 19, 30, 37, 45, 56]",8,56
1769,2026-01-14T07:06:40.0,2026-01-09T12:44:25.531,"Any[53, 45, 37, 30, 25, 19, 10]",53,10
1781,2026-01-14T07:06:40.0,2026-01-16T12:44:25.531,"Any[6, 10, 19, 25, 30, 37, 45]",6,45
1783,2026-01-14T07:06:40.0,2026-01-16T12:44:25.531,"Any[6, 11, 19, 25, 30, 37, 45, 53]",6,53
1790,2026-01-14T07:06:40.0,2026-01-30T12:44:25.531,"Any[53, 45, 37, 30, 25]",53,25
1804,2026-01-14T07:06:40.0,2026-01-23T12:44:25.531,"Any[64, 60, 53, 45, 37, 30, 25, 19, 10]",64,10
1816,2026-01-14T07:06:40.0,2026-01-16T12:44:25.531,"Any[64, 53, 45, 37, 30, 25, 19, 11, 6, 1]",64,1
1824,2026-01-14T07:06:40.0,2026-01-16T12:44:25.531,"Any[7, 8, 13, 19, 25, 30, 37, 45, 53]",7,53
1826,2026-01-14T07:06:40.0,2026-01-30T12:44:25.531,"Any[10, 19, 25, 30, 37, 45, 53, 60]",10,60
1831,2026-01-14T07:06:40.0,2026-01-16T12:44:25.531,"Any[3, 10, 19, 25, 30, 37, 45, 53]",3,53
1847,2026-01-14T07:06:40.0,2026-01-23T12:44:25.531,"Any[53, 45, 37, 30, 25, 19, 10]",53,10
1856,2026-01-14T07:06:40.0,2026-01-16T12:44:25.531,"Any[53, 45, 37, 30, 25, 19, 10]",53,10
1887,2026-01-14T07:06:40.0,2026-01-30T12:44:25.531,"Any[60, 53, 45, 37, 30, 25]",60,25
1894,2026-01-14T07:06:40.0,2026-01-16T12:44:25.531,"Any[54, 44, 36, 23, 19, 13, 8, 7]",54,7
1915,2026-01-14T07:06:40.0,2026-01-16T12:44:25.531,"Any[53, 45, 37, 30, 25]",53,25
1923,2026-01-14T07:06:40.0,2026-01-16T12:44:25.531,"Any[60, 53, 45, 37, 30, 25, 19, 13, 8]",60,8
1927,2026-01-14T07:06:40.0,2026-01-16T12:44:25.531,"Any[53, 45, 37, 30, 25, 19, 10]",53,10
1937,2026-01-14T07:06:40.0,2026-01-16T12:44:25.531,"Any[54, 44, 36, 23, 19, 13, 8]",54,8
2004,2026-01-14T07:06:40.0,2026-01-30T12:44:25.531,"Any[6, 11, 25, 30, 37, 45, 53]",6,53
2014,2026-01-14T07:06:40.0,2026-01-09T12:44:25.531,"Any[8, 13, 19, 25, 30, 37, 45, 56]",8,56
2053,2026-01-14T07:06:40.0,2026-01-30T12:44:25.531,"Any[53, 45, 37, 30, 25, 19, 10]",53,10
2054,2026-01-14T07:06:40.0,2026-01-09T12:44:25.531,"Any[56, 45, 37, 30, 25, 19, 13, 30, 25, 19, 13, 8]",56,8
2098,2026-01-14T07:06:40.0,2026-01-23T12:44:25.531,"Any[19, 25, 30, 37, 45, 56]",19,56
2122,2026-01-14T07:06:40.0,2026-01-30T12:44:25.531,"Any[53, 45, 37, 30, 25, 19, 10]",53,10
2146,2026-01-14T07:06:40.0,2026-01-16T12:44:25.531,"Any[64, 53, 45, 37, 30, 25, 19, 10]",64,10
2149,2026-01-14T07:06:40.0,2026-01-16T12:44:25.531,"Any[6, 11, 19, 25, 30, 37, 45]",6,45
2160,2026-01-14T07:06:40.0,2026-01-23T12:44:25.531,"Any[8, 13, 19, 25, 30, 37, 45, 56]",8,56
2179,2026-01-14T07:06:40.0,2026-01-16T12:44:25.531,"Any[3, 10, 19, 25, 30, 37, 45, 53]",3,53
2210,2026-01-14T07:06:40.0,2026-01-30T12:44:25.531,"Any[10, 19, 25, 30, 37, 45, 53]",10,53
2216,2026-01-14T07:06:40.0,2026-01-23T12:44:25.531,"Any[6, 11, 25, 30, 37, 45]",6,45
2227,2026-01-14T07:06:40.0,2026-01-30T12:44:25.531,"Any[60, 56, 45, 37, 30, 25, 19, 11, 6]",60,6
2233,2026-01-14T07:06:40.0,2026-01-16T12:44:25.531,"Any[10, 19, 30, 37, 45, 53]",10,53
2245,2026-01-14T07:06:40.0,2026-01-23T12:44:25.531,"Any[19, 30, 37, 45, 56]",19,56
2319,2026-01-14T07:06:40.0,2026-01-09T12:44:25.531,"Any[56, 45, 37, 30, 25, 19, 13, 8]",56,8
2323,2026-01-14T07:06:40.0,2026-01-23T12:44:25.531,"Any[56, 45, 37, 30, 25, 19, 11, 6, 1]",56,1
2350,2026-01-14T07:06:40.0,2026-01-16T12:44:25.531,"Any[13, 19, 25, 37, 45, 56]",13,56
2353,2026-01-14T07:06:40.0,2026-01-16T12:44:25.531,"Any[1, 6, 11, 19, 25, 30, 37, 45]",1,45
2365,2026-01-14T07:06:40.0,2026-01-16T12:44:25.531,"Any[1, 6, 11, 19, 25, 30, 37, 45]",1,45
2370,2026-01-14T07:06:40.0,2026-01-09T12:44:25.531,"Any[8, 13, 19, 30, 37, 45, 56]",8,56
2378,2026-01-14T07:06:40.0,2026-01-16T12:44:25.531,"Any[53, 45, 37, 30, 25]",53,25
2408,2026-01-14T07:06:40.0,2026-01-09T12:44:25.531,"Any[53, 45, 37, 30, 25, 19, 11, 6, 1]",53,1
2409,2026-01-14T07:06:40.0,2026-01-09T12:44:25.531,"Any[56, 45, 37, 30, 25]",56,25
2441,2026-01-14T07:06:40.0,2026-01-23T12:44:25.531,"Any[25, 30, 37, 45]",25,45
2471,2026-01-14T07:06:40.0,2026-01-23T12:44:25.531,"Any[8, 13, 19, 25, 30, 37, 45, 56]",8,56
2485,2026-01-14T07:06:40.0,2026-01-23T12:44:25.531,"Any[6, 11, 25, 30, 37, 45, 53]",6,53
2527,2026-01-14T07:06:40.0,2026-01-23T12:44:25.531,"Any[64, 53, 45, 37, 30, 25, 19, 13, 8]",64,8
2537,2026-01-14T07:06:40.0,2026-01-16T12:44:25.531,"Any[56, 45, 37, 30, 25, 19, 10]",56,10
2597,2026-01-14T07:06:40.0,2026-01-09T12:44:25.531,"Any[19, 25, 30, 37, 45, 53]",19,53
2606,2026-01-14T07:06:40.0,2026-01-09T12:44:25.531,"Any[25, 30, 37, 45]",25,45
2610,2026-01-14T07:06:40.0,2026-01-16T12:44:25.531,"Any[8, 13, 25, 30, 37, 45, 56]",8,56
2643,2026-01-14T07:06:40.0,2026-01-23T12:44:25.531,"Any[19, 25, 30, 37, 45]",19,45
2707,2026-01-14T07:06:40.0,2026-01-23T12:44:25.531,"Any[8, 13, 19, 25, 30, 37, 45, 53]",8,53
2713,2026-01-14T07:06:40.0,2026-01-23T12:44:25.531,"Any[53, 45, 37, 30, 25]",53,25
2723,2026-01-14T07:06:40.0,2026-01-30T12:44:25.531,"Any[53, 45, 37, 30, 25]",53,25
2737,2026-01-14T07:06:40.0,2026-01-23T12:44:25.531,"Any[19, 25, 30, 37, 45, 56]",19,56
2769,2026-01-14T07:06:40.0,2026-01-16T12:44:25.531,"Any[53, 45, 37, 25]",53,25
2779,2026-01-14T07:06:40.0,2026-01-23T12:44:25.531,"Any[53, 45, 37, 30, 25]",53,25
2787,2026-01-14T07:06:40.0,2026-01-23T12:44:25.531,"Any[64, 60, 53, 45, 37, 30, 25]",64,25
2789,2026-01-14T07:06:40.0,2026-01-23T12:44:25.531,"Any[10, 11, 19, 25, 30, 37, 45, 53]",10,53
2820,2026-01-14T07:06:40.0,2026-01-30T12:44:25.531,"Any[53, 45, 37, 30, 25]",53,25
2822,2026-01-14T07:06:40.0,2026-01-30T12:44:25.531,"Any[8, 13, 25, 30, 37, 45, 56]",8,56
2836,2026-01-14T07:06:40.0,2026-01-09T12:44:25.531,"Any[6, 10, 19, 25, 30, 37, 45]",6,45
2857,2026-01-14T07:06:40.0,2026-01-16T12:44:25.531,"Any[56, 45, 37, 30, 25]",56,25
2858,2026-01-14T07:06:40.0,2026-01-16T12:44:25.531,"Any[19, 25, 30, 37, 45, 56]",19,56
2861,2026-01-14T07:06:40.0,2026-01-30T12:44:25.531,"Any[3, 10, 19, 25, 30, 37, 45, 53]",3,53
2927,2026-01-14T07:06:40.0,2026-01-09T12:44:25.531,"Any[56, 45, 37, 30, 25]",56,25
2938,2026-01-14T07:06:40.0,2026-01-16T12:44:25.531,"Any[56, 45, 37, 30, 25, 19, 11, 6]",56,6
2956,2026-01-14T07:06:40.0,2026-01-23T12:44:25.531,"Any[56, 45, 37, 30, 25, 19, 11, 6]",56,6
2965,2026-01-14T07:06:40.0,2026-01-23T12:44:25.531,"Any[56, 45, 37, 30, 25, 19, 11, 6]",56,6
3007,2026-01-14T07:06:40.0,2026-01-30T12:44:25.531,"Any[19, 17, 25, 30, 37, 45, 53]",19,53
3060,2026-01-14T07:06:40.0,2026-01-16T12:44:25.531,"Any[8, 13, 19, 25, 30, 37, 45, 56]",8,56
3066,2026-01-14T07:06:40.0,2026-01-23T12:44:25.531,"Any[8, 13, 25, 30, 37, 45, 56]",8,56
3092,2026-01-14T07:06:40.0,2026-01-23T12:44:25.531,"Any[1, 6, 11, 19, 23, 28, 36, 44, 60]",1,60
3101,2026-01-14T07:06:40.0,2026-01-16T12:44:25.531,"Any[1, 6, 11, 19, 23, 28, 36, 44, 54, 60]",1,60
3104,2026-01-14T07:06:40.0,2026-01-16T12:44:25.531,"Any[1, 6, 11, 19, 23, 28, 36, 44, 60]",1,60
3121,2026-01-14T07:06:40.0,2026-01-23T12:44:25.531,"Any[6, 11, 16, 25, 30, 37, 45, 53]",6,53
3144,2026-01-14T07:06:40.0,2026-01-16T12:44:25.531,"Any[10, 19, 25, 30, 37, 45, 53, 60]",10,60
3146,2026-01-14T07:06:40.0,2026-01-09T12:44:25.531,"Any[10, 19, 25, 30, 37, 45, 53, 60]",10,60
3167,2026-01-14T07:06:40.0,2026-01-09T12:44:25.531,"Any[10, 19, 25, 30, 37, 45, 53, 60]",10,60
1,2026-01-17T13:20:00.0,2026-02-02T18:57:45.531,"Any[6, 11, 19, 25, 30, 37, 45, 53]",6,53
7,2026-01-17T13:20:00.0,2026-01-12T18:57:45.531,"Any[64, 60, 53, 45, 37, 30, 25, 19, 10]",64,10
10,2026-01-17T13:20:00.0,2026-01-26T18:57:45.531,"Any[64, 60, 53, 45, 37, 30, 25]",64,25
15,2026-01-17T13:20:00.0,2026-01-19T18:57:45.531,"Any[6, 11, 19, 25, 30, 37, 45, 56]",6,56
36,2026-01-17T13:20:00.0,2026-01-12T18:57:45.531,"Any[6, 11, 19, 25, 30, 37, 45]",6,45
43,2026-01-17T13:20:00.0,2026-01-12T18:57:45.531,"Any[3, 10, 19, 25, 30, 37, 45, 53]",3,53
49,2026-01-17T13:20:00.0,2026-01-12T18:57:45.531,"Any[56, 45, 37, 30, 25, 19, 11, 6]",56,6
62,2026-01-17T13:20:00.0,2026-01-12T18:57:45.531,"Any[53, 45, 37, 30, 25, 19, 11, 6, 1]",53,1
63,2026-01-17T13:20:00.0,2026-01-12T18:57:45.531,"Any[8, 13, 19, 25, 30, 37, 45, 56]",8,56
64,2026-01-17T13:20:00.0,2026-01-26T18:57:45.531,"Any[53, 45, 37, 30, 25, 19, 10]",53,10
65,2026-01-17T13:20:00.0,2026-02-02T18:57:45.531,"Any[19, 25, 30, 37, 45, 56]",19,56
66,2026-01-17T13:20:00.0,2026-01-12T18:57:45.531,"Any[56, 45, 37, 30, 25, 19, 11, 6]",56,6
73,2026-01-17T13:20:00.0,2026-01-12T18:57:45.531,"Any[60, 56, 45, 37, 30, 25, 19]",60,19
74,2026-01-17T13:20:00.0,2026-01-26T18:57:45.531,"Any[6, 11, 25, 30, 37, 45]",6,45
75,2026-01-17T13:20:00.0,2026-01-26T18:57:45.531,"Any[56, 45, 37, 30, 25]",56,25
81,2026-01-17T13:20:00.0,2026-01-19T18:57:45.531,"Any[53, 45, 37, 30, 25, 19, 10]",53,10
88,2026-01-17T13:20:00.0,2026-01-12T18:57:45.531,"Any[7, 8, 13, 19, 25, 30, 37, 45, 53]",7,53
94,2026-01-17T13:20:00.0,2026-01-19T18:57:45.531,"Any[6, 11, 19, 25, 30, 37, 45]",6,45
97,2026-01-17T13:20:00.0,2026-01-19T18:57:45.531,"Any[53, 45, 37, 30, 25]",53,25
108,2026-01-17T13:20:00.0,2026-01-19T18:57:45.531,"Any[64, 60, 53, 45, 37, 30, 25, 19, 13, 8]",64,8
110,2026-01-17T13:20:00.0,2026-01-12T18:57:45.531,"Any[64, 60, 53, 45, 37, 30, 25, 19, 13, 8]",64,8
116,2026-01-17T13:20:00.0,2026-02-02T18:57:45.531,"Any[53, 45, 37, 30, 25, 19, 11, 6, 1]",53,1
118,2026-01-17T13:20:00.0,2026-01-19T18:57:45.531,"Any[53, 45, 37, 30, 25, 19, 10]",53,10
120,2026-01-17T13:20:00.0,2026-01-26T18:57:45.531,"Any[56, 45, 37, 30, 25, 19, 11, 6]",56,6
131,2026-01-17T13:20:00.0,2026-02-02T18:57:45.531,"Any[8, 13, 19, 25, 30, 37, 45, 53]",8,53
133,2026-01-17T13:20:00.0,2026-01-26T18:57:45.531,"Any[64, 60, 53, 45, 37, 30, 25, 19, 10]",64,10
145,2026-01-17T13:20:00.0,2026-01-19T18:57:45.531,"Any[64, 60, 56, 45, 37, 30, 25, 19, 11, 6]",64,6
148,2026-01-17T13:20:00.0,2026-02-02T18:57:45.531,"Any[10, 19, 25, 30, 37, 45, 53, 60]",10,60
166,2026-01-17T13:20:00.0,2026-02-02T18:57:45.531,"Any[1, 6, 11, 19, 25, 30, 37, 45, 56]",1,56
169,2026-01-17T13:20:00.0,2026-01-12T18:57:45.531,"Any[56, 45, 37, 30, 25]",56,25
175,2026-01-17T13:20:00.0,2026-01-12T18:57:45.531,"Any[8, 13, 19, 25, 30, 37, 45, 56]",8,56
197,2026-01-17T13:20:00.0,2026-01-19T18:57:45.531,"Any[56, 45, 37, 30, 25, 19, 11, 6]",56,6
198,2026-01-17T13:20:00.0,2026-01-12T18:57:45.531,"Any[8, 13, 19, 25, 30, 37, 45, 53, 56]",8,56
206,2026-01-17T13:20:00.0,2026-01-12T18:57:45.531,"Any[60, 56, 45, 37, 30, 25]",60,25
215,2026-01-17T13:20:00.0,2026-02-02T18:57:45.531,"Any[56, 45, 37, 30, 25, 19, 11, 6, 1]",56,1
234,2026-01-17T13:20:00.0,2026-02-02T18:57:45.531,"Any[56, 45, 37, 30, 25, 19, 20]",56,20
244,2026-01-17T13:20:00.0,2026-01-26T18:57:45.531,"Any[64, 60, 56, 45, 37, 30, 25, 19, 11, 6, 5, 2]",64,2
245,2026-01-17T13:20:00.0,2026-02-02T18:57:45.531,"Any[64, 60, 56, 45, 37, 30, 25]",64,25
253,2026-01-17T13:20:00.0,2026-01-19T18:57:45.531,"Any[64, 60, 56, 45, 37, 30, 25, 19, 13, 8]",64,8
254,2026-01-17T13:20:00.0,2026-01-26T18:57:45.531,"Any[8, 13, 19, 25, 30, 37, 45, 53]",8,53
255,2026-01-17T13:20:00.0,2026-01-26T18:57:45.531,"Any[53, 45, 37, 30, 25, 19, 10]",53,10
272,2026-01-17T13:20:00.0,2026-01-19T18:57:45.531,"Any[53, 45, 37, 30, 25, 19, 10]",53,10
274,2026-01-17T13:20:00.0,2026-01-19T18:57:45.531,"Any[1, 6, 11, 19, 25, 30, 37, 45, 53, 60]",1,60
276,2026-01-17T13:20:00.0,2026-01-12T18:57:45.531,"Any[53, 45, 37, 30, 25, 19, 13, 8]",53,8
277,2026-01-17T13:20:00.0,2026-01-26T18:57:45.531,"Any[7, 8, 13, 19, 25, 30, 37, 45, 53, 60]",7,60
281,2026-01-17T13:20:00.0,2026-01-12T18:57:45.531,"Any[53, 45, 37, 30, 25, 19, 10]",53,10
284,2026-01-17T13:20:00.0,2026-01-19T18:57:45.531,"Any[1, 6, 11, 19, 25, 30, 37, 45, 56]",1,56
300,2026-01-17T13:20:00.0,2026-02-02T18:57:45.531,"Any[60, 53, 45, 37, 30, 25, 19, 13, 8]",60,8
304,2026-01-17T13:20:00.0,2026-01-26T18:57:45.531,"Any[53, 45, 37, 30, 25, 19, 11, 6, 1]",53,1
307,2026-01-17T13:20:00.0,2026-01-12T18:57:45.531,"Any[45, 37, 30, 25]",45,25
308,2026-01-17T13:20:00.0,2026-01-26T18:57:45.531,"Any[56, 45, 37, 30, 25]",56,25
314,2026-01-17T13:20:00.0,2026-01-12T18:57:45.531,"Any[53, 45, 37, 30, 25]",53,25
320,2026-01-17T13:20:00.0,2026-01-19T18:57:45.531,"Any[19, 25, 30, 37, 45, 53]",19,53
322,2026-01-17T13:20:00.0,2026-01-19T18:57:45.531,"Any[8, 13, 19, 25, 30, 37, 45, 56]",8,56
325,2026-01-17T13:20:00.0,2026-02-02T18:57:45.531,"Any[7, 8, 13, 19, 25, 30, 37, 45]",7,45
327,2026-01-17T13:20:00.0,2026-01-19T18:57:45.531,"Any[8, 13, 19, 25, 30, 37, 45, 53]",8,53
335,2026-01-17T13:20:00.0,2026-02-02T18:57:45.531,"Any[60, 56, 45, 37, 30, 25]",60,25
354,2026-01-17T13:20:00.0,2026-02-02T18:57:45.531,"Any[53, 45, 37, 30, 25, 19, 10]",53,10
360,2026-01-17T13:20:00.0,2026-02-02T18:57:45.531,"Any[53, 45, 37, 30, 25, 19, 10]",53,10
372,2026-01-17T13:20:00.0,2026-01-12T18:57:45.531,"Any[60, 56, 45, 37, 30, 25, 19, 13, 8]",60,8
376,2026-01-17T13:20:00.0,2026-02-02T18:57:45.531,"Any[64, 56, 45, 37, 30, 25, 19, 11, 6]",64,6
378,2026-01-17T13:20:00.0,2026-02-02T18:57:45.531,"Any[5, 6, 11, 19, 25, 30, 37, 45]",5,45
385,2026-01-17T13:20:00.0,2026-01-26T18:57:45.531,"Any[8, 13, 19, 25, 30, 37, 45, 53]",8,53
386,2026-01-17T13:20:00.0,2026-01-12T18:57:45.531,"Any[53, 45, 37, 30, 25]",53,25
388,2026-01-17T13:20:00.0,2026-01-12T18:57:45.531,"Any[16, 17, 25, 30, 37, 45, 53]",16,53
392,2026-01-17T13:20:00.0,2026-01-12T18:57:45.531,"Any[60, 56, 45, 37, 30, 25, 19, 11, 6]",60,6
393,2026-01-17T13:20:00.0,2026-01-26T18:57:45.531,"Any[53, 45, 37, 30, 25, 19, 11, 6, 1]",53,1
398,2026-01-17T13:20:00.0,2026-01-12T18:57:45.531,"Any[53, 45, 37, 30, 25, 19, 10]",53,10
406,2026-01-17T13:20:00.0,2026-01-12T18:57:45.531,"Any[25, 30, 37, 45]",25,45
409,2026-01-17T13:20:00.0,2026-01-19T18:57:45.531,"Any[53, 45, 37, 30, 25, 19, 13, 8]",53,8
422,2026-01-17T13:20:00.0,2026-01-19T18:57:45.531,"Any[53, 45, 37, 30, 25, 19, 13, 8]",53,8
431,2026-01-17T13:20:00.0,2026-01-12T18:57:45.531,"Any[53, 45, 37, 30, 25]",53,25
434,2026-01-17T13:20:00.0,2026-02-02T18:57:45.531,"Any[3, 6, 11, 25, 30, 37, 45]",3,45
459,2026-01-17T13:20:00.0,2026-01-26T18:57:45.531,"Any[56, 45, 37, 30, 25, 19, 11, 6]",56,6
467,2026-01-17T13:20:00.0,2026-02-02T18:57:45.531,"Any[53, 45, 37, 30, 25, 19, 13, 8]",53,8
473,2026-01-17T13:20:00.0,2026-01-19T18:57:45.531,"Any[8, 13, 19, 25, 30, 37, 45, 56]",8,56
482,2026-01-17T13:20:00.0,2026-01-12T18:57:45.531,"Any[1, 6, 11, 19, 25, 30, 37, 45, 56]",1,56
483,2026-01-17T13:20:00.0,2026-02-02T18:57:45.531,"Any[56, 45, 37, 30, 25, 19, 11, 6, 6, 1]",56,6
484,2026-01-17T13:20:00.0,2026-01-26T18:57:45.531,"Any[53, 45, 37, 30, 25, 19, 13, 8]",53,8
486,2026-01-17T13:20:00.0,2026-01-26T18:57:45.531,"Any[53, 45, 37, 30, 25, 19, 13, 8]",53,8
489,2026-01-17T13:20:00.0,2026-02-02T18:57:45.531,"Any[10, 19, 25, 30, 37, 45]",10,45
498,2026-01-17T13:20:00.0,2026-01-26T18:57:45.531,"Any[19, 25, 30, 37, 45, 56]",19,56
501,2026-01-17T13:20:00.0,2026-01-26T18:57:45.531,"Any[1, 6, 11, 19, 25, 30, 37, 45, 53, 60]",1,60
514,2026-01-17T13:20:00.0,2026-01-19T18:57:45.531,"Any[60, 56, 45, 37, 30, 25, 19, 11, 6]",60,6
516,2026-01-17T13:20:00.0,2026-01-19T18:57:45.531,"Any[1, 6, 11, 19, 25, 30, 37, 45, 53]",1,53
521,2026-01-17T13:20:00.0,2026-01-12T18:57:45.531,"Any[56, 45, 37, 30, 25, 19, 20]",56,20
526,2026-01-17T13:20:00.0,2026-01-26T18:57:45.531,"Any[53, 45, 37, 30, 25]",53,25
533,2026-01-17T13:20:00.0,2026-01-26T18:57:45.531,"Any[60, 56, 45, 37, 30, 25, 19, 11, 6]",60,6
548,2026-01-17T13:20:00.0,2026-01-19T18:57:45.531,"Any[56, 45, 37, 30, 25, 19, 11, 6]",56,6
552,2026-01-17T13:20:00.0,2026-01-26T18:57:45.531,"Any[53, 45, 37, 30, 25, 19, 11, 6, 1]",53,1
558,2026-01-17T13:20:00.0,2026-01-19T18:57:45.531,"Any[16, 25, 30, 37, 45, 53, 60]",16,60
559,2026-01-17T13:20:00.0,2026-01-26T18:57:45.531,"Any[60, 56, 45, 37, 30, 25, 19, 13, 8]",60,8
562,2026-01-17T13:20:00.0,2026-01-26T18:57:45.531,"Any[53, 45, 37, 30, 25, 19, 11, 6, 1]",53,1
571,2026-01-17T13:20:00.0,2026-01-12T18:57:45.531,"Any[10, 19, 25, 30, 37, 45, 53]",10,53
572,2026-01-17T13:20:00.0,2026-01-12T18:57:45.531,"Any[17, 19, 25, 30, 37, 45, 53, 60]",17,60
575,2026-01-17T13:20:00.0,2026-01-19T18:57:45.531,"Any[56, 45, 37, 30, 25, 19, 11, 6]",56,6
584,2026-01-17T13:20:00.0,2026-01-12T18:57:45.531,"Any[10, 19, 25, 30, 37, 45, 53]",10,53
588,2026-01-17T13:20:00.0,2026-01-19T18:57:45.531,"Any[1, 6, 11, 16, 19, 25, 30, 37, 45, 56, 60, 64]",1,64
590,2026-01-17T13:20:00.0,2026-01-12T18:57:45.531,"Any[60, 56, 45, 37, 30, 25]",60,25
596,2026-01-17T13:20:00.0,2026-01-26T18:57:45.531,"Any[3, 6, 11, 25, 30, 37, 45]",3,45
600,2026-01-17T13:20:00.0,2026-02-02T18:57:45.531,"Any[53, 45, 37, 30, 25, 19, 13, 8]",53,8
603,2026-01-17T13:20:00.0,2026-01-12T18:57:45.531,"Any[53, 45, 37, 30, 25, 19, 13, 8]",53,8
606,2026-01-17T13:20:00.0,2026-02-02T18:57:45.531,"Any[6, 11, 19, 25, 30, 37, 45, 56, 60]",6,60
608,2026-01-17T13:20:00.0,2026-02-02T18:57:45.531,"Any[19, 25, 30, 37, 45, 56]",19,56
613,2026-01-17T13:20:00.0,2026-01-19T18:57:45.531,"Any[3, 6, 11, 19, 25, 30, 37, 45, 53]",3,53
619,2026-01-17T13:20:00.0,2026-02-02T18:57:45.531,"Any[45, 37, 30, 25]",45,25
627,2026-01-17T13:20:00.0,2026-01-12T18:57:45.531,"Any[60, 53, 45, 37, 30, 25]",60,25
630,2026-01-17T13:20:00.0,2026-01-26T18:57:45.531,"Any[1, 6, 11, 19, 23, 36, 44, 54, 60]",1,60
644,2026-01-17T13:20:00.0,2026-01-26T18:57:45.531,"Any[53, 45, 37, 30, 25, 19, 13, 8]",53,8
651,2026-01-17T13:20:00.0,2026-01-19T18:57:45.531,"Any[53, 45, 37, 30, 25]",53,25
652,2026-01-17T13:20:00.0,2026-01-26T18:57:45.531,"Any[19, 25, 30, 37, 45, 56]",19,56
654,2026-01-17T13:20:00.0,2026-01-26T18:57:45.531,"Any[6, 11, 19, 25, 30, 37, 45]",6,45
655,2026-01-17T13:20:00.0,2026-01-19T18:57:45.531,"Any[60, 53, 45, 37, 30, 25, 19]",60,19
677,2026-01-17T13:20:00.0,2026-01-19T18:57:45.531,"Any[6, 11, 19, 25, 30, 37, 45]",6,45
685,2026-01-17T13:20:00.0,2026-01-26T18:57:45.531,"Any[54, 44, 36, 23, 19, 13, 8]",54,8
694,2026-01-17T13:20:00.0,2026-01-12T18:57:45.531,"Any[45, 37, 30, 25]",45,25
703,2026-01-17T13:20:00.0,2026-01-12T18:57:45.531,"Any[10, 19, 25, 30, 37, 45, 53]",10,53
708,2026-01-17T13:20:00.0,2026-02-02T18:57:45.531,"Any[53, 45, 37, 30, 25, 19, 11, 6, 1]",53,1
710,2026-01-17T13:20:00.0,2026-02-02T18:57:45.531,"Any[62, 56, 45, 37, 30, 25, 19]",62,19
711,2026-01-17T13:20:00.0,2026-01-12T18:57:45.531,"Any[56, 45, 37, 30, 25]",56,25
712,2026-01-17T13:20:00.0,2026-01-19T18:57:45.531,"Any[6, 11, 19, 25, 30, 37, 45]",6,45
714,2026-01-17T13:20:00.0,2026-02-02T18:57:45.531,"Any[5, 6, 11, 19, 25, 30, 37, 45]",5,45
719,2026-01-17T13:20:00.0,2026-01-19T18:57:45.531,"Any[53, 45, 37, 30, 25, 19, 11, 6, 1]",53,1
724,2026-01-17T13:20:00.0,2026-01-12T18:57:45.531,"Any[6, 11, 16, 25, 30, 37, 45]",6,45
729,2026-01-17T13:20:00.0,2026-01-19T18:57:45.531,"Any[10, 19, 25, 30, 37, 45, 53, 60]",10,60
740,2026-01-17T13:20:00.0,2026-02-02T18:57:45.531,"Any[45, 37, 30, 25, 19, 11, 6, 1]",45,1
747,2026-01-17T13:20:00.0,2026-02-02T18:57:45.531,"Any[10, 19, 25, 30, 37, 45, 53]",10,53
759,2026-01-17T13:20:00.0,2026-01-12T18:57:45.531,"Any[20, 19, 25, 30, 37, 45, 53]",20,53
760,2026-01-17T13:20:00.0,2026-02-02T18:57:45.531,"Any[25, 30, 37, 45, 56, 60]",25,60
762,2026-01-17T13:20:00.0,2026-01-19T18:57:45.531,"Any[1, 6, 11, 19, 23, 16, 23, 36, 44, 60]",1,60
768,2026-01-17T13:20:00.0,2026-01-26T18:57:45.531,"Any[53, 45, 37, 30, 25, 19, 13, 8]",53,8
769,2026-01-17T13:20:00.0,2026-01-12T18:57:45.531,"Any[1, 6, 11, 19, 25, 30, 37, 45, 56]",1,56
773,2026-01-17T13:20:00.0,2026-02-02T18:57:45.531,"Any[10, 19, 25, 30, 37, 45, 53]",10,53
786,2026-01-17T13:20:00.0,2026-02-02T18:57:45.531,"Any[1, 6, 11, 19, 25, 30, 37, 45, 56]",1,56
787,2026-01-17T13:20:00.0,2026-01-12T18:57:45.531,"Any[53, 45, 37, 30, 25, 19, 13, 8]",53,8
789,2026-01-17T13:20:00.0,2026-01-26T18:57:45.531,"Any[45, 37, 30, 25]",45,25
790,2026-01-17T13:20:00.0,2026-02-02T18:57:45.531,"Any[1, 6, 11, 19, 25, 30, 37, 45, 53, 60]",1,60
801,2026-01-17T13:20:00.0,2026-01-19T18:57:45.531,"Any[8, 13, 19, 25, 30, 37, 45, 56]",8,56
804,2026-01-17T13:20:00.0,2026-01-12T18:57:45.531,"Any[60, 53, 45, 37, 30, 25]",60,25
807,2026-01-17T13:20:00.0,2026-01-26T18:57:45.531,"Any[53, 45, 37, 30, 25, 19, 13, 8]",53,8
811,2026-01-17T13:20:00.0,2026-01-26T18:57:45.531,"Any[60, 56, 45, 37, 30, 25, 19]",60,19
812,2026-01-17T13:20:00.0,2026-02-02T18:57:45.531,"Any[1, 6, 11, 19, 25, 30, 37, 45, 56]",1,56
826,2026-01-17T13:20:00.0,2026-01-26T18:57:45.531,"Any[64, 60, 56, 45, 37, 30, 25, 19, 13, 8]",64,8
827,2026-01-17T13:20:00.0,2026-01-26T18:57:45.531,"Any[60, 53, 45, 37, 30, 25]",60,25
836,2026-01-17T13:20:00.0,2026-01-12T18:57:45.531,"Any[10, 19, 25, 30, 37, 45, 56]",10,56
839,2026-01-17T13:20:00.0,2026-01-12T18:57:45.531,"Any[53, 45, 37, 30, 25, 19, 11, 6, 1]",53,1
848,2026-01-17T13:20:00.0,2026-01-19T18:57:45.531,"Any[17, 25, 30, 37, 45, 56]",17,56
849,2026-01-17T13:20:00.0,2026-01-12T18:57:45.531,"Any[60, 53, 45, 37, 30, 25, 19, 17, 19, 11, 6]",60,6
860,2026-01-17T13:20:00.0,2026-01-26T18:57:45.531,"Any[56, 45, 37, 30, 25, 19, 13, 8]",56,8
861,2026-01-17T13:20:00.0,2026-02-02T18:57:45.531,"Any[8, 13, 19, 25, 30, 37, 45, 56]",8,56
879,2026-01-17T13:20:00.0,2026-01-19T18:57:45.531,"Any[6, 11, 19, 25, 30, 37, 45, 53]",6,53
882,2026-01-17T13:20:00.0,2026-02-02T18:57:45.531,"Any[56, 45, 37, 30, 25]",56,25
887,2026-01-17T13:20:00.0,2026-01-26T18:57:45.531,"Any[8, 13, 19, 25, 30, 37, 45, 56]",8,56
898,2026-01-17T13:20:00.0,2026-01-19T18:57:45.531,"Any[60, 53, 45, 37, 30, 25]",60,25
900,2026-01-17T13:20:00.0,2026-02-02T18:57:45.531,"Any[53, 45, 37, 30, 25, 19, 10]",53,10
909,2026-01-17T13:20:00.0,2026-01-19T18:57:45.531,"Any[64, 60, 53, 45, 37, 30, 25, 19, 10]",64,10
911,2026-01-17T13:20:00.0,2026-02-02T18:57:45.531,"Any[6, 11, 19, 25, 30, 37, 45]",6,45
912,2026-01-17T13:20:00.0,2026-01-26T18:57:45.531,"Any[19, 25, 30, 37, 45, 53]",19,53
928,2026-01-17T13:20:00.0,2026-02-02T18:57:45.531,"Any[10, 19, 25, 30, 37, 45, 53]",10,53
929,2026-01-17T13:20:00.0,2026-01-19T18:57:45.531,"Any[56, 45, 37, 30, 25, 19, 13, 8]",56,8
930,2026-01-17T13:20:00.0,2026-01-12T18:57:45.531,"Any[53, 45, 37, 30, 25, 19, 10]",53,10
932,2026-01-17T13:20:00.0,2026-01-19T18:57:45.531,"Any[19, 25, 30, 37, 45, 53]",19,53
936,2026-01-17T13:20:00.0,2026-01-19T18:57:45.531,"Any[56, 45, 37, 30, 25, 19, 11, 6]",56,6
948,2026-01-17T13:20:00.0,2026-01-26T18:57:45.531,"Any[56, 45, 37, 30, 25, 19, 11, 6, 6, 1]",56,6
951,2026-01-17T13:20:00.0,2026-01-12T18:57:45.531,"Any[64, 60, 53, 45, 37, 30, 25, 19, 10]",64,10
957,2026-01-17T13:20:00.0,2026-01-19T18:57:45.531,"Any[56, 45, 37, 30, 25, 19]",56,19
965,2026-01-17T13:20:00.0,2026-01-26T18:57:45.531,"Any[1, 6, 11, 19, 25, 30, 37, 45, 56]",1,56
972,2026-01-17T13:20:00.0,2026-02-02T18:57:45.531,"Any[1, 6, 11, 19, 25, 30, 37, 45, 56]",1,56
977,2026-01-17T13:20:00.0,2026-02-02T18:57:45.531,"Any[45, 37, 30, 25]",45,25
983,2026-01-17T13:20:00.0,2026-01-19T18:57:45.531,"Any[7, 8, 13, 19, 25, 30, 37, 45, 56]",7,56
986,2026-01-17T13:20:00.0,2026-01-12T18:57:45.531,"Any[19, 25, 30, 37, 45]",19,45
996,2026-01-17T13:20:00.0,2026-01-19T18:57:45.531,"Any[45, 37, 30, 25]",45,25
1011,2026-01-17T13:20:00.0,2026-01-12T18:57:45.531,"Any[62, 45, 37, 30, 25, 19]",62,19
1029,2026-01-17T13:20:00.0,2026-01-19T18:57:45.531,"Any[62, 56, 45, 37, 30, 25, 19, 13, 8]",62,8
1031,2026-01-17T13:20:00.0,2026-01-19T18:57:45.531,"Any[13, 19, 25, 30, 37, 45, 56]",13,56
1045,2026-01-17T13:20:00.0,2026-02-02T18:57:45.531,"Any[60, 53, 45, 37, 30, 25]",60,25
1058,2026-01-17T13:20:00.0,2026-01-12T18:57:45.531,"Any[10, 19, 25, 30, 37, 45, 53]",10,53
1060,2026-01-17T13:20:00.0,2026-02-02T18:57:45.531,"Any[60, 56, 45, 37, 30, 25, 19, 11, 6]",60,6
1061,2026-01-17T13:20:00.0,2026-02-02T18:57:45.531,"Any[19, 25, 30, 37, 45, 53]",19,53
1062,2026-01-17T13:20:00.0,2026-01-26T18:57:45.531,"Any[53, 45, 37, 30, 25, 19, 10]",53,10
1064,2026-01-17T13:20:00.0,2026-01-12T18:57:45.531,"Any[53, 45, 37, 30, 25, 19, 10]",53,10
1065,2026-01-17T13:20:00.0,2026-01-12T18:57:45.531,"Any[5, 6, 11, 19, 25, 30, 37, 45]",5,45
1075,2026-01-17T13:20:00.0,2026-01-19T18:57:45.531,"Any[53, 45, 37, 30, 25, 19, 13, 8]",53,8
1087,2026-01-17T13:20:00.0,2026-01-19T18:57:45.531,"Any[14, 19, 25, 30, 37, 45, 53]",14,53
1102,2026-01-17T13:20:00.0,2026-01-19T18:57:45.531,"Any[16, 25, 30, 37, 45, 53]",16,53
1105,2026-01-17T13:20:00.0,2026-01-19T18:57:45.531,"Any[25, 30, 37, 45, 56, 60]",25,60
1109,2026-01-17T13:20:00.0,2026-01-19T18:57:45.531,"Any[53, 45, 37, 30, 25]",53,25
1112,2026-01-17T13:20:00.0,2026-01-19T18:57:45.531,"Any[64, 60, 53, 45, 37, 30, 25, 19, 10]",64,10
1115,2026-01-17T13:20:00.0,2026-01-19T18:57:45.531,"Any[53, 45, 37, 30, 25]",53,25
1116,2026-01-17T13:20:00.0,2026-01-19T18:57:45.531,"Any[1, 6, 11, 19, 25, 30, 37, 45, 53]",1,53
1118,2026-01-17T13:20:00.0,2026-02-02T18:57:45.531,"Any[6, 11, 19, 25, 30, 37, 45]",6,45
1121,2026-01-17T13:20:00.0,2026-01-19T18:57:45.531,"Any[53, 45, 37, 30, 25, 19, 10]",53,10
1134,2026-01-17T13:20:00.0,2026-01-19T18:57:45.531,"Any[1, 6, 11, 19, 25, 30, 37, 45, 56, 60]",1,60
1140,2026-01-17T13:20:00.0,2026-01-26T18:57:45.531,"Any[54, 44, 36, 23, 19, 11, 6]",54,6
1145,2026-01-17T13:20:00.0,2026-01-19T18:57:45.531,"Any[53, 45, 37, 30, 25, 19, 11, 6, 1]",53,1
1152,2026-01-17T13:20:00.0,2026-01-19T18:57:45.531,"Any[8, 13, 19, 25, 30, 37, 45, 56]",8,56
1165,2026-01-17T13:20:00.0,2026-02-02T18:57:45.531,"Any[53, 45, 37, 30, 25, 19, 10]",53,10
1170,2026-01-17T13:20:00.0,2026-01-26T18:57:45.531,"Any[1, 6, 11, 19, 25, 30, 37, 45, 56]",1,56
1185,2026-01-17T13:20:00.0,2026-02-02T18:57:45.531,"Any[1, 6, 11, 19, 25, 30, 37, 45, 56]",1,56
1191,2026-01-17T13:20:00.0,2026-01-12T18:57:45.531,"Any[60, 53, 45, 37, 30, 25, 19, 13, 8]",60,8
1193,2026-01-17T13:20:00.0,2026-01-12T18:57:45.531,"Any[62, 45, 37, 30, 25, 19, 14, 13, 14]",62,14
1196,2026-01-17T13:20:00.0,2026-02-02T18:57:45.531,"Any[53, 45, 37, 30, 25, 19, 13, 8]",53,8
1205,2026-01-17T13:20:00.0,2026-01-12T18:57:45.531,"Any[60, 53, 45, 37, 30, 25]",60,25
1218,2026-01-17T13:20:00.0,2026-01-19T18:57:45.531,"Any[1, 6, 11, 19, 25, 30, 37, 45, 56, 60]",1,60
1233,2026-01-17T13:20:00.0,2026-01-12T18:57:45.531,"Any[53, 45, 37, 30, 25, 19, 13, 8]",53,8
1234,2026-01-17T13:20:00.0,2026-01-26T18:57:45.531,"Any[1, 6, 11, 25, 30, 37, 45, 53]",1,53
1246,2026-01-17T13:20:00.0,2026-01-26T18:57:45.531,"Any[64, 53, 45, 37, 30, 25, 19, 13, 8]",64,8
1250,2026-01-17T13:20:00.0,2026-01-26T18:57:45.531,"Any[2, 9, 21, 27, 31, 36, 45, 55]",2,55
1252,2026-01-17T13:20:00.0,2026-02-02T18:57:45.531,"Any[60, 56, 45, 37, 30, 25, 19, 17, 19, 11, 6, 6, 1]",60,6
1254,2026-01-17T13:20:00.0,2026-01-12T18:57:45.531,"Any[64, 60, 56, 45, 37, 30, 25, 19]",64,19
1257,2026-01-17T13:20:00.0,2026-01-26T18:57:45.531,"Any[8, 13, 19, 25, 30, 37, 45]",8,45
1267,2026-01-17T13:20:00.0,2026-01-12T18:57:45.531,"Any[56, 45, 37, 30, 25, 19, 13, 8]",56,8
1274,2026-01-17T13:20:00.0,2026-01-26T18:57:45.531,"Any[3, 10, 19, 25, 30, 37, 45, 53]",3,53
1275,2026-01-17T13:20:00.0,2026-02-02T18:57:45.531,"Any[10, 19, 25, 30, 37, 45, 53]",10,53
1282,2026-01-17T13:20:00.0,2026-01-19T18:57:45.531,"Any[53, 45, 37, 30, 25, 19, 10]",53,10
1283,2026-01-17T13:20:00.0,2026-01-19T18:57:45.531,"Any[64, 60, 56, 45, 37, 30, 25, 19, 11, 10]",64,10
1284,2026-01-17T13:20:00.0,2026-01-12T18:57:45.531,"Any[10, 19, 25, 30, 37, 45, 53]",10,53
1285,2026-01-17T13:20:00.0,2026-01-19T18:57:45.531,"Any[53, 45, 37, 30, 25, 19, 11, 6, 1]",53,1
1286,2026-01-17T13:20:00.0,2026-01-19T18:57:45.531,"Any[1, 6, 11, 19, 25, 30, 37, 45, 56]",1,56
1290,2026-01-17T13:20:00.0,2026-01-26T18:57:45.531,"Any[14, 19, 25, 30, 37, 45, 53]",14,53
1298,2026-01-17T13:20:00.0,2026-01-19T18:57:45.531,"Any[7, 8, 13, 19, 25, 30, 37, 45, 53]",7,53
1300,2026-01-17T13:20:00.0,2026-01-12T18:57:45.531,"Any[45, 37, 30, 25]",45,25
1305,2026-01-17T13:20:00.0,2026-01-19T18:57:45.531,"Any[1, 6, 11, 19, 25, 30, 37, 45, 56]",1,56
1311,2026-01-17T13:20:00.0,2026-01-12T18:57:45.531,"Any[13, 19, 25, 30, 37, 45, 56]",13,56
1325,2026-01-17T13:20:00.0,2026-01-19T18:57:45.531,"Any[53, 45, 37, 30, 25, 19, 11, 6, 1]",53,1
1327,2026-01-17T13:20:00.0,2026-01-19T18:57:45.531,"Any[53, 45, 37, 30, 25, 19, 10]",53,10
1338,2026-01-17T13:20:00.0,2026-02-02T18:57:45.531,"Any[1, 6, 11, 19, 25, 30, 37, 45, 56]",1,56
1349,2026-01-17T13:20:00.0,2026-01-26T18:57:45.531,"Any[60, 56, 45, 37, 30, 25, 19]",60,19
1358,2026-01-17T13:20:00.0,2026-02-02T18:57:45.531,"Any[8, 13, 19, 25, 30, 37, 45, 56]",8,56
1360,2026-01-17T13:20:00.0,2026-01-19T18:57:45.531,"Any[60, 53, 45, 37, 30, 25]",60,25
1366,2026-01-17T13:20:00.0,2026-01-19T18:57:45.531,"Any[13, 19, 25, 30, 37, 45, 53]",13,53
1372,2026-01-17T13:20:00.0,2026-01-12T18:57:45.531,"Any[1, 6, 11, 19, 25, 30, 37, 45, 56]",1,56
1378,2026-01-17T13:20:00.0,2026-01-12T18:57:45.531,"Any[8, 13, 19, 25, 30, 37, 45]",8,45
1383,2026-01-17T13:20:00.0,2026-01-19T18:57:45.531,"Any[60, 53, 45, 37, 30, 25, 19, 13, 8]",60,8
1385,2026-01-17T13:20:00.0,2026-01-26T18:57:45.531,"Any[64, 60, 53, 45, 37, 30, 25, 19, 10]",64,10
1387,2026-01-17T13:20:00.0,2026-02-02T18:57:45.531,"Any[16, 25, 30, 37, 45, 53, 60]",16,60
1391,2026-01-17T13:20:00.0,2026-01-19T18:57:45.531,"Any[19, 17, 25, 30, 37, 45, 53]",19,53
1395,2026-01-17T13:20:00.0,2026-01-12T18:57:45.531,"Any[53, 45, 37, 30, 25, 19, 13, 8]",53,8
1403,2026-01-17T13:20:00.0,2026-02-02T18:57:45.531,"Any[19, 25, 30, 37, 45, 56]",19,56
1404,2026-01-17T13:20:00.0,2026-01-12T18:57:45.531,"Any[53, 45, 37, 30, 25]",53,25
1406,2026-01-17T13:20:00.0,2026-02-02T18:57:45.531,"Any[53, 45, 37, 30, 25, 19, 11, 6, 1]",53,1
1412,2026-01-17T13:20:00.0,2026-02-02T18:57:45.531,"Any[56, 45, 37, 30, 25]",56,25
1413,2026-01-17T13:20:00.0,2026-02-02T18:57:45.531,"Any[53, 45, 37, 30, 25]",53,25
1414,2026-01-17T13:20:00.0,2026-01-19T18:57:45.531,"Any[17, 16, 25, 30, 37, 45, 53]",17,53
1428,2026-01-17T13:20:00.0,2026-02-02T18:57:45.531,"Any[7, 8, 13, 19, 25, 30, 37, 45, 53, 60]",7,60
1436,2026-01-17T13:20:00.0,2026-01-19T18:57:45.531,"Any[53, 45, 37, 30, 25, 19, 13, 8]",53,8
1438,2026-01-17T13:20:00.0,2026-01-12T18:57:45.531,"Any[53, 45, 37, 30, 25, 19, 13, 8]",53,8
1446,2026-01-17T13:20:00.0,2026-02-02T18:57:45.531,"Any[8, 13, 19, 25, 37, 45, 56, 60]",8,60
1447,2026-01-17T13:20:00.0,2026-01-26T18:57:45.531,"Any[45, 37, 30, 25]",45,25
1463,2026-01-17T13:20:00.0,2026-01-26T18:57:45.531,"Any[19, 25, 30, 37, 45, 56]",19,56
1470,2026-01-17T13:20:00.0,2026-02-02T18:57:45.531,"Any[8, 13, 19, 25, 30, 37, 45]",8,45
1471,2026-01-17T13:20:00.0,2026-02-02T18:57:45.531,"Any[56, 45, 37, 30, 25, 19, 11, 6]",56,6
1480,2026-01-17T13:20:00.0,2026-01-12T18:57:45.531,"Any[6, 11, 19, 25, 30, 37, 45]",6,45
1486,2026-01-17T13:20:00.0,2026-01-12T18:57:45.531,"Any[19, 25, 30, 37, 45, 53]",19,53
1491,2026-01-17T13:20:00.0,2026-01-12T18:57:45.531,"Any[6, 11, 19, 25, 30, 37, 45]",6,45
1495,2026-01-17T13:20:00.0,2026-01-12T18:57:45.531,"Any[1, 6, 11, 19, 25, 30, 37, 45, 53]",1,53
1501,2026-01-17T13:20:00.0,2026-01-26T18:57:45.531,"Any[7, 8, 13, 19, 25, 30, 37, 45, 53]",7,53
1502,2026-01-17T13:20:00.0,2026-01-19T18:57:45.531,"Any[17, 25, 30, 37, 45]",17,45
1504,2026-01-17T13:20:00.0,2026-01-19T18:57:45.531,"Any[60, 53, 45, 37, 30, 25, 19]",60,19
1507,2026-01-17T13:20:00.0,2026-01-26T18:57:45.531,"Any[8, 13, 19, 25, 30, 37, 45]",8,45
1512,2026-01-17T13:20:00.0,2026-02-02T18:57:45.531,"Any[60, 56, 45, 37, 30, 25, 19, 13, 8]",60,8
1518,2026-01-17T13:20:00.0,2026-01-19T18:57:45.531,"Any[60, 56, 45, 37, 30, 25, 19]",60,19
1519,2026-01-17T13:20:00.0,2026-01-19T18:57:45.531,"Any[64, 60, 56, 45, 37, 30, 25, 19]",64,19
1523,2026-01-17T13:20:00.0,2026-01-12T18:57:45.531,"Any[56, 45, 37, 30, 25, 19, 11, 6]",56,6
1528,2026-01-17T13:20:00.0,2026-02-02T18:57:45.531,"Any[5, 6, 10, 19, 25, 30, 37, 45, 56]",5,56
1530,2026-01-17T13:20:00.0,2026-02-02T18:57:45.531,"Any[64, 56, 45, 37, 30, 25, 19, 11, 6]",64,6
1540,2026-01-17T13:20:00.0,2026-02-02T18:57:45.531,"Any[53, 45, 37, 30, 25, 19, 10]",53,10
1541,2026-01-17T13:20:00.0,2026-01-12T18:57:45.531,"Any[53, 45, 37, 30, 25, 19, 11, 6, 1]",53,1
1544,2026-01-17T13:20:00.0,2026-01-26T18:57:45.531,"Any[19, 25, 30, 37, 45, 53]",19,53
1546,2026-01-17T13:20:00.0,2026-01-19T18:57:45.531,"Any[19, 25, 30, 37, 45, 56]",19,56
1551,2026-01-17T13:20:00.0,2026-01-26T18:57:45.531,"Any[60, 56, 45, 37, 30, 25, 19, 11, 6]",60,6
1571,2026-01-17T13:20:00.0,2026-01-19T18:57:45.531,"Any[60, 53, 45, 37, 30, 25, 19, 11, 6]",60,6
1574,2026-01-17T13:20:00.0,2026-02-02T18:57:45.531,"Any[8, 13, 19, 25, 30, 37, 45, 56]",8,56
1587,2026-01-17T13:20:00.0,2026-01-12T18:57:45.531,"Any[6, 11, 25, 30, 37, 45]",6,45
1595,2026-01-17T13:20:00.0,2026-01-12T18:57:45.531,"Any[53, 45, 37, 30, 25]",53,25
1597,2026-01-17T13:20:00.0,2026-01-19T18:57:45.531,"Any[8, 13, 19, 25, 30, 37, 45, 53]",8,53
1598,2026-01-17T13:20:00.0,2026-01-26T18:57:45.531,"Any[19, 25, 30, 37, 45, 53]",19,53
1605,2026-01-17T13:20:00.0,2026-01-26T18:57:45.531,"Any[10, 19, 25, 30, 37, 45, 53]",10,53
1607,2026-01-17T13:20:00.0,2026-01-19T18:57:45.531,"Any[64, 60, 53, 45, 37, 30, 25, 19, 11, 6, 1]",64,1
1608,2026-01-17T13:20:00.0,2026-01-26T18:57:45.531,"Any[53, 45, 37, 30, 25, 19, 10]",53,10
1614,2026-01-17T13:20:00.0,2026-02-02T18:57:45.531,"Any[10, 19, 25, 30, 37, 45, 53]",10,53
1616,2026-01-17T13:20:00.0,2026-02-02T18:57:45.531,"Any[53, 45, 37, 30, 25, 19, 11, 6, 1]",53,1
1617,2026-01-17T13:20:00.0,2026-02-02T18:57:45.531,"Any[8, 13, 19, 25, 30, 37, 45, 53]",8,53
1631,2026-01-17T13:20:00.0,2026-01-12T18:57:45.531,"Any[10, 11, 19, 25, 30, 37, 45, 53]",10,53
1648,2026-01-17T13:20:00.0,2026-01-12T18:57:45.531,"Any[6, 11, 16, 25, 30, 37, 45, 53]",6,53
1653,2026-01-17T13:20:00.0,2026-02-02T18:57:45.531,"Any[6, 11, 25, 30, 37, 45]",6,45
1657,2026-01-17T13:20:00.0,2026-01-26T18:57:45.531,"Any[6, 11, 16, 25, 30, 37, 45]",6,45
1660,2026-01-17T13:20:00.0,2026-01-12T18:57:45.531,"Any[7, 8, 13, 19, 25, 30, 37, 45, 56, 60, 64]",7,64
1663,2026-01-17T13:20:00.0,2026-01-26T18:57:45.531,"Any[6, 11, 19, 25, 30, 37, 45, 56, 60]",6,60
1665,2026-01-17T13:20:00.0,2026-01-19T18:57:45.531,"Any[64, 60, 53, 45, 37, 30, 25, 19, 10]",64,10
1674,2026-01-17T13:20:00.0,2026-01-19T18:57:45.531,"Any[64, 60, 53, 45, 37, 30, 25, 19, 10]",64,10
1677,2026-01-17T13:20:00.0,2026-01-19T18:57:45.531,"Any[60, 53, 45, 37, 30, 25]",60,25
1680,2026-01-17T13:20:00.0,2026-01-12T18:57:45.531,"Any[6, 11, 16, 25, 30, 37, 45]",6,45
1681,2026-01-17T13:20:00.0,2026-02-02T18:57:45.531,"Any[10, 19, 25, 30, 37, 45]",10,45
1684,2026-01-17T13:20:00.0,2026-01-19T18:57:45.531,"Any[56, 45, 37, 30, 25, 19, 13, 8]",56,8
1686,2026-01-17T13:20:00.0,2026-01-19T18:57:45.531,"Any[60, 56, 45, 37, 30, 25, 19, 11, 6]",60,6
1693,2026-01-17T13:20:00.0,2026-02-02T18:57:45.531,"Any[53, 45, 37, 30, 25]",53,25
1694,2026-01-17T13:20:00.0,2026-01-12T18:57:45.531,"Any[5, 6, 11, 19, 25, 30, 37, 45]",5,45
1702,2026-01-17T13:20:00.0,2026-02-02T18:57:45.531,"Any[56, 45, 37, 30, 25, 19, 11, 6]",56,6
1710,2026-01-17T13:20:00.0,2026-01-19T18:57:45.531,"Any[8, 13, 19, 25, 30, 37, 45, 53]",8,53
1713,2026-01-17T13:20:00.0,2026-01-26T18:57:45.531,"Any[8, 13, 19, 25, 30, 37, 45, 56]",8,56
1721,2026-01-17T13:20:00.0,2026-01-26T18:57:45.531,"Any[6, 11, 19, 25, 30, 37, 45]",6,45
1726,2026-01-17T13:20:00.0,2026-01-26T18:57:45.531,"Any[10, 19, 25, 30, 37, 45, 53, 60]",10,60
1727,2026-01-17T13:20:00.0,2026-01-12T18:57:45.531,"Any[53, 45, 37, 30, 25, 19, 11, 6, 1]",53,1
1732,2026-01-17T13:20:00.0,2026-01-12T18:57:45.531,"Any[53, 45, 37, 30, 25]",53,25
1738,2026-01-17T13:20:00.0,2026-01-19T18:57:45.531,"Any[64, 60, 53, 45, 37, 30, 25, 19, 11, 6, 6, 1]",64,6
1741,2026-01-17T13:20:00.0,2026-01-19T18:57:45.531,"Any[1, 6, 11, 19, 23, 36, 44, 54, 60]",1,60
1752,2026-01-17T13:20:00.0,2026-01-12T18:57:45.531,"Any[10, 19, 25, 30, 37, 45, 53]",10,53
1758,2026-01-17T13:20:00.0,2026-01-19T18:57:45.531,"Any[53, 45, 37, 30, 25, 19, 10]",53,10
1759,2026-01-17T13:20:00.0,2026-01-26T18:57:45.531,"Any[60, 56, 45, 37, 30, 25]",60,25
1771,2026-01-17T13:20:00.0,2026-01-19T18:57:45.531,"Any[53, 45, 37, 30, 25, 19, 10]",53,10
1777,2026-01-17T13:20:00.0,2026-01-19T18:57:45.531,"Any[3, 10, 19, 25, 30, 37, 45, 53]",3,53
1785,2026-01-17T13:20:00.0,2026-01-19T18:57:45.531,"Any[1, 6, 11, 19, 23, 36, 44, 54, 60]",1,60
1786,2026-01-17T13:20:00.0,2026-01-12T18:57:45.531,"Any[53, 45, 37, 30, 25, 19, 11, 6, 1]",53,1
1795,2026-01-17T13:20:00.0,2026-01-12T18:57:45.531,"Any[53, 45, 37, 30, 25, 19, 11, 6, 1]",53,1
1800,2026-01-17T13:20:00.0,2026-01-12T18:57:45.531,"Any[8, 13, 19, 25, 30, 37, 45, 56]",8,56
1807,2026-01-17T13:20:00.0,2026-01-26T18:57:45.531,"Any[53, 45, 37, 30, 25, 19, 10]",53,10
1809,2026-01-17T13:20:00.0,2026-01-12T18:57:45.531,"Any[19, 25, 30, 37, 45]",19,45
1823,2026-01-17T13:20:00.0,2026-01-12T18:57:45.531,"Any[8, 13, 19, 25, 30, 37, 45, 56]",8,56
1825,2026-01-17T13:20:00.0,2026-01-19T18:57:45.531,"Any[10, 19, 25, 30, 37, 45, 53]",10,53
1828,2026-01-17T13:20:00.0,2026-02-02T18:57:45.531,"Any[64, 60, 53, 45, 37, 30, 25, 19, 13, 8]",64,8
1846,2026-01-17T13:20:00.0,2026-01-19T18:57:45.531,"Any[56, 45, 37, 30, 25, 19, 11, 6]",56,6
1848,2026-01-17T13:20:00.0,2026-01-19T18:57:45.531,"Any[17, 16, 25, 30, 37, 45, 56]",17,56
1860,2026-01-17T13:20:00.0,2026-01-12T18:57:45.531,"Any[10, 11, 19, 25, 30, 37, 45, 53]",10,53
1875,2026-01-17T13:20:00.0,2026-02-02T18:57:45.531,"Any[8, 13, 19, 25, 30, 37, 45, 56]",8,56
1877,2026-01-17T13:20:00.0,2026-02-02T18:57:45.531,"Any[53, 45, 37, 30, 25, 19, 11, 6, 1]",53,1
1879,2026-01-17T13:20:00.0,2026-01-19T18:57:45.531,"Any[62, 45, 37, 30, 25, 19]",62,19
1880,2026-01-17T13:20:00.0,2026-01-26T18:57:45.531,"Any[8, 13, 19, 25, 30, 37, 45, 56]",8,56
1891,2026-01-17T13:20:00.0,2026-01-12T18:57:45.531,"Any[54, 44, 36, 23, 19, 13, 8]",54,8
1895,2026-01-17T13:20:00.0,2026-01-26T18:57:45.531,"Any[6, 11, 19, 25, 30, 37, 45]",6,45
1898,2026-01-17T13:20:00.0,2026-01-12T18:57:45.531,"Any[64, 60, 53, 45, 37, 30, 25, 19, 10]",64,10
1899,2026-01-17T13:20:00.0,2026-01-26T18:57:45.531,"Any[25, 30, 37, 45, 53, 60]",25,60
1900,2026-01-17T13:20:00.0,2026-01-19T18:57:45.531,"Any[8, 13, 19, 25, 30, 37, 45, 56]",8,56
1902,2026-01-17T13:20:00.0,2026-01-19T18:57:45.531,"Any[16, 25, 30, 37, 45, 53]",16,53
1905,2026-01-17T13:20:00.0,2026-01-12T18:57:45.531,"Any[62, 53, 45, 37, 30, 25, 19, 13, 8]",62,8
1912,2026-01-17T13:20:00.0,2026-01-12T18:57:45.531,"Any[53, 45, 37, 30, 25, 19, 10]",53,10
1913,2026-01-17T13:20:00.0,2026-02-02T18:57:45.531,"Any[19, 25, 30, 37, 45, 53]",19,53
1914,2026-01-17T13:20:00.0,2026-01-12T18:57:45.531,"Any[8, 13, 19, 25, 30, 37, 45, 56]",8,56
1916,2026-01-17T13:20:00.0,2026-01-26T18:57:45.531,"Any[53, 45, 37, 30, 25]",53,25
1920,2026-01-17T13:20:00.0,2026-01-19T18:57:45.531,"Any[25, 30, 37, 45, 53, 60]",25,60
1940,2026-01-17T13:20:00.0,2026-01-26T18:57:45.531,"Any[6, 11, 19, 25, 30, 37, 45, 53]",6,53
1941,2026-01-17T13:20:00.0,2026-01-12T18:57:45.531,"Any[53, 45, 37, 30, 25, 19, 10]",53,10
1949,2026-01-17T13:20:00.0,2026-01-12T18:57:45.531,"Any[3, 10, 19, 25, 30, 37, 45, 53, 60]",3,60
1962,2026-01-17T13:20:00.0,2026-02-02T18:57:45.531,"Any[53, 45, 37, 30, 25]",53,25
1964,2026-01-17T13:20:00.0,2026-01-12T18:57:45.531,"Any[6, 11, 19, 25, 30, 37, 45]",6,45
1966,2026-01-17T13:20:00.0,2026-01-26T18:57:45.531,"Any[3, 10, 19, 25, 30, 37, 45, 53, 60]",3,60
1968,2026-01-17T13:20:00.0,2026-01-12T18:57:45.531,"Any[53, 45, 37, 30, 25, 19, 10]",53,10
1969,2026-01-17T13:20:00.0,2026-02-02T18:57:45.531,"Any[53, 45, 37, 30, 25, 19, 10]",53,10
1975,2026-01-17T13:20:00.0,2026-02-02T18:57:45.531,"Any[56, 45, 37, 30, 25, 19, 11, 6]",56,6
1977,2026-01-17T13:20:00.0,2026-01-26T18:57:45.531,"Any[56, 45, 37, 30, 25, 19, 13, 8]",56,8
1983,2026-01-17T13:20:00.0,2026-01-19T18:57:45.531,"Any[3, 6, 11, 19, 25, 30, 37, 45]",3,45
1987,2026-01-17T13:20:00.0,2026-01-26T18:57:45.531,"Any[19, 25, 30, 37, 45, 56, 60, 64]",19,64
1993,2026-01-17T13:20:00.0,2026-01-12T18:57:45.531,"Any[53, 45, 37, 30, 25, 19, 13, 8]",53,8
1997,2026-01-17T13:20:00.0,2026-02-02T18:57:45.531,"Any[1, 6, 11, 19, 25, 30, 37, 45, 53]",1,53
2000,2026-01-17T13:20:00.0,2026-01-26T18:57:45.531,"Any[62, 45, 37, 30, 25, 19, 13, 8]",62,8
2006,2026-01-17T13:20:00.0,2026-01-12T18:57:45.531,"Any[53, 45, 37, 30, 25]",53,25
2008,2026-01-17T13:20:00.0,2026-01-12T18:57:45.531,"Any[60, 56, 45, 37, 30, 25, 19, 11, 6]",60,6
2015,2026-01-17T13:20:00.0,2026-01-19T18:57:45.531,"Any[7, 8, 13, 19, 25, 30, 37, 45, 53]",7,53
2017,2026-01-17T13:20:00.0,2026-02-02T18:57:45.531,"Any[25, 30, 37, 45, 53, 60]",25,60
2018,2026-01-17T13:20:00.0,2026-01-12T18:57:45.531,"Any[64, 60, 53, 45, 37, 30, 25, 19, 11, 6, 6, 1]",64,6
2019,2026-01-17T13:20:00.0,2026-01-12T18:57:45.531,"Any[64, 53, 45, 37, 30, 25, 19, 10]",64,10
2023,2026-01-17T13:20:00.0,2026-01-19T18:57:45.531,"Any[6, 11, 25, 30, 37, 45]",6,45
2028,2026-01-17T13:20:00.0,2026-01-12T18:57:45.531,"Any[8, 13, 19, 25, 30, 37, 45, 53]",8,53
2038,2026-01-17T13:20:00.0,2026-01-19T18:57:45.531,"Any[64, 60, 53, 45, 37, 30, 25, 19, 11, 6, 1]",64,1
2041,2026-01-17T13:20:00.0,2026-02-02T18:57:45.531,"Any[53, 45, 37, 30, 25]",53,25
2044,2026-01-17T13:20:00.0,2026-01-19T18:57:45.531,"Any[6, 11, 19, 25, 30, 37, 45]",6,45
2048,2026-01-17T13:20:00.0,2026-01-12T18:57:45.531,"Any[53, 45, 37, 25, 19, 13, 8]",53,8
2050,2026-01-17T13:20:00.0,2026-02-02T18:57:45.531,"Any[8, 13, 19, 25, 30, 37, 45, 56]",8,56
2063,2026-01-17T13:20:00.0,2026-01-26T18:57:45.531,"Any[6, 11, 19, 25, 30, 37, 45]",6,45
2067,2026-01-17T13:20:00.0,2026-01-19T18:57:45.531,"Any[10, 19, 25, 30, 37, 45, 53]",10,53
2080,2026-01-17T13:20:00.0,2026-02-02T18:57:45.531,"Any[16, 25, 30, 37, 45, 53]",16,53
2082,2026-01-17T13:20:00.0,2026-01-19T18:57:45.531,"Any[8, 13, 19, 25, 30, 37, 45, 56]",8,56
2086,2026-01-17T13:20:00.0,2026-02-02T18:57:45.531,"Any[6, 11, 25, 30, 37, 45]",6,45
2088,2026-01-17T13:20:00.0,2026-02-02T18:57:45.531,"Any[10, 19, 25, 30, 37, 45, 53]",10,53
2101,2026-01-17T13:20:00.0,2026-02-02T18:57:45.531,"Any[8, 13, 19, 25, 30, 37, 45, 56]",8,56
2106,2026-01-17T13:20:00.0,2026-01-12T18:57:45.531,"Any[53, 45, 37, 30, 25, 19, 10]",53,10
2110,2026-01-17T13:20:00.0,2026-02-02T18:57:45.531,"Any[3, 6, 11, 19, 25, 30, 37, 45]",3,45
2111,2026-01-17T13:20:00.0,2026-01-12T18:57:45.531,"Any[8, 13, 19, 25, 30, 37, 45, 53]",8,53
2116,2026-01-17T13:20:00.0,2026-01-26T18:57:45.531,"Any[60, 56, 45, 37, 30, 25, 19, 11, 6]",60,6
2120,2026-01-17T13:20:00.0,2026-01-26T18:57:45.531,"Any[62, 45, 37, 30, 25, 19, 11, 6]",62,6
2127,2026-01-17T13:20:00.0,2026-01-19T18:57:45.531,"Any[17, 25, 30, 37, 45, 53]",17,53
2129,2026-01-17T13:20:00.0,2026-01-12T18:57:45.531,"Any[60, 56, 45, 37, 30, 25]",60,25
2130,2026-01-17T13:20:00.0,2026-02-02T18:57:45.531,"Any[8, 13, 19, 25, 30, 37, 45, 56]",8,56
2131,2026-01-17T13:20:00.0,2026-02-02T18:57:45.531,"Any[19, 25, 30, 37, 45]",19,45
2136,2026-01-17T13:20:00.0,2026-01-12T18:57:45.531,"Any[19, 25, 30, 37, 30, 37, 45, 53]",19,53
2140,2026-01-17T13:20:00.0,2026-01-19T18:57:45.531,"Any[56, 45, 37, 30, 25, 19, 11, 6]",56,6
2151,2026-01-17T13:20:00.0,2026-01-26T18:57:45.531,"Any[60, 56, 45, 37, 30, 25]",60,25
2161,2026-01-17T13:20:00.0,2026-01-12T18:57:45.531,"Any[60, 56, 45, 37, 30, 25, 19]",60,19
2163,2026-01-17T13:20:00.0,2026-01-12T18:57:45.531,"Any[8, 13, 19, 25, 30, 37, 45, 56]",8,56
2164,2026-01-17T13:20:00.0,2026-02-02T18:57:45.531,"Any[53, 45, 37, 30, 25, 19, 10]",53,10
2165,2026-01-17T13:20:00.0,2026-01-26T18:57:45.531,"Any[56, 45, 37, 30, 25, 19]",56,19
2173,2026-01-17T13:20:00.0,2026-01-12T18:57:45.531,"Any[53, 45, 37, 30, 25, 19, 13, 8]",53,8
2176,2026-01-17T13:20:00.0,2026-01-19T18:57:45.531,"Any[14, 19, 25, 30, 37, 45, 53]",14,53
2182,2026-01-17T13:20:00.0,2026-01-12T18:57:45.531,"Any[53, 45, 37, 30, 25, 19, 11, 6, 1]",53,1
2190,2026-01-17T13:20:00.0,2026-01-26T18:57:45.531,"Any[53, 45, 37, 30, 25, 19, 13, 8]",53,8
2191,2026-01-17T13:20:00.0,2026-02-02T18:57:45.531,"Any[60, 56, 45, 37, 30, 25, 19, 14]",60,14
2192,2026-01-17T13:20:00.0,2026-01-19T18:57:45.531,"Any[6, 11, 19, 25, 30, 37, 45]",6,45
2204,2026-01-17T13:20:00.0,2026-01-19T18:57:45.531,"Any[60, 56, 45, 37, 30, 25, 19]",60,19
2206,2026-01-17T13:20:00.0,2026-01-26T18:57:45.531,"Any[53, 45, 37, 30, 25, 19, 10]",53,10
2212,2026-01-17T13:20:00.0,2026-01-12T18:57:45.531,"Any[53, 45, 37, 30, 25, 19, 11, 6, 1]",53,1
2224,2026-01-17T13:20:00.0,2026-01-12T18:57:45.531,"Any[64, 60, 56, 45, 37, 30, 25, 19, 11, 10]",64,10
2238,2026-01-17T13:20:00.0,2026-01-12T18:57:45.531,"Any[6, 11, 19, 25, 30, 37, 45]",6,45
2241,2026-01-17T13:20:00.0,2026-01-26T18:57:45.531,"Any[60, 53, 45, 37, 30, 25, 19, 11, 6]",60,6
2242,2026-01-17T13:20:00.0,2026-01-12T18:57:45.531,"Any[8, 13, 19, 25, 30, 37, 45, 56]",8,56
2250,2026-01-17T13:20:00.0,2026-01-26T18:57:45.531,"Any[64, 56, 45, 37, 30, 25, 19, 11, 6]",64,6
2253,2026-01-17T13:20:00.0,2026-01-19T18:57:45.531,"Any[7, 8, 13, 19, 25, 30, 37, 45, 53, 60]",7,60
2254,2026-01-17T13:20:00.0,2026-02-02T18:57:45.531,"Any[6, 11, 19, 25, 30, 37, 45, 56]",6,56
2255,2026-01-17T13:20:00.0,2026-01-26T18:57:45.531,"Any[64, 60, 56, 45, 37, 30, 25, 19, 11, 6]",64,6
2262,2026-01-17T13:20:00.0,2026-01-19T18:57:45.531,"Any[60, 53, 45, 37, 30, 25, 19]",60,19
2263,2026-01-17T13:20:00.0,2026-01-12T18:57:45.531,"Any[10, 19, 25, 30, 37, 45, 53]",10,53
2265,2026-01-17T13:20:00.0,2026-01-12T18:57:45.531,"Any[53, 45, 37, 30, 25, 19, 10]",53,10
2274,2026-01-17T13:20:00.0,2026-01-26T18:57:45.531,"Any[6, 11, 19, 25, 30, 37, 45, 53]",6,53
2278,2026-01-17T13:20:00.0,2026-01-12T18:57:45.531,"Any[53, 45, 37, 30, 25, 19, 11, 6, 1]",53,1
2279,2026-01-17T13:20:00.0,2026-01-26T18:57:45.531,"Any[3, 10, 19, 25, 30, 37, 45, 53]",3,53
2282,2026-01-17T13:20:00.0,2026-01-26T18:57:45.531,"Any[10, 19, 25, 30, 37, 45, 53]",10,53
2285,2026-01-17T13:20:00.0,2026-01-26T18:57:45.531,"Any[64, 60, 56, 45, 37, 30, 25, 19, 17, 19, 13, 8]",64,8
2286,2026-01-17T13:20:00.0,2026-01-26T18:57:45.531,"Any[1, 6, 11, 19, 25, 30, 37, 45, 53, 60]",1,60
2291,2026-01-17T13:20:00.0,2026-01-26T18:57:45.531,"Any[53, 45, 37, 30, 25, 19, 11, 6, 1]",53,1
2295,2026-01-17T13:20:00.0,2026-01-12T18:57:45.531,"Any[10, 19, 25, 30, 37, 45, 53, 60]",10,60
2296,2026-01-17T13:20:00.0,2026-01-26T18:57:45.531,"Any[53, 45, 37, 30, 25, 19, 10]",53,10
2297,2026-01-17T13:20:00.0,2026-02-02T18:57:45.531,"Any[7, 8, 13, 19, 25, 30, 37, 45, 53, 60]",7,60
2299,2026-01-17T13:20:00.0,2026-01-26T18:57:45.531,"Any[62, 53, 45, 37, 30, 25, 19, 13, 8]",62,8
2301,2026-01-17T13:20:00.0,2026-01-19T18:57:45.531,"Any[53, 45, 37, 30, 25, 19, 13, 8]",53,8
2302,2026-01-17T13:20:00.0,2026-01-12T18:57:45.531,"Any[19, 25, 30, 37, 45, 53]",19,53
2304,2026-01-17T13:20:00.0,2026-02-02T18:57:45.531,"Any[53, 45, 37, 30, 25, 19, 13, 8]",53,8
2307,2026-01-17T13:20:00.0,2026-01-12T18:57:45.531,"Any[19, 25, 30, 37, 45, 53]",19,53
2310,2026-01-17T13:20:00.0,2026-01-26T18:57:45.531,"Any[19, 25, 30, 37, 45, 53]",19,53
2314,2026-01-17T13:20:00.0,2026-02-02T18:57:45.531,"Any[53, 45, 37, 30, 25, 19, 11, 6, 1]",53,1
2322,2026-01-17T13:20:00.0,2026-02-02T18:57:45.531,"Any[6, 11, 19, 25, 30, 37, 45, 56]",6,56
2328,2026-01-17T13:20:00.0,2026-01-12T18:57:45.531,"Any[62, 53, 45, 37, 30, 25, 19, 11, 6]",62,6
2332,2026-01-17T13:20:00.0,2026-02-02T18:57:45.531,"Any[7, 8, 13, 19, 25, 30, 37, 45, 53]",7,53
2334,2026-01-17T13:20:00.0,2026-01-12T18:57:45.531,"Any[8, 13, 19, 25, 30, 37, 45, 56]",8,56
2338,2026-01-17T13:20:00.0,2026-02-02T18:57:45.531,"Any[5, 6, 11, 19, 25, 30, 37, 45]",5,45
2342,2026-01-17T13:20:00.0,2026-02-02T18:57:45.531,"Any[53, 45, 37, 30, 25, 19, 10]",53,10
2348,2026-01-17T13:20:00.0,2026-01-26T18:57:45.531,"Any[53, 45, 37, 30, 25, 19, 10]",53,10
2349,2026-01-17T13:20:00.0,2026-01-19T18:57:45.531,"Any[53, 45, 37, 30, 25, 19, 13, 8]",53,8
2364,2026-01-17T13:20:00.0,2026-01-12T18:57:45.531,"Any[8, 13, 19, 25, 30, 37, 45, 56]",8,56
2367,2026-01-17T13:20:00.0,2026-01-26T18:57:45.531,"Any[56, 45, 37, 30, 25]",56,25
2368,2026-01-17T13:20:00.0,2026-02-02T18:57:45.531,"Any[53, 45, 37, 30, 25, 19, 11, 6, 1]",53,1
2380,2026-01-17T13:20:00.0,2026-01-26T18:57:45.531,"Any[14, 19, 25, 30, 37, 45, 53]",14,53
2381,2026-01-17T13:20:00.0,2026-01-19T18:57:45.531,"Any[60, 56, 45, 37, 30, 25]",60,25
2383,2026-01-17T13:20:00.0,2026-01-26T18:57:45.531,"Any[10, 19, 25, 30, 37, 45, 53]",10,53
2385,2026-01-17T13:20:00.0,2026-01-12T18:57:45.531,"Any[62, 53, 45, 37, 30, 25, 19, 13, 8]",62,8
2390,2026-01-17T13:20:00.0,2026-02-02T18:57:45.531,"Any[53, 45, 37, 30, 25, 19, 10]",53,10
2391,2026-01-17T13:20:00.0,2026-01-26T18:57:45.531,"Any[53, 45, 37, 30, 25]",53,25
2396,2026-01-17T13:20:00.0,2026-01-26T18:57:45.531,"Any[64, 60, 56, 45, 37, 30, 25, 19, 11, 6]",64,6
2404,2026-01-17T13:20:00.0,2026-02-02T18:57:45.531,"Any[7, 8, 13, 19, 25, 30, 37, 45, 53, 60]",7,60
2405,2026-01-17T13:20:00.0,2026-01-26T18:57:45.531,"Any[6, 11, 19, 25, 30, 37, 45]",6,45
2412,2026-01-17T13:20:00.0,2026-01-26T18:57:45.531,"Any[56, 45, 37, 30, 25, 19, 10]",56,10
2418,2026-01-17T13:20:00.0,2026-01-26T18:57:45.531,"Any[19, 25, 30, 37, 45, 53]",19,53
2424,2026-01-17T13:20:00.0,2026-01-26T18:57:45.531,"Any[56, 45, 37, 30, 25, 19]",56,19
2426,2026-01-17T13:20:00.0,2026-01-12T18:57:45.531,"Any[53, 45, 37, 30, 25, 19, 11, 6, 1]",53,1
2427,2026-01-17T13:20:00.0,2026-01-12T18:57:45.531,"Any[53, 45, 37, 30, 25]",53,25
2429,2026-01-17T13:20:00.0,2026-01-19T18:57:45.531,"Any[6, 11, 19, 25, 30, 37, 45, 56, 60]",6,60
2435,2026-01-17T13:20:00.0,2026-02-02T18:57:45.531,"Any[53, 45, 37, 30, 25, 19, 13, 8]",53,8
2436,2026-01-17T13:20:00.0,2026-01-26T18:57:45.531,"Any[10, 19, 25, 30, 37, 45, 53]",10,53
2437,2026-01-17T13:20:00.0,2026-01-12T18:57:45.531,"Any[60, 56, 45, 37, 30, 25, 19, 11, 6]",60,6
2440,2026-01-17T13:20:00.0,2026-01-26T18:57:45.531,"Any[56, 45, 37, 30, 25, 19, 11, 6, 1]",56,1
2442,2026-01-17T13:20:00.0,2026-02-02T18:57:45.531,"Any[1, 6, 11, 19, 25, 30, 37, 45, 56, 64]",1,64
2444,2026-01-17T13:20:00.0,2026-01-12T18:57:45.531,"Any[62, 45, 37, 30, 25, 19, 11, 6]",62,6
2447,2026-01-17T13:20:00.0,2026-01-26T18:57:45.531,"Any[62, 53, 45, 37, 30, 25, 19, 13, 8]",62,8
2449,2026-01-17T13:20:00.0,2026-01-26T18:57:45.531,"Any[8, 13, 19, 25, 30, 37, 45, 56]",8,56
2451,2026-01-17T13:20:00.0,2026-01-26T18:57:45.531,"Any[6, 11, 16, 25, 30, 37, 45, 56]",6,56
2453,2026-01-17T13:20:00.0,2026-01-19T18:57:45.531,"Any[64, 60, 56, 45, 37, 30, 25, 19, 13, 8]",64,8
2455,2026-01-17T13:20:00.0,2026-01-19T18:57:45.531,"Any[53, 45, 37, 30, 25, 19, 13, 8]",53,8
2460,2026-01-17T13:20:00.0,2026-02-02T18:57:45.531,"Any[53, 45, 37, 30, 25, 19, 13, 8]",53,8
2461,2026-01-17T13:20:00.0,2026-01-26T18:57:45.531,"Any[10, 19, 25, 30, 37, 45, 53]",10,53
2473,2026-01-17T13:20:00.0,2026-02-02T18:57:45.531,"Any[60, 56, 45, 37, 30, 25, 19, 11, 6]",60,6
2477,2026-01-17T13:20:00.0,2026-01-19T18:57:45.531,"Any[53, 45, 37, 30, 25]",53,25
2479,2026-01-17T13:20:00.0,2026-01-19T18:57:45.531,"Any[60, 53, 45, 37, 30, 25]",60,25
2492,2026-01-17T13:20:00.0,2026-02-02T18:57:45.531,"Any[6, 11, 19, 25, 30, 37, 45, 53]",6,53
2500,2026-01-17T13:20:00.0,2026-01-19T18:57:45.531,"Any[56, 45, 37, 30, 25, 19, 13, 8]",56,8
2502,2026-01-17T13:20:00.0,2026-01-26T18:57:45.531,"Any[7, 8, 13, 19, 25, 30, 37, 45, 53]",7,53
2513,2026-01-17T13:20:00.0,2026-01-12T18:57:45.531,"Any[60, 53, 45, 37, 30, 25, 19, 13, 8]",60,8
2521,2026-01-17T13:20:00.0,2026-01-19T18:57:45.531,"Any[8, 13, 19, 25, 30, 37, 45, 53]",8,53
2538,2026-01-17T13:20:00.0,2026-01-26T18:57:45.531,"Any[19, 25, 30, 37, 30, 37, 45, 53]",19,53
2545,2026-01-17T13:20:00.0,2026-01-19T18:57:45.531,"Any[53, 45, 37, 30, 25, 19, 10]",53,10
2552,2026-01-17T13:20:00.0,2026-01-12T18:57:45.531,"Any[6, 11, 25, 30, 37, 45]",6,45
2563,2026-01-17T13:20:00.0,2026-02-02T18:57:45.531,"Any[60, 56, 45, 37, 30, 25, 19, 13, 8]",60,8
2566,2026-01-17T13:20:00.0,2026-01-19T18:57:45.531,"Any[20, 19, 25, 30, 37, 45, 53]",20,53
2570,2026-01-17T13:20:00.0,2026-02-02T18:57:45.531,"Any[6, 11, 19, 25, 30, 37, 45]",6,45
2585,2026-01-17T13:20:00.0,2026-02-02T18:57:45.531,"Any[56, 45, 37, 30, 25, 19, 11, 6, 1]",56,1
2591,2026-01-17T13:20:00.0,2026-01-26T18:57:45.531,"Any[53, 45, 37, 30, 25]",53,25
2593,2026-01-17T13:20:00.0,2026-01-26T18:57:45.531,"Any[64, 60, 53, 45, 37, 30, 25, 19, 11, 6, 1]",64,1
2607,2026-01-17T13:20:00.0,2026-02-02T18:57:45.531,"Any[8, 13, 19, 25, 30, 37, 45]",8,45
2620,2026-01-17T13:20:00.0,2026-01-19T18:57:45.531,"Any[1, 6, 11, 19, 25, 30, 37, 45, 56]",1,56
2621,2026-01-17T13:20:00.0,2026-01-19T18:57:45.531,"Any[1, 6, 11, 16, 25, 30, 37, 45, 56, 60]",1,60
2622,2026-01-17T13:20:00.0,2026-02-02T18:57:45.531,"Any[6, 11, 19, 25, 30, 37, 45]",6,45
2631,2026-01-17T13:20:00.0,2026-01-19T18:57:45.531,"Any[10, 19, 25, 30, 37, 45, 53]",10,53
2636,2026-01-17T13:20:00.0,2026-01-19T18:57:45.531,"Any[3, 10, 19, 25, 30, 37, 45, 53]",3,53
2642,2026-01-17T13:20:00.0,2026-01-19T18:57:45.531,"Any[64, 60, 53, 45, 37, 30, 25, 19, 11, 6, 1]",64,1
2648,2026-01-17T13:20:00.0,2026-01-19T18:57:45.531,"Any[8, 13, 19, 25, 30, 37, 45, 56]",8,56
2649,2026-01-17T13:20:00.0,2026-01-26T18:57:45.531,"Any[53, 45, 37, 30, 25, 19, 11, 6, 1]",53,1
2653,2026-01-17T13:20:00.0,2026-01-19T18:57:45.531,"Any[10, 19, 25, 30, 37, 45, 53, 60]",10,60
2655,2026-01-17T13:20:00.0,2026-01-19T18:57:45.531,"Any[19, 25, 30, 37, 45, 53]",19,53
2658,2026-01-17T13:20:00.0,2026-01-19T18:57:45.531,"Any[53, 45, 37, 30, 25, 19, 10]",53,10
2663,2026-01-17T13:20:00.0,2026-01-12T18:57:45.531,"Any[1, 6, 11, 19, 25, 30, 37, 45, 56]",1,56
2667,2026-01-17T13:20:00.0,2026-01-26T18:57:45.531,"Any[1, 6, 11, 19, 25, 30, 37, 45, 53, 60]",1,60
2674,2026-01-17T13:20:00.0,2026-01-12T18:57:45.531,"Any[56, 45, 37, 30, 25, 19, 11, 6]",56,6
2680,2026-01-17T13:20:00.0,2026-01-12T18:57:45.531,"Any[3, 6, 11, 19, 25, 30, 37, 45, 56]",3,56
2683,2026-01-17T13:20:00.0,2026-01-19T18:57:45.531,"Any[10, 19, 25, 30, 37, 45, 53]",10,53
2688,2026-01-17T13:20:00.0,2026-01-26T18:57:45.531,"Any[25, 30, 37, 45, 53]",25,53
2689,2026-01-17T13:20:00.0,2026-01-12T18:57:45.531,"Any[25, 30, 37, 45, 53, 60]",25,60
2690,2026-01-17T13:20:00.0,2026-01-12T18:57:45.531,"Any[56, 45, 37, 30, 25, 19, 13, 8]",56,8
2698,2026-01-17T13:20:00.0,2026-02-02T18:57:45.531,"Any[60, 53, 45, 37, 30, 25, 19, 13, 8]",60,8
2709,2026-01-17T13:20:00.0,2026-01-12T18:57:45.531,"Any[19, 25, 30, 37, 45, 53]",19,53
2720,2026-01-17T13:20:00.0,2026-01-19T18:57:45.531,"Any[64, 60, 53, 45, 37, 30, 25, 19, 13, 8]",64,8
2724,2026-01-17T13:20:00.0,2026-02-02T18:57:45.531,"Any[6, 11, 19, 25, 30, 37, 45]",6,45
2739,2026-01-17T13:20:00.0,2026-01-19T18:57:45.531,"Any[8, 13, 19, 25, 30, 37, 45, 56]",8,56
2742,2026-01-17T13:20:00.0,2026-01-26T18:57:45.531,"Any[6, 11, 19, 25, 30, 37, 45]",6,45
2743,2026-01-17T13:20:00.0,2026-02-02T18:57:45.531,"Any[10, 19, 25, 30, 37, 45, 53]",10,53
2749,2026-01-17T13:20:00.0,2026-02-02T18:57:45.531,"Any[7, 8, 13, 19, 25, 30, 37, 45, 56]",7,56
2751,2026-01-17T13:20:00.0,2026-01-26T18:57:45.531,"Any[53, 45, 37, 30, 25, 19, 13, 8]",53,8
2754,2026-01-17T13:20:00.0,2026-01-26T18:57:45.531,"Any[7, 8, 13, 19, 25, 30, 37, 45, 53]",7,53
2755,2026-01-17T13:20:00.0,2026-01-12T18:57:45.531,"Any[7, 8, 13, 19, 25, 30, 37, 45, 56]",7,56
2757,2026-01-17T13:20:00.0,2026-02-02T18:57:45.531,"Any[8, 13, 19, 25, 30, 37, 45, 53]",8,53
2762,2026-01-17T13:20:00.0,2026-01-12T18:57:45.531,"Any[8, 13, 19, 25, 30, 37, 45, 56]",8,56
2764,2026-01-17T13:20:00.0,2026-01-12T18:57:45.531,"Any[56, 45, 37, 30, 25, 19, 11, 6]",56,6
2770,2026-01-17T13:20:00.0,2026-01-26T18:57:45.531,"Any[19, 25, 30, 37, 45, 56]",19,56
2771,2026-01-17T13:20:00.0,2026-01-26T18:57:45.531,"Any[7, 8, 13, 19, 25, 30, 37, 45, 56]",7,56
2774,2026-01-17T13:20:00.0,2026-01-26T18:57:45.531,"Any[3, 10, 11, 19, 25, 30, 37, 45]",3,45
2804,2026-01-17T13:20:00.0,2026-01-12T18:57:45.531,"Any[13, 19, 25, 30, 37, 45, 56]",13,56
2813,2026-01-17T13:20:00.0,2026-01-26T18:57:45.531,"Any[1, 6, 11, 19, 25, 30, 37, 45, 53]",1,53
2815,2026-01-17T13:20:00.0,2026-01-12T18:57:45.531,"Any[64, 60, 53, 45, 37, 30, 25, 19, 10]",64,10
2816,2026-01-17T13:20:00.0,2026-01-12T18:57:45.531,"Any[3, 10, 19, 25, 30, 37, 45, 53, 60]",3,60
2823,2026-01-17T13:20:00.0,2026-01-19T18:57:45.531,"Any[3, 10, 19, 25, 30, 37, 45, 53, 60]",3,60
2828,2026-01-17T13:20:00.0,2026-01-12T18:57:45.531,"Any[8, 13, 19, 25, 30, 37, 45, 56]",8,56
2830,2026-01-17T13:20:00.0,2026-01-26T18:57:45.531,"Any[53, 45, 37, 30, 25]",53,25
2832,2026-01-17T13:20:00.0,2026-02-02T18:57:45.531,"Any[8, 13, 19, 25, 30, 37, 45, 56]",8,56
2840,2026-01-17T13:20:00.0,2026-02-02T18:57:45.531,"Any[10, 19, 25, 30, 37, 45, 53]",10,53
2853,2026-01-17T13:20:00.0,2026-02-02T18:57:45.531,"Any[8, 13, 19, 25, 30, 37, 45, 53]",8,53
2860,2026-01-17T13:20:00.0,2026-02-02T18:57:45.531,"Any[53, 45, 37, 30, 25, 19, 10]",53,10
2863,2026-01-17T13:20:00.0,2026-01-26T18:57:45.531,"Any[56, 45, 37, 30, 25, 19, 13, 8]",56,8
2868,2026-01-17T13:20:00.0,2026-01-19T18:57:45.531,"Any[7, 8, 13, 19, 25, 30, 37, 45, 56]",7,56
2873,2026-01-17T13:20:00.0,2026-01-19T18:57:45.531,"Any[56, 45, 37, 30, 25, 19, 13, 8]",56,8
2876,2026-01-17T13:20:00.0,2026-02-02T18:57:45.531,"Any[53, 45, 37, 30, 25]",53,25
2878,2026-01-17T13:20:00.0,2026-01-12T18:57:45.531,"Any[53, 45, 37, 30, 25, 19, 10]",53,10
2891,2026-01-17T13:20:00.0,2026-01-12T18:57:45.531,"Any[60, 53, 45, 37, 30, 25, 19]",60,19
2895,2026-01-17T13:20:00.0,2026-01-19T18:57:45.531,"Any[60, 56, 45, 37, 30, 25, 19]",60,19
2896,2026-01-17T13:20:00.0,2026-02-02T18:57:45.531,"Any[60, 56, 45, 37, 30, 25, 19]",60,19
2897,2026-01-17T13:20:00.0,2026-01-12T18:57:45.531,"Any[60, 56, 45, 37, 30, 25, 19]",60,19
2898,2026-01-17T13:20:00.0,2026-01-19T18:57:45.531,"Any[60, 53, 45, 37, 30, 25, 19]",60,19
2899,2026-01-17T13:20:00.0,2026-01-26T18:57:45.531,"Any[60, 56, 45, 37, 30, 25, 19]",60,19
2911,2026-01-17T13:20:00.0,2026-02-02T18:57:45.531,"Any[60, 53, 45, 37, 30, 25, 19, 13, 8]",60,8
2918,2026-01-17T13:20:00.0,2026-01-12T18:57:45.531,"Any[62, 45, 37, 30, 25, 19, 13, 8]",62,8
2921,2026-01-17T13:20:00.0,2026-02-02T18:57:45.531,"Any[56, 45, 37, 30, 25]",56,25
2924,2026-01-17T13:20:00.0,2026-01-19T18:57:45.531,"Any[56, 45, 37, 30, 25]",56,25
2926,2026-01-17T13:20:00.0,2026-02-02T18:57:45.531,"Any[56, 45, 37, 30, 25]",56,25
2935,2026-01-17T13:20:00.0,2026-01-19T18:57:45.531,"Any[56, 45, 37, 30, 25, 19, 20]",56,20
2944,2026-01-17T13:20:00.0,2026-02-02T18:57:45.531,"Any[56, 45, 37, 30, 25, 19, 11, 6]",56,6
2953,2026-01-17T13:20:00.0,2026-02-02T18:57:45.531,"Any[56, 45, 37, 30, 25, 19, 11, 6]",56,6
2978,2026-01-17T13:20:00.0,2026-02-02T18:57:45.531,"Any[56, 45, 37, 30, 25, 19, 11, 6]",56,6
2980,2026-01-17T13:20:00.0,2026-01-26T18:57:45.531,"Any[56, 45, 37, 30, 25, 19, 11, 6]",56,6
2984,2026-01-17T13:20:00.0,2026-02-02T18:57:45.531,"Any[56, 45, 37, 30, 25, 19, 11, 6]",56,6
2986,2026-01-17T13:20:00.0,2026-01-26T18:57:45.531,"Any[56, 45, 37, 30, 25, 19, 11, 6]",56,6
2993,2026-01-17T13:20:00.0,2026-01-12T18:57:45.531,"Any[56, 45, 37, 30, 25, 19, 11, 6, 6]",56,6
2995,2026-01-17T13:20:00.0,2026-01-26T18:57:45.531,"Any[56, 45, 37, 30, 25, 19, 11, 6]",56,6
2998,2026-01-17T13:20:00.0,2026-01-19T18:57:45.531,"Any[56, 45, 37, 30, 25, 19, 11, 6]",56,6
3005,2026-01-17T13:20:00.0,2026-01-12T18:57:45.531,"Any[53, 45, 37, 30, 25, 19, 11, 6, 1]",53,1
3009,2026-01-17T13:20:00.0,2026-01-26T18:57:45.531,"Any[19, 25, 30, 37, 45, 53]",19,53
3016,2026-01-17T13:20:00.0,2026-02-02T18:57:45.531,"Any[19, 25, 30, 37, 45, 53]",19,53
3018,2026-01-17T13:20:00.0,2026-01-19T18:57:45.531,"Any[19, 25, 30, 37, 45]",19,45
3019,2026-01-17T13:20:00.0,2026-02-02T18:57:45.531,"Any[19, 25, 30, 37, 45]",19,45
3021,2026-01-17T13:20:00.0,2026-01-12T18:57:45.531,"Any[19, 25, 30, 37, 45]",19,45
3024,2026-01-17T13:20:00.0,2026-01-19T18:57:45.531,"Any[19, 25, 30, 37, 45]",19,45
3026,2026-01-17T13:20:00.0,2026-01-12T18:57:45.531,"Any[8, 13, 19, 25, 30, 37, 45, 56]",8,56
3033,2026-01-17T13:20:00.0,2026-02-02T18:57:45.531,"Any[8, 13, 19, 25, 30, 37, 45, 56]",8,56
3039,2026-01-17T13:20:00.0,2026-01-19T18:57:45.531,"Any[8, 13, 19, 25, 30, 37, 45, 56]",8,56
3045,2026-01-17T13:20:00.0,2026-01-19T18:57:45.531,"Any[8, 13, 19, 25, 30, 37, 45, 56]",8,56
3048,2026-01-17T13:20:00.0,2026-01-12T18:57:45.531,"Any[8, 13, 19, 25, 30, 37, 45, 56]",8,56
3059,2026-01-17T13:20:00.0,2026-01-26T18:57:45.531,"Any[8, 13, 19, 25, 30, 37, 45, 56]",8,56
3062,2026-01-17T13:20:00.0,2026-01-19T18:57:45.531,"Any[8, 13, 19, 25, 30, 37, 45, 56]",8,56
3063,2026-01-17T13:20:00.0,2026-01-26T18:57:45.531,"Any[8, 13, 19, 25, 30, 37, 45, 56]",8,56
3078,2026-01-17T13:20:00.0,2026-02-02T18:57:45.531,"Any[1, 6, 11, 19, 25, 30, 37, 45, 56, 60]",1,60
3091,2026-01-17T13:20:00.0,2026-01-19T18:57:45.531,"Any[1, 6, 11, 19, 25, 30, 37, 45, 56, 60]",1,60
3094,2026-01-17T13:20:00.0,2026-01-19T18:57:45.531,"Any[1, 6, 11, 19, 25, 30, 37, 45, 53, 60]",1,60
3098,2026-01-17T13:20:00.0,2026-01-12T18:57:45.531,"Any[1, 6, 11, 19, 23, 36, 44, 54, 60]",1,60
3109,2026-01-17T13:20:00.0,2026-01-12T18:57:45.531,"Any[6, 11, 19, 25, 30, 37, 45, 53]",6,53
3115,2026-01-17T13:20:00.0,2026-01-19T18:57:45.531,"Any[6, 11, 19, 25, 30, 37, 45, 53]",6,53
3116,2026-01-17T13:20:00.0,2026-01-19T18:57:45.531,"Any[6, 11, 19, 25, 30, 37, 45, 53]",6,53
3120,2026-01-17T13:20:00.0,2026-02-02T18:57:45.531,"Any[6, 11, 16, 25, 30, 37, 45, 53]",6,53
3133,2026-01-17T13:20:00.0,2026-01-26T18:57:45.531,"Any[6, 11, 19, 25, 30, 37, 45, 53]",6,53
3135,2026-01-17T13:20:00.0,2026-01-12T18:57:45.531,"Any[6, 11, 19, 25, 30, 37, 45, 53]",6,53
3145,2026-01-17T13:20:00.0,2026-02-02T18:57:45.531,"Any[10, 19, 25, 30, 37, 45, 53, 60]",10,60
3149,2026-01-17T13:20:00.0,2026-01-12T18:57:45.531,"Any[10, 19, 25, 30, 37, 45, 53, 60]",10,60
3158,2026-01-17T13:20:00.0,2026-02-02T18:57:45.531,"Any[10, 19, 25, 30, 37, 45, 53, 60]",10,60
3168,2026-01-17T13:20:00.0,2026-01-12T18:57:45.531,"Any[10, 19, 25, 30, 37, 45, 53, 60]",10,60
3170,2026-01-17T13:20:00.0,2026-02-02T18:57:45.531,"Any[10, 19, 25, 30, 37, 45, 53, 60]",10,60
3172,2026-01-17T13:20:00.0,2026-01-12T18:57:45.531,"Any[10, 19, 25, 30, 37, 45, 53, 60]",10,60
3174,2026-01-17T13:20:00.0,2026-01-19T18:57:45.531,"Any[10, 19, 25, 30, 37, 45, 53, 60]",10,60
3181,2026-01-17T13:20:00.0,2026-01-12T18:57:45.531,"Any[10, 19, 25, 30, 37, 45, 53, 60]",10,60
3200,2026-01-17T13:20:00.0,2026-01-12T18:57:45.531,"Any[10, 19, 25, 30, 37, 45]",10,45
3,2026-01-21T07:06:40.0,2026-01-30T12:44:25.531,"Any[53, 45, 37, 30, 25, 19, 13, 8]",53,8
5,2026-01-21T07:06:40.0,2026-01-30T12:44:25.531,"Any[53, 45, 37, 30, 25, 19, 10]",53,10
9,2026-01-21T07:06:40.0,2026-01-09T12:44:25.531,"Any[10, 19, 25, 30, 37, 45, 53, 60]",10,60
41,2026-01-21T07:06:40.0,2026-01-23T12:44:25.531,"Any[7, 8, 13, 19, 25, 30, 37, 45, 53]",7,53
45,2026-01-21T07:06:40.0,2026-01-23T12:44:25.531,"Any[56, 45, 37, 30, 25, 19, 11, 6]",56,6
56,2026-01-21T07:06:40.0,2026-01-23T12:44:25.531,"Any[3, 6, 11, 16, 25, 30, 37, 45]",3,45
60,2026-01-21T07:06:40.0,2026-01-23T12:44:25.531,"Any[8, 13, 19, 25, 30, 37, 45, 56]",8,56
83,2026-01-21T07:06:40.0,2026-01-16T12:44:25.531,"Any[8, 13, 19, 25, 30, 37, 45, 56]",8,56
98,2026-01-21T07:06:40.0,2026-01-23T12:44:25.531,"Any[53, 45, 37, 30, 25, 19, 10]",53,10
107,2026-01-21T07:06:40.0,2026-01-30T12:44:25.531,"Any[53, 45, 37, 30, 25, 19, 10]",53,10
147,2026-01-21T07:06:40.0,2026-01-23T12:44:25.531,"Any[56, 45, 37, 30, 25, 19, 13, 8]",56,8
162,2026-01-21T07:06:40.0,2026-01-30T12:44:25.531,"Any[8, 13, 19, 25, 30, 37, 45, 53]",8,53
235,2026-01-21T07:06:40.0,2026-01-23T12:44:25.531,"Any[53, 45, 37, 30, 25, 19, 13, 8]",53,8
262,2026-01-21T07:06:40.0,2026-01-09T12:44:25.531,"Any[10, 19, 25, 30, 37, 45, 53]",10,53
267,2026-01-21T07:06:40.0,2026-01-30T12:44:25.531,"Any[64, 60, 53, 45, 37, 30, 25, 19, 11, 6, 1]",64,1
269,2026-01-21T07:06:40.0,2026-01-16T12:44:25.531,"Any[64, 56, 45, 37, 30, 25, 19, 11, 6, 2]",64,2
273,2026-01-21T07:06:40.0,2026-01-23T12:44:25.531,"Any[6, 11, 19, 25, 30, 37, 45]",6,45
285,2026-01-21T07:06:40.0,2026-01-23T12:44:25.531,"Any[3, 10, 19, 25, 30, 37, 45, 53]",3,53
290,2026-01-21T07:06:40.0,2026-01-30T12:44:25.531,"Any[62, 53, 45, 37, 30, 25, 19, 13, 8]",62,8
303,2026-01-21T07:06:40.0,2026-01-30T12:44:25.531,"Any[60, 56, 45, 37, 30, 25]",60,25
315,2026-01-21T07:06:40.0,2026-01-16T12:44:25.531,"Any[64, 60, 53, 45, 37, 30, 25, 19, 13, 8]",64,8
341,2026-01-21T07:06:40.0,2026-01-09T12:44:25.531,"Any[60, 56, 45, 37, 30, 25, 19, 13, 19, 13, 8]",60,8
347,2026-01-21T07:06:40.0,2026-01-09T12:44:25.531,"Any[53, 45, 37, 30, 25, 19, 10]",53,10
350,2026-01-21T07:06:40.0,2026-01-16T12:44:25.531,"Any[8, 13, 19, 25, 30, 37, 45, 53]",8,53
377,2026-01-21T07:06:40.0,2026-01-16T12:44:25.531,"Any[53, 45, 37, 30, 25]",53,25
382,2026-01-21T07:06:40.0,2026-01-30T12:44:25.531,"Any[10, 25, 30, 37, 45, 53, 60]",10,60
390,2026-01-21T07:06:40.0,2026-01-23T12:44:25.531,"Any[16, 25, 30, 37, 45, 53]",16,53
391,2026-01-21T07:06:40.0,2026-01-30T12:44:25.531,"Any[6, 11, 19, 25, 30, 37, 45, 53]",6,53
437,2026-01-21T07:06:40.0,2026-01-09T12:44:25.531,"Any[53, 45, 37, 30, 25, 19, 13, 8]",53,8
463,2026-01-21T07:06:40.0,2026-01-16T12:44:25.531,"Any[64, 53, 45, 37, 30, 25, 19, 11, 6, 1]",64,1
465,2026-01-21T07:06:40.0,2026-01-30T12:44:25.531,"Any[53, 45, 37, 30, 25, 19, 10]",53,10
480,2026-01-21T07:06:40.0,2026-01-16T12:44:25.531,"Any[6, 11, 19, 25, 30, 37, 45]",6,45
505,2026-01-21T07:06:40.0,2026-01-30T12:44:25.531,"Any[6, 11, 19, 25, 30, 37, 45]",6,45
544,2026-01-21T07:06:40.0,2026-01-23T12:44:25.531,"Any[64, 60, 53, 45, 37, 30, 25, 19, 10]",64,10
553,2026-01-21T07:06:40.0,2026-01-30T12:44:25.531,"Any[56, 45, 37, 30, 25, 19, 10]",56,10
563,2026-01-21T07:06:40.0,2026-01-23T12:44:25.531,"Any[53, 45, 37, 30, 25, 19, 10]",53,10
565,2026-01-21T07:06:40.0,2026-01-23T12:44:25.531,"Any[8, 7, 8, 13, 19, 25, 30, 37, 45]",8,45
585,2026-01-21T07:06:40.0,2026-01-09T12:44:25.531,"Any[8, 13, 19, 25, 30, 37, 45, 56]",8,56
592,2026-01-21T07:06:40.0,2026-01-30T12:44:25.531,"Any[8, 13, 19, 25, 30, 37, 45, 53]",8,53
621,2026-01-21T07:06:40.0,2026-01-09T12:44:25.531,"Any[60, 56, 45, 37, 30, 25, 19, 13, 8]",60,8
622,2026-01-21T07:06:40.0,2026-01-23T12:44:25.531,"Any[6, 11, 16, 25, 30, 37, 45]",6,45
638,2026-01-21T07:06:40.0,2026-01-23T12:44:25.531,"Any[8, 13, 19, 25, 30, 37, 45, 53]",8,53
659,2026-01-21T07:06:40.0,2026-01-09T12:44:25.531,"Any[53, 45, 37, 30, 25, 19, 11, 6, 1]",53,1
672,2026-01-21T07:06:40.0,2026-01-09T12:44:25.531,"Any[6, 11, 19, 25, 30, 37, 45]",6,45
683,2026-01-21T07:06:40.0,2026-01-09T12:44:25.531,"Any[10, 19, 25, 30, 37, 45, 53]",10,53
702,2026-01-21T07:06:40.0,2026-01-09T12:44:25.531,"Any[3, 10, 19, 25, 30, 37, 45, 53]",3,53
705,2026-01-21T07:06:40.0,2026-01-16T12:44:25.531,"Any[6, 11, 19, 25, 30, 37, 45]",6,45
721,2026-01-21T07:06:40.0,2026-01-23T12:44:25.531,"Any[56, 45, 37, 30, 25, 19, 10]",56,10
727,2026-01-21T07:06:40.0,2026-01-09T12:44:25.531,"Any[7, 8, 13, 19, 25, 30, 37, 45, 53, 60]",7,60
738,2026-01-21T07:06:40.0,2026-01-23T12:44:25.531,"Any[53, 45, 37, 30, 25, 19, 13, 8]",53,8
756,2026-01-21T07:06:40.0,2026-01-23T12:44:25.531,"Any[56, 45, 37, 30, 25]",56,25
763,2026-01-21T07:06:40.0,2026-01-16T12:44:25.531,"Any[53, 45, 37, 30, 25, 19, 13, 8]",53,8
840,2026-01-21T07:06:40.0,2026-01-30T12:44:25.531,"Any[56, 45, 37, 30, 25, 19, 11, 6]",56,6
843,2026-01-21T07:06:40.0,2026-01-23T12:44:25.531,"Any[53, 45, 37, 30, 25]",53,25
845,2026-01-21T07:06:40.0,2026-01-23T12:44:25.531,"Any[56, 45, 37, 30, 25, 19, 10]",56,10
905,2026-01-21T07:06:40.0,2026-01-23T12:44:25.531,"Any[64, 60, 56, 45, 37, 30, 25]",64,25
940,2026-01-21T07:06:40.0,2026-01-23T12:44:25.531,"Any[7, 8, 13, 19, 30, 37, 45, 53, 60]",7,60
954,2026-01-21T07:06:40.0,2026-01-09T12:44:25.531,"Any[10, 19, 25, 30, 37, 45, 53]",10,53
990,2026-01-21T07:06:40.0,2026-01-23T12:44:25.531,"Any[60, 56, 45, 37, 30, 25]",60,25
1020,2026-01-21T07:06:40.0,2026-01-09T12:44:25.531,"Any[56, 45, 37, 30, 25, 19, 10]",56,10
1037,2026-01-21T07:06:40.0,2026-01-09T12:44:25.531,"Any[6, 11, 19, 25, 30, 37, 45]",6,45
1046,2026-01-21T07:06:40.0,2026-01-09T12:44:25.531,"Any[56, 45, 37, 30, 25]",56,25
1074,2026-01-21T07:06:40.0,2026-01-16T12:44:25.531,"Any[53, 45, 37, 30, 25]",53,25
1077,2026-01-21T07:06:40.0,2026-01-23T12:44:25.531,"Any[16, 17, 25, 30, 37, 45, 53]",16,53
1082,2026-01-21T07:06:40.0,2026-01-16T12:44:25.531,"Any[7, 8, 13, 19, 25, 30, 37, 45, 53]",7,53
1096,2026-01-21T07:06:40.0,2026-01-23T12:44:25.531,"Any[1, 6, 11, 19, 23, 28, 36, 44, 60]",1,60
1144,2026-01-21T07:06:40.0,2026-01-30T12:44:25.531,"Any[19, 25, 30, 37, 45]",19,45
1151,2026-01-21T07:06:40.0,2026-01-23T12:44:25.531,"Any[6, 11, 19, 25, 30, 37, 45]",6,45
1157,2026-01-21T07:06:40.0,2026-01-23T12:44:25.531,"Any[1, 6, 11, 19, 23, 36, 44, 54, 60]",1,60
1177,2026-01-21T07:06:40.0,2026-01-09T12:44:25.531,"Any[7, 8, 13, 19, 25, 30, 37, 45, 53]",7,53
1190,2026-01-21T07:06:40.0,2026-01-16T12:44:25.531,"Any[53, 45, 37, 30, 25]",53,25
1204,2026-01-21T07:06:40.0,2026-01-23T12:44:25.531,"Any[10, 19, 25, 30, 37, 45, 53]",10,53
1206,2026-01-21T07:06:40.0,2026-01-23T12:44:25.531,"Any[53, 45, 37, 30, 25, 19, 10]",53,10
1211,2026-01-21T07:06:40.0,2026-01-23T12:44:25.531,"Any[60, 56, 45, 37, 30, 25]",60,25
1220,2026-01-21T07:06:40.0,2026-01-09T12:44:25.531,"Any[25, 30, 37, 45, 56, 60]",25,60
1258,2026-01-21T07:06:40.0,2026-01-30T12:44:25.531,"Any[53, 45, 37, 30, 25]",53,25
1266,2026-01-21T07:06:40.0,2026-01-09T12:44:25.531,"Any[8, 13, 19, 25, 30, 37, 45, 56]",8,56
1315,2026-01-21T07:06:40.0,2026-01-30T12:44:25.531,"Any[10, 19, 25, 30, 37, 45, 53, 60]",10,60
1335,2026-01-21T07:06:40.0,2026-01-09T12:44:25.531,"Any[19, 25, 30, 37, 45, 56]",19,56
1342,2026-01-21T07:06:40.0,2026-01-16T12:44:25.531,"Any[10, 19, 25, 30, 37, 45, 56]",10,56
1394,2026-01-21T07:06:40.0,2026-01-16T12:44:25.531,"Any[53, 45, 37, 30, 25, 19, 10]",53,10
1417,2026-01-21T07:06:40.0,2026-01-30T12:44:25.531,"Any[53, 45, 37, 30, 25, 19, 10]",53,10
1419,2026-01-21T07:06:40.0,2026-01-16T12:44:25.531,"Any[10, 19, 25, 30, 37, 45, 53]",10,53
1426,2026-01-21T07:06:40.0,2026-01-30T12:44:25.531,"Any[8, 13, 19, 25, 30, 37, 45, 56]",8,56
1460,2026-01-21T07:06:40.0,2026-01-23T12:44:25.531,"Any[56, 45, 37, 30, 25]",56,25
1466,2026-01-21T07:06:40.0,2026-01-16T12:44:25.531,"Any[1, 6, 11, 19, 23, 28, 36, 44, 60]",1,60
1474,2026-01-21T07:06:40.0,2026-01-30T12:44:25.531,"Any[6, 11, 19, 25, 30, 37, 45]",6,45
1496,2026-01-21T07:06:40.0,2026-01-23T12:44:25.531,"Any[7, 8, 13, 19, 25, 30, 37, 45, 53]",7,53
1535,2026-01-21T07:06:40.0,2026-01-30T12:44:25.531,"Any[53, 45, 37, 30, 25, 19, 10]",53,10
1548,2026-01-21T07:06:40.0,2026-01-16T12:44:25.531,"Any[53, 45, 37, 30, 25, 19, 10]",53,10
1558,2026-01-21T07:06:40.0,2026-01-30T12:44:25.531,"Any[8, 13, 25, 30, 37, 45, 56]",8,56
1561,2026-01-21T07:06:40.0,2026-01-30T12:44:25.531,"Any[56, 45, 37, 30, 25]",56,25
1563,2026-01-21T07:06:40.0,2026-01-16T12:44:25.531,"Any[3, 6, 11, 19, 25, 30, 37, 45, 56, 60]",3,60
1567,2026-01-21T07:06:40.0,2026-01-30T12:44:25.531,"Any[8, 13, 19, 25, 30, 37, 45, 56]",8,56
1588,2026-01-21T07:06:40.0,2026-01-09T12:44:25.531,"Any[7, 8, 13, 19, 25, 30, 37, 45, 53]",7,53
1625,2026-01-21T07:06:40.0,2026-01-23T12:44:25.531,"Any[19, 25, 30, 37, 45]",19,45
1659,2026-01-21T07:06:40.0,2026-01-30T12:44:25.531,"Any[64, 56, 45, 37, 30, 25, 19, 11, 6, 2]",64,2
1697,2026-01-21T07:06:40.0,2026-01-16T12:44:25.531,"Any[53, 45, 37, 30, 25]",53,25
1698,2026-01-21T07:06:40.0,2026-01-23T12:44:25.531,"Any[10, 19, 25, 30, 37, 45, 53]",10,53
1705,2026-01-21T07:06:40.0,2026-01-16T12:44:25.531,"Any[1, 6, 11, 19, 25, 30, 37, 45, 53]",1,53
1746,2026-01-21T07:06:40.0,2026-01-09T12:44:25.531,"Any[8, 13, 19, 25, 30, 37, 45, 56]",8,56
1754,2026-01-21T07:06:40.0,2026-01-16T12:44:25.531,"Any[53, 45, 37, 30, 25]",53,25
1774,2026-01-21T07:06:40.0,2026-01-16T12:44:25.531,"Any[7, 8, 13, 19, 25, 30, 37, 45, 53, 60]",7,60
1796,2026-01-21T07:06:40.0,2026-01-16T12:44:25.531,"Any[56, 45, 37, 30, 25, 19, 11, 6]",56,6
1850,2026-01-21T07:06:40.0,2026-01-09T12:44:25.531,"Any[53, 45, 37, 30, 25, 19, 10]",53,10
1885,2026-01-21T07:06:40.0,2026-01-30T12:44:25.531,"Any[3, 10, 19, 25, 30, 37, 45, 53]",3,53
1917,2026-01-21T07:06:40.0,2026-01-23T12:44:25.531,"Any[7, 8, 13, 19, 25, 30, 37, 45, 53, 60]",7,60
1926,2026-01-21T07:06:40.0,2026-01-16T12:44:25.531,"Any[10, 25, 30, 37, 45, 53, 60]",10,60
1928,2026-01-21T07:06:40.0,2026-01-30T12:44:25.531,"Any[60, 56, 45, 37, 30, 25]",60,25
1947,2026-01-21T07:06:40.0,2026-01-23T12:44:25.531,"Any[56, 45, 37, 30, 25]",56,25
1988,2026-01-21T07:06:40.0,2026-01-23T12:44:25.531,"Any[53, 45, 37, 30, 25, 19, 11, 6, 1]",53,1
2016,2026-01-21T07:06:40.0,2026-01-16T12:44:25.531,"Any[6, 11, 19, 25, 30, 37, 45]",6,45
2027,2026-01-21T07:06:40.0,2026-01-23T12:44:25.531,"Any[7, 8, 13, 19, 25, 30, 37, 45, 53]",7,53
2047,2026-01-21T07:06:40.0,2026-01-23T12:44:25.531,"Any[56, 45, 37, 30, 25, 19, 11, 6]",56,6
2061,2026-01-21T07:06:40.0,2026-01-16T12:44:25.531,"Any[8, 13, 25, 30, 37, 45, 56]",8,56
2065,2026-01-21T07:06:40.0,2026-01-23T12:44:25.531,"Any[1, 6, 11, 16, 25, 30, 37, 45, 56]",1,56
2087,2026-01-21T07:06:40.0,2026-01-09T12:44:25.531,"Any[1, 6, 11, 16, 25, 30, 37, 45, 53]",1,53
2097,2026-01-21T07:06:40.0,2026-01-30T12:44:25.531,"Any[16, 25, 30, 37, 45, 56, 60]",16,60
2113,2026-01-21T07:06:40.0,2026-01-09T12:44:25.531,"Any[19, 25, 30, 37, 45, 56]",19,56
2135,2026-01-21T07:06:40.0,2026-01-09T12:44:25.531,"Any[19, 25, 30, 37, 45, 56]",19,56
2145,2026-01-21T07:06:40.0,2026-01-09T12:44:25.531,"Any[16, 17, 25, 30, 37, 45, 53]",16,53
2169,2026-01-21T07:06:40.0,2026-01-30T12:44:25.531,"Any[53, 45, 37, 30, 25, 19, 10]",53,10
2175,2026-01-21T07:06:40.0,2026-01-16T12:44:25.531,"Any[19, 25, 30, 37, 45, 56]",19,56
2187,2026-01-21T07:06:40.0,2026-01-09T12:44:25.531,"Any[60, 56, 45, 37, 30, 25, 19, 11, 6]",60,6
2236,2026-01-21T07:06:40.0,2026-01-23T12:44:25.531,"Any[53, 45, 37, 30, 25]",53,25
2246,2026-01-21T07:06:40.0,2026-01-23T12:44:25.531,"Any[56, 45, 37, 30, 25]",56,25
2276,2026-01-21T07:06:40.0,2026-01-09T12:44:25.531,"Any[54, 44, 36, 23, 19, 11, 6, 6]",54,6
2312,2026-01-21T07:06:40.0,2026-01-30T12:44:25.531,"Any[8, 13, 19, 25, 30, 37, 45, 56]",8,56
2339,2026-01-21T07:06:40.0,2026-01-09T12:44:25.531,"Any[10, 19, 25, 30, 37, 45, 56]",10,56
2344,2026-01-21T07:06:40.0,2026-01-16T12:44:25.531,"Any[54, 44, 36, 23, 19, 13, 8, 7]",54,7
2372,2026-01-21T07:06:40.0,2026-01-16T12:44:25.531,"Any[6, 11, 19, 25, 30, 37, 45, 56]",6,56
2464,2026-01-21T07:06:40.0,2026-01-30T12:44:25.531,"Any[8, 13, 19, 25, 30, 37, 45, 53]",8,53
2483,2026-01-21T07:06:40.0,2026-01-09T12:44:25.531,"Any[56, 45, 37, 30, 25]",56,25
2488,2026-01-21T07:06:40.0,2026-01-09T12:44:25.531,"Any[6, 11, 19, 25, 30, 37, 45]",6,45
2495,2026-01-21T07:06:40.0,2026-01-09T12:44:25.531,"Any[60, 56, 45, 37, 30, 25, 19, 13, 19, 13, 8]",60,8
2565,2026-01-21T07:06:40.0,2026-01-16T12:44:25.531,"Any[8, 13, 19, 25, 30, 37, 45, 56]",8,56
2571,2026-01-21T07:06:40.0,2026-01-30T12:44:25.531,"Any[8, 13, 19, 25, 30, 37, 45, 56]",8,56
2588,2026-01-21T07:06:40.0,2026-01-16T12:44:25.531,"Any[62, 45, 37, 30, 25, 19, 13, 8]",62,8
2613,2026-01-21T07:06:40.0,2026-01-16T12:44:25.531,"Any[8, 13, 19, 25, 37, 45, 56]",8,56
2666,2026-01-21T07:06:40.0,2026-01-16T12:44:25.531,"Any[53, 45, 37, 30, 25, 19, 13, 8]",53,8
2673,2026-01-21T07:06:40.0,2026-01-23T12:44:25.531,"Any[53, 45, 37, 30, 25]",53,25
2696,2026-01-21T07:06:40.0,2026-01-09T12:44:25.531,"Any[56, 45, 37, 30, 25, 19, 11, 6]",56,6
2706,2026-01-21T07:06:40.0,2026-01-30T12:44:25.531,"Any[1, 6, 11, 16, 25, 30, 37, 45, 53]",1,53
2711,2026-01-21T07:06:40.0,2026-01-30T12:44:25.531,"Any[10, 19, 25, 30, 37, 45, 53]",10,53
2715,2026-01-21T07:06:40.0,2026-01-23T12:44:25.531,"Any[53, 45, 37, 30, 25, 19, 13, 8]",53,8
2747,2026-01-21T07:06:40.0,2026-01-23T12:44:25.531,"Any[56, 45, 37, 30, 25, 19, 11, 6]",56,6
2777,2026-01-21T07:06:40.0,2026-01-30T12:44:25.531,"Any[10, 19, 25, 30, 37, 45, 53]",10,53
2796,2026-01-21T07:06:40.0,2026-01-23T12:44:25.531,"Any[1, 6, 11, 25, 30, 37, 45, 53]",1,53
2837,2026-01-21T07:06:40.0,2026-01-30T12:44:25.531,"Any[10, 19, 25, 30, 37, 45, 53]",10,53
2852,2026-01-21T07:06:40.0,2026-01-09T12:44:25.531,"Any[10, 19, 30, 37, 45, 53]",10,53
2877,2026-01-21T07:06:40.0,2026-01-23T12:44:25.531,"Any[56, 45, 37, 30, 25, 19, 10]",56,10
2892,2026-01-21T07:06:40.0,2026-01-09T12:44:25.531,"Any[60, 56, 45, 37, 30, 25, 19]",60,19
2915,2026-01-21T07:06:40.0,2026-01-09T12:44:25.531,"Any[60, 56, 45, 37, 30, 25, 19, 13, 8]",60,8
2923,2026-01-21T07:06:40.0,2026-01-09T12:44:25.531,"Any[56, 45, 37, 30, 25]",56,25
2925,2026-01-21T07:06:40.0,2026-01-30T12:44:25.531,"Any[56, 45, 37, 30, 25]",56,25
2928,2026-01-21T07:06:40.0,2026-01-23T12:44:25.531,"Any[56, 45, 37, 30, 25]",56,25
2932,2026-01-21T07:06:40.0,2026-01-30T12:44:25.531,"Any[56, 45, 37, 30, 25]",56,25
2933,2026-01-21T07:06:40.0,2026-01-30T12:44:25.531,"Any[56, 45, 37, 30, 25]",56,25
2946,2026-01-21T07:06:40.0,2026-01-16T12:44:25.531,"Any[56, 45, 37, 30, 25, 19, 11, 6]",56,6
2955,2026-01-21T07:06:40.0,2026-01-30T12:44:25.531,"Any[56, 45, 37, 30, 25, 19, 11, 6]",56,6
2962,2026-01-21T07:06:40.0,2026-01-30T12:44:25.531,"Any[56, 45, 37, 30, 25, 19, 11, 6]",56,6
2981,2026-01-21T07:06:40.0,2026-01-16T12:44:25.531,"Any[56, 45, 37, 30, 25, 19, 10, 6]",56,6
2990,2026-01-21T07:06:40.0,2026-01-23T12:44:25.531,"Any[56, 45, 37, 30, 25, 19, 11, 6]",56,6
2992,2026-01-21T07:06:40.0,2026-01-23T12:44:25.531,"Any[56, 45, 37, 30, 25, 19, 11, 6]",56,6
2999,2026-01-21T07:06:40.0,2026-01-23T12:44:25.531,"Any[56, 45, 37, 30, 25, 19, 11, 6]",56,6
3049,2026-01-21T07:06:40.0,2026-01-16T12:44:25.531,"Any[8, 13, 19, 25, 30, 37, 45, 56]",8,56
3073,2026-01-21T07:06:40.0,2026-01-23T12:44:25.531,"Any[8, 13, 19, 25, 30, 37, 45, 56]",8,56
3079,2026-01-21T07:06:40.0,2026-01-30T12:44:25.531,"Any[1, 6, 11, 19, 23, 28, 36, 44, 54, 60]",1,60
3090,2026-01-21T07:06:40.0,2026-01-30T12:44:25.531,"Any[1, 6, 11, 19, 23, 36, 44, 54, 60]",1,60
3129,2026-01-21T07:06:40.0,2026-01-09T12:44:25.531,"Any[6, 11, 16, 25, 30, 37, 45, 53]",6,53
3150,2026-01-21T07:06:40.0,2026-01-23T12:44:25.531,"Any[10, 19, 25, 30, 37, 45, 53, 60]",10,60
3151,2026-01-21T07:06:40.0,2026-01-30T12:44:25.531,"Any[10, 19, 25, 30, 37, 45, 53, 60]",10,60
3169,2026-01-21T07:06:40.0,2026-01-09T12:44:25.531,"Any[10, 19, 25, 30, 37, 45, 53, 60]",10,60
3173,2026-01-21T07:06:40.0,2026-01-09T12:44:25.531,"Any[10, 25, 30, 37, 45, 53, 60]",10,60
4,2026-01-24T13:20:00.0,2026-01-26T18:57:45.531,"Any[10, 19, 25, 30, 37, 45, 56]",10,56
8,2026-01-24T13:20:00.0,2026-01-26T18:57:45.531,"Any[6, 11, 19, 25, 30, 37, 45]",6,45
11,2026-01-24T13:20:00.0,2026-02-02T18:57:45.531,"Any[53, 45, 37, 30, 25, 19, 13, 8]",53,8
14,2026-01-24T13:20:00.0,2026-01-12T18:57:45.531,"Any[61, 53, 45, 37, 30, 25, 19, 11, 6]",61,6
18,2026-01-24T13:20:00.0,2026-02-02T18:57:45.531,"Any[8, 13, 19, 25, 30, 37, 45, 56]",8,56
26,2026-01-24T13:20:00.0,2026-01-12T18:57:45.531,"Any[53, 45, 37, 30, 25, 19, 11, 6, 1]",53,1
30,2026-01-24T13:20:00.0,2026-01-19T18:57:45.531,"Any[56, 45, 37, 30, 25, 19, 13, 8]",56,8
32,2026-01-24T13:20:00.0,2026-02-02T18:57:45.531,"Any[53, 45, 37, 30, 25, 19, 10]",53,10
37,2026-01-24T13:20:00.0,2026-02-02T18:57:45.531,"Any[19, 25, 30, 37, 45, 56]",19,56
38,2026-01-24T13:20:00.0,2026-01-19T18:57:45.531,"Any[3, 10, 11, 19, 25, 30, 37, 45]",3,45
47,2026-01-24T13:20:00.0,2026-02-02T18:57:45.531,"Any[1, 6, 11, 19, 25, 30, 37, 45, 56]",1,56
50,2026-01-24T13:20:00.0,2026-01-26T18:57:45.531,"Any[6, 11, 19, 25, 30, 37, 45]",6,45
52,2026-01-24T13:20:00.0,2026-01-12T18:57:45.531,"Any[8, 13, 19, 25, 30, 37, 45, 56]",8,56
55,2026-01-24T13:20:00.0,2026-01-19T18:57:45.531,"Any[64, 53, 45, 37, 30, 25, 19, 10]",64,10
68,2026-01-24T13:20:00.0,2026-01-12T18:57:45.531,"Any[8, 13, 19, 25, 30, 37, 45, 56]",8,56
70,2026-01-24T13:20:00.0,2026-01-19T18:57:45.531,"Any[53, 45, 37, 30, 25, 19, 11, 6, 1]",53,1
72,2026-01-24T13:20:00.0,2026-01-12T18:57:45.531,"Any[3, 6, 11, 19, 25, 30, 37, 45, 53]",3,53
82,2026-01-24T13:20:00.0,2026-01-26T18:57:45.531,"Any[62, 56, 45, 37, 30, 25, 19, 13, 8]",62,8
84,2026-01-24T13:20:00.0,2026-01-26T18:57:45.531,"Any[8, 13, 19, 25, 30, 37, 45, 53]",8,53
86,2026-01-24T13:20:00.0,2026-02-02T18:57:45.531,"Any[17, 25, 30, 37, 45, 53]",17,53
92,2026-01-24T13:20:00.0,2026-01-12T18:57:45.531,"Any[19, 25, 30, 37, 45, 56]",19,56
103,2026-01-24T13:20:00.0,2026-01-19T18:57:45.531,"Any[53, 45, 37, 30, 25, 19, 10]",53,10
104,2026-01-24T13:20:00.0,2026-01-12T18:57:45.531,"Any[53, 45, 37, 30, 25]",53,25
105,2026-01-24T13:20:00.0,2026-01-26T18:57:45.531,"Any[64, 56, 45, 37, 30, 25, 19, 11, 6]",64,6
115,2026-01-24T13:20:00.0,2026-01-19T18:57:45.531,"Any[53, 45, 37, 30, 25]",53,25
117,2026-01-24T13:20:00.0,2026-01-12T18:57:45.531,"Any[53, 45, 37, 30, 25, 19, 13, 8]",53,8
125,2026-01-24T13:20:00.0,2026-01-19T18:57:45.531,"Any[56, 45, 37, 30, 25, 19, 11, 6, 1]",56,1
128,2026-01-24T13:20:00.0,2026-01-26T18:57:45.531,"Any[56, 45, 37, 30, 25, 19, 10]",56,10
132,2026-01-24T13:20:00.0,2026-01-12T18:57:45.531,"Any[64, 53, 45, 37, 30, 25, 19, 13, 8]",64,8
134,2026-01-24T13:20:00.0,2026-01-26T18:57:45.531,"Any[53, 45, 37, 30, 25, 19, 13, 8]",53,8
142,2026-01-24T13:20:00.0,2026-01-12T18:57:45.531,"Any[8, 13, 19, 25, 30, 37, 45, 56]",8,56
150,2026-01-24T13:20:00.0,2026-01-26T18:57:45.531,"Any[6, 11, 19, 25, 30, 37, 45]",6,45
154,2026-01-24T13:20:00.0,2026-01-26T18:57:45.531,"Any[53, 45, 37, 30, 25]",53,25
155,2026-01-24T13:20:00.0,2026-01-12T18:57:45.531,"Any[60, 53, 45, 37, 30, 25]",60,25
160,2026-01-24T13:20:00.0,2026-02-02T18:57:45.531,"Any[7, 8, 13, 19, 25, 30, 37, 45, 53]",7,53
163,2026-01-24T13:20:00.0,2026-01-12T18:57:45.531,"Any[1, 6, 11, 19, 25, 30, 37, 45, 56]",1,56
164,2026-01-24T13:20:00.0,2026-01-12T18:57:45.531,"Any[7, 8, 13, 19, 25, 30, 37, 45, 56]",7,56
165,2026-01-24T13:20:00.0,2026-01-12T18:57:45.531,"Any[19, 25, 30, 37, 45, 56]",19,56
168,2026-01-24T13:20:00.0,2026-01-12T18:57:45.531,"Any[53, 45, 37, 30, 25, 19, 10]",53,10
170,2026-01-24T13:20:00.0,2026-01-12T18:57:45.531,"Any[1, 6, 11, 25, 30, 37, 45, 53]",1,53
174,2026-01-24T13:20:00.0,2026-02-02T18:57:45.531,"Any[8, 13, 19, 25, 30, 37, 45, 53]",8,53
181,2026-01-24T13:20:00.0,2026-01-19T18:57:45.531,"Any[64, 60, 53, 45, 37, 30, 25, 19, 13, 8]",64,8
184,2026-01-24T13:20:00.0,2026-01-19T18:57:45.531,"Any[8, 13, 19, 25, 30, 37, 45]",8,45
186,2026-01-24T13:20:00.0,2026-01-26T18:57:45.531,"Any[6, 11, 19, 25, 30, 37, 45]",6,45
187,2026-01-24T13:20:00.0,2026-01-12T18:57:45.531,"Any[56, 45, 37, 30, 25, 19, 11, 6, 6, 1]",56,6
189,2026-01-24T13:20:00.0,2026-01-26T18:57:45.531,"Any[53, 45, 37, 30, 25, 19, 13, 8]",53,8
200,2026-01-24T13:20:00.0,2026-01-12T18:57:45.531,"Any[60, 56, 45, 37, 30, 25, 19, 11, 6]",60,6
201,2026-01-24T13:20:00.0,2026-01-12T18:57:45.531,"Any[3, 10, 19, 25, 30, 37, 45, 53]",3,53
204,2026-01-24T13:20:00.0,2026-02-02T18:57:45.531,"Any[56, 45, 37, 30, 25, 19, 14]",56,14
208,2026-01-24T13:20:00.0,2026-01-26T18:57:45.531,"Any[6, 11, 19, 25, 30, 37, 45]",6,45
209,2026-01-24T13:20:00.0,2026-01-26T18:57:45.531,"Any[1, 6, 11, 19, 25, 30, 37, 45, 53, 60, 64]",1,64
213,2026-01-24T13:20:00.0,2026-01-26T18:57:45.531,"Any[56, 45, 37, 30, 25, 19, 11, 6, 1]",56,1
218,2026-01-24T13:20:00.0,2026-01-19T18:57:45.531,"Any[60, 56, 45, 37, 30, 25, 19, 11, 6]",60,6
220,2026-01-24T13:20:00.0,2026-01-26T18:57:45.531,"Any[53, 45, 37, 30, 25, 19, 13, 8]",53,8
222,2026-01-24T13:20:00.0,2026-01-19T18:57:45.531,"Any[64, 60, 56, 45, 37, 30, 25, 19, 17, 19, 13, 8]",64,8
232,2026-01-24T13:20:00.0,2026-01-12T18:57:45.531,"Any[53, 45, 37, 30, 25]",53,25
237,2026-01-24T13:20:00.0,2026-01-26T18:57:45.531,"Any[64, 60, 53, 45, 37, 30, 25, 19, 13, 8]",64,8
240,2026-01-24T13:20:00.0,2026-01-19T18:57:45.531,"Any[56, 45, 37, 30, 25, 19, 13, 8]",56,8
246,2026-01-24T13:20:00.0,2026-02-02T18:57:45.531,"Any[56, 45, 37, 30, 25]",56,25
251,2026-01-24T13:20:00.0,2026-01-26T18:57:45.531,"Any[8, 13, 19, 25, 30, 37, 45]",8,45
252,2026-01-24T13:20:00.0,2026-01-12T18:57:45.531,"Any[6, 11, 19, 25, 30, 37, 45, 56, 60]",6,60
256,2026-01-24T13:20:00.0,2026-01-26T18:57:45.531,"Any[56, 45, 37, 30, 25, 19, 11, 6]",56,6
258,2026-01-24T13:20:00.0,2026-01-26T18:57:45.531,"Any[64, 60, 53, 45, 37, 30, 25, 19, 10]",64,10
259,2026-01-24T13:20:00.0,2026-01-19T18:57:45.531,"Any[8, 13, 25, 30, 37, 45, 53]",8,53
260,2026-01-24T13:20:00.0,2026-01-12T18:57:45.531,"Any[64, 60, 53, 45, 37, 30, 25, 19, 11, 6, 1]",64,1
261,2026-01-24T13:20:00.0,2026-01-12T18:57:45.531,"Any[8, 13, 19, 25, 30, 37, 45, 56]",8,56
263,2026-01-24T13:20:00.0,2026-01-19T18:57:45.531,"Any[53, 45, 37, 30, 25]",53,25
268,2026-01-24T13:20:00.0,2026-01-19T18:57:45.531,"Any[10, 19, 25, 30, 37, 45, 53]",10,53
271,2026-01-24T13:20:00.0,2026-01-19T18:57:45.531,"Any[6, 11, 19, 25, 30, 37, 45]",6,45
279,2026-01-24T13:20:00.0,2026-01-12T18:57:45.531,"Any[8, 13, 19, 25, 30, 37, 45, 56]",8,56
286,2026-01-24T13:20:00.0,2026-02-02T18:57:45.531,"Any[8, 13, 19, 25, 30, 37, 45, 56]",8,56
318,2026-01-24T13:20:00.0,2026-02-02T18:57:45.531,"Any[64, 60, 56, 45, 37, 30, 25, 19, 13, 8]",64,8
323,2026-01-24T13:20:00.0,2026-01-19T18:57:45.531,"Any[8, 13, 19, 25, 30, 37, 45, 53]",8,53
331,2026-01-24T13:20:00.0,2026-01-19T18:57:45.531,"Any[64, 53, 45, 37, 30, 25, 19, 13, 8]",64,8
332,2026-01-24T13:20:00.0,2026-01-26T18:57:45.531,"Any[10, 19, 25, 30, 37, 45, 53]",10,53
336,2026-01-24T13:20:00.0,2026-01-26T18:57:45.531,"Any[6, 11, 19, 25, 30, 37, 45]",6,45
337,2026-01-24T13:20:00.0,2026-01-19T18:57:45.531,"Any[53, 45, 37, 30, 25, 19, 10]",53,10
339,2026-01-24T13:20:00.0,2026-01-26T18:57:45.531,"Any[5, 6, 11, 19, 25, 30, 37, 45, 56]",5,56
346,2026-01-24T13:20:00.0,2026-02-02T18:57:45.531,"Any[54, 44, 36, 23, 19, 11, 6]",54,6
348,2026-01-24T13:20:00.0,2026-02-02T18:57:45.531,"Any[53, 45, 37, 30, 25, 19, 10]",53,10
349,2026-01-24T13:20:00.0,2026-01-12T18:57:45.531,"Any[56, 45, 37, 30, 25, 19, 11, 6, 1]",56,1
355,2026-01-24T13:20:00.0,2026-02-02T18:57:45.531,"Any[53, 45, 37, 30, 25, 19, 13, 8]",53,8
358,2026-01-24T13:20:00.0,2026-01-19T18:57:45.531,"Any[64, 60, 56, 45, 37, 30, 25, 19, 17, 19, 13, 8]",64,8
362,2026-01-24T13:20:00.0,2026-01-19T18:57:45.531,"Any[14, 19, 25, 30, 37, 45, 53]",14,53
367,2026-01-24T13:20:00.0,2026-02-02T18:57:45.531,"Any[62, 45, 37, 30, 25, 19, 13, 8]",62,8
368,2026-01-24T13:20:00.0,2026-01-12T18:57:45.531,"Any[8, 13, 19, 25, 30, 37, 45, 56]",8,56
371,2026-01-24T13:20:00.0,2026-01-12T18:57:45.531,"Any[53, 45, 37, 30, 25, 19, 13, 8]",53,8
374,2026-01-24T13:20:00.0,2026-01-26T18:57:45.531,"Any[6, 11, 19, 25, 30, 37, 45, 56, 60]",6,60
381,2026-01-24T13:20:00.0,2026-01-19T18:57:45.531,"Any[1, 6, 11, 16, 25, 30, 37, 45, 56]",1,56
383,2026-01-24T13:20:00.0,2026-02-02T18:57:45.531,"Any[10, 19, 25, 30, 37, 45, 53]",10,53
384,2026-01-24T13:20:00.0,2026-01-12T18:57:45.531,"Any[1, 6, 11, 19, 25, 30, 37, 45, 53, 60]",1,60
389,2026-01-24T13:20:00.0,2026-02-02T18:57:45.531,"Any[1, 6, 11, 19, 25, 30, 37, 45, 53, 60]",1,60
399,2026-01-24T13:20:00.0,2026-01-19T18:57:45.531,"Any[13, 19, 25, 30, 37, 45, 56]",13,56
402,2026-01-24T13:20:00.0,2026-02-02T18:57:45.531,"Any[10, 19, 25, 30, 37, 45, 53]",10,53
404,2026-01-24T13:20:00.0,2026-01-12T18:57:45.531,"Any[64, 53, 45, 37, 30, 25, 19, 13, 8]",64,8
414,2026-01-24T13:20:00.0,2026-01-12T18:57:45.531,"Any[8, 13, 19, 25, 30, 37, 45, 56]",8,56
416,2026-01-24T13:20:00.0,2026-01-26T18:57:45.531,"Any[19, 25, 30, 37, 45, 56, 55, 56]",19,56
417,2026-01-24T13:20:00.0,2026-01-26T18:57:45.531,"Any[53, 45, 37, 30, 25, 19, 13, 8]",53,8
421,2026-01-24T13:20:00.0,2026-02-02T18:57:45.531,"Any[8, 13, 19, 25, 30, 37, 45, 56]",8,56
436,2026-01-24T13:20:00.0,2026-01-26T18:57:45.531,"Any[53, 45, 37, 30, 25]",53,25
439,2026-01-24T13:20:00.0,2026-01-19T18:57:45.531,"Any[60, 53, 45, 37, 30, 25]",60,25
441,2026-01-24T13:20:00.0,2026-01-19T18:57:45.531,"Any[17, 16, 25, 30, 37, 45, 53]",17,53
442,2026-01-24T13:20:00.0,2026-01-19T18:57:45.531,"Any[7, 8, 13, 19, 25, 30, 37, 45]",7,45
444,2026-01-24T13:20:00.0,2026-01-26T18:57:45.531,"Any[19, 25, 30, 37, 45, 53]",19,53
450,2026-01-24T13:20:00.0,2026-02-02T18:57:45.531,"Any[7, 8, 13, 19, 25, 30, 37, 45, 53]",7,53
452,2026-01-24T13:20:00.0,2026-01-19T18:57:45.531,"Any[53, 45, 37, 30, 25, 19, 10]",53,10
453,2026-01-24T13:20:00.0,2026-01-12T18:57:45.531,"Any[1, 6, 11, 19, 23, 28, 36, 44, 54, 60]",1,60
461,2026-01-24T13:20:00.0,2026-01-19T18:57:45.531,"Any[56, 45, 37, 30, 25, 19, 11, 6, 1]",56,1
468,2026-01-24T13:20:00.0,2026-01-26T18:57:45.531,"Any[60, 56, 45, 37, 30, 25, 19]",60,19
472,2026-01-24T13:20:00.0,2026-01-12T18:57:45.531,"Any[6, 11, 19, 25, 30, 37, 45]",6,45
474,2026-01-24T13:20:00.0,2026-01-26T18:57:45.531,"Any[54, 44, 36, 23, 19, 11, 6]",54,6
485,2026-01-24T13:20:00.0,2026-02-02T18:57:45.531,"Any[1, 6, 11, 19, 25, 30, 37, 45, 56]",1,56
496,2026-01-24T13:20:00.0,2026-01-12T18:57:45.531,"Any[10, 19, 25, 30, 37, 45, 56]",10,56
500,2026-01-24T13:20:00.0,2026-01-19T18:57:45.531,"Any[6, 11, 16, 25, 30, 37, 45]",6,45
502,2026-01-24T13:20:00.0,2026-02-02T18:57:45.531,"Any[8, 13, 19, 25, 30, 37, 45, 56]",8,56
503,2026-01-24T13:20:00.0,2026-01-26T18:57:45.531,"Any[7, 8, 13, 19, 25, 30, 37, 45, 53]",7,53
504,2026-01-24T13:20:00.0,2026-01-26T18:57:45.531,"Any[56, 45, 37, 30, 25]",56,25
507,2026-01-24T13:20:00.0,2026-01-26T18:57:45.531,"Any[60, 56, 45, 37, 30, 25]",60,25
508,2026-01-24T13:20:00.0,2026-02-02T18:57:45.531,"Any[53, 45, 37, 30, 25, 19, 13, 8]",53,8
513,2026-01-24T13:20:00.0,2026-02-02T18:57:45.531,"Any[53, 45, 37, 30, 25, 19, 13, 8]",53,8
515,2026-01-24T13:20:00.0,2026-02-02T18:57:45.531,"Any[6, 11, 19, 25, 30, 37, 45]",6,45
528,2026-01-24T13:20:00.0,2026-02-02T18:57:45.531,"Any[8, 13, 19, 25, 30, 37, 45, 56]",8,56
531,2026-01-24T13:20:00.0,2026-01-12T18:57:45.531,"Any[64, 60, 56, 45, 37, 30, 25, 19, 11, 6]",64,6
536,2026-01-24T13:20:00.0,2026-01-26T18:57:45.531,"Any[10, 19, 25, 30, 37, 45, 53]",10,53
539,2026-01-24T13:20:00.0,2026-01-26T18:57:45.531,"Any[53, 45, 37, 30, 25, 19, 13, 8]",53,8
541,2026-01-24T13:20:00.0,2026-02-02T18:57:45.531,"Any[53, 45, 37, 30, 25, 19, 10]",53,10
543,2026-01-24T13:20:00.0,2026-01-26T18:57:45.531,"Any[60, 56, 45, 37, 30, 25, 19, 11, 6]",60,6
546,2026-01-24T13:20:00.0,2026-02-02T18:57:45.531,"Any[9, 15, 26, 31, 36, 44, 54, 60]",9,60
556,2026-01-24T13:20:00.0,2026-01-26T18:57:45.531,"Any[56, 45, 37, 30, 25, 19, 11, 6]",56,6
557,2026-01-24T13:20:00.0,2026-02-02T18:57:45.531,"Any[8, 13, 19, 25, 30, 37, 45, 56]",8,56
560,2026-01-24T13:20:00.0,2026-01-19T18:57:45.531,"Any[62, 45, 37, 30, 25, 19, 14, 13, 14]",62,14
564,2026-01-24T13:20:00.0,2026-02-02T18:57:45.531,"Any[1, 6, 11, 25, 30, 37, 45, 53]",1,53
566,2026-01-24T13:20:00.0,2026-01-19T18:57:45.531,"Any[10, 19, 25, 30, 37, 45, 53]",10,53
567,2026-01-24T13:20:00.0,2026-02-02T18:57:45.531,"Any[60, 53, 45, 37, 30, 25, 19, 13, 8]",60,8
568,2026-01-24T13:20:00.0,2026-01-12T18:57:45.531,"Any[8, 13, 19, 25, 30, 37, 45, 53]",8,53
581,2026-01-24T13:20:00.0,2026-01-12T18:57:45.531,"Any[60, 56, 45, 37, 30, 25, 19, 11, 6]",60,6
582,2026-01-24T13:20:00.0,2026-01-12T18:57:45.531,"Any[19, 25, 30, 37, 45, 53]",19,53
586,2026-01-24T13:20:00.0,2026-01-26T18:57:45.531,"Any[10, 19, 25, 30, 37, 45, 53]",10,53
593,2026-01-24T13:20:00.0,2026-01-12T18:57:45.531,"Any[19, 25, 30, 37, 45]",19,45
594,2026-01-24T13:20:00.0,2026-01-12T18:57:45.531,"Any[60, 56, 45, 37, 30, 25]",60,25
595,2026-01-24T13:20:00.0,2026-01-19T18:57:45.531,"Any[19, 25, 30, 37, 45, 56]",19,56
604,2026-01-24T13:20:00.0,2026-01-19T18:57:45.531,"Any[8, 13, 19, 25, 30, 37, 45, 56]",8,56
607,2026-01-24T13:20:00.0,2026-01-26T18:57:45.531,"Any[64, 53, 45, 37, 30, 25, 11, 6, 1]",64,1
610,2026-01-24T13:20:00.0,2026-01-26T18:57:45.531,"Any[8, 13, 19, 25, 30, 37, 45, 56]",8,56
616,2026-01-24T13:20:00.0,2026-01-19T18:57:45.531,"Any[60, 56, 45, 37, 30, 25, 19]",60,19
624,2026-01-24T13:20:00.0,2026-01-19T18:57:45.531,"Any[64, 56, 45, 37, 30, 25, 19, 11, 6]",64,6
629,2026-01-24T13:20:00.0,2026-01-12T18:57:45.531,"Any[60, 53, 45, 37, 30, 25]",60,25
631,2026-01-24T13:20:00.0,2026-02-02T18:57:45.531,"Any[54, 44, 36, 23, 19, 11, 6]",54,6
632,2026-01-24T13:20:00.0,2026-02-02T18:57:45.531,"Any[53, 45, 37, 30, 25]",53,25
635,2026-01-24T13:20:00.0,2026-01-19T18:57:45.531,"Any[8, 13, 19, 25, 30, 37, 45, 56]",8,56
637,2026-01-24T13:20:00.0,2026-01-26T18:57:45.531,"Any[8, 13, 19, 25, 30, 25, 30, 37, 45, 53]",8,53
649,2026-01-24T13:20:00.0,2026-02-02T18:57:45.531,"Any[8, 13, 19, 25, 30, 37, 45, 56]",8,56
673,2026-01-24T13:20:00.0,2026-02-02T18:57:45.531,"Any[53, 45, 37, 30, 25, 19, 11, 6, 1]",53,1
674,2026-01-24T13:20:00.0,2026-01-26T18:57:45.531,"Any[60, 56, 45, 37, 30, 25, 19, 13, 8]",60,8
675,2026-01-24T13:20:00.0,2026-01-26T18:57:45.531,"Any[64, 60, 53, 45, 37, 30, 25]",64,25
680,2026-01-24T13:20:00.0,2026-02-02T18:57:45.531,"Any[53, 45, 37, 30, 25, 19, 11, 6, 1]",53,1
684,2026-01-24T13:20:00.0,2026-02-02T18:57:45.531,"Any[64, 53, 45, 37, 30, 25, 19, 13, 8]",64,8
688,2026-01-24T13:20:00.0,2026-01-26T18:57:45.531,"Any[7, 8, 13, 19, 25, 30, 37, 45, 53]",7,53
690,2026-01-24T13:20:00.0,2026-01-12T18:57:45.531,"Any[7, 8, 13, 19, 25, 30, 37, 45, 53]",7,53
706,2026-01-24T13:20:00.0,2026-01-19T18:57:45.531,"Any[19, 25, 30, 37, 45, 56]",19,56
707,2026-01-24T13:20:00.0,2026-01-26T18:57:45.531,"Any[53, 45, 37, 30, 25, 19, 13, 8]",53,8
709,2026-01-24T13:20:00.0,2026-02-02T18:57:45.531,"Any[60, 56, 45, 37, 30, 25, 19]",60,19
716,2026-01-24T13:20:00.0,2026-01-19T18:57:45.531,"Any[7, 8, 13, 19, 25, 30, 37, 45, 53]",7,53
718,2026-01-24T13:20:00.0,2026-01-26T18:57:45.531,"Any[56, 45, 37, 30, 25, 19, 11, 6, 1]",56,1
732,2026-01-24T13:20:00.0,2026-01-19T18:57:45.531,"Any[3, 6, 11, 25, 30, 37, 45]",3,45
736,2026-01-24T13:20:00.0,2026-01-26T18:57:45.531,"Any[6, 11, 19, 25, 30, 37, 45, 56]",6,56
743,2026-01-24T13:20:00.0,2026-01-26T18:57:45.531,"Any[60, 56, 45, 37, 30, 25, 19, 13, 8]",60,8
745,2026-01-24T13:20:00.0,2026-02-02T18:57:45.531,"Any[1, 6, 11, 16, 25, 30, 37, 45, 56]",1,56
770,2026-01-24T13:20:00.0,2026-01-26T18:57:45.531,"Any[10, 19, 25, 30, 37, 45, 53]",10,53
776,2026-01-24T13:20:00.0,2026-02-02T18:57:45.531,"Any[8, 13, 19, 25, 30, 37, 45, 56]",8,56
778,2026-01-24T13:20:00.0,2026-01-19T18:57:45.531,"Any[6, 11, 19, 25, 30, 37, 45]",6,45
791,2026-01-24T13:20:00.0,2026-01-19T18:57:45.531,"Any[10, 19, 25, 30, 37, 45, 53, 60]",10,60
792,2026-01-24T13:20:00.0,2026-01-26T18:57:45.531,"Any[56, 45, 37, 30, 25]",56,25
793,2026-01-24T13:20:00.0,2026-01-12T18:57:45.531,"Any[53, 45, 37, 30, 25, 19, 11, 6, 1]",53,1
797,2026-01-24T13:20:00.0,2026-02-02T18:57:45.531,"Any[53, 45, 37, 30, 25, 19, 11, 6, 1]",53,1
798,2026-01-24T13:20:00.0,2026-01-12T18:57:45.531,"Any[1, 6, 11, 19, 25, 30, 37, 45, 56]",1,56
799,2026-01-24T13:20:00.0,2026-01-26T18:57:45.531,"Any[64, 60, 53, 45, 37, 30, 25, 19, 10]",64,10
806,2026-01-24T13:20:00.0,2026-01-26T18:57:45.531,"Any[7, 8, 13, 19, 25, 30, 37, 45, 53]",7,53
808,2026-01-24T13:20:00.0,2026-02-02T18:57:45.531,"Any[19, 25, 30, 37, 45, 53]",19,53
820,2026-01-24T13:20:00.0,2026-02-02T18:57:45.531,"Any[6, 11, 19, 25, 30, 37, 45]",6,45
821,2026-01-24T13:20:00.0,2026-01-26T18:57:45.531,"Any[64, 60, 53, 45, 37, 30, 25, 19, 11, 6, 1]",64,1
822,2026-01-24T13:20:00.0,2026-02-02T18:57:45.531,"Any[1, 6, 11, 19, 25, 30, 37, 45, 56]",1,56
830,2026-01-24T13:20:00.0,2026-01-26T18:57:45.531,"Any[8, 13, 25, 30, 37, 45]",8,45
842,2026-01-24T13:20:00.0,2026-02-02T18:57:45.531,"Any[2, 9, 21, 27, 31, 36, 45, 55]",2,55
846,2026-01-24T13:20:00.0,2026-01-12T18:57:45.531,"Any[56, 45, 37, 30, 25, 19, 11, 6, 1]",56,1
847,2026-01-24T13:20:00.0,2026-02-02T18:57:45.531,"Any[53, 45, 37, 30, 25]",53,25
850,2026-01-24T13:20:00.0,2026-01-26T18:57:45.531,"Any[8, 13, 19, 25, 30, 37, 45]",8,45
852,2026-01-24T13:20:00.0,2026-01-26T18:57:45.531,"Any[56, 45, 37, 30, 25, 19, 13, 8]",56,8
856,2026-01-24T13:20:00.0,2026-01-19T18:57:45.531,"Any[64, 60, 53, 45, 37, 30, 25]",64,25
859,2026-01-24T13:20:00.0,2026-01-12T18:57:45.531,"Any[25, 30, 37, 45, 56, 60]",25,60
863,2026-01-24T13:20:00.0,2026-01-26T18:57:45.531,"Any[60, 53, 45, 37, 30, 25, 19, 11, 6]",60,6
871,2026-01-24T13:20:00.0,2026-01-19T18:57:45.531,"Any[7, 8, 13, 19, 25, 30, 37, 45, 53]",7,53
872,2026-01-24T13:20:00.0,2026-01-26T18:57:45.531,"Any[53, 45, 37, 30, 25, 19, 10]",53,10
883,2026-01-24T13:20:00.0,2026-01-26T18:57:45.531,"Any[10, 19, 25, 30, 37, 45, 53, 60]",10,60
884,2026-01-24T13:20:00.0,2026-01-26T18:57:45.531,"Any[13, 19, 25, 30, 37, 45, 56]",13,56
889,2026-01-24T13:20:00.0,2026-01-19T18:57:45.531,"Any[53, 45, 37, 30, 25, 19, 11, 6, 1]",53,1
896,2026-01-24T13:20:00.0,2026-01-26T18:57:45.531,"Any[62, 53, 45, 37, 30, 25, 19, 11, 6, 1]",62,1
899,2026-01-24T13:20:00.0,2026-01-26T18:57:45.531,"Any[19, 25, 30, 37, 45]",19,45
902,2026-01-24T13:20:00.0,2026-01-19T18:57:45.531,"Any[56, 45, 37, 30, 25]",56,25
904,2026-01-24T13:20:00.0,2026-01-19T18:57:45.531,"Any[17, 16, 17, 25, 30, 37, 45, 53, 60]",17,60
906,2026-01-24T13:20:00.0,2026-01-12T18:57:45.531,"Any[64, 53, 45, 37, 30, 25, 19, 10]",64,10
910,2026-01-24T13:20:00.0,2026-01-26T18:57:45.531,"Any[62, 45, 37, 30, 25, 19]",62,19
914,2026-01-24T13:20:00.0,2026-01-19T18:57:45.531,"Any[8, 13, 19, 25, 30, 37, 45, 56]",8,56
920,2026-01-24T13:20:00.0,2026-01-26T18:57:45.531,"Any[10, 19, 25, 30, 37, 45, 53]",10,53
925,2026-01-24T13:20:00.0,2026-01-12T18:57:45.531,"Any[64, 60, 53, 45, 37, 30, 25, 19, 11, 6, 1]",64,1
927,2026-01-24T13:20:00.0,2026-01-19T18:57:45.531,"Any[60, 56, 45, 37, 30, 25, 19, 11, 6]",60,6
933,2026-01-24T13:20:00.0,2026-02-02T18:57:45.531,"Any[62, 53, 45, 37, 30, 25, 19, 13, 8]",62,8
934,2026-01-24T13:20:00.0,2026-02-02T18:57:45.531,"Any[5, 6, 11, 19, 25, 30, 37, 45]",5,45
939,2026-01-24T13:20:00.0,2026-02-02T18:57:45.531,"Any[25, 30, 37, 45]",25,45
949,2026-01-24T13:20:00.0,2026-01-12T18:57:45.531,"Any[53, 45, 37, 30, 25, 19, 10]",53,10
963,2026-01-24T13:20:00.0,2026-01-12T18:57:45.531,"Any[60, 56, 45, 37, 30, 25, 19, 13, 8]",60,8
981,2026-01-24T13:20:00.0,2026-02-02T18:57:45.531,"Any[6, 11, 16, 25, 30, 37, 45]",6,45
982,2026-01-24T13:20:00.0,2026-01-12T18:57:45.531,"Any[13, 19, 25, 30, 37, 45, 56]",13,56
989,2026-01-24T13:20:00.0,2026-01-19T18:57:45.531,"Any[3, 10, 19, 25, 30, 37, 45, 53]",3,53
991,2026-01-24T13:20:00.0,2026-01-26T18:57:45.531,"Any[60, 56, 45, 37, 30, 25]",60,25
997,2026-01-24T13:20:00.0,2026-01-19T18:57:45.531,"Any[1, 6, 11, 19, 23, 36, 44, 54, 60]",1,60
1007,2026-01-24T13:20:00.0,2026-01-26T18:57:45.531,"Any[1, 6, 11, 16, 25, 30, 37, 45, 56]",1,56
1014,2026-01-24T13:20:00.0,2026-02-02T18:57:45.531,"Any[8, 13, 19, 25, 30, 37, 45, 56]",8,56
1016,2026-01-24T13:20:00.0,2026-01-26T18:57:45.531,"Any[19, 25, 30, 37, 45, 53]",19,53
1018,2026-01-24T13:20:00.0,2026-01-26T18:57:45.531,"Any[64, 60, 53, 45, 37, 30, 25, 19, 11, 6, 1]",64,1
1024,2026-01-24T13:20:00.0,2026-01-12T18:57:45.531,"Any[64, 56, 45, 37, 30, 25, 19, 11, 6]",64,6
1026,2026-01-24T13:20:00.0,2026-01-12T18:57:45.531,"Any[53, 45, 37, 30, 25, 19, 10]",53,10
1032,2026-01-24T13:20:00.0,2026-01-26T18:57:45.531,"Any[7, 8, 13, 19, 25, 30, 37, 45, 56]",7,56
1036,2026-01-24T13:20:00.0,2026-02-02T18:57:45.531,"Any[56, 45, 37, 30, 25, 19, 11, 6, 6, 1]",56,6
1038,2026-01-24T13:20:00.0,2026-02-02T18:57:45.531,"Any[6, 11, 19, 25, 30, 37, 45, 53]",6,53
1040,2026-01-24T13:20:00.0,2026-01-19T18:57:45.531,"Any[7, 8, 13, 19, 25, 30, 37, 45, 56]",7,56
1042,2026-01-24T13:20:00.0,2026-02-02T18:57:45.531,"Any[64, 60, 53, 45, 37, 30, 25, 19, 11, 6, 1]",64,1
1048,2026-01-24T13:20:00.0,2026-01-26T18:57:45.531,"Any[60, 56, 45, 37, 30, 25]",60,25
1050,2026-01-24T13:20:00.0,2026-02-02T18:57:45.531,"Any[8, 13, 19, 25, 30, 37, 45, 56]",8,56
1052,2026-01-24T13:20:00.0,2026-01-19T18:57:45.531,"Any[7, 8, 13, 19, 25, 30, 37, 45, 53, 60]",7,60
1053,2026-01-24T13:20:00.0,2026-01-12T18:57:45.531,"Any[19, 25, 30, 37, 45, 56]",19,56
1055,2026-01-24T13:20:00.0,2026-01-12T18:57:45.531,"Any[8, 13, 19, 25, 30, 37, 45, 56]",8,56
1059,2026-01-24T13:20:00.0,2026-01-26T18:57:45.531,"Any[8, 13, 19, 25, 30, 37, 45, 56, 60]",8,60
1066,2026-01-24T13:20:00.0,2026-02-02T18:57:45.531,"Any[1, 6, 11, 19, 23, 28, 36, 44, 54, 60]",1,60
1073,2026-01-24T13:20:00.0,2026-01-26T18:57:45.531,"Any[3, 10, 11, 19, 25, 30, 37, 45]",3,45
1078,2026-01-24T13:20:00.0,2026-01-26T18:57:45.531,"Any[17, 25, 30, 37, 45, 53]",17,53
1097,2026-01-24T13:20:00.0,2026-01-26T18:57:45.531,"Any[8, 13, 19, 25, 30, 37, 45, 53]",8,53
1099,2026-01-24T13:20:00.0,2026-01-19T18:57:45.531,"Any[1, 6, 11, 19, 25, 30, 37, 45, 56]",1,56
1100,2026-01-24T13:20:00.0,2026-01-19T18:57:45.531,"Any[10, 19, 25, 30, 37, 45, 53]",10,53
1111,2026-01-24T13:20:00.0,2026-02-02T18:57:45.531,"Any[53, 45, 37, 30, 25, 19, 10]",53,10
1127,2026-01-24T13:20:00.0,2026-02-02T18:57:45.531,"Any[60, 56, 45, 37, 30, 25, 19, 14]",60,14
1128,2026-01-24T13:20:00.0,2026-01-26T18:57:45.531,"Any[8, 13, 19, 25, 30, 37, 45, 53]",8,53
1131,2026-01-24T13:20:00.0,2026-01-26T18:57:45.531,"Any[54, 44, 36, 23, 19, 11, 6]",54,6
1135,2026-01-24T13:20:00.0,2026-02-02T18:57:45.531,"Any[53, 45, 37, 30, 25]",53,25
1136,2026-01-24T13:20:00.0,2026-01-19T18:57:45.531,"Any[10, 11, 19, 25, 30, 37, 45, 53]",10,53
1139,2026-01-24T13:20:00.0,2026-01-12T18:57:45.531,"Any[60, 56, 45, 37, 30, 25]",60,25
1142,2026-01-24T13:20:00.0,2026-01-19T18:57:45.531,"Any[3, 6, 11, 16, 25, 30, 37, 45, 56]",3,56
1147,2026-01-24T13:20:00.0,2026-02-02T18:57:45.531,"Any[53, 45, 37, 30, 25]",53,25
1148,2026-01-24T13:20:00.0,2026-02-02T18:57:45.531,"Any[60, 56, 45, 37, 30, 25, 19]",60,19
1150,2026-01-24T13:20:00.0,2026-02-02T18:57:45.531,"Any[53, 45, 37, 30, 25, 19, 13, 8]",53,8
1154,2026-01-24T13:20:00.0,2026-01-26T18:57:45.531,"Any[1, 6, 11, 25, 30, 37, 45, 53]",1,53
1164,2026-01-24T13:20:00.0,2026-01-26T18:57:45.531,"Any[7, 8, 13, 19, 25, 30, 37, 45, 53]",7,53
1168,2026-01-24T13:20:00.0,2026-01-19T18:57:45.531,"Any[7, 8, 13, 19, 25, 30, 37, 45, 53]",7,53
1174,2026-01-24T13:20:00.0,2026-01-12T18:57:45.531,"Any[10, 19, 25, 30, 37, 45, 53]",10,53
1175,2026-01-24T13:20:00.0,2026-01-19T18:57:45.531,"Any[1, 6, 11, 19, 25, 30, 37, 45, 53]",1,53
1180,2026-01-24T13:20:00.0,2026-02-02T18:57:45.531,"Any[3, 10, 19, 25, 30, 37, 45, 53]",3,53
1181,2026-01-24T13:20:00.0,2026-01-19T18:57:45.531,"Any[19, 25, 30, 37, 45, 53]",19,53
1187,2026-01-24T13:20:00.0,2026-02-02T18:57:45.531,"Any[8, 13, 19, 25, 30, 25, 30, 37, 45, 53]",8,53
1194,2026-01-24T13:20:00.0,2026-01-26T18:57:45.531,"Any[60, 56, 45, 37, 30, 25, 19, 13, 8]",60,8
1201,2026-01-24T13:20:00.0,2026-01-19T18:57:45.531,"Any[53, 45, 37, 30, 25]",53,25
1202,2026-01-24T13:20:00.0,2026-01-12T18:57:45.531,"Any[53, 45, 37, 30, 25]",53,25
1203,2026-01-24T13:20:00.0,2026-01-19T18:57:45.531,"Any[53, 45, 37, 30, 25, 19, 11, 6, 1]",53,1
1219,2026-01-24T13:20:00.0,2026-01-19T18:57:45.531,"Any[60, 56, 45, 37, 30, 25, 19, 13, 8]",60,8
1225,2026-01-24T13:20:00.0,2026-01-19T18:57:45.531,"Any[8, 13, 19, 25, 30, 37, 45]",8,45
1240,2026-01-24T13:20:00.0,2026-01-12T18:57:45.531,"Any[53, 45, 37, 30, 25, 19, 13, 8]",53,8
1253,2026-01-24T13:20:00.0,2026-01-12T18:57:45.531,"Any[25, 30, 37, 45]",25,45
1255,2026-01-24T13:20:00.0,2026-01-19T18:57:45.531,"Any[19, 25, 30, 37, 45, 53]",19,53
1256,2026-01-24T13:20:00.0,2026-02-02T18:57:45.531,"Any[53, 45, 37, 30, 25, 19, 11, 6, 1]",53,1
1268,2026-01-24T13:20:00.0,2026-01-26T18:57:45.531,"Any[6, 11, 19, 25, 30, 37, 45]",6,45
1277,2026-01-24T13:20:00.0,2026-02-02T18:57:45.531,"Any[56, 45, 37, 30, 25, 19, 11, 6]",56,6
1279,2026-01-24T13:20:00.0,2026-01-12T18:57:45.531,"Any[7, 8, 13, 19, 25, 30, 37, 45, 56]",7,56
1287,2026-01-24T13:20:00.0,2026-02-02T18:57:45.531,"Any[64, 56, 45, 37, 30, 25, 19, 11, 6]",64,6
1291,2026-01-24T13:20:00.0,2026-01-26T18:57:45.531,"Any[64, 60, 53, 45, 37, 30, 25, 19, 13, 8]",64,8
1293,2026-01-24T13:20:00.0,2026-01-19T18:57:45.531,"Any[53, 45, 37, 30, 25, 19, 10]",53,10
1294,2026-01-24T13:20:00.0,2026-01-19T18:57:45.531,"Any[7, 8, 13, 19, 25, 30, 37, 45, 53]",7,53
1296,2026-01-24T13:20:00.0,2026-01-26T18:57:45.531,"Any[56, 45, 37, 30, 25, 19, 11, 6, 1]",56,1
1297,2026-01-24T13:20:00.0,2026-01-26T18:57:45.531,"Any[60, 53, 45, 37, 30, 25]",60,25
1303,2026-01-24T13:20:00.0,2026-01-12T18:57:45.531,"Any[64, 60, 56, 45, 37, 30, 25]",64,25
1317,2026-01-24T13:20:00.0,2026-02-02T18:57:45.531,"Any[56, 45, 37, 30, 25, 19, 11, 6, 1]",56,1
1319,2026-01-24T13:20:00.0,2026-02-02T18:57:45.531,"Any[3, 10, 19, 25, 30, 37, 45, 53, 60]",3,60
1326,2026-01-24T13:20:00.0,2026-02-02T18:57:45.531,"Any[10, 19, 25, 30, 37, 45]",10,45
1328,2026-01-24T13:20:00.0,2026-01-12T18:57:45.531,"Any[8, 13, 19, 25, 30, 37, 45, 56]",8,56
1332,2026-01-24T13:20:00.0,2026-01-26T18:57:45.531,"Any[64, 60, 53, 45, 37, 30, 25, 19, 10]",64,10
1333,2026-01-24T13:20:00.0,2026-01-19T18:57:45.531,"Any[64, 60, 53, 45, 37, 30, 25, 19, 11, 6, 1]",64,1
1345,2026-01-24T13:20:00.0,2026-02-02T18:57:45.531,"Any[7, 8, 13, 19, 25, 30, 37, 45, 53]",7,53
1351,2026-01-24T13:20:00.0,2026-01-12T18:57:45.531,"Any[53, 45, 37, 30, 25, 19, 13, 8]",53,8
1354,2026-01-24T13:20:00.0,2026-01-19T18:57:45.531,"Any[1, 6, 11, 19, 25, 30, 37, 45, 53, 60]",1,60
1362,2026-01-24T13:20:00.0,2026-01-19T18:57:45.531,"Any[8, 13, 19, 25, 30, 37, 45, 56]",8,56
1369,2026-01-24T13:20:00.0,2026-01-12T18:57:45.531,"Any[8, 13, 19, 25, 30, 37, 45, 56]",8,56
1371,2026-01-24T13:20:00.0,2026-01-19T18:57:45.531,"Any[64, 60, 53, 45, 37, 30, 25, 19, 11, 6, 1]",64,1
1373,2026-01-24T13:20:00.0,2026-02-02T18:57:45.531,"Any[8, 13, 19, 25, 30, 37, 45, 53]",8,53
1384,2026-01-24T13:20:00.0,2026-01-26T18:57:45.531,"Any[53, 45, 37, 30, 25, 19, 11, 6, 1]",53,1
1388,2026-01-24T13:20:00.0,2026-01-26T18:57:45.531,"Any[1, 6, 11, 19, 25, 30, 37, 45, 53, 60]",1,60
1400,2026-01-24T13:20:00.0,2026-01-26T18:57:45.531,"Any[64, 60, 53, 45, 37, 30, 25, 19, 10]",64,10
1401,2026-01-24T13:20:00.0,2026-02-02T18:57:45.531,"Any[8, 13, 19, 25, 30, 37, 45, 56]",8,56
1402,2026-01-24T13:20:00.0,2026-01-12T18:57:45.531,"Any[1, 6, 11, 19, 25, 30, 37, 45, 56]",1,56
1410,2026-01-24T13:20:00.0,2026-02-02T18:57:45.531,"Any[60, 56, 45, 37, 30, 25, 19, 13, 8]",60,8
1415,2026-01-24T13:20:00.0,2026-01-19T18:57:45.531,"Any[1, 6, 11, 19, 23, 28, 36, 44, 54, 60]",1,60
1420,2026-01-24T13:20:00.0,2026-02-02T18:57:45.531,"Any[56, 45, 37, 30, 25, 19, 11, 6, 1]",56,1
1422,2026-01-24T13:20:00.0,2026-01-12T18:57:45.531,"Any[53, 45, 37, 30, 25]",53,25
1433,2026-01-24T13:20:00.0,2026-01-26T18:57:45.531,"Any[53, 45, 37, 30, 25]",53,25
1434,2026-01-24T13:20:00.0,2026-01-12T18:57:45.531,"Any[64, 60, 56, 45, 37, 30, 25, 19, 11, 10]",64,10
1437,2026-01-24T13:20:00.0,2026-01-26T18:57:45.531,"Any[64, 60, 56, 45, 37, 30, 25, 19, 11, 6]",64,6
1441,2026-01-24T13:20:00.0,2026-01-26T18:57:45.531,"Any[45, 37, 30, 25]",45,25
1448,2026-01-24T13:20:00.0,2026-01-12T18:57:45.531,"Any[53, 45, 37, 30, 25, 17, 11, 6, 1]",53,1
1449,2026-01-24T13:20:00.0,2026-01-19T18:57:45.531,"Any[8, 13, 19, 25, 30, 37, 45, 56]",8,56
1464,2026-01-24T13:20:00.0,2026-01-12T18:57:45.531,"Any[53, 45, 37, 30, 25, 19, 13, 8]",53,8
1467,2026-01-24T13:20:00.0,2026-01-12T18:57:45.531,"Any[64, 56, 45, 37, 30, 25, 19, 11, 6]",64,6
1468,2026-01-24T13:20:00.0,2026-01-12T18:57:45.531,"Any[17, 25, 30, 37, 45, 53]",17,53
1475,2026-01-24T13:20:00.0,2026-01-26T18:57:45.531,"Any[64, 53, 45, 37, 30, 25, 19, 11, 6, 1]",64,1
1476,2026-01-24T13:20:00.0,2026-02-02T18:57:45.531,"Any[7, 8, 13, 19, 25, 30, 37, 45, 53]",7,53
1481,2026-01-24T13:20:00.0,2026-01-26T18:57:45.531,"Any[19, 25, 30, 37, 45, 53]",19,53
1482,2026-01-24T13:20:00.0,2026-02-02T18:57:45.531,"Any[62, 45, 37, 30, 25, 19, 11, 6, 6, 1]",62,6
1490,2026-01-24T13:20:00.0,2026-02-02T18:57:45.531,"Any[53, 45, 37, 30, 25, 19, 10]",53,10
1494,2026-01-24T13:20:00.0,2026-01-19T18:57:45.531,"Any[64, 56, 45, 37, 30, 25, 19, 11, 6]",64,6
1500,2026-01-24T13:20:00.0,2026-01-12T18:57:45.531,"Any[3, 10, 11, 19, 25, 30, 37, 45]",3,45
1505,2026-01-24T13:20:00.0,2026-01-19T18:57:45.531,"Any[3, 10, 19, 25, 30, 37, 45, 53, 60]",3,60
1506,2026-01-24T13:20:00.0,2026-01-19T18:57:45.531,"Any[53, 45, 37, 30, 25, 19, 11, 6, 1]",53,1
1509,2026-01-24T13:20:00.0,2026-01-26T18:57:45.531,"Any[19, 25, 30, 37, 45, 53]",19,53
1511,2026-01-24T13:20:00.0,2026-01-12T18:57:45.531,"Any[8, 13, 19, 25, 30, 37, 45, 56]",8,56
1520,2026-01-24T13:20:00.0,2026-02-02T18:57:45.531,"Any[19, 25, 30, 37, 45, 56]",19,56
1521,2026-01-24T13:20:00.0,2026-01-12T18:57:45.531,"Any[60, 56, 45, 37, 30, 25, 19, 11, 10, 3]",60,3
1522,2026-01-24T13:20:00.0,2026-01-26T18:57:45.531,"Any[13, 19, 25, 30, 37, 45, 53]",13,53
1526,2026-01-24T13:20:00.0,2026-01-19T18:57:45.531,"Any[53, 45, 37, 30, 25, 19, 13, 8]",53,8
1531,2026-01-24T13:20:00.0,2026-01-19T18:57:45.531,"Any[19, 25, 30, 37, 45, 56]",19,56
1539,2026-01-24T13:20:00.0,2026-01-26T18:57:45.531,"Any[56, 45, 37, 30, 25, 19, 11, 6]",56,6
1542,2026-01-24T13:20:00.0,2026-01-26T18:57:45.531,"Any[6, 11, 19, 25, 30, 37, 45]",6,45
1543,2026-01-24T13:20:00.0,2026-01-26T18:57:45.531,"Any[53, 45, 37, 30, 25, 19, 10]",53,10
1550,2026-01-24T13:20:00.0,2026-01-19T18:57:45.531,"Any[8, 13, 19, 25, 30, 37, 45]",8,45
1553,2026-01-24T13:20:00.0,2026-01-26T18:57:45.531,"Any[10, 19, 25, 30, 37, 45, 53, 60]",10,60
1559,2026-01-24T13:20:00.0,2026-01-26T18:57:45.531,"Any[60, 56, 45, 37, 30, 25, 19, 13, 8]",60,8
1579,2026-01-24T13:20:00.0,2026-01-26T18:57:45.531,"Any[60, 56, 45, 37, 30, 25, 19, 13, 8]",60,8
1580,2026-01-24T13:20:00.0,2026-01-19T18:57:45.531,"Any[56, 45, 37, 30, 25]",56,25
1581,2026-01-24T13:20:00.0,2026-01-19T18:57:45.531,"Any[60, 56, 45, 37, 30, 25, 19]",60,19
1585,2026-01-24T13:20:00.0,2026-01-19T18:57:45.531,"Any[6, 11, 19, 25, 30, 37, 45]",6,45
1586,2026-01-24T13:20:00.0,2026-01-19T18:57:45.531,"Any[6, 11, 19, 25, 30, 37, 45, 53]",6,53
1590,2026-01-24T13:20:00.0,2026-01-12T18:57:45.531,"Any[60, 53, 45, 37, 30, 25, 19, 11, 6, 6]",60,6
1592,2026-01-24T13:20:00.0,2026-01-12T18:57:45.531,"Any[60, 56, 45, 37, 30, 25, 19]",60,19
1600,2026-01-24T13:20:00.0,2026-01-26T18:57:45.531,"Any[19, 25, 30, 37, 45, 56]",19,56
1602,2026-01-24T13:20:00.0,2026-01-19T18:57:45.531,"Any[19, 25, 30, 37, 45, 53]",19,53
1611,2026-01-24T13:20:00.0,2026-01-19T18:57:45.531,"Any[3, 6, 11, 19, 25, 30, 37, 45]",3,45
1615,2026-01-24T13:20:00.0,2026-01-26T18:57:45.531,"Any[53, 45, 37, 30, 25]",53,25
1633,2026-01-24T13:20:00.0,2026-02-02T18:57:45.531,"Any[16, 25, 30, 37, 45, 53]",16,53
1636,2026-01-24T13:20:00.0,2026-01-12T18:57:45.531,"Any[6, 11, 19, 25, 30, 37, 45]",6,45
1638,2026-01-24T13:20:00.0,2026-01-19T18:57:45.531,"Any[7, 8, 13, 19, 25, 30, 37, 45, 53, 60]",7,60
1643,2026-01-24T13:20:00.0,2026-02-02T18:57:45.531,"Any[64, 60, 53, 45, 37, 30, 25, 19, 10]",64,10
1647,2026-01-24T13:20:00.0,2026-02-02T18:57:45.531,"Any[1, 6, 11, 19, 25, 30, 37, 45, 56]",1,56
1651,2026-01-24T13:20:00.0,2026-01-12T18:57:45.531,"Any[19, 25, 30, 37, 45, 53]",19,53
1652,2026-01-24T13:20:00.0,2026-01-12T18:57:45.531,"Any[6, 11, 19, 25, 30, 37, 45, 53]",6,53
1656,2026-01-24T13:20:00.0,2026-02-02T18:57:45.531,"Any[56, 45, 37, 30, 25, 19, 11, 6]",56,6
1667,2026-01-24T13:20:00.0,2026-01-19T18:57:45.531,"Any[64, 60, 53, 45, 37, 30, 25, 19, 10]",64,10
1669,2026-01-24T13:20:00.0,2026-02-02T18:57:45.531,"Any[19, 25, 30, 37, 45, 56]",19,56
1679,2026-01-24T13:20:00.0,2026-01-26T18:57:45.531,"Any[14, 19, 25, 30, 37, 45, 53]",14,53
1682,2026-01-24T13:20:00.0,2026-01-12T18:57:45.531,"Any[10, 19, 25, 30, 37, 45, 53]",10,53
1685,2026-01-24T13:20:00.0,2026-01-19T18:57:45.531,"Any[53, 45, 37, 30, 25, 19, 10]",53,10
1692,2026-01-24T13:20:00.0,2026-01-12T18:57:45.531,"Any[5, 6, 11, 19, 25, 30, 37, 45]",5,45
1699,2026-01-24T13:20:00.0,2026-01-26T18:57:45.531,"Any[10, 11, 19, 25, 30, 37, 45, 53]",10,53
1704,2026-01-24T13:20:00.0,2026-01-19T18:57:45.531,"Any[53, 45, 37, 30, 25, 19, 10]",53,10
1709,2026-01-24T13:20:00.0,2026-01-19T18:57:45.531,"Any[53, 45, 37, 30, 25]",53,25
1720,2026-01-24T13:20:00.0,2026-01-12T18:57:45.531,"Any[53, 45, 37, 30, 25, 19, 10]",53,10
1723,2026-01-24T13:20:00.0,2026-01-19T18:57:45.531,"Any[10, 19, 25, 30, 37, 45, 53, 60]",10,60
1724,2026-01-24T13:20:00.0,2026-01-19T18:57:45.531,"Any[9, 15, 26, 31, 36, 44, 54, 60]",9,60
1729,2026-01-24T13:20:00.0,2026-02-02T18:57:45.531,"Any[6, 11, 19, 25, 30, 37, 45]",6,45
1733,2026-01-24T13:20:00.0,2026-01-26T18:57:45.531,"Any[19, 25, 30, 37, 45, 53]",19,53
1736,2026-01-24T13:20:00.0,2026-02-02T18:57:45.531,"Any[60, 53, 45, 37, 30, 25, 19, 13, 8]",60,8
1743,2026-01-24T13:20:00.0,2026-01-19T18:57:45.531,"Any[53, 45, 37, 30, 25]",53,25
1744,2026-01-24T13:20:00.0,2026-01-26T18:57:45.531,"Any[10, 19, 25, 30, 37, 45]",10,45
1748,2026-01-24T13:20:00.0,2026-01-19T18:57:45.531,"Any[64, 53, 45, 37, 30, 25, 19, 13, 8]",64,8
1753,2026-01-24T13:20:00.0,2026-01-19T18:57:45.531,"Any[64, 60, 53, 45, 37, 30, 25, 19, 13, 8]",64,8
1755,2026-01-24T13:20:00.0,2026-02-02T18:57:45.531,"Any[53, 45, 37, 30, 25, 19, 10]",53,10
1763,2026-01-24T13:20:00.0,2026-02-02T18:57:45.531,"Any[8, 13, 19, 25, 30, 37, 30, 37, 45, 53]",8,53
1767,2026-01-24T13:20:00.0,2026-01-26T18:57:45.531,"Any[62, 45, 37, 30, 25, 19, 11, 6, 6, 1]",62,6
1772,2026-01-24T13:20:00.0,2026-01-26T18:57:45.531,"Any[16, 25, 30, 37, 45, 53, 60]",16,60
1779,2026-01-24T13:20:00.0,2026-01-26T18:57:45.531,"Any[60, 56, 45, 37, 30, 25, 19, 11, 6]",60,6
1780,2026-01-24T13:20:00.0,2026-01-12T18:57:45.531,"Any[53, 45, 37, 30, 25, 19, 10]",53,10
1784,2026-01-24T13:20:00.0,2026-02-02T18:57:45.531,"Any[7, 8, 13, 19, 25, 30, 37, 45, 53]",7,53
1787,2026-01-24T13:20:00.0,2026-01-26T18:57:45.531,"Any[19, 25, 30, 37, 45, 56]",19,56
1794,2026-01-24T13:20:00.0,2026-02-02T18:57:45.531,"Any[8, 13, 19, 25, 30, 37, 45, 56]",8,56
1801,2026-01-24T13:20:00.0,2026-01-12T18:57:45.531,"Any[56, 45, 37, 30, 25, 19, 13, 8]",56,8
1802,2026-01-24T13:20:00.0,2026-01-12T18:57:45.531,"Any[3, 6, 11, 19, 25, 30, 37, 45]",3,45
1806,2026-01-24T13:20:00.0,2026-01-19T18:57:45.531,"Any[56, 45, 37, 30, 25, 19, 11, 6]",56,6
1813,2026-01-24T13:20:00.0,2026-02-02T18:57:45.531,"Any[53, 45, 37, 30, 25, 19, 13, 8]",53,8
1822,2026-01-24T13:20:00.0,2026-01-26T18:57:45.531,"Any[53, 45, 37, 30, 25, 19, 10]",53,10
1839,2026-01-24T13:20:00.0,2026-01-12T18:57:45.531,"Any[6, 11, 16, 25, 30, 37, 45]",6,45
1843,2026-01-24T13:20:00.0,2026-02-02T18:57:45.531,"Any[45, 37, 30, 25]",45,25
1844,2026-01-24T13:20:00.0,2026-01-12T18:57:45.531,"Any[45, 37, 30, 25]",45,25
1859,2026-01-24T13:20:00.0,2026-02-02T18:57:45.531,"Any[6, 11, 19, 25, 30, 37, 45, 56]",6,56
1863,2026-01-24T13:20:00.0,2026-02-02T18:57:45.531,"Any[53, 45, 37, 30, 25, 19, 13, 8]",53,8
1865,2026-01-24T13:20:00.0,2026-01-26T18:57:45.531,"Any[10, 19, 25, 30, 37, 45, 53]",10,53
1866,2026-01-24T13:20:00.0,2026-02-02T18:57:45.531,"Any[6, 11, 19, 25, 30, 37, 45]",6,45
1867,2026-01-24T13:20:00.0,2026-01-19T18:57:45.531,"Any[60, 53, 45, 37, 30, 25, 19, 11, 6, 6]",60,6
1871,2026-01-24T13:20:00.0,2026-01-19T18:57:45.531,"Any[19, 25, 30, 37, 45]",19,45
1872,2026-01-24T13:20:00.0,2026-02-02T18:57:45.531,"Any[19, 25, 30, 37, 45, 53]",19,53
1878,2026-01-24T13:20:00.0,2026-01-12T18:57:45.531,"Any[60, 53, 45, 37, 30, 25, 19, 11, 6]",60,6
1888,2026-01-24T13:20:00.0,2026-01-19T18:57:45.531,"Any[53, 45, 37, 30, 25]",53,25
1890,2026-01-24T13:20:00.0,2026-02-02T18:57:45.531,"Any[56, 45, 37, 30, 25, 19]",56,19
1893,2026-01-24T13:20:00.0,2026-01-19T18:57:45.531,"Any[7, 8, 13, 19, 25, 30, 37, 45, 53]",7,53
1896,2026-01-24T13:20:00.0,2026-01-19T18:57:45.531,"Any[7, 8, 13, 19, 25, 30, 37, 45, 53, 60]",7,60
1897,2026-01-24T13:20:00.0,2026-02-02T18:57:45.531,"Any[6, 11, 16, 25, 30, 37, 45]",6,45
1901,2026-01-24T13:20:00.0,2026-02-02T18:57:45.531,"Any[10, 19, 25, 30, 37, 45]",10,45
1906,2026-01-24T13:20:00.0,2026-01-19T18:57:45.531,"Any[8, 13, 19, 25, 30, 37, 45, 56]",8,56
1909,2026-01-24T13:20:00.0,2026-01-19T18:57:45.531,"Any[1, 6, 11, 19, 23, 28, 36, 44, 54, 60]",1,60
1930,2026-01-24T13:20:00.0,2026-01-19T18:57:45.531,"Any[60, 53, 45, 37, 30, 25, 19, 13, 8]",60,8
1936,2026-01-24T13:20:00.0,2026-01-26T18:57:45.531,"Any[62, 56, 45, 37, 30, 25, 19]",62,19
1944,2026-01-24T13:20:00.0,2026-01-26T18:57:45.531,"Any[60, 53, 45, 37, 30, 25, 19, 11, 6]",60,6
1950,2026-01-24T13:20:00.0,2026-01-12T18:57:45.531,"Any[1, 6, 11, 19, 25, 30, 37, 45, 53]",1,53
1954,2026-01-24T13:20:00.0,2026-02-02T18:57:45.531,"Any[10, 19, 25, 30, 37, 45, 53, 60]",10,60
1959,2026-01-24T13:20:00.0,2026-01-26T18:57:45.531,"Any[53, 45, 37, 30, 25, 19, 13, 8]",53,8
1967,2026-01-24T13:20:00.0,2026-01-26T18:57:45.531,"Any[60, 53, 45, 37, 30, 25]",60,25
1980,2026-01-24T13:20:00.0,2026-01-19T18:57:45.531,"Any[54, 44, 36, 23, 19, 11, 6]",54,6
1982,2026-01-24T13:20:00.0,2026-02-02T18:57:45.531,"Any[53, 45, 37, 30, 25, 19, 11, 6, 1]",53,1
1990,2026-01-24T13:20:00.0,2026-02-02T18:57:45.531,"Any[60, 53, 45, 37, 30, 25]",60,25
1996,2026-01-24T13:20:00.0,2026-02-02T18:57:45.531,"Any[53, 45, 37, 30, 25]",53,25
2002,2026-01-24T13:20:00.0,2026-01-12T18:57:45.531,"Any[54, 44, 36, 23, 19, 13, 8]",54,8
2010,2026-01-24T13:20:00.0,2026-01-19T18:57:45.531,"Any[10, 19, 25, 30, 37, 45]",10,45
2011,2026-01-24T13:20:00.0,2026-01-19T18:57:45.531,"Any[53, 45, 37, 30, 25, 19, 13, 8]",53,8
2020,2026-01-24T13:20:00.0,2026-02-02T18:57:45.531,"Any[8, 13, 19, 25, 30, 37, 45, 56]",8,56
2024,2026-01-24T13:20:00.0,2026-01-12T18:57:45.531,"Any[53, 45, 37, 30, 25]",53,25
2025,2026-01-24T13:20:00.0,2026-02-02T18:57:45.531,"Any[64, 53, 45, 37, 30, 25, 19, 11, 6, 1]",64,1
2039,2026-01-24T13:20:00.0,2026-01-19T18:57:45.531,"Any[53, 45, 37, 30, 25, 19, 10]",53,10
2043,2026-01-24T13:20:00.0,2026-01-26T18:57:45.531,"Any[1, 6, 11, 16, 25, 30, 37, 45, 53]",1,53
2046,2026-01-24T13:20:00.0,2026-01-19T18:57:45.531,"Any[10, 19, 25, 30, 37, 45, 53]",10,53
2051,2026-01-24T13:20:00.0,2026-01-19T18:57:45.531,"Any[10, 19, 25, 30, 37, 45, 53]",10,53
2055,2026-01-24T13:20:00.0,2026-01-12T18:57:45.531,"Any[1, 6, 11, 16, 19, 25, 30, 37, 45, 56, 60, 64]",1,64
2064,2026-01-24T13:20:00.0,2026-01-19T18:57:45.531,"Any[53, 45, 37, 30, 25]",53,25
2072,2026-01-24T13:20:00.0,2026-01-12T18:57:45.531,"Any[53, 45, 37, 30, 25, 19, 11, 6, 1]",53,1
2083,2026-01-24T13:20:00.0,2026-01-19T18:57:45.531,"Any[1, 6, 11, 19, 25, 30, 37, 45, 53]",1,53
2089,2026-01-24T13:20:00.0,2026-02-02T18:57:45.531,"Any[54, 44, 36, 23, 19, 11, 6]",54,6
2091,2026-01-24T13:20:00.0,2026-02-02T18:57:45.531,"Any[56, 45, 37, 30, 25, 19, 11, 6]",56,6
2092,2026-01-24T13:20:00.0,2026-02-02T18:57:45.531,"Any[64, 60, 56, 45, 37, 30, 25, 19, 11, 6]",64,6
2093,2026-01-24T13:20:00.0,2026-01-19T18:57:45.531,"Any[56, 45, 37, 30, 25, 19, 13, 8]",56,8
2100,2026-01-24T13:20:00.0,2026-02-02T18:57:45.531,"Any[53, 45, 37, 30, 25, 19, 11, 6, 1]",53,1
2108,2026-01-24T13:20:00.0,2026-02-02T18:57:45.531,"Any[8, 13, 19, 25, 30, 37, 45]",8,45
2109,2026-01-24T13:20:00.0,2026-01-12T18:57:45.531,"Any[64, 60, 56, 45, 37, 30, 25, 19, 13, 8]",64,8
2115,2026-01-24T13:20:00.0,2026-02-02T18:57:45.531,"Any[10, 19, 25, 30, 37, 45, 53]",10,53
2119,2026-01-24T13:20:00.0,2026-01-26T18:57:45.531,"Any[53, 45, 37, 30, 25, 19, 10]",53,10
2121,2026-01-24T13:20:00.0,2026-01-19T18:57:45.531,"Any[56, 45, 37, 30, 25]",56,25
2124,2026-01-24T13:20:00.0,2026-01-19T18:57:45.531,"Any[64, 53, 45, 37, 30, 25, 19, 13, 8]",64,8
2125,2026-01-24T13:20:00.0,2026-02-02T18:57:45.531,"Any[3, 10, 19, 25, 30, 37, 45, 53]",3,53
2132,2026-01-24T13:20:00.0,2026-02-02T18:57:45.531,"Any[53, 45, 37, 30, 25, 19, 10]",53,10
2133,2026-01-24T13:20:00.0,2026-02-02T18:57:45.531,"Any[8, 13, 19, 25, 30, 37, 45, 53]",8,53
2134,2026-01-24T13:20:00.0,2026-01-26T18:57:45.531,"Any[56, 45, 37, 30, 25]",56,25
2157,2026-01-24T13:20:00.0,2026-02-02T18:57:45.531,"Any[5, 6, 11, 19, 25, 30, 37, 45]",5,45
2166,2026-01-24T13:20:00.0,2026-01-12T18:57:45.531,"Any[53, 45, 37, 30, 25, 19, 10]",53,10
2174,2026-01-24T13:20:00.0,2026-01-19T18:57:45.531,"Any[64, 60, 53, 45, 37, 30, 25, 19, 11, 6, 6, 1]",64,6
2177,2026-01-24T13:20:00.0,2026-01-19T18:57:45.531,"Any[53, 45, 37, 30, 25, 19, 11, 6, 1]",53,1
2181,2026-01-24T13:20:00.0,2026-01-12T18:57:45.531,"Any[53, 45, 37, 30, 25, 19, 13, 8]",53,8
2183,2026-01-24T13:20:00.0,2026-01-26T18:57:45.531,"Any[10, 19, 25, 30, 37, 45, 53]",10,53
2184,2026-01-24T13:20:00.0,2026-01-26T18:57:45.531,"Any[10, 19, 25, 30, 37, 45, 53]",10,53
2199,2026-01-24T13:20:00.0,2026-01-12T18:57:45.531,"Any[60, 56, 45, 37, 30, 25]",60,25
2201,2026-01-24T13:20:00.0,2026-02-02T18:57:45.531,"Any[56, 45, 37, 30, 25]",56,25
2208,2026-01-24T13:20:00.0,2026-01-19T18:57:45.531,"Any[45, 37, 30, 25, 19, 13, 8]",45,8
2211,2026-01-24T13:20:00.0,2026-01-12T18:57:45.531,"Any[53, 45, 37, 30, 25, 19, 11, 6, 1]",53,1
2213,2026-01-24T13:20:00.0,2026-02-02T18:57:45.531,"Any[53, 45, 37, 30, 25, 19, 11, 6, 5]",53,5
2225,2026-01-24T13:20:00.0,2026-01-12T18:57:45.531,"Any[8, 13, 19, 25, 30, 37, 45, 53]",8,53
2226,2026-01-24T13:20:00.0,2026-02-02T18:57:45.531,"Any[53, 45, 37, 30, 25]",53,25
2229,2026-01-24T13:20:00.0,2026-01-12T18:57:45.531,"Any[19, 25, 30, 37, 45, 53]",19,53
2239,2026-01-24T13:20:00.0,2026-02-02T18:57:45.531,"Any[56, 45, 37, 30, 25, 19]",56,19
2264,2026-01-24T13:20:00.0,2026-01-19T18:57:45.531,"Any[53, 45, 37, 30, 25, 19, 11, 6, 1]",53,1
2266,2026-01-24T13:20:00.0,2026-01-26T18:57:45.531,"Any[56, 45, 37, 30, 25, 19, 11, 6]",56,6
2268,2026-01-24T13:20:00.0,2026-02-02T18:57:45.531,"Any[17, 25, 30, 37, 45]",17,45
2271,2026-01-24T13:20:00.0,2026-02-02T18:57:45.531,"Any[19, 25, 30, 37, 45, 53]",19,53
2272,2026-01-24T13:20:00.0,2026-01-19T18:57:45.531,"Any[8, 13, 19, 25, 30, 37, 45, 56]",8,56
2275,2026-01-24T13:20:00.0,2026-01-26T18:57:45.531,"Any[53, 45, 37, 30, 25, 19, 10]",53,10
2281,2026-01-24T13:20:00.0,2026-01-12T18:57:45.531,"Any[1, 6, 11, 19, 25, 30, 37, 45, 53]",1,53
2283,2026-01-24T13:20:00.0,2026-02-02T18:57:45.531,"Any[10, 19, 25, 30, 37, 45, 53]",10,53
2289,2026-01-24T13:20:00.0,2026-02-02T18:57:45.531,"Any[8, 13, 19, 25, 30, 37, 45, 56]",8,56
2290,2026-01-24T13:20:00.0,2026-01-12T18:57:45.531,"Any[8, 13, 19, 25, 30, 37, 45]",8,45
2293,2026-01-24T13:20:00.0,2026-01-12T18:57:45.531,"Any[8, 13, 19, 25, 30, 37, 45, 53]",8,53
2294,2026-01-24T13:20:00.0,2026-02-02T18:57:45.531,"Any[7, 8, 13, 19, 25, 30, 37, 45, 53, 60]",7,60
2298,2026-01-24T13:20:00.0,2026-01-19T18:57:45.531,"Any[60, 56, 45, 37, 30, 25, 19, 11, 6]",60,6
2300,2026-01-24T13:20:00.0,2026-01-26T18:57:45.531,"Any[53, 45, 37, 30, 25, 19, 10]",53,10
2303,2026-01-24T13:20:00.0,2026-01-12T18:57:45.531,"Any[8, 13, 19, 25, 30, 37, 45, 56]",8,56
2308,2026-01-24T13:20:00.0,2026-01-12T18:57:45.531,"Any[53, 45, 37, 30, 25]",53,25
2309,2026-01-24T13:20:00.0,2026-01-19T18:57:45.531,"Any[53, 45, 37, 30, 25, 19, 13, 8]",53,8
2316,2026-01-24T13:20:00.0,2026-01-19T18:57:45.531,"Any[64, 60, 53, 45, 37, 30, 25, 19, 10]",64,10
2320,2026-01-24T13:20:00.0,2026-01-19T18:57:45.531,"Any[60, 53, 45, 37, 30, 25]",60,25
2324,2026-01-24T13:20:00.0,2026-02-02T18:57:45.531,"Any[8, 13, 19, 25, 30, 37, 45]",8,45
2335,2026-01-24T13:20:00.0,2026-01-26T18:57:45.531,"Any[60, 56, 45, 37, 30, 25, 19, 13, 8]",60,8
2345,2026-01-24T13:20:00.0,2026-01-26T18:57:45.531,"Any[60, 56, 45, 37, 30, 25, 19, 13, 8]",60,8
2347,2026-01-24T13:20:00.0,2026-01-26T18:57:45.531,"Any[53, 45, 37, 30, 25, 19, 11, 6, 1]",53,1
2351,2026-01-24T13:20:00.0,2026-01-12T18:57:45.531,"Any[60, 56, 45, 37, 30, 25]",60,25
2354,2026-01-24T13:20:00.0,2026-01-19T18:57:45.531,"Any[19, 25, 30, 37, 45, 56]",19,56
2355,2026-01-24T13:20:00.0,2026-01-12T18:57:45.531,"Any[56, 45, 37, 30, 25, 19, 13, 8]",56,8
2360,2026-01-24T13:20:00.0,2026-01-12T18:57:45.531,"Any[53, 45, 37, 30, 25, 19, 10]",53,10
2362,2026-01-24T13:20:00.0,2026-02-02T18:57:45.531,"Any[64, 60, 53, 45, 37, 30, 25, 19, 11, 6, 1]",64,1
2375,2026-01-24T13:20:00.0,2026-01-12T18:57:45.531,"Any[53, 45, 37, 30, 25, 19, 13, 8]",53,8
2376,2026-01-24T13:20:00.0,2026-01-26T18:57:45.531,"Any[60, 56, 45, 37, 30, 25, 19, 13, 8]",60,8
2377,2026-01-24T13:20:00.0,2026-02-02T18:57:45.531,"Any[53, 45, 37, 30, 25]",53,25
2384,2026-01-24T13:20:00.0,2026-01-26T18:57:45.531,"Any[17, 16, 17, 25, 30, 37, 45, 53, 60]",17,60
2387,2026-01-24T13:20:00.0,2026-01-12T18:57:45.531,"Any[8, 13, 19, 25, 30, 37, 45, 56]",8,56
2393,2026-01-24T13:20:00.0,2026-01-12T18:57:45.531,"Any[1, 6, 11, 19, 25, 30, 37, 45, 53, 60]",1,60
2397,2026-01-24T13:20:00.0,2026-01-19T18:57:45.531,"Any[53, 45, 37, 30, 25, 19, 10]",53,10
2399,2026-01-24T13:20:00.0,2026-01-26T18:57:45.531,"Any[64, 60, 53, 45, 37, 30, 25, 19, 11, 6, 1]",64,1
2403,2026-01-24T13:20:00.0,2026-01-19T18:57:45.531,"Any[64, 60, 56, 45, 37, 30, 25]",64,25
2410,2026-01-24T13:20:00.0,2026-01-19T18:57:45.531,"Any[53, 45, 37, 30, 25, 19, 10]",53,10
2413,2026-01-24T13:20:00.0,2026-02-02T18:57:45.531,"Any[19, 25, 30, 37, 45, 53]",19,53
2414,2026-01-24T13:20:00.0,2026-01-26T18:57:45.531,"Any[64, 60, 56, 45, 37, 30, 25, 19, 11, 6]",64,6
2415,2026-01-24T13:20:00.0,2026-01-19T18:57:45.531,"Any[6, 11, 16, 25, 30, 37, 45, 53]",6,53
2438,2026-01-24T13:20:00.0,2026-02-02T18:57:45.531,"Any[64, 60, 56, 45, 37, 30, 25]",64,25
2445,2026-01-24T13:20:00.0,2026-01-26T18:57:45.531,"Any[64, 53, 45, 37, 30, 25, 19, 10]",64,10
2446,2026-01-24T13:20:00.0,2026-02-02T18:57:45.531,"Any[56, 45, 37, 30, 25, 19, 13, 8]",56,8
2452,2026-01-24T13:20:00.0,2026-01-19T18:57:45.531,"Any[19, 25, 30, 37, 45, 56]",19,56
2457,2026-01-24T13:20:00.0,2026-01-26T18:57:45.531,"Any[19, 25, 30, 37, 45, 53]",19,53
2459,2026-01-24T13:20:00.0,2026-01-12T18:57:45.531,"Any[7, 8, 13, 19, 25, 30, 37, 45, 56]",7,56
2462,2026-01-24T13:20:00.0,2026-02-02T18:57:45.531,"Any[16, 25, 30, 37, 45, 53, 60]",16,60
2463,2026-01-24T13:20:00.0,2026-01-19T18:57:45.531,"Any[64, 60, 53, 45, 37, 30, 25, 19, 10]",64,10
2468,2026-01-24T13:20:00.0,2026-01-12T18:57:45.531,"Any[64, 60, 53, 45, 37, 30, 25, 19, 11, 6, 6, 1]",64,6
2476,2026-01-24T13:20:00.0,2026-01-12T18:57:45.531,"Any[53, 45, 37, 30, 25, 19, 11, 6, 1]",53,1
2480,2026-01-24T13:20:00.0,2026-01-19T18:57:45.531,"Any[60, 53, 45, 37, 30, 25, 19, 11, 6]",60,6
2489,2026-01-24T13:20:00.0,2026-01-19T18:57:45.531,"Any[53, 45, 37, 30, 25]",53,25
2490,2026-01-24T13:20:00.0,2026-02-02T18:57:45.531,"Any[60, 56, 45, 37, 30, 25, 19, 11, 6]",60,6
2491,2026-01-24T13:20:00.0,2026-02-02T18:57:45.531,"Any[1, 6, 11, 19, 25, 30, 37, 45, 56]",1,56
2498,2026-01-24T13:20:00.0,2026-01-12T18:57:45.531,"Any[6, 11, 19, 25, 30, 37, 45, 53]",6,53
2501,2026-01-24T13:20:00.0,2026-01-26T18:57:45.531,"Any[53, 45, 37, 30, 25, 19, 11, 6, 1]",53,1
2503,2026-01-24T13:20:00.0,2026-02-02T18:57:45.531,"Any[6, 11, 19, 25, 30, 37, 45, 53]",6,53
2505,2026-01-24T13:20:00.0,2026-01-19T18:57:45.531,"Any[62, 45, 37, 30, 25, 19, 14, 13, 14]",62,14
2506,2026-01-24T13:20:00.0,2026-01-12T18:57:45.531,"Any[60, 56, 45, 37, 30, 25, 19, 11, 6]",60,6
2509,2026-01-24T13:20:00.0,2026-01-26T18:57:45.531,"Any[10, 19, 25, 30, 37, 45, 53]",10,53
2510,2026-01-24T13:20:00.0,2026-02-02T18:57:45.531,"Any[8, 13, 19, 25, 30, 37, 45, 56]",8,56
2512,2026-01-24T13:20:00.0,2026-01-19T18:57:45.531,"Any[62, 53, 45, 37, 30, 25, 19, 13, 8]",62,8
2518,2026-01-24T13:20:00.0,2026-01-12T18:57:45.531,"Any[56, 45, 37, 30, 25, 19, 11, 6]",56,6
2519,2026-01-24T13:20:00.0,2026-02-02T18:57:45.531,"Any[7, 8, 13, 19, 25, 30, 37, 45, 56]",7,56
2524,2026-01-24T13:20:00.0,2026-02-02T18:57:45.531,"Any[56, 45, 37, 30, 25, 19, 11, 6, 6, 1]",56,6
2530,2026-01-24T13:20:00.0,2026-01-26T18:57:45.531,"Any[56, 45, 37, 30, 25, 19, 11, 6]",56,6
2532,2026-01-24T13:20:00.0,2026-01-26T18:57:45.531,"Any[1, 6, 11, 19, 25, 30, 37, 45, 56]",1,56
2535,2026-01-24T13:20:00.0,2026-02-02T18:57:45.531,"Any[10, 11, 19, 25, 30, 37, 45, 53]",10,53
2536,2026-01-24T13:20:00.0,2026-02-02T18:57:45.531,"Any[6, 11, 19, 25, 30, 37, 45]",6,45
2540,2026-01-24T13:20:00.0,2026-02-02T18:57:45.531,"Any[60, 56, 45, 37, 30, 25, 19, 11, 6]",60,6
2546,2026-01-24T13:20:00.0,2026-01-19T18:57:45.531,"Any[64, 60, 56, 45, 37, 30, 25]",64,25
2553,2026-01-24T13:20:00.0,2026-01-26T18:57:45.531,"Any[64, 60, 53, 45, 37, 30, 25, 19, 10]",64,10
2558,2026-01-24T13:20:00.0,2026-01-12T18:57:45.531,"Any[10, 19, 25, 30, 37, 45, 53]",10,53
2560,2026-01-24T13:20:00.0,2026-01-26T18:57:45.531,"Any[6, 11, 19, 25, 30, 37, 45]",6,45
2562,2026-01-24T13:20:00.0,2026-02-02T18:57:45.531,"Any[7, 8, 13, 19, 25, 30, 37, 45, 53]",7,53
2564,2026-01-24T13:20:00.0,2026-01-26T18:57:45.531,"Any[53, 45, 37, 30, 25, 19, 13, 8]",53,8
2574,2026-01-24T13:20:00.0,2026-02-02T18:57:45.531,"Any[60, 56, 45, 37, 30, 25, 19, 11, 6]",60,6
2575,2026-01-24T13:20:00.0,2026-02-02T18:57:45.531,"Any[60, 54, 44, 36, 31, 27, 21, 9]",60,9
2581,2026-01-24T13:20:00.0,2026-01-26T18:57:45.531,"Any[53, 45, 37, 30, 25, 19, 10]",53,10
2582,2026-01-24T13:20:00.0,2026-01-19T18:57:45.531,"Any[53, 45, 37, 30, 25, 19, 10]",53,10
2584,2026-01-24T13:20:00.0,2026-02-02T18:57:45.531,"Any[5, 6, 11, 19, 25, 30, 37, 45]",5,45
2589,2026-01-24T13:20:00.0,2026-01-26T18:57:45.531,"Any[56, 45, 37, 30, 25]",56,25
2600,2026-01-24T13:20:00.0,2026-02-02T18:57:45.531,"Any[64, 53, 45, 37, 30, 25, 19, 10]",64,10
2603,2026-01-24T13:20:00.0,2026-01-19T18:57:45.531,"Any[53, 45, 37, 30, 25, 19, 13, 8]",53,8
2609,2026-01-24T13:20:00.0,2026-01-26T18:57:45.531,"Any[60, 53, 45, 37, 30, 25]",60,25
2611,2026-01-24T13:20:00.0,2026-01-26T18:57:45.531,"Any[19, 25, 30, 37, 45, 56]",19,56
2616,2026-01-24T13:20:00.0,2026-02-02T18:57:45.531,"Any[60, 56, 45, 37, 30, 25, 19, 11, 6]",60,6
2618,2026-01-24T13:20:00.0,2026-01-12T18:57:45.531,"Any[53, 45, 37, 30, 25]",53,25
2619,2026-01-24T13:20:00.0,2026-02-02T18:57:45.531,"Any[8, 13, 19, 25, 30, 37, 45, 56]",8,56
2626,2026-01-24T13:20:00.0,2026-01-19T18:57:45.531,"Any[53, 45, 37, 30, 25, 19, 11, 6, 1]",53,1
2628,2026-01-24T13:20:00.0,2026-02-02T18:57:45.531,"Any[53, 45, 37, 30, 25, 19, 13, 8]",53,8
2629,2026-01-24T13:20:00.0,2026-02-02T18:57:45.531,"Any[3, 6, 11, 19, 25, 30, 37, 45]",3,45
2630,2026-01-24T13:20:00.0,2026-01-19T18:57:45.531,"Any[1, 6, 11, 19, 23, 28, 36, 44, 54, 60]",1,60
2633,2026-01-24T13:20:00.0,2026-01-26T18:57:45.531,"Any[8, 13, 19, 25, 30, 37, 45, 53]",8,53
2638,2026-01-24T13:20:00.0,2026-01-26T18:57:45.531,"Any[6, 11, 25, 30, 37, 45]",6,45
2647,2026-01-24T13:20:00.0,2026-02-02T18:57:45.531,"Any[53, 45, 37, 30, 25, 19, 10]",53,10
2660,2026-01-24T13:20:00.0,2026-01-12T18:57:45.531,"Any[60, 56, 45, 37, 30, 25, 19, 11, 6]",60,6
2662,2026-01-24T13:20:00.0,2026-01-26T18:57:45.531,"Any[10, 19, 25, 30, 37, 45, 53]",10,53
2664,2026-01-24T13:20:00.0,2026-02-02T18:57:45.531,"Any[53, 45, 37, 30, 25, 19, 13, 8]",53,8
2670,2026-01-24T13:20:00.0,2026-01-26T18:57:45.531,"Any[6, 11, 19, 25, 30, 37, 45]",6,45
2687,2026-01-24T13:20:00.0,2026-01-19T18:57:45.531,"Any[53, 45, 37, 30, 25, 19, 10]",53,10
2692,2026-01-24T13:20:00.0,2026-01-19T18:57:45.531,"Any[56, 45, 37, 30, 25, 19, 11, 6, 1]",56,1
2700,2026-01-24T13:20:00.0,2026-02-02T18:57:45.531,"Any[19, 25, 30, 37, 45, 53]",19,53
2704,2026-01-24T13:20:00.0,2026-01-19T18:57:45.531,"Any[6, 11, 19, 25, 30, 37, 45, 53]",6,53
2708,2026-01-24T13:20:00.0,2026-02-02T18:57:45.531,"Any[3, 6, 11, 19, 25, 30, 37, 45, 56]",3,56
2710,2026-01-24T13:20:00.0,2026-01-12T18:57:45.531,"Any[6, 11, 19, 25, 30, 37, 45, 53]",6,53
2717,2026-01-24T13:20:00.0,2026-02-02T18:57:45.531,"Any[7, 8, 13, 19, 25, 30, 37, 45, 53]",7,53
2721,2026-01-24T13:20:00.0,2026-02-02T18:57:45.531,"Any[19, 25, 30, 37, 45, 56]",19,56
2732,2026-01-24T13:20:00.0,2026-02-02T18:57:45.531,"Any[53, 45, 37, 30, 25, 19, 10]",53,10
2733,2026-01-24T13:20:00.0,2026-01-26T18:57:45.531,"Any[53, 45, 37, 30, 25, 19, 11, 6, 1]",53,1
2736,2026-01-24T13:20:00.0,2026-01-19T18:57:45.531,"Any[10, 19, 25, 30, 37, 45, 53]",10,53
2750,2026-01-24T13:20:00.0,2026-02-02T18:57:45.531,"Any[53, 45, 37, 30, 25]",53,25
2752,2026-01-24T13:20:00.0,2026-01-12T18:57:45.531,"Any[1, 6, 11, 19, 25, 30, 37, 45, 56]",1,56
2758,2026-01-24T13:20:00.0,2026-01-12T18:57:45.531,"Any[8, 13, 19, 25, 30, 37, 45]",8,45
2759,2026-01-24T13:20:00.0,2026-01-12T18:57:45.531,"Any[64, 60, 53, 45, 37, 30, 25, 19, 11, 6, 1]",64,1
2761,2026-01-24T13:20:00.0,2026-01-12T18:57:45.531,"Any[53, 45, 37, 30, 25, 19, 11, 6, 1]",53,1
2767,2026-01-24T13:20:00.0,2026-01-26T18:57:45.531,"Any[56, 45, 37, 30, 25]",56,25
2775,2026-01-24T13:20:00.0,2026-02-02T18:57:45.531,"Any[53, 45, 37, 30, 25, 19, 13, 8]",53,8
2781,2026-01-24T13:20:00.0,2026-02-02T18:57:45.531,"Any[6, 11, 19, 25, 30, 37, 45]",6,45
2782,2026-01-24T13:20:00.0,2026-01-12T18:57:45.531,"Any[60, 56, 45, 37, 30, 25, 19]",60,19
2783,2026-01-24T13:20:00.0,2026-02-02T18:57:45.531,"Any[53, 45, 37, 30, 25, 19, 11, 6, 1]",53,1
2788,2026-01-24T13:20:00.0,2026-01-26T18:57:45.531,"Any[3, 10, 19, 25, 30, 37, 45, 53]",3,53
2792,2026-01-24T13:20:00.0,2026-01-12T18:57:45.531,"Any[60, 56, 45, 37, 30, 25, 19]",60,19
2794,2026-01-24T13:20:00.0,2026-01-12T18:57:45.531,"Any[56, 45, 37, 30, 25, 19, 11, 6]",56,6
2799,2026-01-24T13:20:00.0,2026-01-12T18:57:45.531,"Any[7, 8, 13, 19, 25, 30, 37, 45, 53, 60]",7,60
2800,2026-01-24T13:20:00.0,2026-01-19T18:57:45.531,"Any[6, 11, 19, 25, 30, 37, 45, 53]",6,53
2805,2026-01-24T13:20:00.0,2026-01-26T18:57:45.531,"Any[8, 13, 19, 25, 30, 37, 45, 53]",8,53
2808,2026-01-24T13:20:00.0,2026-01-19T18:57:45.531,"Any[45, 37, 30, 25]",45,25
2812,2026-01-24T13:20:00.0,2026-01-19T18:57:45.531,"Any[10, 19, 25, 30, 37, 45, 53]",10,53
2826,2026-01-24T13:20:00.0,2026-02-02T18:57:45.531,"Any[54, 44, 36, 23, 19, 11, 6]",54,6
2829,2026-01-24T13:20:00.0,2026-01-12T18:57:45.531,"Any[56, 45, 37, 30, 25, 19, 13, 8]",56,8
2833,2026-01-24T13:20:00.0,2026-02-02T18:57:45.531,"Any[60, 56, 45, 37, 30, 25]",60,25
2845,2026-01-24T13:20:00.0,2026-02-02T18:57:45.531,"Any[1, 6, 11, 19, 25, 30, 37, 45, 56]",1,56
2846,2026-01-24T13:20:00.0,2026-01-19T18:57:45.531,"Any[60, 56, 45, 37, 30, 25, 19, 11, 6]",60,6
2849,2026-01-24T13:20:00.0,2026-01-19T18:57:45.531,"Any[7, 8, 13, 19, 25, 30, 37, 45, 53]",7,53
2854,2026-01-24T13:20:00.0,2026-02-02T18:57:45.531,"Any[60, 56, 45, 37, 30, 25]",60,25
2855,2026-01-24T13:20:00.0,2026-02-02T18:57:45.531,"Any[53, 45, 37, 30, 25, 19, 11, 6, 1]",53,1
2859,2026-01-24T13:20:00.0,2026-01-26T18:57:45.531,"Any[8, 13, 19, 25, 30, 37, 45, 53]",8,53
2870,2026-01-24T13:20:00.0,2026-01-19T18:57:45.531,"Any[64, 60, 56, 45, 37, 30, 25, 19]",64,19
2871,2026-01-24T13:20:00.0,2026-01-12T18:57:45.531,"Any[19, 25, 30, 37, 45, 56]",19,56
2872,2026-01-24T13:20:00.0,2026-01-26T18:57:45.531,"Any[60, 56, 45, 37, 30, 25, 19, 11, 6]",60,6
2889,2026-01-24T13:20:00.0,2026-01-19T18:57:45.531,"Any[60, 56, 45, 37, 30, 25, 19]",60,19
2900,2026-01-24T13:20:00.0,2026-02-02T18:57:45.531,"Any[60, 53, 45, 37, 30, 25, 19]",60,19
2901,2026-01-24T13:20:00.0,2026-01-12T18:57:45.531,"Any[60, 56, 45, 37, 30, 25, 19]",60,19
2904,2026-01-24T13:20:00.0,2026-01-12T18:57:45.531,"Any[60, 53, 45, 37, 30, 25, 19]",60,19
2916,2026-01-24T13:20:00.0,2026-01-19T18:57:45.531,"Any[60, 56, 45, 37, 30, 25, 19, 13, 8]",60,8
2920,2026-01-24T13:20:00.0,2026-01-12T18:57:45.531,"Any[62, 53, 45, 37, 30, 25, 19, 13, 8]",62,8
2930,2026-01-24T13:20:00.0,2026-01-26T18:57:45.531,"Any[56, 45, 37, 30, 25]",56,25
2937,2026-01-24T13:20:00.0,2026-01-19T18:57:45.531,"Any[56, 45, 37, 30, 25, 19, 11, 6, 6, 1]",56,6
2941,2026-01-24T13:20:00.0,2026-02-02T18:57:45.531,"Any[56, 45, 37, 30, 25, 19, 11, 6]",56,6
2945,2026-01-24T13:20:00.0,2026-01-19T18:57:45.531,"Any[56, 45, 37, 30, 25, 19, 11, 6]",56,6
2954,2026-01-24T13:20:00.0,2026-02-02T18:57:45.531,"Any[56, 45, 37, 30, 25, 19, 11, 6, 6]",56,6
2957,2026-01-24T13:20:00.0,2026-01-19T18:57:45.531,"Any[56, 45, 37, 30, 25, 19, 11, 6]",56,6
2958,2026-01-24T13:20:00.0,2026-02-02T18:57:45.531,"Any[56, 45, 37, 30, 25, 19, 11, 6, 6, 5, 1, 1]",56,6
2966,2026-01-24T13:20:00.0,2026-01-26T18:57:45.531,"Any[56, 45, 37, 30, 25, 19, 11, 6]",56,6
2967,2026-01-24T13:20:00.0,2026-02-02T18:57:45.531,"Any[56, 45, 37, 30, 25, 19, 11, 6]",56,6
2976,2026-01-24T13:20:00.0,2026-02-02T18:57:45.531,"Any[56, 45, 37, 30, 25, 19, 11, 6]",56,6
2982,2026-01-24T13:20:00.0,2026-01-19T18:57:45.531,"Any[56, 45, 37, 30, 25, 19, 11, 6]",56,6
2983,2026-01-24T13:20:00.0,2026-02-02T18:57:45.531,"Any[56, 45, 37, 30, 25, 19, 11, 6, 6, 1]",56,6
2988,2026-01-24T13:20:00.0,2026-02-02T18:57:45.531,"Any[56, 45, 37, 30, 25, 19, 11, 6]",56,6
2991,2026-01-24T13:20:00.0,2026-01-19T18:57:45.531,"Any[56, 45, 37, 30, 25, 19, 11, 6]",56,6
3003,2026-01-24T13:20:00.0,2026-01-26T18:57:45.531,"Any[53, 45, 37, 30, 25, 19, 11, 6, 1]",53,1
3004,2026-01-24T13:20:00.0,2026-02-02T18:57:45.531,"Any[53, 45, 37, 30, 25, 19, 11, 6, 1]",53,1
3006,2026-01-24T13:20:00.0,2026-02-02T18:57:45.531,"Any[53, 45, 37, 30, 25, 19, 11, 6, 5]",53,5
3012,2026-01-24T13:20:00.0,2026-01-12T18:57:45.531,"Any[19, 25, 30, 37, 45, 53]",19,53
3013,2026-01-24T13:20:00.0,2026-01-26T18:57:45.531,"Any[19, 25, 30, 37, 45, 53]",19,53
3014,2026-01-24T13:20:00.0,2026-01-12T18:57:45.531,"Any[19, 25, 30, 37, 45, 53]",19,53
3015,2026-01-24T13:20:00.0,2026-01-12T18:57:45.531,"Any[19, 25, 30, 37, 45, 53]",19,53
3023,2026-01-24T13:20:00.0,2026-02-02T18:57:45.531,"Any[19, 25, 30, 37, 45]",19,45
3041,2026-01-24T13:20:00.0,2026-01-12T18:57:45.531,"Any[8, 13, 19, 25, 30, 37, 45, 56]",8,56
3046,2026-01-24T13:20:00.0,2026-01-19T18:57:45.531,"Any[8, 13, 19, 25, 30, 37, 45, 56]",8,56
3053,2026-01-24T13:20:00.0,2026-01-12T18:57:45.531,"Any[8, 13, 19, 25, 30, 37, 45, 56]",8,56
3054,2026-01-24T13:20:00.0,2026-01-19T18:57:45.531,"Any[8, 13, 19, 25, 30, 37, 45, 56]",8,56
3055,2026-01-24T13:20:00.0,2026-01-12T18:57:45.531,"Any[8, 13, 19, 25, 30, 37, 45, 56]",8,56
3056,2026-01-24T13:20:00.0,2026-01-26T18:57:45.531,"Any[8, 13, 19, 25, 30, 37, 45, 56]",8,56
3057,2026-01-24T13:20:00.0,2026-01-19T18:57:45.531,"Any[8, 13, 19, 25, 30, 37, 45, 56]",8,56
3061,2026-01-24T13:20:00.0,2026-01-12T18:57:45.531,"Any[8, 13, 19, 25, 30, 37, 45, 56]",8,56
3065,2026-01-24T13:20:00.0,2026-02-02T18:57:45.531,"Any[8, 13, 19, 25, 30, 37, 45, 56]",8,56
3076,2026-01-24T13:20:00.0,2026-01-12T18:57:45.531,"Any[1, 6, 11, 19, 25, 30, 37, 45, 56, 60]",1,60
3080,2026-01-24T13:20:00.0,2026-01-26T18:57:45.531,"Any[1, 6, 11, 19, 23, 36, 44, 54, 60]",1,60
3097,2026-01-24T13:20:00.0,2026-01-12T18:57:45.531,"Any[1, 6, 11, 19, 25, 30, 37, 45, 53, 60]",1,60
3103,2026-01-24T13:20:00.0,2026-01-19T18:57:45.531,"Any[1, 6, 11, 19, 25, 30, 37, 45, 53, 60]",1,60
3107,2026-01-24T13:20:00.0,2026-01-26T18:57:45.531,"Any[1, 6, 11, 19, 25, 30, 37, 45, 56, 60]",1,60
3112,2026-01-24T13:20:00.0,2026-01-26T18:57:45.531,"Any[6, 11, 19, 25, 30, 37, 45, 53]",6,53
3134,2026-01-24T13:20:00.0,2026-01-26T18:57:45.531,"Any[6, 11, 19, 25, 30, 37, 45, 53]",6,53
3141,2026-01-24T13:20:00.0,2026-01-19T18:57:45.531,"Any[6, 11, 25, 30, 37, 45]",6,45
3142,2026-01-24T13:20:00.0,2026-01-12T18:57:45.531,"Any[10, 19, 25, 30, 37, 45, 53, 60]",10,60
3143,2026-01-24T13:20:00.0,2026-01-12T18:57:45.531,"Any[10, 19, 25, 30, 37, 45, 53, 60]",10,60
3154,2026-01-24T13:20:00.0,2026-02-02T18:57:45.531,"Any[10, 19, 25, 30, 37, 45, 53, 60]",10,60
3164,2026-01-24T13:20:00.0,2026-02-02T18:57:45.531,"Any[10, 19, 25, 30, 37, 45, 53, 60]",10,60
3165,2026-01-24T13:20:00.0,2026-02-02T18:57:45.531,"Any[10, 19, 25, 30, 37, 45, 53, 60]",10,60
3171,2026-01-24T13:20:00.0,2026-01-26T18:57:45.531,"Any[10, 19, 25, 30, 37, 45, 53, 60]",10,60
3178,2026-01-24T13:20:00.0,2026-01-26T18:57:45.531,"Any[10, 19, 25, 30, 37, 45, 53, 60]",10,60
3183,2026-01-24T13:20:00.0,2026-01-12T18:57:45.531,"Any[10, 19, 25, 30, 37, 45, 53, 60]",10,60
3184,2026-01-24T13:20:00.0,2026-01-26T18:57:45.531,"Any[10, 19, 25, 30, 37, 45, 53, 60]",10,60
3187,2026-01-24T13:20:00.0,2026-01-26T18:57:45.531,"Any[10, 19, 25, 30, 37, 45, 53, 60]",10,60
3189,2026-01-24T13:20:00.0,2026-02-02T18:57:45.531,"Any[10, 19, 25, 30, 37, 45, 53, 60]",10,60
3190,2026-01-24T13:20:00.0,2026-01-12T18:57:45.531,"Any[10, 19, 25, 30, 37, 45, 53, 60]",10,60
3191,2026-01-24T13:20:00.0,2026-01-19T18:57:45.531,"Any[10, 19, 25, 30, 37, 45, 53, 60]",10,60
3194,2026-01-24T13:20:00.0,2026-01-26T18:57:45.531,"Any[10, 19, 25, 30, 37, 45]",10,45
3198,2026-01-24T13:20:00.0,2026-01-26T18:57:45.531,"Any[10, 19, 25, 30, 37, 45]",10,45
53,2026-01-28T07:06:40.0,2026-01-30T12:44:25.531,"Any[64, 56, 45, 37, 30, 25, 19, 11, 6, 2]",64,2
71,2026-01-28T07:06:40.0,2026-01-30T12:44:25.531,"Any[53, 45, 37, 30, 25]",53,25
89,2026-01-28T07:06:40.0,2026-01-16T12:44:25.531,"Any[56, 45, 37, 30, 25, 19, 11, 6]",56,6
111,2026-01-28T07:06:40.0,2026-01-16T12:44:25.531,"Any[53, 45, 37, 30, 25, 19, 10]",53,10
143,2026-01-28T07:06:40.0,2026-01-30T12:44:25.531,"Any[60, 56, 45, 37, 30, 25, 19, 13, 8]",60,8
188,2026-01-28T07:06:40.0,2026-01-30T12:44:25.531,"Any[16, 25, 30, 37, 45, 53]",16,53
202,2026-01-28T07:06:40.0,2026-01-23T12:44:25.531,"Any[56, 45, 37, 30, 25, 19, 11, 6]",56,6
224,2026-01-28T07:06:40.0,2026-01-30T12:44:25.531,"Any[64, 60, 53, 45, 37, 30, 25]",64,25
227,2026-01-28T07:06:40.0,2026-01-30T12:44:25.531,"Any[6, 11, 19, 25, 30, 37, 45]",6,45
249,2026-01-28T07:06:40.0,2026-01-23T12:44:25.531,"Any[13, 19, 25, 30, 37, 45, 56]",13,56
291,2026-01-28T07:06:40.0,2026-01-30T12:44:25.531,"Any[53, 45, 37, 30, 25, 19, 11, 6, 1]",53,1
298,2026-01-28T07:06:40.0,2026-01-23T12:44:25.531,"Any[53, 45, 37, 30, 25, 19, 10]",53,10
344,2026-01-28T07:06:40.0,2026-01-16T12:44:25.531,"Any[64, 60, 53, 45, 37, 30, 25]",64,25
408,2026-01-28T07:06:40.0,2026-01-16T12:44:25.531,"Any[60, 56, 45, 37, 30, 25, 19, 11, 6]",60,6
430,2026-01-28T07:06:40.0,2026-01-30T12:44:25.531,"Any[3, 10, 19, 25, 30, 37, 45, 53]",3,53
460,2026-01-28T07:06:40.0,2026-01-23T12:44:25.531,"Any[8, 13, 19, 25, 30, 37, 45, 53]",8,53
470,2026-01-28T07:06:40.0,2026-01-16T12:44:25.531,"Any[10, 19, 25, 30, 37, 45, 53]",10,53
471,2026-01-28T07:06:40.0,2026-01-23T12:44:25.531,"Any[8, 13, 19, 25, 30, 37, 45, 56]",8,56
479,2026-01-28T07:06:40.0,2026-01-09T12:44:25.531,"Any[3, 10, 19, 25, 30, 37, 45, 53]",3,53
511,2026-01-28T07:06:40.0,2026-01-23T12:44:25.531,"Any[60, 56, 45, 37, 30, 25]",60,25
532,2026-01-28T07:06:40.0,2026-01-23T12:44:25.531,"Any[56, 45, 37, 30, 25]",56,25
554,2026-01-28T07:06:40.0,2026-01-09T12:44:25.531,"Any[53, 45, 37, 30, 25, 19, 10]",53,10
569,2026-01-28T07:06:40.0,2026-01-23T12:44:25.531,"Any[10, 19, 25, 30, 37, 45, 53]",10,53
605,2026-01-28T07:06:40.0,2026-01-23T12:44:25.531,"Any[53, 45, 37, 30, 25]",53,25
612,2026-01-28T07:06:40.0,2026-01-09T12:44:25.531,"Any[60, 56, 45, 37, 30, 25]",60,25
663,2026-01-28T07:06:40.0,2026-01-30T12:44:25.531,"Any[8, 13, 19, 25, 30, 37, 45, 56]",8,56
681,2026-01-28T07:06:40.0,2026-01-30T12:44:25.531,"Any[6, 11, 19, 25, 30, 37, 45]",6,45
686,2026-01-28T07:06:40.0,2026-01-09T12:44:25.531,"Any[25, 30, 37, 45]",25,45
726,2026-01-28T07:06:40.0,2026-01-09T12:44:25.531,"Any[53, 45, 37, 30, 25, 19, 10]",53,10
764,2026-01-28T07:06:40.0,2026-01-16T12:44:25.531,"Any[64, 60, 53, 45, 37, 30, 25, 19, 13, 8]",64,8
803,2026-01-28T07:06:40.0,2026-01-16T12:44:25.531,"Any[17, 25, 30, 37, 45, 53]",17,53
833,2026-01-28T07:06:40.0,2026-01-09T12:44:25.531,"Any[45, 37, 30, 25, 19, 13, 8]",45,8
858,2026-01-28T07:06:40.0,2026-01-30T12:44:25.531,"Any[6, 11, 25, 30, 37, 45, 53]",6,53
874,2026-01-28T07:06:40.0,2026-01-30T12:44:25.531,"Any[1, 6, 11, 19, 23, 28, 36, 44, 54, 60]",1,60
892,2026-01-28T07:06:40.0,2026-01-30T12:44:25.531,"Any[53, 45, 37, 30, 25, 19, 11, 6, 1]",53,1
915,2026-01-28T07:06:40.0,2026-01-09T12:44:25.531,"Any[53, 45, 37, 30, 25, 19, 13, 8]",53,8
947,2026-01-28T07:06:40.0,2026-01-23T12:44:25.531,"Any[8, 13, 19, 25, 30, 37, 45, 56]",8,56
993,2026-01-28T07:06:40.0,2026-01-23T12:44:25.531,"Any[53, 45, 37, 30, 25, 19, 11, 6, 1]",53,1
1001,2026-01-28T07:06:40.0,2026-01-09T12:44:25.531,"Any[53, 45, 37, 30, 25]",53,25
1010,2026-01-28T07:06:40.0,2026-01-16T12:44:25.531,"Any[64, 60, 56, 45, 37, 30, 25]",64,25
1043,2026-01-28T07:06:40.0,2026-01-09T12:44:25.531,"Any[60, 56, 45, 37, 30, 25]",60,25
1044,2026-01-28T07:06:40.0,2026-01-23T12:44:25.531,"Any[19, 25, 30, 37, 45, 56]",19,56
1081,2026-01-28T07:06:40.0,2026-01-30T12:44:25.531,"Any[56, 45, 37, 30, 25]",56,25
1083,2026-01-28T07:06:40.0,2026-01-09T12:44:25.531,"Any[64, 60, 53, 45, 37, 30, 25, 19, 13, 8]",64,8
1108,2026-01-28T07:06:40.0,2026-01-30T12:44:25.531,"Any[53, 45, 37, 30, 25, 19, 13, 8]",53,8
1166,2026-01-28T07:06:40.0,2026-01-09T12:44:25.531,"Any[7, 8, 13, 19, 25, 30, 37, 45, 53, 60]",7,60
1176,2026-01-28T07:06:40.0,2026-01-16T12:44:25.531,"Any[19, 25, 30, 37, 45, 56]",19,56
1189,2026-01-28T07:06:40.0,2026-01-30T12:44:25.531,"Any[8, 13, 19, 25, 30, 37, 45, 56]",8,56
1213,2026-01-28T07:06:40.0,2026-01-16T12:44:25.531,"Any[6, 11, 19, 25, 30, 37, 45, 53]",6,53
1223,2026-01-28T07:06:40.0,2026-01-16T12:44:25.531,"Any[8, 13, 19, 25, 30, 37, 45, 56]",8,56
1241,2026-01-28T07:06:40.0,2026-01-09T12:44:25.531,"Any[3, 6, 11, 19, 25, 30, 37, 45]",3,45
1249,2026-01-28T07:06:40.0,2026-01-09T12:44:25.531,"Any[8, 13, 19, 25, 30, 37, 45, 53]",8,53
1265,2026-01-28T07:06:40.0,2026-01-30T12:44:25.531,"Any[64, 53, 45, 37, 30, 25, 19, 10]",64,10
1272,2026-01-28T07:06:40.0,2026-01-09T12:44:25.531,"Any[1, 6, 11, 25, 30, 37, 45, 53]",1,53
1320,2026-01-28T07:06:40.0,2026-01-16T12:44:25.531,"Any[56, 45, 37, 30, 25]",56,25
1330,2026-01-28T07:06:40.0,2026-01-09T12:44:25.531,"Any[56, 45, 37, 30, 25, 19, 11, 6]",56,6
1337,2026-01-28T07:06:40.0,2026-01-09T12:44:25.531,"Any[53, 45, 37, 25]",53,25
1346,2026-01-28T07:06:40.0,2026-01-23T12:44:25.531,"Any[56, 45, 37, 30, 25, 19, 11, 6, 1]",56,1
1353,2026-01-28T07:06:40.0,2026-01-30T12:44:25.531,"Any[60, 53, 45, 37, 30, 25, 19, 13, 8]",60,8
1370,2026-01-28T07:06:40.0,2026-01-09T12:44:25.531,"Any[7, 8, 13, 19, 25, 30, 37, 45, 53, 60]",7,60
1405,2026-01-28T07:06:40.0,2026-01-30T12:44:25.531,"Any[54, 44, 36, 23, 19, 11, 6, 6]",54,6
1423,2026-01-28T07:06:40.0,2026-01-30T12:44:25.531,"Any[10, 19, 25, 30, 37, 45, 53]",10,53
1458,2026-01-28T07:06:40.0,2026-01-30T12:44:25.531,"Any[53, 45, 37, 30, 25]",53,25
1469,2026-01-28T07:06:40.0,2026-01-30T12:44:25.531,"Any[64, 60, 53, 45, 37, 30, 25, 19, 13, 8]",64,8
1484,2026-01-28T07:06:40.0,2026-01-30T12:44:25.531,"Any[7, 8, 13, 19, 25, 30, 37, 45, 53]",7,53
1488,2026-01-28T07:06:40.0,2026-01-16T12:44:25.531,"Any[10, 19, 25, 30, 37, 45, 53, 60]",10,60
1529,2026-01-28T07:06:40.0,2026-01-23T12:44:25.531,"Any[56, 45, 37, 30, 25, 19, 11, 6]",56,6
1534,2026-01-28T07:06:40.0,2026-01-09T12:44:25.531,"Any[56, 45, 37, 30, 25, 19, 10]",56,10
1536,2026-01-28T07:06:40.0,2026-01-09T12:44:25.531,"Any[10, 19, 25, 30, 37, 45, 53]",10,53
1557,2026-01-28T07:06:40.0,2026-01-09T12:44:25.531,"Any[53, 45, 37, 30, 25, 19, 10]",53,10
1566,2026-01-28T07:06:40.0,2026-01-23T12:44:25.531,"Any[53, 45, 37, 30, 25, 19, 10]",53,10
1596,2026-01-28T07:06:40.0,2026-01-23T12:44:25.531,"Any[64, 60, 56, 45, 37, 30, 25, 19]",64,19
1606,2026-01-28T07:06:40.0,2026-01-30T12:44:25.531,"Any[10, 19, 25, 30, 37, 45, 53]",10,53
1613,2026-01-28T07:06:40.0,2026-01-09T12:44:25.531,"Any[19, 25, 30, 37, 45, 53]",19,53
1639,2026-01-28T07:06:40.0,2026-01-09T12:44:25.531,"Any[60, 56, 45, 37, 30, 25, 19, 11, 6]",60,6
1658,2026-01-28T07:06:40.0,2026-01-09T12:44:25.531,"Any[60, 56, 45, 37, 30, 25]",60,25
1687,2026-01-28T07:06:40.0,2026-01-16T12:44:25.531,"Any[13, 19, 25, 30, 37, 45, 56]",13,56
1703,2026-01-28T07:06:40.0,2026-01-30T12:44:25.531,"Any[64, 60, 56, 45, 37, 30, 25]",64,25
1737,2026-01-28T07:06:40.0,2026-01-30T12:44:25.531,"Any[13, 19, 25, 30, 37, 45, 56]",13,56
1810,2026-01-28T07:06:40.0,2026-01-16T12:44:25.531,"Any[17, 16, 17, 25, 30, 37, 45, 53]",17,53
1827,2026-01-28T07:06:40.0,2026-01-30T12:44:25.531,"Any[53, 45, 37, 30, 25, 19, 11, 6, 1]",53,1
1833,2026-01-28T07:06:40.0,2026-01-30T12:44:25.531,"Any[10, 19, 25, 30, 37, 45, 53]",10,53
1841,2026-01-28T07:06:40.0,2026-01-16T12:44:25.531,"Any[53, 45, 37, 30, 25]",53,25
1852,2026-01-28T07:06:40.0,2026-01-16T12:44:25.531,"Any[8, 13, 19, 25, 30, 37, 45, 53]",8,53
1855,2026-01-28T07:06:40.0,2026-01-09T12:44:25.531,"Any[10, 19, 25, 30, 37, 45, 53, 60]",10,60
1869,2026-01-28T07:06:40.0,2026-01-09T12:44:25.531,"Any[53, 45, 37, 30, 25, 19, 13, 8]",53,8
1911,2026-01-28T07:06:40.0,2026-01-09T12:44:25.531,"Any[7, 8, 13, 19, 25, 30, 37, 45, 53]",7,53
1921,2026-01-28T07:06:40.0,2026-01-23T12:44:25.531,"Any[64, 60, 53, 45, 37, 30, 25, 19, 13, 8]",64,8
1932,2026-01-28T07:06:40.0,2026-01-16T12:44:25.531,"Any[56, 45, 37, 30, 25]",56,25
1938,2026-01-28T07:06:40.0,2026-01-23T12:44:25.531,"Any[8, 13, 19, 25, 30, 37, 45, 56]",8,56
1955,2026-01-28T07:06:40.0,2026-01-16T12:44:25.531,"Any[53, 45, 37, 30, 25]",53,25
1986,2026-01-28T07:06:40.0,2026-01-23T12:44:25.531,"Any[53, 45, 37, 30, 25, 19, 10]",53,10
2060,2026-01-28T07:06:40.0,2026-01-23T12:44:25.531,"Any[19, 25, 30, 37, 45]",19,45
2104,2026-01-28T07:06:40.0,2026-01-09T12:44:25.531,"Any[56, 45, 37, 30, 25, 19, 13, 8]",56,8
2114,2026-01-28T07:06:40.0,2026-01-09T12:44:25.531,"Any[7, 8, 13, 19, 30, 37, 45, 53, 60]",7,60
2123,2026-01-28T07:06:40.0,2026-01-16T12:44:25.531,"Any[64, 60, 53, 45, 37, 30, 25, 19, 10]",64,10
2139,2026-01-28T07:06:40.0,2026-01-09T12:44:25.531,"Any[7, 8, 13, 19, 25, 30, 37, 45]",7,45
2143,2026-01-28T07:06:40.0,2026-01-09T12:44:25.531,"Any[19, 25, 30, 37, 45, 56]",19,56
2154,2026-01-28T07:06:40.0,2026-01-30T12:44:25.531,"Any[1, 6, 11, 19, 25, 30, 37, 45]",1,45
2156,2026-01-28T07:06:40.0,2026-01-09T12:44:25.531,"Any[1, 6, 11, 19, 25, 30, 37, 45]",1,45
2170,2026-01-28T07:06:40.0,2026-01-30T12:44:25.531,"Any[8, 13, 19, 25, 30, 37, 45, 56]",8,56
2223,2026-01-28T07:06:40.0,2026-01-16T12:44:25.531,"Any[7, 8, 13, 19, 25, 30, 37, 45, 53]",7,53
2235,2026-01-28T07:06:40.0,2026-01-16T12:44:25.531,"Any[53, 45, 37, 30, 25, 19, 10]",53,10
2321,2026-01-28T07:06:40.0,2026-01-23T12:44:25.531,"Any[7, 8, 13, 19, 25, 30, 37, 45, 53]",7,53
2331,2026-01-28T07:06:40.0,2026-01-09T12:44:25.531,"Any[53, 45, 37, 30, 25, 19, 10]",53,10
2336,2026-01-28T07:06:40.0,2026-01-09T12:44:25.531,"Any[56, 45, 37, 30, 25]",56,25
2356,2026-01-28T07:06:40.0,2026-01-30T12:44:25.531,"Any[56, 45, 37, 30, 25, 19, 13, 8]",56,8
2371,2026-01-28T07:06:40.0,2026-01-16T12:44:25.531,"Any[56, 45, 37, 30, 25, 16]",56,16
2373,2026-01-28T07:06:40.0,2026-01-30T12:44:25.531,"Any[60, 56, 45, 37, 30, 25, 19, 11, 6]",60,6
2398,2026-01-28T07:06:40.0,2026-01-23T12:44:25.531,"Any[7, 8, 13, 19, 25, 30, 37, 45, 53]",7,53
2420,2026-01-28T07:06:40.0,2026-01-16T12:44:25.531,"Any[60, 56, 45, 37, 30, 25]",60,25
2421,2026-01-28T07:06:40.0,2026-01-09T12:44:25.531,"Any[60, 56, 45, 37, 30, 25, 19]",60,19
2454,2026-01-28T07:06:40.0,2026-01-09T12:44:25.531,"Any[64, 60, 56, 45, 37, 30, 25, 19]",64,19
2474,2026-01-28T07:06:40.0,2026-01-23T12:44:25.531,"Any[56, 45, 37, 30, 25, 19, 11, 6]",56,6
2496,2026-01-28T07:06:40.0,2026-01-23T12:44:25.531,"Any[64, 53, 45, 37, 30, 25, 19, 10]",64,10
2514,2026-01-28T07:06:40.0,2026-01-09T12:44:25.531,"Any[53, 45, 37, 30, 25, 19, 13, 8]",53,8
2534,2026-01-28T07:06:40.0,2026-01-09T12:44:25.531,"Any[64, 60, 53, 45, 37, 30, 25, 19, 11, 6, 1]",64,1
2554,2026-01-28T07:06:40.0,2026-01-16T12:44:25.531,"Any[53, 45, 37, 30, 25, 19, 13, 8]",53,8
2555,2026-01-28T07:06:40.0,2026-01-09T12:44:25.531,"Any[19, 25, 30, 37, 45, 56]",19,56
2573,2026-01-28T07:06:40.0,2026-01-30T12:44:25.531,"Any[64, 53, 45, 37, 30, 25, 19, 10]",64,10
2665,2026-01-28T07:06:40.0,2026-01-23T12:44:25.531,"Any[19, 25, 30, 37, 45, 56]",19,56
2675,2026-01-28T07:06:40.0,2026-01-09T12:44:25.531,"Any[64, 53, 45, 37, 30, 25, 19, 10]",64,10
2697,2026-01-28T07:06:40.0,2026-01-23T12:44:25.531,"Any[56, 45, 37, 30, 25, 19, 11, 6]",56,6
2719,2026-01-28T07:06:40.0,2026-01-16T12:44:25.531,"Any[7, 8, 13, 19, 25, 30, 37, 45, 53]",7,53
2768,2026-01-28T07:06:40.0,2026-01-30T12:44:25.531,"Any[56, 45, 37, 30, 25, 19, 10]",56,10
2806,2026-01-28T07:06:40.0,2026-01-16T12:44:25.531,"Any[10, 19, 30, 37, 45, 53]",10,53
2875,2026-01-28T07:06:40.0,2026-01-30T12:44:25.531,"Any[3, 6, 11, 19, 25, 30, 37, 45]",3,45
2907,2026-01-28T07:06:40.0,2026-01-09T12:44:25.531,"Any[60, 56, 45, 37, 30, 25, 19]",60,19
2908,2026-01-28T07:06:40.0,2026-01-16T12:44:25.531,"Any[60, 56, 45, 37, 30, 25, 19]",60,19
2942,2026-01-28T07:06:40.0,2026-01-16T12:44:25.531,"Any[56, 45, 37, 30, 25, 19, 11, 6]",56,6
2963,2026-01-28T07:06:40.0,2026-01-09T12:44:25.531,"Any[56, 45, 37, 30, 25, 19, 11, 6]",56,6
2975,2026-01-28T07:06:40.0,2026-01-23T12:44:25.531,"Any[56, 45, 37, 30, 25, 19, 11, 6]",56,6
3008,2026-01-28T07:06:40.0,2026-01-16T12:44:25.531,"Any[19, 25, 30, 37, 45, 53]",19,53
3028,2026-01-28T07:06:40.0,2026-01-16T12:44:25.531,"Any[8, 13, 19, 25, 30, 37, 45, 56]",8,56
3029,2026-01-28T07:06:40.0,2026-01-30T12:44:25.531,"Any[8, 13, 19, 25, 37, 45, 56]",8,56
3032,2026-01-28T07:06:40.0,2026-01-16T12:44:25.531,"Any[8, 13, 19, 30, 37, 45, 56]",8,56
3081,2026-01-28T07:06:40.0,2026-01-09T12:44:25.531,"Any[1, 6, 10, 19, 23, 36, 44, 54, 60]",1,60
3083,2026-01-28T07:06:40.0,2026-01-16T12:44:25.531,"Any[1, 6, 10, 19, 23, 36, 44, 54, 60]",1,60
3114,2026-01-28T07:06:40.0,2026-01-16T12:44:25.531,"Any[6, 11, 19, 25, 30, 37, 45, 53]",6,53
3125,2026-01-28T07:06:40.0,2026-01-23T12:44:25.531,"Any[6, 11, 16, 25, 30, 37, 45, 53]",6,53
3131,2026-01-28T07:06:40.0,2026-01-30T12:44:25.531,"Any[6, 11, 16, 25, 30, 37, 45, 53]",6,53
3175,2026-01-28T07:06:40.0,2026-01-16T12:44:25.531,"Any[10, 19, 25, 30, 37, 45, 53, 60]",10,60
3176,2026-01-28T07:06:40.0,2026-01-23T12:44:25.531,"Any[10, 19, 25, 30, 37, 45, 53, 60]",10,60
3182,2026-01-28T07:06:40.0,2026-01-09T12:44:25.531,"Any[10, 19, 25, 30, 37, 45, 53, 60]",10,60
3197,2026-01-28T07:06:40.0,2026-01-16T12:44:25.531,"Any[10, 19, 25, 30, 37, 45]",10,45
3199,2026-01-28T07:06:40.0,2026-01-30T12:44:25.531,"Any[10, 19, 25, 30, 37, 45]",10,45
2,2026-01-31T13:20:00.0,2026-01-19T18:57:45.531,"Any[64, 60, 53, 45, 37, 30, 25, 19, 13, 8]",64,8
13,2026-01-31T13:20:00.0,2026-02-02T18:57:45.531,"Any[53, 45, 37, 30, 25]",53,25
17,2026-01-31T13:20:00.0,2026-01-19T18:57:45.531,"Any[64, 53, 45, 37, 30, 25, 19, 13, 8]",64,8
20,2026-01-31T13:20:00.0,2026-01-19T18:57:45.531,"Any[53, 45, 37, 30, 25, 19, 10]",53,10
22,2026-01-31T13:20:00.0,2026-01-26T18:57:45.531,"Any[7, 8, 13, 19, 25, 30, 37, 45, 53]",7,53
31,2026-01-31T13:20:00.0,2026-02-02T18:57:45.531,"Any[19, 25, 30, 37, 45]",19,45
40,2026-01-31T13:20:00.0,2026-01-19T18:57:45.531,"Any[53, 45, 37, 30, 25, 19, 11, 6, 1]",53,1
42,2026-01-31T13:20:00.0,2026-01-12T18:57:45.531,"Any[1, 6, 11, 19, 23, 36, 44, 54, 60]",1,60
54,2026-01-31T13:20:00.0,2026-01-19T18:57:45.531,"Any[53, 45, 37, 30, 25, 19, 13, 8]",53,8
79,2026-01-31T13:20:00.0,2026-02-02T18:57:45.531,"Any[53, 45, 37, 30, 25, 19, 11, 6, 1]",53,1
85,2026-01-31T13:20:00.0,2026-01-12T18:57:45.531,"Any[19, 25, 30, 37, 45, 56]",19,56
87,2026-01-31T13:20:00.0,2026-01-12T18:57:45.531,"Any[53, 45, 37, 30, 25, 19, 13, 8]",53,8
96,2026-01-31T13:20:00.0,2026-01-12T18:57:45.531,"Any[56, 45, 37, 30, 25, 19, 11, 6, 6]",56,6
100,2026-01-31T13:20:00.0,2026-01-19T18:57:45.531,"Any[64, 60, 53, 45, 37, 30, 25, 19, 10]",64,10
102,2026-01-31T13:20:00.0,2026-01-12T18:57:45.531,"Any[3, 10, 19, 25, 30, 37, 45, 53]",3,53
114,2026-01-31T13:20:00.0,2026-01-19T18:57:45.531,"Any[64, 60, 53, 45, 37, 30, 25, 19, 13, 8]",64,8
127,2026-01-31T13:20:00.0,2026-02-02T18:57:45.531,"Any[56, 45, 37, 30, 25]",56,25
135,2026-01-31T13:20:00.0,2026-02-02T18:57:45.531,"Any[53, 45, 37, 30, 25, 19, 10]",53,10
140,2026-01-31T13:20:00.0,2026-01-12T18:57:45.531,"Any[53, 45, 37, 30, 25, 19, 10]",53,10
146,2026-01-31T13:20:00.0,2026-01-26T18:57:45.531,"Any[53, 45, 37, 30, 25, 19, 11, 6, 1]",53,1
151,2026-01-31T13:20:00.0,2026-01-12T18:57:45.531,"Any[60, 56, 45, 37, 30, 25, 19, 13, 8]",60,8
158,2026-01-31T13:20:00.0,2026-01-26T18:57:45.531,"Any[6, 11, 19, 25, 30, 37, 45]",6,45
171,2026-01-31T13:20:00.0,2026-01-12T18:57:45.531,"Any[8, 13, 25, 30, 37, 45]",8,45
177,2026-01-31T13:20:00.0,2026-01-19T18:57:45.531,"Any[64, 60, 56, 45, 37, 30, 25, 19, 13, 8, 7, 8]",64,8
178,2026-01-31T13:20:00.0,2026-01-19T18:57:45.531,"Any[6, 11, 19, 25, 30, 37, 45]",6,45
179,2026-01-31T13:20:00.0,2026-02-02T18:57:45.531,"Any[8, 13, 19, 25, 30, 37, 45, 56]",8,56
185,2026-01-31T13:20:00.0,2026-01-12T18:57:45.531,"Any[1, 6, 11, 16, 25, 30, 37, 45, 56]",1,56
193,2026-01-31T13:20:00.0,2026-01-12T18:57:45.531,"Any[6, 11, 19, 25, 30, 37, 45]",6,45
194,2026-01-31T13:20:00.0,2026-01-19T18:57:45.531,"Any[53, 45, 37, 30, 25, 19, 11, 6, 1]",53,1
196,2026-01-31T13:20:00.0,2026-01-12T18:57:45.531,"Any[53, 45, 37, 30, 25, 19, 11, 6, 1]",53,1
205,2026-01-31T13:20:00.0,2026-01-12T18:57:45.531,"Any[53, 45, 37, 30, 25, 19, 11, 6, 1]",53,1
207,2026-01-31T13:20:00.0,2026-01-26T18:57:45.531,"Any[8, 13, 19, 25, 30, 37, 45, 53]",8,53
216,2026-01-31T13:20:00.0,2026-02-02T18:57:45.531,"Any[1, 6, 11, 19, 25, 30, 37, 45, 56, 60]",1,60
217,2026-01-31T13:20:00.0,2026-01-12T18:57:45.531,"Any[53, 45, 37, 30, 25]",53,25
219,2026-01-31T13:20:00.0,2026-02-02T18:57:45.531,"Any[53, 45, 37, 30, 25, 19, 13, 8]",53,8
221,2026-01-31T13:20:00.0,2026-02-02T18:57:45.531,"Any[6, 11, 19, 25, 30, 37, 45]",6,45
225,2026-01-31T13:20:00.0,2026-01-12T18:57:45.531,"Any[53, 45, 37, 30, 25]",53,25
229,2026-01-31T13:20:00.0,2026-02-02T18:57:45.531,"Any[60, 56, 53, 45, 37, 30, 25, 19, 11, 6]",60,6
231,2026-01-31T13:20:00.0,2026-02-02T18:57:45.531,"Any[53, 45, 37, 30, 25]",53,25
233,2026-01-31T13:20:00.0,2026-01-26T18:57:45.531,"Any[7, 8, 13, 19, 25, 30, 37, 45, 56]",7,56
247,2026-01-31T13:20:00.0,2026-01-26T18:57:45.531,"Any[56, 45, 37, 30, 25, 19, 11, 6, 1, 1]",56,1
257,2026-01-31T13:20:00.0,2026-01-26T18:57:45.531,"Any[45, 37, 30, 25, 19, 13, 8]",45,8
264,2026-01-31T13:20:00.0,2026-01-19T18:57:45.531,"Any[3, 10, 19, 25, 30, 37, 45, 53]",3,53
265,2026-01-31T13:20:00.0,2026-01-12T18:57:45.531,"Any[6, 11, 19, 25, 30, 37, 45]",6,45
280,2026-01-31T13:20:00.0,2026-01-26T18:57:45.531,"Any[8, 13, 19, 25, 30, 37, 45, 53]",8,53
287,2026-01-31T13:20:00.0,2026-01-12T18:57:45.531,"Any[53, 45, 37, 30, 25, 19, 10]",53,10
288,2026-01-31T13:20:00.0,2026-02-02T18:57:45.531,"Any[3, 10, 19, 25, 30, 37, 45, 53]",3,53
289,2026-01-31T13:20:00.0,2026-01-12T18:57:45.531,"Any[8, 13, 19, 25, 30, 37, 45, 53]",8,53
299,2026-01-31T13:20:00.0,2026-02-02T18:57:45.531,"Any[53, 45, 37, 30, 25, 19, 10]",53,10
302,2026-01-31T13:20:00.0,2026-02-02T18:57:45.531,"Any[53, 45, 37, 30, 25, 19, 11, 6, 1]",53,1
310,2026-01-31T13:20:00.0,2026-01-12T18:57:45.531,"Any[5, 6, 11, 19, 25, 30, 37, 45]",5,45
311,2026-01-31T13:20:00.0,2026-01-19T18:57:45.531,"Any[45, 37, 30, 25]",45,25
312,2026-01-31T13:20:00.0,2026-01-12T18:57:45.531,"Any[10, 19, 25, 30, 37, 45, 53]",10,53
316,2026-01-31T13:20:00.0,2026-02-02T18:57:45.531,"Any[8, 13, 19, 25, 30, 37, 45, 56]",8,56
317,2026-01-31T13:20:00.0,2026-02-02T18:57:45.531,"Any[56, 45, 37, 30, 25]",56,25
324,2026-01-31T13:20:00.0,2026-01-26T18:57:45.531,"Any[7, 8, 13, 19, 25, 30, 37, 45, 53]",7,53
326,2026-01-31T13:20:00.0,2026-01-26T18:57:45.531,"Any[60, 56, 45, 37, 30, 25, 19, 11, 6]",60,6
329,2026-01-31T13:20:00.0,2026-01-19T18:57:45.531,"Any[64, 60, 56, 45, 37, 30, 25, 19, 11, 6]",64,6
330,2026-01-31T13:20:00.0,2026-02-02T18:57:45.531,"Any[10, 11, 19, 25, 30, 37, 45, 53]",10,53
333,2026-01-31T13:20:00.0,2026-01-26T18:57:45.531,"Any[56, 45, 37, 30, 25, 19, 11, 6]",56,6
334,2026-01-31T13:20:00.0,2026-01-19T18:57:45.531,"Any[60, 56, 45, 37, 30, 25, 19, 11, 6]",60,6
343,2026-01-31T13:20:00.0,2026-02-02T18:57:45.531,"Any[7, 8, 13, 19, 25, 30, 37, 45, 53]",7,53
345,2026-01-31T13:20:00.0,2026-01-19T18:57:45.531,"Any[25, 30, 37, 45, 56, 60]",25,60
352,2026-01-31T13:20:00.0,2026-02-02T18:57:45.531,"Any[64, 60, 53, 45, 37, 30, 25, 19, 11, 6, 1]",64,1
359,2026-01-31T13:20:00.0,2026-01-19T18:57:45.531,"Any[64, 60, 53, 45, 37, 30, 25, 19, 11, 6, 1]",64,1
364,2026-01-31T13:20:00.0,2026-01-26T18:57:45.531,"Any[53, 45, 37, 30, 25, 19, 11, 6, 1]",53,1
369,2026-01-31T13:20:00.0,2026-01-19T18:57:45.531,"Any[60, 56, 45, 37, 30, 25, 19, 13, 8]",60,8
370,2026-01-31T13:20:00.0,2026-02-02T18:57:45.531,"Any[8, 13, 19, 25, 30, 37, 45, 56]",8,56
373,2026-01-31T13:20:00.0,2026-01-26T18:57:45.531,"Any[53, 45, 37, 30, 25, 19, 10]",53,10
387,2026-01-31T13:20:00.0,2026-01-26T18:57:45.531,"Any[53, 45, 37, 30, 25, 19, 10]",53,10
397,2026-01-31T13:20:00.0,2026-01-26T18:57:45.531,"Any[53, 45, 37, 30, 25, 19, 10]",53,10
410,2026-01-31T13:20:00.0,2026-01-19T18:57:45.531,"Any[8, 13, 19, 25, 30, 37, 45]",8,45
415,2026-01-31T13:20:00.0,2026-01-26T18:57:45.531,"Any[45, 37, 30, 25]",45,25
419,2026-01-31T13:20:00.0,2026-01-26T18:57:45.531,"Any[8, 13, 19, 25, 30, 37, 45, 56]",8,56
420,2026-01-31T13:20:00.0,2026-02-02T18:57:45.531,"Any[19, 25, 30, 37, 45, 56]",19,56
424,2026-01-31T13:20:00.0,2026-01-26T18:57:45.531,"Any[8, 13, 19, 25, 30, 37, 45]",8,45
440,2026-01-31T13:20:00.0,2026-01-12T18:57:45.531,"Any[17, 25, 30, 37, 45, 53]",17,53
454,2026-01-31T13:20:00.0,2026-01-19T18:57:45.531,"Any[6, 11, 16, 25, 30, 37, 45]",6,45
456,2026-01-31T13:20:00.0,2026-02-02T18:57:45.531,"Any[56, 45, 37, 30, 25]",56,25
462,2026-01-31T13:20:00.0,2026-01-26T18:57:45.531,"Any[6, 11, 19, 25, 30, 37, 45, 53]",6,53
464,2026-01-31T13:20:00.0,2026-02-02T18:57:45.531,"Any[60, 53, 45, 37, 30, 25]",60,25
469,2026-01-31T13:20:00.0,2026-02-02T18:57:45.531,"Any[8, 13, 19, 25, 30, 37, 45, 53]",8,53
475,2026-01-31T13:20:00.0,2026-02-02T18:57:45.531,"Any[6, 11, 19, 25, 30, 37, 45]",6,45
477,2026-01-31T13:20:00.0,2026-02-02T18:57:45.531,"Any[6, 11, 19, 25, 30, 37, 45]",6,45
488,2026-01-31T13:20:00.0,2026-01-19T18:57:45.531,"Any[17, 25, 30, 37, 45, 53, 60]",17,60
490,2026-01-31T13:20:00.0,2026-02-02T18:57:45.531,"Any[7, 8, 13, 19, 25, 30, 37, 45, 53]",7,53
497,2026-01-31T13:20:00.0,2026-01-12T18:57:45.531,"Any[7, 8, 13, 19, 25, 30, 37, 45, 53]",7,53
499,2026-01-31T13:20:00.0,2026-01-12T18:57:45.531,"Any[53, 45, 37, 30, 25, 19, 10]",53,10
509,2026-01-31T13:20:00.0,2026-01-12T18:57:45.531,"Any[60, 53, 45, 37, 30, 25]",60,25
517,2026-01-31T13:20:00.0,2026-01-19T18:57:45.531,"Any[60, 53, 45, 37, 30, 25]",60,25
518,2026-01-31T13:20:00.0,2026-01-19T18:57:45.531,"Any[60, 53, 45, 37, 30, 25]",60,25
522,2026-01-31T13:20:00.0,2026-01-12T18:57:45.531,"Any[19, 25, 30, 37, 45, 53]",19,53
525,2026-01-31T13:20:00.0,2026-02-02T18:57:45.531,"Any[64, 60, 53, 45, 37, 30, 25, 19, 11, 6, 1]",64,1
527,2026-01-31T13:20:00.0,2026-01-26T18:57:45.531,"Any[8, 13, 19, 25, 30, 37, 45, 56]",8,56
530,2026-01-31T13:20:00.0,2026-01-19T18:57:45.531,"Any[60, 56, 45, 37, 30, 25]",60,25
534,2026-01-31T13:20:00.0,2026-01-12T18:57:45.531,"Any[64, 60, 56, 45, 37, 30, 25, 19, 13, 8, 7, 8]",64,8
538,2026-01-31T13:20:00.0,2026-01-19T18:57:45.531,"Any[53, 45, 37, 30, 25, 19, 10]",53,10
540,2026-01-31T13:20:00.0,2026-02-02T18:57:45.531,"Any[7, 8, 13, 19, 25, 30, 37, 45, 53]",7,53
545,2026-01-31T13:20:00.0,2026-01-12T18:57:45.531,"Any[19, 25, 30, 37, 45, 53]",19,53
561,2026-01-31T13:20:00.0,2026-01-26T18:57:45.531,"Any[53, 45, 37, 30, 25, 19, 11, 6, 1]",53,1
574,2026-01-31T13:20:00.0,2026-01-12T18:57:45.531,"Any[10, 19, 25, 30, 37, 45]",10,45
576,2026-01-31T13:20:00.0,2026-01-12T18:57:45.531,"Any[53, 45, 37, 30, 25, 19, 10]",53,10
583,2026-01-31T13:20:00.0,2026-01-26T18:57:45.531,"Any[62, 45, 37, 30, 25, 19, 13, 8]",62,8
587,2026-01-31T13:20:00.0,2026-01-12T18:57:45.531,"Any[53, 45, 37, 30, 25]",53,25
597,2026-01-31T13:20:00.0,2026-01-19T18:57:45.531,"Any[6, 11, 19, 25, 30, 37, 45]",6,45
620,2026-01-31T13:20:00.0,2026-01-26T18:57:45.531,"Any[1, 6, 11, 19, 25, 30, 37, 45, 56, 60]",1,60
623,2026-01-31T13:20:00.0,2026-02-02T18:57:45.531,"Any[1, 6, 11, 16, 25, 30, 37, 45, 56]",1,56
628,2026-01-31T13:20:00.0,2026-01-12T18:57:45.531,"Any[5, 6, 11, 19, 25, 30, 37, 45]",5,45
634,2026-01-31T13:20:00.0,2026-02-02T18:57:45.531,"Any[25, 30, 37, 45]",25,45
636,2026-01-31T13:20:00.0,2026-01-12T18:57:45.531,"Any[53, 45, 37, 30, 25, 19, 13, 8]",53,8
640,2026-01-31T13:20:00.0,2026-01-26T18:57:45.531,"Any[56, 45, 37, 30, 25, 19, 13, 8]",56,8
642,2026-01-31T13:20:00.0,2026-01-26T18:57:45.531,"Any[6, 11, 19, 25, 30, 37, 45]",6,45
647,2026-01-31T13:20:00.0,2026-02-02T18:57:45.531,"Any[19, 25, 30, 37, 45, 53]",19,53
650,2026-01-31T13:20:00.0,2026-01-19T18:57:45.531,"Any[7, 8, 13, 19, 25, 30, 37, 45, 56]",7,56
660,2026-01-31T13:20:00.0,2026-01-19T18:57:45.531,"Any[53, 45, 37, 30, 25, 19, 11, 6, 1]",53,1
661,2026-01-31T13:20:00.0,2026-02-02T18:57:45.531,"Any[1, 6, 11, 19, 25, 30, 37, 45, 56]",1,56
667,2026-01-31T13:20:00.0,2026-01-19T18:57:45.531,"Any[64, 53, 45, 37, 30, 25, 19, 10]",64,10
671,2026-01-31T13:20:00.0,2026-01-12T18:57:45.531,"Any[53, 45, 37, 30, 25, 19, 11, 6, 1]",53,1
678,2026-01-31T13:20:00.0,2026-01-26T18:57:45.531,"Any[16, 25, 30, 37, 45, 53, 60]",16,60
689,2026-01-31T13:20:00.0,2026-02-02T18:57:45.531,"Any[56, 45, 37, 30, 25, 19, 11, 6]",56,6
691,2026-01-31T13:20:00.0,2026-01-26T18:57:45.531,"Any[60, 56, 45, 37, 30, 25, 19]",60,19
692,2026-01-31T13:20:00.0,2026-01-19T18:57:45.531,"Any[53, 45, 37, 30, 25]",53,25
695,2026-01-31T13:20:00.0,2026-01-12T18:57:45.531,"Any[20, 19, 25, 30, 37, 45, 53]",20,53
696,2026-01-31T13:20:00.0,2026-01-19T18:57:45.531,"Any[19, 25, 30, 37, 45, 53]",19,53
697,2026-01-31T13:20:00.0,2026-01-26T18:57:45.531,"Any[8, 13, 19, 25, 30, 25, 30, 37, 45, 53]",8,53
698,2026-01-31T13:20:00.0,2026-01-12T18:57:45.531,"Any[53, 45, 37, 30, 25, 19, 13, 8]",53,8
701,2026-01-31T13:20:00.0,2026-01-12T18:57:45.531,"Any[60, 56, 45, 37, 30, 25, 19, 11, 6]",60,6
704,2026-01-31T13:20:00.0,2026-02-02T18:57:45.531,"Any[16, 25, 30, 37, 45, 53]",16,53
715,2026-01-31T13:20:00.0,2026-01-12T18:57:45.531,"Any[3, 10, 11, 19, 25, 30, 37, 45]",3,45
717,2026-01-31T13:20:00.0,2026-02-02T18:57:45.531,"Any[60, 53, 45, 37, 30, 25, 19, 13, 8]",60,8
720,2026-01-31T13:20:00.0,2026-01-12T18:57:45.531,"Any[64, 60, 53, 45, 37, 30, 25, 19, 13, 8]",64,8
725,2026-01-31T13:20:00.0,2026-01-19T18:57:45.531,"Any[56, 45, 37, 30, 25, 19, 11, 6, 1]",56,1
730,2026-01-31T13:20:00.0,2026-01-19T18:57:45.531,"Any[8, 13, 19, 25, 30, 37, 45, 53]",8,53
731,2026-01-31T13:20:00.0,2026-01-26T18:57:45.531,"Any[64, 60, 53, 45, 37, 30, 25, 19, 11, 6, 1]",64,1
733,2026-01-31T13:20:00.0,2026-01-19T18:57:45.531,"Any[64, 56, 45, 37, 30, 25, 19, 11, 6]",64,6
734,2026-01-31T13:20:00.0,2026-02-02T18:57:45.531,"Any[53, 45, 37, 30, 25, 19, 10]",53,10
744,2026-01-31T13:20:00.0,2026-01-26T18:57:45.531,"Any[10, 19, 25, 30, 37, 45, 53]",10,53
750,2026-01-31T13:20:00.0,2026-01-19T18:57:45.531,"Any[16, 25, 30, 37, 45, 53]",16,53
766,2026-01-31T13:20:00.0,2026-01-19T18:57:45.531,"Any[64, 60, 53, 45, 37, 30, 25, 19, 11, 6, 1]",64,1
767,2026-01-31T13:20:00.0,2026-01-19T18:57:45.531,"Any[17, 25, 30, 37, 45, 53]",17,53
772,2026-01-31T13:20:00.0,2026-02-02T18:57:45.531,"Any[3, 6, 11, 25, 30, 37, 45]",3,45
775,2026-01-31T13:20:00.0,2026-01-12T18:57:45.531,"Any[53, 45, 37, 30, 25, 19, 10]",53,10
777,2026-01-31T13:20:00.0,2026-01-19T18:57:45.531,"Any[6, 11, 19, 25, 30, 37, 45]",6,45
779,2026-01-31T13:20:00.0,2026-01-26T18:57:45.531,"Any[3, 6, 11, 25, 30, 37, 45]",3,45
784,2026-01-31T13:20:00.0,2026-01-12T18:57:45.531,"Any[53, 45, 37, 30, 25, 19, 13, 8]",53,8
794,2026-01-31T13:20:00.0,2026-01-19T18:57:45.531,"Any[8, 13, 19, 25, 30, 37, 45, 56]",8,56
796,2026-01-31T13:20:00.0,2026-01-26T18:57:45.531,"Any[3, 10, 19, 25, 30, 37, 45, 53]",3,53
800,2026-01-31T13:20:00.0,2026-02-02T18:57:45.531,"Any[19, 25, 30, 37, 45, 53]",19,53
802,2026-01-31T13:20:00.0,2026-01-19T18:57:45.531,"Any[64, 60, 53, 45, 37, 30, 25, 19, 11, 6, 1]",64,1
809,2026-01-31T13:20:00.0,2026-02-02T18:57:45.531,"Any[64, 60, 56, 45, 37, 30, 25, 19, 11, 10]",64,10
810,2026-01-31T13:20:00.0,2026-01-12T18:57:45.531,"Any[60, 56, 45, 37, 30, 25, 19]",60,19
813,2026-01-31T13:20:00.0,2026-01-19T18:57:45.531,"Any[8, 13, 19, 25, 30, 37, 45, 56]",8,56
823,2026-01-31T13:20:00.0,2026-02-02T18:57:45.531,"Any[53, 45, 37, 30, 25, 19, 13, 8]",53,8
828,2026-01-31T13:20:00.0,2026-01-26T18:57:45.531,"Any[60, 56, 45, 37, 30, 25, 19, 13, 8]",60,8
829,2026-01-31T13:20:00.0,2026-01-12T18:57:45.531,"Any[5, 10, 19, 25, 30, 37, 45, 53]",5,53
831,2026-01-31T13:20:00.0,2026-01-12T18:57:45.531,"Any[10, 19, 25, 30, 37, 45, 53]",10,53
837,2026-01-31T13:20:00.0,2026-01-12T18:57:45.531,"Any[10, 19, 25, 30, 37, 45, 56]",10,56
838,2026-01-31T13:20:00.0,2026-01-19T18:57:45.531,"Any[19, 25, 30, 37, 45, 53]",19,53
853,2026-01-31T13:20:00.0,2026-01-19T18:57:45.531,"Any[19, 25, 30, 37, 45, 56]",19,56
854,2026-01-31T13:20:00.0,2026-01-19T18:57:45.531,"Any[56, 45, 37, 30, 25, 19]",56,19
862,2026-01-31T13:20:00.0,2026-01-19T18:57:45.531,"Any[3, 6, 11, 19, 25, 30, 37, 45]",3,45
865,2026-01-31T13:20:00.0,2026-01-12T18:57:45.531,"Any[45, 37, 30, 25]",45,25
867,2026-01-31T13:20:00.0,2026-01-12T18:57:45.531,"Any[53, 45, 37, 30, 25, 19, 10]",53,10
868,2026-01-31T13:20:00.0,2026-02-02T18:57:45.531,"Any[10, 19, 25, 30, 37, 45, 53, 60]",10,60
869,2026-01-31T13:20:00.0,2026-01-19T18:57:45.531,"Any[8, 13, 19, 25, 30, 37, 45, 56]",8,56
873,2026-01-31T13:20:00.0,2026-01-12T18:57:45.531,"Any[1, 6, 11, 19, 23, 28, 36, 44, 54, 60]",1,60
876,2026-01-31T13:20:00.0,2026-01-26T18:57:45.531,"Any[8, 13, 19, 25, 30, 37, 45, 56]",8,56
877,2026-01-31T13:20:00.0,2026-01-12T18:57:45.531,"Any[62, 45, 37, 30, 25, 19]",62,19
880,2026-01-31T13:20:00.0,2026-02-02T18:57:45.531,"Any[7, 8, 13, 19, 25, 30, 37, 45, 53]",7,53
885,2026-01-31T13:20:00.0,2026-01-19T18:57:45.531,"Any[6, 11, 16, 25, 30, 37, 45]",6,45
886,2026-01-31T13:20:00.0,2026-02-02T18:57:45.531,"Any[6, 11, 19, 25, 30, 37, 45]",6,45
888,2026-01-31T13:20:00.0,2026-01-26T18:57:45.531,"Any[7, 8, 13, 19, 25, 30, 37, 45, 53, 60]",7,60
890,2026-01-31T13:20:00.0,2026-01-12T18:57:45.531,"Any[64, 60, 56, 45, 37, 30, 25, 19, 13, 8, 7, 8]",64,8
893,2026-01-31T13:20:00.0,2026-01-12T18:57:45.531,"Any[1, 6, 11, 19, 25, 30, 37, 45, 53]",1,53
895,2026-01-31T13:20:00.0,2026-01-19T18:57:45.531,"Any[53, 45, 37, 30, 25, 19, 11, 6, 1]",53,1
903,2026-01-31T13:20:00.0,2026-01-12T18:57:45.531,"Any[8, 13, 19, 25, 30, 37, 45]",8,45
907,2026-01-31T13:20:00.0,2026-02-02T18:57:45.531,"Any[53, 45, 37, 30, 25, 19, 11, 6, 1]",53,1
908,2026-01-31T13:20:00.0,2026-01-19T18:57:45.531,"Any[10, 19, 25, 30, 37, 45, 53]",10,53
916,2026-01-31T13:20:00.0,2026-01-19T18:57:45.531,"Any[60, 53, 45, 37, 30, 25, 19, 11, 6]",60,6
917,2026-01-31T13:20:00.0,2026-01-12T18:57:45.531,"Any[8, 13, 19, 25, 30, 37, 45, 56]",8,56
919,2026-01-31T13:20:00.0,2026-02-02T18:57:45.531,"Any[53, 45, 37, 30, 25]",53,25
922,2026-01-31T13:20:00.0,2026-01-26T18:57:45.531,"Any[53, 45, 37, 30, 25, 19, 13, 8]",53,8
931,2026-01-31T13:20:00.0,2026-01-12T18:57:45.531,"Any[8, 13, 19, 25, 30, 37, 45]",8,45
938,2026-01-31T13:20:00.0,2026-01-26T18:57:45.531,"Any[53, 45, 37, 30, 25, 19, 11, 6, 1]",53,1
941,2026-01-31T13:20:00.0,2026-01-12T18:57:45.531,"Any[1, 6, 11, 19, 23, 36, 44, 54, 60]",1,60
942,2026-01-31T13:20:00.0,2026-01-12T18:57:45.531,"Any[45, 37, 30, 25]",45,25
943,2026-01-31T13:20:00.0,2026-02-02T18:57:45.531,"Any[64, 60, 53, 45, 37, 30, 25, 19, 11, 6, 1]",64,1
944,2026-01-31T13:20:00.0,2026-01-12T18:57:45.531,"Any[56, 45, 37, 30, 25, 19, 11, 6]",56,6
953,2026-01-31T13:20:00.0,2026-02-02T18:57:45.531,"Any[53, 45, 37, 30, 25, 19, 13, 8]",53,8
956,2026-01-31T13:20:00.0,2026-01-19T18:57:45.531,"Any[54, 44, 36, 23, 19, 13, 8]",54,8
958,2026-01-31T13:20:00.0,2026-02-02T18:57:45.531,"Any[7, 8, 13, 19, 25, 30, 37, 45, 53, 60]",7,60
959,2026-01-31T13:20:00.0,2026-02-02T18:57:45.531,"Any[6, 11, 19, 25, 30, 37, 45]",6,45
962,2026-01-31T13:20:00.0,2026-02-02T18:57:45.531,"Any[1, 6, 11, 19, 25, 30, 37, 45, 53, 60]",1,60
964,2026-01-31T13:20:00.0,2026-01-12T18:57:45.531,"Any[53, 45, 37, 30, 25, 19, 10]",53,10
968,2026-01-31T13:20:00.0,2026-02-02T18:57:45.531,"Any[19, 25, 30, 37, 45]",19,45
971,2026-01-31T13:20:00.0,2026-01-19T18:57:45.531,"Any[10, 19, 25, 30, 37, 45, 53, 60]",10,60
973,2026-01-31T13:20:00.0,2026-01-12T18:57:45.531,"Any[56, 45, 37, 30, 25]",56,25
975,2026-01-31T13:20:00.0,2026-01-26T18:57:45.531,"Any[6, 11, 19, 25, 30, 37, 45, 56]",6,56
976,2026-01-31T13:20:00.0,2026-02-02T18:57:45.531,"Any[6, 11, 19, 25, 30, 37, 45]",6,45
985,2026-01-31T13:20:00.0,2026-01-26T18:57:45.531,"Any[53, 45, 37, 30, 25, 19, 10]",53,10
987,2026-01-31T13:20:00.0,2026-01-26T18:57:45.531,"Any[6, 11, 19, 25, 30, 37, 45]",6,45
988,2026-01-31T13:20:00.0,2026-02-02T18:57:45.531,"Any[7, 8, 13, 19, 25, 30, 37, 45, 53]",7,53
992,2026-01-31T13:20:00.0,2026-01-12T18:57:45.531,"Any[10, 19, 25, 30, 37, 45, 53]",10,53
994,2026-01-31T13:20:00.0,2026-01-26T18:57:45.531,"Any[53, 45, 37, 30, 25, 19, 10]",53,10
998,2026-01-31T13:20:00.0,2026-01-26T18:57:45.531,"Any[19, 25, 30, 37, 45, 56]",19,56
1004,2026-01-31T13:20:00.0,2026-01-19T18:57:45.531,"Any[17, 16, 17, 25, 30, 37, 45, 53, 60]",17,60
1012,2026-01-31T13:20:00.0,2026-01-26T18:57:45.531,"Any[1, 6, 11, 19, 23, 28, 36, 44, 54, 60]",1,60
1021,2026-01-31T13:20:00.0,2026-02-02T18:57:45.531,"Any[64, 60, 53, 45, 37, 30, 25, 19, 11, 6, 1]",64,1
1023,2026-01-31T13:20:00.0,2026-01-12T18:57:45.531,"Any[10, 19, 25, 30, 37, 45, 53]",10,53
1028,2026-01-31T13:20:00.0,2026-01-26T18:57:45.531,"Any[7, 8, 13, 19, 25, 30, 37, 45, 53, 60]",7,60
1030,2026-01-31T13:20:00.0,2026-01-12T18:57:45.531,"Any[60, 56, 45, 37, 30, 25]",60,25
1039,2026-01-31T13:20:00.0,2026-01-19T18:57:45.531,"Any[8, 13, 19, 25, 30, 37, 45, 56, 60]",8,60
1047,2026-01-31T13:20:00.0,2026-01-26T18:57:45.531,"Any[53, 45, 37, 30, 25, 19, 10]",53,10
1054,2026-01-31T13:20:00.0,2026-01-12T18:57:45.531,"Any[19, 25, 30, 37, 45, 56]",19,56
1056,2026-01-31T13:20:00.0,2026-01-12T18:57:45.531,"Any[53, 45, 37, 30, 25]",53,25
1057,2026-01-31T13:20:00.0,2026-02-02T18:57:45.531,"Any[17, 16, 17, 25, 30, 37, 45, 53]",17,53
1063,2026-01-31T13:20:00.0,2026-01-26T18:57:45.531,"Any[5, 6, 11, 25, 30, 37, 45, 56]",5,56
1070,2026-01-31T13:20:00.0,2026-01-26T18:57:45.531,"Any[10, 19, 25, 30, 37, 45, 53, 60]",10,60
1072,2026-01-31T13:20:00.0,2026-01-12T18:57:45.531,"Any[13, 19, 25, 30, 37, 45, 53]",13,53
1076,2026-01-31T13:20:00.0,2026-01-26T18:57:45.531,"Any[6, 11, 16, 25, 30, 37, 45, 53]",6,53
1080,2026-01-31T13:20:00.0,2026-01-19T18:57:45.531,"Any[60, 56, 45, 37, 30, 25]",60,25
1084,2026-01-31T13:20:00.0,2026-02-02T18:57:45.531,"Any[10, 19, 25, 30, 37, 45, 53]",10,53
1088,2026-01-31T13:20:00.0,2026-01-26T18:57:45.531,"Any[56, 45, 37, 30, 25]",56,25
1089,2026-01-31T13:20:00.0,2026-01-19T18:57:45.531,"Any[10, 19, 25, 30, 37, 45, 53]",10,53
1091,2026-01-31T13:20:00.0,2026-01-26T18:57:45.531,"Any[10, 19, 25, 30, 37, 45, 53]",10,53
1095,2026-01-31T13:20:00.0,2026-01-12T18:57:45.531,"Any[53, 45, 37, 30, 25, 19, 10]",53,10
1101,2026-01-31T13:20:00.0,2026-02-02T18:57:45.531,"Any[13, 19, 25, 30, 37, 45, 56]",13,56
1104,2026-01-31T13:20:00.0,2026-01-12T18:57:45.531,"Any[6, 11, 19, 25, 30, 37, 45]",6,45
1107,2026-01-31T13:20:00.0,2026-01-19T18:57:45.531,"Any[1, 6, 11, 19, 25, 30, 37, 45, 53]",1,53
1110,2026-01-31T13:20:00.0,2026-01-12T18:57:45.531,"Any[53, 45, 37, 30, 25, 19, 11, 6, 1]",53,1
1114,2026-01-31T13:20:00.0,2026-01-26T18:57:45.531,"Any[1, 6, 11, 19, 23, 36, 44, 54, 60]",1,60
1119,2026-01-31T13:20:00.0,2026-01-12T18:57:45.531,"Any[56, 45, 37, 30, 25]",56,25
1125,2026-01-31T13:20:00.0,2026-01-12T18:57:45.531,"Any[53, 45, 37, 30, 25, 19, 13, 8]",53,8
1126,2026-01-31T13:20:00.0,2026-02-02T18:57:45.531,"Any[53, 45, 37, 30, 25, 19, 11, 6, 1]",53,1
1132,2026-01-31T13:20:00.0,2026-01-19T18:57:45.531,"Any[1, 6, 11, 19, 23, 28, 36, 44, 54, 60]",1,60
1133,2026-01-31T13:20:00.0,2026-01-26T18:57:45.531,"Any[64, 60, 56, 45, 37, 30, 25, 19, 11, 6]",64,6
1143,2026-01-31T13:20:00.0,2026-01-12T18:57:45.531,"Any[53, 45, 37, 30, 25]",53,25
1153,2026-01-31T13:20:00.0,2026-01-26T18:57:45.531,"Any[8, 13, 19, 25, 30, 37, 45, 56]",8,56
1160,2026-01-31T13:20:00.0,2026-02-02T18:57:45.531,"Any[53, 45, 37, 30, 25, 19, 10]",53,10
1163,2026-01-31T13:20:00.0,2026-01-26T18:57:45.531,"Any[3, 10, 19, 25, 30, 37, 45, 53]",3,53
1169,2026-01-31T13:20:00.0,2026-02-02T18:57:45.531,"Any[6, 11, 19, 25, 30, 37, 45]",6,45
1171,2026-01-31T13:20:00.0,2026-01-19T18:57:45.531,"Any[10, 19, 25, 30, 37, 45, 53, 60]",10,60
1178,2026-01-31T13:20:00.0,2026-01-12T18:57:45.531,"Any[1, 6, 11, 19, 25, 30, 37, 45, 53, 60]",1,60
1179,2026-01-31T13:20:00.0,2026-01-26T18:57:45.531,"Any[53, 45, 37, 30, 25]",53,25
1183,2026-01-31T13:20:00.0,2026-02-02T18:57:45.531,"Any[6, 11, 19, 25, 30, 37, 45, 53]",6,53
1200,2026-01-31T13:20:00.0,2026-02-02T18:57:45.531,"Any[53, 45, 37, 30, 25, 19, 11, 6, 1]",53,1
1210,2026-01-31T13:20:00.0,2026-01-26T18:57:45.531,"Any[6, 11, 19, 25, 30, 37, 45]",6,45
1227,2026-01-31T13:20:00.0,2026-01-19T18:57:45.531,"Any[10, 19, 25, 30, 37, 45, 53]",10,53
1230,2026-01-31T13:20:00.0,2026-02-02T18:57:45.531,"Any[60, 56, 45, 37, 30, 25, 19]",60,19
1231,2026-01-31T13:20:00.0,2026-01-12T18:57:45.531,"Any[6, 11, 19, 25, 30, 37, 45, 53]",6,53
1232,2026-01-31T13:20:00.0,2026-02-02T18:57:45.531,"Any[53, 45, 37, 30, 25, 19, 10]",53,10
1238,2026-01-31T13:20:00.0,2026-01-26T18:57:45.531,"Any[60, 56, 45, 37, 30, 25, 19, 11, 6]",60,6
1243,2026-01-31T13:20:00.0,2026-01-19T18:57:45.531,"Any[64, 53, 45, 37, 30, 25, 19, 10]",64,10
1244,2026-01-31T13:20:00.0,2026-02-02T18:57:45.531,"Any[53, 45, 37, 30, 25, 19, 13, 8]",53,8
1248,2026-01-31T13:20:00.0,2026-01-12T18:57:45.531,"Any[19, 25, 30, 37, 45, 53]",19,53
1260,2026-01-31T13:20:00.0,2026-02-02T18:57:45.531,"Any[53, 45, 37, 30, 25, 19, 10]",53,10
1271,2026-01-31T13:20:00.0,2026-02-02T18:57:45.531,"Any[60, 53, 45, 37, 30, 25, 19, 11, 6]",60,6
1278,2026-01-31T13:20:00.0,2026-02-02T18:57:45.531,"Any[1, 6, 11, 16, 25, 30, 37, 45, 56]",1,56
1280,2026-01-31T13:20:00.0,2026-02-02T18:57:45.531,"Any[60, 56, 45, 37, 30, 25]",60,25
1281,2026-01-31T13:20:00.0,2026-01-12T18:57:45.531,"Any[53, 45, 37, 30, 25]",53,25
1295,2026-01-31T13:20:00.0,2026-02-02T18:57:45.531,"Any[53, 45, 37, 30, 25, 19, 10]",53,10
1301,2026-01-31T13:20:00.0,2026-01-12T18:57:45.531,"Any[53, 45, 37, 30, 25, 19, 10]",53,10
1306,2026-01-31T13:20:00.0,2026-01-26T18:57:45.531,"Any[19, 25, 30, 37, 45]",19,45
1321,2026-01-31T13:20:00.0,2026-02-02T18:57:45.531,"Any[64, 60, 53, 45, 37, 30, 25, 19, 11, 6, 1]",64,1
1323,2026-01-31T13:20:00.0,2026-01-12T18:57:45.531,"Any[8, 13, 19, 25, 30, 37, 45, 56]",8,56
1324,2026-01-31T13:20:00.0,2026-01-12T18:57:45.531,"Any[7, 8, 13, 19, 25, 30, 37, 45, 56]",7,56
1329,2026-01-31T13:20:00.0,2026-01-26T18:57:45.531,"Any[10, 19, 25, 30, 37, 45, 53, 60]",10,60
1331,2026-01-31T13:20:00.0,2026-01-12T18:57:45.531,"Any[53, 45, 37, 30, 25]",53,25
1334,2026-01-31T13:20:00.0,2026-01-26T18:57:45.531,"Any[53, 45, 37, 30, 25]",53,25
1336,2026-01-31T13:20:00.0,2026-01-19T18:57:45.531,"Any[19, 25, 30, 37, 45, 53]",19,53
1348,2026-01-31T13:20:00.0,2026-01-19T18:57:45.531,"Any[60, 53, 45, 37, 30, 25, 19, 11, 6]",60,6
1350,2026-01-31T13:20:00.0,2026-01-26T18:57:45.531,"Any[53, 45, 37, 30, 25, 19, 10]",53,10
1357,2026-01-31T13:20:00.0,2026-01-12T18:57:45.531,"Any[8, 13, 19, 25, 30, 37, 45, 53, 56]",8,56
1359,2026-01-31T13:20:00.0,2026-01-26T18:57:45.531,"Any[1, 6, 11, 16, 25, 30, 37, 45, 56]",1,56
1363,2026-01-31T13:20:00.0,2026-02-02T18:57:45.531,"Any[8, 13, 19, 25, 30, 37, 45, 53]",8,53
1364,2026-01-31T13:20:00.0,2026-01-12T18:57:45.531,"Any[53, 45, 37, 30, 25, 19, 11, 6, 1]",53,1
1365,2026-01-31T13:20:00.0,2026-01-26T18:57:45.531,"Any[53, 45, 37, 30, 25]",53,25
1375,2026-01-31T13:20:00.0,2026-01-12T18:57:45.531,"Any[53, 45, 37, 30, 25, 19, 10]",53,10
1377,2026-01-31T13:20:00.0,2026-01-26T18:57:45.531,"Any[45, 37, 30, 25]",45,25
1379,2026-01-31T13:20:00.0,2026-01-19T18:57:45.531,"Any[8, 13, 19, 25, 30, 37, 45, 56]",8,56
1380,2026-01-31T13:20:00.0,2026-01-26T18:57:45.531,"Any[53, 45, 37, 30, 25, 19, 10]",53,10
1392,2026-01-31T13:20:00.0,2026-01-26T18:57:45.531,"Any[7, 8, 13, 19, 25, 30, 37, 45, 53]",7,53
1407,2026-01-31T13:20:00.0,2026-02-02T18:57:45.531,"Any[64, 60, 56, 45, 37, 30, 25, 19, 13, 8]",64,8
1409,2026-01-31T13:20:00.0,2026-01-26T18:57:45.531,"Any[1, 6, 11, 19, 25, 30, 37, 45, 56]",1,56
1418,2026-01-31T13:20:00.0,2026-01-12T18:57:45.531,"Any[1, 6, 11, 19, 30, 37, 45, 56]",1,56
1424,2026-01-31T13:20:00.0,2026-01-19T18:57:45.531,"Any[19, 25, 30, 37, 45, 53]",19,53
1427,2026-01-31T13:20:00.0,2026-01-12T18:57:45.531,"Any[53, 45, 37, 30, 25]",53,25
1431,2026-01-31T13:20:00.0,2026-01-12T18:57:45.531,"Any[60, 56, 45, 37, 30, 25, 19, 11, 6]",60,6
1440,2026-01-31T13:20:00.0,2026-01-12T18:57:45.531,"Any[19, 25, 30, 37, 45, 53]",19,53
1444,2026-01-31T13:20:00.0,2026-01-19T18:57:45.531,"Any[10, 19, 25, 30, 37, 45, 53]",10,53
1445,2026-01-31T13:20:00.0,2026-01-12T18:57:45.531,"Any[53, 45, 37, 30, 25, 19, 11, 6, 1]",53,1
1451,2026-01-31T13:20:00.0,2026-02-02T18:57:45.531,"Any[62, 45, 37, 30, 25, 19, 11, 6]",62,6
1453,2026-01-31T13:20:00.0,2026-02-02T18:57:45.531,"Any[60, 56, 45, 37, 30, 25, 19, 11, 6]",60,6
1454,2026-01-31T13:20:00.0,2026-01-12T18:57:45.531,"Any[1, 6, 11, 19, 25, 30, 37, 45, 53, 60]",1,60
1457,2026-01-31T13:20:00.0,2026-01-12T18:57:45.531,"Any[10, 19, 25, 30, 37, 45, 53]",10,53
1459,2026-01-31T13:20:00.0,2026-02-02T18:57:45.531,"Any[60, 53, 45, 37, 30, 25, 19, 13, 8]",60,8
1462,2026-01-31T13:20:00.0,2026-01-12T18:57:45.531,"Any[8, 13, 19, 25, 30, 37, 45, 56]",8,56
1472,2026-01-31T13:20:00.0,2026-01-12T18:57:45.531,"Any[53, 45, 37, 30, 25, 19, 10]",53,10
1473,2026-01-31T13:20:00.0,2026-01-19T18:57:45.531,"Any[64, 60, 53, 45, 37, 30, 25, 19, 10]",64,10
1477,2026-01-31T13:20:00.0,2026-02-02T18:57:45.531,"Any[1, 6, 11, 19, 25, 30, 37, 45, 53]",1,53
1478,2026-01-31T13:20:00.0,2026-02-02T18:57:45.531,"Any[53, 45, 37, 30, 25, 19, 13, 8]",53,8
1487,2026-01-31T13:20:00.0,2026-02-02T18:57:45.531,"Any[64, 60, 56, 45, 37, 30, 25, 19, 11, 6]",64,6
1489,2026-01-31T13:20:00.0,2026-01-26T18:57:45.531,"Any[53, 45, 37, 30, 25, 19, 13, 8]",53,8
1492,2026-01-31T13:20:00.0,2026-02-02T18:57:45.531,"Any[8, 13, 19, 25, 30, 37, 45, 56]",8,56
1497,2026-01-31T13:20:00.0,2026-02-02T18:57:45.531,"Any[56, 45, 37, 30, 25, 19, 11, 6, 1, 1]",56,1
1498,2026-01-31T13:20:00.0,2026-01-26T18:57:45.531,"Any[17, 16, 25, 30, 37, 45, 56]",17,56
1508,2026-01-31T13:20:00.0,2026-01-26T18:57:45.531,"Any[56, 45, 37, 30, 25]",56,25
1513,2026-01-31T13:20:00.0,2026-01-12T18:57:45.531,"Any[8, 13, 19, 25, 30, 37, 45, 53]",8,53
1525,2026-01-31T13:20:00.0,2026-02-02T18:57:45.531,"Any[60, 53, 45, 37, 30, 25, 19, 13, 8]",60,8
1533,2026-01-31T13:20:00.0,2026-01-19T18:57:45.531,"Any[8, 13, 19, 25, 30, 37, 45, 56]",8,56
1538,2026-01-31T13:20:00.0,2026-01-26T18:57:45.531,"Any[64, 60, 56, 45, 37, 30, 25, 19, 17, 19, 13, 8]",64,8
1545,2026-01-31T13:20:00.0,2026-01-12T18:57:45.531,"Any[62, 53, 45, 37, 30, 25, 19, 13, 8]",62,8
1547,2026-01-31T13:20:00.0,2026-01-26T18:57:45.531,"Any[10, 19, 25, 30, 37, 45, 53]",10,53
1556,2026-01-31T13:20:00.0,2026-02-02T18:57:45.531,"Any[10, 19, 25, 30, 37, 45, 56, 60]",10,60
1562,2026-01-31T13:20:00.0,2026-01-19T18:57:45.531,"Any[19, 25, 30, 37, 45, 56]",19,56
1564,2026-01-31T13:20:00.0,2026-01-26T18:57:45.531,"Any[56, 45, 37, 30, 25]",56,25
1570,2026-01-31T13:20:00.0,2026-02-02T18:57:45.531,"Any[56, 45, 37, 30, 25, 19, 11, 6]",56,6
1573,2026-01-31T13:20:00.0,2026-01-12T18:57:45.531,"Any[10, 19, 25, 30, 37, 45, 53]",10,53
1577,2026-01-31T13:20:00.0,2026-01-12T18:57:45.531,"Any[19, 25, 30, 37, 45, 53]",19,53
1591,2026-01-31T13:20:00.0,2026-02-02T18:57:45.531,"Any[8, 13, 19, 25, 30, 37, 45, 56]",8,56
1593,2026-01-31T13:20:00.0,2026-01-19T18:57:45.531,"Any[53, 45, 37, 30, 25, 19, 10]",53,10
1599,2026-01-31T13:20:00.0,2026-02-02T18:57:45.531,"Any[62, 45, 37, 30, 25, 19, 11, 6]",62,6
1604,2026-01-31T13:20:00.0,2026-01-26T18:57:45.531,"Any[10, 19, 25, 30, 37, 45, 53]",10,53
1612,2026-01-31T13:20:00.0,2026-01-19T18:57:45.531,"Any[62, 45, 37, 30, 25, 19]",62,19
1619,2026-01-31T13:20:00.0,2026-02-02T18:57:45.531,"Any[5, 6, 11, 19, 25, 30, 37, 45, 56]",5,56
1621,2026-01-31T13:20:00.0,2026-01-26T18:57:45.531,"Any[7, 8, 13, 19, 25, 30, 37, 45, 53, 60]",7,60
1626,2026-01-31T13:20:00.0,2026-02-02T18:57:45.531,"Any[7, 8, 13, 19, 25, 30, 37, 45, 56]",7,56
1627,2026-01-31T13:20:00.0,2026-01-19T18:57:45.531,"Any[53, 45, 37, 30, 25, 19, 10]",53,10
1630,2026-01-31T13:20:00.0,2026-01-19T18:57:45.531,"Any[8, 13, 19, 25, 30, 37, 45, 56]",8,56
1635,2026-01-31T13:20:00.0,2026-01-12T18:57:45.531,"Any[19, 25, 30, 37, 45, 53]",19,53
1649,2026-01-31T13:20:00.0,2026-01-12T18:57:45.531,"Any[53, 45, 37, 30, 25, 19, 10]",53,10
1666,2026-01-31T13:20:00.0,2026-01-26T18:57:45.531,"Any[64, 60, 53, 45, 37, 30, 25, 19, 10]",64,10
1668,2026-01-31T13:20:00.0,2026-01-26T18:57:45.531,"Any[8, 13, 19, 25, 30, 37, 30, 37, 45, 53]",8,53
1671,2026-01-31T13:20:00.0,2026-02-02T18:57:45.531,"Any[10, 19, 25, 30, 37, 45, 53, 60]",10,60
1672,2026-01-31T13:20:00.0,2026-01-19T18:57:45.531,"Any[53, 45, 37, 30, 25, 19, 10]",53,10
1701,2026-01-31T13:20:00.0,2026-01-19T18:57:45.531,"Any[64, 60, 56, 45, 37, 30, 25, 19, 13, 8]",64,8
1707,2026-01-31T13:20:00.0,2026-01-26T18:57:45.531,"Any[19, 25, 30, 37, 45, 56]",19,56
1708,2026-01-31T13:20:00.0,2026-01-12T18:57:45.531,"Any[53, 45, 37, 30, 25]",53,25
1714,2026-01-31T13:20:00.0,2026-02-02T18:57:45.531,"Any[56, 45, 37, 30, 25]",56,25
1715,2026-01-31T13:20:00.0,2026-01-19T18:57:45.531,"Any[10, 11, 19, 25, 30, 37, 45, 53]",10,53
1718,2026-01-31T13:20:00.0,2026-01-12T18:57:45.531,"Any[53, 45, 37, 30, 25, 19, 13, 8]",53,8
1722,2026-01-31T13:20:00.0,2026-01-26T18:57:45.531,"Any[6, 11, 19, 25, 30, 37, 45]",6,45
1731,2026-01-31T13:20:00.0,2026-01-26T18:57:45.531,"Any[53, 45, 37, 30, 25, 19, 13, 8]",53,8
1734,2026-01-31T13:20:00.0,2026-01-12T18:57:45.531,"Any[64, 53, 45, 37, 30, 25, 19, 13, 8]",64,8
1735,2026-01-31T13:20:00.0,2026-01-26T18:57:45.531,"Any[16, 17, 25, 30, 37, 45, 53]",16,53
1749,2026-01-31T13:20:00.0,2026-01-12T18:57:45.531,"Any[53, 45, 37, 30, 25, 19, 11, 6, 1]",53,1
1751,2026-01-31T13:20:00.0,2026-02-02T18:57:45.531,"Any[53, 45, 37, 30, 25, 19, 10]",53,10
1757,2026-01-31T13:20:00.0,2026-01-19T18:57:45.531,"Any[17, 16, 25, 30, 37, 45, 53]",17,53
1764,2026-01-31T13:20:00.0,2026-02-02T18:57:45.531,"Any[19, 25, 30, 37, 45, 56]",19,56
1765,2026-01-31T13:20:00.0,2026-02-02T18:57:45.531,"Any[53, 45, 37, 30, 25, 19, 10]",53,10
1768,2026-01-31T13:20:00.0,2026-01-19T18:57:45.531,"Any[53, 45, 37, 30, 25, 19, 11, 6, 1]",53,1
1776,2026-01-31T13:20:00.0,2026-01-12T18:57:45.531,"Any[53, 45, 37, 30, 25, 19, 11, 6]",53,6
1778,2026-01-31T13:20:00.0,2026-01-19T18:57:45.531,"Any[8, 13, 19, 25, 30, 37, 45, 53, 60]",8,60
1788,2026-01-31T13:20:00.0,2026-01-12T18:57:45.531,"Any[3, 10, 19, 25, 30, 37, 45, 53]",3,53
1789,2026-01-31T13:20:00.0,2026-02-02T18:57:45.531,"Any[8, 13, 19, 25, 30, 37, 45, 56]",8,56
1792,2026-01-31T13:20:00.0,2026-02-02T18:57:45.531,"Any[6, 11, 19, 25, 30, 37, 45]",6,45
1793,2026-01-31T13:20:00.0,2026-02-02T18:57:45.531,"Any[6, 11, 19, 25, 30, 37, 45, 53]",6,53
1797,2026-01-31T13:20:00.0,2026-02-02T18:57:45.531,"Any[19, 25, 30, 37, 45, 53]",19,53
1798,2026-01-31T13:20:00.0,2026-01-19T18:57:45.531,"Any[1, 6, 11, 19, 25, 30, 37, 45, 56]",1,56
1799,2026-01-31T13:20:00.0,2026-01-26T18:57:45.531,"Any[53, 45, 37, 30, 25, 19, 11, 6, 1]",53,1
1803,2026-01-31T13:20:00.0,2026-02-02T18:57:45.531,"Any[64, 60, 53, 45, 37, 30, 25, 19, 10]",64,10
1805,2026-01-31T13:20:00.0,2026-01-12T18:57:45.531,"Any[17, 16, 17, 25, 30, 37, 45, 53]",17,53
1815,2026-01-31T13:20:00.0,2026-01-12T18:57:45.531,"Any[19, 25, 30, 37, 45, 56]",19,56
1817,2026-01-31T13:20:00.0,2026-02-02T18:57:45.531,"Any[10, 19, 25, 30, 37, 45, 53]",10,53
1821,2026-01-31T13:20:00.0,2026-01-12T18:57:45.531,"Any[64, 60, 53, 45, 37, 30, 25, 19, 10]",64,10
1829,2026-01-31T13:20:00.0,2026-01-12T18:57:45.531,"Any[60, 53, 45, 37, 30, 25]",60,25
1832,2026-01-31T13:20:00.0,2026-01-26T18:57:45.531,"Any[10, 19, 25, 30, 37, 45, 53, 60]",10,60
1835,2026-01-31T13:20:00.0,2026-02-02T18:57:45.531,"Any[10, 19, 25, 30, 37, 45, 53]",10,53
1836,2026-01-31T13:20:00.0,2026-02-02T18:57:45.531,"Any[53, 45, 37, 30, 25, 19, 11, 6, 1]",53,1
1840,2026-01-31T13:20:00.0,2026-01-12T18:57:45.531,"Any[10, 19, 25, 30, 37, 45, 53]",10,53
1842,2026-01-31T13:20:00.0,2026-02-02T18:57:45.531,"Any[3, 10, 19, 25, 30, 37, 45, 53, 60]",3,60
1849,2026-01-31T13:20:00.0,2026-01-26T18:57:45.531,"Any[25, 30, 37, 45, 56, 60]",25,60
1851,2026-01-31T13:20:00.0,2026-02-02T18:57:45.531,"Any[60, 53, 45, 37, 30, 25, 19, 13, 8]",60,8
1853,2026-01-31T13:20:00.0,2026-01-12T18:57:45.531,"Any[19, 25, 30, 37, 45, 56]",19,56
1857,2026-01-31T13:20:00.0,2026-01-12T18:57:45.531,"Any[53, 45, 37, 30, 25, 19, 10]",53,10
1858,2026-01-31T13:20:00.0,2026-02-02T18:57:45.531,"Any[1, 6, 11, 19, 25, 30, 37, 45, 56]",1,56
1861,2026-01-31T13:20:00.0,2026-01-26T18:57:45.531,"Any[53, 45, 37, 30, 25, 19, 10]",53,10
1864,2026-01-31T13:20:00.0,2026-02-02T18:57:45.531,"Any[60, 53, 45, 37, 30, 25]",60,25
1870,2026-01-31T13:20:00.0,2026-01-12T18:57:45.531,"Any[53, 45, 37, 30, 25, 19, 13, 8]",53,8
1881,2026-01-31T13:20:00.0,2026-01-19T18:57:45.531,"Any[56, 45, 37, 30, 25, 19, 13, 8]",56,8
1882,2026-01-31T13:20:00.0,2026-01-26T18:57:45.531,"Any[56, 45, 37, 30, 25]",56,25
1884,2026-01-31T13:20:00.0,2026-02-02T18:57:45.531,"Any[8, 13, 19, 25, 30, 37, 45, 53]",8,53
1886,2026-01-31T13:20:00.0,2026-02-02T18:57:45.531,"Any[3, 10, 19, 25, 30, 37, 45, 53]",3,53
1889,2026-01-31T13:20:00.0,2026-01-12T18:57:45.531,"Any[8, 13, 19, 25, 30, 37, 45, 56]",8,56
1910,2026-01-31T13:20:00.0,2026-01-19T18:57:45.531,"Any[6, 11, 19, 25, 30, 37, 45, 53]",6,53
1918,2026-01-31T13:20:00.0,2026-01-12T18:57:45.531,"Any[60, 53, 45, 37, 30, 25]",60,25
1922,2026-01-31T13:20:00.0,2026-01-26T18:57:45.531,"Any[64, 53, 45, 37, 30, 25, 19, 13, 8]",64,8
1924,2026-01-31T13:20:00.0,2026-01-12T18:57:45.531,"Any[10, 19, 25, 30, 37, 45, 53, 60]",10,60
1929,2026-01-31T13:20:00.0,2026-01-26T18:57:45.531,"Any[17, 25, 30, 37, 45, 53, 60]",17,60
1931,2026-01-31T13:20:00.0,2026-01-12T18:57:45.531,"Any[60, 56, 45, 37, 30, 25, 19, 11, 6]",60,6
1934,2026-01-31T13:20:00.0,2026-02-02T18:57:45.531,"Any[17, 25, 30, 37, 45, 53]",17,53
1939,2026-01-31T13:20:00.0,2026-01-26T18:57:45.531,"Any[6, 11, 16, 25, 30, 37, 45, 53]",6,53
1942,2026-01-31T13:20:00.0,2026-01-26T18:57:45.531,"Any[64, 60, 53, 45, 37, 30, 25]",64,25
1943,2026-01-31T13:20:00.0,2026-01-26T18:57:45.531,"Any[1, 6, 11, 16, 19, 25, 30, 37, 45, 56, 60, 64]",1,64
1945,2026-01-31T13:20:00.0,2026-02-02T18:57:45.531,"Any[54, 44, 36, 23, 19, 11, 6]",54,6
1948,2026-01-31T13:20:00.0,2026-01-19T18:57:45.531,"Any[56, 45, 37, 30, 25, 19, 11, 6]",56,6
1953,2026-01-31T13:20:00.0,2026-02-02T18:57:45.531,"Any[56, 45, 37, 30, 25, 19, 11, 6, 6, 5, 1, 1]",56,6
1960,2026-01-31T13:20:00.0,2026-01-12T18:57:45.531,"Any[3, 10, 19, 25, 30, 37, 45, 53]",3,53
1961,2026-01-31T13:20:00.0,2026-02-02T18:57:45.531,"Any[53, 45, 37, 30, 25, 19, 11, 6, 1]",53,1
1963,2026-01-31T13:20:00.0,2026-01-19T18:57:45.531,"Any[1, 6, 11, 19, 25, 30, 37, 45, 56]",1,56
1972,2026-01-31T13:20:00.0,2026-02-02T18:57:45.531,"Any[7, 8, 13, 19, 25, 30, 37, 45, 53, 60]",7,60
1973,2026-01-31T13:20:00.0,2026-02-02T18:57:45.531,"Any[53, 45, 37, 30, 25, 19, 11, 6, 1]",53,1
1974,2026-01-31T13:20:00.0,2026-02-02T18:57:45.531,"Any[1, 6, 11, 19, 25, 30, 37, 45, 56]",1,56
1976,2026-01-31T13:20:00.0,2026-01-26T18:57:45.531,"Any[56, 45, 37, 30, 25, 19, 11, 6, 1]",56,1
1978,2026-01-31T13:20:00.0,2026-01-19T18:57:45.531,"Any[3, 6, 11, 19, 25, 30, 37, 45]",3,45
1979,2026-01-31T13:20:00.0,2026-01-26T18:57:45.531,"Any[53, 45, 37, 30, 25, 19, 11, 6, 1]",53,1
1981,2026-01-31T13:20:00.0,2026-01-12T18:57:45.531,"Any[3, 6, 11, 16, 25, 30, 37, 45, 56]",3,56
1992,2026-01-31T13:20:00.0,2026-01-26T18:57:45.531,"Any[19, 25, 30, 37, 45, 53]",19,53
1994,2026-01-31T13:20:00.0,2026-01-12T18:57:45.531,"Any[60, 56, 45, 37, 30, 25]",60,25
1995,2026-01-31T13:20:00.0,2026-02-02T18:57:45.531,"Any[1, 6, 11, 19, 25, 30, 37, 45, 53, 60]",1,60
1998,2026-01-31T13:20:00.0,2026-02-02T18:57:45.531,"Any[64, 53, 45, 37, 30, 25, 19, 10]",64,10
2003,2026-01-31T13:20:00.0,2026-01-26T18:57:45.531,"Any[1, 6, 11, 19, 25, 30, 37, 45, 56, 60]",1,60
2005,2026-01-31T13:20:00.0,2026-01-19T18:57:45.531,"Any[53, 45, 37, 30, 25, 19, 10]",53,10
2007,2026-01-31T13:20:00.0,2026-01-19T18:57:45.531,"Any[53, 45, 37, 30, 25, 19, 11, 6, 5]",53,5
2009,2026-01-31T13:20:00.0,2026-01-12T18:57:45.531,"Any[8, 13, 19, 25, 30, 37, 45, 56]",8,56
2013,2026-01-31T13:20:00.0,2026-02-02T18:57:45.531,"Any[60, 56, 45, 37, 30, 25, 19]",60,19
2022,2026-01-31T13:20:00.0,2026-01-26T18:57:45.531,"Any[53, 45, 37, 30, 25, 19, 10]",53,10
2026,2026-01-31T13:20:00.0,2026-01-12T18:57:45.531,"Any[53, 45, 37, 30, 25]",53,25
2030,2026-01-31T13:20:00.0,2026-02-02T18:57:45.531,"Any[53, 45, 37, 30, 25, 19, 13, 8]",53,8
2032,2026-01-31T13:20:00.0,2026-02-02T18:57:45.531,"Any[56, 45, 37, 30, 25, 19, 11, 6]",56,6
2033,2026-01-31T13:20:00.0,2026-02-02T18:57:45.531,"Any[8, 13, 19, 25, 30, 37, 45, 53]",8,53
2040,2026-01-31T13:20:00.0,2026-01-26T18:57:45.531,"Any[56, 45, 37, 30, 25, 19, 11, 6, 1]",56,1
2042,2026-01-31T13:20:00.0,2026-01-26T18:57:45.531,"Any[19, 25, 30, 37, 45, 56]",19,56
2045,2026-01-31T13:20:00.0,2026-01-19T18:57:45.531,"Any[53, 45, 37, 30, 25, 19, 10]",53,10
2052,2026-01-31T13:20:00.0,2026-02-02T18:57:45.531,"Any[19, 25, 30, 37, 45, 56]",19,56
2058,2026-01-31T13:20:00.0,2026-01-19T18:57:45.531,"Any[8, 13, 19, 25, 30, 37, 45, 53, 60]",8,60
2059,2026-01-31T13:20:00.0,2026-01-26T18:57:45.531,"Any[19, 25, 30, 37, 45, 56]",19,56
2062,2026-01-31T13:20:00.0,2026-01-19T18:57:45.531,"Any[56, 45, 37, 30, 25]",56,25
2069,2026-01-31T13:20:00.0,2026-01-19T18:57:45.531,"Any[6, 11, 19, 25, 30, 37, 45]",6,45
2070,2026-01-31T13:20:00.0,2026-01-12T18:57:45.531,"Any[64, 53, 45, 37, 30, 25, 19, 13, 8]",64,8
2071,2026-01-31T13:20:00.0,2026-02-02T18:57:45.531,"Any[7, 8, 13, 19, 25, 30, 37, 45, 56]",7,56
2074,2026-01-31T13:20:00.0,2026-01-12T18:57:45.531,"Any[53, 45, 37, 30, 25]",53,25
2075,2026-01-31T13:20:00.0,2026-02-02T18:57:45.531,"Any[8, 13, 19, 25, 30, 37, 45, 56, 60]",8,60
2076,2026-01-31T13:20:00.0,2026-01-12T18:57:45.531,"Any[6, 11, 19, 25, 30, 37, 45]",6,45
2078,2026-01-31T13:20:00.0,2026-02-02T18:57:45.531,"Any[56, 45, 37, 30, 25, 19, 11, 6]",56,6
2085,2026-01-31T13:20:00.0,2026-01-12T18:57:45.531,"Any[6, 11, 19, 25, 30, 37, 45]",6,45
2095,2026-01-31T13:20:00.0,2026-01-19T18:57:45.531,"Any[6, 11, 19, 25, 30, 37, 45]",6,45
2103,2026-01-31T13:20:00.0,2026-01-19T18:57:45.531,"Any[64, 60, 53, 45, 37, 30, 25, 19, 13, 8]",64,8
2128,2026-01-31T13:20:00.0,2026-01-12T18:57:45.531,"Any[6, 11, 19, 25, 30, 37, 45, 53]",6,53
2138,2026-01-31T13:20:00.0,2026-01-26T18:57:45.531,"Any[1, 6, 11, 19, 23, 36, 44, 54, 60]",1,60
2141,2026-01-31T13:20:00.0,2026-01-26T18:57:45.531,"Any[17, 19, 25, 30, 37, 45, 53, 60]",17,60
2144,2026-01-31T13:20:00.0,2026-02-02T18:57:45.531,"Any[56, 45, 37, 30, 25, 19, 13, 8]",56,8
2147,2026-01-31T13:20:00.0,2026-01-12T18:57:45.531,"Any[64, 60, 53, 45, 37, 30, 25, 19, 11, 6, 1]",64,1
2148,2026-01-31T13:20:00.0,2026-01-12T18:57:45.531,"Any[8, 13, 19, 25, 30, 37, 45, 56]",8,56
2152,2026-01-31T13:20:00.0,2026-01-12T18:57:45.531,"Any[60, 56, 45, 37, 30, 25, 19, 11, 6]",60,6
2153,2026-01-31T13:20:00.0,2026-01-26T18:57:45.531,"Any[60, 53, 45, 37, 30, 25, 19, 11, 6]",60,6
2159,2026-01-31T13:20:00.0,2026-01-12T18:57:45.531,"Any[3, 10, 19, 25, 30, 37, 45, 53]",3,53
2167,2026-01-31T13:20:00.0,2026-01-12T18:57:45.531,"Any[53, 45, 37, 30, 25, 19, 11, 6, 1]",53,1
2171,2026-01-31T13:20:00.0,2026-01-12T18:57:45.531,"Any[60, 53, 45, 37, 30, 25, 19, 13, 8]",60,8
2178,2026-01-31T13:20:00.0,2026-01-12T18:57:45.531,"Any[64, 53, 45, 37, 30, 25, 19, 10]",64,10
2180,2026-01-31T13:20:00.0,2026-01-12T18:57:45.531,"Any[64, 60, 53, 45, 37, 30, 25, 19, 11, 6, 1]",64,1
2185,2026-01-31T13:20:00.0,2026-02-02T18:57:45.531,"Any[6, 11, 19, 25, 30, 37, 45, 56]",6,56
2194,2026-01-31T13:20:00.0,2026-02-02T18:57:45.531,"Any[53, 45, 37, 30, 25, 19, 10]",53,10
2200,2026-01-31T13:20:00.0,2026-01-26T18:57:45.531,"Any[8, 13, 19, 25, 30, 37, 45, 56]",8,56
2203,2026-01-31T13:20:00.0,2026-01-26T18:57:45.531,"Any[3, 10, 19, 25, 30, 37, 45, 53, 60]",3,60
2205,2026-01-31T13:20:00.0,2026-01-19T18:57:45.531,"Any[56, 45, 37, 30, 25, 19, 14]",56,14
2209,2026-01-31T13:20:00.0,2026-01-19T18:57:45.531,"Any[64, 53, 45, 37, 30, 25, 19, 13, 8]",64,8
2217,2026-01-31T13:20:00.0,2026-01-26T18:57:45.531,"Any[6, 11, 16, 25, 30, 37, 45]",6,45
2218,2026-01-31T13:20:00.0,2026-01-26T18:57:45.531,"Any[8, 13, 19, 25, 30, 37, 45, 53]",8,53
2219,2026-01-31T13:20:00.0,2026-01-19T18:57:45.531,"Any[1, 6, 11, 19, 25, 30, 37, 45, 56, 60]",1,60
2220,2026-01-31T13:20:00.0,2026-02-02T18:57:45.531,"Any[10, 19, 25, 30, 37, 45, 53]",10,53
2221,2026-01-31T13:20:00.0,2026-01-19T18:57:45.531,"Any[53, 45, 37, 30, 25]",53,25
2222,2026-01-31T13:20:00.0,2026-01-12T18:57:45.531,"Any[1, 6, 11, 19, 25, 30, 37, 45, 56]",1,56
2231,2026-01-31T13:20:00.0,2026-01-19T18:57:45.531,"Any[6, 11, 19, 25, 30, 37, 45, 56, 60]",6,60
2243,2026-01-31T13:20:00.0,2026-02-02T18:57:45.531,"Any[53, 45, 37, 30, 25, 19, 10]",53,10
2248,2026-01-31T13:20:00.0,2026-01-19T18:57:45.531,"Any[7, 8, 13, 19, 25, 30, 37, 45, 53, 60]",7,60
2251,2026-01-31T13:20:00.0,2026-01-12T18:57:45.531,"Any[45, 37, 30, 25]",45,25
2261,2026-01-31T13:20:00.0,2026-01-26T18:57:45.531,"Any[7, 8, 13, 19, 25, 30, 37, 45]",7,45
2269,2026-01-31T13:20:00.0,2026-01-19T18:57:45.531,"Any[7, 8, 13, 19, 25, 30, 37, 45, 53]",7,53
2270,2026-01-31T13:20:00.0,2026-01-19T18:57:45.531,"Any[56, 45, 37, 30, 25, 19, 13, 8]",56,8
2277,2026-01-31T13:20:00.0,2026-02-02T18:57:45.531,"Any[19, 25, 30, 37, 45, 56]",19,56
2288,2026-01-31T13:20:00.0,2026-01-26T18:57:45.531,"Any[6, 11, 19, 25, 30, 37, 45, 53]",6,53
2305,2026-01-31T13:20:00.0,2026-02-02T18:57:45.531,"Any[60, 56, 45, 37, 30, 25, 19, 11, 6]",60,6
2317,2026-01-31T13:20:00.0,2026-01-12T18:57:45.531,"Any[53, 45, 37, 30, 25, 19, 11, 6, 1]",53,1
2333,2026-01-31T13:20:00.0,2026-01-12T18:57:45.531,"Any[8, 13, 19, 25, 30, 37, 45, 53]",8,53
2346,2026-01-31T13:20:00.0,2026-01-19T18:57:45.531,"Any[53, 45, 37, 30, 25, 19, 10]",53,10
2357,2026-01-31T13:20:00.0,2026-01-26T18:57:45.531,"Any[56, 45, 37, 30, 25, 19, 11, 6]",56,6
2358,2026-01-31T13:20:00.0,2026-01-12T18:57:45.531,"Any[8, 13, 19, 25, 30, 37, 45]",8,45
2359,2026-01-31T13:20:00.0,2026-02-02T18:57:45.531,"Any[56, 45, 37, 30, 25, 19, 11, 6, 6]",56,6
2369,2026-01-31T13:20:00.0,2026-01-26T18:57:45.531,"Any[53, 45, 37, 30, 25, 19, 13, 8]",53,8
2388,2026-01-31T13:20:00.0,2026-02-02T18:57:45.531,"Any[10, 19, 25, 30, 37, 45, 53, 60]",10,60
2389,2026-01-31T13:20:00.0,2026-01-19T18:57:45.531,"Any[60, 56, 45, 37, 30, 25, 19]",60,19
2394,2026-01-31T13:20:00.0,2026-01-12T18:57:45.531,"Any[1, 6, 11, 19, 25, 30, 37, 45, 56]",1,56
2395,2026-01-31T13:20:00.0,2026-01-26T18:57:45.531,"Any[7, 8, 13, 19, 25, 30, 37, 45, 53]",7,53
2401,2026-01-31T13:20:00.0,2026-01-12T18:57:45.531,"Any[3, 6, 11, 25, 30, 37, 45]",3,45
2432,2026-01-31T13:20:00.0,2026-01-12T18:57:45.531,"Any[56, 45, 37, 30, 25, 19, 11, 6]",56,6
2434,2026-01-31T13:20:00.0,2026-01-26T18:57:45.531,"Any[45, 37, 30, 25]",45,25
2443,2026-01-31T13:20:00.0,2026-01-12T18:57:45.531,"Any[60, 56, 45, 37, 30, 25, 19, 13, 8]",60,8
2448,2026-01-31T13:20:00.0,2026-01-12T18:57:45.531,"Any[1, 6, 11, 19, 25, 30, 37, 45, 53, 60]",1,60
2450,2026-01-31T13:20:00.0,2026-01-12T18:57:45.531,"Any[6, 11, 19, 25, 30, 37, 45, 53]",6,53
2456,2026-01-31T13:20:00.0,2026-01-26T18:57:45.531,"Any[16, 17, 25, 30, 37, 45, 53]",16,53
2458,2026-01-31T13:20:00.0,2026-01-26T18:57:45.531,"Any[53, 45, 37, 30, 25, 19, 10]",53,10
2465,2026-01-31T13:20:00.0,2026-01-26T18:57:45.531,"Any[7, 8, 13, 19, 25, 30, 37, 45, 53]",7,53
2466,2026-01-31T13:20:00.0,2026-02-02T18:57:45.531,"Any[53, 45, 37, 30, 25, 19, 11, 6]",53,6
2475,2026-01-31T13:20:00.0,2026-01-12T18:57:45.531,"Any[8, 13, 19, 25, 30, 37, 45, 53]",8,53
2486,2026-01-31T13:20:00.0,2026-01-26T18:57:45.531,"Any[1, 6, 11, 19, 25, 30, 37, 45, 53]",1,53
2499,2026-01-31T13:20:00.0,2026-01-26T18:57:45.531,"Any[56, 45, 37, 30, 25, 19, 13, 8]",56,8
2511,2026-01-31T13:20:00.0,2026-01-19T18:57:45.531,"Any[8, 13, 19, 25, 30, 37, 30, 37, 45, 53]",8,53
2515,2026-01-31T13:20:00.0,2026-01-12T18:57:45.531,"Any[5, 6, 11, 25, 30, 37, 45, 56]",5,56
2516,2026-01-31T13:20:00.0,2026-01-19T18:57:45.531,"Any[53, 45, 37, 30, 25, 19, 13, 8]",53,8
2525,2026-01-31T13:20:00.0,2026-02-02T18:57:45.531,"Any[25, 30, 37, 45, 53]",25,53
2529,2026-01-31T13:20:00.0,2026-01-26T18:57:45.531,"Any[6, 11, 16, 25, 30, 37, 45, 53]",6,53
2531,2026-01-31T13:20:00.0,2026-02-02T18:57:45.531,"Any[64, 60, 53, 45, 37, 30, 25, 19, 11, 6, 1]",64,1
2533,2026-01-31T13:20:00.0,2026-01-19T18:57:45.531,"Any[64, 60, 56, 45, 37, 30, 25, 19, 13, 8]",64,8
2547,2026-01-31T13:20:00.0,2026-01-19T18:57:45.531,"Any[53, 45, 37, 30, 25]",53,25
2549,2026-01-31T13:20:00.0,2026-01-19T18:57:45.531,"Any[6, 11, 19, 25, 30, 37, 45]",6,45
2551,2026-01-31T13:20:00.0,2026-01-12T18:57:45.531,"Any[19, 25, 30, 37, 45, 53]",19,53
2556,2026-01-31T13:20:00.0,2026-01-19T18:57:45.531,"Any[8, 13, 19, 25, 30, 37, 45]",8,45
2559,2026-01-31T13:20:00.0,2026-01-19T18:57:45.531,"Any[56, 45, 37, 30, 25, 19, 11, 6]",56,6
2561,2026-01-31T13:20:00.0,2026-01-12T18:57:45.531,"Any[8, 13, 19, 25, 30, 37, 45, 56]",8,56
2568,2026-01-31T13:20:00.0,2026-01-19T18:57:45.531,"Any[7, 8, 13, 19, 25, 30, 37, 45, 53]",7,53
2576,2026-01-31T13:20:00.0,2026-01-26T18:57:45.531,"Any[19, 25, 30, 37, 45, 56]",19,56
2580,2026-01-31T13:20:00.0,2026-01-12T18:57:45.531,"Any[6, 11, 16, 25, 30, 37, 45]",6,45
2583,2026-01-31T13:20:00.0,2026-01-26T18:57:45.531,"Any[62, 45, 37, 30, 25, 19, 13, 8]",62,8
2586,2026-01-31T13:20:00.0,2026-02-02T18:57:45.531,"Any[64, 53, 45, 37, 30, 25, 19, 10]",64,10
2587,2026-01-31T13:20:00.0,2026-02-02T18:57:45.531,"Any[7, 8, 13, 19, 25, 30, 37, 45]",7,45
2590,2026-01-31T13:20:00.0,2026-01-19T18:57:45.531,"Any[14, 19, 25, 30, 37, 45, 53]",14,53
2596,2026-01-31T13:20:00.0,2026-01-26T18:57:45.531,"Any[1, 6, 11, 25, 30, 37, 45, 53]",1,53
2598,2026-01-31T13:20:00.0,2026-02-02T18:57:45.531,"Any[14, 19, 25, 30, 37, 45, 53]",14,53
2599,2026-01-31T13:20:00.0,2026-02-02T18:57:45.531,"Any[6, 11, 16, 25, 30, 37, 45, 56]",6,56
2601,2026-01-31T13:20:00.0,2026-02-02T18:57:45.531,"Any[53, 45, 37, 30, 25, 19, 10]",53,10
2604,2026-01-31T13:20:00.0,2026-02-02T18:57:45.531,"Any[1, 6, 11, 16, 25, 30, 37, 45, 56, 60]",1,60
2605,2026-01-31T13:20:00.0,2026-01-12T18:57:45.531,"Any[56, 45, 37, 30, 25]",56,25
2608,2026-01-31T13:20:00.0,2026-01-19T18:57:45.531,"Any[53, 45, 37, 30, 25, 19, 10]",53,10
2614,2026-01-31T13:20:00.0,2026-01-19T18:57:45.531,"Any[13, 19, 25, 30, 37, 45, 56]",13,56
2615,2026-01-31T13:20:00.0,2026-01-19T18:57:45.531,"Any[64, 60, 53, 45, 37, 30, 25, 19, 11, 6, 1]",64,1
2623,2026-01-31T13:20:00.0,2026-02-02T18:57:45.531,"Any[53, 45, 37, 30, 25, 19, 11, 6, 1]",53,1
2624,2026-01-31T13:20:00.0,2026-01-19T18:57:45.531,"Any[53, 45, 37, 30, 25]",53,25
2635,2026-01-31T13:20:00.0,2026-01-19T18:57:45.531,"Any[53, 45, 37, 25, 19, 13, 8]",53,8
2637,2026-01-31T13:20:00.0,2026-01-12T18:57:45.531,"Any[6, 11, 19, 25, 30, 37, 45]",6,45
2640,2026-01-31T13:20:00.0,2026-01-12T18:57:45.531,"Any[8, 13, 19, 25, 30, 37, 45, 56]",8,56
2641,2026-01-31T13:20:00.0,2026-02-02T18:57:45.531,"Any[60, 53, 45, 37, 30, 25, 19, 11, 6]",60,6
2644,2026-01-31T13:20:00.0,2026-02-02T18:57:45.531,"Any[60, 56, 45, 37, 30, 25, 19, 11, 6]",60,6
2646,2026-01-31T13:20:00.0,2026-02-02T18:57:45.531,"Any[60, 56, 45, 37, 30, 25, 19, 17, 19, 11, 6]",60,6
2650,2026-01-31T13:20:00.0,2026-01-19T18:57:45.531,"Any[62, 56, 45, 37, 30, 25, 19]",62,19
2654,2026-01-31T13:20:00.0,2026-01-19T18:57:45.531,"Any[8, 13, 19, 25, 30, 37, 45, 56]",8,56
2676,2026-01-31T13:20:00.0,2026-01-19T18:57:45.531,"Any[25, 30, 37, 45, 56, 60]",25,60
2684,2026-01-31T13:20:00.0,2026-02-02T18:57:45.531,"Any[16, 19, 25, 30, 37, 45, 53]",16,53
2685,2026-01-31T13:20:00.0,2026-02-02T18:57:45.531,"Any[45, 37, 30, 25, 19, 13, 8]",45,8
2686,2026-01-31T13:20:00.0,2026-01-12T18:57:45.531,"Any[53, 45, 37, 30, 25]",53,25
2693,2026-01-31T13:20:00.0,2026-01-12T18:57:45.531,"Any[56, 45, 37, 30, 25, 19, 11, 6]",56,6
2694,2026-01-31T13:20:00.0,2026-01-12T18:57:45.531,"Any[6, 11, 19, 25, 30, 37, 45, 53]",6,53
2699,2026-01-31T13:20:00.0,2026-02-02T18:57:45.531,"Any[7, 8, 13, 19, 25, 30, 37, 45, 53]",7,53
2701,2026-01-31T13:20:00.0,2026-02-02T18:57:45.531,"Any[53, 45, 37, 30, 25, 19, 11, 6, 1]",53,1
2705,2026-01-31T13:20:00.0,2026-02-02T18:57:45.531,"Any[64, 60, 53, 45, 37, 30, 25, 19, 10]",64,10
2714,2026-01-31T13:20:00.0,2026-01-12T18:57:45.531,"Any[19, 25, 30, 37, 45, 56]",19,56
2716,2026-01-31T13:20:00.0,2026-01-26T18:57:45.531,"Any[6, 11, 19, 25, 30, 37, 45, 53]",6,53
2718,2026-01-31T13:20:00.0,2026-01-26T18:57:45.531,"Any[8, 13, 19, 25, 30, 37, 45, 53]",8,53
2726,2026-01-31T13:20:00.0,2026-01-26T18:57:45.531,"Any[60, 56, 45, 37, 30, 25, 19]",60,19
2727,2026-01-31T13:20:00.0,2026-01-26T18:57:45.531,"Any[8, 13, 19, 25, 30, 37, 45, 53]",8,53
2729,2026-01-31T13:20:00.0,2026-01-12T18:57:45.531,"Any[56, 45, 37, 30, 25, 19, 11, 6, 6, 1]",56,6
2730,2026-01-31T13:20:00.0,2026-01-12T18:57:45.531,"Any[10, 19, 25, 30, 37, 45, 53]",10,53
2734,2026-01-31T13:20:00.0,2026-01-12T18:57:45.531,"Any[8, 13, 25, 30, 37, 45, 53]",8,53
2741,2026-01-31T13:20:00.0,2026-01-19T18:57:45.531,"Any[10, 19, 25, 30, 37, 45, 53]",10,53
2744,2026-01-31T13:20:00.0,2026-02-02T18:57:45.531,"Any[64, 60, 56, 45, 37, 30, 25, 19, 10]",64,10
2745,2026-01-31T13:20:00.0,2026-01-19T18:57:45.531,"Any[7, 8, 13, 19, 25, 30, 37, 45, 56]",7,56
2746,2026-01-31T13:20:00.0,2026-01-26T18:57:45.531,"Any[53, 45, 37, 30, 25, 19, 10]",53,10
2748,2026-01-31T13:20:00.0,2026-02-02T18:57:45.531,"Any[64, 60, 53, 45, 37, 30, 25]",64,25
2766,2026-01-31T13:20:00.0,2026-01-12T18:57:45.531,"Any[62, 45, 37, 30, 25, 19, 13, 8]",62,8
2784,2026-01-31T13:20:00.0,2026-02-02T18:57:45.531,"Any[64, 60, 53, 45, 37, 30, 25]",64,25
2785,2026-01-31T13:20:00.0,2026-02-02T18:57:45.531,"Any[56, 45, 37, 30, 25]",56,25
2790,2026-01-31T13:20:00.0,2026-01-12T18:57:45.531,"Any[60, 56, 45, 37, 30, 25, 19, 13, 8]",60,8
2791,2026-01-31T13:20:00.0,2026-01-26T18:57:45.531,"Any[53, 45, 37, 30, 25, 19, 10]",53,10
2793,2026-01-31T13:20:00.0,2026-01-19T18:57:45.531,"Any[10, 19, 25, 30, 37, 45, 56]",10,56
2801,2026-01-31T13:20:00.0,2026-01-26T18:57:45.531,"Any[9, 15, 26, 31, 36, 44, 54, 60]",9,60
2802,2026-01-31T13:20:00.0,2026-02-02T18:57:45.531,"Any[56, 45, 37, 30, 25, 19, 13, 8]",56,8
2809,2026-01-31T13:20:00.0,2026-01-19T18:57:45.531,"Any[53, 45, 37, 30, 25, 19, 10]",53,10
2818,2026-01-31T13:20:00.0,2026-01-12T18:57:45.531,"Any[60, 56, 45, 37, 30, 25, 19, 11, 6]",60,6
2821,2026-01-31T13:20:00.0,2026-01-19T18:57:45.531,"Any[64, 60, 53, 45, 37, 30, 25, 19, 11, 6, 1]",64,1
2825,2026-01-31T13:20:00.0,2026-02-02T18:57:45.531,"Any[1, 6, 11, 19, 25, 30, 37, 45, 56]",1,56
2831,2026-01-31T13:20:00.0,2026-01-12T18:57:45.531,"Any[53, 45, 37, 30, 25, 19, 10]",53,10
2834,2026-01-31T13:20:00.0,2026-01-26T18:57:45.531,"Any[53, 45, 37, 30, 25, 19, 10]",53,10
2835,2026-01-31T13:20:00.0,2026-01-12T18:57:45.531,"Any[53, 45, 37, 25, 19, 13, 8]",53,8
2844,2026-01-31T13:20:00.0,2026-01-12T18:57:45.531,"Any[53, 45, 37, 30, 25, 19, 11, 6, 1]",53,1
2847,2026-01-31T13:20:00.0,2026-02-02T18:57:45.531,"Any[60, 53, 45, 37, 30, 25, 19]",60,19
2848,2026-01-31T13:20:00.0,2026-01-19T18:57:45.531,"Any[3, 10, 19, 25, 30, 37, 45, 53]",3,53
2850,2026-01-31T13:20:00.0,2026-01-26T18:57:45.531,"Any[1, 6, 11, 19, 25, 30, 37, 45, 56]",1,56
2856,2026-01-31T13:20:00.0,2026-01-12T18:57:45.531,"Any[3, 10, 19, 25, 30, 37, 45, 53, 60]",3,60
2864,2026-01-31T13:20:00.0,2026-02-02T18:57:45.531,"Any[53, 45, 37, 30, 25, 19, 10]",53,10
2867,2026-01-31T13:20:00.0,2026-01-12T18:57:45.531,"Any[1, 6, 11, 19, 25, 30, 37, 45, 53]",1,53
2880,2026-01-31T13:20:00.0,2026-01-19T18:57:45.531,"Any[1, 6, 11, 19, 25, 30, 37, 45, 56]",1,56
2885,2026-01-31T13:20:00.0,2026-01-19T18:57:45.531,"Any[64, 60, 53, 45, 37, 30, 25, 19, 13, 8]",64,8
2890,2026-01-31T13:20:00.0,2026-01-26T18:57:45.531,"Any[60, 56, 45, 37, 30, 25, 19]",60,19
2903,2026-01-31T13:20:00.0,2026-01-26T18:57:45.531,"Any[60, 56, 45, 37, 30, 25, 19]",60,19
2905,2026-01-31T13:20:00.0,2026-02-02T18:57:45.531,"Any[60, 53, 45, 37, 30, 25, 19]",60,19
2906,2026-01-31T13:20:00.0,2026-02-02T18:57:45.531,"Any[60, 56, 45, 37, 30, 25, 19]",60,19
2910,2026-01-31T13:20:00.0,2026-02-02T18:57:45.531,"Any[60, 53, 45, 37, 30, 25, 19, 13, 8]",60,8
2914,2026-01-31T13:20:00.0,2026-02-02T18:57:45.531,"Any[60, 53, 45, 37, 30, 25, 19, 13, 8]",60,8
2929,2026-01-31T13:20:00.0,2026-01-19T18:57:45.531,"Any[56, 45, 37, 45, 50, 45, 37, 30, 25]",56,25
2943,2026-01-31T13:20:00.0,2026-01-12T18:57:45.531,"Any[56, 45, 37, 30, 25, 19, 11, 6, 6, 5, 1, 1]",56,6
2949,2026-01-31T13:20:00.0,2026-01-19T18:57:45.531,"Any[56, 45, 37, 30, 25, 19, 11, 6]",56,6
2960,2026-01-31T13:20:00.0,2026-02-02T18:57:45.531,"Any[56, 45, 37, 30, 25, 19, 11, 6]",56,6
2961,2026-01-31T13:20:00.0,2026-01-12T18:57:45.531,"Any[56, 45, 37, 30, 25, 19, 11, 6, 6]",56,6
2964,2026-01-31T13:20:00.0,2026-01-12T18:57:45.531,"Any[56, 45, 37, 30, 25, 19, 11, 6]",56,6
2968,2026-01-31T13:20:00.0,2026-02-02T18:57:45.531,"Any[56, 45, 37, 30, 25, 19, 11, 6]",56,6
2970,2026-01-31T13:20:00.0,2026-01-12T18:57:45.531,"Any[56, 45, 37, 30, 25, 19, 11, 6]",56,6
2972,2026-01-31T13:20:00.0,2026-02-02T18:57:45.531,"Any[56, 45, 37, 30, 25, 19, 11, 6, 6, 5, 1, 1]",56,6
2973,2026-01-31T13:20:00.0,2026-02-02T18:57:45.531,"Any[56, 45, 37, 30, 25, 19, 11, 6]",56,6
2979,2026-01-31T13:20:00.0,2026-01-19T18:57:45.531,"Any[56, 45, 37, 30, 25, 19, 11, 6]",56,6
2985,2026-01-31T13:20:00.0,2026-01-12T18:57:45.531,"Any[56, 45, 37, 30, 25, 19, 11, 6]",56,6
2987,2026-01-31T13:20:00.0,2026-01-12T18:57:45.531,"Any[56, 45, 37, 30, 25, 19, 11, 6]",56,6
2996,2026-01-31T13:20:00.0,2026-01-19T18:57:45.531,"Any[56, 45, 37, 30, 25, 19, 11, 6]",56,6
2997,2026-01-31T13:20:00.0,2026-01-26T18:57:45.531,"Any[56, 45, 37, 30, 25, 19, 11, 6]",56,6
3010,2026-01-31T13:20:00.0,2026-01-19T18:57:45.531,"Any[19, 25, 30, 37, 45, 53]",19,53
3011,2026-01-31T13:20:00.0,2026-02-02T18:57:45.531,"Any[19, 25, 30, 37, 45, 53]",19,53
3017,2026-01-31T13:20:00.0,2026-02-02T18:57:45.531,"Any[19, 25, 30, 37, 45]",19,45
3020,2026-01-31T13:20:00.0,2026-01-12T18:57:45.531,"Any[19, 25, 30, 37, 45]",19,45
3022,2026-01-31T13:20:00.0,2026-01-26T18:57:45.531,"Any[19, 25, 30, 37, 45]",19,45
3030,2026-01-31T13:20:00.0,2026-02-02T18:57:45.531,"Any[8, 13, 19, 25, 30, 37, 45, 56]",8,56
3035,2026-01-31T13:20:00.0,2026-01-12T18:57:45.531,"Any[8, 13, 19, 25, 30, 37, 45, 56]",8,56
3040,2026-01-31T13:20:00.0,2026-02-02T18:57:45.531,"Any[8, 13, 19, 25, 30, 37, 45, 56]",8,56
3043,2026-01-31T13:20:00.0,2026-01-12T18:57:45.531,"Any[8, 13, 19, 25, 30, 37, 45, 56]",8,56
3050,2026-01-31T13:20:00.0,2026-01-26T18:57:45.531,"Any[8, 13, 19, 25, 30, 37, 45, 56]",8,56
3052,2026-01-31T13:20:00.0,2026-01-12T18:57:45.531,"Any[8, 13, 19, 25, 30, 37, 45, 56]",8,56
3058,2026-01-31T13:20:00.0,2026-02-02T18:57:45.531,"Any[8, 13, 19, 25, 30, 37, 45, 56]",8,56
3064,2026-01-31T13:20:00.0,2026-02-02T18:57:45.531,"Any[8, 13, 19, 25, 30, 37, 45, 56]",8,56
3067,2026-01-31T13:20:00.0,2026-01-26T18:57:45.531,"Any[8, 13, 19, 25, 30, 37, 45, 56]",8,56
3068,2026-01-31T13:20:00.0,2026-02-02T18:57:45.531,"Any[8, 13, 19, 25, 30, 37, 45, 56]",8,56
3070,2026-01-31T13:20:00.0,2026-01-12T18:57:45.531,"Any[8, 13, 19, 25, 30, 37, 45, 56]",8,56
3071,2026-01-31T13:20:00.0,2026-01-26T18:57:45.531,"Any[8, 13, 19, 25, 30, 37, 45, 56]",8,56
3074,2026-01-31T13:20:00.0,2026-01-19T18:57:45.531,"Any[1, 6, 11, 19, 25, 30, 37, 45, 53, 60]",1,60
3077,2026-01-31T13:20:00.0,2026-01-26T18:57:45.531,"Any[1, 6, 11, 19, 25, 30, 37, 45, 53, 60]",1,60
3087,2026-01-31T13:20:00.0,2026-02-02T18:57:45.531,"Any[1, 6, 11, 19, 25, 30, 37, 45, 56, 60]",1,60
3088,2026-01-31T13:20:00.0,2026-01-26T18:57:45.531,"Any[1, 6, 11, 19, 25, 30, 37, 45, 56, 60]",1,60
3089,2026-01-31T13:20:00.0,2026-01-12T18:57:45.531,"Any[1, 6, 11, 19, 25, 30, 37, 45, 56, 60]",1,60
3093,2026-01-31T13:20:00.0,2026-01-12T18:57:45.531,"Any[1, 6, 11, 19, 25, 30, 37, 45, 53, 60]",1,60
3096,2026-01-31T13:20:00.0,2026-01-12T18:57:45.531,"Any[1, 6, 11, 19, 25, 30, 37, 45, 53, 60]",1,60
3102,2026-01-31T13:20:00.0,2026-01-12T18:57:45.531,"Any[1, 6, 11, 19, 25, 30, 37, 45, 56, 60]",1,60
3105,2026-01-31T13:20:00.0,2026-01-26T18:57:45.531,"Any[1, 6, 11, 19, 25, 30, 37, 45, 56, 60]",1,60
3106,2026-01-31T13:20:00.0,2026-02-02T18:57:45.531,"Any[1, 6, 11, 19, 25, 30, 37, 45, 53, 60]",1,60
3111,2026-01-31T13:20:00.0,2026-01-26T18:57:45.531,"Any[6, 11, 19, 25, 30, 37, 45, 53]",6,53
3113,2026-01-31T13:20:00.0,2026-02-02T18:57:45.531,"Any[6, 11, 19, 25, 30, 37, 45, 53]",6,53
3126,2026-01-31T13:20:00.0,2026-01-19T18:57:45.531,"Any[6, 11, 19, 25, 30, 37, 45, 53]",6,53
3130,2026-01-31T13:20:00.0,2026-02-02T18:57:45.531,"Any[6, 11, 19, 25, 30, 37, 45, 53]",6,53
3132,2026-01-31T13:20:00.0,2026-02-02T18:57:45.531,"Any[6, 11, 19, 25, 30, 37, 45, 53]",6,53
3137,2026-01-31T13:20:00.0,2026-01-12T18:57:45.531,"Any[6, 11, 19, 25, 30, 37, 45]",6,45
3139,2026-01-31T13:20:00.0,2026-02-02T18:57:45.531,"Any[6, 11, 19, 25, 30, 37, 45]",6,45
3156,2026-01-31T13:20:00.0,2026-02-02T18:57:45.531,"Any[10, 19, 25, 30, 37, 45, 53, 60]",10,60
3157,2026-01-31T13:20:00.0,2026-01-12T18:57:45.531,"Any[10, 19, 25, 30, 37, 45, 53, 60]",10,60
3162,2026-01-31T13:20:00.0,2026-02-02T18:57:45.531,"Any[10, 19, 25, 30, 37, 45, 53, 60]",10,60
3166,2026-01-31T13:20:00.0,2026-01-12T18:57:45.531,"Any[10, 19, 25, 30, 37, 45, 53, 60]",10,60
3186,2026-01-31T13:20:00.0,2026-01-19T18:57:45.531,"Any[10, 19, 25, 30, 37, 45, 56, 60]",10,60
3195,2026-01-31T13:20:00.0,2026-01-12T18:57:45.531,"Any[10, 19, 25, 30, 37, 45]",10,45
