id,departure_timestamp,arrival_timestamp,ps_seq,Origin_PS,Destination_PS
1,2026-01-12T00:00:53.0,2026-01-21T05:38:38.531,"Any[7, 8, 13, 19, 25, 30, 37, 45, 53, 60]",7,60
673,2026-01-12T00:34:51.0,2026-01-21T06:12:36.531,"Any[53, 45, 37, 30, 25, 19, 11, 6, 1]",53,1
1350,2026-01-12T00:34:51.0,2026-01-14T06:12:36.531,"Any[53, 45, 37, 30, 25, 19, 11, 6, 1]",53,1
655,2026-01-12T00:38:52.0,2026-01-21T06:16:37.531,"Any[19, 25, 30, 37, 45]",19,45
1245,2026-01-12T01:16:53.0,2026-01-14T06:54:38.531,"Any[56, 45, 37, 30, 25, 19, 10]",56,10
822,2026-01-12T01:38:03.0,2026-01-21T07:15:48.531,"Any[53, 45, 37, 30, 25, 17, 11, 6, 1]",53,1
921,2026-01-12T01:43:45.0,2026-01-14T07:21:30.531,"Any[53, 45, 37, 30, 25, 19, 11, 6, 1]",53,1
117,2026-01-12T04:40:57.0,2026-01-21T10:18:42.531,"Any[60, 53, 45, 37, 30, 25, 19, 11, 6, 1]",60,1
958,2026-01-12T04:40:57.0,2026-01-21T10:18:42.531,"Any[60, 53, 45, 37, 30, 25, 19, 11, 6, 1]",60,1
358,2026-01-12T05:54:32.0,2026-01-14T11:32:17.531,"Any[53, 45, 37, 30, 25]",53,25
325,2026-01-12T06:14:16.0,2026-01-14T11:52:01.531,"Any[16, 25, 30, 37, 45, 53]",16,53
767,2026-01-12T06:28:25.0,2026-01-14T12:06:10.531,"Any[16, 25, 30, 37, 45, 53]",16,53
127,2026-01-12T07:29:28.0,2026-01-14T13:07:13.531,"Any[60, 53, 45, 37, 30, 25, 19, 11, 6, 1]",60,1
1409,2026-01-12T08:30:49.466,2026-01-14T14:08:34.997,"Any[13, 19, 25, 30, 37, 45, 53]",13,53
1363,2026-01-12T09:00:08.696,2026-01-21T14:37:54.227,"Any[64, 53, 45, 37, 30, 25, 11, 6, 1]",64,1
1482,2026-01-12T09:11:00.0,2026-01-14T14:48:45.531,Any[],53,17
734,2026-01-12T09:16:37.0,2026-01-21T14:54:22.531,"Any[56, 45, 37, 30, 25]",56,25
894,2026-01-12T09:16:37.0,2026-01-14T14:54:22.531,"Any[56, 45, 37, 30, 25]",56,25
558,2026-01-12T10:08:46.0,2026-01-21T15:46:31.531,"Any[60, 56, 45, 37, 30, 25, 19]",60,19
1080,2026-01-12T11:06:26.0,2026-01-21T16:44:11.531,"Any[3, 10, 11, 19, 25, 30, 37, 45]",3,45
360,2026-01-12T11:17:29.0,2026-01-21T16:55:14.531,"Any[8, 13, 19, 25, 30, 37, 45]",8,45
716,2026-01-12T11:22:43.0,2026-01-14T17:00:28.531,"Any[60, 53, 45, 37, 30, 25]",60,25
932,2026-01-12T11:58:12.0,2026-01-14T17:35:57.531,"Any[19, 25, 30, 37, 45, 56]",19,56
30,2026-01-12T12:24:59.0,2026-01-14T18:02:44.531,"Any[56, 45, 37, 30, 25]",56,25
895,2026-01-12T12:28:38.0,2026-01-14T18:06:23.531,"Any[1, 6, 11, 25, 30, 37, 45, 53]",1,53
216,2026-01-12T12:52:27.0,2026-01-14T18:30:12.531,"Any[6, 11, 19, 25, 30, 37, 45]",6,45
913,2026-01-12T13:03:36.0,2026-01-14T18:41:21.531,"Any[8, 13, 19, 25, 30, 37, 45]",8,45
669,2026-01-12T13:09:54.0,2026-01-21T18:47:39.531,"Any[56, 45, 37, 30, 25, 19, 13, 8]",56,8
1065,2026-01-12T13:13:38.0,2026-01-14T18:51:23.531,"Any[53, 45, 37, 30, 25, 19]",53,19
1340,2026-01-12T13:31:43.0,2026-01-21T19:09:28.531,"Any[6, 11, 19, 25, 30, 37, 45, 53]",6,53
1295,2026-01-12T13:32:16.0,2026-01-14T19:10:01.531,"Any[62, 45, 37, 30, 25, 19, 13, 8]",62,8
379,2026-01-12T13:33:03.0,2026-01-14T19:10:48.531,"Any[45, 37, 30, 25]",45,25
636,2026-01-12T14:09:43.0,2026-01-21T19:47:28.531,"Any[13, 19, 25, 30, 37, 45, 56]",13,56
386,2026-01-12T14:38:11.847,2026-01-21T20:15:57.378,"Any[25, 30, 37, 45]",25,45
804,2026-01-12T14:45:23.0,2026-01-21T20:23:08.531,"Any[53, 45, 37, 30, 25, 19, 10]",53,10
1217,2026-01-12T15:06:44.0,2026-01-21T20:44:29.531,"Any[19, 25, 30, 37, 45, 56]",19,56
984,2026-01-12T15:30:10.0,2026-01-14T21:07:55.531,"Any[6, 11, 16, 25, 30, 37, 45]",6,45
1073,2026-01-12T15:30:10.0,2026-01-14T21:07:55.531,"Any[6, 11, 16, 25, 30, 37, 45]",6,45
234,2026-01-12T15:40:36.0,2026-01-21T21:18:21.531,"Any[6, 11, 19, 25, 30, 37, 45, 53]",6,53
1386,2026-01-12T15:45:17.0,2026-01-14T21:23:02.531,"Any[1, 6, 11, 19, 25, 30, 37, 45, 53]",1,53
1296,2026-01-12T15:59:39.636,2026-01-21T21:37:25.167,"Any[60, 56, 45, 37, 30, 25, 19]",60,19
816,2026-01-12T16:11:02.0,2026-01-14T21:48:47.531,"Any[64, 60, 56, 45, 37, 30, 25]",64,25
1182,2026-01-12T16:16:10.0,2026-01-14T21:53:55.531,"Any[19, 25, 30, 37, 45, 53]",19,53
271,2026-01-12T16:16:23.0,2026-01-21T21:54:08.531,"Any[19, 25, 30, 37, 45, 53]",19,53
126,2026-01-12T16:43:05.0,2026-01-21T22:20:50.531,"Any[60, 53, 45, 37, 30, 25, 19]",60,19
1247,2026-01-12T16:43:05.0,2026-01-21T22:20:50.531,"Any[60, 53, 45, 37, 30, 25, 19]",60,19
594,2026-01-12T16:52:14.0,2026-01-21T22:29:59.531,"Any[53, 45, 37, 30, 25]",53,25
1430,2026-01-12T16:52:14.0,2026-01-14T22:29:59.531,"Any[53, 45, 37, 30, 25]",53,25
1365,2026-01-12T17:02:24.0,2026-01-14T22:40:09.531,"Any[53, 45, 37, 30, 25]",53,25
233,2026-01-12T17:04:03.0,2026-01-21T22:41:48.531,"Any[56, 45, 37, 30, 25, 19, 13, 8]",56,8
1306,2026-01-12T17:05:36.177,2026-01-14T22:43:21.708,"Any[25, 30, 37, 45, 56]",25,56
1317,2026-01-12T17:05:36.177,2026-01-21T22:43:21.708,"Any[25, 30, 37, 45, 56]",25,56
1534,2026-01-12T17:05:36.177,2026-01-14T22:43:21.708,"Any[25, 30, 37, 45, 56]",25,56
570,2026-01-12T17:14:15.0,2026-01-14T22:52:00.531,"Any[25, 30, 37, 45, 53, 60]",25,60
1074,2026-01-12T17:41:14.0,2026-01-14T23:18:59.531,"Any[56, 45, 37, 30, 25, 19, 11, 6, 1]",56,1
1545,2026-01-12T17:51:00.0,2026-01-21T23:28:45.531,Any[],7,54
776,2026-01-12T18:22:31.343,2026-01-15T00:00:16.874,"Any[53, 45, 37, 30, 25, 19, 13, 8]",53,8
1392,2026-01-12T18:22:31.343,2026-01-22T00:00:16.874,"Any[53, 45, 37, 30, 25, 19, 13, 8]",53,8
41,2026-01-12T18:38:03.0,2026-01-15T00:15:48.531,"Any[60, 53, 45, 37, 30, 25, 19, 10]",60,10
283,2026-01-12T18:38:03.0,2026-01-15T00:15:48.531,"Any[60, 53, 45, 37, 30, 25, 19, 10]",60,10
309,2026-01-12T18:55:59.057,2026-01-22T00:33:44.588,"Any[8, 13, 19, 25, 37, 45, 56, 60]",8,60
589,2026-01-12T19:55:52.0,2026-01-15T01:33:37.531,"Any[8, 13, 19, 25, 30, 37, 45, 53]",8,53
1566,2026-01-12T20:10:00.0,2026-01-15T01:47:45.531,Any[],6,61
469,2026-01-12T20:10:49.0,2026-01-15T01:48:34.531,"Any[53, 45, 37, 30, 25, 19, 10]",53,10
1268,2026-01-12T20:11:31.0,2026-01-15T01:49:16.531,"Any[53, 45, 37, 30, 25, 19, 13, 8]",53,8
544,2026-01-12T20:13:16.0,2026-01-15T01:51:01.531,"Any[10, 19, 25, 30, 37, 45, 53]",10,53
1157,2026-01-12T20:14:13.0,2026-01-15T01:51:58.531,"Any[53, 45, 37, 30, 25, 19, 13, 8]",53,8
1330,2026-01-12T20:14:13.0,2026-01-15T01:51:58.531,"Any[53, 45, 37, 30, 25, 19, 13, 8]",53,8
291,2026-01-12T20:20:55.0,2026-01-15T01:58:40.531,"Any[53, 45, 37, 30, 25, 19, 10]",53,10
1034,2026-01-12T20:20:55.0,2026-01-22T01:58:40.531,"Any[53, 45, 37, 30, 25, 19, 10]",53,10
539,2026-01-12T20:31:51.675,2026-01-22T02:09:37.206,"Any[10, 19, 25, 30, 37, 45, 53]",10,53
1398,2026-01-12T20:59:12.0,2026-01-15T02:36:57.531,"Any[6, 11, 19, 25, 30, 37, 45, 56]",6,56
1177,2026-01-12T21:18:53.894,2026-01-22T02:56:39.425,"Any[10, 25, 30, 37, 45, 53, 60]",10,60
501,2026-01-12T21:40:58.0,2026-01-15T03:18:43.531,"Any[60, 53, 45, 37, 30, 25, 11, 6, 1]",60,1
79,2026-01-12T21:47:04.0,2026-01-22T03:24:49.531,"Any[7, 8, 13, 19, 30, 37, 45, 53, 60]",7,60
791,2026-01-12T21:47:04.0,2026-01-15T03:24:49.531,"Any[7, 8, 13, 19, 30, 37, 45, 53, 60]",7,60
901,2026-01-12T21:47:04.0,2026-01-15T03:24:49.531,"Any[7, 8, 13, 19, 30, 37, 45, 53, 60]",7,60
718,2026-01-12T22:05:35.0,2026-01-15T03:43:20.531,"Any[60, 53, 45, 37, 30, 25, 19, 13, 8]",60,8
477,2026-01-12T22:16:07.0,2026-01-22T03:53:52.531,"Any[45, 37, 30, 25, 19, 10]",45,10
486,2026-01-12T22:27:59.0,2026-01-22T04:05:44.531,"Any[53, 45, 37, 30, 25]",53,25
697,2026-01-12T23:08:00.682,2026-01-22T04:45:46.213,"Any[56, 45, 37, 30, 25, 19, 11, 6, 6]",56,6
713,2026-01-12T23:08:00.682,2026-01-22T04:45:46.213,"Any[56, 45, 37, 30, 25, 19, 11, 6, 6]",56,6
406,2026-01-12T23:36:11.898,2026-01-22T05:13:57.429,"Any[53, 45, 37, 30, 25, 19, 11, 6, 1]",53,1
884,2026-01-12T23:53:37.0,2026-01-22T05:31:22.531,"Any[53, 45, 37, 30, 25, 19, 10]",53,10
643,2026-01-13T00:10:12.0,2026-01-22T05:47:57.531,"Any[13, 19, 25, 30, 37, 45, 56]",13,56
1039,2026-01-13T00:22:14.0,2026-01-22T05:59:59.531,"Any[1, 6, 11, 19, 25, 30, 37, 45, 53, 60]",1,60
1487,2026-01-13T00:23:00.0,2026-01-22T06:00:45.531,Any[],53,16
592,2026-01-13T01:02:01.0,2026-01-22T06:39:46.531,"Any[8, 13, 19, 25, 30, 37, 45, 56]",8,56
1075,2026-01-13T02:00:00.0,2026-01-22T07:37:45.531,"Any[7, 8, 13, 19, 25, 30, 37, 45, 53, 60]",7,60
190,2026-01-13T02:13:39.0,2026-01-22T07:51:24.531,"Any[53, 45, 37, 30, 25, 19, 11, 6, 1]",53,1
706,2026-01-13T02:48:37.0,2026-01-15T08:26:22.531,"Any[53, 45, 37, 30, 25, 19, 10]",53,10
1169,2026-01-13T02:52:58.838,2026-01-22T08:30:44.369,"Any[64, 53, 45, 37, 30, 25, 19, 13, 8]",64,8
1125,2026-01-13T02:57:02.0,2026-01-22T08:34:47.531,"Any[7, 8, 13, 19, 25, 30, 37, 45, 56]",7,56
808,2026-01-13T03:14:59.0,2026-01-15T08:52:44.531,"Any[64, 60, 53, 45, 37, 30, 25, 19, 10]",64,10
466,2026-01-13T04:30:47.0,2026-01-15T10:08:32.531,"Any[19, 17, 25, 30, 37, 45, 53, 60]",19,60
374,2026-01-13T04:52:43.0,2026-01-22T10:30:28.531,"Any[19, 25, 30, 37, 45, 53]",19,53
699,2026-01-13T05:37:25.0,2026-01-15T11:15:10.531,"Any[60, 56, 45, 37, 30, 25, 19, 11, 6, 1]",60,1
398,2026-01-13T06:12:00.0,2026-01-22T11:49:45.531,"Any[53, 45, 37, 30, 25, 19, 10]",53,10
287,2026-01-13T06:20:29.0,2026-01-22T11:58:14.531,"Any[6, 11, 19, 25, 30, 37, 45]",6,45
521,2026-01-13T06:20:29.0,2026-01-22T11:58:14.531,"Any[6, 11, 19, 25, 30, 37, 45]",6,45
860,2026-01-13T06:45:14.0,2026-01-15T12:22:59.531,"Any[53, 45, 37, 30, 25, 19, 10]",53,10
359,2026-01-13T06:59:27.0,2026-01-22T12:37:12.531,"Any[6, 11, 19, 25, 30, 37, 45]",6,45
1275,2026-01-13T07:07:21.0,2026-01-22T12:45:06.531,"Any[8, 13, 19, 25, 30, 37, 45, 56]",8,56
1049,2026-01-13T07:13:42.0,2026-01-22T12:51:27.531,"Any[60, 56, 45, 37, 30, 25]",60,25
371,2026-01-13T07:23:24.0,2026-01-22T13:01:09.531,"Any[60, 56, 45, 37, 30, 25, 19, 13, 8]",60,8
887,2026-01-13T07:23:24.0,2026-01-22T13:01:09.531,"Any[60, 56, 45, 37, 30, 25, 19, 13, 8]",60,8
395,2026-01-13T07:27:07.0,2026-01-22T13:04:52.531,"Any[8, 13, 19, 25, 30, 37, 45, 56]",8,56
1343,2026-01-13T07:27:07.0,2026-01-22T13:04:52.531,"Any[8, 13, 19, 25, 30, 37, 45, 56]",8,56
205,2026-01-13T08:30:47.0,2026-01-22T14:08:32.531,"Any[54, 44, 36, 23, 19, 11, 6]",54,6
745,2026-01-13T08:30:47.0,2026-01-15T14:08:32.531,"Any[54, 44, 36, 23, 19, 11, 6]",54,6
48,2026-01-13T09:05:02.0,2026-01-22T14:42:47.531,"Any[60, 53, 45, 37, 30, 25, 19, 11, 6, 1]",60,1
87,2026-01-13T09:16:03.589,2026-01-15T14:53:49.12,"Any[10, 19, 25, 30, 37, 45, 53]",10,53
1173,2026-01-13T09:16:03.589,2026-01-15T14:53:49.12,"Any[10, 19, 25, 30, 37, 45, 53]",10,53
960,2026-01-13T09:39:13.0,2026-01-22T15:16:58.531,"Any[25, 30, 37, 45, 56]",25,56
845,2026-01-13T10:05:49.0,2026-01-22T15:43:34.531,"Any[45, 37, 30, 25]",45,25
658,2026-01-13T10:26:31.0,2026-01-22T16:04:16.531,"Any[8, 13, 19, 25, 30, 37, 45, 56]",8,56
71,2026-01-13T10:48:29.0,2026-01-15T16:26:14.531,"Any[60, 53, 45, 37, 30, 25, 19, 11, 6]",60,6
1180,2026-01-13T10:59:56.0,2026-01-15T16:37:41.531,"Any[19, 25, 30, 37, 45, 53]",19,53
471,2026-01-13T11:29:00.0,2026-01-15T17:06:45.531,"Any[6, 11, 19, 25, 30, 37, 45]",6,45
619,2026-01-13T11:39:08.0,2026-01-15T17:16:53.531,"Any[6, 11, 19, 25, 30, 37, 45]",6,45
992,2026-01-13T11:45:14.0,2026-01-22T17:22:59.531,"Any[6, 11, 19, 25, 30, 37, 45]",6,45
760,2026-01-13T11:46:22.0,2026-01-22T17:24:07.531,"Any[8, 13, 19, 25, 30, 37, 45, 56]",8,56
256,2026-01-13T11:52:44.0,2026-01-22T17:30:29.531,"Any[62, 45, 37, 30, 25, 19, 13, 8]",62,8
700,2026-01-13T12:00:27.312,2026-01-15T17:38:12.843,"Any[56, 45, 37, 45, 50, 45, 37, 30, 25]",56,25
1228,2026-01-13T12:00:27.312,2026-01-22T17:38:12.843,"Any[56, 45, 37, 45, 50, 45, 37, 30, 25]",56,25
354,2026-01-13T12:00:47.0,2026-01-22T17:38:32.531,"Any[6, 11, 19, 25, 30, 37, 45, 53]",6,53
43,2026-01-13T12:07:39.0,2026-01-15T17:45:24.531,"Any[60, 53, 45, 37, 30, 25, 19, 10]",60,10
1519,2026-01-13T12:37:00.0,2026-01-15T18:14:45.531,Any[],45,3
638,2026-01-13T12:37:08.0,2026-01-22T18:14:53.531,"Any[17, 25, 30, 37, 45, 56]",17,56
708,2026-01-13T12:42:51.993,2026-01-15T18:20:37.524,"Any[56, 45, 37, 30, 25, 19, 13, 8]",56,8
1131,2026-01-13T12:51:31.0,2026-01-15T18:29:16.531,"Any[19, 25, 30, 37, 45, 56]",19,56
425,2026-01-13T12:56:20.0,2026-01-22T18:34:05.531,"Any[6, 11, 16, 25, 30, 37, 45, 56]",6,56
560,2026-01-13T12:56:20.0,2026-01-15T18:34:05.531,"Any[6, 11, 16, 25, 30, 37, 45, 56]",6,56
1310,2026-01-13T13:00:21.0,2026-01-22T18:38:06.531,"Any[53, 45, 37, 30, 25, 19, 10]",53,10
1096,2026-01-13T13:02:09.0,2026-01-22T18:39:54.531,"Any[60, 56, 45, 37, 30, 25, 19, 11, 6, 6]",60,6
646,2026-01-13T13:02:44.0,2026-01-15T18:40:29.531,"Any[19, 25, 30, 37, 45, 56]",19,56
1399,2026-01-13T14:14:31.0,2026-01-15T19:52:16.531,"Any[19, 25, 30, 37, 45, 56, 60]",19,60
1226,2026-01-13T14:27:20.0,2026-01-22T20:05:05.531,"Any[45, 37, 30, 25, 19, 14]",45,14
400,2026-01-13T14:47:15.0,2026-01-15T20:25:00.531,"Any[6, 11, 19, 25, 30, 37, 45]",6,45
133,2026-01-13T15:13:04.0,2026-01-15T20:50:49.531,"Any[60, 56, 45, 37, 30, 25, 19, 11, 6, 1]",60,1
307,2026-01-13T15:13:04.0,2026-01-15T20:50:49.531,"Any[60, 56, 45, 37, 30, 25, 19, 11, 6, 1]",60,1
257,2026-01-13T15:13:30.0,2026-01-22T20:51:15.531,"Any[56, 45, 37, 30, 25, 19, 11, 6]",56,6
329,2026-01-13T15:17:37.0,2026-01-22T20:55:22.531,"Any[53, 45, 37, 30, 25]",53,25
659,2026-01-13T15:17:37.0,2026-01-15T20:55:22.531,"Any[53, 45, 37, 30, 25]",53,25
805,2026-01-13T15:17:37.0,2026-01-22T20:55:22.531,"Any[53, 45, 37, 30, 25]",53,25
591,2026-01-13T15:33:22.0,2026-01-22T21:11:07.531,"Any[6, 11, 19, 25, 30, 37, 45]",6,45
721,2026-01-13T15:34:52.566,2026-01-22T21:12:38.097,"Any[64, 60, 56, 45, 37, 30, 25, 19]",64,19
968,2026-01-13T16:02:05.54,2026-01-15T21:39:51.071,"Any[8, 13, 25, 30, 37, 45, 56]",8,56
625,2026-01-13T16:05:20.103,2026-01-22T21:43:05.634,"Any[60, 56, 45, 37, 30, 25]",60,25
1278,2026-01-13T16:11:46.0,2026-01-22T21:49:31.531,"Any[3, 10, 19, 25, 30, 37, 45, 53]",3,53
632,2026-01-13T16:17:24.0,2026-01-22T21:55:09.531,"Any[8, 13, 19, 25, 30, 37, 45, 53]",8,53
1152,2026-01-13T16:20:15.0,2026-01-22T21:58:00.531,"Any[6, 11, 19, 25, 30, 37, 45, 56]",6,56
1586,2026-01-13T16:28:00.0,2026-01-22T22:05:45.531,Any[],10,64
628,2026-01-13T16:33:41.0,2026-01-15T22:11:26.531,"Any[19, 25, 30, 37, 45, 56]",19,56
417,2026-01-13T16:35:07.0,2026-01-15T22:12:52.531,"Any[53, 45, 37, 30, 25, 19, 13, 8]",53,8
966,2026-01-13T16:35:07.0,2026-01-22T22:12:52.531,"Any[53, 45, 37, 30, 25, 19, 13, 8]",53,8
1271,2026-01-13T16:35:07.0,2026-01-15T22:12:52.531,"Any[53, 45, 37, 30, 25, 19, 13, 8]",53,8
278,2026-01-13T16:38:02.0,2026-01-22T22:15:47.531,"Any[6, 11, 19, 25, 30, 37, 45, 56]",6,56
449,2026-01-13T16:38:17.0,2026-01-15T22:16:02.531,"Any[6, 11, 19, 25, 30, 37, 45, 53]",6,53
265,2026-01-13T16:39:20.0,2026-01-22T22:17:05.531,"Any[1, 6, 11, 19, 25, 30, 37, 45, 56]",1,56
828,2026-01-13T16:39:20.0,2026-01-22T22:17:05.531,"Any[1, 6, 11, 19, 25, 30, 37, 45, 56]",1,56
1524,2026-01-13T16:40:44.154,2026-01-15T22:18:29.685,"Any[25, 30, 37, 45, 56]",25,56
330,2026-01-13T16:41:10.0,2026-01-15T22:18:55.531,"Any[8, 13, 25, 30, 37, 45, 56]",8,56
994,2026-01-13T16:41:10.0,2026-01-15T22:18:55.531,"Any[8, 13, 25, 30, 37, 45, 56]",8,56
1485,2026-01-13T16:42:00.0,2026-01-15T22:19:45.531,Any[],53,16
227,2026-01-13T16:42:50.0,2026-01-15T22:20:35.531,"Any[64, 60, 56, 45, 37, 30, 25]",64,25
137,2026-01-13T16:44:39.0,2026-01-22T22:22:24.531,"Any[10, 19, 25, 30, 37, 45, 53]",10,53
777,2026-01-13T16:57:14.0,2026-01-15T22:34:59.531,"Any[60, 53, 45, 37, 30, 25, 19]",60,19
1256,2026-01-13T16:59:58.0,2026-01-22T22:37:43.531,"Any[6, 11, 19, 25, 30, 37, 45]",6,45
584,2026-01-13T17:01:39.0,2026-01-22T22:39:24.531,"Any[60, 56, 45, 37, 30, 25, 19, 11, 6, 1]",60,1
647,2026-01-13T17:26:12.0,2026-01-15T23:03:57.531,"Any[25, 30, 37, 45, 53, 60]",25,60
296,2026-01-13T17:39:56.0,2026-01-15T23:17:41.531,"Any[56, 45, 37, 30, 25, 19, 11, 6]",56,6
780,2026-01-13T17:39:56.0,2026-01-15T23:17:41.531,"Any[56, 45, 37, 30, 25, 19, 11, 6]",56,6
624,2026-01-13T17:41:12.448,2026-01-15T23:18:57.979,"Any[56, 45, 37, 30, 25, 19]",56,19
1455,2026-01-13T17:41:12.448,2026-01-22T23:18:57.979,"Any[56, 45, 37, 30, 25, 19]",56,19
1434,2026-01-13T18:02:00.0,2026-01-22T23:39:45.531,Any[],60,17
880,2026-01-13T18:05:48.0,2026-01-15T23:43:33.531,"Any[8, 13, 19, 25, 30, 37, 45, 56, 60]",8,60
1285,2026-01-13T18:12:02.0,2026-01-22T23:49:47.531,"Any[10, 19, 25, 30, 37, 45, 56]",10,56
1282,2026-01-13T18:19:05.0,2026-01-15T23:56:50.531,"Any[6, 11, 19, 25, 30, 37, 45]",6,45
965,2026-01-13T18:35:31.0,2026-01-16T00:13:16.531,"Any[25, 30, 37, 45, 53, 60, 64]",25,64
660,2026-01-13T18:43:23.0,2026-01-16T00:21:08.531,"Any[56, 45, 37, 30, 25, 19]",56,19
1009,2026-01-13T18:43:23.0,2026-01-16T00:21:08.531,"Any[56, 45, 37, 30, 25, 19]",56,19
91,2026-01-13T18:49:25.0,2026-01-23T00:27:10.531,"Any[5, 6, 11, 25, 30, 37, 45, 56]",5,56
235,2026-01-13T18:49:25.0,2026-01-16T00:27:10.531,"Any[5, 6, 11, 25, 30, 37, 45, 56]",5,56
1280,2026-01-13T19:16:15.0,2026-01-16T00:54:00.531,"Any[1, 6, 11, 19, 25, 30, 37, 45, 53]",1,53
195,2026-01-13T19:17:17.0,2026-01-16T00:55:02.531,"Any[8, 13, 19, 25, 30, 37, 45, 56]",8,56
1002,2026-01-13T19:17:17.0,2026-01-16T00:55:02.531,"Any[8, 13, 19, 25, 30, 37, 45, 56]",8,56
1119,2026-01-13T19:37:56.0,2026-01-16T01:15:41.531,"Any[8, 13, 19, 25, 30, 37, 45]",8,45
1506,2026-01-13T19:52:00.0,2026-01-16T01:29:45.531,Any[],45,17
163,2026-01-13T20:38:16.0,2026-01-16T02:16:01.531,"Any[3, 10, 19, 25, 30, 37, 45, 53]",3,53
399,2026-01-13T20:57:02.0,2026-01-23T02:34:47.531,"Any[7, 8, 13, 19, 25, 30, 37, 45, 53]",7,53
1357,2026-01-13T20:58:23.0,2026-01-16T02:36:08.531,"Any[53, 45, 37, 30, 25, 19, 11, 6, 1]",53,1
1284,2026-01-13T21:07:22.0,2026-01-16T02:45:07.531,"Any[7, 8, 13, 19, 25, 30, 37, 45, 53, 60]",7,60
876,2026-01-13T21:52:42.0,2026-01-16T03:30:27.531,"Any[7, 8, 13, 19, 25, 30, 37, 45, 53, 60]",7,60
733,2026-01-13T21:56:27.0,2026-01-16T03:34:12.531,"Any[7, 8, 13, 19, 25, 30, 37, 45, 53]",7,53
769,2026-01-13T21:56:51.0,2026-01-23T03:34:36.531,"Any[53, 45, 37, 30, 25, 19, 13, 8]",53,8
301,2026-01-13T22:15:08.0,2026-01-16T03:52:53.531,"Any[60, 56, 45, 37, 30, 25, 19, 11, 10]",60,10
952,2026-01-13T22:27:45.887,2026-01-16T04:05:31.418,"Any[53, 45, 37, 30, 25, 19, 11, 6, 1]",53,1
522,2026-01-13T22:27:46.329,2026-01-23T04:05:31.86,"Any[1, 6, 11, 19, 25, 30, 37, 45, 53]",1,53
1387,2026-01-13T22:27:46.329,2026-01-23T04:05:31.86,"Any[1, 6, 11, 19, 25, 30, 37, 45, 53]",1,53
1587,2026-01-13T22:30:00.0,2026-01-23T04:07:45.531,Any[],10,64
151,2026-01-13T22:39:26.16,2026-01-23T04:17:11.691,"Any[6, 11, 19, 25, 30, 37, 45, 56]",6,56
176,2026-01-13T22:48:10.0,2026-01-16T04:25:55.531,"Any[60, 53, 45, 37, 30, 25]",60,25
827,2026-01-13T22:54:52.0,2026-01-23T04:32:37.531,"Any[56, 45, 37, 30, 25, 19, 11, 6]",56,6
1300,2026-01-13T22:54:52.0,2026-01-16T04:32:37.531,"Any[56, 45, 37, 30, 25, 19, 11, 6]",56,6
999,2026-01-13T23:06:21.0,2026-01-23T04:44:06.531,"Any[3, 10, 19, 25, 30, 37, 45, 53]",3,53
505,2026-01-13T23:07:24.0,2026-01-16T04:45:09.531,"Any[8, 13, 19, 25, 30, 37, 45, 56]",8,56
530,2026-01-13T23:07:24.0,2026-01-23T04:45:09.531,"Any[8, 13, 19, 25, 30, 37, 45, 56]",8,56
110,2026-01-13T23:10:42.0,2026-01-23T04:48:27.531,"Any[10, 19, 25, 30, 37, 45, 53, 60]",10,60
1417,2026-01-13T23:10:42.0,2026-01-23T04:48:27.531,"Any[10, 19, 25, 30, 37, 45, 53, 60]",10,60
209,2026-01-13T23:34:29.0,2026-01-23T05:12:14.531,"Any[7, 8, 13, 19, 25, 30, 37, 45, 53, 60]",7,60
478,2026-01-13T23:34:29.0,2026-01-16T05:12:14.531,"Any[7, 8, 13, 19, 25, 30, 37, 45, 53, 60]",7,60
1267,2026-01-13T23:38:53.0,2026-01-23T05:16:38.531,"Any[60, 56, 45, 37, 30, 25, 19, 11, 6]",60,6
1563,2026-01-14T00:00:00.0,2026-01-16T05:37:45.531,Any[],6,64
327,2026-01-14T00:09:17.822,2026-01-16T05:47:03.353,"Any[6, 11, 19, 25, 30, 37, 45, 56]",6,56
502,2026-01-14T00:14:10.0,2026-01-16T05:51:55.531,"Any[6, 11, 19, 25, 30, 37, 45]",6,45
1237,2026-01-14T00:16:06.0,2026-01-23T05:53:51.531,"Any[53, 45, 37, 30, 25]",53,25
948,2026-01-14T00:29:11.0,2026-01-23T06:06:56.531,"Any[8, 13, 19, 25, 30, 37, 45, 56]",8,56
1208,2026-01-14T00:29:11.0,2026-01-16T06:06:56.531,"Any[8, 13, 19, 25, 30, 37, 45, 56]",8,56
150,2026-01-14T00:49:57.0,2026-01-23T06:27:42.531,"Any[10, 11, 19, 25, 30, 37, 45, 53]",10,53
377,2026-01-14T01:00:03.0,2026-01-23T06:37:48.531,"Any[10, 19, 25, 30, 37, 45, 53]",10,53
113,2026-01-14T01:13:18.0,2026-01-23T06:51:03.531,"Any[7, 8, 13, 19, 25, 30, 37, 45, 53]",7,53
1146,2026-01-14T01:26:26.0,2026-01-16T07:04:11.531,"Any[10, 19, 25, 30, 37, 45, 53]",10,53
407,2026-01-14T01:29:37.0,2026-01-23T07:07:22.531,"Any[10, 19, 25, 30, 37, 45, 53]",10,53
1053,2026-01-14T01:29:37.0,2026-01-23T07:07:22.531,"Any[10, 19, 25, 30, 37, 45, 53]",10,53
84,2026-01-14T01:49:32.0,2026-01-23T07:27:17.531,"Any[53, 45, 37, 30, 25, 19, 11, 6, 1]",53,1
1107,2026-01-14T01:49:32.0,2026-01-16T07:27:17.531,"Any[53, 45, 37, 30, 25, 19, 11, 6, 1]",53,1
134,2026-01-14T02:00:00.0,2026-01-23T07:37:45.531,"Any[7, 8, 13, 19, 25, 30, 37, 45, 53]",7,53
436,2026-01-14T02:03:40.0,2026-01-16T07:41:25.531,"Any[45, 37, 30, 25, 19, 13, 8]",45,8
1507,2026-01-14T02:03:40.0,2026-01-23T07:41:25.531,"Any[45, 37, 30, 25, 19, 13, 8]",45,8
1508,2026-01-14T02:03:40.0,2026-01-16T07:41:25.531,"Any[45, 37, 30, 25, 19, 13, 8]",45,8
1512,2026-01-14T02:03:40.0,2026-01-16T07:41:25.531,"Any[45, 37, 30, 25, 19, 13, 8]",45,8
1514,2026-01-14T02:03:40.0,2026-01-16T07:41:25.531,"Any[45, 37, 30, 25, 19, 13, 8]",45,8
1064,2026-01-14T02:04:10.0,2026-01-16T07:41:55.531,"Any[10, 19, 25, 30, 37, 45, 53, 60]",10,60
445,2026-01-14T02:16:37.0,2026-01-16T07:54:22.531,"Any[19, 25, 30, 37, 45, 56]",19,56
694,2026-01-14T02:16:37.0,2026-01-23T07:54:22.531,"Any[19, 25, 30, 37, 45, 56]",19,56
1410,2026-01-14T02:26:06.0,2026-01-23T08:03:51.531,"Any[53, 45, 37, 30, 25, 19, 10]",53,10
107,2026-01-14T02:27:22.0,2026-01-16T08:05:07.531,"Any[19, 25, 30, 37, 45, 56]",19,56
832,2026-01-14T02:35:35.0,2026-01-23T08:13:20.531,"Any[53, 45, 37, 30, 25, 19, 11, 6, 1]",53,1
870,2026-01-14T02:56:48.0,2026-01-23T08:34:33.531,"Any[19, 25, 30, 37, 45, 56]",19,56
1158,2026-01-14T02:56:48.0,2026-01-23T08:34:33.531,"Any[19, 25, 30, 37, 45, 56]",19,56
1258,2026-01-14T02:56:48.0,2026-01-16T08:34:33.531,"Any[19, 25, 30, 37, 45, 56]",19,56
741,2026-01-14T04:00:31.0,2026-01-16T09:38:16.531,"Any[64, 53, 45, 37, 30, 25, 19, 10]",64,10
784,2026-01-14T04:00:31.0,2026-01-16T09:38:16.531,"Any[64, 53, 45, 37, 30, 25, 19, 10]",64,10
213,2026-01-14T04:35:18.0,2026-01-16T10:13:03.531,"Any[6, 11, 16, 25, 30, 37, 45, 53]",6,53
1461,2026-01-14T05:16:00.0,2026-01-23T10:53:45.531,Any[],56,13
427,2026-01-14T05:18:28.0,2026-01-16T10:56:13.531,"Any[56, 45, 37, 30, 25]",56,25
582,2026-01-14T06:29:09.0,2026-01-16T12:06:54.531,"Any[1, 6, 11, 16, 25, 30, 37, 45, 56]",1,56
1463,2026-01-14T07:10:00.0,2026-01-23T12:47:45.531,Any[],56,3
484,2026-01-14T07:36:16.0,2026-01-23T13:14:01.531,"Any[8, 13, 19, 25, 30, 37, 45, 56]",8,56
1316,2026-01-14T07:49:20.0,2026-01-16T13:27:05.531,"Any[60, 56, 45, 37, 30, 25, 19, 11, 6, 1]",60,1
439,2026-01-14T08:04:21.0,2026-01-16T13:42:06.531,"Any[6, 11, 19, 25, 30, 37, 45, 56]",6,56
1498,2026-01-14T08:06:00.0,2026-01-23T13:43:45.531,Any[],53,3
1481,2026-01-14T08:16:00.0,2026-01-16T13:53:45.531,Any[],53,17
851,2026-01-14T08:21:38.0,2026-01-23T13:59:23.531,"Any[53, 45, 37, 30, 25, 19, 10]",53,10
61,2026-01-14T08:23:23.0,2026-01-16T14:01:08.531,"Any[10, 19, 25, 30, 37, 45]",10,45
581,2026-01-14T08:23:23.0,2026-01-23T14:01:08.531,"Any[10, 19, 25, 30, 37, 45]",10,45
1281,2026-01-14T08:52:05.0,2026-01-16T14:29:50.531,"Any[53, 45, 37, 30, 25, 19, 11, 6, 1]",53,1
109,2026-01-14T08:54:12.0,2026-01-16T14:31:57.531,"Any[6, 11, 19, 25, 30, 37, 45, 53]",6,53
526,2026-01-14T08:56:01.0,2026-01-16T14:33:46.531,"Any[1, 6, 11, 19, 25, 30, 37, 45, 53]",1,53
1360,2026-01-14T08:57:51.0,2026-01-16T14:35:36.531,"Any[53, 45, 37, 30, 25, 19, 13, 8]",53,8
178,2026-01-14T09:03:45.0,2026-01-16T14:41:30.531,"Any[5, 6, 10, 19, 25, 30, 37, 45, 56]",5,56
431,2026-01-14T09:14:49.0,2026-01-23T14:52:34.531,"Any[8, 13, 19, 25, 30, 37, 45, 56]",8,56
451,2026-01-14T09:31:50.516,2026-01-16T15:09:36.047,"Any[53, 45, 37, 30, 25, 19, 11, 6, 1]",53,1
567,2026-01-14T09:31:50.516,2026-01-23T15:09:36.047,"Any[53, 45, 37, 30, 25, 19, 11, 6, 1]",53,1
1349,2026-01-14T09:31:50.516,2026-01-23T15:09:36.047,"Any[53, 45, 37, 30, 25, 19, 11, 6, 1]",53,1
1209,2026-01-14T10:11:45.0,2026-01-23T15:49:30.531,"Any[17, 16, 17, 25, 30, 37, 45, 53]",17,53
1138,2026-01-14T10:21:29.179,2026-01-23T15:59:14.71,"Any[25, 30, 37, 45, 56, 60]",25,60
389,2026-01-14T10:44:14.601,2026-01-23T16:22:00.132,"Any[56, 45, 37, 30, 25, 19, 11, 6]",56,6
893,2026-01-14T10:50:52.0,2026-01-16T16:28:37.531,"Any[53, 45, 37, 30, 25]",53,25
656,2026-01-14T10:53:18.0,2026-01-23T16:31:03.531,"Any[3, 6, 11, 19, 25, 30, 37, 45]",3,45
1341,2026-01-14T11:36:42.548,2026-01-16T17:14:28.079,"Any[60, 56, 45, 37, 30, 25, 19, 11, 6]",60,6
621,2026-01-14T11:58:47.0,2026-01-23T17:36:32.531,"Any[53, 45, 37, 30, 25, 19, 13, 8]",53,8
862,2026-01-14T12:04:25.666,2026-01-23T17:42:11.197,"Any[64, 53, 45, 37, 30, 25, 19, 10]",64,10
240,2026-01-14T12:27:48.0,2026-01-23T18:05:33.531,"Any[8, 13, 19, 25, 30, 37, 45, 53]",8,53
276,2026-01-14T12:33:22.0,2026-01-23T18:11:07.531,"Any[53, 45, 37, 30, 25, 19, 10]",53,10
82,2026-01-14T12:47:03.0,2026-01-16T18:24:48.531,"Any[53, 45, 37, 30, 25, 19, 11, 6, 1]",53,1
1339,2026-01-14T13:06:44.256,2026-01-16T18:44:29.787,"Any[54, 44, 36, 23, 19, 13, 8, 7]",54,7
173,2026-01-14T14:03:07.571,2026-01-23T19:40:53.102,"Any[56, 45, 37, 30, 25, 19, 10]",56,10
924,2026-01-14T14:03:07.571,2026-01-16T19:40:53.102,"Any[56, 45, 37, 30, 25, 19, 10]",56,10
1132,2026-01-14T14:24:50.0,2026-01-23T20:02:35.531,"Any[53, 45, 37, 30, 25, 19, 11, 6]",53,6
498,2026-01-14T14:29:12.0,2026-01-16T20:06:57.531,"Any[56, 45, 37, 30, 25, 19, 13, 8]",56,8
479,2026-01-14T14:31:05.0,2026-01-16T20:08:50.531,"Any[19, 25, 30, 37, 45]",19,45
488,2026-01-14T14:45:06.0,2026-01-23T20:22:51.531,"Any[64, 60, 56, 45, 37, 30, 25, 19, 11, 6, 5, 2]",64,2
821,2026-01-14T14:45:06.0,2026-01-23T20:22:51.531,"Any[64, 60, 56, 45, 37, 30, 25, 19, 11, 6, 5, 2]",64,2
941,2026-01-14T14:58:57.0,2026-01-23T20:36:42.531,"Any[56, 45, 37, 30, 25, 19, 20]",56,20
319,2026-01-14T15:04:52.0,2026-01-23T20:42:37.531,"Any[6, 11, 19, 25, 30, 37, 45, 53]",6,53
639,2026-01-14T15:05:08.941,2026-01-23T20:42:54.472,"Any[62, 45, 37, 30, 25, 19, 11, 6]",62,6
1012,2026-01-14T15:09:00.0,2026-01-16T20:46:45.531,"Any[53, 45, 37, 30, 25, 19, 13, 8]",53,8
1521,2026-01-14T15:10:00.0,2026-01-16T20:47:45.531,Any[],45,5
1220,2026-01-14T15:11:16.0,2026-01-16T20:49:01.531,"Any[6, 11, 19, 25, 30, 37, 45, 56]",6,56
81,2026-01-14T15:38:05.0,2026-01-23T21:15:50.531,"Any[60, 53, 45, 37, 30, 25, 19]",60,19
983,2026-01-14T15:38:05.0,2026-01-23T21:15:50.531,"Any[60, 53, 45, 37, 30, 25, 19]",60,19
1577,2026-01-14T15:48:00.0,2026-01-16T21:25:45.531,Any[],10,64
54,2026-01-14T15:50:58.0,2026-01-23T21:28:43.531,"Any[56, 45, 37, 30, 25, 19, 11, 6]",56,6
67,2026-01-14T15:53:18.0,2026-01-23T21:31:03.531,"Any[56, 45, 37, 30, 25, 19, 13, 8]",56,8
169,2026-01-14T15:56:39.0,2026-01-23T21:34:24.531,"Any[60, 56, 45, 37, 30, 25, 19, 11, 6]",60,6
1088,2026-01-14T15:56:39.0,2026-01-16T21:34:24.531,"Any[60, 56, 45, 37, 30, 25, 19, 11, 6]",60,6
1043,2026-01-14T16:31:49.0,2026-01-16T22:09:34.531,"Any[60, 53, 45, 37, 30, 25, 19, 10]",60,10
1319,2026-01-14T16:52:12.0,2026-01-23T22:29:57.531,"Any[8, 13, 19, 25, 30, 37, 45, 56]",8,56
161,2026-01-14T16:58:20.0,2026-01-16T22:36:05.531,"Any[53, 45, 37, 30, 25, 19, 11, 6, 1]",53,1
772,2026-01-14T16:59:54.0,2026-01-23T22:37:39.531,"Any[1, 6, 11, 16, 19, 25, 30, 37, 45, 56, 60, 64]",1,64
934,2026-01-14T16:59:54.0,2026-01-23T22:37:39.531,"Any[1, 6, 11, 16, 19, 25, 30, 37, 45, 56, 60, 64]",1,64
1548,2026-01-14T16:59:54.0,2026-01-23T22:37:39.531,"Any[1, 6, 11, 16, 19, 25, 30, 37, 45, 56, 60, 64]",1,64
1549,2026-01-14T16:59:54.0,2026-01-16T22:37:39.531,"Any[1, 6, 11, 16, 19, 25, 30, 37, 45, 56, 60, 64]",1,64
262,2026-01-14T17:18:20.0,2026-01-16T22:56:05.531,"Any[60, 56, 45, 37, 30, 25, 19]",60,19
390,2026-01-14T17:20:02.0,2026-01-16T22:57:47.531,"Any[8, 13, 19, 25, 30, 37, 45, 56]",8,56
787,2026-01-14T17:20:02.0,2026-01-23T22:57:47.531,"Any[8, 13, 19, 25, 30, 37, 45, 56]",8,56
1063,2026-01-14T17:20:02.0,2026-01-16T22:57:47.531,"Any[8, 13, 19, 25, 30, 37, 45, 56]",8,56
561,2026-01-14T17:43:11.109,2026-01-16T23:20:56.64,"Any[60, 56, 45, 37, 30, 25, 19, 11, 6]",60,6
577,2026-01-14T17:52:33.785,2026-01-16T23:30:19.316,"Any[60, 56, 45, 37, 30, 25, 19]",60,19
106,2026-01-14T17:59:11.238,2026-01-23T23:36:56.769,"Any[60, 56, 45, 37, 30, 25]",60,25
1305,2026-01-14T17:59:11.238,2026-01-23T23:36:56.769,"Any[60, 56, 45, 37, 30, 25]",60,25
503,2026-01-14T18:09:51.0,2026-01-16T23:47:36.531,"Any[6, 11, 19, 25, 30, 37, 45, 56]",6,56
1116,2026-01-14T18:24:41.0,2026-01-17T00:02:26.531,"Any[6, 11, 19, 25, 30, 37, 45, 56]",6,56
4,2026-01-14T18:26:16.899,2026-01-17T00:04:02.43,"Any[7, 8, 13, 19, 25, 30, 37, 45]",7,45
364,2026-01-14T18:26:16.899,2026-01-17T00:04:02.43,"Any[7, 8, 13, 19, 25, 30, 37, 45]",7,45
903,2026-01-14T18:26:16.899,2026-01-17T00:04:02.43,"Any[7, 8, 13, 19, 25, 30, 37, 45]",7,45
218,2026-01-14T18:42:20.0,2026-01-17T00:20:05.531,"Any[8, 13, 19, 25, 30, 37, 45, 53]",8,53
545,2026-01-14T18:42:20.0,2026-01-24T00:20:05.531,"Any[8, 13, 19, 25, 30, 37, 45, 53]",8,53
183,2026-01-14T18:57:28.0,2026-01-17T00:35:13.531,"Any[4, 10, 19, 25, 30, 37, 45, 53]",4,53
644,2026-01-14T19:11:51.0,2026-01-17T00:49:36.531,"Any[1, 6, 11, 19, 25, 30, 37, 45, 53]",1,53
31,2026-01-14T20:00:58.0,2026-01-17T01:38:43.531,"Any[8, 13, 19, 25, 30, 37, 45]",8,45
1269,2026-01-14T20:07:36.0,2026-01-24T01:45:21.531,"Any[7, 8, 13, 19, 25, 30, 37, 45, 53]",7,53
516,2026-01-14T20:37:29.0,2026-01-17T02:15:14.531,"Any[7, 8, 13, 19, 25, 30, 37, 45, 53]",7,53
1207,2026-01-14T20:37:29.0,2026-01-17T02:15:14.531,"Any[7, 8, 13, 19, 25, 30, 37, 45, 53]",7,53
367,2026-01-14T21:02:40.0,2026-01-17T02:40:25.531,"Any[53, 45, 37, 30, 25]",53,25
192,2026-01-14T21:16:34.0,2026-01-17T02:54:19.531,"Any[7, 8, 13, 19, 25, 30, 37, 45, 53]",7,53
1303,2026-01-14T21:29:16.0,2026-01-24T03:07:01.531,"Any[8, 13, 19, 30, 37, 45, 56]",8,56
1085,2026-01-14T21:45:02.196,2026-01-17T03:22:47.727,"Any[19, 25, 30, 37, 45, 56]",19,56
201,2026-01-14T21:58:28.0,2026-01-17T03:36:13.531,"Any[1, 6, 11, 25, 30, 37, 45, 53]",1,53
918,2026-01-14T21:58:28.0,2026-01-17T03:36:13.531,"Any[1, 6, 11, 25, 30, 37, 45, 53]",1,53
1259,2026-01-14T21:58:28.0,2026-01-24T03:36:13.531,"Any[1, 6, 11, 25, 30, 37, 45, 53]",1,53
1135,2026-01-14T22:01:53.303,2026-01-17T03:39:38.834,"Any[8, 13, 19, 25, 30, 37, 45, 56, 60]",8,60
1406,2026-01-14T22:01:53.303,2026-01-24T03:39:38.834,"Any[8, 13, 19, 25, 30, 37, 45, 56, 60]",8,60
564,2026-01-14T22:05:00.0,2026-01-24T03:42:45.531,"Any[7, 8, 13, 19, 25, 30, 37, 45, 53, 60]",7,60
1181,2026-01-14T22:08:38.0,2026-01-17T03:46:23.531,"Any[8, 13, 19, 25, 30, 37, 45, 56]",8,56
723,2026-01-14T22:08:51.0,2026-01-24T03:46:36.531,"Any[8, 13, 19, 25, 30, 37, 45, 56]",8,56
607,2026-01-14T22:09:13.0,2026-01-17T03:46:58.531,"Any[53, 45, 37, 30, 25, 19, 13, 8]",53,8
1110,2026-01-14T22:21:04.0,2026-01-17T03:58:49.531,"Any[7, 8, 13, 19, 25, 30, 37, 45, 56]",7,56
1389,2026-01-14T22:45:22.0,2026-01-17T04:23:07.531,"Any[10, 19, 25, 30, 37, 45, 53, 60]",10,60
487,2026-01-14T22:53:57.0,2026-01-17T04:31:42.531,"Any[53, 45, 37, 30, 25, 19, 11, 6, 1]",53,1
443,2026-01-14T23:03:00.0,2026-01-17T04:40:45.531,"Any[1, 6, 11, 19, 25, 30, 37, 45, 56]",1,56
1139,2026-01-14T23:03:00.0,2026-01-24T04:40:45.531,"Any[1, 6, 11, 19, 25, 30, 37, 45, 56]",1,56
1419,2026-01-14T23:04:06.0,2026-01-24T04:41:51.531,"Any[8, 13, 19, 25, 30, 37, 45, 56]",8,56
385,2026-01-14T23:05:33.0,2026-01-24T04:43:18.531,"Any[53, 45, 37, 30, 25]",53,25
47,2026-01-14T23:16:35.0,2026-01-17T04:54:20.531,"Any[53, 45, 37, 30, 25, 19, 11, 6, 1]",53,1
500,2026-01-14T23:16:35.0,2026-01-24T04:54:20.531,"Any[53, 45, 37, 30, 25, 19, 11, 6, 1]",53,1
861,2026-01-14T23:16:35.0,2026-01-17T04:54:20.531,"Any[53, 45, 37, 30, 25, 19, 11, 6, 1]",53,1
1141,2026-01-14T23:33:32.0,2026-01-17T05:11:17.531,"Any[10, 19, 25, 30, 37, 45, 53]",10,53
1206,2026-01-14T23:41:44.0,2026-01-17T05:19:29.531,"Any[45, 37, 30, 25, 19, 10]",45,10
626,2026-01-14T23:52:20.364,2026-01-24T05:30:05.895,"Any[1, 6, 11, 19, 25, 30, 37, 45, 56]",1,56
641,2026-01-14T23:52:20.364,2026-01-24T05:30:05.895,"Any[1, 6, 11, 19, 25, 30, 37, 45, 56]",1,56
411,2026-01-15T00:10:56.0,2026-01-24T05:48:41.531,"Any[1, 6, 11, 19, 23, 36, 44, 54, 60]",1,60
1187,2026-01-15T00:10:56.0,2026-01-24T05:48:41.531,"Any[1, 6, 11, 19, 23, 36, 44, 54, 60]",1,60
953,2026-01-15T00:17:14.0,2026-01-17T05:54:59.531,"Any[7, 8, 13, 19, 25, 30, 37, 45, 53, 60]",7,60
1326,2026-01-15T00:17:14.0,2026-01-24T05:54:59.531,"Any[7, 8, 13, 19, 25, 30, 37, 45, 53, 60]",7,60
1497,2026-01-15T00:45:00.0,2026-01-17T06:22:45.531,Any[],53,3
1337,2026-01-15T00:49:18.0,2026-01-17T06:27:03.531,"Any[10, 19, 25, 30, 37, 45, 53]",10,53
509,2026-01-15T00:51:35.897,2026-01-17T06:29:21.428,"Any[53, 45, 37, 30, 25, 19, 13, 8]",53,8
298,2026-01-15T01:01:24.0,2026-01-17T06:39:09.531,"Any[8, 13, 19, 25, 30, 37, 45, 56]",8,56
740,2026-01-15T01:14:02.0,2026-01-24T06:51:47.531,"Any[64, 53, 45, 37, 30, 25, 19, 10]",64,10
335,2026-01-15T01:24:53.0,2026-01-17T07:02:38.531,"Any[7, 8, 13, 19, 25, 30, 37, 45, 53]",7,53
759,2026-01-15T01:24:53.0,2026-01-24T07:02:38.531,"Any[7, 8, 13, 19, 25, 30, 37, 45, 53]",7,53
231,2026-01-15T01:26:12.0,2026-01-24T07:03:57.531,"Any[60, 53, 45, 37, 30, 25, 19, 11, 6, 1]",60,1
303,2026-01-15T01:31:57.0,2026-01-17T07:09:42.531,"Any[6, 11, 16, 25, 30, 37, 45, 53]",6,53
384,2026-01-15T01:39:31.0,2026-01-17T07:17:16.531,"Any[53, 45, 37, 30, 25, 19, 11, 6, 1]",53,1
896,2026-01-15T01:53:56.0,2026-01-17T07:31:41.531,"Any[10, 19, 25, 30, 37, 45, 53, 60]",10,60
1253,2026-01-15T01:53:56.0,2026-01-24T07:31:41.531,"Any[10, 19, 25, 30, 37, 45, 53, 60]",10,60
1345,2026-01-15T01:53:56.0,2026-01-17T07:31:41.531,"Any[64, 60, 53, 45, 37, 30, 25, 19, 11, 6, 1]",64,1
105,2026-01-15T01:58:01.0,2026-01-17T07:35:46.531,"Any[19, 25, 30, 37, 30, 37, 45, 53]",19,53
917,2026-01-15T02:01:06.0,2026-01-24T07:38:51.531,"Any[64, 60, 53, 45, 37, 30, 25, 19, 11, 6, 1]",64,1
585,2026-01-15T02:10:04.0,2026-01-17T07:47:49.531,"Any[10, 19, 25, 30, 37, 45, 53]",10,53
533,2026-01-15T02:11:44.0,2026-01-17T07:49:29.531,"Any[8, 13, 19, 25, 30, 37, 45, 56]",8,56
323,2026-01-15T02:29:47.0,2026-01-17T08:07:32.531,"Any[64, 60, 53, 45, 37, 30, 25, 19, 11, 6, 1]",64,1
275,2026-01-15T02:43:56.0,2026-01-24T08:21:41.531,"Any[53, 45, 37, 30, 25, 19, 10]",53,10
951,2026-01-15T02:46:47.0,2026-01-24T08:24:32.531,"Any[7, 8, 13, 19, 25, 30, 37, 45, 53]",7,53
341,2026-01-15T03:46:06.524,2026-01-17T09:23:52.055,"Any[7, 8, 13, 19, 25, 30, 37, 45, 56]",7,56
220,2026-01-15T03:58:56.0,2026-01-17T09:36:41.531,"Any[64, 60, 53, 45, 37, 30, 25, 19, 11, 6, 1]",64,1
848,2026-01-15T03:58:56.0,2026-01-24T09:36:41.531,"Any[64, 60, 53, 45, 37, 30, 25, 19, 11, 6, 1]",64,1
338,2026-01-15T04:09:29.354,2026-01-24T09:47:14.885,"Any[16, 25, 30, 37, 45, 53, 60]",16,60
1302,2026-01-15T05:19:18.58,2026-01-24T10:57:04.111,"Any[19, 25, 30, 37, 45, 56]",19,56
988,2026-01-15T05:24:46.0,2026-01-24T11:02:31.531,"Any[19, 30, 37, 45, 56]",19,56
392,2026-01-15T05:27:21.0,2026-01-24T11:05:06.531,"Any[60, 53, 45, 37, 30, 25, 19, 11, 6]",60,6
1537,2026-01-15T05:35:11.0,2026-01-17T11:12:56.531,"Any[8, 13, 19, 25, 30, 37, 45, 56, 60, 64]",8,64
1538,2026-01-15T05:35:11.0,2026-01-17T11:12:56.531,"Any[8, 13, 19, 25, 30, 37, 45, 56, 60, 64]",8,64
1539,2026-01-15T05:35:11.0,2026-01-24T11:12:56.531,"Any[8, 13, 19, 25, 30, 37, 45, 56, 60, 64]",8,64
1079,2026-01-15T05:56:34.0,2026-01-17T11:34:19.531,"Any[60, 56, 45, 37, 30, 25, 19, 11, 6, 1]",60,1
691,2026-01-15T06:46:00.0,2026-01-24T12:23:45.531,"Any[64, 60, 53, 45, 37, 30, 25, 19, 11, 6, 1]",64,1
1033,2026-01-15T07:28:09.041,2026-01-17T13:05:54.572,"Any[53, 45, 37, 30, 25, 19, 10]",53,10
1262,2026-01-15T08:10:05.0,2026-01-17T13:47:50.531,"Any[60, 53, 45, 37, 30, 25]",60,25
102,2026-01-15T08:12:30.0,2026-01-24T13:50:15.531,"Any[19, 25, 30, 37, 45, 53]",19,53
1427,2026-01-15T08:25:56.0,2026-01-17T14:03:41.531,"Any[62, 53, 45, 37, 30, 25, 19, 13, 8]",62,8
1475,2026-01-15T09:46:17.0,2026-01-24T15:24:02.531,"Any[53, 45, 37, 30, 25, 19]",53,19
77,2026-01-15T10:36:46.276,2026-01-17T16:14:31.807,"Any[53, 45, 37, 30, 25]",53,25
1097,2026-01-15T10:48:09.0,2026-01-17T16:25:54.531,"Any[53, 45, 37, 30, 25, 19, 10]",53,10
1069,2026-01-15T11:04:19.0,2026-01-24T16:42:04.531,"Any[56, 45, 37, 30, 25, 19, 13, 8]",56,8
68,2026-01-15T11:04:35.0,2026-01-24T16:42:20.531,"Any[60, 56, 45, 37, 30, 25, 19, 11, 6]",60,6
44,2026-01-15T11:15:00.0,2026-01-17T16:52:45.531,"Any[7, 8, 13, 19, 25, 30, 37, 45, 53]",7,53
610,2026-01-15T11:15:14.375,2026-01-17T16:52:59.906,"Any[6, 11, 19, 25, 30, 37, 45, 56]",6,56
453,2026-01-15T11:40:29.0,2026-01-24T17:18:14.531,"Any[3, 6, 11, 19, 25, 30, 37, 45, 50, 45, 56]",3,56
428,2026-01-15T11:51:56.0,2026-01-24T17:29:41.531,"Any[56, 45, 37, 30, 25, 19]",56,19
590,2026-01-15T12:08:04.0,2026-01-17T17:45:49.531,"Any[53, 45, 37, 30, 25, 19, 10]",53,10
1193,2026-01-15T12:40:07.0,2026-01-17T18:17:52.531,"Any[6, 11, 19, 25, 30, 37, 45]",6,45
714,2026-01-15T12:49:37.0,2026-01-17T18:27:22.531,"Any[53, 45, 37, 30, 25, 19, 10, 6]",53,6
1400,2026-01-15T12:51:04.884,2026-01-24T18:28:50.415,"Any[64, 60, 56, 45, 37, 30, 25, 19, 13, 8, 7, 8]",64,8
550,2026-01-15T12:59:19.0,2026-01-17T18:37:04.531,"Any[53, 45, 37, 30, 25]",53,25
1560,2026-01-15T13:32:00.0,2026-01-24T19:09:45.531,Any[],6,64
372,2026-01-15T13:55:44.0,2026-01-24T19:33:29.531,"Any[19, 25, 30, 37, 45, 56, 60]",19,60
1292,2026-01-15T13:55:44.0,2026-01-17T19:33:29.531,"Any[19, 25, 30, 37, 45, 56, 60]",19,60
914,2026-01-15T14:08:08.0,2026-01-24T19:45:53.531,"Any[19, 25, 30, 37, 45, 56]",19,56
148,2026-01-15T14:32:03.0,2026-01-24T20:09:48.531,"Any[60, 56, 45, 37, 30, 25, 19, 13, 8]",60,8
140,2026-01-15T14:35:40.0,2026-01-17T20:13:25.531,"Any[19, 25, 30, 37, 45, 56]",19,56
738,2026-01-15T14:35:40.0,2026-01-24T20:13:25.531,"Any[19, 25, 30, 37, 45, 56]",19,56
1352,2026-01-15T14:49:53.0,2026-01-17T20:27:38.531,"Any[53, 45, 37, 30, 25, 19, 10]",53,10
764,2026-01-15T14:53:05.675,2026-01-24T20:30:51.206,"Any[53, 45, 37, 30, 25, 19, 11, 6]",53,6
1084,2026-01-15T14:53:05.675,2026-01-24T20:30:51.206,"Any[53, 45, 37, 30, 25, 19, 11, 6]",53,6
485,2026-01-15T14:56:22.287,2026-01-24T20:34:07.818,"Any[62, 53, 45, 37, 30, 25, 19, 13, 8]",62,8
108,2026-01-15T15:05:02.389,2026-01-24T20:42:47.92,"Any[45, 37, 30, 25, 19]",45,19
455,2026-01-15T15:05:02.389,2026-01-24T20:42:47.92,"Any[45, 37, 30, 25, 19]",45,19
865,2026-01-15T15:32:27.0,2026-01-24T21:10:12.531,"Any[3, 10, 19, 25, 30, 37, 45, 53]",3,53
942,2026-01-15T15:32:27.0,2026-01-24T21:10:12.531,"Any[3, 10, 19, 25, 30, 37, 45, 53]",3,53
1171,2026-01-15T15:32:27.0,2026-01-17T21:10:12.531,"Any[3, 10, 19, 25, 30, 37, 45, 53]",3,53
938,2026-01-15T15:37:17.0,2026-01-17T21:15:02.531,"Any[56, 45, 37, 30, 25, 19, 11, 6, 1]",56,1
529,2026-01-15T15:38:53.0,2026-01-17T21:16:38.531,"Any[53, 45, 37, 30, 25, 19, 10]",53,10
1464,2026-01-15T16:06:00.0,2026-01-17T21:43:45.531,Any[],56,3
859,2026-01-15T16:08:59.421,2026-01-17T21:46:44.952,"Any[1, 6, 11, 19, 25, 30, 37, 45, 56]",1,56
368,2026-01-15T16:12:32.0,2026-01-17T21:50:17.531,"Any[60, 53, 45, 37, 30, 25]",60,25
600,2026-01-15T16:12:32.0,2026-01-24T21:50:17.531,"Any[60, 53, 45, 37, 30, 25]",60,25
756,2026-01-15T16:12:32.0,2026-01-17T21:50:17.531,"Any[60, 53, 45, 37, 30, 25]",60,25
786,2026-01-15T16:17:42.0,2026-01-17T21:55:27.531,"Any[64, 56, 45, 37, 30, 25, 19, 11, 6]",64,6
197,2026-01-15T16:20:28.0,2026-01-17T21:58:13.531,"Any[8, 13, 19, 25, 30, 37, 45, 56]",8,56
10,2026-01-15T16:31:07.0,2026-01-24T22:08:52.531,"Any[60, 53, 45, 37, 30, 25]",60,25
211,2026-01-15T16:31:07.0,2026-01-17T22:08:52.531,"Any[60, 53, 45, 37, 30, 25]",60,25
1068,2026-01-15T16:31:07.0,2026-01-17T22:08:52.531,"Any[60, 53, 45, 37, 30, 25]",60,25
1031,2026-01-15T16:39:03.8,2026-01-17T22:16:49.331,"Any[1, 6, 11, 19, 25, 30, 37, 45, 56, 60]",1,60
138,2026-01-15T16:44:10.0,2026-01-17T22:21:55.531,"Any[60, 53, 45, 37, 30, 25]",60,25
380,2026-01-15T16:45:10.0,2026-01-17T22:22:55.531,"Any[8, 13, 19, 25, 30, 37, 45, 56]",8,56
1082,2026-01-15T16:47:32.856,2026-01-17T22:25:18.387,"Any[8, 13, 19, 25, 30, 37, 45, 56]",8,56
214,2026-01-15T17:04:06.0,2026-01-24T22:41:51.531,"Any[56, 45, 37, 30, 25, 19, 11, 6, 6, 1]",56,6
1274,2026-01-15T17:04:06.0,2026-01-17T22:41:51.531,"Any[56, 45, 37, 30, 25, 19, 11, 6, 6, 1]",56,6
1571,2026-01-15T17:07:25.0,2026-01-24T22:45:10.531,"Any[6, 11, 19, 25, 30, 37, 45, 56, 60]",6,60
1572,2026-01-15T17:07:25.0,2026-01-24T22:45:10.531,"Any[6, 11, 19, 25, 30, 37, 45, 56, 60]",6,60
1581,2026-01-15T17:28:00.0,2026-01-17T23:05:45.531,Any[],10,64
1211,2026-01-15T17:36:23.0,2026-01-17T23:14:08.531,"Any[10, 19, 25, 30, 37, 45, 53]",10,53
93,2026-01-15T17:47:34.0,2026-01-17T23:25:19.531,"Any[8, 13, 19, 25, 30, 37, 45, 53, 60]",8,60
739,2026-01-15T17:53:31.0,2026-01-24T23:31:16.531,"Any[45, 37, 30, 25, 19, 10]",45,10
458,2026-01-15T17:58:29.305,2026-01-17T23:36:14.836,"Any[60, 56, 45, 37, 30, 25, 19, 11, 6]",60,6
672,2026-01-15T18:03:39.695,2026-01-17T23:41:25.226,"Any[25, 30, 37, 45, 53]",25,53
838,2026-01-15T18:03:39.695,2026-01-17T23:41:25.226,"Any[25, 30, 37, 45, 53]",25,53
531,2026-01-15T18:13:32.0,2026-01-17T23:51:17.531,"Any[10, 19, 25, 30, 37, 45, 53]",10,53
831,2026-01-15T18:18:32.0,2026-01-17T23:56:17.531,"Any[19, 25, 30, 37, 45, 56, 60]",19,60
856,2026-01-15T18:21:28.0,2026-01-24T23:59:13.531,"Any[64, 60, 56, 45, 37, 30, 25, 19, 11, 6]",64,6
557,2026-01-15T18:31:33.876,2026-01-18T00:09:19.407,"Any[56, 45, 37, 30, 25, 19, 11, 6]",56,6
269,2026-01-15T18:39:23.0,2026-01-18T00:17:08.531,"Any[56, 45, 37, 30, 25]",56,25
1423,2026-01-15T18:45:51.0,2026-01-18T00:23:36.531,"Any[17, 25, 30, 37, 45]",17,45
53,2026-01-15T18:51:06.0,2026-01-25T00:28:51.531,"Any[10, 19, 25, 30, 37, 45, 53]",10,53
34,2026-01-15T18:57:02.0,2026-01-18T00:34:47.531,"Any[45, 37, 30, 25, 19, 17, 10]",45,10
801,2026-01-15T18:57:02.0,2026-01-18T00:34:47.531,"Any[45, 37, 30, 25, 19, 17, 10]",45,10
888,2026-01-15T19:10:59.15,2026-01-25T00:48:44.681,"Any[8, 13, 19, 25, 30, 37, 45, 53]",8,53
923,2026-01-15T19:10:59.15,2026-01-25T00:48:44.681,"Any[8, 13, 19, 25, 30, 37, 45, 53]",8,53
1032,2026-01-15T19:10:59.15,2026-01-25T00:48:44.681,"Any[8, 13, 19, 25, 30, 37, 45, 53]",8,53
1449,2026-01-15T19:13:37.0,2026-01-25T00:51:22.531,"Any[56, 45, 37, 30, 25, 19]",56,19
1452,2026-01-15T19:13:37.0,2026-01-18T00:51:22.531,"Any[56, 45, 37, 30, 25, 19]",56,19
1299,2026-01-15T19:18:50.232,2026-01-18T00:56:35.763,"Any[1, 6, 11, 19, 25, 30, 37, 45, 53]",1,53
806,2026-01-15T19:23:38.869,2026-01-18T01:01:24.4,"Any[1, 6, 11, 19, 25, 30, 37, 45, 53, 60]",1,60
1277,2026-01-15T19:56:04.0,2026-01-18T01:33:49.531,"Any[53, 45, 37, 30, 25]",53,25
111,2026-01-15T19:56:21.0,2026-01-18T01:34:06.531,"Any[53, 45, 37, 30, 25, 19, 10]",53,10
46,2026-01-15T19:59:11.0,2026-01-25T01:36:56.531,"Any[53, 45, 37, 30, 25, 19, 13, 8]",53,8
1597,2026-01-15T19:59:13.0,2026-01-25T01:36:58.531,"Any[10, 19, 25, 30, 37, 45, 53]",10,53
1093,2026-01-15T20:13:59.0,2026-01-18T01:51:44.531,"Any[10, 11, 19, 25, 30, 37, 45, 53]",10,53
224,2026-01-15T20:38:14.0,2026-01-18T02:15:59.531,"Any[7, 8, 13, 19, 25, 30, 37, 45, 53]",7,53
27,2026-01-15T20:43:02.0,2026-01-25T02:20:47.531,"Any[10, 19, 25, 30, 37, 45, 53]",10,53
1130,2026-01-15T20:43:21.0,2026-01-18T02:21:06.531,"Any[53, 45, 37, 30, 25, 19, 11, 6, 1]",53,1
1283,2026-01-15T20:43:21.0,2026-01-18T02:21:06.531,"Any[53, 45, 37, 30, 25, 19, 11, 6, 1]",53,1
802,2026-01-15T20:55:05.0,2026-01-25T02:32:50.531,"Any[10, 19, 25, 30, 37, 45, 53]",10,53
630,2026-01-15T21:04:30.0,2026-01-18T02:42:15.531,"Any[60, 53, 45, 37, 30, 25]",60,25
695,2026-01-15T21:04:30.0,2026-01-25T02:42:15.531,"Any[60, 53, 45, 37, 30, 25]",60,25
793,2026-01-15T21:07:06.0,2026-01-25T02:44:51.531,"Any[53, 45, 37, 30, 25, 19, 13, 8]",53,8
1036,2026-01-15T21:38:40.391,2026-01-18T03:16:25.922,"Any[53, 45, 37, 30, 25, 19, 10]",53,10
490,2026-01-15T21:47:03.0,2026-01-18T03:24:48.531,"Any[8, 13, 19, 25, 30, 37, 45, 56]",8,56
1594,2026-01-15T22:11:39.0,2026-01-18T03:49:24.531,"Any[10, 19, 25, 30, 37, 45, 53]",10,53
1600,2026-01-15T22:11:39.0,2026-01-25T03:49:24.531,"Any[10, 19, 25, 30, 37, 45, 53]",10,53
1017,2026-01-15T22:25:37.0,2026-01-25T04:03:22.531,"Any[10, 19, 25, 30, 37, 45, 53]",10,53
1351,2026-01-15T22:25:37.0,2026-01-18T04:03:22.531,"Any[10, 19, 25, 30, 37, 45, 53]",10,53
49,2026-01-15T22:29:17.0,2026-01-25T04:07:02.531,"Any[56, 45, 37, 30, 25, 19, 11, 6]",56,6
9,2026-01-15T22:40:40.0,2026-01-18T04:18:25.531,"Any[53, 45, 37, 30, 25, 19, 11, 6, 1]",53,1
36,2026-01-15T22:40:40.0,2026-01-18T04:18:25.531,"Any[53, 45, 37, 30, 25, 19, 11, 6, 1]",53,1
664,2026-01-15T22:58:28.0,2026-01-18T04:36:13.531,"Any[53, 45, 37, 30, 25, 19, 10]",53,10
226,2026-01-15T23:26:35.0,2026-01-25T05:04:20.531,"Any[8, 13, 19, 25, 30, 37, 45, 56]",8,56
645,2026-01-15T23:36:38.0,2026-01-25T05:14:23.531,"Any[53, 45, 37, 30, 25]",53,25
725,2026-01-15T23:53:53.467,2026-01-25T05:31:38.998,"Any[8, 13, 19, 25, 30, 37, 45, 56]",8,56
302,2026-01-15T23:55:43.0,2026-01-25T05:33:28.531,"Any[8, 13, 19, 25, 30, 37, 45, 53]",8,53
1005,2026-01-16T00:01:06.0,2026-01-25T05:38:51.531,"Any[1, 6, 11, 19, 23, 36, 44, 54, 60]",1,60
1127,2026-01-16T00:22:05.0,2026-01-25T05:59:50.531,"Any[56, 45, 37, 30, 25, 16]",56,16
1153,2026-01-16T00:26:36.0,2026-01-25T06:04:21.531,"Any[53, 45, 37, 30, 25, 19, 11, 6, 1]",53,1
247,2026-01-16T00:59:13.0,2026-01-18T06:36:58.531,"Any[1, 6, 11, 19, 25, 30, 37, 45, 53, 60]",1,60
142,2026-01-16T01:13:47.0,2026-01-25T06:51:32.531,"Any[6, 11, 25, 30, 37, 45, 53]",6,53
1123,2026-01-16T01:23:51.0,2026-01-18T07:01:36.531,"Any[53, 45, 37, 30, 25, 19, 13, 8]",53,8
640,2026-01-16T01:27:44.842,2026-01-18T07:05:30.373,"Any[53, 45, 37, 30, 25, 19, 11, 6, 1]",53,1
7,2026-01-16T01:29:29.0,2026-01-18T07:07:14.531,"Any[53, 45, 37, 30, 25, 19, 10]",53,10
1129,2026-01-16T01:47:40.0,2026-01-18T07:25:25.531,"Any[53, 45, 37, 30, 25, 19, 13, 8]",53,8
1028,2026-01-16T02:51:50.0,2026-01-18T08:29:35.531,"Any[19, 25, 30, 37, 45, 53]",19,53
378,2026-01-16T06:00:15.0,2026-01-25T11:38:00.531,"Any[8, 13, 19, 25, 30, 37, 45, 56]",8,56
803,2026-01-16T06:00:15.0,2026-01-25T11:38:00.531,"Any[8, 13, 19, 25, 30, 37, 45, 56]",8,56
272,2026-01-16T06:27:21.0,2026-01-25T12:05:06.531,"Any[64, 60, 53, 45, 37, 30, 25, 19, 11, 6, 1]",64,1
132,2026-01-16T06:28:44.0,2026-01-25T12:06:29.531,"Any[53, 45, 37, 30, 25]",53,25
331,2026-01-16T06:48:36.0,2026-01-18T12:26:21.531,"Any[10, 19, 25, 30, 37, 45, 53]",10,53
926,2026-01-16T06:58:28.0,2026-01-25T12:36:13.531,"Any[1, 6, 11, 19, 25, 30, 37, 45, 56]",1,56
898,2026-01-16T07:01:05.0,2026-01-25T12:38:50.531,"Any[64, 60, 56, 45, 37, 30, 25, 19, 11, 6, 6, 1]",64,6
1490,2026-01-16T07:02:00.0,2026-01-25T12:39:45.531,Any[],53,16
1384,2026-01-16T07:15:26.0,2026-01-18T12:53:11.531,"Any[53, 45, 37, 30, 25, 19, 11, 6, 5]",53,5
987,2026-01-16T08:08:21.619,2026-01-18T13:46:07.15,"Any[53, 45, 37, 30, 25, 19, 13, 8]",53,8
702,2026-01-16T08:25:48.0,2026-01-18T14:03:33.531,"Any[64, 60, 56, 45, 37, 30, 25, 19, 13, 8]",64,8
937,2026-01-16T08:38:54.452,2026-01-18T14:16:39.983,"Any[64, 60, 56, 45, 37, 30, 25, 19]",64,19
468,2026-01-16T08:41:02.0,2026-01-18T14:18:47.531,"Any[6, 11, 16, 25, 30, 37, 45]",6,45
792,2026-01-16T09:01:03.0,2026-01-25T14:38:48.531,"Any[16, 19, 25, 30, 37, 45, 53]",16,53
26,2026-01-16T09:09:43.0,2026-01-18T14:47:28.531,"Any[1, 6, 11, 19, 25, 30, 37, 45, 56]",1,56
1090,2026-01-16T09:25:56.0,2026-01-25T15:03:41.531,"Any[53, 45, 37, 30, 25, 19, 11, 6, 3, 1]",53,1
1111,2026-01-16T10:06:30.0,2026-01-25T15:44:15.531,"Any[1, 6, 11, 19, 25, 30, 37, 45, 56]",1,56
1471,2026-01-16T10:17:32.0,2026-01-18T15:55:17.531,"Any[53, 45, 37, 30, 25, 19]",53,19
1472,2026-01-16T10:17:32.0,2026-01-25T15:55:17.531,"Any[53, 45, 37, 30, 25, 19]",53,19
1473,2026-01-16T10:17:32.0,2026-01-25T15:55:17.531,"Any[53, 45, 37, 30, 25, 19]",53,19
1476,2026-01-16T10:17:32.0,2026-01-25T15:55:17.531,"Any[53, 45, 37, 30, 25, 19]",53,19
402,2026-01-16T10:31:04.0,2026-01-25T16:08:49.531,"Any[1, 6, 11, 19, 25, 30, 37, 45, 56]",1,56
1172,2026-01-16T10:51:57.0,2026-01-18T16:29:42.531,"Any[1, 6, 11, 19, 25, 30, 37, 45, 56]",1,56
506,2026-01-16T10:57:50.0,2026-01-25T16:35:35.531,"Any[6, 11, 19, 25, 30, 37, 45]",6,45
336,2026-01-16T11:13:14.0,2026-01-25T16:50:59.531,"Any[6, 11, 16, 25, 30, 37, 45]",6,45
537,2026-01-16T11:13:14.0,2026-01-18T16:50:59.531,"Any[6, 11, 16, 25, 30, 37, 45]",6,45
1505,2026-01-16T11:16:46.0,2026-01-25T16:54:31.531,"Any[45, 37, 30, 25, 19]",45,19
1558,2026-01-16T11:23:00.0,2026-01-25T17:00:45.531,Any[],6,64
1025,2026-01-16T11:24:58.0,2026-01-25T17:02:43.531,"Any[6, 11, 19, 25, 30, 37, 45]",6,45
1325,2026-01-16T11:24:58.0,2026-01-18T17:02:43.531,"Any[6, 11, 19, 25, 30, 37, 45]",6,45
1293,2026-01-16T11:34:03.0,2026-01-25T17:11:48.531,"Any[3, 6, 11, 19, 25, 30, 37, 45, 56]",3,56
855,2026-01-16T12:06:33.0,2026-01-25T17:44:18.531,"Any[64, 60, 53, 45, 37, 30, 25, 19, 10]",64,10
1467,2026-01-16T12:25:07.0,2026-01-18T18:02:52.531,"Any[53, 45, 37, 30, 25, 19]",53,19
1260,2026-01-16T12:26:18.0,2026-01-25T18:04:03.531,"Any[25, 30, 37, 45, 56, 60]",25,60
871,2026-01-16T12:37:45.0,2026-01-18T18:15:30.531,"Any[56, 45, 37, 30, 25, 19, 13, 8]",56,8
826,2026-01-16T12:38:25.0,2026-01-25T18:16:10.531,"Any[19, 25, 30, 37, 45, 56]",19,56
974,2026-01-16T12:49:03.0,2026-01-25T18:26:48.531,"Any[60, 53, 45, 37, 30, 25]",60,25
927,2026-01-16T12:52:49.0,2026-01-18T18:30:34.531,"Any[45, 37, 30, 25, 19, 10]",45,10
618,2026-01-16T13:02:23.023,2026-01-18T18:40:08.554,"Any[53, 45, 37, 30, 25, 19, 11, 6, 1]",53,1
1301,2026-01-16T13:02:58.0,2026-01-18T18:40:43.531,"Any[8, 13, 19, 25, 30, 37, 45, 56]",8,56
1559,2026-01-16T13:03:00.0,2026-01-18T18:40:45.531,Any[],6,64
463,2026-01-16T13:06:30.0,2026-01-18T18:44:15.531,"Any[56, 45, 37, 30, 25, 19, 11, 6]",56,6
981,2026-01-16T13:06:30.0,2026-01-18T18:44:15.531,"Any[56, 45, 37, 30, 25, 19, 11, 6]",56,6
1055,2026-01-16T13:06:30.0,2026-01-18T18:44:15.531,"Any[56, 45, 37, 30, 25, 19, 11, 6]",56,6
1121,2026-01-16T13:09:21.0,2026-01-25T18:47:06.531,"Any[53, 45, 37, 30, 25, 19, 10]",53,10
757,2026-01-16T13:15:48.794,2026-01-18T18:53:34.325,"Any[10, 19, 25, 30, 37, 45, 53]",10,53
852,2026-01-16T13:31:19.809,2026-01-18T19:09:05.34,"Any[56, 45, 37, 30, 25, 19, 11, 6]",56,6
1575,2026-01-16T13:34:00.0,2026-01-18T19:11:45.531,Any[],6,62
90,2026-01-16T13:41:24.0,2026-01-18T19:19:09.531,"Any[45, 37, 30, 25, 19, 10]",45,10
949,2026-01-16T13:52:51.0,2026-01-18T19:30:36.531,"Any[56, 45, 37, 30, 25, 19, 11, 6]",56,6
1376,2026-01-16T13:55:00.0,2026-01-18T19:32:45.531,"Any[8, 7, 8, 13, 19, 25, 30, 37, 45]",8,45
1010,2026-01-16T14:07:09.0,2026-01-18T19:44:54.531,"Any[19, 17, 25, 30, 37, 45, 53]",19,53
423,2026-01-16T14:12:38.0,2026-01-25T19:50:23.531,"Any[56, 45, 37, 30, 25, 19, 11, 6, 1]",56,1
435,2026-01-16T14:44:50.0,2026-01-25T20:22:35.531,"Any[53, 45, 37, 30, 25, 19, 11, 6]",53,6
1298,2026-01-16T14:48:21.0,2026-01-25T20:26:06.531,"Any[64, 60, 56, 45, 37, 30, 25, 19, 11, 6]",64,6
184,2026-01-16T15:00:49.0,2026-01-25T20:38:34.531,"Any[53, 45, 37, 30, 25, 19, 10]",53,10
1592,2026-01-16T15:32:35.0,2026-01-18T21:10:20.531,"Any[10, 19, 25, 30, 37, 45, 53]",10,53
1050,2026-01-16T15:33:14.0,2026-01-18T21:10:59.531,"Any[62, 53, 45, 37, 30, 25, 19, 13, 8]",62,8
1517,2026-01-16T15:37:00.0,2026-01-18T21:14:45.531,Any[],45,3
1196,2026-01-16T15:49:04.0,2026-01-18T21:26:49.531,"Any[6, 11, 16, 25, 30, 37, 45]",6,45
543,2026-01-16T15:56:42.797,2026-01-18T21:34:28.328,"Any[56, 45, 37, 30, 25, 19, 11, 6, 6, 1]",56,6
1331,2026-01-16T16:03:08.0,2026-01-18T21:40:53.531,"Any[54, 44, 36, 23, 19, 11, 6]",54,6
945,2026-01-16T16:05:01.0,2026-01-18T21:42:46.531,"Any[53, 45, 37, 30, 25, 19, 10]",53,10
1024,2026-01-16T16:22:38.68,2026-01-25T22:00:24.211,"Any[6, 11, 19, 25, 30, 37, 45, 56]",6,56
18,2026-01-16T16:28:34.0,2026-01-18T22:06:19.531,"Any[1, 6, 11, 19, 25, 30, 37, 45, 56]",1,56
1023,2026-01-16T16:41:52.0,2026-01-18T22:19:37.531,"Any[8, 13, 19, 25, 30, 37, 45, 53]",8,53
273,2026-01-16T17:17:52.0,2026-01-25T22:55:37.531,"Any[10, 19, 25, 30, 37, 45, 53]",10,53
1128,2026-01-16T17:17:52.0,2026-01-18T22:55:37.531,"Any[10, 19, 25, 30, 37, 45, 53]",10,53
1503,2026-01-16T17:20:09.23,2026-01-25T22:57:54.761,"Any[45, 37, 30, 25, 19]",45,19
179,2026-01-16T18:03:48.0,2026-01-25T23:41:33.531,"Any[8, 13, 19, 25, 30, 37, 45, 56]",8,56
1273,2026-01-16T18:05:22.0,2026-01-18T23:43:07.531,"Any[8, 13, 19, 25, 30, 37, 45, 53]",8,53
1100,2026-01-16T18:06:35.0,2026-01-18T23:44:20.531,"Any[6, 11, 19, 25, 30, 37, 45, 56]",6,56
69,2026-01-16T18:07:07.374,2026-01-18T23:44:52.905,"Any[54, 44, 36, 23, 19, 13, 8]",54,8
63,2026-01-16T18:15:41.698,2026-01-25T23:53:27.229,"Any[56, 45, 37, 30, 25, 19, 13, 8]",56,8
572,2026-01-16T18:27:53.0,2026-01-19T00:05:38.531,"Any[60, 56, 45, 37, 30, 25, 19]",60,19
892,2026-01-16T18:50:06.0,2026-01-26T00:27:51.531,"Any[1, 6, 11, 19, 25, 30, 37, 45, 56]",1,56
631,2026-01-16T19:22:15.0,2026-01-26T01:00:00.531,"Any[8, 13, 19, 25, 30, 37, 45, 56]",8,56
1216,2026-01-16T19:22:15.0,2026-01-26T01:00:00.531,"Any[8, 13, 19, 25, 30, 37, 45, 56]",8,56
1118,2026-01-16T19:27:13.0,2026-01-26T01:04:58.531,"Any[1, 6, 11, 16, 25, 30, 37, 45, 53]",1,53
743,2026-01-16T19:46:09.0,2026-01-26T01:23:54.531,"Any[45, 37, 30, 25]",45,25
771,2026-01-16T19:46:09.0,2026-01-26T01:23:54.531,"Any[45, 37, 30, 25]",45,25
75,2026-01-16T20:03:07.557,2026-01-26T01:40:53.088,"Any[56, 45, 37, 30, 25, 19, 10]",56,10
1004,2026-01-16T20:11:40.0,2026-01-19T01:49:25.531,"Any[53, 45, 37, 30, 25, 19, 10]",53,10
182,2026-01-16T20:35:40.0,2026-01-26T02:13:25.531,"Any[3, 10, 19, 25, 30, 37, 45, 53]",3,53
15,2026-01-16T20:47:51.0,2026-01-26T02:25:36.531,"Any[10, 19, 25, 30, 37, 45, 53]",10,53
144,2026-01-16T20:47:51.0,2026-01-19T02:25:36.531,"Any[10, 19, 25, 30, 37, 45, 53]",10,53
1397,2026-01-16T20:47:51.0,2026-01-26T02:25:36.531,"Any[10, 19, 25, 30, 37, 45, 53]",10,53
556,2026-01-16T21:03:18.164,2026-01-26T02:41:03.695,"Any[1, 6, 11, 19, 23, 36, 44, 54, 60]",1,60
1106,2026-01-16T21:03:18.164,2026-01-26T02:41:03.695,"Any[1, 6, 11, 19, 23, 36, 44, 54, 60]",1,60
314,2026-01-16T21:45:26.0,2026-01-26T03:23:11.531,"Any[1, 6, 11, 16, 25, 30, 37, 45, 56, 60]",1,60
51,2026-01-16T21:47:31.0,2026-01-26T03:25:16.531,"Any[7, 8, 13, 19, 25, 30, 37, 45, 53]",7,53
347,2026-01-16T21:47:31.0,2026-01-19T03:25:16.531,"Any[7, 8, 13, 19, 25, 30, 37, 45, 53]",7,53
494,2026-01-16T21:47:31.0,2026-01-19T03:25:16.531,"Any[7, 8, 13, 19, 25, 30, 37, 45, 53]",7,53
1052,2026-01-16T21:51:05.0,2026-01-19T03:28:50.531,"Any[6, 11, 25, 30, 37, 45]",6,45
1164,2026-01-16T21:53:29.204,2026-01-26T03:31:14.735,"Any[60, 56, 45, 37, 30, 25, 19, 11, 6]",60,6
566,2026-01-16T22:28:34.0,2026-01-19T04:06:19.531,"Any[53, 45, 37, 30, 25, 19, 10]",53,10
681,2026-01-16T22:28:34.0,2026-01-26T04:06:19.531,"Any[53, 45, 37, 30, 25, 19, 10]",53,10
1048,2026-01-16T23:19:41.0,2026-01-26T04:57:26.531,"Any[45, 37, 30, 25]",45,25
70,2026-01-16T23:28:25.0,2026-01-26T05:06:10.531,"Any[53, 45, 37, 30, 25, 19, 10]",53,10
970,2026-01-16T23:28:25.0,2026-01-26T05:06:10.531,"Any[53, 45, 37, 30, 25, 19, 10]",53,10
1404,2026-01-16T23:39:16.106,2026-01-19T05:17:01.637,"Any[53, 45, 37, 30, 25, 19, 10]",53,10
1500,2026-01-16T23:45:00.0,2026-01-26T05:22:45.531,Any[],53,3
954,2026-01-17T00:11:59.0,2026-01-26T05:49:44.531,"Any[6, 11, 19, 25, 30, 37, 45]",6,45
361,2026-01-17T00:20:53.0,2026-01-19T05:58:38.531,"Any[1, 6, 11, 19, 25, 30, 37, 45, 53, 60]",1,60
187,2026-01-17T00:25:49.0,2026-01-19T06:03:34.531,"Any[19, 25, 30, 37, 45, 53]",19,53
1213,2026-01-17T00:25:49.0,2026-01-26T06:03:34.531,"Any[19, 25, 30, 37, 45, 53]",19,53
1334,2026-01-17T00:35:56.0,2026-01-19T06:13:41.531,"Any[8, 13, 19, 25, 30, 37, 45, 56]",8,56
221,2026-01-17T00:48:25.0,2026-01-26T06:26:10.531,"Any[7, 8, 13, 19, 25, 30, 37, 45, 56]",7,56
963,2026-01-17T01:16:58.81,2026-01-19T06:54:44.341,"Any[56, 45, 37, 30, 25, 19, 10, 6]",56,6
321,2026-01-17T01:34:51.0,2026-01-26T07:12:36.531,"Any[53, 45, 37, 30, 25]",53,25
475,2026-01-17T01:34:51.0,2026-01-26T07:12:36.531,"Any[53, 45, 37, 30, 25]",53,25
604,2026-01-17T01:44:58.0,2026-01-19T07:22:43.531,"Any[60, 56, 45, 37, 30, 25, 19, 13, 19, 13, 8]",60,8
171,2026-01-17T01:49:30.0,2026-01-26T07:27:15.531,"Any[53, 45, 37, 30, 25, 19, 11, 6, 1]",53,1
1492,2026-01-17T01:50:00.0,2026-01-26T07:27:45.531,Any[],53,13
1435,2026-01-17T03:08:00.0,2026-01-26T08:45:45.531,Any[],60,17
908,2026-01-17T03:17:05.099,2026-01-19T08:54:50.63,"Any[3, 10, 19, 25, 30, 37, 45, 53, 60]",3,60
1470,2026-01-17T03:52:22.0,2026-01-26T09:30:07.531,"Any[53, 45, 37, 30, 25, 19]",53,19
1477,2026-01-17T03:52:22.0,2026-01-19T09:30:07.531,"Any[53, 45, 37, 30, 25, 19]",53,19
663,2026-01-17T04:29:21.0,2026-01-26T10:07:06.531,"Any[64, 60, 53, 45, 37, 30, 25, 19, 10]",64,10
1289,2026-01-17T04:29:21.0,2026-01-19T10:07:06.531,"Any[64, 60, 53, 45, 37, 30, 25, 19, 10]",64,10
687,2026-01-17T04:39:17.0,2026-01-19T10:17:02.531,"Any[56, 45, 37, 30, 25]",56,25
419,2026-01-17T04:55:27.709,2026-01-19T10:33:13.24,"Any[19, 25, 30, 37, 45, 56]",19,56
1328,2026-01-17T05:04:51.87,2026-01-19T10:42:37.401,"Any[60, 53, 45, 37, 30, 25, 19, 17, 19, 11, 6]",60,6
1051,2026-01-17T06:17:19.0,2026-01-26T11:55:04.531,"Any[10, 11, 19, 25, 30, 37, 45, 53]",10,53
1014,2026-01-17T07:02:01.0,2026-01-19T12:39:46.531,"Any[6, 11, 19, 25, 30, 37, 45, 53]",6,53
162,2026-01-17T07:02:02.0,2026-01-26T12:39:47.531,"Any[53, 45, 37, 30, 25]",53,25
661,2026-01-17T07:26:17.0,2026-01-19T13:04:02.531,"Any[19, 25, 30, 37, 45]",19,45
1547,2026-01-17T08:00:13.0,2026-01-19T13:37:58.531,"Any[1, 6, 11, 19, 25, 30, 37, 45, 56, 64]",1,64
1555,2026-01-17T08:00:13.0,2026-01-26T13:37:58.531,"Any[1, 6, 11, 19, 25, 30, 37, 45, 56, 64]",1,64
1126,2026-01-17T08:10:53.255,2026-01-19T13:48:38.786,"Any[60, 53, 45, 37, 30, 25, 19, 10]",60,10
1520,2026-01-17T08:15:00.0,2026-01-19T13:52:45.531,Any[],45,5
905,2026-01-17T08:25:24.0,2026-01-26T14:03:09.531,"Any[10, 19, 25, 30, 37, 45, 53, 60]",10,60
1221,2026-01-17T08:25:24.0,2026-01-19T14:03:09.531,"Any[10, 19, 25, 30, 37, 45, 53, 60]",10,60
177,2026-01-17T08:38:37.0,2026-01-19T14:16:22.531,"Any[8, 13, 19, 25, 30, 37, 45, 56]",8,56
1424,2026-01-17T09:00:36.0,2026-01-26T14:38:21.531,"Any[53, 45, 37, 30, 25, 19, 11, 6, 1]",53,1
588,2026-01-17T09:14:47.0,2026-01-19T14:52:32.531,"Any[53, 45, 37, 30, 25, 19, 10]",53,10
1018,2026-01-17T09:29:56.0,2026-01-19T15:07:41.531,"Any[64, 53, 45, 37, 30, 25, 19, 13, 8]",64,8
440,2026-01-17T09:31:56.0,2026-01-19T15:09:41.531,"Any[53, 45, 37, 30, 25, 19, 10]",53,10
1056,2026-01-17T09:44:15.0,2026-01-26T15:22:00.531,"Any[8, 13, 19, 25, 30, 37, 45, 53]",8,53
393,2026-01-17T09:48:06.0,2026-01-26T15:25:51.531,"Any[56, 45, 37, 30, 25, 19, 11, 6]",56,6
1546,2026-01-17T10:08:10.0,2026-01-26T15:45:55.531,"Any[1, 6, 11, 19, 25, 30, 37, 45, 53, 60, 64]",1,64
1550,2026-01-17T10:08:10.0,2026-01-19T15:45:55.531,"Any[1, 6, 11, 19, 25, 30, 37, 45, 53, 60, 64]",1,64
98,2026-01-17T10:13:18.0,2026-01-26T15:51:03.531,"Any[6, 11, 19, 25, 30, 37, 45, 56]",6,56
1037,2026-01-17T10:13:18.0,2026-01-19T15:51:03.531,"Any[6, 11, 19, 25, 30, 37, 45, 56]",6,56
986,2026-01-17T10:30:56.0,2026-01-26T16:08:41.531,"Any[53, 45, 37, 30, 25]",53,25
1484,2026-01-17T10:39:00.0,2026-01-26T16:16:45.531,Any[],53,17
910,2026-01-17T10:57:24.0,2026-01-19T16:35:09.531,"Any[19, 25, 30, 37, 45, 56, 60]",19,60
911,2026-01-17T11:11:55.0,2026-01-19T16:49:40.531,"Any[17, 25, 30, 37, 45, 53, 60]",17,60
1007,2026-01-17T11:23:17.0,2026-01-26T17:01:02.531,"Any[62, 56, 45, 37, 30, 25, 19, 13, 8]",62,8
396,2026-01-17T11:30:18.0,2026-01-26T17:08:03.531,"Any[60, 56, 45, 37, 30, 25, 19]",60,19
554,2026-01-17T12:08:01.0,2026-01-19T17:45:46.531,"Any[53, 45, 37, 30, 25, 19, 10]",53,10
448,2026-01-17T12:15:39.0,2026-01-19T17:53:24.531,"Any[53, 45, 37, 30, 25, 19, 11, 6]",53,6
461,2026-01-17T12:15:39.0,2026-01-19T17:53:24.531,"Any[53, 45, 37, 30, 25, 19, 11, 6]",53,6
1115,2026-01-17T12:21:26.0,2026-01-26T17:59:11.531,"Any[64, 60, 53, 45, 37, 30, 25, 19, 11, 6, 1]",64,1
196,2026-01-17T12:27:50.646,2026-01-26T18:05:36.177,"Any[64, 60, 56, 45, 37, 30, 25]",64,25
352,2026-01-17T12:52:54.0,2026-01-26T18:30:39.531,"Any[6, 11, 19, 25, 30, 37, 45]",6,45
158,2026-01-17T13:10:57.0,2026-01-26T18:48:42.531,"Any[10, 19, 25, 30, 37, 45, 53]",10,53
1122,2026-01-17T13:20:43.874,2026-01-19T18:58:29.405,"Any[53, 45, 37, 30, 25, 19, 13, 8]",53,8
141,2026-01-17T13:21:28.0,2026-01-19T18:59:13.531,"Any[8, 13, 19, 25, 30, 37, 45, 53]",8,53
676,2026-01-17T13:21:43.0,2026-01-26T18:59:28.531,"Any[8, 13, 19, 25, 30, 37, 45, 53]",8,53
1112,2026-01-17T13:26:43.0,2026-01-19T19:04:28.531,"Any[60, 56, 45, 37, 30, 25, 19, 11, 10, 3]",60,3
1443,2026-01-17T13:26:43.0,2026-01-19T19:04:28.531,"Any[60, 56, 45, 37, 30, 25, 19, 11, 10, 3]",60,3
119,2026-01-17T13:50:47.0,2026-01-26T19:28:32.531,"Any[7, 8, 13, 19, 25, 30, 37, 45, 53, 60]",7,60
1353,2026-01-17T14:24:18.0,2026-01-19T20:02:03.531,"Any[19, 25, 30, 37, 45, 53, 60]",19,60
754,2026-01-17T14:29:32.0,2026-01-19T20:07:17.531,"Any[6, 11, 19, 25, 30, 37, 45, 56]",6,56
790,2026-01-17T14:29:32.0,2026-01-19T20:07:17.531,"Any[6, 11, 19, 25, 30, 37, 45, 56]",6,56
833,2026-01-17T14:59:47.0,2026-01-19T20:37:32.531,"Any[60, 53, 45, 37, 30, 25, 19, 13, 8]",60,8
707,2026-01-17T15:08:57.0,2026-01-19T20:46:42.531,"Any[56, 45, 37, 30, 25, 19, 13, 8]",56,8
1510,2026-01-17T15:11:23.329,2026-01-19T20:49:08.86,"Any[45, 37, 30, 25, 19, 13, 8]",45,8
1511,2026-01-17T15:11:23.329,2026-01-26T20:49:08.86,"Any[45, 37, 30, 25, 19, 13, 8]",45,8
1513,2026-01-17T15:11:23.329,2026-01-26T20:49:08.86,"Any[45, 37, 30, 25, 19, 13, 8]",45,8
236,2026-01-17T15:36:06.0,2026-01-19T21:13:51.531,"Any[6, 11, 19, 25, 30, 37, 45, 56]",6,56
866,2026-01-17T15:36:06.0,2026-01-19T21:13:51.531,"Any[6, 11, 19, 25, 30, 37, 45, 56]",6,56
1026,2026-01-17T15:36:06.0,2026-01-19T21:13:51.531,"Any[6, 11, 19, 25, 30, 37, 45, 56]",6,56
14,2026-01-17T16:00:40.0,2026-01-26T21:38:25.531,"Any[19, 25, 30, 37, 45, 56, 60, 64]",19,64
447,2026-01-17T16:00:40.0,2026-01-19T21:38:25.531,"Any[19, 25, 30, 37, 45, 56, 60, 64]",19,64
1297,2026-01-17T16:59:17.0,2026-01-26T22:37:02.531,"Any[6, 11, 19, 25, 30, 37, 45]",6,45
587,2026-01-17T17:09:12.0,2026-01-26T22:46:57.531,"Any[6, 11, 19, 25, 30, 37, 45, 56]",6,56
1257,2026-01-17T17:09:12.0,2026-01-26T22:46:57.531,"Any[6, 11, 19, 25, 30, 37, 45, 56]",6,56
989,2026-01-17T17:09:17.0,2026-01-26T22:47:02.531,"Any[6, 11, 19, 25, 30, 37, 45, 56]",6,56
1238,2026-01-17T17:09:17.0,2026-01-26T22:47:02.531,"Any[6, 11, 19, 25, 30, 37, 45, 56]",6,56
1246,2026-01-17T17:09:17.0,2026-01-19T22:47:02.531,"Any[6, 11, 19, 25, 30, 37, 45, 56]",6,56
1488,2026-01-17T17:10:00.0,2026-01-19T22:47:45.531,Any[],53,16
1020,2026-01-17T17:13:37.0,2026-01-19T22:51:22.531,"Any[60, 53, 45, 37, 30, 25, 19, 13, 8]",60,8
1045,2026-01-17T17:19:05.0,2026-01-19T22:56:50.531,"Any[7, 8, 13, 19, 25, 30, 37, 45, 53]",7,53
573,2026-01-17T17:20:34.0,2026-01-26T22:58:19.531,"Any[56, 45, 37, 30, 25]",56,25
874,2026-01-17T18:01:05.0,2026-01-19T23:38:50.531,"Any[7, 8, 13, 19, 25, 30, 37, 45]",7,45
168,2026-01-17T18:01:49.0,2026-01-19T23:39:34.531,"Any[8, 13, 19, 25, 30, 37, 45, 56]",8,56
863,2026-01-17T18:09:41.0,2026-01-19T23:47:26.531,"Any[7, 8, 13, 19, 25, 30, 37, 45, 56]",7,56
420,2026-01-17T18:10:30.547,2026-01-19T23:48:16.078,"Any[19, 25, 30, 37, 45, 56]",19,56
200,2026-01-17T18:22:32.0,2026-01-20T00:00:17.531,"Any[56, 45, 37, 30, 25, 19]",56,19
1446,2026-01-17T18:22:32.0,2026-01-20T00:00:17.531,"Any[56, 45, 37, 30, 25, 19]",56,19
1451,2026-01-17T18:32:54.0,2026-01-20T00:10:39.531,"Any[56, 45, 37, 30, 25, 19]",56,19
1001,2026-01-17T18:35:31.0,2026-01-27T00:13:16.531,"Any[60, 53, 45, 37, 30, 25, 19, 10]",60,10
1428,2026-01-17T18:35:31.0,2026-01-27T00:13:16.531,"Any[60, 53, 45, 37, 30, 25, 19, 10]",60,10
1574,2026-01-17T19:57:00.0,2026-01-27T01:34:45.531,Any[],6,62
1355,2026-01-17T19:57:20.0,2026-01-20T01:35:05.531,"Any[53, 45, 37, 30, 25, 19, 10]",53,10
1394,2026-01-17T20:02:23.835,2026-01-20T01:40:09.366,"Any[56, 45, 37, 30, 25, 19, 10]",56,10
1584,2026-01-17T20:12:00.0,2026-01-20T01:49:45.531,Any[],10,64
258,2026-01-17T20:14:27.0,2026-01-27T01:52:12.531,"Any[10, 19, 25, 30, 37, 45, 53]",10,53
1104,2026-01-17T20:31:48.0,2026-01-20T02:09:33.531,"Any[1, 6, 11, 19, 25, 30, 37, 45, 56]",1,56
1358,2026-01-17T21:19:51.0,2026-01-20T02:57:36.531,"Any[8, 13, 19, 25, 30, 37, 45, 53]",8,53
823,2026-01-17T22:00:53.0,2026-01-20T03:38:38.531,"Any[6, 11, 19, 25, 30, 37, 45, 53]",6,53
1599,2026-01-17T22:00:58.0,2026-01-27T03:38:43.531,"Any[10, 11, 19, 25, 30, 37, 45, 53]",10,53
342,2026-01-17T22:16:35.0,2026-01-20T03:54:20.531,"Any[8, 13, 19, 25, 30, 37, 45, 56]",8,56
320,2026-01-17T22:17:57.09,2026-01-27T03:55:42.621,"Any[60, 56, 45, 37, 30, 25]",60,25
496,2026-01-17T22:17:57.09,2026-01-27T03:55:42.621,"Any[60, 56, 45, 37, 30, 25]",60,25
363,2026-01-17T22:18:50.0,2026-01-20T03:56:35.531,"Any[8, 13, 19, 25, 30, 37, 45, 56]",8,56
685,2026-01-17T22:18:50.0,2026-01-27T03:56:35.531,"Any[8, 13, 19, 25, 30, 37, 45, 56]",8,56
844,2026-01-17T22:18:50.0,2026-01-27T03:56:35.531,"Any[8, 13, 19, 25, 30, 37, 45, 56]",8,56
1233,2026-01-17T22:44:19.0,2026-01-20T04:22:04.531,"Any[7, 8, 13, 19, 25, 30, 37, 45, 53]",7,53
1413,2026-01-17T22:59:00.0,2026-01-27T04:36:45.531,"Any[54, 44, 36, 23, 19, 13, 8]",54,8
1167,2026-01-17T23:07:24.192,2026-01-27T04:45:09.723,"Any[8, 13, 19, 25, 30, 37, 45, 56]",8,56
1522,2026-01-17T23:07:37.0,2026-01-27T04:45:22.531,"Any[25, 30, 37, 45, 56]",25,56
1529,2026-01-17T23:07:37.0,2026-01-20T04:45:22.531,"Any[25, 30, 37, 45, 56]",25,56
1523,2026-01-17T23:30:35.0,2026-01-20T05:08:20.531,"Any[25, 30, 37, 45, 56]",25,56
1533,2026-01-17T23:30:35.0,2026-01-27T05:08:20.531,"Any[25, 30, 37, 45, 56]",25,56
1242,2026-01-17T23:37:13.0,2026-01-20T05:14:58.531,"Any[8, 13, 19, 25, 30, 37, 45, 56]",8,56
1416,2026-01-17T23:37:58.0,2026-01-27T05:15:43.531,"Any[60, 56, 45, 37, 30, 25, 19, 11, 6]",60,6
574,2026-01-17T23:43:51.0,2026-01-27T05:21:36.531,"Any[1, 6, 11, 19, 23, 36, 44, 54, 60]",1,60
749,2026-01-17T23:43:51.0,2026-01-27T05:21:36.531,"Any[1, 6, 11, 19, 23, 36, 44, 54, 60]",1,60
480,2026-01-17T23:58:01.0,2026-01-27T05:35:46.531,"Any[25, 30, 37, 45, 56]",25,56
1525,2026-01-17T23:58:01.0,2026-01-27T05:35:46.531,"Any[25, 30, 37, 45, 56]",25,56
1229,2026-01-18T00:32:32.0,2026-01-27T06:10:17.531,"Any[53, 45, 37, 30, 25, 19, 13, 8]",53,8
254,2026-01-18T01:09:50.0,2026-01-20T06:47:35.531,"Any[45, 37, 30, 23, 19, 11, 6]",45,6
1421,2026-01-18T01:19:49.0,2026-01-27T06:57:34.531,"Any[53, 45, 37, 30, 25]",53,25
1493,2026-01-18T01:34:00.0,2026-01-20T07:11:45.531,Any[],53,3
1137,2026-01-18T01:51:53.124,2026-01-20T07:29:38.655,"Any[64, 60, 53, 45, 37, 30, 25, 19, 10]",64,10
175,2026-01-18T01:58:30.0,2026-01-27T07:36:15.531,"Any[53, 45, 37, 30, 25, 19, 11, 6, 1]",53,1
426,2026-01-18T02:03:23.0,2026-01-20T07:41:08.531,"Any[8, 13, 19, 25, 30, 37, 45, 53]",8,53
1250,2026-01-18T02:39:24.0,2026-01-20T08:17:09.531,"Any[64, 60, 53, 45, 37, 30, 25, 19, 13, 8]",64,8
493,2026-01-18T03:23:06.0,2026-01-27T09:00:51.531,"Any[60, 56, 45, 37, 30, 25, 19, 11, 6]",60,6
1219,2026-01-18T03:26:03.0,2026-01-27T09:03:48.531,"Any[60, 56, 45, 37, 30, 25, 19, 13, 8]",60,8
1494,2026-01-18T03:33:00.0,2026-01-20T09:10:45.531,Any[],53,3
781,2026-01-18T03:54:38.0,2026-01-20T09:32:23.531,"Any[53, 45, 37, 30, 25, 19, 10]",53,10
305,2026-01-18T04:23:06.0,2026-01-27T10:00:51.531,"Any[53, 45, 37, 30, 25]",53,25
308,2026-01-18T04:37:24.0,2026-01-20T10:15:09.531,"Any[17, 16, 17, 25, 30, 37, 45, 53, 60]",17,60
671,2026-01-18T04:40:05.0,2026-01-27T10:17:50.531,"Any[53, 45, 37, 30, 25, 19, 11, 6, 1]",53,1
489,2026-01-18T05:13:47.0,2026-01-20T10:51:32.531,"Any[64, 60, 53, 45, 37, 30, 25, 19, 11, 6, 1]",64,1
1015,2026-01-18T05:27:12.0,2026-01-27T11:04:57.531,"Any[53, 45, 37, 30, 25]",53,25
1046,2026-01-18T05:48:40.0,2026-01-27T11:26:25.531,"Any[60, 53, 45, 37, 30, 25, 19, 13, 8]",60,8
1224,2026-01-18T05:48:40.0,2026-01-27T11:26:25.531,"Any[60, 53, 45, 37, 30, 25, 19, 13, 8]",60,8
853,2026-01-18T07:10:09.0,2026-01-20T12:47:54.531,"Any[45, 37, 30, 25]",45,25
1307,2026-01-18T07:10:09.0,2026-01-27T12:47:54.531,"Any[45, 37, 30, 25]",45,25
1241,2026-01-18T07:20:06.0,2026-01-20T12:57:51.531,"Any[60, 53, 45, 37, 30, 25, 19, 11, 6, 1]",60,1
299,2026-01-18T07:42:48.117,2026-01-27T13:20:33.648,"Any[56, 45, 37, 30, 25, 19]",56,19
1447,2026-01-18T07:42:48.117,2026-01-27T13:20:33.648,"Any[56, 45, 37, 30, 25, 19]",56,19
1573,2026-01-18T08:00:00.0,2026-01-27T13:37:45.531,Any[],6,62
774,2026-01-18T08:06:20.0,2026-01-20T13:44:05.531,"Any[7, 8, 13, 19, 25, 30, 37, 45, 53]",7,53
33,2026-01-18T08:10:34.0,2026-01-20T13:48:19.531,"Any[53, 45, 37, 30, 25, 19, 13, 8]",53,8
497,2026-01-18T08:10:34.0,2026-01-20T13:48:19.531,"Any[53, 45, 37, 30, 25, 19, 13, 8]",53,8
795,2026-01-18T08:11:09.0,2026-01-27T13:48:54.531,"Any[60, 56, 45, 37, 30, 25, 19, 11, 6, 1]",60,1
1585,2026-01-18T08:45:00.0,2026-01-27T14:22:45.531,Any[],10,64
1436,2026-01-18T09:21:00.0,2026-01-20T14:58:45.531,Any[],60,17
21,2026-01-18T09:38:45.0,2026-01-27T15:16:30.531,"Any[56, 45, 37, 30, 25, 19, 20]",56,20
1252,2026-01-18T09:40:42.0,2026-01-27T15:18:27.531,"Any[53, 45, 37, 30, 25, 19, 10]",53,10
159,2026-01-18T10:02:54.353,2026-01-27T15:40:39.884,"Any[1, 6, 11, 19, 30, 37, 45, 56]",1,56
391,2026-01-18T10:27:44.0,2026-01-27T16:05:29.531,"Any[60, 56, 45, 37, 30, 25, 19, 11, 6, 1]",60,1
383,2026-01-18T11:45:41.0,2026-01-20T17:23:26.531,"Any[53, 45, 37, 30, 25, 19, 13, 8]",53,8
510,2026-01-18T11:45:41.0,2026-01-20T17:23:26.531,"Any[53, 45, 37, 30, 25, 19, 13, 8]",53,8
1346,2026-01-18T11:45:41.0,2026-01-20T17:23:26.531,"Any[53, 45, 37, 30, 25, 19, 13, 8]",53,8
56,2026-01-18T12:34:09.0,2026-01-27T18:11:54.531,"Any[56, 45, 37, 30, 25]",56,25
512,2026-01-18T12:34:09.0,2026-01-27T18:11:54.531,"Any[56, 45, 37, 30, 25]",56,25
457,2026-01-18T12:34:28.0,2026-01-27T18:12:13.531,"Any[60, 53, 45, 37, 30, 25, 19, 11, 6, 1]",60,1
470,2026-01-18T12:34:28.0,2026-01-20T18:12:13.531,"Any[60, 53, 45, 37, 30, 25, 19, 11, 6, 1]",60,1
491,2026-01-18T12:34:28.0,2026-01-27T18:12:13.531,"Any[60, 53, 45, 37, 30, 25, 19, 11, 6, 1]",60,1
66,2026-01-18T12:44:43.0,2026-01-27T18:22:28.531,"Any[7, 8, 13, 19, 25, 30, 37, 45, 53]",7,53
513,2026-01-18T12:44:43.0,2026-01-27T18:22:28.531,"Any[7, 8, 13, 19, 25, 30, 37, 45, 53]",7,53
1486,2026-01-18T12:49:00.0,2026-01-27T18:26:45.531,Any[],53,16
1035,2026-01-18T12:52:22.0,2026-01-27T18:30:07.531,"Any[56, 45, 37, 30, 25, 19, 13, 8]",56,8
779,2026-01-18T13:10:15.0,2026-01-20T18:48:00.531,"Any[7, 8, 13, 19, 25, 30, 37, 45, 53]",7,53
170,2026-01-18T13:27:56.163,2026-01-27T19:05:41.694,"Any[19, 25, 30, 37, 45]",19,45
1175,2026-01-18T14:03:05.0,2026-01-20T19:40:50.531,"Any[8, 13, 19, 25, 30, 37, 45]",8,45
155,2026-01-18T14:09:42.0,2026-01-20T19:47:27.531,"Any[3, 10, 19, 25, 30, 37, 45, 53, 60]",3,60
339,2026-01-18T14:10:30.413,2026-01-20T19:48:15.944,"Any[60, 53, 45, 37, 30, 25, 19, 11, 6, 1]",60,1
633,2026-01-18T14:49:41.0,2026-01-27T20:27:26.531,"Any[60, 56, 45, 37, 30, 25]",60,25
64,2026-01-18T15:38:08.0,2026-01-20T21:15:53.531,"Any[10, 19, 25, 30, 37, 45, 53]",10,53
121,2026-01-18T15:38:08.0,2026-01-27T21:15:53.531,"Any[10, 19, 25, 30, 37, 45, 53]",10,53
413,2026-01-18T15:38:08.0,2026-01-27T21:15:53.531,"Any[10, 19, 25, 30, 37, 45, 53]",10,53
1165,2026-01-18T15:48:14.0,2026-01-27T21:25:59.531,"Any[19, 25, 30, 37, 45, 53]",19,53
1113,2026-01-18T15:59:59.11,2026-01-27T21:37:44.641,"Any[64, 60, 56, 45, 37, 30, 25, 19, 11, 10]",64,10
1329,2026-01-18T16:13:08.0,2026-01-27T21:50:53.531,"Any[6, 11, 19, 30, 37, 45, 56]",6,56
532,2026-01-18T16:17:09.0,2026-01-20T21:54:54.531,"Any[19, 25, 30, 37, 45, 53, 60]",19,60
1266,2026-01-18T16:17:09.0,2026-01-20T21:54:54.531,"Any[19, 25, 30, 37, 45, 53, 60]",19,60
474,2026-01-18T17:14:31.252,2026-01-27T22:52:16.783,"Any[1, 6, 11, 19, 25, 30, 37, 45, 56]",1,56
642,2026-01-18T17:27:44.0,2026-01-27T23:05:29.531,"Any[56, 45, 37, 30, 25, 19, 13, 8]",56,8
204,2026-01-18T17:34:15.0,2026-01-20T23:12:00.531,"Any[7, 8, 13, 19, 25, 30, 37, 45, 53]",7,53
818,2026-01-18T17:45:33.0,2026-01-27T23:23:18.531,"Any[60, 56, 45, 37, 30, 25, 19, 11, 6]",60,6
1589,2026-01-18T18:22:00.0,2026-01-20T23:59:45.531,Any[],10,64
467,2026-01-18T19:55:51.0,2026-01-28T01:33:36.531,"Any[53, 45, 37, 30, 25, 19, 10]",53,10
38,2026-01-18T20:10:39.0,2026-01-28T01:48:24.531,"Any[53, 45, 37, 30, 25, 19, 10]",53,10
1070,2026-01-18T20:10:39.0,2026-01-28T01:48:24.531,"Any[53, 45, 37, 30, 25, 19, 10]",53,10
418,2026-01-18T20:22:38.0,2026-01-28T02:00:23.531,"Any[5, 6, 11, 25, 30, 37, 45]",5,45
559,2026-01-18T20:24:48.0,2026-01-21T02:02:33.531,"Any[8, 13, 19, 25, 30, 37, 45, 53]",8,53
742,2026-01-18T20:34:05.0,2026-01-21T02:11:50.531,"Any[8, 13, 19, 25, 30, 37, 45, 56]",8,56
1149,2026-01-18T20:47:07.0,2026-01-28T02:24:52.531,"Any[56, 45, 37, 30, 25]",56,25
762,2026-01-18T21:02:52.0,2026-01-21T02:40:37.531,"Any[7, 8, 13, 19, 25, 30, 37, 45, 53]",7,53
203,2026-01-18T21:37:12.0,2026-01-21T03:14:57.531,"Any[56, 45, 37, 30, 25, 19, 13, 8]",56,8
492,2026-01-18T21:41:16.0,2026-01-28T03:19:01.531,"Any[53, 45, 37, 25, 19, 13, 8]",53,8
977,2026-01-18T22:10:31.509,2026-01-28T03:48:17.04,"Any[53, 45, 37, 30, 25, 19, 10]",53,10
1161,2026-01-18T22:10:31.509,2026-01-21T03:48:17.04,"Any[53, 45, 37, 30, 25, 19, 10]",53,10
482,2026-01-18T22:18:35.952,2026-01-21T03:56:21.483,"Any[60, 56, 45, 37, 30, 25, 19, 11, 6]",60,6
250,2026-01-18T22:41:36.259,2026-01-21T04:19:21.79,"Any[56, 45, 37, 30, 25, 19, 11, 6]",56,6
704,2026-01-18T22:59:33.018,2026-01-28T04:37:18.549,"Any[60, 56, 45, 37, 30, 25, 19, 11, 6]",60,6
244,2026-01-18T23:08:02.0,2026-01-21T04:45:47.531,"Any[8, 13, 19, 25, 30, 37, 45, 56]",8,56
622,2026-01-18T23:08:02.0,2026-01-28T04:45:47.531,"Any[8, 13, 19, 25, 30, 37, 45, 56]",8,56
442,2026-01-18T23:34:15.0,2026-01-21T05:12:00.531,"Any[56, 45, 37, 30, 25, 19, 11, 6]",56,6
120,2026-01-18T23:59:43.0,2026-01-28T05:37:28.531,"Any[53, 45, 37, 30, 25, 19, 10]",53,10
606,2026-01-19T00:17:12.0,2026-01-14T05:54:57.531,"Any[1, 6, 11, 19, 25, 30, 37, 45, 53, 60]",1,60
1426,2026-01-19T01:25:26.0,2026-01-14T07:03:11.531,"Any[17, 19, 17, 25, 30, 37, 45, 53]",17,53
602,2026-01-19T01:43:45.0,2026-01-21T07:21:30.531,"Any[53, 45, 37, 30, 25, 19, 11, 6, 1]",53,1
1362,2026-01-19T03:40:14.0,2026-01-21T09:17:59.531,"Any[53, 45, 37, 30, 25, 19, 11, 6, 1]",53,1
39,2026-01-19T04:45:33.0,2026-01-14T10:23:18.531,"Any[19, 17, 25, 30, 37, 45, 53, 60]",19,60
524,2026-01-19T05:00:21.0,2026-01-21T10:38:06.531,"Any[7, 8, 13, 19, 25, 30, 37, 45, 53]",7,53
605,2026-01-19T05:00:21.0,2026-01-14T10:38:06.531,"Any[7, 8, 13, 19, 25, 30, 37, 45, 53]",7,53
414,2026-01-19T06:14:16.0,2026-01-14T11:52:01.531,"Any[16, 25, 30, 37, 45, 53]",16,53
689,2026-01-19T06:52:55.0,2026-01-21T12:30:40.531,"Any[56, 45, 37, 30, 25, 19]",56,19
1401,2026-01-19T07:29:28.0,2026-01-21T13:07:13.531,"Any[60, 53, 45, 37, 30, 25, 19, 11, 6, 1]",60,1
599,2026-01-19T07:40:13.0,2026-01-21T13:17:58.531,"Any[10, 19, 25, 30, 37, 45, 53]",10,53
454,2026-01-19T08:31:42.0,2026-01-14T14:09:27.531,"Any[8, 13, 19, 25, 30, 37, 45, 56]",8,56
1239,2026-01-19T09:16:37.0,2026-01-14T14:54:22.531,"Any[56, 45, 37, 30, 25]",56,25
978,2026-01-19T09:45:24.0,2026-01-21T15:23:09.531,"Any[3, 6, 11, 19, 25, 30, 37, 45]",3,45
450,2026-01-19T11:40:42.0,2026-01-14T17:18:27.531,"Any[3, 6, 11, 19, 25, 30, 37, 45, 56, 60]",3,60
1087,2026-01-19T11:40:42.0,2026-01-14T17:18:27.531,"Any[3, 6, 11, 19, 25, 30, 37, 45, 56, 60]",3,60
1576,2026-01-19T11:49:00.0,2026-01-21T17:26:45.531,Any[],10,64
1270,2026-01-19T11:52:06.0,2026-01-21T17:29:51.531,"Any[53, 45, 37, 30, 25]",53,25
131,2026-01-19T12:18:14.0,2026-01-14T17:55:59.531,"Any[64, 60, 53, 45, 37, 30, 25]",64,25
1103,2026-01-19T12:18:14.0,2026-01-14T17:55:59.531,"Any[64, 60, 53, 45, 37, 30, 25]",64,25
817,2026-01-19T12:28:38.0,2026-01-21T18:06:23.531,"Any[1, 6, 11, 25, 30, 37, 45, 53]",1,53
89,2026-01-19T13:12:12.0,2026-01-14T18:49:57.531,"Any[8, 13, 25, 30, 37, 45, 53]",8,53
1468,2026-01-19T13:13:38.0,2026-01-21T18:51:23.531,"Any[53, 45, 37, 30, 25, 19]",53,19
1474,2026-01-19T13:13:38.0,2026-01-21T18:51:23.531,"Any[53, 45, 37, 30, 25, 19]",53,19
401,2026-01-19T13:17:34.0,2026-01-21T18:55:19.531,"Any[19, 25, 30, 37, 30, 37, 45, 53, 60, 64]",19,64
1286,2026-01-19T13:37:51.0,2026-01-21T19:15:36.531,"Any[6, 11, 16, 25, 30, 37, 45, 56]",6,56
568,2026-01-19T14:01:59.0,2026-01-21T19:39:44.531,"Any[6, 11, 16, 25, 30, 37, 45]",6,45
116,2026-01-19T14:08:04.0,2026-01-21T19:45:49.531,"Any[25, 30, 37, 45, 53, 60]",25,60
1136,2026-01-19T14:08:04.0,2026-01-14T19:45:49.531,"Any[25, 30, 37, 45, 53, 60]",25,60
1320,2026-01-19T14:12:03.0,2026-01-21T19:49:48.531,"Any[7, 8, 13, 19, 25, 30, 37, 45, 56]",7,56
317,2026-01-19T14:38:11.847,2026-01-14T20:15:57.378,"Any[25, 30, 37, 45]",25,45
877,2026-01-19T14:38:37.0,2026-01-21T20:16:22.531,"Any[5, 6, 11, 19, 25, 30, 37, 45, 56]",5,56
312,2026-01-19T14:46:56.0,2026-01-21T20:24:41.531,"Any[53, 45, 37, 30, 25]",53,25
882,2026-01-19T15:14:28.0,2026-01-21T20:52:13.531,"Any[56, 45, 37, 30, 25, 19, 11, 6, 1]",56,1
1236,2026-01-19T15:17:10.0,2026-01-21T20:54:55.531,"Any[13, 19, 25, 30, 37, 45, 56]",13,56
328,2026-01-19T15:20:58.0,2026-01-21T20:58:43.531,"Any[56, 45, 37, 30, 25, 19, 13, 8]",56,8
1408,2026-01-19T15:36:18.0,2026-01-21T21:14:03.531,"Any[60, 56, 45, 37, 30, 25, 19, 14]",60,14
1388,2026-01-19T15:40:36.0,2026-01-21T21:18:21.531,"Any[6, 11, 19, 25, 30, 37, 45, 53]",6,53
680,2026-01-19T15:45:17.0,2026-01-21T21:23:02.531,"Any[1, 6, 11, 19, 25, 30, 37, 45, 53]",1,53
318,2026-01-19T15:58:56.316,2026-01-21T21:36:41.847,"Any[60, 53, 45, 37, 30, 25, 19, 10]",60,10
683,2026-01-19T16:11:02.0,2026-01-14T21:48:47.531,"Any[64, 60, 56, 45, 37, 30, 25]",64,25
794,2026-01-19T16:35:38.0,2026-01-21T22:13:23.531,"Any[60, 56, 45, 37, 30, 25, 19, 13, 8]",60,8
1134,2026-01-19T16:43:27.0,2026-01-21T22:21:12.531,"Any[25, 30, 37, 45, 56, 60, 64]",25,64
16,2026-01-19T16:44:42.0,2026-01-21T22:22:27.531,"Any[56, 45, 37, 30, 25, 19, 11, 6]",56,6
998,2026-01-19T16:44:42.0,2026-01-14T22:22:27.531,"Any[56, 45, 37, 30, 25, 19, 11, 6]",56,6
1311,2026-01-19T16:44:42.0,2026-01-14T22:22:27.531,"Any[56, 45, 37, 30, 25, 19, 11, 6]",56,6
50,2026-01-19T16:52:14.0,2026-01-14T22:29:59.531,"Any[53, 45, 37, 30, 25]",53,25
815,2026-01-19T16:52:14.0,2026-01-21T22:29:59.531,"Any[53, 45, 37, 30, 25]",53,25
758,2026-01-19T16:52:57.0,2026-01-21T22:30:42.531,"Any[6, 11, 19, 25, 30, 37, 45]",6,45
980,2026-01-19T16:52:57.0,2026-01-21T22:30:42.531,"Any[6, 11, 19, 25, 30, 37, 45]",6,45
343,2026-01-19T17:00:57.0,2026-01-14T22:38:42.531,"Any[6, 11, 19, 25, 30, 37, 45, 56]",6,56
1518,2026-01-19T17:01:00.0,2026-01-14T22:38:45.531,Any[],45,3
1089,2026-01-19T17:02:24.0,2026-01-21T22:40:09.531,"Any[53, 45, 37, 30, 25]",53,25
1210,2026-01-19T17:04:03.0,2026-01-21T22:41:48.531,"Any[56, 45, 37, 30, 25, 19, 13, 8]",56,8
1083,2026-01-19T17:05:36.177,2026-01-21T22:43:21.708,"Any[25, 30, 37, 45, 56]",25,56
78,2026-01-19T17:32:31.451,2026-01-21T23:10:16.982,"Any[25, 30, 37, 45, 53]",25,53
593,2026-01-19T17:37:37.0,2026-01-14T23:15:22.531,"Any[56, 45, 37, 30, 25, 19, 11, 6]",56,6
437,2026-01-19T17:58:55.245,2026-01-21T23:36:40.776,"Any[54, 44, 36, 23, 19, 13, 8]",54,8
1140,2026-01-19T18:12:41.0,2026-01-21T23:50:26.531,"Any[8, 13, 19, 25, 30, 37, 45, 53]",8,53
115,2026-01-19T18:55:12.685,2026-01-15T00:32:58.216,"Any[56, 45, 37, 30, 25, 19, 13, 8]",56,8
1060,2026-01-19T18:55:12.685,2026-01-22T00:32:58.216,"Any[56, 45, 37, 30, 25, 19, 13, 8]",56,8
1375,2026-01-19T18:55:12.685,2026-01-15T00:32:58.216,"Any[56, 45, 37, 30, 25, 19, 13, 8]",56,8
973,2026-01-19T19:05:23.0,2026-01-15T00:43:08.531,"Any[53, 45, 37, 30, 25, 19, 10]",53,10
464,2026-01-19T19:14:57.0,2026-01-15T00:52:42.531,"Any[1, 6, 11, 25, 30, 37, 45, 53]",1,53
1151,2026-01-19T19:39:11.0,2026-01-22T01:16:56.531,"Any[6, 11, 19, 25, 30, 37, 45]",6,45
1578,2026-01-19T19:40:00.0,2026-01-15T01:17:45.531,Any[],10,64
55,2026-01-19T19:55:52.0,2026-01-15T01:33:37.531,"Any[8, 13, 19, 25, 30, 37, 45, 53]",8,53
617,2026-01-19T20:03:13.279,2026-01-22T01:40:58.81,"Any[10, 19, 25, 30, 37, 45, 53]",10,53
432,2026-01-19T20:08:37.764,2026-01-15T01:46:23.295,"Any[54, 44, 36, 23, 19, 13, 8]",54,8
1072,2026-01-19T20:37:32.0,2026-01-15T02:15:17.531,"Any[60, 53, 45, 37, 30, 25, 19, 10]",60,10
135,2026-01-19T21:18:53.894,2026-01-22T02:56:39.425,"Any[10, 25, 30, 37, 45, 53, 60]",10,60
333,2026-01-19T21:21:30.0,2026-01-15T02:59:15.531,"Any[53, 45, 37, 30, 25]",53,25
366,2026-01-19T21:33:41.0,2026-01-22T03:11:26.531,"Any[10, 19, 25, 30, 37, 45, 53, 60]",10,60
136,2026-01-19T22:07:23.0,2026-01-15T03:45:08.531,"Any[7, 8, 13, 19, 25, 30, 37, 45, 53, 60]",7,60
1318,2026-01-19T22:07:23.0,2026-01-22T03:45:08.531,"Any[7, 8, 13, 19, 25, 30, 37, 45, 53, 60]",7,60
1336,2026-01-19T22:23:37.0,2026-01-15T04:01:22.531,"Any[10, 19, 25, 30, 37, 45, 56]",10,56
1367,2026-01-19T22:27:59.0,2026-01-15T04:05:44.531,"Any[53, 45, 37, 30, 25]",53,25
1021,2026-01-19T23:24:09.53,2026-01-15T05:01:55.061,"Any[60, 56, 45, 37, 30, 25, 19]",60,19
313,2026-01-19T23:46:28.0,2026-01-22T05:24:13.531,"Any[53, 45, 37, 30, 25, 19, 11, 6, 1]",53,1
446,2026-01-19T23:46:28.0,2026-01-22T05:24:13.531,"Any[53, 45, 37, 30, 25, 19, 11, 6, 1]",53,1
1198,2026-01-20T00:22:14.0,2026-01-22T05:59:59.531,"Any[1, 6, 11, 19, 25, 30, 37, 45, 53, 60]",1,60
1338,2026-01-20T00:22:14.0,2026-01-15T05:59:59.531,"Any[1, 6, 11, 19, 25, 30, 37, 45, 53, 60]",1,60
846,2026-01-20T01:23:17.0,2026-01-15T07:01:02.531,"Any[7, 8, 13, 19, 25, 30, 37, 45, 53]",7,53
1379,2026-01-20T01:38:53.0,2026-01-15T07:16:38.531,"Any[56, 45, 37, 30, 25, 19, 13, 30, 25, 19, 13, 8]",56,8
100,2026-01-20T02:00:00.0,2026-01-22T07:37:45.531,"Any[7, 8, 13, 19, 25, 30, 37, 45, 53, 60]",7,60
1561,2026-01-20T02:02:00.0,2026-01-22T07:39:45.531,Any[],6,64
297,2026-01-20T02:13:39.0,2026-01-15T07:51:24.531,"Any[53, 45, 37, 30, 25, 19, 11, 6, 1]",53,1
1279,2026-01-20T02:13:54.0,2026-01-22T07:51:39.531,"Any[19, 25, 30, 37, 45, 56]",19,56
349,2026-01-20T02:17:13.0,2026-01-15T07:54:58.531,"Any[53, 45, 37, 30, 25, 19, 10]",53,10
868,2026-01-20T02:35:34.0,2026-01-15T08:13:19.531,"Any[8, 13, 19, 25, 30, 37, 45, 53]",8,53
956,2026-01-20T02:57:02.0,2026-01-15T08:34:47.531,"Any[7, 8, 13, 19, 25, 30, 37, 45, 56]",7,56
731,2026-01-20T03:21:06.0,2026-01-22T08:58:51.531,"Any[8, 13, 19, 25, 30, 37, 45, 53]",8,53
96,2026-01-20T04:22:11.0,2026-01-15T09:59:56.531,"Any[19, 25, 30, 37, 45, 56]",19,56
1369,2026-01-20T05:19:14.0,2026-01-22T10:56:59.531,"Any[5, 6, 11, 19, 25, 30, 37, 45]",5,45
608,2026-01-20T05:37:25.0,2026-01-22T11:15:10.531,"Any[60, 56, 45, 37, 30, 25, 19, 11, 6, 1]",60,1
746,2026-01-20T06:39:10.591,2026-01-15T12:16:56.122,"Any[10, 19, 25, 30, 37, 45, 53]",10,53
637,2026-01-20T06:48:39.0,2026-01-22T12:26:24.531,"Any[6, 11, 16, 25, 30, 37, 45, 56]",6,56
29,2026-01-20T07:10:53.0,2026-01-15T12:48:38.531,"Any[60, 53, 45, 37, 30, 25, 19, 13, 8]",60,8
97,2026-01-20T07:10:53.0,2026-01-15T12:48:38.531,"Any[60, 53, 45, 37, 30, 25, 19, 13, 8]",60,8
1429,2026-01-20T07:40:00.0,2026-01-22T13:17:45.531,"Any[7, 8, 13, 19, 25, 30, 37, 45, 53]",7,53
667,2026-01-20T08:41:38.0,2026-01-22T14:19:23.531,"Any[10, 19, 25, 30, 37, 45, 53]",10,53
129,2026-01-20T08:41:47.0,2026-01-22T14:19:32.531,"Any[7, 8, 13, 19, 25, 30, 37, 45, 53]",7,53
957,2026-01-20T09:05:02.0,2026-01-22T14:42:47.531,"Any[60, 53, 45, 37, 30, 25, 19, 11, 6, 1]",60,1
1588,2026-01-20T09:23:00.0,2026-01-15T15:00:45.531,Any[],10,64
322,2026-01-20T09:36:07.0,2026-01-22T15:13:52.531,"Any[1, 6, 11, 19, 25, 30, 37, 45, 56]",1,56
62,2026-01-20T09:39:13.0,2026-01-15T15:16:58.531,"Any[25, 30, 37, 45, 56]",25,56
1531,2026-01-20T09:39:13.0,2026-01-15T15:16:58.531,"Any[25, 30, 37, 45, 56]",25,56
1532,2026-01-20T09:39:13.0,2026-01-15T15:16:58.531,"Any[25, 30, 37, 45, 56]",25,56
1142,2026-01-20T10:03:11.0,2026-01-22T15:40:56.531,"Any[45, 37, 30, 25]",45,25
1276,2026-01-20T10:03:11.0,2026-01-15T15:40:56.531,"Any[45, 37, 30, 25]",45,25
979,2026-01-20T10:05:49.0,2026-01-15T15:43:34.531,"Any[45, 37, 30, 25]",45,25
569,2026-01-20T10:24:00.635,2026-01-22T16:01:46.166,"Any[56, 45, 37, 30, 25, 19, 11, 6, 1]",56,1
259,2026-01-20T10:25:51.0,2026-01-22T16:03:36.531,"Any[53, 45, 37, 30, 25, 19, 11, 6]",53,6
1383,2026-01-20T10:25:51.0,2026-01-22T16:03:36.531,"Any[53, 45, 37, 30, 25, 19, 11, 6]",53,6
1438,2026-01-20T10:26:00.0,2026-01-22T16:03:45.531,Any[],60,17
525,2026-01-20T10:27:16.0,2026-01-15T16:05:01.531,"Any[53, 45, 37, 30, 25, 19, 11, 6, 1]",53,1
1092,2026-01-20T10:44:38.0,2026-01-22T16:22:23.531,"Any[8, 13, 19, 25, 30, 37, 45, 56]",8,56
847,2026-01-20T10:59:56.0,2026-01-15T16:37:41.531,"Any[19, 25, 30, 37, 45, 53]",19,53
332,2026-01-20T11:20:59.0,2026-01-22T16:58:44.531,"Any[56, 45, 37, 30, 25, 19, 13, 8]",56,8
555,2026-01-20T11:22:03.0,2026-01-15T16:59:48.531,"Any[56, 45, 37, 30, 25, 19, 13, 8]",56,8
1380,2026-01-20T11:22:03.0,2026-01-22T16:59:48.531,"Any[56, 45, 37, 30, 25, 19, 13, 8]",56,8
76,2026-01-20T11:29:00.0,2026-01-22T17:06:45.531,"Any[6, 11, 19, 25, 30, 37, 45]",6,45
651,2026-01-20T11:46:22.0,2026-01-15T17:24:07.531,"Any[8, 13, 19, 25, 30, 37, 45, 56]",8,56
1117,2026-01-20T11:53:28.0,2026-01-22T17:31:13.531,"Any[62, 45, 37, 30, 25, 19, 13, 8]",62,8
878,2026-01-20T12:00:47.0,2026-01-15T17:38:32.531,"Any[6, 11, 19, 25, 30, 37, 45, 53]",6,53
311,2026-01-20T12:23:31.0,2026-01-22T18:01:16.531,"Any[60, 53, 45, 37, 30, 25]",60,25
376,2026-01-20T12:37:08.0,2026-01-15T18:14:53.531,"Any[17, 25, 30, 37, 45, 56]",17,56
571,2026-01-20T12:37:08.0,2026-01-22T18:14:53.531,"Any[17, 25, 30, 37, 45, 56]",17,56
1215,2026-01-20T12:38:34.032,2026-01-15T18:16:19.563,"Any[8, 13, 19, 25, 30, 37, 45]",8,45
541,2026-01-20T12:38:54.0,2026-01-15T18:16:39.531,"Any[62, 53, 45, 37, 30, 25, 19, 13, 8]",62,8
20,2026-01-20T12:42:51.993,2026-01-22T18:20:37.524,"Any[56, 45, 37, 30, 25, 19, 13, 8]",56,8
1162,2026-01-20T12:42:51.993,2026-01-22T18:20:37.524,"Any[56, 45, 37, 30, 25, 19, 13, 8]",56,8
186,2026-01-20T12:52:03.0,2026-01-15T18:29:48.531,"Any[19, 25, 30, 37, 45, 56]",19,56
662,2026-01-20T12:56:20.0,2026-01-15T18:34:05.531,"Any[6, 11, 16, 25, 30, 37, 45, 56]",6,56
883,2026-01-20T13:00:21.0,2026-01-15T18:38:06.531,"Any[53, 45, 37, 30, 25, 19, 10]",53,10
293,2026-01-20T13:49:40.0,2026-01-15T19:27:25.531,"Any[19, 25, 30, 37, 45, 56]",19,56
615,2026-01-20T13:52:16.0,2026-01-22T19:30:01.531,"Any[13, 19, 25, 30, 37, 45, 53]",13,53
753,2026-01-20T14:00:47.0,2026-01-22T19:38:32.531,"Any[6, 11, 25, 30, 37, 45, 56]",6,56
143,2026-01-20T14:14:31.0,2026-01-15T19:52:16.531,"Any[19, 25, 30, 37, 45, 56, 60]",19,60
850,2026-01-20T14:14:31.0,2026-01-15T19:52:16.531,"Any[19, 25, 30, 37, 45, 56, 60]",19,60
444,2026-01-20T14:23:19.0,2026-01-22T20:01:04.531,"Any[8, 13, 19, 25, 30, 37, 45, 56]",8,56
1382,2026-01-20T14:23:19.0,2026-01-22T20:01:04.531,"Any[8, 13, 19, 25, 30, 37, 45, 56]",8,56
499,2026-01-20T14:34:23.0,2026-01-22T20:12:08.531,"Any[6, 11, 19, 25, 30, 37, 45]",6,45
536,2026-01-20T14:34:23.0,2026-01-15T20:12:08.531,"Any[6, 11, 19, 25, 30, 37, 45]",6,45
185,2026-01-20T14:47:15.0,2026-01-15T20:25:00.531,"Any[6, 11, 19, 25, 30, 37, 45]",6,45
239,2026-01-20T15:13:04.0,2026-01-22T20:50:49.531,"Any[60, 56, 45, 37, 30, 25, 19, 11, 6, 1]",60,1
763,2026-01-20T15:23:07.0,2026-01-15T21:00:52.531,"Any[6, 11, 19, 25, 30, 37, 45]",6,45
1059,2026-01-20T15:23:07.0,2026-01-15T21:00:52.531,"Any[6, 11, 19, 25, 30, 37, 45]",6,45
73,2026-01-20T15:34:52.566,2026-01-15T21:12:38.097,"Any[64, 60, 56, 45, 37, 30, 25, 19]",64,19
788,2026-01-20T16:02:05.54,2026-01-22T21:39:51.071,"Any[8, 13, 25, 30, 37, 45, 56]",8,56
13,2026-01-20T16:05:20.103,2026-01-15T21:43:05.634,"Any[60, 56, 45, 37, 30, 25]",60,25
649,2026-01-20T16:15:19.0,2026-01-15T21:53:04.531,"Any[56, 45, 37, 30, 25, 19, 11, 6]",56,6
1186,2026-01-20T16:17:24.0,2026-01-15T21:55:09.531,"Any[8, 13, 19, 25, 30, 37, 45, 53]",8,53
285,2026-01-20T16:33:41.0,2026-01-15T22:11:26.531,"Any[19, 25, 30, 37, 45, 56]",19,56
820,2026-01-20T16:35:07.0,2026-01-22T22:12:52.531,"Any[53, 45, 37, 30, 25, 19, 13, 8]",53,8
1201,2026-01-20T16:36:56.0,2026-01-22T22:14:41.531,"Any[64, 60, 56, 45, 37, 30, 25, 19, 13, 8]",64,8
1395,2026-01-20T16:36:56.0,2026-01-22T22:14:41.531,"Any[64, 60, 56, 45, 37, 30, 25, 19, 13, 8]",64,8
1189,2026-01-20T16:39:59.0,2026-01-15T22:17:44.531,"Any[64, 60, 53, 45, 37, 30, 25]",64,25
194,2026-01-20T16:40:02.0,2026-01-22T22:17:47.531,"Any[60, 56, 45, 37, 30, 25]",60,25
1527,2026-01-20T16:40:44.154,2026-01-15T22:18:29.685,"Any[25, 30, 37, 45, 56]",25,56
839,2026-01-20T16:42:50.0,2026-01-22T22:20:35.531,"Any[64, 60, 56, 45, 37, 30, 25]",64,25
1501,2026-01-20T16:53:00.0,2026-01-22T22:30:45.531,Any[],53,3
785,2026-01-20T16:53:37.0,2026-01-22T22:31:22.531,"Any[60, 56, 45, 37, 30, 25]",60,25
164,2026-01-20T16:53:44.0,2026-01-22T22:31:29.531,"Any[60, 56, 45, 37, 30, 25]",60,25
686,2026-01-20T16:55:12.0,2026-01-22T22:32:57.531,"Any[64, 60, 56, 45, 37, 30, 25, 19, 13, 8]",64,8
1396,2026-01-20T16:58:49.0,2026-01-15T22:36:34.531,"Any[60, 56, 53, 45, 37, 30, 25, 19, 11, 6]",60,6
266,2026-01-20T16:59:58.0,2026-01-22T22:37:43.531,"Any[6, 11, 19, 25, 30, 37, 45]",6,45
310,2026-01-20T17:01:39.0,2026-01-22T22:39:24.531,"Any[60, 56, 45, 37, 30, 25, 19, 11, 6, 1]",60,1
1499,2026-01-20T17:10:00.0,2026-01-22T22:47:45.531,Any[],53,3
1431,2026-01-20T17:26:12.0,2026-01-15T23:03:57.531,"Any[25, 30, 37, 45, 53, 60]",25,60
798,2026-01-20T17:28:51.446,2026-01-22T23:06:36.977,"Any[56, 45, 37, 30, 25]",56,25
1582,2026-01-20T17:35:00.0,2026-01-22T23:12:45.531,Any[],10,64
1402,2026-01-20T17:35:44.849,2026-01-15T23:13:30.38,"Any[8, 13, 19, 25, 30, 37, 45, 53]",8,53
1348,2026-01-20T17:36:02.0,2026-01-15T23:13:47.531,"Any[6, 11, 19, 25, 30, 37, 45]",6,45
1456,2026-01-20T17:41:12.448,2026-01-15T23:18:57.979,"Any[56, 45, 37, 30, 25, 19]",56,19
295,2026-01-20T17:46:06.358,2026-01-15T23:23:51.889,"Any[56, 45, 37, 30, 25, 19, 11, 6]",56,6
962,2026-01-20T17:46:06.358,2026-01-15T23:23:51.889,"Any[56, 45, 37, 30, 25, 19, 11, 6]",56,6
152,2026-01-20T18:05:48.0,2026-01-15T23:43:33.531,"Any[8, 13, 19, 25, 30, 37, 45, 56, 60]",8,60
975,2026-01-20T18:05:48.0,2026-01-22T23:43:33.531,"Any[8, 13, 19, 25, 30, 37, 45, 56, 60]",8,60
1359,2026-01-20T18:05:48.0,2026-01-22T23:43:33.531,"Any[8, 13, 19, 25, 30, 37, 45, 56, 60]",8,60
261,2026-01-20T18:11:54.229,2026-01-15T23:49:39.76,"Any[6, 11, 19, 25, 30, 37, 45, 56]",6,56
623,2026-01-20T18:12:02.0,2026-01-15T23:49:47.531,"Any[10, 19, 25, 30, 37, 45, 56]",10,56
900,2026-01-20T18:12:02.0,2026-01-15T23:49:47.531,"Any[10, 19, 25, 30, 37, 45, 56]",10,56
935,2026-01-20T18:12:02.0,2026-01-22T23:49:47.531,"Any[10, 19, 25, 30, 37, 45, 56]",10,56
1150,2026-01-20T18:12:02.0,2026-01-15T23:49:47.531,"Any[10, 19, 25, 30, 37, 45, 56]",10,56
652,2026-01-20T18:18:40.725,2026-01-15T23:56:26.256,"Any[56, 45, 37, 30, 25, 19, 11, 6]",56,6
198,2026-01-20T18:18:41.0,2026-01-15T23:56:26.531,"Any[64, 60, 56, 45, 37, 30, 25, 19, 11, 6]",64,6
1042,2026-01-20T18:19:05.0,2026-01-22T23:56:50.531,"Any[6, 11, 19, 25, 30, 37, 45]",6,45
345,2026-01-20T18:43:23.0,2026-01-16T00:21:08.531,"Any[56, 45, 37, 30, 25, 19]",56,19
350,2026-01-20T18:43:31.556,2026-01-23T00:21:17.087,"Any[60, 56, 45, 37, 30, 25, 19, 11, 6]",60,6
59,2026-01-20T18:47:35.0,2026-01-16T00:25:20.531,"Any[60, 53, 45, 37, 30, 25]",60,25
1185,2026-01-20T18:49:25.0,2026-01-23T00:27:10.531,"Any[5, 6, 11, 25, 30, 37, 45, 56]",5,56
782,2026-01-20T18:59:11.0,2026-01-16T00:36:56.531,"Any[1, 6, 11, 16, 25, 30, 37, 45, 53]",1,53
575,2026-01-20T19:21:17.0,2026-01-16T00:59:02.531,"Any[6, 11, 19, 25, 30, 37, 45, 56]",6,56
857,2026-01-20T19:21:17.0,2026-01-23T00:59:02.531,"Any[6, 11, 19, 25, 30, 37, 45, 56]",6,56
1441,2026-01-20T19:22:00.0,2026-01-23T00:59:45.531,Any[],60,16
154,2026-01-20T19:32:09.0,2026-01-16T01:09:54.531,"Any[10, 19, 25, 30, 37, 45, 53]",10,53
710,2026-01-20T19:37:56.0,2026-01-16T01:15:41.531,"Any[8, 13, 19, 25, 30, 37, 45]",8,45
268,2026-01-20T19:39:26.584,2026-01-16T01:17:12.115,"Any[53, 45, 37, 30, 25]",53,25
596,2026-01-20T19:39:26.584,2026-01-23T01:17:12.115,"Any[53, 45, 37, 30, 25]",53,25
202,2026-01-20T20:21:58.0,2026-01-16T01:59:43.531,"Any[7, 8, 13, 19, 25, 30, 37, 45]",7,45
1170,2026-01-20T20:22:05.0,2026-01-23T01:59:50.531,"Any[53, 45, 37, 30, 25, 19, 10]",53,10
726,2026-01-20T20:29:21.0,2026-01-16T02:07:06.531,"Any[53, 45, 37, 30, 25, 19, 13, 8]",53,8
879,2026-01-20T20:48:06.0,2026-01-16T02:25:51.531,"Any[6, 11, 19, 25, 30, 37, 45, 56]",6,56
1105,2026-01-20T20:58:18.0,2026-01-16T02:36:03.531,"Any[56, 45, 37, 30, 25, 19, 13, 8]",56,8
955,2026-01-20T20:58:23.0,2026-01-23T02:36:08.531,"Any[53, 45, 37, 30, 25, 19, 11, 6, 1]",53,1
125,2026-01-20T21:13:03.0,2026-01-23T02:50:48.531,"Any[60, 56, 45, 37, 30, 25]",60,25
1154,2026-01-20T21:33:36.0,2026-01-16T03:11:21.531,"Any[8, 13, 19, 25, 30, 37, 45, 56]",8,56
799,2026-01-20T21:36:51.0,2026-01-16T03:14:36.531,"Any[10, 19, 25, 30, 37, 45, 53, 60]",10,60
409,2026-01-20T21:56:27.0,2026-01-23T03:34:12.531,"Any[7, 8, 13, 19, 25, 30, 37, 45, 53]",7,53
1590,2026-01-20T22:15:00.0,2026-01-16T03:52:45.531,Any[],10,64
232,2026-01-20T22:15:08.0,2026-01-16T03:52:53.531,"Any[60, 56, 45, 37, 30, 25, 19, 11, 10]",60,10
304,2026-01-20T22:15:08.0,2026-01-23T03:52:53.531,"Any[60, 56, 45, 37, 30, 25, 19, 11, 10]",60,10
434,2026-01-20T22:24:16.0,2026-01-23T04:02:01.531,"Any[53, 45, 37, 30, 25, 19, 10]",53,10
373,2026-01-20T22:27:45.887,2026-01-16T04:05:31.418,"Any[53, 45, 37, 30, 25, 19, 11, 6, 1]",53,1
824,2026-01-20T22:54:52.0,2026-01-23T04:32:37.531,"Any[56, 45, 37, 30, 25, 19, 11, 6]",56,6
1378,2026-01-20T22:54:52.0,2026-01-23T04:32:37.531,"Any[56, 45, 37, 30, 25, 19, 11, 6]",56,6
873,2026-01-20T23:03:47.0,2026-01-23T04:41:32.531,"Any[8, 13, 19, 25, 30, 37, 45, 56]",8,56
1078,2026-01-20T23:07:24.0,2026-01-16T04:45:09.531,"Any[8, 13, 19, 25, 30, 37, 45, 56]",8,56
381,2026-01-20T23:16:17.0,2026-01-23T04:54:02.531,"Any[1, 6, 11, 19, 25, 30, 37, 45, 53, 60]",1,60
1371,2026-01-20T23:16:17.0,2026-01-23T04:54:02.531,"Any[1, 6, 11, 19, 25, 30, 37, 45, 53, 60]",1,60
770,2026-01-20T23:41:26.0,2026-01-23T05:19:11.531,"Any[8, 13, 19, 25, 30, 37, 45, 56]",8,56
222,2026-01-21T00:16:00.0,2026-01-23T05:53:45.531,"Any[53, 45, 37, 30, 25]",53,25
744,2026-01-21T00:16:00.0,2026-01-16T05:53:45.531,"Any[53, 45, 37, 30, 25]",53,25
906,2026-01-21T00:16:00.0,2026-01-23T05:53:45.531,"Any[53, 45, 37, 30, 25]",53,25
180,2026-01-21T00:16:06.0,2026-01-23T05:53:51.531,"Any[53, 45, 37, 30, 25]",53,25
181,2026-01-21T00:20:00.0,2026-01-23T05:57:45.531,"Any[60, 53, 45, 37, 30, 25, 19, 10]",60,10
1094,2026-01-21T00:20:13.0,2026-01-23T05:57:58.531,"Any[1, 6, 11, 19, 23, 36, 44, 54, 60]",1,60
326,2026-01-21T00:28:19.0,2026-01-23T06:06:04.531,"Any[10, 11, 19, 25, 30, 37, 45, 53]",10,53
947,2026-01-21T00:38:56.0,2026-01-16T06:16:41.531,"Any[10, 19, 25, 30, 37, 45, 53]",10,53
1593,2026-01-21T00:38:56.0,2026-01-23T06:16:41.531,"Any[10, 19, 25, 30, 37, 45, 53]",10,53
255,2026-01-21T01:13:18.0,2026-01-16T06:51:03.531,"Any[7, 8, 13, 19, 25, 30, 37, 45, 53]",7,53
22,2026-01-21T01:29:37.0,2026-01-16T07:07:22.531,"Any[10, 19, 25, 30, 37, 45, 53]",10,53
1321,2026-01-21T02:00:00.0,2026-01-16T07:37:45.531,"Any[7, 8, 13, 19, 25, 30, 37, 45, 53]",7,53
1509,2026-01-21T02:03:40.0,2026-01-23T07:41:25.531,"Any[45, 37, 30, 25, 19, 13, 8]",45,8
495,2026-01-21T02:04:10.0,2026-01-23T07:41:55.531,"Any[10, 19, 25, 30, 37, 45, 53, 60]",10,60
1108,2026-01-21T02:16:37.0,2026-01-23T07:54:22.531,"Any[19, 25, 30, 37, 45, 56]",19,56
337,2026-01-21T02:35:35.0,2026-01-23T08:13:20.531,"Any[53, 45, 37, 30, 25, 19, 11, 6, 1]",53,1
946,2026-01-21T02:50:42.0,2026-01-23T08:28:27.531,"Any[53, 45, 37, 30, 25, 19, 11, 6, 1]",53,1
940,2026-01-21T03:39:29.0,2026-01-23T09:17:14.531,"Any[56, 45, 37, 30, 25, 19, 13, 8]",56,8
1381,2026-01-21T05:12:52.0,2026-01-23T10:50:37.531,"Any[56, 45, 37, 30, 25, 19, 11, 6, 1]",56,1
408,2026-01-21T06:38:22.0,2026-01-16T12:16:07.531,"Any[53, 45, 37, 25]",53,25
1144,2026-01-21T06:38:22.0,2026-01-16T12:16:07.531,"Any[53, 45, 37, 25]",53,25
430,2026-01-21T07:21:43.0,2026-01-16T12:59:28.531,"Any[53, 45, 37, 30, 25, 19, 11, 6]",53,6
481,2026-01-21T07:22:00.287,2026-01-16T12:59:45.818,"Any[8, 13, 19, 25, 30, 37, 45, 56]",8,56
238,2026-01-21T07:36:16.0,2026-01-23T13:14:01.531,"Any[8, 13, 19, 25, 30, 37, 45, 56]",8,56
1178,2026-01-21T07:36:16.0,2026-01-16T13:14:01.531,"Any[8, 13, 19, 25, 30, 37, 45, 56]",8,56
682,2026-01-21T07:38:47.0,2026-01-16T13:16:32.531,"Any[19, 25, 30, 37, 45, 56]",19,56
483,2026-01-21T08:04:21.0,2026-01-16T13:42:06.531,"Any[6, 11, 19, 25, 30, 37, 45, 56]",6,56
814,2026-01-21T08:09:25.0,2026-01-16T13:47:10.531,"Any[53, 45, 37, 30, 25]",53,25
290,2026-01-21T08:23:23.0,2026-01-16T14:01:08.531,"Any[10, 19, 25, 30, 37, 45]",10,45
1254,2026-01-21T08:23:23.0,2026-01-23T14:01:08.531,"Any[10, 19, 25, 30, 37, 45]",10,45
722,2026-01-21T08:31:21.0,2026-01-23T14:09:06.531,"Any[8, 13, 19, 25, 30, 37, 45, 56]",8,56
737,2026-01-21T08:47:01.0,2026-01-16T14:24:46.531,"Any[6, 11, 19, 25, 30, 37, 45, 56]",6,56
563,2026-01-21T08:49:55.0,2026-01-16T14:27:40.531,"Any[6, 11, 16, 25, 30, 37, 45]",6,45
665,2026-01-21T08:54:12.0,2026-01-16T14:31:57.531,"Any[6, 11, 19, 25, 30, 37, 45, 53]",6,53
156,2026-01-21T08:55:06.0,2026-01-23T14:32:51.531,"Any[8, 13, 19, 25, 30, 37, 45, 56]",8,56
277,2026-01-21T08:55:26.0,2026-01-23T14:33:11.531,"Any[53, 45, 37, 30, 25, 19, 11, 6, 1]",53,1
249,2026-01-21T08:57:51.0,2026-01-16T14:35:36.531,"Any[53, 45, 37, 30, 25, 19, 13, 8]",53,8
1155,2026-01-21T09:36:53.0,2026-01-23T15:14:38.531,"Any[3, 10, 19, 25, 30, 37, 45, 53, 60]",3,60
172,2026-01-21T09:49:07.0,2026-01-23T15:26:52.531,"Any[6, 10, 19, 25, 30, 37, 45]",6,45
1312,2026-01-21T09:49:07.0,2026-01-23T15:26:52.531,"Any[6, 10, 19, 25, 30, 37, 45]",6,45
429,2026-01-21T10:21:07.0,2026-01-23T15:58:52.531,"Any[17, 25, 30, 37, 45, 53]",17,53
766,2026-01-21T10:26:34.0,2026-01-23T16:04:19.531,"Any[53, 45, 37, 30, 25, 19, 10]",53,10
153,2026-01-21T10:48:36.0,2026-01-23T16:26:21.531,"Any[8, 13, 19, 25, 30, 37, 45, 56]",8,56
1422,2026-01-21T10:50:05.0,2026-01-16T16:27:50.531,"Any[3, 6, 11, 19, 25, 30, 37, 45, 56]",3,56
719,2026-01-21T10:50:52.0,2026-01-23T16:28:37.531,"Any[53, 45, 37, 30, 25]",53,25
422,2026-01-21T11:04:29.0,2026-01-23T16:42:14.531,"Any[53, 45, 37, 30, 25, 19, 10]",53,10
518,2026-01-21T11:15:17.0,2026-01-23T16:53:02.531,"Any[3, 6, 11, 19, 25, 30, 37, 45]",3,45
1309,2026-01-21T11:22:34.0,2026-01-23T17:00:19.531,"Any[6, 11, 19, 25, 30, 37, 45, 56]",6,56
969,2026-01-21T11:36:42.548,2026-01-16T17:14:28.079,"Any[60, 56, 45, 37, 30, 25, 19, 11, 6]",60,6
1580,2026-01-21T11:51:00.0,2026-01-16T17:28:45.531,Any[],10,64
95,2026-01-21T11:58:47.0,2026-01-16T17:36:32.531,"Any[53, 45, 37, 30, 25, 19, 13, 8]",53,8
711,2026-01-21T12:00:49.0,2026-01-16T17:38:34.531,"Any[16, 25, 30, 37, 45, 53, 60]",16,60
535,2026-01-21T12:27:48.0,2026-01-23T18:05:33.531,"Any[8, 13, 19, 25, 30, 37, 45, 53]",8,53
1364,2026-01-21T12:27:48.0,2026-01-23T18:05:33.531,"Any[8, 13, 19, 25, 30, 37, 45, 53]",8,53
1244,2026-01-21T12:47:03.0,2026-01-16T18:24:48.531,"Any[53, 45, 37, 30, 25, 19, 11, 6, 1]",53,1
1308,2026-01-21T13:06:44.256,2026-01-23T18:44:29.787,"Any[54, 44, 36, 23, 19, 13, 8, 7]",54,7
674,2026-01-21T13:14:21.0,2026-01-16T18:52:06.531,"Any[56, 45, 37, 30, 25, 19, 11, 6]",56,6
692,2026-01-21T13:14:21.0,2026-01-23T18:52:06.531,"Any[56, 45, 37, 30, 25, 19, 11, 6]",56,6
246,2026-01-21T13:15:15.0,2026-01-16T18:53:00.531,"Any[60, 53, 45, 37, 30, 25]",60,25
85,2026-01-21T13:22:39.0,2026-01-16T19:00:24.531,"Any[64, 60, 53, 45, 37, 30, 25]",64,25
580,2026-01-21T13:41:01.0,2026-01-16T19:18:46.531,"Any[56, 45, 37, 30, 25, 19, 13, 8]",56,8
189,2026-01-21T14:29:12.0,2026-01-16T20:06:57.531,"Any[56, 45, 37, 30, 25, 19, 13, 8]",56,8
80,2026-01-21T14:30:45.0,2026-01-16T20:08:30.531,"Any[6, 11, 19, 25, 30, 37, 45]",6,45
1200,2026-01-21T14:30:45.0,2026-01-16T20:08:30.531,"Any[6, 11, 19, 25, 30, 37, 45]",6,45
890,2026-01-21T14:31:05.0,2026-01-23T20:08:50.531,"Any[19, 25, 30, 37, 45]",19,45
1390,2026-01-21T14:33:52.0,2026-01-16T20:11:37.531,"Any[56, 45, 37, 30, 25, 19, 11, 6]",56,6
1335,2026-01-21T14:39:48.0,2026-01-16T20:17:33.531,"Any[6, 11, 19, 25, 30, 37, 45]",6,45
933,2026-01-21T14:56:23.0,2026-01-23T20:34:08.531,"Any[6, 11, 19, 25, 30, 37, 45]",6,45
909,2026-01-21T15:04:52.0,2026-01-23T20:42:37.531,"Any[6, 11, 19, 25, 30, 37, 45, 53]",6,53
28,2026-01-21T15:11:16.0,2026-01-16T20:49:01.531,"Any[6, 11, 19, 25, 30, 37, 45, 56]",6,56
248,2026-01-21T15:14:19.726,2026-01-23T20:52:05.257,"Any[6, 11, 25, 30, 37, 45]",6,45
382,2026-01-21T15:14:19.726,2026-01-23T20:52:05.257,"Any[6, 11, 25, 30, 37, 45]",6,45
356,2026-01-21T15:21:47.0,2026-01-23T20:59:32.531,"Any[1, 6, 11, 19, 25, 30, 37, 45, 53]",1,53
603,2026-01-21T15:21:47.0,2026-01-16T20:59:32.531,"Any[1, 6, 11, 19, 25, 30, 37, 45, 53]",1,53
1054,2026-01-21T15:24:01.0,2026-01-23T21:01:46.531,"Any[53, 45, 37, 30, 25, 19, 13, 8]",53,8
324,2026-01-21T15:50:58.0,2026-01-23T21:28:43.531,"Any[56, 45, 37, 30, 25, 19, 11, 6]",56,6
542,2026-01-21T15:53:18.0,2026-01-23T21:31:03.531,"Any[56, 45, 37, 30, 25, 19, 13, 8]",56,8
1038,2026-01-21T16:02:18.0,2026-01-16T21:40:03.531,"Any[6, 11, 16, 25, 30, 37, 45]",6,45
166,2026-01-21T16:45:20.0,2026-01-23T22:23:05.531,"Any[45, 37, 30, 25]",45,25
899,2026-01-21T16:45:20.0,2026-01-23T22:23:05.531,"Any[45, 37, 30, 25]",45,25
548,2026-01-21T16:47:57.0,2026-01-16T22:25:42.531,"Any[6, 11, 19, 25, 30, 37, 45]",6,45
768,2026-01-21T16:52:12.0,2026-01-16T22:29:57.531,"Any[8, 13, 19, 25, 30, 37, 45, 56]",8,56
1439,2026-01-21T17:01:00.0,2026-01-23T22:38:45.531,Any[],60,16
1235,2026-01-21T17:19:22.0,2026-01-23T22:57:07.531,"Any[56, 45, 37, 30, 25, 19, 11, 6, 1]",56,1
997,2026-01-21T17:20:02.0,2026-01-16T22:57:47.531,"Any[8, 13, 19, 25, 30, 37, 45, 56]",8,56
1495,2026-01-21T17:24:00.0,2026-01-23T23:01:45.531,Any[],53,3
215,2026-01-21T17:43:11.109,2026-01-23T23:20:56.64,"Any[60, 56, 45, 37, 30, 25, 19, 11, 6]",60,6
750,2026-01-21T18:42:20.0,2026-01-17T00:20:05.531,"Any[8, 13, 19, 25, 30, 37, 45, 53]",8,53
1440,2026-01-21T18:44:00.0,2026-01-17T00:21:45.531,Any[],60,16
45,2026-01-21T19:04:14.0,2026-01-24T00:41:59.531,"Any[60, 56, 45, 37, 30, 25, 19, 11, 6]",60,6
807,2026-01-21T19:05:20.0,2026-01-17T00:43:05.531,"Any[8, 13, 19, 25, 30, 37, 45, 53]",8,53
583,2026-01-21T19:11:51.0,2026-01-17T00:49:36.531,"Any[1, 6, 11, 19, 25, 30, 37, 45, 53]",1,53
972,2026-01-21T19:56:06.0,2026-01-17T01:33:51.531,"Any[53, 45, 37, 30, 25, 19, 11, 6, 1]",53,1
42,2026-01-21T20:10:44.013,2026-01-24T01:48:29.544,"Any[8, 13, 19, 25, 30, 37, 45, 53]",8,53
160,2026-01-21T20:34:41.0,2026-01-17T02:12:26.531,"Any[53, 45, 37, 30, 25, 19, 13, 8]",53,8
114,2026-01-21T20:48:19.0,2026-01-24T02:26:04.531,"Any[56, 45, 37, 30, 25, 19, 11, 6]",56,6
1160,2026-01-21T21:02:40.0,2026-01-17T02:40:25.531,"Any[53, 45, 37, 30, 25]",53,25
1265,2026-01-21T21:58:28.0,2026-01-17T03:36:13.531,"Any[1, 6, 11, 25, 30, 37, 45, 53]",1,53
23,2026-01-21T22:08:38.0,2026-01-17T03:46:23.531,"Any[8, 13, 19, 25, 30, 37, 45, 56]",8,56
611,2026-01-21T22:10:13.0,2026-01-24T03:47:58.531,"Any[7, 8, 13, 19, 25, 30, 37, 45, 53]",7,53
729,2026-01-21T22:11:35.0,2026-01-17T03:49:20.531,"Any[8, 13, 19, 25, 30, 37, 45, 53]",8,53
242,2026-01-21T22:26:09.0,2026-01-17T04:03:54.531,"Any[8, 13, 19, 25, 30, 37, 45, 56]",8,56
1174,2026-01-21T22:26:09.0,2026-01-17T04:03:54.531,"Any[8, 13, 19, 25, 30, 37, 45, 56]",8,56
118,2026-01-21T23:05:33.0,2026-01-24T04:43:18.531,"Any[53, 45, 37, 30, 25]",53,25
1124,2026-01-21T23:05:33.0,2026-01-17T04:43:18.531,"Any[53, 45, 37, 30, 25]",53,25
985,2026-01-21T23:08:43.0,2026-01-24T04:46:28.531,"Any[6, 11, 19, 25, 30, 37, 45]",6,45
752,2026-01-21T23:41:44.0,2026-01-17T05:19:29.531,"Any[45, 37, 30, 25, 19, 10]",45,10
263,2026-01-22T00:08:56.565,2026-01-24T05:46:42.096,"Any[61, 53, 45, 37, 30, 25, 19, 11, 6]",61,6
867,2026-01-22T00:08:56.565,2026-01-17T05:46:42.096,"Any[61, 53, 45, 37, 30, 25, 19, 11, 6]",61,6
971,2026-01-22T00:30:29.0,2026-01-17T06:08:14.531,"Any[1, 6, 11, 19, 23, 28, 36, 44, 54, 60]",1,60
83,2026-01-22T00:49:18.0,2026-01-24T06:27:03.531,"Any[10, 19, 25, 30, 37, 45, 53]",10,53
1044,2026-01-22T00:51:35.897,2026-01-24T06:29:21.428,"Any[53, 45, 37, 30, 25, 19, 13, 8]",53,8
944,2026-01-22T01:01:24.0,2026-01-17T06:39:09.531,"Any[8, 13, 19, 25, 30, 37, 45, 56]",8,56
528,2026-01-22T01:20:39.098,2026-01-17T06:58:24.629,"Any[53, 45, 37, 30, 25, 19, 10]",53,10
37,2026-01-22T01:24:53.0,2026-01-17T07:02:38.531,"Any[7, 8, 13, 19, 25, 30, 37, 45, 53]",7,53
456,2026-01-22T01:26:12.0,2026-01-17T07:03:57.531,"Any[60, 53, 45, 37, 30, 25, 19, 11, 6, 1]",60,1
1006,2026-01-22T01:29:08.0,2026-01-24T07:06:53.531,"Any[64, 60, 53, 45, 37, 30, 25, 19, 13, 8]",64,8
1057,2026-01-22T01:53:56.0,2026-01-17T07:31:41.531,"Any[10, 19, 25, 30, 37, 45, 53, 60]",10,60
540,2026-01-22T02:01:06.0,2026-01-24T07:38:51.531,"Any[64, 60, 53, 45, 37, 30, 25, 19, 11, 6, 1]",64,1
907,2026-01-22T02:10:04.0,2026-01-17T07:47:49.531,"Any[10, 19, 25, 30, 37, 45, 53]",10,53
206,2026-01-22T02:11:44.0,2026-01-17T07:49:29.531,"Any[8, 13, 19, 25, 30, 37, 45, 56]",8,56
252,2026-01-22T02:11:44.0,2026-01-17T07:49:29.531,"Any[8, 13, 19, 25, 30, 37, 45, 56]",8,56
517,2026-01-22T02:11:44.0,2026-01-17T07:49:29.531,"Any[8, 13, 19, 25, 30, 37, 45, 56]",8,56
931,2026-01-22T02:11:44.0,2026-01-17T07:49:29.531,"Any[8, 13, 19, 25, 30, 37, 45, 56]",8,56
748,2026-01-22T02:18:59.0,2026-01-17T07:56:44.531,"Any[64, 60, 53, 45, 37, 30, 25, 19, 10]",64,10
1099,2026-01-22T02:20:40.0,2026-01-24T07:58:25.531,"Any[10, 19, 25, 30, 37, 45, 53]",10,53
472,2026-01-22T02:46:47.0,2026-01-24T08:24:32.531,"Any[7, 8, 13, 19, 25, 30, 37, 45, 53]",7,53
1203,2026-01-22T02:46:47.0,2026-01-17T08:24:32.531,"Any[7, 8, 13, 19, 25, 30, 37, 45, 53]",7,53
657,2026-01-22T03:46:06.524,2026-01-17T09:23:52.055,"Any[7, 8, 13, 19, 25, 30, 37, 45, 56]",7,56
943,2026-01-22T03:46:06.524,2026-01-17T09:23:52.055,"Any[7, 8, 13, 19, 25, 30, 37, 45, 56]",7,56
123,2026-01-22T05:14:16.0,2026-01-24T10:52:01.531,"Any[62, 56, 45, 37, 30, 25, 19]",62,19
1000,2026-01-22T05:14:16.0,2026-01-17T10:52:01.531,"Any[62, 56, 45, 37, 30, 25, 19]",62,19
1212,2026-01-22T05:14:16.0,2026-01-17T10:52:01.531,"Any[62, 56, 45, 37, 30, 25, 19]",62,19
654,2026-01-22T05:27:21.0,2026-01-17T11:05:06.531,"Any[60, 53, 45, 37, 30, 25, 19, 11, 6]",60,6
124,2026-01-22T05:35:11.0,2026-01-17T11:12:56.531,"Any[8, 13, 19, 25, 30, 37, 45, 56, 60, 64]",8,64
1535,2026-01-22T05:35:11.0,2026-01-17T11:12:56.531,"Any[8, 13, 19, 25, 30, 37, 45, 56, 60, 64]",8,64
1536,2026-01-22T05:35:11.0,2026-01-17T11:12:56.531,"Any[8, 13, 19, 25, 30, 37, 45, 56, 60, 64]",8,64
1540,2026-01-22T05:35:11.0,2026-01-24T11:12:56.531,"Any[8, 13, 19, 25, 30, 37, 45, 56, 60, 64]",8,64
1542,2026-01-22T05:35:11.0,2026-01-24T11:12:56.531,"Any[8, 13, 19, 25, 30, 37, 45, 56, 60, 64]",8,64
40,2026-01-22T05:56:34.0,2026-01-17T11:34:19.531,"Any[60, 56, 45, 37, 30, 25, 19, 11, 6, 1]",60,1
869,2026-01-22T05:56:34.0,2026-01-24T11:34:19.531,"Any[60, 56, 45, 37, 30, 25, 19, 11, 6, 1]",60,1
675,2026-01-22T06:05:23.0,2026-01-17T11:43:08.531,"Any[1, 6, 11, 19, 25, 30, 37, 45, 56]",1,56
1133,2026-01-22T07:06:37.0,2026-01-17T12:44:22.531,"Any[17, 25, 30, 37, 45, 53, 60]",17,60
476,2026-01-22T07:15:58.0,2026-01-24T12:53:43.531,"Any[60, 56, 45, 37, 30, 25, 19, 11, 6]",60,6
1596,2026-01-22T07:33:41.0,2026-01-17T13:11:26.531,"Any[10, 19, 25, 30, 37, 45, 53]",10,53
334,2026-01-22T07:49:21.0,2026-01-17T13:27:06.531,"Any[53, 45, 37, 30, 25, 19, 11, 6]",53,6
1086,2026-01-22T08:10:05.0,2026-01-17T13:47:50.531,"Any[60, 53, 45, 37, 30, 25]",60,25
1227,2026-01-22T08:10:05.0,2026-01-24T13:47:50.531,"Any[60, 53, 45, 37, 30, 25]",60,25
1377,2026-01-22T08:10:05.0,2026-01-24T13:47:50.531,"Any[60, 53, 45, 37, 30, 25]",60,25
316,2026-01-22T08:12:30.0,2026-01-24T13:50:15.531,"Any[19, 25, 30, 37, 45, 53]",19,53
188,2026-01-22T08:25:56.0,2026-01-24T14:03:41.531,"Any[62, 53, 45, 37, 30, 25, 19, 13, 8]",62,8
553,2026-01-22T08:25:56.0,2026-01-24T14:03:41.531,"Any[62, 53, 45, 37, 30, 25, 19, 13, 8]",62,8
1159,2026-01-22T08:25:56.0,2026-01-24T14:03:41.531,"Any[62, 53, 45, 37, 30, 25, 19, 13, 8]",62,8
511,2026-01-22T08:26:25.049,2026-01-24T14:04:10.58,"Any[8, 13, 19, 25, 30, 37, 45, 56]",8,56
1263,2026-01-22T09:03:04.104,2026-01-17T14:40:49.635,"Any[60, 56, 45, 37, 30, 25, 19, 11, 6]",60,6
264,2026-01-22T09:10:30.0,2026-01-17T14:48:15.531,"Any[53, 45, 37, 30, 25, 19, 10]",53,10
1248,2026-01-22T09:15:45.0,2026-01-17T14:53:30.531,"Any[56, 45, 37, 30, 25, 19]",56,19
1450,2026-01-22T09:15:45.0,2026-01-17T14:53:30.531,"Any[56, 45, 37, 30, 25, 19]",56,19
1077,2026-01-22T09:23:15.0,2026-01-17T15:01:00.531,"Any[64, 53, 45, 37, 30, 25, 19, 10]",64,10
515,2026-01-22T10:00:26.0,2026-01-17T15:38:11.531,"Any[8, 13, 19, 25, 30, 37, 45, 56]",8,56
872,2026-01-22T10:48:09.0,2026-01-24T16:25:54.531,"Any[53, 45, 37, 30, 25, 19, 10]",53,10
1432,2026-01-22T11:04:19.0,2026-01-24T16:42:04.531,"Any[56, 45, 37, 30, 25, 19, 13, 8]",56,8
928,2026-01-22T11:04:35.0,2026-01-24T16:42:20.531,"Any[60, 56, 45, 37, 30, 25, 19, 11, 6]",60,6
724,2026-01-22T11:07:22.0,2026-01-17T16:45:07.531,"Any[53, 45, 37, 30, 25, 19, 13, 8]",53,8
789,2026-01-22T11:15:00.0,2026-01-24T16:52:45.531,"Any[7, 8, 13, 19, 25, 30, 37, 45, 53]",7,53
1071,2026-01-22T11:15:14.375,2026-01-17T16:52:59.906,"Any[6, 11, 19, 25, 30, 37, 45, 56]",6,56
1199,2026-01-22T11:15:14.375,2026-01-24T16:52:59.906,"Any[6, 11, 19, 25, 30, 37, 45, 56]",6,56
1027,2026-01-22T11:51:56.0,2026-01-24T17:29:41.531,"Any[56, 45, 37, 30, 25, 19]",56,19
1458,2026-01-22T11:51:56.0,2026-01-24T17:29:41.531,"Any[56, 45, 37, 30, 25, 19]",56,19
12,2026-01-22T12:08:04.0,2026-01-24T17:45:49.531,"Any[53, 45, 37, 30, 25, 19, 10]",53,10
433,2026-01-22T12:51:04.884,2026-01-17T18:28:50.415,"Any[64, 60, 56, 45, 37, 30, 25, 19, 13, 8, 7, 8]",64,8
551,2026-01-22T12:51:08.0,2026-01-24T18:28:53.531,"Any[62, 45, 37, 30, 25, 19, 11, 6, 6, 1]",62,6
1156,2026-01-22T12:51:08.0,2026-01-17T18:28:53.531,"Any[62, 45, 37, 30, 25, 19, 11, 6, 6, 1]",62,6
797,2026-01-22T12:52:23.0,2026-01-17T18:30:08.531,"Any[6, 11, 19, 25, 30, 37, 45]",6,45
1366,2026-01-22T13:10:43.643,2026-01-24T18:48:29.174,"Any[1, 6, 11, 19, 25, 30, 37, 45, 56]",1,56
701,2026-01-22T13:55:44.0,2026-01-17T19:33:29.531,"Any[19, 25, 30, 37, 45, 56, 60]",19,60
1516,2026-01-22T13:57:00.0,2026-01-24T19:34:45.531,Any[],45,3
1556,2026-01-22T14:14:00.0,2026-01-24T19:51:45.531,Any[],2,64
698,2026-01-22T14:20:30.0,2026-01-24T19:58:15.531,"Any[6, 11, 19, 25, 30, 37, 45]",6,45
2,2026-01-22T14:25:26.0,2026-01-24T20:03:11.531,"Any[8, 13, 19, 25, 30, 37, 45, 56, 60]",8,60
459,2026-01-22T14:30:46.0,2026-01-17T20:08:31.531,"Any[1, 6, 11, 19, 25, 30, 37, 45, 56]",1,56
578,2026-01-22T14:30:51.0,2026-01-24T20:08:36.531,"Any[19, 25, 30, 37, 45, 56]",19,56
717,2026-01-22T14:35:10.0,2026-01-17T20:12:55.531,"Any[13, 19, 25, 30, 37, 45, 56]",13,56
282,2026-01-22T14:41:44.0,2026-01-17T20:19:29.531,"Any[19, 25, 30, 37, 45, 56]",19,56
720,2026-01-22T14:41:44.0,2026-01-17T20:19:29.531,"Any[19, 25, 30, 37, 45, 56]",19,56
982,2026-01-22T14:49:53.0,2026-01-17T20:27:38.531,"Any[53, 45, 37, 30, 25, 19, 10]",53,10
416,2026-01-22T14:50:48.0,2026-01-24T20:28:33.531,"Any[53, 45, 37, 30, 25]",53,25
579,2026-01-22T14:53:05.675,2026-01-17T20:30:51.206,"Any[53, 45, 37, 30, 25, 19, 11, 6]",53,6
990,2026-01-22T14:53:05.675,2026-01-17T20:30:51.206,"Any[53, 45, 37, 30, 25, 19, 11, 6]",53,6
751,2026-01-22T14:56:22.287,2026-01-24T20:34:07.818,"Any[62, 53, 45, 37, 30, 25, 19, 13, 8]",62,8
1145,2026-01-22T14:56:22.287,2026-01-17T20:34:07.818,"Any[62, 53, 45, 37, 30, 25, 19, 13, 8]",62,8
1205,2026-01-22T14:58:17.0,2026-01-17T20:36:02.531,"Any[60, 53, 45, 37, 30, 25, 19, 13, 8]",60,8
1393,2026-01-22T14:58:17.0,2026-01-24T20:36:02.531,"Any[60, 53, 45, 37, 30, 25, 19, 13, 8]",60,8
1504,2026-01-22T15:05:02.389,2026-01-24T20:42:47.92,"Any[45, 37, 30, 25, 19]",45,19
412,2026-01-22T15:19:02.0,2026-01-17T20:56:47.531,"Any[53, 45, 37, 30, 25, 19, 10]",53,10
274,2026-01-22T15:32:27.0,2026-01-24T21:10:12.531,"Any[3, 10, 19, 25, 30, 37, 45, 53]",3,53
210,2026-01-22T15:53:57.042,2026-01-24T21:31:42.573,"Any[19, 25, 30, 37, 45, 53]",19,53
1579,2026-01-22T15:58:00.0,2026-01-17T21:35:45.531,Any[],10,64
1288,2026-01-22T16:04:09.0,2026-01-24T21:41:54.531,"Any[56, 45, 37, 30, 25]",56,25
595,2026-01-22T16:06:01.0,2026-01-17T21:43:46.531,"Any[6, 11, 19, 25, 30, 37, 45]",6,45
732,2026-01-22T16:12:32.0,2026-01-17T21:50:17.531,"Any[60, 53, 45, 37, 30, 25]",60,25
549,2026-01-22T16:31:07.0,2026-01-24T22:08:52.531,"Any[60, 53, 45, 37, 30, 25]",60,25
527,2026-01-22T16:39:03.8,2026-01-17T22:16:49.331,"Any[1, 6, 11, 19, 25, 30, 37, 45, 56, 60]",1,60
930,2026-01-22T16:44:15.0,2026-01-17T22:22:00.531,"Any[53, 45, 37, 30, 25]",53,25
19,2026-01-22T16:47:32.856,2026-01-17T22:25:18.387,"Any[8, 13, 19, 25, 30, 37, 45, 56]",8,56
1225,2026-01-22T16:47:32.856,2026-01-24T22:25:18.387,"Any[8, 13, 19, 25, 30, 37, 45, 56]",8,56
462,2026-01-22T16:52:56.642,2026-01-24T22:30:42.173,"Any[45, 37, 30, 25, 19, 11, 6]",45,6
1569,2026-01-22T17:07:25.0,2026-01-24T22:45:10.531,"Any[6, 11, 19, 25, 30, 37, 45, 56, 60]",6,60
1570,2026-01-22T17:07:25.0,2026-01-24T22:45:10.531,"Any[6, 11, 19, 25, 30, 37, 45, 56, 60]",6,60
1418,2026-01-22T17:26:46.913,2026-01-24T23:04:32.444,"Any[1, 6, 11, 19, 25, 30, 37, 45, 56]",1,56
902,2026-01-22T17:36:59.0,2026-01-17T23:14:44.531,"Any[10, 19, 25, 30, 37, 45, 53]",10,53
809,2026-01-22T17:39:27.0,2026-01-17T23:17:12.531,"Any[8, 13, 19, 25, 30, 37, 45, 56]",8,56
1261,2026-01-22T17:40:20.0,2026-01-17T23:18:05.531,"Any[56, 45, 37, 30, 25, 19, 11, 6]",56,6
1327,2026-01-22T17:47:34.0,2026-01-17T23:25:19.531,"Any[8, 13, 19, 25, 30, 37, 45, 53, 60]",8,60
86,2026-01-22T17:51:32.0,2026-01-17T23:29:17.531,"Any[53, 45, 37, 30, 25, 19, 10]",53,10
424,2026-01-22T17:58:27.0,2026-01-17T23:36:12.531,"Any[56, 45, 37, 30, 25, 19, 11, 6, 6, 5, 1, 1]",56,6
648,2026-01-22T17:58:27.0,2026-01-24T23:36:12.531,"Any[56, 45, 37, 30, 25, 19, 11, 6, 6, 5, 1, 1]",56,6
355,2026-01-22T17:59:04.0,2026-01-24T23:36:49.531,"Any[56, 45, 37, 30, 25, 19, 13, 8]",56,8
586,2026-01-22T17:59:04.0,2026-01-24T23:36:49.531,"Any[56, 45, 37, 30, 25, 19, 13, 8]",56,8
1372,2026-01-22T18:06:08.553,2026-01-24T23:43:54.084,"Any[8, 13, 19, 25, 30, 37, 45]",8,45
375,2026-01-22T18:13:32.0,2026-01-24T23:51:17.531,"Any[10, 19, 25, 30, 37, 45, 53]",10,53
165,2026-01-22T18:20:46.0,2026-01-17T23:58:31.531,"Any[60, 53, 45, 37, 30, 25, 19, 13, 8]",60,8
613,2026-01-22T18:20:46.0,2026-01-17T23:58:31.531,"Any[60, 53, 45, 37, 30, 25, 19, 13, 8]",60,8
812,2026-01-22T18:21:28.0,2026-01-24T23:59:13.531,"Any[64, 60, 56, 45, 37, 30, 25, 19, 11, 6]",64,6
1114,2026-01-22T18:51:06.0,2026-01-25T00:28:51.531,"Any[10, 19, 25, 30, 37, 45, 53]",10,53
778,2026-01-22T19:10:59.15,2026-01-18T00:48:44.681,"Any[8, 13, 19, 25, 30, 37, 45, 53]",8,53
191,2026-01-22T19:13:37.0,2026-01-25T00:51:22.531,"Any[56, 45, 37, 30, 25, 19]",56,19
562,2026-01-22T19:18:50.232,2026-01-18T00:56:35.763,"Any[1, 6, 11, 19, 25, 30, 37, 45, 53]",1,53
1412,2026-01-22T19:20:18.0,2026-01-25T00:58:03.531,"Any[1, 6, 11, 19, 25, 30, 37, 45, 53]",1,53
1583,2026-01-22T19:30:00.0,2026-01-18T01:07:45.531,Any[],10,64
1291,2026-01-22T19:34:20.0,2026-01-25T01:12:05.531,"Any[60, 53, 45, 37, 30, 25]",60,25
854,2026-01-22T19:35:22.0,2026-01-25T01:13:07.531,"Any[10, 19, 25, 30, 37, 45, 53]",10,53
1101,2026-01-22T19:35:22.0,2026-01-18T01:13:07.531,"Any[10, 19, 25, 30, 37, 45, 53]",10,53
761,2026-01-22T19:39:10.0,2026-01-25T01:16:55.531,"Any[10, 19, 25, 30, 37, 45, 53]",10,53
1347,2026-01-22T20:24:43.0,2026-01-25T02:02:28.531,"Any[53, 45, 37, 30, 25, 19, 10]",53,10
1190,2026-01-22T20:38:14.0,2026-01-18T02:15:59.531,"Any[7, 8, 13, 19, 25, 30, 37, 45, 53]",7,53
730,2026-01-22T20:41:14.0,2026-01-18T02:18:59.531,"Any[53, 45, 37, 30, 25, 19, 13, 8]",53,8
1403,2026-01-22T20:41:14.0,2026-01-25T02:18:59.531,"Any[53, 45, 37, 30, 25, 19, 13, 8]",53,8
1332,2026-01-22T20:43:02.0,2026-01-25T02:20:47.531,"Any[10, 19, 25, 30, 37, 45, 53]",10,53
157,2026-01-22T20:43:21.0,2026-01-18T02:21:06.531,"Any[53, 45, 37, 30, 25, 19, 11, 6, 1]",53,1
289,2026-01-22T20:55:05.0,2026-01-18T02:32:50.531,"Any[10, 19, 25, 30, 37, 45, 53]",10,53
149,2026-01-22T21:43:20.0,2026-01-18T03:21:05.531,"Any[10, 19, 25, 30, 37, 45, 53]",10,53
1407,2026-01-22T21:47:03.0,2026-01-25T03:24:48.531,"Any[8, 13, 19, 25, 30, 37, 45, 56]",8,56
288,2026-01-22T22:11:39.0,2026-01-18T03:49:24.531,"Any[10, 19, 25, 30, 37, 45, 53]",10,53
1013,2026-01-22T22:11:39.0,2026-01-18T03:49:24.531,"Any[10, 19, 25, 30, 37, 45, 53]",10,53
925,2026-01-22T22:29:17.0,2026-01-18T04:07:02.531,"Any[56, 45, 37, 30, 25, 19, 11, 6]",56,6
735,2026-01-22T22:30:35.0,2026-01-18T04:08:20.531,"Any[60, 56, 45, 37, 30, 25, 19, 13, 8]",60,8
1218,2026-01-22T22:46:25.0,2026-01-25T04:24:10.531,"Any[53, 45, 37, 30, 25]",53,25
1433,2026-01-22T22:46:25.0,2026-01-25T04:24:10.531,"Any[53, 45, 37, 30, 25]",53,25
1491,2026-01-22T22:53:00.0,2026-01-18T04:30:45.531,Any[],53,13
104,2026-01-22T23:18:18.0,2026-01-18T04:56:03.531,"Any[53, 45, 37, 30, 25, 19, 10]",53,10
1466,2026-01-22T23:35:12.952,2026-01-25T05:12:58.483,"Any[56, 45, 37, 30, 25, 19, 10]",56,10
344,2026-01-23T00:01:06.0,2026-01-18T05:38:51.531,"Any[1, 6, 11, 19, 23, 36, 44, 54, 60]",1,60
1290,2026-01-23T00:02:59.0,2026-01-25T05:40:44.531,"Any[53, 45, 37, 30, 25, 19, 13, 8]",53,8
52,2026-01-23T00:26:36.0,2026-01-18T06:04:21.531,"Any[53, 45, 37, 30, 25, 19, 11, 6, 1]",53,1
1197,2026-01-23T00:26:36.0,2026-01-18T06:04:21.531,"Any[53, 45, 37, 30, 25, 19, 11, 6, 1]",53,1
145,2026-01-23T00:42:47.0,2026-01-18T06:20:32.531,"Any[7, 8, 13, 19, 25, 30, 37, 45, 53]",7,53
1405,2026-01-23T01:11:54.0,2026-01-18T06:49:39.531,"Any[64, 60, 53, 45, 37, 30, 25, 19, 13, 8]",64,8
1223,2026-01-23T01:27:44.842,2026-01-25T07:05:30.373,"Any[53, 45, 37, 30, 25, 19, 11, 6, 1]",53,1
438,2026-01-23T02:51:50.0,2026-01-18T08:29:35.531,"Any[19, 25, 30, 37, 45, 53]",19,53
1251,2026-01-23T02:51:50.0,2026-01-25T08:29:35.531,"Any[19, 25, 30, 37, 45, 53]",19,53
1214,2026-01-23T03:03:56.912,2026-01-25T08:41:42.443,"Any[10, 19, 25, 30, 37, 45, 56]",10,56
35,2026-01-23T03:08:33.0,2026-01-18T08:46:18.531,"Any[53, 45, 37, 30, 25, 19, 11, 6, 1]",53,1
1465,2026-01-23T03:17:00.0,2026-01-25T08:54:45.531,Any[],56,3
840,2026-01-23T03:28:44.0,2026-01-25T09:06:29.531,"Any[19, 25, 30, 37, 45, 56]",19,56
835,2026-01-23T03:48:37.0,2026-01-18T09:26:22.531,"Any[56, 45, 37, 30, 25, 19, 10]",56,10
365,2026-01-23T06:28:44.0,2026-01-18T12:06:29.531,"Any[53, 45, 37, 30, 25]",53,25
1081,2026-01-23T06:28:44.0,2026-01-25T12:06:29.531,"Any[53, 45, 37, 30, 25]",53,25
1314,2026-01-23T07:16:23.0,2026-01-18T12:54:08.531,"Any[53, 45, 37, 30, 25, 19, 10]",53,10
253,2026-01-23T07:18:12.767,2026-01-18T12:55:58.298,"Any[64, 56, 45, 37, 30, 25, 19, 11, 6]",64,6
465,2026-01-23T07:18:12.767,2026-01-18T12:55:58.298,"Any[64, 56, 45, 37, 30, 25, 19, 11, 6]",64,6
552,2026-01-23T07:18:12.767,2026-01-25T12:55:58.298,"Any[64, 56, 45, 37, 30, 25, 19, 11, 6]",64,6
139,2026-01-23T07:57:46.0,2026-01-25T13:35:31.531,"Any[10, 19, 25, 30, 37, 45]",10,45
1374,2026-01-23T07:57:46.0,2026-01-25T13:35:31.531,"Any[10, 19, 25, 30, 37, 45]",10,45
279,2026-01-23T08:05:19.0,2026-01-25T13:43:04.531,"Any[19, 25, 30, 37, 45, 53]",19,53
597,2026-01-23T08:08:21.619,2026-01-18T13:46:07.15,"Any[53, 45, 37, 30, 25, 19, 13, 8]",53,8
612,2026-01-23T08:38:54.452,2026-01-25T14:16:39.983,"Any[64, 60, 56, 45, 37, 30, 25, 19]",64,19
1202,2026-01-23T08:43:41.0,2026-01-18T14:21:26.531,"Any[6, 11, 25, 30, 37, 45]",6,45
60,2026-01-23T08:47:03.0,2026-01-18T14:24:48.531,"Any[53, 45, 37, 30, 25, 19, 10]",53,10
538,2026-01-23T08:57:41.0,2026-01-25T14:35:26.531,"Any[53, 45, 37, 30, 25, 19, 11, 6, 1]",53,1
842,2026-01-23T09:01:03.0,2026-01-25T14:38:48.531,"Any[16, 19, 25, 30, 37, 45, 53]",16,53
1591,2026-01-23T09:27:00.0,2026-01-18T15:04:45.531,"Any[10, 19, 25, 30, 37, 45, 53]",10,53
703,2026-01-23T10:11:49.0,2026-01-18T15:49:34.531,"Any[53, 45, 37, 30, 25, 19, 10]",53,10
858,2026-01-23T10:17:32.0,2026-01-18T15:55:17.531,"Any[53, 45, 37, 30, 25, 19]",53,19
964,2026-01-23T10:17:32.0,2026-01-18T15:55:17.531,"Any[53, 45, 37, 30, 25, 19]",53,19
1425,2026-01-23T10:31:04.0,2026-01-25T16:08:49.531,"Any[1, 6, 11, 19, 25, 30, 37, 45, 56]",1,56
1029,2026-01-23T10:36:45.0,2026-01-25T16:14:30.531,"Any[10, 19, 25, 30, 37, 45, 53]",10,53
1272,2026-01-23T10:37:01.0,2026-01-18T16:14:46.531,"Any[53, 45, 37, 30, 25, 19, 10]",53,10
174,2026-01-23T10:57:50.0,2026-01-25T16:35:35.531,"Any[6, 11, 19, 25, 30, 37, 45]",6,45
237,2026-01-23T11:13:14.0,2026-01-25T16:50:59.531,"Any[6, 11, 16, 25, 30, 37, 45]",6,45
1234,2026-01-23T11:15:53.0,2026-01-18T16:53:38.531,"Any[60, 53, 45, 37, 30, 25, 19, 11, 6]",60,6
1502,2026-01-23T11:16:46.0,2026-01-25T16:54:31.531,"Any[45, 37, 30, 25, 19]",45,19
199,2026-01-23T11:58:07.518,2026-01-25T17:35:53.049,"Any[6, 11, 19, 25, 30, 37, 45, 56]",6,56
849,2026-01-23T12:01:00.0,2026-01-18T17:38:45.531,"Any[60, 56, 45, 37, 30, 25, 19, 10]",60,10
885,2026-01-23T12:16:28.0,2026-01-18T17:54:13.531,"Any[1, 6, 11, 19, 25, 30, 37, 45, 56]",1,56
916,2026-01-23T12:16:39.888,2026-01-25T17:54:25.419,"Any[8, 13, 19, 25, 30, 37, 45, 56]",8,56
1091,2026-01-23T12:16:55.0,2026-01-25T17:54:40.531,"Any[1, 6, 11, 19, 25, 30, 37, 45, 56, 60]",1,60
1322,2026-01-23T12:16:55.0,2026-01-25T17:54:40.531,"Any[1, 6, 11, 19, 25, 30, 37, 45, 56, 60]",1,60
508,2026-01-23T12:20:11.0,2026-01-25T17:57:56.531,"Any[6, 11, 19, 25, 30, 37, 45, 56]",6,56
415,2026-01-23T12:23:26.0,2026-01-25T18:01:11.531,"Any[56, 45, 37, 30, 25, 19, 13, 8]",56,8
1333,2026-01-23T12:23:26.0,2026-01-25T18:01:11.531,"Any[56, 45, 37, 30, 25, 19, 13, 8]",56,8
357,2026-01-23T12:25:07.0,2026-01-18T18:02:52.531,"Any[53, 45, 37, 30, 25, 19]",53,19
1469,2026-01-23T12:25:07.0,2026-01-25T18:02:52.531,"Any[53, 45, 37, 30, 25, 19]",53,19
1478,2026-01-23T12:25:07.0,2026-01-18T18:02:52.531,"Any[53, 45, 37, 30, 25, 19]",53,19
1479,2026-01-23T12:25:07.0,2026-01-18T18:02:52.531,"Any[53, 45, 37, 30, 25, 19]",53,19
452,2026-01-23T12:34:55.0,2026-01-25T18:12:40.531,"Any[53, 45, 37, 30, 25, 19, 10]",53,10
1011,2026-01-23T12:49:03.0,2026-01-25T18:26:48.531,"Any[60, 53, 45, 37, 30, 25]",60,25
369,2026-01-23T12:52:49.0,2026-01-18T18:30:34.531,"Any[45, 37, 30, 25, 19, 10]",45,10
421,2026-01-23T12:52:49.0,2026-01-25T18:30:34.531,"Any[45, 37, 30, 25, 19, 10]",45,10
920,2026-01-23T13:02:23.023,2026-01-18T18:40:08.554,"Any[53, 45, 37, 30, 25, 19, 11, 6, 1]",53,1
294,2026-01-23T13:12:31.0,2026-01-18T18:50:16.531,"Any[62, 53, 45, 37, 30, 25, 19, 11, 6, 1]",62,1
688,2026-01-23T13:12:31.0,2026-01-25T18:50:16.531,"Any[62, 53, 45, 37, 30, 25, 19, 11, 6, 1]",62,1
967,2026-01-23T13:30:59.439,2026-01-25T19:08:44.97,"Any[56, 45, 37, 30, 25, 19, 11, 6]",56,6
1019,2026-01-23T13:31:19.809,2026-01-25T19:09:05.34,"Any[56, 45, 37, 30, 25, 19, 11, 6]",56,6
504,2026-01-23T13:37:45.662,2026-01-18T19:15:31.193,"Any[60, 56, 45, 37, 30, 25]",60,25
387,2026-01-23T13:52:51.0,2026-01-18T19:30:36.531,"Any[56, 45, 37, 30, 25, 19, 11, 6]",56,6
912,2026-01-23T14:43:36.0,2026-01-18T20:21:21.531,"Any[64, 60, 53, 45, 37, 30, 25, 19, 10]",64,10
959,2026-01-23T14:44:50.0,2026-01-25T20:22:35.531,"Any[53, 45, 37, 30, 25, 19, 11, 6]",53,6
251,2026-01-23T15:01:50.0,2026-01-25T20:39:35.531,"Any[56, 45, 37, 30, 25]",56,25
1489,2026-01-23T15:02:00.0,2026-01-25T20:39:45.531,Any[],53,16
8,2026-01-23T15:07:11.0,2026-01-18T20:44:56.531,"Any[7, 8, 13, 19, 25, 30, 37, 45, 56]",7,56
65,2026-01-23T15:07:11.0,2026-01-18T20:44:56.531,"Any[7, 8, 13, 19, 25, 30, 37, 45, 56]",7,56
996,2026-01-23T15:09:22.0,2026-01-18T20:47:07.531,"Any[56, 45, 37, 30, 25, 19, 11, 6, 1]",56,1
1179,2026-01-23T15:09:22.0,2026-01-18T20:47:07.531,"Any[56, 45, 37, 30, 25, 19, 11, 6, 1]",56,1
112,2026-01-23T15:29:53.0,2026-01-18T21:07:38.531,"Any[16, 17, 25, 30, 37, 45, 53]",16,53
961,2026-01-23T15:32:35.0,2026-01-18T21:10:20.531,"Any[10, 19, 25, 30, 37, 45, 53]",10,53
678,2026-01-23T15:33:14.0,2026-01-25T21:10:59.531,"Any[62, 53, 45, 37, 30, 25, 19, 13, 8]",62,8
1016,2026-01-23T16:03:08.0,2026-01-18T21:40:53.531,"Any[54, 44, 36, 23, 19, 11, 6]",54,6
229,2026-01-23T16:05:01.0,2026-01-18T21:42:46.531,"Any[53, 45, 37, 30, 25, 19, 10]",53,10
1062,2026-01-23T16:05:01.0,2026-01-18T21:42:46.531,"Any[53, 45, 37, 30, 25, 19, 10]",53,10
230,2026-01-23T16:19:28.0,2026-01-18T21:57:13.531,"Any[64, 60, 53, 45, 37, 30, 25]",64,25
101,2026-01-23T16:28:34.0,2026-01-25T22:06:19.531,"Any[1, 6, 11, 19, 25, 30, 37, 45, 56]",1,56
306,2026-01-23T16:38:56.0,2026-01-25T22:16:41.531,"Any[10, 19, 25, 30, 37, 45, 53, 60]",10,60
217,2026-01-23T16:41:52.0,2026-01-25T22:19:37.531,"Any[8, 13, 19, 25, 30, 37, 45, 53]",8,53
397,2026-01-23T16:41:52.0,2026-01-25T22:19:37.531,"Any[8, 13, 19, 25, 30, 37, 45, 53]",8,53
709,2026-01-23T16:47:10.0,2026-01-25T22:24:55.531,"Any[56, 45, 37, 30, 25, 19, 14]",56,14
300,2026-01-23T16:52:25.0,2026-01-25T22:30:10.531,"Any[60, 56, 45, 37, 30, 25, 19]",60,19
57,2026-01-23T17:41:52.886,2026-01-25T23:19:38.417,"Any[20, 19, 25, 30, 37, 45, 56]",20,56
668,2026-01-23T17:41:52.886,2026-01-25T23:19:38.417,"Any[20, 19, 25, 30, 37, 45, 56]",20,56
650,2026-01-23T17:55:09.799,2026-01-25T23:32:55.33,"Any[56, 45, 37, 30, 25, 19, 11, 6]",56,6
460,2026-01-23T17:56:31.0,2026-01-18T23:34:16.531,"Any[64, 60, 56, 45, 37, 30, 25]",64,25
245,2026-01-23T18:06:35.0,2026-01-18T23:44:20.531,"Any[6, 11, 19, 25, 30, 37, 45, 56]",6,56
684,2026-01-23T18:15:41.698,2026-01-25T23:53:27.229,"Any[56, 45, 37, 30, 25, 19, 13, 8]",56,8
886,2026-01-23T18:19:04.0,2026-01-18T23:56:49.531,"Any[8, 13, 19, 25, 30, 37, 45, 56]",8,56
267,2026-01-23T18:48:48.0,2026-01-19T00:26:33.531,"Any[60, 53, 45, 37, 30, 25]",60,25
1324,2026-01-23T18:50:06.0,2026-01-26T00:27:51.531,"Any[1, 6, 11, 19, 25, 30, 37, 45, 56]",1,56
128,2026-01-23T18:55:38.0,2026-01-26T00:33:23.531,"Any[56, 45, 37, 30, 25, 19, 13, 8]",56,8
1304,2026-01-23T18:55:38.0,2026-01-26T00:33:23.531,"Any[56, 45, 37, 30, 25, 19, 13, 8]",56,8
1370,2026-01-23T18:55:38.0,2026-01-19T00:33:23.531,"Any[56, 45, 37, 30, 25, 19, 13, 8]",56,8
32,2026-01-23T18:57:37.0,2026-01-19T00:35:22.531,"Any[17, 19, 25, 30, 37, 45, 53, 60]",17,60
473,2026-01-23T18:59:42.0,2026-01-26T00:37:27.531,"Any[56, 45, 37, 30, 25, 19, 13, 8]",56,8
88,2026-01-23T19:02:18.0,2026-01-19T00:40:03.531,"Any[8, 13, 19, 25, 30, 37, 45, 53]",8,53
783,2026-01-23T19:02:18.0,2026-01-19T00:40:03.531,"Any[8, 13, 19, 25, 30, 37, 45, 53]",8,53
904,2026-01-23T19:09:05.275,2026-01-26T00:46:50.806,"Any[60, 56, 45, 37, 30, 25, 19, 13, 8]",60,8
991,2026-01-23T19:37:27.0,2026-01-26T01:15:12.531,"Any[10, 19, 25, 30, 37, 45, 53]",10,53
836,2026-01-23T19:44:16.0,2026-01-26T01:22:01.531,"Any[53, 45, 37, 30, 25, 19, 13, 8]",53,8
677,2026-01-23T19:46:09.0,2026-01-19T01:23:54.531,"Any[45, 37, 30, 25]",45,25
796,2026-01-23T20:01:06.0,2026-01-26T01:38:51.531,"Any[1, 6, 11, 19, 25, 30, 37, 45, 56]",1,56
1354,2026-01-23T20:11:40.0,2026-01-19T01:49:25.531,"Any[53, 45, 37, 30, 25, 19, 10]",53,10
1168,2026-01-23T20:15:30.0,2026-01-19T01:53:15.531,"Any[53, 45, 37, 30, 25, 19, 13, 8]",53,8
864,2026-01-23T20:29:25.0,2026-01-26T02:07:10.531,"Any[60, 56, 45, 37, 30, 25, 19, 10]",60,10
1176,2026-01-23T21:32:36.0,2026-01-26T03:10:21.531,"Any[60, 56, 45, 37, 30, 25, 19, 11, 6]",60,6
1243,2026-01-23T21:32:36.0,2026-01-19T03:10:21.531,"Any[60, 56, 45, 37, 30, 25, 19, 11, 6]",60,6
520,2026-01-23T21:45:26.0,2026-01-19T03:23:11.531,"Any[1, 6, 11, 16, 25, 30, 37, 45, 56, 60]",1,60
1420,2026-01-23T21:45:26.0,2026-01-19T03:23:11.531,"Any[1, 6, 11, 16, 25, 30, 37, 45, 56, 60]",1,60
351,2026-01-23T21:47:31.0,2026-01-26T03:25:16.531,"Any[7, 8, 13, 19, 25, 30, 37, 45, 53]",7,53
939,2026-01-23T21:47:31.0,2026-01-26T03:25:16.531,"Any[7, 8, 13, 19, 25, 30, 37, 45, 53]",7,53
340,2026-01-23T21:51:05.0,2026-01-19T03:28:50.531,"Any[6, 11, 25, 30, 37, 45]",6,45
1342,2026-01-23T22:23:15.0,2026-01-19T04:01:00.531,"Any[7, 8, 13, 19, 25, 30, 37, 45, 53, 60]",7,60
1368,2026-01-23T23:15:08.0,2026-01-19T04:52:53.531,"Any[10, 19, 25, 30, 37, 45, 53]",10,53
576,2026-01-23T23:19:41.0,2026-01-26T04:57:26.531,"Any[45, 37, 30, 25]",45,25
519,2026-01-23T23:36:02.0,2026-01-19T05:13:47.531,"Any[1, 6, 11, 19, 23, 28, 36, 44, 54, 60]",1,60
800,2026-01-24T00:03:03.0,2026-01-19T05:40:48.531,"Any[53, 45, 37, 30, 25, 19, 13, 8]",53,8
811,2026-01-24T00:07:51.718,2026-01-19T05:45:37.249,"Any[6, 11, 19, 25, 30, 37, 45, 56]",6,56
634,2026-01-24T00:11:59.0,2026-01-19T05:49:44.531,"Any[6, 11, 19, 25, 30, 37, 45]",6,45
284,2026-01-24T00:20:53.0,2026-01-19T05:58:38.531,"Any[1, 6, 11, 19, 25, 30, 37, 45, 53, 60]",1,60
1230,2026-01-24T00:22:18.0,2026-01-26T06:00:03.531,"Any[10, 19, 25, 30, 37, 45, 53, 60]",10,60
813,2026-01-24T00:48:13.0,2026-01-19T06:25:58.531,"Any[60, 53, 45, 37, 30, 25, 19, 10]",60,10
17,2026-01-24T01:15:33.0,2026-01-19T06:53:18.531,"Any[8, 13, 19, 25, 30, 37, 45, 56]",8,56
394,2026-01-24T01:44:58.0,2026-01-19T07:22:43.531,"Any[60, 56, 45, 37, 30, 25, 19, 13, 19, 13, 8]",60,8
773,2026-01-24T01:44:58.0,2026-01-26T07:22:43.531,"Any[60, 56, 45, 37, 30, 25, 19, 13, 19, 13, 8]",60,8
915,2026-01-24T01:49:30.0,2026-01-19T07:27:15.531,"Any[53, 45, 37, 30, 25, 19, 11, 6, 1]",53,1
1120,2026-01-24T01:49:30.0,2026-01-26T07:27:15.531,"Any[53, 45, 37, 30, 25, 19, 11, 6, 1]",53,1
292,2026-01-24T01:55:03.0,2026-01-26T07:32:48.531,"Any[7, 8, 13, 19, 25, 30, 37, 45, 53]",7,53
1564,2026-01-24T02:32:00.0,2026-01-19T08:09:45.531,Any[],6,64
146,2026-01-24T02:53:04.0,2026-01-26T08:30:49.531,"Any[3, 10, 19, 25, 30, 37, 45, 53]",3,53
1204,2026-01-24T02:53:04.0,2026-01-19T08:30:49.531,"Any[3, 10, 19, 25, 30, 37, 45, 53]",3,53
260,2026-01-24T03:34:42.0,2026-01-19T09:12:27.531,"Any[16, 25, 30, 37, 45, 53, 60]",16,60
705,2026-01-24T03:34:42.0,2026-01-19T09:12:27.531,"Any[16, 25, 30, 37, 45, 53, 60]",16,60
6,2026-01-24T03:52:22.0,2026-01-19T09:30:07.531,"Any[53, 45, 37, 30, 25, 19]",53,19
1109,2026-01-24T03:59:42.0,2026-01-19T09:37:27.531,"Any[17, 16, 17, 25, 30, 37, 45, 53]",17,53
995,2026-01-24T04:16:13.0,2026-01-19T09:53:58.531,"Any[64, 60, 53, 45, 37, 30, 25, 19, 11, 6, 1]",64,1
1047,2026-01-24T04:16:13.0,2026-01-26T09:53:58.531,"Any[64, 60, 53, 45, 37, 30, 25, 19, 11, 6, 1]",64,1
1098,2026-01-24T04:29:21.0,2026-01-26T10:07:06.531,"Any[64, 60, 53, 45, 37, 30, 25, 19, 10]",64,10
679,2026-01-24T05:06:38.0,2026-01-19T10:44:23.531,"Any[1, 6, 11, 19, 25, 30, 37, 45]",1,45
1163,2026-01-24T06:17:19.0,2026-01-26T11:55:04.531,"Any[10, 11, 19, 25, 30, 37, 45, 53]",10,53
1598,2026-01-24T06:17:19.0,2026-01-19T11:55:04.531,"Any[10, 11, 19, 25, 30, 37, 45, 53]",10,53
1459,2026-01-24T06:35:00.0,2026-01-26T12:12:45.531,Any[],56,13
207,2026-01-24T06:46:35.0,2026-01-26T12:24:20.531,"Any[64, 60, 53, 45, 37, 30, 25, 19, 13, 8]",64,8
514,2026-01-24T07:26:17.0,2026-01-26T13:04:02.531,"Any[19, 25, 30, 37, 45]",19,45
841,2026-01-24T07:50:28.0,2026-01-26T13:28:13.531,"Any[8, 13, 19, 25, 30, 37, 45, 53, 60, 64]",8,64
1541,2026-01-24T07:50:28.0,2026-01-26T13:28:13.531,"Any[8, 13, 19, 25, 30, 37, 45, 53, 60, 64]",8,64
1543,2026-01-24T07:50:28.0,2026-01-26T13:28:13.531,"Any[8, 13, 19, 25, 30, 37, 45, 53, 60, 64]",8,64
1544,2026-01-24T07:50:28.0,2026-01-26T13:28:13.531,"Any[8, 13, 19, 25, 30, 37, 45, 53, 60, 64]",8,64
99,2026-01-24T08:00:13.0,2026-01-19T13:37:58.531,"Any[1, 6, 11, 19, 25, 30, 37, 45, 56, 64]",1,64
1194,2026-01-24T08:00:13.0,2026-01-19T13:37:58.531,"Any[1, 6, 11, 19, 25, 30, 37, 45, 56, 64]",1,64
1551,2026-01-24T08:00:13.0,2026-01-26T13:37:58.531,"Any[1, 6, 11, 19, 25, 30, 37, 45, 56, 64]",1,64
1552,2026-01-24T08:00:13.0,2026-01-19T13:37:58.531,"Any[1, 6, 11, 19, 25, 30, 37, 45, 56, 64]",1,64
1553,2026-01-24T08:00:13.0,2026-01-19T13:37:58.531,"Any[1, 6, 11, 19, 25, 30, 37, 45, 56, 64]",1,64
736,2026-01-24T08:08:13.0,2026-01-26T13:45:58.531,"Any[56, 45, 37, 30, 25, 19, 13, 8]",56,8
919,2026-01-24T08:08:13.0,2026-01-26T13:45:58.531,"Any[56, 45, 37, 30, 25, 19, 13, 8]",56,8
1240,2026-01-24T08:38:37.0,2026-01-26T14:16:22.531,"Any[8, 13, 19, 25, 30, 37, 45, 56]",8,56
747,2026-01-24T09:00:36.0,2026-01-19T14:38:21.531,"Any[53, 45, 37, 30, 25, 19, 11, 6, 1]",53,1
228,2026-01-24T09:31:56.0,2026-01-19T15:09:41.531,"Any[53, 45, 37, 30, 25, 19, 10]",53,10
1008,2026-01-24T09:44:15.0,2026-01-19T15:22:00.531,"Any[8, 13, 19, 25, 30, 37, 45, 53]",8,53
993,2026-01-24T09:45:54.0,2026-01-19T15:23:39.531,"Any[10, 19, 25, 30, 37, 45, 53, 60]",10,60
609,2026-01-24T09:47:56.0,2026-01-26T15:25:41.531,"Any[1, 6, 11, 19, 25, 30, 37, 45, 56]",1,56
614,2026-01-24T09:48:06.0,2026-01-19T15:25:51.531,"Any[56, 45, 37, 30, 25, 19, 11, 6]",56,6
94,2026-01-24T09:59:35.0,2026-01-19T15:37:20.531,"Any[10, 19, 25, 30, 37, 45]",10,45
1554,2026-01-24T10:08:10.0,2026-01-19T15:45:55.531,"Any[1, 6, 11, 19, 25, 30, 37, 45, 53, 60, 64]",1,64
843,2026-01-24T10:49:04.0,2026-01-26T16:26:49.531,"Any[8, 13, 19, 25, 30, 37, 45, 56]",8,56
1344,2026-01-24T10:57:24.0,2026-01-19T16:35:09.531,"Any[19, 25, 30, 37, 45, 56, 60]",19,60
922,2026-01-24T11:23:17.0,2026-01-19T17:01:02.531,"Any[62, 56, 45, 37, 30, 25, 19, 13, 8]",62,8
765,2026-01-24T11:30:18.0,2026-01-19T17:08:03.531,"Any[60, 56, 45, 37, 30, 25, 19]",60,19
635,2026-01-24T11:55:03.0,2026-01-26T17:32:48.531,"Any[6, 11, 19, 25, 30, 37, 45, 56]",6,56
1315,2026-01-24T12:06:17.0,2026-01-19T17:44:02.531,"Any[56, 45, 37, 30, 25]",56,25
72,2026-01-24T12:08:01.0,2026-01-19T17:45:46.531,"Any[53, 45, 37, 30, 25, 19, 10]",53,10
696,2026-01-24T12:15:39.0,2026-01-19T17:53:24.531,"Any[53, 45, 37, 30, 25, 19, 11, 6]",53,6
212,2026-01-24T12:20:45.0,2026-01-19T17:58:30.531,"Any[10, 19, 25, 30, 37, 45, 53, 60]",10,60
405,2026-01-24T12:20:45.0,2026-01-19T17:58:30.531,"Any[10, 19, 25, 30, 37, 45, 53, 60]",10,60
3,2026-01-24T12:27:50.646,2026-01-26T18:05:36.177,"Any[64, 60, 56, 45, 37, 30, 25]",64,25
1562,2026-01-24T12:43:00.0,2026-01-26T18:20:45.531,Any[],6,64
1003,2026-01-24T13:20:43.874,2026-01-19T18:58:29.405,"Any[53, 45, 37, 30, 25, 19, 13, 8]",53,8
1183,2026-01-24T13:20:43.874,2026-01-19T18:58:29.405,"Any[53, 45, 37, 30, 25, 19, 13, 8]",53,8
775,2026-01-24T13:22:06.0,2026-01-19T18:59:51.531,"Any[5, 10, 19, 25, 30, 37, 45, 53]",5,53
362,2026-01-24T13:26:43.0,2026-01-19T19:04:28.531,"Any[60, 56, 45, 37, 30, 25, 19, 11, 10, 3]",60,3
1442,2026-01-24T13:26:43.0,2026-01-19T19:04:28.531,"Any[60, 56, 45, 37, 30, 25, 19, 11, 10, 3]",60,3
1444,2026-01-24T13:26:43.0,2026-01-19T19:04:28.531,"Any[60, 56, 45, 37, 30, 25, 19, 11, 10, 3]",60,3
1041,2026-01-24T13:50:47.0,2026-01-19T19:28:32.531,"Any[7, 8, 13, 19, 25, 30, 37, 45, 53, 60]",7,60
712,2026-01-24T14:10:14.0,2026-01-19T19:47:59.531,"Any[56, 45, 37, 30, 25, 19, 11, 6, 1]",56,1
629,2026-01-24T14:19:03.0,2026-01-26T19:56:48.531,"Any[6, 11, 19, 25, 30, 37, 45, 56]",6,56
598,2026-01-24T14:24:18.0,2026-01-19T20:02:03.531,"Any[19, 25, 30, 37, 45, 53, 60]",19,60
130,2026-01-24T14:59:47.0,2026-01-26T20:37:32.531,"Any[60, 53, 45, 37, 30, 25, 19, 13, 8]",60,8
1515,2026-01-24T15:11:23.329,2026-01-19T20:49:08.86,"Any[45, 37, 30, 25, 19, 13, 8]",45,8
280,2026-01-24T15:11:50.0,2026-01-19T20:49:35.531,"Any[10, 19, 25, 30, 37, 45, 53]",10,53
534,2026-01-24T15:30:00.0,2026-01-26T21:07:45.531,"Any[16, 19, 25, 30, 37, 45, 53]",16,53
825,2026-01-24T16:00:40.0,2026-01-19T21:38:25.531,"Any[19, 25, 30, 37, 45, 56, 60, 64]",19,64
1496,2026-01-24T16:11:00.0,2026-01-19T21:48:45.531,Any[],53,3
1462,2026-01-24T16:38:00.0,2026-01-26T22:15:45.531,Any[],56,13
950,2026-01-24T16:50:25.0,2026-01-26T22:28:10.531,"Any[53, 45, 37, 30, 25, 19, 13, 8]",53,8
1391,2026-01-24T16:50:25.0,2026-01-19T22:28:10.531,"Any[53, 45, 37, 30, 25, 19, 13, 8]",53,8
1188,2026-01-24T17:13:37.0,2026-01-26T22:51:22.531,"Any[60, 53, 45, 37, 30, 25, 19, 13, 8]",60,8
897,2026-01-24T17:19:05.0,2026-01-26T22:56:50.531,"Any[7, 8, 13, 19, 25, 30, 37, 45, 53]",7,53
1102,2026-01-24T17:19:05.0,2026-01-26T22:56:50.531,"Any[7, 8, 13, 19, 25, 30, 37, 45, 53]",7,53
353,2026-01-24T17:23:26.0,2026-01-26T23:01:11.531,"Any[56, 45, 37, 30, 25, 19, 13, 8]",56,8
829,2026-01-24T17:29:18.0,2026-01-19T23:07:03.531,"Any[56, 45, 37, 30, 25]",56,25
1448,2026-01-24T18:01:46.0,2026-01-19T23:39:31.531,"Any[56, 45, 37, 30, 25, 19]",56,19
1323,2026-01-24T18:01:49.0,2026-01-19T23:39:34.531,"Any[8, 13, 19, 25, 30, 37, 45, 56]",8,56
11,2026-01-24T18:09:41.0,2026-01-26T23:47:26.531,"Any[7, 8, 13, 19, 25, 30, 37, 45, 56]",7,56
1231,2026-01-24T18:09:41.0,2026-01-19T23:47:26.531,"Any[7, 8, 13, 19, 25, 30, 37, 45, 56]",7,56
1076,2026-01-24T18:10:30.547,2026-01-19T23:48:16.078,"Any[19, 25, 30, 37, 45, 56]",19,56
1445,2026-01-24T18:22:32.0,2026-01-20T00:00:17.531,"Any[56, 45, 37, 30, 25, 19]",56,19
1453,2026-01-24T18:22:32.0,2026-01-27T00:00:17.531,"Any[56, 45, 37, 30, 25, 19]",56,19
1457,2026-01-24T18:22:32.0,2026-01-20T00:00:17.531,"Any[56, 45, 37, 30, 25, 19]",56,19
167,2026-01-24T18:32:54.0,2026-01-20T00:10:39.531,"Any[56, 45, 37, 30, 25, 19]",56,19
388,2026-01-24T18:32:54.0,2026-01-27T00:10:39.531,"Any[56, 45, 37, 30, 25, 19]",56,19
1454,2026-01-24T18:32:54.0,2026-01-27T00:10:39.531,"Any[56, 45, 37, 30, 25, 19]",56,19
1166,2026-01-24T18:35:00.0,2026-01-20T00:12:45.531,"Any[56, 45, 37, 30, 25, 19]",56,19
728,2026-01-24T18:35:31.0,2026-01-20T00:13:16.531,"Any[60, 53, 45, 37, 30, 25, 19, 10]",60,10
875,2026-01-24T18:35:31.0,2026-01-20T00:13:16.531,"Any[60, 53, 45, 37, 30, 25, 19, 10]",60,10
507,2026-01-24T19:01:16.862,2026-01-20T00:39:02.393,"Any[53, 45, 37, 30, 25, 19, 10]",53,10
1557,2026-01-24T19:25:00.0,2026-01-20T01:02:45.531,Any[],2,64
74,2026-01-24T19:29:47.0,2026-01-27T01:07:32.531,"Any[1, 6, 11, 19, 25, 30, 37, 45, 53]",1,53
147,2026-01-24T19:29:47.0,2026-01-27T01:07:32.531,"Any[1, 6, 11, 19, 25, 30, 37, 45, 53]",1,53
819,2026-01-24T20:05:13.0,2026-01-20T01:42:58.531,"Any[53, 45, 37, 30, 25, 19, 13, 8]",53,8
103,2026-01-24T20:13:01.0,2026-01-20T01:50:46.531,"Any[53, 45, 37, 30, 25, 19, 13, 8]",53,8
1567,2026-01-24T20:22:10.0,2026-01-27T01:59:55.531,"Any[6, 11, 19, 25, 30, 37, 45, 56, 60]",6,60
1568,2026-01-24T20:22:10.0,2026-01-20T01:59:55.531,"Any[6, 11, 19, 25, 30, 37, 45, 56, 60]",6,60
270,2026-01-24T20:31:48.0,2026-01-27T02:09:33.531,"Any[1, 6, 11, 19, 25, 30, 37, 45, 56]",1,56
1595,2026-01-24T20:43:42.0,2026-01-27T02:21:27.531,"Any[10, 19, 25, 30, 37, 45, 53]",10,53
1067,2026-01-24T20:48:21.0,2026-01-27T02:26:06.531,"Any[1, 6, 11, 19, 25, 30, 37, 45, 56]",1,56
410,2026-01-24T21:12:15.0,2026-01-27T02:50:00.531,"Any[10, 19, 25, 30, 37, 45, 53, 60]",10,60
1415,2026-01-24T22:00:53.0,2026-01-27T03:38:38.531,"Any[6, 11, 19, 25, 30, 37, 45, 53]",6,53
286,2026-01-24T22:02:50.0,2026-01-20T03:40:35.531,"Any[10, 19, 25, 30, 37, 45, 53, 60]",10,60
225,2026-01-24T22:06:55.0,2026-01-20T03:44:40.531,"Any[10, 19, 25, 30, 37, 45, 53]",10,53
1030,2026-01-24T22:14:09.0,2026-01-20T03:51:54.531,"Any[17, 25, 30, 37, 45, 53]",17,53
547,2026-01-24T22:18:50.0,2026-01-27T03:56:35.531,"Any[8, 13, 19, 25, 30, 37, 45, 56]",8,56
601,2026-01-24T22:18:50.0,2026-01-27T03:56:35.531,"Any[8, 13, 19, 25, 30, 37, 45, 56]",8,56
1287,2026-01-24T22:44:19.0,2026-01-20T04:22:04.531,"Any[7, 8, 13, 19, 25, 30, 37, 45, 53]",7,53
223,2026-01-24T23:00:14.0,2026-01-27T04:37:59.531,"Any[53, 45, 37, 30, 25, 19, 11, 6, 1]",53,1
208,2026-01-24T23:00:37.908,2026-01-27T04:38:23.439,"Any[8, 13, 19, 25, 30, 37, 45, 56]",8,56
281,2026-01-24T23:00:37.908,2026-01-27T04:38:23.439,"Any[8, 13, 19, 25, 30, 37, 45, 56]",8,56
1184,2026-01-24T23:00:37.908,2026-01-27T04:38:23.439,"Any[8, 13, 19, 25, 30, 37, 45, 56]",8,56
1373,2026-01-24T23:00:37.908,2026-01-27T04:38:23.439,"Any[8, 13, 19, 25, 30, 37, 45, 56]",8,56
891,2026-01-24T23:07:24.192,2026-01-20T04:45:09.723,"Any[8, 13, 19, 25, 30, 37, 45, 56]",8,56
1526,2026-01-24T23:07:37.0,2026-01-27T04:45:22.531,"Any[25, 30, 37, 45, 56]",25,56
1528,2026-01-24T23:07:37.0,2026-01-27T04:45:22.531,"Any[25, 30, 37, 45, 56]",25,56
830,2026-01-24T23:16:35.0,2026-01-27T04:54:20.531,"Any[7, 8, 13, 19, 25, 30, 37, 45, 53, 60]",7,60
653,2026-01-24T23:23:00.0,2026-01-20T05:00:45.531,"Any[8, 13, 19, 25, 30, 25, 30, 37, 45, 53]",8,53
403,2026-01-24T23:30:35.0,2026-01-20T05:08:20.531,"Any[25, 30, 37, 45, 56]",25,56
1530,2026-01-24T23:58:01.0,2026-01-20T05:35:46.531,"Any[25, 30, 37, 45, 56]",25,56
620,2026-01-25T00:14:33.0,2026-01-20T05:52:18.531,"Any[53, 45, 37, 30, 25, 19, 13, 8]",53,8
670,2026-01-25T00:14:33.0,2026-01-27T05:52:18.531,"Any[53, 45, 37, 30, 25, 19, 13, 8]",53,8
1385,2026-01-25T00:25:53.0,2026-01-20T06:03:38.531,"Any[7, 8, 13, 19, 25, 30, 37, 45, 53]",7,53
1411,2026-01-25T00:43:18.0,2026-01-27T06:21:03.531,"Any[10, 19, 25, 30, 37, 45, 53]",10,53
92,2026-01-25T01:09:50.0,2026-01-27T06:47:35.531,"Any[45, 37, 30, 23, 19, 11, 6]",45,6
241,2026-01-25T01:38:03.0,2026-01-20T07:15:48.531,"Any[53, 45, 37, 30, 25]",53,25
315,2026-01-25T01:51:53.124,2026-01-27T07:29:38.655,"Any[64, 60, 53, 45, 37, 30, 25, 19, 10]",64,10
1061,2026-01-25T01:57:39.0,2026-01-27T07:35:24.531,"Any[19, 25, 30, 37, 45, 56]",19,56
690,2026-01-25T02:00:09.515,2026-01-20T07:37:55.046,"Any[53, 45, 37, 30, 25, 19, 11, 6]",53,6
1414,2026-01-25T02:03:23.0,2026-01-20T07:41:08.531,"Any[8, 13, 19, 25, 30, 37, 45, 53]",8,53
727,2026-01-25T03:26:03.0,2026-01-27T09:03:48.531,"Any[60, 56, 45, 37, 30, 25, 19, 13, 8]",60,8
936,2026-01-25T03:26:03.0,2026-01-20T09:03:48.531,"Any[60, 56, 45, 37, 30, 25, 19, 13, 8]",60,8
58,2026-01-25T03:38:49.0,2026-01-27T09:16:34.531,"Any[53, 45, 37, 30, 25, 19, 10]",53,10
693,2026-01-25T03:54:38.0,2026-01-20T09:32:23.531,"Any[53, 45, 37, 30, 25, 19, 10]",53,10
881,2026-01-25T04:06:13.0,2026-01-27T09:43:58.531,"Any[19, 25, 30, 37, 45, 53]",19,53
929,2026-01-25T04:37:24.0,2026-01-20T10:15:09.531,"Any[17, 16, 17, 25, 30, 37, 45, 53, 60]",17,60
810,2026-01-25T04:40:05.0,2026-01-20T10:17:50.531,"Any[53, 45, 37, 30, 25, 19, 11, 6, 1]",53,1
370,2026-01-25T05:02:41.0,2026-01-27T10:40:26.531,"Any[60, 53, 45, 37, 30, 25, 19, 11, 6, 1]",60,1
1480,2026-01-25T06:49:00.0,2026-01-27T12:26:45.531,Any[],53,17
1565,2026-01-25T07:12:00.0,2026-01-27T12:49:45.531,Any[],6,64
348,2026-01-25T07:16:55.0,2026-01-20T12:54:40.531,"Any[53, 45, 37, 30, 25, 19, 13, 8]",53,8
1294,2026-01-25T07:16:55.0,2026-01-20T12:54:40.531,"Any[53, 45, 37, 30, 25, 19, 13, 8]",53,8
24,2026-01-25T07:45:44.0,2026-01-27T13:23:29.531,"Any[53, 45, 37, 30, 25, 19, 13, 8]",53,8
1483,2026-01-25T08:01:00.0,2026-01-20T13:38:45.531,Any[],53,17
404,2026-01-25T08:11:09.0,2026-01-20T13:48:54.531,"Any[60, 56, 45, 37, 30, 25, 19, 11, 6, 1]",60,1
616,2026-01-25T08:11:09.0,2026-01-20T13:48:54.531,"Any[60, 56, 45, 37, 30, 25, 19, 11, 6, 1]",60,1
755,2026-01-25T09:40:42.0,2026-01-27T15:18:27.531,"Any[53, 45, 37, 30, 25, 19, 10]",53,10
837,2026-01-25T09:47:21.0,2026-01-27T15:25:06.531,"Any[64, 60, 53, 45, 37, 30, 25, 19, 11, 6, 1]",64,1
1143,2026-01-25T10:01:51.0,2026-01-27T15:39:36.531,"Any[53, 45, 37, 30, 25, 19, 10]",53,10
1147,2026-01-25T10:01:51.0,2026-01-27T15:39:36.531,"Any[53, 45, 37, 30, 25, 19, 10]",53,10
346,2026-01-25T10:02:54.353,2026-01-20T15:40:39.884,"Any[1, 6, 11, 19, 30, 37, 45, 56]",1,56
1249,2026-01-25T10:51:46.637,2026-01-27T16:29:32.168,"Any[25, 30, 37, 45, 56, 60]",25,60
122,2026-01-25T11:23:41.0,2026-01-20T17:01:26.531,"Any[53, 45, 37, 30, 25]",53,25
889,2026-01-25T11:45:41.0,2026-01-27T17:23:26.531,"Any[53, 45, 37, 30, 25, 19, 13, 8]",53,8
1264,2026-01-25T11:45:41.0,2026-01-27T17:23:26.531,"Any[53, 45, 37, 30, 25, 19, 13, 8]",53,8
1022,2026-01-25T11:52:41.0,2026-01-20T17:30:26.531,"Any[56, 45, 37, 30, 25]",56,25
1066,2026-01-25T11:58:36.0,2026-01-20T17:36:21.531,"Any[53, 45, 37, 30, 25]",53,25
565,2026-01-25T12:11:25.0,2026-01-27T17:49:10.531,"Any[56, 45, 37, 30, 25, 19, 13, 8]",56,8
1192,2026-01-25T14:03:02.0,2026-01-27T19:40:47.531,"Any[8, 13, 19, 25, 30, 37, 45, 56]",8,56
1232,2026-01-25T14:03:05.0,2026-01-20T19:40:50.531,"Any[8, 13, 19, 25, 30, 37, 45]",8,45
834,2026-01-25T14:10:30.413,2026-01-20T19:48:15.944,"Any[60, 53, 45, 37, 30, 25, 19, 11, 6, 1]",60,1
1191,2026-01-25T14:39:47.0,2026-01-27T20:17:32.531,"Any[53, 45, 37, 30, 25, 19, 11, 6]",53,6
5,2026-01-25T15:09:19.0,2026-01-27T20:47:04.531,"Any[53, 45, 37, 30, 25, 19, 10]",53,10
25,2026-01-25T15:27:47.108,2026-01-20T21:05:32.639,"Any[60, 56, 45, 37, 30, 25, 19]",60,19
1222,2026-01-25T15:27:47.108,2026-01-27T21:05:32.639,"Any[60, 56, 45, 37, 30, 25, 19]",60,19
193,2026-01-25T15:34:07.0,2026-01-20T21:11:52.531,"Any[60, 53, 45, 37, 30, 25, 19, 13, 8]",60,8
546,2026-01-25T15:34:07.0,2026-01-27T21:11:52.531,"Any[60, 53, 45, 37, 30, 25, 19, 13, 8]",60,8
1095,2026-01-25T15:38:08.0,2026-01-27T21:15:53.531,"Any[10, 19, 25, 30, 37, 45, 53]",10,53
666,2026-01-25T16:13:08.0,2026-01-20T21:50:53.531,"Any[6, 11, 19, 30, 37, 45, 56]",6,56
1148,2026-01-25T17:14:31.252,2026-01-20T22:52:16.783,"Any[1, 6, 11, 19, 25, 30, 37, 45, 56]",1,56
1058,2026-01-25T17:25:15.0,2026-01-27T23:03:00.531,"Any[10, 19, 25, 30, 37, 45, 53]",10,53
243,2026-01-25T17:34:15.0,2026-01-20T23:12:00.531,"Any[7, 8, 13, 19, 25, 30, 37, 45, 53]",7,53
441,2026-01-25T17:34:54.939,2026-01-20T23:12:40.47,"Any[60, 56, 45, 37, 30, 25]",60,25
1361,2026-01-25T17:34:54.939,2026-01-27T23:12:40.47,"Any[60, 56, 45, 37, 30, 25]",60,25
1313,2026-01-25T17:37:01.0,2026-01-27T23:14:46.531,"Any[56, 45, 37, 30, 25]",56,25
1356,2026-01-25T17:54:05.0,2026-01-27T23:31:50.531,"Any[8, 13, 19, 25, 30, 37, 45, 53]",8,53
1460,2026-01-25T18:27:00.0,2026-01-21T00:04:45.531,Any[],56,13
523,2026-01-25T20:10:39.0,2026-01-28T01:48:24.531,"Any[53, 45, 37, 30, 25, 19, 10]",53,10
1255,2026-01-25T20:34:05.0,2026-01-28T02:11:50.531,"Any[8, 13, 19, 25, 30, 37, 45, 56]",8,56
1195,2026-01-25T21:37:12.0,2026-01-28T03:14:57.531,"Any[56, 45, 37, 30, 25, 19, 13, 8]",56,8
219,2026-01-25T23:34:15.0,2026-01-28T05:12:00.531,"Any[56, 45, 37, 30, 25, 19, 11, 6]",56,6
715,2026-01-25T23:34:15.0,2026-01-21T05:12:00.531,"Any[56, 45, 37, 30, 25, 19, 11, 6]",56,6
1040,2026-01-25T23:34:15.0,2026-01-28T05:12:00.531,"Any[56, 45, 37, 30, 25, 19, 11, 6]",56,6
976,2026-01-25T23:38:19.0,2026-01-21T05:16:04.531,"Any[8, 13, 19, 25, 30, 37, 45, 56]",8,56
1437,2026-01-25T23:54:00.0,2026-01-28T05:31:45.531,Any[],60,17
627,2026-01-25T23:56:39.0,2026-01-28T05:34:24.531,"Any[53, 45, 37, 30, 25, 19, 11, 6, 1]",53,1
