id,departure_timestamp,arrival_timestamp,ps_seq,Origin_PS,Destination_PS
23,2026-01-07T07:06:40.0,2026-01-30T12:44:25.531,"Any[6, 11, 19, 25, 30, 37, 45, 53]",6,53
46,2026-01-07T07:06:40.0,2026-01-23T12:44:25.531,"Any[10, 19, 25, 30, 37, 45, 53]",10,53
87,2026-01-07T07:06:40.0,2026-01-23T12:44:25.531,"Any[56, 45, 37, 30, 25, 19, 11, 6]",56,6
93,2026-01-07T07:06:40.0,2026-01-16T12:44:25.531,"Any[56, 45, 37, 30, 25]",56,25
173,2026-01-07T07:06:40.0,2026-01-16T12:44:25.531,"Any[64, 53, 45, 37, 30, 25, 19, 10]",64,10
196,2026-01-07T07:06:40.0,2026-01-30T12:44:25.531,"Any[53, 45, 37, 30, 25, 19, 11, 6, 1]",53,1
278,2026-01-07T07:06:40.0,2026-01-23T12:44:25.531,"Any[16, 25, 30, 37, 45, 56, 60]",16,60
297,2026-01-07T07:06:40.0,2026-01-23T12:44:25.531,"Any[53, 45, 37, 30, 25]",53,25
307,2026-01-07T07:06:40.0,2026-01-09T12:44:25.531,"Any[53, 45, 37, 30, 25, 19, 13, 8]",53,8
319,2026-01-07T07:06:40.0,2026-01-30T12:44:25.531,"Any[60, 56, 45, 37, 30, 25, 19, 13, 19, 13, 8]",60,8
344,2026-01-07T07:06:40.0,2026-01-30T12:44:25.531,"Any[19, 25, 30, 37, 45, 56]",19,56
358,2026-01-07T07:06:40.0,2026-01-30T12:44:25.531,"Any[56, 45, 37, 30, 25, 16]",56,16
361,2026-01-07T07:06:40.0,2026-01-30T12:44:25.531,"Any[56, 45, 37, 30, 25, 19, 10]",56,10
400,2026-01-07T07:06:40.0,2026-01-16T12:44:25.531,"Any[64, 56, 45, 37, 30, 25, 19, 11, 6, 2]",64,2
440,2026-01-07T07:06:40.0,2026-01-16T12:44:25.531,"Any[60, 56, 45, 37, 30, 25, 19, 13, 8]",60,8
481,2026-01-07T07:06:40.0,2026-01-09T12:44:25.531,"Any[56, 45, 37, 30, 25, 19, 10]",56,10
498,2026-01-07T07:06:40.0,2026-01-23T12:44:25.531,"Any[53, 45, 37, 30, 25, 19, 11, 6, 1]",53,1
582,2026-01-07T07:06:40.0,2026-01-09T12:44:25.531,"Any[56, 45, 37, 30, 25, 16]",56,16
610,2026-01-07T07:06:40.0,2026-01-16T12:44:25.531,"Any[6, 11, 19, 25, 30, 37, 45]",6,45
618,2026-01-07T07:06:40.0,2026-01-09T12:44:25.531,"Any[19, 25, 30, 37, 45, 56]",19,56
637,2026-01-07T07:06:40.0,2026-01-30T12:44:25.531,"Any[10, 19, 25, 30, 37, 45, 53]",10,53
654,2026-01-07T07:06:40.0,2026-01-16T12:44:25.531,"Any[6, 11, 25, 30, 37, 45]",6,45
746,2026-01-07T07:06:40.0,2026-01-23T12:44:25.531,"Any[64, 60, 53, 45, 37, 30, 25, 19, 13, 8]",64,8
753,2026-01-07T07:06:40.0,2026-01-09T12:44:25.531,"Any[60, 56, 45, 37, 30, 25, 19, 11, 6]",60,6
754,2026-01-07T07:06:40.0,2026-01-09T12:44:25.531,"Any[8, 13, 25, 30, 37, 45, 56]",8,56
794,2026-01-07T07:06:40.0,2026-01-09T12:44:25.531,"Any[19, 25, 30, 37, 45, 56]",19,56
805,2026-01-07T07:06:40.0,2026-01-23T12:44:25.531,"Any[56, 45, 37, 30, 25, 19, 11, 6]",56,6
815,2026-01-07T07:06:40.0,2026-01-09T12:44:25.531,"Any[19, 30, 37, 45, 56]",19,56
858,2026-01-07T07:06:40.0,2026-01-23T12:44:25.531,"Any[3, 6, 11, 19, 25, 30, 37, 45, 56, 60]",3,60
870,2026-01-07T07:06:40.0,2026-01-09T12:44:25.531,"Any[10, 19, 25, 30, 37, 45, 53]",10,53
871,2026-01-07T07:06:40.0,2026-01-30T12:44:25.531,"Any[1, 6, 11, 19, 25, 30, 37, 45, 56]",1,56
876,2026-01-07T07:06:40.0,2026-01-16T12:44:25.531,"Any[7, 8, 13, 19, 25, 30, 37, 45, 53]",7,53
878,2026-01-07T07:06:40.0,2026-01-09T12:44:25.531,"Any[19, 25, 30, 37, 45, 56]",19,56
884,2026-01-07T07:06:40.0,2026-01-09T12:44:25.531,"Any[19, 25, 30, 37, 45, 56]",19,56
887,2026-01-07T07:06:40.0,2026-01-23T12:44:25.531,"Any[6, 11, 19, 25, 30, 37, 45]",6,45
902,2026-01-07T07:06:40.0,2026-01-09T12:44:25.531,"Any[6, 11, 19, 25, 30, 37, 45]",6,45
905,2026-01-07T07:06:40.0,2026-01-23T12:44:25.531,"Any[16, 19, 25, 30, 37, 45, 53]",16,53
913,2026-01-07T07:06:40.0,2026-01-23T12:44:25.531,"Any[10, 19, 25, 30, 37, 45, 53]",10,53
950,2026-01-07T07:06:40.0,2026-01-16T12:44:25.531,"Any[3, 6, 11, 19, 25, 30, 37, 45]",3,45
967,2026-01-07T07:06:40.0,2026-01-09T12:44:25.531,"Any[3, 6, 11, 19, 25, 30, 37, 45]",3,45
971,2026-01-07T07:06:40.0,2026-01-16T12:44:25.531,"Any[6, 11, 19, 25, 30, 37, 45]",6,45
1003,2026-01-07T07:06:40.0,2026-01-09T12:44:25.531,"Any[56, 45, 37, 30, 25, 19, 10]",56,10
1044,2026-01-07T07:06:40.0,2026-01-16T12:44:25.531,"Any[16, 25, 30, 37, 45, 53]",16,53
1045,2026-01-07T07:06:40.0,2026-01-23T12:44:25.531,"Any[60, 56, 45, 37, 30, 25, 19, 11, 6]",60,6
1048,2026-01-07T07:06:40.0,2026-01-16T12:44:25.531,"Any[53, 45, 37, 30, 25, 19, 13, 8]",53,8
1053,2026-01-07T07:06:40.0,2026-01-16T12:44:25.531,"Any[56, 45, 37, 30, 25]",56,25
1061,2026-01-07T07:06:40.0,2026-01-30T12:44:25.531,"Any[64, 60, 53, 45, 37, 30, 25, 19, 10]",64,10
1093,2026-01-07T07:06:40.0,2026-01-23T12:44:25.531,"Any[56, 45, 37, 30, 25, 19, 10]",56,10
1120,2026-01-07T07:06:40.0,2026-01-30T12:44:25.531,"Any[6, 11, 19, 25, 30, 37, 45]",6,45
1134,2026-01-07T07:06:40.0,2026-01-16T12:44:25.531,"Any[6, 11, 19, 25, 30, 37, 45]",6,45
1141,2026-01-07T07:06:40.0,2026-01-30T12:44:25.531,"Any[6, 11, 25, 30, 37, 45, 53]",6,53
1149,2026-01-07T07:06:40.0,2026-01-30T12:44:25.531,"Any[60, 56, 45, 37, 30, 25, 19, 11, 6]",60,6
1239,2026-01-07T07:06:40.0,2026-01-30T12:44:25.531,"Any[7, 8, 13, 19, 25, 30, 37, 45, 53, 60]",7,60
1241,2026-01-07T07:06:40.0,2026-01-16T12:44:25.531,"Any[64, 53, 45, 37, 30, 25, 19, 10]",64,10
1247,2026-01-07T07:06:40.0,2026-01-30T12:44:25.531,"Any[53, 45, 37, 30, 25, 19, 13, 8]",53,8
1264,2026-01-07T07:06:40.0,2026-01-09T12:44:25.531,"Any[60, 53, 45, 37, 30, 25, 19, 10]",60,10
1272,2026-01-07T07:06:40.0,2026-01-09T12:44:25.531,"Any[45, 37, 30, 25, 19, 10]",45,10
1282,2026-01-07T07:06:40.0,2026-01-16T12:44:25.531,"Any[56, 45, 37, 30, 25, 19, 11, 6]",56,6
1290,2026-01-07T07:06:40.0,2026-01-09T12:44:25.531,"Any[10, 19, 25, 30, 37, 45, 53]",10,53
1294,2026-01-07T07:06:40.0,2026-01-30T12:44:25.531,"Any[60, 56, 45, 37, 30, 25, 19, 11, 6]",60,6
1309,2026-01-07T07:06:40.0,2026-01-16T12:44:25.531,"Any[3, 10, 19, 25, 30, 37, 45, 53]",3,53
1340,2026-01-07T07:06:40.0,2026-01-16T12:44:25.531,"Any[56, 45, 37, 30, 25, 19, 10]",56,10
1348,2026-01-07T07:06:40.0,2026-01-30T12:44:25.531,"Any[53, 45, 37, 30, 25, 19, 13, 8]",53,8
1361,2026-01-07T07:06:40.0,2026-01-30T12:44:25.531,"Any[53, 45, 37, 30, 25, 19, 11, 6, 1]",53,1
1402,2026-01-07T07:06:40.0,2026-01-30T12:44:25.531,"Any[16, 17, 25, 30, 37, 45, 53]",16,53
1425,2026-01-07T07:06:40.0,2026-01-09T12:44:25.531,"Any[60, 56, 45, 37, 30, 25, 19, 13, 19, 13, 8]",60,8
1430,2026-01-07T07:06:40.0,2026-01-30T12:44:25.531,"Any[60, 53, 45, 37, 30, 25, 19, 10]",60,10
1442,2026-01-07T07:06:40.0,2026-01-09T12:44:25.531,"Any[1, 6, 11, 19, 23, 36, 44, 54, 60]",1,60
1445,2026-01-07T07:06:40.0,2026-01-16T12:44:25.531,"Any[56, 45, 37, 30, 25, 19, 11, 6]",56,6
1447,2026-01-07T07:06:40.0,2026-01-23T12:44:25.531,"Any[53, 45, 37, 30, 25]",53,25
1452,2026-01-07T07:06:40.0,2026-01-30T12:44:25.531,"Any[53, 45, 37, 30, 25, 19, 11, 10, 11, 6, 1]",53,1
1464,2026-01-07T07:06:40.0,2026-01-16T12:44:25.531,"Any[6, 11, 19, 25, 30, 37, 45]",6,45
1471,2026-01-07T07:06:40.0,2026-01-09T12:44:25.531,"Any[8, 7, 8, 13, 19, 25, 30, 37, 45]",8,45
1535,2026-01-07T07:06:40.0,2026-01-23T12:44:25.531,"Any[64, 53, 45, 37, 30, 25, 19, 10]",64,10
1538,2026-01-07T07:06:40.0,2026-01-30T12:44:25.531,"Any[56, 45, 37, 30, 25, 19, 10]",56,10
1539,2026-01-07T07:06:40.0,2026-01-30T12:44:25.531,"Any[60, 56, 45, 37, 30, 25, 19, 11, 6]",60,6
1548,2026-01-07T07:06:40.0,2026-01-09T12:44:25.531,"Any[19, 25, 30, 37, 45, 56]",19,56
1562,2026-01-07T07:06:40.0,2026-01-16T12:44:25.531,"Any[53, 45, 37, 30, 25, 19, 13, 8]",53,8
1572,2026-01-07T07:06:40.0,2026-01-09T12:44:25.531,"Any[53, 45, 37, 30, 25]",53,25
1606,2026-01-07T07:06:40.0,2026-01-09T12:44:25.531,"Any[8, 13, 19, 25, 37, 45, 56]",8,56
1637,2026-01-07T07:06:40.0,2026-01-09T12:44:25.531,"Any[3, 10, 19, 25, 30, 37, 45, 53]",3,53
1693,2026-01-07T07:06:40.0,2026-01-30T12:44:25.531,"Any[60, 56, 45, 37, 30, 25, 19, 13, 8]",60,8
1712,2026-01-07T07:06:40.0,2026-01-23T12:44:25.531,"Any[53, 45, 37, 30, 25, 19, 11, 6, 1]",53,1
1713,2026-01-07T07:06:40.0,2026-01-23T12:44:25.531,"Any[56, 45, 37, 30, 25, 16]",56,16
1785,2026-01-07T07:06:40.0,2026-01-16T12:44:25.531,"Any[60, 56, 45, 37, 30, 25]",60,25
1803,2026-01-07T07:06:40.0,2026-01-30T12:44:25.531,"Any[64, 60, 53, 45, 37, 30, 25, 19, 11, 6, 1]",64,1
1852,2026-01-07T07:06:40.0,2026-01-16T12:44:25.531,"Any[54, 44, 36, 23, 19, 13, 8, 7]",54,7
1865,2026-01-07T07:06:40.0,2026-01-23T12:44:25.531,"Any[53, 45, 37, 30, 25, 19, 13, 8]",53,8
1881,2026-01-07T07:06:40.0,2026-01-30T12:44:25.531,"Any[8, 13, 19, 30, 37, 45, 56]",8,56
1896,2026-01-07T07:06:40.0,2026-01-09T12:44:25.531,"Any[16, 25, 30, 37, 45, 53]",16,53
1917,2026-01-07T07:06:40.0,2026-01-16T12:44:25.531,"Any[53, 45, 37, 30, 25, 19, 13, 8]",53,8
1924,2026-01-07T07:06:40.0,2026-01-09T12:44:25.531,"Any[1, 6, 11, 19, 25, 30, 37, 45, 56]",1,56
1928,2026-01-07T07:06:40.0,2026-01-09T12:44:25.531,"Any[7, 8, 13, 19, 25, 30, 37, 45, 53]",7,53
1961,2026-01-07T07:06:40.0,2026-01-30T12:44:25.531,"Any[7, 8, 13, 19, 25, 30, 37, 45, 53]",7,53
2013,2026-01-07T07:06:40.0,2026-01-09T12:44:25.531,"Any[45, 37, 30, 25, 19, 10]",45,10
2017,2026-01-07T07:06:40.0,2026-01-16T12:44:25.531,"Any[7, 8, 13, 19, 25, 30, 37, 45, 53, 60]",7,60
2019,2026-01-07T07:06:40.0,2026-01-16T12:44:25.531,"Any[56, 45, 37, 30, 25]",56,25
2058,2026-01-07T07:06:40.0,2026-01-16T12:44:25.531,"Any[10, 19, 25, 30, 37, 45, 53]",10,53
2075,2026-01-07T07:06:40.0,2026-01-16T12:44:25.531,"Any[54, 44, 36, 23, 19, 11, 6, 6]",54,6
2116,2026-01-07T07:06:40.0,2026-01-09T12:44:25.531,"Any[53, 45, 37, 30, 25, 19, 11, 10, 11, 6, 1]",53,1
2117,2026-01-07T07:06:40.0,2026-01-09T12:44:25.531,"Any[8, 13, 19, 25, 30, 37, 45, 56]",8,56
2129,2026-01-07T07:06:40.0,2026-01-16T12:44:25.531,"Any[19, 25, 30, 37, 45, 56]",19,56
2137,2026-01-07T07:06:40.0,2026-01-30T12:44:25.531,"Any[1, 6, 11, 19, 23, 28, 36, 44, 54, 60]",1,60
2141,2026-01-07T07:06:40.0,2026-01-30T12:44:25.531,"Any[19, 30, 37, 45, 56]",19,56
2168,2026-01-07T07:06:40.0,2026-01-09T12:44:25.531,"Any[10, 19, 25, 30, 37, 45, 53]",10,53
2183,2026-01-07T07:06:40.0,2026-01-30T12:44:25.531,"Any[53, 45, 37, 30, 25, 19, 11, 10, 11, 6, 1]",53,1
2203,2026-01-07T07:06:40.0,2026-01-16T12:44:25.531,"Any[10, 19, 25, 30, 37, 45, 53]",10,53
2250,2026-01-07T07:06:40.0,2026-01-16T12:44:25.531,"Any[8, 13, 19, 25, 37, 45, 56]",8,56
2265,2026-01-07T07:06:40.0,2026-01-16T12:44:25.531,"Any[64, 60, 53, 45, 37, 30, 25, 19, 13, 8]",64,8
2299,2026-01-07T07:06:40.0,2026-01-23T12:44:25.531,"Any[60, 56, 45, 37, 30, 25, 19, 13, 19, 13, 8]",60,8
2302,2026-01-07T07:06:40.0,2026-01-16T12:44:25.531,"Any[60, 56, 45, 37, 30, 25, 19, 11, 6]",60,6
2303,2026-01-07T07:06:40.0,2026-01-23T12:44:25.531,"Any[60, 56, 45, 37, 30, 25, 19, 11, 6]",60,6
2344,2026-01-07T07:06:40.0,2026-01-30T12:44:25.531,"Any[56, 45, 37, 30, 25]",56,25
2470,2026-01-07T07:06:40.0,2026-01-23T12:44:25.531,"Any[56, 45, 37, 30, 25, 19, 10]",56,10
2577,2026-01-07T07:06:40.0,2026-01-16T12:44:25.531,"Any[53, 45, 37, 30, 25, 19, 13, 8]",53,8
2593,2026-01-07T07:06:40.0,2026-01-09T12:44:25.531,"Any[53, 45, 37, 30, 25, 19, 13, 8]",53,8
2634,2026-01-07T07:06:40.0,2026-01-09T12:44:25.531,"Any[53, 45, 37, 30, 25, 19, 13, 8]",53,8
2663,2026-01-07T07:06:40.0,2026-01-30T12:44:25.531,"Any[53, 45, 37, 30, 25, 19, 11, 10, 11, 6, 1]",53,1
2707,2026-01-07T07:06:40.0,2026-01-16T12:44:25.531,"Any[45, 37, 30, 25, 19, 10]",45,10
2759,2026-01-07T07:06:40.0,2026-01-23T12:44:25.531,"Any[19, 25, 30, 37, 45, 56]",19,56
2763,2026-01-07T07:06:40.0,2026-01-16T12:44:25.531,"Any[19, 25, 30, 37, 45, 56]",19,56
2768,2026-01-07T07:06:40.0,2026-01-16T12:44:25.531,"Any[19, 25, 30, 37, 45, 56]",19,56
2796,2026-01-07T07:06:40.0,2026-01-30T12:44:25.531,"Any[8, 13, 19, 25, 30, 37, 45, 56]",8,56
2807,2026-01-07T07:06:40.0,2026-01-16T12:44:25.531,"Any[8, 13, 19, 25, 30, 37, 45, 56]",8,56
2819,2026-01-07T07:06:40.0,2026-01-30T12:44:25.531,"Any[8, 13, 19, 25, 30, 37, 45, 56]",8,56
2848,2026-01-07T07:06:40.0,2026-01-30T12:44:25.531,"Any[8, 13, 19, 25, 30, 37, 45, 56]",8,56
2859,2026-01-07T07:06:40.0,2026-01-09T12:44:25.531,"Any[8, 13, 19, 25, 30, 37, 45, 56]",8,56
2866,2026-01-07T07:06:40.0,2026-01-30T12:44:25.531,"Any[8, 13, 25, 30, 37, 45, 56]",8,56
2882,2026-01-07T07:06:40.0,2026-01-23T12:44:25.531,"Any[1, 6, 11, 19, 23, 36, 44, 54, 60]",1,60
2893,2026-01-07T07:06:40.0,2026-01-23T12:44:25.531,"Any[1, 6, 11, 19, 23, 36, 44, 54, 60]",1,60
2899,2026-01-07T07:06:40.0,2026-01-30T12:44:25.531,"Any[1, 6, 11, 19, 23, 28, 36, 44, 54, 60]",1,60
2916,2026-01-07T07:06:40.0,2026-01-09T12:44:25.531,"Any[1, 6, 11, 19, 23, 28, 36, 44, 54, 60]",1,60
2933,2026-01-07T07:06:40.0,2026-01-09T12:44:25.531,"Any[1, 6, 11, 19, 23, 36, 44, 54, 60]",1,60
2983,2026-01-07T07:06:40.0,2026-01-30T12:44:25.531,"Any[6, 11, 19, 25, 30, 37, 45, 53]",6,53
2997,2026-01-07T07:06:40.0,2026-01-30T12:44:25.531,"Any[10, 11, 19, 25, 30, 37, 45, 53]",10,53
2999,2026-01-07T07:06:40.0,2026-01-23T12:44:25.531,"Any[10, 19, 25, 30, 37, 45, 53]",10,53
3015,2026-01-07T07:06:40.0,2026-01-23T12:44:25.531,"Any[10, 19, 25, 30, 37, 45, 53]",10,53
3019,2026-01-07T07:06:40.0,2026-01-16T12:44:25.531,"Any[10, 19, 25, 30, 37, 45, 53]",10,53
3040,2026-01-07T07:06:40.0,2026-01-23T12:44:25.531,"Any[10, 19, 30, 37, 45, 53]",10,53
3044,2026-01-07T07:06:40.0,2026-01-30T12:44:25.531,"Any[10, 19, 25, 30, 37, 45, 53]",10,53
3048,2026-01-07T07:06:40.0,2026-01-30T12:44:25.531,"Any[10, 19, 25, 30, 37, 45, 53]",10,53
3051,2026-01-07T07:06:40.0,2026-01-30T12:44:25.531,"Any[10, 19, 25, 30, 37, 45, 53]",10,53
3053,2026-01-07T07:06:40.0,2026-01-16T12:44:25.531,"Any[10, 19, 25, 30, 37, 45, 53]",10,53
3100,2026-01-07T07:06:40.0,2026-01-23T12:44:25.531,"Any[10, 19, 25, 30, 37, 45, 53]",10,53
3118,2026-01-07T07:06:40.0,2026-01-16T12:44:25.531,"Any[10, 19, 25, 30, 37, 45, 53]",10,53
3119,2026-01-07T07:06:40.0,2026-01-23T12:44:25.531,"Any[10, 19, 25, 30, 37, 45, 53]",10,53
3138,2026-01-07T07:06:40.0,2026-01-09T12:44:25.531,"Any[10, 19, 25, 30, 37, 45, 53]",10,53
3139,2026-01-07T07:06:40.0,2026-01-09T12:44:25.531,"Any[10, 19, 25, 30, 37, 45, 53]",10,53
3172,2026-01-07T07:06:40.0,2026-01-16T12:44:25.531,"Any[10, 19, 25, 30, 37, 45, 53]",10,53
3181,2026-01-07T07:06:40.0,2026-01-09T12:44:25.531,"Any[10, 19, 25, 30, 37, 45, 53]",10,53
3185,2026-01-07T07:06:40.0,2026-01-16T12:44:25.531,"Any[10, 19, 25, 30, 37, 45, 53]",10,53
3187,2026-01-07T07:06:40.0,2026-01-30T12:44:25.531,"Any[10, 19, 25, 30, 37, 45, 53]",10,53
3193,2026-01-07T07:06:40.0,2026-01-16T12:44:25.531,"Any[10, 11, 19, 25, 30, 37, 45, 53]",10,53
3196,2026-01-07T07:06:40.0,2026-01-16T12:44:25.531,"Any[10, 19, 25, 30, 37, 45, 53]",10,53
2,2026-01-10T13:20:00.0,2026-02-02T18:57:45.531,"Any[8, 13, 19, 25, 30, 37, 45, 56]",8,56
3,2026-01-10T13:20:00.0,2026-01-19T18:57:45.531,"Any[45, 37, 30, 25]",45,25
9,2026-01-10T13:20:00.0,2026-01-12T18:57:45.531,"Any[60, 56, 45, 37, 30, 25, 19, 13, 8]",60,8
29,2026-01-10T13:20:00.0,2026-02-02T18:57:45.531,"Any[3, 10, 19, 25, 30, 37, 45, 53]",3,53
40,2026-01-10T13:20:00.0,2026-01-12T18:57:45.531,"Any[7, 8, 13, 19, 25, 30, 37, 45, 53]",7,53
58,2026-01-10T13:20:00.0,2026-01-26T18:57:45.531,"Any[53, 45, 37, 30, 25, 19, 11, 6, 1]",53,1
60,2026-01-10T13:20:00.0,2026-01-19T18:57:45.531,"Any[13, 19, 25, 30, 37, 45, 56]",13,56
61,2026-01-10T13:20:00.0,2026-02-02T18:57:45.531,"Any[17, 16, 25, 30, 37, 45, 53]",17,53
62,2026-01-10T13:20:00.0,2026-01-12T18:57:45.531,"Any[19, 25, 30, 37, 45, 56]",19,56
67,2026-01-10T13:20:00.0,2026-01-12T18:57:45.531,"Any[64, 56, 45, 37, 30, 25, 19, 11, 6]",64,6
76,2026-01-10T13:20:00.0,2026-01-26T18:57:45.531,"Any[60, 56, 45, 37, 30, 25, 19, 11, 6]",60,6
80,2026-01-10T13:20:00.0,2026-01-19T18:57:45.531,"Any[64, 56, 45, 37, 30, 25, 19, 11, 6]",64,6
85,2026-01-10T13:20:00.0,2026-01-12T18:57:45.531,"Any[60, 53, 45, 37, 30, 25]",60,25
91,2026-01-10T13:20:00.0,2026-02-02T18:57:45.531,"Any[56, 45, 37, 30, 25, 19, 11, 6]",56,6
94,2026-01-10T13:20:00.0,2026-01-26T18:57:45.531,"Any[56, 45, 37, 30, 25, 19, 10]",56,10
97,2026-01-10T13:20:00.0,2026-01-12T18:57:45.531,"Any[10, 19, 25, 30, 37, 45, 53]",10,53
98,2026-01-10T13:20:00.0,2026-01-12T18:57:45.531,"Any[60, 53, 45, 37, 30, 25]",60,25
99,2026-01-10T13:20:00.0,2026-01-26T18:57:45.531,"Any[10, 19, 25, 30, 37, 45, 53]",10,53
100,2026-01-10T13:20:00.0,2026-01-19T18:57:45.531,"Any[60, 53, 45, 37, 30, 25]",60,25
101,2026-01-10T13:20:00.0,2026-02-02T18:57:45.531,"Any[53, 45, 37, 30, 25, 19, 11, 6, 1]",53,1
106,2026-01-10T13:20:00.0,2026-01-19T18:57:45.531,"Any[10, 19, 25, 30, 37, 45, 53]",10,53
111,2026-01-10T13:20:00.0,2026-02-02T18:57:45.531,"Any[60, 56, 45, 37, 30, 25, 19, 11, 6]",60,6
113,2026-01-10T13:20:00.0,2026-01-12T18:57:45.531,"Any[64, 60, 56, 45, 37, 30, 25, 19]",64,19
116,2026-01-10T13:20:00.0,2026-01-26T18:57:45.531,"Any[60, 56, 45, 37, 30, 25, 19, 11, 6]",60,6
121,2026-01-10T13:20:00.0,2026-01-26T18:57:45.531,"Any[53, 45, 37, 30, 25, 19, 11, 6, 1]",53,1
128,2026-01-10T13:20:00.0,2026-02-02T18:57:45.531,"Any[8, 13, 19, 25, 30, 37, 45, 56]",8,56
135,2026-01-10T13:20:00.0,2026-01-26T18:57:45.531,"Any[8, 13, 19, 25, 30, 37, 45]",8,45
136,2026-01-10T13:20:00.0,2026-01-12T18:57:45.531,"Any[6, 11, 19, 25, 30, 37, 45]",6,45
142,2026-01-10T13:20:00.0,2026-01-12T18:57:45.531,"Any[3, 6, 11, 25, 30, 37, 45]",3,45
146,2026-01-10T13:20:00.0,2026-01-19T18:57:45.531,"Any[8, 13, 19, 25, 30, 37, 45, 56]",8,56
156,2026-01-10T13:20:00.0,2026-01-19T18:57:45.531,"Any[10, 19, 25, 30, 37, 45, 53]",10,53
157,2026-01-10T13:20:00.0,2026-02-02T18:57:45.531,"Any[60, 56, 45, 37, 30, 25]",60,25
158,2026-01-10T13:20:00.0,2026-02-02T18:57:45.531,"Any[1, 6, 11, 19, 25, 30, 37, 45, 56]",1,56
159,2026-01-10T13:20:00.0,2026-01-12T18:57:45.531,"Any[53, 45, 37, 30, 25, 19, 11, 6, 1]",53,1
161,2026-01-10T13:20:00.0,2026-01-26T18:57:45.531,"Any[53, 45, 37, 30, 25, 19, 11, 6, 1]",53,1
162,2026-01-10T13:20:00.0,2026-01-19T18:57:45.531,"Any[53, 45, 37, 30, 25, 19, 11, 6, 1]",53,1
164,2026-01-10T13:20:00.0,2026-01-19T18:57:45.531,"Any[6, 11, 19, 25, 30, 37, 45]",6,45
170,2026-01-10T13:20:00.0,2026-01-26T18:57:45.531,"Any[10, 19, 25, 30, 37, 45, 53]",10,53
176,2026-01-10T13:20:00.0,2026-02-02T18:57:45.531,"Any[64, 60, 53, 45, 37, 30, 25, 19, 10]",64,10
179,2026-01-10T13:20:00.0,2026-01-19T18:57:45.531,"Any[64, 60, 56, 45, 37, 30, 25, 19, 13, 8]",64,8
182,2026-01-10T13:20:00.0,2026-01-12T18:57:45.531,"Any[16, 25, 30, 37, 45, 53, 60]",16,60
187,2026-01-10T13:20:00.0,2026-01-12T18:57:45.531,"Any[60, 56, 45, 37, 30, 25, 19, 11, 6]",60,6
197,2026-01-10T13:20:00.0,2026-01-19T18:57:45.531,"Any[53, 45, 37, 30, 25, 19, 13, 8]",53,8
200,2026-01-10T13:20:00.0,2026-02-02T18:57:45.531,"Any[10, 19, 25, 30, 37, 45, 53]",10,53
202,2026-01-10T13:20:00.0,2026-01-19T18:57:45.531,"Any[10, 19, 25, 30, 37, 45, 53]",10,53
204,2026-01-10T13:20:00.0,2026-02-02T18:57:45.531,"Any[6, 11, 19, 25, 30, 37, 45]",6,45
205,2026-01-10T13:20:00.0,2026-01-19T18:57:45.531,"Any[53, 45, 37, 30, 25, 19, 13, 8]",53,8
206,2026-01-10T13:20:00.0,2026-02-02T18:57:45.531,"Any[60, 56, 53, 45, 37, 30, 25, 19, 11, 6]",60,6
217,2026-01-10T13:20:00.0,2026-01-12T18:57:45.531,"Any[45, 37, 30, 25]",45,25
219,2026-01-10T13:20:00.0,2026-01-12T18:57:45.531,"Any[8, 13, 19, 25, 30, 37, 45, 56]",8,56
221,2026-01-10T13:20:00.0,2026-02-02T18:57:45.531,"Any[53, 45, 37, 30, 25, 19]",53,19
228,2026-01-10T13:20:00.0,2026-02-02T18:57:45.531,"Any[56, 45, 37, 30, 25, 19, 11, 6]",56,6
236,2026-01-10T13:20:00.0,2026-02-02T18:57:45.531,"Any[19, 25, 30, 37, 45, 56, 60]",19,60
243,2026-01-10T13:20:00.0,2026-01-19T18:57:45.531,"Any[53, 45, 37, 30, 25, 19, 11, 6, 1]",53,1
246,2026-01-10T13:20:00.0,2026-01-19T18:57:45.531,"Any[60, 56, 45, 37, 30, 25]",60,25
250,2026-01-10T13:20:00.0,2026-01-19T18:57:45.531,"Any[8, 13, 19, 25, 30, 37, 45, 56]",8,56
254,2026-01-10T13:20:00.0,2026-01-12T18:57:45.531,"Any[3, 6, 11, 19, 25, 30, 37, 45, 53]",3,53
256,2026-01-10T13:20:00.0,2026-02-02T18:57:45.531,"Any[3, 6, 11, 19, 25, 30, 37, 45]",3,45
257,2026-01-10T13:20:00.0,2026-01-12T18:57:45.531,"Any[6, 11, 16, 25, 30, 37, 45, 53]",6,53
260,2026-01-10T13:20:00.0,2026-01-19T18:57:45.531,"Any[56, 45, 37, 30, 25, 19, 11, 6]",56,6
266,2026-01-10T13:20:00.0,2026-01-19T18:57:45.531,"Any[6, 11, 19, 25, 30, 37, 45, 53]",6,53
267,2026-01-10T13:20:00.0,2026-01-19T18:57:45.531,"Any[10, 19, 25, 30, 37, 45, 53]",10,53
273,2026-01-10T13:20:00.0,2026-01-19T18:57:45.531,"Any[62, 45, 37, 30, 25, 19, 11, 6, 6, 1]",62,6
279,2026-01-10T13:20:00.0,2026-01-19T18:57:45.531,"Any[6, 11, 19, 25, 30, 37, 45, 53]",6,53
283,2026-01-10T13:20:00.0,2026-01-19T18:57:45.531,"Any[19, 25, 30, 37, 45, 53, 60]",19,60
285,2026-01-10T13:20:00.0,2026-02-02T18:57:45.531,"Any[7, 8, 13, 19, 25, 30, 37, 45, 53, 60]",7,60
288,2026-01-10T13:20:00.0,2026-01-12T18:57:45.531,"Any[53, 45, 37, 30, 25, 19, 13, 8]",53,8
290,2026-01-10T13:20:00.0,2026-01-19T18:57:45.531,"Any[19, 25, 30, 37, 45, 56]",19,56
305,2026-01-10T13:20:00.0,2026-01-12T18:57:45.531,"Any[1, 6, 11, 19, 25, 30, 37, 45, 56, 60]",1,60
309,2026-01-10T13:20:00.0,2026-01-19T18:57:45.531,"Any[53, 45, 37, 30, 25, 19, 13, 8]",53,8
312,2026-01-10T13:20:00.0,2026-01-12T18:57:45.531,"Any[1, 6, 11, 19, 25, 30, 37, 45, 56]",1,56
325,2026-01-10T13:20:00.0,2026-01-19T18:57:45.531,"Any[53, 45, 37, 30, 25, 19, 11, 6, 1]",53,1
331,2026-01-10T13:20:00.0,2026-01-12T18:57:45.531,"Any[1, 6, 11, 19, 25, 30, 37, 45, 53, 60]",1,60
343,2026-01-10T13:20:00.0,2026-02-02T18:57:45.531,"Any[60, 56, 45, 37, 30, 25, 19, 11, 6]",60,6
346,2026-01-10T13:20:00.0,2026-01-26T18:57:45.531,"Any[56, 45, 37, 30, 25]",56,25
348,2026-01-10T13:20:00.0,2026-01-12T18:57:45.531,"Any[10, 19, 25, 30, 37, 45, 53]",10,53
363,2026-01-10T13:20:00.0,2026-01-12T18:57:45.531,"Any[60, 53, 45, 37, 30, 25]",60,25
364,2026-01-10T13:20:00.0,2026-02-02T18:57:45.531,"Any[1, 6, 11, 19, 25, 30, 37, 45, 56]",1,56
365,2026-01-10T13:20:00.0,2026-01-19T18:57:45.531,"Any[14, 19, 25, 30, 37, 45, 53]",14,53
366,2026-01-10T13:20:00.0,2026-01-26T18:57:45.531,"Any[7, 8, 13, 19, 25, 30, 37, 45, 53]",7,53
384,2026-01-10T13:20:00.0,2026-01-12T18:57:45.531,"Any[6, 11, 19, 25, 30, 37, 45]",6,45
386,2026-01-10T13:20:00.0,2026-01-26T18:57:45.531,"Any[19, 25, 30, 37, 45, 56]",19,56
389,2026-01-10T13:20:00.0,2026-01-12T18:57:45.531,"Any[6, 11, 19, 25, 30, 37, 45, 53]",6,53
390,2026-01-10T13:20:00.0,2026-01-12T18:57:45.531,"Any[45, 37, 30, 25, 19, 10]",45,10
393,2026-01-10T13:20:00.0,2026-01-19T18:57:45.531,"Any[8, 13, 19, 25, 30, 37, 45, 56]",8,56
405,2026-01-10T13:20:00.0,2026-01-26T18:57:45.531,"Any[6, 11, 19, 25, 30, 37, 45]",6,45
407,2026-01-10T13:20:00.0,2026-02-02T18:57:45.531,"Any[19, 25, 30, 37, 45, 56]",19,56
411,2026-01-10T13:20:00.0,2026-01-12T18:57:45.531,"Any[60, 53, 45, 37, 30, 25]",60,25
413,2026-01-10T13:20:00.0,2026-01-19T18:57:45.531,"Any[53, 45, 37, 30, 25]",53,25
414,2026-01-10T13:20:00.0,2026-01-19T18:57:45.531,"Any[64, 60, 53, 45, 37, 30, 25, 19, 10]",64,10
421,2026-01-10T13:20:00.0,2026-02-02T18:57:45.531,"Any[60, 56, 45, 37, 30, 25, 19, 11, 6]",60,6
429,2026-01-10T13:20:00.0,2026-01-26T18:57:45.531,"Any[8, 13, 19, 25, 30, 37, 45, 56]",8,56
437,2026-01-10T13:20:00.0,2026-01-26T18:57:45.531,"Any[8, 13, 19, 25, 30, 37, 45, 56]",8,56
450,2026-01-10T13:20:00.0,2026-01-26T18:57:45.531,"Any[19, 25, 30, 37, 45, 56]",19,56
451,2026-01-10T13:20:00.0,2026-02-02T18:57:45.531,"Any[64, 60, 53, 45, 37, 30, 25, 19, 10]",64,10
452,2026-01-10T13:20:00.0,2026-01-26T18:57:45.531,"Any[6, 11, 19, 25, 30, 37, 45, 53]",6,53
453,2026-01-10T13:20:00.0,2026-02-02T18:57:45.531,"Any[10, 19, 25, 30, 37, 45, 53]",10,53
454,2026-01-10T13:20:00.0,2026-02-02T18:57:45.531,"Any[53, 45, 37, 30, 25]",53,25
457,2026-01-10T13:20:00.0,2026-01-26T18:57:45.531,"Any[1, 6, 11, 19, 25, 30, 37, 45, 53, 60]",1,60
462,2026-01-10T13:20:00.0,2026-01-12T18:57:45.531,"Any[60, 56, 45, 37, 30, 25, 19, 13, 8]",60,8
465,2026-01-10T13:20:00.0,2026-01-26T18:57:45.531,"Any[56, 45, 37, 30, 25, 19, 11, 6]",56,6
469,2026-01-10T13:20:00.0,2026-02-02T18:57:45.531,"Any[10, 19, 25, 30, 37, 45, 53]",10,53
476,2026-01-10T13:20:00.0,2026-01-12T18:57:45.531,"Any[53, 45, 37, 30, 25]",53,25
490,2026-01-10T13:20:00.0,2026-02-02T18:57:45.531,"Any[60, 56, 45, 37, 30, 25, 19, 11, 6]",60,6
491,2026-01-10T13:20:00.0,2026-01-26T18:57:45.531,"Any[10, 19, 25, 30, 37, 45, 53]",10,53
493,2026-01-10T13:20:00.0,2026-01-26T18:57:45.531,"Any[56, 45, 37, 30, 25, 19, 11, 6]",56,6
500,2026-01-10T13:20:00.0,2026-01-12T18:57:45.531,"Any[19, 25, 30, 37, 45, 56]",19,56
508,2026-01-10T13:20:00.0,2026-02-02T18:57:45.531,"Any[10, 19, 25, 30, 37, 45, 53]",10,53
511,2026-01-10T13:20:00.0,2026-02-02T18:57:45.531,"Any[1, 6, 11, 19, 25, 30, 37, 45, 56]",1,56
512,2026-01-10T13:20:00.0,2026-01-26T18:57:45.531,"Any[8, 13, 19, 25, 30, 37, 45]",8,45
520,2026-01-10T13:20:00.0,2026-02-02T18:57:45.531,"Any[7, 8, 13, 19, 25, 30, 37, 45, 53]",7,53
521,2026-01-10T13:20:00.0,2026-01-26T18:57:45.531,"Any[60, 56, 45, 37, 30, 25, 19, 14]",60,14
522,2026-01-10T13:20:00.0,2026-01-19T18:57:45.531,"Any[64, 60, 53, 45, 37, 30, 25, 19, 11, 6, 1]",64,1
524,2026-01-10T13:20:00.0,2026-02-02T18:57:45.531,"Any[1, 6, 11, 19, 23, 36, 44, 54, 60]",1,60
536,2026-01-10T13:20:00.0,2026-01-12T18:57:45.531,"Any[8, 13, 19, 25, 30, 37, 45, 56]",8,56
537,2026-01-10T13:20:00.0,2026-01-12T18:57:45.531,"Any[56, 45, 37, 30, 25]",56,25
543,2026-01-10T13:20:00.0,2026-01-12T18:57:45.531,"Any[53, 45, 37, 30, 25]",53,25
548,2026-01-10T13:20:00.0,2026-01-19T18:57:45.531,"Any[53, 45, 37, 30, 25, 19, 11, 6, 1]",53,1
553,2026-01-10T13:20:00.0,2026-02-02T18:57:45.531,"Any[60, 56, 45, 37, 30, 25, 19, 11, 6]",60,6
557,2026-01-10T13:20:00.0,2026-02-02T18:57:45.531,"Any[10, 19, 25, 30, 37, 45, 53]",10,53
565,2026-01-10T13:20:00.0,2026-02-02T18:57:45.531,"Any[45, 37, 30, 25, 19]",45,19
566,2026-01-10T13:20:00.0,2026-01-26T18:57:45.531,"Any[64, 60, 53, 45, 37, 30, 25, 19, 11, 6, 1]",64,1
568,2026-01-10T13:20:00.0,2026-02-02T18:57:45.531,"Any[53, 45, 37, 30, 25, 19, 13, 8]",53,8
569,2026-01-10T13:20:00.0,2026-01-19T18:57:45.531,"Any[60, 56, 45, 37, 30, 25, 19, 14]",60,14
575,2026-01-10T13:20:00.0,2026-01-19T18:57:45.531,"Any[56, 45, 37, 30, 25]",56,25
583,2026-01-10T13:20:00.0,2026-01-26T18:57:45.531,"Any[53, 45, 37, 30, 25]",53,25
586,2026-01-10T13:20:00.0,2026-02-02T18:57:45.531,"Any[53, 45, 37, 30, 25, 19, 13, 8]",53,8
588,2026-01-10T13:20:00.0,2026-02-02T18:57:45.531,"Any[6, 11, 19, 25, 30, 37, 45]",6,45
589,2026-01-10T13:20:00.0,2026-01-26T18:57:45.531,"Any[64, 60, 56, 45, 37, 30, 25, 19, 11, 6]",64,6
593,2026-01-10T13:20:00.0,2026-01-19T18:57:45.531,"Any[60, 56, 45, 37, 30, 25, 19, 10]",60,10
596,2026-01-10T13:20:00.0,2026-01-26T18:57:45.531,"Any[6, 11, 19, 25, 30, 37, 45]",6,45
601,2026-01-10T13:20:00.0,2026-01-12T18:57:45.531,"Any[7, 8, 13, 19, 25, 30, 37, 45, 53]",7,53
608,2026-01-10T13:20:00.0,2026-02-02T18:57:45.531,"Any[56, 45, 37, 30, 25, 19, 11, 6]",56,6
609,2026-01-10T13:20:00.0,2026-01-26T18:57:45.531,"Any[1, 6, 11, 19, 25, 30, 37, 45, 53, 60]",1,60
614,2026-01-10T13:20:00.0,2026-02-02T18:57:45.531,"Any[1, 6, 11, 16, 25, 30, 37, 45, 56]",1,56
615,2026-01-10T13:20:00.0,2026-01-19T18:57:45.531,"Any[10, 19, 25, 30, 37, 45, 53]",10,53
617,2026-01-10T13:20:00.0,2026-02-02T18:57:45.531,"Any[10, 19, 25, 30, 37, 45, 53]",10,53
626,2026-01-10T13:20:00.0,2026-01-19T18:57:45.531,"Any[45, 37, 30, 25, 19]",45,19
630,2026-01-10T13:20:00.0,2026-01-19T18:57:45.531,"Any[64, 53, 45, 37, 30, 25, 19, 13, 8]",64,8
634,2026-01-10T13:20:00.0,2026-01-12T18:57:45.531,"Any[60, 53, 45, 37, 30, 25, 19, 11, 6]",60,6
641,2026-01-10T13:20:00.0,2026-02-02T18:57:45.531,"Any[10, 19, 25, 30, 37, 45, 53]",10,53
642,2026-01-10T13:20:00.0,2026-01-12T18:57:45.531,"Any[60, 53, 45, 37, 30, 25, 19, 13, 8]",60,8
657,2026-01-10T13:20:00.0,2026-02-02T18:57:45.531,"Any[1, 6, 11, 19, 25, 30, 37, 45, 56]",1,56
658,2026-01-10T13:20:00.0,2026-01-26T18:57:45.531,"Any[64, 60, 53, 45, 37, 30, 25, 19, 10]",64,10
659,2026-01-10T13:20:00.0,2026-01-12T18:57:45.531,"Any[13, 19, 25, 30, 37, 45, 56]",13,56
665,2026-01-10T13:20:00.0,2026-01-26T18:57:45.531,"Any[56, 45, 37, 30, 25, 19, 11, 6]",56,6
672,2026-01-10T13:20:00.0,2026-01-12T18:57:45.531,"Any[8, 13, 19, 25, 30, 37, 45, 56]",8,56
675,2026-01-10T13:20:00.0,2026-02-02T18:57:45.531,"Any[10, 19, 25, 30, 37, 45, 53]",10,53
677,2026-01-10T13:20:00.0,2026-02-02T18:57:45.531,"Any[60, 53, 45, 37, 30, 25, 19, 13, 8]",60,8
686,2026-01-10T13:20:00.0,2026-01-19T18:57:45.531,"Any[3, 10, 19, 25, 30, 37, 45, 53]",3,53
692,2026-01-10T13:20:00.0,2026-01-12T18:57:45.531,"Any[6, 11, 19, 25, 30, 37, 45]",6,45
695,2026-01-10T13:20:00.0,2026-01-26T18:57:45.531,"Any[53, 45, 37, 30, 25, 19, 11, 6, 1]",53,1
696,2026-01-10T13:20:00.0,2026-01-12T18:57:45.531,"Any[53, 45, 37, 30, 25, 19, 11, 6, 1]",53,1
698,2026-01-10T13:20:00.0,2026-02-02T18:57:45.531,"Any[10, 19, 25, 30, 37, 45, 53]",10,53
703,2026-01-10T13:20:00.0,2026-01-19T18:57:45.531,"Any[53, 45, 37, 30, 25, 19, 11, 6, 1]",53,1
708,2026-01-10T13:20:00.0,2026-01-26T18:57:45.531,"Any[10, 19, 25, 30, 37, 45, 53]",10,53
715,2026-01-10T13:20:00.0,2026-02-02T18:57:45.531,"Any[62, 53, 45, 37, 30, 25, 19, 11, 6]",62,6
718,2026-01-10T13:20:00.0,2026-01-19T18:57:45.531,"Any[7, 8, 13, 19, 25, 30, 37, 45]",7,45
719,2026-01-10T13:20:00.0,2026-01-12T18:57:45.531,"Any[56, 45, 37, 30, 25]",56,25
721,2026-01-10T13:20:00.0,2026-01-19T18:57:45.531,"Any[60, 56, 45, 37, 30, 25, 19, 11, 6]",60,6
722,2026-01-10T13:20:00.0,2026-02-02T18:57:45.531,"Any[7, 8, 13, 19, 25, 30, 37, 45, 53]",7,53
725,2026-01-10T13:20:00.0,2026-01-12T18:57:45.531,"Any[62, 53, 45, 37, 30, 25, 19, 11, 6]",62,6
727,2026-01-10T13:20:00.0,2026-02-02T18:57:45.531,"Any[56, 45, 37, 30, 25, 19, 20]",56,20
736,2026-01-10T13:20:00.0,2026-01-12T18:57:45.531,"Any[53, 45, 37, 30, 25, 19, 13, 8]",53,8
743,2026-01-10T13:20:00.0,2026-01-12T18:57:45.531,"Any[53, 45, 37, 30, 25, 19, 13, 8]",53,8
745,2026-01-10T13:20:00.0,2026-02-02T18:57:45.531,"Any[10, 11, 19, 25, 30, 37, 45, 53]",10,53
749,2026-01-10T13:20:00.0,2026-01-26T18:57:45.531,"Any[6, 11, 25, 30, 37, 45]",6,45
759,2026-01-10T13:20:00.0,2026-01-19T18:57:45.531,"Any[10, 19, 25, 30, 37, 45, 53]",10,53
762,2026-01-10T13:20:00.0,2026-01-19T18:57:45.531,"Any[8, 13, 19, 25, 30, 37, 45, 56]",8,56
763,2026-01-10T13:20:00.0,2026-01-12T18:57:45.531,"Any[56, 45, 37, 30, 25, 19, 10]",56,10
767,2026-01-10T13:20:00.0,2026-01-12T18:57:45.531,"Any[53, 45, 37, 30, 25, 19, 13, 8]",53,8
768,2026-01-10T13:20:00.0,2026-01-19T18:57:45.531,"Any[64, 60, 56, 45, 37, 30, 25, 19, 11, 6]",64,6
776,2026-01-10T13:20:00.0,2026-01-26T18:57:45.531,"Any[53, 45, 37, 30, 25]",53,25
779,2026-01-10T13:20:00.0,2026-01-19T18:57:45.531,"Any[6, 11, 19, 17, 19, 25, 30, 37, 45]",6,45
780,2026-01-10T13:20:00.0,2026-01-12T18:57:45.531,"Any[60, 53, 45, 37, 30, 25, 19, 13, 8]",60,8
782,2026-01-10T13:20:00.0,2026-02-02T18:57:45.531,"Any[53, 45, 37, 30, 25, 19, 13, 8]",53,8
789,2026-01-10T13:20:00.0,2026-01-26T18:57:45.531,"Any[6, 11, 16, 25, 30, 37, 45, 53]",6,53
796,2026-01-10T13:20:00.0,2026-01-19T18:57:45.531,"Any[60, 56, 45, 37, 30, 25]",60,25
798,2026-01-10T13:20:00.0,2026-01-19T18:57:45.531,"Any[7, 8, 13, 19, 25, 30, 37, 45, 53]",7,53
808,2026-01-10T13:20:00.0,2026-01-26T18:57:45.531,"Any[1, 6, 11, 19, 23, 36, 44, 54, 60]",1,60
813,2026-01-10T13:20:00.0,2026-01-12T18:57:45.531,"Any[3, 6, 11, 25, 30, 37, 45]",3,45
818,2026-01-10T13:20:00.0,2026-01-26T18:57:45.531,"Any[60, 56, 45, 37, 30, 25, 19, 11, 6]",60,6
826,2026-01-10T13:20:00.0,2026-02-02T18:57:45.531,"Any[53, 45, 37, 30, 25]",53,25
829,2026-01-10T13:20:00.0,2026-01-26T18:57:45.531,"Any[10, 19, 25, 30, 37, 45, 53]",10,53
835,2026-01-10T13:20:00.0,2026-02-02T18:57:45.531,"Any[8, 13, 19, 25, 30, 37, 45, 56]",8,56
839,2026-01-10T13:20:00.0,2026-01-12T18:57:45.531,"Any[6, 11, 19, 25, 30, 37, 45]",6,45
846,2026-01-10T13:20:00.0,2026-01-12T18:57:45.531,"Any[8, 13, 19, 25, 30, 37, 45, 56]",8,56
848,2026-01-10T13:20:00.0,2026-01-19T18:57:45.531,"Any[53, 45, 37, 30, 25, 19, 13, 8]",53,8
849,2026-01-10T13:20:00.0,2026-01-19T18:57:45.531,"Any[19, 25, 30, 37, 45, 56]",19,56
856,2026-01-10T13:20:00.0,2026-01-19T18:57:45.531,"Any[19, 25, 30, 37, 45, 56]",19,56
862,2026-01-10T13:20:00.0,2026-01-26T18:57:45.531,"Any[16, 25, 30, 37, 45, 53]",16,53
882,2026-01-10T13:20:00.0,2026-01-26T18:57:45.531,"Any[56, 45, 37, 30, 25, 19, 11, 6]",56,6
883,2026-01-10T13:20:00.0,2026-01-26T18:57:45.531,"Any[53, 45, 37, 30, 25, 19, 11, 6, 1]",53,1
888,2026-01-10T13:20:00.0,2026-01-26T18:57:45.531,"Any[60, 53, 45, 37, 30, 25, 19, 10]",60,10
889,2026-01-10T13:20:00.0,2026-01-19T18:57:45.531,"Any[6, 11, 19, 25, 30, 37, 45]",6,45
890,2026-01-10T13:20:00.0,2026-02-02T18:57:45.531,"Any[60, 53, 45, 37, 30, 25]",60,25
894,2026-01-10T13:20:00.0,2026-01-26T18:57:45.531,"Any[1, 6, 11, 19, 23, 28, 36, 44, 54, 60]",1,60
897,2026-01-10T13:20:00.0,2026-01-26T18:57:45.531,"Any[6, 11, 19, 25, 30, 37, 45]",6,45
900,2026-01-10T13:20:00.0,2026-01-19T18:57:45.531,"Any[53, 45, 37, 30, 25]",53,25
917,2026-01-10T13:20:00.0,2026-01-26T18:57:45.531,"Any[64, 56, 45, 37, 30, 25, 19, 11, 6]",64,6
922,2026-01-10T13:20:00.0,2026-02-02T18:57:45.531,"Any[17, 16, 17, 25, 30, 37, 45, 53]",17,53
928,2026-01-10T13:20:00.0,2026-02-02T18:57:45.531,"Any[19, 25, 30, 37, 45, 56]",19,56
931,2026-01-10T13:20:00.0,2026-01-19T18:57:45.531,"Any[64, 60, 56, 45, 37, 30, 25, 19, 11, 6, 6, 1]",64,6
939,2026-01-10T13:20:00.0,2026-01-12T18:57:45.531,"Any[6, 11, 19, 25, 30, 37, 45]",6,45
944,2026-01-10T13:20:00.0,2026-02-02T18:57:45.531,"Any[60, 53, 45, 37, 30, 25]",60,25
961,2026-01-10T13:20:00.0,2026-01-19T18:57:45.531,"Any[17, 19, 17, 25, 30, 37, 45, 53]",17,53
964,2026-01-10T13:20:00.0,2026-01-26T18:57:45.531,"Any[10, 19, 25, 30, 37, 45, 53]",10,53
965,2026-01-10T13:20:00.0,2026-02-02T18:57:45.531,"Any[19, 25, 30, 37, 45, 56, 60, 60, 64]",19,60
968,2026-01-10T13:20:00.0,2026-02-02T18:57:45.531,"Any[64, 60, 56, 45, 37, 30, 25, 19, 11, 6, 5, 2]",64,2
969,2026-01-10T13:20:00.0,2026-01-19T18:57:45.531,"Any[56, 45, 37, 30, 25, 19, 11, 6]",56,6
973,2026-01-10T13:20:00.0,2026-01-19T18:57:45.531,"Any[19, 25, 30, 37, 45, 56]",19,56
975,2026-01-10T13:20:00.0,2026-02-02T18:57:45.531,"Any[10, 19, 25, 30, 37, 45, 53]",10,53
977,2026-01-10T13:20:00.0,2026-01-19T18:57:45.531,"Any[62, 56, 45, 37, 30, 25, 19]",62,19
983,2026-01-10T13:20:00.0,2026-01-12T18:57:45.531,"Any[60, 53, 45, 37, 30, 25, 19, 10]",60,10
986,2026-01-10T13:20:00.0,2026-02-02T18:57:45.531,"Any[64, 53, 45, 37, 30, 25, 19, 13, 8]",64,8
987,2026-01-10T13:20:00.0,2026-02-02T18:57:45.531,"Any[53, 45, 37, 30, 25, 19, 13, 8]",53,8
989,2026-01-10T13:20:00.0,2026-01-19T18:57:45.531,"Any[7, 8, 13, 19, 25, 30, 37, 45]",7,45
1002,2026-01-10T13:20:00.0,2026-01-26T18:57:45.531,"Any[53, 45, 37, 30, 25, 19]",53,19
1004,2026-01-10T13:20:00.0,2026-01-26T18:57:45.531,"Any[17, 25, 30, 37, 45, 53, 60]",17,60
1005,2026-01-10T13:20:00.0,2026-01-26T18:57:45.531,"Any[10, 19, 25, 30, 37, 45, 53]",10,53
1006,2026-01-10T13:20:00.0,2026-02-02T18:57:45.531,"Any[6, 11, 19, 25, 30, 37, 45]",6,45
1017,2026-01-10T13:20:00.0,2026-01-19T18:57:45.531,"Any[56, 45, 37, 30, 25, 19, 11, 6]",56,6
1018,2026-01-10T13:20:00.0,2026-02-02T18:57:45.531,"Any[64, 60, 53, 45, 37, 30, 25, 19, 10]",64,10
1021,2026-01-10T13:20:00.0,2026-01-12T18:57:45.531,"Any[64, 60, 53, 45, 37, 30, 25, 19, 11, 6, 1]",64,1
1031,2026-01-10T13:20:00.0,2026-01-19T18:57:45.531,"Any[8, 13, 19, 25, 30, 37, 45, 53, 56]",8,56
1038,2026-01-10T13:20:00.0,2026-01-12T18:57:45.531,"Any[62, 45, 37, 30, 25, 19, 11, 6]",62,6
1043,2026-01-10T13:20:00.0,2026-01-12T18:57:45.531,"Any[54, 44, 36, 23, 19, 11, 6]",54,6
1047,2026-01-10T13:20:00.0,2026-01-12T18:57:45.531,"Any[53, 45, 37, 30, 25]",53,25
1049,2026-01-10T13:20:00.0,2026-01-12T18:57:45.531,"Any[53, 45, 37, 30, 25, 19, 13, 8]",53,8
1056,2026-01-10T13:20:00.0,2026-01-26T18:57:45.531,"Any[64, 60, 53, 45, 37, 30, 25, 19, 11, 6, 1]",64,1
1063,2026-01-10T13:20:00.0,2026-01-12T18:57:45.531,"Any[3, 6, 11, 25, 30, 37, 45]",3,45
1070,2026-01-10T13:20:00.0,2026-01-26T18:57:45.531,"Any[6, 11, 19, 25, 30, 37, 45, 53]",6,53
1072,2026-01-10T13:20:00.0,2026-02-02T18:57:45.531,"Any[64, 53, 45, 37, 30, 25, 19, 13, 8]",64,8
1074,2026-01-10T13:20:00.0,2026-01-12T18:57:45.531,"Any[6, 11, 19, 25, 30, 37, 45, 53]",6,53
1080,2026-01-10T13:20:00.0,2026-01-12T18:57:45.531,"Any[19, 25, 30, 37, 45, 56, 60, 60, 64]",19,60
1084,2026-01-10T13:20:00.0,2026-01-12T18:57:45.531,"Any[53, 45, 37, 30, 25, 19, 13, 8]",53,8
1089,2026-01-10T13:20:00.0,2026-01-12T18:57:45.531,"Any[19, 25, 30, 37, 45, 56]",19,56
1097,2026-01-10T13:20:00.0,2026-01-19T18:57:45.531,"Any[8, 13, 19, 25, 30, 37, 45, 56]",8,56
1098,2026-01-10T13:20:00.0,2026-02-02T18:57:45.531,"Any[53, 45, 37, 30, 25, 19, 13, 8]",53,8
1107,2026-01-10T13:20:00.0,2026-01-26T18:57:45.531,"Any[19, 25, 30, 37, 45, 53, 60]",19,60
1110,2026-01-10T13:20:00.0,2026-02-02T18:57:45.531,"Any[3, 10, 19, 25, 30, 37, 45, 53]",3,53
1117,2026-01-10T13:20:00.0,2026-01-12T18:57:45.531,"Any[53, 45, 37, 30, 25, 19, 11, 6, 1]",53,1
1132,2026-01-10T13:20:00.0,2026-01-26T18:57:45.531,"Any[56, 45, 37, 30, 25, 19, 11, 6]",56,6
1146,2026-01-10T13:20:00.0,2026-02-02T18:57:45.531,"Any[8, 13, 19, 25, 30, 37, 45, 56]",8,56
1148,2026-01-10T13:20:00.0,2026-01-19T18:57:45.531,"Any[10, 19, 25, 30, 37, 45, 53]",10,53
1151,2026-01-10T13:20:00.0,2026-01-19T18:57:45.531,"Any[53, 45, 37, 30, 25, 19, 11, 6, 1]",53,1
1152,2026-01-10T13:20:00.0,2026-01-26T18:57:45.531,"Any[62, 45, 37, 30, 25, 19, 11, 6]",62,6
1157,2026-01-10T13:20:00.0,2026-01-26T18:57:45.531,"Any[53, 45, 37, 30, 25]",53,25
1159,2026-01-10T13:20:00.0,2026-01-26T18:57:45.531,"Any[7, 8, 13, 19, 25, 30, 37, 45, 53]",7,53
1174,2026-01-10T13:20:00.0,2026-01-26T18:57:45.531,"Any[64, 53, 45, 37, 30, 25, 19, 10]",64,10
1176,2026-01-10T13:20:00.0,2026-01-12T18:57:45.531,"Any[45, 37, 30, 25, 19]",45,19
1192,2026-01-10T13:20:00.0,2026-02-02T18:57:45.531,"Any[53, 45, 37, 30, 25, 19, 11, 6, 1]",53,1
1198,2026-01-10T13:20:00.0,2026-01-19T18:57:45.531,"Any[1, 6, 11, 19, 25, 30, 37, 45, 53, 60]",1,60
1204,2026-01-10T13:20:00.0,2026-02-02T18:57:45.531,"Any[64, 53, 45, 37, 30, 25, 19, 10]",64,10
1205,2026-01-10T13:20:00.0,2026-01-19T18:57:45.531,"Any[56, 45, 37, 30, 25, 19, 11, 6]",56,6
1215,2026-01-10T13:20:00.0,2026-01-12T18:57:45.531,"Any[53, 45, 37, 30, 25, 19, 13, 8]",53,8
1227,2026-01-10T13:20:00.0,2026-01-26T18:57:45.531,"Any[53, 45, 37, 30, 25, 19, 13, 8]",53,8
1228,2026-01-10T13:20:00.0,2026-01-26T18:57:45.531,"Any[8, 13, 19, 25, 30, 37, 45, 56]",8,56
1232,2026-01-10T13:20:00.0,2026-01-19T18:57:45.531,"Any[64, 60, 56, 45, 37, 30, 25, 19]",64,19
1234,2026-01-10T13:20:00.0,2026-02-02T18:57:45.531,"Any[3, 10, 11, 19, 25, 30, 37, 45]",3,45
1242,2026-01-10T13:20:00.0,2026-01-19T18:57:45.531,"Any[53, 45, 37, 30, 25]",53,25
1249,2026-01-10T13:20:00.0,2026-01-26T18:57:45.531,"Any[53, 45, 37, 30, 25]",53,25
1254,2026-01-10T13:20:00.0,2026-01-19T18:57:45.531,"Any[7, 8, 13, 19, 25, 30, 37, 45, 53]",7,53
1258,2026-01-10T13:20:00.0,2026-02-02T18:57:45.531,"Any[1, 6, 11, 19, 25, 30, 37, 45, 56]",1,56
1263,2026-01-10T13:20:00.0,2026-01-26T18:57:45.531,"Any[10, 19, 25, 30, 37, 45, 53]",10,53
1265,2026-01-10T13:20:00.0,2026-01-12T18:57:45.531,"Any[25, 30, 37, 45, 53, 60, 64]",25,64
1267,2026-01-10T13:20:00.0,2026-01-19T18:57:45.531,"Any[1, 6, 11, 19, 25, 30, 37, 45, 56]",1,56
1277,2026-01-10T13:20:00.0,2026-01-12T18:57:45.531,"Any[60, 56, 45, 37, 30, 25, 19, 11, 6]",60,6
1280,2026-01-10T13:20:00.0,2026-02-02T18:57:45.531,"Any[19, 25, 30, 37, 45, 56]",19,56
1295,2026-01-10T13:20:00.0,2026-01-12T18:57:45.531,"Any[53, 45, 37, 30, 25]",53,25
1300,2026-01-10T13:20:00.0,2026-02-02T18:57:45.531,"Any[53, 45, 37, 30, 25, 19, 11, 6, 1]",53,1
1302,2026-01-10T13:20:00.0,2026-01-12T18:57:45.531,"Any[6, 11, 16, 25, 30, 37, 45]",6,45
1305,2026-01-10T13:20:00.0,2026-01-19T18:57:45.531,"Any[53, 45, 37, 30, 25]",53,25
1310,2026-01-10T13:20:00.0,2026-01-26T18:57:45.531,"Any[7, 8, 13, 19, 25, 30, 37, 45, 53]",7,53
1311,2026-01-10T13:20:00.0,2026-02-02T18:57:45.531,"Any[64, 53, 45, 37, 30, 25, 19, 11, 6, 1]",64,1
1313,2026-01-10T13:20:00.0,2026-01-26T18:57:45.531,"Any[3, 10, 19, 25, 30, 37, 45, 53]",3,53
1314,2026-01-10T13:20:00.0,2026-01-19T18:57:45.531,"Any[10, 19, 25, 30, 37, 45, 53]",10,53
1317,2026-01-10T13:20:00.0,2026-02-02T18:57:45.531,"Any[60, 56, 45, 37, 30, 25, 19, 11, 6]",60,6
1319,2026-01-10T13:20:00.0,2026-02-02T18:57:45.531,"Any[56, 45, 37, 30, 25, 19, 11, 6]",56,6
1321,2026-01-10T13:20:00.0,2026-01-12T18:57:45.531,"Any[53, 45, 37, 30, 25, 19, 13, 8]",53,8
1329,2026-01-10T13:20:00.0,2026-01-19T18:57:45.531,"Any[53, 45, 37, 30, 25, 19, 13, 8]",53,8
1330,2026-01-10T13:20:00.0,2026-02-02T18:57:45.531,"Any[62, 53, 45, 37, 30, 25, 19, 11, 6, 1]",62,1
1331,2026-01-10T13:20:00.0,2026-02-02T18:57:45.531,"Any[8, 13, 19, 25, 30, 37, 45, 56]",8,56
1342,2026-01-10T13:20:00.0,2026-01-12T18:57:45.531,"Any[60, 56, 45, 37, 30, 25, 19, 11, 6]",60,6
1351,2026-01-10T13:20:00.0,2026-01-12T18:57:45.531,"Any[60, 53, 45, 37, 30, 25, 19, 13, 8]",60,8
1353,2026-01-10T13:20:00.0,2026-01-12T18:57:45.531,"Any[10, 19, 25, 30, 37, 45, 53]",10,53
1357,2026-01-10T13:20:00.0,2026-01-19T18:57:45.531,"Any[10, 11, 19, 25, 30, 37, 45, 53]",10,53
1360,2026-01-10T13:20:00.0,2026-02-02T18:57:45.531,"Any[60, 53, 45, 37, 30, 25, 19, 10]",60,10
1362,2026-01-10T13:20:00.0,2026-01-26T18:57:45.531,"Any[56, 45, 37, 30, 25, 19, 20]",56,20
1364,2026-01-10T13:20:00.0,2026-01-12T18:57:45.531,"Any[62, 45, 37, 30, 25, 19]",62,19
1370,2026-01-10T13:20:00.0,2026-02-02T18:57:45.531,"Any[60, 53, 45, 37, 30, 25]",60,25
1373,2026-01-10T13:20:00.0,2026-01-26T18:57:45.531,"Any[5, 6, 10, 19, 25, 30, 37, 45, 56]",5,56
1376,2026-01-10T13:20:00.0,2026-01-19T18:57:45.531,"Any[53, 45, 37, 30, 25, 19, 13, 8]",53,8
1379,2026-01-10T13:20:00.0,2026-01-26T18:57:45.531,"Any[56, 45, 37, 30, 25, 19, 11, 6]",56,6
1381,2026-01-10T13:20:00.0,2026-02-02T18:57:45.531,"Any[1, 6, 11, 19, 25, 30, 37, 45, 56]",1,56
1382,2026-01-10T13:20:00.0,2026-01-19T18:57:45.531,"Any[64, 60, 56, 45, 37, 30, 25, 19, 11, 6]",64,6
1383,2026-01-10T13:20:00.0,2026-02-02T18:57:45.531,"Any[6, 11, 19, 25, 30, 37, 45]",6,45
1384,2026-01-10T13:20:00.0,2026-01-19T18:57:45.531,"Any[1, 6, 11, 19, 25, 30, 37, 45, 56]",1,56
1391,2026-01-10T13:20:00.0,2026-02-02T18:57:45.531,"Any[3, 6, 11, 19, 25, 30, 37, 45, 56]",3,56
1395,2026-01-10T13:20:00.0,2026-01-26T18:57:45.531,"Any[7, 8, 13, 19, 25, 30, 37, 45, 53]",7,53
1396,2026-01-10T13:20:00.0,2026-01-26T18:57:45.531,"Any[53, 45, 37, 30, 25, 19, 13, 8]",53,8
1398,2026-01-10T13:20:00.0,2026-01-26T18:57:45.531,"Any[8, 13, 19, 25, 30, 37, 45]",8,45
1399,2026-01-10T13:20:00.0,2026-02-02T18:57:45.531,"Any[7, 8, 13, 19, 25, 30, 37, 45, 53]",7,53
1401,2026-01-10T13:20:00.0,2026-01-26T18:57:45.531,"Any[60, 56, 45, 37, 30, 25, 19, 10]",60,10
1410,2026-01-10T13:20:00.0,2026-01-12T18:57:45.531,"Any[6, 11, 19, 25, 30, 37, 45]",6,45
1412,2026-01-10T13:20:00.0,2026-01-12T18:57:45.531,"Any[53, 45, 37, 30, 25, 19, 13, 8]",53,8
1418,2026-01-10T13:20:00.0,2026-01-12T18:57:45.531,"Any[53, 45, 37, 30, 25, 19, 13, 8]",53,8
1420,2026-01-10T13:20:00.0,2026-01-19T18:57:45.531,"Any[60, 56, 45, 37, 30, 25]",60,25
1421,2026-01-10T13:20:00.0,2026-01-12T18:57:45.531,"Any[7, 8, 13, 19, 25, 30, 37, 45, 53]",7,53
1431,2026-01-10T13:20:00.0,2026-01-12T18:57:45.531,"Any[6, 11, 19, 25, 30, 37, 45]",6,45
1439,2026-01-10T13:20:00.0,2026-01-12T18:57:45.531,"Any[1, 6, 11, 19, 23, 36, 44, 54, 60]",1,60
1441,2026-01-10T13:20:00.0,2026-02-02T18:57:45.531,"Any[53, 45, 37, 30, 25, 19, 13, 8]",53,8
1443,2026-01-10T13:20:00.0,2026-02-02T18:57:45.531,"Any[56, 45, 37, 30, 25]",56,25
1451,2026-01-10T13:20:00.0,2026-01-26T18:57:45.531,"Any[10, 19, 25, 30, 37, 45, 53]",10,53
1454,2026-01-10T13:20:00.0,2026-02-02T18:57:45.531,"Any[56, 45, 37, 30, 25, 19, 11, 6]",56,6
1460,2026-01-10T13:20:00.0,2026-02-02T18:57:45.531,"Any[8, 13, 19, 25, 30, 37, 45, 56]",8,56
1462,2026-01-10T13:20:00.0,2026-01-19T18:57:45.531,"Any[53, 45, 37, 25, 19, 13, 8]",53,8
1469,2026-01-10T13:20:00.0,2026-02-02T18:57:45.531,"Any[14, 19, 25, 30, 37, 45, 53]",14,53
1491,2026-01-10T13:20:00.0,2026-01-26T18:57:45.531,"Any[60, 56, 45, 37, 30, 25, 19, 11, 6]",60,6
1492,2026-01-10T13:20:00.0,2026-02-02T18:57:45.531,"Any[53, 45, 37, 30, 25]",53,25
1494,2026-01-10T13:20:00.0,2026-01-19T18:57:45.531,"Any[45, 37, 30, 25]",45,25
1504,2026-01-10T13:20:00.0,2026-02-02T18:57:45.531,"Any[64, 60, 53, 45, 37, 30, 25, 19, 11, 6, 1]",64,1
1512,2026-01-10T13:20:00.0,2026-02-02T18:57:45.531,"Any[45, 37, 30, 25]",45,25
1513,2026-01-10T13:20:00.0,2026-01-26T18:57:45.531,"Any[64, 60, 53, 45, 37, 30, 25, 19, 11, 6, 1]",64,1
1531,2026-01-10T13:20:00.0,2026-01-19T18:57:45.531,"Any[3, 6, 11, 19, 25, 30, 37, 45]",3,45
1545,2026-01-10T13:20:00.0,2026-01-12T18:57:45.531,"Any[1, 6, 11, 19, 25, 30, 37, 45, 53, 60]",1,60
1550,2026-01-10T13:20:00.0,2026-01-26T18:57:45.531,"Any[10, 19, 25, 30, 37, 45, 53]",10,53
1553,2026-01-10T13:20:00.0,2026-01-26T18:57:45.531,"Any[17, 25, 30, 37, 45, 53, 60]",17,60
1557,2026-01-10T13:20:00.0,2026-01-19T18:57:45.531,"Any[10, 19, 25, 30, 37, 45, 53]",10,53
1570,2026-01-10T13:20:00.0,2026-01-19T18:57:45.531,"Any[56, 45, 37, 30, 25]",56,25
1582,2026-01-10T13:20:00.0,2026-01-12T18:57:45.531,"Any[60, 56, 45, 37, 30, 25]",60,25
1584,2026-01-10T13:20:00.0,2026-02-02T18:57:45.531,"Any[19, 25, 30, 37, 45, 56]",19,56
1600,2026-01-10T13:20:00.0,2026-01-12T18:57:45.531,"Any[53, 45, 37, 30, 25]",53,25
1601,2026-01-10T13:20:00.0,2026-01-26T18:57:45.531,"Any[64, 60, 53, 45, 37, 30, 25, 19, 11, 6, 1]",64,1
1605,2026-01-10T13:20:00.0,2026-02-02T18:57:45.531,"Any[54, 44, 36, 23, 19, 11, 6]",54,6
1614,2026-01-10T13:20:00.0,2026-01-12T18:57:45.531,"Any[64, 60, 53, 45, 37, 30, 25, 19, 13, 8]",64,8
1616,2026-01-10T13:20:00.0,2026-01-26T18:57:45.531,"Any[10, 19, 25, 30, 37, 45, 53]",10,53
1618,2026-01-10T13:20:00.0,2026-01-26T18:57:45.531,"Any[53, 45, 37, 30, 25]",53,25
1619,2026-01-10T13:20:00.0,2026-01-26T18:57:45.531,"Any[64, 60, 56, 45, 37, 30, 25, 19, 11, 6]",64,6
1626,2026-01-10T13:20:00.0,2026-01-12T18:57:45.531,"Any[8, 13, 19, 25, 30, 37, 45, 56]",8,56
1627,2026-01-10T13:20:00.0,2026-01-19T18:57:45.531,"Any[17, 25, 30, 37, 45]",17,45
1634,2026-01-10T13:20:00.0,2026-01-26T18:57:45.531,"Any[10, 19, 25, 30, 37, 45, 53]",10,53
1635,2026-01-10T13:20:00.0,2026-02-02T18:57:45.531,"Any[16, 19, 25, 30, 37, 45, 53]",16,53
1638,2026-01-10T13:20:00.0,2026-01-26T18:57:45.531,"Any[8, 13, 19, 25, 30, 37, 45, 56]",8,56
1643,2026-01-10T13:20:00.0,2026-02-02T18:57:45.531,"Any[60, 53, 45, 37, 30, 25]",60,25
1651,2026-01-10T13:20:00.0,2026-01-26T18:57:45.531,"Any[60, 53, 45, 37, 30, 25, 19, 10]",60,10
1662,2026-01-10T13:20:00.0,2026-01-26T18:57:45.531,"Any[1, 6, 11, 19, 25, 30, 37, 45, 56, 60]",1,60
1666,2026-01-10T13:20:00.0,2026-01-12T18:57:45.531,"Any[7, 8, 13, 19, 25, 30, 37, 45, 53]",7,53
1667,2026-01-10T13:20:00.0,2026-01-12T18:57:45.531,"Any[53, 45, 37, 30, 25, 19]",53,19
1671,2026-01-10T13:20:00.0,2026-02-02T18:57:45.531,"Any[19, 25, 30, 37, 45, 53, 60]",19,60
1674,2026-01-10T13:20:00.0,2026-01-12T18:57:45.531,"Any[64, 60, 53, 45, 37, 30, 25, 19, 10]",64,10
1684,2026-01-10T13:20:00.0,2026-01-12T18:57:45.531,"Any[64, 53, 45, 37, 30, 25, 11, 6, 1]",64,1
1687,2026-01-10T13:20:00.0,2026-01-19T18:57:45.531,"Any[53, 45, 37, 30, 25]",53,25
1689,2026-01-10T13:20:00.0,2026-01-19T18:57:45.531,"Any[7, 8, 13, 19, 25, 30, 37, 45, 53]",7,53
1692,2026-01-10T13:20:00.0,2026-01-12T18:57:45.531,"Any[45, 37, 30, 25]",45,25
1701,2026-01-10T13:20:00.0,2026-01-19T18:57:45.531,"Any[3, 6, 11, 19, 25, 30, 37, 45, 50, 45, 56]",3,56
1704,2026-01-10T13:20:00.0,2026-01-26T18:57:45.531,"Any[53, 45, 37, 30, 25, 19, 13, 8]",53,8
1708,2026-01-10T13:20:00.0,2026-01-26T18:57:45.531,"Any[53, 45, 37, 30, 25, 19, 11, 6, 1]",53,1
1715,2026-01-10T13:20:00.0,2026-01-19T18:57:45.531,"Any[64, 60, 56, 45, 37, 30, 25, 19, 11, 6, 5, 2]",64,2
1716,2026-01-10T13:20:00.0,2026-01-12T18:57:45.531,"Any[45, 37, 30, 25, 19]",45,19
1720,2026-01-10T13:20:00.0,2026-01-19T18:57:45.531,"Any[16, 25, 30, 37, 45, 53]",16,53
1722,2026-01-10T13:20:00.0,2026-01-12T18:57:45.531,"Any[60, 53, 45, 37, 30, 25, 19, 13, 8]",60,8
1723,2026-01-10T13:20:00.0,2026-01-19T18:57:45.531,"Any[56, 45, 37, 30, 25]",56,25
1728,2026-01-10T13:20:00.0,2026-02-02T18:57:45.531,"Any[60, 53, 45, 37, 30, 25, 19, 11, 6, 6]",60,6
1729,2026-01-10T13:20:00.0,2026-01-12T18:57:45.531,"Any[6, 11, 19, 25, 30, 37, 45, 53]",6,53
1730,2026-01-10T13:20:00.0,2026-01-26T18:57:45.531,"Any[56, 45, 37, 30, 25, 19, 11, 6]",56,6
1734,2026-01-10T13:20:00.0,2026-01-19T18:57:45.531,"Any[8, 13, 19, 25, 30, 37, 45]",8,45
1737,2026-01-10T13:20:00.0,2026-01-19T18:57:45.531,"Any[10, 19, 25, 30, 37, 45, 53]",10,53
1739,2026-01-10T13:20:00.0,2026-02-02T18:57:45.531,"Any[10, 19, 25, 30, 37, 45, 53]",10,53
1740,2026-01-10T13:20:00.0,2026-01-26T18:57:45.531,"Any[3, 10, 19, 25, 30, 37, 45, 53]",3,53
1752,2026-01-10T13:20:00.0,2026-01-19T18:57:45.531,"Any[60, 53, 45, 37, 30, 25, 19, 13, 8]",60,8
1753,2026-01-10T13:20:00.0,2026-01-26T18:57:45.531,"Any[60, 56, 45, 37, 30, 25]",60,25
1770,2026-01-10T13:20:00.0,2026-01-26T18:57:45.531,"Any[60, 56, 45, 37, 30, 25, 19, 11, 6]",60,6
1771,2026-01-10T13:20:00.0,2026-02-02T18:57:45.531,"Any[10, 19, 25, 30, 37, 45, 53]",10,53
1775,2026-01-10T13:20:00.0,2026-01-26T18:57:45.531,"Any[14, 19, 25, 30, 37, 45, 53]",14,53
1777,2026-01-10T13:20:00.0,2026-01-12T18:57:45.531,"Any[53, 45, 37, 30, 25, 19, 13, 8]",53,8
1791,2026-01-10T13:20:00.0,2026-01-12T18:57:45.531,"Any[10, 19, 25, 30, 37, 45, 53]",10,53
1800,2026-01-10T13:20:00.0,2026-02-02T18:57:45.531,"Any[60, 56, 45, 37, 30, 25, 19, 11, 6]",60,6
1801,2026-01-10T13:20:00.0,2026-02-02T18:57:45.531,"Any[1, 6, 11, 16, 25, 30, 37, 45, 56]",1,56
1804,2026-01-10T13:20:00.0,2026-01-26T18:57:45.531,"Any[6, 11, 19, 25, 30, 37, 45]",6,45
1805,2026-01-10T13:20:00.0,2026-02-02T18:57:45.531,"Any[8, 13, 19, 25, 30, 37, 45, 56]",8,56
1807,2026-01-10T13:20:00.0,2026-01-19T18:57:45.531,"Any[64, 60, 53, 45, 37, 30, 25, 19, 13, 8]",64,8
1810,2026-01-10T13:20:00.0,2026-01-19T18:57:45.531,"Any[64, 53, 45, 37, 30, 25, 19, 13, 8]",64,8
1813,2026-01-10T13:20:00.0,2026-01-19T18:57:45.531,"Any[53, 45, 37, 30, 25]",53,25
1820,2026-01-10T13:20:00.0,2026-01-19T18:57:45.531,"Any[3, 10, 19, 25, 30, 37, 45, 53, 60]",3,60
1821,2026-01-10T13:20:00.0,2026-02-02T18:57:45.531,"Any[53, 45, 37, 30, 25]",53,25
1823,2026-01-10T13:20:00.0,2026-01-26T18:57:45.531,"Any[53, 45, 37, 30, 25]",53,25
1824,2026-01-10T13:20:00.0,2026-01-19T18:57:45.531,"Any[56, 45, 37, 30, 25, 19, 11, 6, 6, 1]",56,6
1828,2026-01-10T13:20:00.0,2026-01-12T18:57:45.531,"Any[56, 45, 37, 30, 25, 19, 11, 6]",56,6
1829,2026-01-10T13:20:00.0,2026-01-12T18:57:45.531,"Any[53, 45, 37, 30, 25, 19, 11, 6, 1]",53,1
1834,2026-01-10T13:20:00.0,2026-02-02T18:57:45.531,"Any[7, 8, 13, 19, 25, 30, 37, 45, 53]",7,53
1836,2026-01-10T13:20:00.0,2026-01-12T18:57:45.531,"Any[1, 6, 11, 19, 25, 30, 37, 45, 56]",1,56
1839,2026-01-10T13:20:00.0,2026-01-12T18:57:45.531,"Any[60, 56, 45, 37, 30, 25, 19, 11, 6]",60,6
1841,2026-01-10T13:20:00.0,2026-01-12T18:57:45.531,"Any[53, 45, 37, 30, 25]",53,25
1846,2026-01-10T13:20:00.0,2026-01-26T18:57:45.531,"Any[10, 19, 25, 30, 37, 45, 53]",10,53
1848,2026-01-10T13:20:00.0,2026-01-12T18:57:45.531,"Any[53, 45, 37, 30, 25]",53,25
1858,2026-01-10T13:20:00.0,2026-02-02T18:57:45.531,"Any[64, 53, 45, 37, 30, 25, 19, 10]",64,10
1862,2026-01-10T13:20:00.0,2026-01-19T18:57:45.531,"Any[64, 53, 45, 37, 30, 25, 19, 11, 6, 1]",64,1
1863,2026-01-10T13:20:00.0,2026-01-12T18:57:45.531,"Any[10, 19, 25, 30, 37, 45, 53]",10,53
1864,2026-01-10T13:20:00.0,2026-01-19T18:57:45.531,"Any[10, 11, 19, 25, 30, 37, 45, 53]",10,53
1867,2026-01-10T13:20:00.0,2026-01-12T18:57:45.531,"Any[1, 6, 11, 19, 25, 30, 37, 45, 53, 60]",1,60
1873,2026-01-10T13:20:00.0,2026-01-19T18:57:45.531,"Any[60, 56, 45, 37, 30, 25]",60,25
1882,2026-01-10T13:20:00.0,2026-01-26T18:57:45.531,"Any[53, 45, 37, 30, 25]",53,25
1883,2026-01-10T13:20:00.0,2026-01-12T18:57:45.531,"Any[53, 45, 37, 30, 25]",53,25
1886,2026-01-10T13:20:00.0,2026-02-02T18:57:45.531,"Any[6, 11, 19, 25, 30, 37, 45]",6,45
1889,2026-01-10T13:20:00.0,2026-01-12T18:57:45.531,"Any[7, 8, 13, 19, 25, 30, 37, 45, 53, 60]",7,60
1905,2026-01-10T13:20:00.0,2026-02-02T18:57:45.531,"Any[53, 45, 37, 30, 25]",53,25
1906,2026-01-10T13:20:00.0,2026-02-02T18:57:45.531,"Any[8, 13, 19, 25, 30, 37, 45, 56]",8,56
1909,2026-01-10T13:20:00.0,2026-01-12T18:57:45.531,"Any[8, 13, 19, 25, 30, 37, 45, 56]",8,56
1910,2026-01-10T13:20:00.0,2026-02-02T18:57:45.531,"Any[56, 45, 37, 30, 25, 19, 20]",56,20
1916,2026-01-10T13:20:00.0,2026-01-12T18:57:45.531,"Any[56, 45, 37, 30, 25]",56,25
1922,2026-01-10T13:20:00.0,2026-02-02T18:57:45.531,"Any[14, 19, 25, 30, 37, 45, 53]",14,53
1929,2026-01-10T13:20:00.0,2026-01-12T18:57:45.531,"Any[7, 8, 13, 19, 25, 30, 37, 45, 53, 60]",7,60
1931,2026-01-10T13:20:00.0,2026-01-26T18:57:45.531,"Any[64, 60, 53, 45, 37, 30, 25, 19, 11, 6, 1]",64,1
1938,2026-01-10T13:20:00.0,2026-02-02T18:57:45.531,"Any[53, 45, 37, 30, 25, 19, 11, 6, 1]",53,1
1941,2026-01-10T13:20:00.0,2026-01-26T18:57:45.531,"Any[56, 45, 37, 30, 25, 19, 11, 6]",56,6
1942,2026-01-10T13:20:00.0,2026-01-19T18:57:45.531,"Any[1, 6, 11, 19, 23, 16, 23, 36, 44, 60]",1,60
1952,2026-01-10T13:20:00.0,2026-01-12T18:57:45.531,"Any[7, 8, 13, 19, 25, 30, 37, 45, 53]",7,53
1959,2026-01-10T13:20:00.0,2026-01-19T18:57:45.531,"Any[60, 56, 45, 37, 30, 25]",60,25
1971,2026-01-10T13:20:00.0,2026-01-12T18:57:45.531,"Any[64, 60, 56, 45, 37, 30, 25, 19, 11, 6]",64,6
1977,2026-01-10T13:20:00.0,2026-02-02T18:57:45.531,"Any[19, 25, 30, 37, 45, 56]",19,56
1981,2026-01-10T13:20:00.0,2026-01-12T18:57:45.531,"Any[6, 11, 19, 25, 30, 37, 45]",6,45
1982,2026-01-10T13:20:00.0,2026-01-26T18:57:45.531,"Any[53, 45, 37, 30, 25]",53,25
1983,2026-01-10T13:20:00.0,2026-01-19T18:57:45.531,"Any[25, 30, 37, 45, 53, 60, 64]",25,64
1985,2026-01-10T13:20:00.0,2026-02-02T18:57:45.531,"Any[7, 8, 13, 19, 25, 30, 37, 45, 53]",7,53
1989,2026-01-10T13:20:00.0,2026-01-26T18:57:45.531,"Any[8, 13, 19, 25, 30, 37, 45, 56]",8,56
1994,2026-01-10T13:20:00.0,2026-02-02T18:57:45.531,"Any[6, 11, 19, 25, 30, 37, 45]",6,45
1997,2026-01-10T13:20:00.0,2026-02-02T18:57:45.531,"Any[3, 10, 19, 25, 30, 37, 45, 53, 60]",3,60
1999,2026-01-10T13:20:00.0,2026-01-19T18:57:45.531,"Any[60, 53, 45, 37, 30, 25, 19, 11, 6]",60,6
2000,2026-01-10T13:20:00.0,2026-01-26T18:57:45.531,"Any[45, 37, 30, 25]",45,25
2008,2026-01-10T13:20:00.0,2026-01-19T18:57:45.531,"Any[1, 6, 11, 19, 25, 30, 37, 45, 56]",1,56
2011,2026-01-10T13:20:00.0,2026-01-26T18:57:45.531,"Any[53, 45, 37, 30, 25, 19, 11, 6, 1]",53,1
2012,2026-01-10T13:20:00.0,2026-01-19T18:57:45.531,"Any[7, 8, 13, 19, 25, 30, 37, 45, 53]",7,53
2018,2026-01-10T13:20:00.0,2026-01-12T18:57:45.531,"Any[64, 60, 53, 45, 37, 30, 25, 19, 13, 8]",64,8
2020,2026-01-10T13:20:00.0,2026-01-19T18:57:45.531,"Any[64, 60, 56, 45, 37, 30, 25, 19, 11, 6]",64,6
2022,2026-01-10T13:20:00.0,2026-01-19T18:57:45.531,"Any[56, 45, 37, 30, 25, 19, 11, 6]",56,6
2030,2026-01-10T13:20:00.0,2026-01-12T18:57:45.531,"Any[6, 11, 19, 25, 30, 37, 45]",6,45
2033,2026-01-10T13:20:00.0,2026-01-12T18:57:45.531,"Any[1, 6, 11, 19, 25, 30, 37, 45, 53, 60]",1,60
2036,2026-01-10T13:20:00.0,2026-02-02T18:57:45.531,"Any[53, 45, 37, 30, 25]",53,25
2045,2026-01-10T13:20:00.0,2026-02-02T18:57:45.531,"Any[1, 6, 11, 19, 25, 30, 37, 45, 56]",1,56
2052,2026-01-10T13:20:00.0,2026-01-12T18:57:45.531,"Any[53, 45, 37, 30, 25, 19, 11, 6, 1]",53,1
2055,2026-01-10T13:20:00.0,2026-02-02T18:57:45.531,"Any[7, 8, 13, 19, 25, 30, 37, 45, 53]",7,53
2059,2026-01-10T13:20:00.0,2026-01-19T18:57:45.531,"Any[6, 11, 19, 25, 30, 37, 45]",6,45
2067,2026-01-10T13:20:00.0,2026-01-26T18:57:45.531,"Any[64, 60, 56, 45, 37, 30, 25, 19, 10]",64,10
2072,2026-01-10T13:20:00.0,2026-01-26T18:57:45.531,"Any[19, 25, 30, 37, 45, 56, 60]",19,60
2081,2026-01-10T13:20:00.0,2026-01-19T18:57:45.531,"Any[10, 19, 25, 30, 37, 45, 53]",10,53
2084,2026-01-10T13:20:00.0,2026-02-02T18:57:45.531,"Any[7, 8, 13, 19, 25, 30, 37, 45, 53]",7,53
2085,2026-01-10T13:20:00.0,2026-01-19T18:57:45.531,"Any[64, 53, 45, 37, 30, 25, 19, 10]",64,10
2093,2026-01-10T13:20:00.0,2026-01-12T18:57:45.531,"Any[53, 45, 37, 30, 25, 19, 11, 6, 1]",53,1
2098,2026-01-10T13:20:00.0,2026-01-19T18:57:45.531,"Any[8, 13, 19, 25, 30, 37, 45, 56]",8,56
2111,2026-01-10T13:20:00.0,2026-02-02T18:57:45.531,"Any[64, 60, 53, 45, 37, 30, 25, 19, 10]",64,10
2115,2026-01-10T13:20:00.0,2026-01-26T18:57:45.531,"Any[17, 16, 17, 25, 30, 37, 45, 53]",17,53
2125,2026-01-10T13:20:00.0,2026-02-02T18:57:45.531,"Any[53, 45, 37, 30, 25, 19, 11, 6, 1]",53,1
2128,2026-01-10T13:20:00.0,2026-02-02T18:57:45.531,"Any[60, 53, 45, 37, 30, 25]",60,25
2130,2026-01-10T13:20:00.0,2026-01-26T18:57:45.531,"Any[19, 25, 30, 37, 45, 56]",19,56
2132,2026-01-10T13:20:00.0,2026-01-19T18:57:45.531,"Any[6, 11, 19, 25, 30, 37, 45, 53]",6,53
2142,2026-01-10T13:20:00.0,2026-01-12T18:57:45.531,"Any[53, 45, 37, 30, 25, 19, 13, 8]",53,8
2151,2026-01-10T13:20:00.0,2026-01-19T18:57:45.531,"Any[8, 13, 19, 25, 30, 37, 45, 56]",8,56
2155,2026-01-10T13:20:00.0,2026-01-19T18:57:45.531,"Any[53, 45, 37, 30, 25, 19, 11, 6, 1]",53,1
2156,2026-01-10T13:20:00.0,2026-01-19T18:57:45.531,"Any[7, 8, 13, 19, 25, 30, 37, 45, 53]",7,53
2160,2026-01-10T13:20:00.0,2026-01-12T18:57:45.531,"Any[53, 45, 37, 30, 25, 19, 11, 6, 1]",53,1
2177,2026-01-10T13:20:00.0,2026-01-12T18:57:45.531,"Any[8, 13, 19, 25, 30, 37, 45, 56]",8,56
2182,2026-01-10T13:20:00.0,2026-01-26T18:57:45.531,"Any[6, 11, 16, 25, 30, 37, 45]",6,45
2187,2026-01-10T13:20:00.0,2026-01-26T18:57:45.531,"Any[56, 45, 37, 30, 25, 19, 11, 6, 6, 1]",56,6
2196,2026-01-10T13:20:00.0,2026-02-02T18:57:45.531,"Any[8, 13, 19, 25, 30, 37, 45, 56]",8,56
2199,2026-01-10T13:20:00.0,2026-01-19T18:57:45.531,"Any[56, 45, 37, 30, 25, 19, 10]",56,10
2218,2026-01-10T13:20:00.0,2026-01-26T18:57:45.531,"Any[19, 25, 30, 37, 45, 56, 60]",19,60
2222,2026-01-10T13:20:00.0,2026-01-26T18:57:45.531,"Any[56, 45, 37, 30, 25, 19, 11, 6]",56,6
2229,2026-01-10T13:20:00.0,2026-01-12T18:57:45.531,"Any[8, 13, 19, 25, 30, 37, 45, 56]",8,56
2234,2026-01-10T13:20:00.0,2026-02-02T18:57:45.531,"Any[3, 6, 11, 25, 30, 37, 45]",3,45
2235,2026-01-10T13:20:00.0,2026-01-26T18:57:45.531,"Any[6, 11, 25, 30, 37, 45]",6,45
2237,2026-01-10T13:20:00.0,2026-01-19T18:57:45.531,"Any[56, 45, 37, 30, 25, 19, 20]",56,20
2238,2026-01-10T13:20:00.0,2026-01-19T18:57:45.531,"Any[53, 45, 37, 30, 25, 19, 11, 6, 1]",53,1
2256,2026-01-10T13:20:00.0,2026-01-26T18:57:45.531,"Any[64, 60, 56, 45, 37, 30, 25, 19]",64,19
2260,2026-01-10T13:20:00.0,2026-01-12T18:57:45.531,"Any[64, 53, 45, 37, 30, 25, 19, 13, 8]",64,8
2263,2026-01-10T13:20:00.0,2026-02-02T18:57:45.531,"Any[64, 60, 53, 45, 37, 30, 25, 19, 13, 8]",64,8
2266,2026-01-10T13:20:00.0,2026-02-02T18:57:45.531,"Any[64, 60, 56, 45, 37, 30, 25, 19, 13, 8]",64,8
2268,2026-01-10T13:20:00.0,2026-01-12T18:57:45.531,"Any[64, 60, 53, 45, 37, 30, 25, 19, 11, 6, 1]",64,1
2269,2026-01-10T13:20:00.0,2026-02-02T18:57:45.531,"Any[64, 60, 53, 45, 37, 30, 25, 19, 11, 6, 1]",64,1
2271,2026-01-10T13:20:00.0,2026-01-26T18:57:45.531,"Any[60, 53, 45, 37, 30, 25]",60,25
2274,2026-01-10T13:20:00.0,2026-01-26T18:57:45.531,"Any[60, 56, 45, 37, 30, 25]",60,25
2275,2026-01-10T13:20:00.0,2026-01-19T18:57:45.531,"Any[60, 53, 45, 37, 30, 25]",60,25
2284,2026-01-10T13:20:00.0,2026-01-26T18:57:45.531,"Any[60, 53, 45, 37, 30, 25, 19, 13, 8]",60,8
2285,2026-01-10T13:20:00.0,2026-02-02T18:57:45.531,"Any[60, 53, 45, 37, 30, 25, 19, 13, 8]",60,8
2290,2026-01-10T13:20:00.0,2026-01-12T18:57:45.531,"Any[60, 53, 45, 37, 30, 25, 19, 13, 8]",60,8
2293,2026-01-10T13:20:00.0,2026-01-12T18:57:45.531,"Any[60, 56, 45, 37, 30, 25, 19, 13, 8]",60,8
2306,2026-01-10T13:20:00.0,2026-02-02T18:57:45.531,"Any[60, 53, 45, 37, 30, 25, 19, 10]",60,10
2312,2026-01-10T13:20:00.0,2026-01-26T18:57:45.531,"Any[60, 53, 45, 37, 30, 25, 19, 10]",60,10
2315,2026-01-10T13:20:00.0,2026-01-19T18:57:45.531,"Any[60, 53, 45, 37, 30, 25, 19, 10]",60,10
2316,2026-01-10T13:20:00.0,2026-01-19T18:57:45.531,"Any[60, 53, 45, 37, 30, 25, 19, 10]",60,10
2318,2026-01-10T13:20:00.0,2026-01-12T18:57:45.531,"Any[60, 53, 45, 37, 30, 25, 19, 10]",60,10
2325,2026-01-10T13:20:00.0,2026-01-19T18:57:45.531,"Any[60, 53, 45, 37, 30, 25, 19, 10]",60,10
2326,2026-01-10T13:20:00.0,2026-01-26T18:57:45.531,"Any[60, 56, 45, 37, 30, 25, 19, 11, 10]",60,10
2327,2026-01-10T13:20:00.0,2026-01-26T18:57:45.531,"Any[60, 53, 45, 37, 30, 25, 19, 10]",60,10
2329,2026-01-10T13:20:00.0,2026-01-26T18:57:45.531,"Any[60, 53, 45, 37, 30, 25, 19, 10]",60,10
2330,2026-01-10T13:20:00.0,2026-01-12T18:57:45.531,"Any[60, 56, 45, 37, 30, 25, 19, 10]",60,10
2332,2026-01-10T13:20:00.0,2026-01-26T18:57:45.531,"Any[60, 53, 45, 37, 30, 25, 19, 10]",60,10
2334,2026-01-10T13:20:00.0,2026-02-02T18:57:45.531,"Any[60, 53, 45, 37, 30, 25, 19, 10]",60,10
2347,2026-01-10T13:20:00.0,2026-01-12T18:57:45.531,"Any[56, 45, 37, 30, 25]",56,25
2356,2026-01-10T13:20:00.0,2026-01-12T18:57:45.531,"Any[56, 45, 37, 30, 25, 19, 13, 8, 7]",56,7
2359,2026-01-10T13:20:00.0,2026-01-19T18:57:45.531,"Any[56, 45, 37, 30, 25, 19, 13, 8, 7]",56,7
2363,2026-01-10T13:20:00.0,2026-02-02T18:57:45.531,"Any[56, 45, 37, 30, 25, 19, 13, 8, 7]",56,7
2372,2026-01-10T13:20:00.0,2026-01-26T18:57:45.531,"Any[56, 45, 37, 30, 25, 19, 13, 8, 7]",56,7
2375,2026-01-10T13:20:00.0,2026-01-26T18:57:45.531,"Any[56, 45, 37, 30, 25, 19, 13, 8, 7]",56,7
2377,2026-01-10T13:20:00.0,2026-01-12T18:57:45.531,"Any[56, 45, 37, 30, 25, 19, 11, 6]",56,6
2378,2026-01-10T13:20:00.0,2026-01-26T18:57:45.531,"Any[56, 45, 37, 30, 25, 19, 11, 6, 6, 1]",56,6
2380,2026-01-10T13:20:00.0,2026-02-02T18:57:45.531,"Any[56, 45, 37, 30, 25, 19, 11, 6]",56,6
2381,2026-01-10T13:20:00.0,2026-01-19T18:57:45.531,"Any[56, 45, 37, 30, 25, 19, 11, 6]",56,6
2401,2026-01-10T13:20:00.0,2026-01-12T18:57:45.531,"Any[56, 45, 37, 30, 25, 19, 11, 6]",56,6
2405,2026-01-10T13:20:00.0,2026-01-19T18:57:45.531,"Any[56, 45, 37, 30, 25, 19, 11, 6]",56,6
2407,2026-01-10T13:20:00.0,2026-01-12T18:57:45.531,"Any[56, 45, 37, 30, 25, 19, 11, 6]",56,6
2415,2026-01-10T13:20:00.0,2026-01-26T18:57:45.531,"Any[56, 45, 37, 30, 25, 19, 11, 6]",56,6
2429,2026-01-10T13:20:00.0,2026-01-12T18:57:45.531,"Any[56, 45, 37, 30, 25, 19, 11, 6, 6]",56,6
2430,2026-01-10T13:20:00.0,2026-01-19T18:57:45.531,"Any[56, 45, 37, 30, 25, 19, 11, 6, 6]",56,6
2434,2026-01-10T13:20:00.0,2026-01-26T18:57:45.531,"Any[56, 45, 37, 30, 25, 19, 11, 6, 6]",56,6
2435,2026-01-10T13:20:00.0,2026-01-19T18:57:45.531,"Any[56, 45, 37, 30, 25, 19, 11, 6, 6, 5, 1, 1]",56,6
2440,2026-01-10T13:20:00.0,2026-01-12T18:57:45.531,"Any[56, 45, 37, 30, 25, 19, 11, 6]",56,6
2446,2026-01-10T13:20:00.0,2026-01-19T18:57:45.531,"Any[56, 45, 37, 30, 25, 19, 11, 6]",56,6
2447,2026-01-10T13:20:00.0,2026-01-26T18:57:45.531,"Any[56, 45, 37, 30, 25, 19, 11, 6]",56,6
2450,2026-01-10T13:20:00.0,2026-02-02T18:57:45.531,"Any[56, 45, 37, 30, 25, 19, 11, 6]",56,6
2453,2026-01-10T13:20:00.0,2026-01-12T18:57:45.531,"Any[56, 45, 37, 30, 25, 19, 11, 6]",56,6
2455,2026-01-10T13:20:00.0,2026-01-19T18:57:45.531,"Any[56, 45, 37, 30, 25, 19, 11, 6]",56,6
2460,2026-01-10T13:20:00.0,2026-01-19T18:57:45.531,"Any[56, 45, 37, 30, 25, 19, 11, 6]",56,6
2466,2026-01-10T13:20:00.0,2026-01-12T18:57:45.531,"Any[56, 45, 37, 30, 25, 19, 10]",56,10
2477,2026-01-10T13:20:00.0,2026-01-19T18:57:45.531,"Any[53, 45, 37, 30, 25]",53,25
2485,2026-01-10T13:20:00.0,2026-02-02T18:57:45.531,"Any[53, 45, 37, 30, 25, 19]",53,19
2486,2026-01-10T13:20:00.0,2026-01-19T18:57:45.531,"Any[53, 45, 37, 30, 25, 19]",53,19
2487,2026-01-10T13:20:00.0,2026-01-19T18:57:45.531,"Any[53, 45, 37, 30, 25, 19]",53,19
2489,2026-01-10T13:20:00.0,2026-01-12T18:57:45.531,"Any[53, 45, 37, 30, 25, 19]",53,19
2494,2026-01-10T13:20:00.0,2026-01-26T18:57:45.531,"Any[53, 45, 37, 30, 25, 19]",53,19
2496,2026-01-10T13:20:00.0,2026-02-02T18:57:45.531,"Any[53, 45, 37, 30, 25, 19]",53,19
2501,2026-01-10T13:20:00.0,2026-01-19T18:57:45.531,"Any[53, 45, 37, 30, 25, 19]",53,19
2503,2026-01-10T13:20:00.0,2026-01-26T18:57:45.531,"Any[53, 45, 37, 30, 25, 19]",53,19
2512,2026-01-10T13:20:00.0,2026-01-19T18:57:45.531,"Any[53, 45, 37, 30, 25, 19]",53,19
2514,2026-01-10T13:20:00.0,2026-01-19T18:57:45.531,"Any[53, 45, 37, 30, 25, 19]",53,19
2520,2026-01-10T13:20:00.0,2026-02-02T18:57:45.531,"Any[53, 45, 37, 30, 25, 19]",53,19
2521,2026-01-10T13:20:00.0,2026-01-26T18:57:45.531,"Any[53, 45, 37, 30, 25, 19]",53,19
2524,2026-01-10T13:20:00.0,2026-01-12T18:57:45.531,"Any[53, 45, 37, 30, 25, 19]",53,19
2529,2026-01-10T13:20:00.0,2026-01-12T18:57:45.531,"Any[53, 45, 37, 30, 25, 19]",53,19
2532,2026-01-10T13:20:00.0,2026-01-19T18:57:45.531,"Any[53, 45, 37, 30, 25, 19]",53,19
2536,2026-01-10T13:20:00.0,2026-01-26T18:57:45.531,"Any[53, 45, 37, 30, 25, 19]",53,19
2537,2026-01-10T13:20:00.0,2026-01-19T18:57:45.531,"Any[53, 45, 37, 30, 25, 19]",53,19
2540,2026-01-10T13:20:00.0,2026-01-26T18:57:45.531,"Any[53, 45, 37, 30, 25, 19]",53,19
2545,2026-01-10T13:20:00.0,2026-01-19T18:57:45.531,"Any[53, 45, 37, 30, 25, 19]",53,19
2552,2026-01-10T13:20:00.0,2026-01-26T18:57:45.531,"Any[53, 45, 37, 30, 25, 19]",53,19
2568,2026-01-10T13:20:00.0,2026-01-19T18:57:45.531,"Any[53, 45, 37, 30, 25, 19, 13, 8]",53,8
2571,2026-01-10T13:20:00.0,2026-01-19T18:57:45.531,"Any[53, 45, 37, 30, 25, 19, 13, 8]",53,8
2578,2026-01-10T13:20:00.0,2026-01-12T18:57:45.531,"Any[53, 45, 37, 30, 25, 19, 13, 8]",53,8
2580,2026-01-10T13:20:00.0,2026-01-12T18:57:45.531,"Any[53, 45, 37, 30, 25, 19, 13, 8]",53,8
2581,2026-01-10T13:20:00.0,2026-01-19T18:57:45.531,"Any[53, 45, 37, 30, 25, 19, 13, 8]",53,8
2598,2026-01-10T13:20:00.0,2026-02-02T18:57:45.531,"Any[53, 45, 37, 30, 25, 19, 13, 8]",53,8
2603,2026-01-10T13:20:00.0,2026-01-19T18:57:45.531,"Any[53, 45, 37, 30, 25, 19, 13, 8]",53,8
2614,2026-01-10T13:20:00.0,2026-01-19T18:57:45.531,"Any[53, 45, 37, 30, 25, 19, 13, 8]",53,8
2617,2026-01-10T13:20:00.0,2026-01-26T18:57:45.531,"Any[53, 45, 37, 30, 25, 19, 13, 8]",53,8
2636,2026-01-10T13:20:00.0,2026-01-12T18:57:45.531,"Any[53, 45, 37, 30, 25, 19, 11, 6, 1]",53,1
2638,2026-01-10T13:20:00.0,2026-01-19T18:57:45.531,"Any[53, 45, 37, 30, 25, 19, 11, 6, 1]",53,1
2647,2026-01-10T13:20:00.0,2026-01-12T18:57:45.531,"Any[53, 45, 37, 30, 25, 19, 11, 6, 1]",53,1
2649,2026-01-10T13:20:00.0,2026-01-12T18:57:45.531,"Any[53, 45, 37, 30, 25, 19, 11, 6, 1]",53,1
2652,2026-01-10T13:20:00.0,2026-01-26T18:57:45.531,"Any[53, 45, 37, 30, 25, 19, 11, 6, 1]",53,1
2653,2026-01-10T13:20:00.0,2026-01-12T18:57:45.531,"Any[53, 45, 37, 30, 25, 19, 11, 6, 1]",53,1
2673,2026-01-10T13:20:00.0,2026-01-19T18:57:45.531,"Any[45, 37, 30, 25]",45,25
2679,2026-01-10T13:20:00.0,2026-01-19T18:57:45.531,"Any[45, 37, 30, 25, 19]",45,19
2685,2026-01-10T13:20:00.0,2026-01-12T18:57:45.531,"Any[45, 37, 30, 25, 19]",45,19
2688,2026-01-10T13:20:00.0,2026-02-02T18:57:45.531,"Any[45, 37, 30, 25, 19]",45,19
2689,2026-01-10T13:20:00.0,2026-02-02T18:57:45.531,"Any[45, 37, 30, 25, 19]",45,19
2692,2026-01-10T13:20:00.0,2026-01-19T18:57:45.531,"Any[45, 37, 30, 25, 19]",45,19
2703,2026-01-10T13:20:00.0,2026-01-26T18:57:45.531,"Any[45, 37, 30, 25, 19, 10]",45,10
2704,2026-01-10T13:20:00.0,2026-02-02T18:57:45.531,"Any[45, 37, 30, 25, 19, 10]",45,10
2709,2026-01-10T13:20:00.0,2026-01-12T18:57:45.531,"Any[25, 30, 37, 45, 53, 60, 64]",25,64
2710,2026-01-10T13:20:00.0,2026-01-19T18:57:45.531,"Any[25, 30, 37, 45, 56, 60, 64]",25,64
2712,2026-01-10T13:20:00.0,2026-02-02T18:57:45.531,"Any[25, 30, 37, 45, 53, 60, 64]",25,64
2713,2026-01-10T13:20:00.0,2026-01-19T18:57:45.531,"Any[25, 30, 37, 45, 53, 60, 64]",25,64
2714,2026-01-10T13:20:00.0,2026-01-12T18:57:45.531,"Any[25, 30, 37, 45, 53, 60, 64]",25,64
2716,2026-01-10T13:20:00.0,2026-01-19T18:57:45.531,"Any[25, 30, 37, 45, 53, 60, 64]",25,64
2717,2026-01-10T13:20:00.0,2026-01-12T18:57:45.531,"Any[25, 30, 37, 45, 53, 60, 64]",25,64
2718,2026-01-10T13:20:00.0,2026-01-12T18:57:45.531,"Any[25, 30, 37, 45, 53, 60, 64]",25,64
2719,2026-01-10T13:20:00.0,2026-02-02T18:57:45.531,"Any[25, 30, 37, 45, 56, 60, 64]",25,64
2723,2026-01-10T13:20:00.0,2026-02-02T18:57:45.531,"Any[25, 30, 37, 45, 53, 60, 64]",25,64
2726,2026-01-10T13:20:00.0,2026-01-26T18:57:45.531,"Any[25, 30, 37, 45, 56, 60, 64]",25,64
2730,2026-01-10T13:20:00.0,2026-01-26T18:57:45.531,"Any[25, 30, 37, 45, 53, 60, 64]",25,64
2738,2026-01-10T13:20:00.0,2026-01-19T18:57:45.531,"Any[19, 25, 30, 37, 45, 56, 60]",19,60
2754,2026-01-10T13:20:00.0,2026-02-02T18:57:45.531,"Any[19, 25, 30, 37, 45, 53, 60]",19,60
2761,2026-01-10T13:20:00.0,2026-01-12T18:57:45.531,"Any[19, 25, 30, 37, 45, 56]",19,56
2773,2026-01-10T13:20:00.0,2026-01-26T18:57:45.531,"Any[8, 13, 19, 25, 30, 37, 45, 53, 62]",8,62
2774,2026-01-10T13:20:00.0,2026-02-02T18:57:45.531,"Any[8, 13, 19, 25, 30, 37, 45, 53, 62]",8,62
2785,2026-01-10T13:20:00.0,2026-01-19T18:57:45.531,"Any[8, 13, 19, 25, 30, 37, 45, 53, 62]",8,62
2791,2026-01-10T13:20:00.0,2026-01-26T18:57:45.531,"Any[8, 13, 19, 25, 30, 37, 45, 53, 62]",8,62
2798,2026-01-10T13:20:00.0,2026-01-12T18:57:45.531,"Any[8, 13, 19, 25, 30, 37, 45, 56]",8,56
2817,2026-01-10T13:20:00.0,2026-01-12T18:57:45.531,"Any[8, 13, 19, 25, 30, 37, 45, 56]",8,56
2820,2026-01-10T13:20:00.0,2026-01-12T18:57:45.531,"Any[8, 13, 19, 25, 30, 37, 45, 56]",8,56
2826,2026-01-10T13:20:00.0,2026-01-26T18:57:45.531,"Any[8, 13, 19, 25, 30, 37, 45, 56]",8,56
2827,2026-01-10T13:20:00.0,2026-02-02T18:57:45.531,"Any[8, 13, 19, 25, 30, 37, 45, 56]",8,56
2840,2026-01-10T13:20:00.0,2026-01-26T18:57:45.531,"Any[8, 13, 19, 25, 30, 37, 45, 56]",8,56
2841,2026-01-10T13:20:00.0,2026-01-19T18:57:45.531,"Any[8, 13, 19, 25, 30, 37, 45, 56]",8,56
2842,2026-01-10T13:20:00.0,2026-02-02T18:57:45.531,"Any[8, 13, 19, 25, 30, 37, 45, 56]",8,56
2843,2026-01-10T13:20:00.0,2026-02-02T18:57:45.531,"Any[8, 13, 19, 25, 30, 37, 45, 56]",8,56
2844,2026-01-10T13:20:00.0,2026-01-12T18:57:45.531,"Any[8, 13, 19, 25, 30, 37, 45, 56]",8,56
2845,2026-01-10T13:20:00.0,2026-01-19T18:57:45.531,"Any[8, 13, 19, 25, 30, 37, 45, 56]",8,56
2849,2026-01-10T13:20:00.0,2026-01-26T18:57:45.531,"Any[8, 13, 19, 25, 30, 37, 45, 56]",8,56
2850,2026-01-10T13:20:00.0,2026-01-26T18:57:45.531,"Any[8, 13, 19, 25, 30, 37, 45, 56]",8,56
2852,2026-01-10T13:20:00.0,2026-01-12T18:57:45.531,"Any[8, 13, 19, 25, 30, 37, 45, 56]",8,56
2858,2026-01-10T13:20:00.0,2026-01-26T18:57:45.531,"Any[8, 13, 19, 25, 30, 37, 45, 56]",8,56
2860,2026-01-10T13:20:00.0,2026-01-19T18:57:45.531,"Any[8, 13, 19, 25, 30, 37, 45, 56]",8,56
2864,2026-01-10T13:20:00.0,2026-01-19T18:57:45.531,"Any[8, 13, 19, 25, 30, 37, 45, 56]",8,56
2877,2026-01-10T13:20:00.0,2026-01-26T18:57:45.531,"Any[8, 13, 19, 25, 30, 37, 45]",8,45
2879,2026-01-10T13:20:00.0,2026-01-26T18:57:45.531,"Any[8, 13, 25, 30, 37, 45]",8,45
2891,2026-01-10T13:20:00.0,2026-01-12T18:57:45.531,"Any[1, 6, 11, 19, 25, 30, 37, 45, 53, 60]",1,60
2895,2026-01-10T13:20:00.0,2026-01-19T18:57:45.531,"Any[1, 6, 11, 19, 23, 36, 44, 54, 60]",1,60
2898,2026-01-10T13:20:00.0,2026-01-12T18:57:45.531,"Any[1, 6, 11, 19, 23, 36, 44, 54, 60]",1,60
2900,2026-01-10T13:20:00.0,2026-02-02T18:57:45.531,"Any[1, 6, 11, 19, 25, 30, 37, 45, 56, 60]",1,60
2907,2026-01-10T13:20:00.0,2026-02-02T18:57:45.531,"Any[1, 6, 11, 19, 23, 36, 44, 54, 60]",1,60
2909,2026-01-10T13:20:00.0,2026-01-12T18:57:45.531,"Any[1, 6, 11, 19, 23, 28, 36, 44, 54, 60]",1,60
2910,2026-01-10T13:20:00.0,2026-02-02T18:57:45.531,"Any[1, 6, 11, 19, 25, 30, 37, 45, 53, 60]",1,60
2918,2026-01-10T13:20:00.0,2026-02-02T18:57:45.531,"Any[1, 6, 11, 19, 23, 16, 23, 36, 44, 60]",1,60
2920,2026-01-10T13:20:00.0,2026-02-02T18:57:45.531,"Any[1, 6, 11, 19, 25, 30, 37, 45, 56, 60]",1,60
2938,2026-01-10T13:20:00.0,2026-01-12T18:57:45.531,"Any[1, 6, 11, 19, 25, 30, 37, 45, 56]",1,56
2940,2026-01-10T13:20:00.0,2026-02-02T18:57:45.531,"Any[1, 6, 11, 16, 25, 30, 37, 45, 56]",1,56
2942,2026-01-10T13:20:00.0,2026-01-26T18:57:45.531,"Any[1, 6, 11, 19, 25, 30, 37, 45, 56]",1,56
2944,2026-01-10T13:20:00.0,2026-01-12T18:57:45.531,"Any[1, 6, 11, 19, 25, 30, 37, 45, 56]",1,56
2947,2026-01-10T13:20:00.0,2026-02-02T18:57:45.531,"Any[1, 6, 11, 19, 25, 30, 37, 45, 56]",1,56
2948,2026-01-10T13:20:00.0,2026-01-26T18:57:45.531,"Any[1, 6, 11, 19, 25, 30, 37, 45, 56]",1,56
2953,2026-01-10T13:20:00.0,2026-02-02T18:57:45.531,"Any[1, 6, 11, 19, 25, 30, 37, 45, 56]",1,56
2957,2026-01-10T13:20:00.0,2026-01-19T18:57:45.531,"Any[1, 6, 11, 19, 25, 30, 37, 45, 56]",1,56
2959,2026-01-10T13:20:00.0,2026-01-12T18:57:45.531,"Any[1, 6, 11, 19, 25, 30, 37, 45, 56]",1,56
2961,2026-01-10T13:20:00.0,2026-01-26T18:57:45.531,"Any[1, 6, 11, 19, 25, 30, 37, 45, 56]",1,56
2966,2026-01-10T13:20:00.0,2026-01-26T18:57:45.531,"Any[6, 11, 19, 25, 30, 37, 45, 53]",6,53
2967,2026-01-10T13:20:00.0,2026-01-19T18:57:45.531,"Any[6, 11, 19, 25, 30, 37, 45, 53]",6,53
2971,2026-01-10T13:20:00.0,2026-01-26T18:57:45.531,"Any[6, 11, 16, 25, 30, 37, 45, 53]",6,53
2973,2026-01-10T13:20:00.0,2026-01-26T18:57:45.531,"Any[6, 11, 19, 25, 30, 37, 45, 53]",6,53
2979,2026-01-10T13:20:00.0,2026-02-02T18:57:45.531,"Any[6, 11, 19, 25, 30, 37, 45, 53]",6,53
2985,2026-01-10T13:20:00.0,2026-01-19T18:57:45.531,"Any[6, 11, 19, 25, 30, 37, 45, 53]",6,53
3000,2026-01-10T13:20:00.0,2026-01-26T18:57:45.531,"Any[10, 19, 25, 30, 37, 45, 53]",10,53
3001,2026-01-10T13:20:00.0,2026-01-19T18:57:45.531,"Any[10, 19, 25, 30, 37, 45, 53]",10,53
3010,2026-01-10T13:20:00.0,2026-01-12T18:57:45.531,"Any[10, 19, 25, 30, 37, 45, 53]",10,53
3023,2026-01-10T13:20:00.0,2026-01-12T18:57:45.531,"Any[10, 19, 25, 30, 37, 45, 53]",10,53
3024,2026-01-10T13:20:00.0,2026-02-02T18:57:45.531,"Any[10, 19, 25, 30, 37, 45, 53]",10,53
3038,2026-01-10T13:20:00.0,2026-02-02T18:57:45.531,"Any[10, 19, 25, 30, 37, 45, 53]",10,53
3049,2026-01-10T13:20:00.0,2026-02-02T18:57:45.531,"Any[10, 11, 19, 25, 30, 37, 45, 53]",10,53
3058,2026-01-10T13:20:00.0,2026-01-26T18:57:45.531,"Any[10, 19, 25, 30, 37, 45, 53]",10,53
3062,2026-01-10T13:20:00.0,2026-01-19T18:57:45.531,"Any[10, 19, 25, 30, 37, 45, 53]",10,53
3063,2026-01-10T13:20:00.0,2026-01-12T18:57:45.531,"Any[10, 19, 25, 30, 37, 45, 53]",10,53
3072,2026-01-10T13:20:00.0,2026-02-02T18:57:45.531,"Any[10, 19, 25, 30, 37, 45, 53]",10,53
3078,2026-01-10T13:20:00.0,2026-02-02T18:57:45.531,"Any[10, 19, 25, 30, 37, 45, 53]",10,53
3086,2026-01-10T13:20:00.0,2026-01-26T18:57:45.531,"Any[10, 19, 25, 30, 37, 45, 53]",10,53
3090,2026-01-10T13:20:00.0,2026-01-19T18:57:45.531,"Any[10, 19, 25, 30, 37, 45, 53]",10,53
3094,2026-01-10T13:20:00.0,2026-02-02T18:57:45.531,"Any[10, 19, 25, 30, 37, 45, 53]",10,53
3095,2026-01-10T13:20:00.0,2026-01-19T18:57:45.531,"Any[10, 19, 25, 30, 37, 45, 53]",10,53
3096,2026-01-10T13:20:00.0,2026-01-12T18:57:45.531,"Any[10, 19, 25, 30, 37, 45, 53]",10,53
3097,2026-01-10T13:20:00.0,2026-01-26T18:57:45.531,"Any[10, 11, 19, 25, 30, 37, 45, 53]",10,53
3102,2026-01-10T13:20:00.0,2026-01-26T18:57:45.531,"Any[10, 19, 25, 30, 37, 45, 53]",10,53
3104,2026-01-10T13:20:00.0,2026-01-26T18:57:45.531,"Any[10, 19, 25, 30, 37, 45, 53]",10,53
3117,2026-01-10T13:20:00.0,2026-01-19T18:57:45.531,"Any[10, 19, 25, 30, 37, 45, 53]",10,53
3120,2026-01-10T13:20:00.0,2026-01-26T18:57:45.531,"Any[10, 19, 25, 30, 37, 45, 53]",10,53
3124,2026-01-10T13:20:00.0,2026-01-26T18:57:45.531,"Any[10, 19, 25, 30, 37, 45, 53]",10,53
3128,2026-01-10T13:20:00.0,2026-01-12T18:57:45.531,"Any[10, 11, 19, 25, 30, 37, 45, 53]",10,53
3131,2026-01-10T13:20:00.0,2026-01-19T18:57:45.531,"Any[10, 19, 25, 30, 37, 45, 53]",10,53
3134,2026-01-10T13:20:00.0,2026-01-19T18:57:45.531,"Any[10, 19, 25, 30, 37, 45, 53]",10,53
3155,2026-01-10T13:20:00.0,2026-01-26T18:57:45.531,"Any[10, 19, 25, 30, 37, 45, 53]",10,53
3174,2026-01-10T13:20:00.0,2026-01-12T18:57:45.531,"Any[10, 19, 25, 30, 37, 45, 53]",10,53
3175,2026-01-10T13:20:00.0,2026-02-02T18:57:45.531,"Any[10, 19, 25, 30, 37, 45, 53]",10,53
3179,2026-01-10T13:20:00.0,2026-01-19T18:57:45.531,"Any[10, 19, 25, 30, 37, 45, 53]",10,53
3188,2026-01-10T13:20:00.0,2026-02-02T18:57:45.531,"Any[10, 19, 25, 30, 37, 45, 53]",10,53
3191,2026-01-10T13:20:00.0,2026-02-02T18:57:45.531,"Any[10, 19, 25, 30, 37, 45, 53]",10,53
3194,2026-01-10T13:20:00.0,2026-01-12T18:57:45.531,"Any[10, 19, 25, 30, 37, 45, 53]",10,53
3195,2026-01-10T13:20:00.0,2026-02-02T18:57:45.531,"Any[10, 11, 19, 25, 30, 37, 45, 53]",10,53
3197,2026-01-10T13:20:00.0,2026-01-12T18:57:45.531,"Any[10, 19, 25, 30, 37, 45, 53]",10,53
3200,2026-01-10T13:20:00.0,2026-01-26T18:57:45.531,"Any[10, 19, 25, 30, 37, 45, 53]",10,53
26,2026-01-14T07:06:40.0,2026-01-30T12:44:25.531,"Any[7, 8, 13, 19, 25, 30, 37, 45, 53]",7,53
55,2026-01-14T07:06:40.0,2026-01-30T12:44:25.531,"Any[6, 11, 19, 25, 30, 37, 45]",6,45
59,2026-01-14T07:06:40.0,2026-01-23T12:44:25.531,"Any[53, 45, 37, 30, 25]",53,25
66,2026-01-14T07:06:40.0,2026-01-30T12:44:25.531,"Any[56, 45, 37, 30, 25, 19, 10]",56,10
110,2026-01-14T07:06:40.0,2026-01-09T12:44:25.531,"Any[53, 45, 37, 30, 25, 19, 11, 6, 1]",53,1
117,2026-01-14T07:06:40.0,2026-01-30T12:44:25.531,"Any[10, 19, 25, 30, 37, 45, 53]",10,53
199,2026-01-14T07:06:40.0,2026-01-09T12:44:25.531,"Any[17, 25, 30, 37, 45, 53]",17,53
203,2026-01-14T07:06:40.0,2026-01-23T12:44:25.531,"Any[60, 56, 45, 37, 30, 25, 19, 11, 6]",60,6
207,2026-01-14T07:06:40.0,2026-01-16T12:44:25.531,"Any[6, 11, 19, 25, 30, 37, 45, 53]",6,53
224,2026-01-14T07:06:40.0,2026-01-30T12:44:25.531,"Any[3, 10, 19, 25, 30, 37, 45, 53]",3,53
251,2026-01-14T07:06:40.0,2026-01-23T12:44:25.531,"Any[6, 11, 19, 25, 30, 37, 45, 53]",6,53
262,2026-01-14T07:06:40.0,2026-01-23T12:44:25.531,"Any[8, 13, 19, 25, 30, 37, 45, 56]",8,56
337,2026-01-14T07:06:40.0,2026-01-09T12:44:25.531,"Any[17, 16, 17, 25, 30, 37, 45, 53]",17,53
340,2026-01-14T07:06:40.0,2026-01-09T12:44:25.531,"Any[56, 45, 37, 30, 25, 19, 11, 6]",56,6
341,2026-01-14T07:06:40.0,2026-01-09T12:44:25.531,"Any[10, 19, 25, 30, 37, 45, 53]",10,53
371,2026-01-14T07:06:40.0,2026-01-09T12:44:25.531,"Any[56, 45, 37, 30, 25, 16]",56,16
378,2026-01-14T07:06:40.0,2026-01-30T12:44:25.531,"Any[3, 10, 19, 25, 30, 37, 45, 53]",3,53
394,2026-01-14T07:06:40.0,2026-01-23T12:44:25.531,"Any[56, 45, 37, 30, 25, 19, 10]",56,10
402,2026-01-14T07:06:40.0,2026-01-09T12:44:25.531,"Any[19, 25, 30, 37, 45, 56]",19,56
464,2026-01-14T07:06:40.0,2026-01-16T12:44:25.531,"Any[56, 45, 37, 30, 25, 19, 10]",56,10
494,2026-01-14T07:06:40.0,2026-01-23T12:44:25.531,"Any[56, 45, 37, 30, 25, 19, 11, 6]",56,6
563,2026-01-14T07:06:40.0,2026-01-09T12:44:25.531,"Any[64, 60, 56, 45, 37, 30, 25, 19]",64,19
572,2026-01-14T07:06:40.0,2026-01-30T12:44:25.531,"Any[8, 13, 19, 25, 37, 45, 56]",8,56
595,2026-01-14T07:06:40.0,2026-01-30T12:44:25.531,"Any[56, 45, 37, 30, 25]",56,25
603,2026-01-14T07:06:40.0,2026-01-09T12:44:25.531,"Any[8, 13, 19, 25, 30, 37, 45, 56]",8,56
664,2026-01-14T07:06:40.0,2026-01-16T12:44:25.531,"Any[53, 45, 37, 30, 25]",53,25
666,2026-01-14T07:06:40.0,2026-01-30T12:44:25.531,"Any[8, 13, 25, 30, 37, 45, 56]",8,56
683,2026-01-14T07:06:40.0,2026-01-23T12:44:25.531,"Any[53, 45, 37, 30, 25]",53,25
697,2026-01-14T07:06:40.0,2026-01-30T12:44:25.531,"Any[7, 8, 13, 19, 25, 30, 37, 45, 53, 60]",7,60
724,2026-01-14T07:06:40.0,2026-01-30T12:44:25.531,"Any[10, 19, 25, 30, 37, 45, 53]",10,53
734,2026-01-14T07:06:40.0,2026-01-09T12:44:25.531,"Any[53, 45, 37, 30, 25, 19, 11, 6, 1]",53,1
773,2026-01-14T07:06:40.0,2026-01-30T12:44:25.531,"Any[17, 25, 30, 37, 45, 53]",17,53
810,2026-01-14T07:06:40.0,2026-01-09T12:44:25.531,"Any[19, 25, 30, 37, 45, 56]",19,56
830,2026-01-14T07:06:40.0,2026-01-23T12:44:25.531,"Any[56, 45, 37, 30, 25, 19, 11, 6]",56,6
886,2026-01-14T07:06:40.0,2026-01-23T12:44:25.531,"Any[56, 45, 37, 30, 25, 19, 11, 6]",56,6
898,2026-01-14T07:06:40.0,2026-01-16T12:44:25.531,"Any[45, 37, 30, 25, 19, 10]",45,10
910,2026-01-14T07:06:40.0,2026-01-30T12:44:25.531,"Any[60, 53, 45, 37, 30, 25, 19, 10]",60,10
936,2026-01-14T07:06:40.0,2026-01-09T12:44:25.531,"Any[56, 45, 37, 30, 25, 19, 10]",56,10
958,2026-01-14T07:06:40.0,2026-01-16T12:44:25.531,"Any[10, 11, 19, 25, 30, 37, 45, 53]",10,53
966,2026-01-14T07:06:40.0,2026-01-30T12:44:25.531,"Any[13, 19, 25, 30, 37, 45, 56]",13,56
993,2026-01-14T07:06:40.0,2026-01-16T12:44:25.531,"Any[8, 13, 19, 25, 30, 37, 45, 56]",8,56
1000,2026-01-14T07:06:40.0,2026-01-30T12:44:25.531,"Any[54, 44, 36, 23, 19, 13, 8]",54,8
1014,2026-01-14T07:06:40.0,2026-01-16T12:44:25.531,"Any[10, 19, 25, 30, 37, 45, 53]",10,53
1022,2026-01-14T07:06:40.0,2026-01-23T12:44:25.531,"Any[19, 25, 30, 37, 45, 56]",19,56
1025,2026-01-14T07:06:40.0,2026-01-30T12:44:25.531,"Any[6, 11, 19, 25, 30, 37, 45]",6,45
1058,2026-01-14T07:06:40.0,2026-01-09T12:44:25.531,"Any[10, 19, 25, 30, 37, 45, 53]",10,53
1066,2026-01-14T07:06:40.0,2026-01-30T12:44:25.531,"Any[53, 45, 37, 30, 25, 19, 13, 8]",53,8
1077,2026-01-14T07:06:40.0,2026-01-23T12:44:25.531,"Any[19, 30, 37, 45, 56]",19,56
1092,2026-01-14T07:06:40.0,2026-01-30T12:44:25.531,"Any[53, 45, 37, 30, 25, 19, 13, 8]",53,8
1114,2026-01-14T07:06:40.0,2026-01-23T12:44:25.531,"Any[64, 60, 56, 45, 37, 30, 25, 19, 11, 6]",64,6
1121,2026-01-14T07:06:40.0,2026-01-16T12:44:25.531,"Any[4, 10, 19, 25, 30, 37, 45, 53]",4,53
1124,2026-01-14T07:06:40.0,2026-01-16T12:44:25.531,"Any[60, 56, 45, 37, 30, 25, 19, 11, 6, 6]",60,6
1143,2026-01-14T07:06:40.0,2026-01-30T12:44:25.531,"Any[7, 8, 13, 19, 25, 30, 37, 45, 53, 60]",7,60
1171,2026-01-14T07:06:40.0,2026-01-09T12:44:25.531,"Any[6, 11, 25, 30, 37, 45, 53]",6,53
1187,2026-01-14T07:06:40.0,2026-01-23T12:44:25.531,"Any[56, 45, 37, 30, 25]",56,25
1188,2026-01-14T07:06:40.0,2026-01-09T12:44:25.531,"Any[60, 56, 45, 37, 30, 25, 19, 13, 19, 13, 8]",60,8
1210,2026-01-14T07:06:40.0,2026-01-23T12:44:25.531,"Any[8, 13, 19, 25, 30, 37, 45, 56]",8,56
1214,2026-01-14T07:06:40.0,2026-01-09T12:44:25.531,"Any[64, 60, 53, 45, 37, 30, 25, 19, 11, 6, 1]",64,1
1223,2026-01-14T07:06:40.0,2026-01-30T12:44:25.531,"Any[64, 53, 45, 37, 30, 25, 19, 10]",64,10
1236,2026-01-14T07:06:40.0,2026-01-16T12:44:25.531,"Any[45, 37, 30, 25, 19, 10]",45,10
1266,2026-01-14T07:06:40.0,2026-01-30T12:44:25.531,"Any[10, 19, 25, 30, 37, 45, 53]",10,53
1278,2026-01-14T07:06:40.0,2026-01-09T12:44:25.531,"Any[1, 6, 11, 19, 30, 37, 45, 56]",1,56
1285,2026-01-14T07:06:40.0,2026-01-30T12:44:25.531,"Any[19, 25, 30, 37, 45, 56]",19,56
1287,2026-01-14T07:06:40.0,2026-01-23T12:44:25.531,"Any[45, 37, 30, 25, 19, 10]",45,10
1292,2026-01-14T07:06:40.0,2026-01-30T12:44:25.531,"Any[7, 8, 13, 19, 25, 30, 37, 45, 53, 60]",7,60
1298,2026-01-14T07:06:40.0,2026-01-09T12:44:25.531,"Any[3, 6, 11, 16, 25, 30, 37, 45]",3,45
1336,2026-01-14T07:06:40.0,2026-01-30T12:44:25.531,"Any[6, 11, 19, 25, 30, 37, 45]",6,45
1339,2026-01-14T07:06:40.0,2026-01-30T12:44:25.531,"Any[6, 11, 19, 25, 30, 37, 45]",6,45
1386,2026-01-14T07:06:40.0,2026-01-23T12:44:25.531,"Any[45, 37, 30, 25, 19, 10]",45,10
1458,2026-01-14T07:06:40.0,2026-01-16T12:44:25.531,"Any[56, 45, 37, 30, 25, 19, 11, 6]",56,6
1459,2026-01-14T07:06:40.0,2026-01-16T12:44:25.531,"Any[7, 8, 13, 19, 25, 30, 37, 45, 53]",7,53
1477,2026-01-14T07:06:40.0,2026-01-30T12:44:25.531,"Any[56, 45, 37, 30, 25, 19, 11, 6]",56,6
1528,2026-01-14T07:06:40.0,2026-01-16T12:44:25.531,"Any[13, 19, 25, 30, 37, 45, 56]",13,56
1530,2026-01-14T07:06:40.0,2026-01-30T12:44:25.531,"Any[60, 53, 45, 37, 30, 25, 19, 13, 8]",60,8
1560,2026-01-14T07:06:40.0,2026-01-30T12:44:25.531,"Any[8, 13, 19, 25, 30, 37, 45, 56]",8,56
1575,2026-01-14T07:06:40.0,2026-01-09T12:44:25.531,"Any[10, 19, 25, 30, 37, 45, 53]",10,53
1579,2026-01-14T07:06:40.0,2026-01-16T12:44:25.531,"Any[53, 45, 37, 30, 25, 19, 13, 8]",53,8
1589,2026-01-14T07:06:40.0,2026-01-30T12:44:25.531,"Any[60, 56, 45, 37, 30, 25]",60,25
1629,2026-01-14T07:06:40.0,2026-01-09T12:44:25.531,"Any[60, 56, 45, 37, 30, 25]",60,25
1630,2026-01-14T07:06:40.0,2026-01-30T12:44:25.531,"Any[10, 19, 25, 30, 37, 45, 53]",10,53
1636,2026-01-14T07:06:40.0,2026-01-23T12:44:25.531,"Any[1, 6, 11, 19, 25, 30, 37, 45, 56]",1,56
1653,2026-01-14T07:06:40.0,2026-01-16T12:44:25.531,"Any[8, 13, 25, 30, 37, 45, 56]",8,56
1677,2026-01-14T07:06:40.0,2026-01-09T12:44:25.531,"Any[60, 56, 45, 37, 30, 25]",60,25
1690,2026-01-14T07:06:40.0,2026-01-16T12:44:25.531,"Any[60, 56, 45, 37, 30, 25, 19, 13, 19, 13, 8]",60,8
1694,2026-01-14T07:06:40.0,2026-01-23T12:44:25.531,"Any[53, 45, 37, 30, 25, 19, 13, 8]",53,8
1695,2026-01-14T07:06:40.0,2026-01-30T12:44:25.531,"Any[1, 6, 11, 19, 25, 30, 37, 45, 56]",1,56
1698,2026-01-14T07:06:40.0,2026-01-30T12:44:25.531,"Any[56, 45, 37, 30, 25]",56,25
1702,2026-01-14T07:06:40.0,2026-01-16T12:44:25.531,"Any[53, 45, 37, 30, 25]",53,25
1711,2026-01-14T07:06:40.0,2026-01-23T12:44:25.531,"Any[56, 45, 37, 30, 25, 19, 10]",56,10
1714,2026-01-14T07:06:40.0,2026-01-30T12:44:25.531,"Any[8, 13, 19, 25, 30, 37, 45, 56]",8,56
1719,2026-01-14T07:06:40.0,2026-01-16T12:44:25.531,"Any[53, 45, 37, 30, 25, 19, 13, 8]",53,8
1726,2026-01-14T07:06:40.0,2026-01-30T12:44:25.531,"Any[10, 19, 25, 30, 37, 45, 53]",10,53
1741,2026-01-14T07:06:40.0,2026-01-16T12:44:25.531,"Any[8, 13, 19, 25, 30, 37, 45, 56]",8,56
1768,2026-01-14T07:06:40.0,2026-01-30T12:44:25.531,"Any[64, 60, 53, 45, 37, 30, 25, 19, 10]",64,10
1795,2026-01-14T07:06:40.0,2026-01-23T12:44:25.531,"Any[64, 60, 53, 45, 37, 30, 25, 19, 10]",64,10
1797,2026-01-14T07:06:40.0,2026-01-30T12:44:25.531,"Any[60, 56, 45, 37, 30, 25, 19, 13, 8]",60,8
1798,2026-01-14T07:06:40.0,2026-01-16T12:44:25.531,"Any[17, 16, 17, 25, 30, 37, 45, 53]",17,53
1799,2026-01-14T07:06:40.0,2026-01-30T12:44:25.531,"Any[8, 13, 25, 30, 37, 45, 56]",8,56
1811,2026-01-14T07:06:40.0,2026-01-23T12:44:25.531,"Any[10, 19, 25, 30, 37, 45, 53]",10,53
1831,2026-01-14T07:06:40.0,2026-01-30T12:44:25.531,"Any[53, 45, 37, 30, 25, 19, 13, 8]",53,8
1838,2026-01-14T07:06:40.0,2026-01-16T12:44:25.531,"Any[56, 45, 37, 30, 25]",56,25
1877,2026-01-14T07:06:40.0,2026-01-30T12:44:25.531,"Any[56, 45, 37, 30, 25, 19, 11, 6]",56,6
1893,2026-01-14T07:06:40.0,2026-01-23T12:44:25.531,"Any[16, 25, 30, 37, 45, 53, 60]",16,60
1919,2026-01-14T07:06:40.0,2026-01-30T12:44:25.531,"Any[10, 19, 30, 37, 45, 53]",10,53
1934,2026-01-14T07:06:40.0,2026-01-23T12:44:25.531,"Any[64, 60, 53, 45, 37, 30, 25, 19, 13, 8]",64,8
1948,2026-01-14T07:06:40.0,2026-01-23T12:44:25.531,"Any[60, 56, 45, 37, 30, 25]",60,25
1957,2026-01-14T07:06:40.0,2026-01-09T12:44:25.531,"Any[53, 45, 37, 30, 25, 19, 11, 6, 1]",53,1
2016,2026-01-14T07:06:40.0,2026-01-30T12:44:25.531,"Any[64, 60, 53, 45, 37, 30, 25, 19, 13, 8]",64,8
2028,2026-01-14T07:06:40.0,2026-01-09T12:44:25.531,"Any[64, 53, 45, 37, 30, 25, 19, 10]",64,10
2047,2026-01-14T07:06:40.0,2026-01-09T12:44:25.531,"Any[1, 6, 11, 19, 23, 36, 44, 54, 60]",1,60
2064,2026-01-14T07:06:40.0,2026-01-30T12:44:25.531,"Any[7, 8, 13, 19, 25, 30, 37, 45, 53]",7,53
2088,2026-01-14T07:06:40.0,2026-01-16T12:44:25.531,"Any[10, 19, 25, 30, 37, 45, 53]",10,53
2109,2026-01-14T07:06:40.0,2026-01-30T12:44:25.531,"Any[13, 19, 25, 37, 45, 56]",13,56
2114,2026-01-14T07:06:40.0,2026-01-09T12:44:25.531,"Any[7, 8, 13, 19, 25, 30, 37, 45]",7,45
2145,2026-01-14T07:06:40.0,2026-01-23T12:44:25.531,"Any[8, 13, 19, 25, 30, 37, 45, 56]",8,56
2152,2026-01-14T07:06:40.0,2026-01-23T12:44:25.531,"Any[6, 11, 19, 25, 30, 37, 45, 53]",6,53
2170,2026-01-14T07:06:40.0,2026-01-23T12:44:25.531,"Any[6, 11, 19, 25, 30, 37, 45]",6,45
2174,2026-01-14T07:06:40.0,2026-01-16T12:44:25.531,"Any[8, 13, 25, 30, 37, 45, 56]",8,56
2206,2026-01-14T07:06:40.0,2026-01-16T12:44:25.531,"Any[64, 60, 53, 45, 37, 30, 25, 19, 11, 6, 1]",64,1
2230,2026-01-14T07:06:40.0,2026-01-09T12:44:25.531,"Any[60, 53, 45, 37, 30, 25]",60,25
2231,2026-01-14T07:06:40.0,2026-01-09T12:44:25.531,"Any[56, 45, 37, 30, 25]",56,25
2242,2026-01-14T07:06:40.0,2026-01-16T12:44:25.531,"Any[45, 37, 30, 25, 19, 10]",45,10
2288,2026-01-14T07:06:40.0,2026-01-30T12:44:25.531,"Any[60, 53, 45, 37, 30, 25, 19, 13, 8]",60,8
2297,2026-01-14T07:06:40.0,2026-01-23T12:44:25.531,"Any[60, 56, 45, 37, 30, 25, 19, 13, 8]",60,8
2331,2026-01-14T07:06:40.0,2026-01-30T12:44:25.531,"Any[60, 53, 45, 37, 30, 25, 19, 10]",60,10
2338,2026-01-14T07:06:40.0,2026-01-30T12:44:25.531,"Any[56, 45, 37, 30, 25]",56,25
2349,2026-01-14T07:06:40.0,2026-01-23T12:44:25.531,"Any[56, 45, 37, 30, 25]",56,25
2387,2026-01-14T07:06:40.0,2026-01-23T12:44:25.531,"Any[56, 45, 37, 30, 25, 19, 11, 6]",56,6
2395,2026-01-14T07:06:40.0,2026-01-16T12:44:25.531,"Any[56, 45, 37, 30, 25, 19, 11, 6]",56,6
2406,2026-01-14T07:06:40.0,2026-01-09T12:44:25.531,"Any[56, 45, 37, 30, 25, 19, 11, 6]",56,6
2426,2026-01-14T07:06:40.0,2026-01-09T12:44:25.531,"Any[56, 45, 37, 30, 25, 19, 11, 6]",56,6
2439,2026-01-14T07:06:40.0,2026-01-09T12:44:25.531,"Any[56, 45, 37, 30, 25, 19, 11, 6]",56,6
2445,2026-01-14T07:06:40.0,2026-01-09T12:44:25.531,"Any[56, 45, 37, 30, 25, 19, 11, 6]",56,6
2464,2026-01-14T07:06:40.0,2026-01-09T12:44:25.531,"Any[56, 45, 37, 30, 25, 19, 10]",56,10
2465,2026-01-14T07:06:40.0,2026-01-09T12:44:25.531,"Any[56, 45, 37, 30, 25, 19, 10]",56,10
2469,2026-01-14T07:06:40.0,2026-01-30T12:44:25.531,"Any[56, 45, 37, 30, 25, 19, 10]",56,10
2474,2026-01-14T07:06:40.0,2026-01-23T12:44:25.531,"Any[56, 45, 37, 30, 25, 19, 10]",56,10
2481,2026-01-14T07:06:40.0,2026-01-30T12:44:25.531,"Any[53, 45, 37, 30, 25]",53,25
2570,2026-01-14T07:06:40.0,2026-01-09T12:44:25.531,"Any[53, 45, 37, 30, 25, 19, 13, 8]",53,8
2618,2026-01-14T07:06:40.0,2026-01-16T12:44:25.531,"Any[53, 45, 37, 30, 25, 19, 13, 8]",53,8
2625,2026-01-14T07:06:40.0,2026-01-23T12:44:25.531,"Any[53, 45, 37, 30, 25, 19, 13, 8]",53,8
2650,2026-01-14T07:06:40.0,2026-01-09T12:44:25.531,"Any[53, 45, 37, 30, 25, 19, 11, 6, 1]",53,1
2702,2026-01-14T07:06:40.0,2026-01-16T12:44:25.531,"Any[45, 37, 30, 25, 19, 10]",45,10
2705,2026-01-14T07:06:40.0,2026-01-23T12:44:25.531,"Any[45, 37, 30, 25, 19, 10]",45,10
2762,2026-01-14T07:06:40.0,2026-01-23T12:44:25.531,"Any[19, 25, 30, 37, 45, 56]",19,56
2814,2026-01-14T07:06:40.0,2026-01-23T12:44:25.531,"Any[8, 13, 19, 25, 30, 37, 45, 56]",8,56
2867,2026-01-14T07:06:40.0,2026-01-09T12:44:25.531,"Any[8, 13, 19, 25, 30, 37, 45, 56]",8,56
2886,2026-01-14T07:06:40.0,2026-01-09T12:44:25.531,"Any[1, 6, 11, 19, 23, 28, 36, 44, 54, 60]",1,60
2888,2026-01-14T07:06:40.0,2026-01-09T12:44:25.531,"Any[1, 6, 10, 19, 23, 36, 44, 54, 60]",1,60
2931,2026-01-14T07:06:40.0,2026-01-16T12:44:25.531,"Any[1, 6, 11, 19, 23, 36, 44, 54, 60]",1,60
2932,2026-01-14T07:06:40.0,2026-01-09T12:44:25.531,"Any[1, 6, 10, 19, 23, 36, 44, 54, 60]",1,60
2968,2026-01-14T07:06:40.0,2026-01-09T12:44:25.531,"Any[6, 11, 25, 30, 37, 45, 53]",6,53
3002,2026-01-14T07:06:40.0,2026-01-30T12:44:25.531,"Any[10, 19, 25, 30, 37, 45, 53]",10,53
3046,2026-01-14T07:06:40.0,2026-01-23T12:44:25.531,"Any[10, 19, 25, 30, 37, 45, 53]",10,53
3050,2026-01-14T07:06:40.0,2026-01-09T12:44:25.531,"Any[10, 19, 25, 30, 37, 45, 53]",10,53
3088,2026-01-14T07:06:40.0,2026-01-23T12:44:25.531,"Any[10, 19, 30, 37, 45, 53]",10,53
3098,2026-01-14T07:06:40.0,2026-01-23T12:44:25.531,"Any[10, 19, 25, 30, 37, 45, 53]",10,53
3116,2026-01-14T07:06:40.0,2026-01-23T12:44:25.531,"Any[10, 19, 30, 37, 45, 53]",10,53
3123,2026-01-14T07:06:40.0,2026-01-23T12:44:25.531,"Any[10, 19, 30, 37, 45, 53]",10,53
3145,2026-01-14T07:06:40.0,2026-01-09T12:44:25.531,"Any[10, 19, 25, 30, 37, 45, 53]",10,53
3158,2026-01-14T07:06:40.0,2026-01-30T12:44:25.531,"Any[10, 19, 25, 30, 37, 45, 53]",10,53
3163,2026-01-14T07:06:40.0,2026-01-23T12:44:25.531,"Any[10, 19, 25, 30, 37, 45, 53]",10,53
3167,2026-01-14T07:06:40.0,2026-01-09T12:44:25.531,"Any[10, 19, 25, 30, 37, 45, 53]",10,53
3198,2026-01-14T07:06:40.0,2026-01-23T12:44:25.531,"Any[10, 19, 25, 30, 37, 45, 53]",10,53
1,2026-01-17T13:20:00.0,2026-01-26T18:57:45.531,"Any[8, 13, 19, 25, 30, 37, 45, 56]",8,56
6,2026-01-17T13:20:00.0,2026-01-12T18:57:45.531,"Any[53, 45, 37, 30, 25, 19, 11, 6, 1]",53,1
18,2026-01-17T13:20:00.0,2026-01-12T18:57:45.531,"Any[53, 45, 37, 30, 25, 19, 13, 8]",53,8
25,2026-01-17T13:20:00.0,2026-02-02T18:57:45.531,"Any[7, 8, 13, 19, 25, 30, 37, 45, 53, 60]",7,60
31,2026-01-17T13:20:00.0,2026-02-02T18:57:45.531,"Any[6, 11, 19, 25, 30, 37, 45, 53]",6,53
33,2026-01-17T13:20:00.0,2026-02-02T18:57:45.531,"Any[3, 10, 19, 25, 30, 37, 45, 53]",3,53
36,2026-01-17T13:20:00.0,2026-01-26T18:57:45.531,"Any[19, 25, 30, 37, 45, 56]",19,56
39,2026-01-17T13:20:00.0,2026-01-12T18:57:45.531,"Any[6, 11, 19, 25, 30, 37, 45]",6,45
47,2026-01-17T13:20:00.0,2026-01-12T18:57:45.531,"Any[45, 37, 30, 25]",45,25
50,2026-01-17T13:20:00.0,2026-01-26T18:57:45.531,"Any[8, 13, 19, 25, 30, 37, 45, 56]",8,56
56,2026-01-17T13:20:00.0,2026-01-19T18:57:45.531,"Any[60, 53, 45, 37, 30, 25, 19, 11, 6]",60,6
63,2026-01-17T13:20:00.0,2026-02-02T18:57:45.531,"Any[60, 56, 45, 37, 30, 25, 19, 11, 6]",60,6
65,2026-01-17T13:20:00.0,2026-01-26T18:57:45.531,"Any[8, 13, 19, 25, 30, 37, 45, 56]",8,56
68,2026-01-17T13:20:00.0,2026-01-26T18:57:45.531,"Any[8, 13, 19, 25, 30, 37, 45, 56]",8,56
70,2026-01-17T13:20:00.0,2026-02-02T18:57:45.531,"Any[6, 11, 19, 25, 30, 37, 45]",6,45
73,2026-01-17T13:20:00.0,2026-01-12T18:57:45.531,"Any[64, 60, 53, 45, 37, 30, 25, 19, 10]",64,10
77,2026-01-17T13:20:00.0,2026-01-12T18:57:45.531,"Any[10, 19, 25, 30, 37, 45, 53]",10,53
82,2026-01-17T13:20:00.0,2026-02-02T18:57:45.531,"Any[56, 45, 37, 30, 25, 19, 11, 6]",56,6
90,2026-01-17T13:20:00.0,2026-01-12T18:57:45.531,"Any[56, 45, 37, 30, 25, 19, 11, 6]",56,6
102,2026-01-17T13:20:00.0,2026-02-02T18:57:45.531,"Any[53, 45, 37, 30, 25, 19, 11, 6, 1]",53,1
103,2026-01-17T13:20:00.0,2026-01-19T18:57:45.531,"Any[8, 13, 19, 25, 30, 37, 45, 56]",8,56
107,2026-01-17T13:20:00.0,2026-01-19T18:57:45.531,"Any[17, 25, 30, 37, 45]",17,45
108,2026-01-17T13:20:00.0,2026-01-19T18:57:45.531,"Any[53, 45, 37, 30, 25]",53,25
109,2026-01-17T13:20:00.0,2026-01-26T18:57:45.531,"Any[62, 53, 45, 37, 30, 25, 19, 11, 6, 1]",62,1
114,2026-01-17T13:20:00.0,2026-01-19T18:57:45.531,"Any[17, 16, 25, 30, 37, 45, 56]",17,56
118,2026-01-17T13:20:00.0,2026-01-12T18:57:45.531,"Any[6, 11, 19, 25, 30, 37, 45]",6,45
120,2026-01-17T13:20:00.0,2026-02-02T18:57:45.531,"Any[1, 6, 11, 19, 30, 37, 45, 56]",1,56
125,2026-01-17T13:20:00.0,2026-01-12T18:57:45.531,"Any[10, 19, 25, 30, 37, 45, 53]",10,53
127,2026-01-17T13:20:00.0,2026-01-26T18:57:45.531,"Any[6, 11, 19, 25, 30, 37, 45]",6,45
129,2026-01-17T13:20:00.0,2026-01-12T18:57:45.531,"Any[53, 45, 37, 30, 25, 19]",53,19
133,2026-01-17T13:20:00.0,2026-02-02T18:57:45.531,"Any[60, 56, 45, 37, 30, 25, 19, 11, 6]",60,6
147,2026-01-17T13:20:00.0,2026-01-19T18:57:45.531,"Any[53, 45, 37, 30, 25, 19, 11, 6, 1]",53,1
165,2026-01-17T13:20:00.0,2026-01-26T18:57:45.531,"Any[17, 19, 25, 30, 37, 45, 53, 60]",17,60
166,2026-01-17T13:20:00.0,2026-02-02T18:57:45.531,"Any[7, 8, 13, 19, 25, 30, 37, 45, 53, 60]",7,60
188,2026-01-17T13:20:00.0,2026-02-02T18:57:45.531,"Any[60, 56, 45, 37, 30, 25]",60,25
192,2026-01-17T13:20:00.0,2026-01-19T18:57:45.531,"Any[1, 6, 11, 19, 25, 30, 37, 45, 56]",1,56
193,2026-01-17T13:20:00.0,2026-02-02T18:57:45.531,"Any[8, 13, 19, 25, 30, 37, 45, 56]",8,56
195,2026-01-17T13:20:00.0,2026-02-02T18:57:45.531,"Any[3, 10, 19, 25, 30, 37, 45, 53]",3,53
212,2026-01-17T13:20:00.0,2026-01-19T18:57:45.531,"Any[53, 45, 37, 30, 25, 19, 11, 6, 1]",53,1
213,2026-01-17T13:20:00.0,2026-02-02T18:57:45.531,"Any[8, 13, 19, 25, 30, 37, 45, 56]",8,56
222,2026-01-17T13:20:00.0,2026-01-26T18:57:45.531,"Any[45, 37, 30, 25, 19, 14]",45,14
229,2026-01-17T13:20:00.0,2026-01-26T18:57:45.531,"Any[7, 8, 13, 19, 25, 30, 37, 45, 53, 60]",7,60
231,2026-01-17T13:20:00.0,2026-01-12T18:57:45.531,"Any[7, 8, 13, 19, 25, 30, 37, 45, 53]",7,53
238,2026-01-17T13:20:00.0,2026-01-26T18:57:45.531,"Any[3, 6, 11, 25, 30, 37, 45]",3,45
239,2026-01-17T13:20:00.0,2026-02-02T18:57:45.531,"Any[10, 19, 25, 30, 37, 45, 53]",10,53
241,2026-01-17T13:20:00.0,2026-01-19T18:57:45.531,"Any[53, 45, 37, 30, 25]",53,25
242,2026-01-17T13:20:00.0,2026-01-26T18:57:45.531,"Any[7, 8, 13, 19, 25, 30, 37, 45, 53]",7,53
245,2026-01-17T13:20:00.0,2026-01-19T18:57:45.531,"Any[45, 37, 30, 25, 19, 14]",45,14
252,2026-01-17T13:20:00.0,2026-01-19T18:57:45.531,"Any[53, 45, 37, 30, 25]",53,25
264,2026-01-17T13:20:00.0,2026-01-12T18:57:45.531,"Any[8, 13, 19, 25, 30, 37, 45, 56]",8,56
270,2026-01-17T13:20:00.0,2026-01-19T18:57:45.531,"Any[6, 11, 19, 25, 30, 37, 45, 53]",6,53
274,2026-01-17T13:20:00.0,2026-01-26T18:57:45.531,"Any[56, 45, 37, 30, 25]",56,25
277,2026-01-17T13:20:00.0,2026-01-19T18:57:45.531,"Any[10, 19, 25, 30, 37, 45, 53]",10,53
280,2026-01-17T13:20:00.0,2026-02-02T18:57:45.531,"Any[6, 11, 19, 25, 30, 37, 45]",6,45
282,2026-01-17T13:20:00.0,2026-01-19T18:57:45.531,"Any[10, 19, 25, 30, 37, 45, 53]",10,53
284,2026-01-17T13:20:00.0,2026-01-26T18:57:45.531,"Any[8, 13, 19, 25, 30, 37, 45, 56]",8,56
286,2026-01-17T13:20:00.0,2026-01-19T18:57:45.531,"Any[10, 19, 25, 30, 37, 45, 53]",10,53
296,2026-01-17T13:20:00.0,2026-02-02T18:57:45.531,"Any[13, 19, 25, 30, 37, 45, 53]",13,53
300,2026-01-17T13:20:00.0,2026-02-02T18:57:45.531,"Any[19, 25, 30, 37, 45, 56]",19,56
301,2026-01-17T13:20:00.0,2026-01-26T18:57:45.531,"Any[8, 13, 19, 25, 30, 37, 45, 56]",8,56
302,2026-01-17T13:20:00.0,2026-01-12T18:57:45.531,"Any[64, 60, 53, 45, 37, 30, 25, 19, 10]",64,10
311,2026-01-17T13:20:00.0,2026-01-12T18:57:45.531,"Any[45, 37, 30, 25, 19, 10]",45,10
313,2026-01-17T13:20:00.0,2026-02-02T18:57:45.531,"Any[53, 45, 37, 30, 25, 19, 11, 6, 1]",53,1
314,2026-01-17T13:20:00.0,2026-02-02T18:57:45.531,"Any[60, 53, 45, 37, 30, 25]",60,25
320,2026-01-17T13:20:00.0,2026-02-02T18:57:45.531,"Any[64, 60, 56, 45, 37, 30, 25, 19, 11, 6, 6, 1]",64,6
328,2026-01-17T13:20:00.0,2026-01-26T18:57:45.531,"Any[7, 8, 13, 19, 25, 30, 37, 45, 53]",7,53
329,2026-01-17T13:20:00.0,2026-01-12T18:57:45.531,"Any[2, 9, 21, 27, 31, 36, 45, 55]",2,55
330,2026-01-17T13:20:00.0,2026-02-02T18:57:45.531,"Any[60, 56, 45, 37, 30, 25]",60,25
332,2026-01-17T13:20:00.0,2026-01-12T18:57:45.531,"Any[64, 60, 56, 45, 37, 30, 25, 19, 11, 6]",64,6
335,2026-01-17T13:20:00.0,2026-01-26T18:57:45.531,"Any[6, 11, 19, 25, 30, 37, 45]",6,45
342,2026-01-17T13:20:00.0,2026-01-26T18:57:45.531,"Any[64, 60, 53, 45, 37, 30, 25, 19, 10]",64,10
347,2026-01-17T13:20:00.0,2026-01-12T18:57:45.531,"Any[56, 45, 37, 30, 25]",56,25
350,2026-01-17T13:20:00.0,2026-01-12T18:57:45.531,"Any[64, 60, 53, 45, 37, 30, 25, 19, 10]",64,10
354,2026-01-17T13:20:00.0,2026-01-12T18:57:45.531,"Any[53, 45, 37, 30, 25]",53,25
356,2026-01-17T13:20:00.0,2026-01-26T18:57:45.531,"Any[56, 45, 37, 30, 25]",56,25
357,2026-01-17T13:20:00.0,2026-01-19T18:57:45.531,"Any[54, 44, 36, 23, 19, 11, 6]",54,6
369,2026-01-17T13:20:00.0,2026-01-12T18:57:45.531,"Any[60, 53, 45, 37, 30, 25]",60,25
372,2026-01-17T13:20:00.0,2026-01-12T18:57:45.531,"Any[56, 45, 37, 30, 25, 19, 10]",56,10
374,2026-01-17T13:20:00.0,2026-01-19T18:57:45.531,"Any[6, 10, 19, 25, 30, 37, 45]",6,45
376,2026-01-17T13:20:00.0,2026-02-02T18:57:45.531,"Any[53, 45, 37, 30, 25, 19, 13, 8]",53,8
381,2026-01-17T13:20:00.0,2026-02-02T18:57:45.531,"Any[62, 53, 45, 37, 30, 25, 19, 11, 6]",62,6
382,2026-01-17T13:20:00.0,2026-01-12T18:57:45.531,"Any[19, 25, 30, 37, 45, 56, 60]",19,60
387,2026-01-17T13:20:00.0,2026-01-12T18:57:45.531,"Any[3, 6, 11, 19, 25, 30, 37, 45, 56]",3,56
391,2026-01-17T13:20:00.0,2026-01-19T18:57:45.531,"Any[64, 60, 56, 45, 37, 30, 25, 19, 11, 6, 5, 2]",64,2
392,2026-01-17T13:20:00.0,2026-01-12T18:57:45.531,"Any[17, 25, 30, 37, 45, 56]",17,56
397,2026-01-17T13:20:00.0,2026-01-12T18:57:45.531,"Any[1, 6, 11, 19, 25, 30, 37, 45, 56]",1,56
401,2026-01-17T13:20:00.0,2026-01-19T18:57:45.531,"Any[53, 45, 37, 30, 25, 19, 13, 8]",53,8
403,2026-01-17T13:20:00.0,2026-01-19T18:57:45.531,"Any[6, 11, 16, 25, 30, 37, 45]",6,45
406,2026-01-17T13:20:00.0,2026-01-26T18:57:45.531,"Any[8, 13, 19, 25, 30, 37, 45, 56]",8,56
408,2026-01-17T13:20:00.0,2026-01-26T18:57:45.531,"Any[62, 45, 37, 30, 25, 19, 14, 13, 14]",62,14
409,2026-01-17T13:20:00.0,2026-01-12T18:57:45.531,"Any[7, 8, 13, 19, 25, 30, 37, 45, 53, 60]",7,60
410,2026-01-17T13:20:00.0,2026-01-12T18:57:45.531,"Any[60, 56, 45, 37, 30, 25]",60,25
416,2026-01-17T13:20:00.0,2026-01-12T18:57:45.531,"Any[19, 25, 30, 37, 45, 56]",19,56
419,2026-01-17T13:20:00.0,2026-01-12T18:57:45.531,"Any[8, 13, 19, 25, 30, 37, 45, 56]",8,56
423,2026-01-17T13:20:00.0,2026-02-02T18:57:45.531,"Any[56, 45, 37, 30, 25, 19, 11, 6]",56,6
425,2026-01-17T13:20:00.0,2026-01-19T18:57:45.531,"Any[3, 10, 19, 25, 30, 37, 45, 53]",3,53
426,2026-01-17T13:20:00.0,2026-02-02T18:57:45.531,"Any[60, 56, 45, 37, 30, 25, 19, 13, 8]",60,8
427,2026-01-17T13:20:00.0,2026-01-12T18:57:45.531,"Any[56, 45, 37, 30, 25, 19, 11, 6]",56,6
431,2026-01-17T13:20:00.0,2026-02-02T18:57:45.531,"Any[19, 25, 30, 37, 45, 56]",19,56
436,2026-01-17T13:20:00.0,2026-01-12T18:57:45.531,"Any[8, 13, 19, 25, 30, 37, 45, 56]",8,56
447,2026-01-17T13:20:00.0,2026-01-26T18:57:45.531,"Any[53, 45, 37, 30, 25, 19, 13, 8]",53,8
448,2026-01-17T13:20:00.0,2026-01-19T18:57:45.531,"Any[53, 45, 37, 30, 25, 19, 13, 8]",53,8
459,2026-01-17T13:20:00.0,2026-02-02T18:57:45.531,"Any[6, 11, 19, 25, 30, 37, 45]",6,45
460,2026-01-17T13:20:00.0,2026-01-19T18:57:45.531,"Any[10, 19, 25, 30, 37, 45, 53]",10,53
461,2026-01-17T13:20:00.0,2026-01-26T18:57:45.531,"Any[54, 44, 36, 23, 19, 13, 8]",54,8
466,2026-01-17T13:20:00.0,2026-01-26T18:57:45.531,"Any[64, 60, 53, 45, 37, 30, 25, 19, 10]",64,10
467,2026-01-17T13:20:00.0,2026-02-02T18:57:45.531,"Any[56, 45, 37, 30, 25, 19, 11, 6]",56,6
468,2026-01-17T13:20:00.0,2026-01-19T18:57:45.531,"Any[64, 60, 53, 45, 37, 30, 25, 19, 10]",64,10
470,2026-01-17T13:20:00.0,2026-02-02T18:57:45.531,"Any[64, 60, 53, 45, 37, 30, 25, 19, 10]",64,10
477,2026-01-17T13:20:00.0,2026-01-19T18:57:45.531,"Any[10, 19, 25, 30, 37, 45, 53]",10,53
478,2026-01-17T13:20:00.0,2026-01-12T18:57:45.531,"Any[6, 11, 19, 25, 30, 37, 45, 53]",6,53
482,2026-01-17T13:20:00.0,2026-02-02T18:57:45.531,"Any[19, 25, 30, 37, 45, 56]",19,56
485,2026-01-17T13:20:00.0,2026-02-02T18:57:45.531,"Any[6, 11, 19, 25, 30, 37, 45]",6,45
492,2026-01-17T13:20:00.0,2026-02-02T18:57:45.531,"Any[60, 56, 45, 37, 30, 25, 19, 17, 19, 11, 6]",60,6
501,2026-01-17T13:20:00.0,2026-01-19T18:57:45.531,"Any[60, 56, 45, 37, 30, 25, 19, 13, 8]",60,8
518,2026-01-17T13:20:00.0,2026-01-12T18:57:45.531,"Any[10, 11, 19, 25, 30, 37, 45, 53]",10,53
523,2026-01-17T13:20:00.0,2026-01-19T18:57:45.531,"Any[53, 45, 37, 30, 25, 19, 13, 8]",53,8
525,2026-01-17T13:20:00.0,2026-01-19T18:57:45.531,"Any[6, 11, 19, 25, 30, 37, 45, 53]",6,53
534,2026-01-17T13:20:00.0,2026-01-12T18:57:45.531,"Any[6, 11, 19, 25, 30, 37, 45]",6,45
538,2026-01-17T13:20:00.0,2026-02-02T18:57:45.531,"Any[3, 10, 19, 25, 30, 37, 45, 53]",3,53
546,2026-01-17T13:20:00.0,2026-01-26T18:57:45.531,"Any[6, 11, 19, 25, 30, 37, 45]",6,45
547,2026-01-17T13:20:00.0,2026-02-02T18:57:45.531,"Any[1, 6, 11, 19, 25, 30, 37, 45, 56]",1,56
550,2026-01-17T13:20:00.0,2026-01-19T18:57:45.531,"Any[61, 53, 45, 37, 30, 25, 19, 11, 6]",61,6
555,2026-01-17T13:20:00.0,2026-02-02T18:57:45.531,"Any[60, 53, 45, 37, 30, 25]",60,25
558,2026-01-17T13:20:00.0,2026-01-26T18:57:45.531,"Any[8, 13, 19, 25, 30, 37, 45, 56]",8,56
559,2026-01-17T13:20:00.0,2026-01-26T18:57:45.531,"Any[3, 10, 19, 25, 30, 37, 45, 53, 60]",3,60
570,2026-01-17T13:20:00.0,2026-01-12T18:57:45.531,"Any[56, 45, 37, 30, 25, 19, 11, 6]",56,6
574,2026-01-17T13:20:00.0,2026-02-02T18:57:45.531,"Any[53, 45, 37, 30, 25, 19, 11, 6, 1]",53,1
576,2026-01-17T13:20:00.0,2026-01-12T18:57:45.531,"Any[53, 45, 37, 30, 25, 19, 11, 6, 1]",53,1
577,2026-01-17T13:20:00.0,2026-01-12T18:57:45.531,"Any[1, 6, 11, 19, 25, 30, 37, 45, 56]",1,56
585,2026-01-17T13:20:00.0,2026-01-12T18:57:45.531,"Any[64, 60, 53, 45, 37, 30, 25, 19, 11, 6, 1]",64,1
592,2026-01-17T13:20:00.0,2026-01-26T18:57:45.531,"Any[8, 13, 19, 25, 30, 37, 45]",8,45
597,2026-01-17T13:20:00.0,2026-01-26T18:57:45.531,"Any[64, 60, 56, 45, 37, 30, 25, 19, 11, 6, 1]",64,1
599,2026-01-17T13:20:00.0,2026-02-02T18:57:45.531,"Any[56, 45, 37, 30, 25, 19, 11, 6]",56,6
604,2026-01-17T13:20:00.0,2026-01-12T18:57:45.531,"Any[10, 19, 25, 30, 37, 45, 53]",10,53
619,2026-01-17T13:20:00.0,2026-01-26T18:57:45.531,"Any[1, 6, 11, 19, 25, 30, 37, 45, 56]",1,56
621,2026-01-17T13:20:00.0,2026-02-02T18:57:45.531,"Any[1, 6, 11, 19, 25, 30, 37, 45, 56]",1,56
622,2026-01-17T13:20:00.0,2026-02-02T18:57:45.531,"Any[53, 45, 37, 30, 25, 19, 11, 6, 1]",53,1
624,2026-01-17T13:20:00.0,2026-02-02T18:57:45.531,"Any[5, 6, 11, 25, 30, 37, 45, 56]",5,56
635,2026-01-17T13:20:00.0,2026-01-12T18:57:45.531,"Any[56, 45, 37, 30, 25]",56,25
636,2026-01-17T13:20:00.0,2026-01-12T18:57:45.531,"Any[64, 60, 53, 45, 37, 30, 25, 19, 11, 6, 1]",64,1
640,2026-01-17T13:20:00.0,2026-01-26T18:57:45.531,"Any[19, 25, 30, 37, 45, 56]",19,56
651,2026-01-17T13:20:00.0,2026-02-02T18:57:45.531,"Any[64, 60, 56, 45, 37, 30, 25, 19, 13, 8]",64,8
652,2026-01-17T13:20:00.0,2026-01-19T18:57:45.531,"Any[7, 8, 13, 19, 25, 30, 37, 45, 53]",7,53
656,2026-01-17T13:20:00.0,2026-01-19T18:57:45.531,"Any[19, 25, 30, 37, 45, 56]",19,56
661,2026-01-17T13:20:00.0,2026-01-26T18:57:45.531,"Any[3, 10, 19, 25, 30, 37, 45, 53]",3,53
663,2026-01-17T13:20:00.0,2026-01-26T18:57:45.531,"Any[64, 53, 45, 37, 30, 25, 19, 10]",64,10
667,2026-01-17T13:20:00.0,2026-01-26T18:57:45.531,"Any[10, 19, 25, 30, 37, 45, 53]",10,53
671,2026-01-17T13:20:00.0,2026-01-26T18:57:45.531,"Any[60, 56, 45, 37, 30, 25, 19, 11, 10]",60,10
673,2026-01-17T13:20:00.0,2026-02-02T18:57:45.531,"Any[45, 37, 30, 25, 19, 11, 6, 1]",45,1
674,2026-01-17T13:20:00.0,2026-02-02T18:57:45.531,"Any[60, 53, 45, 37, 30, 25, 19, 11, 6]",60,6
687,2026-01-17T13:20:00.0,2026-01-12T18:57:45.531,"Any[6, 11, 19, 25, 30, 37, 45]",6,45
688,2026-01-17T13:20:00.0,2026-02-02T18:57:45.531,"Any[45, 37, 30, 25]",45,25
693,2026-01-17T13:20:00.0,2026-01-26T18:57:45.531,"Any[1, 6, 11, 19, 23, 36, 44, 54, 60]",1,60
699,2026-01-17T13:20:00.0,2026-02-02T18:57:45.531,"Any[6, 11, 19, 25, 30, 37, 45]",6,45
709,2026-01-17T13:20:00.0,2026-01-26T18:57:45.531,"Any[56, 45, 37, 30, 25]",56,25
711,2026-01-17T13:20:00.0,2026-01-12T18:57:45.531,"Any[64, 60, 53, 45, 37, 30, 25, 19, 11, 6, 1]",64,1
712,2026-01-17T13:20:00.0,2026-01-12T18:57:45.531,"Any[1, 6, 11, 19, 25, 30, 37, 45, 53, 60]",1,60
723,2026-01-17T13:20:00.0,2026-01-19T18:57:45.531,"Any[10, 19, 25, 30, 37, 45, 53]",10,53
726,2026-01-17T13:20:00.0,2026-01-19T18:57:45.531,"Any[53, 45, 37, 30, 25, 19, 11, 6, 1]",53,1
729,2026-01-17T13:20:00.0,2026-02-02T18:57:45.531,"Any[64, 56, 45, 37, 30, 25, 19, 11, 6]",64,6
735,2026-01-17T13:20:00.0,2026-02-02T18:57:45.531,"Any[60, 56, 45, 37, 30, 25, 19, 13, 8]",60,8
737,2026-01-17T13:20:00.0,2026-01-26T18:57:45.531,"Any[1, 6, 11, 19, 25, 30, 37, 45, 56, 60]",1,60
739,2026-01-17T13:20:00.0,2026-02-02T18:57:45.531,"Any[10, 11, 19, 25, 30, 37, 45, 53]",10,53
740,2026-01-17T13:20:00.0,2026-02-02T18:57:45.531,"Any[60, 56, 45, 37, 30, 25]",60,25
741,2026-01-17T13:20:00.0,2026-01-26T18:57:45.531,"Any[3, 10, 19, 25, 30, 37, 45, 53]",3,53
750,2026-01-17T13:20:00.0,2026-01-12T18:57:45.531,"Any[53, 45, 37, 30, 25, 19, 13, 8]",53,8
756,2026-01-17T13:20:00.0,2026-01-26T18:57:45.531,"Any[1, 6, 11, 19, 25, 30, 37, 45, 53, 60]",1,60
783,2026-01-17T13:20:00.0,2026-01-19T18:57:45.531,"Any[45, 37, 30, 25]",45,25
793,2026-01-17T13:20:00.0,2026-01-12T18:57:45.531,"Any[7, 8, 13, 19, 25, 30, 37, 45, 53]",7,53
795,2026-01-17T13:20:00.0,2026-01-19T18:57:45.531,"Any[19, 25, 30, 37, 45, 56]",19,56
797,2026-01-17T13:20:00.0,2026-02-02T18:57:45.531,"Any[60, 53, 45, 37, 30, 25]",60,25
799,2026-01-17T13:20:00.0,2026-01-12T18:57:45.531,"Any[56, 45, 37, 30, 25]",56,25
800,2026-01-17T13:20:00.0,2026-01-12T18:57:45.531,"Any[8, 13, 19, 25, 30, 37, 45, 56]",8,56
802,2026-01-17T13:20:00.0,2026-01-12T18:57:45.531,"Any[1, 6, 11, 19, 25, 30, 37, 45, 56]",1,56
804,2026-01-17T13:20:00.0,2026-01-26T18:57:45.531,"Any[8, 13, 19, 25, 30, 37, 45, 56]",8,56
806,2026-01-17T13:20:00.0,2026-02-02T18:57:45.531,"Any[6, 11, 19, 25, 30, 37, 45]",6,45
817,2026-01-17T13:20:00.0,2026-01-12T18:57:45.531,"Any[17, 16, 25, 30, 37, 45, 53]",17,53
819,2026-01-17T13:20:00.0,2026-01-12T18:57:45.531,"Any[62, 45, 37, 30, 25, 19]",62,19
820,2026-01-17T13:20:00.0,2026-02-02T18:57:45.531,"Any[60, 56, 45, 37, 30, 25, 19, 13, 8]",60,8
821,2026-01-17T13:20:00.0,2026-01-19T18:57:45.531,"Any[45, 37, 30, 25]",45,25
822,2026-01-17T13:20:00.0,2026-01-19T18:57:45.531,"Any[6, 11, 19, 25, 30, 37, 45, 53]",6,53
823,2026-01-17T13:20:00.0,2026-01-12T18:57:45.531,"Any[6, 11, 16, 25, 30, 37, 45]",6,45
837,2026-01-17T13:20:00.0,2026-01-26T18:57:45.531,"Any[1, 6, 11, 19, 23, 36, 44, 54, 60]",1,60
838,2026-01-17T13:20:00.0,2026-01-19T18:57:45.531,"Any[64, 60, 53, 45, 37, 30, 25, 19, 13, 8]",64,8
843,2026-01-17T13:20:00.0,2026-01-12T18:57:45.531,"Any[6, 11, 19, 25, 30, 37, 45, 53]",6,53
852,2026-01-17T13:20:00.0,2026-01-19T18:57:45.531,"Any[8, 13, 19, 25, 30, 37, 45, 56]",8,56
853,2026-01-17T13:20:00.0,2026-01-12T18:57:45.531,"Any[53, 45, 37, 30, 25, 19, 11, 6, 1]",53,1
866,2026-01-17T13:20:00.0,2026-01-12T18:57:45.531,"Any[53, 45, 37, 30, 25, 19, 13, 8]",53,8
872,2026-01-17T13:20:00.0,2026-01-12T18:57:45.531,"Any[53, 45, 37, 30, 25, 19, 11, 6, 1]",53,1
875,2026-01-17T13:20:00.0,2026-01-26T18:57:45.531,"Any[19, 25, 30, 37, 45, 56, 55, 56]",19,56
881,2026-01-17T13:20:00.0,2026-01-12T18:57:45.531,"Any[53, 45, 37, 30, 25, 19, 11, 6, 1]",53,1
891,2026-01-17T13:20:00.0,2026-01-19T18:57:45.531,"Any[8, 13, 19, 25, 30, 37, 45, 56]",8,56
899,2026-01-17T13:20:00.0,2026-02-02T18:57:45.531,"Any[60, 56, 45, 37, 30, 25]",60,25
919,2026-01-17T13:20:00.0,2026-01-19T18:57:45.531,"Any[6, 11, 19, 25, 30, 37, 45]",6,45
921,2026-01-17T13:20:00.0,2026-01-19T18:57:45.531,"Any[60, 56, 45, 37, 30, 25, 19, 10]",60,10
932,2026-01-17T13:20:00.0,2026-01-19T18:57:45.531,"Any[56, 45, 37, 30, 25]",56,25
937,2026-01-17T13:20:00.0,2026-01-19T18:57:45.531,"Any[53, 45, 37, 30, 25, 19]",53,19
940,2026-01-17T13:20:00.0,2026-02-02T18:57:45.531,"Any[56, 45, 37, 30, 25, 19, 11, 6]",56,6
941,2026-01-17T13:20:00.0,2026-01-19T18:57:45.531,"Any[6, 11, 19, 25, 30, 37, 45]",6,45
949,2026-01-17T13:20:00.0,2026-01-19T18:57:45.531,"Any[53, 45, 37, 30, 25]",53,25
956,2026-01-17T13:20:00.0,2026-01-12T18:57:45.531,"Any[64, 60, 56, 45, 37, 30, 25, 19, 11, 6]",64,6
962,2026-01-17T13:20:00.0,2026-01-12T18:57:45.531,"Any[53, 45, 37, 30, 25, 19, 11, 6, 1]",53,1
963,2026-01-17T13:20:00.0,2026-01-19T18:57:45.531,"Any[19, 25, 30, 37, 45, 56]",19,56
972,2026-01-17T13:20:00.0,2026-01-19T18:57:45.531,"Any[1, 6, 11, 19, 25, 30, 37, 45, 56]",1,56
980,2026-01-17T13:20:00.0,2026-01-12T18:57:45.531,"Any[3, 6, 11, 19, 25, 30, 37, 45, 56]",3,56
990,2026-01-17T13:20:00.0,2026-01-12T18:57:45.531,"Any[1, 6, 11, 19, 25, 30, 37, 45, 56]",1,56
991,2026-01-17T13:20:00.0,2026-01-19T18:57:45.531,"Any[60, 56, 45, 37, 30, 25, 19, 11, 6]",60,6
992,2026-01-17T13:20:00.0,2026-01-12T18:57:45.531,"Any[53, 45, 37, 30, 25]",53,25
996,2026-01-17T13:20:00.0,2026-01-12T18:57:45.531,"Any[13, 25, 30, 37, 45, 56]",13,56
1007,2026-01-17T13:20:00.0,2026-02-02T18:57:45.531,"Any[60, 56, 45, 37, 30, 25, 19, 13, 8]",60,8
1008,2026-01-17T13:20:00.0,2026-02-02T18:57:45.531,"Any[3, 10, 19, 25, 30, 37, 45, 53]",3,53
1010,2026-01-17T13:20:00.0,2026-02-02T18:57:45.531,"Any[64, 53, 45, 37, 30, 25, 19, 11, 6, 1]",64,1
1013,2026-01-17T13:20:00.0,2026-02-02T18:57:45.531,"Any[45, 37, 30, 25]",45,25
1020,2026-01-17T13:20:00.0,2026-01-19T18:57:45.531,"Any[13, 19, 25, 30, 37, 45, 56]",13,56
1023,2026-01-17T13:20:00.0,2026-01-26T18:57:45.531,"Any[56, 45, 37, 30, 25, 19, 11, 6]",56,6
1030,2026-01-17T13:20:00.0,2026-01-12T18:57:45.531,"Any[1, 6, 11, 19, 25, 30, 37, 45, 56]",1,56
1036,2026-01-17T13:20:00.0,2026-01-12T18:57:45.531,"Any[53, 45, 37, 30, 25, 19, 13, 8]",53,8
1039,2026-01-17T13:20:00.0,2026-02-02T18:57:45.531,"Any[64, 60, 53, 45, 37, 30, 25, 19, 10]",64,10
1054,2026-01-17T13:20:00.0,2026-01-19T18:57:45.531,"Any[8, 13, 19, 25, 30, 37, 45, 56]",8,56
1060,2026-01-17T13:20:00.0,2026-01-26T18:57:45.531,"Any[6, 11, 19, 25, 30, 37, 45]",6,45
1067,2026-01-17T13:20:00.0,2026-02-02T18:57:45.531,"Any[6, 11, 19, 25, 30, 37, 45]",6,45
1076,2026-01-17T13:20:00.0,2026-01-26T18:57:45.531,"Any[10, 19, 25, 30, 37, 45, 53]",10,53
1086,2026-01-17T13:20:00.0,2026-01-12T18:57:45.531,"Any[16, 17, 25, 30, 37, 45, 53]",16,53
1090,2026-01-17T13:20:00.0,2026-01-19T18:57:45.531,"Any[8, 13, 19, 25, 30, 37, 45, 56]",8,56
1091,2026-01-17T13:20:00.0,2026-01-12T18:57:45.531,"Any[19, 25, 30, 37, 45, 56]",19,56
1102,2026-01-17T13:20:00.0,2026-01-19T18:57:45.531,"Any[64, 60, 53, 45, 37, 30, 25, 19, 11, 6, 1]",64,1
1103,2026-01-17T13:20:00.0,2026-01-26T18:57:45.531,"Any[13, 19, 25, 30, 37, 45, 56]",13,56
1112,2026-01-17T13:20:00.0,2026-01-26T18:57:45.531,"Any[3, 10, 11, 19, 25, 30, 37, 45]",3,45
1126,2026-01-17T13:20:00.0,2026-02-02T18:57:45.531,"Any[1, 6, 11, 19, 25, 30, 37, 45, 56]",1,56
1128,2026-01-17T13:20:00.0,2026-01-12T18:57:45.531,"Any[10, 19, 25, 30, 37, 45, 53]",10,53
1129,2026-01-17T13:20:00.0,2026-01-12T18:57:45.531,"Any[17, 16, 17, 25, 30, 37, 45, 53]",17,53
1133,2026-01-17T13:20:00.0,2026-01-19T18:57:45.531,"Any[6, 11, 19, 25, 30, 37, 45, 53]",6,53
1135,2026-01-17T13:20:00.0,2026-01-12T18:57:45.531,"Any[6, 11, 19, 25, 30, 37, 45]",6,45
1139,2026-01-17T13:20:00.0,2026-02-02T18:57:45.531,"Any[1, 6, 11, 16, 25, 30, 37, 45, 56]",1,56
1142,2026-01-17T13:20:00.0,2026-01-12T18:57:45.531,"Any[1, 6, 11, 19, 25, 30, 37, 45, 56]",1,56
1153,2026-01-17T13:20:00.0,2026-01-12T18:57:45.531,"Any[53, 45, 37, 30, 25, 19, 13, 8]",53,8
1155,2026-01-17T13:20:00.0,2026-01-19T18:57:45.531,"Any[64, 53, 45, 37, 30, 25, 19, 13, 8]",64,8
1163,2026-01-17T13:20:00.0,2026-02-02T18:57:45.531,"Any[60, 53, 45, 37, 30, 25, 19, 13, 8]",60,8
1166,2026-01-17T13:20:00.0,2026-01-19T18:57:45.531,"Any[1, 6, 11, 19, 25, 30, 37, 45, 56]",1,56
1173,2026-01-17T13:20:00.0,2026-01-12T18:57:45.531,"Any[60, 53, 45, 37, 30, 25, 19, 13, 8]",60,8
1190,2026-01-17T13:20:00.0,2026-01-19T18:57:45.531,"Any[56, 45, 37, 30, 25, 19, 11, 6, 6, 5, 1, 1]",56,6
1191,2026-01-17T13:20:00.0,2026-02-02T18:57:45.531,"Any[53, 45, 37, 30, 25, 19, 11, 6, 1]",53,1
1195,2026-01-17T13:20:00.0,2026-01-12T18:57:45.531,"Any[53, 45, 37, 30, 25, 19, 11, 6, 1]",53,1
1200,2026-01-17T13:20:00.0,2026-01-12T18:57:45.531,"Any[19, 25, 30, 37, 45, 56, 60]",19,60
1203,2026-01-17T13:20:00.0,2026-02-02T18:57:45.531,"Any[60, 56, 45, 37, 30, 25, 19, 11, 6]",60,6
1207,2026-01-17T13:20:00.0,2026-01-12T18:57:45.531,"Any[6, 11, 19, 25, 30, 37, 45]",6,45
1216,2026-01-17T13:20:00.0,2026-02-02T18:57:45.531,"Any[54, 44, 36, 23, 19, 11, 6]",54,6
1218,2026-01-17T13:20:00.0,2026-01-12T18:57:45.531,"Any[19, 25, 30, 37, 45, 56]",19,56
1225,2026-01-17T13:20:00.0,2026-01-26T18:57:45.531,"Any[56, 45, 37, 30, 25]",56,25
1229,2026-01-17T13:20:00.0,2026-01-19T18:57:45.531,"Any[19, 25, 30, 37, 45, 56]",19,56
1231,2026-01-17T13:20:00.0,2026-02-02T18:57:45.531,"Any[64, 60, 53, 45, 37, 30, 25, 19, 10]",64,10
1235,2026-01-17T13:20:00.0,2026-01-19T18:57:45.531,"Any[64, 53, 45, 37, 30, 25, 19, 13, 8]",64,8
1238,2026-01-17T13:20:00.0,2026-01-12T18:57:45.531,"Any[64, 60, 53, 45, 37, 30, 25, 19, 13, 8]",64,8
1240,2026-01-17T13:20:00.0,2026-01-26T18:57:45.531,"Any[53, 45, 37, 30, 25, 19, 11, 6, 1]",53,1
1243,2026-01-17T13:20:00.0,2026-01-26T18:57:45.531,"Any[53, 45, 37, 30, 25]",53,25
1244,2026-01-17T13:20:00.0,2026-01-12T18:57:45.531,"Any[1, 6, 11, 19, 25, 30, 37, 45, 56]",1,56
1251,2026-01-17T13:20:00.0,2026-02-02T18:57:45.531,"Any[60, 53, 45, 37, 30, 25, 19, 10]",60,10
1253,2026-01-17T13:20:00.0,2026-01-12T18:57:45.531,"Any[53, 45, 37, 30, 25]",53,25
1261,2026-01-17T13:20:00.0,2026-02-02T18:57:45.531,"Any[8, 13, 19, 25, 30, 37, 45, 56]",8,56
1269,2026-01-17T13:20:00.0,2026-01-26T18:57:45.531,"Any[10, 19, 25, 30, 37, 45, 53]",10,53
1270,2026-01-17T13:20:00.0,2026-01-19T18:57:45.531,"Any[3, 6, 11, 16, 25, 30, 37, 45, 56]",3,56
1273,2026-01-17T13:20:00.0,2026-02-02T18:57:45.531,"Any[10, 19, 25, 30, 37, 45, 53]",10,53
1281,2026-01-17T13:20:00.0,2026-02-02T18:57:45.531,"Any[60, 53, 45, 37, 30, 25, 19, 13, 8]",60,8
1286,2026-01-17T13:20:00.0,2026-02-02T18:57:45.531,"Any[1, 6, 11, 19, 25, 30, 37, 45, 56]",1,56
1288,2026-01-17T13:20:00.0,2026-01-26T18:57:45.531,"Any[64, 60, 56, 45, 37, 30, 25, 19, 11, 6]",64,6
1301,2026-01-17T13:20:00.0,2026-01-26T18:57:45.531,"Any[53, 45, 37, 30, 25, 19, 11, 6, 1]",53,1
1303,2026-01-17T13:20:00.0,2026-02-02T18:57:45.531,"Any[53, 45, 37, 30, 25, 19, 11, 6, 1]",53,1
1304,2026-01-17T13:20:00.0,2026-01-12T18:57:45.531,"Any[60, 56, 45, 37, 30, 25, 19, 11, 10]",60,10
1306,2026-01-17T13:20:00.0,2026-01-26T18:57:45.531,"Any[53, 45, 37, 30, 25, 19, 11, 6, 1]",53,1
1315,2026-01-17T13:20:00.0,2026-01-19T18:57:45.531,"Any[19, 25, 30, 37, 45, 56]",19,56
1316,2026-01-17T13:20:00.0,2026-01-19T18:57:45.531,"Any[53, 45, 37, 30, 25, 19, 11, 6, 1]",53,1
1326,2026-01-17T13:20:00.0,2026-01-12T18:57:45.531,"Any[60, 53, 45, 37, 30, 25, 19, 13, 8]",60,8
1334,2026-01-17T13:20:00.0,2026-01-12T18:57:45.531,"Any[7, 8, 13, 19, 25, 30, 37, 45, 53, 60]",7,60
1335,2026-01-17T13:20:00.0,2026-01-19T18:57:45.531,"Any[56, 45, 37, 30, 25, 19, 10]",56,10
1343,2026-01-17T13:20:00.0,2026-02-02T18:57:45.531,"Any[60, 56, 45, 37, 30, 25, 19, 11, 6]",60,6
1345,2026-01-17T13:20:00.0,2026-02-02T18:57:45.531,"Any[64, 60, 56, 45, 37, 30, 25, 19, 13, 8]",64,8
1355,2026-01-17T13:20:00.0,2026-01-12T18:57:45.531,"Any[53, 45, 37, 25, 19, 13, 8]",53,8
1356,2026-01-17T13:20:00.0,2026-01-26T18:57:45.531,"Any[10, 19, 25, 30, 37, 45, 53]",10,53
1358,2026-01-17T13:20:00.0,2026-02-02T18:57:45.531,"Any[10, 19, 25, 30, 37, 45, 53]",10,53
1363,2026-01-17T13:20:00.0,2026-01-12T18:57:45.531,"Any[56, 45, 37, 30, 25, 19, 11, 6]",56,6
1366,2026-01-17T13:20:00.0,2026-02-02T18:57:45.531,"Any[1, 6, 11, 19, 25, 30, 37, 45, 56]",1,56
1387,2026-01-17T13:20:00.0,2026-02-02T18:57:45.531,"Any[45, 37, 30, 25, 19, 17, 10]",45,10
1392,2026-01-17T13:20:00.0,2026-01-12T18:57:45.531,"Any[54, 44, 36, 23, 19, 11, 6]",54,6
1397,2026-01-17T13:20:00.0,2026-02-02T18:57:45.531,"Any[60, 53, 45, 37, 30, 25, 19, 13, 8]",60,8
1400,2026-01-17T13:20:00.0,2026-02-02T18:57:45.531,"Any[19, 25, 30, 37, 45, 56]",19,56
1404,2026-01-17T13:20:00.0,2026-01-19T18:57:45.531,"Any[19, 25, 30, 37, 45, 53, 60]",19,60
1405,2026-01-17T13:20:00.0,2026-01-19T18:57:45.531,"Any[56, 45, 37, 30, 25, 19, 11, 6, 6, 1]",56,6
1407,2026-01-17T13:20:00.0,2026-02-02T18:57:45.531,"Any[8, 13, 19, 25, 30, 37, 45, 56]",8,56
1408,2026-01-17T13:20:00.0,2026-02-02T18:57:45.531,"Any[64, 60, 56, 45, 37, 30, 25, 19, 11, 10]",64,10
1413,2026-01-17T13:20:00.0,2026-01-19T18:57:45.531,"Any[64, 60, 53, 45, 37, 30, 25, 19, 11, 6, 1]",64,1
1422,2026-01-17T13:20:00.0,2026-01-19T18:57:45.531,"Any[64, 60, 56, 45, 37, 30, 25, 19, 13, 8, 7, 8]",64,8
1424,2026-01-17T13:20:00.0,2026-01-26T18:57:45.531,"Any[56, 45, 37, 30, 25]",56,25
1428,2026-01-17T13:20:00.0,2026-01-12T18:57:45.531,"Any[60, 53, 45, 37, 30, 25]",60,25
1432,2026-01-17T13:20:00.0,2026-02-02T18:57:45.531,"Any[53, 45, 37, 30, 25, 19, 11, 6, 1]",53,1
1434,2026-01-17T13:20:00.0,2026-01-12T18:57:45.531,"Any[6, 11, 19, 25, 30, 37, 45, 53]",6,53
1435,2026-01-17T13:20:00.0,2026-01-12T18:57:45.531,"Any[53, 45, 37, 30, 25]",53,25
1444,2026-01-17T13:20:00.0,2026-01-26T18:57:45.531,"Any[8, 13, 19, 25, 30, 37, 45, 53, 62]",8,62
1448,2026-01-17T13:20:00.0,2026-01-12T18:57:45.531,"Any[45, 37, 30, 25]",45,25
1453,2026-01-17T13:20:00.0,2026-01-12T18:57:45.531,"Any[54, 44, 36, 23, 19, 13, 8]",54,8
1455,2026-01-17T13:20:00.0,2026-01-26T18:57:45.531,"Any[1, 6, 11, 16, 25, 30, 37, 45, 56]",1,56
1461,2026-01-17T13:20:00.0,2026-01-26T18:57:45.531,"Any[60, 53, 45, 37, 30, 25]",60,25
1463,2026-01-17T13:20:00.0,2026-01-26T18:57:45.531,"Any[8, 13, 19, 25, 30, 37, 45, 56]",8,56
1467,2026-01-17T13:20:00.0,2026-02-02T18:57:45.531,"Any[8, 13, 19, 25, 30, 37, 45, 56]",8,56
1468,2026-01-17T13:20:00.0,2026-01-12T18:57:45.531,"Any[64, 60, 56, 45, 37, 30, 25, 19, 11, 6]",64,6
1474,2026-01-17T13:20:00.0,2026-02-02T18:57:45.531,"Any[62, 53, 45, 37, 30, 25, 19, 11, 6, 1]",62,1
1478,2026-01-17T13:20:00.0,2026-02-02T18:57:45.531,"Any[1, 6, 11, 19, 23, 36, 44, 54, 60]",1,60
1482,2026-01-17T13:20:00.0,2026-01-12T18:57:45.531,"Any[53, 45, 37, 30, 25]",53,25
1490,2026-01-17T13:20:00.0,2026-01-12T18:57:45.531,"Any[1, 6, 11, 19, 23, 36, 44, 54, 60]",1,60
1495,2026-01-17T13:20:00.0,2026-02-02T18:57:45.531,"Any[8, 13, 19, 25, 30, 37, 45, 56]",8,56
1496,2026-01-17T13:20:00.0,2026-01-12T18:57:45.531,"Any[3, 10, 19, 25, 30, 37, 45, 53]",3,53
1497,2026-01-17T13:20:00.0,2026-01-26T18:57:45.531,"Any[8, 13, 19, 25, 30, 37, 45, 56]",8,56
1505,2026-01-17T13:20:00.0,2026-02-02T18:57:45.531,"Any[6, 11, 16, 25, 30, 37, 45]",6,45
1507,2026-01-17T13:20:00.0,2026-01-26T18:57:45.531,"Any[60, 53, 45, 37, 30, 25, 19, 10]",60,10
1517,2026-01-17T13:20:00.0,2026-02-02T18:57:45.531,"Any[6, 11, 19, 25, 30, 37, 45]",6,45
1518,2026-01-17T13:20:00.0,2026-01-12T18:57:45.531,"Any[16, 17, 25, 30, 37, 45, 53]",16,53
1521,2026-01-17T13:20:00.0,2026-01-26T18:57:45.531,"Any[7, 8, 13, 19, 25, 30, 37, 45, 53]",7,53
1526,2026-01-17T13:20:00.0,2026-02-02T18:57:45.531,"Any[19, 17, 25, 30, 37, 45, 53, 60]",19,60
1529,2026-01-17T13:20:00.0,2026-02-02T18:57:45.531,"Any[53, 45, 37, 30, 25, 19, 11, 6, 1]",53,1
1542,2026-01-17T13:20:00.0,2026-01-26T18:57:45.531,"Any[64, 60, 53, 45, 37, 30, 25, 19, 10]",64,10
1543,2026-01-17T13:20:00.0,2026-01-12T18:57:45.531,"Any[19, 25, 30, 37, 45, 56, 60]",19,60
1544,2026-01-17T13:20:00.0,2026-02-02T18:57:45.531,"Any[53, 45, 37, 30, 25, 19, 11, 6, 1]",53,1
1552,2026-01-17T13:20:00.0,2026-02-02T18:57:45.531,"Any[6, 11, 19, 25, 30, 37, 45]",6,45
1555,2026-01-17T13:20:00.0,2026-02-02T18:57:45.531,"Any[60, 56, 45, 37, 30, 25, 19, 11, 6]",60,6
1563,2026-01-17T13:20:00.0,2026-01-26T18:57:45.531,"Any[1, 6, 11, 19, 25, 30, 37, 45, 56]",1,56
1569,2026-01-17T13:20:00.0,2026-01-26T18:57:45.531,"Any[53, 45, 37, 30, 25, 19, 13, 8]",53,8
1573,2026-01-17T13:20:00.0,2026-02-02T18:57:45.531,"Any[54, 44, 36, 23, 19, 11, 6]",54,6
1574,2026-01-17T13:20:00.0,2026-01-26T18:57:45.531,"Any[60, 56, 45, 37, 30, 25]",60,25
1585,2026-01-17T13:20:00.0,2026-02-02T18:57:45.531,"Any[56, 45, 37, 30, 25]",56,25
1591,2026-01-17T13:20:00.0,2026-01-12T18:57:45.531,"Any[53, 45, 37, 30, 25, 19, 13, 8]",53,8
1594,2026-01-17T13:20:00.0,2026-01-26T18:57:45.531,"Any[60, 53, 45, 37, 30, 25, 19, 10]",60,10
1599,2026-01-17T13:20:00.0,2026-01-26T18:57:45.531,"Any[60, 53, 45, 37, 30, 25, 19, 10]",60,10
1604,2026-01-17T13:20:00.0,2026-02-02T18:57:45.531,"Any[64, 60, 53, 45, 37, 30, 25, 19, 11, 6, 1]",64,1
1607,2026-01-17T13:20:00.0,2026-01-12T18:57:45.531,"Any[60, 56, 45, 37, 30, 25]",60,25
1608,2026-01-17T13:20:00.0,2026-01-26T18:57:45.531,"Any[53, 45, 37, 30, 25, 19, 13, 8]",53,8
1611,2026-01-17T13:20:00.0,2026-01-26T18:57:45.531,"Any[60, 53, 45, 37, 30, 25, 19, 10]",60,10
1612,2026-01-17T13:20:00.0,2026-01-12T18:57:45.531,"Any[6, 11, 25, 30, 37, 45]",6,45
1613,2026-01-17T13:20:00.0,2026-02-02T18:57:45.531,"Any[3, 6, 11, 19, 25, 30, 37, 45]",3,45
1615,2026-01-17T13:20:00.0,2026-01-12T18:57:45.531,"Any[6, 11, 19, 25, 30, 37, 45]",6,45
1623,2026-01-17T13:20:00.0,2026-01-26T18:57:45.531,"Any[16, 17, 25, 30, 37, 45, 53]",16,53
1628,2026-01-17T13:20:00.0,2026-01-19T18:57:45.531,"Any[53, 45, 37, 30, 25, 19, 13, 8]",53,8
1631,2026-01-17T13:20:00.0,2026-01-26T18:57:45.531,"Any[10, 19, 25, 30, 37, 45, 53]",10,53
1649,2026-01-17T13:20:00.0,2026-01-26T18:57:45.531,"Any[64, 53, 45, 37, 30, 25, 19, 13, 8]",64,8
1654,2026-01-17T13:20:00.0,2026-02-02T18:57:45.531,"Any[53, 45, 37, 30, 25, 19, 13, 8]",53,8
1657,2026-01-17T13:20:00.0,2026-01-12T18:57:45.531,"Any[53, 45, 37, 30, 25, 19, 11, 6, 1]",53,1
1658,2026-01-17T13:20:00.0,2026-01-19T18:57:45.531,"Any[60, 53, 45, 37, 30, 25]",60,25
1663,2026-01-17T13:20:00.0,2026-02-02T18:57:45.531,"Any[6, 11, 19, 25, 30, 37, 45]",6,45
1683,2026-01-17T13:20:00.0,2026-02-02T18:57:45.531,"Any[62, 45, 37, 30, 25, 19, 14, 13, 14]",62,14
1686,2026-01-17T13:20:00.0,2026-01-26T18:57:45.531,"Any[60, 53, 45, 37, 30, 25, 19, 11, 6, 6]",60,6
1699,2026-01-17T13:20:00.0,2026-02-02T18:57:45.531,"Any[60, 56, 45, 37, 30, 25, 19, 11, 6]",60,6
1706,2026-01-17T13:20:00.0,2026-02-02T18:57:45.531,"Any[64, 60, 53, 45, 37, 30, 25, 19, 11, 6, 1]",64,1
1707,2026-01-17T13:20:00.0,2026-01-19T18:57:45.531,"Any[19, 25, 30, 37, 45, 56]",19,56
1710,2026-01-17T13:20:00.0,2026-02-02T18:57:45.531,"Any[53, 45, 37, 30, 25, 19, 11, 6, 1]",53,1
1725,2026-01-17T13:20:00.0,2026-01-19T18:57:45.531,"Any[8, 13, 19, 25, 30, 37, 45]",8,45
1731,2026-01-17T13:20:00.0,2026-01-19T18:57:45.531,"Any[64, 53, 45, 37, 30, 25, 19, 10]",64,10
1735,2026-01-17T13:20:00.0,2026-01-26T18:57:45.531,"Any[60, 56, 45, 37, 30, 25, 19, 11, 6]",60,6
1736,2026-01-17T13:20:00.0,2026-02-02T18:57:45.531,"Any[64, 53, 45, 37, 30, 25, 19, 13, 8]",64,8
1742,2026-01-17T13:20:00.0,2026-02-02T18:57:45.531,"Any[56, 45, 37, 30, 25]",56,25
1745,2026-01-17T13:20:00.0,2026-01-12T18:57:45.531,"Any[53, 45, 37, 30, 25, 19, 11, 6, 1]",53,1
1748,2026-01-17T13:20:00.0,2026-01-19T18:57:45.531,"Any[60, 53, 45, 37, 30, 25]",60,25
1765,2026-01-17T13:20:00.0,2026-01-19T18:57:45.531,"Any[6, 11, 19, 25, 30, 37, 45]",6,45
1767,2026-01-17T13:20:00.0,2026-01-19T18:57:45.531,"Any[64, 60, 53, 45, 37, 30, 25, 19, 10]",64,10
1773,2026-01-17T13:20:00.0,2026-01-26T18:57:45.531,"Any[56, 45, 37, 30, 25, 19, 11, 6]",56,6
1779,2026-01-17T13:20:00.0,2026-01-26T18:57:45.531,"Any[20, 19, 25, 30, 37, 45, 53]",20,53
1786,2026-01-17T13:20:00.0,2026-01-12T18:57:45.531,"Any[53, 45, 37, 30, 25, 19, 13, 8]",53,8
1787,2026-01-17T13:20:00.0,2026-01-12T18:57:45.531,"Any[6, 11, 19, 25, 30, 37, 45]",6,45
1788,2026-01-17T13:20:00.0,2026-01-19T18:57:45.531,"Any[17, 25, 30, 37, 45]",17,45
1790,2026-01-17T13:20:00.0,2026-01-12T18:57:45.531,"Any[1, 6, 11, 19, 25, 30, 37, 45, 53, 60]",1,60
1794,2026-01-17T13:20:00.0,2026-02-02T18:57:45.531,"Any[53, 45, 37, 30, 25, 19, 13, 8]",53,8
1796,2026-01-17T13:20:00.0,2026-01-19T18:57:45.531,"Any[53, 45, 37, 30, 25, 19, 13, 8]",53,8
1806,2026-01-17T13:20:00.0,2026-01-19T18:57:45.531,"Any[56, 45, 37, 30, 25, 19, 11, 6, 6, 1]",56,6
1812,2026-01-17T13:20:00.0,2026-01-26T18:57:45.531,"Any[53, 45, 37, 30, 25, 19, 11, 6, 1]",53,1
1819,2026-01-17T13:20:00.0,2026-01-26T18:57:45.531,"Any[64, 60, 56, 45, 37, 30, 25, 19, 11, 10]",64,10
1826,2026-01-17T13:20:00.0,2026-02-02T18:57:45.531,"Any[19, 25, 30, 37, 45, 53, 60]",19,60
1840,2026-01-17T13:20:00.0,2026-01-26T18:57:45.531,"Any[60, 56, 45, 37, 30, 25, 19, 11, 6]",60,6
1847,2026-01-17T13:20:00.0,2026-02-02T18:57:45.531,"Any[64, 53, 45, 37, 30, 25, 19, 10]",64,10
1850,2026-01-17T13:20:00.0,2026-01-19T18:57:45.531,"Any[60, 53, 45, 37, 30, 25]",60,25
1853,2026-01-17T13:20:00.0,2026-01-19T18:57:45.531,"Any[56, 45, 37, 30, 25, 19, 11, 6]",56,6
1855,2026-01-17T13:20:00.0,2026-01-12T18:57:45.531,"Any[60, 56, 45, 37, 30, 25, 19, 11, 6]",60,6
1876,2026-01-17T13:20:00.0,2026-01-12T18:57:45.531,"Any[64, 60, 56, 45, 37, 30, 25, 19, 17, 19, 13, 8]",64,8
1880,2026-01-17T13:20:00.0,2026-02-02T18:57:45.531,"Any[60, 56, 45, 37, 30, 25, 19, 11, 6]",60,6
1885,2026-01-17T13:20:00.0,2026-02-02T18:57:45.531,"Any[10, 19, 25, 30, 37, 45, 53]",10,53
1894,2026-01-17T13:20:00.0,2026-01-26T18:57:45.531,"Any[60, 53, 45, 37, 30, 25]",60,25
1895,2026-01-17T13:20:00.0,2026-01-26T18:57:45.531,"Any[53, 45, 37, 30, 25]",53,25
1897,2026-01-17T13:20:00.0,2026-01-26T18:57:45.531,"Any[10, 19, 25, 30, 37, 45, 53]",10,53
1899,2026-01-17T13:20:00.0,2026-02-02T18:57:45.531,"Any[14, 19, 25, 30, 37, 45, 53]",14,53
1907,2026-01-17T13:20:00.0,2026-02-02T18:57:45.531,"Any[53, 45, 37, 30, 25]",53,25
1908,2026-01-17T13:20:00.0,2026-02-02T18:57:45.531,"Any[1, 6, 11, 19, 23, 28, 36, 44, 54, 60]",1,60
1911,2026-01-17T13:20:00.0,2026-01-12T18:57:45.531,"Any[64, 53, 45, 37, 30, 25, 19, 10]",64,10
1912,2026-01-17T13:20:00.0,2026-01-26T18:57:45.531,"Any[56, 45, 37, 30, 25, 19, 11, 6]",56,6
1926,2026-01-17T13:20:00.0,2026-02-02T18:57:45.531,"Any[1, 6, 11, 19, 25, 30, 37, 45, 56]",1,56
1927,2026-01-17T13:20:00.0,2026-02-02T18:57:45.531,"Any[16, 25, 30, 37, 45, 53]",16,53
1945,2026-01-17T13:20:00.0,2026-02-02T18:57:45.531,"Any[10, 19, 25, 30, 37, 45, 53]",10,53
1958,2026-01-17T13:20:00.0,2026-01-26T18:57:45.531,"Any[56, 45, 37, 30, 25, 19, 11, 6]",56,6
1963,2026-01-17T13:20:00.0,2026-01-26T18:57:45.531,"Any[53, 45, 37, 30, 25, 19, 11, 6, 1]",53,1
1965,2026-01-17T13:20:00.0,2026-02-02T18:57:45.531,"Any[53, 45, 37, 30, 25, 19, 11, 6, 1]",53,1
1970,2026-01-17T13:20:00.0,2026-01-19T18:57:45.531,"Any[8, 13, 19, 25, 30, 37, 45, 56]",8,56
1979,2026-01-17T13:20:00.0,2026-01-26T18:57:45.531,"Any[19, 25, 30, 37, 45, 56, 60]",19,60
1980,2026-01-17T13:20:00.0,2026-01-19T18:57:45.531,"Any[62, 53, 45, 37, 30, 25, 19, 11, 6, 1]",62,1
1986,2026-01-17T13:20:00.0,2026-01-19T18:57:45.531,"Any[56, 45, 37, 30, 25, 19, 11, 6]",56,6
1988,2026-01-17T13:20:00.0,2026-02-02T18:57:45.531,"Any[64, 53, 45, 37, 30, 25, 19, 11, 6, 1]",64,1
1991,2026-01-17T13:20:00.0,2026-01-19T18:57:45.531,"Any[10, 19, 25, 30, 37, 45, 53]",10,53
1998,2026-01-17T13:20:00.0,2026-01-12T18:57:45.531,"Any[19, 25, 30, 37, 45, 53, 60]",19,60
2002,2026-01-17T13:20:00.0,2026-02-02T18:57:45.531,"Any[56, 45, 37, 30, 25]",56,25
2003,2026-01-17T13:20:00.0,2026-02-02T18:57:45.531,"Any[19, 25, 30, 37, 45, 56, 60, 60, 64]",19,60
2014,2026-01-17T13:20:00.0,2026-01-12T18:57:45.531,"Any[14, 19, 25, 30, 37, 45, 53]",14,53
2021,2026-01-17T13:20:00.0,2026-01-12T18:57:45.531,"Any[8, 13, 19, 25, 30, 37, 45, 56]",8,56
2025,2026-01-17T13:20:00.0,2026-01-19T18:57:45.531,"Any[64, 60, 53, 45, 37, 30, 25, 19, 10]",64,10
2034,2026-01-17T13:20:00.0,2026-01-12T18:57:45.531,"Any[53, 45, 37, 30, 25]",53,25
2037,2026-01-17T13:20:00.0,2026-01-12T18:57:45.531,"Any[60, 56, 45, 37, 30, 25, 19, 11, 6]",60,6
2039,2026-01-17T13:20:00.0,2026-02-02T18:57:45.531,"Any[53, 45, 37, 30, 25]",53,25
2040,2026-01-17T13:20:00.0,2026-02-02T18:57:45.531,"Any[7, 8, 13, 19, 25, 30, 37, 45, 53]",7,53
2044,2026-01-17T13:20:00.0,2026-02-02T18:57:45.531,"Any[60, 56, 45, 37, 30, 25]",60,25
2046,2026-01-17T13:20:00.0,2026-01-26T18:57:45.531,"Any[64, 60, 53, 45, 37, 30, 25, 19, 11, 6, 1]",64,1
2056,2026-01-17T13:20:00.0,2026-01-26T18:57:45.531,"Any[60, 56, 45, 37, 30, 25, 19, 11, 6]",60,6
2065,2026-01-17T13:20:00.0,2026-01-12T18:57:45.531,"Any[64, 60, 53, 45, 37, 30, 25, 19, 10]",64,10
2069,2026-01-17T13:20:00.0,2026-01-19T18:57:45.531,"Any[1, 6, 11, 19, 25, 30, 37, 45, 56]",1,56
2070,2026-01-17T13:20:00.0,2026-01-19T18:57:45.531,"Any[60, 53, 45, 37, 30, 25]",60,25
2071,2026-01-17T13:20:00.0,2026-02-02T18:57:45.531,"Any[10, 19, 25, 30, 37, 45, 53]",10,53
2074,2026-01-17T13:20:00.0,2026-01-12T18:57:45.531,"Any[8, 13, 19, 25, 30, 37, 45, 56]",8,56
2076,2026-01-17T13:20:00.0,2026-01-19T18:57:45.531,"Any[6, 11, 16, 25, 30, 37, 45, 53]",6,53
2094,2026-01-17T13:20:00.0,2026-02-02T18:57:45.531,"Any[62, 45, 37, 30, 25, 19]",62,19
2095,2026-01-17T13:20:00.0,2026-01-12T18:57:45.531,"Any[7, 8, 13, 19, 25, 30, 37, 45, 53]",7,53
2099,2026-01-17T13:20:00.0,2026-01-12T18:57:45.531,"Any[64, 60, 56, 45, 37, 30, 25, 19, 10]",64,10
2103,2026-01-17T13:20:00.0,2026-02-02T18:57:45.531,"Any[1, 6, 11, 19, 25, 30, 37, 45, 56]",1,56
2104,2026-01-17T13:20:00.0,2026-01-19T18:57:45.531,"Any[56, 45, 37, 30, 25, 19, 11, 6]",56,6
2108,2026-01-17T13:20:00.0,2026-02-02T18:57:45.531,"Any[53, 45, 37, 30, 25]",53,25
2113,2026-01-17T13:20:00.0,2026-01-26T18:57:45.531,"Any[60, 53, 45, 37, 30, 25, 19, 11, 6]",60,6
2119,2026-01-17T13:20:00.0,2026-01-12T18:57:45.531,"Any[53, 45, 37, 30, 25, 19, 13, 8]",53,8
2124,2026-01-17T13:20:00.0,2026-01-19T18:57:45.531,"Any[53, 45, 37, 30, 25]",53,25
2135,2026-01-17T13:20:00.0,2026-02-02T18:57:45.531,"Any[60, 53, 45, 37, 30, 25, 19, 10]",60,10
2138,2026-01-17T13:20:00.0,2026-02-02T18:57:45.531,"Any[64, 53, 45, 37, 30, 25, 19, 10]",64,10
2146,2026-01-17T13:20:00.0,2026-01-12T18:57:45.531,"Any[60, 56, 45, 37, 30, 25, 19, 11, 6]",60,6
2150,2026-01-17T13:20:00.0,2026-02-02T18:57:45.531,"Any[53, 45, 37, 30, 25]",53,25
2153,2026-01-17T13:20:00.0,2026-01-26T18:57:45.531,"Any[19, 25, 30, 37, 45, 53, 60]",19,60
2161,2026-01-17T13:20:00.0,2026-01-26T18:57:45.531,"Any[54, 44, 36, 23, 19, 13, 8]",54,8
2162,2026-01-17T13:20:00.0,2026-01-19T18:57:45.531,"Any[64, 60, 56, 45, 37, 30, 25, 19, 11, 6]",64,6
2167,2026-01-17T13:20:00.0,2026-02-02T18:57:45.531,"Any[10, 11, 19, 25, 30, 37, 45, 53]",10,53
2175,2026-01-17T13:20:00.0,2026-01-19T18:57:45.531,"Any[45, 37, 30, 25]",45,25
2180,2026-01-17T13:20:00.0,2026-02-02T18:57:45.531,"Any[53, 45, 37, 30, 25, 19, 11, 6, 1]",53,1
2184,2026-01-17T13:20:00.0,2026-02-02T18:57:45.531,"Any[6, 11, 16, 25, 30, 37, 45]",6,45
2189,2026-01-17T13:20:00.0,2026-02-02T18:57:45.531,"Any[8, 13, 19, 25, 30, 37, 45, 56]",8,56
2191,2026-01-17T13:20:00.0,2026-02-02T18:57:45.531,"Any[60, 53, 45, 37, 30, 25, 19, 10]",60,10
2194,2026-01-17T13:20:00.0,2026-01-12T18:57:45.531,"Any[10, 19, 25, 30, 37, 45, 53]",10,53
2209,2026-01-17T13:20:00.0,2026-01-19T18:57:45.531,"Any[53, 45, 37, 30, 25, 19, 13, 8]",53,8
2213,2026-01-17T13:20:00.0,2026-02-02T18:57:45.531,"Any[64, 60, 53, 45, 37, 30, 25, 19, 11, 6]",64,6
2216,2026-01-17T13:20:00.0,2026-01-12T18:57:45.531,"Any[53, 45, 37, 30, 25, 19]",53,19
2217,2026-01-17T13:20:00.0,2026-01-19T18:57:45.531,"Any[60, 53, 45, 37, 30, 25, 19, 10]",60,10
2227,2026-01-17T13:20:00.0,2026-01-12T18:57:45.531,"Any[19, 25, 30, 37, 45, 56]",19,56
2233,2026-01-17T13:20:00.0,2026-02-02T18:57:45.531,"Any[6, 11, 19, 25, 30, 37, 45]",6,45
2239,2026-01-17T13:20:00.0,2026-02-02T18:57:45.531,"Any[10, 19, 25, 30, 37, 45, 53]",10,53
2240,2026-01-17T13:20:00.0,2026-01-26T18:57:45.531,"Any[53, 45, 37, 30, 25]",53,25
2246,2026-01-17T13:20:00.0,2026-01-12T18:57:45.531,"Any[64, 60, 53, 45, 37, 30, 25, 19, 10]",64,10
2247,2026-01-17T13:20:00.0,2026-02-02T18:57:45.531,"Any[53, 45, 37, 30, 25]",53,25
2248,2026-01-17T13:20:00.0,2026-01-26T18:57:45.531,"Any[7, 8, 13, 19, 25, 30, 37, 45, 53]",7,53
2251,2026-01-17T13:20:00.0,2026-01-26T18:57:45.531,"Any[53, 45, 37, 30, 25]",53,25
2255,2026-01-17T13:20:00.0,2026-01-12T18:57:45.531,"Any[64, 60, 56, 45, 37, 30, 25, 19]",64,19
2257,2026-01-17T13:20:00.0,2026-01-12T18:57:45.531,"Any[64, 60, 56, 45, 37, 30, 25, 19]",64,19
2261,2026-01-17T13:20:00.0,2026-01-12T18:57:45.531,"Any[64, 53, 45, 37, 30, 25, 19, 13, 8]",64,8
2262,2026-01-17T13:20:00.0,2026-01-19T18:57:45.531,"Any[64, 53, 45, 37, 30, 25, 19, 13, 8]",64,8
2270,2026-01-17T13:20:00.0,2026-01-19T18:57:45.531,"Any[64, 60, 56, 45, 37, 30, 25, 19, 11, 6, 1]",64,1
2272,2026-01-17T13:20:00.0,2026-02-02T18:57:45.531,"Any[60, 56, 45, 37, 30, 25]",60,25
2279,2026-01-17T13:20:00.0,2026-01-12T18:57:45.531,"Any[60, 53, 45, 37, 30, 25]",60,25
2280,2026-01-17T13:20:00.0,2026-01-12T18:57:45.531,"Any[60, 53, 45, 37, 30, 25]",60,25
2304,2026-01-17T13:20:00.0,2026-01-12T18:57:45.531,"Any[60, 53, 45, 37, 30, 25, 19, 10]",60,10
2305,2026-01-17T13:20:00.0,2026-02-02T18:57:45.531,"Any[60, 53, 45, 37, 30, 25, 19, 10]",60,10
2307,2026-01-17T13:20:00.0,2026-01-19T18:57:45.531,"Any[60, 56, 45, 37, 30, 25, 19, 10]",60,10
2308,2026-01-17T13:20:00.0,2026-01-12T18:57:45.531,"Any[60, 53, 45, 37, 30, 25, 19, 10]",60,10
2314,2026-01-17T13:20:00.0,2026-01-26T18:57:45.531,"Any[60, 53, 45, 37, 30, 25, 19, 10]",60,10
2317,2026-01-17T13:20:00.0,2026-01-26T18:57:45.531,"Any[60, 53, 45, 37, 30, 25, 19, 10]",60,10
2319,2026-01-17T13:20:00.0,2026-01-19T18:57:45.531,"Any[60, 53, 45, 37, 30, 25, 19, 10]",60,10
2328,2026-01-17T13:20:00.0,2026-01-26T18:57:45.531,"Any[60, 53, 45, 37, 30, 25, 19, 10]",60,10
2333,2026-01-17T13:20:00.0,2026-01-19T18:57:45.531,"Any[60, 53, 45, 37, 30, 25, 19, 10]",60,10
2335,2026-01-17T13:20:00.0,2026-01-12T18:57:45.531,"Any[60, 56, 45, 37, 30, 25, 19, 10]",60,10
2336,2026-01-17T13:20:00.0,2026-01-26T18:57:45.531,"Any[60, 53, 45, 37, 30, 25, 19, 10]",60,10
2339,2026-01-17T13:20:00.0,2026-01-12T18:57:45.531,"Any[56, 45, 37, 30, 25]",56,25
2340,2026-01-17T13:20:00.0,2026-02-02T18:57:45.531,"Any[56, 45, 37, 30, 25]",56,25
2342,2026-01-17T13:20:00.0,2026-02-02T18:57:45.531,"Any[56, 45, 37, 30, 25]",56,25
2354,2026-01-17T13:20:00.0,2026-02-02T18:57:45.531,"Any[56, 45, 37, 30, 25, 19, 13, 8, 7]",56,7
2355,2026-01-17T13:20:00.0,2026-02-02T18:57:45.531,"Any[56, 45, 37, 30, 25, 19, 13, 8, 7]",56,7
2357,2026-01-17T13:20:00.0,2026-01-26T18:57:45.531,"Any[56, 45, 37, 30, 25, 19, 13, 8, 7]",56,7
2358,2026-01-17T13:20:00.0,2026-02-02T18:57:45.531,"Any[56, 45, 37, 30, 25, 19, 13, 8, 7]",56,7
2362,2026-01-17T13:20:00.0,2026-02-02T18:57:45.531,"Any[56, 45, 37, 30, 25, 19, 13, 8, 7]",56,7
2364,2026-01-17T13:20:00.0,2026-01-12T18:57:45.531,"Any[56, 45, 37, 30, 25, 19, 13, 8, 7]",56,7
2365,2026-01-17T13:20:00.0,2026-01-12T18:57:45.531,"Any[56, 45, 37, 30, 25, 19, 13, 8, 7]",56,7
2367,2026-01-17T13:20:00.0,2026-01-12T18:57:45.531,"Any[56, 45, 37, 30, 25, 19, 13, 8, 7]",56,7
2374,2026-01-17T13:20:00.0,2026-01-12T18:57:45.531,"Any[56, 45, 37, 30, 25, 19, 13, 8, 7]",56,7
2382,2026-01-17T13:20:00.0,2026-02-02T18:57:45.531,"Any[56, 45, 37, 30, 25, 19, 11, 6]",56,6
2385,2026-01-17T13:20:00.0,2026-01-12T18:57:45.531,"Any[56, 45, 37, 30, 25, 19, 11, 6]",56,6
2390,2026-01-17T13:20:00.0,2026-01-19T18:57:45.531,"Any[56, 45, 37, 30, 25, 19, 11, 6]",56,6
2393,2026-01-17T13:20:00.0,2026-01-19T18:57:45.531,"Any[56, 45, 37, 30, 25, 19, 11, 6]",56,6
2397,2026-01-17T13:20:00.0,2026-01-26T18:57:45.531,"Any[56, 45, 37, 30, 25, 19, 11, 6]",56,6
2400,2026-01-17T13:20:00.0,2026-01-26T18:57:45.531,"Any[56, 45, 37, 30, 25, 19, 11, 6]",56,6
2403,2026-01-17T13:20:00.0,2026-02-02T18:57:45.531,"Any[56, 45, 37, 30, 25, 19, 11, 6, 6, 1]",56,6
2404,2026-01-17T13:20:00.0,2026-01-19T18:57:45.531,"Any[56, 45, 37, 30, 25, 19, 11, 6, 6, 1]",56,6
2410,2026-01-17T13:20:00.0,2026-01-26T18:57:45.531,"Any[56, 45, 37, 30, 25, 19, 11, 6]",56,6
2411,2026-01-17T13:20:00.0,2026-02-02T18:57:45.531,"Any[56, 45, 37, 30, 25, 19, 11, 6]",56,6
2414,2026-01-17T13:20:00.0,2026-01-26T18:57:45.531,"Any[56, 45, 37, 30, 25, 19, 11, 6, 6, 5, 1, 1]",56,6
2416,2026-01-17T13:20:00.0,2026-01-19T18:57:45.531,"Any[56, 45, 37, 30, 25, 19, 11, 6, 6]",56,6
2420,2026-01-17T13:20:00.0,2026-01-26T18:57:45.531,"Any[56, 45, 37, 30, 25, 19, 11, 6]",56,6
2422,2026-01-17T13:20:00.0,2026-01-19T18:57:45.531,"Any[56, 45, 37, 30, 25, 19, 11, 6]",56,6
2427,2026-01-17T13:20:00.0,2026-02-02T18:57:45.531,"Any[56, 45, 37, 30, 25, 19, 11, 6]",56,6
2428,2026-01-17T13:20:00.0,2026-01-26T18:57:45.531,"Any[56, 45, 37, 30, 25, 19, 11, 6]",56,6
2433,2026-01-17T13:20:00.0,2026-02-02T18:57:45.531,"Any[56, 45, 37, 30, 25, 19, 11, 6]",56,6
2436,2026-01-17T13:20:00.0,2026-01-26T18:57:45.531,"Any[56, 45, 37, 30, 25, 19, 11, 6]",56,6
2443,2026-01-17T13:20:00.0,2026-01-26T18:57:45.531,"Any[56, 45, 37, 30, 25, 19, 11, 6]",56,6
2444,2026-01-17T13:20:00.0,2026-01-12T18:57:45.531,"Any[56, 45, 37, 30, 25, 19, 11, 6]",56,6
2452,2026-01-17T13:20:00.0,2026-02-02T18:57:45.531,"Any[56, 45, 37, 30, 25, 19, 11, 6]",56,6
2454,2026-01-17T13:20:00.0,2026-01-19T18:57:45.531,"Any[56, 45, 37, 30, 25, 19, 11, 6]",56,6
2457,2026-01-17T13:20:00.0,2026-01-26T18:57:45.531,"Any[56, 45, 37, 30, 25, 19, 11, 6]",56,6
2468,2026-01-17T13:20:00.0,2026-01-12T18:57:45.531,"Any[56, 45, 37, 30, 25, 19, 10]",56,10
2476,2026-01-17T13:20:00.0,2026-01-12T18:57:45.531,"Any[53, 45, 37, 30, 25]",53,25
2478,2026-01-17T13:20:00.0,2026-01-12T18:57:45.531,"Any[53, 45, 37, 30, 25]",53,25
2482,2026-01-17T13:20:00.0,2026-01-26T18:57:45.531,"Any[53, 45, 37, 30, 25, 19]",53,19
2484,2026-01-17T13:20:00.0,2026-01-19T18:57:45.531,"Any[53, 45, 37, 30, 25, 19]",53,19
2493,2026-01-17T13:20:00.0,2026-01-12T18:57:45.531,"Any[53, 45, 37, 30, 25, 19]",53,19
2500,2026-01-17T13:20:00.0,2026-01-19T18:57:45.531,"Any[53, 45, 37, 30, 25, 19]",53,19
2507,2026-01-17T13:20:00.0,2026-01-19T18:57:45.531,"Any[53, 45, 37, 30, 25, 19]",53,19
2516,2026-01-17T13:20:00.0,2026-01-12T18:57:45.531,"Any[53, 45, 37, 30, 25, 19]",53,19
2527,2026-01-17T13:20:00.0,2026-01-12T18:57:45.531,"Any[53, 45, 37, 30, 25, 19]",53,19
2535,2026-01-17T13:20:00.0,2026-01-26T18:57:45.531,"Any[53, 45, 37, 30, 25, 19]",53,19
2550,2026-01-17T13:20:00.0,2026-01-26T18:57:45.531,"Any[53, 45, 37, 30, 25, 19]",53,19
2551,2026-01-17T13:20:00.0,2026-01-19T18:57:45.531,"Any[53, 45, 37, 30, 25, 19]",53,19
2555,2026-01-17T13:20:00.0,2026-01-19T18:57:45.531,"Any[53, 45, 37, 30, 25, 19]",53,19
2557,2026-01-17T13:20:00.0,2026-01-12T18:57:45.531,"Any[53, 45, 37, 30, 25, 19]",53,19
2559,2026-01-17T13:20:00.0,2026-01-26T18:57:45.531,"Any[53, 45, 37, 30, 25, 19]",53,19
2560,2026-01-17T13:20:00.0,2026-01-19T18:57:45.531,"Any[53, 45, 37, 30, 25, 19]",53,19
2561,2026-01-17T13:20:00.0,2026-02-02T18:57:45.531,"Any[53, 45, 37, 30, 25, 19]",53,19
2567,2026-01-17T13:20:00.0,2026-01-12T18:57:45.531,"Any[53, 45, 37, 30, 25, 19, 13, 8]",53,8
2573,2026-01-17T13:20:00.0,2026-02-02T18:57:45.531,"Any[53, 45, 37, 30, 25, 19, 13, 8]",53,8
2575,2026-01-17T13:20:00.0,2026-01-12T18:57:45.531,"Any[53, 45, 37, 30, 25, 19, 13, 8]",53,8
2582,2026-01-17T13:20:00.0,2026-01-12T18:57:45.531,"Any[53, 45, 37, 30, 25, 19, 13, 8]",53,8
2583,2026-01-17T13:20:00.0,2026-01-19T18:57:45.531,"Any[53, 45, 37, 30, 25, 19, 13, 8]",53,8
2584,2026-01-17T13:20:00.0,2026-01-12T18:57:45.531,"Any[53, 45, 37, 30, 25, 19, 13, 8]",53,8
2585,2026-01-17T13:20:00.0,2026-01-26T18:57:45.531,"Any[53, 45, 37, 30, 25, 19, 13, 8]",53,8
2588,2026-01-17T13:20:00.0,2026-02-02T18:57:45.531,"Any[53, 45, 37, 30, 25, 19, 13, 8]",53,8
2594,2026-01-17T13:20:00.0,2026-01-26T18:57:45.531,"Any[53, 45, 37, 30, 25, 19, 13, 8]",53,8
2597,2026-01-17T13:20:00.0,2026-01-19T18:57:45.531,"Any[53, 45, 37, 30, 25, 19, 13, 8]",53,8
2605,2026-01-17T13:20:00.0,2026-01-12T18:57:45.531,"Any[53, 45, 37, 30, 25, 19, 13, 8]",53,8
2611,2026-01-17T13:20:00.0,2026-01-19T18:57:45.531,"Any[53, 45, 37, 30, 25, 19, 13, 8]",53,8
2619,2026-01-17T13:20:00.0,2026-01-12T18:57:45.531,"Any[53, 45, 37, 30, 25, 19, 13, 8]",53,8
2626,2026-01-17T13:20:00.0,2026-01-19T18:57:45.531,"Any[53, 45, 37, 30, 25, 19, 13, 8]",53,8
2633,2026-01-17T13:20:00.0,2026-01-12T18:57:45.531,"Any[53, 45, 37, 30, 25, 19, 13, 8]",53,8
2635,2026-01-17T13:20:00.0,2026-01-12T18:57:45.531,"Any[53, 45, 37, 30, 25, 19, 11, 6, 1]",53,1
2639,2026-01-17T13:20:00.0,2026-01-12T18:57:45.531,"Any[53, 45, 37, 30, 25, 19, 11, 6, 1]",53,1
2645,2026-01-17T13:20:00.0,2026-02-02T18:57:45.531,"Any[53, 45, 37, 30, 25, 19, 11, 6, 1]",53,1
2648,2026-01-17T13:20:00.0,2026-01-12T18:57:45.531,"Any[53, 45, 37, 30, 25, 19, 11, 6, 1]",53,1
2659,2026-01-17T13:20:00.0,2026-01-26T18:57:45.531,"Any[53, 45, 37, 30, 25, 19, 11, 6, 1]",53,1
2664,2026-01-17T13:20:00.0,2026-01-26T18:57:45.531,"Any[53, 45, 37, 30, 25, 19, 11, 6, 1]",53,1
2666,2026-01-17T13:20:00.0,2026-02-02T18:57:45.531,"Any[53, 45, 37, 30, 25, 19, 11, 6, 1]",53,1
2670,2026-01-17T13:20:00.0,2026-01-19T18:57:45.531,"Any[45, 37, 30, 25]",45,25
2676,2026-01-17T13:20:00.0,2026-01-12T18:57:45.531,"Any[45, 37, 30, 25, 19]",45,19
2677,2026-01-17T13:20:00.0,2026-02-02T18:57:45.531,"Any[45, 37, 30, 25, 19]",45,19
2683,2026-01-17T13:20:00.0,2026-02-02T18:57:45.531,"Any[45, 37, 30, 25, 19]",45,19
2690,2026-01-17T13:20:00.0,2026-01-19T18:57:45.531,"Any[45, 37, 30, 25, 19]",45,19
2693,2026-01-17T13:20:00.0,2026-01-19T18:57:45.531,"Any[45, 37, 30, 25, 19]",45,19
2695,2026-01-17T13:20:00.0,2026-01-26T18:57:45.531,"Any[45, 37, 30, 25, 19, 11, 6, 1]",45,1
2706,2026-01-17T13:20:00.0,2026-02-02T18:57:45.531,"Any[45, 37, 30, 25, 19, 10]",45,10
2721,2026-01-17T13:20:00.0,2026-01-12T18:57:45.531,"Any[25, 30, 37, 45, 53, 60, 64]",25,64
2724,2026-01-17T13:20:00.0,2026-01-12T18:57:45.531,"Any[25, 30, 37, 45, 56, 60, 64]",25,64
2731,2026-01-17T13:20:00.0,2026-02-02T18:57:45.531,"Any[19, 25, 30, 37, 45, 56, 60]",19,60
2732,2026-01-17T13:20:00.0,2026-01-26T18:57:45.531,"Any[19, 25, 30, 37, 45, 56, 60]",19,60
2735,2026-01-17T13:20:00.0,2026-01-12T18:57:45.531,"Any[19, 17, 25, 30, 37, 45, 53, 60]",19,60
2736,2026-01-17T13:20:00.0,2026-01-26T18:57:45.531,"Any[19, 25, 30, 37, 45, 56, 60]",19,60
2739,2026-01-17T13:20:00.0,2026-02-02T18:57:45.531,"Any[19, 17, 25, 30, 37, 45, 53, 60]",19,60
2741,2026-01-17T13:20:00.0,2026-01-19T18:57:45.531,"Any[19, 25, 30, 37, 45, 56, 60]",19,60
2743,2026-01-17T13:20:00.0,2026-01-12T18:57:45.531,"Any[19, 25, 30, 37, 45, 53, 60]",19,60
2744,2026-01-17T13:20:00.0,2026-01-19T18:57:45.531,"Any[19, 25, 30, 37, 45, 56, 60, 60, 64]",19,60
2751,2026-01-17T13:20:00.0,2026-01-12T18:57:45.531,"Any[19, 17, 25, 30, 37, 45, 53, 60]",19,60
2753,2026-01-17T13:20:00.0,2026-01-12T18:57:45.531,"Any[19, 25, 30, 37, 45, 56, 60, 60, 64]",19,60
2764,2026-01-17T13:20:00.0,2026-01-19T18:57:45.531,"Any[19, 25, 30, 37, 45, 56]",19,56
2772,2026-01-17T13:20:00.0,2026-01-19T18:57:45.531,"Any[19, 25, 30, 37, 45, 56]",19,56
2777,2026-01-17T13:20:00.0,2026-01-26T18:57:45.531,"Any[8, 13, 19, 25, 30, 37, 45, 53, 62]",8,62
2778,2026-01-17T13:20:00.0,2026-01-26T18:57:45.531,"Any[8, 13, 19, 25, 30, 37, 45, 53, 62]",8,62
2780,2026-01-17T13:20:00.0,2026-01-19T18:57:45.531,"Any[8, 13, 19, 25, 30, 37, 45, 53, 62]",8,62
2781,2026-01-17T13:20:00.0,2026-01-12T18:57:45.531,"Any[8, 13, 19, 25, 30, 37, 45, 53, 62]",8,62
2783,2026-01-17T13:20:00.0,2026-02-02T18:57:45.531,"Any[8, 13, 19, 25, 30, 37, 45, 53, 62]",8,62
2784,2026-01-17T13:20:00.0,2026-01-19T18:57:45.531,"Any[8, 13, 19, 25, 30, 37, 45, 53, 62]",8,62
2786,2026-01-17T13:20:00.0,2026-02-02T18:57:45.531,"Any[8, 13, 19, 25, 30, 37, 45, 53, 62]",8,62
2787,2026-01-17T13:20:00.0,2026-01-19T18:57:45.531,"Any[8, 13, 19, 25, 30, 37, 45, 53, 62]",8,62
2788,2026-01-17T13:20:00.0,2026-01-12T18:57:45.531,"Any[8, 13, 19, 25, 30, 37, 45, 53, 62]",8,62
2789,2026-01-17T13:20:00.0,2026-01-26T18:57:45.531,"Any[8, 13, 19, 25, 30, 37, 45, 53, 62]",8,62
2790,2026-01-17T13:20:00.0,2026-01-12T18:57:45.531,"Any[8, 13, 19, 25, 30, 37, 45, 53, 62]",8,62
2792,2026-01-17T13:20:00.0,2026-01-12T18:57:45.531,"Any[8, 13, 19, 25, 30, 37, 45, 56]",8,56
2794,2026-01-17T13:20:00.0,2026-02-02T18:57:45.531,"Any[8, 13, 19, 25, 30, 37, 45, 56]",8,56
2795,2026-01-17T13:20:00.0,2026-01-12T18:57:45.531,"Any[8, 13, 19, 25, 30, 37, 45, 56]",8,56
2799,2026-01-17T13:20:00.0,2026-02-02T18:57:45.531,"Any[8, 13, 19, 25, 30, 37, 45, 56]",8,56
2802,2026-01-17T13:20:00.0,2026-01-12T18:57:45.531,"Any[8, 13, 19, 25, 30, 37, 45, 56]",8,56
2805,2026-01-17T13:20:00.0,2026-01-12T18:57:45.531,"Any[8, 13, 19, 25, 30, 37, 45, 56]",8,56
2810,2026-01-17T13:20:00.0,2026-01-19T18:57:45.531,"Any[8, 13, 19, 25, 30, 37, 45, 56]",8,56
2815,2026-01-17T13:20:00.0,2026-01-19T18:57:45.531,"Any[8, 13, 19, 25, 30, 37, 45, 56]",8,56
2816,2026-01-17T13:20:00.0,2026-02-02T18:57:45.531,"Any[8, 13, 19, 25, 30, 37, 45, 53, 56]",8,56
2824,2026-01-17T13:20:00.0,2026-01-12T18:57:45.531,"Any[8, 13, 19, 25, 30, 37, 45, 56]",8,56
2828,2026-01-17T13:20:00.0,2026-01-26T18:57:45.531,"Any[8, 13, 19, 25, 30, 37, 45, 56]",8,56
2832,2026-01-17T13:20:00.0,2026-01-26T18:57:45.531,"Any[8, 13, 19, 25, 30, 37, 45, 56]",8,56
2835,2026-01-17T13:20:00.0,2026-01-12T18:57:45.531,"Any[8, 13, 19, 25, 30, 37, 45, 56]",8,56
2837,2026-01-17T13:20:00.0,2026-01-26T18:57:45.531,"Any[8, 13, 19, 25, 30, 37, 45, 56]",8,56
2851,2026-01-17T13:20:00.0,2026-01-26T18:57:45.531,"Any[8, 13, 19, 25, 30, 37, 45, 56]",8,56
2854,2026-01-17T13:20:00.0,2026-01-26T18:57:45.531,"Any[8, 13, 19, 25, 30, 37, 45, 56]",8,56
2862,2026-01-17T13:20:00.0,2026-01-12T18:57:45.531,"Any[8, 13, 19, 25, 30, 37, 45, 56]",8,56
2870,2026-01-17T13:20:00.0,2026-02-02T18:57:45.531,"Any[8, 13, 19, 25, 30, 37, 45, 56]",8,56
2896,2026-01-17T13:20:00.0,2026-01-12T18:57:45.531,"Any[1, 6, 11, 19, 23, 36, 44, 54, 60]",1,60
2904,2026-01-17T13:20:00.0,2026-01-12T18:57:45.531,"Any[1, 6, 11, 19, 25, 30, 37, 45, 56, 60]",1,60
2912,2026-01-17T13:20:00.0,2026-01-12T18:57:45.531,"Any[1, 6, 11, 19, 25, 30, 37, 45, 53, 60]",1,60
2915,2026-01-17T13:20:00.0,2026-01-12T18:57:45.531,"Any[1, 6, 11, 19, 25, 30, 37, 45, 56, 60]",1,60
2922,2026-01-17T13:20:00.0,2026-01-19T18:57:45.531,"Any[1, 6, 11, 19, 25, 30, 37, 45, 56, 60]",1,60
2923,2026-01-17T13:20:00.0,2026-01-19T18:57:45.531,"Any[1, 6, 11, 19, 25, 30, 37, 45, 56, 60]",1,60
2941,2026-01-17T13:20:00.0,2026-01-19T18:57:45.531,"Any[1, 6, 11, 19, 25, 30, 37, 45, 56]",1,56
2950,2026-01-17T13:20:00.0,2026-01-12T18:57:45.531,"Any[1, 6, 11, 19, 25, 30, 37, 45, 56]",1,56
2952,2026-01-17T13:20:00.0,2026-02-02T18:57:45.531,"Any[1, 6, 11, 19, 25, 30, 37, 45, 56]",1,56
2955,2026-01-17T13:20:00.0,2026-01-12T18:57:45.531,"Any[1, 6, 11, 19, 25, 30, 37, 45, 56]",1,56
2956,2026-01-17T13:20:00.0,2026-02-02T18:57:45.531,"Any[1, 6, 11, 19, 25, 30, 37, 45, 56]",1,56
2958,2026-01-17T13:20:00.0,2026-01-19T18:57:45.531,"Any[1, 6, 11, 19, 25, 30, 37, 45, 56]",1,56
2975,2026-01-17T13:20:00.0,2026-01-12T18:57:45.531,"Any[6, 11, 19, 25, 30, 37, 45, 53]",6,53
2980,2026-01-17T13:20:00.0,2026-01-19T18:57:45.531,"Any[6, 11, 19, 25, 30, 37, 45, 53]",6,53
2982,2026-01-17T13:20:00.0,2026-02-02T18:57:45.531,"Any[6, 11, 19, 25, 30, 37, 45, 53]",6,53
2984,2026-01-17T13:20:00.0,2026-01-26T18:57:45.531,"Any[6, 11, 19, 25, 30, 37, 45, 53]",6,53
2987,2026-01-17T13:20:00.0,2026-01-19T18:57:45.531,"Any[6, 11, 16, 25, 30, 37, 45]",6,45
2990,2026-01-17T13:20:00.0,2026-01-12T18:57:45.531,"Any[6, 11, 19, 25, 30, 37, 45]",6,45
2991,2026-01-17T13:20:00.0,2026-02-02T18:57:45.531,"Any[6, 11, 19, 17, 19, 25, 30, 37, 45]",6,45
2996,2026-01-17T13:20:00.0,2026-01-26T18:57:45.531,"Any[10, 11, 19, 25, 30, 37, 45, 53]",10,53
2998,2026-01-17T13:20:00.0,2026-01-12T18:57:45.531,"Any[10, 11, 19, 25, 30, 37, 45, 53]",10,53
3004,2026-01-17T13:20:00.0,2026-01-19T18:57:45.531,"Any[10, 19, 25, 30, 37, 45, 53]",10,53
3005,2026-01-17T13:20:00.0,2026-01-26T18:57:45.531,"Any[10, 19, 25, 30, 37, 45, 53]",10,53
3007,2026-01-17T13:20:00.0,2026-02-02T18:57:45.531,"Any[10, 19, 25, 30, 37, 45, 53]",10,53
3008,2026-01-17T13:20:00.0,2026-01-19T18:57:45.531,"Any[10, 19, 25, 30, 37, 45, 53]",10,53
3009,2026-01-17T13:20:00.0,2026-01-26T18:57:45.531,"Any[10, 19, 25, 30, 37, 45, 53]",10,53
3016,2026-01-17T13:20:00.0,2026-01-19T18:57:45.531,"Any[10, 19, 25, 30, 37, 45, 53]",10,53
3017,2026-01-17T13:20:00.0,2026-01-26T18:57:45.531,"Any[10, 11, 19, 25, 30, 37, 45, 53]",10,53
3022,2026-01-17T13:20:00.0,2026-02-02T18:57:45.531,"Any[10, 19, 25, 30, 37, 45, 53]",10,53
3035,2026-01-17T13:20:00.0,2026-02-02T18:57:45.531,"Any[10, 19, 25, 30, 37, 45, 53]",10,53
3037,2026-01-17T13:20:00.0,2026-01-19T18:57:45.531,"Any[10, 19, 25, 30, 37, 45, 53]",10,53
3039,2026-01-17T13:20:00.0,2026-01-26T18:57:45.531,"Any[10, 19, 25, 30, 37, 45, 53]",10,53
3041,2026-01-17T13:20:00.0,2026-01-12T18:57:45.531,"Any[10, 19, 25, 30, 37, 45, 53]",10,53
3043,2026-01-17T13:20:00.0,2026-01-26T18:57:45.531,"Any[10, 19, 25, 30, 37, 45, 53]",10,53
3045,2026-01-17T13:20:00.0,2026-01-12T18:57:45.531,"Any[10, 19, 25, 30, 37, 45, 53]",10,53
3052,2026-01-17T13:20:00.0,2026-01-19T18:57:45.531,"Any[10, 19, 25, 30, 37, 45, 53]",10,53
3056,2026-01-17T13:20:00.0,2026-01-12T18:57:45.531,"Any[10, 19, 25, 30, 37, 45, 53]",10,53
3080,2026-01-17T13:20:00.0,2026-01-26T18:57:45.531,"Any[10, 19, 25, 30, 37, 45, 53]",10,53
3082,2026-01-17T13:20:00.0,2026-01-26T18:57:45.531,"Any[10, 11, 19, 25, 30, 37, 45, 53]",10,53
3085,2026-01-17T13:20:00.0,2026-01-12T18:57:45.531,"Any[10, 19, 25, 30, 37, 45, 53]",10,53
3089,2026-01-17T13:20:00.0,2026-01-12T18:57:45.531,"Any[10, 19, 25, 30, 37, 45, 53]",10,53
3099,2026-01-17T13:20:00.0,2026-01-26T18:57:45.531,"Any[10, 19, 25, 30, 37, 45, 53]",10,53
3101,2026-01-17T13:20:00.0,2026-01-12T18:57:45.531,"Any[10, 19, 25, 30, 37, 45, 53]",10,53
3103,2026-01-17T13:20:00.0,2026-02-02T18:57:45.531,"Any[10, 19, 25, 30, 37, 45, 53]",10,53
3112,2026-01-17T13:20:00.0,2026-01-12T18:57:45.531,"Any[10, 19, 25, 30, 37, 45, 53]",10,53
3113,2026-01-17T13:20:00.0,2026-01-19T18:57:45.531,"Any[10, 11, 19, 25, 30, 37, 45, 53]",10,53
3122,2026-01-17T13:20:00.0,2026-01-12T18:57:45.531,"Any[10, 11, 19, 25, 30, 37, 45, 53]",10,53
3135,2026-01-17T13:20:00.0,2026-02-02T18:57:45.531,"Any[10, 19, 25, 30, 37, 45, 53]",10,53
3142,2026-01-17T13:20:00.0,2026-01-26T18:57:45.531,"Any[10, 19, 25, 30, 37, 45, 53]",10,53
3149,2026-01-17T13:20:00.0,2026-01-12T18:57:45.531,"Any[10, 19, 25, 30, 37, 45, 53]",10,53
3159,2026-01-17T13:20:00.0,2026-02-02T18:57:45.531,"Any[10, 19, 25, 30, 37, 45, 53]",10,53
3160,2026-01-17T13:20:00.0,2026-01-12T18:57:45.531,"Any[10, 19, 25, 30, 37, 45, 53]",10,53
3169,2026-01-17T13:20:00.0,2026-02-02T18:57:45.531,"Any[10, 19, 25, 30, 37, 45, 53]",10,53
3182,2026-01-17T13:20:00.0,2026-01-12T18:57:45.531,"Any[10, 11, 19, 25, 30, 37, 45, 53]",10,53
20,2026-01-21T07:06:40.0,2026-01-16T12:44:25.531,"Any[3, 6, 11, 19, 25, 30, 37, 45]",3,45
140,2026-01-21T07:06:40.0,2026-01-09T12:44:25.531,"Any[64, 53, 45, 37, 30, 25, 19, 10]",64,10
153,2026-01-21T07:06:40.0,2026-01-30T12:44:25.531,"Any[54, 44, 36, 23, 19, 13, 8]",54,8
155,2026-01-21T07:06:40.0,2026-01-23T12:44:25.531,"Any[53, 45, 37, 30, 25, 19, 13, 8]",53,8
171,2026-01-21T07:06:40.0,2026-01-30T12:44:25.531,"Any[3, 10, 19, 25, 30, 37, 45, 53]",3,53
181,2026-01-21T07:06:40.0,2026-01-30T12:44:25.531,"Any[8, 13, 19, 25, 30, 37, 45, 56]",8,56
194,2026-01-21T07:06:40.0,2026-01-23T12:44:25.531,"Any[1, 6, 11, 19, 23, 36, 44, 54, 60]",1,60
295,2026-01-21T07:06:40.0,2026-01-09T12:44:25.531,"Any[19, 30, 37, 45, 56]",19,56
322,2026-01-21T07:06:40.0,2026-01-23T12:44:25.531,"Any[53, 45, 37, 30, 25, 19, 13, 8]",53,8
349,2026-01-21T07:06:40.0,2026-01-30T12:44:25.531,"Any[19, 25, 30, 37, 45, 56]",19,56
377,2026-01-21T07:06:40.0,2026-01-30T12:44:25.531,"Any[56, 45, 37, 30, 25]",56,25
383,2026-01-21T07:06:40.0,2026-01-23T12:44:25.531,"Any[16, 25, 30, 37, 45, 56, 60]",16,60
385,2026-01-21T07:06:40.0,2026-01-09T12:44:25.531,"Any[53, 45, 37, 30, 25, 19, 13, 8]",53,8
424,2026-01-21T07:06:40.0,2026-01-16T12:44:25.531,"Any[19, 25, 30, 37, 45, 56]",19,56
430,2026-01-21T07:06:40.0,2026-01-23T12:44:25.531,"Any[8, 13, 19, 25, 30, 37, 45, 56]",8,56
432,2026-01-21T07:06:40.0,2026-01-30T12:44:25.531,"Any[3, 10, 19, 25, 30, 37, 45, 53]",3,53
435,2026-01-21T07:06:40.0,2026-01-30T12:44:25.531,"Any[1, 6, 10, 19, 23, 36, 44, 54, 60]",1,60
442,2026-01-21T07:06:40.0,2026-01-23T12:44:25.531,"Any[8, 13, 19, 30, 37, 45, 56]",8,56
472,2026-01-21T07:06:40.0,2026-01-30T12:44:25.531,"Any[10, 19, 25, 30, 37, 45, 53]",10,53
473,2026-01-21T07:06:40.0,2026-01-30T12:44:25.531,"Any[6, 11, 19, 25, 30, 37, 45]",6,45
487,2026-01-21T07:06:40.0,2026-01-23T12:44:25.531,"Any[7, 8, 13, 19, 25, 30, 37, 45, 53]",7,53
502,2026-01-21T07:06:40.0,2026-01-16T12:44:25.531,"Any[56, 45, 37, 30, 25]",56,25
506,2026-01-21T07:06:40.0,2026-01-16T12:44:25.531,"Any[64, 60, 53, 45, 37, 30, 25, 19, 13, 8]",64,8
510,2026-01-21T07:06:40.0,2026-01-30T12:44:25.531,"Any[60, 56, 45, 37, 30, 25]",60,25
539,2026-01-21T07:06:40.0,2026-01-16T12:44:25.531,"Any[7, 8, 13, 19, 30, 37, 45, 53, 60]",7,60
560,2026-01-21T07:06:40.0,2026-01-09T12:44:25.531,"Any[19, 30, 37, 45, 56]",19,56
584,2026-01-21T07:06:40.0,2026-01-16T12:44:25.531,"Any[56, 45, 37, 30, 25, 19, 11, 6]",56,6
607,2026-01-21T07:06:40.0,2026-01-09T12:44:25.531,"Any[17, 16, 17, 25, 30, 37, 45, 53]",17,53
625,2026-01-21T07:06:40.0,2026-01-30T12:44:25.531,"Any[56, 45, 37, 30, 25, 19, 10]",56,10
638,2026-01-21T07:06:40.0,2026-01-16T12:44:25.531,"Any[8, 13, 19, 25, 30, 37, 45, 56]",8,56
648,2026-01-21T07:06:40.0,2026-01-23T12:44:25.531,"Any[16, 17, 25, 30, 37, 45, 53]",16,53
678,2026-01-21T07:06:40.0,2026-01-09T12:44:25.531,"Any[6, 11, 19, 25, 30, 37, 45]",6,45
684,2026-01-21T07:06:40.0,2026-01-23T12:44:25.531,"Any[19, 25, 30, 37, 45, 56]",19,56
694,2026-01-21T07:06:40.0,2026-01-23T12:44:25.531,"Any[60, 53, 45, 37, 30, 25, 19, 13, 8]",60,8
705,2026-01-21T07:06:40.0,2026-01-30T12:44:25.531,"Any[13, 19, 25, 30, 37, 45, 56]",13,56
713,2026-01-21T07:06:40.0,2026-01-30T12:44:25.531,"Any[64, 60, 56, 45, 37, 30, 25, 19, 11, 6]",64,6
720,2026-01-21T07:06:40.0,2026-01-30T12:44:25.531,"Any[8, 13, 19, 25, 30, 37, 45, 56]",8,56
732,2026-01-21T07:06:40.0,2026-01-30T12:44:25.531,"Any[10, 19, 25, 30, 37, 45, 53]",10,53
771,2026-01-21T07:06:40.0,2026-01-23T12:44:25.531,"Any[45, 37, 30, 25, 19, 10]",45,10
792,2026-01-21T07:06:40.0,2026-01-09T12:44:25.531,"Any[64, 60, 53, 45, 37, 30, 25, 19, 13, 8]",64,8
816,2026-01-21T07:06:40.0,2026-01-16T12:44:25.531,"Any[1, 6, 11, 19, 23, 36, 44, 54, 60]",1,60
844,2026-01-21T07:06:40.0,2026-01-16T12:44:25.531,"Any[53, 45, 37, 30, 25, 19, 13, 8]",53,8
854,2026-01-21T07:06:40.0,2026-01-30T12:44:25.531,"Any[53, 45, 37, 30, 25, 19, 11, 6, 1]",53,1
907,2026-01-21T07:06:40.0,2026-01-16T12:44:25.531,"Any[8, 13, 19, 25, 30, 37, 45, 56]",8,56
912,2026-01-21T07:06:40.0,2026-01-30T12:44:25.531,"Any[56, 45, 37, 30, 25, 19, 11, 6]",56,6
955,2026-01-21T07:06:40.0,2026-01-30T12:44:25.531,"Any[56, 45, 37, 30, 25]",56,25
976,2026-01-21T07:06:40.0,2026-01-23T12:44:25.531,"Any[17, 16, 17, 25, 30, 37, 45, 53]",17,53
1033,2026-01-21T07:06:40.0,2026-01-16T12:44:25.531,"Any[19, 25, 30, 37, 45, 56]",19,56
1037,2026-01-21T07:06:40.0,2026-01-23T12:44:25.531,"Any[8, 13, 19, 25, 30, 37, 45, 56]",8,56
1057,2026-01-21T07:06:40.0,2026-01-30T12:44:25.531,"Any[53, 45, 37, 30, 25, 19, 11, 6, 1]",53,1
1085,2026-01-21T07:06:40.0,2026-01-23T12:44:25.531,"Any[53, 45, 37, 30, 25, 19, 13, 8]",53,8
1125,2026-01-21T07:06:40.0,2026-01-30T12:44:25.531,"Any[56, 45, 37, 30, 25, 19, 10]",56,10
1150,2026-01-21T07:06:40.0,2026-01-30T12:44:25.531,"Any[60, 53, 45, 37, 30, 25]",60,25
1178,2026-01-21T07:06:40.0,2026-01-16T12:44:25.531,"Any[53, 45, 37, 30, 25, 19, 11, 6, 1]",53,1
1189,2026-01-21T07:06:40.0,2026-01-30T12:44:25.531,"Any[10, 19, 25, 30, 37, 45, 53]",10,53
1268,2026-01-21T07:06:40.0,2026-01-30T12:44:25.531,"Any[60, 56, 45, 37, 30, 25, 19, 11, 6]",60,6
1275,2026-01-21T07:06:40.0,2026-01-16T12:44:25.531,"Any[19, 25, 30, 37, 45, 56]",19,56
1299,2026-01-21T07:06:40.0,2026-01-09T12:44:25.531,"Any[60, 56, 45, 37, 30, 25, 19, 11, 6, 6]",60,6
1308,2026-01-21T07:06:40.0,2026-01-16T12:44:25.531,"Any[56, 45, 37, 30, 25, 19, 10]",56,10
1312,2026-01-21T07:06:40.0,2026-01-16T12:44:25.531,"Any[64, 60, 56, 45, 37, 30, 25, 19, 11, 6]",64,6
1344,2026-01-21T07:06:40.0,2026-01-30T12:44:25.531,"Any[6, 11, 19, 25, 30, 37, 45]",6,45
1352,2026-01-21T07:06:40.0,2026-01-16T12:44:25.531,"Any[8, 13, 19, 25, 30, 37, 45, 56]",8,56
1372,2026-01-21T07:06:40.0,2026-01-23T12:44:25.531,"Any[6, 11, 25, 30, 37, 45, 53]",6,53
1393,2026-01-21T07:06:40.0,2026-01-23T12:44:25.531,"Any[60, 53, 45, 37, 30, 25]",60,25
1433,2026-01-21T07:06:40.0,2026-01-09T12:44:25.531,"Any[53, 45, 37, 30, 25, 19, 13, 8]",53,8
1489,2026-01-21T07:06:40.0,2026-01-09T12:44:25.531,"Any[53, 45, 37, 30, 25, 19, 11, 6, 1]",53,1
1506,2026-01-21T07:06:40.0,2026-01-30T12:44:25.531,"Any[56, 45, 37, 30, 25, 19, 11, 6]",56,6
1540,2026-01-21T07:06:40.0,2026-01-16T12:44:25.531,"Any[1, 6, 11, 16, 25, 30, 37, 45, 56]",1,56
1564,2026-01-21T07:06:40.0,2026-01-09T12:44:25.531,"Any[17, 16, 17, 25, 30, 37, 45, 53]",17,53
1568,2026-01-21T07:06:40.0,2026-01-16T12:44:25.531,"Any[1, 6, 11, 19, 23, 36, 44, 54, 60]",1,60
1593,2026-01-21T07:06:40.0,2026-01-30T12:44:25.531,"Any[7, 8, 13, 19, 25, 30, 37, 45, 53]",7,53
1664,2026-01-21T07:06:40.0,2026-01-09T12:44:25.531,"Any[13, 19, 25, 30, 37, 45, 56]",13,56
1718,2026-01-21T07:06:40.0,2026-01-23T12:44:25.531,"Any[56, 45, 37, 30, 25, 19, 11, 6]",56,6
1721,2026-01-21T07:06:40.0,2026-01-23T12:44:25.531,"Any[8, 13, 25, 30, 37, 45, 56]",8,56
1754,2026-01-21T07:06:40.0,2026-01-09T12:44:25.531,"Any[6, 11, 16, 25, 30, 37, 45, 53]",6,53
1763,2026-01-21T07:06:40.0,2026-01-16T12:44:25.531,"Any[53, 45, 37, 30, 25]",53,25
1769,2026-01-21T07:06:40.0,2026-01-09T12:44:25.531,"Any[19, 25, 30, 37, 45, 56]",19,56
1778,2026-01-21T07:06:40.0,2026-01-09T12:44:25.531,"Any[60, 56, 45, 37, 30, 25, 19, 13, 19, 13, 8]",60,8
1793,2026-01-21T07:06:40.0,2026-01-23T12:44:25.531,"Any[1, 6, 11, 16, 25, 30, 37, 45, 56]",1,56
1822,2026-01-21T07:06:40.0,2026-01-30T12:44:25.531,"Any[56, 45, 37, 30, 25]",56,25
1844,2026-01-21T07:06:40.0,2026-01-23T12:44:25.531,"Any[8, 13, 19, 25, 30, 37, 45, 56]",8,56
1935,2026-01-21T07:06:40.0,2026-01-09T12:44:25.531,"Any[3, 10, 19, 25, 30, 37, 45, 53]",3,53
1940,2026-01-21T07:06:40.0,2026-01-09T12:44:25.531,"Any[45, 37, 30, 25, 19, 10]",45,10
1950,2026-01-21T07:06:40.0,2026-01-30T12:44:25.531,"Any[6, 11, 19, 25, 30, 37, 45]",6,45
1962,2026-01-21T07:06:40.0,2026-01-30T12:44:25.531,"Any[53, 45, 37, 30, 25, 19, 13, 8]",53,8
1967,2026-01-21T07:06:40.0,2026-01-16T12:44:25.531,"Any[53, 45, 37, 30, 25, 19, 13, 8]",53,8
2043,2026-01-21T07:06:40.0,2026-01-30T12:44:25.531,"Any[64, 60, 53, 45, 37, 30, 25, 19, 10]",64,10
2091,2026-01-21T07:06:40.0,2026-01-09T12:44:25.531,"Any[6, 11, 19, 25, 30, 37, 45]",6,45
2120,2026-01-21T07:06:40.0,2026-01-16T12:44:25.531,"Any[10, 11, 19, 25, 30, 37, 45, 53]",10,53
2131,2026-01-21T07:06:40.0,2026-01-16T12:44:25.531,"Any[17, 16, 17, 25, 30, 37, 45, 53]",17,53
2140,2026-01-21T07:06:40.0,2026-01-16T12:44:25.531,"Any[8, 13, 19, 25, 30, 37, 45, 56]",8,56
2149,2026-01-21T07:06:40.0,2026-01-23T12:44:25.531,"Any[1, 6, 11, 16, 25, 30, 37, 45, 56]",1,56
2176,2026-01-21T07:06:40.0,2026-01-09T12:44:25.531,"Any[10, 19, 25, 30, 37, 45, 53]",10,53
2195,2026-01-21T07:06:40.0,2026-01-09T12:44:25.531,"Any[13, 19, 25, 37, 45, 56]",13,56
2197,2026-01-21T07:06:40.0,2026-01-23T12:44:25.531,"Any[3, 10, 19, 25, 30, 37, 45, 53]",3,53
2204,2026-01-21T07:06:40.0,2026-01-30T12:44:25.531,"Any[54, 44, 36, 23, 19, 11, 6, 6]",54,6
2249,2026-01-21T07:06:40.0,2026-01-09T12:44:25.531,"Any[53, 45, 37, 30, 25, 19, 11, 6, 3, 1]",53,1
2254,2026-01-21T07:06:40.0,2026-01-23T12:44:25.531,"Any[64, 60, 56, 45, 37, 30, 25, 19]",64,19
2281,2026-01-21T07:06:40.0,2026-01-09T12:44:25.531,"Any[60, 56, 45, 37, 30, 25]",60,25
2292,2026-01-21T07:06:40.0,2026-01-23T12:44:25.531,"Any[60, 53, 45, 37, 30, 25, 19, 13, 8]",60,8
2311,2026-01-21T07:06:40.0,2026-01-16T12:44:25.531,"Any[60, 53, 45, 37, 30, 25, 19, 10]",60,10
2424,2026-01-21T07:06:40.0,2026-01-16T12:44:25.531,"Any[56, 45, 37, 30, 25, 19, 11, 6]",56,6
2431,2026-01-21T07:06:40.0,2026-01-09T12:44:25.531,"Any[56, 45, 37, 30, 25, 19, 11, 6]",56,6
2448,2026-01-21T07:06:40.0,2026-01-16T12:44:25.531,"Any[56, 45, 37, 30, 25, 19, 11, 6]",56,6
2463,2026-01-21T07:06:40.0,2026-01-09T12:44:25.531,"Any[56, 45, 37, 30, 25, 19, 10]",56,10
2563,2026-01-21T07:06:40.0,2026-01-09T12:44:25.531,"Any[53, 45, 37, 30, 25, 19, 13, 8]",53,8
2574,2026-01-21T07:06:40.0,2026-01-23T12:44:25.531,"Any[53, 45, 37, 30, 25, 19, 13, 8]",53,8
2576,2026-01-21T07:06:40.0,2026-01-30T12:44:25.531,"Any[53, 45, 37, 30, 25, 19, 13, 8]",53,8
2595,2026-01-21T07:06:40.0,2026-01-23T12:44:25.531,"Any[53, 45, 37, 30, 25, 19, 13, 8]",53,8
2608,2026-01-21T07:06:40.0,2026-01-16T12:44:25.531,"Any[53, 45, 37, 30, 25, 19, 13, 8]",53,8
2613,2026-01-21T07:06:40.0,2026-01-16T12:44:25.531,"Any[53, 45, 37, 30, 25, 19, 13, 8]",53,8
2615,2026-01-21T07:06:40.0,2026-01-23T12:44:25.531,"Any[53, 45, 37, 30, 25, 19, 13, 8]",53,8
2623,2026-01-21T07:06:40.0,2026-01-23T12:44:25.531,"Any[53, 45, 37, 30, 25, 19, 13, 8]",53,8
2624,2026-01-21T07:06:40.0,2026-01-09T12:44:25.531,"Any[53, 45, 37, 30, 25, 19, 13, 8]",53,8
2630,2026-01-21T07:06:40.0,2026-01-16T12:44:25.531,"Any[53, 45, 37, 30, 25, 19, 13, 8]",53,8
2654,2026-01-21T07:06:40.0,2026-01-30T12:44:25.531,"Any[53, 45, 37, 30, 25, 19, 11, 6, 1]",53,1
2758,2026-01-21T07:06:40.0,2026-01-09T12:44:25.531,"Any[19, 25, 30, 37, 45, 56]",19,56
2766,2026-01-21T07:06:40.0,2026-01-23T12:44:25.531,"Any[19, 25, 30, 37, 45, 56]",19,56
2808,2026-01-21T07:06:40.0,2026-01-09T12:44:25.531,"Any[8, 13, 25, 30, 37, 45, 56]",8,56
2809,2026-01-21T07:06:40.0,2026-01-30T12:44:25.531,"Any[8, 13, 25, 30, 37, 45, 56]",8,56
2822,2026-01-21T07:06:40.0,2026-01-16T12:44:25.531,"Any[8, 13, 19, 25, 30, 37, 45, 56]",8,56
2836,2026-01-21T07:06:40.0,2026-01-16T12:44:25.531,"Any[8, 13, 19, 25, 30, 37, 45, 56]",8,56
2872,2026-01-21T07:06:40.0,2026-01-30T12:44:25.531,"Any[8, 13, 19, 25, 30, 37, 45, 56]",8,56
2903,2026-01-21T07:06:40.0,2026-01-23T12:44:25.531,"Any[1, 6, 11, 19, 23, 28, 36, 44, 54, 60]",1,60
2977,2026-01-21T07:06:40.0,2026-01-30T12:44:25.531,"Any[6, 11, 19, 25, 30, 37, 45, 53]",6,53
2995,2026-01-21T07:06:40.0,2026-01-23T12:44:25.531,"Any[10, 19, 25, 30, 37, 45, 53]",10,53
3006,2026-01-21T07:06:40.0,2026-01-30T12:44:25.531,"Any[10, 19, 25, 30, 37, 45, 53]",10,53
3013,2026-01-21T07:06:40.0,2026-01-30T12:44:25.531,"Any[10, 11, 19, 25, 30, 37, 45, 53]",10,53
3014,2026-01-21T07:06:40.0,2026-01-30T12:44:25.531,"Any[10, 19, 25, 30, 37, 45, 53]",10,53
3028,2026-01-21T07:06:40.0,2026-01-23T12:44:25.531,"Any[10, 19, 25, 30, 37, 45, 53]",10,53
3031,2026-01-21T07:06:40.0,2026-01-30T12:44:25.531,"Any[10, 19, 25, 30, 37, 45, 53]",10,53
3105,2026-01-21T07:06:40.0,2026-01-30T12:44:25.531,"Any[10, 19, 25, 30, 37, 45, 53]",10,53
3111,2026-01-21T07:06:40.0,2026-01-23T12:44:25.531,"Any[10, 19, 30, 37, 45, 53]",10,53
3121,2026-01-21T07:06:40.0,2026-01-16T12:44:25.531,"Any[10, 19, 30, 37, 45, 53]",10,53
3133,2026-01-21T07:06:40.0,2026-01-09T12:44:25.531,"Any[10, 11, 19, 25, 30, 37, 45, 53]",10,53
3150,2026-01-21T07:06:40.0,2026-01-09T12:44:25.531,"Any[10, 19, 25, 30, 37, 45, 53]",10,53
3178,2026-01-21T07:06:40.0,2026-01-30T12:44:25.531,"Any[10, 19, 25, 30, 37, 45, 53]",10,53
3186,2026-01-21T07:06:40.0,2026-01-23T12:44:25.531,"Any[10, 19, 25, 30, 37, 45, 53]",10,53
10,2026-01-24T13:20:00.0,2026-01-12T18:57:45.531,"Any[7, 8, 13, 19, 25, 30, 37, 45, 53]",7,53
12,2026-01-24T13:20:00.0,2026-01-26T18:57:45.531,"Any[56, 45, 37, 30, 25, 19, 11, 6, 6]",56,6
15,2026-01-24T13:20:00.0,2026-01-12T18:57:45.531,"Any[1, 6, 11, 19, 25, 30, 37, 45, 56]",1,56
16,2026-01-24T13:20:00.0,2026-01-19T18:57:45.531,"Any[60, 53, 45, 37, 30, 25]",60,25
17,2026-01-24T13:20:00.0,2026-01-12T18:57:45.531,"Any[19, 25, 30, 37, 45, 56]",19,56
19,2026-01-24T13:20:00.0,2026-01-26T18:57:45.531,"Any[19, 25, 30, 37, 45, 53, 60]",19,60
21,2026-01-24T13:20:00.0,2026-01-12T18:57:45.531,"Any[64, 60, 53, 45, 37, 30, 25, 19, 11, 6, 1]",64,1
22,2026-01-24T13:20:00.0,2026-01-26T18:57:45.531,"Any[3, 6, 11, 19, 25, 30, 37, 45]",3,45
27,2026-01-24T13:20:00.0,2026-01-12T18:57:45.531,"Any[8, 13, 19, 25, 30, 37, 45, 56]",8,56
30,2026-01-24T13:20:00.0,2026-01-12T18:57:45.531,"Any[6, 11, 19, 25, 30, 37, 45, 53]",6,53
34,2026-01-24T13:20:00.0,2026-01-12T18:57:45.531,"Any[10, 19, 25, 30, 37, 45, 53]",10,53
38,2026-01-24T13:20:00.0,2026-01-26T18:57:45.531,"Any[61, 53, 45, 37, 30, 25, 19, 11, 6]",61,6
44,2026-01-24T13:20:00.0,2026-01-12T18:57:45.531,"Any[60, 53, 45, 37, 30, 25, 19, 10]",60,10
48,2026-01-24T13:20:00.0,2026-01-12T18:57:45.531,"Any[64, 60, 53, 45, 37, 30, 25, 19, 11, 6, 1]",64,1
49,2026-01-24T13:20:00.0,2026-02-02T18:57:45.531,"Any[64, 53, 45, 37, 30, 25, 19, 10]",64,10
51,2026-01-24T13:20:00.0,2026-01-12T18:57:45.531,"Any[45, 37, 30, 25]",45,25
52,2026-01-24T13:20:00.0,2026-01-19T18:57:45.531,"Any[1, 6, 11, 19, 25, 30, 37, 45, 56]",1,56
53,2026-01-24T13:20:00.0,2026-01-12T18:57:45.531,"Any[60, 53, 45, 37, 30, 25, 19, 13, 8]",60,8
64,2026-01-24T13:20:00.0,2026-01-19T18:57:45.531,"Any[3, 6, 11, 16, 25, 30, 37, 45, 56]",3,56
71,2026-01-24T13:20:00.0,2026-01-19T18:57:45.531,"Any[2, 9, 21, 27, 31, 36, 45, 55]",2,55
74,2026-01-24T13:20:00.0,2026-01-12T18:57:45.531,"Any[62, 45, 37, 30, 25, 19, 11, 6]",62,6
78,2026-01-24T13:20:00.0,2026-01-12T18:57:45.531,"Any[56, 45, 37, 30, 25, 19, 10]",56,10
79,2026-01-24T13:20:00.0,2026-01-12T18:57:45.531,"Any[1, 6, 11, 19, 23, 28, 36, 44, 54, 60]",1,60
81,2026-01-24T13:20:00.0,2026-01-12T18:57:45.531,"Any[60, 53, 45, 37, 30, 25]",60,25
84,2026-01-24T13:20:00.0,2026-01-19T18:57:45.531,"Any[1, 6, 11, 19, 25, 30, 37, 45, 56]",1,56
88,2026-01-24T13:20:00.0,2026-01-26T18:57:45.531,"Any[64, 60, 53, 45, 37, 30, 25, 19, 13, 8]",64,8
89,2026-01-24T13:20:00.0,2026-01-26T18:57:45.531,"Any[16, 25, 30, 37, 45, 53]",16,53
95,2026-01-24T13:20:00.0,2026-01-12T18:57:45.531,"Any[17, 16, 17, 25, 30, 37, 45, 53, 60]",17,60
96,2026-01-24T13:20:00.0,2026-01-19T18:57:45.531,"Any[60, 53, 45, 37, 30, 25, 19, 13, 8]",60,8
115,2026-01-24T13:20:00.0,2026-02-02T18:57:45.531,"Any[19, 25, 30, 37, 45, 56]",19,56
119,2026-01-24T13:20:00.0,2026-01-19T18:57:45.531,"Any[60, 56, 45, 37, 30, 25, 19, 13, 8]",60,8
122,2026-01-24T13:20:00.0,2026-01-19T18:57:45.531,"Any[25, 30, 37, 45, 53, 60, 64]",25,64
126,2026-01-24T13:20:00.0,2026-01-12T18:57:45.531,"Any[64, 60, 53, 45, 37, 30, 25, 19, 10]",64,10
130,2026-01-24T13:20:00.0,2026-02-02T18:57:45.531,"Any[64, 53, 45, 37, 30, 25, 19, 10]",64,10
131,2026-01-24T13:20:00.0,2026-01-26T18:57:45.531,"Any[10, 19, 25, 30, 37, 45, 53]",10,53
132,2026-01-24T13:20:00.0,2026-01-19T18:57:45.531,"Any[10, 19, 25, 30, 37, 45, 53]",10,53
134,2026-01-24T13:20:00.0,2026-02-02T18:57:45.531,"Any[64, 60, 53, 45, 37, 30, 25, 19, 10]",64,10
144,2026-01-24T13:20:00.0,2026-01-12T18:57:45.531,"Any[7, 8, 13, 19, 25, 30, 37, 45, 53, 60]",7,60
145,2026-01-24T13:20:00.0,2026-02-02T18:57:45.531,"Any[10, 19, 25, 30, 37, 45, 53]",10,53
152,2026-01-24T13:20:00.0,2026-01-12T18:57:45.531,"Any[9, 15, 26, 31, 36, 44, 54]",9,54
160,2026-01-24T13:20:00.0,2026-01-12T18:57:45.531,"Any[54, 44, 36, 23, 19, 13, 8]",54,8
163,2026-01-24T13:20:00.0,2026-01-26T18:57:45.531,"Any[3, 6, 11, 16, 25, 30, 37, 45, 56]",3,56
174,2026-01-24T13:20:00.0,2026-01-19T18:57:45.531,"Any[6, 11, 19, 25, 30, 37, 45, 53]",6,53
183,2026-01-24T13:20:00.0,2026-01-19T18:57:45.531,"Any[7, 8, 13, 19, 25, 30, 37, 45, 53, 60]",7,60
184,2026-01-24T13:20:00.0,2026-01-12T18:57:45.531,"Any[53, 45, 37, 30, 25, 19, 11, 6, 1]",53,1
185,2026-01-24T13:20:00.0,2026-01-12T18:57:45.531,"Any[8, 13, 19, 25, 30, 37, 45, 56]",8,56
190,2026-01-24T13:20:00.0,2026-02-02T18:57:45.531,"Any[64, 60, 53, 45, 37, 30, 25, 19, 10]",64,10
191,2026-01-24T13:20:00.0,2026-01-12T18:57:45.531,"Any[56, 45, 37, 30, 25, 19, 11, 6]",56,6
209,2026-01-24T13:20:00.0,2026-01-19T18:57:45.531,"Any[53, 45, 37, 30, 25, 19, 11, 6, 1]",53,1
216,2026-01-24T13:20:00.0,2026-02-02T18:57:45.531,"Any[17, 25, 30, 37, 45, 53]",17,53
218,2026-01-24T13:20:00.0,2026-01-26T18:57:45.531,"Any[56, 45, 37, 30, 25, 19, 10]",56,10
223,2026-01-24T13:20:00.0,2026-01-26T18:57:45.531,"Any[8, 13, 19, 25, 30, 37, 45, 56]",8,56
227,2026-01-24T13:20:00.0,2026-02-02T18:57:45.531,"Any[10, 19, 25, 30, 37, 45, 53]",10,53
230,2026-01-24T13:20:00.0,2026-01-19T18:57:45.531,"Any[53, 45, 37, 30, 25, 19, 13, 8]",53,8
232,2026-01-24T13:20:00.0,2026-02-02T18:57:45.531,"Any[53, 45, 37, 30, 25]",53,25
247,2026-01-24T13:20:00.0,2026-01-12T18:57:45.531,"Any[1, 6, 11, 19, 25, 30, 37, 45, 56]",1,56
248,2026-01-24T13:20:00.0,2026-01-19T18:57:45.531,"Any[19, 25, 30, 37, 45, 56]",19,56
249,2026-01-24T13:20:00.0,2026-01-19T18:57:45.531,"Any[19, 25, 30, 37, 45, 56]",19,56
258,2026-01-24T13:20:00.0,2026-01-12T18:57:45.531,"Any[53, 45, 37, 30, 25]",53,25
263,2026-01-24T13:20:00.0,2026-01-19T18:57:45.531,"Any[64, 60, 53, 45, 37, 30, 25, 19, 13, 8]",64,8
265,2026-01-24T13:20:00.0,2026-01-19T18:57:45.531,"Any[8, 13, 19, 25, 30, 37, 45, 56]",8,56
268,2026-01-24T13:20:00.0,2026-01-19T18:57:45.531,"Any[56, 45, 37, 30, 25, 19, 11, 6]",56,6
275,2026-01-24T13:20:00.0,2026-01-12T18:57:45.531,"Any[60, 56, 45, 37, 30, 25, 19, 11, 6]",60,6
276,2026-01-24T13:20:00.0,2026-01-19T18:57:45.531,"Any[8, 13, 19, 25, 30, 37, 45, 56]",8,56
281,2026-01-24T13:20:00.0,2026-01-12T18:57:45.531,"Any[60, 53, 45, 37, 30, 25, 19, 11, 6]",60,6
291,2026-01-24T13:20:00.0,2026-01-12T18:57:45.531,"Any[6, 11, 19, 25, 30, 37, 45]",6,45
298,2026-01-24T13:20:00.0,2026-01-12T18:57:45.531,"Any[6, 11, 19, 25, 30, 37, 45, 53]",6,53
304,2026-01-24T13:20:00.0,2026-01-19T18:57:45.531,"Any[64, 60, 53, 45, 37, 30, 25, 19, 13, 8]",64,8
316,2026-01-24T13:20:00.0,2026-02-02T18:57:45.531,"Any[60, 56, 45, 37, 30, 25, 19, 11, 6]",60,6
318,2026-01-24T13:20:00.0,2026-01-26T18:57:45.531,"Any[64, 60, 53, 45, 37, 30, 25, 19, 11, 6, 1]",64,1
321,2026-01-24T13:20:00.0,2026-01-26T18:57:45.531,"Any[62, 45, 37, 30, 25, 19]",62,19
323,2026-01-24T13:20:00.0,2026-02-02T18:57:45.531,"Any[53, 45, 37, 30, 25]",53,25
326,2026-01-24T13:20:00.0,2026-01-26T18:57:45.531,"Any[53, 45, 37, 30, 25, 19, 11, 6, 1]",53,1
333,2026-01-24T13:20:00.0,2026-01-26T18:57:45.531,"Any[1, 6, 11, 19, 25, 30, 37, 45, 53, 60]",1,60
334,2026-01-24T13:20:00.0,2026-01-26T18:57:45.531,"Any[1, 6, 11, 19, 25, 30, 37, 45, 56]",1,56
351,2026-01-24T13:20:00.0,2026-01-19T18:57:45.531,"Any[19, 25, 30, 37, 45, 56]",19,56
359,2026-01-24T13:20:00.0,2026-01-19T18:57:45.531,"Any[53, 45, 37, 30, 25, 19, 13, 8]",53,8
362,2026-01-24T13:20:00.0,2026-01-19T18:57:45.531,"Any[56, 45, 37, 30, 25]",56,25
370,2026-01-24T13:20:00.0,2026-01-26T18:57:45.531,"Any[7, 8, 13, 19, 25, 30, 37, 45, 53]",7,53
373,2026-01-24T13:20:00.0,2026-01-12T18:57:45.531,"Any[10, 19, 25, 30, 37, 45, 53]",10,53
375,2026-01-24T13:20:00.0,2026-01-19T18:57:45.531,"Any[53, 45, 37, 30, 25]",53,25
388,2026-01-24T13:20:00.0,2026-01-12T18:57:45.531,"Any[53, 45, 37, 30, 25, 17, 11, 6, 1]",53,1
396,2026-01-24T13:20:00.0,2026-01-26T18:57:45.531,"Any[5, 6, 11, 19, 25, 30, 37, 45, 56]",5,56
412,2026-01-24T13:20:00.0,2026-02-02T18:57:45.531,"Any[54, 44, 36, 23, 19, 11, 6]",54,6
415,2026-01-24T13:20:00.0,2026-02-02T18:57:45.531,"Any[6, 11, 19, 25, 30, 37, 45]",6,45
417,2026-01-24T13:20:00.0,2026-01-12T18:57:45.531,"Any[1, 6, 11, 19, 25, 30, 37, 45, 56]",1,56
418,2026-01-24T13:20:00.0,2026-01-26T18:57:45.531,"Any[53, 45, 37, 30, 25, 19, 13, 8]",53,8
422,2026-01-24T13:20:00.0,2026-01-12T18:57:45.531,"Any[64, 53, 45, 37, 30, 25, 19, 11, 6, 1]",64,1
428,2026-01-24T13:20:00.0,2026-01-26T18:57:45.531,"Any[6, 11, 19, 25, 30, 37, 45]",6,45
434,2026-01-24T13:20:00.0,2026-01-26T18:57:45.531,"Any[60, 56, 45, 37, 30, 25, 19, 11, 6]",60,6
438,2026-01-24T13:20:00.0,2026-02-02T18:57:45.531,"Any[8, 13, 19, 25, 30, 37, 45, 56]",8,56
439,2026-01-24T13:20:00.0,2026-02-02T18:57:45.531,"Any[10, 19, 25, 30, 37, 45, 53]",10,53
446,2026-01-24T13:20:00.0,2026-01-12T18:57:45.531,"Any[19, 25, 30, 37, 45, 53, 60]",19,60
449,2026-01-24T13:20:00.0,2026-02-02T18:57:45.531,"Any[53, 45, 37, 30, 25, 19, 11, 6, 1]",53,1
455,2026-01-24T13:20:00.0,2026-02-02T18:57:45.531,"Any[8, 13, 19, 25, 30, 37, 45, 56]",8,56
456,2026-01-24T13:20:00.0,2026-01-12T18:57:45.531,"Any[5, 6, 11, 19, 25, 30, 37, 45]",5,45
458,2026-01-24T13:20:00.0,2026-01-12T18:57:45.531,"Any[17, 25, 30, 37, 45, 53]",17,53
471,2026-01-24T13:20:00.0,2026-01-26T18:57:45.531,"Any[64, 60, 56, 45, 37, 30, 25, 19, 13, 8]",64,8
474,2026-01-24T13:20:00.0,2026-02-02T18:57:45.531,"Any[17, 16, 25, 30, 37, 45, 53]",17,53
475,2026-01-24T13:20:00.0,2026-01-26T18:57:45.531,"Any[60, 53, 45, 37, 30, 25, 19, 10]",60,10
480,2026-01-24T13:20:00.0,2026-01-19T18:57:45.531,"Any[14, 19, 25, 30, 37, 45, 53]",14,53
484,2026-01-24T13:20:00.0,2026-02-02T18:57:45.531,"Any[53, 45, 37, 30, 25, 19, 13, 8]",53,8
496,2026-01-24T13:20:00.0,2026-01-12T18:57:45.531,"Any[64, 60, 53, 45, 37, 30, 25, 19, 10]",64,10
497,2026-01-24T13:20:00.0,2026-01-19T18:57:45.531,"Any[64, 56, 45, 37, 30, 25, 19, 11, 6]",64,6
503,2026-01-24T13:20:00.0,2026-02-02T18:57:45.531,"Any[3, 10, 11, 19, 25, 30, 37, 45]",3,45
507,2026-01-24T13:20:00.0,2026-01-26T18:57:45.531,"Any[60, 53, 45, 37, 30, 25, 19, 10]",60,10
509,2026-01-24T13:20:00.0,2026-01-26T18:57:45.531,"Any[64, 60, 53, 45, 37, 30, 25, 19, 10]",64,10
519,2026-01-24T13:20:00.0,2026-01-19T18:57:45.531,"Any[53, 45, 37, 30, 25, 19, 13, 8]",53,8
527,2026-01-24T13:20:00.0,2026-01-26T18:57:45.531,"Any[56, 45, 37, 30, 25]",56,25
529,2026-01-24T13:20:00.0,2026-02-02T18:57:45.531,"Any[60, 56, 45, 37, 30, 25, 19, 11, 6]",60,6
530,2026-01-24T13:20:00.0,2026-01-12T18:57:45.531,"Any[61, 53, 45, 37, 30, 25, 19, 11, 6]",61,6
531,2026-01-24T13:20:00.0,2026-01-12T18:57:45.531,"Any[7, 8, 13, 19, 25, 30, 37, 45, 53]",7,53
533,2026-01-24T13:20:00.0,2026-02-02T18:57:45.531,"Any[64, 60, 53, 45, 37, 30, 25, 19, 11, 6]",64,6
544,2026-01-24T13:20:00.0,2026-01-19T18:57:45.531,"Any[8, 13, 19, 25, 30, 37, 45]",8,45
545,2026-01-24T13:20:00.0,2026-01-12T18:57:45.531,"Any[64, 53, 45, 37, 30, 25, 19, 10]",64,10
556,2026-01-24T13:20:00.0,2026-01-26T18:57:45.531,"Any[60, 53, 45, 37, 30, 25, 19, 17, 19, 11, 6]",60,6
571,2026-01-24T13:20:00.0,2026-02-02T18:57:45.531,"Any[53, 45, 37, 30, 25]",53,25
578,2026-01-24T13:20:00.0,2026-01-19T18:57:45.531,"Any[53, 45, 37, 30, 25, 19, 11, 6, 1]",53,1
579,2026-01-24T13:20:00.0,2026-01-19T18:57:45.531,"Any[64, 60, 53, 45, 37, 30, 25, 19, 10]",64,10
580,2026-01-24T13:20:00.0,2026-01-12T18:57:45.531,"Any[6, 11, 19, 25, 30, 37, 45]",6,45
590,2026-01-24T13:20:00.0,2026-02-02T18:57:45.531,"Any[3, 10, 19, 25, 30, 37, 45, 53]",3,53
602,2026-01-24T13:20:00.0,2026-01-19T18:57:45.531,"Any[60, 53, 45, 37, 30, 25, 19, 10]",60,10
612,2026-01-24T13:20:00.0,2026-01-26T18:57:45.531,"Any[60, 56, 45, 37, 30, 25]",60,25
616,2026-01-24T13:20:00.0,2026-01-12T18:57:45.531,"Any[7, 8, 13, 19, 25, 30, 37, 45, 53, 60]",7,60
620,2026-01-24T13:20:00.0,2026-02-02T18:57:45.531,"Any[60, 56, 45, 37, 30, 25, 19, 17, 19, 11, 6]",60,6
623,2026-01-24T13:20:00.0,2026-01-26T18:57:45.531,"Any[53, 45, 37, 30, 25, 19, 13, 8]",53,8
628,2026-01-24T13:20:00.0,2026-02-02T18:57:45.531,"Any[6, 11, 16, 25, 30, 37, 45]",6,45
629,2026-01-24T13:20:00.0,2026-01-19T18:57:45.531,"Any[8, 13, 19, 25, 30, 37, 45, 56]",8,56
631,2026-01-24T13:20:00.0,2026-01-12T18:57:45.531,"Any[64, 53, 45, 37, 30, 25, 19, 10]",64,10
633,2026-01-24T13:20:00.0,2026-01-26T18:57:45.531,"Any[56, 45, 37, 30, 25, 19, 11, 6, 6]",56,6
639,2026-01-24T13:20:00.0,2026-02-02T18:57:45.531,"Any[8, 13, 19, 25, 30, 37, 45, 56]",8,56
644,2026-01-24T13:20:00.0,2026-02-02T18:57:45.531,"Any[6, 11, 19, 25, 30, 37, 45, 53]",6,53
645,2026-01-24T13:20:00.0,2026-02-02T18:57:45.531,"Any[53, 45, 37, 30, 25, 19, 11, 6, 1]",53,1
647,2026-01-24T13:20:00.0,2026-02-02T18:57:45.531,"Any[6, 11, 19, 25, 30, 37, 45]",6,45
650,2026-01-24T13:20:00.0,2026-01-19T18:57:45.531,"Any[6, 11, 16, 25, 30, 37, 45]",6,45
662,2026-01-24T13:20:00.0,2026-02-02T18:57:45.531,"Any[6, 11, 19, 25, 30, 37, 45]",6,45
668,2026-01-24T13:20:00.0,2026-01-12T18:57:45.531,"Any[64, 53, 45, 37, 30, 25, 19, 13, 8]",64,8
669,2026-01-24T13:20:00.0,2026-01-19T18:57:45.531,"Any[53, 45, 37, 30, 25, 19, 13, 8]",53,8
670,2026-01-24T13:20:00.0,2026-02-02T18:57:45.531,"Any[6, 11, 19, 25, 30, 37, 45]",6,45
680,2026-01-24T13:20:00.0,2026-01-12T18:57:45.531,"Any[56, 45, 37, 30, 25, 19, 11, 6]",56,6
681,2026-01-24T13:20:00.0,2026-02-02T18:57:45.531,"Any[64, 53, 45, 37, 30, 25, 19, 10]",64,10
685,2026-01-24T13:20:00.0,2026-01-19T18:57:45.531,"Any[7, 8, 13, 19, 25, 30, 37, 45, 53, 60]",7,60
691,2026-01-24T13:20:00.0,2026-02-02T18:57:45.531,"Any[56, 45, 37, 30, 25, 19, 11, 6]",56,6
702,2026-01-24T13:20:00.0,2026-01-19T18:57:45.531,"Any[1, 6, 11, 19, 25, 30, 37, 45, 56]",1,56
704,2026-01-24T13:20:00.0,2026-01-12T18:57:45.531,"Any[64, 53, 45, 37, 30, 25, 19, 13, 8]",64,8
706,2026-01-24T13:20:00.0,2026-02-02T18:57:45.531,"Any[6, 11, 19, 25, 30, 37, 45, 53]",6,53
710,2026-01-24T13:20:00.0,2026-01-19T18:57:45.531,"Any[8, 13, 19, 25, 30, 37, 45, 56]",8,56
717,2026-01-24T13:20:00.0,2026-02-02T18:57:45.531,"Any[53, 45, 37, 30, 25]",53,25
731,2026-01-24T13:20:00.0,2026-01-19T18:57:45.531,"Any[56, 45, 37, 30, 25, 19, 13, 8, 7]",56,7
742,2026-01-24T13:20:00.0,2026-01-19T18:57:45.531,"Any[62, 45, 37, 30, 25, 19, 11, 6, 6, 1]",62,6
744,2026-01-24T13:20:00.0,2026-01-26T18:57:45.531,"Any[8, 13, 19, 25, 30, 37, 45, 56]",8,56
747,2026-01-24T13:20:00.0,2026-01-12T18:57:45.531,"Any[8, 13, 19, 25, 30, 37, 45, 56]",8,56
748,2026-01-24T13:20:00.0,2026-01-26T18:57:45.531,"Any[64, 60, 56, 45, 37, 30, 25, 19]",64,19
752,2026-01-24T13:20:00.0,2026-01-19T18:57:45.531,"Any[56, 45, 37, 45, 50, 45, 37, 30, 25]",56,25
764,2026-01-24T13:20:00.0,2026-02-02T18:57:45.531,"Any[53, 45, 37, 30, 25, 19, 11, 6, 1]",53,1
769,2026-01-24T13:20:00.0,2026-01-19T18:57:45.531,"Any[10, 19, 25, 30, 37, 45, 53]",10,53
770,2026-01-24T13:20:00.0,2026-02-02T18:57:45.531,"Any[7, 8, 13, 19, 25, 30, 37, 45, 53]",7,53
774,2026-01-24T13:20:00.0,2026-02-02T18:57:45.531,"Any[53, 45, 37, 30, 25, 19, 11, 6, 1]",53,1
778,2026-01-24T13:20:00.0,2026-02-02T18:57:45.531,"Any[64, 60, 56, 45, 37, 30, 25, 19, 11, 6, 1]",64,1
785,2026-01-24T13:20:00.0,2026-02-02T18:57:45.531,"Any[60, 53, 45, 37, 30, 25, 19, 13, 8]",60,8
786,2026-01-24T13:20:00.0,2026-01-26T18:57:45.531,"Any[53, 45, 37, 30, 25, 19, 11, 6, 1]",53,1
788,2026-01-24T13:20:00.0,2026-01-19T18:57:45.531,"Any[10, 19, 25, 30, 37, 45, 53]",10,53
790,2026-01-24T13:20:00.0,2026-01-26T18:57:45.531,"Any[7, 8, 13, 19, 25, 30, 37, 45, 53]",7,53
791,2026-01-24T13:20:00.0,2026-01-12T18:57:45.531,"Any[64, 60, 56, 45, 37, 30, 25, 19, 11, 6]",64,6
803,2026-01-24T13:20:00.0,2026-01-26T18:57:45.531,"Any[9, 15, 26, 31, 36, 44, 54, 60]",9,60
827,2026-01-24T13:20:00.0,2026-02-02T18:57:45.531,"Any[7, 8, 13, 19, 25, 30, 37, 45, 53, 60]",7,60
841,2026-01-24T13:20:00.0,2026-01-19T18:57:45.531,"Any[45, 37, 30, 25, 19, 10]",45,10
842,2026-01-24T13:20:00.0,2026-02-02T18:57:45.531,"Any[6, 11, 19, 25, 30, 37, 45]",6,45
845,2026-01-24T13:20:00.0,2026-01-26T18:57:45.531,"Any[6, 11, 19, 25, 30, 37, 45]",6,45
847,2026-01-24T13:20:00.0,2026-01-26T18:57:45.531,"Any[19, 25, 30, 37, 45, 56]",19,56
855,2026-01-24T13:20:00.0,2026-02-02T18:57:45.531,"Any[6, 11, 19, 25, 30, 37, 45, 53]",6,53
863,2026-01-24T13:20:00.0,2026-01-12T18:57:45.531,"Any[53, 45, 37, 30, 25]",53,25
865,2026-01-24T13:20:00.0,2026-01-12T18:57:45.531,"Any[5, 6, 10, 19, 25, 30, 37, 45, 56]",5,56
868,2026-01-24T13:20:00.0,2026-01-19T18:57:45.531,"Any[6, 11, 19, 25, 30, 37, 45, 53]",6,53
874,2026-01-24T13:20:00.0,2026-01-26T18:57:45.531,"Any[17, 16, 25, 30, 37, 45, 56]",17,56
893,2026-01-24T13:20:00.0,2026-02-02T18:57:45.531,"Any[64, 60, 56, 45, 37, 30, 25, 19, 13, 8]",64,8
896,2026-01-24T13:20:00.0,2026-01-26T18:57:45.531,"Any[60, 56, 45, 37, 30, 25, 19, 11, 6]",60,6
908,2026-01-24T13:20:00.0,2026-01-19T18:57:45.531,"Any[60, 56, 45, 37, 30, 25, 19, 17, 19, 11, 6]",60,6
909,2026-01-24T13:20:00.0,2026-01-19T18:57:45.531,"Any[56, 45, 37, 30, 25, 19, 11, 6]",56,6
914,2026-01-24T13:20:00.0,2026-02-02T18:57:45.531,"Any[8, 13, 19, 25, 30, 37, 45, 56]",8,56
916,2026-01-24T13:20:00.0,2026-01-12T18:57:45.531,"Any[19, 25, 30, 37, 45, 56]",19,56
918,2026-01-24T13:20:00.0,2026-02-02T18:57:45.531,"Any[10, 19, 25, 30, 37, 45, 53]",10,53
926,2026-01-24T13:20:00.0,2026-02-02T18:57:45.531,"Any[53, 45, 37, 30, 25]",53,25
945,2026-01-24T13:20:00.0,2026-01-26T18:57:45.531,"Any[60, 56, 45, 37, 30, 25, 19, 13, 8]",60,8
946,2026-01-24T13:20:00.0,2026-01-12T18:57:45.531,"Any[53, 45, 37, 30, 25]",53,25
948,2026-01-24T13:20:00.0,2026-01-26T18:57:45.531,"Any[7, 8, 13, 19, 25, 30, 37, 45, 53, 60]",7,60
951,2026-01-24T13:20:00.0,2026-02-02T18:57:45.531,"Any[60, 53, 45, 37, 30, 25, 19, 13, 8]",60,8
952,2026-01-24T13:20:00.0,2026-02-02T18:57:45.531,"Any[56, 45, 37, 30, 25, 19, 11, 6]",56,6
954,2026-01-24T13:20:00.0,2026-01-19T18:57:45.531,"Any[60, 53, 45, 37, 30, 25, 19, 11, 6, 6]",60,6
970,2026-01-24T13:20:00.0,2026-01-26T18:57:45.531,"Any[64, 60, 53, 45, 37, 30, 25, 19, 10]",64,10
974,2026-01-24T13:20:00.0,2026-02-02T18:57:45.531,"Any[19, 25, 30, 37, 45, 56]",19,56
978,2026-01-24T13:20:00.0,2026-01-19T18:57:45.531,"Any[19, 25, 30, 37, 45, 53, 60]",19,60
982,2026-01-24T13:20:00.0,2026-01-26T18:57:45.531,"Any[53, 45, 37, 30, 25, 19, 13, 8]",53,8
984,2026-01-24T13:20:00.0,2026-01-26T18:57:45.531,"Any[53, 45, 37, 30, 25, 19, 11, 6, 1]",53,1
995,2026-01-24T13:20:00.0,2026-02-02T18:57:45.531,"Any[56, 45, 37, 30, 25, 19, 10]",56,10
998,2026-01-24T13:20:00.0,2026-01-26T18:57:45.531,"Any[17, 16, 17, 25, 30, 37, 45, 53, 60]",17,60
1009,2026-01-24T13:20:00.0,2026-01-12T18:57:45.531,"Any[60, 56, 45, 37, 30, 25, 19, 11, 6]",60,6
1011,2026-01-24T13:20:00.0,2026-01-12T18:57:45.531,"Any[56, 45, 37, 30, 25, 19, 11, 6, 6, 1]",56,6
1012,2026-01-24T13:20:00.0,2026-01-19T18:57:45.531,"Any[16, 17, 25, 30, 37, 45, 53]",16,53
1016,2026-01-24T13:20:00.0,2026-02-02T18:57:45.531,"Any[19, 25, 30, 37, 45, 56]",19,56
1027,2026-01-24T13:20:00.0,2026-01-12T18:57:45.531,"Any[7, 8, 13, 19, 25, 30, 37, 45, 53]",7,53
1034,2026-01-24T13:20:00.0,2026-01-12T18:57:45.531,"Any[6, 11, 19, 25, 30, 37, 45]",6,45
1035,2026-01-24T13:20:00.0,2026-01-12T18:57:45.531,"Any[2, 9, 21, 27, 31, 36, 45, 55]",2,55
1041,2026-01-24T13:20:00.0,2026-01-12T18:57:45.531,"Any[8, 13, 19, 25, 30, 37, 45, 56]",8,56
1052,2026-01-24T13:20:00.0,2026-01-19T18:57:45.531,"Any[60, 56, 45, 37, 30, 25, 19, 13, 8]",60,8
1062,2026-01-24T13:20:00.0,2026-01-12T18:57:45.531,"Any[13, 19, 25, 30, 37, 45, 56]",13,56
1064,2026-01-24T13:20:00.0,2026-01-26T18:57:45.531,"Any[19, 25, 30, 37, 45, 56]",19,56
1069,2026-01-24T13:20:00.0,2026-01-12T18:57:45.531,"Any[8, 13, 19, 25, 30, 37, 45, 56]",8,56
1073,2026-01-24T13:20:00.0,2026-02-02T18:57:45.531,"Any[53, 45, 37, 30, 25]",53,25
1075,2026-01-24T13:20:00.0,2026-01-12T18:57:45.531,"Any[1, 6, 11, 19, 23, 36, 44, 54, 60]",1,60
1079,2026-01-24T13:20:00.0,2026-01-19T18:57:45.531,"Any[53, 45, 37, 30, 25]",53,25
1081,2026-01-24T13:20:00.0,2026-01-19T18:57:45.531,"Any[8, 13, 19, 25, 30, 37, 45, 56]",8,56
1082,2026-01-24T13:20:00.0,2026-02-02T18:57:45.531,"Any[6, 11, 19, 25, 30, 37, 45]",6,45
1083,2026-01-24T13:20:00.0,2026-01-12T18:57:45.531,"Any[3, 10, 19, 25, 30, 37, 45, 53]",3,53
1087,2026-01-24T13:20:00.0,2026-01-19T18:57:45.531,"Any[53, 45, 37, 30, 25, 19, 13, 8]",53,8
1095,2026-01-24T13:20:00.0,2026-01-19T18:57:45.531,"Any[64, 60, 53, 45, 37, 30, 25, 19, 10]",64,10
1100,2026-01-24T13:20:00.0,2026-01-19T18:57:45.531,"Any[53, 45, 37, 30, 25]",53,25
1116,2026-01-24T13:20:00.0,2026-02-02T18:57:45.531,"Any[64, 60, 53, 45, 37, 30, 25, 19, 13, 8]",64,8
1118,2026-01-24T13:20:00.0,2026-01-12T18:57:45.531,"Any[6, 11, 19, 17, 19, 25, 30, 37, 45]",6,45
1119,2026-01-24T13:20:00.0,2026-01-12T18:57:45.531,"Any[6, 11, 19, 25, 30, 37, 45]",6,45
1122,2026-01-24T13:20:00.0,2026-01-12T18:57:45.531,"Any[53, 45, 37, 30, 25, 19, 11, 6, 1]",53,1
1123,2026-01-24T13:20:00.0,2026-01-26T18:57:45.531,"Any[6, 11, 19, 25, 30, 37, 45]",6,45
1127,2026-01-24T13:20:00.0,2026-01-19T18:57:45.531,"Any[53, 45, 37, 30, 25, 19]",53,19
1136,2026-01-24T13:20:00.0,2026-01-12T18:57:45.531,"Any[9, 15, 26, 31, 36, 44, 54]",9,54
1137,2026-01-24T13:20:00.0,2026-01-19T18:57:45.531,"Any[53, 45, 37, 30, 25, 19, 11, 6, 1]",53,1
1145,2026-01-24T13:20:00.0,2026-01-12T18:57:45.531,"Any[1, 6, 11, 19, 25, 30, 37, 45, 56, 60]",1,60
1154,2026-01-24T13:20:00.0,2026-02-02T18:57:45.531,"Any[10, 19, 25, 30, 37, 45, 53]",10,53
1156,2026-01-24T13:20:00.0,2026-01-12T18:57:45.531,"Any[56, 45, 37, 30, 25, 19, 20]",56,20
1162,2026-01-24T13:20:00.0,2026-01-19T18:57:45.531,"Any[6, 11, 19, 25, 30, 37, 45]",6,45
1169,2026-01-24T13:20:00.0,2026-01-26T18:57:45.531,"Any[60, 56, 45, 37, 30, 25, 19, 11, 6]",60,6
1170,2026-01-24T13:20:00.0,2026-01-26T18:57:45.531,"Any[60, 56, 45, 37, 30, 25, 19, 13, 8]",60,8
1177,2026-01-24T13:20:00.0,2026-02-02T18:57:45.531,"Any[53, 45, 37, 30, 25]",53,25
1179,2026-01-24T13:20:00.0,2026-01-19T18:57:45.531,"Any[19, 25, 30, 37, 45, 56]",19,56
1183,2026-01-24T13:20:00.0,2026-02-02T18:57:45.531,"Any[53, 45, 37, 30, 25, 19, 13, 8]",53,8
1185,2026-01-24T13:20:00.0,2026-02-02T18:57:45.531,"Any[17, 25, 30, 37, 45, 53, 60]",17,60
1186,2026-01-24T13:20:00.0,2026-02-02T18:57:45.531,"Any[53, 45, 37, 30, 25, 19, 11, 6, 1]",53,1
1193,2026-01-24T13:20:00.0,2026-01-26T18:57:45.531,"Any[53, 45, 37, 30, 25]",53,25
1208,2026-01-24T13:20:00.0,2026-01-26T18:57:45.531,"Any[6, 11, 19, 25, 30, 37, 45]",6,45
1213,2026-01-24T13:20:00.0,2026-01-26T18:57:45.531,"Any[6, 11, 19, 25, 30, 37, 45, 53]",6,53
1224,2026-01-24T13:20:00.0,2026-01-19T18:57:45.531,"Any[64, 60, 53, 45, 37, 30, 25, 19, 10]",64,10
1237,2026-01-24T13:20:00.0,2026-01-12T18:57:45.531,"Any[10, 19, 25, 30, 37, 45, 53]",10,53
1252,2026-01-24T13:20:00.0,2026-01-26T18:57:45.531,"Any[56, 45, 37, 30, 25, 19, 11, 6]",56,6
1256,2026-01-24T13:20:00.0,2026-01-12T18:57:45.531,"Any[54, 44, 36, 23, 19, 11, 6]",54,6
1276,2026-01-24T13:20:00.0,2026-01-12T18:57:45.531,"Any[45, 37, 30, 25, 19, 11, 6, 1]",45,1
1279,2026-01-24T13:20:00.0,2026-01-26T18:57:45.531,"Any[3, 10, 19, 25, 30, 37, 45, 53]",3,53
1293,2026-01-24T13:20:00.0,2026-02-02T18:57:45.531,"Any[53, 45, 37, 30, 25, 19, 11, 6, 1]",53,1
1296,2026-01-24T13:20:00.0,2026-01-26T18:57:45.531,"Any[60, 56, 45, 37, 30, 25]",60,25
1297,2026-01-24T13:20:00.0,2026-02-02T18:57:45.531,"Any[1, 6, 11, 19, 25, 30, 37, 45, 56, 60]",1,60
1318,2026-01-24T13:20:00.0,2026-01-12T18:57:45.531,"Any[10, 19, 25, 30, 37, 45, 53]",10,53
1322,2026-01-24T13:20:00.0,2026-01-26T18:57:45.531,"Any[64, 60, 53, 45, 37, 30, 25, 19, 11, 6, 1]",64,1
1325,2026-01-24T13:20:00.0,2026-01-26T18:57:45.531,"Any[56, 45, 37, 30, 25]",56,25
1328,2026-01-24T13:20:00.0,2026-01-26T18:57:45.531,"Any[8, 13, 19, 25, 30, 37, 45, 56]",8,56
1333,2026-01-24T13:20:00.0,2026-01-19T18:57:45.531,"Any[3, 10, 19, 25, 30, 37, 45, 53]",3,53
1338,2026-01-24T13:20:00.0,2026-01-19T18:57:45.531,"Any[1, 6, 11, 19, 25, 30, 37, 45, 56, 60]",1,60
1346,2026-01-24T13:20:00.0,2026-01-26T18:57:45.531,"Any[56, 45, 37, 30, 25, 19, 11, 6, 6, 1]",56,6
1369,2026-01-24T13:20:00.0,2026-01-12T18:57:45.531,"Any[64, 53, 45, 37, 30, 25, 19, 13, 8]",64,8
1371,2026-01-24T13:20:00.0,2026-02-02T18:57:45.531,"Any[6, 11, 19, 17, 19, 25, 30, 37, 45]",6,45
1374,2026-01-24T13:20:00.0,2026-01-19T18:57:45.531,"Any[56, 45, 37, 30, 25]",56,25
1385,2026-01-24T13:20:00.0,2026-01-12T18:57:45.531,"Any[53, 45, 37, 30, 25, 19, 13, 8]",53,8
1388,2026-01-24T13:20:00.0,2026-01-19T18:57:45.531,"Any[6, 11, 19, 25, 30, 37, 45, 53]",6,53
1389,2026-01-24T13:20:00.0,2026-02-02T18:57:45.531,"Any[64, 60, 53, 45, 37, 30, 25, 19, 10]",64,10
1394,2026-01-24T13:20:00.0,2026-01-26T18:57:45.531,"Any[3, 10, 19, 25, 30, 37, 45, 53]",3,53
1403,2026-01-24T13:20:00.0,2026-02-02T18:57:45.531,"Any[19, 25, 30, 37, 45, 56, 60]",19,60
1409,2026-01-24T13:20:00.0,2026-01-19T18:57:45.531,"Any[3, 6, 11, 19, 25, 30, 37, 45, 56]",3,56
1415,2026-01-24T13:20:00.0,2026-02-02T18:57:45.531,"Any[19, 25, 30, 37, 45, 56]",19,56
1416,2026-01-24T13:20:00.0,2026-01-26T18:57:45.531,"Any[8, 13, 19, 25, 30, 37, 45, 56]",8,56
1417,2026-01-24T13:20:00.0,2026-01-12T18:57:45.531,"Any[56, 45, 37, 30, 25, 19, 11, 6, 6, 1]",56,6
1419,2026-01-24T13:20:00.0,2026-02-02T18:57:45.531,"Any[60, 53, 45, 37, 30, 25, 19, 11, 6, 6]",60,6
1426,2026-01-24T13:20:00.0,2026-01-26T18:57:45.531,"Any[19, 25, 30, 37, 45, 56]",19,56
1427,2026-01-24T13:20:00.0,2026-01-26T18:57:45.531,"Any[45, 37, 30, 25, 19, 10]",45,10
1436,2026-01-24T13:20:00.0,2026-02-02T18:57:45.531,"Any[6, 11, 19, 25, 30, 37, 45]",6,45
1440,2026-01-24T13:20:00.0,2026-01-12T18:57:45.531,"Any[6, 11, 19, 25, 30, 37, 45]",6,45
1450,2026-01-24T13:20:00.0,2026-01-12T18:57:45.531,"Any[53, 45, 37, 30, 25, 19, 13, 8]",53,8
1456,2026-01-24T13:20:00.0,2026-01-12T18:57:45.531,"Any[53, 45, 37, 30, 25]",53,25
1465,2026-01-24T13:20:00.0,2026-01-19T18:57:45.531,"Any[8, 13, 19, 25, 30, 37, 45, 56]",8,56
1466,2026-01-24T13:20:00.0,2026-01-12T18:57:45.531,"Any[1, 6, 11, 19, 25, 30, 37, 45, 56]",1,56
1472,2026-01-24T13:20:00.0,2026-01-12T18:57:45.531,"Any[10, 19, 25, 30, 37, 45, 53]",10,53
1473,2026-01-24T13:20:00.0,2026-01-26T18:57:45.531,"Any[60, 53, 45, 37, 30, 25]",60,25
1475,2026-01-24T13:20:00.0,2026-01-26T18:57:45.531,"Any[10, 11, 19, 25, 30, 37, 45, 53]",10,53
1485,2026-01-24T13:20:00.0,2026-02-02T18:57:45.531,"Any[53, 45, 37, 30, 25, 19, 11, 6, 1]",53,1
1488,2026-01-24T13:20:00.0,2026-02-02T18:57:45.531,"Any[10, 19, 25, 30, 37, 45, 53]",10,53
1499,2026-01-24T13:20:00.0,2026-01-12T18:57:45.531,"Any[10, 19, 25, 30, 37, 45, 53]",10,53
1500,2026-01-24T13:20:00.0,2026-01-12T18:57:45.531,"Any[64, 60, 56, 45, 37, 30, 25, 19, 11, 6]",64,6
1501,2026-01-24T13:20:00.0,2026-01-12T18:57:45.531,"Any[7, 8, 13, 19, 25, 30, 37, 45, 53, 60]",7,60
1509,2026-01-24T13:20:00.0,2026-01-19T18:57:45.531,"Any[54, 44, 36, 23, 19, 11, 6]",54,6
1514,2026-01-24T13:20:00.0,2026-01-12T18:57:45.531,"Any[7, 8, 13, 19, 25, 30, 37, 45, 53]",7,53
1516,2026-01-24T13:20:00.0,2026-01-19T18:57:45.531,"Any[8, 13, 19, 25, 30, 37, 45, 56]",8,56
1523,2026-01-24T13:20:00.0,2026-02-02T18:57:45.531,"Any[64, 60, 53, 45, 37, 30, 25, 19, 11, 6, 6, 1]",64,6
1524,2026-01-24T13:20:00.0,2026-01-26T18:57:45.531,"Any[5, 6, 11, 19, 25, 30, 37, 45]",5,45
1532,2026-01-24T13:20:00.0,2026-01-12T18:57:45.531,"Any[8, 13, 19, 25, 30, 37, 45, 56]",8,56
1533,2026-01-24T13:20:00.0,2026-02-02T18:57:45.531,"Any[6, 11, 19, 25, 30, 37, 45, 53]",6,53
1536,2026-01-24T13:20:00.0,2026-01-19T18:57:45.531,"Any[64, 53, 45, 37, 30, 25, 19, 13, 8]",64,8
1537,2026-01-24T13:20:00.0,2026-02-02T18:57:45.531,"Any[6, 11, 19, 25, 30, 37, 45]",6,45
1549,2026-01-24T13:20:00.0,2026-01-12T18:57:45.531,"Any[8, 13, 19, 25, 30, 37, 45, 56]",8,56
1551,2026-01-24T13:20:00.0,2026-02-02T18:57:45.531,"Any[53, 45, 37, 30, 25, 19]",53,19
1554,2026-01-24T13:20:00.0,2026-01-26T18:57:45.531,"Any[6, 11, 19, 25, 30, 37, 45]",6,45
1558,2026-01-24T13:20:00.0,2026-01-12T18:57:45.531,"Any[53, 45, 37, 30, 25]",53,25
1565,2026-01-24T13:20:00.0,2026-02-02T18:57:45.531,"Any[64, 60, 53, 45, 37, 30, 25, 19, 11, 6, 1]",64,1
1571,2026-01-24T13:20:00.0,2026-01-19T18:57:45.531,"Any[16, 25, 30, 37, 45, 53]",16,53
1576,2026-01-24T13:20:00.0,2026-01-12T18:57:45.531,"Any[60, 56, 45, 37, 30, 25]",60,25
1577,2026-01-24T13:20:00.0,2026-02-02T18:57:45.531,"Any[53, 45, 37, 30, 25, 19, 11, 6, 1]",53,1
1578,2026-01-24T13:20:00.0,2026-01-19T18:57:45.531,"Any[6, 11, 19, 25, 30, 37, 45]",6,45
1580,2026-01-24T13:20:00.0,2026-01-19T18:57:45.531,"Any[17, 19, 25, 30, 37, 45, 53, 60]",17,60
1588,2026-01-24T13:20:00.0,2026-01-12T18:57:45.531,"Any[60, 53, 45, 37, 30, 25, 19, 10]",60,10
1590,2026-01-24T13:20:00.0,2026-01-26T18:57:45.531,"Any[3, 10, 19, 25, 30, 37, 45, 53]",3,53
1592,2026-01-24T13:20:00.0,2026-01-26T18:57:45.531,"Any[45, 37, 30, 25]",45,25
1598,2026-01-24T13:20:00.0,2026-01-26T18:57:45.531,"Any[45, 37, 30, 25, 19, 17, 10]",45,10
1602,2026-01-24T13:20:00.0,2026-01-26T18:57:45.531,"Any[19, 25, 30, 37, 45, 56]",19,56
1610,2026-01-24T13:20:00.0,2026-01-19T18:57:45.531,"Any[3, 6, 11, 19, 25, 30, 37, 45]",3,45
1617,2026-01-24T13:20:00.0,2026-01-26T18:57:45.531,"Any[56, 45, 37, 30, 25, 19, 11, 6]",56,6
1625,2026-01-24T13:20:00.0,2026-01-19T18:57:45.531,"Any[53, 45, 37, 30, 25, 19, 13, 8]",53,8
1632,2026-01-24T13:20:00.0,2026-01-12T18:57:45.531,"Any[60, 53, 45, 37, 30, 25, 19, 11, 6, 6]",60,6
1639,2026-01-24T13:20:00.0,2026-01-19T18:57:45.531,"Any[19, 25, 30, 37, 45, 56, 60]",19,60
1641,2026-01-24T13:20:00.0,2026-01-12T18:57:45.531,"Any[53, 45, 37, 30, 25]",53,25
1645,2026-01-24T13:20:00.0,2026-01-19T18:57:45.531,"Any[8, 13, 19, 25, 30, 37, 45, 56]",8,56
1659,2026-01-24T13:20:00.0,2026-01-12T18:57:45.531,"Any[6, 11, 19, 25, 30, 37, 45, 53]",6,53
1660,2026-01-24T13:20:00.0,2026-01-19T18:57:45.531,"Any[7, 8, 13, 19, 25, 30, 37, 45, 53]",7,53
1669,2026-01-24T13:20:00.0,2026-01-12T18:57:45.531,"Any[10, 19, 25, 30, 37, 45, 53]",10,53
1670,2026-01-24T13:20:00.0,2026-01-26T18:57:45.531,"Any[53, 45, 37, 30, 25, 19, 11, 6, 1]",53,1
1672,2026-01-24T13:20:00.0,2026-01-26T18:57:45.531,"Any[19, 25, 30, 37, 45, 56]",19,56
1675,2026-01-24T13:20:00.0,2026-02-02T18:57:45.531,"Any[53, 45, 37, 30, 25, 19, 13, 8]",53,8
1691,2026-01-24T13:20:00.0,2026-01-26T18:57:45.531,"Any[64, 60, 53, 45, 37, 30, 25, 19, 10]",64,10
1696,2026-01-24T13:20:00.0,2026-01-12T18:57:45.531,"Any[60, 56, 45, 37, 30, 25, 19, 11, 10]",60,10
1703,2026-01-24T13:20:00.0,2026-01-26T18:57:45.531,"Any[56, 45, 37, 30, 25, 19, 11, 6]",56,6
1705,2026-01-24T13:20:00.0,2026-01-26T18:57:45.531,"Any[19, 25, 30, 37, 45, 56]",19,56
1709,2026-01-24T13:20:00.0,2026-02-02T18:57:45.531,"Any[53, 45, 37, 30, 25]",53,25
1717,2026-01-24T13:20:00.0,2026-02-02T18:57:45.531,"Any[10, 19, 25, 30, 37, 45, 53]",10,53
1732,2026-01-24T13:20:00.0,2026-01-12T18:57:45.531,"Any[6, 11, 19, 25, 30, 37, 45]",6,45
1743,2026-01-24T13:20:00.0,2026-02-02T18:57:45.531,"Any[64, 60, 53, 45, 37, 30, 25, 19, 11, 6, 1]",64,1
1744,2026-01-24T13:20:00.0,2026-01-12T18:57:45.531,"Any[64, 60, 53, 45, 37, 30, 25, 19, 10]",64,10
1746,2026-01-24T13:20:00.0,2026-01-19T18:57:45.531,"Any[1, 6, 11, 19, 25, 30, 37, 45, 53, 60]",1,60
1747,2026-01-24T13:20:00.0,2026-01-12T18:57:45.531,"Any[56, 45, 37, 30, 25, 19, 11, 6]",56,6
1750,2026-01-24T13:20:00.0,2026-01-19T18:57:45.531,"Any[60, 56, 45, 37, 30, 25, 19, 11, 6]",60,6
1751,2026-01-24T13:20:00.0,2026-01-19T18:57:45.531,"Any[17, 25, 30, 37, 45, 53, 60]",17,60
1755,2026-01-24T13:20:00.0,2026-01-19T18:57:45.531,"Any[8, 13, 19, 25, 30, 37, 45]",8,45
1756,2026-01-24T13:20:00.0,2026-02-02T18:57:45.531,"Any[60, 53, 45, 37, 30, 25, 19, 10]",60,10
1757,2026-01-24T13:20:00.0,2026-02-02T18:57:45.531,"Any[60, 56, 45, 37, 30, 25, 19, 13, 8]",60,8
1758,2026-01-24T13:20:00.0,2026-01-26T18:57:45.531,"Any[53, 45, 37, 30, 25, 19, 11, 6, 1]",53,1
1760,2026-01-24T13:20:00.0,2026-01-19T18:57:45.531,"Any[6, 11, 19, 25, 30, 37, 45]",6,45
1761,2026-01-24T13:20:00.0,2026-01-12T18:57:45.531,"Any[8, 13, 25, 30, 37, 45]",8,45
1766,2026-01-24T13:20:00.0,2026-01-19T18:57:45.531,"Any[56, 45, 37, 30, 25]",56,25
1776,2026-01-24T13:20:00.0,2026-01-26T18:57:45.531,"Any[53, 45, 37, 30, 25, 19, 11, 6, 1]",53,1
1781,2026-01-24T13:20:00.0,2026-01-12T18:57:45.531,"Any[60, 53, 45, 37, 30, 25]",60,25
1782,2026-01-24T13:20:00.0,2026-01-19T18:57:45.531,"Any[60, 53, 45, 37, 30, 25, 19, 10]",60,10
1808,2026-01-24T13:20:00.0,2026-02-02T18:57:45.531,"Any[17, 16, 25, 30, 37, 45, 53]",17,53
1814,2026-01-24T13:20:00.0,2026-01-12T18:57:45.531,"Any[10, 19, 25, 30, 37, 45, 53]",10,53
1815,2026-01-24T13:20:00.0,2026-02-02T18:57:45.531,"Any[53, 45, 37, 30, 25]",53,25
1816,2026-01-24T13:20:00.0,2026-01-19T18:57:45.531,"Any[53, 45, 37, 30, 25, 19, 11, 6, 1]",53,1
1818,2026-01-24T13:20:00.0,2026-02-02T18:57:45.531,"Any[53, 45, 37, 30, 25, 19, 13, 8]",53,8
1825,2026-01-24T13:20:00.0,2026-01-26T18:57:45.531,"Any[64, 60, 56, 45, 37, 30, 25, 19, 11, 10]",64,10
1827,2026-01-24T13:20:00.0,2026-02-02T18:57:45.531,"Any[64, 60, 56, 45, 37, 30, 25, 19, 11, 6]",64,6
1833,2026-01-24T13:20:00.0,2026-02-02T18:57:45.531,"Any[1, 6, 11, 19, 25, 30, 37, 45, 56]",1,56
1843,2026-01-24T13:20:00.0,2026-01-12T18:57:45.531,"Any[10, 19, 25, 30, 37, 45, 53]",10,53
1845,2026-01-24T13:20:00.0,2026-01-26T18:57:45.531,"Any[17, 16, 17, 25, 30, 37, 45, 53]",17,53
1849,2026-01-24T13:20:00.0,2026-01-12T18:57:45.531,"Any[14, 19, 25, 30, 37, 45, 53]",14,53
1856,2026-01-24T13:20:00.0,2026-01-19T18:57:45.531,"Any[60, 53, 45, 37, 30, 25]",60,25
1857,2026-01-24T13:20:00.0,2026-01-12T18:57:45.531,"Any[56, 45, 37, 30, 25, 19, 11, 6]",56,6
1870,2026-01-24T13:20:00.0,2026-01-26T18:57:45.531,"Any[8, 13, 19, 25, 30, 37, 45, 56]",8,56
1871,2026-01-24T13:20:00.0,2026-01-26T18:57:45.531,"Any[53, 45, 37, 30, 25, 19, 11, 6, 1]",53,1
1872,2026-01-24T13:20:00.0,2026-02-02T18:57:45.531,"Any[60, 53, 45, 37, 30, 25]",60,25
1874,2026-01-24T13:20:00.0,2026-01-26T18:57:45.531,"Any[64, 60, 53, 45, 37, 30, 25, 19, 13, 8]",64,8
1878,2026-01-24T13:20:00.0,2026-01-26T18:57:45.531,"Any[17, 25, 30, 37, 45, 56]",17,56
1879,2026-01-24T13:20:00.0,2026-01-26T18:57:45.531,"Any[8, 13, 19, 25, 30, 37, 45, 56]",8,56
1884,2026-01-24T13:20:00.0,2026-01-12T18:57:45.531,"Any[6, 11, 19, 25, 30, 37, 45]",6,45
1887,2026-01-24T13:20:00.0,2026-01-19T18:57:45.531,"Any[53, 45, 37, 30, 25]",53,25
1888,2026-01-24T13:20:00.0,2026-02-02T18:57:45.531,"Any[10, 19, 25, 30, 37, 45, 53]",10,53
1890,2026-01-24T13:20:00.0,2026-01-19T18:57:45.531,"Any[17, 25, 30, 37, 45, 53]",17,53
1898,2026-01-24T13:20:00.0,2026-02-02T18:57:45.531,"Any[53, 45, 37, 30, 25, 19, 11, 6, 1]",53,1
1901,2026-01-24T13:20:00.0,2026-01-12T18:57:45.531,"Any[60, 53, 45, 37, 30, 25, 19, 13, 8]",60,8
1902,2026-01-24T13:20:00.0,2026-01-19T18:57:45.531,"Any[64, 53, 45, 37, 30, 25, 19, 10]",64,10
1913,2026-01-24T13:20:00.0,2026-02-02T18:57:45.531,"Any[53, 45, 37, 30, 25, 19, 13, 8]",53,8
1915,2026-01-24T13:20:00.0,2026-01-26T18:57:45.531,"Any[1, 6, 11, 19, 25, 30, 37, 45, 56]",1,56
1918,2026-01-24T13:20:00.0,2026-01-19T18:57:45.531,"Any[10, 19, 25, 30, 37, 45, 53]",10,53
1921,2026-01-24T13:20:00.0,2026-02-02T18:57:45.531,"Any[56, 45, 37, 30, 25]",56,25
1923,2026-01-24T13:20:00.0,2026-01-19T18:57:45.531,"Any[53, 45, 37, 30, 25, 19, 11, 6, 1]",53,1
1930,2026-01-24T13:20:00.0,2026-01-26T18:57:45.531,"Any[64, 60, 53, 45, 37, 30, 25, 19, 10]",64,10
1932,2026-01-24T13:20:00.0,2026-01-26T18:57:45.531,"Any[6, 11, 19, 25, 30, 37, 45]",6,45
1936,2026-01-24T13:20:00.0,2026-01-26T18:57:45.531,"Any[64, 60, 53, 45, 37, 30, 25, 19, 10]",64,10
1937,2026-01-24T13:20:00.0,2026-01-19T18:57:45.531,"Any[53, 45, 37, 30, 25, 19, 13, 8]",53,8
1947,2026-01-24T13:20:00.0,2026-02-02T18:57:45.531,"Any[8, 13, 19, 25, 30, 37, 45]",8,45
1949,2026-01-24T13:20:00.0,2026-01-19T18:57:45.531,"Any[19, 25, 30, 37, 45, 56]",19,56
1956,2026-01-24T13:20:00.0,2026-01-19T18:57:45.531,"Any[53, 45, 37, 30, 25, 19, 11, 6, 1]",53,1
1974,2026-01-24T13:20:00.0,2026-02-02T18:57:45.531,"Any[53, 45, 37, 30, 25]",53,25
1976,2026-01-24T13:20:00.0,2026-01-12T18:57:45.531,"Any[64, 60, 56, 45, 37, 30, 25, 19, 11, 6]",64,6
1978,2026-01-24T13:20:00.0,2026-01-12T18:57:45.531,"Any[6, 11, 19, 25, 30, 37, 45]",6,45
1987,2026-01-24T13:20:00.0,2026-01-26T18:57:45.531,"Any[6, 11, 16, 25, 30, 37, 45]",6,45
1992,2026-01-24T13:20:00.0,2026-01-26T18:57:45.531,"Any[17, 25, 30, 37, 45, 53, 60]",17,60
1996,2026-01-24T13:20:00.0,2026-02-02T18:57:45.531,"Any[6, 11, 19, 25, 30, 37, 45]",6,45
2001,2026-01-24T13:20:00.0,2026-01-19T18:57:45.531,"Any[6, 11, 19, 25, 30, 37, 45]",6,45
2004,2026-01-24T13:20:00.0,2026-01-26T18:57:45.531,"Any[64, 60, 53, 45, 37, 30, 25, 19, 11, 6, 1]",64,1
2006,2026-01-24T13:20:00.0,2026-01-26T18:57:45.531,"Any[1, 6, 11, 19, 30, 37, 45, 56]",1,56
2007,2026-01-24T13:20:00.0,2026-01-26T18:57:45.531,"Any[17, 16, 17, 25, 30, 37, 45, 53, 60]",17,60
2009,2026-01-24T13:20:00.0,2026-01-12T18:57:45.531,"Any[5, 6, 11, 19, 25, 30, 37, 45]",5,45
2010,2026-01-24T13:20:00.0,2026-01-12T18:57:45.531,"Any[53, 45, 37, 30, 25, 19, 13, 8]",53,8
2024,2026-01-24T13:20:00.0,2026-01-12T18:57:45.531,"Any[8, 13, 19, 25, 30, 37, 45, 56]",8,56
2027,2026-01-24T13:20:00.0,2026-01-12T18:57:45.531,"Any[56, 45, 37, 30, 25]",56,25
2032,2026-01-24T13:20:00.0,2026-01-19T18:57:45.531,"Any[60, 56, 45, 37, 30, 25, 19, 13, 8]",60,8
2035,2026-01-24T13:20:00.0,2026-01-26T18:57:45.531,"Any[45, 37, 30, 25]",45,25
2050,2026-01-24T13:20:00.0,2026-01-19T18:57:45.531,"Any[53, 45, 37, 30, 25, 19, 11, 6, 1]",53,1
2051,2026-01-24T13:20:00.0,2026-01-26T18:57:45.531,"Any[1, 6, 11, 19, 25, 30, 37, 45, 56]",1,56
2053,2026-01-24T13:20:00.0,2026-02-02T18:57:45.531,"Any[60, 53, 45, 37, 30, 25, 19, 17, 19, 11, 6]",60,6
2060,2026-01-24T13:20:00.0,2026-02-02T18:57:45.531,"Any[64, 60, 53, 45, 37, 30, 25, 19, 11, 6, 1]",64,1
2062,2026-01-24T13:20:00.0,2026-02-02T18:57:45.531,"Any[53, 45, 37, 30, 25, 19, 13, 8]",53,8
2063,2026-01-24T13:20:00.0,2026-02-02T18:57:45.531,"Any[53, 45, 37, 30, 25, 19, 13, 8]",53,8
2066,2026-01-24T13:20:00.0,2026-01-19T18:57:45.531,"Any[6, 11, 16, 25, 30, 37, 45]",6,45
2068,2026-01-24T13:20:00.0,2026-01-26T18:57:45.531,"Any[45, 37, 30, 25, 19, 11, 6, 1]",45,1
2073,2026-01-24T13:20:00.0,2026-02-02T18:57:45.531,"Any[17, 19, 25, 30, 37, 45, 53, 60]",17,60
2077,2026-01-24T13:20:00.0,2026-01-26T18:57:45.531,"Any[6, 11, 19, 17, 19, 25, 30, 37, 45]",6,45
2078,2026-01-24T13:20:00.0,2026-01-26T18:57:45.531,"Any[10, 19, 25, 30, 37, 45, 53]",10,53
2079,2026-01-24T13:20:00.0,2026-01-26T18:57:45.531,"Any[1, 6, 11, 19, 25, 30, 37, 45, 56]",1,56
2080,2026-01-24T13:20:00.0,2026-02-02T18:57:45.531,"Any[19, 25, 30, 37, 45, 53, 60]",19,60
2083,2026-01-24T13:20:00.0,2026-01-19T18:57:45.531,"Any[64, 60, 53, 45, 37, 30, 25, 19, 11, 6, 1]",64,1
2086,2026-01-24T13:20:00.0,2026-01-19T18:57:45.531,"Any[1, 6, 11, 19, 25, 30, 37, 45, 56]",1,56
2087,2026-01-24T13:20:00.0,2026-01-26T18:57:45.531,"Any[60, 53, 45, 37, 30, 25]",60,25
2089,2026-01-24T13:20:00.0,2026-02-02T18:57:45.531,"Any[56, 45, 37, 30, 25, 19, 11, 6, 6, 1]",56,6
2090,2026-01-24T13:20:00.0,2026-01-19T18:57:45.531,"Any[10, 19, 25, 30, 37, 45, 53]",10,53
2097,2026-01-24T13:20:00.0,2026-01-26T18:57:45.531,"Any[19, 25, 30, 37, 45, 56]",19,56
2100,2026-01-24T13:20:00.0,2026-02-02T18:57:45.531,"Any[10, 19, 25, 30, 37, 45, 53]",10,53
2106,2026-01-24T13:20:00.0,2026-01-12T18:57:45.531,"Any[60, 53, 45, 37, 30, 25, 19, 13, 8]",60,8
2107,2026-01-24T13:20:00.0,2026-02-02T18:57:45.531,"Any[60, 53, 45, 37, 30, 25, 19, 10]",60,10
2110,2026-01-24T13:20:00.0,2026-01-26T18:57:45.531,"Any[53, 45, 37, 30, 25]",53,25
2121,2026-01-24T13:20:00.0,2026-02-02T18:57:45.531,"Any[6, 11, 19, 25, 30, 37, 45, 53]",6,53
2122,2026-01-24T13:20:00.0,2026-02-02T18:57:45.531,"Any[1, 6, 11, 19, 25, 30, 37, 45, 53, 60]",1,60
2127,2026-01-24T13:20:00.0,2026-01-12T18:57:45.531,"Any[6, 11, 19, 25, 30, 37, 45]",6,45
2139,2026-01-24T13:20:00.0,2026-01-26T18:57:45.531,"Any[8, 13, 19, 25, 30, 37, 45, 56]",8,56
2144,2026-01-24T13:20:00.0,2026-01-19T18:57:45.531,"Any[19, 25, 30, 37, 45, 56]",19,56
2157,2026-01-24T13:20:00.0,2026-02-02T18:57:45.531,"Any[10, 19, 25, 30, 37, 45, 53]",10,53
2159,2026-01-24T13:20:00.0,2026-01-19T18:57:45.531,"Any[53, 45, 37, 30, 25, 19, 13, 8]",53,8
2163,2026-01-24T13:20:00.0,2026-01-12T18:57:45.531,"Any[64, 60, 56, 45, 37, 30, 25, 19]",64,19
2164,2026-01-24T13:20:00.0,2026-01-19T18:57:45.531,"Any[54, 44, 36, 23, 19, 11, 6]",54,6
2165,2026-01-24T13:20:00.0,2026-01-12T18:57:45.531,"Any[19, 17, 25, 30, 37, 45, 53, 60]",19,60
2166,2026-01-24T13:20:00.0,2026-01-19T18:57:45.531,"Any[6, 11, 19, 25, 30, 37, 45]",6,45
2171,2026-01-24T13:20:00.0,2026-01-19T18:57:45.531,"Any[56, 45, 37, 45, 50, 45, 37, 30, 25]",56,25
2179,2026-01-24T13:20:00.0,2026-01-26T18:57:45.531,"Any[19, 25, 30, 37, 45, 56, 60, 60, 64]",19,60
2186,2026-01-24T13:20:00.0,2026-01-12T18:57:45.531,"Any[8, 13, 19, 25, 30, 37, 45, 56]",8,56
2188,2026-01-24T13:20:00.0,2026-01-19T18:57:45.531,"Any[8, 13, 19, 25, 30, 37, 45, 56]",8,56
2192,2026-01-24T13:20:00.0,2026-01-26T18:57:45.531,"Any[53, 45, 37, 30, 25, 19, 11, 6, 1]",53,1
2193,2026-01-24T13:20:00.0,2026-01-12T18:57:45.531,"Any[64, 60, 53, 45, 37, 30, 25, 19, 10]",64,10
2198,2026-01-24T13:20:00.0,2026-01-26T18:57:45.531,"Any[56, 45, 37, 30, 25]",56,25
2207,2026-01-24T13:20:00.0,2026-01-26T18:57:45.531,"Any[53, 45, 37, 30, 25, 19]",53,19
2208,2026-01-24T13:20:00.0,2026-01-26T18:57:45.531,"Any[19, 25, 30, 37, 45, 56]",19,56
2211,2026-01-24T13:20:00.0,2026-02-02T18:57:45.531,"Any[19, 25, 30, 37, 45, 56]",19,56
2214,2026-01-24T13:20:00.0,2026-01-26T18:57:45.531,"Any[64, 56, 45, 37, 30, 25, 19, 11, 6]",64,6
2215,2026-01-24T13:20:00.0,2026-01-19T18:57:45.531,"Any[45, 37, 30, 25]",45,25
2219,2026-01-24T13:20:00.0,2026-02-02T18:57:45.531,"Any[6, 11, 19, 25, 30, 37, 45]",6,45
2221,2026-01-24T13:20:00.0,2026-01-12T18:57:45.531,"Any[60, 56, 45, 37, 30, 25, 19, 11, 6]",60,6
2223,2026-01-24T13:20:00.0,2026-01-19T18:57:45.531,"Any[8, 13, 19, 25, 30, 37, 45, 56]",8,56
2224,2026-01-24T13:20:00.0,2026-02-02T18:57:45.531,"Any[8, 13, 19, 25, 30, 37, 45, 56]",8,56
2228,2026-01-24T13:20:00.0,2026-01-12T18:57:45.531,"Any[60, 53, 45, 37, 30, 25]",60,25
2232,2026-01-24T13:20:00.0,2026-02-02T18:57:45.531,"Any[53, 45, 37, 30, 25, 19, 11, 6, 1]",53,1
2241,2026-01-24T13:20:00.0,2026-01-26T18:57:45.531,"Any[6, 11, 19, 25, 30, 37, 45]",6,45
2264,2026-01-24T13:20:00.0,2026-01-19T18:57:45.531,"Any[64, 60, 56, 45, 37, 30, 25, 19, 13, 8]",64,8
2267,2026-01-24T13:20:00.0,2026-01-12T18:57:45.531,"Any[64, 60, 56, 45, 37, 30, 25, 19, 11, 6, 1]",64,1
2277,2026-01-24T13:20:00.0,2026-01-19T18:57:45.531,"Any[60, 56, 45, 37, 30, 25]",60,25
2278,2026-01-24T13:20:00.0,2026-01-19T18:57:45.531,"Any[60, 53, 45, 37, 30, 25]",60,25
2286,2026-01-24T13:20:00.0,2026-02-02T18:57:45.531,"Any[60, 56, 45, 37, 30, 25, 19, 13, 8]",60,8
2289,2026-01-24T13:20:00.0,2026-01-26T18:57:45.531,"Any[60, 56, 45, 37, 30, 25, 19, 13, 8]",60,8
2294,2026-01-24T13:20:00.0,2026-01-19T18:57:45.531,"Any[60, 53, 45, 37, 30, 25, 19, 13, 8]",60,8
2295,2026-01-24T13:20:00.0,2026-01-19T18:57:45.531,"Any[60, 53, 45, 37, 30, 25, 19, 13, 8]",60,8
2296,2026-01-24T13:20:00.0,2026-02-02T18:57:45.531,"Any[60, 56, 45, 37, 30, 25, 19, 13, 8]",60,8
2298,2026-01-24T13:20:00.0,2026-01-12T18:57:45.531,"Any[60, 53, 45, 37, 30, 25, 19, 13, 8]",60,8
2301,2026-01-24T13:20:00.0,2026-01-26T18:57:45.531,"Any[60, 53, 45, 37, 30, 25, 19, 13, 8]",60,8
2309,2026-01-24T13:20:00.0,2026-01-26T18:57:45.531,"Any[60, 53, 45, 37, 30, 25, 19, 10]",60,10
2313,2026-01-24T13:20:00.0,2026-02-02T18:57:45.531,"Any[60, 56, 45, 37, 30, 25, 19, 10]",60,10
2321,2026-01-24T13:20:00.0,2026-01-19T18:57:45.531,"Any[60, 53, 45, 37, 30, 25, 19, 10]",60,10
2322,2026-01-24T13:20:00.0,2026-01-26T18:57:45.531,"Any[60, 56, 45, 37, 30, 25, 19, 11, 10]",60,10
2324,2026-01-24T13:20:00.0,2026-01-26T18:57:45.531,"Any[60, 53, 45, 37, 30, 25, 19, 10]",60,10
2345,2026-01-24T13:20:00.0,2026-02-02T18:57:45.531,"Any[56, 45, 37, 30, 25]",56,25
2346,2026-01-24T13:20:00.0,2026-01-19T18:57:45.531,"Any[56, 45, 37, 30, 25]",56,25
2348,2026-01-24T13:20:00.0,2026-01-12T18:57:45.531,"Any[56, 45, 37, 30, 25]",56,25
2350,2026-01-24T13:20:00.0,2026-01-26T18:57:45.531,"Any[56, 45, 37, 30, 25]",56,25
2352,2026-01-24T13:20:00.0,2026-01-12T18:57:45.531,"Any[56, 45, 37, 30, 25]",56,25
2366,2026-01-24T13:20:00.0,2026-01-12T18:57:45.531,"Any[56, 45, 37, 30, 25, 19, 13, 8, 7]",56,7
2368,2026-01-24T13:20:00.0,2026-02-02T18:57:45.531,"Any[56, 45, 37, 30, 25, 19, 13, 8, 7]",56,7
2370,2026-01-24T13:20:00.0,2026-01-19T18:57:45.531,"Any[56, 45, 37, 30, 25, 19, 13, 8, 7]",56,7
2373,2026-01-24T13:20:00.0,2026-02-02T18:57:45.531,"Any[56, 45, 37, 30, 25, 19, 13, 8, 7]",56,7
2376,2026-01-24T13:20:00.0,2026-01-26T18:57:45.531,"Any[56, 45, 37, 30, 25, 19, 11, 6]",56,6
2384,2026-01-24T13:20:00.0,2026-01-19T18:57:45.531,"Any[56, 45, 37, 30, 25, 19, 11, 6]",56,6
2388,2026-01-24T13:20:00.0,2026-01-12T18:57:45.531,"Any[56, 45, 37, 30, 25, 19, 11, 6]",56,6
2389,2026-01-24T13:20:00.0,2026-02-02T18:57:45.531,"Any[56, 45, 37, 30, 25, 19, 11, 6]",56,6
2392,2026-01-24T13:20:00.0,2026-01-19T18:57:45.531,"Any[56, 45, 37, 30, 25, 19, 11, 6, 6, 5, 1, 1]",56,6
2394,2026-01-24T13:20:00.0,2026-02-02T18:57:45.531,"Any[56, 45, 37, 30, 25, 19, 11, 6]",56,6
2399,2026-01-24T13:20:00.0,2026-02-02T18:57:45.531,"Any[56, 45, 37, 30, 25, 19, 11, 6]",56,6
2409,2026-01-24T13:20:00.0,2026-01-12T18:57:45.531,"Any[56, 45, 37, 30, 25, 19, 11, 6]",56,6
2413,2026-01-24T13:20:00.0,2026-01-19T18:57:45.531,"Any[56, 45, 37, 30, 25, 19, 11, 6]",56,6
2418,2026-01-24T13:20:00.0,2026-02-02T18:57:45.531,"Any[56, 45, 37, 30, 25, 19, 11, 6]",56,6
2419,2026-01-24T13:20:00.0,2026-01-26T18:57:45.531,"Any[56, 45, 37, 30, 25, 19, 11, 6]",56,6
2423,2026-01-24T13:20:00.0,2026-01-19T18:57:45.531,"Any[56, 45, 37, 30, 25, 19, 11, 6]",56,6
2437,2026-01-24T13:20:00.0,2026-01-26T18:57:45.531,"Any[56, 45, 37, 30, 25, 19, 11, 6]",56,6
2449,2026-01-24T13:20:00.0,2026-01-26T18:57:45.531,"Any[56, 45, 37, 30, 25, 19, 11, 6]",56,6
2451,2026-01-24T13:20:00.0,2026-01-19T18:57:45.531,"Any[56, 45, 37, 30, 25, 19, 11, 6]",56,6
2459,2026-01-24T13:20:00.0,2026-02-02T18:57:45.531,"Any[56, 45, 37, 30, 25, 19, 11, 6]",56,6
2461,2026-01-24T13:20:00.0,2026-01-19T18:57:45.531,"Any[56, 45, 37, 30, 25, 19, 11, 6]",56,6
2462,2026-01-24T13:20:00.0,2026-01-26T18:57:45.531,"Any[56, 45, 37, 30, 25, 19, 10]",56,10
2471,2026-01-24T13:20:00.0,2026-02-02T18:57:45.531,"Any[56, 45, 37, 30, 25, 19, 10]",56,10
2479,2026-01-24T13:20:00.0,2026-01-26T18:57:45.531,"Any[53, 45, 37, 30, 25]",53,25
2488,2026-01-24T13:20:00.0,2026-01-26T18:57:45.531,"Any[53, 45, 37, 30, 25, 19]",53,19
2492,2026-01-24T13:20:00.0,2026-02-02T18:57:45.531,"Any[53, 45, 37, 30, 25, 19]",53,19
2497,2026-01-24T13:20:00.0,2026-01-19T18:57:45.531,"Any[53, 45, 37, 30, 25, 19]",53,19
2498,2026-01-24T13:20:00.0,2026-01-26T18:57:45.531,"Any[53, 45, 37, 30, 25, 19]",53,19
2499,2026-01-24T13:20:00.0,2026-01-26T18:57:45.531,"Any[53, 45, 37, 30, 25, 19]",53,19
2506,2026-01-24T13:20:00.0,2026-01-26T18:57:45.531,"Any[53, 45, 37, 30, 25, 19]",53,19
2508,2026-01-24T13:20:00.0,2026-01-12T18:57:45.531,"Any[53, 45, 37, 30, 25, 19]",53,19
2509,2026-01-24T13:20:00.0,2026-01-12T18:57:45.531,"Any[53, 45, 37, 30, 25, 19]",53,19
2510,2026-01-24T13:20:00.0,2026-01-26T18:57:45.531,"Any[53, 45, 37, 30, 25, 19]",53,19
2513,2026-01-24T13:20:00.0,2026-02-02T18:57:45.531,"Any[53, 45, 37, 30, 25, 19]",53,19
2517,2026-01-24T13:20:00.0,2026-01-26T18:57:45.531,"Any[53, 45, 37, 30, 25, 19]",53,19
2518,2026-01-24T13:20:00.0,2026-01-12T18:57:45.531,"Any[53, 45, 37, 30, 25, 19]",53,19
2528,2026-01-24T13:20:00.0,2026-02-02T18:57:45.531,"Any[53, 45, 37, 30, 25, 19]",53,19
2533,2026-01-24T13:20:00.0,2026-01-26T18:57:45.531,"Any[53, 45, 37, 30, 25, 19]",53,19
2538,2026-01-24T13:20:00.0,2026-02-02T18:57:45.531,"Any[53, 45, 37, 30, 25, 19]",53,19
2539,2026-01-24T13:20:00.0,2026-01-26T18:57:45.531,"Any[53, 45, 37, 30, 25, 19]",53,19
2541,2026-01-24T13:20:00.0,2026-01-12T18:57:45.531,"Any[53, 45, 37, 30, 25, 19]",53,19
2542,2026-01-24T13:20:00.0,2026-01-26T18:57:45.531,"Any[53, 45, 37, 30, 25, 19]",53,19
2546,2026-01-24T13:20:00.0,2026-01-19T18:57:45.531,"Any[53, 45, 37, 30, 25, 19]",53,19
2547,2026-01-24T13:20:00.0,2026-01-19T18:57:45.531,"Any[53, 45, 37, 30, 25, 19]",53,19
2553,2026-01-24T13:20:00.0,2026-01-26T18:57:45.531,"Any[53, 45, 37, 30, 25, 19]",53,19
2556,2026-01-24T13:20:00.0,2026-01-12T18:57:45.531,"Any[53, 45, 37, 30, 25, 19]",53,19
2564,2026-01-24T13:20:00.0,2026-01-12T18:57:45.531,"Any[53, 45, 37, 30, 25, 19, 13, 8]",53,8
2566,2026-01-24T13:20:00.0,2026-01-26T18:57:45.531,"Any[53, 45, 37, 30, 25, 19, 13, 8]",53,8
2572,2026-01-24T13:20:00.0,2026-01-19T18:57:45.531,"Any[53, 45, 37, 30, 25, 19, 13, 8]",53,8
2579,2026-01-24T13:20:00.0,2026-01-19T18:57:45.531,"Any[53, 45, 37, 30, 25, 19, 13, 8]",53,8
2586,2026-01-24T13:20:00.0,2026-01-26T18:57:45.531,"Any[53, 45, 37, 30, 25, 19, 13, 8]",53,8
2587,2026-01-24T13:20:00.0,2026-01-12T18:57:45.531,"Any[53, 45, 37, 30, 25, 19, 13, 8]",53,8
2589,2026-01-24T13:20:00.0,2026-01-19T18:57:45.531,"Any[53, 45, 37, 30, 25, 19, 13, 8]",53,8
2592,2026-01-24T13:20:00.0,2026-01-12T18:57:45.531,"Any[53, 45, 37, 30, 25, 19, 13, 8]",53,8
2596,2026-01-24T13:20:00.0,2026-01-19T18:57:45.531,"Any[53, 45, 37, 30, 25, 19, 13, 8]",53,8
2604,2026-01-24T13:20:00.0,2026-01-12T18:57:45.531,"Any[53, 45, 37, 30, 25, 19, 13, 8]",53,8
2606,2026-01-24T13:20:00.0,2026-02-02T18:57:45.531,"Any[53, 45, 37, 30, 25, 19, 13, 8]",53,8
2609,2026-01-24T13:20:00.0,2026-01-19T18:57:45.531,"Any[53, 45, 37, 30, 25, 19, 13, 8]",53,8
2610,2026-01-24T13:20:00.0,2026-01-19T18:57:45.531,"Any[53, 45, 37, 30, 25, 19, 13, 8]",53,8
2616,2026-01-24T13:20:00.0,2026-01-12T18:57:45.531,"Any[53, 45, 37, 30, 25, 19, 13, 8]",53,8
2628,2026-01-24T13:20:00.0,2026-01-19T18:57:45.531,"Any[53, 45, 37, 30, 25, 19, 13, 8]",53,8
2632,2026-01-24T13:20:00.0,2026-01-19T18:57:45.531,"Any[53, 45, 37, 30, 25, 19, 13, 8]",53,8
2637,2026-01-24T13:20:00.0,2026-01-12T18:57:45.531,"Any[53, 45, 37, 30, 25, 19, 11, 6, 1]",53,1
2640,2026-01-24T13:20:00.0,2026-01-19T18:57:45.531,"Any[53, 45, 37, 30, 25, 19, 11, 6, 1]",53,1
2641,2026-01-24T13:20:00.0,2026-01-19T18:57:45.531,"Any[53, 45, 37, 30, 25, 17, 11, 6, 1]",53,1
2642,2026-01-24T13:20:00.0,2026-02-02T18:57:45.531,"Any[53, 45, 37, 30, 25, 19, 11, 6, 1]",53,1
2646,2026-01-24T13:20:00.0,2026-01-26T18:57:45.531,"Any[53, 45, 37, 30, 25, 19, 11, 6, 1]",53,1
2651,2026-01-24T13:20:00.0,2026-01-19T18:57:45.531,"Any[53, 45, 37, 30, 25, 19, 11, 6, 1]",53,1
2655,2026-01-24T13:20:00.0,2026-01-26T18:57:45.531,"Any[53, 45, 37, 30, 25, 19, 11, 6, 1]",53,1
2657,2026-01-24T13:20:00.0,2026-01-19T18:57:45.531,"Any[53, 45, 37, 30, 25, 17, 11, 6, 1]",53,1
2658,2026-01-24T13:20:00.0,2026-01-12T18:57:45.531,"Any[53, 45, 37, 30, 25, 19, 11, 6, 1]",53,1
2661,2026-01-24T13:20:00.0,2026-02-02T18:57:45.531,"Any[53, 45, 37, 30, 25, 19, 11, 6, 1]",53,1
2665,2026-01-24T13:20:00.0,2026-01-12T18:57:45.531,"Any[53, 45, 37, 30, 25, 19, 11, 6, 1]",53,1
2668,2026-01-24T13:20:00.0,2026-01-26T18:57:45.531,"Any[53, 45, 37, 30, 25, 19, 11, 6, 1]",53,1
2675,2026-01-24T13:20:00.0,2026-01-26T18:57:45.531,"Any[45, 37, 30, 25, 19]",45,19
2682,2026-01-24T13:20:00.0,2026-01-12T18:57:45.531,"Any[45, 37, 30, 25, 19]",45,19
2684,2026-01-24T13:20:00.0,2026-01-12T18:57:45.531,"Any[45, 37, 30, 25, 19]",45,19
2686,2026-01-24T13:20:00.0,2026-01-19T18:57:45.531,"Any[45, 37, 30, 25, 19]",45,19
2691,2026-01-24T13:20:00.0,2026-01-26T18:57:45.531,"Any[45, 37, 30, 25, 19]",45,19
2694,2026-01-24T13:20:00.0,2026-01-26T18:57:45.531,"Any[45, 37, 30, 25, 19]",45,19
2696,2026-01-24T13:20:00.0,2026-01-26T18:57:45.531,"Any[45, 37, 30, 25, 19, 11, 6, 1]",45,1
2701,2026-01-24T13:20:00.0,2026-01-19T18:57:45.531,"Any[45, 37, 30, 25, 19, 10]",45,10
2711,2026-01-24T13:20:00.0,2026-01-26T18:57:45.531,"Any[25, 30, 37, 45, 56, 60, 64]",25,64
2715,2026-01-24T13:20:00.0,2026-01-26T18:57:45.531,"Any[25, 30, 37, 45, 56, 60, 64]",25,64
2722,2026-01-24T13:20:00.0,2026-01-26T18:57:45.531,"Any[25, 30, 37, 45, 53, 60, 64]",25,64
2733,2026-01-24T13:20:00.0,2026-01-19T18:57:45.531,"Any[19, 25, 30, 37, 45, 56, 60]",19,60
2734,2026-01-24T13:20:00.0,2026-01-19T18:57:45.531,"Any[19, 17, 25, 30, 37, 45, 53, 60]",19,60
2740,2026-01-24T13:20:00.0,2026-01-19T18:57:45.531,"Any[19, 25, 30, 37, 45, 53, 60]",19,60
2747,2026-01-24T13:20:00.0,2026-01-12T18:57:45.531,"Any[19, 25, 30, 37, 45, 56, 60, 60, 64]",19,60
2750,2026-01-24T13:20:00.0,2026-01-12T18:57:45.531,"Any[19, 17, 25, 30, 37, 45, 53, 60]",19,60
2752,2026-01-24T13:20:00.0,2026-01-26T18:57:45.531,"Any[19, 17, 25, 30, 37, 45, 53, 60]",19,60
2755,2026-01-24T13:20:00.0,2026-01-19T18:57:45.531,"Any[19, 25, 30, 37, 45, 56, 60, 60, 64]",19,60
2756,2026-01-24T13:20:00.0,2026-02-02T18:57:45.531,"Any[19, 25, 30, 37, 45, 56, 60]",19,60
2760,2026-01-24T13:20:00.0,2026-02-02T18:57:45.531,"Any[19, 25, 30, 37, 45, 56]",19,56
2765,2026-01-24T13:20:00.0,2026-02-02T18:57:45.531,"Any[19, 25, 30, 37, 45, 56]",19,56
2769,2026-01-24T13:20:00.0,2026-01-19T18:57:45.531,"Any[19, 25, 30, 37, 45, 56]",19,56
2770,2026-01-24T13:20:00.0,2026-01-26T18:57:45.531,"Any[19, 25, 30, 37, 45, 56]",19,56
2771,2026-01-24T13:20:00.0,2026-01-26T18:57:45.531,"Any[19, 25, 30, 37, 45, 56]",19,56
2776,2026-01-24T13:20:00.0,2026-02-02T18:57:45.531,"Any[8, 13, 19, 25, 30, 37, 45, 53, 62]",8,62
2779,2026-01-24T13:20:00.0,2026-01-26T18:57:45.531,"Any[8, 13, 19, 25, 30, 37, 45, 53, 62]",8,62
2800,2026-01-24T13:20:00.0,2026-01-12T18:57:45.531,"Any[8, 13, 19, 25, 30, 37, 45, 56]",8,56
2803,2026-01-24T13:20:00.0,2026-01-12T18:57:45.531,"Any[8, 13, 19, 25, 30, 37, 45, 56]",8,56
2811,2026-01-24T13:20:00.0,2026-01-26T18:57:45.531,"Any[8, 13, 19, 25, 30, 37, 45, 56]",8,56
2818,2026-01-24T13:20:00.0,2026-01-12T18:57:45.531,"Any[8, 13, 19, 25, 30, 37, 45, 56]",8,56
2821,2026-01-24T13:20:00.0,2026-01-19T18:57:45.531,"Any[8, 13, 19, 25, 30, 37, 45, 53, 56]",8,56
2823,2026-01-24T13:20:00.0,2026-01-12T18:57:45.531,"Any[8, 13, 19, 25, 30, 37, 45, 56]",8,56
2831,2026-01-24T13:20:00.0,2026-01-19T18:57:45.531,"Any[8, 13, 19, 25, 30, 37, 45, 56]",8,56
2838,2026-01-24T13:20:00.0,2026-01-12T18:57:45.531,"Any[8, 13, 19, 25, 30, 37, 45, 56]",8,56
2839,2026-01-24T13:20:00.0,2026-01-26T18:57:45.531,"Any[8, 13, 19, 25, 30, 37, 45, 56]",8,56
2847,2026-01-24T13:20:00.0,2026-01-19T18:57:45.531,"Any[8, 13, 19, 25, 30, 37, 45, 56]",8,56
2856,2026-01-24T13:20:00.0,2026-01-12T18:57:45.531,"Any[8, 13, 19, 25, 30, 37, 45, 56]",8,56
2865,2026-01-24T13:20:00.0,2026-01-19T18:57:45.531,"Any[8, 13, 19, 25, 30, 37, 45, 56]",8,56
2871,2026-01-24T13:20:00.0,2026-01-12T18:57:45.531,"Any[8, 13, 19, 25, 30, 37, 45, 56]",8,56
2875,2026-01-24T13:20:00.0,2026-01-12T18:57:45.531,"Any[8, 13, 19, 25, 30, 37, 45, 56]",8,56
2876,2026-01-24T13:20:00.0,2026-01-26T18:57:45.531,"Any[8, 13, 25, 30, 37, 45]",8,45
2881,2026-01-24T13:20:00.0,2026-01-19T18:57:45.531,"Any[1, 6, 11, 19, 25, 30, 37, 45, 53, 60]",1,60
2885,2026-01-24T13:20:00.0,2026-01-26T18:57:45.531,"Any[1, 6, 11, 19, 23, 36, 44, 54, 60]",1,60
2892,2026-01-24T13:20:00.0,2026-01-19T18:57:45.531,"Any[1, 6, 11, 19, 25, 30, 37, 45, 53, 60]",1,60
2894,2026-01-24T13:20:00.0,2026-01-19T18:57:45.531,"Any[1, 6, 11, 19, 25, 30, 37, 45, 53, 60]",1,60
2905,2026-01-24T13:20:00.0,2026-01-12T18:57:45.531,"Any[1, 6, 11, 16, 25, 30, 37, 45, 56, 60]",1,60
2911,2026-01-24T13:20:00.0,2026-02-02T18:57:45.531,"Any[1, 6, 11, 19, 23, 36, 44, 54, 60]",1,60
2914,2026-01-24T13:20:00.0,2026-02-02T18:57:45.531,"Any[1, 6, 11, 19, 25, 30, 37, 45, 56, 60]",1,60
2935,2026-01-24T13:20:00.0,2026-01-26T18:57:45.531,"Any[1, 6, 11, 19, 25, 30, 37, 45, 53, 60]",1,60
2937,2026-01-24T13:20:00.0,2026-01-12T18:57:45.531,"Any[1, 6, 11, 19, 25, 30, 37, 45, 56]",1,56
2939,2026-01-24T13:20:00.0,2026-01-26T18:57:45.531,"Any[1, 6, 11, 19, 25, 30, 37, 45, 56]",1,56
2945,2026-01-24T13:20:00.0,2026-01-26T18:57:45.531,"Any[1, 6, 11, 19, 25, 30, 37, 45, 56]",1,56
2949,2026-01-24T13:20:00.0,2026-01-12T18:57:45.531,"Any[1, 6, 11, 19, 25, 30, 37, 45, 56]",1,56
2951,2026-01-24T13:20:00.0,2026-01-12T18:57:45.531,"Any[1, 6, 11, 16, 25, 30, 37, 45, 56]",1,56
2954,2026-01-24T13:20:00.0,2026-01-19T18:57:45.531,"Any[1, 6, 11, 19, 25, 30, 37, 45, 56]",1,56
2962,2026-01-24T13:20:00.0,2026-02-02T18:57:45.531,"Any[1, 6, 11, 19, 25, 30, 37, 45, 56]",1,56
2963,2026-01-24T13:20:00.0,2026-01-19T18:57:45.531,"Any[1, 6, 11, 19, 25, 30, 37, 45, 56]",1,56
2964,2026-01-24T13:20:00.0,2026-01-26T18:57:45.531,"Any[1, 6, 11, 19, 25, 30, 37, 45, 56]",1,56
2974,2026-01-24T13:20:00.0,2026-01-19T18:57:45.531,"Any[6, 11, 19, 25, 30, 37, 45, 53]",6,53
2976,2026-01-24T13:20:00.0,2026-02-02T18:57:45.531,"Any[6, 11, 19, 25, 30, 37, 45, 53]",6,53
2986,2026-01-24T13:20:00.0,2026-02-02T18:57:45.531,"Any[6, 11, 19, 25, 30, 37, 45, 53]",6,53
2989,2026-01-24T13:20:00.0,2026-01-12T18:57:45.531,"Any[6, 11, 19, 25, 30, 37, 45]",6,45
3011,2026-01-24T13:20:00.0,2026-01-12T18:57:45.531,"Any[10, 19, 25, 30, 37, 45, 53]",10,53
3012,2026-01-24T13:20:00.0,2026-01-19T18:57:45.531,"Any[10, 19, 25, 30, 37, 45, 53]",10,53
3020,2026-01-24T13:20:00.0,2026-01-26T18:57:45.531,"Any[10, 19, 25, 30, 37, 45, 53]",10,53
3026,2026-01-24T13:20:00.0,2026-01-12T18:57:45.531,"Any[10, 19, 25, 30, 37, 45, 53]",10,53
3027,2026-01-24T13:20:00.0,2026-01-12T18:57:45.531,"Any[10, 19, 25, 30, 37, 45, 53]",10,53
3034,2026-01-24T13:20:00.0,2026-01-26T18:57:45.531,"Any[10, 19, 25, 30, 37, 45, 53]",10,53
3054,2026-01-24T13:20:00.0,2026-02-02T18:57:45.531,"Any[10, 19, 25, 30, 37, 45, 53]",10,53
3059,2026-01-24T13:20:00.0,2026-01-19T18:57:45.531,"Any[10, 19, 25, 30, 37, 45, 53]",10,53
3060,2026-01-24T13:20:00.0,2026-02-02T18:57:45.531,"Any[10, 19, 25, 30, 37, 45, 53]",10,53
3064,2026-01-24T13:20:00.0,2026-02-02T18:57:45.531,"Any[10, 19, 25, 30, 37, 45, 53]",10,53
3067,2026-01-24T13:20:00.0,2026-02-02T18:57:45.531,"Any[10, 19, 25, 30, 37, 45, 53]",10,53
3070,2026-01-24T13:20:00.0,2026-02-02T18:57:45.531,"Any[10, 11, 19, 25, 30, 37, 45, 53]",10,53
3074,2026-01-24T13:20:00.0,2026-01-12T18:57:45.531,"Any[10, 19, 25, 30, 37, 45, 53]",10,53
3076,2026-01-24T13:20:00.0,2026-02-02T18:57:45.531,"Any[10, 19, 25, 30, 37, 45, 53]",10,53
3084,2026-01-24T13:20:00.0,2026-01-19T18:57:45.531,"Any[10, 19, 25, 30, 37, 45, 53]",10,53
3087,2026-01-24T13:20:00.0,2026-02-02T18:57:45.531,"Any[10, 19, 25, 30, 37, 45, 53]",10,53
3107,2026-01-24T13:20:00.0,2026-01-26T18:57:45.531,"Any[10, 19, 25, 30, 37, 45, 53]",10,53
3109,2026-01-24T13:20:00.0,2026-01-26T18:57:45.531,"Any[10, 19, 25, 30, 37, 45, 53]",10,53
3126,2026-01-24T13:20:00.0,2026-01-12T18:57:45.531,"Any[10, 19, 25, 30, 37, 45, 53]",10,53
3129,2026-01-24T13:20:00.0,2026-01-26T18:57:45.531,"Any[10, 19, 25, 30, 37, 45, 53]",10,53
3130,2026-01-24T13:20:00.0,2026-02-02T18:57:45.531,"Any[10, 19, 25, 30, 37, 45, 53]",10,53
3140,2026-01-24T13:20:00.0,2026-01-19T18:57:45.531,"Any[10, 19, 25, 30, 37, 45, 53]",10,53
3141,2026-01-24T13:20:00.0,2026-01-26T18:57:45.531,"Any[10, 19, 25, 30, 37, 45, 53]",10,53
3151,2026-01-24T13:20:00.0,2026-01-26T18:57:45.531,"Any[10, 19, 25, 30, 37, 45, 53]",10,53
3153,2026-01-24T13:20:00.0,2026-01-12T18:57:45.531,"Any[10, 19, 25, 30, 37, 45, 53]",10,53
3157,2026-01-24T13:20:00.0,2026-01-26T18:57:45.531,"Any[10, 19, 25, 30, 37, 45, 53]",10,53
3162,2026-01-24T13:20:00.0,2026-01-26T18:57:45.531,"Any[10, 19, 25, 30, 37, 45, 53]",10,53
3165,2026-01-24T13:20:00.0,2026-01-19T18:57:45.531,"Any[10, 19, 25, 30, 37, 45, 53]",10,53
3166,2026-01-24T13:20:00.0,2026-01-26T18:57:45.531,"Any[10, 19, 25, 30, 37, 45, 53]",10,53
3176,2026-01-24T13:20:00.0,2026-02-02T18:57:45.531,"Any[10, 19, 25, 30, 37, 45, 53]",10,53
3177,2026-01-24T13:20:00.0,2026-01-12T18:57:45.531,"Any[10, 11, 19, 25, 30, 37, 45, 53]",10,53
3180,2026-01-24T13:20:00.0,2026-01-12T18:57:45.531,"Any[10, 19, 25, 30, 37, 45, 53]",10,53
3183,2026-01-24T13:20:00.0,2026-02-02T18:57:45.531,"Any[10, 19, 25, 30, 37, 45, 53]",10,53
3184,2026-01-24T13:20:00.0,2026-02-02T18:57:45.531,"Any[10, 19, 25, 30, 37, 45, 53]",10,53
3192,2026-01-24T13:20:00.0,2026-02-02T18:57:45.531,"Any[10, 19, 25, 30, 37, 45, 53]",10,53
4,2026-01-28T07:06:40.0,2026-01-09T12:44:25.531,"Any[56, 45, 37, 30, 25, 19, 11, 6]",56,6
24,2026-01-28T07:06:40.0,2026-01-30T12:44:25.531,"Any[60, 53, 45, 37, 30, 25, 19, 13, 8]",60,8
37,2026-01-28T07:06:40.0,2026-01-30T12:44:25.531,"Any[60, 56, 45, 37, 30, 25]",60,25
43,2026-01-28T07:06:40.0,2026-01-30T12:44:25.531,"Any[19, 25, 30, 37, 45, 56]",19,56
54,2026-01-28T07:06:40.0,2026-01-23T12:44:25.531,"Any[6, 11, 19, 25, 30, 37, 45]",6,45
137,2026-01-28T07:06:40.0,2026-01-23T12:44:25.531,"Any[17, 16, 17, 25, 30, 37, 45, 53]",17,53
138,2026-01-28T07:06:40.0,2026-01-30T12:44:25.531,"Any[1, 6, 10, 19, 23, 36, 44, 54, 60]",1,60
148,2026-01-28T07:06:40.0,2026-01-09T12:44:25.531,"Any[53, 45, 37, 30, 25, 19, 13, 8]",53,8
172,2026-01-28T07:06:40.0,2026-01-30T12:44:25.531,"Any[53, 45, 37, 30, 25]",53,25
175,2026-01-28T07:06:40.0,2026-01-30T12:44:25.531,"Any[6, 11, 19, 25, 30, 37, 45]",6,45
226,2026-01-28T07:06:40.0,2026-01-16T12:44:25.531,"Any[53, 45, 37, 30, 25, 19, 11, 6, 1]",53,1
237,2026-01-28T07:06:40.0,2026-01-16T12:44:25.531,"Any[64, 60, 53, 45, 37, 30, 25, 19, 13, 8]",64,8
240,2026-01-28T07:06:40.0,2026-01-30T12:44:25.531,"Any[64, 60, 53, 45, 37, 30, 25, 19, 11, 6, 1]",64,1
289,2026-01-28T07:06:40.0,2026-01-09T12:44:25.531,"Any[3, 6, 11, 16, 25, 30, 37, 45]",3,45
306,2026-01-28T07:06:40.0,2026-01-09T12:44:25.531,"Any[8, 13, 19, 25, 30, 37, 45, 56]",8,56
336,2026-01-28T07:06:40.0,2026-01-30T12:44:25.531,"Any[8, 13, 25, 30, 37, 45, 56]",8,56
398,2026-01-28T07:06:40.0,2026-01-30T12:44:25.531,"Any[56, 45, 37, 30, 25, 19, 10]",56,10
399,2026-01-28T07:06:40.0,2026-01-16T12:44:25.531,"Any[56, 45, 37, 30, 25]",56,25
443,2026-01-28T07:06:40.0,2026-01-30T12:44:25.531,"Any[19, 25, 30, 37, 45, 56]",19,56
526,2026-01-28T07:06:40.0,2026-01-16T12:44:25.531,"Any[53, 45, 37, 30, 25, 19, 11, 6, 3, 1]",53,1
606,2026-01-28T07:06:40.0,2026-01-09T12:44:25.531,"Any[56, 45, 37, 30, 25, 19, 10]",56,10
643,2026-01-28T07:06:40.0,2026-01-30T12:44:25.531,"Any[54, 44, 36, 23, 19, 13, 8, 7]",54,7
649,2026-01-28T07:06:40.0,2026-01-30T12:44:25.531,"Any[64, 60, 53, 45, 37, 30, 25, 19, 10]",64,10
655,2026-01-28T07:06:40.0,2026-01-16T12:44:25.531,"Any[60, 56, 45, 37, 30, 25]",60,25
716,2026-01-28T07:06:40.0,2026-01-09T12:44:25.531,"Any[6, 11, 25, 30, 37, 45]",6,45
728,2026-01-28T07:06:40.0,2026-01-30T12:44:25.531,"Any[3, 10, 19, 25, 30, 37, 45, 53]",3,53
733,2026-01-28T07:06:40.0,2026-01-16T12:44:25.531,"Any[56, 45, 37, 30, 25]",56,25
828,2026-01-28T07:06:40.0,2026-01-16T12:44:25.531,"Any[53, 45, 37, 30, 25, 19, 13, 8]",53,8
833,2026-01-28T07:06:40.0,2026-01-30T12:44:25.531,"Any[60, 56, 45, 37, 30, 25, 19, 11, 6]",60,6
836,2026-01-28T07:06:40.0,2026-01-09T12:44:25.531,"Any[10, 19, 30, 37, 45, 53]",10,53
850,2026-01-28T07:06:40.0,2026-01-09T12:44:25.531,"Any[7, 8, 13, 19, 30, 37, 45, 53, 60]",7,60
864,2026-01-28T07:06:40.0,2026-01-16T12:44:25.531,"Any[8, 13, 19, 25, 30, 37, 45, 56]",8,56
867,2026-01-28T07:06:40.0,2026-01-30T12:44:25.531,"Any[7, 8, 13, 19, 25, 30, 37, 45, 53]",7,53
933,2026-01-28T07:06:40.0,2026-01-09T12:44:25.531,"Any[56, 45, 37, 30, 25, 19, 11, 6]",56,6
942,2026-01-28T07:06:40.0,2026-01-30T12:44:25.531,"Any[60, 53, 45, 37, 30, 25]",60,25
957,2026-01-28T07:06:40.0,2026-01-09T12:44:25.531,"Any[53, 45, 37, 30, 25, 19, 13, 8]",53,8
985,2026-01-28T07:06:40.0,2026-01-09T12:44:25.531,"Any[56, 45, 37, 30, 25]",56,25
1024,2026-01-28T07:06:40.0,2026-01-30T12:44:25.531,"Any[54, 44, 36, 23, 19, 13, 8, 7]",54,7
1032,2026-01-28T07:06:40.0,2026-01-09T12:44:25.531,"Any[1, 6, 11, 19, 23, 36, 44, 54, 60]",1,60
1046,2026-01-28T07:06:40.0,2026-01-23T12:44:25.531,"Any[56, 45, 37, 30, 25, 19, 11, 6]",56,6
1059,2026-01-28T07:06:40.0,2026-01-16T12:44:25.531,"Any[17, 16, 17, 25, 30, 37, 45, 53]",17,53
1111,2026-01-28T07:06:40.0,2026-01-16T12:44:25.531,"Any[7, 8, 13, 19, 25, 30, 37, 45, 53, 60]",7,60
1138,2026-01-28T07:06:40.0,2026-01-16T12:44:25.531,"Any[56, 45, 37, 30, 25]",56,25
1144,2026-01-28T07:06:40.0,2026-01-09T12:44:25.531,"Any[6, 11, 19, 25, 30, 37, 45]",6,45
1168,2026-01-28T07:06:40.0,2026-01-23T12:44:25.531,"Any[45, 37, 30, 25, 19, 10]",45,10
1181,2026-01-28T07:06:40.0,2026-01-09T12:44:25.531,"Any[6, 11, 19, 25, 30, 37, 45]",6,45
1194,2026-01-28T07:06:40.0,2026-01-30T12:44:25.531,"Any[19, 25, 30, 37, 45, 56]",19,56
1197,2026-01-28T07:06:40.0,2026-01-30T12:44:25.531,"Any[8, 13, 25, 30, 37, 45, 56]",8,56
1217,2026-01-28T07:06:40.0,2026-01-09T12:44:25.531,"Any[16, 25, 30, 37, 45, 53]",16,53
1219,2026-01-28T07:06:40.0,2026-01-23T12:44:25.531,"Any[53, 45, 37, 30, 25]",53,25
1226,2026-01-28T07:06:40.0,2026-01-09T12:44:25.531,"Any[56, 45, 37, 30, 25, 19, 10]",56,10
1289,2026-01-28T07:06:40.0,2026-01-23T12:44:25.531,"Any[56, 45, 37, 30, 25]",56,25
1291,2026-01-28T07:06:40.0,2026-01-23T12:44:25.531,"Any[6, 10, 19, 25, 30, 37, 45]",6,45
1327,2026-01-28T07:06:40.0,2026-01-30T12:44:25.531,"Any[64, 53, 45, 37, 30, 25, 19, 11, 6, 1]",64,1
1414,2026-01-28T07:06:40.0,2026-01-09T12:44:25.531,"Any[10, 19, 25, 30, 37, 45, 53]",10,53
1429,2026-01-28T07:06:40.0,2026-01-30T12:44:25.531,"Any[64, 60, 56, 45, 37, 30, 25, 19]",64,19
1470,2026-01-28T07:06:40.0,2026-01-30T12:44:25.531,"Any[53, 45, 37, 30, 25, 19, 13, 8]",53,8
1487,2026-01-28T07:06:40.0,2026-01-09T12:44:25.531,"Any[7, 8, 13, 19, 25, 30, 37, 45, 53]",7,53
1493,2026-01-28T07:06:40.0,2026-01-16T12:44:25.531,"Any[19, 30, 37, 45, 56]",19,56
1508,2026-01-28T07:06:40.0,2026-01-16T12:44:25.531,"Any[10, 19, 25, 30, 37, 45, 53]",10,53
1547,2026-01-28T07:06:40.0,2026-01-30T12:44:25.531,"Any[53, 45, 37, 30, 25, 19, 13, 8]",53,8
1566,2026-01-28T07:06:40.0,2026-01-30T12:44:25.531,"Any[6, 11, 19, 25, 30, 37, 45]",6,45
1581,2026-01-28T07:06:40.0,2026-01-23T12:44:25.531,"Any[60, 56, 45, 37, 30, 25]",60,25
1620,2026-01-28T07:06:40.0,2026-01-09T12:44:25.531,"Any[56, 45, 37, 30, 25, 19, 10, 6]",56,6
1621,2026-01-28T07:06:40.0,2026-01-16T12:44:25.531,"Any[8, 13, 19, 25, 30, 37, 45, 56]",8,56
1640,2026-01-28T07:06:40.0,2026-01-23T12:44:25.531,"Any[19, 25, 30, 37, 45, 56]",19,56
1646,2026-01-28T07:06:40.0,2026-01-16T12:44:25.531,"Any[19, 25, 30, 37, 45, 56]",19,56
1647,2026-01-28T07:06:40.0,2026-01-16T12:44:25.531,"Any[56, 45, 37, 30, 25, 19, 11, 6]",56,6
1655,2026-01-28T07:06:40.0,2026-01-23T12:44:25.531,"Any[19, 25, 30, 37, 45, 56]",19,56
1697,2026-01-28T07:06:40.0,2026-01-09T12:44:25.531,"Any[56, 45, 37, 30, 25]",56,25
1700,2026-01-28T07:06:40.0,2026-01-09T12:44:25.531,"Any[10, 19, 25, 30, 37, 45, 53]",10,53
1727,2026-01-28T07:06:40.0,2026-01-30T12:44:25.531,"Any[13, 19, 25, 30, 37, 45, 56]",13,56
1738,2026-01-28T07:06:40.0,2026-01-09T12:44:25.531,"Any[60, 56, 45, 37, 30, 25, 19, 13, 8]",60,8
1749,2026-01-28T07:06:40.0,2026-01-16T12:44:25.531,"Any[10, 19, 25, 30, 37, 45, 53]",10,53
1780,2026-01-28T07:06:40.0,2026-01-16T12:44:25.531,"Any[1, 6, 11, 19, 23, 36, 44, 54, 60]",1,60
1789,2026-01-28T07:06:40.0,2026-01-30T12:44:25.531,"Any[10, 19, 25, 30, 37, 45, 53]",10,53
1832,2026-01-28T07:06:40.0,2026-01-16T12:44:25.531,"Any[3, 10, 19, 25, 30, 37, 45, 53]",3,53
1837,2026-01-28T07:06:40.0,2026-01-23T12:44:25.531,"Any[19, 25, 30, 37, 45, 56]",19,56
1866,2026-01-28T07:06:40.0,2026-01-09T12:44:25.531,"Any[56, 45, 37, 30, 25, 16]",56,16
1868,2026-01-28T07:06:40.0,2026-01-23T12:44:25.531,"Any[19, 25, 30, 37, 45, 56]",19,56
1920,2026-01-28T07:06:40.0,2026-01-30T12:44:25.531,"Any[7, 8, 13, 19, 25, 30, 37, 45, 53, 60]",7,60
1975,2026-01-28T07:06:40.0,2026-01-16T12:44:25.531,"Any[56, 45, 37, 30, 25, 19, 10]",56,10
2015,2026-01-28T07:06:40.0,2026-01-16T12:44:25.531,"Any[64, 53, 45, 37, 30, 25, 19, 10]",64,10
2026,2026-01-28T07:06:40.0,2026-01-16T12:44:25.531,"Any[10, 19, 30, 37, 45, 53]",10,53
2041,2026-01-28T07:06:40.0,2026-01-16T12:44:25.531,"Any[6, 11, 19, 25, 30, 37, 45]",6,45
2102,2026-01-28T07:06:40.0,2026-01-09T12:44:25.531,"Any[53, 45, 37, 30, 25, 19, 13, 8]",53,8
2126,2026-01-28T07:06:40.0,2026-01-23T12:44:25.531,"Any[10, 19, 25, 30, 37, 45, 53]",10,53
2134,2026-01-28T07:06:40.0,2026-01-30T12:44:25.531,"Any[53, 45, 37, 30, 25, 19, 13, 8]",53,8
2201,2026-01-28T07:06:40.0,2026-01-09T12:44:25.531,"Any[45, 37, 30, 25, 19, 10]",45,10
2236,2026-01-28T07:06:40.0,2026-01-16T12:44:25.531,"Any[53, 45, 37, 30, 25, 19, 13, 8]",53,8
2252,2026-01-28T07:06:40.0,2026-01-09T12:44:25.531,"Any[56, 45, 37, 30, 25, 19, 10]",56,10
2310,2026-01-28T07:06:40.0,2026-01-09T12:44:25.531,"Any[60, 53, 45, 37, 30, 25, 19, 10]",60,10
2343,2026-01-28T07:06:40.0,2026-01-30T12:44:25.531,"Any[56, 45, 37, 30, 25]",56,25
2386,2026-01-28T07:06:40.0,2026-01-23T12:44:25.531,"Any[56, 45, 37, 30, 25, 19, 11, 6]",56,6
2398,2026-01-28T07:06:40.0,2026-01-23T12:44:25.531,"Any[56, 45, 37, 30, 25, 19, 11, 6]",56,6
2402,2026-01-28T07:06:40.0,2026-01-16T12:44:25.531,"Any[56, 45, 37, 30, 25, 19, 11, 6]",56,6
2421,2026-01-28T07:06:40.0,2026-01-30T12:44:25.531,"Any[56, 45, 37, 30, 25, 19, 11, 6]",56,6
2467,2026-01-28T07:06:40.0,2026-01-30T12:44:25.531,"Any[56, 45, 37, 30, 25, 19, 10]",56,10
2472,2026-01-28T07:06:40.0,2026-01-23T12:44:25.531,"Any[56, 45, 37, 30, 25, 19, 10]",56,10
2562,2026-01-28T07:06:40.0,2026-01-09T12:44:25.531,"Any[53, 45, 37, 30, 25, 19, 13, 8]",53,8
2591,2026-01-28T07:06:40.0,2026-01-09T12:44:25.531,"Any[53, 45, 37, 30, 25, 19, 13, 8]",53,8
2599,2026-01-28T07:06:40.0,2026-01-30T12:44:25.531,"Any[53, 45, 37, 30, 25, 19, 13, 8]",53,8
2620,2026-01-28T07:06:40.0,2026-01-23T12:44:25.531,"Any[53, 45, 37, 30, 25, 19, 13, 8]",53,8
2621,2026-01-28T07:06:40.0,2026-01-23T12:44:25.531,"Any[53, 45, 37, 30, 25, 19, 13, 8]",53,8
2697,2026-01-28T07:06:40.0,2026-01-30T12:44:25.531,"Any[45, 37, 30, 25, 19, 10]",45,10
2698,2026-01-28T07:06:40.0,2026-01-09T12:44:25.531,"Any[45, 37, 30, 25, 19, 10]",45,10
2700,2026-01-28T07:06:40.0,2026-01-09T12:44:25.531,"Any[45, 37, 30, 25, 19, 10]",45,10
2757,2026-01-28T07:06:40.0,2026-01-30T12:44:25.531,"Any[19, 25, 30, 37, 45, 56]",19,56
2806,2026-01-28T07:06:40.0,2026-01-30T12:44:25.531,"Any[8, 13, 25, 30, 37, 45, 56]",8,56
2830,2026-01-28T07:06:40.0,2026-01-23T12:44:25.531,"Any[8, 13, 19, 25, 30, 37, 45, 56]",8,56
2857,2026-01-28T07:06:40.0,2026-01-23T12:44:25.531,"Any[8, 13, 19, 25, 30, 37, 45, 56]",8,56
2878,2026-01-28T07:06:40.0,2026-01-30T12:44:25.531,"Any[8, 7, 8, 13, 19, 25, 30, 37, 45]",8,45
2890,2026-01-28T07:06:40.0,2026-01-30T12:44:25.531,"Any[1, 6, 11, 19, 23, 36, 44, 54, 60]",1,60
2901,2026-01-28T07:06:40.0,2026-01-30T12:44:25.531,"Any[1, 6, 10, 19, 23, 36, 44, 54, 60]",1,60
2908,2026-01-28T07:06:40.0,2026-01-30T12:44:25.531,"Any[1, 6, 10, 19, 23, 36, 44, 54, 60]",1,60
2917,2026-01-28T07:06:40.0,2026-01-16T12:44:25.531,"Any[1, 6, 11, 19, 23, 36, 44, 54, 60]",1,60
2930,2026-01-28T07:06:40.0,2026-01-16T12:44:25.531,"Any[1, 6, 11, 19, 23, 36, 44, 54, 60]",1,60
3025,2026-01-28T07:06:40.0,2026-01-09T12:44:25.531,"Any[10, 19, 25, 30, 37, 45, 53]",10,53
3030,2026-01-28T07:06:40.0,2026-01-16T12:44:25.531,"Any[10, 11, 19, 25, 30, 37, 45, 53]",10,53
3042,2026-01-28T07:06:40.0,2026-01-23T12:44:25.531,"Any[10, 19, 30, 37, 45, 53]",10,53
3055,2026-01-28T07:06:40.0,2026-01-16T12:44:25.531,"Any[10, 19, 25, 30, 37, 45, 53]",10,53
3066,2026-01-28T07:06:40.0,2026-01-23T12:44:25.531,"Any[10, 19, 25, 30, 37, 45, 53]",10,53
3068,2026-01-28T07:06:40.0,2026-01-16T12:44:25.531,"Any[10, 19, 25, 30, 37, 45, 53]",10,53
3075,2026-01-28T07:06:40.0,2026-01-09T12:44:25.531,"Any[10, 19, 25, 30, 37, 45, 53]",10,53
3077,2026-01-28T07:06:40.0,2026-01-16T12:44:25.531,"Any[10, 19, 25, 30, 37, 45, 53]",10,53
3092,2026-01-28T07:06:40.0,2026-01-16T12:44:25.531,"Any[10, 19, 25, 30, 37, 45, 53]",10,53
3125,2026-01-28T07:06:40.0,2026-01-16T12:44:25.531,"Any[10, 19, 25, 30, 37, 45, 53]",10,53
3136,2026-01-28T07:06:40.0,2026-01-30T12:44:25.531,"Any[10, 19, 30, 37, 45, 53]",10,53
3146,2026-01-28T07:06:40.0,2026-01-16T12:44:25.531,"Any[10, 19, 25, 30, 37, 45, 53]",10,53
3154,2026-01-28T07:06:40.0,2026-01-09T12:44:25.531,"Any[10, 19, 25, 30, 37, 45, 53]",10,53
3156,2026-01-28T07:06:40.0,2026-01-16T12:44:25.531,"Any[10, 19, 25, 30, 37, 45, 53]",10,53
5,2026-01-31T13:20:00.0,2026-01-19T18:57:45.531,"Any[60, 56, 45, 37, 30, 25, 19, 11, 6]",60,6
7,2026-01-31T13:20:00.0,2026-01-19T18:57:45.531,"Any[17, 16, 25, 30, 37, 45, 53]",17,53
8,2026-01-31T13:20:00.0,2026-01-26T18:57:45.531,"Any[1, 6, 11, 19, 25, 30, 37, 45, 56]",1,56
11,2026-01-31T13:20:00.0,2026-02-02T18:57:45.531,"Any[16, 17, 25, 30, 37, 45, 53]",16,53
13,2026-01-31T13:20:00.0,2026-02-02T18:57:45.531,"Any[60, 56, 45, 37, 30, 25, 19, 13, 8]",60,8
14,2026-01-31T13:20:00.0,2026-01-26T18:57:45.531,"Any[64, 53, 45, 37, 30, 25, 19, 11, 6, 1]",64,1
28,2026-01-31T13:20:00.0,2026-01-19T18:57:45.531,"Any[13, 19, 25, 30, 37, 45, 56]",13,56
32,2026-01-31T13:20:00.0,2026-01-19T18:57:45.531,"Any[1, 6, 11, 19, 25, 30, 37, 45, 56]",1,56
35,2026-01-31T13:20:00.0,2026-02-02T18:57:45.531,"Any[64, 60, 56, 45, 37, 30, 25, 19, 11, 6]",64,6
41,2026-01-31T13:20:00.0,2026-01-19T18:57:45.531,"Any[5, 6, 11, 19, 25, 30, 37, 45, 56]",5,56
42,2026-01-31T13:20:00.0,2026-01-26T18:57:45.531,"Any[6, 11, 19, 25, 30, 37, 45]",6,45
45,2026-01-31T13:20:00.0,2026-01-12T18:57:45.531,"Any[53, 45, 37, 30, 25, 19, 13, 8]",53,8
57,2026-01-31T13:20:00.0,2026-01-26T18:57:45.531,"Any[10, 19, 25, 30, 37, 45, 53]",10,53
69,2026-01-31T13:20:00.0,2026-01-19T18:57:45.531,"Any[53, 45, 37, 30, 25, 19, 13, 8]",53,8
72,2026-01-31T13:20:00.0,2026-01-19T18:57:45.531,"Any[64, 60, 56, 45, 37, 30, 25, 19, 11, 6]",64,6
75,2026-01-31T13:20:00.0,2026-01-12T18:57:45.531,"Any[1, 6, 11, 19, 25, 30, 37, 45, 56]",1,56
83,2026-01-31T13:20:00.0,2026-02-02T18:57:45.531,"Any[53, 45, 37, 30, 25]",53,25
86,2026-01-31T13:20:00.0,2026-02-02T18:57:45.531,"Any[53, 45, 37, 30, 25, 19, 13, 8]",53,8
92,2026-01-31T13:20:00.0,2026-01-26T18:57:45.531,"Any[7, 8, 13, 19, 25, 30, 37, 45, 53]",7,53
104,2026-01-31T13:20:00.0,2026-01-12T18:57:45.531,"Any[60, 56, 45, 37, 30, 25, 19, 13, 8]",60,8
105,2026-01-31T13:20:00.0,2026-01-19T18:57:45.531,"Any[7, 8, 13, 19, 25, 30, 37, 45, 53, 60]",7,60
112,2026-01-31T13:20:00.0,2026-01-19T18:57:45.531,"Any[8, 13, 25, 30, 37, 45]",8,45
123,2026-01-31T13:20:00.0,2026-01-19T18:57:45.531,"Any[3, 6, 11, 19, 25, 30, 37, 45]",3,45
124,2026-01-31T13:20:00.0,2026-02-02T18:57:45.531,"Any[7, 8, 13, 19, 25, 30, 37, 45, 53]",7,53
139,2026-01-31T13:20:00.0,2026-01-12T18:57:45.531,"Any[10, 19, 25, 30, 37, 45, 53]",10,53
141,2026-01-31T13:20:00.0,2026-01-26T18:57:45.531,"Any[7, 8, 13, 19, 25, 30, 37, 45]",7,45
143,2026-01-31T13:20:00.0,2026-01-26T18:57:45.531,"Any[53, 45, 37, 30, 25, 19, 11, 6, 1]",53,1
149,2026-01-31T13:20:00.0,2026-01-26T18:57:45.531,"Any[64, 60, 53, 45, 37, 30, 25, 19, 11, 6]",64,6
150,2026-01-31T13:20:00.0,2026-01-26T18:57:45.531,"Any[6, 11, 19, 25, 30, 37, 45]",6,45
151,2026-01-31T13:20:00.0,2026-02-02T18:57:45.531,"Any[64, 60, 56, 45, 37, 30, 25, 19, 11, 10]",64,10
154,2026-01-31T13:20:00.0,2026-02-02T18:57:45.531,"Any[60, 53, 45, 37, 30, 25, 19, 10]",60,10
167,2026-01-31T13:20:00.0,2026-02-02T18:57:45.531,"Any[56, 45, 37, 30, 25, 19, 11, 6]",56,6
168,2026-01-31T13:20:00.0,2026-01-19T18:57:45.531,"Any[53, 45, 37, 30, 25, 19, 11, 6, 1]",53,1
169,2026-01-31T13:20:00.0,2026-01-12T18:57:45.531,"Any[64, 60, 53, 45, 37, 30, 25, 19, 11, 6, 1]",64,1
177,2026-01-31T13:20:00.0,2026-01-26T18:57:45.531,"Any[60, 53, 45, 37, 30, 25, 19, 13, 8]",60,8
178,2026-01-31T13:20:00.0,2026-01-19T18:57:45.531,"Any[56, 45, 37, 30, 25, 19, 11, 6]",56,6
180,2026-01-31T13:20:00.0,2026-01-26T18:57:45.531,"Any[19, 25, 30, 37, 45, 56]",19,56
186,2026-01-31T13:20:00.0,2026-01-12T18:57:45.531,"Any[53, 45, 37, 30, 25, 19, 11, 6, 1]",53,1
189,2026-01-31T13:20:00.0,2026-01-12T18:57:45.531,"Any[8, 13, 19, 25, 30, 37, 45, 53, 56]",8,56
198,2026-01-31T13:20:00.0,2026-01-19T18:57:45.531,"Any[1, 6, 11, 19, 25, 30, 37, 45, 53, 60]",1,60
201,2026-01-31T13:20:00.0,2026-02-02T18:57:45.531,"Any[6, 11, 16, 25, 30, 37, 45]",6,45
208,2026-01-31T13:20:00.0,2026-02-02T18:57:45.531,"Any[60, 56, 45, 37, 30, 25, 19, 14]",60,14
210,2026-01-31T13:20:00.0,2026-01-19T18:57:45.531,"Any[5, 6, 11, 19, 25, 30, 37, 45]",5,45
211,2026-01-31T13:20:00.0,2026-01-19T18:57:45.531,"Any[53, 45, 37, 30, 25]",53,25
214,2026-01-31T13:20:00.0,2026-02-02T18:57:45.531,"Any[1, 6, 11, 19, 25, 30, 37, 45, 56]",1,56
215,2026-01-31T13:20:00.0,2026-01-26T18:57:45.531,"Any[17, 16, 17, 25, 30, 37, 45, 53, 60]",17,60
220,2026-01-31T13:20:00.0,2026-01-12T18:57:45.531,"Any[1, 6, 11, 19, 25, 30, 37, 45, 56]",1,56
225,2026-01-31T13:20:00.0,2026-01-12T18:57:45.531,"Any[19, 25, 30, 37, 45, 56]",19,56
233,2026-01-31T13:20:00.0,2026-02-02T18:57:45.531,"Any[62, 45, 37, 30, 25, 19]",62,19
234,2026-01-31T13:20:00.0,2026-02-02T18:57:45.531,"Any[53, 45, 37, 30, 25]",53,25
235,2026-01-31T13:20:00.0,2026-01-12T18:57:45.531,"Any[8, 13, 19, 25, 30, 37, 45]",8,45
244,2026-01-31T13:20:00.0,2026-02-02T18:57:45.531,"Any[54, 44, 36, 23, 19, 11, 6]",54,6
253,2026-01-31T13:20:00.0,2026-01-26T18:57:45.531,"Any[60, 56, 45, 37, 30, 25]",60,25
255,2026-01-31T13:20:00.0,2026-01-19T18:57:45.531,"Any[53, 45, 37, 30, 25, 19, 11, 6, 1]",53,1
259,2026-01-31T13:20:00.0,2026-01-19T18:57:45.531,"Any[56, 45, 37, 30, 25, 19, 11, 6]",56,6
261,2026-01-31T13:20:00.0,2026-01-19T18:57:45.531,"Any[19, 25, 30, 37, 45, 56]",19,56
269,2026-01-31T13:20:00.0,2026-01-12T18:57:45.531,"Any[19, 25, 30, 37, 45, 56]",19,56
271,2026-01-31T13:20:00.0,2026-01-19T18:57:45.531,"Any[6, 11, 25, 30, 37, 45]",6,45
272,2026-01-31T13:20:00.0,2026-01-26T18:57:45.531,"Any[6, 11, 19, 25, 30, 37, 45, 53]",6,53
287,2026-01-31T13:20:00.0,2026-02-02T18:57:45.531,"Any[1, 6, 11, 16, 25, 30, 37, 45, 56, 60]",1,60
292,2026-01-31T13:20:00.0,2026-01-12T18:57:45.531,"Any[64, 60, 53, 45, 37, 30, 25, 19, 13, 8]",64,8
293,2026-01-31T13:20:00.0,2026-01-26T18:57:45.531,"Any[60, 56, 45, 37, 30, 25, 19, 11, 6]",60,6
294,2026-01-31T13:20:00.0,2026-01-26T18:57:45.531,"Any[53, 45, 37, 30, 25, 19, 13, 8]",53,8
299,2026-01-31T13:20:00.0,2026-02-02T18:57:45.531,"Any[60, 56, 45, 37, 30, 25, 19, 13, 8]",60,8
303,2026-01-31T13:20:00.0,2026-02-02T18:57:45.531,"Any[10, 19, 25, 30, 37, 45, 53]",10,53
308,2026-01-31T13:20:00.0,2026-01-19T18:57:45.531,"Any[2, 9, 21, 27, 31, 36, 45, 55]",2,55
310,2026-01-31T13:20:00.0,2026-01-26T18:57:45.531,"Any[7, 8, 13, 19, 25, 30, 37, 45, 53]",7,53
315,2026-01-31T13:20:00.0,2026-02-02T18:57:45.531,"Any[3, 10, 11, 19, 25, 30, 37, 45]",3,45
317,2026-01-31T13:20:00.0,2026-02-02T18:57:45.531,"Any[54, 44, 36, 23, 19, 11, 6]",54,6
324,2026-01-31T13:20:00.0,2026-01-12T18:57:45.531,"Any[1, 6, 11, 19, 25, 30, 37, 45, 56, 60]",1,60
327,2026-01-31T13:20:00.0,2026-01-26T18:57:45.531,"Any[53, 45, 37, 30, 25, 19, 11, 6, 1]",53,1
338,2026-01-31T13:20:00.0,2026-01-19T18:57:45.531,"Any[6, 11, 19, 25, 30, 37, 45]",6,45
339,2026-01-31T13:20:00.0,2026-01-19T18:57:45.531,"Any[10, 19, 25, 30, 37, 45, 53]",10,53
345,2026-01-31T13:20:00.0,2026-01-12T18:57:45.531,"Any[10, 19, 25, 30, 37, 45, 53]",10,53
352,2026-01-31T13:20:00.0,2026-01-26T18:57:45.531,"Any[53, 45, 37, 30, 25, 19, 11, 6, 1]",53,1
353,2026-01-31T13:20:00.0,2026-01-19T18:57:45.531,"Any[10, 19, 25, 30, 37, 45, 53]",10,53
355,2026-01-31T13:20:00.0,2026-01-26T18:57:45.531,"Any[56, 45, 37, 30, 25, 19, 11, 6]",56,6
360,2026-01-31T13:20:00.0,2026-02-02T18:57:45.531,"Any[6, 11, 19, 25, 30, 37, 45]",6,45
367,2026-01-31T13:20:00.0,2026-01-19T18:57:45.531,"Any[3, 10, 19, 25, 30, 37, 45, 53]",3,53
368,2026-01-31T13:20:00.0,2026-01-19T18:57:45.531,"Any[8, 13, 19, 25, 30, 37, 45, 56]",8,56
379,2026-01-31T13:20:00.0,2026-01-26T18:57:45.531,"Any[53, 45, 37, 30, 25, 19, 11, 6, 1]",53,1
380,2026-01-31T13:20:00.0,2026-01-26T18:57:45.531,"Any[60, 53, 45, 37, 30, 25, 19, 11, 6]",60,6
395,2026-01-31T13:20:00.0,2026-01-26T18:57:45.531,"Any[10, 19, 25, 30, 37, 45, 53]",10,53
404,2026-01-31T13:20:00.0,2026-01-26T18:57:45.531,"Any[53, 45, 37, 30, 25]",53,25
420,2026-01-31T13:20:00.0,2026-01-26T18:57:45.531,"Any[8, 13, 19, 25, 30, 37, 45, 56]",8,56
433,2026-01-31T13:20:00.0,2026-01-12T18:57:45.531,"Any[8, 13, 19, 25, 30, 37, 45, 56]",8,56
441,2026-01-31T13:20:00.0,2026-01-19T18:57:45.531,"Any[64, 60, 56, 45, 37, 30, 25, 19, 13, 8]",64,8
444,2026-01-31T13:20:00.0,2026-01-26T18:57:45.531,"Any[8, 13, 19, 25, 30, 37, 45, 56]",8,56
445,2026-01-31T13:20:00.0,2026-01-26T18:57:45.531,"Any[1, 6, 11, 16, 25, 30, 37, 45, 56, 60]",1,60
463,2026-01-31T13:20:00.0,2026-01-12T18:57:45.531,"Any[64, 60, 53, 45, 37, 30, 25, 19, 10]",64,10
479,2026-01-31T13:20:00.0,2026-01-19T18:57:45.531,"Any[45, 37, 30, 25, 19, 11, 6, 1]",45,1
483,2026-01-31T13:20:00.0,2026-01-26T18:57:45.531,"Any[7, 8, 13, 19, 25, 30, 37, 45, 53]",7,53
486,2026-01-31T13:20:00.0,2026-01-12T18:57:45.531,"Any[6, 11, 19, 25, 30, 37, 45]",6,45
488,2026-01-31T13:20:00.0,2026-01-12T18:57:45.531,"Any[6, 11, 19, 25, 30, 37, 45]",6,45
489,2026-01-31T13:20:00.0,2026-01-12T18:57:45.531,"Any[53, 45, 37, 30, 25, 19, 11, 6, 1]",53,1
495,2026-01-31T13:20:00.0,2026-02-02T18:57:45.531,"Any[7, 8, 13, 19, 25, 30, 37, 45, 53]",7,53
499,2026-01-31T13:20:00.0,2026-01-19T18:57:45.531,"Any[3, 6, 11, 16, 25, 30, 37, 45, 56]",3,56
504,2026-01-31T13:20:00.0,2026-01-26T18:57:45.531,"Any[53, 45, 37, 30, 25]",53,25
505,2026-01-31T13:20:00.0,2026-01-12T18:57:45.531,"Any[6, 11, 19, 25, 30, 37, 45]",6,45
513,2026-01-31T13:20:00.0,2026-01-26T18:57:45.531,"Any[53, 45, 37, 30, 25, 19, 11, 6, 1]",53,1
514,2026-01-31T13:20:00.0,2026-01-12T18:57:45.531,"Any[60, 56, 45, 37, 30, 25, 19, 11, 6]",60,6
515,2026-01-31T13:20:00.0,2026-01-26T18:57:45.531,"Any[5, 6, 11, 19, 25, 30, 37, 45]",5,45
516,2026-01-31T13:20:00.0,2026-02-02T18:57:45.531,"Any[60, 53, 45, 37, 30, 25, 19, 10]",60,10
517,2026-01-31T13:20:00.0,2026-01-26T18:57:45.531,"Any[17, 16, 17, 25, 30, 37, 45, 53]",17,53
528,2026-01-31T13:20:00.0,2026-01-12T18:57:45.531,"Any[60, 53, 45, 37, 30, 25]",60,25
532,2026-01-31T13:20:00.0,2026-01-26T18:57:45.531,"Any[19, 25, 30, 37, 45, 53, 60]",19,60
535,2026-01-31T13:20:00.0,2026-01-12T18:57:45.531,"Any[7, 8, 13, 19, 25, 30, 37, 45, 53]",7,53
540,2026-01-31T13:20:00.0,2026-01-26T18:57:45.531,"Any[8, 13, 19, 25, 30, 37, 45, 56]",8,56
541,2026-01-31T13:20:00.0,2026-01-26T18:57:45.531,"Any[7, 8, 13, 19, 25, 30, 37, 45, 53, 60]",7,60
542,2026-01-31T13:20:00.0,2026-02-02T18:57:45.531,"Any[1, 6, 11, 19, 23, 36, 44, 54, 60]",1,60
549,2026-01-31T13:20:00.0,2026-01-12T18:57:45.531,"Any[19, 25, 30, 37, 45, 56]",19,56
551,2026-01-31T13:20:00.0,2026-01-19T18:57:45.531,"Any[62, 53, 45, 37, 30, 25, 19, 11, 6, 1]",62,1
552,2026-01-31T13:20:00.0,2026-01-19T18:57:45.531,"Any[8, 13, 19, 25, 30, 37, 45, 56]",8,56
554,2026-01-31T13:20:00.0,2026-02-02T18:57:45.531,"Any[10, 19, 25, 30, 37, 45, 53]",10,53
561,2026-01-31T13:20:00.0,2026-01-26T18:57:45.531,"Any[60, 53, 45, 37, 30, 25, 19, 13, 8]",60,8
562,2026-01-31T13:20:00.0,2026-01-19T18:57:45.531,"Any[53, 45, 37, 30, 25, 19, 11, 6, 1]",53,1
564,2026-01-31T13:20:00.0,2026-01-12T18:57:45.531,"Any[45, 37, 30, 25]",45,25
567,2026-01-31T13:20:00.0,2026-01-26T18:57:45.531,"Any[64, 53, 45, 37, 30, 25, 19, 13, 8]",64,8
573,2026-01-31T13:20:00.0,2026-02-02T18:57:45.531,"Any[56, 45, 37, 30, 25, 19, 11, 6]",56,6
581,2026-01-31T13:20:00.0,2026-02-02T18:57:45.531,"Any[60, 53, 45, 37, 30, 25]",60,25
587,2026-01-31T13:20:00.0,2026-01-19T18:57:45.531,"Any[53, 45, 37, 30, 25]",53,25
591,2026-01-31T13:20:00.0,2026-01-12T18:57:45.531,"Any[56, 45, 37, 30, 25, 19, 11, 6]",56,6
594,2026-01-31T13:20:00.0,2026-01-26T18:57:45.531,"Any[56, 45, 37, 30, 25, 19, 20]",56,20
598,2026-01-31T13:20:00.0,2026-01-12T18:57:45.531,"Any[60, 56, 45, 37, 30, 25]",60,25
600,2026-01-31T13:20:00.0,2026-01-12T18:57:45.531,"Any[53, 45, 37, 30, 25, 19, 13, 8]",53,8
605,2026-01-31T13:20:00.0,2026-01-19T18:57:45.531,"Any[53, 45, 37, 30, 25]",53,25
611,2026-01-31T13:20:00.0,2026-01-19T18:57:45.531,"Any[53, 45, 37, 30, 25, 19, 11, 6, 1]",53,1
613,2026-01-31T13:20:00.0,2026-01-19T18:57:45.531,"Any[17, 16, 17, 25, 30, 37, 45, 53]",17,53
627,2026-01-31T13:20:00.0,2026-01-26T18:57:45.531,"Any[1, 6, 11, 19, 25, 30, 37, 45, 56, 60]",1,60
632,2026-01-31T13:20:00.0,2026-01-19T18:57:45.531,"Any[60, 56, 45, 37, 30, 25, 19, 11, 6]",60,6
646,2026-01-31T13:20:00.0,2026-01-19T18:57:45.531,"Any[53, 45, 37, 30, 25]",53,25
653,2026-01-31T13:20:00.0,2026-01-12T18:57:45.531,"Any[64, 56, 45, 37, 30, 25, 19, 11, 6]",64,6
660,2026-01-31T13:20:00.0,2026-01-19T18:57:45.531,"Any[53, 45, 37, 30, 25]",53,25
676,2026-01-31T13:20:00.0,2026-01-12T18:57:45.531,"Any[53, 45, 37, 30, 25]",53,25
679,2026-01-31T13:20:00.0,2026-01-26T18:57:45.531,"Any[19, 25, 30, 37, 45, 56]",19,56
682,2026-01-31T13:20:00.0,2026-02-02T18:57:45.531,"Any[7, 8, 13, 19, 25, 30, 37, 45, 53]",7,53
689,2026-01-31T13:20:00.0,2026-01-19T18:57:45.531,"Any[60, 56, 45, 37, 30, 25, 19, 11, 6]",60,6
690,2026-01-31T13:20:00.0,2026-02-02T18:57:45.531,"Any[53, 45, 37, 30, 25, 19, 11, 6, 1]",53,1
700,2026-01-31T13:20:00.0,2026-02-02T18:57:45.531,"Any[8, 13, 19, 25, 30, 37, 45]",8,45
701,2026-01-31T13:20:00.0,2026-01-19T18:57:45.531,"Any[64, 56, 45, 37, 30, 25, 19, 11, 6]",64,6
707,2026-01-31T13:20:00.0,2026-01-19T18:57:45.531,"Any[19, 25, 30, 37, 45, 56]",19,56
714,2026-01-31T13:20:00.0,2026-01-19T18:57:45.531,"Any[56, 45, 37, 30, 25, 19, 20]",56,20
730,2026-01-31T13:20:00.0,2026-02-02T18:57:45.531,"Any[1, 6, 11, 19, 25, 30, 37, 45, 56]",1,56
738,2026-01-31T13:20:00.0,2026-01-12T18:57:45.531,"Any[3, 6, 11, 19, 25, 30, 37, 45, 56]",3,56
751,2026-01-31T13:20:00.0,2026-01-12T18:57:45.531,"Any[10, 19, 25, 30, 37, 45, 53]",10,53
755,2026-01-31T13:20:00.0,2026-01-19T18:57:45.531,"Any[1, 6, 11, 19, 23, 36, 44, 54, 60]",1,60
757,2026-01-31T13:20:00.0,2026-01-26T18:57:45.531,"Any[19, 25, 30, 37, 45, 56]",19,56
758,2026-01-31T13:20:00.0,2026-01-12T18:57:45.531,"Any[3, 6, 11, 25, 30, 37, 45]",3,45
760,2026-01-31T13:20:00.0,2026-01-12T18:57:45.531,"Any[53, 45, 37, 30, 25]",53,25
761,2026-01-31T13:20:00.0,2026-01-26T18:57:45.531,"Any[8, 13, 19, 25, 30, 37, 45, 56]",8,56
765,2026-01-31T13:20:00.0,2026-01-19T18:57:45.531,"Any[60, 56, 45, 37, 30, 25, 19, 11, 6]",60,6
766,2026-01-31T13:20:00.0,2026-01-12T18:57:45.531,"Any[19, 25, 30, 37, 45, 56]",19,56
772,2026-01-31T13:20:00.0,2026-01-26T18:57:45.531,"Any[6, 11, 19, 25, 30, 37, 45, 53]",6,53
775,2026-01-31T13:20:00.0,2026-01-12T18:57:45.531,"Any[60, 56, 45, 37, 30, 25, 19, 11, 6]",60,6
777,2026-01-31T13:20:00.0,2026-01-26T18:57:45.531,"Any[3, 6, 11, 19, 25, 30, 37, 45, 56]",3,56
781,2026-01-31T13:20:00.0,2026-01-12T18:57:45.531,"Any[56, 45, 37, 30, 25]",56,25
784,2026-01-31T13:20:00.0,2026-01-19T18:57:45.531,"Any[64, 60, 53, 45, 37, 30, 25, 19, 10]",64,10
787,2026-01-31T13:20:00.0,2026-01-26T18:57:45.531,"Any[19, 17, 25, 30, 37, 45, 53, 60]",19,60
801,2026-01-31T13:20:00.0,2026-01-19T18:57:45.531,"Any[56, 45, 37, 30, 25, 19, 11, 6]",56,6
807,2026-01-31T13:20:00.0,2026-02-02T18:57:45.531,"Any[64, 60, 56, 45, 37, 30, 25, 19, 11, 6, 5, 2]",64,2
809,2026-01-31T13:20:00.0,2026-02-02T18:57:45.531,"Any[8, 13, 19, 25, 30, 37, 45, 56]",8,56
811,2026-01-31T13:20:00.0,2026-01-26T18:57:45.531,"Any[64, 60, 53, 45, 37, 30, 25, 19, 10]",64,10
812,2026-01-31T13:20:00.0,2026-02-02T18:57:45.531,"Any[56, 45, 37, 30, 25, 19, 11, 6]",56,6
814,2026-01-31T13:20:00.0,2026-01-12T18:57:45.531,"Any[17, 16, 17, 25, 30, 37, 45, 53, 60]",17,60
824,2026-01-31T13:20:00.0,2026-02-02T18:57:45.531,"Any[10, 19, 25, 30, 37, 45, 53]",10,53
825,2026-01-31T13:20:00.0,2026-02-02T18:57:45.531,"Any[60, 56, 45, 37, 30, 25, 19, 11, 6]",60,6
831,2026-01-31T13:20:00.0,2026-01-19T18:57:45.531,"Any[19, 17, 25, 30, 37, 45, 53, 60]",19,60
832,2026-01-31T13:20:00.0,2026-02-02T18:57:45.531,"Any[5, 6, 11, 19, 25, 30, 37, 45, 56]",5,56
834,2026-01-31T13:20:00.0,2026-01-26T18:57:45.531,"Any[5, 6, 11, 19, 25, 30, 37, 45]",5,45
840,2026-01-31T13:20:00.0,2026-02-02T18:57:45.531,"Any[1, 6, 11, 19, 25, 30, 37, 45, 56, 60]",1,60
851,2026-01-31T13:20:00.0,2026-01-19T18:57:45.531,"Any[60, 56, 45, 37, 30, 25]",60,25
857,2026-01-31T13:20:00.0,2026-02-02T18:57:45.531,"Any[64, 60, 53, 45, 37, 30, 25, 19, 11, 6, 1]",64,1
859,2026-01-31T13:20:00.0,2026-01-12T18:57:45.531,"Any[60, 53, 45, 37, 30, 25]",60,25
860,2026-01-31T13:20:00.0,2026-01-26T18:57:45.531,"Any[17, 16, 25, 30, 37, 45, 56]",17,56
861,2026-01-31T13:20:00.0,2026-01-26T18:57:45.531,"Any[8, 13, 19, 25, 30, 37, 45, 56]",8,56
869,2026-01-31T13:20:00.0,2026-02-02T18:57:45.531,"Any[6, 11, 19, 25, 30, 37, 45]",6,45
873,2026-01-31T13:20:00.0,2026-01-12T18:57:45.531,"Any[53, 45, 37, 30, 25, 19, 11, 6, 1]",53,1
877,2026-01-31T13:20:00.0,2026-02-02T18:57:45.531,"Any[53, 45, 37, 30, 25, 19, 13, 8]",53,8
879,2026-01-31T13:20:00.0,2026-01-12T18:57:45.531,"Any[56, 45, 37, 30, 25]",56,25
880,2026-01-31T13:20:00.0,2026-02-02T18:57:45.531,"Any[3, 10, 19, 25, 30, 37, 45, 53]",3,53
885,2026-01-31T13:20:00.0,2026-01-12T18:57:45.531,"Any[53, 45, 37, 30, 25, 19, 13, 8]",53,8
892,2026-01-31T13:20:00.0,2026-02-02T18:57:45.531,"Any[8, 13, 19, 25, 30, 37, 45, 56]",8,56
895,2026-01-31T13:20:00.0,2026-02-02T18:57:45.531,"Any[19, 25, 30, 37, 45, 56, 60]",19,60
901,2026-01-31T13:20:00.0,2026-01-12T18:57:45.531,"Any[8, 13, 19, 25, 30, 37, 45, 56]",8,56
903,2026-01-31T13:20:00.0,2026-02-02T18:57:45.531,"Any[60, 56, 45, 37, 30, 25]",60,25
904,2026-01-31T13:20:00.0,2026-01-26T18:57:45.531,"Any[6, 11, 19, 25, 30, 37, 45]",6,45
906,2026-01-31T13:20:00.0,2026-02-02T18:57:45.531,"Any[1, 6, 11, 19, 25, 30, 37, 45, 56]",1,56
911,2026-01-31T13:20:00.0,2026-01-12T18:57:45.531,"Any[10, 19, 25, 30, 37, 45, 53]",10,53
915,2026-01-31T13:20:00.0,2026-01-12T18:57:45.531,"Any[19, 25, 30, 37, 45, 56]",19,56
920,2026-01-31T13:20:00.0,2026-01-26T18:57:45.531,"Any[60, 53, 45, 37, 30, 25, 19, 13, 8]",60,8
923,2026-01-31T13:20:00.0,2026-01-26T18:57:45.531,"Any[53, 45, 37, 30, 25, 19]",53,19
924,2026-01-31T13:20:00.0,2026-01-12T18:57:45.531,"Any[60, 56, 45, 37, 30, 25]",60,25
925,2026-01-31T13:20:00.0,2026-01-12T18:57:45.531,"Any[10, 19, 25, 30, 37, 45, 53]",10,53
927,2026-01-31T13:20:00.0,2026-02-02T18:57:45.531,"Any[60, 53, 45, 37, 30, 25, 19, 11, 6, 6]",60,6
929,2026-01-31T13:20:00.0,2026-01-12T18:57:45.531,"Any[60, 56, 45, 37, 30, 25]",60,25
930,2026-01-31T13:20:00.0,2026-02-02T18:57:45.531,"Any[53, 45, 37, 30, 25, 19, 13, 8]",53,8
934,2026-01-31T13:20:00.0,2026-01-19T18:57:45.531,"Any[60, 53, 45, 37, 30, 25, 19, 10]",60,10
935,2026-01-31T13:20:00.0,2026-02-02T18:57:45.531,"Any[60, 53, 45, 37, 30, 25, 19, 13, 8]",60,8
938,2026-01-31T13:20:00.0,2026-01-19T18:57:45.531,"Any[8, 13, 19, 25, 30, 37, 45, 56]",8,56
943,2026-01-31T13:20:00.0,2026-01-26T18:57:45.531,"Any[7, 8, 13, 19, 25, 30, 37, 45, 53]",7,53
947,2026-01-31T13:20:00.0,2026-01-19T18:57:45.531,"Any[10, 19, 25, 30, 37, 45, 53]",10,53
953,2026-01-31T13:20:00.0,2026-01-19T18:57:45.531,"Any[6, 11, 19, 25, 30, 37, 45, 53]",6,53
959,2026-01-31T13:20:00.0,2026-02-02T18:57:45.531,"Any[6, 11, 19, 25, 30, 37, 45, 53]",6,53
960,2026-01-31T13:20:00.0,2026-01-26T18:57:45.531,"Any[53, 45, 37, 30, 25, 19, 13, 8]",53,8
979,2026-01-31T13:20:00.0,2026-01-19T18:57:45.531,"Any[64, 60, 53, 45, 37, 30, 25, 19, 10]",64,10
981,2026-01-31T13:20:00.0,2026-01-12T18:57:45.531,"Any[8, 13, 19, 25, 30, 37, 45, 56]",8,56
988,2026-01-31T13:20:00.0,2026-01-12T18:57:45.531,"Any[64, 56, 45, 37, 30, 25, 19, 11, 6]",64,6
994,2026-01-31T13:20:00.0,2026-01-19T18:57:45.531,"Any[19, 25, 30, 37, 45, 56]",19,56
997,2026-01-31T13:20:00.0,2026-01-19T18:57:45.531,"Any[3, 10, 19, 25, 30, 37, 45, 53]",3,53
999,2026-01-31T13:20:00.0,2026-02-02T18:57:45.531,"Any[56, 45, 37, 30, 25, 19, 11, 6]",56,6
1001,2026-01-31T13:20:00.0,2026-01-26T18:57:45.531,"Any[64, 60, 56, 45, 37, 30, 25, 19, 11, 6]",64,6
1015,2026-01-31T13:20:00.0,2026-01-12T18:57:45.531,"Any[6, 11, 19, 25, 30, 37, 45]",6,45
1019,2026-01-31T13:20:00.0,2026-02-02T18:57:45.531,"Any[64, 53, 45, 37, 30, 25, 19, 10]",64,10
1026,2026-01-31T13:20:00.0,2026-01-12T18:57:45.531,"Any[8, 13, 19, 25, 30, 37, 45, 56]",8,56
1028,2026-01-31T13:20:00.0,2026-02-02T18:57:45.531,"Any[56, 45, 37, 30, 25]",56,25
1029,2026-01-31T13:20:00.0,2026-02-02T18:57:45.531,"Any[53, 45, 37, 30, 25, 19]",53,19
1040,2026-01-31T13:20:00.0,2026-01-19T18:57:45.531,"Any[7, 8, 13, 19, 25, 30, 37, 45, 53, 60]",7,60
1042,2026-01-31T13:20:00.0,2026-01-26T18:57:45.531,"Any[64, 60, 53, 45, 37, 30, 25, 19, 11, 6, 1]",64,1
1050,2026-01-31T13:20:00.0,2026-01-12T18:57:45.531,"Any[1, 6, 11, 19, 25, 30, 37, 45, 56]",1,56
1051,2026-01-31T13:20:00.0,2026-01-19T18:57:45.531,"Any[6, 11, 19, 25, 30, 37, 45]",6,45
1055,2026-01-31T13:20:00.0,2026-01-12T18:57:45.531,"Any[60, 53, 45, 37, 30, 25, 19, 10]",60,10
1065,2026-01-31T13:20:00.0,2026-01-19T18:57:45.531,"Any[10, 11, 19, 25, 30, 37, 45, 53]",10,53
1068,2026-01-31T13:20:00.0,2026-01-12T18:57:45.531,"Any[19, 25, 30, 37, 45, 56]",19,56
1071,2026-01-31T13:20:00.0,2026-01-26T18:57:45.531,"Any[6, 11, 19, 25, 30, 37, 45]",6,45
1078,2026-01-31T13:20:00.0,2026-01-12T18:57:45.531,"Any[6, 11, 19, 25, 30, 37, 45, 53]",6,53
1088,2026-01-31T13:20:00.0,2026-01-26T18:57:45.531,"Any[60, 56, 45, 37, 30, 25]",60,25
1094,2026-01-31T13:20:00.0,2026-02-02T18:57:45.531,"Any[7, 8, 13, 19, 25, 30, 37, 45, 53, 60]",7,60
1096,2026-01-31T13:20:00.0,2026-01-12T18:57:45.531,"Any[1, 6, 11, 19, 25, 30, 37, 45, 56]",1,56
1099,2026-01-31T13:20:00.0,2026-01-12T18:57:45.531,"Any[60, 56, 45, 37, 30, 25, 19, 13, 8]",60,8
1101,2026-01-31T13:20:00.0,2026-01-26T18:57:45.531,"Any[8, 13, 19, 25, 30, 37, 45, 56]",8,56
1104,2026-01-31T13:20:00.0,2026-01-19T18:57:45.531,"Any[19, 25, 30, 37, 45, 56]",19,56
1105,2026-01-31T13:20:00.0,2026-01-19T18:57:45.531,"Any[6, 11, 16, 25, 30, 37, 45]",6,45
1106,2026-01-31T13:20:00.0,2026-01-19T18:57:45.531,"Any[60, 53, 45, 37, 30, 25, 19, 13, 8]",60,8
1108,2026-01-31T13:20:00.0,2026-01-12T18:57:45.531,"Any[56, 45, 37, 30, 25, 19, 10]",56,10
1109,2026-01-31T13:20:00.0,2026-01-19T18:57:45.531,"Any[53, 45, 37, 30, 25, 19, 11, 6, 1]",53,1
1113,2026-01-31T13:20:00.0,2026-01-19T18:57:45.531,"Any[64, 60, 53, 45, 37, 30, 25, 19, 13, 8]",64,8
1115,2026-01-31T13:20:00.0,2026-02-02T18:57:45.531,"Any[19, 25, 30, 37, 45, 56]",19,56
1130,2026-01-31T13:20:00.0,2026-01-19T18:57:45.531,"Any[8, 13, 19, 25, 30, 37, 45, 56]",8,56
1131,2026-01-31T13:20:00.0,2026-01-19T18:57:45.531,"Any[19, 17, 25, 30, 37, 45, 53, 60]",19,60
1140,2026-01-31T13:20:00.0,2026-01-19T18:57:45.531,"Any[3, 10, 19, 25, 30, 37, 45, 53]",3,53
1147,2026-01-31T13:20:00.0,2026-01-19T18:57:45.531,"Any[56, 45, 37, 30, 25, 19, 11, 6]",56,6
1158,2026-01-31T13:20:00.0,2026-01-26T18:57:45.531,"Any[53, 45, 37, 30, 25]",53,25
1160,2026-01-31T13:20:00.0,2026-02-02T18:57:45.531,"Any[53, 45, 37, 30, 25, 19, 11, 6, 1]",53,1
1161,2026-01-31T13:20:00.0,2026-01-12T18:57:45.531,"Any[60, 56, 45, 37, 30, 25]",60,25
1164,2026-01-31T13:20:00.0,2026-01-26T18:57:45.531,"Any[3, 6, 11, 19, 25, 30, 37, 45, 56]",3,56
1165,2026-01-31T13:20:00.0,2026-02-02T18:57:45.531,"Any[7, 8, 13, 19, 25, 30, 37, 45, 53]",7,53
1167,2026-01-31T13:20:00.0,2026-02-02T18:57:45.531,"Any[1, 6, 11, 16, 25, 30, 37, 45, 56]",1,56
1172,2026-01-31T13:20:00.0,2026-01-26T18:57:45.531,"Any[60, 53, 45, 37, 30, 25, 19, 10]",60,10
1175,2026-01-31T13:20:00.0,2026-01-12T18:57:45.531,"Any[6, 11, 19, 25, 30, 37, 45]",6,45
1180,2026-01-31T13:20:00.0,2026-01-19T18:57:45.531,"Any[3, 6, 11, 19, 25, 30, 37, 45]",3,45
1182,2026-01-31T13:20:00.0,2026-01-19T18:57:45.531,"Any[3, 6, 11, 19, 25, 30, 37, 45]",3,45
1184,2026-01-31T13:20:00.0,2026-02-02T18:57:45.531,"Any[53, 45, 37, 30, 25, 19, 13, 8]",53,8
1196,2026-01-31T13:20:00.0,2026-01-26T18:57:45.531,"Any[60, 53, 45, 37, 30, 25]",60,25
1199,2026-01-31T13:20:00.0,2026-02-02T18:57:45.531,"Any[9, 15, 26, 31, 36, 44, 54]",9,54
1201,2026-01-31T13:20:00.0,2026-02-02T18:57:45.531,"Any[60, 56, 45, 37, 30, 25, 19, 10]",60,10
1202,2026-01-31T13:20:00.0,2026-01-26T18:57:45.531,"Any[10, 19, 25, 30, 37, 45, 53]",10,53
1206,2026-01-31T13:20:00.0,2026-01-12T18:57:45.531,"Any[53, 45, 37, 30, 25, 19, 13, 8]",53,8
1209,2026-01-31T13:20:00.0,2026-01-26T18:57:45.531,"Any[56, 45, 37, 30, 25, 19, 11, 6]",56,6
1211,2026-01-31T13:20:00.0,2026-01-12T18:57:45.531,"Any[54, 44, 36, 23, 19, 13, 8]",54,8
1212,2026-01-31T13:20:00.0,2026-01-12T18:57:45.531,"Any[8, 13, 19, 25, 30, 37, 45, 56]",8,56
1220,2026-01-31T13:20:00.0,2026-01-26T18:57:45.531,"Any[5, 6, 11, 19, 25, 30, 37, 45, 56]",5,56
1221,2026-01-31T13:20:00.0,2026-01-19T18:57:45.531,"Any[53, 45, 37, 30, 25, 19, 13, 8]",53,8
1222,2026-01-31T13:20:00.0,2026-01-19T18:57:45.531,"Any[8, 13, 19, 25, 30, 37, 45, 56]",8,56
1230,2026-01-31T13:20:00.0,2026-01-19T18:57:45.531,"Any[64, 53, 45, 37, 30, 25, 19, 10]",64,10
1233,2026-01-31T13:20:00.0,2026-02-02T18:57:45.531,"Any[2, 9, 21, 27, 31, 36, 45, 55]",2,55
1245,2026-01-31T13:20:00.0,2026-01-12T18:57:45.531,"Any[10, 19, 25, 30, 37, 45, 53]",10,53
1246,2026-01-31T13:20:00.0,2026-02-02T18:57:45.531,"Any[3, 10, 19, 25, 30, 37, 45, 53]",3,53
1248,2026-01-31T13:20:00.0,2026-01-19T18:57:45.531,"Any[6, 11, 19, 25, 30, 37, 45]",6,45
1250,2026-01-31T13:20:00.0,2026-01-26T18:57:45.531,"Any[19, 25, 30, 37, 45, 56]",19,56
1255,2026-01-31T13:20:00.0,2026-01-19T18:57:45.531,"Any[53, 45, 37, 30, 25, 19, 13, 8]",53,8
1257,2026-01-31T13:20:00.0,2026-02-02T18:57:45.531,"Any[19, 25, 30, 37, 45, 56]",19,56
1259,2026-01-31T13:20:00.0,2026-01-19T18:57:45.531,"Any[45, 37, 30, 25]",45,25
1260,2026-01-31T13:20:00.0,2026-02-02T18:57:45.531,"Any[8, 13, 19, 25, 30, 37, 45, 56]",8,56
1262,2026-01-31T13:20:00.0,2026-01-26T18:57:45.531,"Any[6, 11, 19, 25, 30, 37, 45]",6,45
1271,2026-01-31T13:20:00.0,2026-01-19T18:57:45.531,"Any[10, 19, 25, 30, 37, 45, 53]",10,53
1274,2026-01-31T13:20:00.0,2026-01-26T18:57:45.531,"Any[60, 53, 45, 37, 30, 25, 19, 10]",60,10
1283,2026-01-31T13:20:00.0,2026-02-02T18:57:45.531,"Any[53, 45, 37, 30, 25, 19]",53,19
1284,2026-01-31T13:20:00.0,2026-01-12T18:57:45.531,"Any[19, 25, 30, 37, 45, 56]",19,56
1307,2026-01-31T13:20:00.0,2026-02-02T18:57:45.531,"Any[10, 19, 25, 30, 37, 45, 53]",10,53
1320,2026-01-31T13:20:00.0,2026-01-19T18:57:45.531,"Any[8, 13, 19, 25, 30, 37, 45, 56]",8,56
1323,2026-01-31T13:20:00.0,2026-02-02T18:57:45.531,"Any[8, 13, 19, 25, 30, 37, 45, 56]",8,56
1324,2026-01-31T13:20:00.0,2026-01-19T18:57:45.531,"Any[3, 10, 19, 25, 30, 37, 45, 53]",3,53
1332,2026-01-31T13:20:00.0,2026-01-19T18:57:45.531,"Any[19, 25, 30, 37, 45, 56, 60]",19,60
1337,2026-01-31T13:20:00.0,2026-02-02T18:57:45.531,"Any[64, 60, 53, 45, 37, 30, 25, 19, 13, 8]",64,8
1341,2026-01-31T13:20:00.0,2026-02-02T18:57:45.531,"Any[14, 19, 25, 30, 37, 45, 53]",14,53
1347,2026-01-31T13:20:00.0,2026-01-26T18:57:45.531,"Any[64, 53, 45, 37, 30, 25, 19, 10]",64,10
1349,2026-01-31T13:20:00.0,2026-01-19T18:57:45.531,"Any[64, 60, 53, 45, 37, 30, 25, 19, 11, 6, 1]",64,1
1350,2026-01-31T13:20:00.0,2026-01-19T18:57:45.531,"Any[1, 6, 11, 19, 25, 30, 37, 45, 56]",1,56
1354,2026-01-31T13:20:00.0,2026-02-02T18:57:45.531,"Any[1, 6, 11, 19, 25, 30, 37, 45, 53, 60]",1,60
1359,2026-01-31T13:20:00.0,2026-01-19T18:57:45.531,"Any[1, 6, 11, 19, 23, 28, 36, 44, 54, 60]",1,60
1365,2026-01-31T13:20:00.0,2026-01-19T18:57:45.531,"Any[1, 6, 11, 19, 23, 36, 44, 54, 60]",1,60
1367,2026-01-31T13:20:00.0,2026-01-26T18:57:45.531,"Any[53, 45, 37, 30, 25]",53,25
1368,2026-01-31T13:20:00.0,2026-01-19T18:57:45.531,"Any[8, 13, 19, 25, 30, 37, 45, 56]",8,56
1375,2026-01-31T13:20:00.0,2026-01-19T18:57:45.531,"Any[53, 45, 37, 30, 25, 19, 13, 8]",53,8
1377,2026-01-31T13:20:00.0,2026-01-26T18:57:45.531,"Any[64, 60, 53, 45, 37, 30, 25, 19, 10]",64,10
1378,2026-01-31T13:20:00.0,2026-01-12T18:57:45.531,"Any[60, 56, 45, 37, 30, 25, 19, 13, 8]",60,8
1380,2026-01-31T13:20:00.0,2026-01-12T18:57:45.531,"Any[64, 60, 53, 45, 37, 30, 25, 19, 10]",64,10
1390,2026-01-31T13:20:00.0,2026-01-26T18:57:45.531,"Any[64, 53, 45, 37, 30, 25, 19, 13, 8]",64,8
1406,2026-01-31T13:20:00.0,2026-02-02T18:57:45.531,"Any[16, 25, 30, 37, 45, 53, 60]",16,60
1411,2026-01-31T13:20:00.0,2026-01-19T18:57:45.531,"Any[8, 13, 19, 25, 30, 37, 45, 56]",8,56
1423,2026-01-31T13:20:00.0,2026-02-02T18:57:45.531,"Any[10, 19, 25, 30, 37, 45, 53]",10,53
1437,2026-01-31T13:20:00.0,2026-01-19T18:57:45.531,"Any[8, 13, 19, 25, 30, 37, 45, 56]",8,56
1438,2026-01-31T13:20:00.0,2026-02-02T18:57:45.531,"Any[53, 45, 37, 30, 25, 19, 13, 8]",53,8
1446,2026-01-31T13:20:00.0,2026-02-02T18:57:45.531,"Any[8, 13, 19, 25, 30, 37, 45, 56]",8,56
1449,2026-01-31T13:20:00.0,2026-01-19T18:57:45.531,"Any[1, 6, 11, 19, 23, 16, 23, 36, 44, 60]",1,60
1457,2026-01-31T13:20:00.0,2026-02-02T18:57:45.531,"Any[53, 45, 37, 30, 25]",53,25
1476,2026-01-31T13:20:00.0,2026-01-19T18:57:45.531,"Any[53, 45, 37, 30, 25]",53,25
1479,2026-01-31T13:20:00.0,2026-01-26T18:57:45.531,"Any[7, 8, 13, 19, 25, 30, 37, 45, 53]",7,53
1480,2026-01-31T13:20:00.0,2026-01-12T18:57:45.531,"Any[56, 45, 37, 30, 25, 19, 20]",56,20
1481,2026-01-31T13:20:00.0,2026-01-26T18:57:45.531,"Any[7, 8, 13, 19, 25, 30, 37, 45, 53]",7,53
1483,2026-01-31T13:20:00.0,2026-01-26T18:57:45.531,"Any[5, 6, 11, 19, 25, 30, 37, 45]",5,45
1484,2026-01-31T13:20:00.0,2026-01-19T18:57:45.531,"Any[64, 60, 53, 45, 37, 30, 25, 19, 11, 6, 1]",64,1
1486,2026-01-31T13:20:00.0,2026-01-19T18:57:45.531,"Any[53, 45, 37, 30, 25, 19, 11, 6, 1]",53,1
1498,2026-01-31T13:20:00.0,2026-01-26T18:57:45.531,"Any[10, 19, 25, 30, 37, 45, 53]",10,53
1502,2026-01-31T13:20:00.0,2026-01-26T18:57:45.531,"Any[64, 60, 56, 45, 37, 30, 25, 19, 11, 6, 1]",64,1
1503,2026-01-31T13:20:00.0,2026-01-19T18:57:45.531,"Any[6, 11, 19, 25, 30, 37, 45]",6,45
1510,2026-01-31T13:20:00.0,2026-01-12T18:57:45.531,"Any[20, 19, 25, 30, 37, 45, 53]",20,53
1511,2026-01-31T13:20:00.0,2026-01-12T18:57:45.531,"Any[64, 60, 53, 45, 37, 30, 25, 19, 11, 6, 1]",64,1
1515,2026-01-31T13:20:00.0,2026-02-02T18:57:45.531,"Any[6, 11, 16, 25, 30, 37, 45, 53]",6,53
1519,2026-01-31T13:20:00.0,2026-01-26T18:57:45.531,"Any[53, 45, 37, 30, 25, 19, 13, 8]",53,8
1520,2026-01-31T13:20:00.0,2026-01-26T18:57:45.531,"Any[8, 13, 19, 25, 30, 37, 45]",8,45
1522,2026-01-31T13:20:00.0,2026-01-12T18:57:45.531,"Any[19, 25, 30, 37, 45, 56]",19,56
1525,2026-01-31T13:20:00.0,2026-01-12T18:57:45.531,"Any[64, 60, 53, 45, 37, 30, 25, 19, 13, 8]",64,8
1527,2026-01-31T13:20:00.0,2026-02-02T18:57:45.531,"Any[6, 11, 19, 25, 30, 37, 45]",6,45
1534,2026-01-31T13:20:00.0,2026-01-19T18:57:45.531,"Any[8, 13, 19, 25, 30, 37, 45, 56]",8,56
1541,2026-01-31T13:20:00.0,2026-01-12T18:57:45.531,"Any[10, 19, 25, 30, 37, 45, 53]",10,53
1546,2026-01-31T13:20:00.0,2026-01-26T18:57:45.531,"Any[1, 6, 11, 19, 23, 36, 44, 54, 60]",1,60
1556,2026-01-31T13:20:00.0,2026-01-12T18:57:45.531,"Any[6, 11, 19, 25, 30, 37, 45]",6,45
1559,2026-01-31T13:20:00.0,2026-01-26T18:57:45.531,"Any[64, 60, 53, 45, 37, 30, 25, 19, 10]",64,10
1561,2026-01-31T13:20:00.0,2026-01-12T18:57:45.531,"Any[60, 56, 45, 37, 30, 25]",60,25
1567,2026-01-31T13:20:00.0,2026-01-12T18:57:45.531,"Any[60, 56, 45, 37, 30, 25, 19, 13, 8]",60,8
1583,2026-01-31T13:20:00.0,2026-01-12T18:57:45.531,"Any[60, 56, 45, 37, 30, 25]",60,25
1586,2026-01-31T13:20:00.0,2026-01-26T18:57:45.531,"Any[60, 56, 45, 37, 30, 25, 19, 10]",60,10
1587,2026-01-31T13:20:00.0,2026-02-02T18:57:45.531,"Any[56, 45, 37, 30, 25, 19, 11, 6]",56,6
1595,2026-01-31T13:20:00.0,2026-02-02T18:57:45.531,"Any[60, 56, 45, 37, 30, 25]",60,25
1596,2026-01-31T13:20:00.0,2026-01-26T18:57:45.531,"Any[10, 19, 25, 30, 37, 45, 53]",10,53
1597,2026-01-31T13:20:00.0,2026-02-02T18:57:45.531,"Any[53, 45, 37, 30, 25]",53,25
1603,2026-01-31T13:20:00.0,2026-01-26T18:57:45.531,"Any[8, 13, 19, 25, 30, 37, 45]",8,45
1609,2026-01-31T13:20:00.0,2026-01-12T18:57:45.531,"Any[53, 45, 37, 30, 25, 19, 11, 6, 1]",53,1
1622,2026-01-31T13:20:00.0,2026-02-02T18:57:45.531,"Any[10, 19, 25, 30, 37, 45, 53]",10,53
1624,2026-01-31T13:20:00.0,2026-02-02T18:57:45.531,"Any[10, 19, 25, 30, 37, 45, 53]",10,53
1633,2026-01-31T13:20:00.0,2026-01-19T18:57:45.531,"Any[60, 56, 45, 37, 30, 25, 19, 11, 6]",60,6
1642,2026-01-31T13:20:00.0,2026-01-19T18:57:45.531,"Any[53, 45, 37, 30, 25, 19, 11, 6, 1]",53,1
1644,2026-01-31T13:20:00.0,2026-02-02T18:57:45.531,"Any[64, 53, 45, 37, 30, 25, 19, 13, 8]",64,8
1648,2026-01-31T13:20:00.0,2026-02-02T18:57:45.531,"Any[7, 8, 13, 19, 25, 30, 37, 45, 53]",7,53
1650,2026-01-31T13:20:00.0,2026-01-26T18:57:45.531,"Any[64, 60, 56, 45, 37, 30, 25, 19, 11, 6, 1]",64,1
1652,2026-01-31T13:20:00.0,2026-01-19T18:57:45.531,"Any[53, 45, 37, 30, 25]",53,25
1656,2026-01-31T13:20:00.0,2026-01-12T18:57:45.531,"Any[53, 45, 37, 30, 25]",53,25
1661,2026-01-31T13:20:00.0,2026-01-26T18:57:45.531,"Any[8, 13, 19, 25, 30, 37, 45, 56]",8,56
1665,2026-01-31T13:20:00.0,2026-01-26T18:57:45.531,"Any[8, 13, 19, 25, 30, 37, 45, 56]",8,56
1668,2026-01-31T13:20:00.0,2026-01-19T18:57:45.531,"Any[64, 53, 45, 37, 30, 25, 19, 13, 8]",64,8
1673,2026-01-31T13:20:00.0,2026-02-02T18:57:45.531,"Any[1, 6, 11, 19, 25, 30, 37, 45, 56]",1,56
1676,2026-01-31T13:20:00.0,2026-01-26T18:57:45.531,"Any[60, 56, 45, 37, 30, 25]",60,25
1678,2026-01-31T13:20:00.0,2026-01-26T18:57:45.531,"Any[53, 45, 37, 30, 25, 19, 13, 8]",53,8
1679,2026-01-31T13:20:00.0,2026-01-19T18:57:45.531,"Any[16, 25, 30, 37, 45, 53, 60]",16,60
1680,2026-01-31T13:20:00.0,2026-01-19T18:57:45.531,"Any[53, 45, 37, 30, 25]",53,25
1681,2026-01-31T13:20:00.0,2026-01-19T18:57:45.531,"Any[53, 45, 37, 30, 25, 19, 11, 6, 1]",53,1
1682,2026-01-31T13:20:00.0,2026-01-12T18:57:45.531,"Any[25, 30, 37, 45, 56, 60, 64]",25,64
1685,2026-01-31T13:20:00.0,2026-01-19T18:57:45.531,"Any[53, 45, 37, 30, 25, 19, 13, 8]",53,8
1688,2026-01-31T13:20:00.0,2026-01-26T18:57:45.531,"Any[53, 45, 37, 30, 25]",53,25
1724,2026-01-31T13:20:00.0,2026-02-02T18:57:45.531,"Any[6, 11, 25, 30, 37, 45]",6,45
1733,2026-01-31T13:20:00.0,2026-01-12T18:57:45.531,"Any[19, 25, 30, 37, 45, 56]",19,56
1759,2026-01-31T13:20:00.0,2026-01-12T18:57:45.531,"Any[8, 13, 19, 25, 30, 37, 45, 56]",8,56
1762,2026-01-31T13:20:00.0,2026-01-12T18:57:45.531,"Any[60, 53, 45, 37, 30, 25, 19, 10]",60,10
1764,2026-01-31T13:20:00.0,2026-01-26T18:57:45.531,"Any[60, 56, 45, 37, 30, 25, 19, 11, 6]",60,6
1772,2026-01-31T13:20:00.0,2026-01-19T18:57:45.531,"Any[6, 11, 19, 25, 30, 37, 45]",6,45
1774,2026-01-31T13:20:00.0,2026-02-02T18:57:45.531,"Any[1, 6, 11, 19, 30, 37, 45, 56]",1,56
1783,2026-01-31T13:20:00.0,2026-01-12T18:57:45.531,"Any[64, 60, 53, 45, 37, 30, 25, 19, 10]",64,10
1784,2026-01-31T13:20:00.0,2026-02-02T18:57:45.531,"Any[19, 25, 30, 37, 45, 56]",19,56
1792,2026-01-31T13:20:00.0,2026-01-19T18:57:45.531,"Any[56, 45, 37, 30, 25, 19, 11, 6]",56,6
1802,2026-01-31T13:20:00.0,2026-01-19T18:57:45.531,"Any[1, 6, 11, 19, 25, 30, 37, 45, 56]",1,56
1809,2026-01-31T13:20:00.0,2026-01-19T18:57:45.531,"Any[8, 13, 19, 25, 30, 37, 45, 56]",8,56
1817,2026-01-31T13:20:00.0,2026-01-12T18:57:45.531,"Any[7, 8, 13, 19, 25, 30, 37, 45, 53]",7,53
1830,2026-01-31T13:20:00.0,2026-01-26T18:57:45.531,"Any[60, 56, 45, 37, 30, 25, 19, 11, 6]",60,6
1835,2026-01-31T13:20:00.0,2026-01-12T18:57:45.531,"Any[60, 56, 45, 37, 30, 25, 19, 11, 6]",60,6
1842,2026-01-31T13:20:00.0,2026-01-19T18:57:45.531,"Any[19, 25, 30, 37, 45, 56, 60]",19,60
1851,2026-01-31T13:20:00.0,2026-01-19T18:57:45.531,"Any[8, 13, 19, 25, 30, 37, 45, 56]",8,56
1854,2026-01-31T13:20:00.0,2026-01-26T18:57:45.531,"Any[25, 30, 37, 45, 53, 60, 64]",25,64
1859,2026-01-31T13:20:00.0,2026-01-26T18:57:45.531,"Any[19, 25, 30, 37, 45, 56, 60, 60, 64]",19,60
1860,2026-01-31T13:20:00.0,2026-01-19T18:57:45.531,"Any[8, 13, 19, 25, 30, 37, 45, 56]",8,56
1861,2026-01-31T13:20:00.0,2026-02-02T18:57:45.531,"Any[16, 19, 25, 30, 37, 45, 53]",16,53
1869,2026-01-31T13:20:00.0,2026-01-19T18:57:45.531,"Any[64, 60, 53, 45, 37, 30, 25, 19, 10]",64,10
1875,2026-01-31T13:20:00.0,2026-01-19T18:57:45.531,"Any[62, 45, 37, 30, 25, 19]",62,19
1891,2026-01-31T13:20:00.0,2026-01-26T18:57:45.531,"Any[56, 45, 37, 30, 25, 19, 11, 6]",56,6
1892,2026-01-31T13:20:00.0,2026-01-19T18:57:45.531,"Any[5, 10, 19, 25, 30, 37, 45, 53]",5,53
1900,2026-01-31T13:20:00.0,2026-01-19T18:57:45.531,"Any[45, 37, 30, 25, 19]",45,19
1903,2026-01-31T13:20:00.0,2026-01-19T18:57:45.531,"Any[6, 11, 16, 25, 30, 37, 45, 53]",6,53
1904,2026-01-31T13:20:00.0,2026-01-26T18:57:45.531,"Any[53, 45, 37, 30, 25]",53,25
1914,2026-01-31T13:20:00.0,2026-01-19T18:57:45.531,"Any[7, 8, 13, 19, 25, 30, 37, 45, 53]",7,53
1925,2026-01-31T13:20:00.0,2026-02-02T18:57:45.531,"Any[62, 56, 45, 37, 30, 25, 19]",62,19
1933,2026-01-31T13:20:00.0,2026-01-26T18:57:45.531,"Any[8, 13, 19, 25, 30, 37, 45, 56]",8,56
1939,2026-01-31T13:20:00.0,2026-02-02T18:57:45.531,"Any[64, 60, 53, 45, 37, 30, 25, 19, 10]",64,10
1943,2026-01-31T13:20:00.0,2026-01-19T18:57:45.531,"Any[45, 37, 30, 25, 19, 10]",45,10
1944,2026-01-31T13:20:00.0,2026-01-19T18:57:45.531,"Any[3, 10, 11, 19, 25, 30, 37, 45]",3,45
1946,2026-01-31T13:20:00.0,2026-01-12T18:57:45.531,"Any[53, 45, 37, 30, 25]",53,25
1951,2026-01-31T13:20:00.0,2026-02-02T18:57:45.531,"Any[17, 25, 30, 37, 45, 56]",17,56
1953,2026-01-31T13:20:00.0,2026-01-19T18:57:45.531,"Any[64, 60, 53, 45, 37, 30, 25, 19, 13, 8]",64,8
1954,2026-01-31T13:20:00.0,2026-01-12T18:57:45.531,"Any[1, 6, 11, 19, 25, 30, 37, 45, 56]",1,56
1955,2026-01-31T13:20:00.0,2026-01-12T18:57:45.531,"Any[64, 60, 53, 45, 37, 30, 25, 19, 11, 6]",64,6
1960,2026-01-31T13:20:00.0,2026-01-12T18:57:45.531,"Any[3, 6, 11, 19, 25, 30, 37, 45, 56]",3,56
1964,2026-01-31T13:20:00.0,2026-01-19T18:57:45.531,"Any[56, 45, 37, 30, 25]",56,25
1966,2026-01-31T13:20:00.0,2026-01-26T18:57:45.531,"Any[64, 60, 56, 45, 37, 30, 25, 19, 17, 19, 13, 8]",64,8
1968,2026-01-31T13:20:00.0,2026-02-02T18:57:45.531,"Any[60, 53, 45, 37, 30, 25]",60,25
1969,2026-01-31T13:20:00.0,2026-02-02T18:57:45.531,"Any[60, 56, 45, 37, 30, 25, 19, 11, 6]",60,6
1972,2026-01-31T13:20:00.0,2026-01-19T18:57:45.531,"Any[8, 13, 19, 25, 30, 37, 45, 56]",8,56
1973,2026-01-31T13:20:00.0,2026-01-12T18:57:45.531,"Any[60, 53, 45, 37, 30, 25]",60,25
1984,2026-01-31T13:20:00.0,2026-01-26T18:57:45.531,"Any[6, 11, 19, 25, 30, 37, 45]",6,45
1990,2026-01-31T13:20:00.0,2026-01-12T18:57:45.531,"Any[19, 25, 30, 37, 45, 56]",19,56
1993,2026-01-31T13:20:00.0,2026-01-12T18:57:45.531,"Any[8, 13, 19, 25, 30, 37, 45, 56]",8,56
1995,2026-01-31T13:20:00.0,2026-01-12T18:57:45.531,"Any[64, 60, 53, 45, 37, 30, 25, 19, 13, 8]",64,8
2005,2026-01-31T13:20:00.0,2026-01-19T18:57:45.531,"Any[5, 6, 11, 19, 25, 30, 37, 45]",5,45
2023,2026-01-31T13:20:00.0,2026-01-19T18:57:45.531,"Any[64, 53, 45, 37, 30, 25, 19, 10]",64,10
2029,2026-01-31T13:20:00.0,2026-01-19T18:57:45.531,"Any[19, 25, 30, 37, 45, 56]",19,56
2031,2026-01-31T13:20:00.0,2026-02-02T18:57:45.531,"Any[60, 53, 45, 37, 30, 25, 19, 10]",60,10
2038,2026-01-31T13:20:00.0,2026-02-02T18:57:45.531,"Any[7, 8, 13, 19, 25, 30, 37, 45, 53]",7,53
2042,2026-01-31T13:20:00.0,2026-01-26T18:57:45.531,"Any[19, 25, 30, 37, 45, 56]",19,56
2048,2026-01-31T13:20:00.0,2026-01-19T18:57:45.531,"Any[53, 45, 37, 30, 25, 19, 11, 6, 1]",53,1
2049,2026-01-31T13:20:00.0,2026-02-02T18:57:45.531,"Any[8, 13, 19, 25, 30, 37, 45, 56]",8,56
2054,2026-01-31T13:20:00.0,2026-02-02T18:57:45.531,"Any[64, 60, 53, 45, 37, 30, 25, 19, 11, 6, 1]",64,1
2057,2026-01-31T13:20:00.0,2026-01-19T18:57:45.531,"Any[9, 15, 26, 31, 36, 44, 54]",9,54
2061,2026-01-31T13:20:00.0,2026-02-02T18:57:45.531,"Any[19, 25, 30, 37, 45, 56]",19,56
2082,2026-01-31T13:20:00.0,2026-02-02T18:57:45.531,"Any[60, 56, 45, 37, 30, 25, 19, 13, 8]",60,8
2092,2026-01-31T13:20:00.0,2026-01-12T18:57:45.531,"Any[10, 19, 25, 30, 37, 45, 53]",10,53
2096,2026-01-31T13:20:00.0,2026-01-12T18:57:45.531,"Any[60, 53, 45, 37, 30, 25]",60,25
2101,2026-01-31T13:20:00.0,2026-01-12T18:57:45.531,"Any[56, 45, 37, 30, 25, 19, 11, 6]",56,6
2105,2026-01-31T13:20:00.0,2026-01-12T18:57:45.531,"Any[56, 45, 37, 30, 25]",56,25
2112,2026-01-31T13:20:00.0,2026-02-02T18:57:45.531,"Any[64, 60, 53, 45, 37, 30, 25, 19, 11, 6, 6, 1]",64,6
2118,2026-01-31T13:20:00.0,2026-01-12T18:57:45.531,"Any[60, 56, 45, 37, 30, 25, 19, 13, 8]",60,8
2123,2026-01-31T13:20:00.0,2026-02-02T18:57:45.531,"Any[64, 60, 53, 45, 37, 30, 25, 19, 13, 8]",64,8
2133,2026-01-31T13:20:00.0,2026-01-26T18:57:45.531,"Any[3, 6, 11, 19, 25, 30, 37, 45, 53]",3,53
2136,2026-01-31T13:20:00.0,2026-02-02T18:57:45.531,"Any[53, 45, 37, 30, 25, 19, 13, 8]",53,8
2143,2026-01-31T13:20:00.0,2026-02-02T18:57:45.531,"Any[64, 60, 56, 45, 37, 30, 25, 19, 17, 19, 13, 8]",64,8
2147,2026-01-31T13:20:00.0,2026-01-12T18:57:45.531,"Any[60, 53, 45, 37, 30, 25]",60,25
2148,2026-01-31T13:20:00.0,2026-01-19T18:57:45.531,"Any[62, 53, 45, 37, 30, 25, 19, 11, 6]",62,6
2154,2026-01-31T13:20:00.0,2026-01-26T18:57:45.531,"Any[6, 11, 16, 25, 30, 37, 45, 53]",6,53
2158,2026-01-31T13:20:00.0,2026-01-26T18:57:45.531,"Any[64, 53, 45, 37, 30, 25, 19, 13, 8]",64,8
2169,2026-01-31T13:20:00.0,2026-01-12T18:57:45.531,"Any[64, 60, 53, 45, 37, 30, 25, 19, 11, 6, 1]",64,1
2172,2026-01-31T13:20:00.0,2026-01-12T18:57:45.531,"Any[53, 45, 37, 30, 25]",53,25
2173,2026-01-31T13:20:00.0,2026-01-12T18:57:45.531,"Any[1, 6, 11, 19, 25, 30, 37, 45, 56]",1,56
2178,2026-01-31T13:20:00.0,2026-01-12T18:57:45.531,"Any[3, 10, 19, 25, 30, 37, 45, 53]",3,53
2181,2026-01-31T13:20:00.0,2026-01-12T18:57:45.531,"Any[10, 19, 25, 30, 37, 45, 53]",10,53
2185,2026-01-31T13:20:00.0,2026-01-19T18:57:45.531,"Any[64, 60, 56, 45, 37, 30, 25, 19, 13, 8]",64,8
2190,2026-01-31T13:20:00.0,2026-01-12T18:57:45.531,"Any[53, 45, 37, 30, 25, 19, 11, 6, 1]",53,1
2200,2026-01-31T13:20:00.0,2026-02-02T18:57:45.531,"Any[56, 45, 37, 30, 25, 19, 11, 6]",56,6
2202,2026-01-31T13:20:00.0,2026-01-19T18:57:45.531,"Any[64, 60, 56, 45, 37, 30, 25, 19, 13, 8]",64,8
2205,2026-01-31T13:20:00.0,2026-02-02T18:57:45.531,"Any[60, 53, 45, 37, 30, 25]",60,25
2210,2026-01-31T13:20:00.0,2026-01-19T18:57:45.531,"Any[53, 45, 37, 30, 25]",53,25
2212,2026-01-31T13:20:00.0,2026-01-26T18:57:45.531,"Any[60, 56, 45, 37, 30, 25, 19, 11, 6]",60,6
2220,2026-01-31T13:20:00.0,2026-02-02T18:57:45.531,"Any[53, 45, 37, 30, 25, 19, 11, 6, 1]",53,1
2225,2026-01-31T13:20:00.0,2026-01-12T18:57:45.531,"Any[53, 45, 37, 30, 25]",53,25
2226,2026-01-31T13:20:00.0,2026-01-19T18:57:45.531,"Any[60, 56, 45, 37, 30, 25]",60,25
2243,2026-01-31T13:20:00.0,2026-01-19T18:57:45.531,"Any[7, 8, 13, 19, 25, 30, 37, 45, 53]",7,53
2244,2026-01-31T13:20:00.0,2026-01-26T18:57:45.531,"Any[56, 45, 37, 30, 25, 19, 11, 6]",56,6
2245,2026-01-31T13:20:00.0,2026-02-02T18:57:45.531,"Any[19, 25, 30, 37, 45, 53, 60]",19,60
2253,2026-01-31T13:20:00.0,2026-01-26T18:57:45.531,"Any[64, 60, 56, 45, 37, 30, 25, 19]",64,19
2258,2026-01-31T13:20:00.0,2026-02-02T18:57:45.531,"Any[64, 60, 56, 45, 37, 30, 25, 19, 13, 8, 7, 8]",64,8
2259,2026-01-31T13:20:00.0,2026-01-19T18:57:45.531,"Any[64, 60, 56, 45, 37, 30, 25, 19, 13, 8]",64,8
2273,2026-01-31T13:20:00.0,2026-01-19T18:57:45.531,"Any[60, 56, 45, 37, 30, 25]",60,25
2276,2026-01-31T13:20:00.0,2026-02-02T18:57:45.531,"Any[60, 56, 45, 37, 30, 25]",60,25
2282,2026-01-31T13:20:00.0,2026-01-12T18:57:45.531,"Any[60, 56, 45, 37, 30, 25]",60,25
2283,2026-01-31T13:20:00.0,2026-01-26T18:57:45.531,"Any[60, 56, 45, 37, 30, 25, 19, 13, 8]",60,8
2287,2026-01-31T13:20:00.0,2026-01-19T18:57:45.531,"Any[60, 53, 45, 37, 30, 25, 19, 13, 8]",60,8
2291,2026-01-31T13:20:00.0,2026-01-19T18:57:45.531,"Any[60, 53, 45, 37, 30, 25, 19, 13, 8]",60,8
2300,2026-01-31T13:20:00.0,2026-01-19T18:57:45.531,"Any[60, 56, 45, 37, 30, 25, 19, 13, 8]",60,8
2320,2026-01-31T13:20:00.0,2026-02-02T18:57:45.531,"Any[60, 53, 45, 37, 30, 25, 19, 10]",60,10
2323,2026-01-31T13:20:00.0,2026-01-19T18:57:45.531,"Any[60, 53, 45, 37, 30, 25, 19, 10]",60,10
2337,2026-01-31T13:20:00.0,2026-02-02T18:57:45.531,"Any[60, 53, 45, 37, 30, 25, 19, 10]",60,10
2341,2026-01-31T13:20:00.0,2026-01-26T18:57:45.531,"Any[56, 45, 37, 30, 25]",56,25
2351,2026-01-31T13:20:00.0,2026-01-26T18:57:45.531,"Any[56, 45, 37, 30, 25]",56,25
2353,2026-01-31T13:20:00.0,2026-01-19T18:57:45.531,"Any[56, 45, 37, 30, 25, 19, 20]",56,20
2360,2026-01-31T13:20:00.0,2026-01-12T18:57:45.531,"Any[56, 45, 37, 30, 25, 19, 13, 8, 7]",56,7
2361,2026-01-31T13:20:00.0,2026-02-02T18:57:45.531,"Any[56, 45, 37, 30, 25, 19, 13, 8, 7]",56,7
2369,2026-01-31T13:20:00.0,2026-01-19T18:57:45.531,"Any[56, 45, 37, 30, 25, 19, 13, 8, 7]",56,7
2371,2026-01-31T13:20:00.0,2026-02-02T18:57:45.531,"Any[56, 45, 37, 30, 25, 19, 13, 8, 7]",56,7
2379,2026-01-31T13:20:00.0,2026-01-12T18:57:45.531,"Any[56, 45, 37, 30, 25, 19, 11, 6]",56,6
2383,2026-01-31T13:20:00.0,2026-02-02T18:57:45.531,"Any[56, 45, 37, 30, 25, 19, 11, 6]",56,6
2391,2026-01-31T13:20:00.0,2026-02-02T18:57:45.531,"Any[56, 45, 37, 30, 25, 19, 11, 6, 6, 1]",56,6
2396,2026-01-31T13:20:00.0,2026-02-02T18:57:45.531,"Any[56, 45, 37, 30, 25, 19, 11, 6]",56,6
2408,2026-01-31T13:20:00.0,2026-02-02T18:57:45.531,"Any[56, 45, 37, 30, 25, 19, 11, 6]",56,6
2412,2026-01-31T13:20:00.0,2026-01-26T18:57:45.531,"Any[56, 45, 37, 30, 25, 19, 11, 6, 6]",56,6
2417,2026-01-31T13:20:00.0,2026-01-12T18:57:45.531,"Any[56, 45, 37, 30, 25, 19, 11, 6]",56,6
2425,2026-01-31T13:20:00.0,2026-01-19T18:57:45.531,"Any[56, 45, 37, 30, 25, 19, 11, 6]",56,6
2432,2026-01-31T13:20:00.0,2026-01-26T18:57:45.531,"Any[56, 45, 37, 30, 25, 19, 11, 6]",56,6
2438,2026-01-31T13:20:00.0,2026-01-19T18:57:45.531,"Any[56, 45, 37, 30, 25, 19, 11, 6]",56,6
2441,2026-01-31T13:20:00.0,2026-02-02T18:57:45.531,"Any[56, 45, 37, 30, 25, 19, 11, 6]",56,6
2442,2026-01-31T13:20:00.0,2026-01-26T18:57:45.531,"Any[56, 45, 37, 30, 25, 19, 11, 6]",56,6
2456,2026-01-31T13:20:00.0,2026-01-12T18:57:45.531,"Any[56, 45, 37, 30, 25, 19, 11, 6]",56,6
2458,2026-01-31T13:20:00.0,2026-01-19T18:57:45.531,"Any[56, 45, 37, 30, 25, 19, 11, 6]",56,6
2473,2026-01-31T13:20:00.0,2026-01-19T18:57:45.531,"Any[56, 45, 37, 30, 25, 19, 10]",56,10
2475,2026-01-31T13:20:00.0,2026-01-12T18:57:45.531,"Any[53, 45, 37, 30, 25]",53,25
2480,2026-01-31T13:20:00.0,2026-01-19T18:57:45.531,"Any[53, 45, 37, 30, 25]",53,25
2483,2026-01-31T13:20:00.0,2026-02-02T18:57:45.531,"Any[53, 45, 37, 30, 25, 19]",53,19
2490,2026-01-31T13:20:00.0,2026-02-02T18:57:45.531,"Any[53, 45, 37, 30, 25, 19]",53,19
2491,2026-01-31T13:20:00.0,2026-01-19T18:57:45.531,"Any[53, 45, 37, 30, 25, 19]",53,19
2495,2026-01-31T13:20:00.0,2026-01-12T18:57:45.531,"Any[53, 45, 37, 30, 25, 19]",53,19
2502,2026-01-31T13:20:00.0,2026-01-26T18:57:45.531,"Any[53, 45, 37, 30, 25, 19]",53,19
2504,2026-01-31T13:20:00.0,2026-01-12T18:57:45.531,"Any[53, 45, 37, 30, 25, 19]",53,19
2505,2026-01-31T13:20:00.0,2026-01-19T18:57:45.531,"Any[53, 45, 37, 30, 25, 19]",53,19
2511,2026-01-31T13:20:00.0,2026-01-12T18:57:45.531,"Any[53, 45, 37, 30, 25, 19]",53,19
2515,2026-01-31T13:20:00.0,2026-01-19T18:57:45.531,"Any[53, 45, 37, 30, 25, 19]",53,19
2519,2026-01-31T13:20:00.0,2026-01-26T18:57:45.531,"Any[53, 45, 37, 30, 25, 19]",53,19
2522,2026-01-31T13:20:00.0,2026-01-26T18:57:45.531,"Any[53, 45, 37, 30, 25, 19]",53,19
2523,2026-01-31T13:20:00.0,2026-01-12T18:57:45.531,"Any[53, 45, 37, 30, 25, 19]",53,19
2525,2026-01-31T13:20:00.0,2026-02-02T18:57:45.531,"Any[53, 45, 37, 30, 25, 19]",53,19
2526,2026-01-31T13:20:00.0,2026-01-12T18:57:45.531,"Any[53, 45, 37, 30, 25, 19]",53,19
2530,2026-01-31T13:20:00.0,2026-02-02T18:57:45.531,"Any[53, 45, 37, 30, 25, 19]",53,19
2531,2026-01-31T13:20:00.0,2026-01-26T18:57:45.531,"Any[53, 45, 37, 30, 25, 19]",53,19
2534,2026-01-31T13:20:00.0,2026-01-19T18:57:45.531,"Any[53, 45, 37, 30, 25, 19]",53,19
2543,2026-01-31T13:20:00.0,2026-01-26T18:57:45.531,"Any[53, 45, 37, 30, 25, 19]",53,19
2544,2026-01-31T13:20:00.0,2026-02-02T18:57:45.531,"Any[53, 45, 37, 30, 25, 19]",53,19
2548,2026-01-31T13:20:00.0,2026-01-19T18:57:45.531,"Any[53, 45, 37, 30, 25, 19]",53,19
2549,2026-01-31T13:20:00.0,2026-02-02T18:57:45.531,"Any[53, 45, 37, 30, 25, 19]",53,19
2554,2026-01-31T13:20:00.0,2026-01-26T18:57:45.531,"Any[53, 45, 37, 30, 25, 19]",53,19
2558,2026-01-31T13:20:00.0,2026-01-19T18:57:45.531,"Any[53, 45, 37, 30, 25, 19]",53,19
2565,2026-01-31T13:20:00.0,2026-02-02T18:57:45.531,"Any[53, 45, 37, 30, 25, 19, 13, 8]",53,8
2569,2026-01-31T13:20:00.0,2026-01-26T18:57:45.531,"Any[53, 45, 37, 30, 25, 19, 13, 8]",53,8
2590,2026-01-31T13:20:00.0,2026-01-26T18:57:45.531,"Any[53, 45, 37, 30, 25, 19, 13, 8]",53,8
2600,2026-01-31T13:20:00.0,2026-01-12T18:57:45.531,"Any[53, 45, 37, 30, 25, 19, 13, 8]",53,8
2601,2026-01-31T13:20:00.0,2026-01-12T18:57:45.531,"Any[53, 45, 37, 30, 25, 19, 13, 8]",53,8
2602,2026-01-31T13:20:00.0,2026-02-02T18:57:45.531,"Any[53, 45, 37, 30, 25, 19, 13, 8]",53,8
2607,2026-01-31T13:20:00.0,2026-01-26T18:57:45.531,"Any[53, 45, 37, 30, 25, 19, 13, 8]",53,8
2612,2026-01-31T13:20:00.0,2026-01-12T18:57:45.531,"Any[53, 45, 37, 30, 25, 19, 13, 8]",53,8
2622,2026-01-31T13:20:00.0,2026-01-12T18:57:45.531,"Any[53, 45, 37, 30, 25, 19, 13, 8]",53,8
2627,2026-01-31T13:20:00.0,2026-01-12T18:57:45.531,"Any[53, 45, 37, 30, 25, 19, 13, 8]",53,8
2629,2026-01-31T13:20:00.0,2026-01-12T18:57:45.531,"Any[53, 45, 37, 30, 25, 19, 13, 8]",53,8
2631,2026-01-31T13:20:00.0,2026-01-19T18:57:45.531,"Any[53, 45, 37, 30, 25, 19, 13, 8]",53,8
2643,2026-01-31T13:20:00.0,2026-02-02T18:57:45.531,"Any[53, 45, 37, 30, 25, 19, 11, 6, 1]",53,1
2644,2026-01-31T13:20:00.0,2026-01-19T18:57:45.531,"Any[53, 45, 37, 30, 25, 19, 11, 6, 1]",53,1
2656,2026-01-31T13:20:00.0,2026-01-19T18:57:45.531,"Any[53, 45, 37, 30, 25, 19, 11, 6, 1]",53,1
2660,2026-01-31T13:20:00.0,2026-02-02T18:57:45.531,"Any[53, 45, 37, 30, 25, 19, 11, 6, 1]",53,1
2662,2026-01-31T13:20:00.0,2026-01-12T18:57:45.531,"Any[53, 45, 37, 30, 25, 19, 11, 6, 1]",53,1
2667,2026-01-31T13:20:00.0,2026-01-12T18:57:45.531,"Any[53, 45, 37, 30, 25, 19, 11, 6, 1]",53,1
2669,2026-01-31T13:20:00.0,2026-01-12T18:57:45.531,"Any[53, 45, 37, 30, 25, 19, 11, 6, 1]",53,1
2671,2026-01-31T13:20:00.0,2026-01-19T18:57:45.531,"Any[45, 37, 30, 25]",45,25
2672,2026-01-31T13:20:00.0,2026-01-19T18:57:45.531,"Any[45, 37, 30, 25]",45,25
2674,2026-01-31T13:20:00.0,2026-01-19T18:57:45.531,"Any[45, 37, 30, 25, 19]",45,19
2678,2026-01-31T13:20:00.0,2026-01-19T18:57:45.531,"Any[45, 37, 30, 25, 19]",45,19
2680,2026-01-31T13:20:00.0,2026-01-19T18:57:45.531,"Any[45, 37, 30, 25, 19]",45,19
2681,2026-01-31T13:20:00.0,2026-01-12T18:57:45.531,"Any[45, 37, 30, 25, 19]",45,19
2687,2026-01-31T13:20:00.0,2026-01-19T18:57:45.531,"Any[45, 37, 30, 25, 19]",45,19
2699,2026-01-31T13:20:00.0,2026-02-02T18:57:45.531,"Any[45, 37, 30, 25, 19, 10]",45,10
2708,2026-01-31T13:20:00.0,2026-01-26T18:57:45.531,"Any[45, 37, 30, 25, 19, 10]",45,10
2720,2026-01-31T13:20:00.0,2026-02-02T18:57:45.531,"Any[25, 30, 37, 45, 56, 60, 64]",25,64
2725,2026-01-31T13:20:00.0,2026-01-12T18:57:45.531,"Any[25, 30, 37, 45, 53, 60, 64]",25,64
2727,2026-01-31T13:20:00.0,2026-01-26T18:57:45.531,"Any[25, 30, 37, 45, 53, 60, 64]",25,64
2728,2026-01-31T13:20:00.0,2026-01-19T18:57:45.531,"Any[25, 30, 37, 45, 53, 60, 64]",25,64
2729,2026-01-31T13:20:00.0,2026-02-02T18:57:45.531,"Any[25, 30, 37, 45, 56, 60, 64]",25,64
2737,2026-01-31T13:20:00.0,2026-01-12T18:57:45.531,"Any[19, 25, 30, 37, 45, 56, 60]",19,60
2742,2026-01-31T13:20:00.0,2026-01-26T18:57:45.531,"Any[19, 25, 30, 37, 45, 56, 60]",19,60
2745,2026-01-31T13:20:00.0,2026-01-19T18:57:45.531,"Any[19, 25, 30, 37, 45, 56, 60]",19,60
2746,2026-01-31T13:20:00.0,2026-02-02T18:57:45.531,"Any[19, 25, 30, 37, 45, 56, 60, 60, 64]",19,60
2748,2026-01-31T13:20:00.0,2026-01-12T18:57:45.531,"Any[19, 25, 30, 37, 45, 56, 60]",19,60
2749,2026-01-31T13:20:00.0,2026-01-26T18:57:45.531,"Any[19, 17, 25, 30, 37, 45, 53, 60]",19,60
2767,2026-01-31T13:20:00.0,2026-01-26T18:57:45.531,"Any[19, 25, 30, 37, 45, 56, 55, 56]",19,56
2775,2026-01-31T13:20:00.0,2026-01-19T18:57:45.531,"Any[8, 13, 19, 25, 30, 37, 45, 53, 62]",8,62
2782,2026-01-31T13:20:00.0,2026-02-02T18:57:45.531,"Any[8, 13, 19, 25, 30, 37, 45, 53, 62]",8,62
2793,2026-01-31T13:20:00.0,2026-01-26T18:57:45.531,"Any[8, 13, 19, 25, 30, 37, 45, 56]",8,56
2797,2026-01-31T13:20:00.0,2026-01-19T18:57:45.531,"Any[8, 13, 19, 25, 30, 37, 45, 56]",8,56
2801,2026-01-31T13:20:00.0,2026-01-19T18:57:45.531,"Any[8, 13, 19, 25, 30, 37, 45, 56]",8,56
2804,2026-01-31T13:20:00.0,2026-01-26T18:57:45.531,"Any[8, 13, 19, 25, 30, 37, 45, 56]",8,56
2812,2026-01-31T13:20:00.0,2026-01-26T18:57:45.531,"Any[8, 13, 19, 25, 30, 37, 45, 56]",8,56
2813,2026-01-31T13:20:00.0,2026-02-02T18:57:45.531,"Any[8, 13, 19, 25, 30, 37, 45, 56]",8,56
2825,2026-01-31T13:20:00.0,2026-01-12T18:57:45.531,"Any[8, 13, 19, 25, 30, 37, 45, 56]",8,56
2829,2026-01-31T13:20:00.0,2026-01-12T18:57:45.531,"Any[8, 13, 19, 25, 30, 37, 45, 56]",8,56
2833,2026-01-31T13:20:00.0,2026-01-19T18:57:45.531,"Any[8, 13, 19, 25, 30, 37, 45, 56]",8,56
2834,2026-01-31T13:20:00.0,2026-01-26T18:57:45.531,"Any[8, 13, 19, 25, 30, 37, 45, 56]",8,56
2846,2026-01-31T13:20:00.0,2026-01-26T18:57:45.531,"Any[8, 13, 19, 25, 30, 37, 45, 56]",8,56
2853,2026-01-31T13:20:00.0,2026-02-02T18:57:45.531,"Any[8, 13, 19, 25, 30, 37, 45, 56]",8,56
2855,2026-01-31T13:20:00.0,2026-02-02T18:57:45.531,"Any[8, 13, 19, 25, 30, 37, 45, 56]",8,56
2861,2026-01-31T13:20:00.0,2026-01-12T18:57:45.531,"Any[8, 13, 19, 25, 30, 37, 45, 56]",8,56
2863,2026-01-31T13:20:00.0,2026-01-12T18:57:45.531,"Any[8, 13, 19, 25, 30, 37, 45, 56]",8,56
2868,2026-01-31T13:20:00.0,2026-01-26T18:57:45.531,"Any[8, 13, 19, 25, 30, 37, 45, 56]",8,56
2869,2026-01-31T13:20:00.0,2026-01-26T18:57:45.531,"Any[8, 13, 19, 25, 30, 37, 45, 56]",8,56
2873,2026-01-31T13:20:00.0,2026-01-19T18:57:45.531,"Any[8, 13, 19, 25, 30, 37, 45, 56]",8,56
2874,2026-01-31T13:20:00.0,2026-01-19T18:57:45.531,"Any[8, 13, 19, 25, 30, 37, 45, 56]",8,56
2880,2026-01-31T13:20:00.0,2026-01-12T18:57:45.531,"Any[1, 6, 11, 19, 25, 30, 37, 45, 53, 60]",1,60
2883,2026-01-31T13:20:00.0,2026-01-26T18:57:45.531,"Any[1, 6, 11, 19, 25, 30, 37, 45, 53, 60]",1,60
2884,2026-01-31T13:20:00.0,2026-01-26T18:57:45.531,"Any[1, 6, 11, 19, 25, 30, 37, 45, 56, 60]",1,60
2887,2026-01-31T13:20:00.0,2026-01-19T18:57:45.531,"Any[1, 6, 11, 19, 25, 30, 37, 45, 53, 60]",1,60
2889,2026-01-31T13:20:00.0,2026-02-02T18:57:45.531,"Any[1, 6, 11, 19, 25, 30, 37, 45, 53, 60]",1,60
2897,2026-01-31T13:20:00.0,2026-01-26T18:57:45.531,"Any[1, 6, 11, 19, 25, 30, 37, 45, 53, 60]",1,60
2902,2026-01-31T13:20:00.0,2026-01-12T18:57:45.531,"Any[1, 6, 11, 19, 25, 30, 37, 45, 56, 60]",1,60
2906,2026-01-31T13:20:00.0,2026-01-26T18:57:45.531,"Any[1, 6, 11, 19, 25, 30, 37, 45, 56, 60]",1,60
2913,2026-01-31T13:20:00.0,2026-01-19T18:57:45.531,"Any[1, 6, 11, 19, 25, 30, 37, 45, 56, 60]",1,60
2919,2026-01-31T13:20:00.0,2026-02-02T18:57:45.531,"Any[1, 6, 11, 19, 25, 30, 37, 45, 53, 60]",1,60
2921,2026-01-31T13:20:00.0,2026-01-26T18:57:45.531,"Any[1, 6, 11, 19, 25, 30, 37, 45, 53, 60]",1,60
2924,2026-01-31T13:20:00.0,2026-01-19T18:57:45.531,"Any[1, 6, 11, 19, 25, 30, 37, 45, 53, 60]",1,60
2925,2026-01-31T13:20:00.0,2026-01-12T18:57:45.531,"Any[1, 6, 11, 19, 25, 30, 37, 45, 53, 60]",1,60
2926,2026-01-31T13:20:00.0,2026-02-02T18:57:45.531,"Any[1, 6, 11, 19, 25, 30, 37, 45, 56, 60]",1,60
2927,2026-01-31T13:20:00.0,2026-01-19T18:57:45.531,"Any[1, 6, 11, 19, 23, 28, 36, 44, 54, 60]",1,60
2928,2026-01-31T13:20:00.0,2026-02-02T18:57:45.531,"Any[1, 6, 11, 19, 25, 30, 37, 45, 56, 60]",1,60
2929,2026-01-31T13:20:00.0,2026-01-12T18:57:45.531,"Any[1, 6, 11, 19, 25, 30, 37, 45, 56, 60]",1,60
2934,2026-01-31T13:20:00.0,2026-02-02T18:57:45.531,"Any[1, 6, 11, 19, 25, 30, 37, 45, 56, 60]",1,60
2936,2026-01-31T13:20:00.0,2026-01-19T18:57:45.531,"Any[1, 6, 11, 19, 25, 30, 37, 45, 53, 60]",1,60
2943,2026-01-31T13:20:00.0,2026-01-26T18:57:45.531,"Any[1, 6, 11, 19, 25, 30, 37, 45, 56]",1,56
2946,2026-01-31T13:20:00.0,2026-01-19T18:57:45.531,"Any[1, 6, 11, 19, 25, 30, 37, 45, 56]",1,56
2960,2026-01-31T13:20:00.0,2026-01-26T18:57:45.531,"Any[1, 6, 11, 19, 25, 30, 37, 45, 56]",1,56
2965,2026-01-31T13:20:00.0,2026-01-12T18:57:45.531,"Any[3, 10, 19, 25, 30, 37, 45, 53, 60]",3,60
2969,2026-01-31T13:20:00.0,2026-02-02T18:57:45.531,"Any[6, 11, 19, 25, 30, 37, 45, 53]",6,53
2970,2026-01-31T13:20:00.0,2026-01-12T18:57:45.531,"Any[6, 11, 19, 25, 30, 37, 45, 53]",6,53
2972,2026-01-31T13:20:00.0,2026-01-12T18:57:45.531,"Any[6, 11, 19, 25, 30, 37, 45, 53]",6,53
2978,2026-01-31T13:20:00.0,2026-01-12T18:57:45.531,"Any[6, 11, 19, 25, 30, 37, 45, 53]",6,53
2981,2026-01-31T13:20:00.0,2026-01-12T18:57:45.531,"Any[6, 11, 19, 25, 30, 37, 45, 53]",6,53
2988,2026-01-31T13:20:00.0,2026-01-19T18:57:45.531,"Any[6, 11, 19, 25, 30, 37, 45]",6,45
2992,2026-01-31T13:20:00.0,2026-01-26T18:57:45.531,"Any[10, 19, 25, 30, 37, 45, 53]",10,53
2993,2026-01-31T13:20:00.0,2026-02-02T18:57:45.531,"Any[10, 19, 25, 30, 37, 45, 53]",10,53
2994,2026-01-31T13:20:00.0,2026-01-12T18:57:45.531,"Any[10, 19, 25, 30, 37, 45, 53]",10,53
3003,2026-01-31T13:20:00.0,2026-01-26T18:57:45.531,"Any[10, 19, 25, 30, 37, 45, 53]",10,53
3018,2026-01-31T13:20:00.0,2026-02-02T18:57:45.531,"Any[10, 19, 25, 30, 37, 45, 53]",10,53
3021,2026-01-31T13:20:00.0,2026-02-02T18:57:45.531,"Any[10, 19, 25, 30, 37, 45, 53]",10,53
3029,2026-01-31T13:20:00.0,2026-01-12T18:57:45.531,"Any[10, 19, 25, 30, 37, 45, 53]",10,53
3032,2026-01-31T13:20:00.0,2026-01-19T18:57:45.531,"Any[10, 19, 25, 30, 37, 45, 53]",10,53
3033,2026-01-31T13:20:00.0,2026-02-02T18:57:45.531,"Any[10, 19, 25, 30, 37, 45, 53]",10,53
3036,2026-01-31T13:20:00.0,2026-02-02T18:57:45.531,"Any[10, 19, 25, 30, 37, 45, 53]",10,53
3047,2026-01-31T13:20:00.0,2026-01-26T18:57:45.531,"Any[10, 19, 25, 30, 37, 45, 53]",10,53
3057,2026-01-31T13:20:00.0,2026-01-12T18:57:45.531,"Any[10, 19, 25, 30, 37, 45, 53]",10,53
3061,2026-01-31T13:20:00.0,2026-01-12T18:57:45.531,"Any[10, 19, 25, 30, 37, 45, 53]",10,53
3065,2026-01-31T13:20:00.0,2026-01-26T18:57:45.531,"Any[10, 19, 25, 30, 37, 45, 53]",10,53
3069,2026-01-31T13:20:00.0,2026-01-26T18:57:45.531,"Any[10, 19, 25, 30, 37, 45, 53]",10,53
3071,2026-01-31T13:20:00.0,2026-02-02T18:57:45.531,"Any[10, 19, 25, 30, 37, 45, 53]",10,53
3073,2026-01-31T13:20:00.0,2026-01-12T18:57:45.531,"Any[10, 19, 25, 30, 37, 45, 53]",10,53
3079,2026-01-31T13:20:00.0,2026-01-12T18:57:45.531,"Any[10, 19, 25, 30, 37, 45, 53]",10,53
3081,2026-01-31T13:20:00.0,2026-01-12T18:57:45.531,"Any[10, 19, 25, 30, 37, 45, 53]",10,53
3083,2026-01-31T13:20:00.0,2026-01-12T18:57:45.531,"Any[10, 19, 25, 30, 37, 45, 53]",10,53
3091,2026-01-31T13:20:00.0,2026-01-26T18:57:45.531,"Any[10, 19, 25, 30, 37, 45, 53]",10,53
3093,2026-01-31T13:20:00.0,2026-01-12T18:57:45.531,"Any[10, 11, 19, 25, 30, 37, 45, 53]",10,53
3106,2026-01-31T13:20:00.0,2026-01-12T18:57:45.531,"Any[10, 19, 25, 30, 37, 45, 53]",10,53
3108,2026-01-31T13:20:00.0,2026-01-12T18:57:45.531,"Any[10, 19, 25, 30, 37, 45, 53]",10,53
3110,2026-01-31T13:20:00.0,2026-02-02T18:57:45.531,"Any[10, 19, 25, 30, 37, 45, 53]",10,53
3114,2026-01-31T13:20:00.0,2026-01-12T18:57:45.531,"Any[10, 19, 25, 30, 37, 45, 53]",10,53
3115,2026-01-31T13:20:00.0,2026-01-19T18:57:45.531,"Any[10, 19, 25, 30, 37, 45, 53]",10,53
3127,2026-01-31T13:20:00.0,2026-01-26T18:57:45.531,"Any[10, 19, 25, 30, 37, 45, 53]",10,53
3132,2026-01-31T13:20:00.0,2026-01-12T18:57:45.531,"Any[10, 19, 25, 30, 37, 45, 53]",10,53
3137,2026-01-31T13:20:00.0,2026-01-12T18:57:45.531,"Any[10, 19, 25, 30, 37, 45, 53]",10,53
3143,2026-01-31T13:20:00.0,2026-01-12T18:57:45.531,"Any[10, 19, 25, 30, 37, 45, 53]",10,53
3144,2026-01-31T13:20:00.0,2026-01-19T18:57:45.531,"Any[10, 19, 25, 30, 37, 45, 53]",10,53
3147,2026-01-31T13:20:00.0,2026-01-19T18:57:45.531,"Any[10, 19, 25, 30, 37, 45, 53]",10,53
3148,2026-01-31T13:20:00.0,2026-01-26T18:57:45.531,"Any[10, 11, 19, 25, 30, 37, 45, 53]",10,53
3152,2026-01-31T13:20:00.0,2026-01-12T18:57:45.531,"Any[10, 19, 25, 30, 37, 45, 53]",10,53
3161,2026-01-31T13:20:00.0,2026-01-12T18:57:45.531,"Any[10, 19, 25, 30, 37, 45, 53]",10,53
3164,2026-01-31T13:20:00.0,2026-01-26T18:57:45.531,"Any[10, 19, 25, 30, 37, 45, 53]",10,53
3168,2026-01-31T13:20:00.0,2026-02-02T18:57:45.531,"Any[10, 19, 25, 30, 37, 45, 53]",10,53
3170,2026-01-31T13:20:00.0,2026-01-26T18:57:45.531,"Any[10, 19, 25, 30, 37, 45, 53]",10,53
3171,2026-01-31T13:20:00.0,2026-01-12T18:57:45.531,"Any[10, 19, 25, 30, 37, 45, 53]",10,53
3173,2026-01-31T13:20:00.0,2026-01-19T18:57:45.531,"Any[10, 19, 25, 30, 37, 45, 53]",10,53
3189,2026-01-31T13:20:00.0,2026-01-19T18:57:45.531,"Any[10, 19, 25, 30, 37, 45, 53]",10,53
3190,2026-01-31T13:20:00.0,2026-01-12T18:57:45.531,"Any[10, 19, 25, 30, 37, 45, 53]",10,53
3199,2026-01-31T13:20:00.0,2026-01-19T18:57:45.531,"Any[10, 19, 25, 30, 37, 45, 53]",10,53
