id,departure_timestamp,arrival_timestamp,ps_seq,Origin_PS,Destination_PS
819,2026-01-05T00:17:12.0,2026-01-07T05:54:57.531,"Any[1, 6, 11, 19, 25, 30, 37, 45, 53, 60]",1,60
1516,2026-01-05T00:17:12.0,2026-01-14T05:54:57.531,"Any[1, 6, 11, 19, 25, 30, 37, 45, 53, 60]",1,60
1031,2026-01-05T00:34:51.0,2026-01-14T06:12:36.531,"Any[53, 45, 37, 30, 25, 19, 11, 6, 1]",53,1
475,2026-01-05T00:38:52.0,2026-01-07T06:16:37.531,"Any[19, 25, 30, 37, 45]",19,45
795,2026-01-05T01:09:29.0,2026-01-14T06:47:14.531,"Any[64, 53, 45, 37, 30, 25, 19, 13, 8]",64,8
172,2026-01-05T01:30:43.0,2026-01-14T07:08:28.531,"Any[19, 25, 30, 37, 45]",19,45
401,2026-01-05T01:30:43.0,2026-01-07T07:08:28.531,"Any[19, 25, 30, 37, 45]",19,45
1079,2026-01-05T01:43:45.0,2026-01-14T07:21:30.531,"Any[53, 45, 37, 30, 25, 19, 11, 6, 1]",53,1
1156,2026-01-05T01:43:45.0,2026-01-14T07:21:30.531,"Any[53, 45, 37, 30, 25, 19, 11, 6, 1]",53,1
1062,2026-01-05T03:40:14.0,2026-01-07T09:17:59.531,"Any[53, 45, 37, 30, 25, 19, 11, 6, 1]",53,1
227,2026-01-05T05:00:21.0,2026-01-14T10:38:06.531,"Any[7, 8, 13, 19, 25, 30, 37, 45, 53]",7,53
970,2026-01-05T06:14:16.0,2026-01-14T11:52:01.531,"Any[16, 25, 30, 37, 45, 53]",16,53
357,2026-01-05T07:18:59.0,2026-01-14T12:56:44.531,"Any[8, 13, 19, 25, 30, 37, 45, 56]",8,56
1497,2026-01-05T07:18:59.0,2026-01-07T12:56:44.531,"Any[8, 13, 19, 25, 30, 37, 45, 56]",8,56
1122,2026-01-05T07:55:26.0,2026-01-07T13:33:11.531,"Any[25, 30, 37, 45, 53]",25,53
104,2026-01-05T08:49:10.0,2026-01-14T14:26:55.531,"Any[1, 6, 11, 19, 25, 30, 37, 45, 53, 60]",1,60
157,2026-01-05T08:49:10.0,2026-01-14T14:26:55.531,"Any[1, 6, 11, 19, 25, 30, 37, 45, 53, 60]",1,60
714,2026-01-05T08:49:10.0,2026-01-14T14:26:55.531,"Any[1, 6, 11, 19, 25, 30, 37, 45, 53, 60]",1,60
1515,2026-01-05T08:49:10.0,2026-01-14T14:26:55.531,"Any[1, 6, 11, 19, 25, 30, 37, 45, 53, 60]",1,60
1059,2026-01-05T08:49:55.0,2026-01-07T14:27:40.531,"Any[7, 8, 13, 19, 25, 30, 37, 45, 56]",7,56
1176,2026-01-05T08:49:55.0,2026-01-07T14:27:40.531,"Any[7, 8, 13, 19, 25, 30, 37, 45, 56]",7,56
1456,2026-01-05T08:52:38.0,2026-01-14T14:30:23.531,"Any[19, 25, 30, 37, 45, 56]",19,56
1019,2026-01-05T11:17:29.0,2026-01-07T16:55:14.531,"Any[8, 13, 19, 25, 30, 37, 45]",8,45
1147,2026-01-05T11:17:29.0,2026-01-07T16:55:14.531,"Any[8, 13, 19, 25, 30, 37, 45]",8,45
624,2026-01-05T11:22:43.0,2026-01-14T17:00:28.531,"Any[60, 53, 45, 37, 30, 25]",60,25
477,2026-01-05T11:44:49.0,2026-01-07T17:22:34.531,"Any[3, 6, 11, 16, 25, 30, 37, 45]",3,45
921,2026-01-05T12:18:14.0,2026-01-07T17:55:59.531,"Any[64, 60, 53, 45, 37, 30, 25]",64,25
875,2026-01-05T12:52:27.0,2026-01-07T18:30:12.531,"Any[6, 11, 19, 25, 30, 37, 45]",6,45
164,2026-01-05T13:03:36.0,2026-01-07T18:41:21.531,"Any[8, 13, 19, 25, 30, 37, 45]",8,45
313,2026-01-05T13:03:36.0,2026-01-07T18:41:21.531,"Any[8, 13, 19, 25, 30, 37, 45]",8,45
450,2026-01-05T13:03:36.0,2026-01-14T18:41:21.531,"Any[8, 13, 19, 25, 30, 37, 45]",8,45
411,2026-01-05T13:32:16.0,2026-01-14T19:10:01.531,"Any[62, 45, 37, 30, 25, 19, 13, 8]",62,8
897,2026-01-05T13:32:16.0,2026-01-14T19:10:01.531,"Any[62, 45, 37, 30, 25, 19, 13, 8]",62,8
955,2026-01-05T13:32:16.0,2026-01-07T19:10:01.531,"Any[62, 45, 37, 30, 25, 19, 13, 8]",62,8
841,2026-01-05T13:47:03.0,2026-01-07T19:24:48.531,"Any[19, 25, 30, 37, 45]",19,45
1097,2026-01-05T13:47:03.0,2026-01-07T19:24:48.531,"Any[19, 25, 30, 37, 45]",19,45
439,2026-01-05T15:13:34.0,2026-01-14T20:51:19.531,"Any[6, 11, 19, 25, 30, 37, 45]",6,45
912,2026-01-05T15:13:34.0,2026-01-14T20:51:19.531,"Any[6, 11, 19, 25, 30, 37, 45]",6,45
967,2026-01-05T15:13:34.0,2026-01-07T20:51:19.531,"Any[6, 11, 19, 25, 30, 37, 45]",6,45
818,2026-01-05T15:30:10.0,2026-01-07T21:07:55.531,"Any[6, 11, 16, 25, 30, 37, 45]",6,45
187,2026-01-05T15:36:18.0,2026-01-07T21:14:03.531,"Any[60, 56, 45, 37, 30, 25, 19, 14]",60,14
210,2026-01-05T15:40:36.0,2026-01-14T21:18:21.531,"Any[6, 11, 19, 25, 30, 37, 45, 53]",6,53
1551,2026-01-05T15:40:36.0,2026-01-14T21:18:21.531,"Any[6, 11, 19, 25, 30, 37, 45, 53]",6,53
370,2026-01-05T15:49:40.0,2026-01-14T21:27:25.531,"Any[45, 37, 30, 25]",45,25
1468,2026-01-05T16:16:10.0,2026-01-07T21:53:55.531,"Any[19, 25, 30, 37, 45, 53]",19,53
1063,2026-01-05T16:17:37.0,2026-01-14T21:55:22.531,"Any[53, 45, 37, 30, 25]",53,25
625,2026-01-05T16:35:38.0,2026-01-07T22:13:23.531,"Any[60, 56, 45, 37, 30, 25, 19, 13, 8]",60,8
165,2026-01-05T16:41:49.0,2026-01-14T22:19:34.531,"Any[60, 53, 45, 37, 30, 25, 19, 11, 6, 6]",60,6
5,2026-01-05T16:43:13.0,2026-01-07T22:20:58.531,"Any[60, 56, 45, 37, 30, 25, 19, 17, 19, 11, 6]",60,6
321,2026-01-05T16:44:42.0,2026-01-14T22:22:27.531,"Any[56, 45, 37, 30, 25, 19, 11, 6]",56,6
1331,2026-01-05T16:44:42.0,2026-01-07T22:22:27.531,"Any[56, 45, 37, 30, 25, 19, 11, 6]",56,6
992,2026-01-05T16:52:14.0,2026-01-14T22:29:59.531,"Any[53, 45, 37, 30, 25]",53,25
170,2026-01-05T16:53:06.0,2026-01-07T22:30:51.531,"Any[53, 45, 37, 30, 25]",53,25
397,2026-01-05T16:53:06.0,2026-01-14T22:30:51.531,"Any[53, 45, 37, 30, 25]",53,25
191,2026-01-05T17:02:24.0,2026-01-14T22:40:09.531,"Any[53, 45, 37, 30, 25]",53,25
1332,2026-01-05T17:37:37.0,2026-01-14T23:15:22.531,"Any[56, 45, 37, 30, 25, 19, 11, 6]",56,6
1338,2026-01-05T17:37:37.0,2026-01-14T23:15:22.531,"Any[56, 45, 37, 30, 25, 19, 11, 6]",56,6
890,2026-01-05T18:38:03.0,2026-01-08T00:15:48.531,"Any[60, 53, 45, 37, 30, 25, 19, 10]",60,10
812,2026-01-05T18:55:36.0,2026-01-15T00:33:21.531,"Any[56, 45, 37, 30, 25]",56,25
863,2026-01-05T18:55:36.0,2026-01-15T00:33:21.531,"Any[56, 45, 37, 30, 25]",56,25
743,2026-01-05T18:55:59.057,2026-01-08T00:33:44.588,"Any[8, 13, 19, 25, 37, 45, 56, 60]",8,60
885,2026-01-05T19:05:23.0,2026-01-15T00:43:08.531,"Any[53, 45, 37, 30, 25, 19, 10]",53,10
290,2026-01-05T19:35:03.0,2026-01-15T01:12:48.531,"Any[6, 11, 19, 25, 30, 37, 45]",6,45
334,2026-01-05T19:52:07.0,2026-01-08T01:29:52.531,"Any[53, 45, 37, 30, 25]",53,25
446,2026-01-05T19:52:07.0,2026-01-08T01:29:52.531,"Any[53, 45, 37, 30, 25]",53,25
52,2026-01-05T19:56:58.0,2026-01-08T01:34:43.531,"Any[56, 45, 37, 30, 25]",56,25
257,2026-01-05T19:58:20.394,2026-01-15T01:36:05.925,"Any[60, 56, 45, 37, 30, 25, 19, 11, 6]",60,6
452,2026-01-05T19:58:20.394,2026-01-08T01:36:05.925,"Any[60, 56, 45, 37, 30, 25, 19, 11, 6]",60,6
514,2026-01-05T20:08:37.764,2026-01-08T01:46:23.295,"Any[54, 44, 36, 23, 19, 13, 8]",54,8
852,2026-01-05T20:08:37.764,2026-01-15T01:46:23.295,"Any[54, 44, 36, 23, 19, 13, 8]",54,8
798,2026-01-05T20:11:31.0,2026-01-15T01:49:16.531,"Any[53, 45, 37, 30, 25, 19, 13, 8]",53,8
1383,2026-01-05T20:14:13.0,2026-01-15T01:51:58.531,"Any[53, 45, 37, 30, 25, 19, 13, 8]",53,8
1192,2026-01-05T20:17:24.0,2026-01-08T01:55:09.531,"Any[53, 45, 37, 30, 25, 19, 10]",53,10
1183,2026-01-05T20:32:06.0,2026-01-08T02:09:51.531,"Any[10, 19, 30, 37, 45, 53]",10,53
1573,2026-01-05T20:32:06.0,2026-01-15T02:09:51.531,"Any[10, 19, 30, 37, 45, 53]",10,53
331,2026-01-05T20:41:14.074,2026-01-15T02:18:59.605,"Any[56, 45, 37, 30, 25, 19, 11, 6]",56,6
732,2026-01-05T20:41:14.074,2026-01-15T02:18:59.605,"Any[56, 45, 37, 30, 25, 19, 11, 6]",56,6
103,2026-01-05T21:15:58.0,2026-01-08T02:53:43.531,"Any[8, 13, 19, 25, 30, 37, 45, 56]",8,56
1234,2026-01-05T21:21:30.0,2026-01-08T02:59:15.531,"Any[53, 45, 37, 30, 25]",53,25
1094,2026-01-05T21:47:04.0,2026-01-15T03:24:49.531,"Any[7, 8, 13, 19, 30, 37, 45, 53, 60]",7,60
569,2026-01-05T22:16:07.0,2026-01-15T03:53:52.531,"Any[45, 37, 30, 25, 19, 10]",45,10
638,2026-01-05T22:16:07.0,2026-01-08T03:53:52.531,"Any[45, 37, 30, 25, 19, 10]",45,10
726,2026-01-05T22:16:07.0,2026-01-08T03:53:52.531,"Any[45, 37, 30, 25, 19, 10]",45,10
1358,2026-01-05T23:08:00.682,2026-01-08T04:45:46.213,"Any[56, 45, 37, 30, 25, 19, 11, 6, 6]",56,6
1359,2026-01-05T23:08:00.682,2026-01-08T04:45:46.213,"Any[56, 45, 37, 30, 25, 19, 11, 6, 6]",56,6
1479,2026-01-05T23:09:32.399,2026-01-15T04:47:17.93,"Any[8, 13, 19, 25, 30, 37, 45, 56]",8,56
209,2026-01-05T23:16:18.0,2026-01-15T04:54:03.531,"Any[10, 19, 25, 30, 37, 45, 53]",10,53
686,2026-01-05T23:16:18.0,2026-01-15T04:54:03.531,"Any[10, 19, 25, 30, 37, 45, 53]",10,53
1431,2026-01-05T23:46:28.0,2026-01-08T05:24:13.531,"Any[53, 45, 37, 30, 25, 19, 11, 6, 1]",53,1
700,2026-01-05T23:52:49.0,2026-01-15T05:30:34.531,"Any[53, 45, 37, 30, 25, 19, 13, 8]",53,8
1375,2026-01-05T23:52:49.0,2026-01-15T05:30:34.531,"Any[53, 45, 37, 30, 25, 19, 13, 8]",53,8
1142,2026-01-05T23:59:35.0,2026-01-15T05:37:20.531,"Any[1, 6, 11, 19, 23, 36, 44, 54, 60]",1,60
1513,2026-01-05T23:59:35.0,2026-01-15T05:37:20.531,"Any[1, 6, 11, 19, 23, 36, 44, 54, 60]",1,60
1519,2026-01-06T00:22:14.0,2026-01-08T05:59:59.531,"Any[1, 6, 11, 19, 25, 30, 37, 45, 53, 60]",1,60
1527,2026-01-06T00:22:14.0,2026-01-08T05:59:59.531,"Any[1, 6, 11, 19, 25, 30, 37, 45, 53, 60]",1,60
25,2026-01-06T01:01:40.0,2026-01-15T06:39:25.531,"Any[10, 19, 25, 30, 37, 45, 53]",10,53
610,2026-01-06T01:01:40.0,2026-01-15T06:39:25.531,"Any[10, 19, 25, 30, 37, 45, 53]",10,53
224,2026-01-06T02:13:39.0,2026-01-08T07:51:24.531,"Any[53, 45, 37, 30, 25, 19, 11, 6, 1]",53,1
1024,2026-01-06T02:13:39.0,2026-01-15T07:51:24.531,"Any[53, 45, 37, 30, 25, 19, 11, 6, 1]",53,1
185,2026-01-06T02:57:02.0,2026-01-08T08:34:47.531,"Any[7, 8, 13, 19, 25, 30, 37, 45, 56]",7,56
855,2026-01-06T03:21:22.0,2026-01-15T08:59:07.531,"Any[64, 53, 45, 37, 30, 25, 19, 10]",64,10
1283,2026-01-06T03:24:36.0,2026-01-15T09:02:21.531,"Any[60, 53, 45, 37, 30, 25, 19, 10]",60,10
1296,2026-01-06T03:24:36.0,2026-01-08T09:02:21.531,"Any[60, 53, 45, 37, 30, 25, 19, 10]",60,10
317,2026-01-06T04:30:47.0,2026-01-15T10:08:32.531,"Any[19, 17, 25, 30, 37, 45, 53, 60]",19,60
1112,2026-01-06T04:30:47.0,2026-01-15T10:08:32.531,"Any[19, 17, 25, 30, 37, 45, 53, 60]",19,60
422,2026-01-06T04:52:43.0,2026-01-08T10:30:28.531,"Any[19, 25, 30, 37, 45, 53]",19,53
1556,2026-01-06T05:16:03.0,2026-01-08T10:53:48.531,"Any[10, 19, 25, 30, 37, 45, 53]",10,53
1037,2026-01-06T05:19:14.0,2026-01-08T10:56:59.531,"Any[5, 6, 11, 19, 25, 30, 37, 45]",5,45
295,2026-01-06T05:39:05.0,2026-01-15T11:16:50.531,"Any[10, 19, 25, 30, 37, 45, 53]",10,53
1075,2026-01-06T06:20:29.0,2026-01-15T11:58:14.531,"Any[6, 11, 19, 25, 30, 37, 45]",6,45
1118,2026-01-06T06:45:14.0,2026-01-15T12:22:59.531,"Any[53, 45, 37, 30, 25, 19, 10]",53,10
688,2026-01-06T07:23:24.0,2026-01-15T13:01:09.531,"Any[60, 56, 45, 37, 30, 25, 19, 13, 8]",60,8
944,2026-01-06T07:23:24.0,2026-01-08T13:01:09.531,"Any[60, 56, 45, 37, 30, 25, 19, 13, 8]",60,8
1117,2026-01-06T07:23:24.0,2026-01-08T13:01:09.531,"Any[60, 56, 45, 37, 30, 25, 19, 13, 8]",60,8
393,2026-01-06T07:31:00.0,2026-01-08T13:08:45.531,"Any[10, 19, 25, 30, 37, 45, 53]",10,53
399,2026-01-06T07:31:00.0,2026-01-15T13:08:45.531,"Any[10, 19, 25, 30, 37, 45, 53]",10,53
1579,2026-01-06T07:31:00.0,2026-01-08T13:08:45.531,"Any[10, 19, 25, 30, 37, 45, 53]",10,53
426,2026-01-06T07:40:00.0,2026-01-08T13:17:45.531,"Any[7, 8, 13, 19, 25, 30, 37, 45, 53]",7,53
258,2026-01-06T07:43:38.0,2026-01-15T13:21:23.531,"Any[8, 13, 19, 25, 30, 37, 45, 56]",8,56
1303,2026-01-06T08:18:42.0,2026-01-08T13:56:27.531,"Any[60, 53, 45, 37, 30, 25, 19, 10]",60,10
238,2026-01-06T08:30:47.0,2026-01-08T14:08:32.531,"Any[54, 44, 36, 23, 19, 11, 6]",54,6
509,2026-01-06T08:30:47.0,2026-01-15T14:08:32.531,"Any[54, 44, 36, 23, 19, 11, 6]",54,6
549,2026-01-06T08:30:47.0,2026-01-15T14:08:32.531,"Any[54, 44, 36, 23, 19, 11, 6]",54,6
1158,2026-01-06T08:41:38.0,2026-01-08T14:19:23.531,"Any[10, 19, 25, 30, 37, 45, 53]",10,53
1384,2026-01-06T09:04:14.0,2026-01-15T14:41:59.531,"Any[53, 45, 37, 30, 25, 19, 13, 8]",53,8
1242,2026-01-06T09:16:03.589,2026-01-15T14:53:49.12,"Any[10, 19, 25, 30, 37, 45, 53]",10,53
109,2026-01-06T10:03:02.0,2026-01-15T15:40:47.531,"Any[5, 6, 11, 19, 25, 30, 37, 45]",5,45
115,2026-01-06T10:03:02.0,2026-01-15T15:40:47.531,"Any[5, 6, 11, 19, 25, 30, 37, 45]",5,45
158,2026-01-06T10:03:11.0,2026-01-15T15:40:56.531,"Any[45, 37, 30, 25]",45,25
444,2026-01-06T10:27:16.0,2026-01-08T16:05:01.531,"Any[53, 45, 37, 30, 25, 19, 11, 6, 1]",53,1
709,2026-01-06T11:26:52.0,2026-01-15T17:04:37.531,"Any[56, 45, 37, 30, 25, 19, 11, 6]",56,6
1347,2026-01-06T11:26:52.0,2026-01-08T17:04:37.531,"Any[56, 45, 37, 30, 25, 19, 11, 6]",56,6
1348,2026-01-06T11:26:52.0,2026-01-08T17:04:37.531,"Any[56, 45, 37, 30, 25, 19, 11, 6]",56,6
373,2026-01-06T11:46:22.0,2026-01-15T17:24:07.531,"Any[8, 13, 19, 25, 30, 37, 45, 56]",8,56
438,2026-01-06T11:46:22.0,2026-01-15T17:24:07.531,"Any[8, 13, 19, 25, 30, 37, 45, 56]",8,56
461,2026-01-06T12:00:27.312,2026-01-15T17:38:12.843,"Any[56, 45, 37, 45, 50, 45, 37, 30, 25]",56,25
1012,2026-01-06T12:00:47.0,2026-01-15T17:38:32.531,"Any[6, 11, 19, 25, 30, 37, 45, 53]",6,53
1135,2026-01-06T12:07:39.0,2026-01-08T17:45:24.531,"Any[60, 53, 45, 37, 30, 25, 19, 10]",60,10
1286,2026-01-06T12:07:39.0,2026-01-08T17:45:24.531,"Any[60, 53, 45, 37, 30, 25, 19, 10]",60,10
919,2026-01-06T12:14:19.314,2026-01-15T17:52:04.845,"Any[53, 45, 37, 30, 25, 19, 10]",53,10
1271,2026-01-06T12:23:31.0,2026-01-15T18:01:16.531,"Any[60, 53, 45, 37, 30, 25]",60,25
1268,2026-01-06T12:29:41.044,2026-01-15T18:07:26.575,"Any[64, 60, 53, 45, 37, 30, 25, 19, 11, 6, 1]",64,1
980,2026-01-06T12:56:20.0,2026-01-15T18:34:05.531,"Any[6, 11, 16, 25, 30, 37, 45, 56]",6,56
1401,2026-01-06T13:00:08.0,2026-01-15T18:37:53.531,"Any[53, 45, 37, 30, 25, 19, 13, 8]",53,8
441,2026-01-06T13:27:15.0,2026-01-15T19:05:00.531,"Any[53, 45, 37, 30, 25, 19, 13, 8]",53,8
1060,2026-01-06T13:49:40.0,2026-01-15T19:27:25.531,"Any[19, 25, 30, 37, 45, 56]",19,56
524,2026-01-06T14:14:31.0,2026-01-15T19:52:16.531,"Any[19, 25, 30, 37, 45, 56, 60]",19,60
1444,2026-01-06T14:14:31.0,2026-01-08T19:52:16.531,"Any[19, 25, 30, 37, 45, 56, 60]",19,60
1447,2026-01-06T14:14:31.0,2026-01-15T19:52:16.531,"Any[19, 25, 30, 37, 45, 56, 60]",19,60
1140,2026-01-06T14:36:35.0,2026-01-15T20:14:20.531,"Any[1, 6, 11, 19, 25, 30, 37, 45, 56]",1,56
366,2026-01-06T14:41:12.588,2026-01-15T20:18:58.119,"Any[3, 6, 11, 16, 25, 30, 37, 45, 56]",3,56
294,2026-01-06T14:58:14.0,2026-01-08T20:35:59.531,"Any[8, 13, 19, 25, 30, 37, 45, 56]",8,56
858,2026-01-06T14:58:14.0,2026-01-15T20:35:59.531,"Any[8, 13, 19, 25, 30, 37, 45, 56]",8,56
149,2026-01-06T15:49:41.0,2026-01-08T21:27:26.531,"Any[6, 11, 19, 25, 30, 37, 45]",6,45
150,2026-01-06T16:02:05.54,2026-01-08T21:39:51.071,"Any[8, 13, 25, 30, 37, 45, 56]",8,56
1485,2026-01-06T16:02:05.54,2026-01-15T21:39:51.071,"Any[8, 13, 25, 30, 37, 45, 56]",8,56
1340,2026-01-06T16:02:26.0,2026-01-08T21:40:11.531,"Any[56, 45, 37, 30, 25, 19, 11, 6]",56,6
297,2026-01-06T16:05:12.0,2026-01-15T21:42:57.531,"Any[60, 56, 45, 37, 30, 25]",60,25
1274,2026-01-06T16:05:12.0,2026-01-08T21:42:57.531,"Any[60, 56, 45, 37, 30, 25]",60,25
1277,2026-01-06T16:05:12.0,2026-01-15T21:42:57.531,"Any[60, 56, 45, 37, 30, 25]",60,25
432,2026-01-06T16:05:20.103,2026-01-15T21:43:05.634,"Any[60, 56, 45, 37, 30, 25]",60,25
690,2026-01-06T16:05:20.103,2026-01-08T21:43:05.634,"Any[60, 56, 45, 37, 30, 25]",60,25
757,2026-01-06T16:05:20.103,2026-01-08T21:43:05.634,"Any[60, 56, 45, 37, 30, 25]",60,25
189,2026-01-06T16:08:11.0,2026-01-15T21:45:56.531,"Any[5, 6, 11, 19, 25, 30, 37, 45]",5,45
685,2026-01-06T16:08:11.0,2026-01-08T21:45:56.531,"Any[5, 6, 11, 19, 25, 30, 37, 45]",5,45
1155,2026-01-06T16:10:53.0,2026-01-08T21:48:38.531,"Any[56, 45, 37, 30, 25, 19, 11, 6, 6, 1]",56,6
849,2026-01-06T16:15:19.0,2026-01-15T21:53:04.531,"Any[56, 45, 37, 30, 25, 19, 11, 6]",56,6
882,2026-01-06T16:33:41.0,2026-01-15T22:11:26.531,"Any[19, 25, 30, 37, 45, 56]",19,56
1390,2026-01-06T16:35:07.0,2026-01-15T22:12:52.531,"Any[53, 45, 37, 30, 25, 19, 13, 8]",53,8
26,2026-01-06T16:39:20.0,2026-01-15T22:17:05.531,"Any[1, 6, 11, 19, 25, 30, 37, 45, 56]",1,56
329,2026-01-06T16:39:20.0,2026-01-15T22:17:05.531,"Any[1, 6, 11, 19, 25, 30, 37, 45, 56]",1,56
511,2026-01-06T16:39:20.0,2026-01-15T22:17:05.531,"Any[1, 6, 11, 19, 25, 30, 37, 45, 56]",1,56
670,2026-01-06T16:39:20.0,2026-01-08T22:17:05.531,"Any[1, 6, 11, 19, 25, 30, 37, 45, 56]",1,56
1543,2026-01-06T16:39:20.0,2026-01-15T22:17:05.531,"Any[1, 6, 11, 19, 25, 30, 37, 45, 56]",1,56
582,2026-01-06T16:42:50.0,2026-01-08T22:20:35.531,"Any[64, 60, 56, 45, 37, 30, 25]",64,25
1266,2026-01-06T16:42:50.0,2026-01-15T22:20:35.531,"Any[64, 60, 56, 45, 37, 30, 25]",64,25
1318,2026-01-06T16:43:21.0,2026-01-15T22:21:06.531,"Any[56, 45, 37, 30, 25, 19, 11, 6]",56,6
535,2026-01-06T16:44:00.0,2026-01-08T22:21:45.531,"Any[53, 45, 37, 30, 25, 19, 13, 8]",53,8
612,2026-01-06T16:44:00.0,2026-01-15T22:21:45.531,"Any[53, 45, 37, 30, 25, 19, 13, 8]",53,8
1033,2026-01-06T16:54:52.0,2026-01-15T22:32:37.531,"Any[19, 25, 30, 37, 45, 53]",19,53
265,2026-01-06T16:55:12.0,2026-01-15T22:32:57.531,"Any[64, 60, 56, 45, 37, 30, 25, 19, 13, 8]",64,8
404,2026-01-06T17:10:10.238,2026-01-15T22:47:55.769,"Any[60, 56, 45, 37, 30, 25]",60,25
324,2026-01-06T17:11:02.0,2026-01-15T22:48:47.531,"Any[60, 56, 45, 37, 30, 25]",60,25
735,2026-01-06T17:11:02.0,2026-01-08T22:48:47.531,"Any[60, 56, 45, 37, 30, 25]",60,25
722,2026-01-06T17:13:02.0,2026-01-15T22:50:47.531,"Any[7, 8, 13, 19, 25, 30, 37, 45]",7,45
131,2026-01-06T17:28:51.446,2026-01-15T23:06:36.977,"Any[56, 45, 37, 30, 25]",56,25
997,2026-01-06T17:36:02.0,2026-01-15T23:13:47.531,"Any[6, 11, 19, 25, 30, 37, 45]",6,45
1361,2026-01-06T17:39:56.0,2026-01-15T23:17:41.531,"Any[56, 45, 37, 30, 25, 19, 11, 6]",56,6
1362,2026-01-06T17:39:56.0,2026-01-08T23:17:41.531,"Any[56, 45, 37, 30, 25, 19, 11, 6]",56,6
480,2026-01-06T17:51:54.0,2026-01-08T23:29:39.531,"Any[64, 56, 45, 37, 30, 25, 19, 11, 6]",64,6
1067,2026-01-06T17:51:54.0,2026-01-15T23:29:39.531,"Any[64, 56, 45, 37, 30, 25, 19, 11, 6]",64,6
626,2026-01-06T18:18:41.0,2026-01-08T23:56:26.531,"Any[64, 60, 56, 45, 37, 30, 25, 19, 11, 6]",64,6
479,2026-01-06T18:19:44.0,2026-01-15T23:57:29.531,"Any[53, 45, 37, 30, 25, 19, 11, 6, 1]",53,1
708,2026-01-06T18:19:44.0,2026-01-15T23:57:29.531,"Any[53, 45, 37, 30, 25, 19, 11, 6, 1]",53,1
840,2026-01-06T18:22:58.0,2026-01-16T00:00:43.531,"Any[60, 56, 45, 37, 30, 25, 19, 11, 6]",60,6
160,2026-01-06T18:43:31.556,2026-01-09T00:21:17.087,"Any[60, 56, 45, 37, 30, 25, 19, 11, 6]",60,6
214,2026-01-06T18:49:25.0,2026-01-09T00:27:10.531,"Any[5, 6, 11, 25, 30, 37, 45, 56]",5,56
764,2026-01-06T18:51:12.0,2026-01-09T00:28:57.531,"Any[56, 45, 37, 30, 25, 19, 11, 6, 6]",56,6
1346,2026-01-06T18:51:12.0,2026-01-09T00:28:57.531,"Any[56, 45, 37, 30, 25, 19, 11, 6, 6]",56,6
1187,2026-01-06T19:32:09.0,2026-01-09T01:09:54.531,"Any[10, 19, 25, 30, 37, 45, 53]",10,53
1592,2026-01-06T19:32:09.0,2026-01-16T01:09:54.531,"Any[10, 19, 25, 30, 37, 45, 53]",10,53
805,2026-01-06T19:37:56.0,2026-01-16T01:15:41.531,"Any[8, 13, 19, 25, 30, 37, 45]",8,45
859,2026-01-06T19:37:56.0,2026-01-16T01:15:41.531,"Any[8, 13, 19, 25, 30, 37, 45]",8,45
64,2026-01-06T19:39:26.584,2026-01-16T01:17:12.115,"Any[53, 45, 37, 30, 25]",53,25
152,2026-01-06T19:39:26.584,2026-01-09T01:17:12.115,"Any[53, 45, 37, 30, 25]",53,25
1391,2026-01-06T19:50:28.0,2026-01-16T01:28:13.531,"Any[53, 45, 37, 30, 25, 19, 13, 8]",53,8
803,2026-01-06T20:21:58.0,2026-01-16T01:59:43.531,"Any[7, 8, 13, 19, 25, 30, 37, 45]",7,45
643,2026-01-06T20:38:16.0,2026-01-16T02:16:01.531,"Any[3, 10, 19, 25, 30, 37, 45, 53]",3,53
1536,2026-01-06T21:00:01.0,2026-01-16T02:37:46.531,"Any[1, 6, 11, 19, 23, 28, 36, 44, 54, 60]",1,60
1538,2026-01-06T21:00:01.0,2026-01-09T02:37:46.531,"Any[1, 6, 11, 19, 23, 28, 36, 44, 54, 60]",1,60
1017,2026-01-06T21:07:22.0,2026-01-16T02:45:07.531,"Any[7, 8, 13, 19, 25, 30, 37, 45, 53, 60]",7,60
966,2026-01-06T21:40:26.0,2026-01-09T03:18:11.531,"Any[6, 11, 16, 25, 30, 37, 45, 53]",6,53
1553,2026-01-06T21:40:26.0,2026-01-16T03:18:11.531,"Any[6, 11, 16, 25, 30, 37, 45, 53]",6,53
493,2026-01-06T21:56:27.0,2026-01-16T03:34:12.531,"Any[7, 8, 13, 19, 25, 30, 37, 45, 53]",7,53
50,2026-01-06T22:15:08.0,2026-01-16T03:52:53.531,"Any[60, 56, 45, 37, 30, 25, 19, 11, 10]",60,10
1102,2026-01-06T22:15:08.0,2026-01-09T03:52:53.531,"Any[60, 56, 45, 37, 30, 25, 19, 11, 10]",60,10
447,2026-01-06T22:44:13.18,2026-01-16T04:21:58.711,"Any[10, 19, 25, 30, 37, 45, 53]",10,53
1558,2026-01-06T22:44:13.18,2026-01-09T04:21:58.711,"Any[10, 19, 25, 30, 37, 45, 53]",10,53
886,2026-01-06T22:45:19.0,2026-01-09T04:23:04.531,"Any[1, 6, 11, 19, 25, 30, 37, 45, 56, 60]",1,60
1521,2026-01-06T22:45:19.0,2026-01-16T04:23:04.531,"Any[1, 6, 11, 19, 25, 30, 37, 45, 56, 60]",1,60
581,2026-01-06T22:48:10.0,2026-01-09T04:25:55.531,"Any[60, 53, 45, 37, 30, 25]",60,25
771,2026-01-06T22:48:10.0,2026-01-16T04:25:55.531,"Any[60, 53, 45, 37, 30, 25]",60,25
230,2026-01-06T23:06:21.0,2026-01-09T04:44:06.531,"Any[3, 10, 19, 25, 30, 37, 45, 53]",3,53
834,2026-01-06T23:06:21.0,2026-01-16T04:44:06.531,"Any[3, 10, 19, 25, 30, 37, 45, 53]",3,53
633,2026-01-06T23:07:23.0,2026-01-09T04:45:08.531,"Any[1, 6, 11, 19, 25, 30, 37, 45]",1,45
121,2026-01-06T23:07:24.0,2026-01-16T04:45:09.531,"Any[8, 13, 19, 25, 30, 37, 45, 56]",8,56
842,2026-01-06T23:07:24.0,2026-01-16T04:45:09.531,"Any[8, 13, 19, 25, 30, 37, 45, 56]",8,56
1532,2026-01-06T23:16:17.0,2026-01-16T04:54:02.531,"Any[1, 6, 11, 19, 25, 30, 37, 45, 53, 60]",1,60
196,2026-01-06T23:54:15.0,2026-01-09T05:32:00.531,"Any[64, 53, 45, 37, 30, 25, 19, 10]",64,10
147,2026-01-07T00:16:00.0,2026-01-16T05:53:45.531,"Any[53, 45, 37, 30, 25]",53,25
887,2026-01-07T00:18:40.0,2026-01-09T05:56:25.531,"Any[1, 6, 11, 19, 23, 16, 23, 36, 44, 60]",1,60
1223,2026-01-07T00:18:40.0,2026-01-16T05:56:25.531,"Any[1, 6, 11, 19, 23, 16, 23, 36, 44, 60]",1,60
1126,2026-01-07T00:20:13.0,2026-01-16T05:57:58.531,"Any[1, 6, 11, 19, 23, 36, 44, 54, 60]",1,60
7,2026-01-07T00:29:11.0,2026-01-16T06:06:56.531,"Any[8, 13, 19, 25, 30, 37, 45, 56]",8,56
1420,2026-01-07T00:43:28.0,2026-01-16T06:21:13.531,"Any[53, 45, 37, 30, 25, 19, 11, 6, 1]",53,1
1594,2026-01-07T00:49:57.0,2026-01-09T06:27:42.531,"Any[10, 11, 19, 25, 30, 37, 45, 53]",10,53
1463,2026-01-07T02:27:22.0,2026-01-16T08:05:07.531,"Any[19, 25, 30, 37, 45, 56]",19,56
1073,2026-01-07T02:33:11.0,2026-01-09T08:10:56.531,"Any[64, 53, 45, 37, 30, 25, 19, 13, 8]",64,8
843,2026-01-07T02:35:35.0,2026-01-09T08:13:20.531,"Any[53, 45, 37, 30, 25, 19, 11, 6, 1]",53,1
1413,2026-01-07T02:50:42.0,2026-01-16T08:28:27.531,"Any[53, 45, 37, 30, 25, 19, 11, 6, 1]",53,1
1150,2026-01-07T02:56:48.0,2026-01-16T08:34:33.531,"Any[19, 25, 30, 37, 45, 56]",19,56
1036,2026-01-07T05:04:31.0,2026-01-09T10:42:16.531,"Any[62, 45, 37, 30, 25, 19, 11, 6]",62,6
453,2026-01-07T05:10:57.0,2026-01-09T10:48:42.531,"Any[56, 45, 37, 30, 25]",56,25
1213,2026-01-07T06:43:48.0,2026-01-09T12:21:33.531,"Any[53, 45, 37, 30, 25, 19, 13, 8]",53,8
689,2026-01-07T06:53:21.0,2026-01-16T12:31:06.531,"Any[8, 13, 19, 25, 30, 37, 45, 56]",8,56
734,2026-01-07T06:53:21.0,2026-01-09T12:31:06.531,"Any[8, 13, 19, 25, 30, 37, 45, 56]",8,56
1210,2026-01-07T06:53:21.0,2026-01-16T12:31:06.531,"Any[8, 13, 19, 25, 30, 37, 45, 56]",8,56
448,2026-01-07T07:36:16.0,2026-01-16T13:14:01.531,"Any[8, 13, 19, 25, 30, 37, 45, 56]",8,56
1226,2026-01-07T07:36:16.0,2026-01-16T13:14:01.531,"Any[8, 13, 19, 25, 30, 37, 45, 56]",8,56
133,2026-01-07T07:37:17.0,2026-01-16T13:15:02.531,"Any[8, 13, 19, 25, 30, 37, 45]",8,45
532,2026-01-07T07:37:17.0,2026-01-09T13:15:02.531,"Any[8, 13, 19, 25, 30, 37, 45]",8,45
375,2026-01-07T07:40:54.0,2026-01-09T13:18:39.531,"Any[64, 53, 45, 37, 30, 25, 19, 10]",64,10
1108,2026-01-07T08:31:21.0,2026-01-16T14:09:06.531,"Any[8, 13, 19, 25, 30, 37, 45, 56]",8,56
1489,2026-01-07T08:31:21.0,2026-01-16T14:09:06.531,"Any[8, 13, 19, 25, 30, 37, 45, 56]",8,56
421,2026-01-07T08:49:55.0,2026-01-09T14:27:40.531,"Any[6, 11, 16, 25, 30, 37, 45]",6,45
927,2026-01-07T08:55:06.0,2026-01-16T14:32:51.531,"Any[8, 13, 19, 25, 30, 37, 45, 56]",8,56
1428,2026-01-07T08:55:26.0,2026-01-09T14:33:11.531,"Any[53, 45, 37, 30, 25, 19, 11, 6, 1]",53,1
346,2026-01-07T08:57:51.0,2026-01-16T14:35:36.531,"Any[53, 45, 37, 30, 25, 19, 13, 8]",53,8
344,2026-01-07T09:14:49.0,2026-01-16T14:52:34.531,"Any[8, 13, 19, 25, 30, 37, 45, 56]",8,56
352,2026-01-07T09:14:49.0,2026-01-09T14:52:34.531,"Any[8, 13, 19, 25, 30, 37, 45, 56]",8,56
913,2026-01-07T09:31:50.516,2026-01-16T15:09:36.047,"Any[53, 45, 37, 30, 25, 19, 11, 6, 1]",53,1
212,2026-01-07T10:10:05.0,2026-01-16T15:47:50.531,"Any[56, 45, 37, 30, 25]",56,25
213,2026-01-07T10:10:05.0,2026-01-16T15:47:50.531,"Any[56, 45, 37, 30, 25]",56,25
930,2026-01-07T10:35:30.0,2026-01-16T16:13:15.531,"Any[19, 25, 30, 37, 45, 53]",19,53
8,2026-01-07T10:42:23.0,2026-01-09T16:20:08.531,"Any[6, 11, 19, 25, 30, 37, 45]",6,45
1353,2026-01-07T10:44:14.601,2026-01-16T16:22:00.132,"Any[56, 45, 37, 30, 25, 19, 11, 6]",56,6
713,2026-01-07T10:50:52.0,2026-01-09T16:28:37.531,"Any[53, 45, 37, 30, 25]",53,25
74,2026-01-07T10:53:18.0,2026-01-09T16:31:03.531,"Any[3, 6, 11, 19, 25, 30, 37, 45]",3,45
473,2026-01-07T10:54:11.0,2026-01-16T16:31:56.531,"Any[6, 11, 19, 25, 30, 37, 45]",6,45
531,2026-01-07T10:54:11.0,2026-01-09T16:31:56.531,"Any[6, 11, 19, 25, 30, 37, 45]",6,45
96,2026-01-07T11:04:29.0,2026-01-16T16:42:14.531,"Any[53, 45, 37, 30, 25, 19, 10]",53,10
717,2026-01-07T11:36:42.548,2026-01-16T17:14:28.079,"Any[60, 56, 45, 37, 30, 25, 19, 11, 6]",60,6
1170,2026-01-07T11:38:26.0,2026-01-09T17:16:11.531,"Any[53, 45, 37, 30, 25, 19, 13, 8]",53,8
337,2026-01-07T11:41:42.047,2026-01-16T17:19:27.578,"Any[64, 60, 53, 45, 37, 30, 25, 19, 10]",64,10
135,2026-01-07T11:55:52.0,2026-01-09T17:33:37.531,"Any[6, 11, 19, 25, 30, 37, 45]",6,45
780,2026-01-07T11:58:47.0,2026-01-16T17:36:32.531,"Any[53, 45, 37, 30, 25, 19, 13, 8]",53,8
1409,2026-01-07T11:58:47.0,2026-01-16T17:36:32.531,"Any[53, 45, 37, 30, 25, 19, 13, 8]",53,8
677,2026-01-07T12:04:25.666,2026-01-16T17:42:11.197,"Any[64, 53, 45, 37, 30, 25, 19, 10]",64,10
1193,2026-01-07T12:18:47.0,2026-01-09T17:56:32.531,"Any[64, 60, 56, 45, 37, 30, 25]",64,25
1089,2026-01-07T12:20:51.216,2026-01-09T17:58:36.747,"Any[62, 45, 37, 30, 25, 19, 14, 13, 14]",62,14
945,2026-01-07T13:00:00.0,2026-01-09T18:37:45.531,"Any[8, 13, 19, 25, 30, 37, 45]",8,45
125,2026-01-07T13:06:44.256,2026-01-16T18:44:29.787,"Any[54, 44, 36, 23, 19, 13, 8, 7]",54,7
924,2026-01-07T13:06:44.256,2026-01-09T18:44:29.787,"Any[54, 44, 36, 23, 19, 13, 8, 7]",54,7
866,2026-01-07T13:15:15.0,2026-01-16T18:53:00.531,"Any[60, 53, 45, 37, 30, 25]",60,25
821,2026-01-07T13:53:48.931,2026-01-16T19:31:34.462,"Any[9, 15, 26, 31, 36, 44, 54]",9,54
1066,2026-01-07T13:53:48.931,2026-01-09T19:31:34.462,"Any[9, 15, 26, 31, 36, 44, 54]",9,54
564,2026-01-07T14:15:02.0,2026-01-09T19:52:47.531,"Any[64, 60, 53, 45, 37, 30, 25, 19, 11, 6]",64,6
1460,2026-01-07T14:16:28.0,2026-01-09T19:54:13.531,"Any[19, 25, 30, 37, 45, 56]",19,56
291,2026-01-07T14:30:45.0,2026-01-09T20:08:30.531,"Any[6, 11, 19, 25, 30, 37, 45]",6,45
1006,2026-01-07T14:30:45.0,2026-01-16T20:08:30.531,"Any[6, 11, 19, 25, 30, 37, 45]",6,45
1349,2026-01-07T14:33:52.0,2026-01-16T20:11:37.531,"Any[56, 45, 37, 30, 25, 19, 11, 6]",56,6
1005,2026-01-07T14:39:48.0,2026-01-09T20:17:33.531,"Any[6, 11, 19, 25, 30, 37, 45]",6,45
274,2026-01-07T15:05:08.941,2026-01-09T20:42:54.472,"Any[62, 45, 37, 30, 25, 19, 11, 6]",62,6
809,2026-01-07T15:05:08.941,2026-01-09T20:42:54.472,"Any[62, 45, 37, 30, 25, 19, 11, 6]",62,6
538,2026-01-07T15:14:19.726,2026-01-09T20:52:05.257,"Any[6, 11, 25, 30, 37, 45]",6,45
1141,2026-01-07T15:24:01.0,2026-01-16T21:01:46.531,"Any[53, 45, 37, 30, 25, 19, 13, 8]",53,8
1379,2026-01-07T15:24:01.0,2026-01-16T21:01:46.531,"Any[53, 45, 37, 30, 25, 19, 13, 8]",53,8
738,2026-01-07T15:50:58.0,2026-01-09T21:28:43.531,"Any[56, 45, 37, 30, 25, 19, 11, 6]",56,6
1200,2026-01-07T15:50:58.0,2026-01-16T21:28:43.531,"Any[56, 45, 37, 30, 25, 19, 11, 6]",56,6
1343,2026-01-07T15:50:58.0,2026-01-09T21:28:43.531,"Any[56, 45, 37, 30, 25, 19, 11, 6]",56,6
1355,2026-01-07T15:50:58.0,2026-01-09T21:28:43.531,"Any[56, 45, 37, 30, 25, 19, 11, 6]",56,6
79,2026-01-07T15:56:39.0,2026-01-09T21:34:24.531,"Any[60, 56, 45, 37, 30, 25, 19, 11, 6]",60,6
668,2026-01-07T16:12:16.977,2026-01-09T21:50:02.508,"Any[5, 6, 11, 19, 25, 30, 37, 45, 56]",5,56
138,2026-01-07T16:26:20.0,2026-01-09T22:04:05.531,"Any[53, 45, 37, 30, 25, 19, 13, 8]",53,8
54,2026-01-07T16:31:49.0,2026-01-09T22:09:34.531,"Any[60, 53, 45, 37, 30, 25, 19, 10]",60,10
1292,2026-01-07T16:31:49.0,2026-01-09T22:09:34.531,"Any[60, 53, 45, 37, 30, 25, 19, 10]",60,10
1305,2026-01-07T16:31:49.0,2026-01-16T22:09:34.531,"Any[60, 53, 45, 37, 30, 25, 19, 10]",60,10
377,2026-01-07T16:45:20.0,2026-01-09T22:23:05.531,"Any[45, 37, 30, 25]",45,25
608,2026-01-07T16:47:57.0,2026-01-16T22:25:42.531,"Any[6, 11, 19, 25, 30, 37, 45]",6,45
641,2026-01-07T16:47:57.0,2026-01-09T22:25:42.531,"Any[6, 11, 19, 25, 30, 37, 45]",6,45
235,2026-01-07T16:50:47.0,2026-01-16T22:28:32.531,"Any[10, 19, 25, 30, 37, 45, 53]",10,53
567,2026-01-07T16:52:12.0,2026-01-16T22:29:57.531,"Any[8, 13, 19, 25, 30, 37, 45, 56]",8,56
759,2026-01-07T16:55:17.0,2026-01-09T22:33:02.531,"Any[64, 56, 45, 37, 30, 25, 19, 11, 6]",64,6
857,2026-01-07T16:59:54.0,2026-01-09T22:37:39.531,"Any[1, 6, 11, 16, 19, 25, 30, 37, 45, 56, 60, 64]",1,64
1320,2026-01-07T17:16:43.0,2026-01-09T22:54:28.531,"Any[56, 45, 37, 30, 25, 19, 11, 6]",56,6
1510,2026-01-07T17:20:02.0,2026-01-09T22:57:47.531,"Any[8, 13, 19, 25, 30, 37, 45, 56]",8,56
1423,2026-01-07T17:21:55.0,2026-01-16T22:59:40.531,"Any[53, 45, 37, 30, 25, 19, 11, 6, 1]",53,1
1422,2026-01-07T17:34:15.0,2026-01-16T23:12:00.531,"Any[53, 45, 37, 30, 25, 19, 11, 6, 1]",53,1
822,2026-01-07T17:41:08.0,2026-01-16T23:18:53.531,"Any[3, 10, 19, 25, 30, 37, 45, 53]",3,53
35,2026-01-07T17:46:59.345,2026-01-16T23:24:44.876,"Any[64, 60, 56, 45, 37, 30, 25, 19]",64,19
684,2026-01-07T18:26:16.899,2026-01-10T00:04:02.43,"Any[7, 8, 13, 19, 25, 30, 37, 45]",7,45
1134,2026-01-07T18:26:16.899,2026-01-10T00:04:02.43,"Any[7, 8, 13, 19, 25, 30, 37, 45]",7,45
1042,2026-01-07T18:57:28.0,2026-01-10T00:35:13.531,"Any[4, 10, 19, 25, 30, 37, 45, 53]",4,53
314,2026-01-07T19:23:14.811,2026-01-10T01:01:00.342,"Any[53, 45, 37, 30, 25, 19, 10]",53,10
386,2026-01-07T19:41:47.611,2026-01-17T01:19:33.142,"Any[53, 45, 37, 30, 25, 19, 13, 8]",53,8
380,2026-01-07T19:42:23.0,2026-01-10T01:20:08.531,"Any[7, 8, 13, 19, 25, 30, 37, 45, 53]",7,53
655,2026-01-07T19:42:23.0,2026-01-17T01:20:08.531,"Any[7, 8, 13, 19, 25, 30, 37, 45, 53]",7,53
284,2026-01-07T19:56:06.0,2026-01-10T01:33:51.531,"Any[53, 45, 37, 30, 25, 19, 11, 6, 1]",53,1
1070,2026-01-07T19:56:06.0,2026-01-17T01:33:51.531,"Any[53, 45, 37, 30, 25, 19, 11, 6, 1]",53,1
1088,2026-01-07T19:56:06.0,2026-01-10T01:33:51.531,"Any[53, 45, 37, 30, 25, 19, 11, 6, 1]",53,1
936,2026-01-07T20:00:58.0,2026-01-10T01:38:43.531,"Any[8, 13, 19, 25, 30, 37, 45]",8,45
762,2026-01-07T21:02:40.0,2026-01-10T02:40:25.531,"Any[53, 45, 37, 30, 25]",53,25
30,2026-01-07T21:13:17.0,2026-01-17T02:51:02.531,"Any[1, 6, 11, 19, 23, 36, 44, 54, 60]",1,60
828,2026-01-07T21:13:17.0,2026-01-17T02:51:02.531,"Any[1, 6, 11, 19, 23, 36, 44, 54, 60]",1,60
1539,2026-01-07T21:13:17.0,2026-01-10T02:51:02.531,"Any[1, 6, 11, 19, 23, 36, 44, 54, 60]",1,60
1205,2026-01-07T21:29:16.0,2026-01-10T03:07:01.531,"Any[8, 13, 19, 30, 37, 45, 56]",8,56
1507,2026-01-07T21:29:16.0,2026-01-17T03:07:01.531,"Any[8, 13, 19, 30, 37, 45, 56]",8,56
1194,2026-01-07T21:45:02.196,2026-01-17T03:22:47.727,"Any[19, 25, 30, 37, 45, 56]",19,56
1459,2026-01-07T21:45:02.196,2026-01-10T03:22:47.727,"Any[19, 25, 30, 37, 45, 56]",19,56
56,2026-01-07T22:01:53.303,2026-01-10T03:39:38.834,"Any[8, 13, 19, 25, 30, 37, 45, 56, 60]",8,60
673,2026-01-07T22:01:53.303,2026-01-10T03:39:38.834,"Any[8, 13, 19, 25, 30, 37, 45, 56, 60]",8,60
810,2026-01-07T22:05:00.0,2026-01-10T03:42:45.531,"Any[7, 8, 13, 19, 25, 30, 37, 45, 53, 60]",7,60
813,2026-01-07T22:05:00.0,2026-01-10T03:42:45.531,"Any[7, 8, 13, 19, 25, 30, 37, 45, 53, 60]",7,60
1181,2026-01-07T22:05:00.0,2026-01-17T03:42:45.531,"Any[7, 8, 13, 19, 25, 30, 37, 45, 53, 60]",7,60
649,2026-01-07T22:08:51.0,2026-01-10T03:46:36.531,"Any[8, 13, 19, 25, 30, 37, 45, 56]",8,56
469,2026-01-07T22:09:13.0,2026-01-10T03:46:58.531,"Any[53, 45, 37, 30, 25, 19, 13, 8]",53,8
1394,2026-01-07T22:09:13.0,2026-01-17T03:46:58.531,"Any[53, 45, 37, 30, 25, 19, 13, 8]",53,8
13,2026-01-07T22:10:13.0,2026-01-10T03:47:58.531,"Any[7, 8, 13, 19, 25, 30, 37, 45, 53]",7,53
950,2026-01-07T22:10:13.0,2026-01-10T03:47:58.531,"Any[7, 8, 13, 19, 25, 30, 37, 45, 53]",7,53
67,2026-01-07T22:14:28.0,2026-01-10T03:52:13.531,"Any[13, 25, 30, 37, 45, 56]",13,56
216,2026-01-07T22:21:04.0,2026-01-10T03:58:49.531,"Any[7, 8, 13, 19, 25, 30, 37, 45, 56]",7,56
288,2026-01-07T22:23:05.049,2026-01-10T04:00:50.58,"Any[60, 56, 45, 37, 30, 25, 19, 11, 6]",60,6
1491,2026-01-07T22:26:09.0,2026-01-17T04:03:54.531,"Any[8, 13, 19, 25, 30, 37, 45, 56]",8,56
1506,2026-01-07T22:26:09.0,2026-01-17T04:03:54.531,"Any[8, 13, 19, 25, 30, 37, 45, 56]",8,56
379,2026-01-07T22:58:17.0,2026-01-10T04:36:02.531,"Any[53, 45, 37, 30, 25]",53,25
414,2026-01-07T23:03:00.0,2026-01-10T04:40:45.531,"Any[1, 6, 11, 19, 25, 30, 37, 45, 56]",1,56
1020,2026-01-07T23:04:06.0,2026-01-17T04:41:51.531,"Any[8, 13, 19, 25, 30, 37, 45, 56]",8,56
1430,2026-01-07T23:16:35.0,2026-01-17T04:54:20.531,"Any[53, 45, 37, 30, 25, 19, 11, 6, 1]",53,1
1080,2026-01-07T23:17:39.0,2026-01-17T04:55:24.531,"Any[7, 8, 13, 19, 25, 30, 37, 45, 53, 60]",7,60
915,2026-01-07T23:41:44.0,2026-01-10T05:19:29.531,"Any[45, 37, 30, 25, 19, 10]",45,10
989,2026-01-08T00:03:23.0,2026-01-10T05:41:08.531,"Any[53, 45, 37, 30, 25, 19, 11, 6, 1]",53,1
281,2026-01-08T00:04:34.0,2026-01-17T05:42:19.531,"Any[19, 25, 30, 37, 45, 53]",19,53
510,2026-01-08T00:04:34.0,2026-01-17T05:42:19.531,"Any[19, 25, 30, 37, 45, 53]",19,53
994,2026-01-08T00:08:56.565,2026-01-10T05:46:42.096,"Any[61, 53, 45, 37, 30, 25, 19, 11, 6]",61,6
1167,2026-01-08T00:33:19.0,2026-01-10T06:11:04.531,"Any[60, 53, 45, 37, 30, 25, 19, 10]",60,10
1372,2026-01-08T00:51:35.897,2026-01-17T06:29:21.428,"Any[53, 45, 37, 30, 25, 19, 13, 8]",53,8
1559,2026-01-08T01:25:01.0,2026-01-17T07:02:46.531,"Any[10, 19, 25, 30, 37, 45, 53]",10,53
116,2026-01-08T01:39:31.0,2026-01-17T07:17:16.531,"Any[53, 45, 37, 30, 25, 19, 11, 6, 1]",53,1
159,2026-01-08T01:44:25.0,2026-01-17T07:22:10.531,"Any[53, 45, 37, 30, 25, 19, 11, 6, 1]",53,1
837,2026-01-08T01:44:25.0,2026-01-17T07:22:10.531,"Any[53, 45, 37, 30, 25, 19, 11, 6, 1]",53,1
1425,2026-01-08T01:44:25.0,2026-01-17T07:22:10.531,"Any[53, 45, 37, 30, 25, 19, 11, 6, 1]",53,1
1081,2026-01-08T02:03:00.0,2026-01-17T07:40:45.531,"Any[64, 53, 45, 37, 30, 25, 19, 13, 8]",64,8
1570,2026-01-08T02:10:04.0,2026-01-17T07:47:49.531,"Any[10, 19, 25, 30, 37, 45, 53]",10,53
1238,2026-01-08T02:11:44.0,2026-01-17T07:49:29.531,"Any[8, 13, 19, 25, 30, 37, 45, 56]",8,56
1474,2026-01-08T02:11:44.0,2026-01-17T07:49:29.531,"Any[8, 13, 19, 25, 30, 37, 45, 56]",8,56
939,2026-01-08T02:18:59.0,2026-01-10T07:56:44.531,"Any[64, 60, 53, 45, 37, 30, 25, 19, 10]",64,10
766,2026-01-08T02:43:56.0,2026-01-17T08:21:41.531,"Any[53, 45, 37, 30, 25, 19, 10]",53,10
145,2026-01-08T04:31:06.0,2026-01-17T10:08:51.531,"Any[19, 25, 30, 37, 45, 53]",19,53
345,2026-01-08T04:31:06.0,2026-01-10T10:08:51.531,"Any[19, 25, 30, 37, 45, 53]",19,53
751,2026-01-08T05:24:46.0,2026-01-17T11:02:31.531,"Any[19, 30, 37, 45, 56]",19,56
1105,2026-01-08T05:24:46.0,2026-01-17T11:02:31.531,"Any[19, 30, 37, 45, 56]",19,56
891,2026-01-08T05:35:11.0,2026-01-17T11:12:56.531,"Any[8, 13, 19, 25, 30, 37, 45, 56, 60, 64]",8,64
621,2026-01-08T05:40:27.0,2026-01-10T11:18:12.531,"Any[19, 25, 30, 37, 45, 53, 60]",19,60
1443,2026-01-08T05:40:27.0,2026-01-10T11:18:12.531,"Any[19, 25, 30, 37, 45, 53, 60]",19,60
1454,2026-01-08T05:40:27.0,2026-01-17T11:18:12.531,"Any[19, 25, 30, 37, 45, 53, 60]",19,60
482,2026-01-08T06:46:00.0,2026-01-17T12:23:45.531,"Any[64, 60, 53, 45, 37, 30, 25, 19, 11, 6, 1]",64,1
628,2026-01-08T06:46:00.0,2026-01-10T12:23:45.531,"Any[64, 60, 53, 45, 37, 30, 25, 19, 11, 6, 1]",64,1
398,2026-01-08T07:06:37.0,2026-01-10T12:44:22.531,"Any[17, 25, 30, 37, 45, 53, 60]",17,60
727,2026-01-08T07:06:37.0,2026-01-17T12:44:22.531,"Any[17, 25, 30, 37, 45, 53, 60]",17,60
1241,2026-01-08T07:06:37.0,2026-01-10T12:44:22.531,"Any[17, 25, 30, 37, 45, 53, 60]",17,60
151,2026-01-08T07:15:58.0,2026-01-10T12:53:43.531,"Any[60, 56, 45, 37, 30, 25, 19, 11, 6]",60,6
1013,2026-01-08T07:28:09.041,2026-01-17T13:05:54.572,"Any[53, 45, 37, 30, 25, 19, 10]",53,10
1367,2026-01-08T07:40:57.0,2026-01-10T13:18:42.531,"Any[56, 45, 37, 30, 25, 19, 10]",56,10
29,2026-01-08T07:48:44.0,2026-01-17T13:26:29.531,"Any[56, 45, 37, 30, 25]",56,25
1232,2026-01-08T07:58:11.0,2026-01-10T13:35:56.531,"Any[53, 45, 37, 30, 25, 19, 11, 6, 1]",53,1
1048,2026-01-08T08:12:01.0,2026-01-17T13:49:46.531,"Any[19, 25, 30, 37, 45, 53]",19,53
949,2026-01-08T08:12:30.0,2026-01-10T13:50:15.531,"Any[19, 25, 30, 37, 45, 53]",19,53
430,2026-01-08T08:15:43.0,2026-01-10T13:53:28.531,"Any[1, 6, 11, 19, 25, 30, 37, 45, 56]",1,56
390,2026-01-08T09:03:04.104,2026-01-17T14:40:49.635,"Any[60, 56, 45, 37, 30, 25, 19, 11, 6]",60,6
122,2026-01-08T09:22:31.0,2026-01-17T15:00:16.531,"Any[6, 10, 19, 25, 30, 37, 45]",6,45
289,2026-01-08T09:22:31.0,2026-01-10T15:00:16.531,"Any[6, 10, 19, 25, 30, 37, 45]",6,45
188,2026-01-08T09:23:15.0,2026-01-10T15:01:00.531,"Any[64, 53, 45, 37, 30, 25, 19, 10]",64,10
276,2026-01-08T09:37:49.0,2026-01-17T15:15:34.531,"Any[6, 11, 19, 25, 30, 37, 45]",6,45
1511,2026-01-08T10:00:26.0,2026-01-17T15:38:11.531,"Any[8, 13, 19, 25, 30, 37, 45, 56]",8,56
301,2026-01-08T10:19:53.768,2026-01-10T15:57:39.299,"Any[53, 45, 37, 30, 25, 19, 11, 6, 1]",53,1
597,2026-01-08T11:07:22.0,2026-01-17T16:45:07.531,"Any[53, 45, 37, 30, 25, 19, 13, 8]",53,8
99,2026-01-08T11:32:14.0,2026-01-17T17:09:59.531,"Any[64, 60, 53, 45, 37, 30, 25, 19, 10]",64,10
1044,2026-01-08T11:40:29.0,2026-01-10T17:18:14.531,"Any[3, 6, 11, 19, 25, 30, 37, 45, 50, 45, 56]",3,56
1498,2026-01-08T11:44:05.0,2026-01-17T17:21:50.531,"Any[8, 13, 19, 25, 30, 37, 45, 56]",8,56
98,2026-01-08T11:52:50.0,2026-01-10T17:30:35.531,"Any[53, 45, 37, 30, 25, 19, 13, 8]",53,8
741,2026-01-08T12:08:04.0,2026-01-10T17:45:49.531,"Any[53, 45, 37, 30, 25, 19, 10]",53,10
607,2026-01-08T12:30:46.04,2026-01-17T18:08:31.571,"Any[19, 25, 30, 37, 45, 56]",19,56
127,2026-01-08T12:34:04.0,2026-01-10T18:11:49.531,"Any[53, 45, 37, 30, 25, 19, 10]",53,10
268,2026-01-08T12:40:07.0,2026-01-17T18:17:52.531,"Any[6, 11, 19, 25, 30, 37, 45]",6,45
361,2026-01-08T12:40:07.0,2026-01-10T18:17:52.531,"Any[6, 11, 19, 25, 30, 37, 45]",6,45
283,2026-01-08T12:59:19.0,2026-01-10T18:37:04.531,"Any[53, 45, 37, 30, 25]",53,25
1022,2026-01-08T13:25:42.0,2026-01-17T19:03:27.531,"Any[3, 6, 11, 19, 25, 30, 37, 45]",3,45
1449,2026-01-08T13:55:44.0,2026-01-10T19:33:29.531,"Any[19, 25, 30, 37, 45, 56, 60]",19,60
595,2026-01-08T14:08:08.0,2026-01-10T19:45:53.531,"Any[19, 25, 30, 37, 45, 56]",19,56
363,2026-01-08T14:30:46.0,2026-01-10T20:08:31.531,"Any[1, 6, 11, 19, 25, 30, 37, 45, 56]",1,56
663,2026-01-08T14:30:51.0,2026-01-17T20:08:36.531,"Any[19, 25, 30, 37, 45, 56]",19,56
141,2026-01-08T14:35:10.0,2026-01-17T20:12:55.531,"Any[13, 19, 25, 30, 37, 45, 56]",13,56
979,2026-01-08T14:41:44.0,2026-01-17T20:19:29.531,"Any[19, 25, 30, 37, 45, 56]",19,56
1190,2026-01-08T15:05:02.389,2026-01-17T20:42:47.92,"Any[45, 37, 30, 25, 19]",45,19
28,2026-01-08T15:22:30.0,2026-01-17T21:00:15.531,"Any[8, 13, 19, 25, 30, 37, 45, 56]",8,56
231,2026-01-08T15:32:20.324,2026-01-17T21:10:05.855,"Any[6, 11, 19, 25, 30, 37, 45, 53]",6,53
995,2026-01-08T15:32:27.0,2026-01-10T21:10:12.531,"Any[3, 10, 19, 25, 30, 37, 45, 53]",3,53
356,2026-01-08T15:53:49.0,2026-01-17T21:31:34.531,"Any[64, 60, 53, 45, 37, 30, 25, 19, 10]",64,10
39,2026-01-08T16:08:59.421,2026-01-17T21:46:44.952,"Any[1, 6, 11, 19, 25, 30, 37, 45, 56]",1,56
704,2026-01-08T16:17:42.0,2026-01-17T21:55:27.531,"Any[64, 56, 45, 37, 30, 25, 19, 11, 6]",64,6
77,2026-01-08T16:22:08.0,2026-01-10T21:59:53.531,"Any[64, 56, 45, 37, 30, 25, 19, 11, 6]",64,6
498,2026-01-08T16:22:08.0,2026-01-17T21:59:53.531,"Any[64, 56, 45, 37, 30, 25, 19, 11, 6]",64,6
118,2026-01-08T16:29:57.0,2026-01-10T22:07:42.531,"Any[60, 56, 45, 37, 30, 25, 19, 11, 6]",60,6
845,2026-01-08T16:30:11.0,2026-01-10T22:07:56.531,"Any[10, 19, 25, 30, 37, 45, 53]",10,53
1533,2026-01-08T16:39:03.8,2026-01-17T22:16:49.331,"Any[1, 6, 11, 19, 25, 30, 37, 45, 56, 60]",1,60
920,2026-01-08T16:45:22.0,2026-01-17T22:23:07.531,"Any[5, 6, 11, 19, 25, 30, 37, 45]",5,45
1330,2026-01-08T17:04:06.0,2026-01-17T22:41:51.531,"Any[56, 45, 37, 30, 25, 19, 11, 6, 6, 1]",56,6
616,2026-01-08T17:26:22.0,2026-01-10T23:04:07.531,"Any[1, 6, 11, 19, 25, 30, 37, 45, 56, 60]",1,60
627,2026-01-08T17:26:46.913,2026-01-17T23:04:32.444,"Any[1, 6, 11, 19, 25, 30, 37, 45, 56]",1,56
518,2026-01-08T17:36:23.0,2026-01-17T23:14:08.531,"Any[10, 19, 25, 30, 37, 45, 53]",10,53
360,2026-01-08T17:39:27.0,2026-01-10T23:17:12.531,"Any[8, 13, 19, 25, 30, 37, 45, 56]",8,56
487,2026-01-08T17:48:05.0,2026-01-17T23:25:50.531,"Any[8, 13, 19, 25, 30, 37, 45, 56]",8,56
32,2026-01-08T17:49:15.0,2026-01-10T23:27:00.531,"Any[19, 25, 30, 37, 45, 53, 60]",19,60
725,2026-01-08T17:49:15.0,2026-01-17T23:27:00.531,"Any[19, 25, 30, 37, 45, 53, 60]",19,60
962,2026-01-08T17:49:15.0,2026-01-10T23:27:00.531,"Any[19, 25, 30, 37, 45, 53, 60]",19,60
691,2026-01-08T17:53:31.0,2026-01-10T23:31:16.531,"Any[45, 37, 30, 25, 19, 10]",45,10
1136,2026-01-08T17:58:25.0,2026-01-17T23:36:10.531,"Any[6, 11, 19, 25, 30, 37, 45]",6,45
1333,2026-01-08T17:58:27.0,2026-01-10T23:36:12.531,"Any[56, 45, 37, 30, 25, 19, 11, 6, 6, 5, 1, 1]",56,6
790,2026-01-08T18:06:08.553,2026-01-10T23:43:54.084,"Any[8, 13, 19, 25, 30, 37, 45]",8,45
1203,2026-01-08T18:06:08.553,2026-01-10T23:43:54.084,"Any[8, 13, 19, 25, 30, 37, 45]",8,45
908,2026-01-08T18:13:32.0,2026-01-17T23:51:17.531,"Any[10, 19, 25, 30, 37, 45, 53]",10,53
1577,2026-01-08T18:13:32.0,2026-01-10T23:51:17.531,"Any[10, 19, 25, 30, 37, 45, 53]",10,53
6,2026-01-08T18:18:32.0,2026-01-17T23:56:17.531,"Any[19, 25, 30, 37, 45, 56, 60]",19,60
1453,2026-01-08T18:18:32.0,2026-01-17T23:56:17.531,"Any[19, 25, 30, 37, 45, 56, 60]",19,60
559,2026-01-08T18:20:46.0,2026-01-17T23:58:31.531,"Any[60, 53, 45, 37, 30, 25, 19, 13, 8]",60,8
1227,2026-01-08T18:31:33.876,2026-01-11T00:09:19.407,"Any[56, 45, 37, 30, 25, 19, 11, 6]",56,6
1317,2026-01-08T18:31:33.876,2026-01-18T00:09:19.407,"Any[56, 45, 37, 30, 25, 19, 11, 6]",56,6
1324,2026-01-08T18:42:58.0,2026-01-18T00:20:43.531,"Any[56, 45, 37, 30, 25, 19, 11, 6]",56,6
1326,2026-01-08T18:42:58.0,2026-01-11T00:20:43.531,"Any[56, 45, 37, 30, 25, 19, 11, 6]",56,6
1328,2026-01-08T18:42:58.0,2026-01-11T00:20:43.531,"Any[56, 45, 37, 30, 25, 19, 11, 6]",56,6
1256,2026-01-08T18:51:06.0,2026-01-11T00:28:51.531,"Any[10, 19, 25, 30, 37, 45, 53]",10,53
221,2026-01-08T19:23:38.869,2026-01-18T01:01:24.4,"Any[1, 6, 11, 19, 25, 30, 37, 45, 53, 60]",1,60
410,2026-01-08T19:28:43.0,2026-01-11T01:06:28.531,"Any[19, 25, 30, 37, 45, 56]",19,56
1458,2026-01-08T19:28:43.0,2026-01-11T01:06:28.531,"Any[19, 25, 30, 37, 45, 56]",19,56
1087,2026-01-08T19:34:20.0,2026-01-18T01:12:05.531,"Any[60, 53, 45, 37, 30, 25]",60,25
593,2026-01-08T19:35:22.0,2026-01-18T01:13:07.531,"Any[10, 19, 25, 30, 37, 45, 53]",10,53
1582,2026-01-08T19:35:22.0,2026-01-18T01:13:07.531,"Any[10, 19, 25, 30, 37, 45, 53]",10,53
1400,2026-01-08T19:45:22.0,2026-01-18T01:23:07.531,"Any[53, 45, 37, 30, 25, 19, 13, 8]",53,8
1162,2026-01-08T19:56:04.0,2026-01-11T01:33:49.531,"Any[53, 45, 37, 30, 25]",53,25
1377,2026-01-08T19:59:11.0,2026-01-11T01:36:56.531,"Any[53, 45, 37, 30, 25, 19, 13, 8]",53,8
667,2026-01-08T19:59:13.0,2026-01-11T01:36:58.531,"Any[10, 19, 25, 30, 37, 45, 53]",10,53
1047,2026-01-08T19:59:13.0,2026-01-18T01:36:58.531,"Any[10, 19, 25, 30, 37, 45, 53]",10,53
1096,2026-01-08T19:59:13.0,2026-01-11T01:36:58.531,"Any[10, 19, 25, 30, 37, 45, 53]",10,53
1103,2026-01-08T19:59:13.0,2026-01-18T01:36:58.531,"Any[10, 19, 25, 30, 37, 45, 53]",10,53
1557,2026-01-08T20:13:59.0,2026-01-18T01:51:44.531,"Any[10, 11, 19, 25, 30, 37, 45, 53]",10,53
1376,2026-01-08T20:17:50.0,2026-01-18T01:55:35.531,"Any[53, 45, 37, 30, 25, 19, 13, 8]",53,8
217,2026-01-08T20:41:14.0,2026-01-18T02:18:59.531,"Any[53, 45, 37, 30, 25, 19, 13, 8]",53,8
1250,2026-01-08T20:43:02.0,2026-01-18T02:20:47.531,"Any[10, 19, 25, 30, 37, 45, 53]",10,53
869,2026-01-08T20:43:21.0,2026-01-18T02:21:06.531,"Any[53, 45, 37, 30, 25, 19, 11, 6, 1]",53,1
457,2026-01-08T20:52:04.0,2026-01-11T02:29:49.531,"Any[6, 11, 19, 25, 30, 37, 45]",6,45
83,2026-01-08T20:55:05.0,2026-01-11T02:32:50.531,"Any[10, 19, 25, 30, 37, 45, 53]",10,53
93,2026-01-08T21:04:30.0,2026-01-11T02:42:15.531,"Any[60, 53, 45, 37, 30, 25]",60,25
935,2026-01-08T21:04:30.0,2026-01-11T02:42:15.531,"Any[60, 53, 45, 37, 30, 25]",60,25
592,2026-01-08T21:43:20.0,2026-01-18T03:21:05.531,"Any[10, 19, 25, 30, 37, 45, 53]",10,53
20,2026-01-08T22:11:39.0,2026-01-11T03:49:24.531,"Any[10, 19, 25, 30, 37, 45, 53]",10,53
654,2026-01-08T22:11:39.0,2026-01-18T03:49:24.531,"Any[10, 19, 25, 30, 37, 45, 53]",10,53
1560,2026-01-08T22:11:39.0,2026-01-11T03:49:24.531,"Any[10, 19, 25, 30, 37, 45, 53]",10,53
1590,2026-01-08T22:11:39.0,2026-01-18T03:49:24.531,"Any[10, 19, 25, 30, 37, 45, 53]",10,53
384,2026-01-08T22:29:17.0,2026-01-11T04:07:02.531,"Any[56, 45, 37, 30, 25, 19, 11, 6]",56,6
1314,2026-01-08T22:29:17.0,2026-01-18T04:07:02.531,"Any[56, 45, 37, 30, 25, 19, 11, 6]",56,6
1106,2026-01-08T22:35:51.065,2026-01-11T04:13:36.596,"Any[53, 45, 37, 30, 25, 19, 13, 8]",53,8
753,2026-01-08T22:40:40.0,2026-01-11T04:18:25.531,"Any[53, 45, 37, 30, 25, 19, 11, 6, 1]",53,1
87,2026-01-08T22:52:19.0,2026-01-11T04:30:04.531,"Any[60, 56, 45, 37, 30, 25, 19, 11, 6]",60,6
1098,2026-01-08T23:00:08.0,2026-01-11T04:37:53.531,"Any[19, 25, 30, 37, 45, 56]",19,56
303,2026-01-08T23:26:35.0,2026-01-18T05:04:20.531,"Any[8, 13, 19, 25, 30, 37, 45, 56]",8,56
848,2026-01-08T23:26:35.0,2026-01-11T05:04:20.531,"Any[8, 13, 19, 25, 30, 37, 45, 56]",8,56
330,2026-01-08T23:35:26.732,2026-01-18T05:13:12.263,"Any[53, 45, 37, 30, 25, 19, 11, 6, 1]",53,1
31,2026-01-08T23:40:21.0,2026-01-18T05:18:06.531,"Any[8, 13, 19, 25, 30, 37, 45]",8,45
1380,2026-01-09T00:02:59.0,2026-01-11T05:40:44.531,"Any[53, 45, 37, 30, 25, 19, 13, 8]",53,8
931,2026-01-09T00:15:22.0,2026-01-11T05:53:07.531,"Any[8, 13, 19, 25, 30, 37, 45, 56]",8,56
1490,2026-01-09T00:15:22.0,2026-01-18T05:53:07.531,"Any[8, 13, 19, 25, 30, 37, 45, 56]",8,56
552,2026-01-09T00:22:05.0,2026-01-18T05:59:50.531,"Any[56, 45, 37, 30, 25, 16]",56,16
376,2026-01-09T00:26:36.0,2026-01-11T06:04:21.531,"Any[53, 45, 37, 30, 25, 19, 11, 6, 1]",53,1
72,2026-01-09T00:53:45.0,2026-01-11T06:31:30.531,"Any[53, 45, 37, 30, 25, 19, 10]",53,10
851,2026-01-09T01:08:55.0,2026-01-18T06:46:40.531,"Any[64, 60, 53, 45, 37, 30, 25, 19, 10]",64,10
348,2026-01-09T01:11:54.0,2026-01-18T06:49:39.531,"Any[64, 60, 53, 45, 37, 30, 25, 19, 13, 8]",64,8
18,2026-01-09T01:13:47.0,2026-01-18T06:51:32.531,"Any[6, 11, 25, 30, 37, 45, 53]",6,53
300,2026-01-09T01:13:47.0,2026-01-18T06:51:32.531,"Any[6, 11, 25, 30, 37, 45, 53]",6,53
1046,2026-01-09T01:13:47.0,2026-01-18T06:51:32.531,"Any[6, 11, 25, 30, 37, 45, 53]",6,53
1109,2026-01-09T01:16:37.0,2026-01-11T06:54:22.531,"Any[8, 13, 19, 25, 30, 37, 45, 56]",8,56
1186,2026-01-09T01:16:37.0,2026-01-11T06:54:22.531,"Any[8, 13, 19, 25, 30, 37, 45, 56]",8,56
389,2026-01-09T01:23:51.0,2026-01-18T07:01:36.531,"Any[53, 45, 37, 30, 25, 19, 13, 8]",53,8
578,2026-01-09T01:28:20.904,2026-01-11T07:06:06.435,"Any[10, 19, 25, 30, 37, 45, 53]",10,53
1578,2026-01-09T01:28:20.904,2026-01-18T07:06:06.435,"Any[10, 19, 25, 30, 37, 45, 53]",10,53
1427,2026-01-09T02:19:24.0,2026-01-18T07:57:09.531,"Any[53, 45, 37, 30, 25, 19, 11, 6, 1]",53,1
173,2026-01-09T03:08:33.0,2026-01-18T08:46:18.531,"Any[53, 45, 37, 30, 25, 19, 11, 6, 1]",53,1
1366,2026-01-09T03:48:37.0,2026-01-11T09:26:22.531,"Any[56, 45, 37, 30, 25, 19, 10]",56,10
1301,2026-01-09T04:54:43.0,2026-01-18T10:32:28.531,"Any[60, 53, 45, 37, 30, 25, 19, 10]",60,10
577,2026-01-09T05:44:55.0,2026-01-18T11:22:40.531,"Any[64, 60, 53, 45, 37, 30, 25, 19, 11, 6, 1]",64,1
1473,2026-01-09T06:00:15.0,2026-01-11T11:38:00.531,"Any[8, 13, 19, 25, 30, 37, 45, 56]",8,56
951,2026-01-09T06:13:01.0,2026-01-18T11:50:46.531,"Any[1, 6, 11, 19, 25, 30, 37, 45, 56]",1,56
200,2026-01-09T06:18:52.0,2026-01-18T11:56:37.531,"Any[19, 25, 30, 37, 45, 56]",19,56
1457,2026-01-09T06:18:52.0,2026-01-11T11:56:37.531,"Any[19, 25, 30, 37, 45, 56]",19,56
1246,2026-01-09T06:27:21.0,2026-01-11T12:05:06.531,"Any[64, 60, 53, 45, 37, 30, 25, 19, 11, 6, 1]",64,1
128,2026-01-09T06:39:06.0,2026-01-11T12:16:51.531,"Any[19, 25, 30, 37, 45, 56]",19,56
250,2026-01-09T06:48:36.0,2026-01-18T12:26:21.531,"Any[10, 19, 25, 30, 37, 45, 53]",10,53
275,2026-01-09T06:51:04.0,2026-01-11T12:28:49.531,"Any[1, 6, 11, 16, 25, 30, 37, 45, 56]",1,56
465,2026-01-09T06:51:04.0,2026-01-18T12:28:49.531,"Any[1, 6, 11, 16, 25, 30, 37, 45, 56]",1,56
1115,2026-01-09T07:16:23.0,2026-01-11T12:54:08.531,"Any[53, 45, 37, 30, 25, 19, 10]",53,10
1161,2026-01-09T07:16:23.0,2026-01-11T12:54:08.531,"Any[53, 45, 37, 30, 25, 19, 10]",53,10
124,2026-01-09T07:18:12.767,2026-01-18T12:55:58.298,"Any[64, 56, 45, 37, 30, 25, 19, 11, 6]",64,6
436,2026-01-09T07:50:18.0,2026-01-18T13:28:03.531,"Any[14, 19, 25, 30, 37, 45, 53]",14,53
1410,2026-01-09T08:08:21.619,2026-01-18T13:46:07.15,"Any[53, 45, 37, 30, 25, 19, 13, 8]",53,8
699,2026-01-09T08:30:22.0,2026-01-11T14:08:07.531,"Any[54, 44, 36, 23, 19, 11, 6]",54,6
576,2026-01-09T08:43:41.0,2026-01-18T14:21:26.531,"Any[6, 11, 25, 30, 37, 45]",6,45
2,2026-01-09T08:45:36.713,2026-01-11T14:23:22.244,"Any[19, 25, 30, 37, 45, 53]",19,53
222,2026-01-09T08:45:36.713,2026-01-11T14:23:22.244,"Any[19, 25, 30, 37, 45, 53]",19,53
180,2026-01-09T08:47:03.0,2026-01-18T14:24:48.531,"Any[53, 45, 37, 30, 25, 19, 10]",53,10
941,2026-01-09T08:57:41.0,2026-01-11T14:35:26.531,"Any[53, 45, 37, 30, 25, 19, 11, 6, 1]",53,1
1419,2026-01-09T08:57:41.0,2026-01-11T14:35:26.531,"Any[53, 45, 37, 30, 25, 19, 11, 6, 1]",53,1
1548,2026-01-09T09:09:43.0,2026-01-18T14:47:28.531,"Any[1, 6, 11, 19, 25, 30, 37, 45, 56]",1,56
781,2026-01-09T09:25:56.0,2026-01-11T15:03:41.531,"Any[53, 45, 37, 30, 25, 19, 11, 6, 3, 1]",53,1
1086,2026-01-09T09:27:00.0,2026-01-18T15:04:45.531,"Any[10, 19, 25, 30, 37, 45, 53]",10,53
618,2026-01-09T09:34:19.0,2026-01-18T15:12:04.531,"Any[60, 56, 45, 37, 30, 25, 19, 13, 8]",60,8
799,2026-01-09T09:58:14.601,2026-01-11T15:36:00.132,"Any[53, 45, 37, 30, 25, 19, 10]",53,10
282,2026-01-09T10:06:30.0,2026-01-18T15:44:15.531,"Any[1, 6, 11, 19, 25, 30, 37, 45, 56]",1,56
1001,2026-01-09T10:31:04.0,2026-01-18T16:08:49.531,"Any[1, 6, 11, 19, 25, 30, 37, 45, 56]",1,56
146,2026-01-09T10:32:09.0,2026-01-18T16:09:54.531,"Any[19, 25, 30, 37, 45, 53]",19,53
954,2026-01-09T10:32:09.0,2026-01-11T16:09:54.531,"Any[19, 25, 30, 37, 45, 53]",19,53
519,2026-01-09T10:37:01.0,2026-01-18T16:14:46.531,"Any[53, 45, 37, 30, 25, 19, 10]",53,10
237,2026-01-09T10:48:30.0,2026-01-11T16:26:15.531,"Any[6, 11, 19, 25, 30, 37, 45]",6,45
987,2026-01-09T10:49:57.0,2026-01-11T16:27:42.531,"Any[53, 45, 37, 30, 25, 19, 13, 8]",53,8
1114,2026-01-09T10:49:57.0,2026-01-18T16:27:42.531,"Any[53, 45, 37, 30, 25, 19, 13, 8]",53,8
1387,2026-01-09T10:49:57.0,2026-01-18T16:27:42.531,"Any[53, 45, 37, 30, 25, 19, 13, 8]",53,8
601,2026-01-09T10:51:57.0,2026-01-11T16:29:42.531,"Any[1, 6, 11, 19, 25, 30, 37, 45, 56]",1,56
894,2026-01-09T11:13:14.0,2026-01-11T16:50:59.531,"Any[6, 11, 16, 25, 30, 37, 45]",6,45
44,2026-01-09T11:15:53.0,2026-01-11T16:53:38.531,"Any[60, 53, 45, 37, 30, 25, 19, 11, 6]",60,6
1252,2026-01-09T11:15:53.0,2026-01-11T16:53:38.531,"Any[60, 53, 45, 37, 30, 25, 19, 11, 6]",60,6
445,2026-01-09T11:34:03.0,2026-01-11T17:11:48.531,"Any[3, 6, 11, 19, 25, 30, 37, 45, 56]",3,56
1304,2026-01-09T12:01:00.0,2026-01-18T17:38:45.531,"Any[60, 56, 45, 37, 30, 25, 19, 10]",60,10
614,2026-01-09T12:16:28.0,2026-01-18T17:54:13.531,"Any[1, 6, 11, 19, 25, 30, 37, 45, 56]",1,56
772,2026-01-09T12:16:55.0,2026-01-18T17:54:40.531,"Any[1, 6, 11, 19, 25, 30, 37, 45, 56, 60]",1,60
563,2026-01-09T12:38:25.0,2026-01-11T18:16:10.531,"Any[19, 25, 30, 37, 45, 56]",19,56
1441,2026-01-09T12:52:49.0,2026-01-11T18:30:34.531,"Any[45, 37, 30, 25, 19, 10]",45,10
806,2026-01-09T13:02:23.023,2026-01-18T18:40:08.554,"Any[53, 45, 37, 30, 25, 19, 11, 6, 1]",53,1
1090,2026-01-09T13:02:23.023,2026-01-11T18:40:08.554,"Any[53, 45, 37, 30, 25, 19, 11, 6, 1]",53,1
1217,2026-01-09T13:06:30.0,2026-01-18T18:44:15.531,"Any[56, 45, 37, 30, 25, 19, 11, 6]",56,6
90,2026-01-09T13:09:21.0,2026-01-11T18:47:06.531,"Any[53, 45, 37, 30, 25, 19, 10]",53,10
92,2026-01-09T13:12:31.0,2026-01-18T18:50:16.531,"Any[62, 53, 45, 37, 30, 25, 19, 11, 6, 1]",62,1
1180,2026-01-09T13:12:31.0,2026-01-11T18:50:16.531,"Any[62, 53, 45, 37, 30, 25, 19, 11, 6, 1]",62,1
605,2026-01-09T13:15:48.794,2026-01-18T18:53:34.325,"Any[10, 19, 25, 30, 37, 45, 53]",10,53
1319,2026-01-09T13:30:59.439,2026-01-18T19:08:44.97,"Any[56, 45, 37, 30, 25, 19, 11, 6]",56,6
443,2026-01-09T13:31:19.809,2026-01-11T19:09:05.34,"Any[56, 45, 37, 30, 25, 19, 11, 6]",56,6
466,2026-01-09T13:41:24.0,2026-01-18T19:19:09.531,"Any[45, 37, 30, 25, 19, 10]",45,10
1243,2026-01-09T13:41:24.0,2026-01-18T19:19:09.531,"Any[45, 37, 30, 25, 19, 10]",45,10
1363,2026-01-09T13:52:51.0,2026-01-11T19:30:36.531,"Any[56, 45, 37, 30, 25, 19, 11, 6]",56,6
958,2026-01-09T14:07:09.0,2026-01-11T19:44:54.531,"Any[19, 17, 25, 30, 37, 45, 53]",19,53
659,2026-01-09T14:34:06.0,2026-01-11T20:11:51.531,"Any[3, 10, 19, 25, 30, 37, 45, 53]",3,53
1132,2026-01-09T15:01:50.0,2026-01-11T20:39:35.531,"Any[56, 45, 37, 30, 25]",56,25
307,2026-01-09T15:07:11.0,2026-01-18T20:44:56.531,"Any[7, 8, 13, 19, 25, 30, 37, 45, 56]",7,56
70,2026-01-09T15:25:33.0,2026-01-18T21:03:18.531,"Any[13, 19, 25, 30, 37, 45, 56]",13,56
527,2026-01-09T15:25:33.0,2026-01-11T21:03:18.531,"Any[13, 19, 25, 30, 37, 45, 56]",13,56
273,2026-01-09T15:29:53.0,2026-01-11T21:07:38.531,"Any[16, 17, 25, 30, 37, 45, 53]",16,53
49,2026-01-09T15:32:35.0,2026-01-18T21:10:20.531,"Any[10, 19, 25, 30, 37, 45, 53]",10,53
260,2026-01-09T15:33:14.0,2026-01-11T21:10:59.531,"Any[62, 53, 45, 37, 30, 25, 19, 13, 8]",62,8
933,2026-01-09T15:33:15.838,2026-01-11T21:11:01.369,"Any[6, 11, 19, 25, 30, 37, 45, 53]",6,53
1009,2026-01-09T15:40:26.0,2026-01-11T21:18:11.531,"Any[56, 45, 37, 30, 25]",56,25
94,2026-01-09T15:51:32.0,2026-01-18T21:29:17.531,"Any[53, 45, 37, 30, 25, 19, 11, 6, 1]",53,1
896,2026-01-09T15:51:32.0,2026-01-11T21:29:17.531,"Any[53, 45, 37, 30, 25, 19, 11, 6, 1]",53,1
271,2026-01-09T15:56:42.797,2026-01-18T21:34:28.328,"Any[56, 45, 37, 30, 25, 19, 11, 6, 6, 1]",56,6
651,2026-01-09T16:03:08.0,2026-01-11T21:40:53.531,"Any[54, 44, 36, 23, 19, 11, 6]",54,6
1215,2026-01-09T16:14:24.0,2026-01-11T21:52:09.531,"Any[53, 45, 37, 30, 25, 19, 10]",53,10
1315,2026-01-09T16:21:22.0,2026-01-18T21:59:07.531,"Any[56, 45, 37, 30, 25, 19, 11, 6]",56,6
1550,2026-01-09T16:28:34.0,2026-01-18T22:06:19.531,"Any[1, 6, 11, 19, 25, 30, 37, 45, 56]",1,56
1581,2026-01-09T17:17:52.0,2026-01-11T22:55:37.531,"Any[10, 19, 25, 30, 37, 45, 53]",10,53
1189,2026-01-09T17:40:11.0,2026-01-11T23:17:56.531,"Any[8, 13, 19, 25, 37, 45, 56]",8,56
541,2026-01-09T18:03:48.0,2026-01-11T23:41:33.531,"Any[8, 13, 19, 25, 30, 37, 45, 56]",8,56
1220,2026-01-09T18:05:22.0,2026-01-11T23:43:07.531,"Any[8, 13, 19, 25, 30, 37, 45, 53]",8,53
451,2026-01-09T18:11:04.0,2026-01-11T23:48:49.531,"Any[56, 45, 37, 30, 25]",56,25
489,2026-01-09T18:19:17.0,2026-01-11T23:57:02.531,"Any[64, 60, 53, 45, 37, 30, 25, 19, 13, 8]",64,8
1021,2026-01-09T18:19:17.0,2026-01-18T23:57:02.531,"Any[64, 60, 53, 45, 37, 30, 25, 19, 13, 8]",64,8
910,2026-01-09T18:56:08.0,2026-01-12T00:33:53.531,"Any[17, 25, 30, 37, 45, 53, 60]",17,60
1598,2026-01-09T19:37:27.0,2026-01-19T01:15:12.531,"Any[10, 19, 25, 30, 37, 45, 53]",10,53
1185,2026-01-09T19:44:16.0,2026-01-19T01:22:01.531,"Any[53, 45, 37, 30, 25, 19, 13, 8]",53,8
1541,2026-01-09T20:01:06.0,2026-01-12T01:38:51.531,"Any[1, 6, 11, 19, 25, 30, 37, 45, 56]",1,56
218,2026-01-09T20:29:25.0,2026-01-12T02:07:10.531,"Any[60, 56, 45, 37, 30, 25, 19, 10]",60,10
1030,2026-01-09T20:29:25.0,2026-01-12T02:07:10.531,"Any[60, 56, 45, 37, 30, 25, 19, 10]",60,10
1279,2026-01-09T20:29:25.0,2026-01-19T02:07:10.531,"Any[60, 56, 45, 37, 30, 25, 19, 10]",60,10
1289,2026-01-09T20:29:25.0,2026-01-12T02:07:10.531,"Any[60, 56, 45, 37, 30, 25, 19, 10]",60,10
1302,2026-01-09T20:29:25.0,2026-01-19T02:07:10.531,"Any[60, 56, 45, 37, 30, 25, 19, 10]",60,10
123,2026-01-09T20:47:51.0,2026-01-19T02:25:36.531,"Any[10, 19, 25, 30, 37, 45, 53]",10,53
1600,2026-01-09T20:47:51.0,2026-01-19T02:25:36.531,"Any[10, 19, 25, 30, 37, 45, 53]",10,53
76,2026-01-09T21:03:18.164,2026-01-19T02:41:03.695,"Any[1, 6, 11, 19, 23, 36, 44, 54, 60]",1,60
1056,2026-01-09T21:51:04.0,2026-01-12T03:28:49.531,"Any[20, 19, 25, 30, 37, 45, 53]",20,53
1261,2026-01-09T22:12:22.0,2026-01-12T03:50:07.531,"Any[6, 11, 25, 30, 37, 45]",6,45
1074,2026-01-09T22:23:15.0,2026-01-12T04:01:00.531,"Any[7, 8, 13, 19, 25, 30, 37, 45, 53, 60]",7,60
1182,2026-01-09T23:15:08.0,2026-01-19T04:52:53.531,"Any[10, 19, 25, 30, 37, 45, 53]",10,53
319,2026-01-09T23:19:41.0,2026-01-12T04:57:26.531,"Any[45, 37, 30, 25]",45,25
710,2026-01-09T23:19:41.0,2026-01-19T04:57:26.531,"Any[45, 37, 30, 25]",45,25
286,2026-01-10T00:03:03.0,2026-01-12T05:40:48.531,"Any[53, 45, 37, 30, 25, 19, 13, 8]",53,8
1040,2026-01-10T00:03:03.0,2026-01-19T05:40:48.531,"Any[53, 45, 37, 30, 25, 19, 13, 8]",53,8
1378,2026-01-10T00:03:03.0,2026-01-12T05:40:48.531,"Any[53, 45, 37, 30, 25, 19, 13, 8]",53,8
1408,2026-01-10T00:03:03.0,2026-01-12T05:40:48.531,"Any[53, 45, 37, 30, 25, 19, 13, 8]",53,8
1518,2026-01-10T00:20:53.0,2026-01-12T05:58:38.531,"Any[1, 6, 11, 19, 25, 30, 37, 45, 53, 60]",1,60
517,2026-01-10T00:24:40.0,2026-01-19T06:02:25.531,"Any[6, 11, 19, 25, 30, 37, 45]",6,45
826,2026-01-10T00:25:49.0,2026-01-19T06:03:34.531,"Any[19, 25, 30, 37, 45, 53]",19,53
1505,2026-01-10T00:35:56.0,2026-01-12T06:13:41.531,"Any[8, 13, 19, 25, 30, 37, 45, 56]",8,56
756,2026-01-10T00:48:13.0,2026-01-19T06:25:58.531,"Any[60, 53, 45, 37, 30, 25, 19, 10]",60,10
33,2026-01-10T00:48:25.0,2026-01-12T06:26:10.531,"Any[7, 8, 13, 19, 25, 30, 37, 45, 56]",7,56
132,2026-01-10T01:15:16.0,2026-01-19T06:53:01.531,"Any[45, 37, 30, 25]",45,25
1341,2026-01-10T01:16:58.81,2026-01-12T06:54:44.341,"Any[56, 45, 37, 30, 25, 19, 10, 6]",56,6
43,2026-01-10T01:55:03.0,2026-01-12T07:32:48.531,"Any[7, 8, 13, 19, 25, 30, 37, 45, 53]",7,53
338,2026-01-10T01:55:03.0,2026-01-12T07:32:48.531,"Any[7, 8, 13, 19, 25, 30, 37, 45, 53]",7,53
1133,2026-01-10T01:55:03.0,2026-01-19T07:32:48.531,"Any[7, 8, 13, 19, 25, 30, 37, 45, 53]",7,53
778,2026-01-10T02:53:04.0,2026-01-12T08:30:49.531,"Any[3, 10, 19, 25, 30, 37, 45, 53]",3,53
521,2026-01-10T03:00:22.0,2026-01-12T08:38:07.531,"Any[64, 60, 53, 45, 37, 30, 25, 19, 11, 6, 1]",64,1
867,2026-01-10T03:00:22.0,2026-01-12T08:38:07.531,"Any[64, 60, 53, 45, 37, 30, 25, 19, 11, 6, 1]",64,1
253,2026-01-10T03:17:05.099,2026-01-12T08:54:50.63,"Any[3, 10, 19, 25, 30, 37, 45, 53, 60]",3,60
902,2026-01-10T03:17:05.099,2026-01-12T08:54:50.63,"Any[3, 10, 19, 25, 30, 37, 45, 53, 60]",3,60
996,2026-01-10T03:34:42.0,2026-01-19T09:12:27.531,"Any[16, 25, 30, 37, 45, 53, 60]",16,60
870,2026-01-10T04:16:13.0,2026-01-12T09:53:58.531,"Any[64, 60, 53, 45, 37, 30, 25, 19, 11, 6, 1]",64,1
207,2026-01-10T04:29:21.0,2026-01-19T10:07:06.531,"Any[64, 60, 53, 45, 37, 30, 25, 19, 10]",64,10
328,2026-01-10T04:51:10.0,2026-01-19T10:28:55.531,"Any[56, 45, 37, 30, 25]",56,25
415,2026-01-10T04:51:10.0,2026-01-19T10:28:55.531,"Any[56, 45, 37, 30, 25]",56,25
350,2026-01-10T04:59:16.0,2026-01-12T10:37:01.531,"Any[60, 56, 45, 37, 30, 25, 19, 11, 6]",60,6
990,2026-01-10T05:04:51.87,2026-01-12T10:42:37.401,"Any[60, 53, 45, 37, 30, 25, 19, 17, 19, 11, 6]",60,6
287,2026-01-10T05:06:38.0,2026-01-19T10:44:23.531,"Any[1, 6, 11, 19, 25, 30, 37, 45]",1,45
1517,2026-01-10T05:35:00.0,2026-01-19T11:12:45.531,"Any[1, 6, 11, 19, 23, 28, 36, 44, 60]",1,60
308,2026-01-10T05:42:10.842,2026-01-12T11:19:56.373,"Any[16, 25, 30, 37, 45, 56, 60]",16,60
71,2026-01-10T06:11:53.0,2026-01-19T11:49:38.531,"Any[60, 56, 45, 37, 30, 25]",60,25
97,2026-01-10T06:17:19.0,2026-01-12T11:55:04.531,"Any[10, 11, 19, 25, 30, 37, 45, 53]",10,53
1175,2026-01-10T06:41:29.0,2026-01-12T12:19:14.531,"Any[1, 6, 11, 19, 30, 37, 45, 56]",1,56
817,2026-01-10T07:02:01.0,2026-01-19T12:39:46.531,"Any[6, 11, 19, 25, 30, 37, 45, 53]",6,53
947,2026-01-10T07:02:02.0,2026-01-12T12:39:47.531,"Any[53, 45, 37, 30, 25]",53,25
928,2026-01-10T07:55:32.0,2026-01-12T13:33:17.531,"Any[60, 53, 45, 37, 30, 25]",60,25
167,2026-01-10T08:11:45.0,2026-01-19T13:49:30.531,"Any[53, 45, 37, 30, 25]",53,25
1502,2026-01-10T08:38:37.0,2026-01-19T14:16:22.531,"Any[8, 13, 19, 25, 30, 37, 45, 56]",8,56
1128,2026-01-10T09:47:56.0,2026-01-12T15:25:41.531,"Any[1, 6, 11, 19, 25, 30, 37, 45, 56]",1,56
554,2026-01-10T11:00:10.0,2026-01-12T16:37:55.531,"Any[19, 25, 30, 37, 45, 56]",19,56
580,2026-01-10T11:32:05.0,2026-01-12T17:09:50.531,"Any[60, 53, 45, 37, 30, 25, 19, 10]",60,10
1285,2026-01-10T11:32:05.0,2026-01-19T17:09:50.531,"Any[60, 53, 45, 37, 30, 25, 19, 10]",60,10
872,2026-01-10T11:37:28.0,2026-01-12T17:15:13.531,"Any[62, 45, 37, 30, 25, 19, 13, 8]",62,8
925,2026-01-10T11:37:28.0,2026-01-19T17:15:13.531,"Any[62, 45, 37, 30, 25, 19, 13, 8]",62,8
1249,2026-01-10T12:04:48.0,2026-01-19T17:42:33.531,"Any[53, 45, 37, 30, 25, 19, 10]",53,10
302,2026-01-10T12:17:42.0,2026-01-12T17:55:27.531,"Any[19, 25, 30, 37, 45, 56]",19,56
349,2026-01-10T12:21:26.0,2026-01-12T17:59:11.531,"Any[64, 60, 53, 45, 37, 30, 25, 19, 11, 6, 1]",64,1
1077,2026-01-10T12:21:26.0,2026-01-12T17:59:11.531,"Any[64, 60, 53, 45, 37, 30, 25, 19, 11, 6, 1]",64,1
644,2026-01-10T13:10:57.0,2026-01-19T18:48:42.531,"Any[10, 19, 25, 30, 37, 45, 53]",10,53
1392,2026-01-10T13:20:43.874,2026-01-12T18:58:29.405,"Any[53, 45, 37, 30, 25, 19, 13, 8]",53,8
1002,2026-01-10T13:20:47.0,2026-01-19T18:58:32.531,"Any[56, 45, 37, 30, 25, 19, 11, 6]",56,6
965,2026-01-10T13:22:06.0,2026-01-19T18:59:51.531,"Any[5, 10, 19, 25, 30, 37, 45, 53]",5,53
587,2026-01-10T13:48:30.0,2026-01-19T19:26:15.531,"Any[56, 45, 37, 30, 25, 19, 10]",56,10
1028,2026-01-10T14:23:44.888,2026-01-12T20:01:30.419,"Any[19, 25, 30, 37, 45, 56]",19,56
948,2026-01-10T14:33:38.0,2026-01-12T20:11:23.531,"Any[56, 45, 37, 30, 25, 19, 11, 6]",56,6
637,2026-01-10T14:44:45.0,2026-01-12T20:22:30.531,"Any[13, 19, 25, 30, 37, 45, 56]",13,56
922,2026-01-10T14:59:47.0,2026-01-19T20:37:32.531,"Any[60, 53, 45, 37, 30, 25, 19, 13, 8]",60,8
1571,2026-01-10T15:11:50.0,2026-01-12T20:49:35.531,"Any[10, 19, 25, 30, 37, 45, 53]",10,53
91,2026-01-10T15:15:07.066,2026-01-12T20:52:52.597,"Any[64, 60, 53, 45, 37, 30, 25, 19, 13, 8]",64,8
454,2026-01-10T15:28:00.539,2026-01-19T21:05:46.07,"Any[1, 6, 11, 16, 25, 30, 37, 45, 56]",1,56
312,2026-01-10T15:42:21.0,2026-01-19T21:20:06.531,"Any[53, 45, 37, 30, 25]",53,25
464,2026-01-10T15:42:21.0,2026-01-19T21:20:06.531,"Any[53, 45, 37, 30, 25]",53,25
583,2026-01-10T15:49:49.313,2026-01-12T21:27:34.844,"Any[64, 60, 53, 45, 37, 30, 25, 19, 10]",64,10
773,2026-01-10T15:49:49.313,2026-01-19T21:27:34.844,"Any[64, 60, 53, 45, 37, 30, 25, 19, 10]",64,10
1230,2026-01-10T15:49:49.313,2026-01-12T21:27:34.844,"Any[64, 60, 53, 45, 37, 30, 25, 19, 10]",64,10
1082,2026-01-10T16:00:40.0,2026-01-19T21:38:25.531,"Any[19, 25, 30, 37, 45, 56, 60, 64]",19,64
1160,2026-01-10T16:15:39.0,2026-01-19T21:53:24.531,"Any[6, 11, 19, 25, 30, 37, 45]",6,45
1385,2026-01-10T16:50:25.0,2026-01-19T22:28:10.531,"Any[53, 45, 37, 30, 25, 19, 13, 8]",53,8
1396,2026-01-10T16:50:25.0,2026-01-19T22:28:10.531,"Any[53, 45, 37, 30, 25, 19, 13, 8]",53,8
666,2026-01-10T16:59:17.0,2026-01-12T22:37:02.531,"Any[6, 11, 19, 25, 30, 37, 45]",6,45
1480,2026-01-10T17:09:22.0,2026-01-12T22:47:07.531,"Any[8, 13, 19, 25, 30, 37, 45, 56]",8,56
991,2026-01-10T17:13:37.0,2026-01-19T22:51:22.531,"Any[60, 53, 45, 37, 30, 25, 19, 13, 8]",60,8
81,2026-01-10T17:20:34.0,2026-01-19T22:58:19.531,"Any[56, 45, 37, 30, 25]",56,25
664,2026-01-10T17:29:18.0,2026-01-12T23:07:03.531,"Any[56, 45, 37, 30, 25]",56,25
1273,2026-01-10T17:34:36.0,2026-01-12T23:12:21.531,"Any[60, 56, 45, 37, 30, 25]",60,25
279,2026-01-10T18:01:05.0,2026-01-19T23:38:50.531,"Any[7, 8, 13, 19, 25, 30, 37, 45]",7,45
1496,2026-01-10T18:01:49.0,2026-01-19T23:39:34.531,"Any[8, 13, 19, 25, 30, 37, 45, 56]",8,56
909,2026-01-10T18:10:30.547,2026-01-12T23:48:16.078,"Any[19, 25, 30, 37, 45, 56]",19,56
1221,2026-01-10T18:35:31.0,2026-01-13T00:13:16.531,"Any[60, 53, 45, 37, 30, 25, 19, 10]",60,10
1294,2026-01-10T18:35:31.0,2026-01-20T00:13:16.531,"Any[60, 53, 45, 37, 30, 25, 19, 10]",60,10
635,2026-01-10T19:19:52.0,2026-01-20T00:57:37.531,"Any[13, 19, 25, 30, 37, 45, 56]",13,56
748,2026-01-10T19:48:50.0,2026-01-13T01:26:35.531,"Any[53, 45, 37, 30, 25, 19, 11, 6, 1]",53,1
1412,2026-01-10T19:48:50.0,2026-01-20T01:26:35.531,"Any[53, 45, 37, 30, 25, 19, 11, 6, 1]",53,1
1432,2026-01-10T19:48:50.0,2026-01-13T01:26:35.531,"Any[53, 45, 37, 30, 25, 19, 11, 6, 1]",53,1
252,2026-01-10T20:01:33.854,2026-01-20T01:39:19.385,"Any[56, 45, 37, 30, 25, 19, 10]",56,10
801,2026-01-10T20:02:17.0,2026-01-13T01:40:02.531,"Any[8, 13, 19, 25, 30, 37, 45, 56]",8,56
51,2026-01-10T20:02:23.835,2026-01-20T01:40:09.366,"Any[56, 45, 37, 30, 25, 19, 10]",56,10
270,2026-01-10T20:05:13.0,2026-01-20T01:42:58.531,"Any[53, 45, 37, 30, 25, 19, 13, 8]",53,8
917,2026-01-10T20:13:01.0,2026-01-13T01:50:46.531,"Any[53, 45, 37, 30, 25, 19, 13, 8]",53,8
1371,2026-01-10T20:13:01.0,2026-01-20T01:50:46.531,"Any[53, 45, 37, 30, 25, 19, 13, 8]",53,8
129,2026-01-10T20:14:27.0,2026-01-13T01:52:12.531,"Any[10, 19, 25, 30, 37, 45, 53]",10,53
434,2026-01-10T20:31:48.0,2026-01-20T02:09:33.531,"Any[1, 6, 11, 19, 25, 30, 37, 45, 56]",1,56
1417,2026-01-10T20:37:22.0,2026-01-13T02:15:07.531,"Any[53, 45, 37, 30, 25, 19, 11, 6, 1]",53,1
1418,2026-01-10T20:37:22.0,2026-01-20T02:15:07.531,"Any[53, 45, 37, 30, 25, 19, 11, 6, 1]",53,1
418,2026-01-10T20:43:42.0,2026-01-20T02:21:27.531,"Any[10, 19, 25, 30, 37, 45, 53]",10,53
525,2026-01-10T20:45:41.351,2026-01-13T02:23:26.882,"Any[53, 45, 37, 30, 25, 19, 10]",53,10
1000,2026-01-10T20:48:21.0,2026-01-20T02:26:06.531,"Any[1, 6, 11, 19, 25, 30, 37, 45, 56]",1,56
1483,2026-01-10T21:01:58.626,2026-01-20T02:39:44.157,"Any[8, 13, 19, 25, 30, 37, 45, 56]",8,56
266,2026-01-10T21:05:46.386,2026-01-20T02:43:31.917,"Any[60, 56, 45, 37, 30, 25, 19, 11, 6]",60,6
1251,2026-01-10T22:00:53.0,2026-01-13T03:38:38.531,"Any[6, 11, 19, 25, 30, 37, 45, 53]",6,53
1488,2026-01-10T22:16:35.0,2026-01-13T03:54:20.531,"Any[8, 13, 19, 25, 30, 37, 45, 56]",8,56
1278,2026-01-10T22:17:57.09,2026-01-20T03:55:42.621,"Any[60, 56, 45, 37, 30, 25]",60,25
784,2026-01-10T22:18:50.0,2026-01-20T03:56:35.531,"Any[8, 13, 19, 25, 30, 37, 45, 56]",8,56
1482,2026-01-10T22:18:50.0,2026-01-13T03:56:35.531,"Any[8, 13, 19, 25, 30, 37, 45, 56]",8,56
692,2026-01-10T22:44:19.0,2026-01-20T04:22:04.531,"Any[7, 8, 13, 19, 25, 30, 37, 45, 53]",7,53
500,2026-01-10T23:00:37.908,2026-01-20T04:38:23.439,"Any[8, 13, 19, 25, 30, 37, 45, 56]",8,56
679,2026-01-10T23:16:35.0,2026-01-20T04:54:20.531,"Any[7, 8, 13, 19, 25, 30, 37, 45, 53, 60]",7,60
824,2026-01-10T23:37:13.0,2026-01-13T05:14:58.531,"Any[8, 13, 19, 25, 30, 37, 45, 56]",8,56
975,2026-01-10T23:37:58.0,2026-01-20T05:15:43.531,"Any[60, 56, 45, 37, 30, 25, 19, 11, 6]",60,6
73,2026-01-10T23:43:51.0,2026-01-20T05:21:36.531,"Any[1, 6, 11, 19, 23, 36, 44, 54, 60]",1,60
502,2026-01-10T23:43:51.0,2026-01-20T05:21:36.531,"Any[1, 6, 11, 19, 23, 36, 44, 54, 60]",1,60
788,2026-01-10T23:43:51.0,2026-01-20T05:21:36.531,"Any[1, 6, 11, 19, 23, 36, 44, 54, 60]",1,60
335,2026-01-10T23:49:41.633,2026-01-20T05:27:27.164,"Any[19, 25, 30, 37, 45, 56]",19,56
1461,2026-01-10T23:49:41.633,2026-01-20T05:27:27.164,"Any[19, 25, 30, 37, 45, 56]",19,56
311,2026-01-10T23:56:38.0,2026-01-13T05:34:23.531,"Any[19, 25, 30, 37, 45, 53]",19,53
220,2026-01-11T00:25:53.0,2026-01-20T06:03:38.531,"Any[7, 8, 13, 19, 25, 30, 37, 45, 53]",7,53
1399,2026-01-11T00:32:32.0,2026-01-20T06:10:17.531,"Any[53, 45, 37, 30, 25, 19, 13, 8]",53,8
940,2026-01-11T01:19:49.0,2026-01-20T06:57:34.531,"Any[53, 45, 37, 30, 25]",53,25
794,2026-01-11T01:22:58.0,2026-01-13T07:00:43.531,"Any[53, 45, 37, 30, 25, 19, 11, 6, 1]",53,1
504,2026-01-11T01:58:30.0,2026-01-20T07:36:15.531,"Any[53, 45, 37, 30, 25, 19, 11, 6, 1]",53,1
600,2026-01-11T02:19:33.0,2026-01-20T07:57:18.531,"Any[64, 60, 53, 45, 37, 30, 25, 19, 13, 8]",64,8
408,2026-01-11T02:40:11.0,2026-01-20T08:17:56.531,"Any[64, 60, 56, 45, 37, 30, 25, 19, 11, 6]",64,6
1146,2026-01-11T03:06:33.0,2026-01-13T08:44:18.531,"Any[64, 53, 45, 37, 30, 25, 19, 10]",64,10
1119,2026-01-11T03:26:03.0,2026-01-13T09:03:48.531,"Any[60, 56, 45, 37, 30, 25, 19, 13, 8]",60,8
409,2026-01-11T03:38:49.0,2026-01-20T09:16:34.531,"Any[53, 45, 37, 30, 25, 19, 10]",53,10
126,2026-01-11T04:35:01.0,2026-01-20T10:12:46.531,"Any[53, 45, 37, 30, 25, 19, 13, 8]",53,8
1369,2026-01-11T04:35:01.0,2026-01-20T10:12:46.531,"Any[53, 45, 37, 30, 25, 19, 13, 8]",53,8
696,2026-01-11T04:37:24.0,2026-01-20T10:15:09.531,"Any[17, 16, 17, 25, 30, 37, 45, 53, 60]",17,60
241,2026-01-11T04:41:05.748,2026-01-20T10:18:51.279,"Any[60, 53, 45, 37, 30, 25, 19, 11, 6]",60,6
1137,2026-01-11T05:27:12.0,2026-01-20T11:04:57.531,"Any[53, 45, 37, 30, 25]",53,25
229,2026-01-11T05:47:39.0,2026-01-20T11:25:24.531,"Any[3, 10, 19, 25, 30, 37, 45, 53]",3,53
442,2026-01-11T05:47:39.0,2026-01-20T11:25:24.531,"Any[3, 10, 19, 25, 30, 37, 45, 53]",3,53
724,2026-01-11T05:47:39.0,2026-01-13T11:25:24.531,"Any[3, 10, 19, 25, 30, 37, 45, 53]",3,53
144,2026-01-11T05:48:40.0,2026-01-13T11:26:25.531,"Any[60, 53, 45, 37, 30, 25, 19, 13, 8]",60,8
528,2026-01-11T06:10:14.0,2026-01-13T11:47:59.531,"Any[17, 16, 17, 25, 30, 37, 45, 53, 60]",17,60
742,2026-01-11T06:10:14.0,2026-01-20T11:47:59.531,"Any[17, 16, 17, 25, 30, 37, 45, 53, 60]",17,60
1010,2026-01-11T07:10:09.0,2026-01-20T12:47:54.531,"Any[45, 37, 30, 25]",45,25
767,2026-01-11T07:16:55.0,2026-01-13T12:54:40.531,"Any[53, 45, 37, 30, 25, 19, 13, 8]",53,8
829,2026-01-11T07:55:19.0,2026-01-20T13:33:04.531,"Any[45, 37, 30, 25]",45,25
932,2026-01-11T07:55:19.0,2026-01-13T13:33:04.531,"Any[45, 37, 30, 25]",45,25
825,2026-01-11T08:06:20.0,2026-01-13T13:44:05.531,"Any[7, 8, 13, 19, 25, 30, 37, 45, 53]",7,53
719,2026-01-11T08:55:09.0,2026-01-20T14:32:54.531,"Any[7, 8, 13, 19, 25, 30, 37, 45, 53]",7,53
838,2026-01-11T08:55:09.0,2026-01-20T14:32:54.531,"Any[7, 8, 13, 19, 25, 30, 37, 45, 53]",7,53
571,2026-01-11T09:31:39.0,2026-01-13T15:09:24.531,"Any[25, 30, 37, 45, 53]",25,53
347,2026-01-11T09:38:45.0,2026-01-13T15:16:30.531,"Any[56, 45, 37, 30, 25, 19, 20]",56,20
520,2026-01-11T11:37:41.891,2026-01-13T17:15:27.422,"Any[19, 25, 30, 37, 45]",19,45
561,2026-01-11T12:03:10.0,2026-01-20T17:40:55.531,"Any[1, 6, 11, 19, 25, 30, 37, 45, 56, 60]",1,60
226,2026-01-11T12:44:33.0,2026-01-20T18:22:18.531,"Any[64, 60, 56, 45, 37, 30, 25, 19, 11, 6, 1]",64,1
1452,2026-01-11T13:59:18.0,2026-01-13T19:37:03.531,"Any[19, 25, 30, 37, 45, 53, 60]",19,60
1455,2026-01-11T13:59:18.0,2026-01-20T19:37:03.531,"Any[19, 25, 30, 37, 45, 53, 60]",19,60
1520,2026-01-11T13:59:40.0,2026-01-20T19:37:25.531,"Any[1, 6, 11, 19, 25, 30, 37, 45, 56, 60]",1,60
1529,2026-01-11T13:59:40.0,2026-01-13T19:37:25.531,"Any[1, 6, 11, 19, 25, 30, 37, 45, 56, 60]",1,60
1231,2026-01-11T14:03:02.0,2026-01-20T19:40:47.531,"Any[8, 13, 19, 25, 30, 37, 45, 56]",8,56
1110,2026-01-11T14:09:42.0,2026-01-13T19:47:27.531,"Any[3, 10, 19, 25, 30, 37, 45, 53, 60]",3,60
586,2026-01-11T15:33:45.0,2026-01-20T21:11:30.531,"Any[64, 60, 53, 45, 37, 30, 25, 19, 11, 6, 1]",64,1
219,2026-01-11T16:17:09.0,2026-01-13T21:54:54.531,"Any[19, 25, 30, 37, 45, 53, 60]",19,60
716,2026-01-11T16:17:09.0,2026-01-20T21:54:54.531,"Any[19, 25, 30, 37, 45, 53, 60]",19,60
1445,2026-01-11T16:17:09.0,2026-01-20T21:54:54.531,"Any[19, 25, 30, 37, 45, 53, 60]",19,60
385,2026-01-11T17:25:15.0,2026-01-20T23:03:00.531,"Any[10, 19, 25, 30, 37, 45, 53]",10,53
653,2026-01-11T17:32:47.482,2026-01-13T23:10:33.013,"Any[60, 56, 45, 37, 30, 25]",60,25
702,2026-01-11T17:32:47.482,2026-01-20T23:10:33.013,"Any[60, 56, 45, 37, 30, 25]",60,25
1275,2026-01-11T17:32:47.482,2026-01-13T23:10:33.013,"Any[60, 56, 45, 37, 30, 25]",60,25
234,2026-01-11T17:34:54.939,2026-01-13T23:12:40.47,"Any[60, 56, 45, 37, 30, 25]",60,25
368,2026-01-11T17:45:33.0,2026-01-13T23:23:18.531,"Any[60, 56, 45, 37, 30, 25, 19, 11, 6]",60,6
1051,2026-01-11T17:45:33.0,2026-01-13T23:23:18.531,"Any[60, 56, 45, 37, 30, 25, 19, 11, 6]",60,6
1138,2026-01-11T17:45:33.0,2026-01-20T23:23:18.531,"Any[60, 56, 45, 37, 30, 25, 19, 11, 6]",60,6
107,2026-01-11T19:16:20.0,2026-01-14T00:54:05.531,"Any[10, 19, 25, 30, 37, 45, 53]",10,53
190,2026-01-11T19:16:20.0,2026-01-21T00:54:05.531,"Any[10, 19, 25, 30, 37, 45, 53]",10,53
400,2026-01-11T19:30:18.0,2026-01-14T01:08:03.531,"Any[60, 56, 45, 37, 30, 25, 19, 11, 6]",60,6
706,2026-01-11T19:30:18.0,2026-01-14T01:08:03.531,"Any[60, 56, 45, 37, 30, 25, 19, 11, 6]",60,6
835,2026-01-11T19:30:18.0,2026-01-21T01:08:03.531,"Any[60, 56, 45, 37, 30, 25, 19, 11, 6]",60,6
381,2026-01-11T21:02:52.0,2026-01-21T02:40:37.531,"Any[7, 8, 13, 19, 25, 30, 37, 45, 53]",7,53
1356,2026-01-11T21:03:16.024,2026-01-14T02:41:01.555,"Any[56, 45, 37, 30, 25, 19, 11, 6]",56,6
53,2026-01-11T21:28:34.0,2026-01-21T03:06:19.531,"Any[3, 10, 19, 25, 30, 37, 45, 53]",3,53
1386,2026-01-11T21:41:16.0,2026-01-14T03:19:01.531,"Any[53, 45, 37, 25, 19, 13, 8]",53,8
425,2026-01-11T22:18:35.952,2026-01-21T03:56:21.483,"Any[60, 56, 45, 37, 30, 25, 19, 11, 6]",60,6
428,2026-01-11T22:18:35.952,2026-01-21T03:56:21.483,"Any[60, 56, 45, 37, 30, 25, 19, 11, 6]",60,6
155,2026-01-11T22:22:29.752,2026-01-21T04:00:15.283,"Any[60, 56, 45, 37, 30, 25, 19, 13, 8]",60,8
365,2026-01-11T22:41:36.259,2026-01-21T04:19:21.79,"Any[56, 45, 37, 30, 25, 19, 11, 6]",56,6
1354,2026-01-11T22:41:36.259,2026-01-21T04:19:21.79,"Any[56, 45, 37, 30, 25, 19, 11, 6]",56,6
105,2026-01-11T22:59:33.018,2026-01-21T04:37:18.549,"Any[60, 56, 45, 37, 30, 25, 19, 11, 6]",60,6
163,2026-01-11T23:02:14.0,2026-01-21T04:39:59.531,"Any[53, 45, 37, 30, 25, 19, 10]",53,10
1501,2026-01-11T23:38:19.0,2026-01-21T05:16:04.531,"Any[8, 13, 19, 25, 30, 37, 45, 56]",8,56
1398,2026-01-11T23:42:58.0,2026-01-14T05:20:43.531,"Any[53, 45, 37, 30, 25, 19, 13, 8]",53,8
1435,2026-01-11T23:59:30.0,2026-01-21T05:37:15.531,"Any[45, 37, 30, 25]",45,25
37,2026-01-12T00:00:53.0,2026-01-07T05:38:38.531,"Any[7, 8, 13, 19, 25, 30, 37, 45, 53, 60]",7,60
1434,2026-01-12T00:05:56.0,2026-01-07T05:43:41.531,"Any[53, 45, 37, 30, 25, 19, 11, 6, 1]",53,1
293,2026-01-12T00:17:12.0,2026-01-14T05:54:57.531,"Any[1, 6, 11, 19, 25, 30, 37, 45, 53, 60]",1,60
555,2026-01-12T00:17:12.0,2026-01-14T05:54:57.531,"Any[1, 6, 11, 19, 25, 30, 37, 45, 53, 60]",1,60
1152,2026-01-12T00:17:12.0,2026-01-14T05:54:57.531,"Any[1, 6, 11, 19, 25, 30, 37, 45, 53, 60]",1,60
804,2026-01-12T00:34:51.0,2026-01-14T06:12:36.531,"Any[53, 45, 37, 30, 25, 19, 11, 6, 1]",53,1
1433,2026-01-12T00:34:51.0,2026-01-14T06:12:36.531,"Any[53, 45, 37, 30, 25, 19, 11, 6, 1]",53,1
27,2026-01-12T01:16:53.0,2026-01-07T06:54:38.531,"Any[56, 45, 37, 30, 25, 19, 10]",56,10
255,2026-01-12T01:44:13.0,2026-01-07T07:21:58.531,"Any[53, 45, 37, 30, 25, 19, 11, 6, 1]",53,1
130,2026-01-12T04:45:33.0,2026-01-14T10:23:18.531,"Any[19, 17, 25, 30, 37, 45, 53, 60]",19,60
142,2026-01-12T04:47:47.0,2026-01-07T10:25:32.531,"Any[64, 60, 53, 45, 37, 30, 25, 19, 10]",64,10
1211,2026-01-12T04:48:23.0,2026-01-07T10:26:08.531,"Any[19, 17, 25, 30, 37, 45, 53]",19,53
1470,2026-01-12T04:48:23.0,2026-01-14T10:26:08.531,"Any[19, 17, 25, 30, 37, 45, 53]",19,53
720,2026-01-12T05:24:48.669,2026-01-14T11:02:34.2,"Any[53, 45, 37, 30, 25, 19, 11, 6, 1]",53,1
305,2026-01-12T05:54:32.0,2026-01-07T11:32:17.531,"Any[53, 45, 37, 30, 25]",53,25
853,2026-01-12T06:14:16.0,2026-01-14T11:52:01.531,"Any[16, 25, 30, 37, 45, 53]",16,53
1195,2026-01-12T07:01:08.0,2026-01-14T12:38:53.531,"Any[3, 10, 19, 25, 30, 37, 45, 53]",3,53
223,2026-01-12T07:40:13.0,2026-01-07T13:17:58.531,"Any[10, 19, 25, 30, 37, 45, 53]",10,53
526,2026-01-12T07:40:13.0,2026-01-07T13:17:58.531,"Any[10, 19, 25, 30, 37, 45, 53]",10,53
476,2026-01-12T07:55:26.0,2026-01-07T13:33:11.531,"Any[25, 30, 37, 45, 53]",25,53
1041,2026-01-12T08:43:10.0,2026-01-14T14:20:55.531,"Any[53, 45, 37, 30, 25, 19, 10]",53,10
786,2026-01-12T08:49:10.0,2026-01-14T14:26:55.531,"Any[1, 6, 11, 19, 25, 30, 37, 45, 53, 60]",1,60
1537,2026-01-12T08:49:10.0,2026-01-14T14:26:55.531,"Any[1, 6, 11, 19, 25, 30, 37, 45, 53, 60]",1,60
1512,2026-01-12T08:49:55.0,2026-01-14T14:27:40.531,"Any[7, 8, 13, 19, 25, 30, 37, 45, 56]",7,56
739,2026-01-12T09:16:37.0,2026-01-14T14:54:22.531,"Any[56, 45, 37, 30, 25]",56,25
354,2026-01-12T11:12:41.0,2026-01-07T16:50:26.531,"Any[6, 11, 19, 25, 30, 37, 45, 53]",6,53
1272,2026-01-12T11:22:43.0,2026-01-14T17:00:28.531,"Any[60, 53, 45, 37, 30, 25]",60,25
755,2026-01-12T11:40:42.0,2026-01-14T17:18:27.531,"Any[3, 6, 11, 19, 25, 30, 37, 45, 56, 60]",3,60
272,2026-01-12T13:17:34.0,2026-01-14T18:55:19.531,"Any[19, 25, 30, 37, 30, 37, 45, 53, 60, 64]",19,64
1057,2026-01-12T13:17:34.0,2026-01-07T18:55:19.531,"Any[19, 25, 30, 37, 30, 37, 45, 53, 60, 64]",19,64
796,2026-01-12T13:31:43.0,2026-01-14T19:09:28.531,"Any[6, 11, 19, 25, 30, 37, 45, 53]",6,53
750,2026-01-12T13:32:16.0,2026-01-07T19:10:01.531,"Any[62, 45, 37, 30, 25, 19, 13, 8]",62,8
800,2026-01-12T13:47:03.0,2026-01-07T19:24:48.531,"Any[19, 25, 30, 37, 45]",19,45
267,2026-01-12T13:50:16.0,2026-01-07T19:28:01.531,"Any[60, 53, 45, 37, 30, 25]",60,25
429,2026-01-12T14:01:59.0,2026-01-14T19:39:44.531,"Any[6, 11, 16, 25, 30, 37, 45]",6,45
934,2026-01-12T14:01:59.0,2026-01-14T19:39:44.531,"Any[6, 11, 16, 25, 30, 37, 45]",6,45
239,2026-01-12T14:09:43.0,2026-01-14T19:47:28.531,"Any[13, 19, 25, 30, 37, 45, 56]",13,56
175,2026-01-12T14:45:23.0,2026-01-07T20:23:08.531,"Any[53, 45, 37, 30, 25, 19, 10]",53,10
112,2026-01-12T14:46:56.0,2026-01-14T20:24:41.531,"Any[53, 45, 37, 30, 25]",53,25
179,2026-01-12T15:06:44.0,2026-01-14T20:44:29.531,"Any[19, 25, 30, 37, 45, 56]",19,56
793,2026-01-12T15:06:44.0,2026-01-14T20:44:29.531,"Any[19, 25, 30, 37, 45, 56]",19,56
860,2026-01-12T15:13:34.0,2026-01-07T20:51:19.531,"Any[6, 11, 19, 25, 30, 37, 45]",6,45
1154,2026-01-12T15:30:10.0,2026-01-07T21:07:55.531,"Any[6, 11, 16, 25, 30, 37, 45]",6,45
84,2026-01-12T15:36:18.0,2026-01-07T21:14:03.531,"Any[60, 56, 45, 37, 30, 25, 19, 14]",60,14
41,2026-01-12T15:49:40.0,2026-01-14T21:27:25.531,"Any[45, 37, 30, 25]",45,25
530,2026-01-12T15:49:40.0,2026-01-14T21:27:25.531,"Any[45, 37, 30, 25]",45,25
615,2026-01-12T15:49:40.0,2026-01-14T21:27:25.531,"Any[45, 37, 30, 25]",45,25
1188,2026-01-12T15:58:56.316,2026-01-07T21:36:41.847,"Any[60, 53, 45, 37, 30, 25, 19, 10]",60,10
1281,2026-01-12T15:58:56.316,2026-01-14T21:36:41.847,"Any[60, 53, 45, 37, 30, 25, 19, 10]",60,10
423,2026-01-12T16:11:02.0,2026-01-07T21:48:47.531,"Any[64, 60, 56, 45, 37, 30, 25]",64,25
245,2026-01-12T16:16:23.0,2026-01-07T21:54:08.531,"Any[19, 25, 30, 37, 45, 53]",19,53
468,2026-01-12T16:17:37.0,2026-01-07T21:55:22.531,"Any[53, 45, 37, 30, 25]",53,25
1043,2026-01-12T16:17:37.0,2026-01-07T21:55:22.531,"Any[53, 45, 37, 30, 25]",53,25
420,2026-01-12T16:35:38.0,2026-01-14T22:13:23.531,"Any[60, 56, 45, 37, 30, 25, 19, 13, 8]",60,8
776,2026-01-12T16:41:49.0,2026-01-07T22:19:34.531,"Any[60, 53, 45, 37, 30, 25, 19, 11, 6, 6]",60,6
847,2026-01-12T16:44:42.0,2026-01-07T22:22:27.531,"Any[56, 45, 37, 30, 25, 19, 11, 6]",56,6
969,2026-01-12T16:52:14.0,2026-01-14T22:29:59.531,"Any[53, 45, 37, 30, 25]",53,25
378,2026-01-12T16:52:57.0,2026-01-14T22:30:42.531,"Any[6, 11, 19, 25, 30, 37, 45]",6,45
645,2026-01-12T16:52:57.0,2026-01-07T22:30:42.531,"Any[6, 11, 19, 25, 30, 37, 45]",6,45
558,2026-01-12T16:53:06.0,2026-01-07T22:30:51.531,"Any[53, 45, 37, 30, 25]",53,25
1329,2026-01-12T17:37:37.0,2026-01-07T23:15:22.531,"Any[56, 45, 37, 30, 25, 19, 11, 6]",56,6
893,2026-01-12T17:43:09.0,2026-01-07T23:20:54.531,"Any[56, 45, 37, 30, 25]",56,25
394,2026-01-12T17:58:55.245,2026-01-07T23:36:40.776,"Any[54, 44, 36, 23, 19, 13, 8]",54,8
877,2026-01-12T17:58:55.245,2026-01-14T23:36:40.776,"Any[54, 44, 36, 23, 19, 13, 8]",54,8
1446,2026-01-12T18:32:15.0,2026-01-15T00:10:00.531,"Any[19, 25, 30, 37, 45, 56, 60, 60, 64]",19,60
156,2026-01-12T18:34:39.0,2026-01-08T00:12:24.531,"Any[56, 45, 37, 30, 25]",56,25
243,2026-01-12T18:34:39.0,2026-01-15T00:12:24.531,"Any[56, 45, 37, 30, 25]",56,25
1307,2026-01-12T18:34:39.0,2026-01-15T00:12:24.531,"Any[56, 45, 37, 30, 25]",56,25
1293,2026-01-12T18:38:03.0,2026-01-08T00:15:48.531,"Any[60, 53, 45, 37, 30, 25, 19, 10]",60,10
1300,2026-01-12T18:38:03.0,2026-01-08T00:15:48.531,"Any[60, 53, 45, 37, 30, 25, 19, 10]",60,10
731,2026-01-12T19:05:23.0,2026-01-15T00:43:08.531,"Any[53, 45, 37, 30, 25, 19, 10]",53,10
58,2026-01-12T19:39:11.0,2026-01-08T01:16:56.531,"Any[6, 11, 19, 25, 30, 37, 45]",6,45
630,2026-01-12T20:03:13.279,2026-01-15T01:40:58.81,"Any[10, 19, 25, 30, 37, 45, 53]",10,53
1563,2026-01-12T20:03:13.279,2026-01-08T01:40:58.81,"Any[10, 19, 25, 30, 37, 45, 53]",10,53
1437,2026-01-12T20:10:53.0,2026-01-08T01:48:38.531,"Any[45, 37, 30, 25, 19, 10]",45,10
1439,2026-01-12T20:10:53.0,2026-01-08T01:48:38.531,"Any[45, 37, 30, 25, 19, 10]",45,10
232,2026-01-12T20:31:51.675,2026-01-08T02:09:37.206,"Any[10, 19, 25, 30, 37, 45, 53]",10,53
24,2026-01-12T20:32:06.0,2026-01-08T02:09:51.531,"Any[10, 19, 30, 37, 45, 53]",10,53
388,2026-01-12T20:37:32.0,2026-01-08T02:15:17.531,"Any[60, 53, 45, 37, 30, 25, 19, 10]",60,10
1295,2026-01-12T20:37:32.0,2026-01-15T02:15:17.531,"Any[60, 53, 45, 37, 30, 25, 19, 10]",60,10
1306,2026-01-12T20:37:32.0,2026-01-15T02:15:17.531,"Any[60, 53, 45, 37, 30, 25, 19, 10]",60,10
1159,2026-01-12T20:41:14.074,2026-01-08T02:18:59.605,"Any[56, 45, 37, 30, 25, 19, 11, 6]",56,6
1322,2026-01-12T20:41:14.074,2026-01-15T02:18:59.605,"Any[56, 45, 37, 30, 25, 19, 11, 6]",56,6
101,2026-01-12T21:15:58.0,2026-01-15T02:53:43.531,"Any[8, 13, 19, 25, 30, 37, 45, 56]",8,56
540,2026-01-12T23:08:00.682,2026-01-08T04:45:46.213,"Any[56, 45, 37, 30, 25, 19, 11, 6, 6]",56,6
998,2026-01-12T23:08:00.682,2026-01-15T04:45:46.213,"Any[56, 45, 37, 30, 25, 19, 11, 6, 6]",56,6
1184,2026-01-12T23:09:32.399,2026-01-08T04:47:17.93,"Any[8, 13, 19, 25, 30, 37, 45, 56]",8,56
12,2026-01-12T23:15:08.0,2026-01-15T04:52:53.531,"Any[53, 45, 37, 30, 25]",53,25
478,2026-01-12T23:16:18.0,2026-01-08T04:54:03.531,"Any[10, 19, 25, 30, 37, 45, 53]",10,53
1593,2026-01-12T23:16:18.0,2026-01-15T04:54:03.531,"Any[10, 19, 25, 30, 37, 45, 53]",10,53
1525,2026-01-12T23:59:35.0,2026-01-08T05:37:20.531,"Any[1, 6, 11, 19, 23, 36, 44, 54, 60]",1,60
1540,2026-01-12T23:59:35.0,2026-01-15T05:37:20.531,"Any[1, 6, 11, 19, 23, 36, 44, 54, 60]",1,60
182,2026-01-13T00:14:14.0,2026-01-15T05:51:59.531,"Any[64, 53, 45, 37, 30, 25, 19, 13, 8]",64,8
974,2026-01-13T00:21:38.0,2026-01-15T05:59:23.531,"Any[10, 19, 30, 37, 45, 53]",10,53
1572,2026-01-13T00:21:38.0,2026-01-15T05:59:23.531,"Any[10, 19, 30, 37, 45, 53]",10,53
711,2026-01-13T00:38:52.0,2026-01-08T06:16:37.531,"Any[64, 60, 53, 45, 37, 30, 25, 19, 10]",64,10
1069,2026-01-13T00:55:26.0,2026-01-15T06:33:11.531,"Any[53, 45, 37, 30, 25, 19, 10]",53,10
976,2026-01-13T00:56:06.0,2026-01-15T06:33:51.531,"Any[7, 8, 13, 19, 25, 30, 37, 45, 53]",7,53
1222,2026-01-13T01:23:17.0,2026-01-08T07:01:02.531,"Any[7, 8, 13, 19, 25, 30, 37, 45, 53]",7,53
85,2026-01-13T02:01:08.0,2026-01-08T07:38:53.531,"Any[64, 60, 53, 45, 37, 30, 25, 19, 10]",64,10
1131,2026-01-13T02:17:13.0,2026-01-15T07:54:58.531,"Any[53, 45, 37, 30, 25, 19, 10]",53,10
1104,2026-01-13T02:57:02.0,2026-01-08T08:34:47.531,"Any[7, 8, 13, 19, 25, 30, 37, 45, 56]",7,56
831,2026-01-13T03:14:59.0,2026-01-08T08:52:44.531,"Any[64, 60, 53, 45, 37, 30, 25, 19, 10]",64,10
402,2026-01-13T03:23:01.0,2026-01-15T09:00:46.531,"Any[19, 25, 30, 37, 45, 53]",19,53
981,2026-01-13T03:23:01.0,2026-01-08T09:00:46.531,"Any[19, 25, 30, 37, 45, 53]",19,53
1280,2026-01-13T03:24:36.0,2026-01-08T09:02:21.531,"Any[60, 53, 45, 37, 30, 25, 19, 10]",60,10
1284,2026-01-13T03:24:36.0,2026-01-08T09:02:21.531,"Any[60, 53, 45, 37, 30, 25, 19, 10]",60,10
66,2026-01-13T04:30:47.0,2026-01-08T10:08:32.531,"Any[19, 17, 25, 30, 37, 45, 53, 60]",19,60
362,2026-01-13T04:43:29.0,2026-01-08T10:21:14.531,"Any[53, 45, 37, 30, 25, 19, 10]",53,10
456,2026-01-13T04:52:43.0,2026-01-15T10:30:28.531,"Any[19, 25, 30, 37, 45, 53]",19,53
1149,2026-01-13T05:16:03.0,2026-01-15T10:53:48.531,"Any[10, 19, 25, 30, 37, 45, 53]",10,53
544,2026-01-13T05:29:51.0,2026-01-15T11:07:36.531,"Any[7, 8, 13, 19, 25, 30, 37, 45, 53]",7,53
642,2026-01-13T05:39:05.0,2026-01-15T11:16:50.531,"Any[10, 19, 25, 30, 37, 45, 53]",10,53
1395,2026-01-13T05:45:32.0,2026-01-08T11:23:17.531,"Any[53, 45, 37, 30, 25, 19, 13, 8]",53,8
779,2026-01-13T06:12:00.0,2026-01-08T11:49:45.531,"Any[53, 45, 37, 30, 25, 19, 10]",53,10
340,2026-01-13T06:20:29.0,2026-01-08T11:58:14.531,"Any[6, 11, 19, 25, 30, 37, 45]",6,45
972,2026-01-13T06:31:22.0,2026-01-08T12:09:07.531,"Any[64, 53, 45, 37, 30, 25, 19, 11, 6, 1]",64,1
1061,2026-01-13T06:59:27.0,2026-01-15T12:37:12.531,"Any[6, 11, 19, 25, 30, 37, 45]",6,45
598,2026-01-13T07:10:53.0,2026-01-08T12:48:38.531,"Any[60, 53, 45, 37, 30, 25, 19, 13, 8]",60,8
1472,2026-01-13T07:27:07.0,2026-01-08T13:04:52.531,"Any[8, 13, 19, 25, 30, 37, 45, 56]",8,56
1299,2026-01-13T08:18:42.0,2026-01-15T13:56:27.531,"Any[60, 53, 45, 37, 30, 25, 19, 10]",60,10
292,2026-01-13T08:41:47.0,2026-01-08T14:19:32.531,"Any[7, 8, 13, 19, 25, 30, 37, 45, 53]",7,53
306,2026-01-13T08:41:47.0,2026-01-08T14:19:32.531,"Any[7, 8, 13, 19, 25, 30, 37, 45, 53]",7,53
1053,2026-01-13T08:41:47.0,2026-01-08T14:19:32.531,"Any[7, 8, 13, 19, 25, 30, 37, 45, 53]",7,53
871,2026-01-13T09:04:14.0,2026-01-08T14:41:59.531,"Any[53, 45, 37, 30, 25, 19, 13, 8]",53,8
1549,2026-01-13T09:36:07.0,2026-01-08T15:13:52.531,"Any[1, 6, 11, 19, 25, 30, 37, 45, 56]",1,56
669,2026-01-13T10:03:02.0,2026-01-15T15:40:47.531,"Any[5, 6, 11, 19, 25, 30, 37, 45]",5,45
760,2026-01-13T10:03:11.0,2026-01-08T15:40:56.531,"Any[45, 37, 30, 25]",45,25
1414,2026-01-13T10:27:16.0,2026-01-08T16:05:01.531,"Any[53, 45, 37, 30, 25, 19, 11, 6, 1]",53,1
1477,2026-01-13T10:44:38.0,2026-01-15T16:22:23.531,"Any[8, 13, 19, 25, 30, 37, 45, 56]",8,56
1500,2026-01-13T10:44:38.0,2026-01-15T16:22:23.531,"Any[8, 13, 19, 25, 30, 37, 45, 56]",8,56
631,2026-01-13T10:48:29.0,2026-01-08T16:26:14.531,"Any[60, 53, 45, 37, 30, 25, 19, 11, 6]",60,6
1168,2026-01-13T10:48:29.0,2026-01-15T16:26:14.531,"Any[60, 53, 45, 37, 30, 25, 19, 11, 6]",60,6
369,2026-01-13T10:50:54.55,2026-01-15T16:28:40.081,"Any[19, 25, 30, 37, 45, 53]",19,53
854,2026-01-13T11:45:14.0,2026-01-08T17:22:59.531,"Any[6, 11, 19, 25, 30, 37, 45]",6,45
1038,2026-01-13T11:46:22.0,2026-01-08T17:24:07.531,"Any[8, 13, 19, 25, 30, 37, 45, 56]",8,56
746,2026-01-13T11:49:12.629,2026-01-08T17:26:58.16,"Any[64, 53, 45, 37, 30, 25, 19, 10]",64,10
765,2026-01-13T11:49:12.629,2026-01-08T17:26:58.16,"Any[64, 53, 45, 37, 30, 25, 19, 10]",64,10
491,2026-01-13T11:53:28.0,2026-01-08T17:31:13.531,"Any[62, 45, 37, 30, 25, 19, 13, 8]",62,8
65,2026-01-13T12:00:47.0,2026-01-08T17:38:32.531,"Any[6, 11, 19, 25, 30, 37, 45, 53]",6,53
570,2026-01-13T12:00:47.0,2026-01-15T17:38:32.531,"Any[6, 11, 19, 25, 30, 37, 45, 53]",6,53
956,2026-01-13T12:07:39.0,2026-01-15T17:45:24.531,"Any[60, 53, 45, 37, 30, 25, 19, 10]",60,10
1297,2026-01-13T12:07:39.0,2026-01-08T17:45:24.531,"Any[60, 53, 45, 37, 30, 25, 19, 10]",60,10
95,2026-01-13T12:23:31.0,2026-01-15T18:01:16.531,"Any[60, 53, 45, 37, 30, 25]",60,25
562,2026-01-13T12:23:31.0,2026-01-08T18:01:16.531,"Any[60, 53, 45, 37, 30, 25]",60,25
251,2026-01-13T12:29:41.044,2026-01-15T18:07:26.575,"Any[64, 60, 53, 45, 37, 30, 25, 19, 11, 6, 1]",64,1
256,2026-01-13T12:37:08.0,2026-01-15T18:14:53.531,"Any[17, 25, 30, 37, 45, 56]",17,56
833,2026-01-13T12:51:31.0,2026-01-08T18:29:16.531,"Any[19, 25, 30, 37, 45, 56]",19,56
1068,2026-01-13T13:00:08.0,2026-01-15T18:37:53.531,"Any[53, 45, 37, 30, 25, 19, 13, 8]",53,8
506,2026-01-13T13:01:08.409,2026-01-08T18:38:53.94,"Any[56, 45, 37, 30, 25, 19, 10]",56,10
1025,2026-01-13T13:30:09.0,2026-01-15T19:07:54.531,"Any[19, 25, 30, 37, 45, 56]",19,56
622,2026-01-13T13:53:55.0,2026-01-08T19:31:40.531,"Any[6, 11, 19, 25, 30, 37, 45]",6,45
687,2026-01-13T14:14:31.0,2026-01-08T19:52:16.531,"Any[19, 25, 30, 37, 45, 56, 60]",19,60
787,2026-01-13T14:14:31.0,2026-01-15T19:52:16.531,"Any[19, 25, 30, 37, 45, 56, 60]",19,60
539,2026-01-13T14:27:20.0,2026-01-15T20:05:05.531,"Any[45, 37, 30, 25, 19, 14]",45,14
254,2026-01-13T14:36:35.0,2026-01-08T20:14:20.531,"Any[1, 6, 11, 19, 25, 30, 37, 45, 56]",1,56
545,2026-01-13T14:46:23.0,2026-01-15T20:24:08.531,"Any[3, 6, 11, 19, 25, 30, 37, 45]",3,45
594,2026-01-13T14:46:23.0,2026-01-08T20:24:08.531,"Any[3, 6, 11, 19, 25, 30, 37, 45]",3,45
876,2026-01-13T14:47:15.0,2026-01-08T20:25:00.531,"Any[6, 11, 19, 25, 30, 37, 45]",6,45
698,2026-01-13T14:58:14.0,2026-01-15T20:35:59.531,"Any[8, 13, 19, 25, 30, 37, 45, 56]",8,56
513,2026-01-13T15:17:37.0,2026-01-08T20:55:22.531,"Any[53, 45, 37, 30, 25]",53,25
712,2026-01-13T15:23:07.0,2026-01-15T21:00:52.531,"Any[6, 11, 19, 25, 30, 37, 45]",6,45
807,2026-01-13T15:33:22.0,2026-01-08T21:11:07.531,"Any[6, 11, 19, 25, 30, 37, 45]",6,45
1166,2026-01-13T15:33:22.0,2026-01-08T21:11:07.531,"Any[6, 11, 19, 25, 30, 37, 45]",6,45
623,2026-01-13T16:02:05.54,2026-01-15T21:39:51.071,"Any[8, 13, 25, 30, 37, 45, 56]",8,56
1342,2026-01-13T16:02:26.0,2026-01-08T21:40:11.531,"Any[56, 45, 37, 30, 25, 19, 11, 6]",56,6
1099,2026-01-13T16:05:12.0,2026-01-08T21:42:57.531,"Any[60, 56, 45, 37, 30, 25]",60,25
895,2026-01-13T16:05:20.103,2026-01-15T21:43:05.634,"Any[60, 56, 45, 37, 30, 25]",60,25
82,2026-01-13T16:11:46.0,2026-01-08T21:49:31.531,"Any[3, 10, 19, 25, 30, 37, 45, 53]",3,53
938,2026-01-13T16:15:24.0,2026-01-08T21:53:09.531,"Any[8, 13, 19, 25, 30, 37, 45, 56, 60, 64]",8,64
1045,2026-01-13T16:15:24.0,2026-01-08T21:53:09.531,"Any[8, 13, 19, 25, 30, 37, 45, 56, 60, 64]",8,64
1011,2026-01-13T16:21:18.0,2026-01-15T21:59:03.531,"Any[10, 19, 25, 30, 37, 45, 53]",10,53
1569,2026-01-13T16:21:18.0,2026-01-08T21:59:03.531,"Any[10, 19, 25, 30, 37, 45, 53]",10,53
1370,2026-01-13T16:35:07.0,2026-01-15T22:12:52.531,"Any[53, 45, 37, 30, 25, 19, 13, 8]",53,8
427,2026-01-13T16:39:20.0,2026-01-15T22:17:05.531,"Any[1, 6, 11, 19, 25, 30, 37, 45, 56]",1,56
488,2026-01-13T16:39:20.0,2026-01-08T22:17:05.531,"Any[1, 6, 11, 19, 25, 30, 37, 45, 56]",1,56
1199,2026-01-13T16:39:20.0,2026-01-08T22:17:05.531,"Any[1, 6, 11, 19, 25, 30, 37, 45, 56]",1,56
80,2026-01-13T16:44:00.0,2026-01-15T22:21:45.531,"Any[53, 45, 37, 30, 25, 19, 13, 8]",53,8
449,2026-01-13T16:58:49.0,2026-01-08T22:36:34.531,"Any[60, 56, 53, 45, 37, 30, 25, 19, 11, 6]",60,6
1191,2026-01-13T16:58:49.0,2026-01-15T22:36:34.531,"Any[60, 56, 53, 45, 37, 30, 25, 19, 11, 6]",60,6
769,2026-01-13T17:10:10.238,2026-01-08T22:47:55.769,"Any[60, 56, 45, 37, 30, 25]",60,25
1311,2026-01-13T17:28:51.446,2026-01-08T23:06:36.977,"Any[56, 45, 37, 30, 25]",56,25
1007,2026-01-13T17:46:02.0,2026-01-08T23:23:47.531,"Any[6, 11, 19, 25, 30, 37, 45]",6,45
1316,2026-01-13T18:18:40.725,2026-01-08T23:56:26.256,"Any[56, 45, 37, 30, 25, 19, 11, 6]",56,6
1360,2026-01-13T18:18:40.725,2026-01-15T23:56:26.256,"Any[56, 45, 37, 30, 25, 19, 11, 6]",56,6
918,2026-01-13T18:18:41.0,2026-01-15T23:56:26.531,"Any[64, 60, 56, 45, 37, 30, 25, 19, 11, 6]",64,6
1078,2026-01-13T18:19:44.0,2026-01-15T23:57:29.531,"Any[53, 45, 37, 30, 25, 19, 11, 6, 1]",53,1
1151,2026-01-13T18:19:44.0,2026-01-08T23:57:29.531,"Any[53, 45, 37, 30, 25, 19, 11, 6, 1]",53,1
674,2026-01-13T18:22:58.0,2026-01-16T00:00:43.531,"Any[60, 56, 45, 37, 30, 25, 19, 11, 6]",60,6
484,2026-01-13T18:38:43.0,2026-01-09T00:16:28.531,"Any[8, 13, 19, 25, 30, 37, 45, 56]",8,56
264,2026-01-13T18:47:35.0,2026-01-09T00:25:20.531,"Any[60, 53, 45, 37, 30, 25]",60,25
1174,2026-01-13T18:51:12.0,2026-01-09T00:28:57.531,"Any[56, 45, 37, 30, 25, 19, 11, 6, 6]",56,6
1357,2026-01-13T18:51:12.0,2026-01-16T00:28:57.531,"Any[56, 45, 37, 30, 25, 19, 11, 6, 6]",56,6
557,2026-01-13T19:25:08.0,2026-01-16T01:02:53.531,"Any[53, 45, 37, 30, 25, 19, 13, 8]",53,8
883,2026-01-13T19:32:09.0,2026-01-09T01:09:54.531,"Any[10, 19, 25, 30, 37, 45, 53]",10,53
1008,2026-01-13T19:32:09.0,2026-01-16T01:09:54.531,"Any[10, 19, 25, 30, 37, 45, 53]",10,53
419,2026-01-13T20:38:16.0,2026-01-09T02:16:01.531,"Any[3, 10, 19, 25, 30, 37, 45, 53]",3,53
485,2026-01-13T21:13:03.0,2026-01-09T02:50:48.531,"Any[60, 56, 45, 37, 30, 25]",60,25
873,2026-01-13T21:19:25.0,2026-01-16T02:57:10.531,"Any[60, 56, 45, 37, 30, 25, 19, 13, 8]",60,8
892,2026-01-13T21:56:27.0,2026-01-16T03:34:12.531,"Any[7, 8, 13, 19, 25, 30, 37, 45, 53]",7,53
1290,2026-01-13T22:15:08.0,2026-01-16T03:52:53.531,"Any[60, 56, 45, 37, 30, 25, 19, 11, 10]",60,10
1111,2026-01-13T22:24:18.0,2026-01-16T04:02:03.531,"Any[53, 45, 37, 30, 25, 19, 10]",53,10
705,2026-01-13T22:36:30.0,2026-01-09T04:14:15.531,"Any[53, 45, 37, 30, 25]",53,25
1565,2026-01-13T22:44:13.18,2026-01-09T04:21:58.711,"Any[10, 19, 25, 30, 37, 45, 53]",10,53
304,2026-01-13T22:54:52.0,2026-01-09T04:32:37.531,"Any[56, 45, 37, 30, 25, 19, 11, 6]",56,6
16,2026-01-13T23:03:47.0,2026-01-16T04:41:32.531,"Any[8, 13, 19, 25, 30, 37, 45, 56]",8,56
236,2026-01-13T23:03:47.0,2026-01-16T04:41:32.531,"Any[8, 13, 19, 25, 30, 37, 45, 56]",8,56
186,2026-01-13T23:07:23.0,2026-01-16T04:45:08.531,"Any[1, 6, 11, 19, 25, 30, 37, 45]",1,45
1495,2026-01-13T23:07:24.0,2026-01-09T04:45:09.531,"Any[8, 13, 19, 25, 30, 37, 45, 56]",8,56
134,2026-01-13T23:38:53.0,2026-01-09T05:16:38.531,"Any[60, 56, 45, 37, 30, 25, 19, 11, 6]",60,6
604,2026-01-14T00:20:00.0,2026-01-16T05:57:45.531,"Any[60, 53, 45, 37, 30, 25, 19, 10]",60,10
665,2026-01-14T00:28:22.0,2026-01-09T06:06:07.531,"Any[3, 6, 11, 19, 25, 30, 37, 45, 53]",3,53
937,2026-01-14T00:28:22.0,2026-01-16T06:06:07.531,"Any[3, 6, 11, 19, 25, 30, 37, 45, 53]",3,53
1157,2026-01-14T00:43:28.0,2026-01-09T06:21:13.531,"Any[53, 45, 37, 30, 25, 19, 11, 6, 1]",53,1
681,2026-01-14T00:49:57.0,2026-01-09T06:27:42.531,"Any[10, 11, 19, 25, 30, 37, 45, 53]",10,53
1049,2026-01-14T00:49:57.0,2026-01-16T06:27:42.531,"Any[10, 11, 19, 25, 30, 37, 45, 53]",10,53
178,2026-01-14T01:05:40.0,2026-01-09T06:43:25.531,"Any[10, 11, 19, 25, 30, 37, 45, 53]",10,53
905,2026-01-14T01:05:40.0,2026-01-09T06:43:25.531,"Any[10, 11, 19, 25, 30, 37, 45, 53]",10,53
1052,2026-01-14T01:05:40.0,2026-01-16T06:43:25.531,"Any[10, 11, 19, 25, 30, 37, 45, 53]",10,53
367,2026-01-14T01:26:26.0,2026-01-16T07:04:11.531,"Any[10, 19, 25, 30, 37, 45, 53]",10,53
15,2026-01-14T01:29:37.0,2026-01-16T07:07:22.531,"Any[10, 19, 25, 30, 37, 45, 53]",10,53
1588,2026-01-14T01:29:37.0,2026-01-16T07:07:22.531,"Any[10, 19, 25, 30, 37, 45, 53]",10,53
1416,2026-01-14T01:49:32.0,2026-01-16T07:27:17.531,"Any[53, 45, 37, 30, 25, 19, 11, 6, 1]",53,1
868,2026-01-14T02:00:00.0,2026-01-16T07:37:45.531,"Any[7, 8, 13, 19, 25, 30, 37, 45, 53]",7,53
505,2026-01-14T02:03:40.0,2026-01-09T07:41:25.531,"Any[45, 37, 30, 25, 19, 13, 8]",45,8
40,2026-01-14T02:33:11.0,2026-01-16T08:10:56.531,"Any[64, 53, 45, 37, 30, 25, 19, 13, 8]",64,8
1165,2026-01-14T02:52:05.0,2026-01-09T08:29:50.531,"Any[3, 10, 19, 25, 30, 37, 45, 53]",3,53
3,2026-01-14T02:56:48.0,2026-01-16T08:34:33.531,"Any[19, 25, 30, 37, 45, 56]",19,56
136,2026-01-14T02:56:48.0,2026-01-09T08:34:33.531,"Any[19, 25, 30, 37, 45, 56]",19,56
904,2026-01-14T03:05:52.0,2026-01-16T08:43:37.531,"Any[53, 45, 37, 30, 25, 19, 10]",53,10
1566,2026-01-14T03:55:49.0,2026-01-16T09:33:34.531,"Any[10, 19, 25, 30, 37, 45, 53]",10,53
701,2026-01-14T04:00:31.0,2026-01-09T09:38:16.531,"Any[64, 53, 45, 37, 30, 25, 19, 10]",64,10
977,2026-01-14T04:35:18.0,2026-01-16T10:13:03.531,"Any[6, 11, 16, 25, 30, 37, 45, 53]",6,53
1216,2026-01-14T04:51:11.0,2026-01-16T10:28:56.531,"Any[64, 60, 53, 45, 37, 30, 25, 19, 10]",64,10
1101,2026-01-14T05:04:31.0,2026-01-09T10:42:16.531,"Any[62, 45, 37, 30, 25, 19, 11, 6]",62,6
830,2026-01-14T05:10:57.0,2026-01-09T10:48:42.531,"Any[56, 45, 37, 30, 25]",56,25
862,2026-01-14T06:29:51.5,2026-01-16T12:07:37.031,"Any[16, 25, 30, 37, 45, 53]",16,53
1121,2026-01-14T06:29:51.5,2026-01-09T12:07:37.031,"Any[16, 25, 30, 37, 45, 53]",16,53
1029,2026-01-14T06:33:06.197,2026-01-09T12:10:51.728,"Any[64, 60, 53, 45, 37, 30, 25, 19, 10]",64,10
1475,2026-01-14T07:36:16.0,2026-01-16T13:14:01.531,"Any[8, 13, 19, 25, 30, 37, 45, 56]",8,56
606,2026-01-14T07:38:47.0,2026-01-09T13:16:32.531,"Any[19, 25, 30, 37, 45, 56]",19,56
1462,2026-01-14T07:38:47.0,2026-01-16T13:16:32.531,"Any[19, 25, 30, 37, 45, 56]",19,56
298,2026-01-14T07:40:54.0,2026-01-16T13:18:39.531,"Any[64, 53, 45, 37, 30, 25, 19, 10]",64,10
1476,2026-01-14T08:31:21.0,2026-01-16T14:09:06.531,"Any[8, 13, 19, 25, 30, 37, 45, 56]",8,56
497,2026-01-14T08:49:55.0,2026-01-16T14:27:40.531,"Any[6, 11, 16, 25, 30, 37, 45]",6,45
703,2026-01-14T08:52:05.0,2026-01-09T14:29:50.531,"Any[53, 45, 37, 30, 25, 19, 11, 6, 1]",53,1
639,2026-01-14T08:58:31.0,2026-01-16T14:36:16.531,"Any[60, 56, 45, 37, 30, 25, 19, 17, 19, 11, 6, 6, 1]",60,6
733,2026-01-14T09:03:45.0,2026-01-09T14:41:30.531,"Any[5, 6, 10, 19, 25, 30, 37, 45, 56]",5,56
184,2026-01-14T09:14:49.0,2026-01-09T14:52:34.531,"Any[8, 13, 19, 25, 30, 37, 45, 56]",8,56
693,2026-01-14T09:49:07.0,2026-01-16T15:26:52.531,"Any[6, 10, 19, 25, 30, 37, 45]",6,45
405,2026-01-14T10:10:05.0,2026-01-09T15:47:50.531,"Any[56, 45, 37, 30, 25]",56,25
619,2026-01-14T10:11:45.0,2026-01-09T15:49:30.531,"Any[17, 16, 17, 25, 30, 37, 45, 53]",17,53
789,2026-01-14T10:18:12.0,2026-01-16T15:55:57.531,"Any[17, 25, 30, 37, 45, 53]",17,53
744,2026-01-14T10:21:07.0,2026-01-16T15:58:52.531,"Any[17, 25, 30, 37, 45, 53]",17,53
899,2026-01-14T10:21:07.0,2026-01-16T15:58:52.531,"Any[17, 25, 30, 37, 45, 53]",17,53
1467,2026-01-14T10:35:30.0,2026-01-16T16:13:15.531,"Any[19, 25, 30, 37, 45, 53]",19,53
1245,2026-01-14T10:42:23.0,2026-01-16T16:20:08.531,"Any[6, 11, 19, 25, 30, 37, 45]",6,45
1471,2026-01-14T10:48:36.0,2026-01-09T16:26:21.531,"Any[8, 13, 19, 25, 30, 37, 45, 56]",8,56
1253,2026-01-14T11:35:33.0,2026-01-09T17:13:18.531,"Any[60, 53, 45, 37, 30, 25, 19, 13, 8]",60,8
678,2026-01-14T11:38:26.0,2026-01-16T17:16:11.531,"Any[53, 45, 37, 30, 25, 19, 13, 8]",53,8
1389,2026-01-14T11:38:26.0,2026-01-09T17:16:11.531,"Any[53, 45, 37, 30, 25, 19, 13, 8]",53,8
320,2026-01-14T11:41:42.047,2026-01-09T17:19:27.578,"Any[64, 60, 53, 45, 37, 30, 25, 19, 10]",64,10
1397,2026-01-14T11:58:47.0,2026-01-16T17:36:32.531,"Any[53, 45, 37, 30, 25, 19, 13, 8]",53,8
45,2026-01-14T12:00:49.0,2026-01-16T17:38:34.531,"Any[16, 25, 30, 37, 45, 53, 60]",16,60
1478,2026-01-14T12:03:40.0,2026-01-09T17:41:25.531,"Any[8, 13, 19, 25, 30, 37, 45, 56]",8,56
1486,2026-01-14T12:03:40.0,2026-01-09T17:41:25.531,"Any[8, 13, 19, 25, 30, 37, 45, 56]",8,56
240,2026-01-14T13:06:44.256,2026-01-16T18:44:29.787,"Any[54, 44, 36, 23, 19, 13, 8, 7]",54,7
584,2026-01-14T13:15:15.0,2026-01-09T18:53:00.531,"Any[60, 53, 45, 37, 30, 25]",60,25
900,2026-01-14T13:15:15.0,2026-01-09T18:53:00.531,"Any[60, 53, 45, 37, 30, 25]",60,25
417,2026-01-14T13:40:32.0,2026-01-16T19:18:17.531,"Any[8, 13, 25, 30, 37, 45]",8,45
943,2026-01-14T13:40:32.0,2026-01-09T19:18:17.531,"Any[8, 13, 25, 30, 37, 45]",8,45
636,2026-01-14T13:53:00.0,2026-01-09T19:30:45.531,"Any[13, 19, 25, 37, 45, 56]",13,56
728,2026-01-14T13:53:00.0,2026-01-16T19:30:45.531,"Any[13, 19, 25, 37, 45, 56]",13,56
61,2026-01-14T13:53:48.931,2026-01-16T19:31:34.462,"Any[9, 15, 26, 31, 36, 44, 54]",9,54
906,2026-01-14T14:03:07.571,2026-01-16T19:40:53.102,"Any[56, 45, 37, 30, 25, 19, 10]",56,10
1107,2026-01-14T14:04:28.0,2026-01-16T19:42:13.531,"Any[1, 6, 11, 16, 25, 30, 37, 45, 56]",1,56
1237,2026-01-14T14:04:28.0,2026-01-09T19:42:13.531,"Any[1, 6, 11, 16, 25, 30, 37, 45, 56]",1,56
1547,2026-01-14T14:04:28.0,2026-01-16T19:42:13.531,"Any[1, 6, 11, 16, 25, 30, 37, 45, 56]",1,56
761,2026-01-14T14:16:07.0,2026-01-16T19:53:52.531,"Any[6, 11, 19, 25, 30, 37, 45]",6,45
774,2026-01-14T14:16:07.0,2026-01-09T19:53:52.531,"Any[6, 11, 19, 25, 30, 37, 45]",6,45
986,2026-01-14T14:30:45.0,2026-01-09T20:08:30.531,"Any[6, 11, 19, 25, 30, 37, 45]",6,45
850,2026-01-14T14:39:48.0,2026-01-09T20:17:33.531,"Any[6, 11, 19, 25, 30, 37, 45]",6,45
988,2026-01-14T14:45:06.0,2026-01-16T20:22:51.531,"Any[64, 60, 56, 45, 37, 30, 25, 19, 11, 6, 5, 2]",64,2
522,2026-01-14T14:56:23.0,2026-01-16T20:34:08.531,"Any[6, 11, 19, 25, 30, 37, 45]",6,45
1125,2026-01-14T15:09:00.0,2026-01-09T20:46:45.531,"Any[53, 45, 37, 30, 25, 19, 13, 8]",53,8
242,2026-01-14T15:14:19.726,2026-01-09T20:52:05.257,"Any[6, 11, 25, 30, 37, 45]",6,45
512,2026-01-14T15:14:19.726,2026-01-16T20:52:05.257,"Any[6, 11, 25, 30, 37, 45]",6,45
542,2026-01-14T15:14:19.726,2026-01-09T20:52:05.257,"Any[6, 11, 25, 30, 37, 45]",6,45
657,2026-01-14T15:50:58.0,2026-01-09T21:28:43.531,"Any[56, 45, 37, 30, 25, 19, 11, 6]",56,6
1127,2026-01-14T15:50:58.0,2026-01-16T21:28:43.531,"Any[56, 45, 37, 30, 25, 19, 11, 6]",56,6
1352,2026-01-14T15:50:58.0,2026-01-16T21:28:43.531,"Any[56, 45, 37, 30, 25, 19, 11, 6]",56,6
111,2026-01-14T16:02:18.0,2026-01-16T21:40:03.531,"Any[6, 11, 16, 25, 30, 37, 45]",6,45
874,2026-01-14T16:14:55.0,2026-01-16T21:52:40.531,"Any[64, 60, 53, 45, 37, 30, 25]",64,25
403,2026-01-14T16:26:20.0,2026-01-16T22:04:05.531,"Any[53, 45, 37, 30, 25, 19, 13, 8]",53,8
676,2026-01-14T16:26:20.0,2026-01-16T22:04:05.531,"Any[53, 45, 37, 30, 25, 19, 13, 8]",53,8
1402,2026-01-14T16:26:20.0,2026-01-16T22:04:05.531,"Any[53, 45, 37, 30, 25, 19, 13, 8]",53,8
323,2026-01-14T16:31:49.0,2026-01-16T22:09:34.531,"Any[60, 53, 45, 37, 30, 25, 19, 10]",60,10
1282,2026-01-14T16:31:49.0,2026-01-16T22:09:34.531,"Any[60, 53, 45, 37, 30, 25, 19, 10]",60,10
1562,2026-01-14T16:50:47.0,2026-01-16T22:28:32.531,"Any[10, 19, 25, 30, 37, 45, 53]",10,53
1580,2026-01-14T16:50:47.0,2026-01-09T22:28:32.531,"Any[10, 19, 25, 30, 37, 45, 53]",10,53
898,2026-01-14T16:55:22.0,2026-01-09T22:33:07.531,"Any[64, 56, 45, 37, 30, 25, 19, 11, 6]",64,6
1339,2026-01-14T17:16:43.0,2026-01-16T22:54:28.531,"Any[56, 45, 37, 30, 25, 19, 11, 6]",56,6
194,2026-01-14T17:20:02.0,2026-01-16T22:57:47.531,"Any[8, 13, 19, 25, 30, 37, 45, 56]",8,56
1218,2026-01-14T17:21:55.0,2026-01-09T22:59:40.531,"Any[53, 45, 37, 30, 25, 19, 11, 6, 1]",53,1
177,2026-01-14T17:34:15.0,2026-01-16T23:12:00.531,"Any[53, 45, 37, 30, 25, 19, 11, 6, 1]",53,1
440,2026-01-14T17:47:32.0,2026-01-16T23:25:17.531,"Any[3, 10, 19, 25, 30, 37, 45, 53]",3,53
458,2026-01-14T17:47:32.0,2026-01-09T23:25:17.531,"Any[3, 10, 19, 25, 30, 37, 45, 53]",3,53
815,2026-01-14T17:59:11.238,2026-01-09T23:36:56.769,"Any[60, 56, 45, 37, 30, 25]",60,25
1244,2026-01-14T18:34:54.0,2026-01-10T00:12:39.531,"Any[53, 45, 37, 30, 25]",53,25
656,2026-01-14T18:57:28.0,2026-01-10T00:35:13.531,"Any[4, 10, 19, 25, 30, 37, 45, 53]",4,53
38,2026-01-14T19:04:14.0,2026-01-17T00:41:59.531,"Any[60, 56, 45, 37, 30, 25, 19, 11, 6]",60,6
310,2026-01-14T19:04:14.0,2026-01-17T00:41:59.531,"Any[60, 56, 45, 37, 30, 25, 19, 11, 6]",60,6
59,2026-01-14T20:00:58.0,2026-01-10T01:38:43.531,"Any[8, 13, 19, 25, 30, 37, 45]",8,45
332,2026-01-14T21:13:17.0,2026-01-17T02:51:02.531,"Any[1, 6, 11, 19, 23, 36, 44, 54, 60]",1,60
617,2026-01-14T21:13:17.0,2026-01-17T02:51:02.531,"Any[1, 6, 11, 19, 23, 36, 44, 54, 60]",1,60
797,2026-01-14T21:17:08.0,2026-01-17T02:54:53.531,"Any[53, 45, 37, 30, 25, 19, 10]",53,10
460,2026-01-14T22:01:53.303,2026-01-17T03:39:38.834,"Any[8, 13, 19, 25, 30, 37, 45, 56, 60]",8,60
929,2026-01-14T22:01:53.303,2026-01-10T03:39:38.834,"Any[8, 13, 19, 25, 30, 37, 45, 56, 60]",8,60
467,2026-01-14T22:05:00.0,2026-01-10T03:42:45.531,"Any[7, 8, 13, 19, 25, 30, 37, 45, 53, 60]",7,60
1015,2026-01-14T22:09:13.0,2026-01-17T03:46:58.531,"Any[53, 45, 37, 30, 25, 19, 13, 8]",53,8
246,2026-01-14T22:10:13.0,2026-01-17T03:47:58.531,"Any[7, 8, 13, 19, 25, 30, 37, 45, 53]",7,53
143,2026-01-14T22:14:28.0,2026-01-10T03:52:13.531,"Any[13, 25, 30, 37, 45, 56]",13,56
1198,2026-01-14T22:15:59.67,2026-01-10T03:53:45.201,"Any[64, 60, 53, 45, 37, 30, 25, 19, 10]",64,10
572,2026-01-14T22:26:09.0,2026-01-10T04:03:54.531,"Any[8, 13, 19, 25, 30, 37, 45, 56]",8,56
1424,2026-01-14T22:53:57.0,2026-01-17T04:31:42.531,"Any[53, 45, 37, 30, 25, 19, 11, 6, 1]",53,1
208,2026-01-14T23:03:00.0,2026-01-10T04:40:45.531,"Any[1, 6, 11, 19, 25, 30, 37, 45, 56]",1,56
1207,2026-01-14T23:03:00.0,2026-01-17T04:40:45.531,"Any[1, 6, 11, 19, 25, 30, 37, 45, 56]",1,56
1239,2026-01-14T23:04:06.0,2026-01-10T04:41:51.531,"Any[8, 13, 19, 25, 30, 37, 45, 56]",8,56
1260,2026-01-14T23:17:39.0,2026-01-10T04:55:24.531,"Any[7, 8, 13, 19, 25, 30, 37, 45, 53, 60]",7,60
88,2026-01-14T23:52:20.364,2026-01-10T05:30:05.895,"Any[1, 6, 11, 19, 25, 30, 37, 45, 56]",1,56
916,2026-01-14T23:52:20.364,2026-01-17T05:30:05.895,"Any[1, 6, 11, 19, 25, 30, 37, 45, 56]",1,56
407,2026-01-15T00:10:56.0,2026-01-10T05:48:41.531,"Any[1, 6, 11, 19, 23, 36, 44, 54, 60]",1,60
1514,2026-01-15T00:10:56.0,2026-01-17T05:48:41.531,"Any[1, 6, 11, 19, 23, 36, 44, 54, 60]",1,60
1523,2026-01-15T00:10:56.0,2026-01-10T05:48:41.531,"Any[1, 6, 11, 19, 23, 36, 44, 54, 60]",1,60
1524,2026-01-15T00:10:56.0,2026-01-17T05:48:41.531,"Any[1, 6, 11, 19, 23, 36, 44, 54, 60]",1,60
1530,2026-01-15T00:10:56.0,2026-01-10T05:48:41.531,"Any[1, 6, 11, 19, 23, 36, 44, 54, 60]",1,60
42,2026-01-15T00:33:19.0,2026-01-17T06:11:04.531,"Any[60, 53, 45, 37, 30, 25, 19, 10]",60,10
192,2026-01-15T00:33:19.0,2026-01-17T06:11:04.531,"Any[60, 53, 45, 37, 30, 25, 19, 10]",60,10
322,2026-01-15T00:33:19.0,2026-01-10T06:11:04.531,"Any[60, 53, 45, 37, 30, 25, 19, 10]",60,10
343,2026-01-15T00:33:19.0,2026-01-10T06:11:04.531,"Any[60, 53, 45, 37, 30, 25, 19, 10]",60,10
1058,2026-01-15T00:51:35.897,2026-01-10T06:29:21.428,"Any[53, 45, 37, 30, 25, 19, 13, 8]",53,8
199,2026-01-15T01:25:01.0,2026-01-17T07:02:46.531,"Any[10, 19, 25, 30, 37, 45, 53]",10,53
1574,2026-01-15T01:25:01.0,2026-01-10T07:02:46.531,"Any[10, 19, 25, 30, 37, 45, 53]",10,53
413,2026-01-15T01:29:08.0,2026-01-17T07:06:53.531,"Any[64, 60, 53, 45, 37, 30, 25, 19, 13, 8]",64,8
978,2026-01-15T01:29:08.0,2026-01-17T07:06:53.531,"Any[64, 60, 53, 45, 37, 30, 25, 19, 13, 8]",64,8
1554,2026-01-15T01:31:57.0,2026-01-17T07:09:42.531,"Any[6, 11, 16, 25, 30, 37, 45, 53]",6,53
508,2026-01-15T01:39:31.0,2026-01-17T07:17:16.531,"Any[53, 45, 37, 30, 25, 19, 11, 6, 1]",53,1
263,2026-01-15T01:44:25.0,2026-01-17T07:22:10.531,"Any[53, 45, 37, 30, 25, 19, 11, 6, 1]",53,1
201,2026-01-15T01:58:01.0,2026-01-10T07:35:46.531,"Any[19, 25, 30, 37, 30, 37, 45, 53]",19,53
315,2026-01-15T02:01:06.0,2026-01-17T07:38:51.531,"Any[64, 60, 53, 45, 37, 30, 25, 19, 11, 6, 1]",64,1
1270,2026-01-15T02:01:06.0,2026-01-17T07:38:51.531,"Any[64, 60, 53, 45, 37, 30, 25, 19, 11, 6, 1]",64,1
1092,2026-01-15T02:03:00.0,2026-01-17T07:40:45.531,"Any[64, 53, 45, 37, 30, 25, 19, 13, 8]",64,8
1267,2026-01-15T02:05:32.0,2026-01-17T07:43:17.531,"Any[64, 53, 45, 37, 30, 25, 19, 13, 8]",64,8
588,2026-01-15T02:10:04.0,2026-01-17T07:47:49.531,"Any[10, 19, 25, 30, 37, 45, 53]",10,53
1248,2026-01-15T02:10:04.0,2026-01-10T07:47:49.531,"Any[10, 19, 25, 30, 37, 45, 53]",10,53
879,2026-01-15T02:20:34.0,2026-01-17T07:58:19.531,"Any[64, 60, 53, 45, 37, 30, 25, 19, 13, 8]",64,8
259,2026-01-15T02:21:35.0,2026-01-10T07:59:20.531,"Any[8, 13, 19, 25, 30, 37, 45, 53, 62]",8,62
483,2026-01-15T02:21:35.0,2026-01-10T07:59:20.531,"Any[8, 13, 19, 25, 30, 37, 45, 53, 62]",8,62
650,2026-01-15T02:21:41.0,2026-01-17T07:59:26.531,"Any[64, 53, 45, 37, 30, 25, 19, 10]",64,10
973,2026-01-15T02:29:47.0,2026-01-10T08:07:32.531,"Any[64, 60, 53, 45, 37, 30, 25, 19, 11, 6, 1]",64,1
62,2026-01-15T02:46:47.0,2026-01-17T08:24:32.531,"Any[7, 8, 13, 19, 25, 30, 37, 45, 53]",7,53
1224,2026-01-15T02:46:47.0,2026-01-10T08:24:32.531,"Any[7, 8, 13, 19, 25, 30, 37, 45, 53]",7,53
777,2026-01-15T03:46:06.524,2026-01-17T09:23:52.055,"Any[7, 8, 13, 19, 25, 30, 37, 45, 56]",7,56
169,2026-01-15T03:58:56.0,2026-01-10T09:36:41.531,"Any[64, 60, 53, 45, 37, 30, 25, 19, 11, 6, 1]",64,1
1269,2026-01-15T03:58:56.0,2026-01-17T09:36:41.531,"Any[64, 60, 53, 45, 37, 30, 25, 19, 11, 6, 1]",64,1
952,2026-01-15T04:31:06.0,2026-01-17T10:08:51.531,"Any[19, 25, 30, 37, 45, 53]",19,53
1177,2026-01-15T05:14:16.0,2026-01-17T10:52:01.531,"Any[62, 56, 45, 37, 30, 25, 19]",62,19
964,2026-01-15T05:35:11.0,2026-01-17T11:12:56.531,"Any[8, 13, 19, 25, 30, 37, 45, 56, 60, 64]",8,64
1564,2026-01-15T07:33:41.0,2026-01-17T13:11:26.531,"Any[10, 19, 25, 30, 37, 45, 53]",10,53
215,2026-01-15T07:40:57.0,2026-01-17T13:18:42.531,"Any[56, 45, 37, 30, 25, 19, 10]",56,10
1368,2026-01-15T07:40:57.0,2026-01-10T13:18:42.531,"Any[56, 45, 37, 30, 25, 19, 10]",56,10
820,2026-01-15T07:45:56.0,2026-01-10T13:23:41.531,"Any[53, 45, 37, 30, 25, 19, 11, 6, 1]",53,1
1411,2026-01-15T07:45:56.0,2026-01-17T13:23:41.531,"Any[53, 45, 37, 30, 25, 19, 11, 6, 1]",53,1
204,2026-01-15T07:48:44.0,2026-01-10T13:26:29.531,"Any[56, 45, 37, 30, 25]",56,25
1308,2026-01-15T07:48:44.0,2026-01-17T13:26:29.531,"Any[56, 45, 37, 30, 25]",56,25
195,2026-01-15T08:12:01.0,2026-01-17T13:49:46.531,"Any[19, 25, 30, 37, 45, 53]",19,53
585,2026-01-15T08:12:30.0,2026-01-10T13:50:15.531,"Any[19, 25, 30, 37, 45, 53]",19,53
392,2026-01-15T09:10:30.0,2026-01-10T14:48:15.531,"Any[53, 45, 37, 30, 25, 19, 10]",53,10
1206,2026-01-15T09:10:30.0,2026-01-17T14:48:15.531,"Any[53, 45, 37, 30, 25, 19, 10]",53,10
233,2026-01-15T09:23:15.0,2026-01-10T15:01:00.531,"Any[64, 53, 45, 37, 30, 25, 19, 10]",64,10
957,2026-01-15T10:19:53.768,2026-01-17T15:57:39.299,"Any[53, 45, 37, 30, 25, 19, 11, 6, 1]",53,1
1084,2026-01-15T10:19:53.768,2026-01-10T15:57:39.299,"Any[53, 45, 37, 30, 25, 19, 11, 6, 1]",53,1
551,2026-01-15T10:38:10.0,2026-01-17T16:15:55.531,"Any[6, 11, 19, 25, 30, 37, 45]",6,45
548,2026-01-15T10:58:45.572,2026-01-17T16:36:31.103,"Any[62, 45, 37, 30, 25, 19]",62,19
1027,2026-01-15T11:19:32.0,2026-01-10T16:57:17.531,"Any[6, 11, 19, 25, 30, 37, 45]",6,45
102,2026-01-15T11:32:14.0,2026-01-17T17:09:59.531,"Any[64, 60, 53, 45, 37, 30, 25, 19, 10]",64,10
881,2026-01-15T11:44:05.0,2026-01-10T17:21:50.531,"Any[8, 13, 19, 25, 30, 37, 45, 56]",8,56
1405,2026-01-15T11:52:50.0,2026-01-17T17:30:35.531,"Any[53, 45, 37, 30, 25, 19, 13, 8]",53,8
1464,2026-01-15T12:30:46.04,2026-01-10T18:08:31.571,"Any[19, 25, 30, 37, 45, 56]",19,56
431,2026-01-15T12:51:04.884,2026-01-17T18:28:50.415,"Any[64, 60, 56, 45, 37, 30, 25, 19, 13, 8, 7, 8]",64,8
620,2026-01-15T13:55:44.0,2026-01-17T19:33:29.531,"Any[19, 25, 30, 37, 45, 56, 60]",19,60
1050,2026-01-15T14:01:22.428,2026-01-17T19:39:07.959,"Any[1, 6, 11, 19, 25, 30, 37, 45, 56]",1,56
1197,2026-01-15T14:30:46.0,2026-01-10T20:08:31.531,"Any[1, 6, 11, 19, 25, 30, 37, 45, 56]",1,56
1542,2026-01-15T14:30:46.0,2026-01-10T20:08:31.531,"Any[1, 6, 11, 19, 25, 30, 37, 45, 56]",1,56
1546,2026-01-15T14:30:46.0,2026-01-17T20:08:31.531,"Any[1, 6, 11, 19, 25, 30, 37, 45, 56]",1,56
546,2026-01-15T14:41:44.0,2026-01-17T20:19:29.531,"Any[19, 25, 30, 37, 45, 56]",19,56
889,2026-01-15T15:05:02.389,2026-01-17T20:42:47.92,"Any[45, 37, 30, 25, 19]",45,19
754,2026-01-15T15:16:08.0,2026-01-17T20:53:53.531,"Any[53, 45, 37, 30, 25, 19, 11, 6, 1]",53,1
1129,2026-01-15T15:16:08.0,2026-01-10T20:53:53.531,"Any[53, 45, 37, 30, 25, 19, 11, 6, 1]",53,1
113,2026-01-15T15:53:49.0,2026-01-17T21:31:34.531,"Any[64, 60, 53, 45, 37, 30, 25, 19, 10]",64,10
244,2026-01-15T16:04:09.0,2026-01-10T21:41:54.531,"Any[56, 45, 37, 30, 25]",56,25
247,2026-01-15T16:04:09.0,2026-01-17T21:41:54.531,"Any[56, 45, 37, 30, 25]",56,25
1018,2026-01-15T16:04:09.0,2026-01-17T21:41:54.531,"Any[56, 45, 37, 30, 25]",56,25
1039,2026-01-15T16:04:09.0,2026-01-10T21:41:54.531,"Any[56, 45, 37, 30, 25]",56,25
205,2026-01-15T16:08:59.421,2026-01-17T21:46:44.952,"Any[1, 6, 11, 19, 25, 30, 37, 45, 56]",1,56
1545,2026-01-15T16:08:59.421,2026-01-17T21:46:44.952,"Any[1, 6, 11, 19, 25, 30, 37, 45, 56]",1,56
596,2026-01-15T16:12:32.0,2026-01-10T21:50:17.531,"Any[60, 53, 45, 37, 30, 25]",60,25
758,2026-01-15T16:12:32.0,2026-01-10T21:50:17.531,"Any[60, 53, 45, 37, 30, 25]",60,25
729,2026-01-15T16:20:28.0,2026-01-17T21:58:13.531,"Any[8, 13, 19, 25, 30, 37, 45, 56]",8,56
68,2026-01-15T16:22:08.0,2026-01-10T21:59:53.531,"Any[64, 56, 45, 37, 30, 25, 19, 11, 6]",64,6
823,2026-01-15T16:22:08.0,2026-01-17T21:59:53.531,"Any[64, 56, 45, 37, 30, 25, 19, 11, 6]",64,6
9,2026-01-15T16:30:11.0,2026-01-17T22:07:56.531,"Any[10, 19, 25, 30, 37, 45, 53]",10,53
1561,2026-01-15T16:30:11.0,2026-01-10T22:07:56.531,"Any[10, 19, 25, 30, 37, 45, 53]",10,53
1597,2026-01-15T16:30:11.0,2026-01-10T22:07:56.531,"Any[10, 19, 25, 30, 37, 45, 53]",10,53
1528,2026-01-15T16:39:03.8,2026-01-10T22:16:49.331,"Any[1, 6, 11, 19, 25, 30, 37, 45, 56, 60]",1,60
342,2026-01-15T16:44:24.0,2026-01-17T22:22:09.531,"Any[60, 53, 45, 37, 30, 25, 19, 10]",60,10
1298,2026-01-15T16:44:24.0,2026-01-10T22:22:09.531,"Any[60, 53, 45, 37, 30, 25, 19, 10]",60,10
1093,2026-01-15T16:45:22.0,2026-01-17T22:23:07.531,"Any[5, 6, 11, 19, 25, 30, 37, 45]",5,45
1487,2026-01-15T16:47:32.856,2026-01-17T22:25:18.387,"Any[8, 13, 19, 25, 30, 37, 45, 56]",8,56
1178,2026-01-15T17:04:06.0,2026-01-10T22:41:51.531,"Any[56, 45, 37, 30, 25, 19, 11, 6, 6, 1]",56,6
382,2026-01-15T17:08:06.0,2026-01-17T22:45:51.531,"Any[6, 11, 19, 25, 30, 37, 45, 53]",6,53
1054,2026-01-15T17:26:46.913,2026-01-10T23:04:32.444,"Any[1, 6, 11, 19, 25, 30, 37, 45, 56]",1,56
1313,2026-01-15T17:40:20.0,2026-01-10T23:18:05.531,"Any[56, 45, 37, 30, 25, 19, 11, 6]",56,6
984,2026-01-15T17:48:05.0,2026-01-10T23:25:50.531,"Any[8, 13, 19, 25, 30, 37, 45, 56]",8,56
792,2026-01-15T17:53:31.0,2026-01-17T23:31:16.531,"Any[45, 37, 30, 25, 19, 10]",45,10
1440,2026-01-15T17:53:31.0,2026-01-17T23:31:16.531,"Any[45, 37, 30, 25, 19, 10]",45,10
277,2026-01-15T17:58:25.0,2026-01-10T23:36:10.531,"Any[6, 11, 19, 25, 30, 37, 45]",6,45
278,2026-01-15T17:58:27.0,2026-01-10T23:36:12.531,"Any[56, 45, 37, 30, 25, 19, 11, 6, 6, 5, 1, 1]",56,6
1055,2026-01-15T17:58:27.0,2026-01-17T23:36:12.531,"Any[56, 45, 37, 30, 25, 19, 11, 6, 6, 5, 1, 1]",56,6
1143,2026-01-15T17:58:29.305,2026-01-10T23:36:14.836,"Any[60, 56, 45, 37, 30, 25, 19, 11, 6]",60,6
197,2026-01-15T18:06:08.553,2026-01-10T23:43:54.084,"Any[8, 13, 19, 25, 30, 37, 45]",8,45
100,2026-01-15T18:13:32.0,2026-01-17T23:51:17.531,"Any[10, 19, 25, 30, 37, 45, 53]",10,53
516,2026-01-15T18:13:32.0,2026-01-10T23:51:17.531,"Any[10, 19, 25, 30, 37, 45, 53]",10,53
1567,2026-01-15T18:13:32.0,2026-01-17T23:51:17.531,"Any[10, 19, 25, 30, 37, 45, 53]",10,53
1450,2026-01-15T18:18:32.0,2026-01-10T23:56:17.531,"Any[19, 25, 30, 37, 45, 56, 60]",19,60
1451,2026-01-15T18:18:32.0,2026-01-17T23:56:17.531,"Any[19, 25, 30, 37, 45, 56, 60]",19,60
566,2026-01-15T18:20:46.0,2026-01-10T23:58:31.531,"Any[60, 53, 45, 37, 30, 25, 19, 13, 8]",60,8
106,2026-01-15T18:21:28.0,2026-01-17T23:59:13.531,"Any[64, 60, 56, 45, 37, 30, 25, 19, 11, 6]",64,6
225,2026-01-15T18:21:28.0,2026-01-17T23:59:13.531,"Any[64, 60, 56, 45, 37, 30, 25, 19, 11, 6]",64,6
1258,2026-01-15T18:21:28.0,2026-01-10T23:59:13.531,"Any[64, 60, 56, 45, 37, 30, 25, 19, 11, 6]",64,6
613,2026-01-15T18:24:58.0,2026-01-11T00:02:43.531,"Any[62, 53, 45, 37, 30, 25, 19, 11, 6, 1]",62,1
1113,2026-01-15T18:26:14.305,2026-01-11T00:03:59.836,"Any[60, 56, 45, 37, 30, 25, 19, 11, 6]",60,6
1236,2026-01-15T18:26:14.305,2026-01-18T00:03:59.836,"Any[60, 56, 45, 37, 30, 25, 19, 11, 6]",60,6
1337,2026-01-15T18:31:33.876,2026-01-11T00:09:19.407,"Any[56, 45, 37, 30, 25, 19, 11, 6]",56,6
1327,2026-01-15T18:42:58.0,2026-01-11T00:20:43.531,"Any[56, 45, 37, 30, 25, 19, 11, 6]",56,6
1334,2026-01-15T18:42:58.0,2026-01-11T00:20:43.531,"Any[56, 45, 37, 30, 25, 19, 11, 6]",56,6
285,2026-01-15T18:45:51.0,2026-01-18T00:23:36.531,"Any[17, 25, 30, 37, 45]",17,45
47,2026-01-15T18:55:21.0,2026-01-11T00:33:06.531,"Any[7, 8, 13, 19, 25, 30, 37, 45, 53]",7,53
836,2026-01-15T18:55:21.0,2026-01-11T00:33:06.531,"Any[7, 8, 13, 19, 25, 30, 37, 45, 53]",7,53
459,2026-01-15T18:57:02.0,2026-01-11T00:34:47.531,"Any[45, 37, 30, 25, 19, 17, 10]",45,10
1196,2026-01-15T18:57:02.0,2026-01-11T00:34:47.531,"Any[45, 37, 30, 25, 19, 17, 10]",45,10
474,2026-01-15T19:28:43.0,2026-01-11T01:06:28.531,"Any[19, 25, 30, 37, 45, 56]",19,56
574,2026-01-15T19:34:20.0,2026-01-18T01:12:05.531,"Any[60, 53, 45, 37, 30, 25]",60,25
1091,2026-01-15T19:35:22.0,2026-01-18T01:13:07.531,"Any[10, 19, 25, 30, 37, 45, 53]",10,53
262,2026-01-15T19:45:22.0,2026-01-18T01:23:07.531,"Any[53, 45, 37, 30, 25, 19, 13, 8]",53,8
391,2026-01-15T19:45:22.0,2026-01-11T01:23:07.531,"Any[53, 45, 37, 30, 25, 19, 13, 8]",53,8
1373,2026-01-15T19:59:11.0,2026-01-18T01:36:56.531,"Any[53, 45, 37, 30, 25, 19, 13, 8]",53,8
844,2026-01-15T19:59:13.0,2026-01-18T01:36:58.531,"Any[10, 19, 25, 30, 37, 45, 53]",10,53
1576,2026-01-15T19:59:13.0,2026-01-11T01:36:58.531,"Any[10, 19, 25, 30, 37, 45, 53]",10,53
603,2026-01-15T20:38:14.0,2026-01-11T02:15:59.531,"Any[7, 8, 13, 19, 25, 30, 37, 45, 53]",7,53
1583,2026-01-15T20:43:02.0,2026-01-18T02:20:47.531,"Any[10, 19, 25, 30, 37, 45, 53]",10,53
333,2026-01-15T20:51:15.0,2026-01-18T02:29:00.531,"Any[53, 45, 37, 30, 25, 19, 11, 6, 1]",53,1
536,2026-01-15T20:55:05.0,2026-01-18T02:32:50.531,"Any[10, 19, 25, 30, 37, 45, 53]",10,53
959,2026-01-15T20:57:34.0,2026-01-11T02:35:19.531,"Any[7, 8, 13, 19, 25, 30, 37, 45, 53]",7,53
14,2026-01-15T21:07:06.0,2026-01-18T02:44:51.531,"Any[53, 45, 37, 30, 25, 19, 13, 8]",53,8
658,2026-01-15T21:07:06.0,2026-01-18T02:44:51.531,"Any[53, 45, 37, 30, 25, 19, 13, 8]",53,8
675,2026-01-15T21:07:06.0,2026-01-11T02:44:51.531,"Any[53, 45, 37, 30, 25, 19, 13, 8]",53,8
1381,2026-01-15T21:07:06.0,2026-01-18T02:44:51.531,"Any[53, 45, 37, 30, 25, 19, 13, 8]",53,8
1083,2026-01-15T22:25:37.0,2026-01-18T04:03:22.531,"Any[10, 19, 25, 30, 37, 45, 53]",10,53
119,2026-01-15T22:29:17.0,2026-01-18T04:07:02.531,"Any[56, 45, 37, 30, 25, 19, 11, 6]",56,6
1085,2026-01-15T22:29:17.0,2026-01-18T04:07:02.531,"Any[56, 45, 37, 30, 25, 19, 11, 6]",56,6
153,2026-01-15T22:46:25.0,2026-01-11T04:24:10.531,"Any[53, 45, 37, 30, 25]",53,25
114,2026-01-15T22:58:28.0,2026-01-11T04:36:13.531,"Any[53, 45, 37, 30, 25, 19, 10]",53,10
683,2026-01-15T23:00:08.0,2026-01-18T04:37:53.531,"Any[19, 25, 30, 37, 45, 56]",19,56
550,2026-01-15T23:26:35.0,2026-01-18T05:04:20.531,"Any[8, 13, 19, 25, 30, 37, 45, 56]",8,56
1365,2026-01-15T23:35:12.952,2026-01-11T05:12:58.483,"Any[56, 45, 37, 30, 25, 19, 10]",56,10
383,2026-01-15T23:53:53.467,2026-01-11T05:31:38.998,"Any[8, 13, 19, 25, 30, 37, 45, 56]",8,56
1493,2026-01-15T23:53:53.467,2026-01-18T05:31:38.998,"Any[8, 13, 19, 25, 30, 37, 45, 56]",8,56
1004,2026-01-16T00:15:22.0,2026-01-11T05:53:07.531,"Any[8, 13, 19, 25, 30, 37, 45, 56]",8,56
832,2026-01-16T00:26:36.0,2026-01-11T06:04:21.531,"Any[53, 45, 37, 30, 25, 19, 11, 6, 1]",53,1
901,2026-01-16T00:26:36.0,2026-01-18T06:04:21.531,"Any[53, 45, 37, 30, 25, 19, 11, 6, 1]",53,1
808,2026-01-16T01:08:55.0,2026-01-11T06:46:40.531,"Any[64, 60, 53, 45, 37, 30, 25, 19, 10]",64,10
1504,2026-01-16T01:16:37.0,2026-01-11T06:54:22.531,"Any[8, 13, 19, 25, 30, 37, 45, 56]",8,56
228,2026-01-16T01:27:44.842,2026-01-18T07:05:30.373,"Any[53, 45, 37, 30, 25, 19, 11, 6, 1]",53,1
827,2026-01-16T01:28:20.904,2026-01-11T07:06:06.435,"Any[10, 19, 25, 30, 37, 45, 53]",10,53
63,2026-01-16T01:35:40.0,2026-01-11T07:13:25.531,"Any[16, 25, 30, 37, 45, 53]",16,53
1209,2026-01-16T01:35:40.0,2026-01-11T07:13:25.531,"Any[16, 25, 30, 37, 45, 53]",16,53
1407,2026-01-16T01:47:40.0,2026-01-18T07:25:25.531,"Any[53, 45, 37, 30, 25, 19, 13, 8]",53,8
161,2026-01-16T02:19:24.0,2026-01-18T07:57:09.531,"Any[53, 45, 37, 30, 25, 19, 11, 6, 1]",53,1
590,2026-01-16T02:19:24.0,2026-01-11T07:57:09.531,"Any[53, 45, 37, 30, 25, 19, 11, 6, 1]",53,1
358,2026-01-16T02:27:45.0,2026-01-11T08:05:30.531,"Any[19, 25, 30, 37, 45, 56]",19,56
982,2026-01-16T02:33:43.0,2026-01-18T08:11:28.531,"Any[53, 45, 37, 30, 25, 19, 11, 6, 1]",53,1
154,2026-01-16T02:46:32.0,2026-01-18T08:24:17.531,"Any[64, 60, 53, 45, 37, 30, 25, 19, 10]",64,10
553,2026-01-16T03:08:33.0,2026-01-18T08:46:18.531,"Any[53, 45, 37, 30, 25, 19, 11, 6, 1]",53,1
1421,2026-01-16T03:08:33.0,2026-01-11T08:46:18.531,"Any[53, 45, 37, 30, 25, 19, 11, 6, 1]",53,1
371,2026-01-16T03:34:11.0,2026-01-11T09:11:56.531,"Any[60, 56, 45, 37, 30, 25, 19, 11, 6]",60,6
89,2026-01-16T03:48:37.0,2026-01-11T09:26:22.531,"Any[56, 45, 37, 30, 25, 19, 10]",56,10
140,2026-01-16T03:48:37.0,2026-01-18T09:26:22.531,"Any[56, 45, 37, 30, 25, 19, 10]",56,10
1288,2026-01-16T04:54:43.0,2026-01-18T10:32:28.531,"Any[60, 53, 45, 37, 30, 25, 19, 10]",60,10
424,2026-01-16T05:44:55.0,2026-01-18T11:22:40.531,"Any[64, 60, 53, 45, 37, 30, 25, 19, 11, 6, 1]",64,1
1116,2026-01-16T05:44:55.0,2026-01-18T11:22:40.531,"Any[64, 60, 53, 45, 37, 30, 25, 19, 11, 6, 1]",64,1
1071,2026-01-16T06:18:52.0,2026-01-18T11:56:37.531,"Any[19, 25, 30, 37, 45, 56]",19,56
326,2026-01-16T06:28:44.0,2026-01-11T12:06:29.531,"Any[53, 45, 37, 30, 25]",53,25
923,2026-01-16T06:39:06.0,2026-01-18T12:16:51.531,"Any[19, 25, 30, 37, 45, 56]",19,56
471,2026-01-16T06:48:36.0,2026-01-11T12:26:21.531,"Any[10, 19, 25, 30, 37, 45, 53]",10,53
611,2026-01-16T06:51:04.0,2026-01-11T12:28:49.531,"Any[1, 6, 11, 16, 25, 30, 37, 45, 56]",1,56
1173,2026-01-16T07:15:26.0,2026-01-11T12:53:11.531,"Any[53, 45, 37, 30, 25, 19, 11, 6, 5]",53,5
1466,2026-01-16T08:05:19.0,2026-01-18T13:43:04.531,"Any[19, 25, 30, 37, 45, 53]",19,53
206,2026-01-16T08:08:21.619,2026-01-18T13:46:07.15,"Any[53, 45, 37, 30, 25, 19, 13, 8]",53,8
496,2026-01-16T08:25:56.0,2026-01-11T14:03:41.531,"Any[19, 25, 30, 37, 45, 53]",19,53
248,2026-01-16T08:41:02.0,2026-01-11T14:18:47.531,"Any[6, 11, 16, 25, 30, 37, 45]",6,45
736,2026-01-16T08:41:02.0,2026-01-11T14:18:47.531,"Any[6, 11, 16, 25, 30, 37, 45]",6,45
1263,2026-01-16T08:41:02.0,2026-01-11T14:18:47.531,"Any[6, 11, 16, 25, 30, 37, 45]",6,45
547,2026-01-16T08:57:41.0,2026-01-18T14:35:26.531,"Any[53, 45, 37, 30, 25, 19, 11, 6, 1]",53,1
1429,2026-01-16T08:57:41.0,2026-01-11T14:35:26.531,"Any[53, 45, 37, 30, 25, 19, 11, 6, 1]",53,1
198,2026-01-16T09:01:03.0,2026-01-18T14:38:48.531,"Any[16, 19, 25, 30, 37, 45, 53]",16,53
1035,2026-01-16T09:01:03.0,2026-01-11T14:38:48.531,"Any[16, 19, 25, 30, 37, 45, 53]",16,53
745,2026-01-16T09:25:56.0,2026-01-11T15:03:41.531,"Any[53, 45, 37, 30, 25, 19, 11, 6, 3, 1]",53,1
802,2026-01-16T09:34:19.0,2026-01-18T15:12:04.531,"Any[60, 56, 45, 37, 30, 25, 19, 13, 8]",60,8
416,2026-01-16T09:58:14.601,2026-01-18T15:36:00.132,"Any[53, 45, 37, 30, 25, 19, 10]",53,10
1144,2026-01-16T09:58:14.601,2026-01-11T15:36:00.132,"Any[53, 45, 37, 30, 25, 19, 10]",53,10
740,2026-01-16T10:28:32.0,2026-01-18T16:06:17.531,"Any[6, 11, 19, 17, 19, 25, 30, 37, 45]",6,45
1201,2026-01-16T10:32:09.0,2026-01-18T16:09:54.531,"Any[19, 25, 30, 37, 45, 53]",19,53
856,2026-01-16T10:36:45.0,2026-01-18T16:14:30.531,"Any[10, 19, 25, 30, 37, 45, 53]",10,53
968,2026-01-16T10:37:01.0,2026-01-18T16:14:46.531,"Any[53, 45, 37, 30, 25, 19, 10]",53,10
911,2026-01-16T10:49:57.0,2026-01-11T16:27:42.531,"Any[53, 45, 37, 30, 25, 19, 13, 8]",53,8
309,2026-01-16T11:15:53.0,2026-01-18T16:53:38.531,"Any[60, 53, 45, 37, 30, 25, 19, 11, 6]",60,6
573,2026-01-16T11:16:46.0,2026-01-18T16:54:31.531,"Any[45, 37, 30, 25, 19]",45,19
791,2026-01-16T11:16:46.0,2026-01-11T16:54:31.531,"Any[45, 37, 30, 25, 19]",45,19
162,2026-01-16T11:24:58.0,2026-01-18T17:02:43.531,"Any[6, 11, 19, 25, 30, 37, 45]",6,45
537,2026-01-16T11:34:03.0,2026-01-18T17:11:48.531,"Any[3, 6, 11, 19, 25, 30, 37, 45, 56]",3,56
1228,2026-01-16T12:06:33.0,2026-01-11T17:44:18.531,"Any[64, 60, 53, 45, 37, 30, 25, 19, 10]",64,10
341,2026-01-16T12:16:28.0,2026-01-18T17:54:13.531,"Any[1, 6, 11, 19, 25, 30, 37, 45, 56]",1,56
903,2026-01-16T12:16:28.0,2026-01-18T17:54:13.531,"Any[1, 6, 11, 19, 25, 30, 37, 45, 56]",1,56
327,2026-01-16T12:16:39.888,2026-01-18T17:54:25.419,"Any[8, 13, 19, 25, 30, 37, 45, 56]",8,56
203,2026-01-16T12:38:25.0,2026-01-11T18:16:10.531,"Any[19, 25, 30, 37, 45, 56]",19,56
374,2026-01-16T12:49:03.0,2026-01-18T18:26:48.531,"Any[60, 53, 45, 37, 30, 25]",60,25
1254,2026-01-16T12:52:49.0,2026-01-11T18:30:34.531,"Any[45, 37, 30, 25, 19, 10]",45,10
1438,2026-01-16T12:52:49.0,2026-01-11T18:30:34.531,"Any[45, 37, 30, 25, 19, 10]",45,10
60,2026-01-16T13:02:58.0,2026-01-18T18:40:43.531,"Any[8, 13, 19, 25, 30, 37, 45, 56]",8,56
640,2026-01-16T13:09:21.0,2026-01-11T18:47:06.531,"Any[53, 45, 37, 30, 25, 19, 10]",53,10
1586,2026-01-16T13:15:48.794,2026-01-18T18:53:34.325,"Any[10, 19, 25, 30, 37, 45, 53]",10,53
1325,2026-01-16T13:30:59.439,2026-01-11T19:08:44.97,"Any[56, 45, 37, 30, 25, 19, 11, 6]",56,6
507,2026-01-16T13:31:19.809,2026-01-11T19:09:05.34,"Any[56, 45, 37, 30, 25, 19, 11, 6]",56,6
1321,2026-01-16T13:31:19.809,2026-01-18T19:09:05.34,"Any[56, 45, 37, 30, 25, 19, 11, 6]",56,6
494,2026-01-16T13:41:24.0,2026-01-11T19:19:09.531,"Any[45, 37, 30, 25, 19, 10]",45,10
412,2026-01-16T13:52:51.0,2026-01-11T19:30:36.531,"Any[56, 45, 37, 30, 25, 19, 11, 6]",56,6
515,2026-01-16T14:06:06.0,2026-01-11T19:43:51.531,"Any[45, 37, 30, 25]",45,25
629,2026-01-16T14:07:09.0,2026-01-11T19:44:54.531,"Any[19, 17, 25, 30, 37, 45, 53]",19,53
108,2026-01-16T14:37:14.0,2026-01-11T20:14:59.531,"Any[54, 44, 36, 23, 19, 11, 6]",54,6
971,2026-01-16T15:00:49.0,2026-01-18T20:38:34.531,"Any[53, 45, 37, 30, 25, 19, 10]",53,10
1309,2026-01-16T15:01:50.0,2026-01-18T20:39:35.531,"Any[56, 45, 37, 30, 25]",56,25
57,2026-01-16T15:14:18.0,2026-01-11T20:52:03.531,"Any[64, 60, 53, 45, 37, 30, 25]",64,25
110,2026-01-16T15:33:15.838,2026-01-11T21:11:01.369,"Any[6, 11, 19, 25, 30, 37, 45, 53]",6,53
372,2026-01-16T15:40:00.0,2026-01-11T21:17:45.531,"Any[17, 16, 17, 25, 30, 37, 45, 53]",17,53
490,2026-01-16T15:40:00.0,2026-01-11T21:17:45.531,"Any[17, 16, 17, 25, 30, 37, 45, 53]",17,53
783,2026-01-16T15:40:26.0,2026-01-18T21:18:11.531,"Any[56, 45, 37, 30, 25]",56,25
325,2026-01-16T15:56:42.797,2026-01-18T21:34:28.328,"Any[56, 45, 37, 30, 25, 19, 11, 6, 6, 1]",56,6
1076,2026-01-16T15:56:42.797,2026-01-18T21:34:28.328,"Any[56, 45, 37, 30, 25, 19, 11, 6, 6, 1]",56,6
568,2026-01-16T16:03:08.0,2026-01-18T21:40:53.531,"Any[54, 44, 36, 23, 19, 11, 6]",54,6
1065,2026-01-16T16:03:08.0,2026-01-11T21:40:53.531,"Any[54, 44, 36, 23, 19, 11, 6]",54,6
1276,2026-01-16T16:19:21.0,2026-01-18T21:57:06.531,"Any[60, 56, 45, 37, 30, 25]",60,25
599,2026-01-16T16:21:22.0,2026-01-18T21:59:07.531,"Any[56, 45, 37, 30, 25, 19, 11, 6]",56,6
1235,2026-01-16T16:28:40.0,2026-01-18T22:06:25.531,"Any[53, 45, 37, 30, 25, 19, 10]",53,10
17,2026-01-16T16:47:10.0,2026-01-18T22:24:55.531,"Any[56, 45, 37, 30, 25, 19, 14]",56,14
646,2026-01-16T16:47:10.0,2026-01-18T22:24:55.531,"Any[56, 45, 37, 30, 25, 19, 14]",56,14
963,2026-01-16T17:01:01.0,2026-01-18T22:38:46.531,"Any[7, 8, 13, 19, 25, 30, 37, 45, 53]",7,53
1240,2026-01-16T17:01:01.0,2026-01-11T22:38:46.531,"Any[7, 8, 13, 19, 25, 30, 37, 45, 53]",7,53
137,2026-01-16T17:17:15.0,2026-01-11T22:55:00.531,"Any[64, 53, 45, 37, 30, 25, 19, 11, 6, 1]",64,1
1484,2026-01-16T18:03:48.0,2026-01-11T23:41:33.531,"Any[8, 13, 19, 25, 30, 37, 45, 56]",8,56
768,2026-01-16T18:33:30.0,2026-01-12T00:11:15.531,"Any[6, 11, 19, 25, 30, 37, 45]",6,45
486,2026-01-16T19:09:05.275,2026-01-12T00:46:50.806,"Any[60, 56, 45, 37, 30, 25, 19, 13, 8]",60,8
1148,2026-01-16T19:22:15.0,2026-01-19T01:00:00.531,"Any[8, 13, 19, 25, 30, 37, 45, 56]",8,56
1596,2026-01-16T19:37:27.0,2026-01-12T01:15:12.531,"Any[10, 19, 25, 30, 37, 45, 53]",10,53
1202,2026-01-16T19:43:10.0,2026-01-19T01:20:55.531,"Any[53, 45, 37, 30, 25, 19, 13, 8]",53,8
492,2026-01-16T19:44:16.0,2026-01-19T01:22:01.531,"Any[53, 45, 37, 30, 25, 19, 13, 8]",53,8
839,2026-01-16T19:44:16.0,2026-01-12T01:22:01.531,"Any[53, 45, 37, 30, 25, 19, 13, 8]",53,8
1257,2026-01-16T19:44:16.0,2026-01-19T01:22:01.531,"Any[53, 45, 37, 30, 25, 19, 13, 8]",53,8
529,2026-01-16T20:11:40.0,2026-01-19T01:49:25.531,"Any[53, 45, 37, 30, 25, 19, 10]",53,10
1522,2026-01-16T21:03:18.164,2026-01-19T02:41:03.695,"Any[1, 6, 11, 19, 23, 36, 44, 54, 60]",1,60
34,2026-01-16T21:09:40.513,2026-01-19T02:47:26.044,"Any[8, 13, 19, 25, 30, 37, 45, 56]",8,56
1585,2026-01-16T21:14:14.0,2026-01-12T02:51:59.531,"Any[10, 19, 25, 30, 37, 45, 53]",10,53
1599,2026-01-16T21:14:14.0,2026-01-12T02:51:59.531,"Any[10, 19, 25, 30, 37, 45, 53]",10,53
433,2026-01-16T21:15:29.731,2026-01-12T02:53:15.262,"Any[8, 13, 19, 25, 30, 37, 45, 56]",8,56
1503,2026-01-16T21:15:29.731,2026-01-19T02:53:15.262,"Any[8, 13, 19, 25, 30, 37, 45, 56]",8,56
174,2026-01-16T21:32:36.0,2026-01-12T03:10:21.531,"Any[60, 56, 45, 37, 30, 25, 19, 11, 6]",60,6
926,2026-01-16T21:40:08.0,2026-01-19T03:17:53.531,"Any[10, 19, 25, 30, 37, 45, 53]",10,53
1225,2026-01-16T21:45:26.0,2026-01-19T03:23:11.531,"Any[1, 6, 11, 16, 25, 30, 37, 45, 56, 60]",1,60
770,2026-01-16T21:53:29.204,2026-01-12T03:31:14.735,"Any[60, 56, 45, 37, 30, 25, 19, 11, 6]",60,6
878,2026-01-16T21:53:29.204,2026-01-12T03:31:14.735,"Any[60, 56, 45, 37, 30, 25, 19, 11, 6]",60,6
355,2026-01-16T22:23:15.0,2026-01-12T04:01:00.531,"Any[7, 8, 13, 19, 25, 30, 37, 45, 53, 60]",7,60
23,2026-01-16T23:08:27.0,2026-01-12T04:46:12.531,"Any[6, 11, 19, 25, 30, 37, 45, 53]",6,53
202,2026-01-16T23:13:23.0,2026-01-19T04:51:08.531,"Any[56, 45, 37, 30, 25, 19, 11, 6]",56,6
1345,2026-01-16T23:13:23.0,2026-01-12T04:51:08.531,"Any[56, 45, 37, 30, 25, 19, 11, 6]",56,6
1124,2026-01-16T23:15:08.0,2026-01-12T04:52:53.531,"Any[10, 19, 25, 30, 37, 45, 53]",10,53
1526,2026-01-16T23:36:02.0,2026-01-19T05:13:47.531,"Any[1, 6, 11, 19, 23, 28, 36, 44, 54, 60]",1,60
1393,2026-01-17T00:03:03.0,2026-01-19T05:40:48.531,"Any[53, 45, 37, 30, 25, 19, 13, 8]",53,8
1406,2026-01-17T00:03:03.0,2026-01-19T05:40:48.531,"Any[53, 45, 37, 30, 25, 19, 13, 8]",53,8
737,2026-01-17T00:24:40.0,2026-01-19T06:02:25.531,"Any[6, 11, 19, 25, 30, 37, 45]",6,45
1469,2026-01-17T00:25:49.0,2026-01-12T06:03:34.531,"Any[19, 25, 30, 37, 45, 53]",19,53
953,2026-01-17T00:48:13.0,2026-01-19T06:25:58.531,"Any[60, 53, 45, 37, 30, 25, 19, 10]",60,10
1287,2026-01-17T00:48:13.0,2026-01-12T06:25:58.531,"Any[60, 53, 45, 37, 30, 25, 19, 10]",60,10
1163,2026-01-17T01:15:16.0,2026-01-19T06:53:01.531,"Any[45, 37, 30, 25]",45,25
1264,2026-01-17T01:15:16.0,2026-01-12T06:53:01.531,"Any[45, 37, 30, 25]",45,25
193,2026-01-17T01:15:33.0,2026-01-12T06:53:18.531,"Any[8, 13, 19, 25, 30, 37, 45, 56]",8,56
1016,2026-01-17T01:16:58.81,2026-01-19T06:54:44.341,"Any[56, 45, 37, 30, 25, 19, 10, 6]",56,6
1336,2026-01-17T01:16:58.81,2026-01-12T06:54:44.341,"Any[56, 45, 37, 30, 25, 19, 10, 6]",56,6
1531,2026-01-17T01:21:15.0,2026-01-12T06:59:00.531,"Any[1, 6, 11, 19, 25, 30, 37, 45, 53, 60]",1,60
472,2026-01-17T01:41:54.0,2026-01-12T07:19:39.531,"Any[7, 8, 13, 19, 25, 30, 37, 45, 53]",7,53
1492,2026-01-17T02:46:14.0,2026-01-12T08:23:59.531,"Any[8, 13, 19, 25, 30, 37, 45, 53, 56]",8,56
914,2026-01-17T02:53:04.0,2026-01-19T08:30:49.531,"Any[3, 10, 19, 25, 30, 37, 45, 53]",3,53
117,2026-01-17T04:39:17.0,2026-01-19T10:17:02.531,"Any[56, 45, 37, 30, 25]",56,25
396,2026-01-17T05:04:51.87,2026-01-19T10:42:37.401,"Any[60, 53, 45, 37, 30, 25, 19, 17, 19, 11, 6]",60,6
1552,2026-01-17T05:43:02.165,2026-01-12T11:20:47.696,"Any[6, 11, 25, 30, 37, 45, 53]",6,53
48,2026-01-17T06:15:21.0,2026-01-19T11:53:06.531,"Any[64, 60, 53, 45, 37, 30, 25, 19, 10]",64,10
1589,2026-01-17T06:17:19.0,2026-01-19T11:55:04.531,"Any[10, 11, 19, 25, 30, 37, 45, 53]",10,53
672,2026-01-17T06:41:29.0,2026-01-12T12:19:14.531,"Any[1, 6, 11, 19, 30, 37, 45, 56]",1,56
763,2026-01-17T06:41:29.0,2026-01-19T12:19:14.531,"Any[1, 6, 11, 19, 30, 37, 45, 56]",1,56
1100,2026-01-17T07:02:01.0,2026-01-19T12:39:46.531,"Any[6, 11, 19, 25, 30, 37, 45, 53]",6,53
1219,2026-01-17T07:02:01.0,2026-01-19T12:39:46.531,"Any[6, 11, 19, 25, 30, 37, 45, 53]",6,53
1555,2026-01-17T07:02:01.0,2026-01-12T12:39:46.531,"Any[6, 11, 19, 25, 30, 37, 45, 53]",6,53
406,2026-01-17T08:36:04.0,2026-01-12T14:13:49.531,"Any[19, 25, 30, 37, 45, 56]",19,56
1247,2026-01-17T08:36:04.0,2026-01-19T14:13:49.531,"Any[19, 25, 30, 37, 45, 56]",19,56
11,2026-01-17T08:51:01.0,2026-01-12T14:28:46.531,"Any[10, 19, 25, 30, 37, 45, 53]",10,53
1032,2026-01-17T08:51:01.0,2026-01-19T14:28:46.531,"Any[10, 19, 25, 30, 37, 45, 53]",10,53
579,2026-01-17T09:00:36.0,2026-01-12T14:38:21.531,"Any[53, 45, 37, 30, 25, 19, 11, 6, 1]",53,1
682,2026-01-17T09:00:36.0,2026-01-12T14:38:21.531,"Any[53, 45, 37, 30, 25, 19, 11, 6, 1]",53,1
907,2026-01-17T09:00:36.0,2026-01-19T14:38:21.531,"Any[53, 45, 37, 30, 25, 19, 11, 6, 1]",53,1
1171,2026-01-17T09:00:36.0,2026-01-19T14:38:21.531,"Any[53, 45, 37, 30, 25, 19, 11, 6, 1]",53,1
395,2026-01-17T09:30:01.0,2026-01-19T15:07:46.531,"Any[19, 25, 30, 37, 45, 53]",19,53
437,2026-01-17T09:30:01.0,2026-01-19T15:07:46.531,"Any[19, 25, 30, 37, 45, 53]",19,53
993,2026-01-17T09:30:01.0,2026-01-19T15:07:46.531,"Any[19, 25, 30, 37, 45, 53]",19,53
148,2026-01-17T09:31:56.0,2026-01-12T15:09:41.531,"Any[53, 45, 37, 30, 25, 19, 10]",53,10
359,2026-01-17T09:48:06.0,2026-01-19T15:25:51.531,"Any[56, 45, 37, 30, 25, 19, 11, 6]",56,6
1335,2026-01-17T09:48:06.0,2026-01-19T15:25:51.531,"Any[56, 45, 37, 30, 25, 19, 11, 6]",56,6
694,2026-01-17T10:49:04.0,2026-01-19T16:26:49.531,"Any[8, 13, 19, 25, 30, 37, 45, 56]",8,56
269,2026-01-17T10:57:24.0,2026-01-12T16:35:09.531,"Any[19, 25, 30, 37, 45, 56, 60]",19,60
888,2026-01-17T11:00:10.0,2026-01-19T16:37:55.531,"Any[19, 25, 30, 37, 45, 56]",19,56
1145,2026-01-17T11:00:10.0,2026-01-19T16:37:55.531,"Any[19, 25, 30, 37, 45, 56]",19,56
632,2026-01-17T11:23:17.0,2026-01-19T17:01:02.531,"Any[62, 56, 45, 37, 30, 25, 19, 13, 8]",62,8
880,2026-01-17T11:38:18.0,2026-01-12T17:16:03.531,"Any[8, 13, 19, 25, 30, 37, 45, 56]",8,56
560,2026-01-17T12:08:01.0,2026-01-19T17:45:46.531,"Any[53, 45, 37, 30, 25, 19, 10]",53,10
1064,2026-01-17T12:08:01.0,2026-01-12T17:45:46.531,"Any[53, 45, 37, 30, 25, 19, 10]",53,10
435,2026-01-17T12:27:50.646,2026-01-19T18:05:36.177,"Any[64, 60, 56, 45, 37, 30, 25]",64,25
721,2026-01-17T12:52:54.0,2026-01-12T18:30:39.531,"Any[6, 11, 19, 25, 30, 37, 45]",6,45
1595,2026-01-17T13:10:57.0,2026-01-12T18:48:42.531,"Any[10, 19, 25, 30, 37, 45, 53]",10,53
1404,2026-01-17T13:20:43.874,2026-01-19T18:58:29.405,"Any[53, 45, 37, 30, 25, 19, 13, 8]",53,8
1139,2026-01-17T13:48:30.0,2026-01-12T19:26:15.531,"Any[56, 45, 37, 30, 25, 19, 10]",56,10
1448,2026-01-17T14:24:18.0,2026-01-12T20:02:03.531,"Any[19, 25, 30, 37, 45, 53, 60]",19,60
364,2026-01-17T14:44:45.0,2026-01-12T20:22:30.531,"Any[13, 19, 25, 30, 37, 45, 56]",13,56
565,2026-01-17T14:59:47.0,2026-01-19T20:37:32.531,"Any[60, 53, 45, 37, 30, 25, 19, 13, 8]",60,8
22,2026-01-17T15:11:23.329,2026-01-12T20:49:08.86,"Any[45, 37, 30, 25, 19, 13, 8]",45,8
534,2026-01-17T15:11:23.329,2026-01-12T20:49:08.86,"Any[45, 37, 30, 25, 19, 13, 8]",45,8
1179,2026-01-17T15:11:23.329,2026-01-19T20:49:08.86,"Any[45, 37, 30, 25, 19, 13, 8]",45,8
575,2026-01-17T15:42:21.0,2026-01-12T21:20:06.531,"Any[53, 45, 37, 30, 25]",53,25
647,2026-01-17T16:15:39.0,2026-01-12T21:53:24.531,"Any[6, 11, 19, 25, 30, 37, 45]",6,45
120,2026-01-17T16:36:02.0,2026-01-19T22:13:47.531,"Any[1, 6, 11, 19, 25, 30, 37, 45, 56, 60]",1,60
46,2026-01-17T16:50:25.0,2026-01-19T22:28:10.531,"Any[53, 45, 37, 30, 25, 19, 13, 8]",53,8
1374,2026-01-17T16:50:25.0,2026-01-12T22:28:10.531,"Any[53, 45, 37, 30, 25, 19, 13, 8]",53,8
1014,2026-01-17T16:54:59.0,2026-01-12T22:32:44.531,"Any[60, 56, 45, 37, 30, 25]",60,25
671,2026-01-17T17:09:22.0,2026-01-19T22:47:07.531,"Any[8, 13, 19, 25, 30, 37, 45, 56]",8,56
1499,2026-01-17T17:09:22.0,2026-01-12T22:47:07.531,"Any[8, 13, 19, 25, 30, 37, 45, 56]",8,56
1509,2026-01-17T17:09:22.0,2026-01-19T22:47:07.531,"Any[8, 13, 19, 25, 30, 37, 45, 56]",8,56
775,2026-01-17T17:13:37.0,2026-01-19T22:51:22.531,"Any[60, 53, 45, 37, 30, 25, 19, 13, 8]",60,8
983,2026-01-17T17:19:05.0,2026-01-19T22:56:50.531,"Any[7, 8, 13, 19, 25, 30, 37, 45, 53]",7,53
171,2026-01-17T17:29:18.0,2026-01-12T23:07:03.531,"Any[56, 45, 37, 30, 25]",56,25
336,2026-01-17T17:29:18.0,2026-01-12T23:07:03.531,"Any[56, 45, 37, 30, 25]",56,25
718,2026-01-17T17:29:18.0,2026-01-12T23:07:03.531,"Any[56, 45, 37, 30, 25]",56,25
707,2026-01-17T17:55:15.0,2026-01-19T23:33:00.531,"Any[19, 25, 30, 37, 45, 53]",19,53
814,2026-01-17T18:01:05.0,2026-01-19T23:38:50.531,"Any[7, 8, 13, 19, 25, 30, 37, 45]",7,45
470,2026-01-17T18:01:49.0,2026-01-19T23:39:34.531,"Any[8, 13, 19, 25, 30, 37, 45, 56]",8,56
591,2026-01-17T18:04:35.764,2026-01-12T23:42:21.295,"Any[1, 6, 11, 19, 25, 30, 37, 45, 56]",1,56
846,2026-01-17T18:04:35.764,2026-01-12T23:42:21.295,"Any[1, 6, 11, 19, 25, 30, 37, 45, 56]",1,56
353,2026-01-17T18:35:31.0,2026-01-20T00:13:16.531,"Any[60, 53, 45, 37, 30, 25, 19, 10]",60,10
811,2026-01-17T18:43:38.0,2026-01-20T00:21:23.531,"Any[56, 45, 37, 30, 25]",56,25
942,2026-01-17T18:43:38.0,2026-01-20T00:21:23.531,"Any[56, 45, 37, 30, 25]",56,25
211,2026-01-17T19:17:24.0,2026-01-13T00:55:09.531,"Any[8, 13, 19, 25, 30, 37, 45, 56]",8,56
946,2026-01-17T19:17:24.0,2026-01-20T00:55:09.531,"Any[8, 13, 19, 25, 30, 37, 45, 56]",8,56
1481,2026-01-17T19:17:24.0,2026-01-20T00:55:09.531,"Any[8, 13, 19, 25, 30, 37, 45, 56]",8,56
1494,2026-01-17T19:17:24.0,2026-01-13T00:55:09.531,"Any[8, 13, 19, 25, 30, 37, 45, 56]",8,56
660,2026-01-17T19:57:20.0,2026-01-20T01:35:05.531,"Any[53, 45, 37, 30, 25, 19, 10]",53,10
1364,2026-01-17T20:01:33.854,2026-01-20T01:39:19.385,"Any[56, 45, 37, 30, 25, 19, 10]",56,10
697,2026-01-17T20:02:17.0,2026-01-13T01:40:02.531,"Any[8, 13, 19, 25, 30, 37, 45, 56]",8,56
503,2026-01-17T20:05:13.0,2026-01-13T01:42:58.531,"Any[53, 45, 37, 30, 25, 19, 13, 8]",53,8
4,2026-01-17T20:13:01.0,2026-01-13T01:50:46.531,"Any[53, 45, 37, 30, 25, 19, 13, 8]",53,8
75,2026-01-17T20:13:01.0,2026-01-13T01:50:46.531,"Any[53, 45, 37, 30, 25, 19, 13, 8]",53,8
662,2026-01-17T20:13:01.0,2026-01-20T01:50:46.531,"Any[53, 45, 37, 30, 25, 19, 13, 8]",53,8
1208,2026-01-17T20:13:01.0,2026-01-20T01:50:46.531,"Any[53, 45, 37, 30, 25, 19, 13, 8]",53,8
455,2026-01-17T20:14:27.0,2026-01-20T01:52:12.531,"Any[10, 19, 25, 30, 37, 45, 53]",10,53
462,2026-01-17T20:14:27.0,2026-01-20T01:52:12.531,"Any[10, 19, 25, 30, 37, 45, 53]",10,53
652,2026-01-17T20:14:27.0,2026-01-20T01:52:12.531,"Any[10, 19, 25, 30, 37, 45, 53]",10,53
861,2026-01-17T20:16:56.488,2026-01-20T01:54:42.019,"Any[10, 19, 25, 30, 37, 45, 53]",10,53
1169,2026-01-17T20:18:04.0,2026-01-13T01:55:49.531,"Any[3, 10, 19, 25, 30, 37, 45, 53]",3,53
816,2026-01-17T20:22:10.0,2026-01-20T01:59:55.531,"Any[6, 11, 19, 25, 30, 37, 45, 56, 60]",6,60
78,2026-01-17T20:22:11.0,2026-01-13T01:59:56.531,"Any[16, 17, 25, 30, 37, 45, 53]",16,53
139,2026-01-17T20:31:48.0,2026-01-20T02:09:33.531,"Any[1, 6, 11, 19, 25, 30, 37, 45, 56]",1,56
501,2026-01-17T20:48:21.0,2026-01-13T02:26:06.531,"Any[1, 6, 11, 19, 25, 30, 37, 45, 56]",1,56
864,2026-01-17T20:48:21.0,2026-01-20T02:26:06.531,"Any[1, 6, 11, 19, 25, 30, 37, 45, 56]",1,56
1544,2026-01-17T20:48:21.0,2026-01-13T02:26:06.531,"Any[1, 6, 11, 19, 25, 30, 37, 45, 56]",1,56
1508,2026-01-17T21:01:58.626,2026-01-13T02:39:44.157,"Any[8, 13, 19, 25, 30, 37, 45, 56]",8,56
680,2026-01-17T22:00:58.0,2026-01-13T03:38:43.531,"Any[10, 11, 19, 25, 30, 37, 45, 53]",10,53
589,2026-01-17T22:06:55.0,2026-01-13T03:44:40.531,"Any[10, 19, 25, 30, 37, 45, 53]",10,53
1584,2026-01-17T22:06:55.0,2026-01-20T03:44:40.531,"Any[10, 19, 25, 30, 37, 45, 53]",10,53
661,2026-01-17T22:14:09.0,2026-01-20T03:51:54.531,"Any[17, 25, 30, 37, 45, 53]",17,53
961,2026-01-17T22:16:35.0,2026-01-13T03:54:20.531,"Any[8, 13, 19, 25, 30, 37, 45, 56]",8,56
318,2026-01-17T22:18:50.0,2026-01-13T03:56:35.531,"Any[8, 13, 19, 25, 30, 37, 45, 56]",8,56
602,2026-01-17T22:30:00.0,2026-01-20T04:07:45.531,"Any[1, 6, 11, 19, 25, 30, 37, 45, 53, 60]",1,60
749,2026-01-17T22:30:00.0,2026-01-13T04:07:45.531,"Any[1, 6, 11, 19, 25, 30, 37, 45, 53, 60]",1,60
183,2026-01-17T22:59:54.0,2026-01-13T04:37:39.531,"Any[60, 53, 45, 37, 30, 25]",60,25
249,2026-01-17T22:59:54.0,2026-01-20T04:37:39.531,"Any[60, 53, 45, 37, 30, 25]",60,25
1153,2026-01-17T23:35:39.0,2026-01-20T05:13:24.531,"Any[8, 13, 19, 25, 30, 37, 45, 56]",8,56
69,2026-01-17T23:37:13.0,2026-01-13T05:14:58.531,"Any[8, 13, 19, 25, 30, 37, 45, 56]",8,56
556,2026-01-17T23:37:58.0,2026-01-20T05:15:43.531,"Any[60, 56, 45, 37, 30, 25, 19, 11, 6]",60,6
648,2026-01-17T23:37:58.0,2026-01-13T05:15:43.531,"Any[60, 56, 45, 37, 30, 25, 19, 11, 6]",60,6
1095,2026-01-17T23:43:51.0,2026-01-13T05:21:36.531,"Any[1, 6, 11, 19, 23, 36, 44, 54, 60]",1,60
1535,2026-01-17T23:43:51.0,2026-01-20T05:21:36.531,"Any[1, 6, 11, 19, 23, 36, 44, 54, 60]",1,60
495,2026-01-17T23:49:41.633,2026-01-13T05:27:27.164,"Any[19, 25, 30, 37, 45, 56]",19,56
1120,2026-01-18T00:00:33.0,2026-01-13T05:38:18.531,"Any[53, 45, 37, 30, 25, 19, 10]",53,10
999,2026-01-18T00:32:32.0,2026-01-13T06:10:17.531,"Any[53, 45, 37, 30, 25, 19, 13, 8]",53,8
1575,2026-01-18T00:43:18.0,2026-01-13T06:21:03.531,"Any[10, 19, 25, 30, 37, 45, 53]",10,53
785,2026-01-18T01:11:57.0,2026-01-20T06:49:42.531,"Any[64, 60, 53, 45, 37, 30, 25, 19, 10]",64,10
481,2026-01-18T01:22:58.0,2026-01-13T07:00:43.531,"Any[53, 45, 37, 30, 25, 19, 11, 6, 1]",53,1
747,2026-01-18T01:22:58.0,2026-01-13T07:00:43.531,"Any[53, 45, 37, 30, 25, 19, 11, 6, 1]",53,1
1426,2026-01-18T01:22:58.0,2026-01-20T07:00:43.531,"Any[53, 45, 37, 30, 25, 19, 11, 6, 1]",53,1
884,2026-01-18T01:38:03.0,2026-01-13T07:15:48.531,"Any[53, 45, 37, 30, 25]",53,25
695,2026-01-18T01:51:53.124,2026-01-20T07:29:38.655,"Any[64, 60, 53, 45, 37, 30, 25, 19, 10]",64,10
1172,2026-01-18T01:51:53.124,2026-01-13T07:29:38.655,"Any[64, 60, 53, 45, 37, 30, 25, 19, 10]",64,10
1072,2026-01-18T01:57:39.0,2026-01-13T07:35:24.531,"Any[19, 25, 30, 37, 45, 56]",19,56
1123,2026-01-18T01:57:39.0,2026-01-13T07:35:24.531,"Any[19, 25, 30, 37, 45, 56]",19,56
36,2026-01-18T02:39:24.0,2026-01-20T08:17:09.531,"Any[64, 60, 53, 45, 37, 30, 25, 19, 13, 8]",64,8
865,2026-01-18T02:39:24.0,2026-01-20T08:17:09.531,"Any[64, 60, 53, 45, 37, 30, 25, 19, 13, 8]",64,8
1164,2026-01-18T02:40:11.0,2026-01-20T08:17:56.531,"Any[64, 60, 56, 45, 37, 30, 25, 19, 11, 6]",64,6
523,2026-01-18T02:51:38.0,2026-01-20T08:29:23.531,"Any[16, 17, 25, 30, 37, 45, 53]",16,53
55,2026-01-18T02:54:34.0,2026-01-20T08:32:19.531,"Any[19, 25, 30, 37, 45, 56]",19,56
1229,2026-01-18T02:54:34.0,2026-01-13T08:32:19.531,"Any[19, 25, 30, 37, 45, 56]",19,56
634,2026-01-18T03:23:06.0,2026-01-20T09:00:51.531,"Any[60, 56, 45, 37, 30, 25, 19, 11, 6]",60,6
1003,2026-01-18T03:38:49.0,2026-01-20T09:16:34.531,"Any[53, 45, 37, 30, 25, 19, 10]",53,10
166,2026-01-18T04:06:13.0,2026-01-13T09:43:58.531,"Any[19, 25, 30, 37, 45, 53]",19,53
1465,2026-01-18T04:06:13.0,2026-01-20T09:43:58.531,"Any[19, 25, 30, 37, 45, 53]",19,53
296,2026-01-18T04:35:01.0,2026-01-20T10:12:46.531,"Any[53, 45, 37, 30, 25, 19, 13, 8]",53,8
1403,2026-01-18T04:35:01.0,2026-01-20T10:12:46.531,"Any[53, 45, 37, 30, 25, 19, 13, 8]",53,8
730,2026-01-18T04:37:24.0,2026-01-13T10:15:09.531,"Any[17, 16, 17, 25, 30, 37, 45, 53, 60]",17,60
1214,2026-01-18T05:39:54.0,2026-01-20T11:17:39.531,"Any[56, 45, 37, 30, 25]",56,25
1130,2026-01-18T05:48:40.0,2026-01-20T11:26:25.531,"Any[60, 53, 45, 37, 30, 25, 19, 13, 8]",60,8
280,2026-01-18T05:49:45.0,2026-01-20T11:27:30.531,"Any[17, 25, 30, 37, 45, 53]",17,53
21,2026-01-18T06:03:40.0,2026-01-13T11:41:25.531,"Any[64, 53, 45, 37, 30, 25, 19, 11, 6, 1]",64,1
1204,2026-01-18T06:10:14.0,2026-01-13T11:47:59.531,"Any[17, 16, 17, 25, 30, 37, 45, 53, 60]",17,60
10,2026-01-18T07:16:55.0,2026-01-13T12:54:40.531,"Any[53, 45, 37, 30, 25, 19, 13, 8]",53,8
1382,2026-01-18T07:16:55.0,2026-01-20T12:54:40.531,"Any[53, 45, 37, 30, 25, 19, 13, 8]",53,8
1388,2026-01-18T07:16:55.0,2026-01-13T12:54:40.531,"Any[53, 45, 37, 30, 25, 19, 13, 8]",53,8
1259,2026-01-18T07:51:09.0,2026-01-20T13:28:54.531,"Any[64, 60, 56, 45, 37, 30, 25, 19, 11, 6]",64,6
782,2026-01-18T07:55:19.0,2026-01-13T13:33:04.531,"Any[45, 37, 30, 25]",45,25
1436,2026-01-18T07:55:19.0,2026-01-20T13:33:04.531,"Any[45, 37, 30, 25]",45,25
86,2026-01-18T08:06:20.0,2026-01-20T13:44:05.531,"Any[7, 8, 13, 19, 25, 30, 37, 45, 53]",7,53
715,2026-01-18T08:20:17.0,2026-01-20T13:58:02.531,"Any[53, 45, 37, 30, 25, 19, 10]",53,10
387,2026-01-18T08:55:09.0,2026-01-13T14:32:54.531,"Any[7, 8, 13, 19, 25, 30, 37, 45, 53]",7,53
299,2026-01-18T09:31:39.0,2026-01-20T15:09:24.531,"Any[25, 30, 37, 45, 53]",25,53
463,2026-01-18T09:31:39.0,2026-01-20T15:09:24.531,"Any[25, 30, 37, 45, 53]",25,53
1034,2026-01-18T09:38:45.0,2026-01-20T15:16:30.531,"Any[56, 45, 37, 30, 25, 19, 20]",56,20
1312,2026-01-18T09:38:45.0,2026-01-13T15:16:30.531,"Any[56, 45, 37, 30, 25, 19, 20]",56,20
499,2026-01-18T09:47:21.0,2026-01-20T15:25:06.531,"Any[64, 60, 53, 45, 37, 30, 25, 19, 11, 6, 1]",64,1
1265,2026-01-18T10:02:54.353,2026-01-20T15:40:39.884,"Any[1, 6, 11, 19, 30, 37, 45, 56]",1,56
985,2026-01-18T10:30:18.485,2026-01-13T16:08:04.016,"Any[64, 60, 56, 45, 37, 30, 25, 19, 11, 6, 1]",64,1
19,2026-01-18T12:59:31.0,2026-01-20T18:37:16.531,"Any[3, 10, 19, 25, 30, 37, 45, 53]",3,53
960,2026-01-18T13:10:15.0,2026-01-20T18:48:00.531,"Any[7, 8, 13, 19, 25, 30, 37, 45, 53]",7,53
351,2026-01-18T13:43:04.0,2026-01-20T19:20:49.531,"Any[53, 45, 37, 30, 25]",53,25
176,2026-01-18T13:59:18.0,2026-01-20T19:37:03.531,"Any[19, 25, 30, 37, 45, 53, 60]",19,60
181,2026-01-18T13:59:18.0,2026-01-20T19:37:03.531,"Any[19, 25, 30, 37, 45, 53, 60]",19,60
1534,2026-01-18T13:59:40.0,2026-01-20T19:37:25.531,"Any[1, 6, 11, 19, 25, 30, 37, 45, 56, 60]",1,60
723,2026-01-18T14:24:33.0,2026-01-13T20:02:18.531,"Any[60, 53, 45, 37, 30, 25, 19, 10]",60,10
1026,2026-01-18T14:24:33.0,2026-01-20T20:02:18.531,"Any[60, 53, 45, 37, 30, 25, 19, 10]",60,10
1291,2026-01-18T14:24:33.0,2026-01-20T20:02:18.531,"Any[60, 53, 45, 37, 30, 25, 19, 10]",60,10
168,2026-01-18T15:33:45.0,2026-01-20T21:11:30.531,"Any[64, 60, 53, 45, 37, 30, 25, 19, 11, 6, 1]",64,1
533,2026-01-18T15:38:08.0,2026-01-13T21:15:53.531,"Any[10, 19, 25, 30, 37, 45, 53]",10,53
1442,2026-01-18T16:17:09.0,2026-01-20T21:54:54.531,"Any[19, 25, 30, 37, 45, 53, 60]",19,60
1568,2026-01-18T17:25:15.0,2026-01-13T23:03:00.531,"Any[10, 19, 25, 30, 37, 45, 53]",10,53
1591,2026-01-18T17:25:15.0,2026-01-20T23:03:00.531,"Any[10, 19, 25, 30, 37, 45, 53]",10,53
1310,2026-01-18T17:37:01.0,2026-01-20T23:14:46.531,"Any[56, 45, 37, 30, 25]",56,25
609,2026-01-18T17:37:51.0,2026-01-13T23:15:36.531,"Any[56, 45, 37, 30, 25]",56,25
752,2026-01-18T17:37:51.0,2026-01-20T23:15:36.531,"Any[56, 45, 37, 30, 25]",56,25
1233,2026-01-18T17:37:51.0,2026-01-20T23:15:36.531,"Any[56, 45, 37, 30, 25]",56,25
1587,2026-01-18T20:05:02.0,2026-01-14T01:42:47.531,"Any[10, 19, 25, 30, 37, 45, 53]",10,53
1023,2026-01-18T20:34:05.0,2026-01-21T02:11:50.531,"Any[8, 13, 19, 25, 30, 37, 45, 56]",8,56
1350,2026-01-18T21:03:16.024,2026-01-21T02:41:01.555,"Any[56, 45, 37, 30, 25, 19, 11, 6]",56,6
316,2026-01-18T21:50:31.647,2026-01-14T03:28:17.178,"Any[2, 9, 21, 27, 31, 36, 45, 55]",2,55
339,2026-01-18T23:34:15.0,2026-01-21T05:12:00.531,"Any[56, 45, 37, 30, 25, 19, 11, 6]",56,6
1323,2026-01-18T23:34:15.0,2026-01-14T05:12:00.531,"Any[56, 45, 37, 30, 25, 19, 11, 6]",56,6
1344,2026-01-18T23:34:15.0,2026-01-21T05:12:00.531,"Any[56, 45, 37, 30, 25, 19, 11, 6]",56,6
1351,2026-01-18T23:34:15.0,2026-01-14T05:12:00.531,"Any[56, 45, 37, 30, 25, 19, 11, 6]",56,6
1212,2026-01-18T23:42:58.0,2026-01-21T05:20:43.531,"Any[53, 45, 37, 30, 25, 19, 13, 8]",53,8
1262,2026-01-18T23:42:58.0,2026-01-21T05:20:43.531,"Any[53, 45, 37, 30, 25, 19, 13, 8]",53,8
1255,2026-01-18T23:44:03.0,2026-01-14T05:21:48.531,"Any[53, 45, 37, 30, 25]",53,25
1,2026-01-18T23:44:35.0,2026-01-21T05:22:20.531,"Any[60, 56, 45, 37, 30, 25, 19, 13, 8]",60,8
543,2026-01-18T23:56:39.0,2026-01-21T05:34:24.531,"Any[53, 45, 37, 30, 25, 19, 11, 6, 1]",53,1
1415,2026-01-18T23:56:39.0,2026-01-14T05:34:24.531,"Any[53, 45, 37, 30, 25, 19, 11, 6, 1]",53,1
261,2026-01-18T23:59:43.0,2026-01-21T05:37:28.531,"Any[53, 45, 37, 30, 25, 19, 10]",53,10
