id,departure_timestamp,arrival_timestamp,ps_seq,Origin_PS,Destination_PS
1303,2026-01-05T00:17:12.0,2026-01-07T05:54:57.531,"Any[1, 6, 11, 19, 25, 30, 37, 45, 53, 60]",1,60
1502,2026-01-05T00:21:33.0,2026-01-07T05:59:18.531,"Any[25, 30, 37, 45, 53, 60]",25,60
1507,2026-01-05T00:21:33.0,2026-01-07T05:59:18.531,"Any[25, 30, 37, 45, 53, 60]",25,60
1509,2026-01-05T00:21:33.0,2026-01-14T05:59:18.531,"Any[25, 30, 37, 45, 53, 60]",25,60
225,2026-01-05T00:55:57.0,2026-01-14T06:33:42.531,"Any[53, 45, 37, 30, 25, 19, 11, 6, 1]",53,1
958,2026-01-05T00:55:57.0,2026-01-14T06:33:42.531,"Any[53, 45, 37, 30, 25, 19, 11, 6, 1]",53,1
408,2026-01-05T01:09:29.0,2026-01-14T06:47:14.531,"Any[64, 53, 45, 37, 30, 25, 19, 13, 8]",64,8
579,2026-01-05T01:25:26.0,2026-01-14T07:03:11.531,"Any[17, 19, 17, 25, 30, 37, 45, 53]",17,53
46,2026-01-05T01:43:45.0,2026-01-14T07:21:30.531,"Any[53, 45, 37, 30, 25, 19, 11, 6, 1]",53,1
477,2026-01-05T01:44:13.0,2026-01-14T07:21:58.531,"Any[53, 45, 37, 30, 25, 19, 11, 6, 1]",53,1
1336,2026-01-05T02:33:00.0,2026-01-07T08:10:45.531,Any[],60,7
871,2026-01-05T04:40:57.0,2026-01-07T10:18:42.531,"Any[60, 53, 45, 37, 30, 25, 19, 11, 6, 1]",60,1
533,2026-01-05T05:02:34.0,2026-01-14T10:40:19.531,"Any[64, 60, 53, 45, 37, 30, 25, 19, 11, 6, 1]",64,1
676,2026-01-05T05:55:05.0,2026-01-07T11:32:50.531,"Any[53, 45, 37, 30, 25]",53,25
1441,2026-01-05T06:12:00.0,2026-01-07T11:49:45.531,Any[],45,7
1346,2026-01-05T06:52:55.0,2026-01-14T12:30:40.531,"Any[56, 45, 37, 30, 25, 19]",56,19
1347,2026-01-05T06:52:55.0,2026-01-14T12:30:40.531,"Any[56, 45, 37, 30, 25, 19]",56,19
1353,2026-01-05T06:52:55.0,2026-01-14T12:30:40.531,"Any[56, 45, 37, 30, 25, 19]",56,19
1366,2026-01-05T06:52:55.0,2026-01-07T12:30:40.531,"Any[56, 45, 37, 30, 25, 19]",56,19
1159,2026-01-05T07:01:08.0,2026-01-14T12:38:53.531,"Any[3, 10, 19, 25, 30, 37, 45, 53]",3,53
280,2026-01-05T07:29:28.0,2026-01-07T13:07:13.531,"Any[60, 53, 45, 37, 30, 25, 19, 11, 6, 1]",60,1
750,2026-01-05T07:29:28.0,2026-01-07T13:07:13.531,"Any[60, 53, 45, 37, 30, 25, 19, 11, 6, 1]",60,1
1536,2026-01-05T07:55:26.0,2026-01-07T13:33:11.531,"Any[25, 30, 37, 45, 53]",25,53
559,2026-01-05T09:00:08.696,2026-01-14T14:37:54.227,"Any[64, 53, 45, 37, 30, 25, 11, 6, 1]",64,1
228,2026-01-05T09:16:37.0,2026-01-14T14:54:22.531,"Any[56, 45, 37, 30, 25]",56,25
1074,2026-01-05T11:17:29.0,2026-01-14T16:55:14.531,"Any[8, 13, 19, 25, 30, 37, 45]",8,45
565,2026-01-05T11:40:42.0,2026-01-07T17:18:27.531,"Any[3, 6, 11, 19, 25, 30, 37, 45, 56, 60]",3,60
849,2026-01-05T11:40:48.94,2026-01-07T17:18:34.471,"Any[14, 19, 25, 30, 37, 45, 53]",14,53
663,2026-01-05T11:52:06.0,2026-01-14T17:29:51.531,"Any[53, 45, 37, 30, 25]",53,25
937,2026-01-05T11:58:12.0,2026-01-14T17:35:57.531,"Any[19, 25, 30, 37, 45, 56]",19,56
515,2026-01-05T12:28:38.0,2026-01-07T18:06:23.531,"Any[1, 6, 11, 25, 30, 37, 45, 53]",1,53
1104,2026-01-05T12:45:33.0,2026-01-14T18:23:18.531,"Any[53, 45, 37, 30, 25]",53,25
668,2026-01-05T12:52:27.0,2026-01-14T18:30:12.531,"Any[6, 11, 19, 25, 30, 37, 45]",6,45
1333,2026-01-05T13:10:00.0,2026-01-14T18:47:45.531,Any[],60,7
66,2026-01-05T13:17:34.0,2026-01-14T18:55:19.531,"Any[19, 25, 30, 37, 30, 37, 45, 53, 60, 64]",19,64
920,2026-01-05T13:37:51.0,2026-01-07T19:15:36.531,"Any[6, 11, 16, 25, 30, 37, 45, 56]",6,56
1585,2026-01-05T14:06:00.0,2026-01-07T19:43:45.531,Any[],10,64
1508,2026-01-05T14:08:04.0,2026-01-14T19:45:49.531,"Any[25, 30, 37, 45, 53, 60]",25,60
1510,2026-01-05T14:08:04.0,2026-01-14T19:45:49.531,"Any[25, 30, 37, 45, 53, 60]",25,60
1513,2026-01-05T14:08:04.0,2026-01-07T19:45:49.531,"Any[25, 30, 37, 45, 53, 60]",25,60
1516,2026-01-05T14:08:04.0,2026-01-07T19:45:49.531,"Any[25, 30, 37, 45, 53, 60]",25,60
1522,2026-01-05T14:08:04.0,2026-01-14T19:45:49.531,"Any[25, 30, 37, 45, 53, 60]",25,60
1525,2026-01-05T14:08:04.0,2026-01-07T19:45:49.531,"Any[25, 30, 37, 45, 53, 60]",25,60
800,2026-01-05T14:38:37.0,2026-01-14T20:16:22.531,"Any[5, 6, 11, 19, 25, 30, 37, 45, 56]",5,56
746,2026-01-05T14:44:11.0,2026-01-07T20:21:56.531,"Any[64, 56, 45, 37, 30, 25, 19, 11, 6, 2]",64,2
132,2026-01-05T15:11:39.0,2026-01-07T20:49:24.531,"Any[14, 19, 25, 30, 37, 45, 53]",14,53
753,2026-01-05T15:13:34.0,2026-01-07T20:51:19.531,"Any[6, 11, 19, 25, 30, 37, 45]",6,45
804,2026-01-05T15:20:58.0,2026-01-14T20:58:43.531,"Any[56, 45, 37, 30, 25, 19, 13, 8]",56,8
819,2026-01-05T15:29:40.0,2026-01-07T21:07:25.531,"Any[17, 16, 25, 30, 37, 45, 53]",17,53
1170,2026-01-05T15:59:39.636,2026-01-07T21:37:25.167,"Any[60, 56, 45, 37, 30, 25, 19]",60,19
1277,2026-01-05T16:16:10.0,2026-01-14T21:53:55.531,"Any[19, 25, 30, 37, 45, 53]",19,53
833,2026-01-05T16:35:38.0,2026-01-14T22:13:23.531,"Any[60, 56, 45, 37, 30, 25, 19, 13, 8]",60,8
1459,2026-01-05T16:37:00.0,2026-01-07T22:14:45.531,Any[],45,5
238,2026-01-05T16:43:13.0,2026-01-14T22:20:58.531,"Any[60, 56, 45, 37, 30, 25, 19, 17, 19, 11, 6]",60,6
738,2026-01-05T16:43:13.0,2026-01-07T22:20:58.531,"Any[60, 56, 45, 37, 30, 25, 19, 17, 19, 11, 6]",60,6
1053,2026-01-05T16:43:13.0,2026-01-14T22:20:58.531,"Any[60, 56, 45, 37, 30, 25, 19, 17, 19, 11, 6]",60,6
460,2026-01-05T16:43:27.0,2026-01-07T22:21:12.531,"Any[25, 30, 37, 45, 56, 60, 64]",25,64
1469,2026-01-05T16:43:27.0,2026-01-14T22:21:12.531,"Any[25, 30, 37, 45, 56, 60, 64]",25,64
1474,2026-01-05T16:43:27.0,2026-01-14T22:21:12.531,"Any[25, 30, 37, 45, 56, 60, 64]",25,64
1475,2026-01-05T16:43:27.0,2026-01-07T22:21:12.531,"Any[25, 30, 37, 45, 56, 60, 64]",25,64
1476,2026-01-05T16:43:27.0,2026-01-07T22:21:12.531,"Any[25, 30, 37, 45, 56, 60, 64]",25,64
1478,2026-01-05T16:43:27.0,2026-01-07T22:21:12.531,"Any[25, 30, 37, 45, 56, 60, 64]",25,64
1479,2026-01-05T16:43:27.0,2026-01-07T22:21:12.531,"Any[25, 30, 37, 45, 56, 60, 64]",25,64
1480,2026-01-05T16:43:27.0,2026-01-14T22:21:12.531,"Any[25, 30, 37, 45, 56, 60, 64]",25,64
1481,2026-01-05T16:43:27.0,2026-01-14T22:21:12.531,"Any[25, 30, 37, 45, 56, 60, 64]",25,64
1485,2026-01-05T16:43:27.0,2026-01-14T22:21:12.531,"Any[25, 30, 37, 45, 56, 60, 64]",25,64
1486,2026-01-05T16:43:27.0,2026-01-14T22:21:12.531,"Any[25, 30, 37, 45, 56, 60, 64]",25,64
1236,2026-01-05T17:00:57.0,2026-01-07T22:38:42.531,"Any[6, 11, 19, 25, 30, 37, 45, 56]",6,56
835,2026-01-05T17:05:36.177,2026-01-14T22:43:21.708,"Any[25, 30, 37, 45, 56]",25,56
1487,2026-01-05T17:14:15.0,2026-01-07T22:52:00.531,"Any[25, 30, 37, 45, 53, 60]",25,60
1497,2026-01-05T17:14:15.0,2026-01-14T22:52:00.531,"Any[25, 30, 37, 45, 53, 60]",25,60
1498,2026-01-05T17:14:15.0,2026-01-14T22:52:00.531,"Any[25, 30, 37, 45, 53, 60]",25,60
1512,2026-01-05T17:14:15.0,2026-01-07T22:52:00.531,"Any[25, 30, 37, 45, 53, 60]",25,60
1523,2026-01-05T17:14:15.0,2026-01-07T22:52:00.531,"Any[25, 30, 37, 45, 53, 60]",25,60
1532,2026-01-05T17:32:31.451,2026-01-14T23:10:16.982,"Any[25, 30, 37, 45, 53]",25,53
383,2026-01-05T17:37:37.0,2026-01-14T23:15:22.531,"Any[56, 45, 37, 30, 25, 19, 11, 6]",56,6
988,2026-01-05T18:11:14.0,2026-01-14T23:48:59.531,"Any[8, 13, 19, 25, 30, 37, 45, 53]",8,53
284,2026-01-05T18:12:41.0,2026-01-14T23:50:26.531,"Any[8, 13, 19, 25, 30, 37, 45, 53]",8,53
622,2026-01-05T18:32:15.0,2026-01-08T00:10:00.531,"Any[19, 25, 30, 37, 45, 56, 60, 60, 64]",19,60
752,2026-01-05T18:38:03.0,2026-01-15T00:15:48.531,"Any[60, 53, 45, 37, 30, 25, 19, 10]",60,10
904,2026-01-05T18:38:03.0,2026-01-08T00:15:48.531,"Any[60, 53, 45, 37, 30, 25, 19, 10]",60,10
244,2026-01-05T18:55:36.0,2026-01-08T00:33:21.531,"Any[56, 45, 37, 30, 25]",56,25
1107,2026-01-05T18:55:36.0,2026-01-15T00:33:21.531,"Any[56, 45, 37, 30, 25]",56,25
315,2026-01-05T18:55:59.057,2026-01-08T00:33:44.588,"Any[8, 13, 19, 25, 37, 45, 56, 60]",8,60
820,2026-01-05T18:55:59.057,2026-01-08T00:33:44.588,"Any[8, 13, 19, 25, 37, 45, 56, 60]",8,60
1332,2026-01-05T18:59:00.0,2026-01-15T00:36:45.531,Any[],60,7
756,2026-01-05T19:14:57.0,2026-01-15T00:52:42.531,"Any[1, 6, 11, 25, 30, 37, 45, 53]",1,53
311,2026-01-05T19:35:03.0,2026-01-08T01:12:48.531,"Any[6, 11, 19, 25, 30, 37, 45]",6,45
815,2026-01-05T20:03:13.279,2026-01-15T01:40:58.81,"Any[10, 19, 25, 30, 37, 45, 53]",10,53
1089,2026-01-05T20:13:16.0,2026-01-15T01:51:01.531,"Any[10, 19, 25, 30, 37, 45, 53]",10,53
216,2026-01-05T20:14:13.0,2026-01-08T01:51:58.531,"Any[53, 45, 37, 30, 25, 19, 13, 8]",53,8
625,2026-01-05T20:14:13.0,2026-01-08T01:51:58.531,"Any[53, 45, 37, 30, 25, 19, 13, 8]",53,8
576,2026-01-05T20:17:24.0,2026-01-08T01:55:09.531,"Any[53, 45, 37, 30, 25, 19, 10]",53,10
89,2026-01-05T20:25:53.0,2026-01-15T02:03:38.531,"Any[53, 45, 37, 30, 25, 19, 10]",53,10
604,2026-01-05T20:41:14.074,2026-01-08T02:18:59.605,"Any[56, 45, 37, 30, 25, 19, 11, 6]",56,6
831,2026-01-05T20:41:14.074,2026-01-15T02:18:59.605,"Any[56, 45, 37, 30, 25, 19, 11, 6]",56,6
1378,2026-01-05T20:47:00.0,2026-01-15T02:24:45.531,Any[],56,13
780,2026-01-05T21:18:53.894,2026-01-15T02:56:39.425,"Any[10, 25, 30, 37, 45, 53, 60]",10,60
442,2026-01-05T21:28:47.0,2026-01-08T03:06:32.531,"Any[6, 11, 19, 25, 30, 37, 45]",6,45
110,2026-01-05T22:05:35.0,2026-01-15T03:43:20.531,"Any[60, 53, 45, 37, 30, 25, 19, 13, 8]",60,8
671,2026-01-05T22:16:07.0,2026-01-15T03:53:52.531,"Any[45, 37, 30, 25, 19, 10]",45,10
1289,2026-01-05T22:16:07.0,2026-01-15T03:53:52.531,"Any[45, 37, 30, 25, 19, 10]",45,10
1212,2026-01-05T22:27:59.0,2026-01-15T04:05:44.531,"Any[53, 45, 37, 30, 25]",53,25
693,2026-01-05T23:04:16.0,2026-01-15T04:42:01.531,"Any[8, 13, 19, 25, 30, 37, 45, 53]",8,53
883,2026-01-05T23:04:16.0,2026-01-15T04:42:01.531,"Any[8, 13, 19, 25, 30, 37, 45, 53]",8,53
692,2026-01-05T23:09:32.399,2026-01-08T04:47:17.93,"Any[8, 13, 19, 25, 30, 37, 45, 56]",8,56
1426,2026-01-05T23:32:00.0,2026-01-08T05:09:45.531,Any[],45,7
414,2026-01-05T23:46:28.0,2026-01-15T05:24:13.531,"Any[53, 45, 37, 30, 25, 19, 11, 6, 1]",53,1
761,2026-01-05T23:52:49.0,2026-01-08T05:30:34.531,"Any[53, 45, 37, 30, 25, 19, 13, 8]",53,8
1550,2026-01-05T23:59:35.0,2026-01-08T05:37:20.531,"Any[1, 6, 11, 19, 23, 36, 44, 54, 60]",1,60
169,2026-01-06T00:10:12.0,2026-01-15T05:47:57.531,"Any[13, 19, 25, 30, 37, 45, 56]",13,56
771,2026-01-06T00:22:14.0,2026-01-08T05:59:59.531,"Any[1, 6, 11, 19, 25, 30, 37, 45, 53, 60]",1,60
254,2026-01-06T00:55:26.0,2026-01-08T06:33:11.531,"Any[53, 45, 37, 30, 25, 19, 10]",53,10
462,2026-01-06T00:55:26.0,2026-01-15T06:33:11.531,"Any[53, 45, 37, 30, 25, 19, 10]",53,10
674,2026-01-06T00:56:06.0,2026-01-15T06:33:51.531,"Any[7, 8, 13, 19, 25, 30, 37, 45, 53]",7,53
321,2026-01-06T01:23:17.0,2026-01-15T07:01:02.531,"Any[7, 8, 13, 19, 25, 30, 37, 45, 53]",7,53
1085,2026-01-06T01:23:17.0,2026-01-08T07:01:02.531,"Any[7, 8, 13, 19, 25, 30, 37, 45, 53]",7,53
377,2026-01-06T01:30:42.0,2026-01-15T07:08:27.531,"Any[7, 8, 13, 19, 25, 30, 37, 45, 53]",7,53
52,2026-01-06T01:38:57.0,2026-01-15T07:16:42.531,"Any[53, 45, 37, 30, 25, 19, 10]",53,10
870,2026-01-06T02:13:39.0,2026-01-08T07:51:24.531,"Any[53, 45, 37, 30, 25, 19, 11, 6, 1]",53,1
1216,2026-01-06T02:13:39.0,2026-01-08T07:51:24.531,"Any[53, 45, 37, 30, 25, 19, 11, 6, 1]",53,1
592,2026-01-06T02:45:19.0,2026-01-15T08:23:04.531,"Any[64, 60, 53, 45, 37, 30, 25, 19, 11, 6, 6, 1]",64,6
601,2026-01-06T03:21:06.0,2026-01-08T08:58:51.531,"Any[8, 13, 19, 25, 30, 37, 45, 53]",8,53
1451,2026-01-06T04:22:00.0,2026-01-15T09:59:45.531,Any[],45,3
931,2026-01-06T04:30:47.0,2026-01-15T10:08:32.531,"Any[19, 17, 25, 30, 37, 45, 53, 60]",19,60
961,2026-01-06T05:45:32.0,2026-01-08T11:23:17.531,"Any[53, 45, 37, 30, 25, 19, 13, 8]",53,8
1568,2026-01-06T05:57:00.0,2026-01-15T11:34:45.531,Any[],10,64
476,2026-01-06T06:48:39.0,2026-01-15T12:26:24.531,"Any[6, 11, 16, 25, 30, 37, 45, 56]",6,56
330,2026-01-06T06:59:27.0,2026-01-15T12:37:12.531,"Any[6, 11, 19, 25, 30, 37, 45]",6,45
108,2026-01-06T07:10:53.0,2026-01-15T12:48:38.531,"Any[60, 53, 45, 37, 30, 25, 19, 13, 8]",60,8
847,2026-01-06T07:31:00.0,2026-01-15T13:08:45.531,"Any[10, 19, 25, 30, 37, 45, 53]",10,53
1291,2026-01-06T08:41:38.0,2026-01-15T14:19:23.531,"Any[10, 19, 25, 30, 37, 45, 53]",10,53
199,2026-01-06T09:36:07.0,2026-01-08T15:13:52.531,"Any[1, 6, 11, 19, 25, 30, 37, 45, 56]",1,56
358,2026-01-06T09:36:07.0,2026-01-08T15:13:52.531,"Any[1, 6, 11, 19, 25, 30, 37, 45, 56]",1,56
1572,2026-01-06T10:04:00.0,2026-01-08T15:41:45.531,Any[],10,64
355,2026-01-06T10:07:14.0,2026-01-08T15:44:59.531,"Any[60, 53, 45, 37, 30, 25, 19, 11, 6]",60,6
906,2026-01-06T10:26:31.0,2026-01-08T16:04:16.531,"Any[8, 13, 19, 25, 30, 37, 45, 56]",8,56
418,2026-01-06T10:48:29.0,2026-01-15T16:26:14.531,"Any[60, 53, 45, 37, 30, 25, 19, 11, 6]",60,6
410,2026-01-06T10:50:54.55,2026-01-08T16:28:40.081,"Any[19, 25, 30, 37, 45, 53]",19,53
97,2026-01-06T10:59:56.0,2026-01-15T16:37:41.531,"Any[19, 25, 30, 37, 45, 53]",19,53
231,2026-01-06T10:59:56.0,2026-01-15T16:37:41.531,"Any[19, 25, 30, 37, 45, 53]",19,53
1395,2026-01-06T11:26:52.0,2026-01-08T17:04:37.531,"Any[56, 45, 37, 30, 25, 19, 11, 6]",56,6
1015,2026-01-06T11:29:00.0,2026-01-08T17:06:45.531,"Any[6, 11, 19, 25, 30, 37, 45]",6,45
980,2026-01-06T11:39:08.0,2026-01-15T17:16:53.531,"Any[6, 11, 19, 25, 30, 37, 45]",6,45
743,2026-01-06T11:45:14.0,2026-01-08T17:22:59.531,"Any[6, 11, 19, 25, 30, 37, 45]",6,45
1028,2026-01-06T12:14:19.314,2026-01-15T17:52:04.845,"Any[53, 45, 37, 30, 25, 19, 10]",53,10
899,2026-01-06T12:21:30.0,2026-01-08T17:59:15.531,"Any[53, 45, 37, 30, 25, 19, 10]",53,10
1591,2026-01-06T12:30:00.0,2026-01-08T18:07:45.531,Any[],10,64
1427,2026-01-06T12:36:00.0,2026-01-08T18:13:45.531,Any[],45,7
464,2026-01-06T12:38:34.032,2026-01-15T18:16:19.563,"Any[8, 13, 19, 25, 30, 37, 45]",8,45
1150,2026-01-06T12:52:03.0,2026-01-15T18:29:48.531,"Any[19, 25, 30, 37, 45, 56]",19,56
1145,2026-01-06T13:00:21.0,2026-01-08T18:38:06.531,"Any[53, 45, 37, 30, 25, 19, 10]",53,10
1039,2026-01-06T13:02:44.0,2026-01-08T18:40:29.531,"Any[19, 25, 30, 37, 45, 56]",19,56
402,2026-01-06T13:28:14.0,2026-01-08T19:05:59.531,"Any[56, 45, 37, 30, 25, 19, 13, 8]",56,8
1123,2026-01-06T13:49:40.0,2026-01-15T19:27:25.531,"Any[19, 25, 30, 37, 45, 56]",19,56
1207,2026-01-06T13:49:40.0,2026-01-15T19:27:25.531,"Any[19, 25, 30, 37, 45, 56]",19,56
324,2026-01-06T13:52:16.0,2026-01-15T19:30:01.531,"Any[13, 19, 25, 30, 37, 45, 53]",13,53
1326,2026-01-06T14:01:00.0,2026-01-08T19:38:45.531,Any[],60,16
648,2026-01-06T14:23:19.0,2026-01-08T20:01:04.531,"Any[8, 13, 19, 25, 30, 37, 45, 56]",8,56
1408,2026-01-06T14:27:20.0,2026-01-08T20:05:05.531,"Any[45, 37, 30, 25, 19, 14]",45,14
1410,2026-01-06T14:27:20.0,2026-01-15T20:05:05.531,"Any[45, 37, 30, 25, 19, 14]",45,14
6,2026-01-06T15:13:04.0,2026-01-15T20:50:49.531,"Any[60, 56, 45, 37, 30, 25, 19, 11, 6, 1]",60,1
1237,2026-01-06T15:17:37.0,2026-01-15T20:55:22.531,"Any[53, 45, 37, 30, 25]",53,25
503,2026-01-06T15:23:07.0,2026-01-08T21:00:52.531,"Any[6, 11, 19, 25, 30, 37, 45]",6,45
27,2026-01-06T15:33:22.0,2026-01-08T21:11:07.531,"Any[6, 11, 19, 25, 30, 37, 45]",6,45
885,2026-01-06T15:49:41.0,2026-01-08T21:27:26.531,"Any[6, 11, 19, 25, 30, 37, 45]",6,45
950,2026-01-06T16:02:26.0,2026-01-08T21:40:11.531,"Any[56, 45, 37, 30, 25, 19, 11, 6]",56,6
1189,2026-01-06T16:10:53.0,2026-01-08T21:48:38.531,"Any[56, 45, 37, 30, 25, 19, 11, 6, 6, 1]",56,6
680,2026-01-06T16:14:39.0,2026-01-08T21:52:24.531,"Any[64, 60, 56, 45, 37, 30, 25, 19, 11, 6]",64,6
782,2026-01-06T16:40:44.154,2026-01-15T22:18:29.685,"Any[25, 30, 37, 45, 56]",25,56
873,2026-01-06T16:40:44.154,2026-01-08T22:18:29.685,"Any[25, 30, 37, 45, 56]",25,56
1175,2026-01-06T16:40:44.154,2026-01-15T22:18:29.685,"Any[25, 30, 37, 45, 56]",25,56
507,2026-01-06T16:44:39.0,2026-01-15T22:22:24.531,"Any[10, 19, 25, 30, 37, 45, 53]",10,53
1388,2026-01-06T16:48:00.0,2026-01-08T22:25:45.531,Any[],56,3
239,2026-01-06T16:54:52.0,2026-01-08T22:32:37.531,"Any[19, 25, 30, 37, 45, 53]",19,53
525,2026-01-06T16:54:52.0,2026-01-15T22:32:37.531,"Any[19, 25, 30, 37, 45, 53]",19,53
1091,2026-01-06T16:58:49.0,2026-01-08T22:36:34.531,"Any[60, 56, 53, 45, 37, 30, 25, 19, 11, 6]",60,6
1120,2026-01-06T17:01:39.0,2026-01-15T22:39:24.531,"Any[60, 56, 45, 37, 30, 25, 19, 11, 6, 1]",60,1
555,2026-01-06T17:26:12.0,2026-01-15T23:03:57.531,"Any[25, 30, 37, 45, 53, 60]",25,60
1521,2026-01-06T17:26:12.0,2026-01-15T23:03:57.531,"Any[25, 30, 37, 45, 53, 60]",25,60
1530,2026-01-06T17:26:12.0,2026-01-15T23:03:57.531,"Any[25, 30, 37, 45, 53, 60]",25,60
152,2026-01-06T17:28:51.446,2026-01-15T23:06:36.977,"Any[56, 45, 37, 30, 25]",56,25
855,2026-01-06T17:36:02.0,2026-01-15T23:13:47.531,"Any[6, 11, 19, 25, 30, 37, 45]",6,45
880,2026-01-06T17:36:02.0,2026-01-15T23:13:47.531,"Any[6, 11, 19, 25, 30, 37, 45]",6,45
1390,2026-01-06T17:39:56.0,2026-01-15T23:17:41.531,"Any[56, 45, 37, 30, 25, 19, 11, 6]",56,6
1349,2026-01-06T17:41:12.448,2026-01-08T23:18:57.979,"Any[56, 45, 37, 30, 25, 19]",56,19
1363,2026-01-06T17:41:12.448,2026-01-15T23:18:57.979,"Any[56, 45, 37, 30, 25, 19]",56,19
1365,2026-01-06T17:41:12.448,2026-01-15T23:18:57.979,"Any[56, 45, 37, 30, 25, 19]",56,19
613,2026-01-06T17:42:06.054,2026-01-15T23:19:51.585,"Any[56, 45, 37, 30, 25, 19, 13, 8, 7]",56,7
822,2026-01-06T17:42:06.054,2026-01-15T23:19:51.585,"Any[56, 45, 37, 30, 25, 19, 13, 8, 7]",56,7
1379,2026-01-06T17:42:06.054,2026-01-08T23:19:51.585,"Any[56, 45, 37, 30, 25, 19, 13, 8, 7]",56,7
1380,2026-01-06T17:42:06.054,2026-01-08T23:19:51.585,"Any[56, 45, 37, 30, 25, 19, 13, 8, 7]",56,7
1381,2026-01-06T17:42:06.054,2026-01-08T23:19:51.585,"Any[56, 45, 37, 30, 25, 19, 13, 8, 7]",56,7
166,2026-01-06T17:46:02.0,2026-01-08T23:23:47.531,"Any[6, 11, 19, 25, 30, 37, 45]",6,45
795,2026-01-06T18:05:48.0,2026-01-15T23:43:33.531,"Any[8, 13, 19, 25, 30, 37, 45, 56, 60]",8,60
557,2026-01-06T18:11:54.229,2026-01-15T23:49:39.76,"Any[6, 11, 19, 25, 30, 37, 45, 56]",6,56
1293,2026-01-06T18:19:05.0,2026-01-15T23:56:50.531,"Any[6, 11, 19, 25, 30, 37, 45]",6,45
1425,2026-01-06T18:32:00.0,2026-01-09T00:09:45.531,Any[],45,7
1470,2026-01-06T18:35:31.0,2026-01-16T00:13:16.531,"Any[25, 30, 37, 45, 53, 60, 64]",25,64
1484,2026-01-06T18:35:31.0,2026-01-16T00:13:16.531,"Any[25, 30, 37, 45, 53, 60, 64]",25,64
1064,2026-01-06T18:43:31.556,2026-01-09T00:21:17.087,"Any[60, 56, 45, 37, 30, 25, 19, 11, 6]",60,6
1140,2026-01-06T18:49:25.0,2026-01-09T00:27:10.531,"Any[5, 6, 11, 25, 30, 37, 45, 56]",5,56
619,2026-01-06T19:15:55.596,2026-01-16T00:53:41.127,"Any[60, 56, 45, 37, 30, 25, 19]",60,19
976,2026-01-06T19:16:15.0,2026-01-09T00:54:00.531,"Any[1, 6, 11, 19, 25, 30, 37, 45, 53]",1,53
596,2026-01-06T19:21:17.0,2026-01-09T00:59:02.531,"Any[6, 11, 19, 25, 30, 37, 45, 56]",6,56
88,2026-01-06T19:50:28.0,2026-01-09T01:28:13.531,"Any[53, 45, 37, 30, 25, 19, 13, 8]",53,8
637,2026-01-06T20:29:21.0,2026-01-16T02:07:06.531,"Any[53, 45, 37, 30, 25, 19, 13, 8]",53,8
1298,2026-01-06T20:29:21.0,2026-01-16T02:07:06.531,"Any[53, 45, 37, 30, 25, 19, 13, 8]",53,8
291,2026-01-06T20:38:16.0,2026-01-16T02:16:01.531,"Any[3, 10, 19, 25, 30, 37, 45, 53]",3,53
509,2026-01-06T20:48:06.0,2026-01-16T02:25:51.531,"Any[6, 11, 19, 25, 30, 37, 45, 56]",6,56
481,2026-01-06T20:58:18.0,2026-01-16T02:36:03.531,"Any[56, 45, 37, 30, 25, 19, 13, 8]",56,8
897,2026-01-06T21:33:36.0,2026-01-16T03:11:21.531,"Any[8, 13, 19, 25, 30, 37, 45, 56]",8,56
985,2026-01-06T21:36:51.0,2026-01-16T03:14:36.531,"Any[10, 19, 25, 30, 37, 45, 53, 60]",10,60
463,2026-01-06T21:40:19.0,2026-01-16T03:18:04.531,"Any[10, 19, 25, 30, 37, 45, 56, 60]",10,60
711,2026-01-06T21:40:19.0,2026-01-16T03:18:04.531,"Any[10, 19, 25, 30, 37, 45, 56, 60]",10,60
1184,2026-01-06T21:40:26.0,2026-01-09T03:18:11.531,"Any[6, 11, 16, 25, 30, 37, 45, 53]",6,53
1129,2026-01-06T21:46:22.0,2026-01-09T03:24:07.531,"Any[8, 13, 25, 30, 37, 45, 56]",8,56
119,2026-01-06T21:56:51.0,2026-01-16T03:34:36.531,"Any[53, 45, 37, 30, 25, 19, 13, 8]",53,8
522,2026-01-06T21:56:51.0,2026-01-16T03:34:36.531,"Any[53, 45, 37, 30, 25, 19, 13, 8]",53,8
631,2026-01-06T22:36:30.0,2026-01-16T04:14:15.531,"Any[53, 45, 37, 30, 25]",53,25
1452,2026-01-06T22:41:00.0,2026-01-16T04:18:45.531,Any[],45,3
1132,2026-01-06T22:44:13.18,2026-01-09T04:21:58.711,"Any[10, 19, 25, 30, 37, 45, 53]",10,53
814,2026-01-06T23:03:47.0,2026-01-09T04:41:32.531,"Any[8, 13, 19, 25, 30, 37, 45, 56]",8,56
160,2026-01-06T23:07:23.0,2026-01-09T04:45:08.531,"Any[1, 6, 11, 19, 25, 30, 37, 45]",1,45
803,2026-01-06T23:07:24.0,2026-01-16T04:45:09.531,"Any[8, 13, 19, 25, 30, 37, 45, 56]",8,56
327,2026-01-06T23:10:42.0,2026-01-09T04:48:27.531,"Any[10, 19, 25, 30, 37, 45, 53, 60]",10,60
651,2026-01-06T23:10:42.0,2026-01-16T04:48:27.531,"Any[10, 19, 25, 30, 37, 45, 53, 60]",10,60
1549,2026-01-06T23:16:17.0,2026-01-16T04:54:02.531,"Any[1, 6, 11, 19, 25, 30, 37, 45, 53, 60]",1,60
1552,2026-01-06T23:16:17.0,2026-01-09T04:54:02.531,"Any[1, 6, 11, 19, 25, 30, 37, 45, 53, 60]",1,60
1197,2026-01-06T23:38:53.0,2026-01-16T05:16:38.531,"Any[60, 56, 45, 37, 30, 25, 19, 11, 6]",60,6
177,2026-01-06T23:41:26.0,2026-01-16T05:19:11.531,"Any[8, 13, 19, 25, 30, 37, 45, 56]",8,56
511,2026-01-06T23:41:26.0,2026-01-16T05:19:11.531,"Any[8, 13, 19, 25, 30, 37, 45, 56]",8,56
310,2026-01-07T00:14:10.0,2026-01-09T05:51:55.531,"Any[6, 11, 19, 25, 30, 37, 45]",6,45
1110,2026-01-07T00:14:10.0,2026-01-16T05:51:55.531,"Any[6, 11, 19, 25, 30, 37, 45]",6,45
967,2026-01-07T00:20:00.0,2026-01-16T05:57:45.531,"Any[60, 53, 45, 37, 30, 25, 19, 10]",60,10
386,2026-01-07T00:20:13.0,2026-01-09T05:57:58.531,"Any[1, 6, 11, 19, 23, 36, 44, 54, 60]",1,60
879,2026-01-07T00:20:13.0,2026-01-16T05:57:58.531,"Any[1, 6, 11, 19, 23, 36, 44, 54, 60]",1,60
894,2026-01-07T00:28:19.0,2026-01-16T06:06:04.531,"Any[10, 11, 19, 25, 30, 37, 45, 53]",10,53
443,2026-01-07T00:38:56.0,2026-01-16T06:16:41.531,"Any[10, 19, 25, 30, 37, 45, 53]",10,53
112,2026-01-07T01:29:37.0,2026-01-16T07:07:22.531,"Any[10, 19, 25, 30, 37, 45, 53]",10,53
878,2026-01-07T01:29:37.0,2026-01-16T07:07:22.531,"Any[10, 19, 25, 30, 37, 45, 53]",10,53
1576,2026-01-07T01:38:00.0,2026-01-09T07:15:45.531,Any[],10,64
252,2026-01-07T02:03:40.0,2026-01-09T07:41:25.531,"Any[45, 37, 30, 25, 19, 13, 8]",45,8
1416,2026-01-07T02:03:40.0,2026-01-09T07:41:25.531,"Any[45, 37, 30, 25, 19, 13, 8]",45,8
1418,2026-01-07T02:03:40.0,2026-01-16T07:41:25.531,"Any[45, 37, 30, 25, 19, 13, 8]",45,8
1419,2026-01-07T02:03:40.0,2026-01-16T07:41:25.531,"Any[45, 37, 30, 25, 19, 13, 8]",45,8
431,2026-01-07T02:26:06.0,2026-01-09T08:03:51.531,"Any[53, 45, 37, 30, 25, 19, 10]",53,10
973,2026-01-07T02:52:05.0,2026-01-16T08:29:50.531,"Any[3, 10, 19, 25, 30, 37, 45, 53]",3,53
1292,2026-01-07T02:56:48.0,2026-01-09T08:34:33.531,"Any[19, 25, 30, 37, 45, 56]",19,56
19,2026-01-07T03:05:52.0,2026-01-09T08:43:37.531,"Any[53, 45, 37, 30, 25, 19, 10]",53,10
1113,2026-01-07T03:48:49.232,2026-01-16T09:26:34.763,"Any[53, 45, 37, 30, 25]",53,25
1570,2026-01-07T03:49:00.0,2026-01-16T09:26:45.531,Any[],10,64
436,2026-01-07T04:10:39.0,2026-01-09T09:48:24.531,"Any[1, 6, 11, 19, 25, 30, 37, 45, 53]",1,53
1283,2026-01-07T05:04:31.0,2026-01-16T10:42:16.531,"Any[62, 45, 37, 30, 25, 19, 11, 6]",62,6
776,2026-01-07T07:38:47.0,2026-01-09T13:16:32.531,"Any[19, 25, 30, 37, 45, 56]",19,56
1044,2026-01-07T08:05:19.0,2026-01-16T13:43:04.531,"Any[19, 25, 30, 37, 45, 56]",19,56
936,2026-01-07T08:09:25.0,2026-01-16T13:47:10.531,"Any[53, 45, 37, 30, 25]",53,25
1219,2026-01-07T08:31:21.0,2026-01-09T14:09:06.531,"Any[8, 13, 19, 25, 30, 37, 45, 56]",8,56
573,2026-01-07T08:49:55.0,2026-01-09T14:27:40.531,"Any[6, 11, 16, 25, 30, 37, 45]",6,45
376,2026-01-07T08:52:05.0,2026-01-09T14:29:50.531,"Any[53, 45, 37, 30, 25, 19, 11, 6, 1]",53,1
367,2026-01-07T08:55:26.0,2026-01-16T14:33:11.531,"Any[53, 45, 37, 30, 25, 19, 11, 6, 1]",53,1
1071,2026-01-07T08:58:31.0,2026-01-16T14:36:16.531,"Any[60, 56, 45, 37, 30, 25, 19, 17, 19, 11, 6, 6, 1]",60,6
677,2026-01-07T10:21:07.0,2026-01-09T15:58:52.531,"Any[17, 25, 30, 37, 45, 53]",17,53
972,2026-01-07T10:21:07.0,2026-01-16T15:58:52.531,"Any[17, 25, 30, 37, 45, 53]",17,53
1517,2026-01-07T10:21:29.179,2026-01-16T15:59:14.71,"Any[25, 30, 37, 45, 56, 60]",25,60
371,2026-01-07T10:26:34.0,2026-01-09T16:04:19.531,"Any[53, 45, 37, 30, 25, 19, 10]",53,10
1407,2026-01-07T10:36:00.0,2026-01-16T16:13:45.531,Any[],45,17
901,2026-01-07T10:44:14.601,2026-01-09T16:22:00.132,"Any[56, 45, 37, 30, 25, 19, 11, 6]",56,6
529,2026-01-07T10:46:38.0,2026-01-16T16:24:23.531,"Any[19, 25, 30, 37, 45, 56, 55, 56]",19,56
845,2026-01-07T10:50:52.0,2026-01-16T16:28:37.531,"Any[53, 45, 37, 30, 25]",53,25
382,2026-01-07T11:38:26.0,2026-01-09T17:16:11.531,"Any[53, 45, 37, 30, 25, 19, 13, 8]",53,8
178,2026-01-07T12:33:22.0,2026-01-16T18:11:07.531,"Any[53, 45, 37, 30, 25, 19, 10]",53,10
602,2026-01-07T12:33:22.0,2026-01-16T18:11:07.531,"Any[53, 45, 37, 30, 25, 19, 10]",53,10
714,2026-01-07T12:37:04.051,2026-01-16T18:14:49.582,"Any[64, 60, 56, 45, 37, 30, 25, 19, 11, 6]",64,6
840,2026-01-07T12:37:04.051,2026-01-16T18:14:49.582,"Any[64, 60, 56, 45, 37, 30, 25, 19, 11, 6]",64,6
230,2026-01-07T13:06:44.256,2026-01-09T18:44:29.787,"Any[54, 44, 36, 23, 19, 13, 8, 7]",54,7
9,2026-01-07T13:41:01.0,2026-01-09T19:18:46.531,"Any[56, 45, 37, 30, 25, 19, 13, 8]",56,8
925,2026-01-07T14:04:28.0,2026-01-16T19:42:13.531,"Any[1, 6, 11, 16, 25, 30, 37, 45, 56]",1,56
1222,2026-01-07T14:04:28.0,2026-01-16T19:42:13.531,"Any[1, 6, 11, 16, 25, 30, 37, 45, 56]",1,56
1259,2026-01-07T14:15:02.0,2026-01-16T19:52:47.531,"Any[64, 60, 53, 45, 37, 30, 25, 19, 11, 6]",64,6
191,2026-01-07T14:16:28.0,2026-01-09T19:54:13.531,"Any[19, 25, 30, 37, 45, 56]",19,56
220,2026-01-07T14:30:45.0,2026-01-09T20:08:30.531,"Any[6, 11, 19, 25, 30, 37, 45]",6,45
650,2026-01-07T14:39:48.0,2026-01-16T20:17:33.531,"Any[6, 11, 19, 25, 30, 37, 45]",6,45
1101,2026-01-07T14:53:49.0,2026-01-09T20:31:34.531,"Any[64, 60, 53, 45, 37, 30, 25, 19, 13, 8]",64,8
1109,2026-01-07T14:56:23.0,2026-01-09T20:34:08.531,"Any[6, 11, 19, 25, 30, 37, 45]",6,45
1288,2026-01-07T15:04:52.0,2026-01-16T20:42:37.531,"Any[6, 11, 19, 25, 30, 37, 45, 53]",6,53
659,2026-01-07T15:09:00.0,2026-01-16T20:46:45.531,"Any[53, 45, 37, 30, 25, 19, 13, 8]",53,8
615,2026-01-07T15:24:01.0,2026-01-16T21:01:46.531,"Any[53, 45, 37, 30, 25, 19, 13, 8]",53,8
1433,2026-01-07T15:42:00.0,2026-01-09T21:19:45.531,Any[],45,7
1449,2026-01-07T15:42:00.0,2026-01-09T21:19:45.531,Any[],45,3
1099,2026-01-07T15:50:58.0,2026-01-09T21:28:43.531,"Any[56, 45, 37, 30, 25, 19, 11, 6]",56,6
1391,2026-01-07T15:50:58.0,2026-01-16T21:28:43.531,"Any[56, 45, 37, 30, 25, 19, 11, 6]",56,6
884,2026-01-07T15:56:39.0,2026-01-16T21:34:24.531,"Any[60, 56, 45, 37, 30, 25, 19, 11, 6]",60,6
952,2026-01-07T15:56:39.0,2026-01-16T21:34:24.531,"Any[60, 56, 45, 37, 30, 25, 19, 11, 6]",60,6
123,2026-01-07T16:26:20.0,2026-01-09T22:04:05.531,"Any[53, 45, 37, 30, 25, 19, 13, 8]",53,8
347,2026-01-07T16:26:20.0,2026-01-16T22:04:05.531,"Any[53, 45, 37, 30, 25, 19, 13, 8]",53,8
587,2026-01-07T16:31:49.0,2026-01-09T22:09:34.531,"Any[60, 53, 45, 37, 30, 25, 19, 10]",60,10
1443,2026-01-07T16:32:00.0,2026-01-09T22:09:45.531,Any[],45,3
1587,2026-01-07T16:42:00.0,2026-01-09T22:19:45.531,Any[],10,64
297,2026-01-07T16:47:57.0,2026-01-16T22:25:42.531,"Any[6, 11, 19, 25, 30, 37, 45]",6,45
159,2026-01-07T16:52:12.0,2026-01-16T22:29:57.531,"Any[8, 13, 19, 25, 30, 37, 45, 56]",8,56
550,2026-01-07T16:52:12.0,2026-01-09T22:29:57.531,"Any[8, 13, 19, 25, 30, 37, 45, 56]",8,56
83,2026-01-07T16:58:20.0,2026-01-16T22:36:05.531,"Any[53, 45, 37, 30, 25, 19, 11, 6, 1]",53,1
1250,2026-01-07T16:59:54.0,2026-01-09T22:37:39.531,"Any[1, 6, 11, 16, 19, 25, 30, 37, 45, 56, 60, 64]",1,64
1343,2026-01-07T17:07:00.0,2026-01-16T22:44:45.531,Any[],60,7
1598,2026-01-07T17:16:00.0,2026-01-16T22:53:45.531,Any[],10,64
202,2026-01-07T17:20:02.0,2026-01-09T22:57:47.531,"Any[8, 13, 19, 25, 30, 37, 45, 56]",8,56
319,2026-01-07T17:20:02.0,2026-01-16T22:57:47.531,"Any[8, 13, 19, 25, 30, 37, 45, 56]",8,56
1276,2026-01-07T17:21:55.0,2026-01-09T22:59:40.531,"Any[53, 45, 37, 30, 25, 19, 11, 6, 1]",53,1
34,2026-01-07T17:34:15.0,2026-01-16T23:12:00.531,"Any[53, 45, 37, 30, 25, 19, 11, 6, 1]",53,1
1167,2026-01-07T17:41:08.0,2026-01-09T23:18:53.531,"Any[3, 10, 19, 25, 30, 37, 45, 53]",3,53
475,2026-01-07T17:43:11.109,2026-01-09T23:20:56.64,"Any[60, 56, 45, 37, 30, 25, 19, 11, 6]",60,6
722,2026-01-07T18:09:51.0,2026-01-16T23:47:36.531,"Any[6, 11, 19, 25, 30, 37, 45, 56]",6,56
426,2026-01-07T18:48:40.826,2026-01-10T00:26:26.357,"Any[56, 45, 37, 30, 25, 19, 13, 8]",56,8
1191,2026-01-07T19:02:49.0,2026-01-17T00:40:34.531,"Any[60, 53, 45, 37, 30, 25, 19, 13, 8]",60,8
586,2026-01-07T19:11:51.0,2026-01-17T00:49:36.531,"Any[1, 6, 11, 19, 25, 30, 37, 45, 53]",1,53
1387,2026-01-07T19:15:00.0,2026-01-10T00:52:45.531,Any[],56,3
890,2026-01-07T19:26:41.0,2026-01-17T01:04:26.531,"Any[1, 6, 11, 19, 25, 30, 37, 45, 53]",1,53
1111,2026-01-07T19:26:41.0,2026-01-10T01:04:26.531,"Any[1, 6, 11, 19, 25, 30, 37, 45, 53]",1,53
887,2026-01-07T19:41:47.611,2026-01-10T01:19:33.142,"Any[53, 45, 37, 30, 25, 19, 13, 8]",53,8
474,2026-01-07T20:34:41.0,2026-01-17T02:12:26.531,"Any[53, 45, 37, 30, 25, 19, 13, 8]",53,8
839,2026-01-07T20:37:29.0,2026-01-17T02:15:14.531,"Any[7, 8, 13, 19, 25, 30, 37, 45, 53]",7,53
208,2026-01-07T20:48:19.0,2026-01-17T02:26:04.531,"Any[56, 45, 37, 30, 25, 19, 11, 6]",56,6
506,2026-01-07T21:13:17.0,2026-01-17T02:51:02.531,"Any[1, 6, 11, 19, 23, 36, 44, 54, 60]",1,60
607,2026-01-07T21:29:16.0,2026-01-10T03:07:01.531,"Any[8, 13, 19, 30, 37, 45, 56]",8,56
1038,2026-01-07T21:29:16.0,2026-01-17T03:07:01.531,"Any[8, 13, 19, 30, 37, 45, 56]",8,56
1046,2026-01-07T22:01:53.303,2026-01-17T03:39:38.834,"Any[8, 13, 19, 25, 30, 37, 45, 56, 60]",8,60
146,2026-01-07T22:09:13.0,2026-01-10T03:46:58.531,"Any[53, 45, 37, 30, 25, 19, 13, 8]",53,8
929,2026-01-07T22:45:22.0,2026-01-10T04:23:07.531,"Any[10, 19, 25, 30, 37, 45, 53, 60]",10,60
17,2026-01-07T22:50:51.0,2026-01-10T04:28:36.531,"Any[10, 19, 25, 30, 37, 45, 53, 60]",10,60
491,2026-01-07T22:50:51.0,2026-01-10T04:28:36.531,"Any[10, 19, 25, 30, 37, 45, 53, 60]",10,60
571,2026-01-07T22:58:17.0,2026-01-17T04:36:02.531,"Any[53, 45, 37, 30, 25]",53,25
271,2026-01-07T23:05:33.0,2026-01-17T04:43:18.531,"Any[53, 45, 37, 30, 25]",53,25
598,2026-01-07T23:07:09.0,2026-01-10T04:44:54.531,"Any[8, 13, 19, 25, 30, 37, 45, 56]",8,56
455,2026-01-07T23:16:35.0,2026-01-10T04:54:20.531,"Any[53, 45, 37, 30, 25, 19, 11, 6, 1]",53,1
567,2026-01-07T23:29:00.0,2026-01-10T05:06:45.531,"Any[53, 45, 37, 30, 25, 19, 10]",53,10
1466,2026-01-07T23:41:44.0,2026-01-10T05:19:29.531,"Any[45, 37, 30, 25, 19, 10]",45,10
1172,2026-01-07T23:52:20.364,2026-01-10T05:30:05.895,"Any[1, 6, 11, 19, 25, 30, 37, 45, 56]",1,56
1383,2026-01-07T23:59:00.0,2026-01-10T05:36:45.531,Any[],56,3
1022,2026-01-08T00:04:34.0,2026-01-10T05:42:19.531,"Any[19, 25, 30, 37, 45, 53]",19,53
82,2026-01-08T00:10:56.0,2026-01-17T05:48:41.531,"Any[1, 6, 11, 19, 23, 36, 44, 54, 60]",1,60
186,2026-01-08T00:12:21.0,2026-01-17T05:50:06.531,"Any[56, 45, 37, 30, 25, 19, 13, 8]",56,8
983,2026-01-08T00:30:29.0,2026-01-17T06:08:14.531,"Any[1, 6, 11, 19, 23, 28, 36, 44, 54, 60]",1,60
1547,2026-01-08T00:30:29.0,2026-01-17T06:08:14.531,"Any[1, 6, 11, 19, 23, 28, 36, 44, 54, 60]",1,60
211,2026-01-08T00:34:03.066,2026-01-17T06:11:48.597,"Any[9, 15, 26, 31, 36, 44, 54, 60]",9,60
1594,2026-01-08T00:37:00.0,2026-01-10T06:14:45.531,Any[],10,64
1121,2026-01-08T00:49:18.0,2026-01-10T06:27:03.531,"Any[10, 19, 25, 30, 37, 45, 53]",10,53
350,2026-01-08T01:01:24.0,2026-01-17T06:39:09.531,"Any[8, 13, 19, 25, 30, 37, 45, 56]",8,56
267,2026-01-08T01:20:39.098,2026-01-17T06:58:24.629,"Any[53, 45, 37, 30, 25, 19, 10]",53,10
1092,2026-01-08T01:20:39.098,2026-01-10T06:58:24.629,"Any[53, 45, 37, 30, 25, 19, 10]",53,10
398,2026-01-08T01:24:53.0,2026-01-17T07:02:38.531,"Any[7, 8, 13, 19, 25, 30, 37, 45, 53]",7,53
1278,2026-01-08T01:25:01.0,2026-01-17T07:02:46.531,"Any[10, 19, 25, 30, 37, 45, 53]",10,53
1223,2026-01-08T01:39:31.0,2026-01-17T07:17:16.531,"Any[53, 45, 37, 30, 25, 19, 11, 6, 1]",53,1
1302,2026-01-08T01:44:25.0,2026-01-17T07:22:10.531,"Any[53, 45, 37, 30, 25, 19, 11, 6, 1]",53,1
499,2026-01-08T02:01:06.0,2026-01-10T07:38:51.531,"Any[64, 60, 53, 45, 37, 30, 25, 19, 11, 6, 1]",64,1
175,2026-01-08T02:03:00.0,2026-01-17T07:40:45.531,"Any[64, 53, 45, 37, 30, 25, 19, 13, 8]",64,8
163,2026-01-08T02:10:04.0,2026-01-17T07:47:49.531,"Any[10, 19, 25, 30, 37, 45, 53]",10,53
821,2026-01-08T02:20:34.0,2026-01-10T07:58:19.531,"Any[64, 60, 53, 45, 37, 30, 25, 19, 13, 8]",64,8
997,2026-01-08T02:20:34.0,2026-01-10T07:58:19.531,"Any[64, 60, 53, 45, 37, 30, 25, 19, 13, 8]",64,8
1195,2026-01-08T02:21:35.0,2026-01-10T07:59:20.531,"Any[8, 13, 19, 25, 30, 37, 45, 53, 62]",8,62
1539,2026-01-08T02:21:35.0,2026-01-10T07:59:20.531,"Any[8, 13, 19, 25, 30, 37, 45, 53, 62]",8,62
1540,2026-01-08T02:21:35.0,2026-01-17T07:59:20.531,"Any[8, 13, 19, 25, 30, 37, 45, 53, 62]",8,62
1541,2026-01-08T02:21:35.0,2026-01-10T07:59:20.531,"Any[8, 13, 19, 25, 30, 37, 45, 53, 62]",8,62
1543,2026-01-08T02:21:35.0,2026-01-10T07:59:20.531,"Any[8, 13, 19, 25, 30, 37, 45, 53, 62]",8,62
260,2026-01-08T02:29:47.0,2026-01-10T08:07:32.531,"Any[64, 60, 53, 45, 37, 30, 25, 19, 11, 6, 1]",64,1
712,2026-01-08T02:46:47.0,2026-01-10T08:24:32.531,"Any[7, 8, 13, 19, 25, 30, 37, 45, 53]",7,53
859,2026-01-08T02:46:47.0,2026-01-10T08:24:32.531,"Any[7, 8, 13, 19, 25, 30, 37, 45, 53]",7,53
1345,2026-01-08T03:47:00.0,2026-01-10T09:24:45.531,Any[],60,7
1148,2026-01-08T03:58:56.0,2026-01-10T09:36:41.531,"Any[64, 60, 53, 45, 37, 30, 25, 19, 11, 6, 1]",64,1
440,2026-01-08T04:28:00.0,2026-01-17T10:05:45.531,"Any[1, 6, 11, 19, 25, 30, 37, 45, 53]",1,53
1436,2026-01-08T05:05:00.0,2026-01-17T10:42:45.531,Any[],45,7
301,2026-01-08T05:40:27.0,2026-01-17T11:18:12.531,"Any[19, 25, 30, 37, 45, 53, 60]",19,60
1322,2026-01-08T06:42:00.0,2026-01-17T12:19:45.531,Any[],60,17
133,2026-01-08T07:11:51.0,2026-01-10T12:49:36.531,"Any[17, 16, 25, 30, 37, 45, 53]",17,53
1344,2026-01-08T07:18:00.0,2026-01-17T12:55:45.531,Any[],60,7
1429,2026-01-08T07:24:00.0,2026-01-10T13:01:45.531,Any[],45,7
905,2026-01-08T07:48:44.0,2026-01-17T13:26:29.531,"Any[56, 45, 37, 30, 25]",56,25
934,2026-01-08T07:48:44.0,2026-01-17T13:26:29.531,"Any[56, 45, 37, 30, 25]",56,25
109,2026-01-08T07:58:11.0,2026-01-10T13:35:56.531,"Any[53, 45, 37, 30, 25, 19, 11, 6, 1]",53,1
912,2026-01-08T08:12:30.0,2026-01-17T13:50:15.531,"Any[19, 25, 30, 37, 45, 53]",19,53
275,2026-01-08T08:15:43.0,2026-01-10T13:53:28.531,"Any[1, 6, 11, 19, 25, 30, 37, 45, 56]",1,56
510,2026-01-08T08:26:25.049,2026-01-10T14:04:10.58,"Any[8, 13, 19, 25, 30, 37, 45, 56]",8,56
1370,2026-01-08T09:15:45.0,2026-01-17T14:53:30.531,"Any[56, 45, 37, 30, 25, 19]",56,19
446,2026-01-08T09:22:31.0,2026-01-17T15:00:16.531,"Any[6, 10, 19, 25, 30, 37, 45]",6,45
352,2026-01-08T10:19:53.768,2026-01-10T15:57:39.299,"Any[53, 45, 37, 30, 25, 19, 11, 6, 1]",53,1
838,2026-01-08T10:19:53.768,2026-01-10T15:57:39.299,"Any[53, 45, 37, 30, 25, 19, 11, 6, 1]",53,1
724,2026-01-08T10:36:46.276,2026-01-10T16:14:31.807,"Any[53, 45, 37, 30, 25]",53,25
1103,2026-01-08T10:36:46.276,2026-01-17T16:14:31.807,"Any[53, 45, 37, 30, 25]",53,25
1247,2026-01-08T10:48:09.0,2026-01-10T16:25:54.531,"Any[53, 45, 37, 30, 25, 19, 10]",53,10
134,2026-01-08T10:58:45.572,2026-01-10T16:36:31.103,"Any[62, 45, 37, 30, 25, 19]",62,19
176,2026-01-08T11:03:33.0,2026-01-10T16:41:18.531,"Any[1, 6, 11, 19, 25, 30, 37, 45, 53]",1,53
269,2026-01-08T11:15:00.0,2026-01-10T16:52:45.531,"Any[7, 8, 13, 19, 25, 30, 37, 45, 53]",7,53
603,2026-01-08T11:15:14.375,2026-01-10T16:52:59.906,"Any[6, 11, 19, 25, 30, 37, 45, 56]",6,56
1188,2026-01-08T11:44:05.0,2026-01-17T17:21:50.531,"Any[8, 13, 19, 25, 30, 37, 45, 56]",8,56
828,2026-01-08T11:52:50.0,2026-01-10T17:30:35.531,"Any[53, 45, 37, 30, 25, 19, 13, 8]",53,8
760,2026-01-08T12:08:04.0,2026-01-17T17:45:49.531,"Any[53, 45, 37, 30, 25, 19, 10]",53,10
1435,2026-01-08T12:28:00.0,2026-01-17T18:05:45.531,Any[],45,7
18,2026-01-08T12:50:09.0,2026-01-17T18:27:54.531,"Any[56, 45, 37, 30, 25]",56,25
539,2026-01-08T12:51:04.884,2026-01-10T18:28:50.415,"Any[64, 60, 56, 45, 37, 30, 25, 19, 13, 8, 7, 8]",64,8
710,2026-01-08T12:51:08.0,2026-01-17T18:28:53.531,"Any[62, 45, 37, 30, 25, 19, 11, 6, 6, 1]",62,6
1305,2026-01-08T12:51:08.0,2026-01-17T18:28:53.531,"Any[62, 45, 37, 30, 25, 19, 11, 6, 6, 1]",62,6
702,2026-01-08T12:59:19.0,2026-01-17T18:37:04.531,"Any[53, 45, 37, 30, 25]",53,25
223,2026-01-08T13:11:52.0,2026-01-17T18:49:37.531,"Any[53, 45, 37, 30, 25, 19, 10]",53,10
1218,2026-01-08T14:01:22.428,2026-01-17T19:39:07.959,"Any[1, 6, 11, 19, 25, 30, 37, 45, 56]",1,56
1077,2026-01-08T14:25:26.0,2026-01-17T20:03:11.531,"Any[8, 13, 19, 25, 30, 37, 45, 56, 60]",8,60
447,2026-01-08T14:30:46.0,2026-01-17T20:08:31.531,"Any[1, 6, 11, 19, 25, 30, 37, 45, 56]",1,56
548,2026-01-08T14:50:48.0,2026-01-17T20:28:33.531,"Any[53, 45, 37, 30, 25]",53,25
1405,2026-01-08T15:05:02.389,2026-01-10T20:42:47.92,"Any[45, 37, 30, 25, 19]",45,19
105,2026-01-08T15:16:08.0,2026-01-17T20:53:53.531,"Any[53, 45, 37, 30, 25, 19, 11, 6, 1]",53,1
987,2026-01-08T15:16:08.0,2026-01-17T20:53:53.531,"Any[53, 45, 37, 30, 25, 19, 11, 6, 1]",53,1
2,2026-01-08T15:16:38.801,2026-01-10T20:54:24.332,"Any[8, 13, 19, 25, 30, 37, 45, 53, 60]",8,60
1117,2026-01-08T15:16:38.801,2026-01-10T20:54:24.332,"Any[8, 13, 19, 25, 30, 37, 45, 53, 60]",8,60
1564,2026-01-08T15:32:20.324,2026-01-17T21:10:05.855,"Any[6, 11, 19, 25, 30, 37, 45, 53]",6,53
670,2026-01-08T15:32:27.0,2026-01-10T21:10:12.531,"Any[3, 10, 19, 25, 30, 37, 45, 53]",3,53
289,2026-01-08T15:47:18.0,2026-01-17T21:25:03.531,"Any[64, 60, 56, 45, 37, 30, 25, 19, 17, 19, 13, 8]",64,8
1279,2026-01-08T15:53:57.042,2026-01-10T21:31:42.573,"Any[19, 25, 30, 37, 45, 53]",19,53
415,2026-01-08T16:02:26.0,2026-01-10T21:40:11.531,"Any[60, 53, 45, 37, 30, 25, 19, 13, 8]",60,8
536,2026-01-08T16:02:26.0,2026-01-17T21:40:11.531,"Any[60, 53, 45, 37, 30, 25, 19, 13, 8]",60,8
599,2026-01-08T16:06:01.0,2026-01-10T21:43:46.531,"Any[6, 11, 19, 25, 30, 37, 45]",6,45
1280,2026-01-08T16:08:59.421,2026-01-10T21:46:44.952,"Any[1, 6, 11, 19, 25, 30, 37, 45, 56]",1,56
124,2026-01-08T16:17:42.0,2026-01-17T21:55:27.531,"Any[64, 56, 45, 37, 30, 25, 19, 11, 6]",64,6
1200,2026-01-08T16:44:15.0,2026-01-10T22:22:00.531,"Any[53, 45, 37, 30, 25]",53,25
1258,2026-01-08T16:44:15.0,2026-01-17T22:22:00.531,"Any[53, 45, 37, 30, 25]",53,25
1012,2026-01-08T16:44:24.0,2026-01-17T22:22:09.531,"Any[60, 53, 45, 37, 30, 25, 19, 10]",60,10
1048,2026-01-08T16:45:10.0,2026-01-17T22:22:55.531,"Any[8, 13, 19, 25, 30, 37, 45, 56]",8,56
1299,2026-01-08T17:08:06.0,2026-01-17T22:45:51.531,"Any[6, 11, 19, 25, 30, 37, 45, 53]",6,53
273,2026-01-08T17:26:22.0,2026-01-17T23:04:07.531,"Any[1, 6, 11, 19, 25, 30, 37, 45, 56, 60]",1,60
1127,2026-01-08T17:26:22.0,2026-01-17T23:04:07.531,"Any[1, 6, 11, 19, 25, 30, 37, 45, 56, 60]",1,60
4,2026-01-08T17:26:46.913,2026-01-17T23:04:32.444,"Any[1, 6, 11, 19, 25, 30, 37, 45, 56]",1,56
396,2026-01-08T17:36:23.0,2026-01-10T23:14:08.531,"Any[10, 19, 25, 30, 37, 45, 53]",10,53
984,2026-01-08T17:36:23.0,2026-01-17T23:14:08.531,"Any[10, 19, 25, 30, 37, 45, 53]",10,53
204,2026-01-08T17:47:34.0,2026-01-17T23:25:19.531,"Any[8, 13, 19, 25, 30, 37, 45, 53, 60]",8,60
684,2026-01-08T17:49:15.0,2026-01-10T23:27:00.531,"Any[19, 25, 30, 37, 45, 53, 60]",19,60
399,2026-01-08T17:53:31.0,2026-01-17T23:31:16.531,"Any[45, 37, 30, 25, 19, 10]",45,10
1465,2026-01-08T17:53:31.0,2026-01-17T23:31:16.531,"Any[45, 37, 30, 25, 19, 10]",45,10
1001,2026-01-08T17:58:25.0,2026-01-17T23:36:10.531,"Any[6, 11, 19, 25, 30, 37, 45]",6,45
1534,2026-01-08T18:03:39.695,2026-01-10T23:41:25.226,"Any[25, 30, 37, 45, 53]",25,53
665,2026-01-08T18:13:32.0,2026-01-17T23:51:17.531,"Any[10, 19, 25, 30, 37, 45, 53]",10,53
45,2026-01-08T18:18:32.0,2026-01-10T23:56:17.531,"Any[19, 25, 30, 37, 45, 56, 60]",19,60
437,2026-01-08T18:18:32.0,2026-01-17T23:56:17.531,"Any[19, 25, 30, 37, 45, 56, 60]",19,60
1243,2026-01-08T18:18:32.0,2026-01-17T23:56:17.531,"Any[19, 25, 30, 37, 45, 56, 60]",19,60
1126,2026-01-08T18:20:46.0,2026-01-10T23:58:31.531,"Any[60, 53, 45, 37, 30, 25, 19, 13, 8]",60,8
543,2026-01-08T18:35:32.0,2026-01-18T00:13:17.531,"Any[56, 45, 37, 30, 25, 19, 13, 8]",56,8
754,2026-01-08T18:39:23.0,2026-01-11T00:17:08.531,"Any[56, 45, 37, 30, 25]",56,25
323,2026-01-08T18:42:58.0,2026-01-11T00:20:43.531,"Any[56, 45, 37, 30, 25, 19, 11, 6]",56,6
717,2026-01-08T18:57:02.0,2026-01-11T00:34:47.531,"Any[45, 37, 30, 25, 19, 17, 10]",45,10
546,2026-01-08T19:05:00.0,2026-01-11T00:42:45.531,"Any[8, 13, 19, 25, 30, 37, 45, 53]",8,53
345,2026-01-08T19:10:59.15,2026-01-18T00:48:44.681,"Any[8, 13, 19, 25, 30, 37, 45, 53]",8,53
404,2026-01-08T19:13:37.0,2026-01-18T00:51:22.531,"Any[56, 45, 37, 30, 25, 19]",56,19
562,2026-01-08T19:20:18.0,2026-01-18T00:58:03.531,"Any[1, 6, 11, 19, 25, 30, 37, 45, 53]",1,53
1198,2026-01-08T19:23:38.869,2026-01-18T01:01:24.4,"Any[1, 6, 11, 19, 25, 30, 37, 45, 53, 60]",1,60
51,2026-01-08T19:35:22.0,2026-01-11T01:13:07.531,"Any[10, 19, 25, 30, 37, 45, 53]",10,53
7,2026-01-08T19:56:04.0,2026-01-11T01:33:49.531,"Any[53, 45, 37, 30, 25]",53,25
1205,2026-01-08T19:56:21.0,2026-01-11T01:34:06.531,"Any[53, 45, 37, 30, 25, 19, 10]",53,10
808,2026-01-08T20:38:14.0,2026-01-11T02:15:59.531,"Any[7, 8, 13, 19, 25, 30, 37, 45, 53]",7,53
296,2026-01-08T20:51:15.0,2026-01-18T02:29:00.531,"Any[53, 45, 37, 30, 25, 19, 11, 6, 1]",53,1
551,2026-01-08T20:51:15.0,2026-01-11T02:29:00.531,"Any[53, 45, 37, 30, 25, 19, 11, 6, 1]",53,1
1161,2026-01-08T20:52:04.0,2026-01-18T02:29:49.531,"Any[6, 11, 19, 25, 30, 37, 45]",6,45
768,2026-01-08T20:56:52.487,2026-01-18T02:34:38.018,"Any[53, 45, 37, 30, 25, 19, 10]",53,10
342,2026-01-08T21:07:06.0,2026-01-11T02:44:51.531,"Any[53, 45, 37, 30, 25, 19, 13, 8]",53,8
716,2026-01-08T21:38:40.391,2026-01-18T03:16:25.922,"Any[53, 45, 37, 30, 25, 19, 10]",53,10
769,2026-01-08T21:43:20.0,2026-01-18T03:21:05.531,"Any[10, 19, 25, 30, 37, 45, 53]",10,53
1186,2026-01-08T21:47:03.0,2026-01-18T03:24:48.531,"Any[8, 13, 19, 25, 30, 37, 45, 56]",8,56
1306,2026-01-08T22:11:39.0,2026-01-11T03:49:24.531,"Any[10, 19, 25, 30, 37, 45, 53]",10,53
816,2026-01-08T22:25:37.0,2026-01-18T04:03:22.531,"Any[10, 19, 25, 30, 37, 45, 53]",10,53
953,2026-01-08T23:00:08.0,2026-01-18T04:37:53.531,"Any[19, 25, 30, 37, 45, 56]",19,56
75,2026-01-08T23:18:18.0,2026-01-11T04:56:03.531,"Any[53, 45, 37, 30, 25, 19, 10]",53,10
790,2026-01-08T23:26:35.0,2026-01-18T05:04:20.531,"Any[8, 13, 19, 25, 30, 37, 45, 56]",8,56
233,2026-01-08T23:46:38.0,2026-01-18T05:24:23.531,"Any[53, 45, 37, 30, 25, 19, 13, 8]",53,8
514,2026-01-08T23:53:53.467,2026-01-11T05:31:38.998,"Any[8, 13, 19, 25, 30, 37, 45, 56]",8,56
249,2026-01-09T00:01:06.0,2026-01-18T05:38:51.531,"Any[1, 6, 11, 19, 23, 36, 44, 54, 60]",1,60
854,2026-01-09T00:15:22.0,2026-01-11T05:53:07.531,"Any[8, 13, 19, 25, 30, 37, 45, 56]",8,56
1013,2026-01-09T00:22:05.0,2026-01-11T05:59:50.531,"Any[56, 45, 37, 30, 25, 16]",56,16
829,2026-01-09T00:42:47.0,2026-01-11T06:20:32.531,"Any[7, 8, 13, 19, 25, 30, 37, 45, 53]",7,53
1032,2026-01-09T01:16:37.0,2026-01-11T06:54:22.531,"Any[8, 13, 19, 25, 30, 37, 45, 56]",8,56
528,2026-01-09T01:29:29.0,2026-01-18T07:07:14.531,"Any[53, 45, 37, 30, 25, 19, 10]",53,10
1597,2026-01-09T01:32:00.0,2026-01-11T07:09:45.531,Any[],10,64
373,2026-01-09T01:35:40.0,2026-01-18T07:13:25.531,"Any[16, 25, 30, 37, 45, 53]",16,53
552,2026-01-09T01:45:48.0,2026-01-11T07:23:33.531,"Any[56, 45, 37, 30, 25, 19, 13, 8]",56,8
1193,2026-01-09T02:17:45.0,2026-01-18T07:55:30.531,"Any[53, 45, 37, 30, 25, 19, 11, 10, 11, 6, 1]",53,1
678,2026-01-09T02:19:24.0,2026-01-18T07:57:09.531,"Any[53, 45, 37, 30, 25, 19, 11, 6, 1]",53,1
1059,2026-01-09T02:19:24.0,2026-01-11T07:57:09.531,"Any[53, 45, 37, 30, 25, 19, 11, 6, 1]",53,1
947,2026-01-09T02:27:45.0,2026-01-11T08:05:30.531,"Any[19, 25, 30, 37, 45, 56]",19,56
1328,2026-01-09T02:50:00.0,2026-01-11T08:27:45.531,Any[],60,16
484,2026-01-09T03:08:33.0,2026-01-11T08:46:18.531,"Any[53, 45, 37, 30, 25, 19, 11, 6, 1]",53,1
869,2026-01-09T03:44:28.0,2026-01-11T09:22:13.531,"Any[53, 45, 37, 30, 25]",53,25
932,2026-01-09T03:44:28.0,2026-01-18T09:22:13.531,"Any[53, 45, 37, 30, 25]",53,25
261,2026-01-09T03:48:37.0,2026-01-18T09:26:22.531,"Any[56, 45, 37, 30, 25, 19, 10]",56,10
1249,2026-01-09T04:15:50.0,2026-01-11T09:53:35.531,"Any[60, 56, 45, 37, 30, 25, 19, 11, 6]",60,6
861,2026-01-09T05:44:55.0,2026-01-18T11:22:40.531,"Any[64, 60, 53, 45, 37, 30, 25, 19, 11, 6, 1]",64,1
858,2026-01-09T06:14:53.903,2026-01-18T11:52:39.434,"Any[56, 45, 37, 30, 25, 19, 13, 8]",56,8
1384,2026-01-09T06:34:00.0,2026-01-11T12:11:45.531,Any[],56,3
1557,2026-01-09T06:51:04.0,2026-01-11T12:28:49.531,"Any[1, 6, 11, 16, 25, 30, 37, 45, 56]",1,56
49,2026-01-09T06:53:33.0,2026-01-18T12:31:18.531,"Any[53, 45, 37, 30, 25]",53,25
312,2026-01-09T06:58:28.0,2026-01-11T12:36:13.531,"Any[1, 6, 11, 19, 25, 30, 37, 45, 56]",1,56
713,2026-01-09T06:58:28.0,2026-01-18T12:36:13.531,"Any[1, 6, 11, 19, 25, 30, 37, 45, 56]",1,56
1267,2026-01-09T07:18:12.767,2026-01-18T12:55:58.298,"Any[64, 56, 45, 37, 30, 25, 19, 11, 6]",64,6
1489,2026-01-09T08:41:57.0,2026-01-18T14:19:42.531,"Any[25, 30, 37, 45, 56, 60]",25,60
1588,2026-01-09T08:45:00.0,2026-01-11T14:22:45.531,Any[],10,64
493,2026-01-09T08:45:36.713,2026-01-18T14:23:22.244,"Any[19, 25, 30, 37, 45, 53]",19,53
387,2026-01-09T09:27:00.0,2026-01-11T15:04:45.531,"Any[10, 19, 25, 30, 37, 45, 53]",10,53
707,2026-01-09T09:58:14.601,2026-01-18T15:36:00.132,"Any[53, 45, 37, 30, 25, 19, 10]",53,10
1083,2026-01-09T10:11:49.0,2026-01-11T15:49:34.531,"Any[53, 45, 37, 30, 25, 19, 10]",53,10
842,2026-01-09T10:28:32.0,2026-01-18T16:06:17.531,"Any[6, 11, 19, 17, 19, 25, 30, 37, 45]",6,45
299,2026-01-09T10:48:30.0,2026-01-11T16:26:15.531,"Any[6, 11, 19, 25, 30, 37, 45]",6,45
219,2026-01-09T10:50:22.0,2026-01-18T16:28:07.531,"Any[53, 45, 37, 30, 25]",53,25
900,2026-01-09T11:16:46.0,2026-01-11T16:54:31.531,"Any[45, 37, 30, 25, 19]",45,19
1462,2026-01-09T11:24:00.0,2026-01-18T17:01:45.531,Any[],45,5
153,2026-01-09T12:01:00.0,2026-01-18T17:38:45.531,"Any[60, 56, 45, 37, 30, 25, 19, 10]",60,10
1137,2026-01-09T12:01:00.0,2026-01-18T17:38:45.531,"Any[60, 56, 45, 37, 30, 25, 19, 10]",60,10
1230,2026-01-09T12:20:11.0,2026-01-11T17:57:56.531,"Any[6, 11, 19, 25, 30, 37, 45, 56]",6,56
292,2026-01-09T12:25:07.0,2026-01-11T18:02:52.531,"Any[53, 45, 37, 30, 25, 19]",53,19
1490,2026-01-09T12:26:18.0,2026-01-11T18:04:03.531,"Any[25, 30, 37, 45, 56, 60]",25,60
1494,2026-01-09T12:26:18.0,2026-01-18T18:04:03.531,"Any[25, 30, 37, 45, 56, 60]",25,60
1546,2026-01-09T12:35:00.0,2026-01-11T18:12:45.531,Any[],8,54
669,2026-01-09T13:09:21.0,2026-01-11T18:47:06.531,"Any[53, 45, 37, 30, 25, 19, 10]",53,10
595,2026-01-09T13:20:42.0,2026-01-18T18:58:27.531,"Any[6, 11, 19, 25, 30, 37, 45, 56]",6,56
10,2026-01-09T13:30:59.439,2026-01-11T19:08:44.97,"Any[56, 45, 37, 30, 25, 19, 11, 6]",56,6
346,2026-01-09T13:49:13.0,2026-01-11T19:26:58.531,"Any[19, 25, 30, 37, 45, 53]",19,53
1029,2026-01-09T13:49:13.0,2026-01-11T19:26:58.531,"Any[19, 25, 30, 37, 45, 53]",19,53
704,2026-01-09T13:52:51.0,2026-01-11T19:30:36.531,"Any[56, 45, 37, 30, 25, 19, 11, 6]",56,6
1097,2026-01-09T13:52:51.0,2026-01-11T19:30:36.531,"Any[56, 45, 37, 30, 25, 19, 11, 6]",56,6
340,2026-01-09T14:06:06.0,2026-01-18T19:43:51.531,"Any[45, 37, 30, 25]",45,25
445,2026-01-09T14:31:44.481,2026-01-18T20:09:30.012,"Any[6, 10, 19, 25, 30, 37, 45, 56]",6,56
531,2026-01-09T14:48:21.0,2026-01-18T20:26:06.531,"Any[64, 60, 56, 45, 37, 30, 25, 19, 11, 6]",64,6
1125,2026-01-09T15:00:49.0,2026-01-11T20:38:34.531,"Any[53, 45, 37, 30, 25, 19, 10]",53,10
1434,2026-01-09T15:08:00.0,2026-01-11T20:45:45.531,Any[],45,7
580,2026-01-09T15:08:15.0,2026-01-11T20:46:00.531,"Any[60, 53, 45, 37, 30, 25, 19, 11, 6, 1]",60,1
1081,2026-01-09T15:08:15.0,2026-01-11T20:46:00.531,"Any[60, 53, 45, 37, 30, 25, 19, 11, 6, 1]",60,1
165,2026-01-09T15:29:53.0,2026-01-18T21:07:38.531,"Any[16, 17, 25, 30, 37, 45, 53]",16,53
1174,2026-01-09T15:33:15.838,2026-01-11T21:11:01.369,"Any[6, 11, 19, 25, 30, 37, 45, 53]",6,53
990,2026-01-09T15:40:00.0,2026-01-18T21:17:45.531,"Any[17, 16, 17, 25, 30, 37, 45, 53]",17,53
62,2026-01-09T15:51:32.0,2026-01-11T21:29:17.531,"Any[53, 45, 37, 30, 25, 19, 11, 6, 1]",53,1
1261,2026-01-09T15:56:06.0,2026-01-11T21:33:51.531,"Any[8, 13, 19, 25, 30, 37, 30, 37, 45, 53]",8,53
1252,2026-01-09T16:05:01.0,2026-01-11T21:42:46.531,"Any[53, 45, 37, 30, 25, 19, 10]",53,10
85,2026-01-09T16:22:38.68,2026-01-18T22:00:24.211,"Any[6, 11, 19, 25, 30, 37, 45, 56]",6,56
314,2026-01-09T16:41:52.0,2026-01-18T22:19:37.531,"Any[8, 13, 19, 25, 30, 37, 45, 53]",8,53
635,2026-01-09T16:52:25.0,2026-01-18T22:30:10.531,"Any[60, 56, 45, 37, 30, 25, 19]",60,19
872,2026-01-09T16:52:25.0,2026-01-11T22:30:10.531,"Any[60, 56, 45, 37, 30, 25, 19]",60,19
1321,2026-01-09T17:04:00.0,2026-01-11T22:41:45.531,Any[],60,17
497,2026-01-09T17:17:52.0,2026-01-18T22:55:37.531,"Any[10, 19, 25, 30, 37, 45, 53]",10,53
1403,2026-01-09T17:20:09.23,2026-01-18T22:57:54.761,"Any[45, 37, 30, 25, 19]",45,19
1567,2026-01-09T17:32:00.0,2026-01-11T23:09:45.531,Any[],10,64
1396,2026-01-09T17:55:09.799,2026-01-18T23:32:55.33,"Any[56, 45, 37, 30, 25, 19, 11, 6]",56,6
1458,2026-01-09T17:56:00.0,2026-01-11T23:33:45.531,Any[],45,5
1315,2026-01-09T17:57:00.0,2026-01-11T23:34:45.531,Any[],60,17
257,2026-01-09T18:03:48.0,2026-01-11T23:41:33.531,"Any[8, 13, 19, 25, 30, 37, 45, 56]",8,56
259,2026-01-09T18:03:48.0,2026-01-11T23:41:33.531,"Any[8, 13, 19, 25, 30, 37, 45, 56]",8,56
690,2026-01-09T18:03:48.0,2026-01-18T23:41:33.531,"Any[8, 13, 19, 25, 30, 37, 45, 56]",8,56
696,2026-01-09T18:03:48.0,2026-01-18T23:41:33.531,"Any[8, 13, 19, 25, 30, 37, 45, 56]",8,56
923,2026-01-09T18:05:22.0,2026-01-18T23:43:07.531,"Any[8, 13, 19, 25, 30, 37, 45, 53]",8,53
300,2026-01-09T18:06:35.0,2026-01-11T23:44:20.531,"Any[6, 11, 19, 25, 30, 37, 45, 56]",6,56
942,2026-01-09T18:11:04.0,2026-01-18T23:48:49.531,"Any[56, 45, 37, 30, 25]",56,25
825,2026-01-09T18:14:52.538,2026-01-11T23:52:38.069,"Any[56, 45, 37, 30, 25, 19, 13, 8]",56,8
563,2026-01-09T18:19:04.0,2026-01-11T23:56:49.531,"Any[8, 13, 19, 25, 30, 37, 45, 56]",8,56
778,2026-01-09T18:19:17.0,2026-01-18T23:57:02.531,"Any[64, 60, 53, 45, 37, 30, 25, 19, 13, 8]",64,8
697,2026-01-09T18:27:53.0,2026-01-19T00:05:38.531,"Any[60, 56, 45, 37, 30, 25, 19]",60,19
661,2026-01-09T18:50:12.0,2026-01-19T00:27:57.531,"Any[60, 53, 45, 37, 30, 25, 19, 10]",60,10
485,2026-01-09T18:58:14.0,2026-01-19T00:35:59.531,"Any[19, 25, 30, 37, 45, 53]",19,53
996,2026-01-09T18:58:14.0,2026-01-19T00:35:59.531,"Any[19, 25, 30, 37, 45, 53]",19,53
95,2026-01-09T19:03:53.0,2026-01-19T00:41:38.531,"Any[56, 45, 37, 30, 25]",56,25
742,2026-01-09T19:03:53.0,2026-01-19T00:41:38.531,"Any[56, 45, 37, 30, 25]",56,25
589,2026-01-09T19:09:05.275,2026-01-19T00:46:50.806,"Any[60, 56, 45, 37, 30, 25, 19, 13, 8]",60,8
1003,2026-01-09T19:09:05.275,2026-01-12T00:46:50.806,"Any[60, 56, 45, 37, 30, 25, 19, 13, 8]",60,8
197,2026-01-09T19:37:27.0,2026-01-12T01:15:12.531,"Any[10, 19, 25, 30, 37, 45, 53]",10,53
749,2026-01-09T19:46:09.0,2026-01-19T01:23:54.531,"Any[45, 37, 30, 25]",45,25
1284,2026-01-09T20:01:06.0,2026-01-12T01:38:51.531,"Any[1, 6, 11, 19, 25, 30, 37, 45, 56]",1,56
657,2026-01-09T20:47:51.0,2026-01-12T02:25:36.531,"Any[10, 19, 25, 30, 37, 45, 53]",10,53
278,2026-01-09T21:03:18.164,2026-01-12T02:41:03.695,"Any[1, 6, 11, 19, 23, 36, 44, 54, 60]",1,60
188,2026-01-09T21:14:14.0,2026-01-12T02:51:59.531,"Any[10, 19, 25, 30, 37, 45, 53]",10,53
351,2026-01-09T21:14:14.0,2026-01-19T02:51:59.531,"Any[10, 19, 25, 30, 37, 45, 53]",10,53
1307,2026-01-09T21:15:29.731,2026-01-19T02:53:15.262,"Any[8, 13, 19, 25, 30, 37, 45, 56]",8,56
1316,2026-01-09T21:25:00.0,2026-01-12T03:02:45.531,Any[],60,17
1287,2026-01-09T21:26:28.0,2026-01-19T03:04:13.531,"Any[60, 53, 45, 37, 30, 25, 19, 11, 6, 1]",60,1
390,2026-01-09T21:32:36.0,2026-01-19T03:10:21.531,"Any[60, 56, 45, 37, 30, 25, 19, 11, 6]",60,6
1075,2026-01-09T21:47:31.0,2026-01-19T03:25:16.531,"Any[7, 8, 13, 19, 25, 30, 37, 45, 53]",7,53
74,2026-01-09T21:53:29.204,2026-01-12T03:31:14.735,"Any[60, 56, 45, 37, 30, 25, 19, 11, 6]",60,6
128,2026-01-09T21:53:29.204,2026-01-12T03:31:14.735,"Any[60, 56, 45, 37, 30, 25, 19, 11, 6]",60,6
1171,2026-01-09T21:53:29.204,2026-01-12T03:31:14.735,"Any[60, 56, 45, 37, 30, 25, 19, 11, 6]",60,6
1319,2026-01-09T22:04:00.0,2026-01-12T03:41:45.531,Any[],60,17
1439,2026-01-09T22:12:00.0,2026-01-12T03:49:45.531,Any[],45,7
1581,2026-01-09T22:35:00.0,2026-01-12T04:12:45.531,Any[],10,64
1440,2026-01-09T22:43:00.0,2026-01-12T04:20:45.531,Any[],45,7
545,2026-01-09T23:08:27.0,2026-01-12T04:46:12.531,"Any[6, 11, 19, 25, 30, 37, 45, 53]",6,53
305,2026-01-09T23:28:25.0,2026-01-12T05:06:10.531,"Any[53, 45, 37, 30, 25, 19, 10]",53,10
643,2026-01-09T23:28:25.0,2026-01-12T05:06:10.531,"Any[53, 45, 37, 30, 25, 19, 10]",53,10
741,2026-01-10T00:03:03.0,2026-01-19T05:40:48.531,"Any[53, 45, 37, 30, 25, 19, 13, 8]",53,8
53,2026-01-10T00:11:59.0,2026-01-19T05:49:44.531,"Any[6, 11, 19, 25, 30, 37, 45]",6,45
581,2026-01-10T00:20:53.0,2026-01-12T05:58:38.531,"Any[1, 6, 11, 19, 25, 30, 37, 45, 53, 60]",1,60
1136,2026-01-10T00:20:53.0,2026-01-19T05:58:38.531,"Any[1, 6, 11, 19, 25, 30, 37, 45, 53, 60]",1,60
1221,2026-01-10T00:20:53.0,2026-01-12T05:58:38.531,"Any[1, 6, 11, 19, 25, 30, 37, 45, 53, 60]",1,60
538,2026-01-10T00:24:40.0,2026-01-12T06:02:25.531,"Any[6, 11, 19, 25, 30, 37, 45]",6,45
1266,2026-01-10T00:24:40.0,2026-01-12T06:02:25.531,"Any[6, 11, 19, 25, 30, 37, 45]",6,45
210,2026-01-10T00:25:49.0,2026-01-19T06:03:34.531,"Any[19, 25, 30, 37, 45, 53]",19,53
1116,2026-01-10T00:48:13.0,2026-01-12T06:25:58.531,"Any[60, 53, 45, 37, 30, 25, 19, 10]",60,10
55,2026-01-10T01:34:51.0,2026-01-19T07:12:36.531,"Any[53, 45, 37, 30, 25]",53,25
148,2026-01-10T01:55:03.0,2026-01-19T07:32:48.531,"Any[7, 8, 13, 19, 25, 30, 37, 45, 53]",7,53
701,2026-01-10T04:16:13.0,2026-01-19T09:53:58.531,"Any[64, 60, 53, 45, 37, 30, 25, 19, 11, 6, 1]",64,1
627,2026-01-10T05:06:38.0,2026-01-12T10:44:23.531,"Any[1, 6, 11, 19, 25, 30, 37, 45]",1,45
698,2026-01-10T05:06:38.0,2026-01-19T10:44:23.531,"Any[1, 6, 11, 19, 25, 30, 37, 45]",1,45
941,2026-01-10T05:35:00.0,2026-01-19T11:12:45.531,"Any[1, 6, 11, 19, 23, 28, 36, 44, 60]",1,60
1286,2026-01-10T05:35:00.0,2026-01-12T11:12:45.531,"Any[1, 6, 11, 19, 23, 28, 36, 44, 60]",1,60
1021,2026-01-10T05:43:02.165,2026-01-19T11:20:47.696,"Any[6, 11, 25, 30, 37, 45, 53]",6,53
1561,2026-01-10T05:43:02.165,2026-01-19T11:20:47.696,"Any[6, 11, 25, 30, 37, 45, 53]",6,53
788,2026-01-10T06:22:40.0,2026-01-19T12:00:25.531,"Any[53, 45, 37, 30, 25, 19, 10]",53,10
633,2026-01-10T06:41:29.0,2026-01-12T12:19:14.531,"Any[1, 6, 11, 19, 30, 37, 45, 56]",1,56
786,2026-01-10T06:46:35.0,2026-01-12T12:24:20.531,"Any[64, 60, 53, 45, 37, 30, 25, 19, 13, 8]",64,8
1456,2026-01-10T06:58:00.0,2026-01-19T12:35:45.531,Any[],45,3
192,2026-01-10T07:02:01.0,2026-01-19T12:39:46.531,"Any[6, 11, 19, 25, 30, 37, 45, 53]",6,53
968,2026-01-10T07:02:01.0,2026-01-19T12:39:46.531,"Any[6, 11, 19, 25, 30, 37, 45, 53]",6,53
1560,2026-01-10T07:02:01.0,2026-01-19T12:39:46.531,"Any[6, 11, 19, 25, 30, 37, 45, 53]",6,53
329,2026-01-10T08:08:13.0,2026-01-12T13:45:58.531,"Any[56, 45, 37, 30, 25, 19, 13, 8]",56,8
113,2026-01-10T08:10:53.255,2026-01-19T13:48:38.786,"Any[60, 53, 45, 37, 30, 25, 19, 10]",60,10
412,2026-01-10T08:11:45.0,2026-01-12T13:49:30.531,"Any[53, 45, 37, 30, 25]",53,25
1580,2026-01-10T08:28:00.0,2026-01-12T14:05:45.531,Any[],10,64
401,2026-01-10T08:36:04.0,2026-01-19T14:13:49.531,"Any[19, 25, 30, 37, 45, 56]",19,56
1138,2026-01-10T08:38:37.0,2026-01-12T14:16:22.531,"Any[8, 13, 19, 25, 30, 37, 45, 56]",8,56
1275,2026-01-10T09:14:47.0,2026-01-12T14:52:32.531,"Any[53, 45, 37, 30, 25, 19, 10]",53,10
675,2026-01-10T09:31:56.0,2026-01-19T15:09:41.531,"Any[53, 45, 37, 30, 25, 19, 10]",53,10
435,2026-01-10T09:48:06.0,2026-01-12T15:25:51.531,"Any[56, 45, 37, 30, 25, 19, 11, 6]",56,6
902,2026-01-10T10:13:18.0,2026-01-19T15:51:03.531,"Any[6, 11, 19, 25, 30, 37, 45, 56]",6,56
185,2026-01-10T10:49:04.0,2026-01-19T16:26:49.531,"Any[8, 13, 19, 25, 30, 37, 45, 56]",8,56
851,2026-01-10T10:49:04.0,2026-01-12T16:26:49.531,"Any[8, 13, 19, 25, 30, 37, 45, 56]",8,56
255,2026-01-10T10:57:24.0,2026-01-19T16:35:09.531,"Any[19, 25, 30, 37, 45, 56, 60]",19,60
30,2026-01-10T12:20:45.0,2026-01-12T17:58:30.531,"Any[10, 19, 25, 30, 37, 45, 53, 60]",10,60
1173,2026-01-10T12:20:45.0,2026-01-19T17:58:30.531,"Any[10, 19, 25, 30, 37, 45, 53, 60]",10,60
473,2026-01-10T12:52:54.0,2026-01-19T18:30:39.531,"Any[6, 11, 19, 25, 30, 37, 45]",6,45
736,2026-01-10T12:52:54.0,2026-01-19T18:30:39.531,"Any[6, 11, 19, 25, 30, 37, 45]",6,45
91,2026-01-10T13:10:57.0,2026-01-12T18:48:42.531,"Any[10, 19, 25, 30, 37, 45, 53]",10,53
1558,2026-01-10T13:22:06.0,2026-01-19T18:59:51.531,"Any[5, 10, 19, 25, 30, 37, 45, 53]",5,53
1559,2026-01-10T13:22:06.0,2026-01-12T18:59:51.531,"Any[5, 10, 19, 25, 30, 37, 45, 53]",5,53
1556,2026-01-10T13:24:59.611,2026-01-12T19:02:45.142,"Any[1, 6, 11, 19, 25, 30, 37, 45, 56]",1,56
102,2026-01-10T13:32:45.0,2026-01-19T19:10:30.531,"Any[6, 11, 19, 25, 30, 37, 45]",6,45
182,2026-01-10T13:32:45.0,2026-01-12T19:10:30.531,"Any[6, 11, 19, 25, 30, 37, 45]",6,45
1569,2026-01-10T14:07:00.0,2026-01-12T19:44:45.531,Any[],10,64
1537,2026-01-10T14:21:00.0,2026-01-12T19:58:45.531,Any[],20,54
1445,2026-01-10T14:48:00.0,2026-01-19T20:25:45.531,Any[],45,3
624,2026-01-10T14:59:47.0,2026-01-12T20:37:32.531,"Any[60, 53, 45, 37, 30, 25, 19, 13, 8]",60,8
970,2026-01-10T14:59:47.0,2026-01-19T20:37:32.531,"Any[60, 53, 45, 37, 30, 25, 19, 13, 8]",60,8
1413,2026-01-10T15:11:23.329,2026-01-19T20:49:08.86,"Any[45, 37, 30, 25, 19, 13, 8]",45,8
1420,2026-01-10T15:11:23.329,2026-01-12T20:49:08.86,"Any[45, 37, 30, 25, 19, 13, 8]",45,8
926,2026-01-10T15:15:07.066,2026-01-12T20:52:52.597,"Any[64, 60, 53, 45, 37, 30, 25, 19, 13, 8]",64,8
739,2026-01-10T15:30:00.0,2026-01-19T21:07:45.531,"Any[16, 19, 25, 30, 37, 45, 53]",16,53
1151,2026-01-10T15:30:00.0,2026-01-19T21:07:45.531,"Any[16, 19, 25, 30, 37, 45, 53]",16,53
757,2026-01-10T15:35:15.0,2026-01-12T21:13:00.531,"Any[6, 11, 19, 25, 30, 37, 45]",6,45
217,2026-01-10T15:36:06.0,2026-01-19T21:13:51.531,"Any[6, 11, 19, 25, 30, 37, 45, 56]",6,56
513,2026-01-10T15:36:06.0,2026-01-19T21:13:51.531,"Any[6, 11, 19, 25, 30, 37, 45, 56]",6,56
403,2026-01-10T15:42:21.0,2026-01-12T21:20:06.531,"Any[53, 45, 37, 30, 25]",53,25
1231,2026-01-10T16:15:39.0,2026-01-19T21:53:24.531,"Any[6, 11, 19, 25, 30, 37, 45]",6,45
1295,2026-01-10T16:15:39.0,2026-01-19T21:53:24.531,"Any[6, 11, 19, 25, 30, 37, 45]",6,45
1450,2026-01-10T16:25:00.0,2026-01-19T22:02:45.531,Any[],45,3
1181,2026-01-10T16:36:02.0,2026-01-19T22:13:47.531,"Any[1, 6, 11, 19, 25, 30, 37, 45, 56, 60]",1,60
1262,2026-01-10T16:45:11.838,2026-01-19T22:22:57.369,"Any[56, 45, 37, 30, 25, 19, 13, 8]",56,8
765,2026-01-10T16:49:34.0,2026-01-12T22:27:19.531,"Any[53, 45, 37, 30, 25]",53,25
1213,2026-01-10T16:49:48.0,2026-01-12T22:27:33.531,"Any[56, 45, 37, 30, 25, 19, 11, 6, 1]",56,1
344,2026-01-10T16:59:17.0,2026-01-19T22:37:02.531,"Any[6, 11, 19, 25, 30, 37, 45]",6,45
608,2026-01-10T16:59:17.0,2026-01-19T22:37:02.531,"Any[6, 11, 19, 25, 30, 37, 45]",6,45
279,2026-01-10T17:55:15.0,2026-01-12T23:33:00.531,"Any[19, 25, 30, 37, 45, 53]",19,53
1234,2026-01-10T17:55:15.0,2026-01-19T23:33:00.531,"Any[19, 25, 30, 37, 45, 53]",19,53
1354,2026-01-10T18:01:46.0,2026-01-19T23:39:31.531,"Any[56, 45, 37, 30, 25, 19]",56,19
1371,2026-01-10T18:01:46.0,2026-01-12T23:39:31.531,"Any[56, 45, 37, 30, 25, 19]",56,19
1374,2026-01-10T18:01:46.0,2026-01-12T23:39:31.531,"Any[56, 45, 37, 30, 25, 19]",56,19
1082,2026-01-10T18:22:32.0,2026-01-13T00:00:17.531,"Any[56, 45, 37, 30, 25, 19]",56,19
1350,2026-01-10T18:22:32.0,2026-01-13T00:00:17.531,"Any[56, 45, 37, 30, 25, 19]",56,19
1356,2026-01-10T18:22:32.0,2026-01-13T00:00:17.531,"Any[56, 45, 37, 30, 25, 19]",56,19
1372,2026-01-10T18:22:32.0,2026-01-20T00:00:17.531,"Any[56, 45, 37, 30, 25, 19]",56,19
1360,2026-01-10T18:35:00.0,2026-01-13T00:12:45.531,"Any[56, 45, 37, 30, 25, 19]",56,19
951,2026-01-10T19:01:16.862,2026-01-20T00:39:02.393,"Any[53, 45, 37, 30, 25, 19, 10]",53,10
1386,2026-01-10T19:25:00.0,2026-01-20T01:02:45.531,Any[],56,3
1210,2026-01-10T19:48:50.0,2026-01-13T01:26:35.531,"Any[53, 45, 37, 30, 25, 19, 11, 6, 1]",53,1
184,2026-01-10T19:57:20.0,2026-01-13T01:35:05.531,"Any[53, 45, 37, 30, 25, 19, 10]",53,10
454,2026-01-10T20:05:13.0,2026-01-13T01:42:58.531,"Any[53, 45, 37, 30, 25, 19, 13, 8]",53,8
1454,2026-01-10T20:08:00.0,2026-01-13T01:45:45.531,Any[],45,3
593,2026-01-10T20:15:36.0,2026-01-20T01:53:21.531,"Any[60, 54, 44, 36, 31, 27, 21, 9]",60,9
772,2026-01-10T20:15:36.0,2026-01-13T01:53:21.531,"Any[60, 54, 44, 36, 31, 27, 21, 9]",60,9
138,2026-01-10T20:16:56.488,2026-01-13T01:54:42.019,"Any[10, 19, 25, 30, 37, 45, 53]",10,53
1080,2026-01-10T20:22:11.0,2026-01-13T01:59:56.531,"Any[16, 17, 25, 30, 37, 45, 53]",16,53
666,2026-01-10T20:31:48.0,2026-01-20T02:09:33.531,"Any[1, 6, 11, 19, 25, 30, 37, 45, 56]",1,56
272,2026-01-10T20:37:22.0,2026-01-13T02:15:07.531,"Any[53, 45, 37, 30, 25, 19, 11, 6, 1]",53,1
388,2026-01-10T20:37:22.0,2026-01-13T02:15:07.531,"Any[53, 45, 37, 30, 25, 19, 11, 6, 1]",53,1
606,2026-01-10T20:37:22.0,2026-01-13T02:15:07.531,"Any[53, 45, 37, 30, 25, 19, 11, 6, 1]",53,1
582,2026-01-10T20:48:21.0,2026-01-20T02:26:06.531,"Any[1, 6, 11, 19, 25, 30, 37, 45, 56]",1,56
709,2026-01-10T20:48:21.0,2026-01-20T02:26:06.531,"Any[1, 6, 11, 19, 25, 30, 37, 45, 56]",1,56
1268,2026-01-10T21:01:58.626,2026-01-20T02:39:44.157,"Any[8, 13, 19, 25, 30, 37, 45, 56]",8,56
590,2026-01-10T21:05:46.386,2026-01-13T02:43:31.917,"Any[60, 56, 45, 37, 30, 25, 19, 11, 6]",60,6
1157,2026-01-10T21:12:15.0,2026-01-13T02:50:00.531,"Any[10, 19, 25, 30, 37, 45, 53, 60]",10,60
8,2026-01-10T21:19:07.419,2026-01-20T02:56:52.95,"Any[56, 45, 37, 30, 25, 19, 13, 8]",56,8
1590,2026-01-10T21:29:00.0,2026-01-20T03:06:45.531,Any[],10,64
250,2026-01-10T21:32:37.0,2026-01-13T03:10:22.531,"Any[53, 45, 37, 30, 25, 19, 10]",53,10
1214,2026-01-10T22:02:50.0,2026-01-20T03:40:35.531,"Any[10, 19, 25, 30, 37, 45, 53, 60]",10,60
356,2026-01-10T22:06:55.0,2026-01-13T03:44:40.531,"Any[10, 19, 25, 30, 37, 45, 53]",10,53
421,2026-01-10T22:18:50.0,2026-01-20T03:56:35.531,"Any[8, 13, 19, 25, 30, 37, 45, 56]",8,56
1146,2026-01-10T22:18:50.0,2026-01-20T03:56:35.531,"Any[8, 13, 19, 25, 30, 37, 45, 56]",8,56
1432,2026-01-10T22:19:00.0,2026-01-13T03:56:45.531,Any[],45,7
638,2026-01-10T22:28:13.0,2026-01-20T04:05:58.531,"Any[53, 45, 37, 30, 25, 19, 10]",53,10
824,2026-01-10T22:28:13.0,2026-01-13T04:05:58.531,"Any[53, 45, 37, 30, 25, 19, 10]",53,10
1578,2026-01-10T23:19:00.0,2026-01-20T04:56:45.531,Any[],10,64
276,2026-01-10T23:23:00.0,2026-01-13T05:00:45.531,"Any[8, 13, 19, 25, 30, 25, 30, 37, 45, 53]",8,53
141,2026-01-10T23:37:58.0,2026-01-20T05:15:43.531,"Any[60, 56, 45, 37, 30, 25, 19, 11, 6]",60,6
600,2026-01-10T23:37:58.0,2026-01-13T05:15:43.531,"Any[60, 56, 45, 37, 30, 25, 19, 11, 6]",60,6
1076,2026-01-10T23:43:51.0,2026-01-13T05:21:36.531,"Any[1, 6, 11, 19, 23, 36, 44, 54, 60]",1,60
588,2026-01-10T23:49:41.633,2026-01-13T05:27:27.164,"Any[19, 25, 30, 37, 45, 56]",19,56
547,2026-01-10T23:56:38.0,2026-01-13T05:34:23.531,"Any[19, 25, 30, 37, 45, 53]",19,53
954,2026-01-11T00:00:33.0,2026-01-20T05:38:18.531,"Any[53, 45, 37, 30, 25, 19, 10]",53,10
566,2026-01-11T00:14:33.0,2026-01-13T05:52:18.531,"Any[53, 45, 37, 30, 25, 19, 13, 8]",53,8
84,2026-01-11T00:32:32.0,2026-01-20T06:10:17.531,"Any[53, 45, 37, 30, 25, 19, 13, 8]",53,8
1338,2026-01-11T00:38:00.0,2026-01-13T06:15:45.531,Any[],60,7
986,2026-01-11T01:19:49.0,2026-01-13T06:57:34.531,"Any[53, 45, 37, 30, 25]",53,25
1256,2026-01-11T01:22:58.0,2026-01-20T07:00:43.531,"Any[53, 45, 37, 30, 25, 19, 11, 6, 1]",53,1
1079,2026-01-11T01:38:03.0,2026-01-13T07:15:48.531,"Any[53, 45, 37, 30, 25]",53,25
1400,2026-01-11T02:22:00.0,2026-01-20T07:59:45.531,Any[],55,17
380,2026-01-11T02:40:11.0,2026-01-20T08:17:56.531,"Any[64, 60, 56, 45, 37, 30, 25, 19, 11, 6]",64,6
1290,2026-01-11T02:40:11.0,2026-01-13T08:17:56.531,"Any[64, 60, 56, 45, 37, 30, 25, 19, 11, 6]",64,6
770,2026-01-11T03:54:38.0,2026-01-20T09:32:23.531,"Any[53, 45, 37, 30, 25, 19, 10]",53,10
268,2026-01-11T04:05:18.859,2026-01-13T09:43:04.39,"Any[53, 45, 37, 30, 25]",53,25
681,2026-01-11T04:06:13.0,2026-01-13T09:43:58.531,"Any[19, 25, 30, 37, 45, 53]",19,53
1269,2026-01-11T05:02:41.0,2026-01-13T10:40:26.531,"Any[60, 53, 45, 37, 30, 25, 19, 11, 6, 1]",60,1
1192,2026-01-11T05:13:47.0,2026-01-13T10:51:32.531,"Any[64, 60, 53, 45, 37, 30, 25, 19, 11, 6, 1]",64,1
779,2026-01-11T05:25:14.062,2026-01-20T11:02:59.593,"Any[1, 6, 10, 19, 23, 36, 44, 54, 60]",1,60
802,2026-01-11T05:27:12.0,2026-01-20T11:04:57.531,"Any[53, 45, 37, 30, 25]",53,25
307,2026-01-11T05:39:54.0,2026-01-20T11:17:39.531,"Any[56, 45, 37, 30, 25]",56,25
65,2026-01-11T05:49:45.0,2026-01-20T11:27:30.531,"Any[17, 25, 30, 37, 45, 53]",17,53
773,2026-01-11T05:49:45.0,2026-01-13T11:27:30.531,"Any[17, 25, 30, 37, 45, 53]",17,53
357,2026-01-11T07:01:47.0,2026-01-20T12:39:32.531,"Any[64, 60, 53, 45, 37, 30, 25, 19, 11, 6, 1]",64,1
994,2026-01-11T07:01:47.0,2026-01-20T12:39:32.531,"Any[64, 60, 53, 45, 37, 30, 25, 19, 11, 6, 1]",64,1
1373,2026-01-11T07:42:48.117,2026-01-20T13:20:33.648,"Any[56, 45, 37, 30, 25, 19]",56,19
370,2026-01-11T07:45:44.0,2026-01-13T13:23:29.531,"Any[53, 45, 37, 30, 25, 19, 13, 8]",53,8
256,2026-01-11T07:55:19.0,2026-01-20T13:33:04.531,"Any[45, 37, 30, 25]",45,25
94,2026-01-11T08:10:34.0,2026-01-13T13:48:19.531,"Any[53, 45, 37, 30, 25, 19, 13, 8]",53,8
98,2026-01-11T08:10:34.0,2026-01-13T13:48:19.531,"Any[53, 45, 37, 30, 25, 19, 13, 8]",53,8
1094,2026-01-11T08:16:07.0,2026-01-20T13:53:52.531,"Any[53, 45, 37, 30, 25, 19, 13, 8]",53,8
1533,2026-01-11T09:31:39.0,2026-01-20T15:09:24.531,"Any[25, 30, 37, 45, 53]",25,53
787,2026-01-11T09:47:21.0,2026-01-13T15:25:06.531,"Any[64, 60, 53, 45, 37, 30, 25, 19, 11, 6, 1]",64,1
527,2026-01-11T10:02:54.353,2026-01-20T15:40:39.884,"Any[1, 6, 11, 19, 30, 37, 45, 56]",1,56
793,2026-01-11T10:02:54.353,2026-01-13T15:40:39.884,"Any[1, 6, 11, 19, 30, 37, 45, 56]",1,56
1331,2026-01-11T10:06:00.0,2026-01-13T15:43:45.531,Any[],60,7
1448,2026-01-11T10:27:00.0,2026-01-20T16:04:45.531,Any[],45,3
553,2026-01-11T10:30:18.485,2026-01-20T16:08:04.016,"Any[64, 60, 56, 45, 37, 30, 25, 19, 11, 6, 1]",64,1
242,2026-01-11T10:43:13.0,2026-01-20T16:20:58.531,"Any[10, 19, 25, 30, 37, 45, 53]",10,53
1504,2026-01-11T10:51:46.637,2026-01-20T16:29:32.168,"Any[25, 30, 37, 45, 56, 60]",25,60
583,2026-01-11T11:45:41.0,2026-01-20T17:23:26.531,"Any[53, 45, 37, 30, 25, 19, 13, 8]",53,8
326,2026-01-11T11:52:41.0,2026-01-20T17:30:26.531,"Any[56, 45, 37, 30, 25]",56,25
246,2026-01-11T12:03:10.0,2026-01-20T17:40:55.531,"Any[1, 6, 11, 19, 25, 30, 37, 45, 56, 60]",1,60
1551,2026-01-11T12:03:10.0,2026-01-13T17:40:55.531,"Any[1, 6, 11, 19, 25, 30, 37, 45, 56, 60]",1,60
1428,2026-01-11T12:20:00.0,2026-01-20T17:57:45.531,Any[],45,7
372,2026-01-11T12:34:09.0,2026-01-20T18:11:54.531,"Any[56, 45, 37, 30, 25]",56,25
1203,2026-01-11T12:44:33.0,2026-01-20T18:22:18.531,"Any[64, 60, 56, 45, 37, 30, 25, 19, 11, 6, 1]",64,1
891,2026-01-11T12:44:43.0,2026-01-20T18:22:28.531,"Any[7, 8, 13, 19, 25, 30, 37, 45, 53]",7,53
517,2026-01-11T12:59:31.0,2026-01-20T18:37:16.531,"Any[3, 10, 19, 25, 30, 37, 45, 53]",3,53
100,2026-01-11T13:59:18.0,2026-01-13T19:37:03.531,"Any[19, 25, 30, 37, 45, 53, 60]",19,60
214,2026-01-11T14:10:30.413,2026-01-13T19:48:15.944,"Any[60, 53, 45, 37, 30, 25, 19, 11, 6, 1]",60,1
32,2026-01-11T15:14:17.092,2026-01-20T20:52:02.623,"Any[56, 45, 37, 30, 25, 19, 13, 8]",56,8
721,2026-01-11T15:48:14.0,2026-01-20T21:25:59.531,"Any[19, 25, 30, 37, 45, 53]",19,53
916,2026-01-11T16:17:09.0,2026-01-13T21:54:54.531,"Any[19, 25, 30, 37, 45, 53, 60]",19,60
35,2026-01-11T16:31:29.0,2026-01-13T22:09:14.531,"Any[7, 8, 13, 19, 25, 30, 37, 45, 56, 60, 64]",7,64
193,2026-01-11T16:58:40.0,2026-01-13T22:36:25.531,"Any[53, 45, 37, 30, 25, 19, 10]",53,10
316,2026-01-11T17:25:15.0,2026-01-13T23:03:00.531,"Any[10, 19, 25, 30, 37, 45, 53]",10,53
655,2026-01-11T17:25:15.0,2026-01-20T23:03:00.531,"Any[10, 19, 25, 30, 37, 45, 53]",10,53
811,2026-01-11T17:37:51.0,2026-01-13T23:15:36.531,"Any[56, 45, 37, 30, 25]",56,25
164,2026-01-11T17:45:33.0,2026-01-20T23:23:18.531,"Any[60, 56, 45, 37, 30, 25, 19, 11, 6]",60,6
1027,2026-01-11T18:44:26.917,2026-01-14T00:22:12.448,"Any[1, 6, 11, 19, 25, 30, 37, 45, 56]",1,56
203,2026-01-11T19:07:22.0,2026-01-21T00:45:07.531,"Any[10, 19, 30, 37, 45, 53]",10,53
574,2026-01-11T19:30:18.0,2026-01-21T01:08:03.531,"Any[60, 56, 45, 37, 30, 25, 19, 11, 6]",60,6
794,2026-01-11T19:30:18.0,2026-01-21T01:08:03.531,"Any[60, 56, 45, 37, 30, 25, 19, 11, 6]",60,6
181,2026-01-11T19:47:45.023,2026-01-21T01:25:30.554,"Any[53, 45, 37, 30, 25, 19, 10]",53,10
699,2026-01-11T19:47:45.023,2026-01-21T01:25:30.554,"Any[53, 45, 37, 30, 25, 19, 10]",53,10
694,2026-01-11T20:24:20.0,2026-01-14T02:02:05.531,"Any[56, 45, 37, 30, 25, 19, 11, 6, 1, 1]",56,1
309,2026-01-11T21:02:52.0,2026-01-21T02:40:37.531,"Any[7, 8, 13, 19, 25, 30, 37, 45, 53]",7,53
505,2026-01-11T21:03:16.024,2026-01-14T02:41:01.555,"Any[56, 45, 37, 30, 25, 19, 11, 6]",56,6
168,2026-01-11T21:37:12.0,2026-01-14T03:14:57.531,"Any[56, 45, 37, 30, 25, 19, 13, 8]",56,8
570,2026-01-11T22:18:35.952,2026-01-21T03:56:21.483,"Any[60, 56, 45, 37, 30, 25, 19, 11, 6]",60,6
411,2026-01-11T23:34:15.0,2026-01-14T05:12:00.531,"Any[56, 45, 37, 30, 25, 19, 11, 6]",56,6
1232,2026-01-11T23:42:58.0,2026-01-21T05:20:43.531,"Any[53, 45, 37, 30, 25, 19, 13, 8]",53,8
1327,2026-01-11T23:58:00.0,2026-01-21T05:35:45.531,Any[],60,16
1406,2026-01-11T23:59:00.0,2026-01-21T05:36:45.531,Any[],45,17
520,2026-01-12T00:05:56.0,2026-01-07T05:43:41.531,"Any[53, 45, 37, 30, 25, 19, 11, 6, 1]",53,1
865,2026-01-12T00:17:12.0,2026-01-07T05:54:57.531,"Any[1, 6, 11, 19, 25, 30, 37, 45, 53, 60]",1,60
789,2026-01-12T00:21:33.0,2026-01-07T05:59:18.531,"Any[25, 30, 37, 45, 53, 60]",25,60
1518,2026-01-12T00:21:33.0,2026-01-14T05:59:18.531,"Any[25, 30, 37, 45, 53, 60]",25,60
1529,2026-01-12T00:21:33.0,2026-01-14T05:59:18.531,"Any[25, 30, 37, 45, 53, 60]",25,60
183,2026-01-12T00:25:22.742,2026-01-14T06:03:08.273,"Any[45, 37, 30, 25, 19, 11, 6, 1]",45,1
685,2026-01-12T00:55:57.0,2026-01-07T06:33:42.531,"Any[53, 45, 37, 30, 25, 19, 11, 6, 1]",53,1
1019,2026-01-12T01:09:29.0,2026-01-14T06:47:14.531,"Any[64, 53, 45, 37, 30, 25, 19, 13, 8]",64,8
434,2026-01-12T01:16:53.0,2026-01-07T06:54:38.531,"Any[56, 45, 37, 30, 25, 19, 10]",56,10
1006,2026-01-12T01:16:53.0,2026-01-07T06:54:38.531,"Any[56, 45, 37, 30, 25, 19, 10]",56,10
1233,2026-01-12T01:16:53.0,2026-01-07T06:54:38.531,"Any[56, 45, 37, 30, 25, 19, 10]",56,10
1285,2026-01-12T01:16:53.0,2026-01-14T06:54:38.531,"Any[56, 45, 37, 30, 25, 19, 10]",56,10
1397,2026-01-12T01:16:53.0,2026-01-07T06:54:38.531,"Any[56, 45, 37, 30, 25, 19, 10]",56,10
703,2026-01-12T01:38:03.0,2026-01-14T07:15:48.531,"Any[53, 45, 37, 30, 25, 17, 11, 6, 1]",53,1
813,2026-01-12T04:17:56.742,2026-01-14T09:55:42.273,"Any[53, 45, 37, 30, 25, 19, 10]",53,10
975,2026-01-12T04:17:56.742,2026-01-14T09:55:42.273,"Any[53, 45, 37, 30, 25, 19, 10]",53,10
1399,2026-01-12T04:22:00.0,2026-01-07T09:59:45.531,Any[],55,17
1072,2026-01-12T04:24:57.0,2026-01-14T10:02:42.531,"Any[53, 45, 37, 30, 25, 19, 11, 6, 1]",53,1
1229,2026-01-12T04:45:33.0,2026-01-07T10:23:18.531,"Any[19, 17, 25, 30, 37, 45, 53, 60]",19,60
469,2026-01-12T04:48:23.0,2026-01-14T10:26:08.531,"Any[19, 17, 25, 30, 37, 45, 53]",19,53
150,2026-01-12T05:02:34.0,2026-01-14T10:40:19.531,"Any[64, 60, 53, 45, 37, 30, 25, 19, 11, 6, 1]",64,1
1007,2026-01-12T05:02:34.0,2026-01-07T10:40:19.531,"Any[64, 60, 53, 45, 37, 30, 25, 19, 11, 6, 1]",64,1
240,2026-01-12T05:24:48.669,2026-01-07T11:02:34.2,"Any[53, 45, 37, 30, 25, 19, 11, 6, 1]",53,1
400,2026-01-12T05:24:48.669,2026-01-07T11:02:34.2,"Any[53, 45, 37, 30, 25, 19, 11, 6, 1]",53,1
343,2026-01-12T05:59:51.0,2026-01-14T11:37:36.531,"Any[60, 53, 45, 37, 30, 25, 11, 6, 1]",60,1
1160,2026-01-12T05:59:51.0,2026-01-07T11:37:36.531,"Any[60, 53, 45, 37, 30, 25, 11, 6, 1]",60,1
918,2026-01-12T06:52:55.0,2026-01-07T12:30:40.531,"Any[56, 45, 37, 30, 25, 19]",56,19
964,2026-01-12T06:52:55.0,2026-01-14T12:30:40.531,"Any[56, 45, 37, 30, 25, 19]",56,19
1357,2026-01-12T06:52:55.0,2026-01-07T12:30:40.531,"Any[56, 45, 37, 30, 25, 19]",56,19
1362,2026-01-12T06:52:55.0,2026-01-07T12:30:40.531,"Any[56, 45, 37, 30, 25, 19]",56,19
1364,2026-01-12T06:52:55.0,2026-01-14T12:30:40.531,"Any[56, 45, 37, 30, 25, 19]",56,19
393,2026-01-12T07:29:28.0,2026-01-14T13:07:13.531,"Any[60, 53, 45, 37, 30, 25, 19, 11, 6, 1]",60,1
727,2026-01-12T07:40:13.0,2026-01-14T13:17:58.531,"Any[10, 19, 25, 30, 37, 45, 53]",10,53
748,2026-01-12T08:43:10.0,2026-01-07T14:20:55.531,"Any[53, 45, 37, 30, 25, 19, 10]",53,10
495,2026-01-12T08:50:04.629,2026-01-07T14:27:50.16,"Any[60, 56, 45, 37, 30, 25, 19, 11, 6, 1]",60,1
1314,2026-01-12T10:07:00.0,2026-01-07T15:44:45.531,Any[],60,17
1227,2026-01-12T11:59:40.0,2026-01-07T17:37:25.531,"Any[53, 45, 37, 30, 25]",53,25
1255,2026-01-12T11:59:40.0,2026-01-07T17:37:25.531,"Any[53, 45, 37, 30, 25]",53,25
14,2026-01-12T12:24:59.0,2026-01-07T18:02:44.531,"Any[56, 45, 37, 30, 25]",56,25
149,2026-01-12T12:24:59.0,2026-01-07T18:02:44.531,"Any[56, 45, 37, 30, 25]",56,25
781,2026-01-12T12:28:38.0,2026-01-14T18:06:23.531,"Any[1, 6, 11, 25, 30, 37, 45, 53]",1,53
1065,2026-01-12T13:03:36.0,2026-01-07T18:41:21.531,"Any[8, 13, 19, 25, 30, 37, 45]",8,45
381,2026-01-12T13:09:54.0,2026-01-07T18:47:39.531,"Any[56, 45, 37, 30, 25, 19, 13, 8]",56,8
1067,2026-01-12T13:12:12.0,2026-01-07T18:49:57.531,"Any[8, 13, 25, 30, 37, 45, 53]",8,53
1265,2026-01-12T13:13:38.0,2026-01-07T18:51:23.531,"Any[53, 45, 37, 30, 25, 19]",53,19
241,2026-01-12T13:14:28.16,2026-01-14T18:52:13.691,"Any[64, 60, 56, 45, 37, 30, 25, 19, 11, 6]",64,6
407,2026-01-12T13:17:34.0,2026-01-14T18:55:19.531,"Any[19, 25, 30, 37, 30, 37, 45, 53, 60, 64]",19,64
1599,2026-01-12T13:41:00.0,2026-01-07T19:18:45.531,Any[],10,64
16,2026-01-12T14:08:04.0,2026-01-14T19:45:49.531,"Any[25, 30, 37, 45, 53, 60]",25,60
201,2026-01-12T14:08:04.0,2026-01-07T19:45:49.531,"Any[25, 30, 37, 45, 53, 60]",25,60
1301,2026-01-12T14:08:04.0,2026-01-14T19:45:49.531,"Any[25, 30, 37, 45, 53, 60]",25,60
1496,2026-01-12T14:08:04.0,2026-01-14T19:45:49.531,"Any[25, 30, 37, 45, 53, 60]",25,60
1446,2026-01-12T14:24:00.0,2026-01-14T20:01:45.531,Any[],45,3
639,2026-01-12T14:38:11.847,2026-01-14T20:15:57.378,"Any[25, 30, 37, 45]",25,45
938,2026-01-12T14:38:11.847,2026-01-07T20:15:57.378,"Any[25, 30, 37, 45]",25,45
591,2026-01-12T14:44:11.0,2026-01-14T20:21:56.531,"Any[64, 56, 45, 37, 30, 25, 19, 11, 6, 2]",64,2
1115,2026-01-12T15:13:34.0,2026-01-14T20:51:19.531,"Any[6, 11, 19, 25, 30, 37, 45]",6,45
1217,2026-01-12T15:13:34.0,2026-01-07T20:51:19.531,"Any[6, 11, 19, 25, 30, 37, 45]",6,45
1579,2026-01-12T15:40:00.0,2026-01-07T21:17:45.531,Any[],10,64
137,2026-01-12T15:49:40.0,2026-01-07T21:27:25.531,"Any[45, 37, 30, 25]",45,25
611,2026-01-12T15:58:56.316,2026-01-07T21:36:41.847,"Any[60, 53, 45, 37, 30, 25, 19, 10]",60,10
117,2026-01-12T16:16:10.0,2026-01-14T21:53:55.531,"Any[19, 25, 30, 37, 45, 53]",19,53
306,2026-01-12T16:16:23.0,2026-01-07T21:54:08.531,"Any[19, 25, 30, 37, 45, 53]",19,53
234,2026-01-12T16:35:38.0,2026-01-07T22:13:23.531,"Any[60, 56, 45, 37, 30, 25, 19, 13, 8]",60,8
353,2026-01-12T16:35:38.0,2026-01-14T22:13:23.531,"Any[60, 56, 45, 37, 30, 25, 19, 13, 8]",60,8
174,2026-01-12T16:41:49.0,2026-01-14T22:19:34.531,"Any[60, 53, 45, 37, 30, 25, 19, 11, 6, 6]",60,6
564,2026-01-12T16:41:49.0,2026-01-07T22:19:34.531,"Any[60, 53, 45, 37, 30, 25, 19, 11, 6, 6]",60,6
424,2026-01-12T16:43:13.0,2026-01-14T22:20:58.531,"Any[60, 56, 45, 37, 30, 25, 19, 17, 19, 11, 6]",60,6
978,2026-01-12T16:43:27.0,2026-01-07T22:21:12.531,"Any[25, 30, 37, 45, 56, 60, 64]",25,64
1468,2026-01-12T16:43:27.0,2026-01-07T22:21:12.531,"Any[25, 30, 37, 45, 56, 60, 64]",25,64
1473,2026-01-12T16:43:27.0,2026-01-14T22:21:12.531,"Any[25, 30, 37, 45, 56, 60, 64]",25,64
1477,2026-01-12T16:43:27.0,2026-01-14T22:21:12.531,"Any[25, 30, 37, 45, 56, 60, 64]",25,64
1482,2026-01-12T16:43:27.0,2026-01-14T22:21:12.531,"Any[25, 30, 37, 45, 56, 60, 64]",25,64
1054,2026-01-12T16:44:42.0,2026-01-14T22:22:27.531,"Any[56, 45, 37, 30, 25, 19, 11, 6]",56,6
1102,2026-01-12T17:14:15.0,2026-01-14T22:52:00.531,"Any[25, 30, 37, 45, 53, 60]",25,60
1488,2026-01-12T17:14:15.0,2026-01-14T22:52:00.531,"Any[25, 30, 37, 45, 53, 60]",25,60
1499,2026-01-12T17:14:15.0,2026-01-14T22:52:00.531,"Any[25, 30, 37, 45, 53, 60]",25,60
1528,2026-01-12T17:14:15.0,2026-01-07T22:52:00.531,"Any[25, 30, 37, 45, 53, 60]",25,60
459,2026-01-12T17:32:31.451,2026-01-14T23:10:16.982,"Any[25, 30, 37, 45, 53]",25,53
1535,2026-01-12T17:32:31.451,2026-01-14T23:10:16.982,"Any[25, 30, 37, 45, 53]",25,53
1100,2026-01-12T17:37:37.0,2026-01-14T23:15:22.531,"Any[56, 45, 37, 30, 25, 19, 11, 6]",56,6
572,2026-01-12T17:43:09.0,2026-01-07T23:20:54.531,"Any[56, 45, 37, 30, 25]",56,25
144,2026-01-12T18:32:15.0,2026-01-08T00:10:00.531,"Any[19, 25, 30, 37, 45, 56, 60, 60, 64]",19,60
1078,2026-01-12T18:32:15.0,2026-01-08T00:10:00.531,"Any[19, 25, 30, 37, 45, 56, 60, 60, 64]",19,60
1090,2026-01-12T18:34:39.0,2026-01-15T00:12:24.531,"Any[56, 45, 37, 30, 25]",56,25
1098,2026-01-12T18:38:03.0,2026-01-08T00:15:48.531,"Any[60, 53, 45, 37, 30, 25, 19, 10]",60,10
535,2026-01-12T18:55:12.685,2026-01-08T00:32:58.216,"Any[56, 45, 37, 30, 25, 19, 13, 8]",56,8
977,2026-01-12T18:55:36.0,2026-01-15T00:33:21.531,"Any[56, 45, 37, 30, 25]",56,25
458,2026-01-12T19:05:23.0,2026-01-08T00:43:08.531,"Any[53, 45, 37, 30, 25, 19, 10]",53,10
898,2026-01-12T19:05:23.0,2026-01-08T00:43:08.531,"Any[53, 45, 37, 30, 25, 19, 10]",53,10
688,2026-01-12T19:52:07.0,2026-01-15T01:29:52.531,"Any[53, 45, 37, 30, 25]",53,25
621,2026-01-12T19:56:58.0,2026-01-15T01:34:43.531,"Any[56, 45, 37, 30, 25]",56,25
1467,2026-01-12T20:10:53.0,2026-01-08T01:48:38.531,"Any[45, 37, 30, 25, 19, 10]",45,10
924,2026-01-12T20:25:53.0,2026-01-08T02:03:38.531,"Any[53, 45, 37, 30, 25, 19, 10]",53,10
1122,2026-01-12T20:25:53.0,2026-01-08T02:03:38.531,"Any[53, 45, 37, 30, 25, 19, 10]",53,10
359,2026-01-12T21:15:58.0,2026-01-15T02:53:43.531,"Any[8, 13, 19, 25, 30, 37, 45, 56]",8,56
516,2026-01-12T21:15:58.0,2026-01-15T02:53:43.531,"Any[8, 13, 19, 25, 30, 37, 45, 56]",8,56
732,2026-01-12T21:15:58.0,2026-01-15T02:53:43.531,"Any[8, 13, 19, 25, 30, 37, 45, 56]",8,56
78,2026-01-12T21:20:53.0,2026-01-15T02:58:38.531,"Any[10, 19, 25, 30, 37, 45, 53, 60]",10,60
965,2026-01-12T21:40:58.0,2026-01-15T03:18:43.531,"Any[60, 53, 45, 37, 30, 25, 11, 6, 1]",60,1
922,2026-01-12T23:04:16.0,2026-01-15T04:42:01.531,"Any[8, 13, 19, 25, 30, 37, 45, 53]",8,53
867,2026-01-13T00:05:44.0,2026-01-08T05:43:29.531,"Any[8, 13, 19, 25, 30, 37, 45, 56]",8,56
73,2026-01-13T00:22:14.0,2026-01-15T05:59:59.531,"Any[1, 6, 11, 19, 25, 30, 37, 45, 53, 60]",1,60
77,2026-01-13T00:22:14.0,2026-01-08T05:59:59.531,"Any[1, 6, 11, 19, 25, 30, 37, 45, 53, 60]",1,60
914,2026-01-13T00:55:26.0,2026-01-15T06:33:11.531,"Any[53, 45, 37, 30, 25, 19, 10]",53,10
1178,2026-01-13T01:02:01.0,2026-01-08T06:39:46.531,"Any[8, 13, 19, 25, 30, 37, 45, 56]",8,56
167,2026-01-13T01:30:42.0,2026-01-08T07:08:27.531,"Any[7, 8, 13, 19, 25, 30, 37, 45, 53]",7,53
796,2026-01-13T01:30:42.0,2026-01-15T07:08:27.531,"Any[7, 8, 13, 19, 25, 30, 37, 45, 53]",7,53
99,2026-01-13T01:38:53.0,2026-01-15T07:16:38.531,"Any[56, 45, 37, 30, 25, 19, 13, 30, 25, 19, 13, 8]",56,8
364,2026-01-13T01:38:57.0,2026-01-15T07:16:42.531,"Any[53, 45, 37, 30, 25, 19, 10]",53,10
419,2026-01-13T02:17:13.0,2026-01-15T07:54:58.531,"Any[53, 45, 37, 30, 25, 19, 10]",53,10
69,2026-01-13T03:23:01.0,2026-01-08T09:00:46.531,"Any[19, 25, 30, 37, 45, 53]",19,53
728,2026-01-13T04:30:47.0,2026-01-08T10:08:32.531,"Any[19, 17, 25, 30, 37, 45, 53, 60]",19,60
1023,2026-01-13T04:43:29.0,2026-01-08T10:21:14.531,"Any[53, 45, 37, 30, 25, 19, 10]",53,10
290,2026-01-13T04:52:43.0,2026-01-08T10:30:28.531,"Any[19, 25, 30, 37, 45, 53]",19,53
1045,2026-01-13T04:52:43.0,2026-01-08T10:30:28.531,"Any[19, 25, 30, 37, 45, 53]",19,53
56,2026-01-13T05:16:03.0,2026-01-08T10:53:48.531,"Any[10, 19, 25, 30, 37, 45, 53]",10,53
92,2026-01-13T05:16:03.0,2026-01-08T10:53:48.531,"Any[10, 19, 25, 30, 37, 45, 53]",10,53
1300,2026-01-13T05:39:05.0,2026-01-15T11:16:50.531,"Any[10, 19, 25, 30, 37, 45, 53]",10,53
1020,2026-01-13T06:20:29.0,2026-01-15T11:58:14.531,"Any[6, 11, 19, 25, 30, 37, 45]",6,45
237,2026-01-13T06:39:10.591,2026-01-08T12:16:56.122,"Any[10, 19, 25, 30, 37, 45, 53]",10,53
480,2026-01-13T06:59:27.0,2026-01-08T12:37:12.531,"Any[6, 11, 19, 25, 30, 37, 45]",6,45
143,2026-01-13T07:07:21.0,2026-01-15T12:45:06.531,"Any[8, 13, 19, 25, 30, 37, 45, 56]",8,56
213,2026-01-13T07:07:21.0,2026-01-15T12:45:06.531,"Any[8, 13, 19, 25, 30, 37, 45, 56]",8,56
479,2026-01-13T07:07:21.0,2026-01-15T12:45:06.531,"Any[8, 13, 19, 25, 30, 37, 45, 56]",8,56
487,2026-01-13T07:07:21.0,2026-01-08T12:45:06.531,"Any[8, 13, 19, 25, 30, 37, 45, 56]",8,56
758,2026-01-13T07:10:53.0,2026-01-15T12:48:38.531,"Any[60, 53, 45, 37, 30, 25, 19, 13, 8]",60,8
1444,2026-01-13T07:14:00.0,2026-01-15T12:51:45.531,Any[],45,3
826,2026-01-13T07:31:00.0,2026-01-08T13:08:45.531,"Any[10, 19, 25, 30, 37, 45, 53]",10,53
76,2026-01-13T08:29:37.0,2026-01-08T14:07:22.531,"Any[56, 45, 37, 30, 25]",56,25
1339,2026-01-13T08:58:00.0,2026-01-08T14:35:45.531,Any[],60,7
1296,2026-01-13T09:04:14.0,2026-01-15T14:41:59.531,"Any[53, 45, 37, 30, 25, 19, 13, 8]",53,8
1311,2026-01-13T09:05:02.0,2026-01-15T14:42:47.531,"Any[60, 53, 45, 37, 30, 25, 19, 11, 6, 1]",60,1
1037,2026-01-13T09:16:03.589,2026-01-08T14:53:49.12,"Any[10, 19, 25, 30, 37, 45, 53]",10,53
158,2026-01-13T10:03:11.0,2026-01-15T15:40:56.531,"Any[45, 37, 30, 25]",45,25
1320,2026-01-13T10:04:00.0,2026-01-15T15:41:45.531,Any[],60,17
1106,2026-01-13T10:23:59.0,2026-01-15T16:01:44.531,"Any[19, 25, 30, 37, 45, 56]",19,56
48,2026-01-13T10:24:00.635,2026-01-15T16:01:46.166,"Any[56, 45, 37, 30, 25, 19, 11, 6, 1]",56,1
1304,2026-01-13T10:26:31.0,2026-01-15T16:04:16.531,"Any[8, 13, 19, 25, 30, 37, 45, 56]",8,56
245,2026-01-13T10:27:16.0,2026-01-15T16:05:01.531,"Any[53, 45, 37, 30, 25, 19, 11, 6, 1]",53,1
465,2026-01-13T10:44:38.0,2026-01-15T16:22:23.531,"Any[8, 13, 19, 25, 30, 37, 45, 56]",8,56
441,2026-01-13T10:48:29.0,2026-01-08T16:26:14.531,"Any[60, 53, 45, 37, 30, 25, 19, 11, 6]",60,6
482,2026-01-13T10:59:56.0,2026-01-15T16:37:41.531,"Any[19, 25, 30, 37, 45, 53]",19,53
198,2026-01-13T12:14:19.314,2026-01-15T17:52:04.845,"Any[53, 45, 37, 30, 25, 19, 10]",53,10
127,2026-01-13T12:42:51.993,2026-01-15T18:20:37.524,"Any[56, 45, 37, 30, 25, 19, 13, 8]",56,8
236,2026-01-13T12:42:51.993,2026-01-15T18:20:37.524,"Any[56, 45, 37, 30, 25, 19, 13, 8]",56,8
886,2026-01-13T13:27:15.0,2026-01-15T19:05:00.531,"Any[53, 45, 37, 30, 25, 19, 13, 8]",53,8
827,2026-01-13T13:53:55.0,2026-01-08T19:31:40.531,"Any[6, 11, 19, 25, 30, 37, 45]",6,45
1147,2026-01-13T14:14:31.0,2026-01-15T19:52:16.531,"Any[19, 25, 30, 37, 45, 56, 60]",19,60
1409,2026-01-13T14:27:20.0,2026-01-15T20:05:05.531,"Any[45, 37, 30, 25, 19, 14]",45,14
989,2026-01-13T14:36:35.0,2026-01-08T20:14:20.531,"Any[1, 6, 11, 19, 25, 30, 37, 45, 56]",1,56
620,2026-01-13T14:47:15.0,2026-01-15T20:25:00.531,"Any[6, 11, 19, 25, 30, 37, 45]",6,45
1228,2026-01-13T14:47:15.0,2026-01-15T20:25:00.531,"Any[6, 11, 19, 25, 30, 37, 45]",6,45
1246,2026-01-13T14:47:15.0,2026-01-08T20:25:00.531,"Any[6, 11, 19, 25, 30, 37, 45]",6,45
875,2026-01-13T14:58:14.0,2026-01-15T20:35:59.531,"Any[8, 13, 19, 25, 30, 37, 45, 56]",8,56
1084,2026-01-13T14:58:14.0,2026-01-15T20:35:59.531,"Any[8, 13, 19, 25, 30, 37, 45, 56]",8,56
430,2026-01-13T15:17:37.0,2026-01-08T20:55:22.531,"Any[53, 45, 37, 30, 25]",53,25
1057,2026-01-13T15:23:07.0,2026-01-15T21:00:52.531,"Any[6, 11, 19, 25, 30, 37, 45]",6,45
1583,2026-01-13T15:29:00.0,2026-01-08T21:06:45.531,Any[],10,64
313,2026-01-13T15:49:41.0,2026-01-15T21:27:26.531,"Any[6, 11, 19, 25, 30, 37, 45]",6,45
96,2026-01-13T16:02:26.0,2026-01-08T21:40:11.531,"Any[56, 45, 37, 30, 25, 19, 11, 6]",56,6
207,2026-01-13T16:02:26.0,2026-01-08T21:40:11.531,"Any[56, 45, 37, 30, 25, 19, 11, 6]",56,6
612,2026-01-13T16:10:53.0,2026-01-08T21:48:38.531,"Any[56, 45, 37, 30, 25, 19, 11, 6, 6, 1]",56,6
282,2026-01-13T16:11:46.0,2026-01-15T21:49:31.531,"Any[3, 10, 19, 25, 30, 37, 45, 53]",3,53
1393,2026-01-13T16:15:19.0,2026-01-08T21:53:04.531,"Any[56, 45, 37, 30, 25, 19, 11, 6]",56,6
224,2026-01-13T16:20:15.0,2026-01-15T21:58:00.531,"Any[6, 11, 19, 25, 30, 37, 45, 56]",6,56
837,2026-01-13T16:20:15.0,2026-01-15T21:58:00.531,"Any[6, 11, 19, 25, 30, 37, 45, 56]",6,56
162,2026-01-13T16:21:18.0,2026-01-08T21:59:03.531,"Any[10, 19, 25, 30, 37, 45, 53]",10,53
841,2026-01-13T16:21:18.0,2026-01-15T21:59:03.531,"Any[10, 19, 25, 30, 37, 45, 53]",10,53
1562,2026-01-13T16:38:17.0,2026-01-08T22:16:02.531,"Any[6, 11, 19, 25, 30, 37, 45, 53]",6,53
558,2026-01-13T16:39:20.0,2026-01-08T22:17:05.531,"Any[1, 6, 11, 19, 25, 30, 37, 45, 56]",1,56
1087,2026-01-13T16:39:20.0,2026-01-15T22:17:05.531,"Any[1, 6, 11, 19, 25, 30, 37, 45, 56]",1,56
200,2026-01-13T16:41:10.0,2026-01-15T22:18:55.531,"Any[8, 13, 25, 30, 37, 45, 56]",8,56
523,2026-01-13T16:43:21.0,2026-01-08T22:21:06.531,"Any[56, 45, 37, 30, 25, 19, 11, 6]",56,6
5,2026-01-13T16:44:00.0,2026-01-08T22:21:45.531,"Any[53, 45, 37, 30, 25, 19, 13, 8]",53,8
801,2026-01-13T16:44:39.0,2026-01-08T22:22:24.531,"Any[10, 19, 25, 30, 37, 45, 53]",10,53
1185,2026-01-13T16:54:52.0,2026-01-15T22:32:37.531,"Any[19, 25, 30, 37, 45, 53]",19,53
630,2026-01-13T16:58:49.0,2026-01-15T22:36:34.531,"Any[60, 56, 53, 45, 37, 30, 25, 19, 11, 6]",60,6
1492,2026-01-13T17:26:12.0,2026-01-15T23:03:57.531,"Any[25, 30, 37, 45, 53, 60]",25,60
1511,2026-01-13T17:26:12.0,2026-01-15T23:03:57.531,"Any[25, 30, 37, 45, 53, 60]",25,60
1519,2026-01-13T17:26:12.0,2026-01-15T23:03:57.531,"Any[25, 30, 37, 45, 53, 60]",25,60
1531,2026-01-13T17:26:12.0,2026-01-08T23:03:57.531,"Any[25, 30, 37, 45, 53, 60]",25,60
1586,2026-01-13T17:36:00.0,2026-01-08T23:13:45.531,Any[],10,64
64,2026-01-13T17:39:56.0,2026-01-08T23:17:41.531,"Any[56, 45, 37, 30, 25, 19, 11, 6]",56,6
766,2026-01-13T17:41:12.448,2026-01-08T23:18:57.979,"Any[56, 45, 37, 30, 25, 19]",56,19
995,2026-01-13T17:41:12.448,2026-01-08T23:18:57.979,"Any[56, 45, 37, 30, 25, 19]",56,19
366,2026-01-13T17:46:02.0,2026-01-08T23:23:47.531,"Any[6, 11, 19, 25, 30, 37, 45]",6,45
392,2026-01-13T17:46:02.0,2026-01-15T23:23:47.531,"Any[6, 11, 19, 25, 30, 37, 45]",6,45
1389,2026-01-13T17:46:06.358,2026-01-08T23:23:51.889,"Any[56, 45, 37, 30, 25, 19, 11, 6]",56,6
1394,2026-01-13T17:46:06.358,2026-01-15T23:23:51.889,"Any[56, 45, 37, 30, 25, 19, 11, 6]",56,6
641,2026-01-13T17:51:54.0,2026-01-08T23:29:39.531,"Any[64, 56, 45, 37, 30, 25, 19, 11, 6]",64,6
1112,2026-01-13T18:05:48.0,2026-01-15T23:43:33.531,"Any[8, 13, 19, 25, 30, 37, 45, 56, 60]",8,60
428,2026-01-13T18:11:54.229,2026-01-08T23:49:39.76,"Any[6, 11, 19, 25, 30, 37, 45, 56]",6,56
1196,2026-01-13T18:19:05.0,2026-01-15T23:56:50.531,"Any[6, 11, 19, 25, 30, 37, 45]",6,45
537,2026-01-13T18:19:44.0,2026-01-08T23:57:29.531,"Any[53, 45, 37, 30, 25, 19, 11, 6, 1]",53,1
767,2026-01-13T18:19:44.0,2026-01-08T23:57:29.531,"Any[53, 45, 37, 30, 25, 19, 11, 6, 1]",53,1
1190,2026-01-13T18:19:44.0,2026-01-15T23:57:29.531,"Any[53, 45, 37, 30, 25, 19, 11, 6, 1]",53,1
15,2026-01-13T18:35:31.0,2026-01-09T00:13:16.531,"Any[25, 30, 37, 45, 53, 60, 64]",25,64
1260,2026-01-13T18:35:31.0,2026-01-09T00:13:16.531,"Any[25, 30, 37, 45, 53, 60, 64]",25,64
1471,2026-01-13T18:35:31.0,2026-01-16T00:13:16.531,"Any[25, 30, 37, 45, 53, 60, 64]",25,64
1472,2026-01-13T18:35:31.0,2026-01-09T00:13:16.531,"Any[25, 30, 37, 45, 53, 60, 64]",25,64
1483,2026-01-13T18:35:31.0,2026-01-09T00:13:16.531,"Any[25, 30, 37, 45, 53, 60, 64]",25,64
43,2026-01-13T18:43:23.0,2026-01-09T00:21:08.531,"Any[56, 45, 37, 30, 25, 19]",56,19
542,2026-01-13T18:43:23.0,2026-01-09T00:21:08.531,"Any[56, 45, 37, 30, 25, 19]",56,19
1359,2026-01-13T18:43:23.0,2026-01-09T00:21:08.531,"Any[56, 45, 37, 30, 25, 19]",56,19
541,2026-01-13T19:15:55.596,2026-01-09T00:53:41.127,"Any[60, 56, 45, 37, 30, 25, 19]",60,19
928,2026-01-13T19:32:09.0,2026-01-09T01:09:54.531,"Any[10, 19, 25, 30, 37, 45, 53]",10,53
807,2026-01-13T20:16:57.0,2026-01-16T01:54:42.531,"Any[10, 19, 25, 30, 37, 45, 53]",10,53
764,2026-01-13T20:29:21.0,2026-01-09T02:07:06.531,"Any[53, 45, 37, 30, 25, 19, 13, 8]",53,8
1272,2026-01-13T20:29:21.0,2026-01-16T02:07:06.531,"Any[53, 45, 37, 30, 25, 19, 13, 8]",53,8
1571,2026-01-13T20:35:00.0,2026-01-16T02:12:45.531,Any[],10,64
540,2026-01-13T20:58:18.0,2026-01-16T02:36:03.531,"Any[56, 45, 37, 30, 25, 19, 13, 8]",56,8
67,2026-01-13T21:00:01.0,2026-01-09T02:37:46.531,"Any[1, 6, 11, 19, 23, 28, 36, 44, 54, 60]",1,60
58,2026-01-13T21:56:27.0,2026-01-16T03:34:12.531,"Any[7, 8, 13, 19, 25, 30, 37, 45, 53]",7,53
70,2026-01-13T22:15:08.0,2026-01-16T03:52:53.531,"Any[60, 56, 45, 37, 30, 25, 19, 11, 10]",60,10
1144,2026-01-13T22:15:08.0,2026-01-16T03:52:53.531,"Any[60, 56, 45, 37, 30, 25, 19, 11, 10]",60,10
1270,2026-01-13T22:27:46.329,2026-01-09T04:05:31.86,"Any[1, 6, 11, 19, 25, 30, 37, 45, 53]",1,53
24,2026-01-13T22:39:26.16,2026-01-16T04:17:11.691,"Any[6, 11, 19, 25, 30, 37, 45, 56]",6,56
486,2026-01-13T22:49:03.0,2026-01-16T04:26:48.531,"Any[8, 13, 19, 25, 30, 37, 45, 56]",8,56
500,2026-01-13T23:06:21.0,2026-01-16T04:44:06.531,"Any[3, 10, 19, 25, 30, 37, 45, 53]",3,53
1096,2026-01-13T23:07:23.0,2026-01-09T04:45:08.531,"Any[1, 6, 11, 19, 25, 30, 37, 45]",1,45
331,2026-01-13T23:38:53.0,2026-01-09T05:16:38.531,"Any[60, 56, 45, 37, 30, 25, 19, 11, 6]",60,6
461,2026-01-13T23:41:26.0,2026-01-16T05:19:11.531,"Any[8, 13, 19, 25, 30, 37, 45, 56]",8,56
673,2026-01-13T23:41:26.0,2026-01-16T05:19:11.531,"Any[8, 13, 19, 25, 30, 37, 45, 56]",8,56
991,2026-01-13T23:41:26.0,2026-01-09T05:19:11.531,"Any[8, 13, 19, 25, 30, 37, 45, 56]",8,56
863,2026-01-14T00:01:44.0,2026-01-09T05:39:29.531,"Any[19, 30, 37, 45, 56]",19,56
1016,2026-01-14T00:14:10.0,2026-01-16T05:51:55.531,"Any[6, 11, 19, 25, 30, 37, 45]",6,45
981,2026-01-14T00:16:00.0,2026-01-09T05:53:45.531,"Any[53, 45, 37, 30, 25]",53,25
534,2026-01-14T00:16:06.0,2026-01-16T05:53:51.531,"Any[53, 45, 37, 30, 25]",53,25
270,2026-01-14T00:20:00.0,2026-01-16T05:57:45.531,"Any[60, 53, 45, 37, 30, 25, 19, 10]",60,10
1554,2026-01-14T00:20:13.0,2026-01-16T05:57:58.531,"Any[1, 6, 11, 19, 23, 36, 44, 54, 60]",1,60
281,2026-01-14T00:28:19.0,2026-01-16T06:06:04.531,"Any[10, 11, 19, 25, 30, 37, 45, 53]",10,53
1056,2026-01-14T00:28:19.0,2026-01-09T06:06:04.531,"Any[10, 11, 19, 25, 30, 37, 45, 53]",10,53
508,2026-01-14T00:28:22.0,2026-01-16T06:06:07.531,"Any[3, 6, 11, 19, 25, 30, 37, 45, 53]",3,53
1024,2026-01-14T00:28:22.0,2026-01-16T06:06:07.531,"Any[3, 6, 11, 19, 25, 30, 37, 45, 53]",3,53
325,2026-01-14T00:29:11.0,2026-01-09T06:06:56.531,"Any[8, 13, 19, 25, 30, 37, 45, 56]",8,56
561,2026-01-14T00:29:11.0,2026-01-16T06:06:56.531,"Any[8, 13, 19, 25, 30, 37, 45, 56]",8,56
131,2026-01-14T00:38:56.0,2026-01-09T06:16:41.531,"Any[10, 19, 25, 30, 37, 45, 53]",10,53
25,2026-01-14T01:00:03.0,2026-01-16T06:37:48.531,"Any[10, 19, 25, 30, 37, 45, 53]",10,53
42,2026-01-14T01:00:03.0,2026-01-16T06:37:48.531,"Any[10, 19, 25, 30, 37, 45, 53]",10,53
59,2026-01-14T01:13:18.0,2026-01-09T06:51:03.531,"Any[7, 8, 13, 19, 25, 30, 37, 45, 53]",7,53
368,2026-01-14T01:13:18.0,2026-01-09T06:51:03.531,"Any[7, 8, 13, 19, 25, 30, 37, 45, 53]",7,53
195,2026-01-14T01:26:26.0,2026-01-16T07:04:11.531,"Any[10, 19, 25, 30, 37, 45, 53]",10,53
744,2026-01-14T01:49:32.0,2026-01-16T07:27:17.531,"Any[53, 45, 37, 30, 25, 19, 11, 6, 1]",53,1
1412,2026-01-14T02:03:40.0,2026-01-09T07:41:25.531,"Any[45, 37, 30, 25, 19, 13, 8]",45,8
1414,2026-01-14T02:03:40.0,2026-01-09T07:41:25.531,"Any[45, 37, 30, 25, 19, 13, 8]",45,8
1417,2026-01-14T02:03:40.0,2026-01-16T07:41:25.531,"Any[45, 37, 30, 25, 19, 13, 8]",45,8
1421,2026-01-14T02:03:40.0,2026-01-09T07:41:25.531,"Any[45, 37, 30, 25, 19, 13, 8]",45,8
1422,2026-01-14T02:03:40.0,2026-01-16T07:41:25.531,"Any[45, 37, 30, 25, 19, 13, 8]",45,8
103,2026-01-14T02:16:51.0,2026-01-16T07:54:36.531,"Any[10, 19, 25, 30, 37, 45, 53, 60]",10,60
623,2026-01-14T04:10:39.0,2026-01-09T09:48:24.531,"Any[1, 6, 11, 19, 25, 30, 37, 45, 53]",1,53
652,2026-01-14T04:10:39.0,2026-01-09T09:48:24.531,"Any[1, 6, 11, 19, 25, 30, 37, 45, 53]",1,53
1325,2026-01-14T05:55:00.0,2026-01-16T11:32:45.531,Any[],60,16
640,2026-01-14T06:29:51.5,2026-01-09T12:07:37.031,"Any[16, 25, 30, 37, 45, 53]",16,53
114,2026-01-14T06:43:48.0,2026-01-09T12:21:33.531,"Any[53, 45, 37, 30, 25, 19, 13, 8]",53,8
375,2026-01-14T06:43:48.0,2026-01-09T12:21:33.531,"Any[53, 45, 37, 30, 25, 19, 13, 8]",53,8
862,2026-01-14T06:53:21.0,2026-01-16T12:31:06.531,"Any[8, 13, 19, 25, 30, 37, 45, 56]",8,56
294,2026-01-14T07:22:00.287,2026-01-09T12:59:45.818,"Any[8, 13, 19, 25, 30, 37, 45, 56]",8,56
759,2026-01-14T07:49:20.0,2026-01-09T13:27:05.531,"Any[60, 56, 45, 37, 30, 25, 19, 11, 6, 1]",60,1
1461,2026-01-14T07:51:00.0,2026-01-09T13:28:45.531,Any[],45,5
896,2026-01-14T07:56:32.0,2026-01-16T13:34:17.531,"Any[53, 45, 37, 30, 25, 19, 10]",53,10
1251,2026-01-14T08:05:19.0,2026-01-16T13:43:04.531,"Any[19, 25, 30, 37, 45, 56]",19,56
834,2026-01-14T08:09:25.0,2026-01-16T13:47:10.531,"Any[53, 45, 37, 30, 25]",53,25
502,2026-01-14T08:21:38.0,2026-01-16T13:59:23.531,"Any[53, 45, 37, 30, 25, 19, 10]",53,10
734,2026-01-14T08:24:09.0,2026-01-09T14:01:54.531,"Any[10, 19, 25, 30, 37, 45, 56]",10,56
747,2026-01-14T08:24:09.0,2026-01-16T14:01:54.531,"Any[10, 19, 25, 30, 37, 45, 56]",10,56
130,2026-01-14T08:31:21.0,2026-01-09T14:09:06.531,"Any[8, 13, 19, 25, 30, 37, 45, 56]",8,56
1201,2026-01-14T08:31:21.0,2026-01-09T14:09:06.531,"Any[8, 13, 19, 25, 30, 37, 45, 56]",8,56
856,2026-01-14T08:35:46.0,2026-01-16T14:13:31.531,"Any[56, 45, 37, 30, 25, 19, 11, 6, 1]",56,1
140,2026-01-14T08:49:55.0,2026-01-16T14:27:40.531,"Any[6, 11, 16, 25, 30, 37, 45]",6,45
1124,2026-01-14T08:49:55.0,2026-01-09T14:27:40.531,"Any[6, 11, 16, 25, 30, 37, 45]",6,45
594,2026-01-14T08:54:12.0,2026-01-16T14:31:57.531,"Any[6, 11, 19, 25, 30, 37, 45, 53]",6,53
682,2026-01-14T08:55:26.0,2026-01-16T14:33:11.531,"Any[53, 45, 37, 30, 25, 19, 11, 6, 1]",53,1
1263,2026-01-14T08:55:26.0,2026-01-16T14:33:11.531,"Any[53, 45, 37, 30, 25, 19, 11, 6, 1]",53,1
81,2026-01-14T10:05:36.776,2026-01-09T15:43:22.307,"Any[8, 13, 19, 25, 30, 37, 45, 56]",8,56
194,2026-01-14T10:10:05.0,2026-01-09T15:47:50.531,"Any[56, 45, 37, 30, 25]",56,25
556,2026-01-14T10:11:45.0,2026-01-16T15:49:30.531,"Any[17, 16, 17, 25, 30, 37, 45, 53]",17,53
745,2026-01-14T10:11:45.0,2026-01-16T15:49:30.531,"Any[17, 16, 17, 25, 30, 37, 45, 53]",17,53
171,2026-01-14T10:21:07.0,2026-01-16T15:58:52.531,"Any[17, 25, 30, 37, 45, 53]",17,53
21,2026-01-14T10:21:29.179,2026-01-09T15:59:14.71,"Any[25, 30, 37, 45, 56, 60]",25,60
1501,2026-01-14T10:21:29.179,2026-01-16T15:59:14.71,"Any[25, 30, 37, 45, 56, 60]",25,60
1514,2026-01-14T10:21:29.179,2026-01-16T15:59:14.71,"Any[25, 30, 37, 45, 56, 60]",25,60
1524,2026-01-14T10:21:29.179,2026-01-16T15:59:14.71,"Any[25, 30, 37, 45, 56, 60]",25,60
1526,2026-01-14T10:21:29.179,2026-01-16T15:59:14.71,"Any[25, 30, 37, 45, 56, 60]",25,60
1527,2026-01-14T10:21:29.179,2026-01-09T15:59:14.71,"Any[25, 30, 37, 45, 56, 60]",25,60
1385,2026-01-14T10:35:00.0,2026-01-16T16:12:45.531,Any[],56,3
63,2026-01-14T10:44:14.601,2026-01-16T16:22:00.132,"Any[56, 45, 37, 30, 25, 19, 11, 6]",56,6
864,2026-01-14T10:44:14.601,2026-01-16T16:22:00.132,"Any[56, 45, 37, 30, 25, 19, 11, 6]",56,6
1257,2026-01-14T11:13:13.0,2026-01-16T16:50:58.531,"Any[53, 45, 37, 30, 25, 19, 10]",53,10
37,2026-01-14T11:38:26.0,2026-01-09T17:16:11.531,"Any[53, 45, 37, 30, 25, 19, 13, 8]",53,8
54,2026-01-14T11:38:26.0,2026-01-09T17:16:11.531,"Any[53, 45, 37, 30, 25, 19, 13, 8]",53,8
1165,2026-01-14T12:03:40.0,2026-01-09T17:41:25.531,"Any[8, 13, 19, 25, 30, 37, 45, 56]",8,56
852,2026-01-14T12:33:22.0,2026-01-16T18:11:07.531,"Any[53, 45, 37, 30, 25, 19, 10]",53,10
1584,2026-01-14T12:34:00.0,2026-01-09T18:11:45.531,Any[],10,64
22,2026-01-14T13:14:21.0,2026-01-16T18:52:06.531,"Any[56, 45, 37, 30, 25, 19, 11, 6]",56,6
751,2026-01-14T13:14:21.0,2026-01-16T18:52:06.531,"Any[56, 45, 37, 30, 25, 19, 11, 6]",56,6
649,2026-01-14T13:25:13.0,2026-01-16T19:02:58.531,"Any[19, 25, 30, 37, 45, 53]",19,53
478,2026-01-14T13:27:36.0,2026-01-09T19:05:21.531,"Any[64, 60, 53, 45, 37, 30, 25, 19, 13, 8]",64,8
135,2026-01-14T13:53:48.931,2026-01-16T19:31:34.462,"Any[9, 15, 26, 31, 36, 44, 54]",9,54
86,2026-01-14T14:04:28.0,2026-01-16T19:42:13.531,"Any[1, 6, 11, 16, 25, 30, 37, 45, 56]",1,56
1555,2026-01-14T14:04:28.0,2026-01-09T19:42:13.531,"Any[1, 6, 11, 16, 25, 30, 37, 45, 56]",1,56
129,2026-01-14T14:33:52.0,2026-01-09T20:11:37.531,"Any[56, 45, 37, 30, 25, 19, 11, 6]",56,6
1043,2026-01-14T14:53:49.0,2026-01-16T20:31:34.531,"Any[64, 60, 53, 45, 37, 30, 25, 19, 13, 8]",64,8
60,2026-01-14T14:56:23.0,2026-01-09T20:34:08.531,"Any[6, 11, 19, 25, 30, 37, 45]",6,45
1004,2026-01-14T14:56:23.0,2026-01-09T20:34:08.531,"Any[6, 11, 19, 25, 30, 37, 45]",6,45
943,2026-01-14T15:04:52.0,2026-01-16T20:42:37.531,"Any[6, 11, 19, 25, 30, 37, 45, 53]",6,53
1168,2026-01-14T15:09:00.0,2026-01-09T20:46:45.531,"Any[53, 45, 37, 30, 25, 19, 13, 8]",53,8
12,2026-01-14T15:11:16.0,2026-01-16T20:49:01.531,"Any[6, 11, 19, 25, 30, 37, 45, 56]",6,56
28,2026-01-14T15:14:19.726,2026-01-09T20:52:05.257,"Any[6, 11, 25, 30, 37, 45]",6,45
79,2026-01-14T15:14:19.726,2026-01-16T20:52:05.257,"Any[6, 11, 25, 30, 37, 45]",6,45
1453,2026-01-14T15:17:00.0,2026-01-16T20:54:45.531,Any[],45,3
229,2026-01-14T15:38:05.0,2026-01-16T21:15:50.531,"Any[60, 53, 45, 37, 30, 25, 19]",60,19
1392,2026-01-14T15:50:58.0,2026-01-16T21:28:43.531,"Any[56, 45, 37, 30, 25, 19, 11, 6]",56,6
258,2026-01-14T16:02:18.0,2026-01-16T21:40:03.531,"Any[6, 11, 16, 25, 30, 37, 45]",6,45
660,2026-01-14T16:04:52.0,2026-01-16T21:42:37.531,"Any[8, 13, 19, 25, 30, 37, 45, 53]",8,53
791,2026-01-14T16:04:52.0,2026-01-16T21:42:37.531,"Any[8, 13, 19, 25, 30, 37, 45, 53]",8,53
453,2026-01-14T16:12:16.977,2026-01-16T21:50:02.508,"Any[5, 6, 11, 19, 25, 30, 37, 45, 56]",5,56
452,2026-01-14T16:31:49.0,2026-01-16T22:09:34.531,"Any[60, 53, 45, 37, 30, 25, 19, 10]",60,10
265,2026-01-14T16:52:12.0,2026-01-16T22:29:57.531,"Any[8, 13, 19, 25, 30, 37, 45, 56]",8,56
489,2026-01-14T16:58:20.0,2026-01-16T22:36:05.531,"Any[53, 45, 37, 30, 25, 19, 11, 6, 1]",53,1
1329,2026-01-14T16:59:00.0,2026-01-16T22:36:45.531,Any[],60,16
413,2026-01-14T17:19:22.0,2026-01-16T22:57:07.531,"Any[56, 45, 37, 30, 25, 19, 11, 6, 1]",56,1
810,2026-01-14T17:19:22.0,2026-01-16T22:57:07.531,"Any[56, 45, 37, 30, 25, 19, 11, 6, 1]",56,1
338,2026-01-14T17:20:02.0,2026-01-09T22:57:47.531,"Any[8, 13, 19, 25, 30, 37, 45, 56]",8,56
689,2026-01-14T17:21:55.0,2026-01-16T22:59:40.531,"Any[53, 45, 37, 30, 25, 19, 11, 6, 1]",53,1
147,2026-01-14T17:41:08.0,2026-01-09T23:18:53.531,"Any[3, 10, 19, 25, 30, 37, 45, 53]",3,53
504,2026-01-14T17:43:11.109,2026-01-09T23:20:56.64,"Any[60, 56, 45, 37, 30, 25, 19, 11, 6]",60,6
285,2026-01-14T17:52:33.785,2026-01-16T23:30:19.316,"Any[60, 56, 45, 37, 30, 25, 19]",60,19
334,2026-01-14T18:09:51.0,2026-01-09T23:47:36.531,"Any[6, 11, 19, 25, 30, 37, 45, 56]",6,56
1582,2026-01-14T18:29:00.0,2026-01-10T00:06:45.531,Any[],10,64
1589,2026-01-14T18:29:00.0,2026-01-10T00:06:45.531,Any[],10,64
139,2026-01-14T18:34:54.0,2026-01-17T00:12:39.531,"Any[53, 45, 37, 30, 25]",53,25
121,2026-01-14T18:42:20.0,2026-01-17T00:20:05.531,"Any[8, 13, 19, 25, 30, 37, 45, 53]",8,53
908,2026-01-14T18:42:20.0,2026-01-10T00:20:05.531,"Any[8, 13, 19, 25, 30, 37, 45, 53]",8,53
365,2026-01-14T18:48:40.826,2026-01-10T00:26:26.357,"Any[56, 45, 37, 30, 25, 19, 13, 8]",56,8
999,2026-01-14T18:57:28.0,2026-01-10T00:35:13.531,"Any[4, 10, 19, 25, 30, 37, 45, 53]",4,53
251,2026-01-14T19:05:20.0,2026-01-17T00:43:05.531,"Any[8, 13, 19, 25, 30, 37, 45, 53]",8,53
1169,2026-01-14T19:23:02.0,2026-01-17T01:00:47.531,"Any[8, 13, 19, 25, 30, 37, 45, 53]",8,53
212,2026-01-14T19:23:14.811,2026-01-17T01:01:00.342,"Any[53, 45, 37, 30, 25, 19, 10]",53,10
1008,2026-01-14T19:23:14.811,2026-01-10T01:01:00.342,"Any[53, 45, 37, 30, 25, 19, 10]",53,10
1011,2026-01-14T19:28:22.796,2026-01-17T01:06:08.327,"Any[56, 45, 37, 30, 25, 19, 13, 8]",56,8
61,2026-01-14T19:41:47.611,2026-01-10T01:19:33.142,"Any[53, 45, 37, 30, 25, 19, 13, 8]",53,8
1202,2026-01-14T19:41:47.611,2026-01-17T01:19:33.142,"Any[53, 45, 37, 30, 25, 19, 13, 8]",53,8
895,2026-01-14T19:42:23.0,2026-01-17T01:20:08.531,"Any[7, 8, 13, 19, 25, 30, 37, 45, 53]",7,53
20,2026-01-14T20:00:58.0,2026-01-10T01:38:43.531,"Any[8, 13, 19, 25, 30, 37, 45]",8,45
394,2026-01-14T20:07:36.0,2026-01-17T01:45:21.531,"Any[7, 8, 13, 19, 25, 30, 37, 45, 53]",7,53
610,2026-01-14T20:37:29.0,2026-01-17T02:15:14.531,"Any[7, 8, 13, 19, 25, 30, 37, 45, 53]",7,53
206,2026-01-14T20:48:19.0,2026-01-17T02:26:04.531,"Any[56, 45, 37, 30, 25, 19, 11, 6]",56,6
521,2026-01-14T20:48:19.0,2026-01-10T02:26:04.531,"Any[56, 45, 37, 30, 25, 19, 11, 6]",56,6
50,2026-01-14T21:13:17.0,2026-01-17T02:51:02.531,"Any[1, 6, 11, 19, 23, 36, 44, 54, 60]",1,60
362,2026-01-14T21:16:34.0,2026-01-17T02:54:19.531,"Any[7, 8, 13, 19, 25, 30, 37, 45, 53]",7,53
1423,2026-01-14T21:19:00.0,2026-01-17T02:56:45.531,Any[],45,7
783,2026-01-14T21:19:25.0,2026-01-17T02:57:10.531,"Any[8, 13, 19, 25, 30, 37, 45, 53]",8,53
1176,2026-01-14T21:19:25.0,2026-01-17T02:57:10.531,"Any[8, 13, 19, 25, 30, 37, 45, 53]",8,53
1118,2026-01-14T21:29:16.0,2026-01-10T03:07:01.531,"Any[8, 13, 19, 30, 37, 45, 56]",8,56
1274,2026-01-14T22:08:51.0,2026-01-17T03:46:36.531,"Any[8, 13, 19, 25, 30, 37, 45, 56]",8,56
104,2026-01-14T22:10:13.0,2026-01-17T03:47:58.531,"Any[7, 8, 13, 19, 25, 30, 37, 45, 53]",7,53
946,2026-01-14T22:10:13.0,2026-01-17T03:47:58.531,"Any[7, 8, 13, 19, 25, 30, 37, 45, 53]",7,53
1323,2026-01-14T22:20:00.0,2026-01-17T03:57:45.531,Any[],60,17
118,2026-01-14T22:26:09.0,2026-01-17T04:03:54.531,"Any[8, 13, 19, 25, 30, 37, 45, 56]",8,56
960,2026-01-14T22:26:09.0,2026-01-17T04:03:54.531,"Any[8, 13, 19, 25, 30, 37, 45, 56]",8,56
1155,2026-01-14T22:26:09.0,2026-01-10T04:03:54.531,"Any[8, 13, 19, 25, 30, 37, 45, 56]",8,56
708,2026-01-14T22:45:22.0,2026-01-10T04:23:07.531,"Any[10, 19, 25, 30, 37, 45, 53, 60]",10,60
266,2026-01-14T22:50:51.0,2026-01-17T04:28:36.531,"Any[10, 19, 25, 30, 37, 45, 53, 60]",10,60
1577,2026-01-14T22:53:00.0,2026-01-17T04:30:45.531,Any[],10,64
729,2026-01-14T23:03:00.0,2026-01-10T04:40:45.531,"Any[1, 6, 11, 19, 25, 30, 37, 45, 56]",1,56
911,2026-01-14T23:03:00.0,2026-01-17T04:40:45.531,"Any[1, 6, 11, 19, 25, 30, 37, 45, 56]",1,56
718,2026-01-14T23:06:31.0,2026-01-17T04:44:16.531,"Any[53, 45, 37, 30, 25, 19, 10]",53,10
1049,2026-01-14T23:41:44.0,2026-01-10T05:19:29.531,"Any[45, 37, 30, 25, 19, 10]",45,10
209,2026-01-15T00:10:56.0,2026-01-10T05:48:41.531,"Any[1, 6, 11, 19, 23, 36, 44, 54, 60]",1,60
264,2026-01-15T00:33:19.0,2026-01-17T06:11:04.531,"Any[60, 53, 45, 37, 30, 25, 19, 10]",60,10
1062,2026-01-15T00:33:19.0,2026-01-10T06:11:04.531,"Any[60, 53, 45, 37, 30, 25, 19, 10]",60,10
416,2026-01-15T00:49:18.0,2026-01-17T06:27:03.531,"Any[10, 19, 25, 30, 37, 45, 53]",10,53
1142,2026-01-15T01:24:53.0,2026-01-17T07:02:38.531,"Any[7, 8, 13, 19, 25, 30, 37, 45, 53]",7,53
71,2026-01-15T01:25:01.0,2026-01-17T07:02:46.531,"Any[10, 19, 25, 30, 37, 45, 53]",10,53
215,2026-01-15T01:25:01.0,2026-01-17T07:02:46.531,"Any[10, 19, 25, 30, 37, 45, 53]",10,53
962,2026-01-15T01:25:01.0,2026-01-17T07:02:46.531,"Any[10, 19, 25, 30, 37, 45, 53]",10,53
907,2026-01-15T01:29:08.0,2026-01-17T07:06:53.531,"Any[64, 60, 53, 45, 37, 30, 25, 19, 13, 8]",64,8
262,2026-01-15T01:31:57.0,2026-01-10T07:09:42.531,"Any[6, 11, 16, 25, 30, 37, 45, 53]",6,53
1073,2026-01-15T01:39:31.0,2026-01-10T07:17:16.531,"Any[53, 45, 37, 30, 25, 19, 11, 6, 1]",53,1
317,2026-01-15T01:53:56.0,2026-01-17T07:31:41.531,"Any[10, 19, 25, 30, 37, 45, 53, 60]",10,60
616,2026-01-15T01:53:56.0,2026-01-17T07:31:41.531,"Any[10, 19, 25, 30, 37, 45, 53, 60]",10,60
909,2026-01-15T01:53:56.0,2026-01-17T07:31:41.531,"Any[64, 60, 53, 45, 37, 30, 25, 19, 11, 6, 1]",64,1
429,2026-01-15T02:11:44.0,2026-01-17T07:49:29.531,"Any[8, 13, 19, 25, 30, 37, 45, 56]",8,56
575,2026-01-15T02:20:40.0,2026-01-10T07:58:25.531,"Any[10, 19, 25, 30, 37, 45, 53]",10,53
1183,2026-01-15T02:21:35.0,2026-01-17T07:59:20.531,"Any[8, 13, 19, 25, 30, 37, 45, 53, 62]",8,62
1542,2026-01-15T02:21:35.0,2026-01-10T07:59:20.531,"Any[8, 13, 19, 25, 30, 37, 45, 53, 62]",8,62
1544,2026-01-15T02:21:35.0,2026-01-17T07:59:20.531,"Any[8, 13, 19, 25, 30, 37, 45, 53, 62]",8,62
1545,2026-01-15T02:21:35.0,2026-01-17T07:59:20.531,"Any[8, 13, 19, 25, 30, 37, 45, 53, 62]",8,62
320,2026-01-15T02:46:47.0,2026-01-17T08:24:32.531,"Any[7, 8, 13, 19, 25, 30, 37, 45, 53]",7,53
449,2026-01-15T02:51:53.0,2026-01-17T08:29:38.531,"Any[64, 60, 53, 45, 37, 30, 25, 19, 11, 6, 1]",64,1
11,2026-01-15T04:31:06.0,2026-01-10T10:08:51.531,"Any[19, 25, 30, 37, 45, 53]",19,53
361,2026-01-15T05:24:46.0,2026-01-17T11:02:31.531,"Any[19, 30, 37, 45, 56]",19,56
784,2026-01-15T05:27:21.0,2026-01-17T11:05:06.531,"Any[60, 53, 45, 37, 30, 25, 19, 11, 6]",60,6
998,2026-01-15T05:27:21.0,2026-01-17T11:05:06.531,"Any[60, 53, 45, 37, 30, 25, 19, 11, 6]",60,6
157,2026-01-15T05:35:11.0,2026-01-17T11:12:56.531,"Any[8, 13, 19, 25, 30, 37, 45, 56, 60, 64]",8,64
645,2026-01-15T05:40:27.0,2026-01-10T11:18:12.531,"Any[19, 25, 30, 37, 45, 53, 60]",19,60
122,2026-01-15T06:05:23.0,2026-01-17T11:43:08.531,"Any[1, 6, 11, 19, 25, 30, 37, 45, 56]",1,56
636,2026-01-15T06:05:23.0,2026-01-17T11:43:08.531,"Any[1, 6, 11, 19, 25, 30, 37, 45, 56]",1,56
277,2026-01-15T06:46:00.0,2026-01-17T12:23:45.531,"Any[64, 60, 53, 45, 37, 30, 25, 19, 11, 6, 1]",64,1
335,2026-01-15T06:46:00.0,2026-01-10T12:23:45.531,"Any[64, 60, 53, 45, 37, 30, 25, 19, 11, 6, 1]",64,1
457,2026-01-15T06:46:00.0,2026-01-10T12:23:45.531,"Any[64, 60, 53, 45, 37, 30, 25, 19, 11, 6, 1]",64,1
1036,2026-01-15T07:11:51.0,2026-01-17T12:49:36.531,"Any[17, 16, 25, 30, 37, 45, 53]",17,53
1253,2026-01-15T07:11:51.0,2026-01-17T12:49:36.531,"Any[17, 16, 25, 30, 37, 45, 53]",17,53
1153,2026-01-15T07:15:58.0,2026-01-10T12:53:43.531,"Any[60, 56, 45, 37, 30, 25, 19, 11, 6]",60,6
145,2026-01-15T07:40:57.0,2026-01-10T13:18:42.531,"Any[56, 45, 37, 30, 25, 19, 10]",56,10
1002,2026-01-15T07:40:57.0,2026-01-17T13:18:42.531,"Any[56, 45, 37, 30, 25, 19, 10]",56,10
293,2026-01-15T07:48:44.0,2026-01-17T13:26:29.531,"Any[56, 45, 37, 30, 25]",56,25
585,2026-01-15T07:49:21.0,2026-01-10T13:27:06.531,"Any[53, 45, 37, 30, 25, 19, 11, 6]",53,6
363,2026-01-15T08:12:30.0,2026-01-10T13:50:15.531,"Any[19, 25, 30, 37, 45, 53]",19,53
467,2026-01-15T08:15:43.0,2026-01-17T13:53:28.531,"Any[1, 6, 11, 19, 25, 30, 37, 45, 56]",1,56
151,2026-01-15T08:26:25.049,2026-01-17T14:04:10.58,"Any[8, 13, 19, 25, 30, 37, 45, 56]",8,56
31,2026-01-15T09:04:31.0,2026-01-17T14:42:16.531,"Any[6, 11, 19, 25, 30, 37, 45]",6,45
1367,2026-01-15T09:15:45.0,2026-01-10T14:53:30.531,"Any[56, 45, 37, 30, 25, 19]",56,19
1368,2026-01-15T09:15:45.0,2026-01-17T14:53:30.531,"Any[56, 45, 37, 30, 25, 19]",56,19
1105,2026-01-15T09:37:49.0,2026-01-10T15:15:34.531,"Any[6, 11, 19, 25, 30, 37, 45]",6,45
1242,2026-01-15T09:37:49.0,2026-01-10T15:15:34.531,"Any[6, 11, 19, 25, 30, 37, 45]",6,45
1208,2026-01-15T10:38:10.0,2026-01-10T16:15:55.531,"Any[6, 11, 19, 25, 30, 37, 45]",6,45
1010,2026-01-15T11:04:35.0,2026-01-17T16:42:20.531,"Any[60, 56, 45, 37, 30, 25, 19, 11, 6]",60,6
107,2026-01-15T11:07:22.0,2026-01-10T16:45:07.531,"Any[53, 45, 37, 30, 25, 19, 13, 8]",53,8
1135,2026-01-15T11:15:14.375,2026-01-17T16:52:59.906,"Any[6, 11, 19, 25, 30, 37, 45, 56]",6,56
1424,2026-01-15T11:26:00.0,2026-01-17T17:03:45.531,Any[],45,7
512,2026-01-15T11:45:13.0,2026-01-17T17:22:58.531,"Any[6, 11, 19, 25, 30, 37, 45]",6,45
1358,2026-01-15T11:51:56.0,2026-01-17T17:29:41.531,"Any[56, 45, 37, 30, 25, 19]",56,19
1244,2026-01-15T12:30:46.04,2026-01-10T18:08:31.571,"Any[19, 25, 30, 37, 45, 56]",19,56
554,2026-01-15T12:34:04.0,2026-01-10T18:11:49.531,"Any[53, 45, 37, 30, 25, 19, 10]",53,10
1573,2026-01-15T12:39:00.0,2026-01-17T18:16:45.531,Any[],10,64
40,2026-01-15T12:40:07.0,2026-01-17T18:17:52.531,"Any[6, 11, 19, 25, 30, 37, 45]",6,45
232,2026-01-15T12:40:07.0,2026-01-10T18:17:52.531,"Any[6, 11, 19, 25, 30, 37, 45]",6,45
302,2026-01-15T12:49:37.0,2026-01-10T18:27:22.531,"Any[53, 45, 37, 30, 25, 19, 10, 6]",53,6
156,2026-01-15T12:50:09.0,2026-01-17T18:27:54.531,"Any[56, 45, 37, 30, 25]",56,25
519,2026-01-15T12:51:04.884,2026-01-10T18:28:50.415,"Any[64, 60, 56, 45, 37, 30, 25, 19, 13, 8, 7, 8]",64,8
136,2026-01-15T12:51:08.0,2026-01-17T18:28:53.531,"Any[62, 45, 37, 30, 25, 19, 11, 6, 6, 1]",62,6
1182,2026-01-15T12:51:08.0,2026-01-17T18:28:53.531,"Any[62, 45, 37, 30, 25, 19, 11, 6, 6, 1]",62,6
726,2026-01-15T12:59:19.0,2026-01-17T18:37:04.531,"Any[53, 45, 37, 30, 25]",53,25
1238,2026-01-15T12:59:19.0,2026-01-10T18:37:04.531,"Any[53, 45, 37, 30, 25]",53,25
679,2026-01-15T13:10:43.643,2026-01-10T18:48:29.174,"Any[1, 6, 11, 19, 25, 30, 37, 45, 56]",1,56
700,2026-01-15T13:55:44.0,2026-01-17T19:33:29.531,"Any[19, 25, 30, 37, 45, 56, 60]",19,60
498,2026-01-15T14:25:26.0,2026-01-10T20:03:11.531,"Any[8, 13, 19, 25, 30, 37, 45, 56, 60]",8,60
1341,2026-01-15T14:36:00.0,2026-01-10T20:13:45.531,Any[],60,7
341,2026-01-15T14:41:44.0,2026-01-10T20:19:29.531,"Any[19, 25, 30, 37, 45, 56]",19,56
1226,2026-01-15T14:58:17.0,2026-01-17T20:36:02.531,"Any[60, 53, 45, 37, 30, 25, 19, 13, 8]",60,8
629,2026-01-15T15:05:02.389,2026-01-10T20:42:47.92,"Any[45, 37, 30, 25, 19]",45,19
1070,2026-01-15T15:05:02.389,2026-01-10T20:42:47.92,"Any[45, 37, 30, 25, 19]",45,19
1402,2026-01-15T15:05:02.389,2026-01-10T20:42:47.92,"Any[45, 37, 30, 25, 19]",45,19
1133,2026-01-15T15:32:20.324,2026-01-10T21:10:05.855,"Any[6, 11, 19, 25, 30, 37, 45, 53]",6,53
1376,2026-01-15T15:42:00.0,2026-01-10T21:19:45.531,Any[],56,13
963,2026-01-15T16:04:09.0,2026-01-17T21:41:54.531,"Any[56, 45, 37, 30, 25]",56,25
1034,2026-01-15T16:06:01.0,2026-01-10T21:43:46.531,"Any[6, 11, 19, 25, 30, 37, 45]",6,45
1025,2026-01-15T16:22:08.0,2026-01-10T21:59:53.531,"Any[64, 56, 45, 37, 30, 25, 19, 11, 6]",64,6
1058,2026-01-15T16:22:08.0,2026-01-10T21:59:53.531,"Any[64, 56, 45, 37, 30, 25, 19, 11, 6]",64,6
1158,2026-01-15T16:22:08.0,2026-01-17T21:59:53.531,"Any[64, 56, 45, 37, 30, 25, 19, 11, 6]",64,6
295,2026-01-15T16:29:57.0,2026-01-17T22:07:42.531,"Any[60, 56, 45, 37, 30, 25, 19, 11, 6]",60,6
792,2026-01-15T16:30:11.0,2026-01-17T22:07:56.531,"Any[10, 19, 25, 30, 37, 45, 53]",10,53
80,2026-01-15T16:44:24.0,2026-01-10T22:22:09.531,"Any[60, 53, 45, 37, 30, 25, 19, 10]",60,10
614,2026-01-15T16:45:10.0,2026-01-17T22:22:55.531,"Any[8, 13, 19, 25, 30, 37, 45, 56]",8,56
1154,2026-01-15T16:45:10.0,2026-01-10T22:22:55.531,"Any[8, 13, 19, 25, 30, 37, 45, 56]",8,56
1596,2026-01-15T16:52:00.0,2026-01-10T22:29:45.531,Any[],10,64
1254,2026-01-15T17:04:06.0,2026-01-17T22:41:51.531,"Any[56, 45, 37, 30, 25, 19, 11, 6, 6, 1]",56,6
288,2026-01-15T17:26:22.0,2026-01-10T23:04:07.531,"Any[1, 6, 11, 19, 25, 30, 37, 45, 56, 60]",1,60
29,2026-01-15T17:26:46.913,2026-01-10T23:04:32.444,"Any[1, 6, 11, 19, 25, 30, 37, 45, 56]",1,56
448,2026-01-15T17:36:59.0,2026-01-10T23:14:44.531,"Any[10, 19, 25, 30, 37, 45, 53]",10,53
1215,2026-01-15T17:48:05.0,2026-01-17T23:25:50.531,"Any[8, 13, 19, 25, 30, 37, 45, 56]",8,56
1464,2026-01-15T17:53:31.0,2026-01-10T23:31:16.531,"Any[45, 37, 30, 25, 19, 10]",45,10
142,2026-01-15T17:58:25.0,2026-01-10T23:36:10.531,"Any[6, 11, 19, 25, 30, 37, 45]",6,45
725,2026-01-15T17:58:25.0,2026-01-10T23:36:10.531,"Any[6, 11, 19, 25, 30, 37, 45]",6,45
189,2026-01-15T17:58:29.305,2026-01-17T23:36:14.836,"Any[60, 56, 45, 37, 30, 25, 19, 11, 6]",60,6
686,2026-01-15T17:58:29.305,2026-01-10T23:36:14.836,"Any[60, 56, 45, 37, 30, 25, 19, 11, 6]",60,6
1235,2026-01-15T17:58:29.305,2026-01-17T23:36:14.836,"Any[60, 56, 45, 37, 30, 25, 19, 11, 6]",60,6
888,2026-01-15T17:59:04.0,2026-01-10T23:36:49.531,"Any[56, 45, 37, 30, 25, 19, 13, 8]",56,8
1248,2026-01-15T17:59:04.0,2026-01-17T23:36:49.531,"Any[56, 45, 37, 30, 25, 19, 13, 8]",56,8
47,2026-01-15T18:24:58.0,2026-01-11T00:02:43.531,"Any[62, 53, 45, 37, 30, 25, 19, 11, 6, 1]",62,1
797,2026-01-15T18:35:32.0,2026-01-18T00:13:17.531,"Any[56, 45, 37, 30, 25, 19, 13, 8]",56,8
933,2026-01-15T18:35:32.0,2026-01-11T00:13:17.531,"Any[56, 45, 37, 30, 25, 19, 13, 8]",56,8
120,2026-01-15T18:40:23.775,2026-01-18T00:18:09.306,"Any[56, 45, 37, 30, 25]",56,25
1042,2026-01-15T18:42:58.0,2026-01-18T00:20:43.531,"Any[56, 45, 37, 30, 25, 19, 11, 6]",56,6
1031,2026-01-15T18:51:06.0,2026-01-11T00:28:51.531,"Any[10, 19, 25, 30, 37, 45, 53]",10,53
439,2026-01-15T18:55:21.0,2026-01-18T00:33:06.531,"Any[7, 8, 13, 19, 25, 30, 37, 45, 53]",7,53
1348,2026-01-15T19:13:37.0,2026-01-11T00:51:22.531,"Any[56, 45, 37, 30, 25, 19]",56,19
720,2026-01-15T19:18:50.232,2026-01-11T00:56:35.763,"Any[1, 6, 11, 19, 25, 30, 37, 45, 53]",1,53
155,2026-01-15T20:13:59.0,2026-01-18T01:51:44.531,"Any[10, 11, 19, 25, 30, 37, 45, 53]",10,53
992,2026-01-15T20:13:59.0,2026-01-11T01:51:44.531,"Any[10, 11, 19, 25, 30, 37, 45, 53]",10,53
683,2026-01-15T20:17:50.0,2026-01-11T01:55:35.531,"Any[53, 45, 37, 30, 25, 19, 13, 8]",53,8
222,2026-01-15T20:38:14.0,2026-01-11T02:15:59.531,"Any[7, 8, 13, 19, 25, 30, 37, 45, 53]",7,53
777,2026-01-15T20:38:14.0,2026-01-11T02:15:59.531,"Any[7, 8, 13, 19, 25, 30, 37, 45, 53]",7,53
248,2026-01-15T20:41:14.0,2026-01-18T02:18:59.531,"Any[53, 45, 37, 30, 25, 19, 13, 8]",53,8
1114,2026-01-15T20:52:04.0,2026-01-18T02:29:49.531,"Any[6, 11, 19, 25, 30, 37, 45]",6,45
654,2026-01-15T20:57:34.0,2026-01-18T02:35:19.531,"Any[7, 8, 13, 19, 25, 30, 37, 45, 53]",7,53
1149,2026-01-15T20:57:34.0,2026-01-11T02:35:19.531,"Any[7, 8, 13, 19, 25, 30, 37, 45, 53]",7,53
812,2026-01-15T22:35:51.065,2026-01-11T04:13:36.596,"Any[53, 45, 37, 30, 25, 19, 13, 8]",53,8
1060,2026-01-15T22:35:51.065,2026-01-11T04:13:36.596,"Any[53, 45, 37, 30, 25, 19, 13, 8]",53,8
524,2026-01-15T22:46:25.0,2026-01-11T04:24:10.531,"Any[53, 45, 37, 30, 25]",53,25
385,2026-01-15T22:52:19.0,2026-01-18T04:30:04.531,"Any[60, 56, 45, 37, 30, 25, 19, 11, 6]",60,6
1271,2026-01-15T22:52:19.0,2026-01-18T04:30:04.531,"Any[60, 56, 45, 37, 30, 25, 19, 11, 6]",60,6
1317,2026-01-15T22:59:00.0,2026-01-18T04:36:45.531,Any[],60,17
1463,2026-01-15T23:00:00.0,2026-01-18T04:37:45.531,Any[],45,5
919,2026-01-15T23:00:08.0,2026-01-11T04:37:53.531,"Any[19, 25, 30, 37, 45, 56]",19,56
1335,2026-01-15T23:29:00.0,2026-01-18T05:06:45.531,Any[],60,7
1239,2026-01-15T23:35:12.952,2026-01-11T05:12:58.483,"Any[56, 45, 37, 30, 25, 19, 10]",56,10
90,2026-01-15T23:46:38.0,2026-01-11T05:24:23.531,"Any[53, 45, 37, 30, 25, 19, 13, 8]",53,8
1119,2026-01-15T23:53:53.467,2026-01-18T05:31:38.998,"Any[8, 13, 19, 25, 30, 37, 45, 56]",8,56
1593,2026-01-15T23:54:00.0,2026-01-18T05:31:45.531,Any[],10,64
111,2026-01-16T00:01:06.0,2026-01-18T05:38:51.531,"Any[1, 6, 11, 19, 23, 36, 44, 54, 60]",1,60
1086,2026-01-16T00:01:06.0,2026-01-11T05:38:51.531,"Any[1, 6, 11, 19, 23, 36, 44, 54, 60]",1,60
979,2026-01-16T00:18:04.0,2026-01-18T05:55:49.531,"Any[53, 45, 37, 30, 25, 19, 11, 6, 1]",53,1
832,2026-01-16T01:16:37.0,2026-01-18T06:54:22.531,"Any[8, 13, 19, 25, 30, 37, 45, 56]",8,56
423,2026-01-16T01:27:44.842,2026-01-11T07:05:30.373,"Any[53, 45, 37, 30, 25, 19, 11, 6, 1]",53,1
1442,2026-01-16T01:39:00.0,2026-01-11T07:16:45.531,Any[],45,7
1163,2026-01-16T03:03:56.912,2026-01-11T08:41:42.443,"Any[10, 19, 25, 30, 37, 45, 56]",10,56
944,2026-01-16T03:08:33.0,2026-01-11T08:46:18.531,"Any[53, 45, 37, 30, 25, 19, 11, 6, 1]",53,1
1309,2026-01-16T05:38:46.0,2026-01-11T11:16:31.531,"Any[53, 45, 37, 30, 25, 19, 10]",53,10
308,2026-01-16T06:13:01.0,2026-01-11T11:50:46.531,"Any[1, 6, 11, 19, 25, 30, 37, 45, 56]",1,56
1281,2026-01-16T06:27:21.0,2026-01-11T12:05:06.531,"Any[64, 60, 53, 45, 37, 30, 25, 19, 11, 6, 1]",64,1
1457,2026-01-16T06:35:00.0,2026-01-11T12:12:45.531,Any[],45,4
349,2026-01-16T06:48:36.0,2026-01-11T12:26:21.531,"Any[10, 19, 25, 30, 37, 45, 53]",10,53
798,2026-01-16T06:48:36.0,2026-01-18T12:26:21.531,"Any[10, 19, 25, 30, 37, 45, 53]",10,53
298,2026-01-16T06:51:04.0,2026-01-18T12:28:49.531,"Any[1, 6, 11, 16, 25, 30, 37, 45, 56]",1,56
969,2026-01-16T07:16:23.0,2026-01-18T12:54:08.531,"Any[53, 45, 37, 30, 25, 19, 10]",53,10
13,2026-01-16T07:18:12.767,2026-01-18T12:55:58.298,"Any[64, 56, 45, 37, 30, 25, 19, 11, 6]",64,6
823,2026-01-16T07:50:18.0,2026-01-11T13:28:03.531,"Any[14, 19, 25, 30, 37, 45, 53]",14,53
526,2026-01-16T08:08:21.619,2026-01-18T13:46:07.15,"Any[53, 45, 37, 30, 25, 19, 13, 8]",53,8
1600,2026-01-16T08:18:00.0,2026-01-11T13:55:45.531,Any[],10,64
1495,2026-01-16T08:41:57.0,2026-01-11T14:19:42.531,"Any[25, 30, 37, 45, 56, 60]",25,60
1503,2026-01-16T08:41:57.0,2026-01-11T14:19:42.531,"Any[25, 30, 37, 45, 56, 60]",25,60
1506,2026-01-16T08:41:57.0,2026-01-18T14:19:42.531,"Any[25, 30, 37, 45, 56, 60]",25,60
1515,2026-01-16T08:41:57.0,2026-01-11T14:19:42.531,"Any[25, 30, 37, 45, 56, 60]",25,60
1520,2026-01-16T08:41:57.0,2026-01-18T14:19:42.531,"Any[25, 30, 37, 45, 56, 60]",25,60
471,2026-01-16T08:47:03.0,2026-01-18T14:24:48.531,"Any[53, 45, 37, 30, 25, 19, 10]",53,10
1041,2026-01-16T09:05:09.0,2026-01-11T14:42:54.531,"Any[56, 45, 37, 30, 25]",56,25
1179,2026-01-16T09:05:09.0,2026-01-11T14:42:54.531,"Any[56, 45, 37, 30, 25]",56,25
609,2026-01-16T09:27:00.0,2026-01-11T15:04:45.531,"Any[10, 19, 25, 30, 37, 45, 53]",10,53
1005,2026-01-16T10:11:49.0,2026-01-11T15:49:34.531,"Any[53, 45, 37, 30, 25, 19, 10]",53,10
1108,2026-01-16T10:11:49.0,2026-01-11T15:49:34.531,"Any[53, 45, 37, 30, 25, 19, 10]",53,10
243,2026-01-16T10:17:32.0,2026-01-18T15:55:17.531,"Any[53, 45, 37, 30, 25, 19]",53,19
68,2026-01-16T10:31:04.0,2026-01-11T16:08:49.531,"Any[1, 6, 11, 19, 25, 30, 37, 45, 56]",1,56
1206,2026-01-16T10:31:04.0,2026-01-18T16:08:49.531,"Any[1, 6, 11, 19, 25, 30, 37, 45, 56]",1,56
287,2026-01-16T10:37:01.0,2026-01-11T16:14:46.531,"Any[53, 45, 37, 30, 25, 19, 10]",53,10
235,2026-01-16T10:49:57.0,2026-01-11T16:27:42.531,"Any[53, 45, 37, 30, 25, 19, 13, 8]",53,8
384,2026-01-16T10:49:57.0,2026-01-11T16:27:42.531,"Any[53, 45, 37, 30, 25, 19, 13, 8]",53,8
868,2026-01-16T10:51:57.0,2026-01-11T16:29:42.531,"Any[1, 6, 11, 19, 25, 30, 37, 45, 56]",1,56
836,2026-01-16T11:15:53.0,2026-01-18T16:53:38.531,"Any[60, 53, 45, 37, 30, 25, 19, 11, 6]",60,6
106,2026-01-16T11:16:46.0,2026-01-18T16:54:31.531,"Any[45, 37, 30, 25, 19]",45,19
762,2026-01-16T11:16:46.0,2026-01-18T16:54:31.531,"Any[45, 37, 30, 25, 19]",45,19
1297,2026-01-16T11:16:46.0,2026-01-11T16:54:31.531,"Any[45, 37, 30, 25, 19]",45,19
1401,2026-01-16T11:16:46.0,2026-01-18T16:54:31.531,"Any[45, 37, 30, 25, 19]",45,19
1404,2026-01-16T11:16:46.0,2026-01-11T16:54:31.531,"Any[45, 37, 30, 25, 19]",45,19
857,2026-01-16T11:24:58.0,2026-01-18T17:02:43.531,"Any[6, 11, 19, 25, 30, 37, 45]",6,45
853,2026-01-16T11:58:07.518,2026-01-11T17:35:53.049,"Any[6, 11, 19, 25, 30, 37, 45, 56]",6,56
1026,2026-01-16T12:16:39.888,2026-01-18T17:54:25.419,"Any[8, 13, 19, 25, 30, 37, 45, 56]",8,56
72,2026-01-16T12:16:55.0,2026-01-18T17:54:40.531,"Any[1, 6, 11, 19, 25, 30, 37, 45, 56, 60]",1,60
1548,2026-01-16T12:16:55.0,2026-01-18T17:54:40.531,"Any[1, 6, 11, 19, 25, 30, 37, 45, 56, 60]",1,60
577,2026-01-16T12:23:26.0,2026-01-18T18:01:11.531,"Any[56, 45, 37, 30, 25, 19, 13, 8]",56,8
339,2026-01-16T12:25:07.0,2026-01-18T18:02:52.531,"Any[53, 45, 37, 30, 25, 19]",53,19
433,2026-01-16T12:26:18.0,2026-01-18T18:04:03.531,"Any[25, 30, 37, 45, 56, 60]",25,60
1491,2026-01-16T12:26:18.0,2026-01-18T18:04:03.531,"Any[25, 30, 37, 45, 56, 60]",25,60
1493,2026-01-16T12:26:18.0,2026-01-11T18:04:03.531,"Any[25, 30, 37, 45, 56, 60]",25,60
1500,2026-01-16T12:26:18.0,2026-01-11T18:04:03.531,"Any[25, 30, 37, 45, 56, 60]",25,60
642,2026-01-16T12:52:49.0,2026-01-11T18:30:34.531,"Any[45, 37, 30, 25, 19, 10]",45,10
369,2026-01-16T13:06:30.0,2026-01-18T18:44:15.531,"Any[56, 45, 37, 30, 25, 19, 11, 6]",56,6
304,2026-01-16T13:09:21.0,2026-01-11T18:47:06.531,"Any[53, 45, 37, 30, 25, 19, 10]",53,10
23,2026-01-16T13:15:48.794,2026-01-11T18:53:34.325,"Any[10, 19, 25, 30, 37, 45, 53]",10,53
93,2026-01-16T13:30:59.439,2026-01-11T19:08:44.97,"Any[56, 45, 37, 30, 25, 19, 11, 6]",56,6
1035,2026-01-16T13:30:59.439,2026-01-11T19:08:44.97,"Any[56, 45, 37, 30, 25, 19, 11, 6]",56,6
378,2026-01-16T13:31:19.809,2026-01-11T19:09:05.34,"Any[56, 45, 37, 30, 25, 19, 11, 6]",56,6
818,2026-01-16T13:31:19.809,2026-01-11T19:09:05.34,"Any[56, 45, 37, 30, 25, 19, 11, 6]",56,6
830,2026-01-16T13:41:24.0,2026-01-11T19:19:09.531,"Any[45, 37, 30, 25, 19, 10]",45,10
959,2026-01-16T13:52:51.0,2026-01-18T19:30:36.531,"Any[56, 45, 37, 30, 25, 19, 11, 6]",56,6
893,2026-01-16T14:37:14.0,2026-01-18T20:14:59.531,"Any[54, 44, 36, 23, 19, 11, 6]",54,6
1312,2026-01-16T14:48:21.0,2026-01-18T20:26:06.531,"Any[64, 60, 56, 45, 37, 30, 25, 19, 11, 6]",64,6
432,2026-01-16T15:00:49.0,2026-01-11T20:38:34.531,"Any[53, 45, 37, 30, 25, 19, 10]",53,10
775,2026-01-16T15:32:35.0,2026-01-11T21:10:20.531,"Any[10, 19, 25, 30, 37, 45, 53]",10,53
1563,2026-01-16T15:33:15.838,2026-01-11T21:11:01.369,"Any[6, 11, 19, 25, 30, 37, 45, 53]",6,53
101,2026-01-16T15:40:26.0,2026-01-11T21:18:11.531,"Any[56, 45, 37, 30, 25]",56,25
1455,2026-01-16T15:43:00.0,2026-01-18T21:20:45.531,Any[],45,3
41,2026-01-16T15:51:32.0,2026-01-11T21:29:17.531,"Any[53, 45, 37, 30, 25, 19, 11, 6, 1]",53,1
1051,2026-01-16T15:51:32.0,2026-01-11T21:29:17.531,"Any[53, 45, 37, 30, 25, 19, 11, 6, 1]",53,1
1430,2026-01-16T15:54:00.0,2026-01-11T21:31:45.531,Any[],45,7
337,2026-01-16T16:03:08.0,2026-01-11T21:40:53.531,"Any[54, 44, 36, 23, 19, 11, 6]",54,6
935,2026-01-16T16:21:22.0,2026-01-11T21:59:07.531,"Any[56, 45, 37, 30, 25, 19, 11, 6]",56,6
39,2026-01-16T16:22:38.68,2026-01-11T22:00:24.211,"Any[6, 11, 19, 25, 30, 37, 45, 56]",6,56
672,2026-01-16T16:38:56.0,2026-01-11T22:16:41.531,"Any[10, 19, 25, 30, 37, 45, 53, 60]",10,60
1240,2026-01-16T16:41:52.0,2026-01-18T22:19:37.531,"Any[8, 13, 19, 25, 30, 37, 45, 53]",8,53
971,2026-01-16T16:54:29.0,2026-01-18T22:32:14.531,"Any[8, 13, 19, 25, 30, 37, 45, 53]",8,53
647,2026-01-16T17:17:15.0,2026-01-11T22:55:00.531,"Any[64, 53, 45, 37, 30, 25, 19, 11, 6, 1]",64,1
1040,2026-01-16T17:17:15.0,2026-01-11T22:55:00.531,"Any[64, 53, 45, 37, 30, 25, 19, 11, 6, 1]",64,1
1063,2026-01-16T17:17:52.0,2026-01-11T22:55:37.531,"Any[10, 19, 25, 30, 37, 45, 53]",10,53
1245,2026-01-16T17:17:52.0,2026-01-18T22:55:37.531,"Any[10, 19, 25, 30, 37, 45, 53]",10,53
949,2026-01-16T17:20:09.23,2026-01-18T22:57:54.761,"Any[45, 37, 30, 25, 19]",45,19
1088,2026-01-16T17:20:09.23,2026-01-11T22:57:54.761,"Any[45, 37, 30, 25, 19]",45,19
530,2026-01-16T17:40:11.0,2026-01-11T23:17:56.531,"Any[8, 13, 19, 25, 37, 45, 56]",8,56
763,2026-01-16T18:03:48.0,2026-01-18T23:41:33.531,"Any[8, 13, 19, 25, 30, 37, 45, 56]",8,56
799,2026-01-16T18:14:52.538,2026-01-18T23:52:38.069,"Any[56, 45, 37, 30, 25, 19, 13, 8]",56,8
848,2026-01-16T18:14:52.538,2026-01-18T23:52:38.069,"Any[56, 45, 37, 30, 25, 19, 13, 8]",56,8
719,2026-01-16T18:15:41.698,2026-01-18T23:53:27.229,"Any[56, 45, 37, 30, 25, 19, 13, 8]",56,8
496,2026-01-16T18:19:04.0,2026-01-18T23:56:49.531,"Any[8, 13, 19, 25, 30, 37, 45, 56]",8,56
274,2026-01-16T18:19:17.0,2026-01-11T23:57:02.531,"Any[64, 60, 53, 45, 37, 30, 25, 19, 13, 8]",64,8
982,2026-01-16T18:27:53.0,2026-01-12T00:05:38.531,"Any[60, 56, 45, 37, 30, 25, 19]",60,19
646,2026-01-16T18:33:30.0,2026-01-12T00:11:15.531,"Any[6, 11, 19, 25, 30, 37, 45]",6,45
584,2026-01-16T18:50:12.0,2026-01-19T00:27:57.531,"Any[60, 53, 45, 37, 30, 25, 19, 10]",60,10
948,2026-01-16T18:50:12.0,2026-01-19T00:27:57.531,"Any[60, 53, 45, 37, 30, 25, 19, 10]",60,10
483,2026-01-16T18:52:53.622,2026-01-12T00:30:39.153,"Any[56, 45, 37, 30, 25, 19, 13, 8]",56,8
1282,2026-01-16T18:55:38.0,2026-01-12T00:33:23.531,"Any[56, 45, 37, 30, 25, 19, 13, 8]",56,8
1220,2026-01-16T18:58:14.0,2026-01-12T00:35:59.531,"Any[19, 25, 30, 37, 45, 53]",19,53
1375,2026-01-16T19:18:00.0,2026-01-12T00:55:45.531,Any[],56,17
115,2026-01-16T19:37:27.0,2026-01-19T01:15:12.531,"Any[10, 19, 25, 30, 37, 45, 53]",10,53
36,2026-01-16T19:43:10.0,2026-01-19T01:20:55.531,"Any[53, 45, 37, 30, 25, 19, 13, 8]",53,8
1224,2026-01-16T19:43:10.0,2026-01-19T01:20:55.531,"Any[53, 45, 37, 30, 25, 19, 13, 8]",53,8
917,2026-01-16T19:44:16.0,2026-01-12T01:22:01.531,"Any[53, 45, 37, 30, 25, 19, 13, 8]",53,8
173,2026-01-16T19:46:09.0,2026-01-12T01:23:54.531,"Any[45, 37, 30, 25]",45,25
1095,2026-01-16T19:46:09.0,2026-01-12T01:23:54.531,"Any[45, 37, 30, 25]",45,25
472,2026-01-16T19:59:32.625,2026-01-12T01:37:18.156,"Any[56, 45, 37, 30, 25, 19, 13, 8]",56,8
1166,2026-01-16T19:59:32.625,2026-01-19T01:37:18.156,"Any[56, 45, 37, 30, 25, 19, 13, 8]",56,8
470,2026-01-16T20:03:07.557,2026-01-12T01:40:53.088,"Any[56, 45, 37, 30, 25, 19, 10]",56,10
730,2026-01-16T20:11:40.0,2026-01-19T01:49:25.531,"Any[53, 45, 37, 30, 25, 19, 10]",53,10
1143,2026-01-16T20:11:40.0,2026-01-19T01:49:25.531,"Any[53, 45, 37, 30, 25, 19, 10]",53,10
221,2026-01-16T20:35:40.0,2026-01-12T02:13:25.531,"Any[3, 10, 19, 25, 30, 37, 45, 53]",3,53
1141,2026-01-16T20:47:51.0,2026-01-19T02:25:36.531,"Any[10, 19, 25, 30, 37, 45, 53]",10,53
1,2026-01-16T21:09:40.513,2026-01-19T02:47:26.044,"Any[8, 13, 19, 25, 30, 37, 45, 56]",8,56
490,2026-01-16T21:26:28.0,2026-01-12T03:04:13.531,"Any[60, 53, 45, 37, 30, 25, 19, 11, 6, 1]",60,1
940,2026-01-16T21:32:36.0,2026-01-12T03:10:21.531,"Any[60, 56, 45, 37, 30, 25, 19, 11, 6]",60,6
889,2026-01-16T21:45:26.0,2026-01-12T03:23:11.531,"Any[1, 6, 11, 16, 25, 30, 37, 45, 56, 60]",1,60
187,2026-01-16T21:47:31.0,2026-01-12T03:25:16.531,"Any[7, 8, 13, 19, 25, 30, 37, 45, 53]",7,53
569,2026-01-16T22:12:22.0,2026-01-12T03:50:07.531,"Any[6, 11, 25, 30, 37, 45]",6,45
874,2026-01-16T22:12:22.0,2026-01-12T03:50:07.531,"Any[6, 11, 25, 30, 37, 45]",6,45
1093,2026-01-16T23:19:41.0,2026-01-12T04:57:26.531,"Any[45, 37, 30, 25]",45,25
406,2026-01-16T23:28:25.0,2026-01-12T05:06:10.531,"Any[53, 45, 37, 30, 25, 19, 10]",53,10
733,2026-01-16T23:28:25.0,2026-01-19T05:06:10.531,"Any[53, 45, 37, 30, 25, 19, 10]",53,10
915,2026-01-16T23:28:25.0,2026-01-12T05:06:10.531,"Any[53, 45, 37, 30, 25, 19, 10]",53,10
1318,2026-01-16T23:37:00.0,2026-01-19T05:14:45.531,Any[],60,17
488,2026-01-16T23:39:16.106,2026-01-12T05:17:01.637,"Any[53, 45, 37, 30, 25, 19, 10]",53,10
805,2026-01-16T23:39:16.106,2026-01-12T05:17:01.637,"Any[53, 45, 37, 30, 25, 19, 10]",53,10
945,2026-01-17T00:20:53.0,2026-01-12T05:58:38.531,"Any[1, 6, 11, 19, 25, 30, 37, 45, 53, 60]",1,60
247,2026-01-17T01:21:15.0,2026-01-19T06:59:00.531,"Any[1, 6, 11, 19, 25, 30, 37, 45, 53, 60]",1,60
1152,2026-01-17T01:34:51.0,2026-01-19T07:12:36.531,"Any[53, 45, 37, 30, 25]",53,25
125,2026-01-17T01:49:30.0,2026-01-19T07:27:15.531,"Any[53, 45, 37, 30, 25, 19, 11, 6, 1]",53,1
494,2026-01-17T03:52:22.0,2026-01-12T09:30:07.531,"Any[53, 45, 37, 30, 25, 19]",53,19
1128,2026-01-17T03:52:22.0,2026-01-19T09:30:07.531,"Any[53, 45, 37, 30, 25, 19]",53,19
1130,2026-01-17T03:52:22.0,2026-01-12T09:30:07.531,"Any[53, 45, 37, 30, 25, 19]",53,19
664,2026-01-17T04:51:10.0,2026-01-12T10:28:55.531,"Any[56, 45, 37, 30, 25]",56,25
417,2026-01-17T04:59:16.0,2026-01-12T10:37:01.531,"Any[60, 56, 45, 37, 30, 25, 19, 11, 6]",60,6
1164,2026-01-17T05:42:10.842,2026-01-19T11:19:56.373,"Any[16, 25, 30, 37, 45, 56, 60]",16,60
354,2026-01-17T06:22:40.0,2026-01-12T12:00:25.531,"Any[53, 45, 37, 30, 25, 19, 10]",53,10
1382,2026-01-17T06:26:00.0,2026-01-19T12:03:45.531,Any[],56,3
1342,2026-01-17T06:27:00.0,2026-01-12T12:04:45.531,Any[],60,7
1460,2026-01-17T07:32:00.0,2026-01-19T13:09:45.531,Any[],45,5
57,2026-01-17T07:50:28.0,2026-01-19T13:28:13.531,"Any[8, 13, 19, 25, 30, 37, 45, 53, 60, 64]",8,64
1014,2026-01-17T08:11:45.0,2026-01-12T13:49:30.531,"Any[53, 45, 37, 30, 25]",53,25
172,2026-01-17T08:22:59.0,2026-01-19T14:00:44.531,"Any[3, 10, 19, 25, 30, 37, 45, 53]",3,53
332,2026-01-17T08:38:37.0,2026-01-19T14:16:22.531,"Any[8, 13, 19, 25, 30, 37, 45, 56]",8,56
1000,2026-01-17T08:38:37.0,2026-01-12T14:16:22.531,"Any[8, 13, 19, 25, 30, 37, 45, 56]",8,56
286,2026-01-17T09:00:36.0,2026-01-12T14:38:21.531,"Any[53, 45, 37, 30, 25, 19, 11, 6, 1]",53,1
723,2026-01-17T09:00:36.0,2026-01-12T14:38:21.531,"Any[53, 45, 37, 30, 25, 19, 11, 6, 1]",53,1
809,2026-01-17T09:47:56.0,2026-01-12T15:25:41.531,"Any[1, 6, 11, 19, 25, 30, 37, 45, 56]",1,56
1194,2026-01-17T09:48:06.0,2026-01-12T15:25:51.531,"Any[56, 45, 37, 30, 25, 19, 11, 6]",56,6
422,2026-01-17T10:49:04.0,2026-01-12T16:26:49.531,"Any[8, 13, 19, 25, 30, 37, 45, 56]",8,56
632,2026-01-17T10:49:04.0,2026-01-19T16:26:49.531,"Any[8, 13, 19, 25, 30, 37, 45, 56]",8,56
389,2026-01-17T11:08:33.027,2026-01-19T16:46:18.558,"Any[62, 45, 37, 30, 25, 19]",62,19
740,2026-01-17T11:08:33.027,2026-01-19T16:46:18.558,"Any[62, 45, 37, 30, 25, 19]",62,19
1324,2026-01-17T11:11:00.0,2026-01-19T16:48:45.531,Any[],60,16
336,2026-01-17T11:18:38.0,2026-01-19T16:56:23.531,"Any[53, 45, 37, 30, 25, 19, 10]",53,10
420,2026-01-17T11:18:38.0,2026-01-12T16:56:23.531,"Any[53, 45, 37, 30, 25, 19, 10]",53,10
910,2026-01-17T11:18:38.0,2026-01-12T16:56:23.531,"Any[53, 45, 37, 30, 25, 19, 10]",53,10
993,2026-01-17T11:18:38.0,2026-01-12T16:56:23.531,"Any[53, 45, 37, 30, 25, 19, 10]",53,10
1018,2026-01-17T11:30:39.0,2026-01-12T17:08:24.531,"Any[6, 11, 19, 25, 30, 37, 45, 56]",6,56
450,2026-01-17T12:04:48.0,2026-01-19T17:42:33.531,"Any[53, 45, 37, 30, 25, 19, 10]",53,10
1334,2026-01-17T12:11:00.0,2026-01-12T17:48:45.531,Any[],60,7
1377,2026-01-17T12:49:00.0,2026-01-12T18:26:45.531,Any[],56,13
226,2026-01-17T12:52:54.0,2026-01-19T18:30:39.531,"Any[6, 11, 19, 25, 30, 37, 45]",6,45
1050,2026-01-17T13:10:57.0,2026-01-12T18:48:42.531,"Any[10, 19, 25, 30, 37, 45, 53]",10,53
26,2026-01-17T13:20:43.874,2026-01-19T18:58:29.405,"Any[53, 45, 37, 30, 25, 19, 13, 8]",53,8
903,2026-01-17T13:20:47.0,2026-01-19T18:58:32.531,"Any[56, 45, 37, 30, 25, 19, 11, 6]",56,6
205,2026-01-17T13:21:28.0,2026-01-19T18:59:13.531,"Any[8, 13, 19, 25, 30, 37, 45, 53]",8,53
882,2026-01-17T13:22:06.0,2026-01-12T18:59:51.531,"Any[5, 10, 19, 25, 30, 37, 45, 53]",5,53
1592,2026-01-17T13:26:00.0,2026-01-12T19:03:45.531,Any[],10,64
715,2026-01-17T13:32:45.0,2026-01-12T19:10:30.531,"Any[6, 11, 19, 25, 30, 37, 45]",6,45
1273,2026-01-17T13:32:45.0,2026-01-19T19:10:30.531,"Any[6, 11, 19, 25, 30, 37, 45]",6,45
1398,2026-01-17T13:48:30.0,2026-01-19T19:26:15.531,"Any[56, 45, 37, 30, 25, 19, 10]",56,10
466,2026-01-17T14:24:18.0,2026-01-19T20:02:03.531,"Any[19, 25, 30, 37, 45, 53, 60]",19,60
360,2026-01-17T14:33:38.0,2026-01-12T20:11:23.531,"Any[56, 45, 37, 30, 25, 19, 11, 6]",56,6
846,2026-01-17T14:44:08.0,2026-01-12T20:21:53.531,"Any[7, 8, 13, 19, 25, 30, 37, 45, 53]",7,53
501,2026-01-17T14:44:45.0,2026-01-19T20:22:30.531,"Any[13, 19, 25, 30, 37, 45, 56]",13,56
1017,2026-01-17T15:08:57.0,2026-01-19T20:46:42.531,"Any[56, 45, 37, 30, 25, 19, 13, 8]",56,8
1411,2026-01-17T15:11:23.329,2026-01-19T20:49:08.86,"Any[45, 37, 30, 25, 19, 13, 8]",45,8
1415,2026-01-17T15:11:23.329,2026-01-12T20:49:08.86,"Any[45, 37, 30, 25, 19, 13, 8]",45,8
1177,2026-01-17T15:15:07.066,2026-01-12T20:52:52.597,"Any[64, 60, 53, 45, 37, 30, 25, 19, 13, 8]",64,8
687,2026-01-17T15:28:00.539,2026-01-19T21:05:46.07,"Any[1, 6, 11, 16, 25, 30, 37, 45, 56]",1,56
1033,2026-01-17T15:30:00.0,2026-01-12T21:07:45.531,"Any[16, 19, 25, 30, 37, 45, 53]",16,53
444,2026-01-17T15:35:15.0,2026-01-12T21:13:00.531,"Any[6, 11, 19, 25, 30, 37, 45]",6,45
1047,2026-01-17T15:36:06.0,2026-01-12T21:13:51.531,"Any[6, 11, 19, 25, 30, 37, 45, 56]",6,56
626,2026-01-17T16:14:11.0,2026-01-19T21:51:56.531,"Any[6, 11, 19, 25, 30, 37, 45]",6,45
667,2026-01-17T16:15:39.0,2026-01-12T21:53:24.531,"Any[6, 11, 19, 25, 30, 37, 45]",6,45
1538,2026-01-17T16:21:00.0,2026-01-19T21:58:45.531,Any[],20,54
1199,2026-01-17T16:49:34.0,2026-01-19T22:27:19.531,"Any[53, 45, 37, 30, 25]",53,25
1574,2026-01-17T16:57:00.0,2026-01-12T22:34:45.531,Any[],10,64
518,2026-01-17T17:09:17.0,2026-01-19T22:47:02.531,"Any[6, 11, 19, 25, 30, 37, 45, 56]",6,56
844,2026-01-17T17:09:17.0,2026-01-12T22:47:02.531,"Any[6, 11, 19, 25, 30, 37, 45, 56]",6,56
161,2026-01-17T17:13:37.0,2026-01-12T22:51:22.531,"Any[60, 53, 45, 37, 30, 25, 19, 13, 8]",60,8
405,2026-01-17T17:19:05.0,2026-01-12T22:56:50.531,"Any[7, 8, 13, 19, 25, 30, 37, 45, 53]",7,53
456,2026-01-17T17:19:05.0,2026-01-19T22:56:50.531,"Any[7, 8, 13, 19, 25, 30, 37, 45, 53]",7,53
1069,2026-01-17T17:19:05.0,2026-01-19T22:56:50.531,"Any[7, 8, 13, 19, 25, 30, 37, 45, 53]",7,53
44,2026-01-17T17:20:34.0,2026-01-19T22:58:19.531,"Any[56, 45, 37, 30, 25]",56,25
1566,2026-01-17T17:55:00.0,2026-01-19T23:32:45.531,Any[],10,64
1355,2026-01-17T18:01:46.0,2026-01-12T23:39:31.531,"Any[56, 45, 37, 30, 25, 19]",56,19
154,2026-01-17T18:04:35.764,2026-01-19T23:42:21.295,"Any[1, 6, 11, 19, 25, 30, 37, 45, 56]",1,56
806,2026-01-17T18:22:32.0,2026-01-13T00:00:17.531,"Any[56, 45, 37, 30, 25, 19]",56,19
1351,2026-01-17T18:22:32.0,2026-01-20T00:00:17.531,"Any[56, 45, 37, 30, 25, 19]",56,19
322,2026-01-17T18:32:54.0,2026-01-13T00:10:39.531,"Any[56, 45, 37, 30, 25, 19]",56,19
1352,2026-01-17T18:32:54.0,2026-01-20T00:10:39.531,"Any[56, 45, 37, 30, 25, 19]",56,19
1361,2026-01-17T18:32:54.0,2026-01-13T00:10:39.531,"Any[56, 45, 37, 30, 25, 19]",56,19
737,2026-01-17T18:35:00.0,2026-01-13T00:12:45.531,"Any[56, 45, 37, 30, 25, 19]",56,19
578,2026-01-17T18:43:38.0,2026-01-20T00:21:23.531,"Any[56, 45, 37, 30, 25]",56,25
662,2026-01-17T18:43:38.0,2026-01-13T00:21:23.531,"Any[56, 45, 37, 30, 25]",56,25
1565,2026-01-17T19:12:00.0,2026-01-20T00:49:45.531,Any[],10,64
1595,2026-01-17T19:28:00.0,2026-01-13T01:05:45.531,Any[],10,64
597,2026-01-17T19:29:47.0,2026-01-20T01:07:32.531,"Any[1, 6, 11, 19, 25, 30, 37, 45, 53]",1,53
170,2026-01-17T20:02:17.0,2026-01-13T01:40:02.531,"Any[8, 13, 19, 25, 30, 37, 45, 56]",8,56
974,2026-01-17T20:02:17.0,2026-01-13T01:40:02.531,"Any[8, 13, 19, 25, 30, 37, 45, 56]",8,56
3,2026-01-17T20:05:13.0,2026-01-20T01:42:58.531,"Any[53, 45, 37, 30, 25, 19, 13, 8]",53,8
451,2026-01-17T20:05:13.0,2026-01-20T01:42:58.531,"Any[53, 45, 37, 30, 25, 19, 13, 8]",53,8
190,2026-01-17T20:14:27.0,2026-01-13T01:52:12.531,"Any[10, 19, 25, 30, 37, 45, 53]",10,53
33,2026-01-17T20:18:04.0,2026-01-13T01:55:49.531,"Any[3, 10, 19, 25, 30, 37, 45, 53]",3,53
348,2026-01-17T20:31:48.0,2026-01-20T02:09:33.531,"Any[1, 6, 11, 19, 25, 30, 37, 45, 56]",1,56
705,2026-01-17T20:31:48.0,2026-01-20T02:09:33.531,"Any[1, 6, 11, 19, 25, 30, 37, 45, 56]",1,56
955,2026-01-17T20:37:22.0,2026-01-13T02:15:07.531,"Any[53, 45, 37, 30, 25, 19, 11, 6, 1]",53,1
617,2026-01-17T20:48:21.0,2026-01-20T02:26:06.531,"Any[1, 6, 11, 19, 25, 30, 37, 45, 56]",1,56
634,2026-01-17T21:01:58.626,2026-01-20T02:39:44.157,"Any[8, 13, 19, 25, 30, 37, 45, 56]",8,56
180,2026-01-17T21:05:46.386,2026-01-20T02:43:31.917,"Any[60, 56, 45, 37, 30, 25, 19, 11, 6]",60,6
1447,2026-01-17T21:52:00.0,2026-01-13T03:29:45.531,Any[],45,3
658,2026-01-17T22:00:58.0,2026-01-13T03:38:43.531,"Any[10, 11, 19, 25, 30, 37, 45, 53]",10,53
877,2026-01-17T22:02:50.0,2026-01-20T03:40:35.531,"Any[10, 19, 25, 30, 37, 45, 53, 60]",10,60
303,2026-01-17T22:06:55.0,2026-01-20T03:44:40.531,"Any[10, 19, 25, 30, 37, 45, 53]",10,53
1156,2026-01-17T22:16:35.0,2026-01-13T03:54:20.531,"Any[8, 13, 19, 25, 30, 37, 45, 56]",8,56
1052,2026-01-17T22:18:50.0,2026-01-20T03:56:35.531,"Any[8, 13, 19, 25, 30, 37, 45, 56]",8,56
568,2026-01-17T22:28:13.0,2026-01-13T04:05:58.531,"Any[53, 45, 37, 30, 25, 19, 10]",53,10
927,2026-01-17T23:00:14.0,2026-01-20T04:37:59.531,"Any[53, 45, 37, 30, 25, 19, 11, 6, 1]",53,1
866,2026-01-17T23:07:37.0,2026-01-13T04:45:22.531,"Any[25, 30, 37, 45, 56]",25,56
1009,2026-01-17T23:30:35.0,2026-01-13T05:08:20.531,"Any[25, 30, 37, 45, 56]",25,56
957,2026-01-17T23:56:38.0,2026-01-20T05:34:23.531,"Any[19, 25, 30, 37, 45, 53]",19,53
391,2026-01-18T00:25:53.0,2026-01-13T06:03:38.531,"Any[7, 8, 13, 19, 25, 30, 37, 45, 53]",7,53
397,2026-01-18T02:03:23.0,2026-01-13T07:41:08.531,"Any[8, 13, 19, 25, 30, 37, 45, 53]",8,53
253,2026-01-18T02:39:24.0,2026-01-13T08:17:09.531,"Any[64, 60, 53, 45, 37, 30, 25, 19, 13, 8]",64,8
1294,2026-01-18T02:39:24.0,2026-01-13T08:17:09.531,"Any[64, 60, 53, 45, 37, 30, 25, 19, 13, 8]",64,8
227,2026-01-18T02:40:11.0,2026-01-20T08:17:56.531,"Any[64, 60, 56, 45, 37, 30, 25, 19, 11, 6]",64,6
735,2026-01-18T02:40:11.0,2026-01-13T08:17:56.531,"Any[64, 60, 56, 45, 37, 30, 25, 19, 11, 6]",64,6
881,2026-01-18T02:40:11.0,2026-01-13T08:17:56.531,"Any[64, 60, 56, 45, 37, 30, 25, 19, 11, 6]",64,6
1431,2026-01-18T03:26:00.0,2026-01-20T09:03:45.531,Any[],45,7
333,2026-01-18T04:05:18.859,2026-01-13T09:43:04.39,"Any[53, 45, 37, 30, 25]",53,25
1131,2026-01-18T04:06:13.0,2026-01-20T09:43:58.531,"Any[19, 25, 30, 37, 45, 53]",19,53
38,2026-01-18T05:25:14.062,2026-01-13T11:02:59.593,"Any[1, 6, 10, 19, 23, 36, 44, 54, 60]",1,60
1553,2026-01-18T05:25:14.062,2026-01-13T11:02:59.593,"Any[1, 6, 10, 19, 23, 36, 44, 54, 60]",1,60
116,2026-01-18T05:49:45.0,2026-01-13T11:27:30.531,"Any[17, 25, 30, 37, 45, 53]",17,53
913,2026-01-18T05:49:45.0,2026-01-20T11:27:30.531,"Any[17, 25, 30, 37, 45, 53]",17,53
1308,2026-01-18T05:49:45.0,2026-01-20T11:27:30.531,"Any[17, 25, 30, 37, 45, 53]",17,53
1313,2026-01-18T06:07:00.0,2026-01-13T11:44:45.531,Any[],60,17
1330,2026-01-18T06:39:00.0,2026-01-13T12:16:45.531,Any[],60,16
395,2026-01-18T07:16:55.0,2026-01-20T12:54:40.531,"Any[53, 45, 37, 30, 25, 19, 13, 8]",53,8
876,2026-01-18T07:16:55.0,2026-01-13T12:54:40.531,"Any[53, 45, 37, 30, 25, 19, 13, 8]",53,8
966,2026-01-18T07:20:06.0,2026-01-20T12:57:51.531,"Any[60, 53, 45, 37, 30, 25, 19, 11, 6, 1]",60,1
755,2026-01-18T07:32:51.0,2026-01-13T13:10:36.531,"Any[3, 10, 19, 25, 30, 37, 45, 53]",3,53
1187,2026-01-18T07:32:51.0,2026-01-20T13:10:36.531,"Any[3, 10, 19, 25, 30, 37, 45, 53]",3,53
438,2026-01-18T07:42:48.117,2026-01-20T13:20:33.648,"Any[56, 45, 37, 30, 25, 19]",56,19
1369,2026-01-18T07:42:48.117,2026-01-20T13:20:33.648,"Any[56, 45, 37, 30, 25, 19]",56,19
544,2026-01-18T07:45:44.0,2026-01-13T13:23:29.531,"Any[53, 45, 37, 30, 25, 19, 13, 8]",53,8
785,2026-01-18T07:55:19.0,2026-01-20T13:33:04.531,"Any[45, 37, 30, 25]",45,25
263,2026-01-18T09:08:40.0,2026-01-13T14:46:25.531,"Any[53, 45, 37, 30, 25, 19, 10]",53,10
695,2026-01-18T09:38:45.0,2026-01-20T15:16:30.531,"Any[56, 45, 37, 30, 25, 19, 20]",56,20
956,2026-01-18T09:38:45.0,2026-01-20T15:16:30.531,"Any[56, 45, 37, 30, 25, 19, 20]",56,20
532,2026-01-18T10:43:13.0,2026-01-13T16:20:58.531,"Any[10, 19, 25, 30, 37, 45, 53]",10,53
492,2026-01-18T10:51:46.637,2026-01-20T16:29:32.168,"Any[25, 30, 37, 45, 56, 60]",25,60
1505,2026-01-18T10:51:46.637,2026-01-13T16:29:32.168,"Any[25, 30, 37, 45, 56, 60]",25,60
939,2026-01-18T11:45:41.0,2026-01-20T17:23:26.531,"Any[53, 45, 37, 30, 25, 19, 13, 8]",53,8
1337,2026-01-18T11:50:00.0,2026-01-13T17:27:45.531,Any[],60,7
921,2026-01-18T11:52:41.0,2026-01-13T17:30:26.531,"Any[56, 45, 37, 30, 25]",56,25
1061,2026-01-18T12:34:09.0,2026-01-13T18:11:54.531,"Any[56, 45, 37, 30, 25]",56,25
656,2026-01-18T12:44:33.0,2026-01-13T18:22:18.531,"Any[64, 60, 56, 45, 37, 30, 25, 19, 11, 6, 1]",64,1
1139,2026-01-18T12:52:22.0,2026-01-20T18:30:07.531,"Any[56, 45, 37, 30, 25, 19, 13, 8]",56,8
409,2026-01-18T12:59:31.0,2026-01-20T18:37:16.531,"Any[3, 10, 19, 25, 30, 37, 45, 53]",3,53
1030,2026-01-18T12:59:31.0,2026-01-20T18:37:16.531,"Any[3, 10, 19, 25, 30, 37, 45, 53]",3,53
1134,2026-01-18T12:59:31.0,2026-01-13T18:37:16.531,"Any[3, 10, 19, 25, 30, 37, 45, 53]",3,53
328,2026-01-18T13:10:15.0,2026-01-13T18:48:00.531,"Any[7, 8, 13, 19, 25, 30, 37, 45, 53]",7,53
1438,2026-01-18T13:18:00.0,2026-01-20T18:55:45.531,Any[],45,7
1225,2026-01-18T13:23:19.0,2026-01-20T19:01:04.531,"Any[54, 44, 36, 23, 19, 11, 6, 6]",54,6
731,2026-01-18T13:59:40.0,2026-01-20T19:37:25.531,"Any[1, 6, 11, 19, 25, 30, 37, 45, 56, 60]",1,60
892,2026-01-18T14:03:02.0,2026-01-20T19:40:47.531,"Any[8, 13, 19, 25, 30, 37, 45, 56]",8,56
1204,2026-01-18T14:09:42.0,2026-01-13T19:47:27.531,"Any[3, 10, 19, 25, 30, 37, 45, 53, 60]",3,60
379,2026-01-18T14:10:52.0,2026-01-13T19:48:37.531,"Any[25, 30, 37, 45]",25,45
1340,2026-01-18T14:42:00.0,2026-01-20T20:19:45.531,Any[],60,7
653,2026-01-18T15:09:19.0,2026-01-20T20:47:04.531,"Any[53, 45, 37, 30, 25, 19, 10]",53,10
425,2026-01-18T15:14:17.092,2026-01-20T20:52:02.623,"Any[56, 45, 37, 30, 25, 19, 13, 8]",56,8
179,2026-01-18T15:27:47.108,2026-01-13T21:05:32.639,"Any[60, 56, 45, 37, 30, 25, 19]",60,19
1211,2026-01-18T15:27:47.108,2026-01-13T21:05:32.639,"Any[60, 56, 45, 37, 30, 25, 19]",60,19
468,2026-01-18T16:13:08.0,2026-01-20T21:50:53.531,"Any[6, 11, 19, 30, 37, 45, 56]",6,56
1162,2026-01-18T16:17:09.0,2026-01-20T21:54:54.531,"Any[19, 25, 30, 37, 45, 53, 60]",19,60
560,2026-01-18T16:58:40.0,2026-01-20T22:36:25.531,"Any[53, 45, 37, 30, 25, 19, 10]",53,10
1310,2026-01-18T16:58:40.0,2026-01-13T22:36:25.531,"Any[53, 45, 37, 30, 25, 19, 10]",53,10
87,2026-01-18T17:25:15.0,2026-01-20T23:03:00.531,"Any[10, 19, 25, 30, 37, 45, 53]",10,53
1209,2026-01-18T17:25:15.0,2026-01-13T23:03:00.531,"Any[10, 19, 25, 30, 37, 45, 53]",10,53
706,2026-01-18T17:37:01.0,2026-01-13T23:14:46.531,"Any[56, 45, 37, 30, 25]",56,25
843,2026-01-18T17:54:05.0,2026-01-20T23:31:50.531,"Any[8, 13, 19, 25, 30, 37, 45, 53]",8,53
1575,2026-01-18T18:46:00.0,2026-01-14T00:23:45.531,Any[],10,64
218,2026-01-18T19:07:22.0,2026-01-14T00:45:07.531,"Any[10, 19, 30, 37, 45, 53]",10,53
860,2026-01-18T19:16:20.0,2026-01-21T00:54:05.531,"Any[10, 19, 25, 30, 37, 45, 53]",10,53
196,2026-01-18T19:30:18.0,2026-01-21T01:08:03.531,"Any[60, 56, 45, 37, 30, 25, 19, 11, 6]",60,6
126,2026-01-18T19:47:45.023,2026-01-21T01:25:30.554,"Any[53, 45, 37, 30, 25, 19, 10]",53,10
374,2026-01-18T19:55:51.0,2026-01-21T01:33:36.531,"Any[53, 45, 37, 30, 25, 19, 10]",53,10
628,2026-01-18T19:55:51.0,2026-01-21T01:33:36.531,"Any[53, 45, 37, 30, 25, 19, 10]",53,10
1437,2026-01-18T20:21:00.0,2026-01-21T01:58:45.531,Any[],45,7
1180,2026-01-18T20:24:20.0,2026-01-21T02:02:05.531,"Any[56, 45, 37, 30, 25, 19, 11, 6, 1, 1]",56,1
605,2026-01-18T20:24:48.0,2026-01-21T02:02:33.531,"Any[8, 13, 19, 25, 30, 37, 45, 53]",8,53
1241,2026-01-18T20:24:48.0,2026-01-21T02:02:33.531,"Any[8, 13, 19, 25, 30, 37, 45, 53]",8,53
283,2026-01-18T20:29:17.0,2026-01-14T02:07:02.531,"Any[53, 45, 37, 30, 25, 19, 10]",53,10
1055,2026-01-18T21:03:16.024,2026-01-14T02:41:01.555,"Any[56, 45, 37, 30, 25, 19, 11, 6]",56,6
427,2026-01-18T21:48:50.472,2026-01-21T03:26:36.003,"Any[2, 9, 21, 27, 31, 36, 45, 55]",2,55
1264,2026-01-18T21:48:50.472,2026-01-21T03:26:36.003,"Any[2, 9, 21, 27, 31, 36, 45, 55]",2,55
691,2026-01-18T21:50:49.0,2026-01-21T03:28:34.531,"Any[53, 45, 37, 30, 25]",53,25
1068,2026-01-18T22:01:26.941,2026-01-14T03:39:12.472,"Any[60, 56, 45, 37, 30, 25, 19]",60,19
644,2026-01-18T22:10:31.509,2026-01-14T03:48:17.04,"Any[53, 45, 37, 30, 25, 19, 10]",53,10
318,2026-01-18T22:22:29.752,2026-01-14T04:00:15.283,"Any[60, 56, 45, 37, 30, 25, 19, 13, 8]",60,8
549,2026-01-18T22:22:29.752,2026-01-14T04:00:15.283,"Any[60, 56, 45, 37, 30, 25, 19, 13, 8]",60,8
930,2026-01-18T22:41:36.259,2026-01-14T04:19:21.79,"Any[56, 45, 37, 30, 25, 19, 11, 6]",56,6
618,2026-01-18T22:59:33.018,2026-01-14T04:37:18.549,"Any[60, 56, 45, 37, 30, 25, 19, 11, 6]",60,6
774,2026-01-18T23:08:02.0,2026-01-21T04:45:47.531,"Any[8, 13, 19, 25, 30, 37, 45, 56]",8,56
850,2026-01-18T23:08:02.0,2026-01-21T04:45:47.531,"Any[8, 13, 19, 25, 30, 37, 45, 56]",8,56
1066,2026-01-18T23:34:15.0,2026-01-14T05:12:00.531,"Any[56, 45, 37, 30, 25, 19, 11, 6]",56,6
817,2026-01-18T23:59:43.0,2026-01-21T05:37:28.531,"Any[53, 45, 37, 30, 25, 19, 10]",53,10
