id,departure_timestamp,arrival_timestamp,ps_seq,Origin_PS,Destination_PS
79,2026-01-19T00:05:56.0,2026-01-28T05:43:41.531,"Any[53, 45, 37, 30, 25, 19, 11, 6, 1]",53,1
1038,2026-01-19T00:05:56.0,2026-01-21T05:43:41.531,"Any[53, 45, 37, 30, 25, 19, 11, 6, 1]",53,1
684,2026-01-19T00:17:12.0,2026-01-28T05:54:57.531,"Any[1, 6, 11, 19, 25, 30, 37, 45, 53, 60]",1,60
762,2026-01-19T00:17:12.0,2026-01-28T05:54:57.531,"Any[1, 6, 11, 19, 25, 30, 37, 45, 53, 60]",1,60
1194,2026-01-19T00:17:12.0,2026-01-21T05:54:57.531,"Any[1, 6, 11, 19, 25, 30, 37, 45, 53, 60]",1,60
1228,2026-01-19T00:21:33.0,2026-01-21T05:59:18.531,"Any[25, 30, 37, 45, 53, 60]",25,60
117,2026-01-19T00:34:51.0,2026-01-21T06:12:36.531,"Any[53, 45, 37, 30, 25, 19, 11, 6, 1]",53,1
13,2026-01-19T00:55:57.0,2026-01-28T06:33:42.531,"Any[53, 45, 37, 30, 25, 19, 11, 6, 1]",53,1
1091,2026-01-19T01:25:26.0,2026-01-28T07:03:11.531,"Any[17, 19, 17, 25, 30, 37, 45, 53]",17,53
955,2026-01-19T01:30:43.0,2026-01-21T07:08:28.531,"Any[19, 25, 30, 37, 45]",19,45
820,2026-01-19T01:38:03.0,2026-01-28T07:15:48.531,"Any[53, 45, 37, 30, 25, 17, 11, 6, 1]",53,1
1367,2026-01-19T01:38:03.0,2026-01-21T07:15:48.531,"Any[53, 45, 37, 30, 25, 17, 11, 6, 1]",53,1
161,2026-01-19T01:44:13.0,2026-01-21T07:21:58.531,"Any[53, 45, 37, 30, 25, 19, 11, 6, 1]",53,1
560,2026-01-19T02:44:52.0,2026-01-28T08:22:37.531,"Any[64, 53, 45, 37, 30, 25, 19, 10]",64,10
487,2026-01-19T04:17:56.742,2026-01-28T09:55:42.273,"Any[53, 45, 37, 30, 25, 19, 10]",53,10
1076,2026-01-19T04:24:57.0,2026-01-21T10:02:42.531,"Any[53, 45, 37, 30, 25, 19, 11, 6, 1]",53,1
768,2026-01-19T05:54:32.0,2026-01-28T11:32:17.531,"Any[53, 45, 37, 30, 25]",53,25
507,2026-01-19T06:28:25.0,2026-01-21T12:06:10.531,"Any[16, 25, 30, 37, 45, 53]",16,53
527,2026-01-19T06:59:16.0,2026-01-28T12:37:01.531,"Any[64, 60, 53, 45, 37, 30, 25, 19, 10]",64,10
1267,2026-01-19T06:59:16.0,2026-01-21T12:37:01.531,"Any[64, 60, 53, 45, 37, 30, 25, 19, 10]",64,10
599,2026-01-19T07:18:59.0,2026-01-21T12:56:44.531,"Any[8, 13, 19, 25, 30, 37, 45, 56]",8,56
1475,2026-01-19T07:18:59.0,2026-01-21T12:56:44.531,"Any[8, 13, 19, 25, 30, 37, 45, 56]",8,56
1486,2026-01-19T07:18:59.0,2026-01-21T12:56:44.531,"Any[8, 13, 19, 25, 30, 37, 45, 56]",8,56
1509,2026-01-19T07:18:59.0,2026-01-21T12:56:44.531,"Any[8, 13, 19, 25, 30, 37, 45, 56]",8,56
1528,2026-01-19T08:49:10.0,2026-01-28T14:26:55.531,"Any[1, 6, 11, 19, 25, 30, 37, 45, 53, 60]",1,60
1467,2026-01-19T08:52:38.0,2026-01-21T14:30:23.531,"Any[19, 25, 30, 37, 45, 56]",19,56
255,2026-01-19T09:16:37.0,2026-01-28T14:54:22.531,"Any[56, 45, 37, 30, 25]",56,25
71,2026-01-19T09:45:24.0,2026-01-21T15:23:09.531,"Any[3, 6, 11, 19, 25, 30, 37, 45]",3,45
176,2026-01-19T10:08:46.0,2026-01-28T15:46:31.531,"Any[60, 56, 45, 37, 30, 25, 19]",60,19
790,2026-01-19T11:44:49.0,2026-01-21T17:22:34.531,"Any[3, 6, 11, 16, 25, 30, 37, 45]",3,45
928,2026-01-19T11:44:49.0,2026-01-21T17:22:34.531,"Any[3, 6, 11, 16, 25, 30, 37, 45]",3,45
571,2026-01-19T11:52:06.0,2026-01-28T17:29:51.531,"Any[53, 45, 37, 30, 25]",53,25
541,2026-01-19T12:24:59.0,2026-01-28T18:02:44.531,"Any[56, 45, 37, 30, 25]",56,25
1268,2026-01-19T13:03:36.0,2026-01-21T18:41:21.531,"Any[8, 13, 19, 25, 30, 37, 45]",8,45
17,2026-01-19T13:27:28.0,2026-01-21T19:05:13.531,"Any[6, 11, 16, 25, 30, 37, 45, 56]",6,56
197,2026-01-19T13:32:16.0,2026-01-21T19:10:01.531,"Any[62, 45, 37, 30, 25, 19, 13, 8]",62,8
1318,2026-01-19T13:32:16.0,2026-01-21T19:10:01.531,"Any[62, 45, 37, 30, 25, 19, 13, 8]",62,8
425,2026-01-19T13:33:03.0,2026-01-28T19:10:48.531,"Any[45, 37, 30, 25]",45,25
519,2026-01-19T14:01:59.0,2026-01-28T19:39:44.531,"Any[6, 11, 16, 25, 30, 37, 45]",6,45
1185,2026-01-19T14:12:03.0,2026-01-21T19:49:48.531,"Any[7, 8, 13, 19, 25, 30, 37, 45, 56]",7,56
630,2026-01-19T14:32:33.0,2026-01-28T20:10:18.531,"Any[19, 25, 30, 37, 45]",19,45
1045,2026-01-19T14:32:33.0,2026-01-28T20:10:18.531,"Any[19, 25, 30, 37, 45]",19,45
1046,2026-01-19T14:45:23.0,2026-01-21T20:23:08.531,"Any[53, 45, 37, 30, 25, 19, 10]",53,10
739,2026-01-19T15:11:39.0,2026-01-28T20:49:24.531,"Any[14, 19, 25, 30, 37, 45, 53]",14,53
139,2026-01-19T15:13:34.0,2026-01-28T20:51:19.531,"Any[6, 11, 19, 25, 30, 37, 45]",6,45
865,2026-01-19T15:13:34.0,2026-01-21T20:51:19.531,"Any[6, 11, 19, 25, 30, 37, 45]",6,45
975,2026-01-19T15:59:39.636,2026-01-21T21:37:25.167,"Any[60, 56, 45, 37, 30, 25, 19]",60,19
1317,2026-01-19T16:41:49.0,2026-01-21T22:19:34.531,"Any[60, 53, 45, 37, 30, 25, 19, 11, 6, 6]",60,6
1099,2026-01-19T16:43:05.0,2026-01-28T22:20:50.531,"Any[60, 53, 45, 37, 30, 25, 19]",60,19
412,2026-01-19T16:44:42.0,2026-01-21T22:22:27.531,"Any[56, 45, 37, 30, 25, 19, 11, 6]",56,6
556,2026-01-19T17:00:57.0,2026-01-28T22:38:42.531,"Any[6, 11, 19, 25, 30, 37, 45, 56]",6,56
280,2026-01-19T17:02:24.0,2026-01-28T22:40:09.531,"Any[53, 45, 37, 30, 25]",53,25
72,2026-01-19T17:05:36.177,2026-01-28T22:43:21.708,"Any[25, 30, 37, 45, 56]",25,56
1301,2026-01-19T17:05:36.177,2026-01-21T22:43:21.708,"Any[25, 30, 37, 45, 56]",25,56
418,2026-01-19T17:14:15.0,2026-01-28T22:52:00.531,"Any[25, 30, 37, 45, 53, 60]",25,60
491,2026-01-19T17:14:15.0,2026-01-28T22:52:00.531,"Any[25, 30, 37, 45, 53, 60]",25,60
264,2026-01-19T17:43:09.0,2026-01-28T23:20:54.531,"Any[56, 45, 37, 30, 25]",56,25
856,2026-01-19T17:58:55.245,2026-01-21T23:36:40.776,"Any[54, 44, 36, 23, 19, 13, 8]",54,8
390,2026-01-19T18:22:31.343,2026-01-22T00:00:16.874,"Any[53, 45, 37, 30, 25, 19, 13, 8]",53,8
710,2026-01-19T18:22:31.343,2026-01-22T00:00:16.874,"Any[53, 45, 37, 30, 25, 19, 13, 8]",53,8
803,2026-01-19T18:22:31.343,2026-01-22T00:00:16.874,"Any[53, 45, 37, 30, 25, 19, 13, 8]",53,8
1129,2026-01-19T18:22:31.343,2026-01-29T00:00:16.874,"Any[53, 45, 37, 30, 25, 19, 13, 8]",53,8
1330,2026-01-19T18:22:31.343,2026-01-22T00:00:16.874,"Any[53, 45, 37, 30, 25, 19, 13, 8]",53,8
1212,2026-01-19T18:38:03.0,2026-01-29T00:15:48.531,"Any[60, 53, 45, 37, 30, 25, 19, 10]",60,10
1079,2026-01-19T19:35:03.0,2026-01-22T01:12:48.531,"Any[6, 11, 19, 25, 30, 37, 45]",6,45
845,2026-01-19T19:56:58.0,2026-01-22T01:34:43.531,"Any[56, 45, 37, 30, 25]",56,25
1354,2026-01-19T20:14:13.0,2026-01-22T01:51:58.531,"Any[53, 45, 37, 30, 25, 19, 13, 8]",53,8
1290,2026-01-19T20:17:24.0,2026-01-22T01:55:09.531,"Any[53, 45, 37, 30, 25, 19, 10]",53,10
1558,2026-01-19T20:59:12.0,2026-01-29T02:36:57.531,"Any[6, 11, 19, 25, 30, 37, 45, 56]",6,56
113,2026-01-19T21:18:53.894,2026-01-29T02:56:39.425,"Any[10, 25, 30, 37, 45, 53, 60]",10,60
1598,2026-01-19T21:20:53.0,2026-01-29T02:58:38.531,"Any[10, 19, 25, 30, 37, 45, 53, 60]",10,60
838,2026-01-19T22:05:35.0,2026-01-29T03:43:20.531,"Any[60, 53, 45, 37, 30, 25, 19, 13, 8]",60,8
1187,2026-01-19T22:05:35.0,2026-01-22T03:43:20.531,"Any[60, 53, 45, 37, 30, 25, 19, 13, 8]",60,8
333,2026-01-19T22:16:07.0,2026-01-29T03:53:52.531,"Any[45, 37, 30, 25, 19, 10]",45,10
494,2026-01-19T22:16:07.0,2026-01-29T03:53:52.531,"Any[45, 37, 30, 25, 19, 10]",45,10
517,2026-01-19T22:16:07.0,2026-01-22T03:53:52.531,"Any[45, 37, 30, 25, 19, 10]",45,10
978,2026-01-19T22:16:07.0,2026-01-29T03:53:52.531,"Any[45, 37, 30, 25, 19, 10]",45,10
311,2026-01-19T22:23:37.0,2026-01-22T04:01:22.531,"Any[10, 19, 25, 30, 37, 45, 56]",10,56
304,2026-01-19T22:27:59.0,2026-01-22T04:05:44.531,"Any[53, 45, 37, 30, 25]",53,25
354,2026-01-19T23:09:32.399,2026-01-22T04:47:17.93,"Any[8, 13, 19, 25, 30, 37, 45, 56]",8,56
1209,2026-01-19T23:24:09.53,2026-01-29T05:01:55.061,"Any[60, 56, 45, 37, 30, 25, 19]",60,19
1261,2026-01-20T00:10:12.0,2026-01-29T05:47:57.531,"Any[13, 19, 25, 30, 37, 45, 56]",13,56
1386,2026-01-20T00:55:26.0,2026-01-22T06:33:11.531,"Any[53, 45, 37, 30, 25, 19, 10]",53,10
555,2026-01-20T00:56:06.0,2026-01-29T06:33:51.531,"Any[7, 8, 13, 19, 25, 30, 37, 45, 53]",7,53
305,2026-01-20T01:02:01.0,2026-01-29T06:39:46.531,"Any[8, 13, 19, 25, 30, 37, 45, 56]",8,56
542,2026-01-20T01:02:01.0,2026-01-22T06:39:46.531,"Any[8, 13, 19, 25, 30, 37, 45, 56]",8,56
1071,2026-01-20T01:23:17.0,2026-01-22T07:01:02.531,"Any[7, 8, 13, 19, 25, 30, 37, 45, 53]",7,53
217,2026-01-20T01:30:42.0,2026-01-29T07:08:27.531,"Any[7, 8, 13, 19, 25, 30, 37, 45, 53]",7,53
283,2026-01-20T01:30:42.0,2026-01-29T07:08:27.531,"Any[7, 8, 13, 19, 25, 30, 37, 45, 53]",7,53
1443,2026-01-20T01:38:57.0,2026-01-22T07:16:42.531,"Any[53, 45, 37, 30, 25, 19, 10]",53,10
242,2026-01-20T02:17:13.0,2026-01-22T07:54:58.531,"Any[53, 45, 37, 30, 25, 19, 10]",53,10
675,2026-01-20T02:17:13.0,2026-01-29T07:54:58.531,"Any[53, 45, 37, 30, 25, 19, 10]",53,10
1387,2026-01-20T02:17:13.0,2026-01-22T07:54:58.531,"Any[53, 45, 37, 30, 25, 19, 10]",53,10
1397,2026-01-20T02:17:13.0,2026-01-29T07:54:58.531,"Any[53, 45, 37, 30, 25, 19, 10]",53,10
1416,2026-01-20T02:17:13.0,2026-01-29T07:54:58.531,"Any[53, 45, 37, 30, 25, 19, 10]",53,10
1159,2026-01-20T02:45:19.0,2026-01-29T08:23:04.531,"Any[64, 60, 53, 45, 37, 30, 25, 19, 11, 6, 6, 1]",64,6
1252,2026-01-20T02:45:19.0,2026-01-29T08:23:04.531,"Any[64, 60, 53, 45, 37, 30, 25, 19, 11, 6, 6, 1]",64,6
1442,2026-01-20T02:48:37.0,2026-01-29T08:26:22.531,"Any[53, 45, 37, 30, 25, 19, 10]",53,10
234,2026-01-20T02:52:58.838,2026-01-22T08:30:44.369,"Any[64, 53, 45, 37, 30, 25, 19, 13, 8]",64,8
318,2026-01-20T03:21:22.0,2026-01-29T08:59:07.531,"Any[64, 53, 45, 37, 30, 25, 19, 10]",64,10
408,2026-01-20T03:21:22.0,2026-01-29T08:59:07.531,"Any[64, 53, 45, 37, 30, 25, 19, 10]",64,10
931,2026-01-20T05:19:14.0,2026-01-22T10:56:59.531,"Any[5, 6, 11, 19, 25, 30, 37, 45]",5,45
532,2026-01-20T05:29:51.0,2026-01-29T11:07:36.531,"Any[7, 8, 13, 19, 25, 30, 37, 45, 53]",7,53
108,2026-01-20T05:45:32.0,2026-01-22T11:23:17.531,"Any[53, 45, 37, 30, 25, 19, 13, 8]",53,8
1244,2026-01-20T05:45:32.0,2026-01-22T11:23:17.531,"Any[53, 45, 37, 30, 25, 19, 13, 8]",53,8
1039,2026-01-20T06:12:00.0,2026-01-29T11:49:45.531,"Any[53, 45, 37, 30, 25, 19, 10]",53,10
926,2026-01-20T06:48:39.0,2026-01-22T12:26:24.531,"Any[6, 11, 16, 25, 30, 37, 45, 56]",6,56
438,2026-01-20T06:59:27.0,2026-01-29T12:37:12.531,"Any[6, 11, 19, 25, 30, 37, 45]",6,45
1239,2026-01-20T06:59:27.0,2026-01-29T12:37:12.531,"Any[6, 11, 19, 25, 30, 37, 45]",6,45
973,2026-01-20T07:07:21.0,2026-01-29T12:45:06.531,"Any[8, 13, 19, 25, 30, 37, 45, 56]",8,56
1000,2026-01-20T07:07:21.0,2026-01-22T12:45:06.531,"Any[8, 13, 19, 25, 30, 37, 45, 56]",8,56
380,2026-01-20T07:23:24.0,2026-01-22T13:01:09.531,"Any[60, 56, 45, 37, 30, 25, 19, 13, 8]",60,8
564,2026-01-20T07:32:37.0,2026-01-29T13:10:22.531,"Any[13, 19, 25, 30, 37, 45, 56]",13,56
1489,2026-01-20T07:43:38.0,2026-01-22T13:21:23.531,"Any[8, 13, 19, 25, 30, 37, 45, 56]",8,56
1518,2026-01-20T07:43:38.0,2026-01-22T13:21:23.531,"Any[8, 13, 19, 25, 30, 37, 45, 56]",8,56
166,2026-01-20T08:41:47.0,2026-01-29T14:19:32.531,"Any[7, 8, 13, 19, 25, 30, 37, 45, 53]",7,53
1098,2026-01-20T09:36:07.0,2026-01-29T15:13:52.531,"Any[1, 6, 11, 19, 25, 30, 37, 45, 56]",1,56
1538,2026-01-20T09:36:07.0,2026-01-22T15:13:52.531,"Any[1, 6, 11, 19, 25, 30, 37, 45, 56]",1,56
185,2026-01-20T10:03:11.0,2026-01-29T15:40:56.531,"Any[45, 37, 30, 25]",45,25
1231,2026-01-20T10:07:14.0,2026-01-29T15:44:59.531,"Any[60, 53, 45, 37, 30, 25, 19, 11, 6]",60,6
1464,2026-01-20T10:23:59.0,2026-01-22T16:01:44.531,"Any[19, 25, 30, 37, 45, 56]",19,56
254,2026-01-20T10:26:31.0,2026-01-22T16:04:16.531,"Any[8, 13, 19, 25, 30, 37, 45, 56]",8,56
745,2026-01-20T10:26:31.0,2026-01-22T16:04:16.531,"Any[8, 13, 19, 25, 30, 37, 45, 56]",8,56
1118,2026-01-20T10:26:31.0,2026-01-29T16:04:16.531,"Any[8, 13, 19, 25, 30, 37, 45, 56]",8,56
659,2026-01-20T10:27:16.0,2026-01-29T16:05:01.531,"Any[53, 45, 37, 30, 25, 19, 11, 6, 1]",53,1
897,2026-01-20T11:39:08.0,2026-01-22T17:16:53.531,"Any[6, 11, 19, 25, 30, 37, 45]",6,45
1083,2026-01-20T11:45:14.0,2026-01-29T17:22:59.531,"Any[6, 11, 19, 25, 30, 37, 45]",6,45
422,2026-01-20T11:46:22.0,2026-01-29T17:24:07.531,"Any[8, 13, 19, 25, 30, 37, 45, 56]",8,56
1119,2026-01-20T11:46:22.0,2026-01-22T17:24:07.531,"Any[8, 13, 19, 25, 30, 37, 45, 56]",8,56
670,2026-01-20T11:52:44.0,2026-01-22T17:30:29.531,"Any[62, 45, 37, 30, 25, 19, 13, 8]",62,8
1165,2026-01-20T11:52:44.0,2026-01-29T17:30:29.531,"Any[62, 45, 37, 30, 25, 19, 13, 8]",62,8
334,2026-01-20T12:07:39.0,2026-01-29T17:45:24.531,"Any[60, 53, 45, 37, 30, 25, 19, 10]",60,10
15,2026-01-20T12:37:08.0,2026-01-22T18:14:53.531,"Any[17, 25, 30, 37, 45, 56]",17,56
1342,2026-01-20T13:00:08.0,2026-01-22T18:37:53.531,"Any[53, 45, 37, 30, 25, 19, 13, 8]",53,8
1009,2026-01-20T13:01:08.409,2026-01-29T18:38:53.94,"Any[56, 45, 37, 30, 25, 19, 10]",56,10
34,2026-01-20T13:02:44.0,2026-01-29T18:40:29.531,"Any[19, 25, 30, 37, 45, 56]",19,56
620,2026-01-20T13:02:44.0,2026-01-22T18:40:29.531,"Any[19, 25, 30, 37, 45, 56]",19,56
1463,2026-01-20T13:02:44.0,2026-01-29T18:40:29.531,"Any[19, 25, 30, 37, 45, 56]",19,56
827,2026-01-20T13:49:40.0,2026-01-22T19:27:25.531,"Any[19, 25, 30, 37, 45, 56]",19,56
193,2026-01-20T13:52:16.0,2026-01-22T19:30:01.531,"Any[13, 19, 25, 30, 37, 45, 53]",13,53
35,2026-01-20T13:53:55.0,2026-01-22T19:31:40.531,"Any[6, 11, 19, 25, 30, 37, 45]",6,45
611,2026-01-20T13:53:55.0,2026-01-29T19:31:40.531,"Any[6, 11, 19, 25, 30, 37, 45]",6,45
1126,2026-01-20T14:00:47.0,2026-01-29T19:38:32.531,"Any[6, 11, 25, 30, 37, 45, 56]",6,56
1516,2026-01-20T14:23:19.0,2026-01-29T20:01:04.531,"Any[8, 13, 19, 25, 30, 37, 45, 56]",8,56
1232,2026-01-20T14:27:20.0,2026-01-29T20:05:05.531,"Any[45, 37, 30, 25, 19, 14]",45,14
791,2026-01-20T14:36:35.0,2026-01-29T20:14:20.531,"Any[1, 6, 11, 19, 25, 30, 37, 45, 56]",1,56
146,2026-01-20T14:47:15.0,2026-01-29T20:25:00.531,"Any[6, 11, 19, 25, 30, 37, 45]",6,45
1233,2026-01-20T14:54:28.675,2026-01-22T20:32:14.206,"Any[60, 56, 45, 37, 30, 25]",60,25
1170,2026-01-20T15:17:37.0,2026-01-22T20:55:22.531,"Any[53, 45, 37, 30, 25]",53,25
233,2026-01-20T15:34:52.566,2026-01-29T21:12:38.097,"Any[64, 60, 56, 45, 37, 30, 25, 19]",64,19
844,2026-01-20T15:34:52.566,2026-01-22T21:12:38.097,"Any[64, 60, 56, 45, 37, 30, 25, 19]",64,19
1270,2026-01-20T15:34:52.566,2026-01-29T21:12:38.097,"Any[64, 60, 56, 45, 37, 30, 25, 19]",64,19
681,2026-01-20T15:42:06.0,2026-01-22T21:19:51.531,"Any[8, 13, 19, 25, 30, 37, 45, 56]",8,56
579,2026-01-20T16:05:20.103,2026-01-29T21:43:05.634,"Any[60, 56, 45, 37, 30, 25]",60,25
668,2026-01-20T16:05:20.103,2026-01-29T21:43:05.634,"Any[60, 56, 45, 37, 30, 25]",60,25
990,2026-01-20T16:05:20.103,2026-01-22T21:43:05.634,"Any[60, 56, 45, 37, 30, 25]",60,25
410,2026-01-20T16:08:21.0,2026-01-22T21:46:06.531,"Any[10, 19, 25, 30, 37, 45]",10,45
356,2026-01-20T16:11:46.0,2026-01-29T21:49:31.531,"Any[3, 10, 19, 25, 30, 37, 45, 53]",3,53
815,2026-01-20T16:11:46.0,2026-01-29T21:49:31.531,"Any[3, 10, 19, 25, 30, 37, 45, 53]",3,53
740,2026-01-20T16:15:24.0,2026-01-22T21:53:09.531,"Any[8, 13, 19, 25, 30, 37, 45, 56, 60, 64]",8,64
1011,2026-01-20T16:33:41.0,2026-01-29T22:11:26.531,"Any[19, 25, 30, 37, 45, 56]",19,56
1358,2026-01-20T16:35:07.0,2026-01-29T22:12:52.531,"Any[53, 45, 37, 30, 25, 19, 13, 8]",53,8
902,2026-01-20T16:38:02.0,2026-01-29T22:15:47.531,"Any[6, 11, 19, 25, 30, 37, 45, 56]",6,56
1566,2026-01-20T16:38:02.0,2026-01-29T22:15:47.531,"Any[6, 11, 19, 25, 30, 37, 45, 56]",6,56
1572,2026-01-20T16:38:02.0,2026-01-29T22:15:47.531,"Any[6, 11, 19, 25, 30, 37, 45, 56]",6,56
1577,2026-01-20T16:38:02.0,2026-01-29T22:15:47.531,"Any[6, 11, 19, 25, 30, 37, 45, 56]",6,56
1104,2026-01-20T16:39:20.0,2026-01-29T22:17:05.531,"Any[1, 6, 11, 19, 25, 30, 37, 45, 56]",1,56
244,2026-01-20T16:39:59.0,2026-01-29T22:17:44.531,"Any[64, 60, 53, 45, 37, 30, 25]",64,25
1313,2026-01-20T16:39:59.0,2026-01-29T22:17:44.531,"Any[64, 60, 53, 45, 37, 30, 25]",64,25
1111,2026-01-20T16:40:02.0,2026-01-22T22:17:47.531,"Any[60, 56, 45, 37, 30, 25]",60,25
667,2026-01-20T16:41:10.0,2026-01-29T22:18:55.531,"Any[8, 13, 25, 30, 37, 45, 56]",8,56
1324,2026-01-20T16:44:00.0,2026-01-29T22:21:45.531,"Any[53, 45, 37, 30, 25, 19, 13, 8]",53,8
1359,2026-01-20T16:44:00.0,2026-01-29T22:21:45.531,"Any[53, 45, 37, 30, 25, 19, 13, 8]",53,8
46,2026-01-20T16:53:44.0,2026-01-29T22:31:29.531,"Any[60, 56, 45, 37, 30, 25]",60,25
1473,2026-01-20T16:54:52.0,2026-01-22T22:32:37.531,"Any[19, 25, 30, 37, 45, 53]",19,53
158,2026-01-20T16:55:12.0,2026-01-29T22:32:57.531,"Any[64, 60, 56, 45, 37, 30, 25, 19, 13, 8]",64,8
1043,2026-01-20T16:55:12.0,2026-01-22T22:32:57.531,"Any[64, 60, 56, 45, 37, 30, 25, 19, 13, 8]",64,8
1258,2026-01-20T16:57:14.0,2026-01-29T22:34:59.531,"Any[60, 53, 45, 37, 30, 25, 19]",60,19
702,2026-01-20T17:13:02.0,2026-01-22T22:50:47.531,"Any[7, 8, 13, 19, 25, 30, 37, 45]",7,45
743,2026-01-20T17:13:02.0,2026-01-29T22:50:47.531,"Any[7, 8, 13, 19, 25, 30, 37, 45]",7,45
11,2026-01-20T17:36:02.0,2026-01-29T23:13:47.531,"Any[6, 11, 19, 25, 30, 37, 45]",6,45
523,2026-01-20T18:05:48.0,2026-01-29T23:43:33.531,"Any[8, 13, 19, 25, 30, 37, 45, 56, 60]",8,60
1555,2026-01-20T18:11:54.229,2026-01-22T23:49:39.76,"Any[6, 11, 19, 25, 30, 37, 45, 56]",6,56
1557,2026-01-20T18:11:54.229,2026-01-22T23:49:39.76,"Any[6, 11, 19, 25, 30, 37, 45, 56]",6,56
1569,2026-01-20T18:11:54.229,2026-01-29T23:49:39.76,"Any[6, 11, 19, 25, 30, 37, 45, 56]",6,56
398,2026-01-20T18:22:58.0,2026-01-30T00:00:43.531,"Any[60, 56, 45, 37, 30, 25, 19, 11, 6]",60,6
1478,2026-01-20T18:38:43.0,2026-01-23T00:16:28.531,"Any[8, 13, 19, 25, 30, 37, 45, 56]",8,56
669,2026-01-20T18:47:35.0,2026-01-23T00:25:20.531,"Any[60, 53, 45, 37, 30, 25]",60,25
82,2026-01-20T19:17:17.0,2026-01-23T00:55:02.531,"Any[8, 13, 19, 25, 30, 37, 45, 56]",8,56
1207,2026-01-20T19:17:17.0,2026-01-23T00:55:02.531,"Any[8, 13, 19, 25, 30, 37, 45, 56]",8,56
1215,2026-01-20T19:17:17.0,2026-01-23T00:55:02.531,"Any[8, 13, 19, 25, 30, 37, 45, 56]",8,56
778,2026-01-20T19:21:17.0,2026-01-30T00:59:02.531,"Any[6, 11, 19, 25, 30, 37, 45, 56]",6,56
800,2026-01-20T19:21:17.0,2026-01-30T00:59:02.531,"Any[6, 11, 19, 25, 30, 37, 45, 56]",6,56
867,2026-01-20T19:21:17.0,2026-01-23T00:59:02.531,"Any[6, 11, 19, 25, 30, 37, 45, 56]",6,56
1556,2026-01-20T19:21:17.0,2026-01-30T00:59:02.531,"Any[6, 11, 19, 25, 30, 37, 45, 56]",6,56
1565,2026-01-20T19:21:17.0,2026-01-23T00:59:02.531,"Any[6, 11, 19, 25, 30, 37, 45, 56]",6,56
1578,2026-01-20T19:21:17.0,2026-01-23T00:59:02.531,"Any[6, 11, 19, 25, 30, 37, 45, 56]",6,56
51,2026-01-20T19:25:08.0,2026-01-30T01:02:53.531,"Any[53, 45, 37, 30, 25, 19, 13, 8]",53,8
546,2026-01-20T19:37:56.0,2026-01-23T01:15:41.531,"Any[8, 13, 19, 25, 30, 37, 45]",8,45
1523,2026-01-20T19:37:56.0,2026-01-23T01:15:41.531,"Any[8, 13, 19, 25, 30, 37, 45]",8,45
209,2026-01-20T19:39:26.584,2026-01-23T01:17:12.115,"Any[53, 45, 37, 30, 25]",53,25
64,2026-01-20T19:50:28.0,2026-01-23T01:28:13.531,"Any[53, 45, 37, 30, 25, 19, 13, 8]",53,8
826,2026-01-20T19:50:28.0,2026-01-30T01:28:13.531,"Any[53, 45, 37, 30, 25, 19, 13, 8]",53,8
918,2026-01-20T19:50:28.0,2026-01-30T01:28:13.531,"Any[53, 45, 37, 30, 25, 19, 13, 8]",53,8
250,2026-01-20T20:22:05.0,2026-01-23T01:59:50.531,"Any[53, 45, 37, 30, 25, 19, 10]",53,10
750,2026-01-20T20:22:05.0,2026-01-30T01:59:50.531,"Any[53, 45, 37, 30, 25, 19, 10]",53,10
1248,2026-01-20T20:48:06.0,2026-01-30T02:25:51.531,"Any[6, 11, 19, 25, 30, 37, 45, 56]",6,56
42,2026-01-20T20:56:58.0,2026-01-23T02:34:43.531,"Any[6, 11, 19, 25, 30, 37, 45, 56]",6,56
1253,2026-01-20T20:57:02.0,2026-01-30T02:34:47.531,"Any[7, 8, 13, 19, 25, 30, 37, 45, 53]",7,53
588,2026-01-20T21:00:01.0,2026-01-30T02:37:46.531,"Any[1, 6, 11, 19, 23, 28, 36, 44, 54, 60]",1,60
345,2026-01-20T21:07:22.0,2026-01-30T02:45:07.531,"Any[7, 8, 13, 19, 25, 30, 37, 45, 53, 60]",7,60
1052,2026-01-20T21:07:22.0,2026-01-23T02:45:07.531,"Any[7, 8, 13, 19, 25, 30, 37, 45, 53, 60]",7,60
1227,2026-01-20T21:36:51.0,2026-01-23T03:14:36.531,"Any[10, 19, 25, 30, 37, 45, 53, 60]",10,60
1592,2026-01-20T21:36:51.0,2026-01-30T03:14:36.531,"Any[10, 19, 25, 30, 37, 45, 53, 60]",10,60
705,2026-01-20T21:40:26.0,2026-01-30T03:18:11.531,"Any[6, 11, 16, 25, 30, 37, 45, 53]",6,53
1591,2026-01-20T21:40:26.0,2026-01-23T03:18:11.531,"Any[6, 11, 16, 25, 30, 37, 45, 53]",6,53
1427,2026-01-20T22:24:18.0,2026-01-30T04:02:03.531,"Any[53, 45, 37, 30, 25, 19, 10]",53,10
1448,2026-01-20T22:24:18.0,2026-01-30T04:02:03.531,"Any[53, 45, 37, 30, 25, 19, 10]",53,10
617,2026-01-20T22:45:19.0,2026-01-23T04:23:04.531,"Any[1, 6, 11, 19, 25, 30, 37, 45, 56, 60]",1,60
871,2026-01-20T22:48:10.0,2026-01-23T04:25:55.531,"Any[60, 53, 45, 37, 30, 25]",60,25
277,2026-01-20T22:49:03.0,2026-01-23T04:26:48.531,"Any[8, 13, 19, 25, 30, 37, 45, 56]",8,56
1496,2026-01-20T22:49:03.0,2026-01-30T04:26:48.531,"Any[8, 13, 19, 25, 30, 37, 45, 56]",8,56
1057,2026-01-20T23:06:21.0,2026-01-23T04:44:06.531,"Any[3, 10, 19, 25, 30, 37, 45, 53]",3,53
1149,2026-01-20T23:06:21.0,2026-01-23T04:44:06.531,"Any[3, 10, 19, 25, 30, 37, 45, 53]",3,53
241,2026-01-20T23:07:23.0,2026-01-23T04:45:08.531,"Any[1, 6, 11, 19, 25, 30, 37, 45]",1,45
349,2026-01-20T23:07:23.0,2026-01-23T04:45:08.531,"Any[1, 6, 11, 19, 25, 30, 37, 45]",1,45
578,2026-01-20T23:07:23.0,2026-01-30T04:45:08.531,"Any[1, 6, 11, 19, 25, 30, 37, 45]",1,45
393,2026-01-20T23:10:42.0,2026-01-23T04:48:27.531,"Any[10, 19, 25, 30, 37, 45, 53, 60]",10,60
409,2026-01-20T23:10:42.0,2026-01-30T04:48:27.531,"Any[10, 19, 25, 30, 37, 45, 53, 60]",10,60
536,2026-01-20T23:10:42.0,2026-01-23T04:48:27.531,"Any[10, 19, 25, 30, 37, 45, 53, 60]",10,60
1202,2026-01-20T23:16:17.0,2026-01-23T04:54:02.531,"Any[1, 6, 11, 19, 25, 30, 37, 45, 53, 60]",1,60
105,2026-01-20T23:38:53.0,2026-01-30T05:16:38.531,"Any[60, 56, 45, 37, 30, 25, 19, 11, 6]",60,6
136,2026-01-20T23:38:53.0,2026-01-23T05:16:38.531,"Any[60, 56, 45, 37, 30, 25, 19, 11, 6]",60,6
1096,2026-01-20T23:41:26.0,2026-01-23T05:19:11.531,"Any[8, 13, 19, 25, 30, 37, 45, 56]",8,56
1571,2026-01-21T00:09:17.822,2026-01-23T05:47:03.353,"Any[6, 11, 19, 25, 30, 37, 45, 56]",6,56
1573,2026-01-21T00:09:17.822,2026-01-30T05:47:03.353,"Any[6, 11, 19, 25, 30, 37, 45, 56]",6,56
1144,2026-01-21T00:16:00.0,2026-01-23T05:53:45.531,"Any[53, 45, 37, 30, 25]",53,25
444,2026-01-21T00:18:40.0,2026-01-30T05:56:25.531,"Any[1, 6, 11, 19, 23, 16, 23, 36, 44, 60]",1,60
940,2026-01-21T00:20:00.0,2026-01-30T05:57:45.531,"Any[60, 53, 45, 37, 30, 25, 19, 10]",60,10
306,2026-01-21T00:29:11.0,2026-01-23T06:06:56.531,"Any[8, 13, 19, 25, 30, 37, 45, 56]",8,56
389,2026-01-21T01:49:32.0,2026-01-30T07:27:17.531,"Any[53, 45, 37, 30, 25, 19, 11, 6, 1]",53,1
704,2026-01-21T01:49:32.0,2026-01-23T07:27:17.531,"Any[53, 45, 37, 30, 25, 19, 11, 6, 1]",53,1
870,2026-01-21T02:04:10.0,2026-01-30T07:41:55.531,"Any[10, 19, 25, 30, 37, 45, 53, 60]",10,60
272,2026-01-21T02:16:37.0,2026-01-23T07:54:22.531,"Any[19, 25, 30, 37, 45, 56]",19,56
1081,2026-01-21T02:27:22.0,2026-01-30T08:05:07.531,"Any[19, 25, 30, 37, 45, 56]",19,56
717,2026-01-21T02:35:35.0,2026-01-23T08:13:20.531,"Any[53, 45, 37, 30, 25, 19, 11, 6, 1]",53,1
1383,2026-01-21T02:50:42.0,2026-01-23T08:28:27.531,"Any[53, 45, 37, 30, 25, 19, 11, 6, 1]",53,1
36,2026-01-21T02:52:05.0,2026-01-30T08:29:50.531,"Any[3, 10, 19, 25, 30, 37, 45, 53]",3,53
309,2026-01-21T03:05:52.0,2026-01-23T08:43:37.531,"Any[53, 45, 37, 30, 25, 19, 10]",53,10
436,2026-01-21T03:48:49.232,2026-01-30T09:26:34.763,"Any[53, 45, 37, 30, 25]",53,25
878,2026-01-21T03:48:49.232,2026-01-30T09:26:34.763,"Any[53, 45, 37, 30, 25]",53,25
1108,2026-01-21T04:35:18.0,2026-01-23T10:13:03.531,"Any[6, 11, 16, 25, 30, 37, 45, 53]",6,53
951,2026-01-21T05:10:57.0,2026-01-30T10:48:42.531,"Any[56, 45, 37, 30, 25]",56,25
987,2026-01-21T05:44:12.974,2026-01-30T11:21:58.505,"Any[10, 19, 25, 30, 37, 45, 56]",10,56
67,2026-01-21T05:53:15.0,2026-01-23T11:31:00.531,"Any[17, 25, 30, 37, 45, 53, 60]",17,60
1036,2026-01-21T06:29:09.0,2026-01-30T12:06:54.531,"Any[1, 6, 11, 16, 25, 30, 37, 45, 56]",1,56
452,2026-01-21T06:29:51.5,2026-01-30T12:07:37.031,"Any[16, 25, 30, 37, 45, 53]",16,53
722,2026-01-21T06:29:51.5,2026-01-23T12:07:37.031,"Any[16, 25, 30, 37, 45, 53]",16,53
1010,2026-01-21T06:33:06.197,2026-01-23T12:10:51.728,"Any[64, 60, 53, 45, 37, 30, 25, 19, 10]",64,10
533,2026-01-21T06:43:48.0,2026-01-23T12:21:33.531,"Any[53, 45, 37, 30, 25, 19, 13, 8]",53,8
1060,2026-01-21T07:22:00.287,2026-01-23T12:59:45.818,"Any[8, 13, 19, 25, 30, 37, 45, 56]",8,56
635,2026-01-21T07:36:16.0,2026-01-23T13:14:01.531,"Any[8, 13, 19, 25, 30, 37, 45, 56]",8,56
1456,2026-01-21T07:56:32.0,2026-01-30T13:34:17.531,"Any[53, 45, 37, 30, 25, 19, 10]",53,10
1580,2026-01-21T08:04:21.0,2026-01-30T13:42:06.531,"Any[6, 11, 19, 25, 30, 37, 45, 56]",6,56
1470,2026-01-21T08:05:19.0,2026-01-30T13:43:04.531,"Any[19, 25, 30, 37, 45, 56]",19,56
317,2026-01-21T08:21:38.0,2026-01-30T13:59:23.531,"Any[53, 45, 37, 30, 25, 19, 10]",53,10
1413,2026-01-21T08:21:38.0,2026-01-30T13:59:23.531,"Any[53, 45, 37, 30, 25, 19, 10]",53,10
787,2026-01-21T08:24:09.0,2026-01-30T14:01:54.531,"Any[10, 19, 25, 30, 37, 45, 56]",10,56
1341,2026-01-21T08:57:51.0,2026-01-23T14:35:36.531,"Any[53, 45, 37, 30, 25, 19, 13, 8]",53,8
165,2026-01-21T09:03:45.0,2026-01-30T14:41:30.531,"Any[5, 6, 10, 19, 25, 30, 37, 45, 56]",5,56
1116,2026-01-21T09:31:50.516,2026-01-23T15:09:36.047,"Any[53, 45, 37, 30, 25, 19, 11, 6, 1]",53,1
1363,2026-01-21T09:31:50.516,2026-01-23T15:09:36.047,"Any[53, 45, 37, 30, 25, 19, 11, 6, 1]",53,1
770,2026-01-21T09:49:07.0,2026-01-23T15:26:52.531,"Any[6, 10, 19, 25, 30, 37, 45]",6,45
1510,2026-01-21T10:05:36.776,2026-01-30T15:43:22.307,"Any[8, 13, 19, 25, 30, 37, 45, 56]",8,56
256,2026-01-21T10:21:29.179,2026-01-30T15:59:14.71,"Any[25, 30, 37, 45, 56, 60]",25,60
913,2026-01-21T10:26:34.0,2026-01-30T16:04:19.531,"Any[53, 45, 37, 30, 25, 19, 10]",53,10
1179,2026-01-21T10:26:34.0,2026-01-30T16:04:19.531,"Any[53, 45, 37, 30, 25, 19, 10]",53,10
985,2026-01-21T10:35:30.0,2026-01-23T16:13:15.531,"Any[19, 25, 30, 37, 45, 53]",19,53
1206,2026-01-21T10:41:05.0,2026-01-23T16:18:50.531,"Any[64, 60, 53, 45, 37, 30, 25, 19, 10]",64,10
58,2026-01-21T10:42:23.0,2026-01-23T16:20:08.531,"Any[6, 11, 19, 25, 30, 37, 45]",6,45
370,2026-01-21T10:48:36.0,2026-01-23T16:26:21.531,"Any[8, 13, 19, 25, 30, 37, 45, 56]",8,56
371,2026-01-21T10:50:52.0,2026-01-30T16:28:37.531,"Any[53, 45, 37, 30, 25]",53,25
57,2026-01-21T10:53:18.0,2026-01-23T16:31:03.531,"Any[3, 6, 11, 19, 25, 30, 37, 45]",3,45
1295,2026-01-21T10:54:11.0,2026-01-23T16:31:56.531,"Any[6, 11, 19, 25, 30, 37, 45]",6,45
1435,2026-01-21T11:13:13.0,2026-01-30T16:50:58.531,"Any[53, 45, 37, 30, 25, 19, 10]",53,10
1562,2026-01-21T11:22:34.0,2026-01-23T17:00:19.531,"Any[6, 11, 19, 25, 30, 37, 45, 56]",6,56
282,2026-01-21T11:27:02.0,2026-01-23T17:04:47.531,"Any[3, 10, 11, 19, 25, 30, 37, 45]",3,45
442,2026-01-21T11:27:02.0,2026-01-23T17:04:47.531,"Any[3, 10, 11, 19, 25, 30, 37, 45]",3,45
651,2026-01-21T11:27:02.0,2026-01-30T17:04:47.531,"Any[3, 10, 11, 19, 25, 30, 37, 45]",3,45
1097,2026-01-21T11:27:02.0,2026-01-30T17:04:47.531,"Any[3, 10, 11, 19, 25, 30, 37, 45]",3,45
1173,2026-01-21T11:35:33.0,2026-01-30T17:13:18.531,"Any[60, 53, 45, 37, 30, 25, 19, 13, 8]",60,8
1328,2026-01-21T11:58:47.0,2026-01-23T17:36:32.531,"Any[53, 45, 37, 30, 25, 19, 13, 8]",53,8
8,2026-01-21T12:00:49.0,2026-01-23T17:38:34.531,"Any[16, 25, 30, 37, 45, 53, 60]",16,60
776,2026-01-21T12:00:49.0,2026-01-23T17:38:34.531,"Any[16, 25, 30, 37, 45, 53, 60]",16,60
290,2026-01-21T12:03:40.0,2026-01-30T17:41:25.531,"Any[8, 13, 19, 25, 30, 37, 45, 56]",8,56
619,2026-01-21T12:03:40.0,2026-01-23T17:41:25.531,"Any[8, 13, 19, 25, 30, 37, 45, 56]",8,56
1483,2026-01-21T12:03:40.0,2026-01-30T17:41:25.531,"Any[8, 13, 19, 25, 30, 37, 45, 56]",8,56
1492,2026-01-21T12:03:40.0,2026-01-30T17:41:25.531,"Any[8, 13, 19, 25, 30, 37, 45, 56]",8,56
1216,2026-01-21T12:04:25.666,2026-01-30T17:42:11.197,"Any[64, 53, 45, 37, 30, 25, 19, 10]",64,10
947,2026-01-21T12:18:47.0,2026-01-30T17:56:32.531,"Any[64, 60, 56, 45, 37, 30, 25]",64,25
1199,2026-01-21T12:18:47.0,2026-01-30T17:56:32.531,"Any[64, 60, 56, 45, 37, 30, 25]",64,25
530,2026-01-21T12:20:51.216,2026-01-30T17:58:36.747,"Any[62, 45, 37, 30, 25, 19, 14, 13, 14]",62,14
1400,2026-01-21T12:33:22.0,2026-01-23T18:11:07.531,"Any[53, 45, 37, 30, 25, 19, 10]",53,10
455,2026-01-21T12:47:03.0,2026-01-23T18:24:48.531,"Any[53, 45, 37, 30, 25, 19, 11, 6, 1]",53,1
974,2026-01-21T13:00:00.0,2026-01-30T18:37:45.531,"Any[8, 13, 19, 25, 30, 37, 45]",8,45
212,2026-01-21T13:25:13.0,2026-01-23T19:02:58.531,"Any[19, 25, 30, 37, 45, 53]",19,53
1472,2026-01-21T13:25:13.0,2026-01-23T19:02:58.531,"Any[19, 25, 30, 37, 45, 53]",19,53
48,2026-01-21T13:27:36.0,2026-01-23T19:05:21.531,"Any[64, 60, 53, 45, 37, 30, 25, 19, 13, 8]",64,8
93,2026-01-21T13:27:36.0,2026-01-30T19:05:21.531,"Any[64, 60, 53, 45, 37, 30, 25, 19, 13, 8]",64,8
68,2026-01-21T14:03:07.571,2026-01-23T19:40:53.102,"Any[56, 45, 37, 30, 25, 19, 10]",56,10
433,2026-01-21T14:03:07.571,2026-01-23T19:40:53.102,"Any[56, 45, 37, 30, 25, 19, 10]",56,10
810,2026-01-21T14:04:28.0,2026-01-23T19:42:13.531,"Any[1, 6, 11, 16, 25, 30, 37, 45, 56]",1,56
259,2026-01-21T14:16:07.0,2026-01-30T19:53:52.531,"Any[6, 11, 19, 25, 30, 37, 45]",6,45
1132,2026-01-21T14:16:07.0,2026-01-30T19:53:52.531,"Any[6, 11, 19, 25, 30, 37, 45]",6,45
545,2026-01-21T14:30:45.0,2026-01-23T20:08:30.531,"Any[6, 11, 19, 25, 30, 37, 45]",6,45
1249,2026-01-21T14:30:45.0,2026-01-30T20:08:30.531,"Any[6, 11, 19, 25, 30, 37, 45]",6,45
506,2026-01-21T14:33:52.0,2026-01-23T20:11:37.531,"Any[56, 45, 37, 30, 25, 19, 11, 6]",56,6
632,2026-01-21T14:58:57.0,2026-01-23T20:36:42.531,"Any[56, 45, 37, 30, 25, 19, 20]",56,20
106,2026-01-21T15:05:08.941,2026-01-30T20:42:54.472,"Any[62, 45, 37, 30, 25, 19, 11, 6]",62,6
988,2026-01-21T15:09:00.0,2026-01-30T20:46:45.531,"Any[53, 45, 37, 30, 25, 19, 13, 8]",53,8
1332,2026-01-21T15:09:00.0,2026-01-23T20:46:45.531,"Any[53, 45, 37, 30, 25, 19, 13, 8]",53,8
894,2026-01-21T15:11:16.0,2026-01-30T20:49:01.531,"Any[6, 11, 19, 25, 30, 37, 45, 56]",6,56
1298,2026-01-21T15:14:19.726,2026-01-23T20:52:05.257,"Any[6, 11, 25, 30, 37, 45]",6,45
513,2026-01-21T15:24:01.0,2026-01-23T21:01:46.531,"Any[53, 45, 37, 30, 25, 19, 13, 8]",53,8
210,2026-01-21T15:56:39.0,2026-01-23T21:34:24.531,"Any[60, 56, 45, 37, 30, 25, 19, 11, 6]",60,6
1064,2026-01-21T15:56:39.0,2026-01-30T21:34:24.531,"Any[60, 56, 45, 37, 30, 25, 19, 11, 6]",60,6
1307,2026-01-21T16:12:16.977,2026-01-30T21:50:02.508,"Any[5, 6, 11, 19, 25, 30, 37, 45, 56]",5,56
1314,2026-01-21T16:14:55.0,2026-01-30T21:52:40.531,"Any[64, 60, 53, 45, 37, 30, 25]",64,25
679,2026-01-21T16:15:31.333,2026-01-30T21:53:16.864,"Any[6, 11, 19, 25, 30, 37, 45, 56]",6,56
1032,2026-01-21T16:31:49.0,2026-01-23T22:09:34.531,"Any[60, 53, 45, 37, 30, 25, 19, 10]",60,10
324,2026-01-21T16:45:20.0,2026-01-23T22:23:05.531,"Any[45, 37, 30, 25]",45,25
592,2026-01-21T16:52:12.0,2026-01-30T22:29:57.531,"Any[8, 13, 19, 25, 30, 37, 45, 56]",8,56
1133,2026-01-21T16:55:22.0,2026-01-23T22:33:07.531,"Any[64, 56, 45, 37, 30, 25, 19, 11, 6]",64,6
1503,2026-01-21T17:20:02.0,2026-01-23T22:57:47.531,"Any[8, 13, 19, 25, 30, 37, 45, 56]",8,56
1001,2026-01-21T17:34:15.0,2026-01-30T23:12:00.531,"Any[53, 45, 37, 30, 25, 19, 11, 6, 1]",53,1
19,2026-01-21T17:46:59.345,2026-01-23T23:24:44.876,"Any[64, 60, 56, 45, 37, 30, 25, 19]",64,19
18,2026-01-21T17:47:32.0,2026-01-30T23:25:17.531,"Any[3, 10, 19, 25, 30, 37, 45, 53]",3,53
273,2026-01-21T18:09:51.0,2026-01-23T23:47:36.531,"Any[6, 11, 19, 25, 30, 37, 45, 56]",6,56
598,2026-01-21T18:09:51.0,2026-01-23T23:47:36.531,"Any[6, 11, 19, 25, 30, 37, 45, 56]",6,56
765,2026-01-21T18:09:51.0,2026-01-23T23:47:36.531,"Any[6, 11, 19, 25, 30, 37, 45, 56]",6,56
1564,2026-01-21T18:09:51.0,2026-01-23T23:47:36.531,"Any[6, 11, 19, 25, 30, 37, 45, 56]",6,56
576,2026-01-21T18:24:41.0,2026-01-31T00:02:26.531,"Any[6, 11, 19, 25, 30, 37, 45, 56]",6,56
857,2026-01-21T18:34:54.0,2026-01-24T00:12:39.531,"Any[53, 45, 37, 30, 25]",53,25
650,2026-01-21T18:57:28.0,2026-01-24T00:35:13.531,"Any[4, 10, 19, 25, 30, 37, 45, 53]",4,53
723,2026-01-21T18:57:28.0,2026-01-24T00:35:13.531,"Any[4, 10, 19, 25, 30, 37, 45, 53]",4,53
1160,2026-01-21T18:57:28.0,2026-01-31T00:35:13.531,"Any[4, 10, 19, 25, 30, 37, 45, 53]",4,53
33,2026-01-21T19:23:14.811,2026-01-31T01:01:00.342,"Any[53, 45, 37, 30, 25, 19, 10]",53,10
525,2026-01-21T19:23:14.811,2026-01-31T01:01:00.342,"Any[53, 45, 37, 30, 25, 19, 10]",53,10
1433,2026-01-21T19:23:14.811,2026-01-24T01:01:00.342,"Any[53, 45, 37, 30, 25, 19, 10]",53,10
26,2026-01-21T20:00:58.0,2026-01-31T01:38:43.531,"Any[8, 13, 19, 25, 30, 37, 45]",8,45
544,2026-01-21T20:53:56.0,2026-01-24T02:31:41.531,"Any[62, 53, 45, 37, 30, 25, 19, 11, 6]",62,6
1225,2026-01-21T21:03:42.05,2026-01-24T02:41:27.581,"Any[10, 19, 25, 30, 37, 45, 53, 60]",10,60
440,2026-01-21T21:13:17.0,2026-01-31T02:51:02.531,"Any[1, 6, 11, 19, 23, 36, 44, 54, 60]",1,60
1526,2026-01-21T21:13:17.0,2026-01-31T02:51:02.531,"Any[1, 6, 11, 19, 23, 36, 44, 54, 60]",1,60
1031,2026-01-21T21:29:16.0,2026-01-31T03:07:01.531,"Any[8, 13, 19, 30, 37, 45, 56]",8,56
1183,2026-01-21T21:45:02.196,2026-01-24T03:22:47.727,"Any[19, 25, 30, 37, 45, 56]",19,56
1498,2026-01-21T22:08:51.0,2026-01-24T03:46:36.531,"Any[8, 13, 19, 25, 30, 37, 45, 56]",8,56
134,2026-01-21T22:14:28.0,2026-01-24T03:52:13.531,"Any[13, 25, 30, 37, 45, 56]",13,56
1074,2026-01-21T22:23:45.0,2026-01-24T04:01:30.531,"Any[53, 45, 37, 30, 25, 19, 10]",53,10
1391,2026-01-21T22:23:45.0,2026-01-24T04:01:30.531,"Any[53, 45, 37, 30, 25, 19, 10]",53,10
1593,2026-01-21T22:45:22.0,2026-01-31T04:23:07.531,"Any[10, 19, 25, 30, 37, 45, 53, 60]",10,60
365,2026-01-21T22:53:57.0,2026-01-31T04:31:42.531,"Any[53, 45, 37, 30, 25, 19, 11, 6, 1]",53,1
122,2026-01-21T22:55:41.0,2026-01-24T04:33:26.531,"Any[19, 25, 30, 37, 45, 53]",19,53
313,2026-01-21T22:55:41.0,2026-01-31T04:33:26.531,"Any[19, 25, 30, 37, 45, 53]",19,53
965,2026-01-21T22:55:41.0,2026-01-31T04:33:26.531,"Any[19, 25, 30, 37, 45, 53]",19,53
1110,2026-01-21T22:55:41.0,2026-01-31T04:33:26.531,"Any[19, 25, 30, 37, 45, 53]",19,53
1112,2026-01-21T23:03:00.0,2026-01-24T04:40:45.531,"Any[1, 6, 11, 19, 25, 30, 37, 45, 56]",1,56
1454,2026-01-21T23:06:31.0,2026-01-24T04:44:16.531,"Any[53, 45, 37, 30, 25, 19, 10]",53,10
756,2026-01-21T23:07:09.0,2026-01-24T04:44:54.531,"Any[8, 13, 19, 25, 30, 37, 45, 56]",8,56
885,2026-01-21T23:16:35.0,2026-01-24T04:54:20.531,"Any[53, 45, 37, 30, 25, 19, 11, 6, 1]",53,1
1423,2026-01-21T23:29:00.0,2026-01-24T05:06:45.531,"Any[53, 45, 37, 30, 25, 19, 10]",53,10
1446,2026-01-21T23:29:00.0,2026-01-24T05:06:45.531,"Any[53, 45, 37, 30, 25, 19, 10]",53,10
413,2026-01-21T23:38:30.0,2026-01-24T05:16:15.531,"Any[19, 25, 30, 37, 45, 56]",19,56
1131,2026-01-21T23:52:20.364,2026-01-24T05:30:05.895,"Any[1, 6, 11, 19, 25, 30, 37, 45, 56]",1,56
468,2026-01-22T00:51:35.897,2026-01-24T06:29:21.428,"Any[53, 45, 37, 30, 25, 19, 13, 8]",53,8
1093,2026-01-22T00:51:35.897,2026-01-31T06:29:21.428,"Any[53, 45, 37, 30, 25, 19, 13, 8]",53,8
731,2026-01-22T01:29:08.0,2026-01-31T07:06:53.531,"Any[64, 60, 53, 45, 37, 30, 25, 19, 13, 8]",64,8
1595,2026-01-22T01:53:56.0,2026-01-31T07:31:41.531,"Any[10, 19, 25, 30, 37, 45, 53, 60]",10,60
1499,2026-01-22T02:11:44.0,2026-01-31T07:49:29.531,"Any[8, 13, 19, 25, 30, 37, 45, 56]",8,56
229,2026-01-22T02:18:59.0,2026-01-31T07:56:44.531,"Any[64, 60, 53, 45, 37, 30, 25, 19, 10]",64,10
83,2026-01-22T02:21:41.0,2026-01-24T07:59:26.531,"Any[64, 53, 45, 37, 30, 25, 19, 10]",64,10
1105,2026-01-22T03:46:06.524,2026-01-24T09:23:52.055,"Any[7, 8, 13, 19, 25, 30, 37, 45, 56]",7,56
908,2026-01-22T03:49:28.0,2026-01-24T09:27:13.531,"Any[56, 45, 37, 30, 25]",56,25
288,2026-01-22T04:31:06.0,2026-01-24T10:08:51.531,"Any[19, 25, 30, 37, 45, 53]",19,53
1029,2026-01-22T05:24:46.0,2026-01-24T11:02:31.531,"Any[19, 30, 37, 45, 56]",19,56
618,2026-01-22T05:27:21.0,2026-01-24T11:05:06.531,"Any[60, 53, 45, 37, 30, 25, 19, 11, 6]",60,6
145,2026-01-22T06:46:00.0,2026-01-31T12:23:45.531,"Any[64, 60, 53, 45, 37, 30, 25, 19, 11, 6, 1]",64,1
100,2026-01-22T07:15:58.0,2026-01-24T12:53:43.531,"Any[60, 56, 45, 37, 30, 25, 19, 11, 6]",60,6
1403,2026-01-22T07:28:09.041,2026-01-24T13:05:54.572,"Any[53, 45, 37, 30, 25, 19, 10]",53,10
128,2026-01-22T07:40:57.0,2026-01-31T13:18:42.531,"Any[56, 45, 37, 30, 25, 19, 10]",56,10
859,2026-01-22T07:45:56.0,2026-01-24T13:23:41.531,"Any[53, 45, 37, 30, 25, 19, 11, 6, 1]",53,1
114,2026-01-22T07:47:14.0,2026-01-31T13:24:59.531,"Any[53, 45, 37, 30, 25, 19, 10]",53,10
1388,2026-01-22T07:47:14.0,2026-01-24T13:24:59.531,"Any[53, 45, 37, 30, 25, 19, 10]",53,10
983,2026-01-22T07:48:44.0,2026-01-31T13:26:29.531,"Any[56, 45, 37, 30, 25]",56,25
341,2026-01-22T09:03:04.104,2026-01-24T14:40:49.635,"Any[60, 56, 45, 37, 30, 25, 19, 11, 6]",60,6
326,2026-01-22T10:00:26.0,2026-01-31T15:38:11.531,"Any[8, 13, 19, 25, 30, 37, 45, 56]",8,56
855,2026-01-22T10:00:26.0,2026-01-24T15:38:11.531,"Any[8, 13, 19, 25, 30, 37, 45, 56]",8,56
1513,2026-01-22T10:00:26.0,2026-01-31T15:38:11.531,"Any[8, 13, 19, 25, 30, 37, 45, 56]",8,56
206,2026-01-22T10:19:53.768,2026-01-31T15:57:39.299,"Any[53, 45, 37, 30, 25, 19, 11, 6, 1]",53,1
520,2026-01-22T10:19:53.768,2026-01-31T15:57:39.299,"Any[53, 45, 37, 30, 25, 19, 11, 6, 1]",53,1
98,2026-01-22T10:58:45.572,2026-01-24T16:36:31.103,"Any[62, 45, 37, 30, 25, 19]",62,19
420,2026-01-22T10:58:45.572,2026-01-24T16:36:31.103,"Any[62, 45, 37, 30, 25, 19]",62,19
1334,2026-01-22T11:07:22.0,2026-01-31T16:45:07.531,"Any[53, 45, 37, 30, 25, 19, 13, 8]",53,8
860,2026-01-22T11:19:32.0,2026-01-24T16:57:17.531,"Any[6, 11, 19, 25, 30, 37, 45]",6,45
415,2026-01-22T11:40:29.0,2026-01-24T17:18:14.531,"Any[3, 6, 11, 19, 25, 30, 37, 45, 50, 45, 56]",3,56
1508,2026-01-22T11:44:05.0,2026-01-31T17:21:50.531,"Any[8, 13, 19, 25, 30, 37, 45, 56]",8,56
540,2026-01-22T11:45:13.0,2026-01-31T17:22:58.531,"Any[6, 11, 19, 25, 30, 37, 45]",6,45
1153,2026-01-22T11:45:13.0,2026-01-31T17:22:58.531,"Any[6, 11, 19, 25, 30, 37, 45]",6,45
629,2026-01-22T11:52:50.0,2026-01-24T17:30:35.531,"Any[53, 45, 37, 30, 25, 19, 13, 8]",53,8
1420,2026-01-22T12:08:04.0,2026-01-24T17:45:49.531,"Any[53, 45, 37, 30, 25, 19, 10]",53,10
1208,2026-01-22T12:30:46.04,2026-01-24T18:08:31.571,"Any[19, 25, 30, 37, 45, 56]",19,56
1292,2026-01-22T12:34:04.0,2026-01-24T18:11:49.531,"Any[53, 45, 37, 30, 25, 19, 10]",53,10
1452,2026-01-22T12:34:04.0,2026-01-31T18:11:49.531,"Any[53, 45, 37, 30, 25, 19, 10]",53,10
869,2026-01-22T12:40:07.0,2026-01-31T18:17:52.531,"Any[6, 11, 19, 25, 30, 37, 45]",6,45
53,2026-01-22T12:50:09.0,2026-01-31T18:27:54.531,"Any[56, 45, 37, 30, 25]",56,25
432,2026-01-22T12:50:09.0,2026-01-31T18:27:54.531,"Any[56, 45, 37, 30, 25]",56,25
402,2026-01-22T12:51:04.884,2026-01-31T18:28:50.415,"Any[64, 60, 56, 45, 37, 30, 25, 19, 13, 8, 7, 8]",64,8
1148,2026-01-22T12:51:08.0,2026-01-31T18:28:53.531,"Any[62, 45, 37, 30, 25, 19, 11, 6, 6, 1]",62,6
753,2026-01-22T13:10:43.643,2026-01-24T18:48:29.174,"Any[1, 6, 11, 19, 25, 30, 37, 45, 56]",1,56
20,2026-01-22T13:25:42.0,2026-01-31T19:03:27.531,"Any[3, 6, 11, 19, 25, 30, 37, 45]",3,45
27,2026-01-22T13:55:44.0,2026-01-24T19:33:29.531,"Any[19, 25, 30, 37, 45, 56, 60]",19,60
458,2026-01-22T14:08:08.0,2026-01-31T19:45:53.531,"Any[19, 25, 30, 37, 45, 56]",19,56
447,2026-01-22T14:20:30.0,2026-01-24T19:58:15.531,"Any[6, 11, 19, 25, 30, 37, 45]",6,45
490,2026-01-22T14:20:30.0,2026-01-31T19:58:15.531,"Any[6, 11, 19, 25, 30, 37, 45]",6,45
171,2026-01-22T14:25:26.0,2026-01-24T20:03:11.531,"Any[8, 13, 19, 25, 30, 37, 45, 56, 60]",8,60
956,2026-01-22T14:25:26.0,2026-01-24T20:03:11.531,"Any[8, 13, 19, 25, 30, 37, 45, 56, 60]",8,60
660,2026-01-22T14:30:46.0,2026-01-31T20:08:31.531,"Any[1, 6, 11, 19, 25, 30, 37, 45, 56]",1,56
727,2026-01-22T14:35:10.0,2026-01-31T20:12:55.531,"Any[13, 19, 25, 30, 37, 45, 56]",13,56
239,2026-01-22T14:52:19.0,2026-01-24T20:30:04.531,"Any[53, 45, 37, 30, 25, 19, 13, 8]",53,8
173,2026-01-22T15:16:08.0,2026-01-24T20:53:53.531,"Any[53, 45, 37, 30, 25, 19, 11, 6, 1]",53,1
665,2026-01-22T15:16:08.0,2026-01-31T20:53:53.531,"Any[53, 45, 37, 30, 25, 19, 11, 6, 1]",53,1
923,2026-01-22T15:16:38.801,2026-01-31T20:54:24.332,"Any[8, 13, 19, 25, 30, 37, 45, 53, 60]",8,60
376,2026-01-22T15:19:02.0,2026-01-31T20:56:47.531,"Any[53, 45, 37, 30, 25, 19, 10]",53,10
1286,2026-01-22T15:19:02.0,2026-01-31T20:56:47.531,"Any[53, 45, 37, 30, 25, 19, 10]",53,10
60,2026-01-22T15:22:30.0,2026-01-24T21:00:15.531,"Any[8, 13, 19, 25, 30, 37, 45, 56]",8,56
395,2026-01-22T15:32:20.324,2026-01-31T21:10:05.855,"Any[6, 11, 19, 25, 30, 37, 45, 53]",6,53
1590,2026-01-22T15:32:20.324,2026-01-24T21:10:05.855,"Any[6, 11, 19, 25, 30, 37, 45, 53]",6,53
767,2026-01-22T15:47:18.0,2026-01-31T21:25:03.531,"Any[64, 60, 56, 45, 37, 30, 25, 19, 17, 19, 13, 8]",64,8
1024,2026-01-22T15:53:49.0,2026-01-24T21:31:34.531,"Any[64, 60, 53, 45, 37, 30, 25, 19, 10]",64,10
879,2026-01-22T16:02:26.0,2026-01-24T21:40:11.531,"Any[60, 53, 45, 37, 30, 25, 19, 13, 8]",60,8
761,2026-01-22T16:12:32.0,2026-01-31T21:50:17.531,"Any[60, 53, 45, 37, 30, 25]",60,25
938,2026-01-22T16:12:32.0,2026-01-24T21:50:17.531,"Any[60, 53, 45, 37, 30, 25]",60,25
1028,2026-01-22T16:12:32.0,2026-01-24T21:50:17.531,"Any[60, 53, 45, 37, 30, 25]",60,25
200,2026-01-22T16:16:42.0,2026-01-24T21:54:27.531,"Any[1, 6, 11, 19, 25, 30, 37, 45, 56]",1,56
696,2026-01-22T16:16:42.0,2026-01-24T21:54:27.531,"Any[1, 6, 11, 19, 25, 30, 37, 45, 56]",1,56
1476,2026-01-22T16:20:28.0,2026-01-24T21:58:13.531,"Any[8, 13, 19, 25, 30, 37, 45, 56]",8,56
1517,2026-01-22T16:20:28.0,2026-01-24T21:58:13.531,"Any[8, 13, 19, 25, 30, 37, 45, 56]",8,56
607,2026-01-22T16:22:08.0,2026-01-31T21:59:53.531,"Any[64, 56, 45, 37, 30, 25, 19, 11, 6]",64,6
127,2026-01-22T16:31:07.0,2026-01-24T22:08:52.531,"Any[60, 53, 45, 37, 30, 25]",60,25
251,2026-01-22T16:39:03.8,2026-01-24T22:16:49.331,"Any[1, 6, 11, 19, 25, 30, 37, 45, 56, 60]",1,60
1532,2026-01-22T16:39:03.8,2026-01-24T22:16:49.331,"Any[1, 6, 11, 19, 25, 30, 37, 45, 56, 60]",1,60
1536,2026-01-22T16:39:03.8,2026-01-31T22:16:49.331,"Any[1, 6, 11, 19, 25, 30, 37, 45, 56, 60]",1,60
840,2026-01-22T16:44:10.0,2026-01-31T22:21:55.531,"Any[60, 53, 45, 37, 30, 25]",60,25
1042,2026-01-22T16:45:10.0,2026-01-24T22:22:55.531,"Any[8, 13, 19, 25, 30, 37, 45, 56]",8,56
1235,2026-01-22T17:26:22.0,2026-01-31T23:04:07.531,"Any[1, 6, 11, 19, 25, 30, 37, 45, 56, 60]",1,60
728,2026-01-22T17:26:46.913,2026-01-24T23:04:32.444,"Any[1, 6, 11, 19, 25, 30, 37, 45, 56]",1,56
1090,2026-01-22T17:47:34.0,2026-01-31T23:25:19.531,"Any[8, 13, 19, 25, 30, 37, 45, 53, 60]",8,60
794,2026-01-22T17:48:05.0,2026-01-24T23:25:50.531,"Any[8, 13, 19, 25, 30, 37, 45, 56]",8,56
664,2026-01-22T18:24:58.0,2026-02-01T00:02:43.531,"Any[62, 53, 45, 37, 30, 25, 19, 11, 6, 1]",62,1
550,2026-01-22T18:26:14.305,2026-02-01T00:03:59.836,"Any[60, 56, 45, 37, 30, 25, 19, 11, 6]",60,6
553,2026-01-22T18:40:23.775,2026-02-01T00:18:09.306,"Any[56, 45, 37, 30, 25]",56,25
582,2026-01-22T18:40:23.775,2026-02-01T00:18:09.306,"Any[56, 45, 37, 30, 25]",56,25
504,2026-01-22T19:23:38.869,2026-01-25T01:01:24.4,"Any[1, 6, 11, 19, 25, 30, 37, 45, 53, 60]",1,60
498,2026-01-22T19:45:22.0,2026-02-01T01:23:07.531,"Any[53, 45, 37, 30, 25, 19, 13, 8]",53,8
593,2026-01-22T19:45:22.0,2026-01-25T01:23:07.531,"Any[53, 45, 37, 30, 25, 19, 13, 8]",53,8
189,2026-01-22T19:56:21.0,2026-01-25T01:34:06.531,"Any[53, 45, 37, 30, 25, 19, 10]",53,10
516,2026-01-22T19:59:11.0,2026-02-01T01:36:56.531,"Any[53, 45, 37, 30, 25, 19, 13, 8]",53,8
107,2026-01-22T20:17:50.0,2026-01-25T01:55:35.531,"Any[53, 45, 37, 30, 25, 19, 13, 8]",53,8
690,2026-01-22T20:17:50.0,2026-02-01T01:55:35.531,"Any[53, 45, 37, 30, 25, 19, 13, 8]",53,8
922,2026-01-22T20:24:43.0,2026-01-25T02:02:28.531,"Any[53, 45, 37, 30, 25, 19, 10]",53,10
74,2026-01-22T20:41:14.0,2026-01-25T02:18:59.531,"Any[53, 45, 37, 30, 25, 19, 13, 8]",53,8
627,2026-01-22T20:41:14.0,2026-01-25T02:18:59.531,"Any[53, 45, 37, 30, 25, 19, 13, 8]",53,8
474,2026-01-22T20:43:21.0,2026-02-01T02:21:06.531,"Any[53, 45, 37, 30, 25, 19, 11, 6, 1]",53,1
1269,2026-01-22T20:43:21.0,2026-02-01T02:21:06.531,"Any[53, 45, 37, 30, 25, 19, 11, 6, 1]",53,1
1365,2026-01-22T20:51:15.0,2026-01-25T02:29:00.531,"Any[53, 45, 37, 30, 25, 19, 11, 6, 1]",53,1
615,2026-01-22T20:52:04.0,2026-01-25T02:29:49.531,"Any[6, 11, 19, 25, 30, 37, 45]",6,45
382,2026-01-22T20:57:34.0,2026-02-01T02:35:19.531,"Any[7, 8, 13, 19, 25, 30, 37, 45, 53]",7,53
977,2026-01-22T21:04:30.0,2026-01-25T02:42:15.531,"Any[60, 53, 45, 37, 30, 25]",60,25
754,2026-01-22T21:07:06.0,2026-02-01T02:44:51.531,"Any[53, 45, 37, 30, 25, 19, 13, 8]",53,8
1441,2026-01-22T21:38:40.391,2026-01-25T03:16:25.922,"Any[53, 45, 37, 30, 25, 19, 10]",53,10
1511,2026-01-22T21:47:03.0,2026-02-01T03:24:48.531,"Any[8, 13, 19, 25, 30, 37, 45, 56]",8,56
567,2026-01-22T22:30:35.0,2026-02-01T04:08:20.531,"Any[60, 56, 45, 37, 30, 25, 19, 13, 8]",60,8
253,2026-01-22T22:40:40.0,2026-02-01T04:18:25.531,"Any[53, 45, 37, 30, 25, 19, 11, 6, 1]",53,1
463,2026-01-22T22:40:40.0,2026-02-01T04:18:25.531,"Any[53, 45, 37, 30, 25, 19, 11, 6, 1]",53,1
585,2026-01-22T22:40:40.0,2026-02-01T04:18:25.531,"Any[53, 45, 37, 30, 25, 19, 11, 6, 1]",53,1
401,2026-01-22T22:58:28.0,2026-02-01T04:36:13.531,"Any[53, 45, 37, 30, 25, 19, 10]",53,10
562,2026-01-22T23:00:08.0,2026-02-01T04:37:53.531,"Any[19, 25, 30, 37, 45, 56]",19,56
1184,2026-01-22T23:00:08.0,2026-01-25T04:37:53.531,"Any[19, 25, 30, 37, 45, 56]",19,56
364,2026-01-22T23:18:18.0,2026-02-01T04:56:03.531,"Any[53, 45, 37, 30, 25, 19, 10]",53,10
1063,2026-01-22T23:18:18.0,2026-02-01T04:56:03.531,"Any[53, 45, 37, 30, 25, 19, 10]",53,10
1408,2026-01-22T23:18:18.0,2026-02-01T04:56:03.531,"Any[53, 45, 37, 30, 25, 19, 10]",53,10
407,2026-01-22T23:20:07.0,2026-02-01T04:57:52.531,"Any[13, 19, 25, 30, 37, 45, 56]",13,56
232,2026-01-22T23:35:26.732,2026-01-25T05:13:12.263,"Any[53, 45, 37, 30, 25, 19, 11, 6, 1]",53,1
483,2026-01-22T23:35:26.732,2026-01-25T05:13:12.263,"Any[53, 45, 37, 30, 25, 19, 11, 6, 1]",53,1
884,2026-01-22T23:36:38.0,2026-02-01T05:14:23.531,"Any[53, 45, 37, 30, 25]",53,25
986,2026-01-22T23:40:21.0,2026-01-25T05:18:06.531,"Any[8, 13, 19, 25, 30, 37, 45]",8,45
385,2026-01-22T23:46:38.0,2026-02-01T05:24:23.531,"Any[53, 45, 37, 30, 25, 19, 13, 8]",53,8
1156,2026-01-22T23:46:38.0,2026-02-01T05:24:23.531,"Any[53, 45, 37, 30, 25, 19, 13, 8]",53,8
1335,2026-01-22T23:46:38.0,2026-01-25T05:24:23.531,"Any[53, 45, 37, 30, 25, 19, 13, 8]",53,8
1356,2026-01-22T23:46:38.0,2026-02-01T05:24:23.531,"Any[53, 45, 37, 30, 25, 19, 13, 8]",53,8
475,2026-01-22T23:53:53.467,2026-01-25T05:31:38.998,"Any[8, 13, 19, 25, 30, 37, 45, 56]",8,56
1384,2026-01-23T00:26:36.0,2026-01-25T06:04:21.531,"Any[53, 45, 37, 30, 25, 19, 11, 6, 1]",53,1
429,2026-01-23T00:53:45.0,2026-02-01T06:31:30.531,"Any[53, 45, 37, 30, 25, 19, 10]",53,10
1415,2026-01-23T00:53:45.0,2026-01-25T06:31:30.531,"Any[53, 45, 37, 30, 25, 19, 10]",53,10
952,2026-01-23T00:59:13.0,2026-01-25T06:36:58.531,"Any[1, 6, 11, 19, 25, 30, 37, 45, 53, 60]",1,60
1013,2026-01-23T00:59:13.0,2026-01-25T06:36:58.531,"Any[1, 6, 11, 19, 25, 30, 37, 45, 53, 60]",1,60
1174,2026-01-23T01:16:37.0,2026-01-25T06:54:22.531,"Any[8, 13, 19, 25, 30, 37, 45, 56]",8,56
1436,2026-01-23T01:29:29.0,2026-02-01T07:07:14.531,"Any[53, 45, 37, 30, 25, 19, 10]",53,10
920,2026-01-23T02:17:45.0,2026-01-25T07:55:30.531,"Any[53, 45, 37, 30, 25, 19, 11, 10, 11, 6, 1]",53,1
104,2026-01-23T02:19:24.0,2026-02-01T07:57:09.531,"Any[53, 45, 37, 30, 25, 19, 11, 6, 1]",53,1
121,2026-01-23T02:27:45.0,2026-01-25T08:05:30.531,"Any[19, 25, 30, 37, 45, 56]",19,56
830,2026-01-23T02:27:45.0,2026-02-01T08:05:30.531,"Any[19, 25, 30, 37, 45, 56]",19,56
194,2026-01-23T02:33:43.0,2026-01-25T08:11:28.531,"Any[53, 45, 37, 30, 25, 19, 11, 6, 1]",53,1
836,2026-01-23T02:33:43.0,2026-02-01T08:11:28.531,"Any[53, 45, 37, 30, 25, 19, 11, 6, 1]",53,1
819,2026-01-23T02:46:32.0,2026-02-01T08:24:17.531,"Any[64, 60, 53, 45, 37, 30, 25, 19, 10]",64,10
1263,2026-01-23T02:46:32.0,2026-01-25T08:24:17.531,"Any[64, 60, 53, 45, 37, 30, 25, 19, 10]",64,10
1047,2026-01-23T03:08:33.0,2026-02-01T08:46:18.531,"Any[53, 45, 37, 30, 25, 19, 11, 6, 1]",53,1
782,2026-01-23T04:15:50.0,2026-02-01T09:53:35.531,"Any[60, 56, 45, 37, 30, 25, 19, 11, 6]",60,6
320,2026-01-23T06:13:01.0,2026-01-25T11:50:46.531,"Any[1, 6, 11, 19, 25, 30, 37, 45, 56]",1,56
949,2026-01-23T06:13:01.0,2026-01-25T11:50:46.531,"Any[1, 6, 11, 19, 25, 30, 37, 45, 56]",1,56
303,2026-01-23T06:18:52.0,2026-01-25T11:56:37.531,"Any[19, 25, 30, 37, 45, 56]",19,56
1006,2026-01-23T06:18:52.0,2026-01-25T11:56:37.531,"Any[19, 25, 30, 37, 45, 56]",19,56
328,2026-01-23T06:27:21.0,2026-02-01T12:05:06.531,"Any[64, 60, 53, 45, 37, 30, 25, 19, 11, 6, 1]",64,1
890,2026-01-23T06:27:21.0,2026-01-25T12:05:06.531,"Any[64, 60, 53, 45, 37, 30, 25, 19, 11, 6, 1]",64,1
933,2026-01-23T06:27:21.0,2026-01-25T12:05:06.531,"Any[64, 60, 53, 45, 37, 30, 25, 19, 11, 6, 1]",64,1
688,2026-01-23T06:28:44.0,2026-02-01T12:06:29.531,"Any[53, 45, 37, 30, 25]",53,25
1541,2026-01-23T06:51:04.0,2026-02-01T12:28:49.531,"Any[1, 6, 11, 16, 25, 30, 37, 45, 56]",1,56
784,2026-01-23T07:16:23.0,2026-02-01T12:54:08.531,"Any[53, 45, 37, 30, 25, 19, 10]",53,10
1259,2026-01-23T08:25:48.0,2026-02-01T14:03:33.531,"Any[64, 60, 56, 45, 37, 30, 25, 19, 13, 8]",64,8
266,2026-01-23T08:25:56.0,2026-01-25T14:03:41.531,"Any[19, 25, 30, 37, 45, 53]",19,53
344,2026-01-23T08:30:22.0,2026-02-01T14:08:07.531,"Any[54, 44, 36, 23, 19, 11, 6]",54,6
976,2026-01-23T08:41:02.0,2026-01-25T14:18:47.531,"Any[6, 11, 16, 25, 30, 37, 45]",6,45
683,2026-01-23T08:47:03.0,2026-02-01T14:24:48.531,"Any[53, 45, 37, 30, 25, 19, 10]",53,10
1421,2026-01-23T08:47:03.0,2026-02-01T14:24:48.531,"Any[53, 45, 37, 30, 25, 19, 10]",53,10
133,2026-01-23T08:57:41.0,2026-02-01T14:35:26.531,"Any[53, 45, 37, 30, 25, 19, 11, 6, 1]",53,1
278,2026-01-23T09:01:03.0,2026-01-25T14:38:48.531,"Any[16, 19, 25, 30, 37, 45, 53]",16,53
378,2026-01-23T09:09:43.0,2026-01-25T14:47:28.531,"Any[1, 6, 11, 19, 25, 30, 37, 45, 56]",1,56
818,2026-01-23T09:09:43.0,2026-01-25T14:47:28.531,"Any[1, 6, 11, 19, 25, 30, 37, 45, 56]",1,56
201,2026-01-23T09:25:56.0,2026-02-01T15:03:41.531,"Any[53, 45, 37, 30, 25, 19, 11, 6, 3, 1]",53,1
993,2026-01-23T09:25:56.0,2026-01-25T15:03:41.531,"Any[53, 45, 37, 30, 25, 19, 11, 6, 3, 1]",53,1
1371,2026-01-23T09:25:56.0,2026-02-01T15:03:41.531,"Any[53, 45, 37, 30, 25, 19, 11, 6, 3, 1]",53,1
1430,2026-01-23T09:58:14.601,2026-02-01T15:36:00.132,"Any[53, 45, 37, 30, 25, 19, 10]",53,10
1539,2026-01-23T10:06:30.0,2026-01-25T15:44:15.531,"Any[1, 6, 11, 19, 25, 30, 37, 45, 56]",1,56
930,2026-01-23T10:11:49.0,2026-02-01T15:49:34.531,"Any[53, 45, 37, 30, 25, 19, 10]",53,10
1438,2026-01-23T10:11:49.0,2026-01-25T15:49:34.531,"Any[53, 45, 37, 30, 25, 19, 10]",53,10
220,2026-01-23T10:31:04.0,2026-01-25T16:08:49.531,"Any[1, 6, 11, 19, 25, 30, 37, 45, 56]",1,56
1543,2026-01-23T10:31:04.0,2026-02-01T16:08:49.531,"Any[1, 6, 11, 19, 25, 30, 37, 45, 56]",1,56
758,2026-01-23T10:32:09.0,2026-01-25T16:09:54.531,"Any[19, 25, 30, 37, 45, 53]",19,53
1288,2026-01-23T10:32:09.0,2026-02-01T16:09:54.531,"Any[19, 25, 30, 37, 45, 53]",19,53
777,2026-01-23T10:37:01.0,2026-02-01T16:14:46.531,"Any[53, 45, 37, 30, 25, 19, 10]",53,10
1277,2026-01-23T10:48:30.0,2026-01-25T16:26:15.531,"Any[6, 11, 19, 25, 30, 37, 45]",6,45
1544,2026-01-23T10:51:57.0,2026-02-01T16:29:42.531,"Any[1, 6, 11, 19, 25, 30, 37, 45, 56]",1,56
1017,2026-01-23T11:15:53.0,2026-02-01T16:53:38.531,"Any[60, 53, 45, 37, 30, 25, 19, 11, 6]",60,6
996,2026-01-23T11:24:58.0,2026-02-01T17:02:43.531,"Any[6, 11, 19, 25, 30, 37, 45]",6,45
1188,2026-01-23T11:24:58.0,2026-02-01T17:02:43.531,"Any[6, 11, 19, 25, 30, 37, 45]",6,45
353,2026-01-23T11:34:03.0,2026-01-25T17:11:48.531,"Any[3, 6, 11, 19, 25, 30, 37, 45, 56]",3,56
1567,2026-01-23T11:58:07.518,2026-01-25T17:35:53.049,"Any[6, 11, 19, 25, 30, 37, 45, 56]",6,56
367,2026-01-23T12:16:28.0,2026-02-01T17:54:13.531,"Any[1, 6, 11, 19, 25, 30, 37, 45, 56]",1,56
511,2026-01-23T12:16:39.888,2026-02-01T17:54:25.419,"Any[8, 13, 19, 25, 30, 37, 45, 56]",8,56
1488,2026-01-23T12:16:39.888,2026-02-01T17:54:25.419,"Any[8, 13, 19, 25, 30, 37, 45, 56]",8,56
1266,2026-01-23T12:18:10.0,2026-01-25T17:55:55.531,"Any[53, 45, 37, 30, 25, 19, 10]",53,10
636,2026-01-23T12:20:11.0,2026-02-01T17:57:56.531,"Any[6, 11, 19, 25, 30, 37, 45, 56]",6,56
123,2026-01-23T12:26:18.0,2026-01-25T18:04:03.531,"Any[25, 30, 37, 45, 56, 60]",25,60
954,2026-01-23T12:26:18.0,2026-01-25T18:04:03.531,"Any[25, 30, 37, 45, 56, 60]",25,60
962,2026-01-23T12:26:18.0,2026-02-01T18:04:03.531,"Any[25, 30, 37, 45, 56, 60]",25,60
715,2026-01-23T12:34:55.0,2026-02-01T18:12:40.531,"Any[53, 45, 37, 30, 25, 19, 10]",53,10
1444,2026-01-23T12:34:55.0,2026-02-01T18:12:40.531,"Any[53, 45, 37, 30, 25, 19, 10]",53,10
895,2026-01-23T12:49:03.0,2026-02-01T18:26:48.531,"Any[60, 53, 45, 37, 30, 25]",60,25
1370,2026-01-23T13:02:23.023,2026-01-25T18:40:08.554,"Any[53, 45, 37, 30, 25, 19, 11, 6, 1]",53,1
1515,2026-01-23T13:02:58.0,2026-01-25T18:40:43.531,"Any[8, 13, 19, 25, 30, 37, 45, 56]",8,56
637,2026-01-23T13:06:30.0,2026-02-01T18:44:15.531,"Any[56, 45, 37, 30, 25, 19, 11, 6]",56,6
153,2026-01-23T13:09:21.0,2026-01-25T18:47:06.531,"Any[53, 45, 37, 30, 25, 19, 10]",53,10
1429,2026-01-23T13:09:21.0,2026-01-25T18:47:06.531,"Any[53, 45, 37, 30, 25, 19, 10]",53,10
795,2026-01-23T13:37:45.662,2026-01-25T19:15:31.193,"Any[60, 56, 45, 37, 30, 25]",60,25
797,2026-01-23T13:49:13.0,2026-02-01T19:26:58.531,"Any[19, 25, 30, 37, 45, 53]",19,53
730,2026-01-23T13:52:51.0,2026-01-25T19:30:36.531,"Any[56, 45, 37, 30, 25, 19, 11, 6]",56,6
924,2026-01-23T14:07:09.0,2026-01-25T19:44:54.531,"Any[19, 17, 25, 30, 37, 45, 53]",19,53
586,2026-01-23T14:37:14.0,2026-01-25T20:14:59.531,"Any[54, 44, 36, 23, 19, 11, 6]",54,6
363,2026-01-23T14:43:36.0,2026-01-25T20:21:21.531,"Any[64, 60, 53, 45, 37, 30, 25, 19, 10]",64,10
227,2026-01-23T14:48:21.0,2026-01-25T20:26:06.531,"Any[64, 60, 56, 45, 37, 30, 25, 19, 11, 6]",64,6
1390,2026-01-23T15:00:49.0,2026-02-01T20:38:34.531,"Any[53, 45, 37, 30, 25, 19, 10]",53,10
1409,2026-01-23T15:00:49.0,2026-01-25T20:38:34.531,"Any[53, 45, 37, 30, 25, 19, 10]",53,10
854,2026-01-23T15:25:33.0,2026-01-25T21:03:18.531,"Any[13, 19, 25, 30, 37, 45, 56]",13,56
1004,2026-01-23T15:29:53.0,2026-02-01T21:07:38.531,"Any[16, 17, 25, 30, 37, 45, 53]",16,53
1084,2026-01-23T15:33:15.838,2026-01-25T21:11:01.369,"Any[6, 11, 19, 25, 30, 37, 45, 53]",6,53
1581,2026-01-23T15:33:15.838,2026-02-01T21:11:01.369,"Any[6, 11, 19, 25, 30, 37, 45, 53]",6,53
448,2026-01-23T15:40:00.0,2026-02-01T21:17:45.531,"Any[17, 16, 17, 25, 30, 37, 45, 53]",17,53
796,2026-01-23T16:01:01.0,2026-01-25T21:38:46.531,"Any[56, 45, 37, 30, 25]",56,25
708,2026-01-23T16:03:08.0,2026-02-01T21:40:53.531,"Any[54, 44, 36, 23, 19, 11, 6]",54,6
889,2026-01-23T16:22:38.68,2026-02-01T22:00:24.211,"Any[6, 11, 19, 25, 30, 37, 45, 56]",6,56
472,2026-01-23T16:28:34.0,2026-02-01T22:06:19.531,"Any[1, 6, 11, 19, 25, 30, 37, 45, 56]",1,56
653,2026-01-23T16:28:34.0,2026-01-25T22:06:19.531,"Any[1, 6, 11, 19, 25, 30, 37, 45, 56]",1,56
298,2026-01-23T16:28:40.0,2026-01-25T22:06:25.531,"Any[53, 45, 37, 30, 25, 19, 10]",53,10
674,2026-01-23T16:38:56.0,2026-02-01T22:16:41.531,"Any[10, 19, 25, 30, 37, 45, 53, 60]",10,60
1155,2026-01-23T16:38:56.0,2026-02-01T22:16:41.531,"Any[10, 19, 25, 30, 37, 45, 53, 60]",10,60
192,2026-01-23T16:47:10.0,2026-01-25T22:24:55.531,"Any[56, 45, 37, 30, 25, 19, 14]",56,14
343,2026-01-23T16:47:10.0,2026-01-25T22:24:55.531,"Any[56, 45, 37, 30, 25, 19, 14]",56,14
1224,2026-01-23T16:47:10.0,2026-01-25T22:24:55.531,"Any[56, 45, 37, 30, 25, 19, 14]",56,14
284,2026-01-23T17:17:15.0,2026-01-25T22:55:00.531,"Any[64, 53, 45, 37, 30, 25, 19, 11, 6, 1]",64,1
914,2026-01-23T17:20:09.23,2026-01-25T22:57:54.761,"Any[45, 37, 30, 25, 19]",45,19
1229,2026-01-23T17:20:09.23,2026-02-01T22:57:54.761,"Any[45, 37, 30, 25, 19]",45,19
882,2026-01-23T17:40:11.0,2026-02-01T23:17:56.531,"Any[8, 13, 19, 25, 37, 45, 56]",8,56
732,2026-01-23T17:41:52.886,2026-01-25T23:19:38.417,"Any[20, 19, 25, 30, 37, 45, 56]",20,56
297,2026-01-23T18:03:48.0,2026-01-25T23:41:33.531,"Any[8, 13, 19, 25, 30, 37, 45, 56]",8,56
1058,2026-01-23T18:06:35.0,2026-01-25T23:44:20.531,"Any[6, 11, 19, 25, 30, 37, 45, 56]",6,56
1285,2026-01-23T18:06:35.0,2026-02-01T23:44:20.531,"Any[6, 11, 19, 25, 30, 37, 45, 56]",6,56
214,2026-01-23T18:19:04.0,2026-01-25T23:56:49.531,"Any[8, 13, 19, 25, 30, 37, 45, 56]",8,56
744,2026-01-23T18:19:04.0,2026-01-25T23:56:49.531,"Any[8, 13, 19, 25, 30, 37, 45, 56]",8,56
821,2026-01-23T18:19:04.0,2026-01-25T23:56:49.531,"Any[8, 13, 19, 25, 30, 37, 45, 56]",8,56
169,2026-01-23T18:27:53.0,2026-02-02T00:05:38.531,"Any[60, 56, 45, 37, 30, 25, 19]",60,19
899,2026-01-23T18:27:53.0,2026-01-26T00:05:38.531,"Any[60, 56, 45, 37, 30, 25, 19]",60,19
471,2026-01-23T18:50:12.0,2026-02-02T00:27:57.531,"Any[60, 53, 45, 37, 30, 25, 19, 10]",60,10
1340,2026-01-23T19:43:10.0,2026-02-02T01:20:55.531,"Any[53, 45, 37, 30, 25, 19, 13, 8]",53,8
1344,2026-01-23T19:44:16.0,2026-02-02T01:22:01.531,"Any[53, 45, 37, 30, 25, 19, 13, 8]",53,8
115,2026-01-23T20:01:06.0,2026-02-02T01:38:51.531,"Any[1, 6, 11, 19, 25, 30, 37, 45, 56]",1,56
10,2026-01-23T20:03:07.557,2026-02-02T01:40:53.088,"Any[56, 45, 37, 30, 25, 19, 10]",56,10
1323,2026-01-23T20:15:30.0,2026-01-26T01:53:15.531,"Any[53, 45, 37, 30, 25, 19, 13, 8]",53,8
1343,2026-01-23T20:15:30.0,2026-02-02T01:53:15.531,"Any[53, 45, 37, 30, 25, 19, 13, 8]",53,8
160,2026-01-23T20:29:25.0,2026-01-26T02:07:10.531,"Any[60, 56, 45, 37, 30, 25, 19, 10]",60,10
994,2026-01-23T20:35:40.0,2026-01-26T02:13:25.531,"Any[3, 10, 19, 25, 30, 37, 45, 53]",3,53
1218,2026-01-23T20:38:30.786,2026-01-26T02:16:16.317,"Any[60, 56, 45, 37, 30, 25, 19]",60,19
1077,2026-01-23T21:09:40.513,2026-02-02T02:47:26.044,"Any[8, 13, 19, 25, 30, 37, 45, 56]",8,56
1120,2026-01-23T21:15:29.731,2026-01-26T02:53:15.262,"Any[8, 13, 19, 25, 30, 37, 45, 56]",8,56
1025,2026-01-23T21:32:36.0,2026-01-26T03:10:21.531,"Any[60, 56, 45, 37, 30, 25, 19, 11, 6]",60,6
1163,2026-01-23T21:32:36.0,2026-02-02T03:10:21.531,"Any[60, 56, 45, 37, 30, 25, 19, 11, 6]",60,6
1525,2026-01-23T21:45:26.0,2026-01-26T03:23:11.531,"Any[1, 6, 11, 16, 25, 30, 37, 45, 56, 60]",1,60
84,2026-01-23T21:51:05.0,2026-01-26T03:28:50.531,"Any[6, 11, 25, 30, 37, 45]",6,45
605,2026-01-23T22:23:15.0,2026-01-26T04:01:00.531,"Any[7, 8, 13, 19, 25, 30, 37, 45, 53, 60]",7,60
73,2026-01-23T23:19:41.0,2026-01-26T04:57:26.531,"Any[45, 37, 30, 25]",45,25
590,2026-01-23T23:19:41.0,2026-01-26T04:57:26.531,"Any[45, 37, 30, 25]",45,25
1092,2026-01-23T23:19:41.0,2026-02-02T04:57:26.531,"Any[45, 37, 30, 25]",45,25
14,2026-01-23T23:28:25.0,2026-02-02T05:06:10.531,"Any[53, 45, 37, 30, 25, 19, 10]",53,10
215,2026-01-23T23:28:25.0,2026-01-26T05:06:10.531,"Any[53, 45, 37, 30, 25, 19, 10]",53,10
537,2026-01-23T23:36:02.0,2026-02-02T05:13:47.531,"Any[1, 6, 11, 19, 23, 28, 36, 44, 54, 60]",1,60
1392,2026-01-23T23:39:16.106,2026-01-26T05:17:01.637,"Any[53, 45, 37, 30, 25, 19, 10]",53,10
151,2026-01-24T00:03:03.0,2026-01-26T05:40:48.531,"Any[53, 45, 37, 30, 25, 19, 13, 8]",53,8
319,2026-01-24T00:03:03.0,2026-01-26T05:40:48.531,"Any[53, 45, 37, 30, 25, 19, 13, 8]",53,8
355,2026-01-24T00:07:51.718,2026-02-02T05:45:37.249,"Any[6, 11, 19, 25, 30, 37, 45, 56]",6,56
700,2026-01-24T00:22:18.0,2026-01-26T06:00:03.531,"Any[10, 19, 25, 30, 37, 45, 53, 60]",10,60
445,2026-01-24T00:24:40.0,2026-01-26T06:02:25.531,"Any[6, 11, 19, 25, 30, 37, 45]",6,45
682,2026-01-24T00:24:40.0,2026-01-26T06:02:25.531,"Any[6, 11, 19, 25, 30, 37, 45]",6,45
959,2026-01-24T00:25:49.0,2026-02-02T06:03:34.531,"Any[19, 25, 30, 37, 45, 53]",19,53
43,2026-01-24T00:48:25.0,2026-02-02T06:26:10.531,"Any[7, 8, 13, 19, 25, 30, 37, 45, 56]",7,56
1279,2026-01-24T00:48:25.0,2026-01-26T06:26:10.531,"Any[7, 8, 13, 19, 25, 30, 37, 45, 56]",7,56
2,2026-01-24T01:15:16.0,2026-01-26T06:53:01.531,"Any[45, 37, 30, 25]",45,25
372,2026-01-24T01:34:51.0,2026-02-02T07:12:36.531,"Any[53, 45, 37, 30, 25]",53,25
1115,2026-01-24T01:34:51.0,2026-01-26T07:12:36.531,"Any[53, 45, 37, 30, 25]",53,25
663,2026-01-24T01:44:58.0,2026-02-02T07:22:43.531,"Any[60, 56, 45, 37, 30, 25, 19, 13, 19, 13, 8]",60,8
1007,2026-01-24T01:55:03.0,2026-01-26T07:32:48.531,"Any[7, 8, 13, 19, 25, 30, 37, 45, 53]",7,53
500,2026-01-24T03:00:22.0,2026-02-02T08:38:07.531,"Any[64, 60, 53, 45, 37, 30, 25, 19, 11, 6, 1]",64,1
502,2026-01-24T03:34:42.0,2026-02-02T09:12:27.531,"Any[16, 25, 30, 37, 45, 53, 60]",16,60
783,2026-01-24T03:34:42.0,2026-02-02T09:12:27.531,"Any[16, 25, 30, 37, 45, 53, 60]",16,60
1171,2026-01-24T04:16:13.0,2026-02-02T09:53:58.531,"Any[64, 60, 53, 45, 37, 30, 25, 19, 11, 6, 1]",64,1
249,2026-01-24T04:39:17.0,2026-01-26T10:17:02.531,"Any[56, 45, 37, 30, 25]",56,25
1398,2026-01-24T05:30:03.0,2026-01-26T11:07:48.531,"Any[53, 45, 37, 30, 25, 19, 10]",53,10
392,2026-01-24T05:35:00.0,2026-02-02T11:12:45.531,"Any[1, 6, 11, 19, 23, 28, 36, 44, 60]",1,60
1537,2026-01-24T05:35:00.0,2026-02-02T11:12:45.531,"Any[1, 6, 11, 19, 23, 28, 36, 44, 60]",1,60
1586,2026-01-24T05:43:02.165,2026-02-02T11:20:47.696,"Any[6, 11, 25, 30, 37, 45, 53]",6,53
1587,2026-01-24T05:43:02.165,2026-01-26T11:20:47.696,"Any[6, 11, 25, 30, 37, 45, 53]",6,53
167,2026-01-24T06:15:21.0,2026-01-26T11:53:06.531,"Any[64, 60, 53, 45, 37, 30, 25, 19, 10]",64,10
809,2026-01-24T06:22:40.0,2026-02-02T12:00:25.531,"Any[53, 45, 37, 30, 25, 19, 10]",53,10
643,2026-01-24T07:02:01.0,2026-02-02T12:39:46.531,"Any[6, 11, 19, 25, 30, 37, 45, 53]",6,53
457,2026-01-24T07:02:02.0,2026-02-02T12:39:47.531,"Any[53, 45, 37, 30, 25]",53,25
1211,2026-01-24T07:02:02.0,2026-01-26T12:39:47.531,"Any[53, 45, 37, 30, 25]",53,25
724,2026-01-24T08:00:13.0,2026-01-26T13:37:58.531,"Any[1, 6, 11, 19, 25, 30, 37, 45, 56, 64]",1,64
362,2026-01-24T08:25:24.0,2026-01-26T14:03:09.531,"Any[10, 19, 25, 30, 37, 45, 53, 60]",10,60
597,2026-01-24T09:31:56.0,2026-01-26T15:09:41.531,"Any[53, 45, 37, 30, 25, 19, 10]",53,10
92,2026-01-24T09:45:54.0,2026-01-26T15:23:39.531,"Any[10, 19, 25, 30, 37, 45, 53, 60]",10,60
640,2026-01-24T09:47:56.0,2026-02-02T15:25:41.531,"Any[1, 6, 11, 19, 25, 30, 37, 45, 56]",1,56
1469,2026-01-24T11:00:10.0,2026-02-02T16:37:55.531,"Any[19, 25, 30, 37, 45, 56]",19,56
694,2026-01-24T11:08:33.027,2026-02-02T16:46:18.558,"Any[62, 45, 37, 30, 25, 19]",62,19
626,2026-01-24T11:14:26.0,2026-01-26T16:52:11.531,"Any[53, 45, 37, 30, 25, 19, 11, 6, 1]",53,1
1362,2026-01-24T11:14:26.0,2026-01-26T16:52:11.531,"Any[53, 45, 37, 30, 25, 19, 11, 6, 1]",53,1
703,2026-01-24T11:18:38.0,2026-02-02T16:56:23.531,"Any[53, 45, 37, 30, 25, 19, 10]",53,10
1410,2026-01-24T11:18:38.0,2026-01-26T16:56:23.531,"Any[53, 45, 37, 30, 25, 19, 10]",53,10
1026,2026-01-24T11:23:17.0,2026-02-02T17:01:02.531,"Any[62, 56, 45, 37, 30, 25, 19, 13, 8]",62,8
512,2026-01-24T11:30:18.0,2026-02-02T17:08:03.531,"Any[60, 56, 45, 37, 30, 25, 19]",60,19
1551,2026-01-24T11:30:39.0,2026-01-26T17:08:24.531,"Any[6, 11, 19, 25, 30, 37, 45, 56]",6,56
888,2026-01-24T11:32:05.0,2026-01-26T17:09:50.531,"Any[60, 53, 45, 37, 30, 25, 19, 10]",60,10
1230,2026-01-24T11:32:05.0,2026-01-26T17:09:50.531,"Any[60, 53, 45, 37, 30, 25, 19, 10]",60,10
397,2026-01-24T11:37:28.0,2026-02-02T17:15:13.531,"Any[62, 45, 37, 30, 25, 19, 13, 8]",62,8
1319,2026-01-24T11:37:28.0,2026-01-26T17:15:13.531,"Any[62, 45, 37, 30, 25, 19, 13, 8]",62,8
40,2026-01-24T11:38:18.0,2026-02-02T17:16:03.531,"Any[8, 13, 19, 25, 30, 37, 45, 56]",8,56
96,2026-01-24T11:38:18.0,2026-02-02T17:16:03.531,"Any[8, 13, 19, 25, 30, 37, 45, 56]",8,56
379,2026-01-24T11:38:18.0,2026-01-26T17:16:03.531,"Any[8, 13, 19, 25, 30, 37, 45, 56]",8,56
543,2026-01-24T11:38:18.0,2026-01-26T17:16:03.531,"Any[8, 13, 19, 25, 30, 37, 45, 56]",8,56
1506,2026-01-24T11:38:18.0,2026-02-02T17:16:03.531,"Any[8, 13, 19, 25, 30, 37, 45, 56]",8,56
898,2026-01-24T11:55:03.0,2026-02-02T17:32:48.531,"Any[6, 11, 19, 25, 30, 37, 45, 56]",6,56
466,2026-01-24T12:04:48.0,2026-02-02T17:42:33.531,"Any[53, 45, 37, 30, 25, 19, 10]",53,10
1237,2026-01-24T12:04:48.0,2026-02-02T17:42:33.531,"Any[53, 45, 37, 30, 25, 19, 10]",53,10
709,2026-01-24T12:12:18.0,2026-01-26T17:50:03.531,"Any[64, 60, 53, 45, 37, 30, 25, 19, 11, 6, 1]",64,1
866,2026-01-24T12:20:45.0,2026-02-02T17:58:30.531,"Any[10, 19, 25, 30, 37, 45, 53, 60]",10,60
1214,2026-01-24T12:20:45.0,2026-02-02T17:58:30.531,"Any[10, 19, 25, 30, 37, 45, 53, 60]",10,60
706,2026-01-24T12:52:54.0,2026-02-02T18:30:39.531,"Any[6, 11, 19, 25, 30, 37, 45]",6,45
1065,2026-01-24T12:52:54.0,2026-01-26T18:30:39.531,"Any[6, 11, 19, 25, 30, 37, 45]",6,45
1337,2026-01-24T13:20:43.874,2026-01-26T18:58:29.405,"Any[53, 45, 37, 30, 25, 19, 13, 8]",53,8
623,2026-01-24T13:24:59.611,2026-01-26T19:02:45.142,"Any[1, 6, 11, 19, 25, 30, 37, 45, 56]",1,56
833,2026-01-24T13:32:45.0,2026-01-26T19:10:30.531,"Any[6, 11, 19, 25, 30, 37, 45]",6,45
327,2026-01-24T13:50:47.0,2026-01-26T19:28:32.531,"Any[7, 8, 13, 19, 25, 30, 37, 45, 53, 60]",7,60
535,2026-01-24T13:50:47.0,2026-02-02T19:28:32.531,"Any[7, 8, 13, 19, 25, 30, 37, 45, 53, 60]",7,60
1109,2026-01-24T13:50:47.0,2026-01-26T19:28:32.531,"Any[7, 8, 13, 19, 25, 30, 37, 45, 53, 60]",7,60
825,2026-01-24T14:19:06.0,2026-02-02T19:56:51.531,"Any[53, 45, 37, 30, 25, 19, 13, 8]",53,8
1331,2026-01-24T14:19:06.0,2026-02-02T19:56:51.531,"Any[53, 45, 37, 30, 25, 19, 13, 8]",53,8
237,2026-01-24T14:23:44.888,2026-02-02T20:01:30.419,"Any[19, 25, 30, 37, 45, 56]",19,56
624,2026-01-24T14:24:18.0,2026-01-26T20:02:03.531,"Any[19, 25, 30, 37, 45, 53, 60]",19,60
834,2026-01-24T14:29:32.0,2026-02-02T20:07:17.531,"Any[6, 11, 19, 25, 30, 37, 45, 56]",6,56
752,2026-01-24T14:44:45.0,2026-02-02T20:22:30.531,"Any[13, 19, 25, 30, 37, 45, 56]",13,56
999,2026-01-24T15:15:07.066,2026-01-26T20:52:52.597,"Any[64, 60, 53, 45, 37, 30, 25, 19, 13, 8]",64,8
848,2026-01-24T15:30:00.0,2026-02-02T21:07:45.531,"Any[16, 19, 25, 30, 37, 45, 53]",16,53
1146,2026-01-24T15:30:00.0,2026-02-02T21:07:45.531,"Any[16, 19, 25, 30, 37, 45, 53]",16,53
228,2026-01-24T15:35:15.0,2026-02-02T21:13:00.531,"Any[6, 11, 19, 25, 30, 37, 45]",6,45
547,2026-01-24T15:36:06.0,2026-02-02T21:13:51.531,"Any[6, 11, 19, 25, 30, 37, 45, 56]",6,56
1234,2026-01-24T15:36:06.0,2026-02-02T21:13:51.531,"Any[6, 11, 19, 25, 30, 37, 45, 56]",6,56
877,2026-01-24T15:42:21.0,2026-01-26T21:20:06.531,"Any[53, 45, 37, 30, 25]",53,25
915,2026-01-24T15:58:54.0,2026-01-26T21:36:39.531,"Any[19, 25, 30, 37, 45, 53]",19,53
1296,2026-01-24T15:58:54.0,2026-01-26T21:36:39.531,"Any[19, 25, 30, 37, 45, 53]",19,53
807,2026-01-24T16:00:40.0,2026-01-26T21:38:25.531,"Any[19, 25, 30, 37, 45, 56, 60, 64]",19,64
157,2026-01-24T16:15:39.0,2026-02-02T21:53:24.531,"Any[6, 11, 19, 25, 30, 37, 45]",6,45
337,2026-01-24T16:15:39.0,2026-01-26T21:53:24.531,"Any[6, 11, 19, 25, 30, 37, 45]",6,45
155,2026-01-24T16:54:59.0,2026-02-02T22:32:44.531,"Any[60, 56, 45, 37, 30, 25]",60,25
54,2026-01-24T16:59:17.0,2026-02-02T22:37:02.531,"Any[6, 11, 19, 25, 30, 37, 45]",6,45
1490,2026-01-24T17:09:22.0,2026-01-26T22:47:07.531,"Any[8, 13, 19, 25, 30, 37, 45, 56]",8,56
69,2026-01-24T17:20:34.0,2026-02-02T22:58:19.531,"Any[56, 45, 37, 30, 25]",56,25
621,2026-01-24T17:55:15.0,2026-02-02T23:33:00.531,"Any[19, 25, 30, 37, 45, 53]",19,53
936,2026-01-24T18:09:41.0,2026-02-02T23:47:26.531,"Any[7, 8, 13, 19, 25, 30, 37, 45, 56]",7,56
1297,2026-01-24T18:09:41.0,2026-02-02T23:47:26.531,"Any[7, 8, 13, 19, 25, 30, 37, 45, 56]",7,56
184,2026-01-24T19:57:20.0,2026-01-27T01:35:05.531,"Any[53, 45, 37, 30, 25, 19, 10]",53,10
437,2026-01-24T20:05:13.0,2026-02-03T01:42:58.531,"Any[53, 45, 37, 30, 25, 19, 13, 8]",53,8
521,2026-01-24T20:05:13.0,2026-02-03T01:42:58.531,"Any[53, 45, 37, 30, 25, 19, 13, 8]",53,8
126,2026-01-24T20:13:01.0,2026-02-03T01:50:46.531,"Any[53, 45, 37, 30, 25, 19, 13, 8]",53,8
514,2026-01-24T20:15:36.0,2026-01-27T01:53:21.531,"Any[60, 54, 44, 36, 31, 27, 21, 9]",60,9
1545,2026-01-24T20:31:48.0,2026-01-27T02:09:33.531,"Any[1, 6, 11, 19, 25, 30, 37, 45, 56]",1,56
1502,2026-01-24T21:01:58.626,2026-02-03T02:39:44.157,"Any[8, 13, 19, 25, 30, 37, 45, 56]",8,56
570,2026-01-24T21:05:46.386,2026-02-03T02:43:31.917,"Any[60, 56, 45, 37, 30, 25, 19, 11, 6]",60,6
837,2026-01-24T21:12:15.0,2026-02-03T02:50:00.531,"Any[10, 19, 25, 30, 37, 45, 53, 60]",10,60
1600,2026-01-24T22:02:50.0,2026-01-27T03:40:35.531,"Any[10, 19, 25, 30, 37, 45, 53, 60]",10,60
1512,2026-01-24T22:16:35.0,2026-01-27T03:54:20.531,"Any[8, 13, 19, 25, 30, 37, 45, 56]",8,56
1140,2026-01-24T22:59:00.0,2026-02-03T04:36:45.531,"Any[54, 44, 36, 23, 19, 13, 8]",54,8
1250,2026-01-24T22:59:00.0,2026-01-27T04:36:45.531,"Any[54, 44, 36, 23, 19, 13, 8]",54,8
285,2026-01-24T22:59:54.0,2026-02-03T04:37:39.531,"Any[60, 53, 45, 37, 30, 25]",60,25
648,2026-01-24T22:59:54.0,2026-02-03T04:37:39.531,"Any[60, 53, 45, 37, 30, 25]",60,25
505,2026-01-24T23:07:37.0,2026-02-03T04:45:22.531,"Any[25, 30, 37, 45, 56]",25,56
268,2026-01-24T23:30:35.0,2026-02-03T05:08:20.531,"Any[25, 30, 37, 45, 56]",25,56
1519,2026-01-24T23:37:13.0,2026-01-27T05:14:58.531,"Any[8, 13, 19, 25, 30, 37, 45, 56]",8,56
222,2026-01-24T23:43:51.0,2026-01-27T05:21:36.531,"Any[1, 6, 11, 19, 23, 36, 44, 54, 60]",1,60
469,2026-01-24T23:49:41.633,2026-01-27T05:27:27.164,"Any[19, 25, 30, 37, 45, 56]",19,56
1262,2026-01-24T23:49:41.633,2026-02-03T05:27:27.164,"Any[19, 25, 30, 37, 45, 56]",19,56
1154,2026-01-24T23:56:38.0,2026-02-03T05:34:23.531,"Any[19, 25, 30, 37, 45, 53]",19,53
1053,2026-01-24T23:58:01.0,2026-02-03T05:35:46.531,"Any[25, 30, 37, 45, 56]",25,56
1419,2026-01-25T00:00:33.0,2026-01-27T05:38:18.531,"Any[53, 45, 37, 30, 25, 19, 10]",53,10
666,2026-01-25T01:11:57.0,2026-02-03T06:49:42.531,"Any[64, 60, 53, 45, 37, 30, 25, 19, 10]",64,10
3,2026-01-25T01:22:58.0,2026-01-27T07:00:43.531,"Any[53, 45, 37, 30, 25, 19, 11, 6, 1]",53,1
80,2026-01-25T01:22:58.0,2026-02-03T07:00:43.531,"Any[53, 45, 37, 30, 25, 19, 11, 6, 1]",53,1
1177,2026-01-25T01:51:53.124,2026-01-27T07:29:38.655,"Any[64, 60, 53, 45, 37, 30, 25, 19, 10]",64,10
263,2026-01-25T02:19:33.0,2026-02-03T07:57:18.531,"Any[64, 60, 53, 45, 37, 30, 25, 19, 13, 8]",64,8
439,2026-01-25T03:26:03.0,2026-01-27T09:03:48.531,"Any[60, 56, 45, 37, 30, 25, 19, 13, 8]",60,8
224,2026-01-25T04:05:18.859,2026-01-27T09:43:04.39,"Any[53, 45, 37, 30, 25]",53,25
1321,2026-01-25T04:05:18.859,2026-01-27T09:43:04.39,"Any[53, 45, 37, 30, 25]",53,25
1271,2026-01-25T04:23:06.0,2026-02-03T10:00:51.531,"Any[53, 45, 37, 30, 25]",53,25
1200,2026-01-25T04:37:24.0,2026-02-03T10:15:09.531,"Any[17, 16, 17, 25, 30, 37, 45, 53, 60]",17,60
1368,2026-01-25T04:40:05.0,2026-02-03T10:17:50.531,"Any[53, 45, 37, 30, 25, 19, 11, 6, 1]",53,1
403,2026-01-25T04:59:51.0,2026-02-03T10:37:36.531,"Any[64, 60, 53, 45, 37, 30, 25, 19, 10]",64,10
430,2026-01-25T04:59:51.0,2026-01-27T10:37:36.531,"Any[64, 60, 53, 45, 37, 30, 25, 19, 10]",64,10
76,2026-01-25T05:13:47.0,2026-01-27T10:51:32.531,"Any[64, 60, 53, 45, 37, 30, 25, 19, 11, 6, 1]",64,1
868,2026-01-25T05:25:14.062,2026-02-03T11:02:59.593,"Any[1, 6, 10, 19, 23, 36, 44, 54, 60]",1,60
374,2026-01-25T05:39:54.0,2026-02-03T11:17:39.531,"Any[56, 45, 37, 30, 25]",56,25
172,2026-01-25T05:48:40.0,2026-01-27T11:26:25.531,"Any[60, 53, 45, 37, 30, 25, 19, 13, 8]",60,8
967,2026-01-25T07:01:47.0,2026-01-27T12:39:32.531,"Any[64, 60, 53, 45, 37, 30, 25, 19, 11, 6, 1]",64,1
484,2026-01-25T07:16:55.0,2026-02-03T12:54:40.531,"Any[53, 45, 37, 30, 25, 19, 13, 8]",53,8
1329,2026-01-25T07:45:44.0,2026-01-27T13:23:29.531,"Any[53, 45, 37, 30, 25, 19, 13, 8]",53,8
503,2026-01-25T07:51:09.0,2026-02-03T13:28:54.531,"Any[64, 60, 56, 45, 37, 30, 25, 19, 11, 6]",64,6
1333,2026-01-25T08:16:07.0,2026-01-27T13:53:52.531,"Any[53, 45, 37, 30, 25, 19, 13, 8]",53,8
1445,2026-01-25T08:20:17.0,2026-01-27T13:58:02.531,"Any[53, 45, 37, 30, 25, 19, 10]",53,10
786,2026-01-25T08:58:09.0,2026-02-03T14:35:54.531,"Any[64, 60, 56, 45, 37, 30, 25, 19, 10]",64,10
1428,2026-01-25T09:08:40.0,2026-02-03T14:46:25.531,"Any[53, 45, 37, 30, 25, 19, 10]",53,10
1395,2026-01-25T09:40:42.0,2026-02-03T15:18:27.531,"Any[53, 45, 37, 30, 25, 19, 10]",53,10
29,2026-01-25T11:23:41.0,2026-01-27T17:01:26.531,"Any[53, 45, 37, 30, 25]",53,25
211,2026-01-25T11:37:41.891,2026-02-03T17:15:27.422,"Any[19, 25, 30, 37, 45]",19,45
1533,2026-01-25T12:03:10.0,2026-01-27T17:40:55.531,"Any[1, 6, 11, 19, 25, 30, 37, 45, 56, 60]",1,60
699,2026-01-25T12:44:33.0,2026-02-03T18:22:18.531,"Any[64, 60, 56, 45, 37, 30, 25, 19, 11, 6, 1]",64,1
331,2026-01-25T12:59:31.0,2026-02-03T18:37:16.531,"Any[3, 10, 19, 25, 30, 37, 45, 53]",3,53
524,2026-01-25T12:59:31.0,2026-02-03T18:37:16.531,"Any[3, 10, 19, 25, 30, 37, 45, 53]",3,53
479,2026-01-25T13:10:15.0,2026-01-27T18:48:00.531,"Any[7, 8, 13, 19, 25, 30, 37, 45, 53]",7,53
443,2026-01-25T13:43:04.0,2026-02-03T19:20:49.531,"Any[53, 45, 37, 30, 25]",53,25
1050,2026-01-25T13:59:18.0,2026-01-27T19:37:03.531,"Any[19, 25, 30, 37, 45, 53, 60]",19,60
692,2026-01-25T13:59:40.0,2026-01-27T19:37:25.531,"Any[1, 6, 11, 19, 25, 30, 37, 45, 56, 60]",1,60
806,2026-01-25T13:59:40.0,2026-01-27T19:37:25.531,"Any[1, 6, 11, 19, 25, 30, 37, 45, 56, 60]",1,60
187,2026-01-25T14:03:05.0,2026-01-27T19:40:50.531,"Any[8, 13, 19, 25, 30, 37, 45]",8,45
31,2026-01-25T14:49:41.0,2026-01-27T20:27:26.531,"Any[60, 56, 45, 37, 30, 25]",60,25
972,2026-01-25T15:09:19.0,2026-02-03T20:47:04.531,"Any[53, 45, 37, 30, 25, 19, 10]",53,10
789,2026-01-25T15:27:47.108,2026-01-27T21:05:32.639,"Any[60, 56, 45, 37, 30, 25, 19]",60,19
792,2026-01-25T15:27:47.108,2026-01-27T21:05:32.639,"Any[60, 56, 45, 37, 30, 25, 19]",60,19
563,2026-01-25T15:34:07.0,2026-01-27T21:11:52.531,"Any[60, 53, 45, 37, 30, 25, 19, 13, 8]",60,8
248,2026-01-25T15:59:59.11,2026-01-27T21:37:44.641,"Any[64, 60, 56, 45, 37, 30, 25, 19, 11, 10]",64,10
1560,2026-01-25T16:13:08.0,2026-02-03T21:50:53.531,"Any[6, 11, 19, 30, 37, 45, 56]",6,56
1575,2026-01-25T16:13:08.0,2026-02-03T21:50:53.531,"Any[6, 11, 19, 30, 37, 45, 56]",6,56
1579,2026-01-25T16:13:08.0,2026-01-27T21:50:53.531,"Any[6, 11, 19, 30, 37, 45, 56]",6,56
904,2026-01-25T16:17:09.0,2026-01-27T21:54:54.531,"Any[19, 25, 30, 37, 45, 53, 60]",19,60
1019,2026-01-25T16:17:09.0,2026-01-27T21:54:54.531,"Any[19, 25, 30, 37, 45, 53, 60]",19,60
828,2026-01-25T16:31:29.0,2026-02-03T22:09:14.531,"Any[7, 8, 13, 19, 25, 30, 37, 45, 56, 60, 64]",7,64
839,2026-01-25T16:58:40.0,2026-01-27T22:36:25.531,"Any[53, 45, 37, 30, 25, 19, 10]",53,10
1123,2026-01-25T17:14:31.252,2026-02-03T22:52:16.783,"Any[1, 6, 11, 19, 25, 30, 37, 45, 56]",1,56
1061,2026-01-25T17:37:01.0,2026-01-27T23:14:46.531,"Any[56, 45, 37, 30, 25]",56,25
384,2026-01-25T17:37:51.0,2026-02-03T23:15:36.531,"Any[56, 45, 37, 30, 25]",56,25
841,2026-01-25T17:37:51.0,2026-01-27T23:15:36.531,"Any[56, 45, 37, 30, 25]",56,25
1424,2026-01-25T19:47:45.023,2026-02-04T01:25:30.554,"Any[53, 45, 37, 30, 25, 19, 10]",53,10
1056,2026-01-25T20:29:17.0,2026-02-04T02:07:02.531,"Any[53, 45, 37, 30, 25, 19, 10]",53,10
1426,2026-01-25T20:29:17.0,2026-02-04T02:07:02.531,"Any[53, 45, 37, 30, 25, 19, 10]",53,10
1451,2026-01-25T20:29:17.0,2026-01-28T02:07:02.531,"Any[53, 45, 37, 30, 25, 19, 10]",53,10
1457,2026-01-25T20:29:17.0,2026-02-04T02:07:02.531,"Any[53, 45, 37, 30, 25, 19, 10]",53,10
1479,2026-01-25T20:34:05.0,2026-01-28T02:11:50.531,"Any[8, 13, 19, 25, 30, 37, 45, 56]",8,56
946,2026-01-25T20:57:25.0,2026-02-04T02:35:10.531,"Any[53, 45, 37, 30, 25]",53,25
1260,2026-01-25T21:28:34.0,2026-02-04T03:06:19.531,"Any[3, 10, 19, 25, 30, 37, 45, 53]",3,53
658,2026-01-25T21:41:16.0,2026-01-28T03:19:01.531,"Any[53, 45, 37, 25, 19, 13, 8]",53,8
1351,2026-01-25T21:41:16.0,2026-01-28T03:19:01.531,"Any[53, 45, 37, 25, 19, 13, 8]",53,8
449,2026-01-25T21:48:50.472,2026-02-04T03:26:36.003,"Any[2, 9, 21, 27, 31, 36, 45, 55]",2,55
270,2026-01-25T21:50:31.647,2026-02-04T03:28:17.178,"Any[2, 9, 21, 27, 31, 36, 45, 55]",2,55
274,2026-01-25T22:10:31.509,2026-02-04T03:48:17.04,"Any[53, 45, 37, 30, 25, 19, 10]",53,10
572,2026-01-25T22:10:31.509,2026-02-04T03:48:17.04,"Any[53, 45, 37, 30, 25, 19, 10]",53,10
361,2026-01-25T22:18:35.952,2026-01-28T03:56:21.483,"Any[60, 56, 45, 37, 30, 25, 19, 11, 6]",60,6
548,2026-01-25T22:43:22.0,2026-01-28T04:21:07.531,"Any[19, 25, 30, 37, 45, 56]",19,56
748,2026-01-25T22:59:33.018,2026-02-04T04:37:18.549,"Any[60, 56, 45, 37, 30, 25, 19, 11, 6]",60,6
1401,2026-01-25T23:02:14.0,2026-02-04T04:39:59.531,"Any[53, 45, 37, 30, 25, 19, 10]",53,10
213,2026-01-25T23:38:19.0,2026-01-28T05:16:04.531,"Any[8, 13, 19, 25, 30, 37, 45, 56]",8,56
216,2026-01-25T23:42:58.0,2026-01-28T05:20:43.531,"Any[53, 45, 37, 30, 25, 19, 13, 8]",53,8
287,2026-01-25T23:42:58.0,2026-01-28T05:20:43.531,"Any[53, 45, 37, 30, 25, 19, 13, 8]",53,8
984,2026-01-25T23:44:03.0,2026-02-04T05:21:48.531,"Any[53, 45, 37, 30, 25]",53,25
225,2026-01-26T00:00:53.0,2026-01-21T05:38:38.531,"Any[7, 8, 13, 19, 25, 30, 37, 45, 53, 60]",7,60
798,2026-01-26T00:05:56.0,2026-01-28T05:43:41.531,"Any[53, 45, 37, 30, 25, 19, 11, 6, 1]",53,1
414,2026-01-26T00:17:12.0,2026-01-28T05:54:57.531,"Any[1, 6, 11, 19, 25, 30, 37, 45, 53, 60]",1,60
1254,2026-01-26T00:34:51.0,2026-01-21T06:12:36.531,"Any[53, 45, 37, 30, 25, 19, 11, 6, 1]",53,1
1374,2026-01-26T00:34:51.0,2026-01-21T06:12:36.531,"Any[53, 45, 37, 30, 25, 19, 11, 6, 1]",53,1
434,2026-01-26T01:38:03.0,2026-01-28T07:15:48.531,"Any[53, 45, 37, 30, 25, 17, 11, 6, 1]",53,1
1379,2026-01-26T01:43:45.0,2026-01-28T07:21:30.531,"Any[53, 45, 37, 30, 25, 19, 11, 6, 1]",53,1
1382,2026-01-26T01:43:45.0,2026-01-21T07:21:30.531,"Any[53, 45, 37, 30, 25, 19, 11, 6, 1]",53,1
1219,2026-01-26T01:44:13.0,2026-01-21T07:21:58.531,"Any[53, 45, 37, 30, 25, 19, 11, 6, 1]",53,1
852,2026-01-26T03:40:14.0,2026-01-28T09:17:59.531,"Any[53, 45, 37, 30, 25, 19, 11, 6, 1]",53,1
1274,2026-01-26T04:17:56.742,2026-01-28T09:55:42.273,"Any[53, 45, 37, 30, 25, 19, 10]",53,10
1414,2026-01-26T04:17:56.742,2026-01-28T09:55:42.273,"Any[53, 45, 37, 30, 25, 19, 10]",53,10
802,2026-01-26T04:24:57.0,2026-01-28T10:02:42.531,"Any[53, 45, 37, 30, 25, 19, 11, 6, 1]",53,1
1106,2026-01-26T04:47:47.0,2026-01-21T10:25:32.531,"Any[64, 60, 53, 45, 37, 30, 25, 19, 10]",64,10
292,2026-01-26T04:48:23.0,2026-01-28T10:26:08.531,"Any[19, 17, 25, 30, 37, 45, 53]",19,53
404,2026-01-26T05:00:21.0,2026-01-28T10:38:06.531,"Any[7, 8, 13, 19, 25, 30, 37, 45, 53]",7,53
310,2026-01-26T05:24:48.669,2026-01-28T11:02:34.2,"Any[53, 45, 37, 30, 25, 19, 11, 6, 1]",53,1
697,2026-01-26T06:59:16.0,2026-01-28T12:37:01.531,"Any[64, 60, 53, 45, 37, 30, 25, 19, 10]",64,10
346,2026-01-26T08:30:49.466,2026-01-28T14:08:34.997,"Any[13, 19, 25, 30, 37, 45, 53]",13,53
508,2026-01-26T08:31:42.0,2026-01-28T14:09:27.531,"Any[8, 13, 19, 25, 30, 37, 45, 56]",8,56
175,2026-01-26T08:43:10.0,2026-01-28T14:20:55.531,"Any[53, 45, 37, 30, 25, 19, 10]",53,10
352,2026-01-26T08:43:10.0,2026-01-28T14:20:55.531,"Any[53, 45, 37, 30, 25, 19, 10]",53,10
140,2026-01-26T08:49:10.0,2026-01-28T14:26:55.531,"Any[1, 6, 11, 19, 25, 30, 37, 45, 53, 60]",1,60
9,2026-01-26T08:49:55.0,2026-01-21T14:27:40.531,"Any[7, 8, 13, 19, 25, 30, 37, 45, 56]",7,56
549,2026-01-26T08:52:38.0,2026-01-28T14:30:23.531,"Any[19, 25, 30, 37, 45, 56]",19,56
1070,2026-01-26T09:16:37.0,2026-01-28T14:54:22.531,"Any[56, 45, 37, 30, 25]",56,25
1303,2026-01-26T09:45:24.0,2026-01-21T15:23:09.531,"Any[3, 6, 11, 19, 25, 30, 37, 45]",3,45
129,2026-01-26T11:06:26.0,2026-01-28T16:44:11.531,"Any[3, 10, 11, 19, 25, 30, 37, 45]",3,45
394,2026-01-26T11:06:26.0,2026-01-21T16:44:11.531,"Any[3, 10, 11, 19, 25, 30, 37, 45]",3,45
163,2026-01-26T11:22:43.0,2026-01-21T17:00:28.531,"Any[60, 53, 45, 37, 30, 25]",60,25
805,2026-01-26T11:40:48.94,2026-01-28T17:18:34.471,"Any[14, 19, 25, 30, 37, 45, 53]",14,53
135,2026-01-26T11:58:12.0,2026-01-28T17:35:57.531,"Any[19, 25, 30, 37, 45, 56]",19,56
645,2026-01-26T11:58:12.0,2026-01-28T17:35:57.531,"Any[19, 25, 30, 37, 45, 56]",19,56
411,2026-01-26T12:45:33.0,2026-01-21T18:23:18.531,"Any[53, 45, 37, 30, 25]",53,25
814,2026-01-26T12:45:33.0,2026-01-21T18:23:18.531,"Any[53, 45, 37, 30, 25]",53,25
101,2026-01-26T13:03:36.0,2026-01-21T18:41:21.531,"Any[8, 13, 19, 25, 30, 37, 45]",8,45
609,2026-01-26T13:03:36.0,2026-01-21T18:41:21.531,"Any[8, 13, 19, 25, 30, 37, 45]",8,45
1522,2026-01-26T13:03:36.0,2026-01-21T18:41:21.531,"Any[8, 13, 19, 25, 30, 37, 45]",8,45
205,2026-01-26T13:17:34.0,2026-01-21T18:55:19.531,"Any[19, 25, 30, 37, 30, 37, 45, 53, 60, 64]",19,64
1554,2026-01-26T13:27:28.0,2026-01-28T19:05:13.531,"Any[6, 11, 16, 25, 30, 37, 45, 56]",6,56
1584,2026-01-26T13:31:43.0,2026-01-21T19:09:28.531,"Any[6, 11, 19, 25, 30, 37, 45, 53]",6,53
1588,2026-01-26T13:31:43.0,2026-01-28T19:09:28.531,"Any[6, 11, 19, 25, 30, 37, 45, 53]",6,53
1550,2026-01-26T13:37:51.0,2026-01-21T19:15:36.531,"Any[6, 11, 16, 25, 30, 37, 45, 56]",6,56
515,2026-01-26T14:01:59.0,2026-01-21T19:39:44.531,"Any[6, 11, 16, 25, 30, 37, 45]",6,45
718,2026-01-26T14:32:33.0,2026-01-21T20:10:18.531,"Any[19, 25, 30, 37, 45]",19,45
701,2026-01-26T14:38:37.0,2026-01-21T20:16:22.531,"Any[5, 6, 11, 19, 25, 30, 37, 45, 56]",5,56
1276,2026-01-26T14:38:37.0,2026-01-21T20:16:22.531,"Any[5, 6, 11, 19, 25, 30, 37, 45, 56]",5,56
596,2026-01-26T15:06:44.0,2026-01-21T20:44:29.531,"Any[19, 25, 30, 37, 45, 56]",19,56
689,2026-01-26T15:11:39.0,2026-01-28T20:49:24.531,"Any[14, 19, 25, 30, 37, 45, 53]",14,53
1082,2026-01-26T15:13:34.0,2026-01-21T20:51:19.531,"Any[6, 11, 19, 25, 30, 37, 45]",6,45
1247,2026-01-26T15:30:10.0,2026-01-28T21:07:55.531,"Any[6, 11, 16, 25, 30, 37, 45]",6,45
528,2026-01-26T15:36:18.0,2026-01-28T21:14:03.531,"Any[60, 56, 45, 37, 30, 25, 19, 14]",60,14
738,2026-01-26T15:49:40.0,2026-01-28T21:27:25.531,"Any[45, 37, 30, 25]",45,25
170,2026-01-26T16:11:02.0,2026-01-28T21:48:47.531,"Any[64, 60, 56, 45, 37, 30, 25]",64,25
1101,2026-01-26T16:11:02.0,2026-01-28T21:48:47.531,"Any[64, 60, 56, 45, 37, 30, 25]",64,25
332,2026-01-26T16:41:49.0,2026-01-28T22:19:34.531,"Any[60, 53, 45, 37, 30, 25, 19, 11, 6, 6]",60,6
891,2026-01-26T16:41:49.0,2026-01-21T22:19:34.531,"Any[60, 53, 45, 37, 30, 25, 19, 11, 6, 6]",60,6
735,2026-01-26T16:42:08.0,2026-01-21T22:19:53.531,"Any[60, 53, 45, 37, 30, 25, 19, 13, 8]",60,8
941,2026-01-26T16:43:05.0,2026-01-28T22:20:50.531,"Any[60, 53, 45, 37, 30, 25, 19]",60,19
534,2026-01-26T16:43:13.0,2026-01-21T22:20:58.531,"Any[60, 56, 45, 37, 30, 25, 19, 17, 19, 11, 6]",60,6
672,2026-01-26T16:43:13.0,2026-01-28T22:20:58.531,"Any[60, 56, 45, 37, 30, 25, 19, 17, 19, 11, 6]",60,6
812,2026-01-26T17:00:57.0,2026-01-28T22:38:42.531,"Any[6, 11, 19, 25, 30, 37, 45, 56]",6,56
1176,2026-01-26T17:05:36.177,2026-01-28T22:43:21.708,"Any[25, 30, 37, 45, 56]",25,56
759,2026-01-26T17:14:15.0,2026-01-21T22:52:00.531,"Any[25, 30, 37, 45, 53, 60]",25,60
400,2026-01-26T17:43:09.0,2026-01-21T23:20:54.531,"Any[56, 45, 37, 30, 25]",56,25
1008,2026-01-26T18:55:59.057,2026-01-22T00:33:44.588,"Any[8, 13, 19, 25, 37, 45, 56, 60]",8,60
501,2026-01-26T19:35:03.0,2026-01-22T01:12:48.531,"Any[6, 11, 19, 25, 30, 37, 45]",6,45
50,2026-01-26T19:58:20.394,2026-01-22T01:36:05.925,"Any[60, 56, 45, 37, 30, 25, 19, 11, 6]",60,6
1220,2026-01-26T20:11:31.0,2026-01-22T01:49:16.531,"Any[53, 45, 37, 30, 25, 19, 13, 8]",53,8
424,2026-01-26T20:14:13.0,2026-01-29T01:51:58.531,"Any[53, 45, 37, 30, 25, 19, 13, 8]",53,8
676,2026-01-26T20:17:24.0,2026-01-22T01:55:09.531,"Any[53, 45, 37, 30, 25, 19, 10]",53,10
89,2026-01-26T20:20:55.0,2026-01-29T01:58:40.531,"Any[53, 45, 37, 30, 25, 19, 10]",53,10
1272,2026-01-26T20:20:55.0,2026-01-29T01:58:40.531,"Any[53, 45, 37, 30, 25, 19, 10]",53,10
1597,2026-01-26T21:18:53.894,2026-01-22T02:56:39.425,"Any[10, 25, 30, 37, 45, 53, 60]",10,60
269,2026-01-26T21:20:53.0,2026-01-29T02:58:38.531,"Any[10, 19, 25, 30, 37, 45, 53, 60]",10,60
81,2026-01-26T21:55:18.0,2026-01-29T03:33:03.531,"Any[19, 25, 30, 37, 45, 53]",19,53
1172,2026-01-26T22:05:35.0,2026-01-29T03:43:20.531,"Any[60, 53, 45, 37, 30, 25, 19, 13, 8]",60,8
742,2026-01-26T22:07:23.0,2026-01-22T03:45:08.531,"Any[7, 8, 13, 19, 25, 30, 37, 45, 53, 60]",7,60
980,2026-01-26T23:08:00.682,2026-01-22T04:45:46.213,"Any[56, 45, 37, 30, 25, 19, 11, 6, 6]",56,6
1378,2026-01-26T23:36:11.898,2026-01-29T05:13:57.429,"Any[53, 45, 37, 30, 25, 19, 11, 6, 1]",53,1
716,2026-01-26T23:53:37.0,2026-01-22T05:31:22.531,"Any[53, 45, 37, 30, 25, 19, 10]",53,10
917,2026-01-26T23:53:37.0,2026-01-22T05:31:22.531,"Any[53, 45, 37, 30, 25, 19, 10]",53,10
137,2026-01-26T23:59:35.0,2026-01-29T05:37:20.531,"Any[1, 6, 11, 19, 23, 36, 44, 54, 60]",1,60
1531,2026-01-26T23:59:35.0,2026-01-22T05:37:20.531,"Any[1, 6, 11, 19, 23, 36, 44, 54, 60]",1,60
1037,2026-01-27T00:10:12.0,2026-01-29T05:47:57.531,"Any[13, 19, 25, 30, 37, 45, 56]",13,56
1221,2026-01-27T00:10:12.0,2026-01-22T05:47:57.531,"Any[13, 19, 25, 30, 37, 45, 56]",13,56
41,2026-01-27T00:14:14.0,2026-01-22T05:51:59.531,"Any[64, 53, 45, 37, 30, 25, 19, 13, 8]",64,8
760,2026-01-27T00:14:14.0,2026-01-29T05:51:59.531,"Any[64, 53, 45, 37, 30, 25, 19, 13, 8]",64,8
773,2026-01-27T00:56:06.0,2026-01-29T06:33:51.531,"Any[7, 8, 13, 19, 25, 30, 37, 45, 53]",7,53
831,2026-01-27T01:02:01.0,2026-01-29T06:39:46.531,"Any[8, 13, 19, 25, 30, 37, 45, 56]",8,56
308,2026-01-27T01:38:57.0,2026-01-29T07:16:42.531,"Any[53, 45, 37, 30, 25, 19, 10]",53,10
1450,2026-01-27T01:38:57.0,2026-01-22T07:16:42.531,"Any[53, 45, 37, 30, 25, 19, 10]",53,10
196,2026-01-27T02:00:00.0,2026-01-22T07:37:45.531,"Any[7, 8, 13, 19, 25, 30, 37, 45, 53, 60]",7,60
461,2026-01-27T02:52:58.838,2026-01-29T08:30:44.369,"Any[64, 53, 45, 37, 30, 25, 19, 13, 8]",64,8
150,2026-01-27T02:57:02.0,2026-01-22T08:34:47.531,"Any[7, 8, 13, 19, 25, 30, 37, 45, 56]",7,56
1192,2026-01-27T03:14:59.0,2026-01-29T08:52:44.531,"Any[64, 60, 53, 45, 37, 30, 25, 19, 10]",64,10
138,2026-01-27T03:23:01.0,2026-01-29T09:00:46.531,"Any[19, 25, 30, 37, 45, 53]",19,53
66,2026-01-27T04:30:47.0,2026-01-29T10:08:32.531,"Any[19, 17, 25, 30, 37, 45, 53, 60]",19,60
147,2026-01-27T04:30:47.0,2026-01-22T10:08:32.531,"Any[19, 17, 25, 30, 37, 45, 53, 60]",19,60
907,2026-01-27T04:30:47.0,2026-01-22T10:08:32.531,"Any[19, 17, 25, 30, 37, 45, 53, 60]",19,60
781,2026-01-27T05:19:14.0,2026-01-29T10:56:59.531,"Any[5, 6, 11, 19, 25, 30, 37, 45]",5,45
359,2026-01-27T06:12:00.0,2026-01-22T11:49:45.531,"Any[53, 45, 37, 30, 25, 19, 10]",53,10
927,2026-01-27T06:31:22.0,2026-01-29T12:09:07.531,"Any[64, 53, 45, 37, 30, 25, 19, 11, 6, 1]",64,1
97,2026-01-27T06:45:14.0,2026-01-22T12:22:59.531,"Any[53, 45, 37, 30, 25, 19, 10]",53,10
240,2026-01-27T06:45:14.0,2026-01-22T12:22:59.531,"Any[53, 45, 37, 30, 25, 19, 10]",53,10
1549,2026-01-27T06:48:39.0,2026-01-22T12:26:24.531,"Any[6, 11, 16, 25, 30, 37, 45, 56]",6,56
919,2026-01-27T06:59:27.0,2026-01-29T12:37:12.531,"Any[6, 11, 19, 25, 30, 37, 45]",6,45
1243,2026-01-27T07:32:37.0,2026-01-22T13:10:22.531,"Any[13, 19, 25, 30, 37, 45, 56]",13,56
874,2026-01-27T07:43:38.0,2026-01-29T13:21:23.531,"Any[8, 13, 19, 25, 30, 37, 45, 56]",8,56
901,2026-01-27T07:43:38.0,2026-01-22T13:21:23.531,"Any[8, 13, 19, 25, 30, 37, 45, 56]",8,56
1226,2026-01-27T07:43:38.0,2026-01-22T13:21:23.531,"Any[8, 13, 19, 25, 30, 37, 45, 56]",8,56
62,2026-01-27T08:30:47.0,2026-01-29T14:08:32.531,"Any[54, 44, 36, 23, 19, 11, 6]",54,6
719,2026-01-27T08:30:47.0,2026-01-29T14:08:32.531,"Any[54, 44, 36, 23, 19, 11, 6]",54,6
932,2026-01-27T10:27:16.0,2026-01-29T16:05:01.531,"Any[53, 45, 37, 30, 25, 19, 11, 6, 1]",53,1
375,2026-01-27T11:39:18.0,2026-01-22T17:17:03.531,"Any[6, 11, 19, 25, 30, 37, 45, 56]",6,56
661,2026-01-27T11:39:18.0,2026-01-29T17:17:03.531,"Any[6, 11, 19, 25, 30, 37, 45, 56]",6,56
159,2026-01-27T11:46:22.0,2026-01-29T17:24:07.531,"Any[8, 13, 19, 25, 30, 37, 45, 56]",8,56
1121,2026-01-27T11:49:12.629,2026-01-22T17:26:58.16,"Any[64, 53, 45, 37, 30, 25, 19, 10]",64,10
1449,2026-01-27T12:21:30.0,2026-01-22T17:59:15.531,"Any[53, 45, 37, 30, 25, 19, 10]",53,10
1127,2026-01-27T12:29:41.044,2026-01-29T18:07:26.575,"Any[64, 60, 53, 45, 37, 30, 25, 19, 11, 6, 1]",64,1
450,2026-01-27T12:38:34.032,2026-01-22T18:16:19.563,"Any[8, 13, 19, 25, 30, 37, 45]",8,45
462,2026-01-27T12:38:54.0,2026-01-22T18:16:39.531,"Any[62, 53, 45, 37, 30, 25, 19, 13, 8]",62,8
850,2026-01-27T12:38:54.0,2026-01-29T18:16:39.531,"Any[62, 53, 45, 37, 30, 25, 19, 13, 8]",62,8
1563,2026-01-27T12:56:20.0,2026-01-22T18:34:05.531,"Any[6, 11, 16, 25, 30, 37, 45, 56]",6,56
1360,2026-01-27T13:00:08.0,2026-01-22T18:37:53.531,"Any[53, 45, 37, 30, 25, 19, 13, 8]",53,8
116,2026-01-27T13:01:08.409,2026-01-22T18:38:53.94,"Any[56, 45, 37, 30, 25, 19, 10]",56,10
1168,2026-01-27T13:01:08.409,2026-01-29T18:38:53.94,"Any[56, 45, 37, 30, 25, 19, 10]",56,10
1245,2026-01-27T13:02:44.0,2026-01-29T18:40:29.531,"Any[19, 25, 30, 37, 45, 56]",19,56
970,2026-01-27T13:27:15.0,2026-01-22T19:05:00.531,"Any[53, 45, 37, 30, 25, 19, 13, 8]",53,8
673,2026-01-27T13:49:40.0,2026-01-29T19:27:25.531,"Any[19, 25, 30, 37, 45, 56]",19,56
252,2026-01-27T14:00:47.0,2026-01-29T19:38:32.531,"Any[6, 11, 25, 30, 37, 45, 56]",6,56
387,2026-01-27T14:04:44.0,2026-01-29T19:42:29.531,"Any[64, 60, 56, 45, 37, 30, 25, 19, 11, 6]",64,6
625,2026-01-27T14:34:23.0,2026-01-22T20:12:08.531,"Any[6, 11, 19, 25, 30, 37, 45]",6,45
594,2026-01-27T14:46:23.0,2026-01-29T20:24:08.531,"Any[3, 6, 11, 19, 25, 30, 37, 45]",3,45
1138,2026-01-27T15:01:16.0,2026-01-29T20:39:01.531,"Any[8, 13, 19, 25, 30, 37, 45]",8,45
168,2026-01-27T15:17:37.0,2026-01-29T20:55:22.531,"Any[53, 45, 37, 30, 25]",53,25
246,2026-01-27T15:17:37.0,2026-01-29T20:55:22.531,"Any[53, 45, 37, 30, 25]",53,25
939,2026-01-27T15:33:22.0,2026-01-22T21:11:07.531,"Any[6, 11, 19, 25, 30, 37, 45]",6,45
316,2026-01-27T15:34:52.566,2026-01-22T21:12:38.097,"Any[64, 60, 56, 45, 37, 30, 25, 19]",64,19
339,2026-01-27T15:49:41.0,2026-01-22T21:27:26.531,"Any[6, 11, 19, 25, 30, 37, 45]",6,45
1181,2026-01-27T15:49:41.0,2026-01-29T21:27:26.531,"Any[6, 11, 19, 25, 30, 37, 45]",6,45
1139,2026-01-27T16:05:20.103,2026-01-22T21:43:05.634,"Any[60, 56, 45, 37, 30, 25]",60,25
75,2026-01-27T16:08:11.0,2026-01-29T21:45:56.531,"Any[5, 6, 11, 19, 25, 30, 37, 45]",5,45
148,2026-01-27T16:11:46.0,2026-01-22T21:49:31.531,"Any[3, 10, 19, 25, 30, 37, 45, 53]",3,53
1117,2026-01-27T16:11:46.0,2026-01-29T21:49:31.531,"Any[3, 10, 19, 25, 30, 37, 45, 53]",3,53
804,2026-01-27T16:35:07.0,2026-01-22T22:12:52.531,"Any[53, 45, 37, 30, 25, 19, 13, 8]",53,8
1361,2026-01-27T16:35:07.0,2026-01-29T22:12:52.531,"Any[53, 45, 37, 30, 25, 19, 13, 8]",53,8
435,2026-01-27T16:38:17.0,2026-01-29T22:16:02.531,"Any[6, 11, 19, 25, 30, 37, 45, 53]",6,53
853,2026-01-27T16:38:17.0,2026-01-22T22:16:02.531,"Any[6, 11, 19, 25, 30, 37, 45, 53]",6,53
757,2026-01-27T16:39:20.0,2026-01-29T22:17:05.531,"Any[1, 6, 11, 19, 25, 30, 37, 45, 56]",1,56
1089,2026-01-27T16:39:20.0,2026-01-22T22:17:05.531,"Any[1, 6, 11, 19, 25, 30, 37, 45, 56]",1,56
1542,2026-01-27T16:39:20.0,2026-01-22T22:17:05.531,"Any[1, 6, 11, 19, 25, 30, 37, 45, 56]",1,56
260,2026-01-27T16:39:59.0,2026-01-29T22:17:44.531,"Any[64, 60, 53, 45, 37, 30, 25]",64,25
1041,2026-01-27T16:39:59.0,2026-01-22T22:17:44.531,"Any[64, 60, 53, 45, 37, 30, 25]",64,25
633,2026-01-27T16:42:50.0,2026-01-22T22:20:35.531,"Any[64, 60, 56, 45, 37, 30, 25]",64,25
1325,2026-01-27T16:44:00.0,2026-01-22T22:21:45.531,"Any[53, 45, 37, 30, 25, 19, 13, 8]",53,8
1186,2026-01-27T16:53:44.0,2026-01-22T22:31:29.531,"Any[60, 56, 45, 37, 30, 25]",60,25
1135,2026-01-27T16:54:52.0,2026-01-29T22:32:37.531,"Any[19, 25, 30, 37, 45, 53]",19,53
937,2026-01-27T16:57:14.0,2026-01-29T22:34:59.531,"Any[60, 53, 45, 37, 30, 25, 19]",60,19
174,2026-01-27T17:36:02.0,2026-01-29T23:13:47.531,"Any[6, 11, 19, 25, 30, 37, 45]",6,45
849,2026-01-27T17:46:06.358,2026-01-22T23:23:51.889,"Any[56, 45, 37, 30, 25, 19, 11, 6]",56,6
1196,2026-01-27T18:05:48.0,2026-01-22T23:43:33.531,"Any[8, 13, 19, 25, 30, 37, 45, 56, 60]",8,60
322,2026-01-27T18:11:54.229,2026-01-29T23:49:39.76,"Any[6, 11, 19, 25, 30, 37, 45, 56]",6,56
1561,2026-01-27T18:11:54.229,2026-01-29T23:49:39.76,"Any[6, 11, 19, 25, 30, 37, 45, 56]",6,56
685,2026-01-27T18:19:44.0,2026-01-29T23:57:29.531,"Any[53, 45, 37, 30, 25, 19, 11, 6, 1]",53,1
152,2026-01-27T18:22:58.0,2026-01-30T00:00:43.531,"Any[60, 56, 45, 37, 30, 25, 19, 11, 6]",60,6
1504,2026-01-27T18:38:43.0,2026-01-30T00:16:28.531,"Any[8, 13, 19, 25, 30, 37, 45, 56]",8,56
881,2026-01-27T18:47:35.0,2026-01-23T00:25:20.531,"Any[60, 53, 45, 37, 30, 25]",60,25
480,2026-01-27T18:49:25.0,2026-01-23T00:27:10.531,"Any[5, 6, 11, 25, 30, 37, 45, 56]",5,56
405,2026-01-27T19:15:55.596,2026-01-23T00:53:41.127,"Any[60, 56, 45, 37, 30, 25, 19]",60,19
613,2026-01-27T19:17:17.0,2026-01-23T00:55:02.531,"Any[8, 13, 19, 25, 30, 37, 45, 56]",8,56
1485,2026-01-27T19:17:17.0,2026-01-23T00:55:02.531,"Any[8, 13, 19, 25, 30, 37, 45, 56]",8,56
1280,2026-01-27T19:21:17.0,2026-01-30T00:59:02.531,"Any[6, 11, 19, 25, 30, 37, 45, 56]",6,56
1107,2026-01-27T19:37:56.0,2026-01-23T01:15:41.531,"Any[8, 13, 19, 25, 30, 37, 45]",8,45
1345,2026-01-27T19:50:28.0,2026-01-23T01:28:13.531,"Any[53, 45, 37, 30, 25, 19, 13, 8]",53,8
793,2026-01-27T20:22:05.0,2026-01-23T01:59:50.531,"Any[53, 45, 37, 30, 25, 19, 10]",53,10
1453,2026-01-27T20:22:05.0,2026-01-23T01:59:50.531,"Any[53, 45, 37, 30, 25, 19, 10]",53,10
1339,2026-01-27T20:29:21.0,2026-01-30T02:07:06.531,"Any[53, 45, 37, 30, 25, 19, 13, 8]",53,8
427,2026-01-27T20:48:06.0,2026-01-30T02:25:51.531,"Any[6, 11, 19, 25, 30, 37, 45, 56]",6,56
1576,2026-01-27T20:48:06.0,2026-01-30T02:25:51.531,"Any[6, 11, 19, 25, 30, 37, 45, 56]",6,56
406,2026-01-27T20:57:02.0,2026-01-23T02:34:47.531,"Any[7, 8, 13, 19, 25, 30, 37, 45, 53]",7,53
1210,2026-01-27T21:33:36.0,2026-01-23T03:11:21.531,"Any[8, 13, 19, 25, 30, 37, 45, 56]",8,56
1278,2026-01-27T21:36:51.0,2026-01-23T03:14:36.531,"Any[10, 19, 25, 30, 37, 45, 53, 60]",10,60
377,2026-01-27T21:40:26.0,2026-01-23T03:18:11.531,"Any[6, 11, 16, 25, 30, 37, 45, 53]",6,53
1582,2026-01-27T21:40:26.0,2026-01-30T03:18:11.531,"Any[6, 11, 16, 25, 30, 37, 45, 53]",6,53
1589,2026-01-27T21:40:26.0,2026-01-23T03:18:11.531,"Any[6, 11, 16, 25, 30, 37, 45, 53]",6,53
1487,2026-01-27T21:46:22.0,2026-01-30T03:24:07.531,"Any[8, 13, 25, 30, 37, 45, 56]",8,56
1326,2026-01-27T21:56:51.0,2026-01-23T03:34:36.531,"Any[53, 45, 37, 30, 25, 19, 13, 8]",53,8
1205,2026-01-27T22:39:26.16,2026-01-23T04:17:11.691,"Any[6, 11, 19, 25, 30, 37, 45, 56]",6,56
566,2026-01-27T22:49:03.0,2026-01-30T04:26:48.531,"Any[8, 13, 19, 25, 30, 37, 45, 56]",8,56
595,2026-01-27T22:49:03.0,2026-01-30T04:26:48.531,"Any[8, 13, 19, 25, 30, 37, 45, 56]",8,56
1507,2026-01-27T22:49:03.0,2026-01-23T04:26:48.531,"Any[8, 13, 19, 25, 30, 37, 45, 56]",8,56
1505,2026-01-27T23:03:47.0,2026-01-30T04:41:32.531,"Any[8, 13, 19, 25, 30, 37, 45, 56]",8,56
526,2026-01-27T23:06:21.0,2026-01-23T04:44:06.531,"Any[3, 10, 19, 25, 30, 37, 45, 53]",3,53
1075,2026-01-27T23:07:23.0,2026-01-30T04:45:08.531,"Any[1, 6, 11, 19, 25, 30, 37, 45]",1,45
39,2026-01-27T23:10:42.0,2026-01-30T04:48:27.531,"Any[10, 19, 25, 30, 37, 45, 53, 60]",10,60
1594,2026-01-27T23:10:42.0,2026-01-30T04:48:27.531,"Any[10, 19, 25, 30, 37, 45, 53, 60]",10,60
1530,2026-01-27T23:16:17.0,2026-01-30T04:54:02.531,"Any[1, 6, 11, 19, 25, 30, 37, 45, 53, 60]",1,60
1275,2026-01-27T23:38:53.0,2026-01-23T05:16:38.531,"Any[60, 56, 45, 37, 30, 25, 19, 11, 6]",60,6
86,2026-01-27T23:41:26.0,2026-01-23T05:19:11.531,"Any[8, 13, 19, 25, 30, 37, 45, 56]",8,56
1480,2026-01-27T23:41:26.0,2026-01-30T05:19:11.531,"Any[8, 13, 19, 25, 30, 37, 45, 56]",8,56
1018,2026-01-27T23:54:15.0,2026-01-30T05:32:00.531,"Any[64, 53, 45, 37, 30, 25, 19, 10]",64,10
431,2026-01-28T00:09:17.822,2026-01-30T05:47:03.353,"Any[6, 11, 19, 25, 30, 37, 45, 56]",6,56
1568,2026-01-28T00:09:17.822,2026-01-30T05:47:03.353,"Any[6, 11, 19, 25, 30, 37, 45, 56]",6,56
426,2026-01-28T00:14:10.0,2026-01-30T05:51:55.531,"Any[6, 11, 19, 25, 30, 37, 45]",6,45
780,2026-01-28T00:14:10.0,2026-01-23T05:51:55.531,"Any[6, 11, 19, 25, 30, 37, 45]",6,45
997,2026-01-28T00:14:10.0,2026-01-23T05:51:55.531,"Any[6, 11, 19, 25, 30, 37, 45]",6,45
1222,2026-01-28T00:14:10.0,2026-01-23T05:51:55.531,"Any[6, 11, 19, 25, 30, 37, 45]",6,45
1527,2026-01-28T00:20:13.0,2026-01-23T05:57:58.531,"Any[1, 6, 11, 19, 23, 36, 44, 54, 60]",1,60
179,2026-01-28T00:28:22.0,2026-01-23T06:06:07.531,"Any[3, 6, 11, 19, 25, 30, 37, 45, 53]",3,53
198,2026-01-28T00:28:22.0,2026-01-30T06:06:07.531,"Any[3, 6, 11, 19, 25, 30, 37, 45, 53]",3,53
125,2026-01-28T01:49:32.0,2026-01-30T07:27:17.531,"Any[53, 45, 37, 30, 25, 19, 11, 6, 1]",53,1
451,2026-01-28T02:00:00.0,2026-01-23T07:37:45.531,"Any[7, 8, 13, 19, 25, 30, 37, 45, 53]",7,53
1150,2026-01-28T02:00:00.0,2026-01-30T07:37:45.531,"Any[7, 8, 13, 19, 25, 30, 37, 45, 53]",7,53
1102,2026-01-28T02:26:06.0,2026-01-23T08:03:51.531,"Any[53, 45, 37, 30, 25, 19, 10]",53,10
1418,2026-01-28T02:26:06.0,2026-01-23T08:03:51.531,"Any[53, 45, 37, 30, 25, 19, 10]",53,10
94,2026-01-28T02:27:22.0,2026-01-23T08:05:07.531,"Any[19, 25, 30, 37, 45, 56]",19,56
1468,2026-01-28T02:27:22.0,2026-01-30T08:05:07.531,"Any[19, 25, 30, 37, 45, 56]",19,56
910,2026-01-28T02:35:35.0,2026-01-23T08:13:20.531,"Any[53, 45, 37, 30, 25, 19, 11, 6, 1]",53,1
1369,2026-01-28T02:35:35.0,2026-01-30T08:13:20.531,"Any[53, 45, 37, 30, 25, 19, 11, 6, 1]",53,1
77,2026-01-28T02:50:42.0,2026-01-23T08:28:27.531,"Any[53, 45, 37, 30, 25, 19, 11, 6, 1]",53,1
1373,2026-01-28T02:50:42.0,2026-01-23T08:28:27.531,"Any[53, 45, 37, 30, 25, 19, 11, 6, 1]",53,1
561,2026-01-28T02:52:05.0,2026-01-23T08:29:50.531,"Any[3, 10, 19, 25, 30, 37, 45, 53]",3,53
1197,2026-01-28T02:52:05.0,2026-01-30T08:29:50.531,"Any[3, 10, 19, 25, 30, 37, 45, 53]",3,53
90,2026-01-28T02:56:48.0,2026-01-30T08:34:33.531,"Any[19, 25, 30, 37, 45, 56]",19,56
1425,2026-01-28T03:05:52.0,2026-01-23T08:43:37.531,"Any[53, 45, 37, 30, 25, 19, 10]",53,10
1431,2026-01-28T03:05:52.0,2026-01-23T08:43:37.531,"Any[53, 45, 37, 30, 25, 19, 10]",53,10
822,2026-01-28T03:48:49.232,2026-01-30T09:26:34.763,"Any[53, 45, 37, 30, 25]",53,25
631,2026-01-28T04:00:31.0,2026-01-30T09:38:16.531,"Any[64, 53, 45, 37, 30, 25, 19, 10]",64,10
276,2026-01-28T05:04:31.0,2026-01-23T10:42:16.531,"Any[62, 45, 37, 30, 25, 19, 11, 6]",62,6
1223,2026-01-28T05:04:31.0,2026-01-23T10:42:16.531,"Any[62, 45, 37, 30, 25, 19, 11, 6]",62,6
1255,2026-01-28T05:04:31.0,2026-01-23T10:42:16.531,"Any[62, 45, 37, 30, 25, 19, 11, 6]",62,6
21,2026-01-28T05:10:57.0,2026-01-30T10:48:42.531,"Any[56, 45, 37, 30, 25]",56,25
832,2026-01-28T05:18:28.0,2026-01-23T10:56:13.531,"Any[56, 45, 37, 30, 25]",56,25
843,2026-01-28T05:44:12.974,2026-01-30T11:21:58.505,"Any[10, 19, 25, 30, 37, 45, 56]",10,56
1287,2026-01-28T05:53:15.0,2026-01-23T11:31:00.531,"Any[17, 25, 30, 37, 45, 53, 60]",17,60
574,2026-01-28T06:53:21.0,2026-01-30T12:31:06.531,"Any[8, 13, 19, 25, 30, 37, 45, 56]",8,56
467,2026-01-28T07:36:16.0,2026-01-30T13:14:01.531,"Any[8, 13, 19, 25, 30, 37, 45, 56]",8,56
1094,2026-01-28T07:36:16.0,2026-01-30T13:14:01.531,"Any[8, 13, 19, 25, 30, 37, 45, 56]",8,56
1293,2026-01-28T07:36:16.0,2026-01-23T13:14:01.531,"Any[8, 13, 19, 25, 30, 37, 45, 56]",8,56
1494,2026-01-28T07:36:16.0,2026-01-23T13:14:01.531,"Any[8, 13, 19, 25, 30, 37, 45, 56]",8,56
1497,2026-01-28T07:36:16.0,2026-01-30T13:14:01.531,"Any[8, 13, 19, 25, 30, 37, 45, 56]",8,56
492,2026-01-28T07:37:17.0,2026-01-30T13:15:02.531,"Any[8, 13, 19, 25, 30, 37, 45]",8,45
726,2026-01-28T07:40:54.0,2026-01-30T13:18:39.531,"Any[64, 53, 45, 37, 30, 25, 19, 10]",64,10
1044,2026-01-28T07:56:32.0,2026-01-30T13:34:17.531,"Any[53, 45, 37, 30, 25, 19, 10]",53,10
340,2026-01-28T08:05:19.0,2026-01-23T13:43:04.531,"Any[19, 25, 30, 37, 45, 56]",19,56
489,2026-01-28T08:05:19.0,2026-01-23T13:43:04.531,"Any[19, 25, 30, 37, 45, 56]",19,56
944,2026-01-28T08:21:38.0,2026-01-30T13:59:23.531,"Any[53, 45, 37, 30, 25, 19, 10]",53,10
156,2026-01-28T08:31:21.0,2026-01-23T14:09:06.531,"Any[8, 13, 19, 25, 30, 37, 45, 56]",8,56
557,2026-01-28T08:52:05.0,2026-01-30T14:29:50.531,"Any[53, 45, 37, 30, 25, 19, 11, 6, 1]",53,1
591,2026-01-28T08:52:05.0,2026-01-23T14:29:50.531,"Any[53, 45, 37, 30, 25, 19, 11, 6, 1]",53,1
1125,2026-01-28T08:54:12.0,2026-01-23T14:31:57.531,"Any[6, 11, 19, 25, 30, 37, 45, 53]",6,53
30,2026-01-28T08:57:51.0,2026-01-23T14:35:36.531,"Any[53, 45, 37, 30, 25, 19, 13, 8]",53,8
45,2026-01-28T08:58:31.0,2026-01-30T14:36:16.531,"Any[60, 56, 45, 37, 30, 25, 19, 17, 19, 11, 6, 6, 1]",60,6
1086,2026-01-28T08:58:31.0,2026-01-30T14:36:16.531,"Any[60, 56, 45, 37, 30, 25, 19, 17, 19, 11, 6, 6, 1]",60,6
243,2026-01-28T09:14:49.0,2026-01-23T14:52:34.531,"Any[8, 13, 19, 25, 30, 37, 45, 56]",8,56
464,2026-01-28T09:29:03.465,2026-01-30T15:06:48.996,"Any[60, 56, 45, 37, 30, 25, 19, 13, 8]",60,8
24,2026-01-28T09:31:50.516,2026-01-30T15:09:36.047,"Any[53, 45, 37, 30, 25, 19, 11, 6, 1]",53,1
183,2026-01-28T09:36:53.0,2026-01-23T15:14:38.531,"Any[3, 10, 19, 25, 30, 37, 45, 53, 60]",3,60
238,2026-01-28T09:49:07.0,2026-01-23T15:26:52.531,"Any[6, 10, 19, 25, 30, 37, 45]",6,45
482,2026-01-28T09:49:07.0,2026-01-23T15:26:52.531,"Any[6, 10, 19, 25, 30, 37, 45]",6,45
893,2026-01-28T10:05:36.776,2026-01-23T15:43:22.307,"Any[8, 13, 19, 25, 30, 37, 45, 56]",8,56
388,2026-01-28T10:21:29.179,2026-01-30T15:59:14.71,"Any[25, 30, 37, 45, 56, 60]",25,60
1166,2026-01-28T10:21:29.179,2026-01-30T15:59:14.71,"Any[25, 30, 37, 45, 56, 60]",25,60
847,2026-01-28T10:24:25.0,2026-01-30T16:02:10.531,"Any[3, 6, 11, 19, 25, 30, 37, 45]",3,45
741,2026-01-28T10:26:34.0,2026-01-30T16:04:19.531,"Any[53, 45, 37, 30, 25, 19, 10]",53,10
1020,2026-01-28T10:26:34.0,2026-01-23T16:04:19.531,"Any[53, 45, 37, 30, 25, 19, 10]",53,10
1407,2026-01-28T10:26:34.0,2026-01-30T16:04:19.531,"Any[53, 45, 37, 30, 25, 19, 10]",53,10
102,2026-01-28T10:35:30.0,2026-01-23T16:13:15.531,"Any[19, 25, 30, 37, 45, 53]",19,53
208,2026-01-28T10:42:23.0,2026-01-30T16:20:08.531,"Any[6, 11, 19, 25, 30, 37, 45]",6,45
56,2026-01-28T10:53:18.0,2026-01-23T16:31:03.531,"Any[3, 6, 11, 19, 25, 30, 37, 45]",3,45
981,2026-01-28T10:54:11.0,2026-01-23T16:31:56.531,"Any[6, 11, 19, 25, 30, 37, 45]",6,45
417,2026-01-28T11:04:29.0,2026-01-23T16:42:14.531,"Any[53, 45, 37, 30, 25, 19, 10]",53,10
230,2026-01-28T11:13:13.0,2026-01-23T16:50:58.531,"Any[53, 45, 37, 30, 25, 19, 10]",53,10
1304,2026-01-28T11:15:17.0,2026-01-23T16:53:02.531,"Any[3, 6, 11, 19, 25, 30, 37, 45]",3,45
1240,2026-01-28T11:35:33.0,2026-01-23T17:13:18.531,"Any[60, 53, 45, 37, 30, 25, 19, 13, 8]",60,8
453,2026-01-28T11:38:26.0,2026-01-30T17:16:11.531,"Any[53, 45, 37, 30, 25, 19, 13, 8]",53,8
1051,2026-01-28T11:38:26.0,2026-01-30T17:16:11.531,"Any[53, 45, 37, 30, 25, 19, 13, 8]",53,8
1189,2026-01-28T11:58:47.0,2026-01-30T17:36:32.531,"Any[53, 45, 37, 30, 25, 19, 13, 8]",53,8
1347,2026-01-28T11:58:47.0,2026-01-23T17:36:32.531,"Any[53, 45, 37, 30, 25, 19, 13, 8]",53,8
1005,2026-01-28T12:47:03.0,2026-01-23T18:24:48.531,"Any[53, 45, 37, 30, 25, 19, 11, 6, 1]",53,1
1521,2026-01-28T13:00:00.0,2026-01-30T18:37:45.531,"Any[8, 13, 19, 25, 30, 37, 45]",8,45
223,2026-01-28T13:15:15.0,2026-01-30T18:53:00.531,"Any[60, 53, 45, 37, 30, 25]",60,25
646,2026-01-28T13:22:39.0,2026-01-23T19:00:24.531,"Any[64, 60, 53, 45, 37, 30, 25]",64,25
1048,2026-01-28T13:22:39.0,2026-01-30T19:00:24.531,"Any[64, 60, 53, 45, 37, 30, 25]",64,25
721,2026-01-28T13:25:13.0,2026-01-30T19:02:58.531,"Any[19, 25, 30, 37, 45, 53]",19,53
883,2026-01-28T13:53:00.0,2026-01-23T19:30:45.531,"Any[13, 19, 25, 37, 45, 56]",13,56
749,2026-01-28T14:03:07.571,2026-01-30T19:40:53.102,"Any[56, 45, 37, 30, 25, 19, 10]",56,10
958,2026-01-28T14:45:06.0,2026-01-30T20:22:51.531,"Any[64, 60, 56, 45, 37, 30, 25, 19, 11, 6, 5, 2]",64,2
186,2026-01-28T14:53:49.0,2026-01-23T20:31:34.531,"Any[64, 60, 53, 45, 37, 30, 25, 19, 13, 8]",64,8
817,2026-01-28T14:53:49.0,2026-01-30T20:31:34.531,"Any[64, 60, 53, 45, 37, 30, 25, 19, 13, 8]",64,8
991,2026-01-28T14:56:23.0,2026-01-30T20:34:08.531,"Any[6, 11, 19, 25, 30, 37, 45]",6,45
1327,2026-01-28T15:09:00.0,2026-01-23T20:46:45.531,"Any[53, 45, 37, 30, 25, 19, 13, 8]",53,8
1552,2026-01-28T15:11:16.0,2026-01-30T20:49:01.531,"Any[6, 11, 19, 25, 30, 37, 45, 56]",6,56
1030,2026-01-28T15:14:19.726,2026-01-23T20:52:05.257,"Any[6, 11, 25, 30, 37, 45]",6,45
335,2026-01-28T16:02:18.0,2026-01-30T21:40:03.531,"Any[6, 11, 16, 25, 30, 37, 45]",6,45
1570,2026-01-28T16:15:31.333,2026-01-30T21:53:16.864,"Any[6, 11, 19, 25, 30, 37, 45, 56]",6,56
1236,2026-01-28T16:31:49.0,2026-01-23T22:09:34.531,"Any[60, 53, 45, 37, 30, 25, 19, 10]",60,10
190,2026-01-28T16:52:12.0,2026-01-23T22:29:57.531,"Any[8, 13, 19, 25, 30, 37, 45, 56]",8,56
1198,2026-01-28T16:55:17.0,2026-01-30T22:33:02.531,"Any[64, 56, 45, 37, 30, 25, 19, 11, 6]",64,6
368,2026-01-28T16:55:22.0,2026-01-23T22:33:07.531,"Any[64, 56, 45, 37, 30, 25, 19, 11, 6]",64,6
347,2026-01-28T16:58:20.0,2026-01-30T22:36:05.531,"Any[53, 45, 37, 30, 25, 19, 11, 6, 1]",53,1
338,2026-01-28T17:18:20.0,2026-01-30T22:56:05.531,"Any[60, 56, 45, 37, 30, 25, 19]",60,19
1124,2026-01-28T17:20:02.0,2026-01-23T22:57:47.531,"Any[8, 13, 19, 25, 30, 37, 45, 56]",8,56
1381,2026-01-28T17:21:55.0,2026-01-30T22:59:40.531,"Any[53, 45, 37, 30, 25, 19, 11, 6, 1]",53,1
720,2026-01-28T17:41:08.0,2026-01-23T23:18:53.531,"Any[3, 10, 19, 25, 30, 37, 45, 53]",3,53
1282,2026-01-28T17:46:59.345,2026-01-23T23:24:44.876,"Any[64, 60, 56, 45, 37, 30, 25, 19]",64,19
654,2026-01-28T17:50:08.608,2026-01-23T23:27:54.139,"Any[60, 56, 45, 37, 30, 25, 19, 11, 6]",60,6
87,2026-01-28T18:24:41.0,2026-01-31T00:02:26.531,"Any[6, 11, 19, 25, 30, 37, 45, 56]",6,56
300,2026-01-28T18:26:16.899,2026-01-31T00:04:02.43,"Any[7, 8, 13, 19, 25, 30, 37, 45]",7,45
1137,2026-01-28T18:34:54.0,2026-01-24T00:12:39.531,"Any[53, 45, 37, 30, 25]",53,25
325,2026-01-28T19:41:47.611,2026-01-31T01:19:33.142,"Any[53, 45, 37, 30, 25, 19, 13, 8]",53,8
662,2026-01-28T19:42:23.0,2026-01-31T01:20:08.531,"Any[7, 8, 13, 19, 25, 30, 37, 45, 53]",7,53
342,2026-01-28T19:56:06.0,2026-01-31T01:33:51.531,"Any[53, 45, 37, 30, 25, 19, 11, 6, 1]",53,1
1203,2026-01-28T20:07:36.0,2026-01-24T01:45:21.531,"Any[7, 8, 13, 19, 25, 30, 37, 45, 53]",7,53
948,2026-01-28T20:37:29.0,2026-01-24T02:15:14.531,"Any[7, 8, 13, 19, 25, 30, 37, 45, 53]",7,53
12,2026-01-28T21:02:40.0,2026-01-24T02:40:25.531,"Any[53, 45, 37, 30, 25]",53,25
575,2026-01-28T21:02:40.0,2026-01-24T02:40:25.531,"Any[53, 45, 37, 30, 25]",53,25
873,2026-01-28T21:03:42.05,2026-01-24T02:41:27.581,"Any[10, 19, 25, 30, 37, 45, 53, 60]",10,60
1256,2026-01-28T21:03:42.05,2026-01-31T02:41:27.581,"Any[10, 19, 25, 30, 37, 45, 53, 60]",10,60
968,2026-01-28T21:13:17.0,2026-01-24T02:51:02.531,"Any[1, 6, 11, 19, 23, 36, 44, 54, 60]",1,60
1534,2026-01-28T21:13:17.0,2026-01-24T02:51:02.531,"Any[1, 6, 11, 19, 23, 36, 44, 54, 60]",1,60
258,2026-01-28T21:17:08.0,2026-01-24T02:54:53.531,"Any[53, 45, 37, 30, 25, 19, 10]",53,10
1175,2026-01-28T21:17:08.0,2026-01-31T02:54:53.531,"Any[53, 45, 37, 30, 25, 19, 10]",53,10
1417,2026-01-28T21:17:08.0,2026-01-31T02:54:53.531,"Any[53, 45, 37, 30, 25, 19, 10]",53,10
1080,2026-01-28T22:08:51.0,2026-01-31T03:46:36.531,"Any[8, 13, 19, 25, 30, 37, 45, 56]",8,56
495,2026-01-28T22:10:13.0,2026-01-24T03:47:58.531,"Any[7, 8, 13, 19, 25, 30, 37, 45, 53]",7,53
366,2026-01-28T22:14:28.0,2026-01-31T03:52:13.531,"Any[13, 25, 30, 37, 45, 56]",13,56
964,2026-01-28T22:15:59.67,2026-01-24T03:53:45.201,"Any[64, 60, 53, 45, 37, 30, 25, 19, 10]",64,10
960,2026-01-28T22:23:45.0,2026-01-31T04:01:30.531,"Any[53, 45, 37, 30, 25, 19, 10]",53,10
459,2026-01-28T22:50:51.0,2026-01-24T04:28:36.531,"Any[10, 19, 25, 30, 37, 45, 53, 60]",10,60
603,2026-01-28T22:53:57.0,2026-01-31T04:31:42.531,"Any[53, 45, 37, 30, 25, 19, 11, 6, 1]",53,1
49,2026-01-28T22:55:41.0,2026-01-31T04:33:26.531,"Any[19, 25, 30, 37, 45, 53]",19,53
1167,2026-01-28T23:07:09.0,2026-01-31T04:44:54.531,"Any[8, 13, 19, 25, 30, 37, 45, 56]",8,56
1305,2026-01-28T23:07:09.0,2026-01-31T04:44:54.531,"Any[8, 13, 19, 25, 30, 37, 45, 56]",8,56
788,2026-01-28T23:17:39.0,2026-01-31T04:55:24.531,"Any[7, 8, 13, 19, 25, 30, 37, 45, 53, 60]",7,60
1389,2026-01-28T23:29:00.0,2026-01-24T05:06:45.531,"Any[53, 45, 37, 30, 25, 19, 10]",53,10
1406,2026-01-28T23:29:00.0,2026-01-31T05:06:45.531,"Any[53, 45, 37, 30, 25, 19, 10]",53,10
1459,2026-01-28T23:29:00.0,2026-01-31T05:06:45.531,"Any[53, 45, 37, 30, 25, 19, 10]",53,10
1466,2026-01-28T23:38:30.0,2026-01-31T05:16:15.531,"Any[19, 25, 30, 37, 45, 56]",19,56
863,2026-01-28T23:52:20.364,2026-01-31T05:30:05.895,"Any[1, 6, 11, 19, 25, 30, 37, 45, 56]",1,56
950,2026-01-28T23:52:20.364,2026-01-31T05:30:05.895,"Any[1, 6, 11, 19, 25, 30, 37, 45, 56]",1,56
360,2026-01-28T23:52:35.0,2026-01-24T05:30:20.531,"Any[19, 25, 30, 37, 45, 56]",19,56
423,2026-01-28T23:52:35.0,2026-01-24T05:30:20.531,"Any[19, 25, 30, 37, 45, 56]",19,56
149,2026-01-29T00:04:34.0,2026-01-31T05:42:19.531,"Any[19, 25, 30, 37, 45, 53]",19,53
945,2026-01-29T00:17:14.0,2026-01-31T05:54:59.531,"Any[7, 8, 13, 19, 25, 30, 37, 45, 53, 60]",7,60
751,2026-01-29T00:34:03.066,2026-01-31T06:11:48.597,"Any[9, 15, 26, 31, 36, 44, 54, 60]",9,60
6,2026-01-29T00:51:35.897,2026-01-24T06:29:21.428,"Any[53, 45, 37, 30, 25, 19, 13, 8]",53,8
38,2026-01-29T00:51:35.897,2026-01-31T06:29:21.428,"Any[53, 45, 37, 30, 25, 19, 13, 8]",53,8
1349,2026-01-29T00:51:35.897,2026-01-24T06:29:21.428,"Any[53, 45, 37, 30, 25, 19, 13, 8]",53,8
497,2026-01-29T01:01:24.0,2026-01-31T06:39:09.531,"Any[8, 13, 19, 25, 30, 37, 45, 56]",8,56
286,2026-01-29T01:20:39.098,2026-01-24T06:58:24.629,"Any[53, 45, 37, 30, 25, 19, 10]",53,10
295,2026-01-29T01:20:39.098,2026-01-31T06:58:24.629,"Any[53, 45, 37, 30, 25, 19, 10]",53,10
1411,2026-01-29T01:20:39.098,2026-01-24T06:58:24.629,"Any[53, 45, 37, 30, 25, 19, 10]",53,10
37,2026-01-29T01:29:08.0,2026-01-24T07:06:53.531,"Any[64, 60, 53, 45, 37, 30, 25, 19, 13, 8]",64,8
729,2026-01-29T01:29:08.0,2026-01-24T07:06:53.531,"Any[64, 60, 53, 45, 37, 30, 25, 19, 13, 8]",64,8
1583,2026-01-29T01:31:57.0,2026-01-24T07:09:42.531,"Any[6, 11, 16, 25, 30, 37, 45, 53]",6,53
323,2026-01-29T01:53:56.0,2026-01-31T07:31:41.531,"Any[10, 19, 25, 30, 37, 45, 53, 60]",10,60
966,2026-01-29T02:01:06.0,2026-01-31T07:38:51.531,"Any[64, 60, 53, 45, 37, 30, 25, 19, 11, 6, 1]",64,1
1501,2026-01-29T02:11:44.0,2026-01-24T07:49:29.531,"Any[8, 13, 19, 25, 30, 37, 45, 56]",8,56
785,2026-01-29T02:46:47.0,2026-01-24T08:24:32.531,"Any[7, 8, 13, 19, 25, 30, 37, 45, 53]",7,53
861,2026-01-29T03:46:06.524,2026-01-24T09:23:52.055,"Any[7, 8, 13, 19, 25, 30, 37, 45, 56]",7,56
302,2026-01-29T04:09:29.354,2026-01-31T09:47:14.885,"Any[16, 25, 30, 37, 45, 53, 60]",16,60
1161,2026-01-29T04:09:29.354,2026-01-24T09:47:14.885,"Any[16, 25, 30, 37, 45, 53, 60]",16,60
28,2026-01-29T05:14:16.0,2026-01-24T10:52:01.531,"Any[62, 56, 45, 37, 30, 25, 19]",62,19
257,2026-01-29T05:19:18.58,2026-01-24T10:57:04.111,"Any[19, 25, 30, 37, 45, 56]",19,56
693,2026-01-29T05:24:46.0,2026-01-24T11:02:31.531,"Any[19, 30, 37, 45, 56]",19,56
714,2026-01-29T05:27:21.0,2026-01-31T11:05:06.531,"Any[60, 53, 45, 37, 30, 25, 19, 11, 6]",60,6
267,2026-01-29T05:35:11.0,2026-01-24T11:12:56.531,"Any[8, 13, 19, 25, 30, 37, 45, 56, 60, 64]",8,64
1034,2026-01-29T06:46:00.0,2026-01-31T12:23:45.531,"Any[64, 60, 53, 45, 37, 30, 25, 19, 11, 6, 1]",64,1
315,2026-01-29T07:11:51.0,2026-01-24T12:49:36.531,"Any[17, 16, 25, 30, 37, 45, 53]",17,53
1114,2026-01-29T07:28:09.041,2026-01-31T13:05:54.572,"Any[53, 45, 37, 30, 25, 19, 10]",53,10
1460,2026-01-29T07:47:14.0,2026-01-31T13:24:59.531,"Any[53, 45, 37, 30, 25, 19, 10]",53,10
111,2026-01-29T07:58:11.0,2026-01-31T13:35:56.531,"Any[53, 45, 37, 30, 25, 19, 11, 6, 1]",53,1
261,2026-01-29T08:10:05.0,2026-01-24T13:47:50.531,"Any[60, 53, 45, 37, 30, 25]",60,25
813,2026-01-29T08:10:05.0,2026-01-24T13:47:50.531,"Any[60, 53, 45, 37, 30, 25]",60,25
628,2026-01-29T08:12:01.0,2026-01-24T13:49:46.531,"Any[19, 25, 30, 37, 45, 53]",19,53
644,2026-01-29T08:12:01.0,2026-01-24T13:49:46.531,"Any[19, 25, 30, 37, 45, 53]",19,53
1474,2026-01-29T08:12:30.0,2026-01-31T13:50:15.531,"Any[19, 25, 30, 37, 45, 53]",19,53
386,2026-01-29T09:03:04.104,2026-01-24T14:40:49.635,"Any[60, 56, 45, 37, 30, 25, 19, 11, 6]",60,6
1158,2026-01-29T09:04:31.0,2026-01-24T14:42:16.531,"Any[6, 11, 19, 25, 30, 37, 45]",6,45
1455,2026-01-29T09:10:30.0,2026-01-24T14:48:15.531,"Any[53, 45, 37, 30, 25, 19, 10]",53,10
733,2026-01-29T09:23:15.0,2026-01-24T15:01:00.531,"Any[64, 53, 45, 37, 30, 25, 19, 10]",64,10
799,2026-01-29T09:23:15.0,2026-01-31T15:01:00.531,"Any[64, 53, 45, 37, 30, 25, 19, 10]",64,10
657,2026-01-29T10:00:26.0,2026-01-24T15:38:11.531,"Any[8, 13, 19, 25, 30, 37, 45, 56]",8,56
1128,2026-01-29T10:00:26.0,2026-01-24T15:38:11.531,"Any[8, 13, 19, 25, 30, 37, 45, 56]",8,56
1364,2026-01-29T10:19:53.768,2026-01-31T15:57:39.299,"Any[53, 45, 37, 30, 25, 19, 11, 6, 1]",53,1
610,2026-01-29T10:48:09.0,2026-01-24T16:25:54.531,"Any[53, 45, 37, 30, 25, 19, 10]",53,10
639,2026-01-29T11:04:35.0,2026-01-24T16:42:20.531,"Any[60, 56, 45, 37, 30, 25, 19, 11, 6]",60,6
616,2026-01-29T11:07:22.0,2026-01-24T16:45:07.531,"Any[53, 45, 37, 30, 25, 19, 13, 8]",53,8
707,2026-01-29T11:07:22.0,2026-01-31T16:45:07.531,"Any[53, 45, 37, 30, 25, 19, 13, 8]",53,8
32,2026-01-29T11:19:32.0,2026-01-24T16:57:17.531,"Any[6, 11, 19, 25, 30, 37, 45]",6,45
921,2026-01-29T11:45:13.0,2026-01-24T17:22:58.531,"Any[6, 11, 19, 25, 30, 37, 45]",6,45
1350,2026-01-29T11:52:50.0,2026-01-24T17:30:35.531,"Any[53, 45, 37, 30, 25, 19, 13, 8]",53,8
1353,2026-01-29T11:52:50.0,2026-01-31T17:30:35.531,"Any[53, 45, 37, 30, 25, 19, 13, 8]",53,8
1394,2026-01-29T12:08:04.0,2026-01-31T17:45:49.531,"Any[53, 45, 37, 30, 25, 19, 10]",53,10
774,2026-01-29T12:30:46.04,2026-01-31T18:08:31.571,"Any[19, 25, 30, 37, 45, 56]",19,56
580,2026-01-29T12:34:04.0,2026-01-24T18:11:49.531,"Any[53, 45, 37, 30, 25, 19, 10]",53,10
44,2026-01-29T12:59:19.0,2026-01-31T18:37:04.531,"Any[53, 45, 37, 30, 25]",53,25
154,2026-01-29T13:10:43.643,2026-01-31T18:48:29.174,"Any[1, 6, 11, 19, 25, 30, 37, 45, 56]",1,56
1447,2026-01-29T13:11:52.0,2026-01-31T18:49:37.531,"Any[53, 45, 37, 30, 25, 19, 10]",53,10
698,2026-01-29T14:01:22.428,2026-01-24T19:39:07.959,"Any[1, 6, 11, 19, 25, 30, 37, 45, 56]",1,56
496,2026-01-29T14:20:30.0,2026-01-31T19:58:15.531,"Any[6, 11, 19, 25, 30, 37, 45]",6,45
1012,2026-01-29T14:35:10.0,2026-01-24T20:12:55.531,"Any[13, 19, 25, 30, 37, 45, 56]",13,56
1136,2026-01-29T14:49:53.0,2026-01-24T20:27:38.531,"Any[53, 45, 37, 30, 25, 19, 10]",53,10
1246,2026-01-29T14:49:53.0,2026-01-31T20:27:38.531,"Any[53, 45, 37, 30, 25, 19, 10]",53,10
1021,2026-01-29T14:50:48.0,2026-01-31T20:28:33.531,"Any[53, 45, 37, 30, 25]",53,25
470,2026-01-29T14:58:17.0,2026-01-24T20:36:02.531,"Any[60, 53, 45, 37, 30, 25, 19, 13, 8]",60,8
1491,2026-01-29T15:22:30.0,2026-01-24T21:00:15.531,"Any[8, 13, 19, 25, 30, 37, 45, 56]",8,56
499,2026-01-29T15:32:20.324,2026-01-24T21:10:05.855,"Any[6, 11, 19, 25, 30, 37, 45, 53]",6,53
1585,2026-01-29T15:32:20.324,2026-01-31T21:10:05.855,"Any[6, 11, 19, 25, 30, 37, 45, 53]",6,53
1309,2026-01-29T15:32:27.0,2026-01-31T21:10:12.531,"Any[3, 10, 19, 25, 30, 37, 45, 53]",3,53
16,2026-01-29T15:38:53.0,2026-01-31T21:16:38.531,"Any[53, 45, 37, 30, 25, 19, 10]",53,10
1422,2026-01-29T15:38:53.0,2026-01-24T21:16:38.531,"Any[53, 45, 37, 30, 25, 19, 10]",53,10
1265,2026-01-29T15:47:18.0,2026-01-24T21:25:03.531,"Any[64, 60, 56, 45, 37, 30, 25, 19, 17, 19, 13, 8]",64,8
144,2026-01-29T15:53:57.042,2026-01-31T21:31:42.573,"Any[19, 25, 30, 37, 45, 53]",19,53
181,2026-01-29T16:04:09.0,2026-01-31T21:41:54.531,"Any[56, 45, 37, 30, 25]",56,25
180,2026-01-29T16:06:01.0,2026-01-31T21:43:46.531,"Any[6, 11, 19, 25, 30, 37, 45]",6,45
1264,2026-01-29T16:08:59.421,2026-01-31T21:46:44.952,"Any[1, 6, 11, 19, 25, 30, 37, 45, 56]",1,56
1152,2026-01-29T16:17:42.0,2026-01-31T21:55:27.531,"Any[64, 56, 45, 37, 30, 25, 19, 11, 6]",64,6
281,2026-01-29T16:20:14.0,2026-01-24T21:57:59.531,"Any[6, 11, 19, 25, 30, 37, 45, 56]",6,56
755,2026-01-29T16:20:14.0,2026-01-31T21:57:59.531,"Any[6, 11, 19, 25, 30, 37, 45, 56]",6,56
1548,2026-01-29T16:20:14.0,2026-01-31T21:57:59.531,"Any[6, 11, 19, 25, 30, 37, 45, 56]",6,56
559,2026-01-29T16:44:15.0,2026-01-24T22:22:00.531,"Any[53, 45, 37, 30, 25]",53,25
649,2026-01-29T16:47:32.856,2026-01-31T22:25:18.387,"Any[8, 13, 19, 25, 30, 37, 45, 56]",8,56
1439,2026-01-29T16:56:29.0,2026-01-31T22:34:14.531,"Any[53, 45, 37, 30, 25, 19, 10]",53,10
982,2026-01-29T17:26:22.0,2026-01-24T23:04:07.531,"Any[1, 6, 11, 19, 25, 30, 37, 45, 56, 60]",1,60
1003,2026-01-29T17:26:22.0,2026-01-24T23:04:07.531,"Any[1, 6, 11, 19, 25, 30, 37, 45, 56, 60]",1,60
312,2026-01-29T17:26:46.913,2026-01-31T23:04:32.444,"Any[1, 6, 11, 19, 25, 30, 37, 45, 56]",1,56
1302,2026-01-29T17:39:27.0,2026-01-31T23:17:12.531,"Any[8, 13, 19, 25, 30, 37, 45, 56]",8,56
55,2026-01-29T17:47:34.0,2026-01-24T23:25:19.531,"Any[8, 13, 19, 25, 30, 37, 45, 53, 60]",8,60
1242,2026-01-29T17:47:34.0,2026-01-31T23:25:19.531,"Any[8, 13, 19, 25, 30, 37, 45, 53, 60]",8,60
1484,2026-01-29T17:48:05.0,2026-01-31T23:25:50.531,"Any[8, 13, 19, 25, 30, 37, 45, 56]",8,56
1088,2026-01-29T17:49:15.0,2026-01-31T23:27:00.531,"Any[19, 25, 30, 37, 45, 53, 60]",19,60
614,2026-01-29T17:51:32.0,2026-01-24T23:29:17.531,"Any[53, 45, 37, 30, 25, 19, 10]",53,10
416,2026-01-29T17:53:31.0,2026-01-31T23:31:16.531,"Any[45, 37, 30, 25, 19, 10]",45,10
900,2026-01-29T17:58:27.0,2026-01-24T23:36:12.531,"Any[56, 45, 37, 30, 25, 19, 11, 6, 6, 5, 1, 1]",56,6
552,2026-01-29T17:58:29.305,2026-01-24T23:36:14.836,"Any[60, 56, 45, 37, 30, 25, 19, 11, 6]",60,6
1035,2026-01-29T17:58:29.305,2026-01-24T23:36:14.836,"Any[60, 56, 45, 37, 30, 25, 19, 11, 6]",60,6
61,2026-01-29T18:06:08.553,2026-01-31T23:43:54.084,"Any[8, 13, 19, 25, 30, 37, 45]",8,45
78,2026-01-29T18:24:58.0,2026-01-25T00:02:43.531,"Any[62, 53, 45, 37, 30, 25, 19, 11, 6, 1]",62,1
1157,2026-01-29T18:26:14.305,2026-01-25T00:03:59.836,"Any[60, 56, 45, 37, 30, 25, 19, 11, 6]",60,6
1016,2026-01-29T18:39:23.0,2026-01-25T00:17:08.531,"Any[56, 45, 37, 30, 25]",56,25
1217,2026-01-29T18:39:23.0,2026-02-01T00:17:08.531,"Any[56, 45, 37, 30, 25]",56,25
583,2026-01-29T18:45:51.0,2026-02-01T00:23:36.531,"Any[17, 25, 30, 37, 45]",17,45
265,2026-01-29T18:55:21.0,2026-01-25T00:33:06.531,"Any[7, 8, 13, 19, 25, 30, 37, 45, 53]",7,53
1027,2026-01-29T18:55:21.0,2026-02-01T00:33:06.531,"Any[7, 8, 13, 19, 25, 30, 37, 45, 53]",7,53
824,2026-01-29T19:34:20.0,2026-01-25T01:12:05.531,"Any[60, 53, 45, 37, 30, 25]",60,25
1322,2026-01-29T19:59:11.0,2026-02-01T01:36:56.531,"Any[53, 45, 37, 30, 25, 19, 13, 8]",53,8
772,2026-01-29T20:17:50.0,2026-01-25T01:55:35.531,"Any[53, 45, 37, 30, 25, 19, 13, 8]",53,8
1402,2026-01-29T20:24:43.0,2026-02-01T02:02:28.531,"Any[53, 45, 37, 30, 25, 19, 10]",53,10
1355,2026-01-29T20:41:14.0,2026-01-25T02:18:59.531,"Any[53, 45, 37, 30, 25, 19, 13, 8]",53,8
510,2026-01-29T20:51:15.0,2026-02-01T02:29:00.531,"Any[53, 45, 37, 30, 25, 19, 11, 6, 1]",53,1
680,2026-01-29T20:51:15.0,2026-02-01T02:29:00.531,"Any[53, 45, 37, 30, 25, 19, 11, 6, 1]",53,1
421,2026-01-29T20:56:52.487,2026-01-25T02:34:38.018,"Any[53, 45, 37, 30, 25, 19, 10]",53,10
231,2026-01-29T21:04:30.0,2026-02-01T02:42:15.531,"Any[60, 53, 45, 37, 30, 25]",60,25
1440,2026-01-29T21:38:40.391,2026-02-01T03:16:25.922,"Any[53, 45, 37, 30, 25, 19, 10]",53,10
652,2026-01-29T21:47:03.0,2026-02-01T03:24:48.531,"Any[8, 13, 19, 25, 30, 37, 45, 56]",8,56
957,2026-01-29T22:35:51.065,2026-01-25T04:13:36.596,"Any[53, 45, 37, 30, 25, 19, 13, 8]",53,8
143,2026-01-29T22:40:40.0,2026-01-25T04:18:25.531,"Any[53, 45, 37, 30, 25, 19, 11, 6, 1]",53,1
1366,2026-01-29T22:40:40.0,2026-02-01T04:18:25.531,"Any[53, 45, 37, 30, 25, 19, 11, 6, 1]",53,1
1375,2026-01-29T22:40:40.0,2026-01-25T04:18:25.531,"Any[53, 45, 37, 30, 25, 19, 11, 6, 1]",53,1
207,2026-01-29T22:52:19.0,2026-01-25T04:30:04.531,"Any[60, 56, 45, 37, 30, 25, 19, 11, 6]",60,6
864,2026-01-29T22:52:19.0,2026-01-25T04:30:04.531,"Any[60, 56, 45, 37, 30, 25, 19, 11, 6]",60,6
736,2026-01-29T23:20:07.0,2026-02-01T04:57:52.531,"Any[13, 19, 25, 30, 37, 45, 56]",13,56
608,2026-01-29T23:26:35.0,2026-02-01T05:04:20.531,"Any[8, 13, 19, 25, 30, 37, 45, 56]",8,56
119,2026-01-29T23:35:26.732,2026-01-25T05:13:12.263,"Any[53, 45, 37, 30, 25, 19, 11, 6, 1]",53,1
1372,2026-01-29T23:35:26.732,2026-01-25T05:13:12.263,"Any[53, 45, 37, 30, 25, 19, 11, 6, 1]",53,1
1481,2026-01-29T23:53:53.467,2026-02-01T05:31:38.998,"Any[8, 13, 19, 25, 30, 37, 45, 56]",8,56
1535,2026-01-30T00:01:06.0,2026-02-01T05:38:51.531,"Any[1, 6, 11, 19, 23, 36, 44, 54, 60]",1,60
569,2026-01-30T00:18:04.0,2026-01-25T05:55:49.531,"Any[53, 45, 37, 30, 25, 19, 11, 6, 1]",53,1
712,2026-01-30T00:18:04.0,2026-01-25T05:55:49.531,"Any[53, 45, 37, 30, 25, 19, 11, 6, 1]",53,1
383,2026-01-30T00:26:36.0,2026-02-01T06:04:21.531,"Any[53, 45, 37, 30, 25, 19, 11, 6, 1]",53,1
419,2026-01-30T00:53:45.0,2026-01-25T06:31:30.531,"Any[53, 45, 37, 30, 25, 19, 10]",53,10
91,2026-01-30T01:13:47.0,2026-01-25T06:51:32.531,"Any[6, 11, 25, 30, 37, 45, 53]",6,53
1336,2026-01-30T01:23:51.0,2026-01-25T07:01:36.531,"Any[53, 45, 37, 30, 25, 19, 13, 8]",53,8
963,2026-01-30T01:29:29.0,2026-01-25T07:07:14.531,"Any[53, 45, 37, 30, 25, 19, 10]",53,10
604,2026-01-30T01:31:05.0,2026-01-25T07:08:50.531,"Any[6, 11, 19, 25, 30, 37, 45, 56]",6,56
1559,2026-01-30T01:31:05.0,2026-02-01T07:08:50.531,"Any[6, 11, 19, 25, 30, 37, 45, 56]",6,56
25,2026-01-30T01:35:40.0,2026-01-25T07:13:25.531,"Any[16, 25, 30, 37, 45, 53]",16,53
1338,2026-01-30T01:47:40.0,2026-01-25T07:25:25.531,"Any[53, 45, 37, 30, 25, 19, 13, 8]",53,8
236,2026-01-30T02:33:43.0,2026-01-25T08:11:28.531,"Any[53, 45, 37, 30, 25, 19, 11, 6, 1]",53,1
59,2026-01-30T03:03:56.912,2026-01-25T08:41:42.443,"Any[10, 19, 25, 30, 37, 45, 56]",10,56
291,2026-01-30T03:08:33.0,2026-01-25T08:46:18.531,"Any[53, 45, 37, 30, 25, 19, 11, 6, 1]",53,1
1103,2026-01-30T03:44:28.0,2026-02-01T09:22:13.531,"Any[53, 45, 37, 30, 25]",53,25
1,2026-01-30T03:48:37.0,2026-01-25T09:26:22.531,"Any[56, 45, 37, 30, 25, 19, 10]",56,10
638,2026-01-30T04:15:50.0,2026-02-01T09:53:35.531,"Any[60, 56, 45, 37, 30, 25, 19, 11, 6]",60,6
456,2026-01-30T04:54:43.0,2026-01-25T10:32:28.531,"Any[60, 53, 45, 37, 30, 25, 19, 10]",60,10
771,2026-01-30T05:44:55.0,2026-01-25T11:22:40.531,"Any[64, 60, 53, 45, 37, 30, 25, 19, 11, 6, 1]",64,1
811,2026-01-30T06:00:15.0,2026-01-25T11:38:00.531,"Any[8, 13, 19, 25, 30, 37, 45, 56]",8,56
835,2026-01-30T06:00:15.0,2026-01-25T11:38:00.531,"Any[8, 13, 19, 25, 30, 37, 45, 56]",8,56
1465,2026-01-30T06:18:52.0,2026-01-25T11:56:37.531,"Any[19, 25, 30, 37, 45, 56]",19,56
1291,2026-01-30T06:51:04.0,2026-02-01T12:28:49.531,"Any[1, 6, 11, 16, 25, 30, 37, 45, 56]",1,56
1147,2026-01-30T07:50:18.0,2026-01-25T13:28:03.531,"Any[14, 19, 25, 30, 37, 45, 53]",14,53
314,2026-01-30T08:08:21.619,2026-01-25T13:46:07.15,"Any[53, 45, 37, 30, 25, 19, 13, 8]",53,8
1348,2026-01-30T08:08:21.619,2026-01-25T13:46:07.15,"Any[53, 45, 37, 30, 25, 19, 13, 8]",53,8
896,2026-01-30T08:25:48.0,2026-02-01T14:03:33.531,"Any[64, 60, 56, 45, 37, 30, 25, 19, 13, 8]",64,8
1191,2026-01-30T08:25:56.0,2026-02-01T14:03:41.531,"Any[19, 25, 30, 37, 45, 53]",19,53
218,2026-01-30T08:38:54.452,2026-02-01T14:16:39.983,"Any[64, 60, 56, 45, 37, 30, 25, 19]",64,19
531,2026-01-30T08:41:02.0,2026-01-25T14:18:47.531,"Any[6, 11, 16, 25, 30, 37, 45]",6,45
1169,2026-01-30T08:45:36.713,2026-02-01T14:23:22.244,"Any[19, 25, 30, 37, 45, 53]",19,53
1023,2026-01-30T08:57:41.0,2026-02-01T14:35:26.531,"Any[53, 45, 37, 30, 25, 19, 11, 6, 1]",53,1
1376,2026-01-30T08:57:41.0,2026-01-25T14:35:26.531,"Any[53, 45, 37, 30, 25, 19, 11, 6, 1]",53,1
486,2026-01-30T09:34:19.0,2026-02-01T15:12:04.531,"Any[60, 56, 45, 37, 30, 25, 19, 13, 8]",60,8
120,2026-01-30T10:11:49.0,2026-01-25T15:49:34.531,"Any[53, 45, 37, 30, 25, 19, 10]",53,10
589,2026-01-30T10:48:30.0,2026-01-25T16:26:15.531,"Any[6, 11, 19, 25, 30, 37, 45]",6,45
1257,2026-01-30T10:51:57.0,2026-01-25T16:29:42.531,"Any[1, 6, 11, 19, 25, 30, 37, 45, 56]",1,56
131,2026-01-30T11:24:58.0,2026-01-25T17:02:43.531,"Any[6, 11, 19, 25, 30, 37, 45]",6,45
202,2026-01-30T11:24:58.0,2026-01-25T17:02:43.531,"Any[6, 11, 19, 25, 30, 37, 45]",6,45
622,2026-01-30T11:34:03.0,2026-01-25T17:11:48.531,"Any[3, 6, 11, 19, 25, 30, 37, 45, 56]",3,56
1310,2026-01-30T11:58:07.518,2026-02-01T17:35:53.049,"Any[6, 11, 19, 25, 30, 37, 45, 56]",6,56
1095,2026-01-30T12:06:33.0,2026-01-25T17:44:18.531,"Any[64, 60, 53, 45, 37, 30, 25, 19, 10]",64,10
1524,2026-01-30T12:16:55.0,2026-02-01T17:54:40.531,"Any[1, 6, 11, 19, 25, 30, 37, 45, 56, 60]",1,60
1437,2026-01-30T12:18:10.0,2026-01-25T17:55:55.531,"Any[53, 45, 37, 30, 25, 19, 10]",53,10
1547,2026-01-30T12:20:11.0,2026-02-01T17:57:56.531,"Any[6, 11, 19, 25, 30, 37, 45, 56]",6,56
369,2026-01-30T12:26:18.0,2026-02-01T18:04:03.531,"Any[25, 30, 37, 45, 56, 60]",25,60
801,2026-01-30T12:26:18.0,2026-02-01T18:04:03.531,"Any[25, 30, 37, 45, 56, 60]",25,60
1113,2026-01-30T12:34:55.0,2026-01-25T18:12:40.531,"Any[53, 45, 37, 30, 25, 19, 10]",53,10
330,2026-01-30T12:49:03.0,2026-02-01T18:26:48.531,"Any[60, 53, 45, 37, 30, 25]",60,25
1311,2026-01-30T12:49:03.0,2026-02-01T18:26:48.531,"Any[60, 53, 45, 37, 30, 25]",60,25
351,2026-01-30T12:52:49.0,2026-02-01T18:30:34.531,"Any[45, 37, 30, 25, 19, 10]",45,10
746,2026-01-30T12:52:49.0,2026-01-25T18:30:34.531,"Any[45, 37, 30, 25, 19, 10]",45,10
1015,2026-01-30T12:52:49.0,2026-01-25T18:30:34.531,"Any[45, 37, 30, 25, 19, 10]",45,10
245,2026-01-30T13:02:58.0,2026-01-25T18:40:43.531,"Any[8, 13, 19, 25, 30, 37, 45, 56]",8,56
289,2026-01-30T13:02:58.0,2026-02-01T18:40:43.531,"Any[8, 13, 19, 25, 30, 37, 45, 56]",8,56
858,2026-01-30T13:09:21.0,2026-02-01T18:47:06.531,"Any[53, 45, 37, 30, 25, 19, 10]",53,10
1193,2026-01-30T13:41:24.0,2026-01-25T19:19:09.531,"Any[45, 37, 30, 25, 19, 10]",45,10
1461,2026-01-30T13:41:24.0,2026-02-01T19:19:09.531,"Any[45, 37, 30, 25, 19, 10]",45,10
1471,2026-01-30T13:49:13.0,2026-01-25T19:26:58.531,"Any[19, 25, 30, 37, 45, 53]",19,53
846,2026-01-30T13:55:00.0,2026-02-01T19:32:45.531,"Any[8, 7, 8, 13, 19, 25, 30, 37, 45]",8,45
1059,2026-01-30T14:31:44.481,2026-01-25T20:09:30.012,"Any[6, 10, 19, 25, 30, 37, 45, 56]",6,56
95,2026-01-30T14:48:21.0,2026-01-25T20:26:06.531,"Any[64, 60, 56, 45, 37, 30, 25, 19, 11, 6]",64,6
905,2026-01-30T14:51:12.0,2026-02-01T20:28:57.531,"Any[64, 60, 53, 45, 37, 30, 25, 19, 10]",64,10
1294,2026-01-30T14:51:12.0,2026-02-01T20:28:57.531,"Any[64, 60, 53, 45, 37, 30, 25, 19, 10]",64,10
606,2026-01-30T15:07:11.0,2026-01-25T20:44:56.531,"Any[7, 8, 13, 19, 25, 30, 37, 45, 56]",7,56
1312,2026-01-30T15:14:18.0,2026-02-01T20:52:03.531,"Any[64, 60, 53, 45, 37, 30, 25]",64,25
493,2026-01-30T15:33:14.0,2026-02-01T21:10:59.531,"Any[62, 53, 45, 37, 30, 25, 19, 13, 8]",62,8
65,2026-01-30T15:43:57.0,2026-01-25T21:21:42.531,"Any[7, 8, 13, 19, 25, 30, 37, 45, 53]",7,53
577,2026-01-30T15:43:57.0,2026-02-01T21:21:42.531,"Any[7, 8, 13, 19, 25, 30, 37, 45, 53]",7,53
85,2026-01-30T15:51:32.0,2026-01-25T21:29:17.531,"Any[53, 45, 37, 30, 25, 19, 11, 6, 1]",53,1
235,2026-01-30T15:51:32.0,2026-01-25T21:29:17.531,"Any[53, 45, 37, 30, 25, 19, 11, 6, 1]",53,1
1100,2026-01-30T16:01:01.0,2026-02-01T21:38:46.531,"Any[56, 45, 37, 30, 25]",56,25
1289,2026-01-30T16:03:08.0,2026-02-01T21:40:53.531,"Any[54, 44, 36, 23, 19, 11, 6]",54,6
299,2026-01-30T16:05:01.0,2026-01-25T21:42:46.531,"Any[53, 45, 37, 30, 25, 19, 10]",53,10
1073,2026-01-30T16:22:38.68,2026-01-25T22:00:24.211,"Any[6, 11, 19, 25, 30, 37, 45, 56]",6,56
399,2026-01-30T16:28:34.0,2026-01-25T22:06:19.531,"Any[1, 6, 11, 19, 25, 30, 37, 45, 56]",1,56
568,2026-01-30T16:28:40.0,2026-01-25T22:06:25.531,"Any[53, 45, 37, 30, 25, 19, 10]",53,10
1087,2026-01-30T16:34:46.0,2026-02-01T22:12:31.531,"Any[6, 11, 19, 25, 30, 37, 45]",6,45
909,2026-01-30T16:38:56.0,2026-01-25T22:16:41.531,"Any[10, 19, 25, 30, 37, 45, 53, 60]",10,60
271,2026-01-30T16:47:10.0,2026-01-25T22:24:55.531,"Any[56, 45, 37, 30, 25, 19, 14]",56,14
275,2026-01-30T17:17:15.0,2026-02-01T22:55:00.531,"Any[64, 53, 45, 37, 30, 25, 19, 11, 6, 1]",64,1
971,2026-01-30T18:11:04.0,2026-01-25T23:48:49.531,"Any[56, 45, 37, 30, 25]",56,25
886,2026-01-30T18:19:04.0,2026-01-25T23:56:49.531,"Any[8, 13, 19, 25, 30, 37, 45, 56]",8,56
862,2026-01-30T18:27:53.0,2026-01-26T00:05:38.531,"Any[60, 56, 45, 37, 30, 25, 19]",60,19
226,2026-01-30T18:33:30.0,2026-02-02T00:11:15.531,"Any[6, 11, 19, 25, 30, 37, 45]",6,45
1143,2026-01-30T18:33:30.0,2026-02-02T00:11:15.531,"Any[6, 11, 19, 25, 30, 37, 45]",6,45
1195,2026-01-30T18:50:06.0,2026-02-02T00:27:51.531,"Any[1, 6, 11, 19, 25, 30, 37, 45, 56]",1,56
1540,2026-01-30T18:50:06.0,2026-01-26T00:27:51.531,"Any[1, 6, 11, 19, 25, 30, 37, 45, 56]",1,56
1306,2026-01-30T19:03:53.0,2026-02-02T00:41:38.531,"Any[56, 45, 37, 30, 25]",56,25
204,2026-01-30T19:09:05.275,2026-01-26T00:46:50.806,"Any[60, 56, 45, 37, 30, 25, 19, 13, 8]",60,8
539,2026-01-30T19:22:15.0,2026-01-26T01:00:00.531,"Any[8, 13, 19, 25, 30, 37, 45, 56]",8,56
1204,2026-01-30T19:46:09.0,2026-01-26T01:23:54.531,"Any[45, 37, 30, 25]",45,25
7,2026-01-30T20:01:06.0,2026-02-02T01:38:51.531,"Any[1, 6, 11, 19, 25, 30, 37, 45, 56]",1,56
1145,2026-01-30T20:03:07.557,2026-01-26T01:40:53.088,"Any[56, 45, 37, 30, 25, 19, 10]",56,10
842,2026-01-30T20:15:30.0,2026-01-26T01:53:15.531,"Any[53, 45, 37, 30, 25, 19, 13, 8]",53,8
1352,2026-01-30T20:15:30.0,2026-02-02T01:53:15.531,"Any[53, 45, 37, 30, 25, 19, 13, 8]",53,8
130,2026-01-30T20:38:30.786,2026-02-02T02:16:16.317,"Any[60, 56, 45, 37, 30, 25, 19]",60,19
943,2026-01-30T20:38:30.786,2026-01-26T02:16:16.317,"Any[60, 56, 45, 37, 30, 25, 19]",60,19
1273,2026-01-30T21:03:18.164,2026-01-26T02:41:03.695,"Any[1, 6, 11, 19, 23, 36, 44, 54, 60]",1,60
52,2026-01-30T21:09:40.513,2026-01-26T02:47:26.044,"Any[8, 13, 19, 25, 30, 37, 45, 56]",8,56
1500,2026-01-30T21:09:40.513,2026-01-26T02:47:26.044,"Any[8, 13, 19, 25, 30, 37, 45, 56]",8,56
141,2026-01-30T21:15:29.731,2026-01-26T02:53:15.262,"Any[8, 13, 19, 25, 30, 37, 45, 56]",8,56
880,2026-01-30T21:27:54.0,2026-01-26T03:05:39.531,"Any[19, 25, 30, 37, 45, 56]",19,56
1393,2026-01-30T22:28:34.0,2026-02-02T04:06:19.531,"Any[53, 45, 37, 30, 25, 19, 10]",53,10
829,2026-01-30T23:19:41.0,2026-01-26T04:57:26.531,"Any[45, 37, 30, 25]",45,25
1404,2026-01-30T23:28:25.0,2026-02-02T05:06:10.531,"Any[53, 45, 37, 30, 25, 19, 10]",53,10
1357,2026-01-31T00:03:03.0,2026-01-26T05:40:48.531,"Any[53, 45, 37, 30, 25, 19, 13, 8]",53,8
1546,2026-01-31T00:07:51.718,2026-02-02T05:45:37.249,"Any[6, 11, 19, 25, 30, 37, 45, 56]",6,56
1002,2026-01-31T00:24:40.0,2026-01-26T06:02:25.531,"Any[6, 11, 19, 25, 30, 37, 45]",6,45
1130,2026-01-31T00:24:40.0,2026-02-02T06:02:25.531,"Any[6, 11, 19, 25, 30, 37, 45]",6,45
1085,2026-01-31T00:25:49.0,2026-02-02T06:03:34.531,"Any[19, 25, 30, 37, 45, 53]",19,53
1033,2026-01-31T01:15:33.0,2026-01-26T06:53:18.531,"Any[8, 13, 19, 25, 30, 37, 45, 56]",8,56
587,2026-01-31T01:21:15.0,2026-01-26T06:59:00.531,"Any[1, 6, 11, 19, 25, 30, 37, 45, 53, 60]",1,60
191,2026-01-31T01:41:54.0,2026-01-26T07:19:39.531,"Any[7, 8, 13, 19, 25, 30, 37, 45, 53]",7,53
1251,2026-01-31T01:41:54.0,2026-01-26T07:19:39.531,"Any[7, 8, 13, 19, 25, 30, 37, 45, 53]",7,53
182,2026-01-31T01:55:03.0,2026-01-26T07:32:48.531,"Any[7, 8, 13, 19, 25, 30, 37, 45, 53]",7,53
178,2026-01-31T02:46:14.0,2026-01-26T08:23:59.531,"Any[8, 13, 19, 25, 30, 37, 45, 53, 56]",8,56
747,2026-01-31T02:46:14.0,2026-02-02T08:23:59.531,"Any[8, 13, 19, 25, 30, 37, 45, 53, 56]",8,56
725,2026-01-31T03:34:42.0,2026-02-02T09:12:27.531,"Any[16, 25, 30, 37, 45, 53, 60]",16,60
391,2026-01-31T03:59:42.0,2026-01-26T09:37:27.531,"Any[17, 16, 17, 25, 30, 37, 45, 53]",17,53
441,2026-01-31T03:59:42.0,2026-01-26T09:37:27.531,"Any[17, 16, 17, 25, 30, 37, 45, 53]",17,53
600,2026-01-31T04:29:21.0,2026-02-02T10:07:06.531,"Any[64, 60, 53, 45, 37, 30, 25, 19, 10]",64,10
219,2026-01-31T04:39:17.0,2026-02-02T10:17:02.531,"Any[56, 45, 37, 30, 25]",56,25
934,2026-01-31T04:39:17.0,2026-01-26T10:17:02.531,"Any[56, 45, 37, 30, 25]",56,25
1300,2026-01-31T04:39:17.0,2026-01-26T10:17:02.531,"Any[56, 45, 37, 30, 25]",56,25
1180,2026-01-31T04:59:16.0,2026-02-02T10:37:01.531,"Any[60, 56, 45, 37, 30, 25, 19, 11, 6]",60,6
118,2026-01-31T05:35:00.0,2026-01-26T11:12:45.531,"Any[1, 6, 11, 19, 23, 28, 36, 44, 60]",1,60
247,2026-01-31T05:35:00.0,2026-02-02T11:12:45.531,"Any[1, 6, 11, 19, 23, 28, 36, 44, 60]",1,60
823,2026-01-31T05:35:00.0,2026-01-26T11:12:45.531,"Any[1, 6, 11, 19, 23, 28, 36, 44, 60]",1,60
329,2026-01-31T05:43:02.165,2026-01-26T11:20:47.696,"Any[6, 11, 25, 30, 37, 45, 53]",6,53
769,2026-01-31T05:43:02.165,2026-01-26T11:20:47.696,"Any[6, 11, 25, 30, 37, 45, 53]",6,53
551,2026-01-31T06:46:35.0,2026-01-26T12:24:20.531,"Any[64, 60, 53, 45, 37, 30, 25, 19, 13, 8]",64,8
942,2026-01-31T06:46:35.0,2026-02-02T12:24:20.531,"Any[64, 60, 53, 45, 37, 30, 25, 19, 13, 8]",64,8
887,2026-01-31T07:02:01.0,2026-02-02T12:39:46.531,"Any[6, 11, 19, 25, 30, 37, 45, 53]",6,53
112,2026-01-31T07:02:02.0,2026-02-02T12:39:47.531,"Any[53, 45, 37, 30, 25]",53,25
929,2026-01-31T07:26:17.0,2026-02-02T13:04:02.531,"Any[19, 25, 30, 37, 45]",19,45
1241,2026-01-31T07:50:28.0,2026-02-02T13:28:13.531,"Any[8, 13, 19, 25, 30, 37, 45, 53, 60, 64]",8,64
995,2026-01-31T08:10:53.255,2026-01-26T13:48:38.786,"Any[60, 53, 45, 37, 30, 25, 19, 10]",60,10
1308,2026-01-31T08:10:53.255,2026-01-26T13:48:38.786,"Any[60, 53, 45, 37, 30, 25, 19, 10]",60,10
1054,2026-01-31T08:36:04.0,2026-01-26T14:13:49.531,"Any[19, 25, 30, 37, 45, 56]",19,56
979,2026-01-31T09:00:36.0,2026-02-02T14:38:21.531,"Any[53, 45, 37, 30, 25, 19, 11, 6, 1]",53,1
602,2026-01-31T09:14:47.0,2026-01-26T14:52:32.531,"Any[53, 45, 37, 30, 25, 19, 10]",53,10
481,2026-01-31T09:31:56.0,2026-01-26T15:09:41.531,"Any[53, 45, 37, 30, 25, 19, 10]",53,10
1385,2026-01-31T09:31:56.0,2026-02-02T15:09:41.531,"Any[53, 45, 37, 30, 25, 19, 10]",53,10
509,2026-01-31T09:47:56.0,2026-01-26T15:25:41.531,"Any[1, 6, 11, 19, 25, 30, 37, 45, 56]",1,56
851,2026-01-31T10:08:10.0,2026-01-26T15:45:55.531,"Any[1, 6, 11, 19, 25, 30, 37, 45, 53, 60, 64]",1,64
779,2026-01-31T10:50:53.0,2026-01-26T16:28:38.531,"Any[62, 53, 45, 37, 30, 25, 19, 13, 8]",62,8
1078,2026-01-31T11:08:33.027,2026-01-26T16:46:18.558,"Any[62, 45, 37, 30, 25, 19]",62,19
992,2026-01-31T11:18:38.0,2026-01-26T16:56:23.531,"Any[53, 45, 37, 30, 25, 19, 10]",53,10
1068,2026-01-31T11:23:17.0,2026-02-02T17:01:02.531,"Any[62, 56, 45, 37, 30, 25, 19, 13, 8]",62,8
906,2026-01-31T11:30:18.0,2026-01-26T17:08:03.531,"Any[60, 56, 45, 37, 30, 25, 19]",60,19
454,2026-01-31T11:30:39.0,2026-01-26T17:08:24.531,"Any[6, 11, 19, 25, 30, 37, 45, 56]",6,56
357,2026-01-31T11:32:05.0,2026-02-02T17:09:50.531,"Any[60, 53, 45, 37, 30, 25, 19, 10]",60,10
1553,2026-01-31T11:55:03.0,2026-01-26T17:32:48.531,"Any[6, 11, 19, 25, 30, 37, 45, 56]",6,56
641,2026-01-31T12:06:17.0,2026-01-26T17:44:02.531,"Any[56, 45, 37, 30, 25]",56,25
601,2026-01-31T12:12:18.0,2026-02-02T17:50:03.531,"Any[64, 60, 53, 45, 37, 30, 25, 19, 11, 6, 1]",64,1
961,2026-01-31T12:21:26.0,2026-02-02T17:59:11.531,"Any[64, 60, 53, 45, 37, 30, 25, 19, 11, 6, 1]",64,1
558,2026-01-31T12:27:50.646,2026-01-26T18:05:36.177,"Any[64, 60, 56, 45, 37, 30, 25]",64,25
876,2026-01-31T13:26:43.0,2026-01-26T19:04:28.531,"Any[60, 56, 45, 37, 30, 25, 19, 11, 10, 3]",60,3
734,2026-01-31T13:48:30.0,2026-01-26T19:26:15.531,"Any[56, 45, 37, 30, 25, 19, 10]",56,10
164,2026-01-31T13:50:47.0,2026-01-26T19:28:32.531,"Any[7, 8, 13, 19, 25, 30, 37, 45, 53, 60]",7,60
953,2026-01-31T13:50:47.0,2026-02-02T19:28:32.531,"Any[7, 8, 13, 19, 25, 30, 37, 45, 53, 60]",7,60
584,2026-01-31T14:19:03.0,2026-01-26T19:56:48.531,"Any[6, 11, 19, 25, 30, 37, 45, 56]",6,56
687,2026-01-31T14:19:03.0,2026-02-02T19:56:48.531,"Any[6, 11, 19, 25, 30, 37, 45, 56]",6,56
485,2026-01-31T14:23:44.888,2026-01-26T20:01:30.419,"Any[19, 25, 30, 37, 45, 56]",19,56
522,2026-01-31T14:23:44.888,2026-01-26T20:01:30.419,"Any[19, 25, 30, 37, 45, 56]",19,56
612,2026-01-31T14:44:45.0,2026-02-02T20:22:30.531,"Any[13, 19, 25, 30, 37, 45, 56]",13,56
808,2026-01-31T14:44:45.0,2026-02-02T20:22:30.531,"Any[13, 19, 25, 30, 37, 45, 56]",13,56
1190,2026-01-31T14:44:45.0,2026-01-26T20:22:30.531,"Any[13, 19, 25, 30, 37, 45, 56]",13,56
188,2026-01-31T14:59:47.0,2026-02-02T20:37:32.531,"Any[60, 53, 45, 37, 30, 25, 19, 13, 8]",60,8
573,2026-01-31T14:59:47.0,2026-02-02T20:37:32.531,"Any[60, 53, 45, 37, 30, 25, 19, 13, 8]",60,8
1069,2026-01-31T15:28:00.539,2026-02-02T21:05:46.07,"Any[1, 6, 11, 16, 25, 30, 37, 45, 56]",1,56
296,2026-01-31T15:35:15.0,2026-01-26T21:13:00.531,"Any[6, 11, 19, 25, 30, 37, 45]",6,45
294,2026-01-31T15:36:06.0,2026-01-26T21:13:51.531,"Any[6, 11, 19, 25, 30, 37, 45, 56]",6,56
124,2026-01-31T15:42:21.0,2026-02-02T21:20:06.531,"Any[53, 45, 37, 30, 25]",53,25
307,2026-01-31T15:42:21.0,2026-01-26T21:20:06.531,"Any[53, 45, 37, 30, 25]",53,25
1320,2026-01-31T15:42:21.0,2026-01-26T21:20:06.531,"Any[53, 45, 37, 30, 25]",53,25
763,2026-01-31T15:49:49.313,2026-02-02T21:27:34.844,"Any[64, 60, 53, 45, 37, 30, 25, 19, 10]",64,10
998,2026-01-31T15:49:49.313,2026-02-02T21:27:34.844,"Any[64, 60, 53, 45, 37, 30, 25, 19, 10]",64,10
677,2026-01-31T16:00:40.0,2026-01-26T21:38:25.531,"Any[19, 25, 30, 37, 45, 56, 60, 64]",19,64
381,2026-01-31T16:15:39.0,2026-02-02T21:53:24.531,"Any[6, 11, 19, 25, 30, 37, 45]",6,45
473,2026-01-31T16:15:39.0,2026-01-26T21:53:24.531,"Any[6, 11, 19, 25, 30, 37, 45]",6,45
916,2026-01-31T16:15:39.0,2026-01-26T21:53:24.531,"Any[6, 11, 19, 25, 30, 37, 45]",6,45
1164,2026-01-31T16:15:39.0,2026-01-26T21:53:24.531,"Any[6, 11, 19, 25, 30, 37, 45]",6,45
892,2026-01-31T16:49:34.0,2026-02-02T22:27:19.531,"Any[53, 45, 37, 30, 25]",53,25
63,2026-01-31T17:09:12.0,2026-02-02T22:46:57.531,"Any[6, 11, 19, 25, 30, 37, 45, 56]",6,56
1574,2026-01-31T17:09:12.0,2026-02-02T22:46:57.531,"Any[6, 11, 19, 25, 30, 37, 45, 56]",6,56
816,2026-01-31T17:09:22.0,2026-02-02T22:47:07.531,"Any[8, 13, 19, 25, 30, 37, 45, 56]",8,56
935,2026-01-31T17:09:22.0,2026-02-02T22:47:07.531,"Any[8, 13, 19, 25, 30, 37, 45, 56]",8,56
766,2026-01-31T17:20:34.0,2026-01-26T22:58:19.531,"Any[56, 45, 37, 30, 25]",56,25
4,2026-01-31T17:27:13.941,2026-01-26T23:04:59.472,"Any[60, 56, 45, 37, 30, 25, 19]",60,19
1066,2026-01-31T17:34:36.0,2026-01-26T23:12:21.531,"Any[60, 56, 45, 37, 30, 25]",60,25
1049,2026-01-31T17:55:15.0,2026-01-26T23:33:00.531,"Any[19, 25, 30, 37, 45, 53]",19,53
293,2026-01-31T18:01:05.0,2026-02-02T23:38:50.531,"Any[7, 8, 13, 19, 25, 30, 37, 45]",7,45
775,2026-01-31T18:01:05.0,2026-01-26T23:38:50.531,"Any[7, 8, 13, 19, 25, 30, 37, 45]",7,45
1493,2026-01-31T18:01:49.0,2026-01-26T23:39:34.531,"Any[8, 13, 19, 25, 30, 37, 45, 56]",8,56
538,2026-01-31T18:04:35.764,2026-01-26T23:42:21.295,"Any[1, 6, 11, 19, 25, 30, 37, 45, 56]",1,56
518,2026-01-31T18:43:38.0,2026-01-27T00:21:23.531,"Any[56, 45, 37, 30, 25]",56,25
1178,2026-01-31T19:01:16.862,2026-02-03T00:39:02.393,"Any[53, 45, 37, 30, 25, 19, 10]",53,10
428,2026-01-31T19:17:24.0,2026-01-27T00:55:09.531,"Any[8, 13, 19, 25, 30, 37, 45, 56]",8,56
476,2026-01-31T19:48:50.0,2026-02-03T01:26:35.531,"Any[53, 45, 37, 30, 25, 19, 11, 6, 1]",53,1
711,2026-01-31T19:57:20.0,2026-01-27T01:35:05.531,"Any[53, 45, 37, 30, 25, 19, 10]",53,10
1055,2026-01-31T20:02:17.176,2026-01-27T01:40:02.707,"Any[53, 45, 37, 30, 25, 19, 13, 8]",53,8
1213,2026-01-31T20:02:17.176,2026-01-27T01:40:02.707,"Any[53, 45, 37, 30, 25, 19, 13, 8]",53,8
221,2026-01-31T20:02:23.835,2026-01-27T01:40:09.366,"Any[56, 45, 37, 30, 25, 19, 10]",56,10
279,2026-01-31T20:15:36.0,2026-02-03T01:53:21.531,"Any[60, 54, 44, 36, 31, 27, 21, 9]",60,9
1380,2026-01-31T20:37:22.0,2026-02-03T02:15:07.531,"Any[53, 45, 37, 30, 25, 19, 11, 6, 1]",53,1
478,2026-01-31T20:48:21.0,2026-01-27T02:26:06.531,"Any[1, 6, 11, 19, 25, 30, 37, 45, 56]",1,56
695,2026-01-31T21:05:46.386,2026-01-27T02:43:31.917,"Any[60, 56, 45, 37, 30, 25, 19, 11, 6]",60,6
1315,2026-01-31T21:05:46.386,2026-01-27T02:43:31.917,"Any[60, 56, 45, 37, 30, 25, 19, 11, 6]",60,6
1596,2026-01-31T21:12:15.0,2026-02-03T02:50:00.531,"Any[10, 19, 25, 30, 37, 45, 53, 60]",10,60
1599,2026-01-31T21:12:15.0,2026-01-27T02:50:00.531,"Any[10, 19, 25, 30, 37, 45, 53, 60]",10,60
529,2026-01-31T21:31:39.0,2026-01-27T03:09:24.531,"Any[7, 8, 13, 19, 25, 30, 37, 45, 53, 60]",7,60
678,2026-01-31T21:32:37.0,2026-01-27T03:10:22.531,"Any[53, 45, 37, 30, 25, 19, 10]",53,10
1399,2026-01-31T21:32:37.0,2026-02-03T03:10:22.531,"Any[53, 45, 37, 30, 25, 19, 10]",53,10
642,2026-01-31T22:14:09.0,2026-01-27T03:51:54.531,"Any[17, 25, 30, 37, 45, 53]",17,53
177,2026-01-31T22:18:50.0,2026-02-03T03:56:35.531,"Any[8, 13, 19, 25, 30, 37, 45, 56]",8,56
1477,2026-01-31T22:18:50.0,2026-01-27T03:56:35.531,"Any[8, 13, 19, 25, 30, 37, 45, 56]",8,56
1432,2026-01-31T22:28:13.0,2026-02-03T04:05:58.531,"Any[53, 45, 37, 30, 25, 19, 10]",53,10
488,2026-01-31T22:30:00.0,2026-02-03T04:07:45.531,"Any[1, 6, 11, 19, 25, 30, 37, 45, 53, 60]",1,60
691,2026-01-31T22:44:19.0,2026-01-27T04:22:04.531,"Any[7, 8, 13, 19, 25, 30, 37, 45, 53]",7,53
460,2026-01-31T22:59:54.0,2026-02-03T04:37:39.531,"Any[60, 53, 45, 37, 30, 25]",60,25
1495,2026-01-31T23:07:24.192,2026-01-27T04:45:09.723,"Any[8, 13, 19, 25, 30, 37, 45, 56]",8,56
764,2026-01-31T23:07:37.0,2026-02-03T04:45:22.531,"Any[25, 30, 37, 45, 56]",25,56
1201,2026-01-31T23:07:37.0,2026-02-03T04:45:22.531,"Any[25, 30, 37, 45, 56]",25,56
162,2026-01-31T23:16:35.0,2026-02-03T04:54:20.531,"Any[7, 8, 13, 19, 25, 30, 37, 45, 53, 60]",7,60
88,2026-01-31T23:30:35.0,2026-02-03T05:08:20.531,"Any[25, 30, 37, 45, 56]",25,56
1284,2026-01-31T23:30:35.0,2026-02-03T05:08:20.531,"Any[25, 30, 37, 45, 56]",25,56
581,2026-01-31T23:35:39.0,2026-01-27T05:13:24.531,"Any[8, 13, 19, 25, 30, 37, 45, 56]",8,56
655,2026-01-31T23:37:58.0,2026-01-27T05:15:43.531,"Any[60, 56, 45, 37, 30, 25, 19, 11, 6]",60,6
1281,2026-01-31T23:37:58.0,2026-01-27T05:15:43.531,"Any[60, 56, 45, 37, 30, 25, 19, 11, 6]",60,6
875,2026-01-31T23:43:51.0,2026-02-03T05:21:36.531,"Any[1, 6, 11, 19, 23, 36, 44, 54, 60]",1,60
1182,2026-02-01T00:00:33.0,2026-01-27T05:38:18.531,"Any[53, 45, 37, 30, 25, 19, 10]",53,10
1405,2026-02-01T00:00:33.0,2026-02-03T05:38:18.531,"Any[53, 45, 37, 30, 25, 19, 10]",53,10
336,2026-02-01T00:25:53.0,2026-01-27T06:03:38.531,"Any[7, 8, 13, 19, 25, 30, 37, 45, 53]",7,53
1014,2026-02-01T00:25:53.0,2026-01-27T06:03:38.531,"Any[7, 8, 13, 19, 25, 30, 37, 45, 53]",7,53
1151,2026-02-01T01:09:50.0,2026-01-27T06:47:35.531,"Any[45, 37, 30, 23, 19, 11, 6]",45,6
1072,2026-02-01T01:11:57.0,2026-02-03T06:49:42.531,"Any[64, 60, 53, 45, 37, 30, 25, 19, 10]",64,10
70,2026-02-01T01:38:03.0,2026-01-27T07:15:48.531,"Any[53, 45, 37, 30, 25]",53,25
132,2026-02-01T01:38:03.0,2026-01-27T07:15:48.531,"Any[53, 45, 37, 30, 25]",53,25
1462,2026-02-01T01:57:39.0,2026-02-03T07:35:24.531,"Any[19, 25, 30, 37, 45, 56]",19,56
1022,2026-02-01T03:06:33.0,2026-02-03T08:44:18.531,"Any[64, 53, 45, 37, 30, 25, 19, 10]",64,10
554,2026-02-01T03:23:06.0,2026-02-03T09:00:51.531,"Any[60, 56, 45, 37, 30, 25, 19, 11, 6]",60,6
903,2026-02-01T03:23:06.0,2026-02-03T09:00:51.531,"Any[60, 56, 45, 37, 30, 25, 19, 11, 6]",60,6
47,2026-02-01T03:54:38.0,2026-02-03T09:32:23.531,"Any[53, 45, 37, 30, 25, 19, 10]",53,10
358,2026-02-01T04:23:06.0,2026-01-27T10:00:51.531,"Any[53, 45, 37, 30, 25]",53,25
634,2026-02-01T04:35:01.0,2026-02-03T10:12:46.531,"Any[53, 45, 37, 30, 25, 19, 13, 8]",53,8
103,2026-02-01T04:40:05.0,2026-01-27T10:17:50.531,"Any[53, 45, 37, 30, 25, 19, 11, 6, 1]",53,1
1377,2026-02-01T04:40:05.0,2026-01-27T10:17:50.531,"Any[53, 45, 37, 30, 25, 19, 11, 6, 1]",53,1
465,2026-02-01T04:41:05.748,2026-01-27T10:18:51.279,"Any[60, 53, 45, 37, 30, 25, 19, 11, 6]",60,6
647,2026-02-01T05:13:47.0,2026-01-27T10:51:32.531,"Any[64, 60, 53, 45, 37, 30, 25, 19, 11, 6, 1]",64,1
1238,2026-02-01T05:25:14.062,2026-01-27T11:02:59.593,"Any[1, 6, 10, 19, 23, 36, 44, 54, 60]",1,60
1529,2026-02-01T05:25:14.062,2026-02-03T11:02:59.593,"Any[1, 6, 10, 19, 23, 36, 44, 54, 60]",1,60
195,2026-02-01T05:27:12.0,2026-02-03T11:04:57.531,"Any[53, 45, 37, 30, 25]",53,25
477,2026-02-01T05:27:12.0,2026-01-27T11:04:57.531,"Any[53, 45, 37, 30, 25]",53,25
1040,2026-02-01T06:03:40.0,2026-02-03T11:41:25.531,"Any[64, 53, 45, 37, 30, 25, 19, 11, 6, 1]",64,1
1067,2026-02-01T07:10:09.0,2026-02-03T12:47:54.531,"Any[45, 37, 30, 25]",45,25
1162,2026-02-01T07:10:09.0,2026-01-27T12:47:54.531,"Any[45, 37, 30, 25]",45,25
872,2026-02-01T07:32:51.0,2026-01-27T13:10:36.531,"Any[3, 10, 19, 25, 30, 37, 45, 53]",3,53
1062,2026-02-01T07:55:19.0,2026-01-27T13:33:04.531,"Any[45, 37, 30, 25]",45,25
301,2026-02-01T08:06:20.0,2026-01-27T13:44:05.531,"Any[7, 8, 13, 19, 25, 30, 37, 45, 53]",7,53
1346,2026-02-01T08:10:34.0,2026-01-27T13:48:19.531,"Any[53, 45, 37, 30, 25, 19, 13, 8]",53,8
23,2026-02-01T08:20:17.0,2026-02-03T13:58:02.531,"Any[53, 45, 37, 30, 25, 19, 10]",53,10
109,2026-02-01T08:55:09.0,2026-02-03T14:32:54.531,"Any[7, 8, 13, 19, 25, 30, 37, 45, 53]",7,53
671,2026-02-01T09:08:40.0,2026-02-03T14:46:25.531,"Any[53, 45, 37, 30, 25, 19, 10]",53,10
1142,2026-02-01T09:40:42.0,2026-01-27T15:18:27.531,"Any[53, 45, 37, 30, 25, 19, 10]",53,10
686,2026-02-01T09:47:21.0,2026-02-03T15:25:06.531,"Any[64, 60, 53, 45, 37, 30, 25, 19, 11, 6, 1]",64,1
656,2026-02-01T10:01:51.0,2026-01-27T15:39:36.531,"Any[53, 45, 37, 30, 25, 19, 10]",53,10
1141,2026-02-01T10:02:54.353,2026-01-27T15:40:39.884,"Any[1, 6, 11, 19, 30, 37, 45, 56]",1,56
373,2026-02-01T10:30:18.485,2026-01-27T16:08:04.016,"Any[64, 60, 56, 45, 37, 30, 25, 19, 11, 6, 1]",64,1
348,2026-02-01T12:34:09.0,2026-01-27T18:11:54.531,"Any[56, 45, 37, 30, 25]",56,25
969,2026-02-01T12:44:43.0,2026-01-27T18:22:28.531,"Any[7, 8, 13, 19, 25, 30, 37, 45, 53]",7,53
203,2026-02-01T13:10:15.0,2026-01-27T18:48:00.531,"Any[7, 8, 13, 19, 25, 30, 37, 45, 53]",7,53
1299,2026-02-01T13:43:04.0,2026-01-27T19:20:49.531,"Any[53, 45, 37, 30, 25]",53,25
99,2026-02-01T14:03:02.0,2026-01-27T19:40:47.531,"Any[8, 13, 19, 25, 30, 37, 45, 56]",8,56
1482,2026-02-01T14:03:02.0,2026-02-03T19:40:47.531,"Any[8, 13, 19, 25, 30, 37, 45, 56]",8,56
321,2026-02-01T14:03:05.0,2026-01-27T19:40:50.531,"Any[8, 13, 19, 25, 30, 37, 45]",8,45
446,2026-02-01T14:09:42.0,2026-01-27T19:47:27.531,"Any[3, 10, 19, 25, 30, 37, 45, 53, 60]",3,60
713,2026-02-01T15:33:45.0,2026-01-27T21:11:30.531,"Any[64, 60, 53, 45, 37, 30, 25, 19, 11, 6, 1]",64,1
110,2026-02-01T16:31:29.0,2026-01-27T22:09:14.531,"Any[7, 8, 13, 19, 25, 30, 37, 45, 56, 60, 64]",7,64
262,2026-02-01T16:46:53.0,2026-01-27T22:24:38.531,"Any[60, 53, 45, 37, 30, 25]",60,25
350,2026-02-01T16:58:40.0,2026-01-27T22:36:25.531,"Any[53, 45, 37, 30, 25, 19, 10]",53,10
1396,2026-02-01T16:58:40.0,2026-01-27T22:36:25.531,"Any[53, 45, 37, 30, 25, 19, 10]",53,10
1283,2026-02-01T17:06:24.0,2026-02-03T22:44:09.531,"Any[60, 53, 45, 37, 30, 25]",60,25
925,2026-02-01T17:34:15.0,2026-01-27T23:12:00.531,"Any[7, 8, 13, 19, 25, 30, 37, 45, 53]",7,53
142,2026-02-01T17:37:51.0,2026-01-27T23:15:36.531,"Any[56, 45, 37, 30, 25]",56,25
1316,2026-02-01T17:45:33.0,2026-01-27T23:23:18.531,"Any[60, 56, 45, 37, 30, 25, 19, 11, 6]",60,6
912,2026-02-01T18:26:19.0,2026-01-28T00:04:04.531,"Any[10, 19, 25, 30, 37, 45, 53, 60]",10,60
1122,2026-02-01T18:44:26.917,2026-02-04T00:22:12.448,"Any[1, 6, 11, 19, 25, 30, 37, 45, 56]",1,56
1434,2026-02-01T19:55:51.0,2026-01-28T01:33:36.531,"Any[53, 45, 37, 30, 25, 19, 10]",53,10
1412,2026-02-01T20:29:17.0,2026-02-04T02:07:02.531,"Any[53, 45, 37, 30, 25, 19, 10]",53,10
565,2026-02-01T20:34:05.0,2026-01-28T02:11:50.531,"Any[8, 13, 19, 25, 30, 37, 45, 56]",8,56
1514,2026-02-01T20:34:05.0,2026-01-28T02:11:50.531,"Any[8, 13, 19, 25, 30, 37, 45, 56]",8,56
5,2026-02-01T21:48:50.472,2026-01-28T03:26:36.003,"Any[2, 9, 21, 27, 31, 36, 45, 55]",2,55
911,2026-02-01T21:50:49.0,2026-02-04T03:28:34.531,"Any[53, 45, 37, 30, 25]",53,25
1458,2026-02-01T22:10:31.509,2026-02-04T03:48:17.04,"Any[53, 45, 37, 30, 25, 19, 10]",53,10
737,2026-02-01T22:18:35.952,2026-02-04T03:56:21.483,"Any[60, 56, 45, 37, 30, 25, 19, 11, 6]",60,6
396,2026-02-01T23:08:02.0,2026-01-28T04:45:47.531,"Any[8, 13, 19, 25, 30, 37, 45, 56]",8,56
1520,2026-02-01T23:08:02.0,2026-02-04T04:45:47.531,"Any[8, 13, 19, 25, 30, 37, 45, 56]",8,56
22,2026-02-01T23:44:03.0,2026-01-28T05:21:48.531,"Any[53, 45, 37, 30, 25]",53,25
199,2026-02-01T23:44:03.0,2026-02-04T05:21:48.531,"Any[53, 45, 37, 30, 25]",53,25
1134,2026-02-01T23:44:03.0,2026-01-28T05:21:48.531,"Any[53, 45, 37, 30, 25]",53,25
989,2026-02-01T23:56:39.0,2026-02-04T05:34:24.531,"Any[53, 45, 37, 30, 25, 19, 11, 6, 1]",53,1
