id,departure_timestamp,arrival_timestamp,ps_seq,Origin_PS,Destination_PS
3,2026-01-07T07:06:40.0,2026-01-30T12:44:25.531,"Any[10, 19, 25, 30, 37, 45, 53]",10,53
5,2026-01-07T07:06:40.0,2026-01-30T12:44:25.531,"Any[53, 45, 37, 30, 25]",53,25
10,2026-01-07T07:06:40.0,2026-01-30T12:44:25.531,"Any[53, 45, 37, 30, 25, 19, 10]",53,10
15,2026-01-07T07:06:40.0,2026-01-23T12:44:25.531,"Any[10, 19, 30, 37, 45, 53]",10,53
21,2026-01-07T07:06:40.0,2026-01-23T12:44:25.531,"Any[16, 25, 30, 37, 45, 53, 60]",16,60
99,2026-01-07T07:06:40.0,2026-01-23T12:44:25.531,"Any[10, 19, 25, 30, 37, 45, 53]",10,53
103,2026-01-07T07:06:40.0,2026-01-16T12:44:25.531,"Any[19, 25, 30, 37, 45, 53]",19,53
116,2026-01-07T07:06:40.0,2026-01-23T12:44:25.531,"Any[53, 45, 37, 30, 25, 19, 10]",53,10
143,2026-01-07T07:06:40.0,2026-01-23T12:44:25.531,"Any[53, 45, 37, 30, 25, 19, 10]",53,10
148,2026-01-07T07:06:40.0,2026-01-09T12:44:25.531,"Any[60, 56, 45, 37, 30, 25]",60,25
184,2026-01-07T07:06:40.0,2026-01-23T12:44:25.531,"Any[8, 13, 19, 25, 30, 37, 45, 56]",8,56
207,2026-01-07T07:06:40.0,2026-01-30T12:44:25.531,"Any[53, 45, 37, 30, 25, 19, 10]",53,10
216,2026-01-07T07:06:40.0,2026-01-30T12:44:25.531,"Any[19, 17, 25, 30, 37, 45, 53]",19,53
233,2026-01-07T07:06:40.0,2026-01-23T12:44:25.531,"Any[54, 44, 36, 23, 19, 13, 8, 7]",54,7
236,2026-01-07T07:06:40.0,2026-01-30T12:44:25.531,"Any[7, 8, 13, 19, 25, 30, 37, 45, 53]",7,53
289,2026-01-07T07:06:40.0,2026-01-16T12:44:25.531,"Any[53, 45, 37, 30, 25]",53,25
294,2026-01-07T07:06:40.0,2026-01-16T12:44:25.531,"Any[64, 53, 45, 37, 30, 25, 19, 10]",64,10
297,2026-01-07T07:06:40.0,2026-01-09T12:44:25.531,"Any[19, 25, 30, 37, 45, 56]",19,56
299,2026-01-07T07:06:40.0,2026-01-30T12:44:25.531,"Any[53, 45, 37, 30, 25]",53,25
361,2026-01-07T07:06:40.0,2026-01-16T12:44:25.531,"Any[19, 25, 30, 37, 45, 53]",19,53
371,2026-01-07T07:06:40.0,2026-01-16T12:44:25.531,"Any[8, 13, 19, 25, 30, 37, 45, 56]",8,56
375,2026-01-07T07:06:40.0,2026-01-23T12:44:25.531,"Any[10, 19, 25, 30, 37, 45]",10,45
431,2026-01-07T07:06:40.0,2026-01-30T12:44:25.531,"Any[53, 45, 37, 30, 25, 19, 10]",53,10
438,2026-01-07T07:06:40.0,2026-01-23T12:44:25.531,"Any[19, 25, 30, 37, 45, 56]",19,56
443,2026-01-07T07:06:40.0,2026-01-09T12:44:25.531,"Any[7, 8, 13, 19, 25, 30, 37, 45, 53]",7,53
447,2026-01-07T07:06:40.0,2026-01-23T12:44:25.531,"Any[53, 45, 37, 30, 25, 19, 11, 6, 1]",53,1
453,2026-01-07T07:06:40.0,2026-01-23T12:44:25.531,"Any[7, 8, 13, 19, 25, 30, 37, 45, 53]",7,53
464,2026-01-07T07:06:40.0,2026-01-09T12:44:25.531,"Any[3, 10, 19, 25, 30, 37, 45, 53]",3,53
522,2026-01-07T07:06:40.0,2026-01-09T12:44:25.531,"Any[1, 6, 11, 19, 25, 30, 37, 45]",1,45
523,2026-01-07T07:06:40.0,2026-01-30T12:44:25.531,"Any[64, 60, 53, 45, 37, 30, 25, 19, 10]",64,10
525,2026-01-07T07:06:40.0,2026-01-30T12:44:25.531,"Any[19, 25, 30, 37, 45, 56]",19,56
565,2026-01-07T07:06:40.0,2026-01-30T12:44:25.531,"Any[60, 53, 45, 37, 30, 25]",60,25
609,2026-01-07T07:06:40.0,2026-01-23T12:44:25.531,"Any[16, 25, 30, 37, 45, 56, 60]",16,60
612,2026-01-07T07:06:40.0,2026-01-30T12:44:25.531,"Any[53, 45, 37, 30, 25, 19, 13, 8]",53,8
620,2026-01-07T07:06:40.0,2026-01-30T12:44:25.531,"Any[53, 45, 37, 30, 25, 19, 13, 8]",53,8
628,2026-01-07T07:06:40.0,2026-01-09T12:44:25.531,"Any[54, 44, 36, 23, 19, 13, 8]",54,8
683,2026-01-07T07:06:40.0,2026-01-16T12:44:25.531,"Any[56, 45, 37, 30, 25, 19, 11, 6]",56,6
689,2026-01-07T07:06:40.0,2026-01-09T12:44:25.531,"Any[56, 45, 37, 30, 25]",56,25
691,2026-01-07T07:06:40.0,2026-01-16T12:44:25.531,"Any[7, 8, 13, 19, 25, 30, 37, 45, 53]",7,53
734,2026-01-07T07:06:40.0,2026-01-23T12:44:25.531,"Any[64, 60, 53, 45, 37, 30, 25]",64,25
752,2026-01-07T07:06:40.0,2026-01-09T12:44:25.531,"Any[10, 19, 25, 30, 37, 45, 53]",10,53
765,2026-01-07T07:06:40.0,2026-01-16T12:44:25.531,"Any[60, 56, 45, 37, 30, 25, 19, 11, 6]",60,6
768,2026-01-07T07:06:40.0,2026-01-16T12:44:25.531,"Any[6, 11, 19, 25, 30, 37, 45]",6,45
810,2026-01-07T07:06:40.0,2026-01-16T12:44:25.531,"Any[8, 13, 19, 25, 30, 37, 45, 56]",8,56
820,2026-01-07T07:06:40.0,2026-01-23T12:44:25.531,"Any[53, 45, 37, 30, 25, 19, 10]",53,10
843,2026-01-07T07:06:40.0,2026-01-09T12:44:25.531,"Any[56, 45, 37, 30, 25]",56,25
851,2026-01-07T07:06:40.0,2026-01-30T12:44:25.531,"Any[6, 11, 25, 30, 37, 45, 56]",6,56
853,2026-01-07T07:06:40.0,2026-01-16T12:44:25.531,"Any[56, 45, 37, 30, 25, 19, 11, 6, 1]",56,1
896,2026-01-07T07:06:40.0,2026-01-30T12:44:25.531,"Any[19, 25, 30, 37, 45, 53]",19,53
915,2026-01-07T07:06:40.0,2026-01-30T12:44:25.531,"Any[1, 6, 11, 19, 23, 28, 36, 44, 54, 60]",1,60
916,2026-01-07T07:06:40.0,2026-01-30T12:44:25.531,"Any[56, 45, 37, 30, 25]",56,25
935,2026-01-07T07:06:40.0,2026-01-09T12:44:25.531,"Any[60, 56, 45, 37, 30, 25, 19]",60,19
938,2026-01-07T07:06:40.0,2026-01-09T12:44:25.531,"Any[56, 45, 37, 30, 25, 19, 10]",56,10
940,2026-01-07T07:06:40.0,2026-01-09T12:44:25.531,"Any[6, 11, 16, 25, 30, 37, 45, 56]",6,56
949,2026-01-07T07:06:40.0,2026-01-23T12:44:25.531,"Any[6, 11, 19, 25, 30, 37, 45, 53]",6,53
959,2026-01-07T07:06:40.0,2026-01-23T12:44:25.531,"Any[8, 13, 19, 25, 30, 37, 45, 56]",8,56
978,2026-01-07T07:06:40.0,2026-01-16T12:44:25.531,"Any[6, 11, 19, 25, 30, 37, 45, 53]",6,53
986,2026-01-07T07:06:40.0,2026-01-09T12:44:25.531,"Any[3, 10, 19, 25, 30, 37, 45, 53]",3,53
987,2026-01-07T07:06:40.0,2026-01-30T12:44:25.531,"Any[53, 45, 37, 30, 25, 19, 13, 8]",53,8
1004,2026-01-07T07:06:40.0,2026-01-16T12:44:25.531,"Any[19, 25, 30, 37, 45, 56]",19,56
1025,2026-01-07T07:06:40.0,2026-01-16T12:44:25.531,"Any[53, 45, 37, 30, 25]",53,25
1050,2026-01-07T07:06:40.0,2026-01-30T12:44:25.531,"Any[7, 8, 13, 19, 25, 30, 37, 45, 53]",7,53
1066,2026-01-07T07:06:40.0,2026-01-09T12:44:25.531,"Any[6, 11, 19, 25, 30, 37, 45, 56]",6,56
1110,2026-01-07T07:06:40.0,2026-01-16T12:44:25.531,"Any[54, 44, 36, 23, 19, 11, 6, 6]",54,6
1115,2026-01-07T07:06:40.0,2026-01-30T12:44:25.531,"Any[10, 19, 25, 30, 37, 45, 53]",10,53
1156,2026-01-07T07:06:40.0,2026-01-09T12:44:25.531,"Any[6, 11, 19, 25, 30, 37, 45]",6,45
1164,2026-01-07T07:06:40.0,2026-01-16T12:44:25.531,"Any[53, 45, 37, 30, 25]",53,25
1183,2026-01-07T07:06:40.0,2026-01-09T12:44:25.531,"Any[53, 45, 37, 30, 25, 19, 10]",53,10
1200,2026-01-07T07:06:40.0,2026-01-16T12:44:25.531,"Any[56, 45, 37, 30, 25, 19, 10]",56,10
1241,2026-01-07T07:06:40.0,2026-01-23T12:44:25.531,"Any[10, 19, 25, 30, 37, 45, 53]",10,53
1247,2026-01-07T07:06:40.0,2026-01-30T12:44:25.531,"Any[60, 53, 45, 37, 30, 25]",60,25
1270,2026-01-07T07:06:40.0,2026-01-23T12:44:25.531,"Any[8, 13, 19, 25, 30, 37, 45, 53]",8,53
1279,2026-01-07T07:06:40.0,2026-01-09T12:44:25.531,"Any[10, 19, 30, 37, 45, 53]",10,53
1281,2026-01-07T07:06:40.0,2026-01-16T12:44:25.531,"Any[19, 25, 30, 37, 45, 56]",19,56
1296,2026-01-07T07:06:40.0,2026-01-23T12:44:25.531,"Any[60, 56, 45, 37, 30, 25]",60,25
1306,2026-01-07T07:06:40.0,2026-01-16T12:44:25.531,"Any[53, 45, 37, 30, 25]",53,25
1313,2026-01-07T07:06:40.0,2026-01-09T12:44:25.531,"Any[8, 7, 8, 13, 19, 25, 30, 37, 45]",8,45
1319,2026-01-07T07:06:40.0,2026-01-23T12:44:25.531,"Any[53, 45, 37, 30, 25, 19, 13, 8]",53,8
1333,2026-01-07T07:06:40.0,2026-01-30T12:44:25.531,"Any[53, 45, 37, 30, 25, 19, 13, 8]",53,8
1336,2026-01-07T07:06:40.0,2026-01-23T12:44:25.531,"Any[6, 11, 19, 25, 30, 37, 45]",6,45
1343,2026-01-07T07:06:40.0,2026-01-09T12:44:25.531,"Any[17, 25, 30, 37, 45, 53]",17,53
1358,2026-01-07T07:06:40.0,2026-01-30T12:44:25.531,"Any[3, 10, 19, 25, 30, 37, 45, 53]",3,53
1397,2026-01-07T07:06:40.0,2026-01-16T12:44:25.531,"Any[1, 6, 11, 19, 23, 36, 44, 54, 60]",1,60
1400,2026-01-07T07:06:40.0,2026-01-16T12:44:25.531,"Any[64, 60, 53, 45, 37, 30, 25, 19, 10]",64,10
1415,2026-01-07T07:06:40.0,2026-01-09T12:44:25.531,"Any[53, 45, 37, 30, 25, 19, 13, 8]",53,8
1445,2026-01-07T07:06:40.0,2026-01-09T12:44:25.531,"Any[56, 45, 37, 30, 25, 19, 13, 8]",56,8
1469,2026-01-07T07:06:40.0,2026-01-09T12:44:25.531,"Any[8, 13, 19, 25, 30, 37, 45, 53]",8,53
1491,2026-01-07T07:06:40.0,2026-01-23T12:44:25.531,"Any[1, 6, 11, 19, 23, 28, 36, 44, 60]",1,60
1499,2026-01-07T07:06:40.0,2026-01-09T12:44:25.531,"Any[6, 11, 16, 25, 30, 37, 45]",6,45
1511,2026-01-07T07:06:40.0,2026-01-30T12:44:25.531,"Any[6, 10, 19, 25, 30, 37, 45, 56]",6,56
1538,2026-01-07T07:06:40.0,2026-01-16T12:44:25.531,"Any[13, 19, 25, 30, 37, 45, 56]",13,56
1542,2026-01-07T07:06:40.0,2026-01-09T12:44:25.531,"Any[1, 6, 11, 16, 25, 30, 37, 45, 53]",1,53
1573,2026-01-07T07:06:40.0,2026-01-16T12:44:25.531,"Any[56, 45, 37, 30, 25, 19, 11, 6, 1]",56,1
1577,2026-01-07T07:06:40.0,2026-01-09T12:44:25.531,"Any[7, 8, 13, 19, 25, 30, 37, 45, 53]",7,53
1608,2026-01-07T07:06:40.0,2026-01-09T12:44:25.531,"Any[6, 11, 16, 25, 30, 37, 45, 53]",6,53
1622,2026-01-07T07:06:40.0,2026-01-23T12:44:25.531,"Any[45, 37, 30, 25, 19, 13, 8]",45,8
1640,2026-01-07T07:06:40.0,2026-01-23T12:44:25.531,"Any[1, 6, 11, 16, 25, 30, 37, 45, 56]",1,56
1647,2026-01-07T07:06:40.0,2026-01-16T12:44:25.531,"Any[64, 53, 45, 37, 30, 25, 19, 10]",64,10
1672,2026-01-07T07:06:40.0,2026-01-09T12:44:25.531,"Any[19, 25, 30, 37, 45, 56]",19,56
1695,2026-01-07T07:06:40.0,2026-01-23T12:44:25.531,"Any[7, 8, 13, 19, 25, 30, 37, 45, 53, 60]",7,60
1716,2026-01-07T07:06:40.0,2026-01-09T12:44:25.531,"Any[53, 45, 37, 30, 25, 19, 13, 8]",53,8
1742,2026-01-07T07:06:40.0,2026-01-09T12:44:25.531,"Any[53, 45, 37, 30, 25, 19, 13, 8]",53,8
1744,2026-01-07T07:06:40.0,2026-01-30T12:44:25.531,"Any[8, 13, 25, 30, 37, 45, 56]",8,56
1750,2026-01-07T07:06:40.0,2026-01-09T12:44:25.531,"Any[60, 53, 45, 37, 30, 25, 19, 13, 8]",60,8
1755,2026-01-07T07:06:40.0,2026-01-30T12:44:25.531,"Any[6, 11, 19, 25, 30, 37, 45]",6,45
1774,2026-01-07T07:06:40.0,2026-01-23T12:44:25.531,"Any[64, 60, 53, 45, 37, 30, 25]",64,25
1778,2026-01-07T07:06:40.0,2026-01-16T12:44:25.531,"Any[5, 6, 11, 25, 30, 37, 45]",5,45
1786,2026-01-07T07:06:40.0,2026-01-16T12:44:25.531,"Any[16, 19, 25, 30, 37, 45, 53]",16,53
1789,2026-01-07T07:06:40.0,2026-01-09T12:44:25.531,"Any[64, 60, 53, 45, 37, 30, 25, 19, 10]",64,10
1798,2026-01-07T07:06:40.0,2026-01-16T12:44:25.531,"Any[56, 45, 37, 30, 25, 19, 11, 6]",56,6
1821,2026-01-07T07:06:40.0,2026-01-16T12:44:25.531,"Any[3, 10, 19, 25, 30, 37, 45, 53]",3,53
1866,2026-01-07T07:06:40.0,2026-01-16T12:44:25.531,"Any[19, 25, 30, 37, 45, 56]",19,56
1867,2026-01-07T07:06:40.0,2026-01-09T12:44:25.531,"Any[6, 10, 19, 25, 30, 37, 45, 56]",6,56
1876,2026-01-07T07:06:40.0,2026-01-16T12:44:25.531,"Any[64, 60, 53, 45, 37, 30, 25, 19, 10]",64,10
1898,2026-01-07T07:06:40.0,2026-01-16T12:44:25.531,"Any[7, 8, 13, 19, 25, 30, 37, 45]",7,45
1923,2026-01-07T07:06:40.0,2026-01-30T12:44:25.531,"Any[3, 6, 11, 19, 25, 30, 37, 45]",3,45
1934,2026-01-07T07:06:40.0,2026-01-30T12:44:25.531,"Any[7, 8, 13, 19, 25, 30, 37, 45, 53]",7,53
1978,2026-01-07T07:06:40.0,2026-01-23T12:44:25.531,"Any[8, 13, 19, 30, 37, 45, 56]",8,56
1987,2026-01-07T07:06:40.0,2026-01-23T12:44:25.531,"Any[56, 45, 37, 30, 25, 19]",56,19
1998,2026-01-07T07:06:40.0,2026-01-23T12:44:25.531,"Any[6, 11, 19, 25, 30, 37, 45]",6,45
2060,2026-01-07T07:06:40.0,2026-01-30T12:44:25.531,"Any[13, 19, 25, 30, 37, 45, 56]",13,56
2093,2026-01-07T07:06:40.0,2026-01-16T12:44:25.531,"Any[53, 45, 37, 30, 25, 19, 10]",53,10
2110,2026-01-07T07:06:40.0,2026-01-23T12:44:25.531,"Any[56, 45, 37, 30, 25]",56,25
2125,2026-01-07T07:06:40.0,2026-01-09T12:44:25.531,"Any[56, 45, 37, 30, 25, 19, 11, 6, 1]",56,1
2134,2026-01-07T07:06:40.0,2026-01-16T12:44:25.531,"Any[8, 13, 19, 25, 30, 37, 45, 56]",8,56
2156,2026-01-07T07:06:40.0,2026-01-23T12:44:25.531,"Any[7, 8, 13, 19, 25, 30, 37, 45, 53]",7,53
2159,2026-01-07T07:06:40.0,2026-01-30T12:44:25.531,"Any[60, 56, 45, 37, 30, 25, 19, 11, 6]",60,6
2165,2026-01-07T07:06:40.0,2026-01-23T12:44:25.531,"Any[56, 45, 37, 30, 25, 19, 11, 6]",56,6
2168,2026-01-07T07:06:40.0,2026-01-30T12:44:25.531,"Any[53, 45, 37, 30, 25, 19, 13, 8]",53,8
2196,2026-01-07T07:06:40.0,2026-01-30T12:44:25.531,"Any[64, 53, 45, 37, 30, 25, 19, 13, 8]",64,8
2248,2026-01-07T07:06:40.0,2026-01-30T12:44:25.531,"Any[53, 45, 37, 30, 25, 19, 10]",53,10
2254,2026-01-07T07:06:40.0,2026-01-23T12:44:25.531,"Any[19, 25, 30, 37, 45, 53]",19,53
2255,2026-01-07T07:06:40.0,2026-01-30T12:44:25.531,"Any[53, 45, 37, 30, 25, 19, 13, 8]",53,8
2258,2026-01-07T07:06:40.0,2026-01-16T12:44:25.531,"Any[8, 13, 19, 25, 37, 45, 56]",8,56
2293,2026-01-07T07:06:40.0,2026-01-16T12:44:25.531,"Any[8, 13, 19, 25, 30, 37, 45, 56]",8,56
2297,2026-01-07T07:06:40.0,2026-01-30T12:44:25.531,"Any[3, 10, 19, 25, 30, 37, 45, 53]",3,53
2316,2026-01-07T07:06:40.0,2026-01-23T12:44:25.531,"Any[10, 19, 25, 30, 37, 45, 53]",10,53
2334,2026-01-07T07:06:40.0,2026-01-09T12:44:25.531,"Any[64, 56, 45, 37, 30, 25, 19, 11, 6, 2]",64,2
2365,2026-01-07T07:06:40.0,2026-01-09T12:44:25.531,"Any[53, 45, 37, 30, 25, 19, 13, 8]",53,8
2383,2026-01-07T07:06:40.0,2026-01-09T12:44:25.531,"Any[5, 6, 11, 25, 30, 37, 45]",5,45
2386,2026-01-07T07:06:40.0,2026-01-30T12:44:25.531,"Any[60, 56, 45, 37, 30, 25, 19, 11, 6, 6]",60,6
2389,2026-01-07T07:06:40.0,2026-01-23T12:44:25.531,"Any[19, 25, 30, 37, 45, 56]",19,56
2392,2026-01-07T07:06:40.0,2026-01-16T12:44:25.531,"Any[3, 10, 19, 25, 30, 37, 45, 53]",3,53
2395,2026-01-07T07:06:40.0,2026-01-16T12:44:25.531,"Any[3, 10, 19, 25, 30, 37, 45, 53]",3,53
2396,2026-01-07T07:06:40.0,2026-01-16T12:44:25.531,"Any[53, 45, 37, 30, 25, 19, 13, 8]",53,8
2429,2026-01-07T07:06:40.0,2026-01-23T12:44:25.531,"Any[7, 8, 13, 19, 25, 30, 37, 45, 53]",7,53
2477,2026-01-07T07:06:40.0,2026-01-16T12:44:25.531,"Any[53, 45, 37, 30, 25, 19, 10]",53,10
2497,2026-01-07T07:06:40.0,2026-01-09T12:44:25.531,"Any[6, 11, 19, 25, 30, 37, 45]",6,45
2543,2026-01-07T07:06:40.0,2026-01-16T12:44:25.531,"Any[8, 13, 19, 25, 30, 37, 45, 56]",8,56
2600,2026-01-07T07:06:40.0,2026-01-23T12:44:25.531,"Any[53, 45, 37, 30, 25, 19, 11, 6, 1]",53,1
2606,2026-01-07T07:06:40.0,2026-01-23T12:44:25.531,"Any[60, 56, 45, 37, 30, 25, 19, 11, 6]",60,6
2673,2026-01-07T07:06:40.0,2026-01-16T12:44:25.531,"Any[53, 45, 37, 30, 25, 19, 11, 6, 1]",53,1
2681,2026-01-07T07:06:40.0,2026-01-23T12:44:25.531,"Any[19, 30, 37, 45, 56]",19,56
2694,2026-01-07T07:06:40.0,2026-01-16T12:44:25.531,"Any[53, 45, 37, 30, 25, 19, 11, 6, 1]",53,1
2698,2026-01-07T07:06:40.0,2026-01-09T12:44:25.531,"Any[8, 7, 8, 13, 19, 25, 30, 37, 45]",8,45
2699,2026-01-07T07:06:40.0,2026-01-23T12:44:25.531,"Any[6, 10, 19, 25, 30, 37, 45, 56]",6,56
2712,2026-01-07T07:06:40.0,2026-01-23T12:44:25.531,"Any[60, 56, 45, 37, 30, 25]",60,25
2766,2026-01-07T07:06:40.0,2026-01-16T12:44:25.531,"Any[53, 45, 37, 30, 25]",53,25
2773,2026-01-07T07:06:40.0,2026-01-16T12:44:25.531,"Any[10, 19, 25, 30, 37, 45, 53]",10,53
2800,2026-01-07T07:06:40.0,2026-01-16T12:44:25.531,"Any[53, 45, 37, 30, 25, 19, 13, 8]",53,8
2803,2026-01-07T07:06:40.0,2026-01-30T12:44:25.531,"Any[64, 56, 45, 37, 30, 25, 19, 11, 6, 2]",64,2
2822,2026-01-07T07:06:40.0,2026-01-16T12:44:25.531,"Any[60, 53, 45, 37, 30, 25, 19, 10]",60,10
2868,2026-01-07T07:06:40.0,2026-01-16T12:44:25.531,"Any[3, 10, 19, 25, 30, 37, 45, 53]",3,53
2896,2026-01-07T07:06:40.0,2026-01-23T12:44:25.531,"Any[7, 8, 13, 19, 25, 30, 37, 45, 53]",7,53
2945,2026-01-07T07:06:40.0,2026-01-30T12:44:25.531,"Any[53, 45, 37, 30, 25]",53,25
2956,2026-01-07T07:06:40.0,2026-01-16T12:44:25.531,"Any[19, 30, 37, 45, 56]",19,56
2959,2026-01-07T07:06:40.0,2026-01-16T12:44:25.531,"Any[53, 45, 37, 30, 25, 19, 10]",53,10
3008,2026-01-07T07:06:40.0,2026-01-16T12:44:25.531,"Any[53, 45, 37, 30, 25, 19, 10]",53,10
3009,2026-01-07T07:06:40.0,2026-01-09T12:44:25.531,"Any[60, 56, 45, 37, 30, 25, 19]",60,19
3010,2026-01-07T07:06:40.0,2026-01-23T12:44:25.531,"Any[60, 56, 45, 37, 30, 25, 19, 11, 6, 1]",60,1
3045,2026-01-07T07:06:40.0,2026-01-30T12:44:25.531,"Any[10, 19, 25, 30, 37, 45, 53]",10,53
3064,2026-01-07T07:06:40.0,2026-01-09T12:44:25.531,"Any[8, 13, 19, 25, 37, 45, 56]",8,56
3095,2026-01-07T07:06:40.0,2026-01-30T12:44:25.531,"Any[60, 53, 45, 37, 30, 25, 19, 10]",60,10
3106,2026-01-07T07:06:40.0,2026-01-09T12:44:25.531,"Any[19, 25, 30, 37, 45, 53]",19,53
3114,2026-01-07T07:06:40.0,2026-01-09T12:44:25.531,"Any[19, 25, 30, 37, 45, 53]",19,53
3134,2026-01-07T07:06:40.0,2026-01-16T12:44:25.531,"Any[8, 13, 19, 25, 30, 37, 45, 56]",8,56
3145,2026-01-07T07:06:40.0,2026-01-30T12:44:25.531,"Any[8, 13, 19, 25, 30, 37, 45, 56]",8,56
3156,2026-01-07T07:06:40.0,2026-01-09T12:44:25.531,"Any[1, 6, 11, 19, 23, 28, 36, 44, 60]",1,60
3164,2026-01-07T07:06:40.0,2026-01-30T12:44:25.531,"Any[1, 6, 11, 19, 23, 28, 36, 44, 60]",1,60
3168,2026-01-07T07:06:40.0,2026-01-16T12:44:25.531,"Any[1, 6, 11, 19, 23, 28, 36, 44, 54, 60]",1,60
3176,2026-01-07T07:06:40.0,2026-01-16T12:44:25.531,"Any[1, 6, 11, 19, 23, 36, 44, 54, 60]",1,60
3191,2026-01-07T07:06:40.0,2026-01-16T12:44:25.531,"Any[6, 11, 25, 30, 37, 45, 53]",6,53
3196,2026-01-07T07:06:40.0,2026-01-23T12:44:25.531,"Any[6, 11, 25, 30, 37, 45, 53]",6,53
4,2026-01-10T13:20:00.0,2026-01-26T18:57:45.531,"Any[60, 53, 45, 37, 30, 25, 19, 10]",60,10
18,2026-01-10T13:20:00.0,2026-01-26T18:57:45.531,"Any[56, 45, 37, 30, 25, 19, 11, 6, 1]",56,1
23,2026-01-10T13:20:00.0,2026-02-02T18:57:45.531,"Any[64, 60, 53, 45, 37, 30, 25, 19, 11, 6, 1]",64,1
29,2026-01-10T13:20:00.0,2026-02-02T18:57:45.531,"Any[53, 45, 37, 30, 25, 19, 13, 8]",53,8
37,2026-01-10T13:20:00.0,2026-01-12T18:57:45.531,"Any[60, 53, 45, 37, 30, 25, 19, 17, 19, 11, 6]",60,6
42,2026-01-10T13:20:00.0,2026-02-02T18:57:45.531,"Any[53, 45, 37, 30, 25]",53,25
43,2026-01-10T13:20:00.0,2026-01-26T18:57:45.531,"Any[10, 19, 25, 30, 37, 45]",10,45
44,2026-01-10T13:20:00.0,2026-01-19T18:57:45.531,"Any[60, 56, 45, 37, 30, 25, 19, 10]",60,10
45,2026-01-10T13:20:00.0,2026-01-19T18:57:45.531,"Any[19, 25, 30, 37, 45, 53]",19,53
47,2026-01-10T13:20:00.0,2026-01-26T18:57:45.531,"Any[60, 56, 45, 37, 30, 25, 19, 11, 10]",60,10
57,2026-01-10T13:20:00.0,2026-01-19T18:57:45.531,"Any[8, 13, 19, 25, 30, 37, 45, 53]",8,53
58,2026-01-10T13:20:00.0,2026-02-02T18:57:45.531,"Any[8, 13, 19, 25, 30, 37, 45, 56]",8,56
71,2026-01-10T13:20:00.0,2026-01-26T18:57:45.531,"Any[53, 45, 37, 30, 25, 19, 10]",53,10
73,2026-01-10T13:20:00.0,2026-01-19T18:57:45.531,"Any[64, 60, 53, 45, 37, 30, 25, 19, 13, 8]",64,8
83,2026-01-10T13:20:00.0,2026-02-02T18:57:45.531,"Any[6, 10, 19, 25, 30, 37, 45]",6,45
84,2026-01-10T13:20:00.0,2026-02-02T18:57:45.531,"Any[8, 13, 19, 25, 37, 45, 56, 60]",8,60
88,2026-01-10T13:20:00.0,2026-02-02T18:57:45.531,"Any[53, 45, 37, 30, 25, 19, 10]",53,10
91,2026-01-10T13:20:00.0,2026-01-26T18:57:45.531,"Any[6, 11, 19, 25, 30, 37, 45]",6,45
92,2026-01-10T13:20:00.0,2026-01-12T18:57:45.531,"Any[6, 11, 19, 25, 30, 37, 45]",6,45
96,2026-01-10T13:20:00.0,2026-01-12T18:57:45.531,"Any[25, 30, 37, 45, 56, 60]",25,60
121,2026-01-10T13:20:00.0,2026-01-26T18:57:45.531,"Any[53, 45, 37, 30, 25, 19, 11, 6, 1]",53,1
127,2026-01-10T13:20:00.0,2026-02-02T18:57:45.531,"Any[1, 6, 11, 19, 25, 30, 37, 45, 56]",1,56
132,2026-01-10T13:20:00.0,2026-01-26T18:57:45.531,"Any[6, 11, 16, 25, 30, 37, 45, 56]",6,56
136,2026-01-10T13:20:00.0,2026-01-12T18:57:45.531,"Any[6, 11, 19, 25, 30, 37, 45, 56]",6,56
138,2026-01-10T13:20:00.0,2026-01-19T18:57:45.531,"Any[60, 53, 45, 37, 30, 25, 19, 10]",60,10
141,2026-01-10T13:20:00.0,2026-01-19T18:57:45.531,"Any[6, 11, 16, 25, 30, 37, 45, 53]",6,53
146,2026-01-10T13:20:00.0,2026-02-02T18:57:45.531,"Any[64, 53, 45, 37, 30, 25, 19, 10]",64,10
152,2026-01-10T13:20:00.0,2026-01-26T18:57:45.531,"Any[64, 60, 53, 45, 37, 30, 25, 19, 13, 8]",64,8
153,2026-01-10T13:20:00.0,2026-01-19T18:57:45.531,"Any[1, 6, 11, 19, 25, 30, 37, 45, 56]",1,56
166,2026-01-10T13:20:00.0,2026-02-02T18:57:45.531,"Any[53, 45, 37, 30, 25, 19, 10]",53,10
170,2026-01-10T13:20:00.0,2026-01-19T18:57:45.531,"Any[19, 25, 30, 37, 45, 53]",19,53
181,2026-01-10T13:20:00.0,2026-01-19T18:57:45.531,"Any[19, 25, 30, 37, 45, 53, 60]",19,60
185,2026-01-10T13:20:00.0,2026-01-12T18:57:45.531,"Any[6, 11, 19, 25, 30, 37, 45]",6,45
196,2026-01-10T13:20:00.0,2026-01-26T18:57:45.531,"Any[19, 25, 30, 37, 45, 53, 60]",19,60
197,2026-01-10T13:20:00.0,2026-01-12T18:57:45.531,"Any[8, 13, 19, 25, 30, 37, 45, 56]",8,56
202,2026-01-10T13:20:00.0,2026-01-19T18:57:45.531,"Any[60, 56, 45, 37, 30, 25, 19, 11, 10]",60,10
203,2026-01-10T13:20:00.0,2026-01-26T18:57:45.531,"Any[19, 25, 30, 37, 45, 56]",19,56
217,2026-01-10T13:20:00.0,2026-02-02T18:57:45.531,"Any[53, 45, 37, 30, 25, 19, 10]",53,10
218,2026-01-10T13:20:00.0,2026-01-12T18:57:45.531,"Any[8, 13, 19, 25, 30, 37, 45, 53, 62]",8,62
220,2026-01-10T13:20:00.0,2026-01-12T18:57:45.531,"Any[10, 19, 25, 30, 37, 45, 53]",10,53
222,2026-01-10T13:20:00.0,2026-01-12T18:57:45.531,"Any[8, 13, 19, 25, 37, 45, 56, 60]",8,60
224,2026-01-10T13:20:00.0,2026-01-12T18:57:45.531,"Any[53, 45, 37, 30, 25, 19, 10]",53,10
228,2026-01-10T13:20:00.0,2026-02-02T18:57:45.531,"Any[56, 45, 37, 30, 25, 19, 11, 6]",56,6
248,2026-01-10T13:20:00.0,2026-02-02T18:57:45.531,"Any[53, 45, 37, 30, 25, 19, 10]",53,10
258,2026-01-10T13:20:00.0,2026-01-26T18:57:45.531,"Any[56, 45, 37, 30, 25, 19, 10]",56,10
261,2026-01-10T13:20:00.0,2026-01-12T18:57:45.531,"Any[1, 6, 11, 19, 25, 30, 37, 45, 56]",1,56
266,2026-01-10T13:20:00.0,2026-01-12T18:57:45.531,"Any[10, 19, 25, 30, 37, 45, 53]",10,53
271,2026-01-10T13:20:00.0,2026-02-02T18:57:45.531,"Any[64, 60, 53, 45, 37, 30, 25, 19, 10]",64,10
275,2026-01-10T13:20:00.0,2026-01-12T18:57:45.531,"Any[64, 53, 45, 37, 30, 25, 19, 10]",64,10
281,2026-01-10T13:20:00.0,2026-02-02T18:57:45.531,"Any[6, 11, 19, 25, 30, 37, 45]",6,45
282,2026-01-10T13:20:00.0,2026-02-02T18:57:45.531,"Any[60, 53, 45, 37, 30, 25, 19, 10]",60,10
286,2026-01-10T13:20:00.0,2026-02-02T18:57:45.531,"Any[8, 13, 19, 25, 30, 37, 45, 53]",8,53
287,2026-01-10T13:20:00.0,2026-01-19T18:57:45.531,"Any[1, 6, 11, 19, 25, 30, 37, 45, 56]",1,56
295,2026-01-10T13:20:00.0,2026-01-26T18:57:45.531,"Any[56, 45, 37, 30, 25, 19, 11, 6]",56,6
298,2026-01-10T13:20:00.0,2026-02-02T18:57:45.531,"Any[53, 45, 37, 30, 25, 19, 10]",53,10
300,2026-01-10T13:20:00.0,2026-01-19T18:57:45.531,"Any[64, 53, 45, 37, 30, 25, 19, 13, 8]",64,8
302,2026-01-10T13:20:00.0,2026-01-12T18:57:45.531,"Any[64, 60, 53, 45, 37, 30, 25, 19, 11, 6, 1]",64,1
304,2026-01-10T13:20:00.0,2026-02-02T18:57:45.531,"Any[1, 6, 11, 16, 25, 30, 37, 45, 56]",1,56
307,2026-01-10T13:20:00.0,2026-01-19T18:57:45.531,"Any[19, 25, 30, 37, 45, 56]",19,56
309,2026-01-10T13:20:00.0,2026-02-02T18:57:45.531,"Any[6, 11, 19, 25, 30, 37, 45]",6,45
313,2026-01-10T13:20:00.0,2026-02-02T18:57:45.531,"Any[7, 8, 13, 19, 25, 30, 37, 45, 53]",7,53
314,2026-01-10T13:20:00.0,2026-02-02T18:57:45.531,"Any[19, 25, 30, 37, 45, 56]",19,56
320,2026-01-10T13:20:00.0,2026-01-26T18:57:45.531,"Any[8, 13, 19, 25, 30, 37, 45, 56, 60, 64]",8,64
324,2026-01-10T13:20:00.0,2026-01-19T18:57:45.531,"Any[53, 45, 37, 30, 25, 19, 11, 6, 1]",53,1
337,2026-01-10T13:20:00.0,2026-01-26T18:57:45.531,"Any[19, 25, 30, 37, 45, 56, 60, 64]",19,64
339,2026-01-10T13:20:00.0,2026-01-19T18:57:45.531,"Any[56, 45, 37, 30, 25, 19, 11, 6]",56,6
340,2026-01-10T13:20:00.0,2026-01-12T18:57:45.531,"Any[6, 11, 19, 25, 30, 37, 45, 56]",6,56
344,2026-01-10T13:20:00.0,2026-01-12T18:57:45.531,"Any[60, 56, 45, 37, 30, 25, 19, 11, 6]",60,6
345,2026-01-10T13:20:00.0,2026-01-26T18:57:45.531,"Any[17, 25, 30, 37, 45, 53, 60]",17,60
346,2026-01-10T13:20:00.0,2026-01-19T18:57:45.531,"Any[53, 45, 37, 30, 25]",53,25
353,2026-01-10T13:20:00.0,2026-01-12T18:57:45.531,"Any[25, 30, 37, 45, 53, 60]",25,60
368,2026-01-10T13:20:00.0,2026-01-26T18:57:45.531,"Any[56, 45, 37, 30, 25]",56,25
373,2026-01-10T13:20:00.0,2026-01-26T18:57:45.531,"Any[25, 30, 37, 45, 56, 60]",25,60
376,2026-01-10T13:20:00.0,2026-01-19T18:57:45.531,"Any[53, 45, 37, 30, 25, 19, 10]",53,10
383,2026-01-10T13:20:00.0,2026-02-02T18:57:45.531,"Any[8, 13, 19, 25, 30, 37, 45, 56]",8,56
384,2026-01-10T13:20:00.0,2026-01-26T18:57:45.531,"Any[53, 45, 37, 30, 25, 19, 10]",53,10
385,2026-01-10T13:20:00.0,2026-01-19T18:57:45.531,"Any[64, 60, 53, 45, 37, 30, 25, 19, 11, 6, 1]",64,1
387,2026-01-10T13:20:00.0,2026-02-02T18:57:45.531,"Any[19, 25, 30, 37, 45, 56]",19,56
394,2026-01-10T13:20:00.0,2026-01-19T18:57:45.531,"Any[53, 45, 37, 30, 25, 19, 10]",53,10
403,2026-01-10T13:20:00.0,2026-02-02T18:57:45.531,"Any[17, 25, 30, 37, 45, 53, 60]",17,60
405,2026-01-10T13:20:00.0,2026-02-02T18:57:45.531,"Any[53, 45, 37, 30, 25, 19, 13, 8]",53,8
410,2026-01-10T13:20:00.0,2026-01-19T18:57:45.531,"Any[54, 44, 36, 23, 19, 11, 6]",54,6
412,2026-01-10T13:20:00.0,2026-01-19T18:57:45.531,"Any[19, 17, 25, 30, 37, 45, 53]",19,53
415,2026-01-10T13:20:00.0,2026-01-26T18:57:45.531,"Any[6, 11, 19, 25, 30, 37, 45, 56, 60]",6,60
421,2026-01-10T13:20:00.0,2026-01-19T18:57:45.531,"Any[7, 8, 13, 19, 25, 30, 37, 45, 53]",7,53
422,2026-01-10T13:20:00.0,2026-01-12T18:57:45.531,"Any[7, 8, 13, 19, 25, 30, 37, 45, 56, 60, 64]",7,64
423,2026-01-10T13:20:00.0,2026-01-19T18:57:45.531,"Any[62, 45, 37, 30, 25, 19, 11, 6, 6, 1]",62,6
426,2026-01-10T13:20:00.0,2026-01-19T18:57:45.531,"Any[1, 6, 11, 19, 25, 30, 37, 45, 56, 60]",1,60
427,2026-01-10T13:20:00.0,2026-01-26T18:57:45.531,"Any[53, 45, 37, 30, 25, 19, 10]",53,10
429,2026-01-10T13:20:00.0,2026-02-02T18:57:45.531,"Any[1, 6, 11, 19, 23, 36, 44, 54, 60]",1,60
437,2026-01-10T13:20:00.0,2026-01-26T18:57:45.531,"Any[19, 25, 30, 37, 45, 53]",19,53
442,2026-01-10T13:20:00.0,2026-01-12T18:57:45.531,"Any[53, 45, 37, 30, 25, 19, 10]",53,10
450,2026-01-10T13:20:00.0,2026-01-26T18:57:45.531,"Any[25, 30, 37, 45]",25,45
451,2026-01-10T13:20:00.0,2026-01-26T18:57:45.531,"Any[64, 60, 53, 45, 37, 30, 25, 19, 10]",64,10
460,2026-01-10T13:20:00.0,2026-02-02T18:57:45.531,"Any[19, 25, 30, 37, 45, 56]",19,56
480,2026-01-10T13:20:00.0,2026-01-12T18:57:45.531,"Any[64, 56, 45, 37, 30, 25, 19, 11, 6]",64,6
484,2026-01-10T13:20:00.0,2026-01-12T18:57:45.531,"Any[53, 45, 37, 30, 25, 19, 10]",53,10
485,2026-01-10T13:20:00.0,2026-01-26T18:57:45.531,"Any[1, 6, 11, 19, 25, 30, 37, 45, 53]",1,53
486,2026-01-10T13:20:00.0,2026-01-12T18:57:45.531,"Any[19, 25, 30, 37, 45, 56, 55, 56]",19,56
498,2026-01-10T13:20:00.0,2026-01-12T18:57:45.531,"Any[53, 45, 37, 30, 25, 19, 10]",53,10
500,2026-01-10T13:20:00.0,2026-01-12T18:57:45.531,"Any[64, 53, 45, 37, 30, 25, 19, 13, 8]",64,8
503,2026-01-10T13:20:00.0,2026-01-12T18:57:45.531,"Any[25, 30, 37, 45, 53]",25,53
517,2026-01-10T13:20:00.0,2026-01-12T18:57:45.531,"Any[60, 56, 45, 37, 30, 25, 19, 13, 8]",60,8
524,2026-01-10T13:20:00.0,2026-01-26T18:57:45.531,"Any[45, 37, 30, 25, 19]",45,19
539,2026-01-10T13:20:00.0,2026-02-02T18:57:45.531,"Any[6, 11, 19, 25, 30, 37, 45]",6,45
540,2026-01-10T13:20:00.0,2026-02-02T18:57:45.531,"Any[8, 13, 19, 25, 30, 37, 45, 53]",8,53
542,2026-01-10T13:20:00.0,2026-01-19T18:57:45.531,"Any[1, 6, 11, 19, 25, 30, 37, 45, 56]",1,56
543,2026-01-10T13:20:00.0,2026-01-26T18:57:45.531,"Any[60, 56, 45, 37, 30, 25, 19, 11, 10, 3]",60,3
550,2026-01-10T13:20:00.0,2026-01-12T18:57:45.531,"Any[19, 25, 30, 37, 45, 53]",19,53
556,2026-01-10T13:20:00.0,2026-01-19T18:57:45.531,"Any[8, 13, 19, 25, 30, 37, 45, 53]",8,53
572,2026-01-10T13:20:00.0,2026-02-02T18:57:45.531,"Any[53, 45, 37, 30, 25, 19, 13, 8]",53,8
577,2026-01-10T13:20:00.0,2026-01-26T18:57:45.531,"Any[56, 45, 37, 30, 25, 19, 13, 8]",56,8
579,2026-01-10T13:20:00.0,2026-01-12T18:57:45.531,"Any[7, 8, 13, 19, 25, 30, 37, 45, 56]",7,56
580,2026-01-10T13:20:00.0,2026-02-02T18:57:45.531,"Any[6, 11, 16, 25, 30, 37, 45]",6,45
587,2026-01-10T13:20:00.0,2026-01-12T18:57:45.531,"Any[53, 45, 37, 30, 25]",53,25
589,2026-01-10T13:20:00.0,2026-01-19T18:57:45.531,"Any[7, 8, 13, 19, 25, 30, 37, 45, 53]",7,53
595,2026-01-10T13:20:00.0,2026-01-12T18:57:45.531,"Any[8, 13, 19, 25, 30, 37, 45, 56]",8,56
615,2026-01-10T13:20:00.0,2026-01-19T18:57:45.531,"Any[8, 13, 19, 25, 30, 37, 45, 56]",8,56
617,2026-01-10T13:20:00.0,2026-01-19T18:57:45.531,"Any[8, 13, 19, 25, 30, 37, 45, 56]",8,56
621,2026-01-10T13:20:00.0,2026-01-19T18:57:45.531,"Any[53, 45, 37, 30, 25]",53,25
622,2026-01-10T13:20:00.0,2026-01-26T18:57:45.531,"Any[53, 45, 37, 30, 25]",53,25
624,2026-01-10T13:20:00.0,2026-01-19T18:57:45.531,"Any[56, 45, 37, 30, 25, 19, 13, 8]",56,8
625,2026-01-10T13:20:00.0,2026-01-26T18:57:45.531,"Any[56, 45, 37, 30, 25]",56,25
629,2026-01-10T13:20:00.0,2026-01-26T18:57:45.531,"Any[53, 45, 37, 30, 25]",53,25
633,2026-01-10T13:20:00.0,2026-02-02T18:57:45.531,"Any[53, 45, 37, 30, 25, 19, 11, 6, 1]",53,1
635,2026-01-10T13:20:00.0,2026-02-02T18:57:45.531,"Any[64, 56, 45, 37, 30, 25, 19, 11, 6]",64,6
637,2026-01-10T13:20:00.0,2026-01-19T18:57:45.531,"Any[56, 45, 37, 30, 25, 19, 13, 8]",56,8
638,2026-01-10T13:20:00.0,2026-01-19T18:57:45.531,"Any[6, 11, 19, 25, 30, 37, 45]",6,45
639,2026-01-10T13:20:00.0,2026-02-02T18:57:45.531,"Any[8, 13, 19, 25, 30, 37, 45, 53]",8,53
641,2026-01-10T13:20:00.0,2026-02-02T18:57:45.531,"Any[1, 6, 11, 19, 23, 28, 36, 44, 54, 60]",1,60
645,2026-01-10T13:20:00.0,2026-01-26T18:57:45.531,"Any[7, 8, 13, 19, 25, 30, 37, 45, 53]",7,53
647,2026-01-10T13:20:00.0,2026-02-02T18:57:45.531,"Any[7, 8, 13, 19, 25, 30, 37, 45, 53]",7,53
653,2026-01-10T13:20:00.0,2026-01-19T18:57:45.531,"Any[53, 45, 37, 30, 25]",53,25
655,2026-01-10T13:20:00.0,2026-01-19T18:57:45.531,"Any[8, 13, 19, 25, 30, 37, 45, 56]",8,56
656,2026-01-10T13:20:00.0,2026-01-26T18:57:45.531,"Any[60, 53, 45, 37, 30, 25]",60,25
660,2026-01-10T13:20:00.0,2026-02-02T18:57:45.531,"Any[60, 53, 45, 37, 30, 25]",60,25
667,2026-01-10T13:20:00.0,2026-01-19T18:57:45.531,"Any[56, 45, 37, 30, 25, 19, 13, 8]",56,8
674,2026-01-10T13:20:00.0,2026-01-26T18:57:45.531,"Any[1, 6, 11, 19, 25, 30, 37, 45, 56]",1,56
684,2026-01-10T13:20:00.0,2026-01-26T18:57:45.531,"Any[6, 11, 19, 25, 30, 37, 45]",6,45
686,2026-01-10T13:20:00.0,2026-01-19T18:57:45.531,"Any[53, 45, 37, 30, 25, 19, 10]",53,10
694,2026-01-10T13:20:00.0,2026-01-19T18:57:45.531,"Any[60, 53, 45, 37, 30, 25, 19, 13, 8]",60,8
699,2026-01-10T13:20:00.0,2026-02-02T18:57:45.531,"Any[6, 11, 19, 25, 30, 37, 45, 56, 60]",6,60
700,2026-01-10T13:20:00.0,2026-01-26T18:57:45.531,"Any[8, 13, 19, 25, 30, 37, 45, 56]",8,56
702,2026-01-10T13:20:00.0,2026-02-02T18:57:45.531,"Any[6, 11, 16, 25, 30, 37, 45]",6,45
707,2026-01-10T13:20:00.0,2026-01-26T18:57:45.531,"Any[45, 37, 30, 25, 19, 10]",45,10
725,2026-01-10T13:20:00.0,2026-01-26T18:57:45.531,"Any[53, 45, 37, 30, 25, 19, 11, 6, 1]",53,1
726,2026-01-10T13:20:00.0,2026-01-19T18:57:45.531,"Any[60, 53, 45, 37, 30, 25, 19, 13, 8]",60,8
729,2026-01-10T13:20:00.0,2026-01-19T18:57:45.531,"Any[6, 11, 19, 25, 30, 37, 45, 56]",6,56
735,2026-01-10T13:20:00.0,2026-01-12T18:57:45.531,"Any[6, 11, 19, 25, 30, 37, 45]",6,45
738,2026-01-10T13:20:00.0,2026-02-02T18:57:45.531,"Any[56, 45, 37, 30, 25, 19, 20]",56,20
739,2026-01-10T13:20:00.0,2026-01-26T18:57:45.531,"Any[1, 6, 11, 19, 25, 30, 37, 45, 56]",1,56
743,2026-01-10T13:20:00.0,2026-01-19T18:57:45.531,"Any[53, 45, 37, 30, 25]",53,25
753,2026-01-10T13:20:00.0,2026-01-19T18:57:45.531,"Any[53, 45, 37, 30, 25, 19, 13, 8]",53,8
755,2026-01-10T13:20:00.0,2026-01-12T18:57:45.531,"Any[56, 45, 37, 30, 25, 19, 11, 6]",56,6
758,2026-01-10T13:20:00.0,2026-01-19T18:57:45.531,"Any[16, 17, 25, 30, 37, 45, 53]",16,53
759,2026-01-10T13:20:00.0,2026-01-12T18:57:45.531,"Any[7, 8, 13, 19, 25, 30, 37, 45, 56]",7,56
760,2026-01-10T13:20:00.0,2026-01-12T18:57:45.531,"Any[60, 56, 45, 37, 30, 25, 19, 11, 10]",60,10
769,2026-01-10T13:20:00.0,2026-01-26T18:57:45.531,"Any[53, 45, 37, 30, 25, 19, 13, 8]",53,8
776,2026-01-10T13:20:00.0,2026-01-26T18:57:45.531,"Any[53, 45, 37, 30, 25, 19, 11, 6, 1]",53,1
777,2026-01-10T13:20:00.0,2026-01-26T18:57:45.531,"Any[64, 60, 56, 45, 37, 30, 25]",64,25
790,2026-01-10T13:20:00.0,2026-02-02T18:57:45.531,"Any[3, 10, 19, 25, 30, 37, 45, 53]",3,53
796,2026-01-10T13:20:00.0,2026-02-02T18:57:45.531,"Any[16, 17, 25, 30, 37, 45, 53]",16,53
802,2026-01-10T13:20:00.0,2026-01-26T18:57:45.531,"Any[60, 56, 45, 37, 30, 25, 19, 13, 8]",60,8
821,2026-01-10T13:20:00.0,2026-01-19T18:57:45.531,"Any[60, 53, 45, 37, 30, 25, 19, 13, 8]",60,8
823,2026-01-10T13:20:00.0,2026-01-26T18:57:45.531,"Any[19, 25, 30, 37, 45, 56]",19,56
830,2026-01-10T13:20:00.0,2026-02-02T18:57:45.531,"Any[7, 8, 13, 19, 25, 30, 37, 45, 53, 60]",7,60
839,2026-01-10T13:20:00.0,2026-02-02T18:57:45.531,"Any[6, 11, 19, 25, 30, 37, 45]",6,45
840,2026-01-10T13:20:00.0,2026-01-26T18:57:45.531,"Any[6, 11, 19, 25, 30, 37, 45]",6,45
846,2026-01-10T13:20:00.0,2026-01-19T18:57:45.531,"Any[8, 13, 19, 25, 30, 37, 45, 56]",8,56
848,2026-01-10T13:20:00.0,2026-01-26T18:57:45.531,"Any[53, 45, 37, 30, 25, 19, 13, 8]",53,8
852,2026-01-10T13:20:00.0,2026-02-02T18:57:45.531,"Any[62, 53, 45, 37, 30, 25, 19, 13, 8]",62,8
859,2026-01-10T13:20:00.0,2026-01-19T18:57:45.531,"Any[60, 53, 45, 37, 30, 25, 19, 11, 6]",60,6
872,2026-01-10T13:20:00.0,2026-01-12T18:57:45.531,"Any[60, 53, 45, 37, 30, 25, 19, 10]",60,10
897,2026-01-10T13:20:00.0,2026-01-26T18:57:45.531,"Any[8, 13, 19, 25, 30, 37, 45, 56]",8,56
902,2026-01-10T13:20:00.0,2026-01-19T18:57:45.531,"Any[53, 45, 37, 30, 25, 19, 13, 8]",53,8
903,2026-01-10T13:20:00.0,2026-01-12T18:57:45.531,"Any[56, 45, 37, 30, 25, 19, 11, 6]",56,6
905,2026-01-10T13:20:00.0,2026-02-02T18:57:45.531,"Any[53, 45, 37, 30, 25, 19, 13, 8]",53,8
912,2026-01-10T13:20:00.0,2026-01-12T18:57:45.531,"Any[53, 45, 37, 30, 25, 19, 11, 6, 1]",53,1
923,2026-01-10T13:20:00.0,2026-01-26T18:57:45.531,"Any[56, 45, 37, 30, 25, 19, 11, 6, 6]",56,6
925,2026-01-10T13:20:00.0,2026-01-12T18:57:45.531,"Any[6, 11, 19, 25, 30, 37, 45, 56]",6,56
930,2026-01-10T13:20:00.0,2026-01-19T18:57:45.531,"Any[53, 45, 37, 30, 25, 19, 11, 6, 1]",53,1
933,2026-01-10T13:20:00.0,2026-01-12T18:57:45.531,"Any[53, 45, 37, 30, 25, 19, 11, 6, 1]",53,1
937,2026-01-10T13:20:00.0,2026-01-26T18:57:45.531,"Any[53, 45, 37, 30, 25, 19, 10]",53,10
954,2026-01-10T13:20:00.0,2026-02-02T18:57:45.531,"Any[56, 45, 37, 30, 25, 19, 11, 6]",56,6
960,2026-01-10T13:20:00.0,2026-01-19T18:57:45.531,"Any[1, 6, 11, 19, 25, 30, 37, 45, 53, 60]",1,60
968,2026-01-10T13:20:00.0,2026-02-02T18:57:45.531,"Any[8, 13, 19, 25, 30, 37, 45]",8,45
970,2026-01-10T13:20:00.0,2026-02-02T18:57:45.531,"Any[8, 13, 19, 25, 30, 37, 45, 56, 60]",8,60
973,2026-01-10T13:20:00.0,2026-01-12T18:57:45.531,"Any[64, 60, 53, 45, 37, 30, 25, 19, 10]",64,10
977,2026-01-10T13:20:00.0,2026-01-19T18:57:45.531,"Any[60, 56, 45, 37, 30, 25, 19, 11, 6]",60,6
984,2026-01-10T13:20:00.0,2026-01-26T18:57:45.531,"Any[10, 19, 25, 30, 37, 45, 53]",10,53
1000,2026-01-10T13:20:00.0,2026-01-12T18:57:45.531,"Any[19, 25, 30, 37, 45]",19,45
1009,2026-01-10T13:20:00.0,2026-01-19T18:57:45.531,"Any[53, 45, 37, 30, 25, 19, 10]",53,10
1014,2026-01-10T13:20:00.0,2026-02-02T18:57:45.531,"Any[60, 53, 45, 37, 30, 25]",60,25
1024,2026-01-10T13:20:00.0,2026-02-02T18:57:45.531,"Any[19, 25, 30, 37, 45, 56]",19,56
1031,2026-01-10T13:20:00.0,2026-02-02T18:57:45.531,"Any[45, 37, 30, 25, 19, 11, 6]",45,6
1034,2026-01-10T13:20:00.0,2026-01-26T18:57:45.531,"Any[60, 56, 45, 37, 30, 25, 19, 11, 6]",60,6
1035,2026-01-10T13:20:00.0,2026-02-02T18:57:45.531,"Any[7, 8, 13, 19, 25, 30, 37, 45, 53, 60]",7,60
1036,2026-01-10T13:20:00.0,2026-01-19T18:57:45.531,"Any[64, 60, 53, 45, 37, 30, 25, 19, 10]",64,10
1040,2026-01-10T13:20:00.0,2026-01-19T18:57:45.531,"Any[60, 56, 45, 37, 30, 25, 19, 11, 6]",60,6
1041,2026-01-10T13:20:00.0,2026-01-19T18:57:45.531,"Any[10, 19, 25, 30, 37, 45]",10,45
1045,2026-01-10T13:20:00.0,2026-01-26T18:57:45.531,"Any[53, 45, 37, 30, 25, 19, 10]",53,10
1052,2026-01-10T13:20:00.0,2026-01-19T18:57:45.531,"Any[53, 45, 37, 30, 25]",53,25
1060,2026-01-10T13:20:00.0,2026-01-26T18:57:45.531,"Any[45, 37, 30, 25]",45,25
1063,2026-01-10T13:20:00.0,2026-01-19T18:57:45.531,"Any[64, 60, 53, 45, 37, 30, 25, 19, 10]",64,10
1064,2026-01-10T13:20:00.0,2026-02-02T18:57:45.531,"Any[19, 25, 30, 37, 45, 56, 55, 56]",19,56
1067,2026-01-10T13:20:00.0,2026-01-19T18:57:45.531,"Any[53, 45, 37, 30, 25]",53,25
1071,2026-01-10T13:20:00.0,2026-02-02T18:57:45.531,"Any[64, 60, 53, 45, 37, 30, 25, 19, 10]",64,10
1072,2026-01-10T13:20:00.0,2026-01-26T18:57:45.531,"Any[17, 25, 30, 37, 45, 56]",17,56
1076,2026-01-10T13:20:00.0,2026-01-19T18:57:45.531,"Any[1, 6, 11, 16, 25, 30, 37, 45, 56]",1,56
1077,2026-01-10T13:20:00.0,2026-01-12T18:57:45.531,"Any[10, 19, 25, 30, 37, 45, 53]",10,53
1080,2026-01-10T13:20:00.0,2026-01-26T18:57:45.531,"Any[6, 11, 19, 25, 30, 37, 45]",6,45
1083,2026-01-10T13:20:00.0,2026-02-02T18:57:45.531,"Any[64, 60, 56, 45, 37, 30, 25, 19, 11, 6]",64,6
1087,2026-01-10T13:20:00.0,2026-02-02T18:57:45.531,"Any[7, 8, 13, 19, 25, 30, 37, 45, 53]",7,53
1096,2026-01-10T13:20:00.0,2026-01-26T18:57:45.531,"Any[8, 13, 19, 25, 30, 37, 45, 53, 60, 64]",8,64
1103,2026-01-10T13:20:00.0,2026-02-02T18:57:45.531,"Any[1, 6, 11, 19, 25, 30, 37, 45, 56]",1,56
1104,2026-01-10T13:20:00.0,2026-01-19T18:57:45.531,"Any[8, 13, 19, 25, 30, 37, 45, 56]",8,56
1122,2026-01-10T13:20:00.0,2026-01-19T18:57:45.531,"Any[6, 11, 19, 25, 30, 37, 45, 53]",6,53
1123,2026-01-10T13:20:00.0,2026-02-02T18:57:45.531,"Any[64, 60, 53, 45, 37, 30, 25, 19, 11, 6, 1]",64,1
1135,2026-01-10T13:20:00.0,2026-01-12T18:57:45.531,"Any[56, 45, 37, 30, 25, 19, 13, 8]",56,8
1138,2026-01-10T13:20:00.0,2026-01-12T18:57:45.531,"Any[19, 25, 30, 37, 45, 56, 60]",19,60
1141,2026-01-10T13:20:00.0,2026-01-12T18:57:45.531,"Any[60, 56, 45, 37, 30, 25, 19, 11, 6, 1]",60,1
1142,2026-01-10T13:20:00.0,2026-01-26T18:57:45.531,"Any[60, 56, 45, 37, 30, 25, 19]",60,19
1144,2026-01-10T13:20:00.0,2026-01-12T18:57:45.531,"Any[53, 45, 37, 30, 25, 19, 10]",53,10
1148,2026-01-10T13:20:00.0,2026-01-26T18:57:45.531,"Any[8, 13, 19, 25, 30, 37, 45, 56]",8,56
1149,2026-01-10T13:20:00.0,2026-02-02T18:57:45.531,"Any[7, 8, 13, 19, 25, 30, 37, 45, 56]",7,56
1152,2026-01-10T13:20:00.0,2026-02-02T18:57:45.531,"Any[56, 45, 37, 30, 25, 19, 11, 6]",56,6
1153,2026-01-10T13:20:00.0,2026-01-12T18:57:45.531,"Any[8, 13, 19, 25, 30, 37, 45, 56, 60]",8,60
1158,2026-01-10T13:20:00.0,2026-01-26T18:57:45.531,"Any[8, 13, 19, 25, 30, 37, 45, 53]",8,53
1160,2026-01-10T13:20:00.0,2026-01-19T18:57:45.531,"Any[1, 6, 11, 25, 30, 37, 45, 53]",1,53
1161,2026-01-10T13:20:00.0,2026-01-26T18:57:45.531,"Any[19, 25, 30, 37, 45, 56]",19,56
1162,2026-01-10T13:20:00.0,2026-01-26T18:57:45.531,"Any[6, 11, 19, 25, 30, 37, 45]",6,45
1163,2026-01-10T13:20:00.0,2026-01-19T18:57:45.531,"Any[45, 37, 30, 25]",45,25
1173,2026-01-10T13:20:00.0,2026-01-12T18:57:45.531,"Any[8, 13, 19, 25, 30, 37, 45, 53]",8,53
1186,2026-01-10T13:20:00.0,2026-02-02T18:57:45.531,"Any[53, 45, 37, 30, 25]",53,25
1188,2026-01-10T13:20:00.0,2026-01-19T18:57:45.531,"Any[10, 11, 19, 25, 30, 37, 45, 53]",10,53
1193,2026-01-10T13:20:00.0,2026-01-19T18:57:45.531,"Any[53, 45, 37, 30, 25, 19, 11, 6]",53,6
1203,2026-01-10T13:20:00.0,2026-02-02T18:57:45.531,"Any[8, 13, 19, 25, 30, 37, 45, 53]",8,53
1213,2026-01-10T13:20:00.0,2026-01-26T18:57:45.531,"Any[6, 11, 19, 25, 30, 37, 45, 56]",6,56
1216,2026-01-10T13:20:00.0,2026-01-19T18:57:45.531,"Any[53, 45, 37, 30, 25]",53,25
1219,2026-01-10T13:20:00.0,2026-01-12T18:57:45.531,"Any[60, 56, 45, 37, 30, 25, 19, 11, 6]",60,6
1220,2026-01-10T13:20:00.0,2026-01-12T18:57:45.531,"Any[56, 45, 37, 30, 25, 19, 11, 6]",56,6
1230,2026-01-10T13:20:00.0,2026-01-26T18:57:45.531,"Any[8, 13, 19, 25, 30, 37, 45, 53]",8,53
1232,2026-01-10T13:20:00.0,2026-02-02T18:57:45.531,"Any[64, 56, 45, 37, 30, 25, 19, 11, 6]",64,6
1238,2026-01-10T13:20:00.0,2026-01-26T18:57:45.531,"Any[64, 60, 53, 45, 37, 30, 25, 19, 10]",64,10
1240,2026-01-10T13:20:00.0,2026-01-19T18:57:45.531,"Any[1, 6, 11, 19, 25, 30, 37, 45, 53, 60]",1,60
1244,2026-01-10T13:20:00.0,2026-01-26T18:57:45.531,"Any[6, 11, 19, 25, 30, 37, 45, 56]",6,56
1245,2026-01-10T13:20:00.0,2026-01-12T18:57:45.531,"Any[53, 45, 37, 30, 25, 19, 10]",53,10
1272,2026-01-10T13:20:00.0,2026-01-12T18:57:45.531,"Any[60, 54, 44, 36, 31, 27, 21, 9]",60,9
1274,2026-01-10T13:20:00.0,2026-01-19T18:57:45.531,"Any[7, 8, 13, 19, 25, 30, 37, 45, 53]",7,53
1278,2026-01-10T13:20:00.0,2026-01-19T18:57:45.531,"Any[3, 6, 11, 19, 25, 30, 37, 45]",3,45
1283,2026-01-10T13:20:00.0,2026-02-02T18:57:45.531,"Any[53, 45, 37, 30, 25, 19, 10]",53,10
1286,2026-01-10T13:20:00.0,2026-01-12T18:57:45.531,"Any[6, 11, 16, 25, 30, 37, 45]",6,45
1288,2026-01-10T13:20:00.0,2026-01-12T18:57:45.531,"Any[19, 25, 30, 37, 45, 56]",19,56
1294,2026-01-10T13:20:00.0,2026-01-26T18:57:45.531,"Any[8, 13, 19, 25, 30, 37, 45, 53]",8,53
1297,2026-01-10T13:20:00.0,2026-01-26T18:57:45.531,"Any[53, 45, 37, 30, 25, 19, 13, 8]",53,8
1311,2026-01-10T13:20:00.0,2026-01-26T18:57:45.531,"Any[64, 60, 53, 45, 37, 30, 25, 19, 11, 6, 1]",64,1
1317,2026-01-10T13:20:00.0,2026-01-26T18:57:45.531,"Any[1, 6, 11, 19, 23, 36, 44, 54, 60]",1,60
1338,2026-01-10T13:20:00.0,2026-01-12T18:57:45.531,"Any[56, 45, 37, 30, 25]",56,25
1345,2026-01-10T13:20:00.0,2026-01-26T18:57:45.531,"Any[17, 16, 25, 30, 37, 45, 53]",17,53
1347,2026-01-10T13:20:00.0,2026-01-26T18:57:45.531,"Any[60, 56, 45, 37, 30, 25, 19, 11, 6]",60,6
1349,2026-01-10T13:20:00.0,2026-01-12T18:57:45.531,"Any[8, 13, 19, 25, 30, 37, 45, 56]",8,56
1350,2026-01-10T13:20:00.0,2026-02-02T18:57:45.531,"Any[53, 45, 37, 30, 25, 19, 11, 6, 1]",53,1
1352,2026-01-10T13:20:00.0,2026-01-19T18:57:45.531,"Any[53, 45, 37, 30, 25, 19, 11, 6, 1]",53,1
1363,2026-01-10T13:20:00.0,2026-01-12T18:57:45.531,"Any[64, 60, 53, 45, 37, 30, 25, 19, 10]",64,10
1366,2026-01-10T13:20:00.0,2026-02-02T18:57:45.531,"Any[60, 56, 45, 37, 30, 25]",60,25
1369,2026-01-10T13:20:00.0,2026-01-26T18:57:45.531,"Any[3, 10, 19, 25, 30, 37, 45, 53]",3,53
1370,2026-01-10T13:20:00.0,2026-02-02T18:57:45.531,"Any[60, 56, 45, 37, 30, 25, 19, 11, 6]",60,6
1371,2026-01-10T13:20:00.0,2026-01-19T18:57:45.531,"Any[60, 56, 45, 37, 30, 25, 19, 13, 8]",60,8
1379,2026-01-10T13:20:00.0,2026-01-12T18:57:45.531,"Any[25, 30, 37, 45, 56, 60]",25,60
1380,2026-01-10T13:20:00.0,2026-01-12T18:57:45.531,"Any[56, 45, 37, 30, 25]",56,25
1385,2026-01-10T13:20:00.0,2026-02-02T18:57:45.531,"Any[8, 13, 19, 25, 30, 37, 45, 53]",8,53
1388,2026-01-10T13:20:00.0,2026-01-26T18:57:45.531,"Any[53, 45, 37, 30, 25, 19, 10]",53,10
1390,2026-01-10T13:20:00.0,2026-02-02T18:57:45.531,"Any[19, 25, 30, 37, 45, 53]",19,53
1391,2026-01-10T13:20:00.0,2026-01-19T18:57:45.531,"Any[60, 56, 45, 37, 30, 25, 19]",60,19
1393,2026-01-10T13:20:00.0,2026-01-26T18:57:45.531,"Any[56, 45, 37, 30, 25, 19]",56,19
1396,2026-01-10T13:20:00.0,2026-01-19T18:57:45.531,"Any[8, 13, 19, 25, 30, 37, 45]",8,45
1404,2026-01-10T13:20:00.0,2026-01-19T18:57:45.531,"Any[16, 25, 30, 37, 45, 53]",16,53
1405,2026-01-10T13:20:00.0,2026-01-19T18:57:45.531,"Any[8, 13, 19, 25, 30, 37, 45, 56]",8,56
1413,2026-01-10T13:20:00.0,2026-01-19T18:57:45.531,"Any[56, 45, 37, 30, 25, 19]",56,19
1419,2026-01-10T13:20:00.0,2026-02-02T18:57:45.531,"Any[53, 45, 37, 30, 25, 19, 10]",53,10
1425,2026-01-10T13:20:00.0,2026-01-12T18:57:45.531,"Any[19, 25, 30, 37, 45, 56]",19,56
1441,2026-01-10T13:20:00.0,2026-01-12T18:57:45.531,"Any[54, 44, 36, 23, 19, 13, 8]",54,8
1444,2026-01-10T13:20:00.0,2026-01-12T18:57:45.531,"Any[8, 13, 19, 25, 30, 37, 45, 56]",8,56
1446,2026-01-10T13:20:00.0,2026-01-26T18:57:45.531,"Any[64, 60, 53, 45, 37, 30, 25, 19, 10]",64,10
1447,2026-01-10T13:20:00.0,2026-01-26T18:57:45.531,"Any[64, 60, 56, 45, 37, 30, 25, 19, 11, 6]",64,6
1456,2026-01-10T13:20:00.0,2026-02-02T18:57:45.531,"Any[6, 11, 19, 25, 30, 37, 45, 56]",6,56
1459,2026-01-10T13:20:00.0,2026-02-02T18:57:45.531,"Any[8, 13, 19, 25, 30, 37, 45, 56]",8,56
1461,2026-01-10T13:20:00.0,2026-01-26T18:57:45.531,"Any[19, 25, 30, 37, 45, 56]",19,56
1467,2026-01-10T13:20:00.0,2026-01-12T18:57:45.531,"Any[6, 11, 19, 25, 30, 37, 45]",6,45
1471,2026-01-10T13:20:00.0,2026-01-12T18:57:45.531,"Any[53, 45, 37, 30, 25]",53,25
1484,2026-01-10T13:20:00.0,2026-01-19T18:57:45.531,"Any[53, 45, 37, 30, 25, 19, 10]",53,10
1485,2026-01-10T13:20:00.0,2026-01-26T18:57:45.531,"Any[64, 60, 53, 45, 37, 30, 25, 19, 11, 6, 1]",64,1
1493,2026-01-10T13:20:00.0,2026-01-26T18:57:45.531,"Any[19, 17, 25, 30, 37, 45, 53, 60]",19,60
1494,2026-01-10T13:20:00.0,2026-01-19T18:57:45.531,"Any[1, 6, 11, 19, 25, 30, 37, 45, 56]",1,56
1503,2026-01-10T13:20:00.0,2026-01-19T18:57:45.531,"Any[9, 15, 26, 31, 36, 44, 54]",9,54
1506,2026-01-10T13:20:00.0,2026-01-12T18:57:45.531,"Any[53, 45, 37, 30, 25, 19, 11, 6, 1]",53,1
1508,2026-01-10T13:20:00.0,2026-01-26T18:57:45.531,"Any[1, 6, 11, 19, 25, 30, 37, 45, 53]",1,53
1509,2026-01-10T13:20:00.0,2026-02-02T18:57:45.531,"Any[45, 37, 30, 25]",45,25
1510,2026-01-10T13:20:00.0,2026-01-26T18:57:45.531,"Any[8, 13, 19, 25, 30, 37, 45, 56]",8,56
1514,2026-01-10T13:20:00.0,2026-01-19T18:57:45.531,"Any[53, 45, 37, 30, 25]",53,25
1520,2026-01-10T13:20:00.0,2026-01-12T18:57:45.531,"Any[60, 53, 45, 37, 30, 25, 19]",60,19
1522,2026-01-10T13:20:00.0,2026-01-19T18:57:45.531,"Any[3, 10, 11, 19, 25, 30, 37, 45]",3,45
1537,2026-01-10T13:20:00.0,2026-02-02T18:57:45.531,"Any[6, 11, 19, 25, 30, 37, 45, 56]",6,56
1540,2026-01-10T13:20:00.0,2026-01-19T18:57:45.531,"Any[19, 25, 30, 37, 45, 56]",19,56
1544,2026-01-10T13:20:00.0,2026-01-26T18:57:45.531,"Any[10, 19, 25, 30, 37, 45, 53]",10,53
1546,2026-01-10T13:20:00.0,2026-02-02T18:57:45.531,"Any[19, 25, 30, 37, 45, 56]",19,56
1547,2026-01-10T13:20:00.0,2026-01-19T18:57:45.531,"Any[10, 19, 25, 30, 37, 45, 53]",10,53
1549,2026-01-10T13:20:00.0,2026-02-02T18:57:45.531,"Any[64, 56, 45, 37, 30, 25, 19, 11, 6]",64,6
1559,2026-01-10T13:20:00.0,2026-01-19T18:57:45.531,"Any[6, 11, 19, 25, 30, 37, 45, 56]",6,56
1566,2026-01-10T13:20:00.0,2026-01-12T18:57:45.531,"Any[60, 53, 45, 37, 30, 25, 19, 11, 6, 1]",60,1
1567,2026-01-10T13:20:00.0,2026-02-02T18:57:45.531,"Any[56, 45, 37, 30, 25, 19, 11, 6, 1]",56,1
1572,2026-01-10T13:20:00.0,2026-01-26T18:57:45.531,"Any[53, 45, 37, 30, 25, 19, 10]",53,10
1574,2026-01-10T13:20:00.0,2026-02-02T18:57:45.531,"Any[8, 13, 19, 25, 30, 37, 45, 53]",8,53
1578,2026-01-10T13:20:00.0,2026-01-19T18:57:45.531,"Any[53, 45, 37, 30, 25, 19, 13, 8]",53,8
1580,2026-01-10T13:20:00.0,2026-01-19T18:57:45.531,"Any[64, 60, 53, 45, 37, 30, 25, 19, 10]",64,10
1583,2026-01-10T13:20:00.0,2026-01-26T18:57:45.531,"Any[53, 45, 37, 30, 25, 19, 10]",53,10
1586,2026-01-10T13:20:00.0,2026-01-19T18:57:45.531,"Any[1, 6, 11, 19, 25, 30, 37, 45, 56]",1,56
1592,2026-01-10T13:20:00.0,2026-01-19T18:57:45.531,"Any[64, 60, 53, 45, 37, 30, 25, 19, 11, 6, 1]",64,1
1597,2026-01-10T13:20:00.0,2026-01-12T18:57:45.531,"Any[53, 45, 37, 30, 25, 19, 13, 8]",53,8
1599,2026-01-10T13:20:00.0,2026-02-02T18:57:45.531,"Any[19, 25, 30, 37, 45, 53, 60]",19,60
1606,2026-01-10T13:20:00.0,2026-01-12T18:57:45.531,"Any[6, 11, 19, 25, 30, 37, 45, 56]",6,56
1609,2026-01-10T13:20:00.0,2026-01-26T18:57:45.531,"Any[64, 60, 53, 45, 37, 30, 25, 19, 11, 6, 1]",64,1
1616,2026-01-10T13:20:00.0,2026-01-19T18:57:45.531,"Any[56, 45, 37, 30, 25, 19, 13, 8]",56,8
1618,2026-01-10T13:20:00.0,2026-01-19T18:57:45.531,"Any[60, 53, 45, 37, 30, 25]",60,25
1620,2026-01-10T13:20:00.0,2026-01-12T18:57:45.531,"Any[53, 45, 37, 30, 25, 19, 10]",53,10
1624,2026-01-10T13:20:00.0,2026-01-19T18:57:45.531,"Any[64, 60, 53, 45, 37, 30, 25, 19, 11, 6]",64,6
1629,2026-01-10T13:20:00.0,2026-02-02T18:57:45.531,"Any[53, 45, 37, 30, 25, 19, 10]",53,10
1631,2026-01-10T13:20:00.0,2026-01-12T18:57:45.531,"Any[19, 25, 30, 37, 45, 56]",19,56
1635,2026-01-10T13:20:00.0,2026-01-26T18:57:45.531,"Any[56, 45, 37, 30, 25, 19]",56,19
1646,2026-01-10T13:20:00.0,2026-01-19T18:57:45.531,"Any[19, 25, 30, 37, 45, 56]",19,56
1656,2026-01-10T13:20:00.0,2026-01-12T18:57:45.531,"Any[64, 60, 56, 45, 37, 30, 25, 19, 11, 6]",64,6
1658,2026-01-10T13:20:00.0,2026-01-26T18:57:45.531,"Any[7, 8, 13, 19, 25, 30, 37, 45, 53, 60]",7,60
1660,2026-01-10T13:20:00.0,2026-01-12T18:57:45.531,"Any[60, 56, 45, 37, 30, 25, 19, 13, 8]",60,8
1662,2026-01-10T13:20:00.0,2026-01-12T18:57:45.531,"Any[7, 8, 13, 19, 25, 30, 37, 45, 53]",7,53
1665,2026-01-10T13:20:00.0,2026-01-19T18:57:45.531,"Any[6, 11, 19, 25, 30, 37, 45, 56]",6,56
1668,2026-01-10T13:20:00.0,2026-02-02T18:57:45.531,"Any[8, 13, 19, 25, 30, 37, 45]",8,45
1669,2026-01-10T13:20:00.0,2026-02-02T18:57:45.531,"Any[7, 8, 13, 19, 25, 30, 37, 45, 53]",7,53
1673,2026-01-10T13:20:00.0,2026-01-19T18:57:45.531,"Any[64, 60, 53, 45, 37, 30, 25, 19, 10]",64,10
1681,2026-01-10T13:20:00.0,2026-01-19T18:57:45.531,"Any[56, 45, 37, 30, 25, 19, 13, 8]",56,8
1687,2026-01-10T13:20:00.0,2026-01-12T18:57:45.531,"Any[45, 37, 30, 25]",45,25
1693,2026-01-10T13:20:00.0,2026-02-02T18:57:45.531,"Any[1, 6, 11, 19, 25, 30, 37, 45, 56]",1,56
1694,2026-01-10T13:20:00.0,2026-01-26T18:57:45.531,"Any[8, 13, 19, 25, 30, 37, 45, 53]",8,53
1696,2026-01-10T13:20:00.0,2026-01-12T18:57:45.531,"Any[8, 13, 19, 25, 30, 37, 45, 56]",8,56
1702,2026-01-10T13:20:00.0,2026-01-26T18:57:45.531,"Any[60, 56, 45, 37, 30, 25, 19, 11, 6, 1]",60,1
1704,2026-01-10T13:20:00.0,2026-01-26T18:57:45.531,"Any[62, 53, 45, 37, 30, 25, 19, 13, 8]",62,8
1715,2026-01-10T13:20:00.0,2026-02-02T18:57:45.531,"Any[64, 60, 53, 45, 37, 30, 25]",64,25
1722,2026-01-10T13:20:00.0,2026-02-02T18:57:45.531,"Any[53, 45, 37, 30, 25, 19, 11, 6, 1]",53,1
1728,2026-01-10T13:20:00.0,2026-02-02T18:57:45.531,"Any[6, 11, 19, 25, 30, 37, 45]",6,45
1734,2026-01-10T13:20:00.0,2026-01-26T18:57:45.531,"Any[6, 11, 19, 25, 30, 37, 45]",6,45
1735,2026-01-10T13:20:00.0,2026-02-02T18:57:45.531,"Any[6, 11, 19, 25, 30, 37, 45]",6,45
1746,2026-01-10T13:20:00.0,2026-02-02T18:57:45.531,"Any[56, 45, 37, 30, 25]",56,25
1747,2026-01-10T13:20:00.0,2026-02-02T18:57:45.531,"Any[53, 45, 37, 30, 25, 19, 11, 6, 1]",53,1
1749,2026-01-10T13:20:00.0,2026-01-12T18:57:45.531,"Any[8, 13, 19, 25, 30, 25, 30, 37, 45, 53]",8,53
1758,2026-01-10T13:20:00.0,2026-02-02T18:57:45.531,"Any[13, 19, 25, 30, 37, 45, 56]",13,56
1760,2026-01-10T13:20:00.0,2026-01-12T18:57:45.531,"Any[56, 45, 37, 30, 25, 19, 11, 6, 1]",56,1
1762,2026-01-10T13:20:00.0,2026-01-19T18:57:45.531,"Any[56, 45, 37, 30, 25, 19, 13, 8]",56,8
1765,2026-01-10T13:20:00.0,2026-02-02T18:57:45.531,"Any[6, 11, 19, 25, 30, 37, 45, 56]",6,56
1773,2026-01-10T13:20:00.0,2026-01-19T18:57:45.531,"Any[53, 45, 37, 30, 25, 19, 11, 6, 1]",53,1
1790,2026-01-10T13:20:00.0,2026-02-02T18:57:45.531,"Any[25, 30, 37, 45, 56, 60]",25,60
1799,2026-01-10T13:20:00.0,2026-01-12T18:57:45.531,"Any[17, 16, 25, 30, 37, 45, 53]",17,53
1800,2026-01-10T13:20:00.0,2026-01-26T18:57:45.531,"Any[8, 13, 19, 25, 30, 37, 45, 56]",8,56
1801,2026-01-10T13:20:00.0,2026-01-12T18:57:45.531,"Any[62, 56, 45, 37, 30, 25, 19]",62,19
1806,2026-01-10T13:20:00.0,2026-02-02T18:57:45.531,"Any[53, 45, 37, 30, 25, 19, 10]",53,10
1811,2026-01-10T13:20:00.0,2026-01-12T18:57:45.531,"Any[6, 11, 16, 25, 30, 37, 45]",6,45
1817,2026-01-10T13:20:00.0,2026-02-02T18:57:45.531,"Any[8, 13, 19, 25, 30, 37, 45, 53]",8,53
1818,2026-01-10T13:20:00.0,2026-01-26T18:57:45.531,"Any[56, 45, 37, 30, 25, 19, 11, 6, 6, 5, 1, 1]",56,6
1823,2026-01-10T13:20:00.0,2026-01-19T18:57:45.531,"Any[64, 60, 56, 45, 37, 30, 25, 19, 13, 8]",64,8
1826,2026-01-10T13:20:00.0,2026-01-26T18:57:45.531,"Any[56, 45, 37, 30, 25, 19, 11, 6]",56,6
1828,2026-01-10T13:20:00.0,2026-01-12T18:57:45.531,"Any[8, 13, 19, 25, 30, 37, 45, 56]",8,56
1838,2026-01-10T13:20:00.0,2026-01-12T18:57:45.531,"Any[8, 13, 19, 25, 30, 37, 45, 53]",8,53
1840,2026-01-10T13:20:00.0,2026-01-19T18:57:45.531,"Any[54, 44, 36, 23, 19, 13, 8]",54,8
1843,2026-01-10T13:20:00.0,2026-01-19T18:57:45.531,"Any[53, 45, 37, 30, 25, 19, 10]",53,10
1844,2026-01-10T13:20:00.0,2026-01-26T18:57:45.531,"Any[1, 6, 11, 19, 25, 30, 37, 45, 53, 60]",1,60
1848,2026-01-10T13:20:00.0,2026-02-02T18:57:45.531,"Any[53, 45, 37, 30, 25, 19, 10]",53,10
1853,2026-01-10T13:20:00.0,2026-02-02T18:57:45.531,"Any[19, 25, 30, 37, 45, 56]",19,56
1857,2026-01-10T13:20:00.0,2026-02-02T18:57:45.531,"Any[6, 11, 19, 25, 30, 37, 45, 56]",6,56
1859,2026-01-10T13:20:00.0,2026-02-02T18:57:45.531,"Any[64, 53, 45, 37, 30, 25, 19, 11, 6, 1]",64,1
1862,2026-01-10T13:20:00.0,2026-01-12T18:57:45.531,"Any[53, 45, 37, 30, 25, 19, 10]",53,10
1863,2026-01-10T13:20:00.0,2026-01-26T18:57:45.531,"Any[10, 19, 25, 30, 37, 45, 53]",10,53
1869,2026-01-10T13:20:00.0,2026-02-02T18:57:45.531,"Any[56, 45, 37, 30, 25, 19, 11, 6]",56,6
1871,2026-01-10T13:20:00.0,2026-01-19T18:57:45.531,"Any[1, 6, 11, 19, 25, 30, 37, 45, 53]",1,53
1877,2026-01-10T13:20:00.0,2026-01-19T18:57:45.531,"Any[56, 45, 37, 30, 25, 19]",56,19
1886,2026-01-10T13:20:00.0,2026-01-12T18:57:45.531,"Any[1, 6, 11, 19, 25, 30, 37, 45, 56]",1,56
1887,2026-01-10T13:20:00.0,2026-01-12T18:57:45.531,"Any[3, 10, 19, 25, 30, 37, 45, 53]",3,53
1893,2026-01-10T13:20:00.0,2026-01-12T18:57:45.531,"Any[53, 45, 37, 30, 25, 19, 10]",53,10
1894,2026-01-10T13:20:00.0,2026-01-26T18:57:45.531,"Any[19, 25, 30, 37, 45, 56]",19,56
1895,2026-01-10T13:20:00.0,2026-01-12T18:57:45.531,"Any[6, 11, 19, 25, 30, 37, 45, 56]",6,56
1906,2026-01-10T13:20:00.0,2026-02-02T18:57:45.531,"Any[10, 11, 19, 25, 30, 37, 45, 53]",10,53
1909,2026-01-10T13:20:00.0,2026-01-12T18:57:45.531,"Any[60, 56, 45, 37, 30, 25, 19, 17, 19, 11, 6]",60,6
1920,2026-01-10T13:20:00.0,2026-02-02T18:57:45.531,"Any[53, 45, 37, 30, 25, 19, 10]",53,10
1932,2026-01-10T13:20:00.0,2026-01-12T18:57:45.531,"Any[6, 11, 19, 25, 30, 37, 45]",6,45
1944,2026-01-10T13:20:00.0,2026-02-02T18:57:45.531,"Any[60, 56, 45, 37, 30, 25]",60,25
1954,2026-01-10T13:20:00.0,2026-01-26T18:57:45.531,"Any[19, 25, 30, 37, 45]",19,45
1959,2026-01-10T13:20:00.0,2026-01-12T18:57:45.531,"Any[45, 37, 30, 25]",45,25
1960,2026-01-10T13:20:00.0,2026-02-02T18:57:45.531,"Any[8, 13, 19, 25, 30, 37, 45, 53]",8,53
1961,2026-01-10T13:20:00.0,2026-02-02T18:57:45.531,"Any[6, 11, 19, 25, 30, 37, 45, 56]",6,56
1967,2026-01-10T13:20:00.0,2026-01-19T18:57:45.531,"Any[45, 37, 30, 25, 19, 10]",45,10
1971,2026-01-10T13:20:00.0,2026-01-26T18:57:45.531,"Any[53, 45, 37, 30, 25, 19, 10]",53,10
1981,2026-01-10T13:20:00.0,2026-01-26T18:57:45.531,"Any[10, 19, 25, 30, 37, 45, 53, 60]",10,60
1982,2026-01-10T13:20:00.0,2026-01-19T18:57:45.531,"Any[60, 56, 45, 37, 30, 25, 19, 11, 6]",60,6
1986,2026-01-10T13:20:00.0,2026-01-26T18:57:45.531,"Any[6, 11, 19, 25, 30, 37, 45]",6,45
1990,2026-01-10T13:20:00.0,2026-02-02T18:57:45.531,"Any[62, 45, 37, 30, 25, 19, 13, 8]",62,8
1991,2026-01-10T13:20:00.0,2026-02-02T18:57:45.531,"Any[6, 11, 19, 25, 30, 37, 45]",6,45
1996,2026-01-10T13:20:00.0,2026-02-02T18:57:45.531,"Any[19, 25, 30, 37, 45, 53, 60]",19,60
1999,2026-01-10T13:20:00.0,2026-01-12T18:57:45.531,"Any[10, 19, 25, 30, 37, 45, 53]",10,53
2001,2026-01-10T13:20:00.0,2026-01-19T18:57:45.531,"Any[62, 56, 45, 37, 30, 25, 19]",62,19
2002,2026-01-10T13:20:00.0,2026-01-12T18:57:45.531,"Any[64, 60, 53, 45, 37, 30, 25, 19, 10]",64,10
2011,2026-01-10T13:20:00.0,2026-02-02T18:57:45.531,"Any[10, 19, 25, 30, 37, 45, 53]",10,53
2021,2026-01-10T13:20:00.0,2026-02-02T18:57:45.531,"Any[60, 53, 45, 37, 30, 25, 19, 13, 8]",60,8
2025,2026-01-10T13:20:00.0,2026-01-26T18:57:45.531,"Any[8, 13, 19, 25, 30, 37, 45, 56]",8,56
2028,2026-01-10T13:20:00.0,2026-01-19T18:57:45.531,"Any[5, 6, 11, 19, 25, 30, 37, 45]",5,45
2029,2026-01-10T13:20:00.0,2026-02-02T18:57:45.531,"Any[19, 25, 30, 37, 45, 53]",19,53
2032,2026-01-10T13:20:00.0,2026-02-02T18:57:45.531,"Any[53, 45, 37, 30, 25, 19, 10]",53,10
2037,2026-01-10T13:20:00.0,2026-02-02T18:57:45.531,"Any[8, 13, 19, 25, 30, 37, 45, 56, 60]",8,60
2038,2026-01-10T13:20:00.0,2026-01-26T18:57:45.531,"Any[8, 13, 19, 25, 30, 37, 45, 53]",8,53
2052,2026-01-10T13:20:00.0,2026-01-26T18:57:45.531,"Any[25, 30, 37, 45, 53]",25,53
2057,2026-01-10T13:20:00.0,2026-01-12T18:57:45.531,"Any[8, 13, 19, 25, 30, 37, 45, 56]",8,56
2061,2026-01-10T13:20:00.0,2026-02-02T18:57:45.531,"Any[19, 25, 30, 37, 30, 37, 45, 53, 60, 64]",19,64
2064,2026-01-10T13:20:00.0,2026-01-12T18:57:45.531,"Any[64, 60, 53, 45, 37, 30, 25, 19, 10]",64,10
2072,2026-01-10T13:20:00.0,2026-01-12T18:57:45.531,"Any[53, 45, 37, 30, 25, 19, 10]",53,10
2073,2026-01-10T13:20:00.0,2026-01-26T18:57:45.531,"Any[64, 60, 53, 45, 37, 30, 25, 19, 11, 6, 1]",64,1
2076,2026-01-10T13:20:00.0,2026-01-26T18:57:45.531,"Any[1, 6, 11, 19, 25, 30, 37, 45, 56]",1,56
2083,2026-01-10T13:20:00.0,2026-02-02T18:57:45.531,"Any[45, 37, 30, 25]",45,25
2087,2026-01-10T13:20:00.0,2026-01-26T18:57:45.531,"Any[56, 45, 37, 30, 25]",56,25
2095,2026-01-10T13:20:00.0,2026-01-12T18:57:45.531,"Any[1, 6, 11, 19, 23, 36, 44, 54, 60]",1,60
2100,2026-01-10T13:20:00.0,2026-01-26T18:57:45.531,"Any[60, 53, 45, 37, 30, 25, 19, 10]",60,10
2101,2026-01-10T13:20:00.0,2026-02-02T18:57:45.531,"Any[53, 45, 37, 30, 25, 19, 11, 6, 1]",53,1
2103,2026-01-10T13:20:00.0,2026-01-12T18:57:45.531,"Any[53, 45, 37, 30, 25]",53,25
2112,2026-01-10T13:20:00.0,2026-01-26T18:57:45.531,"Any[19, 25, 30, 37, 45, 56]",19,56
2113,2026-01-10T13:20:00.0,2026-02-02T18:57:45.531,"Any[7, 8, 13, 19, 25, 30, 37, 45, 53]",7,53
2114,2026-01-10T13:20:00.0,2026-01-26T18:57:45.531,"Any[13, 19, 25, 30, 37, 45, 56]",13,56
2116,2026-01-10T13:20:00.0,2026-01-26T18:57:45.531,"Any[53, 45, 37, 30, 25, 19, 11, 6, 1]",53,1
2119,2026-01-10T13:20:00.0,2026-02-02T18:57:45.531,"Any[53, 45, 37, 30, 25, 19, 10]",53,10
2122,2026-01-10T13:20:00.0,2026-01-12T18:57:45.531,"Any[60, 53, 45, 37, 30, 25]",60,25
2129,2026-01-10T13:20:00.0,2026-02-02T18:57:45.531,"Any[19, 25, 30, 37, 45, 53]",19,53
2131,2026-01-10T13:20:00.0,2026-01-12T18:57:45.531,"Any[19, 25, 30, 37, 45, 53]",19,53
2132,2026-01-10T13:20:00.0,2026-01-19T18:57:45.531,"Any[3, 6, 11, 19, 25, 30, 37, 45]",3,45
2137,2026-01-10T13:20:00.0,2026-01-19T18:57:45.531,"Any[60, 53, 45, 37, 30, 25, 19, 10]",60,10
2144,2026-01-10T13:20:00.0,2026-01-26T18:57:45.531,"Any[10, 19, 25, 30, 37, 45, 53]",10,53
2152,2026-01-10T13:20:00.0,2026-01-12T18:57:45.531,"Any[10, 19, 25, 30, 37, 45, 53]",10,53
2153,2026-01-10T13:20:00.0,2026-02-02T18:57:45.531,"Any[53, 45, 37, 30, 25, 19, 10]",53,10
2167,2026-01-10T13:20:00.0,2026-01-26T18:57:45.531,"Any[8, 13, 19, 25, 30, 37, 45, 56]",8,56
2171,2026-01-10T13:20:00.0,2026-02-02T18:57:45.531,"Any[60, 53, 45, 37, 30, 25]",60,25
2175,2026-01-10T13:20:00.0,2026-01-19T18:57:45.531,"Any[10, 11, 19, 25, 30, 37, 45, 53]",10,53
2177,2026-01-10T13:20:00.0,2026-02-02T18:57:45.531,"Any[64, 60, 53, 45, 37, 30, 25, 19, 11, 6, 1]",64,1
2182,2026-01-10T13:20:00.0,2026-01-12T18:57:45.531,"Any[6, 11, 19, 25, 30, 37, 45, 56]",6,56
2194,2026-01-10T13:20:00.0,2026-01-19T18:57:45.531,"Any[6, 11, 19, 25, 30, 37, 45]",6,45
2204,2026-01-10T13:20:00.0,2026-01-12T18:57:45.531,"Any[8, 13, 19, 25, 30, 37, 45, 56]",8,56
2206,2026-01-10T13:20:00.0,2026-01-19T18:57:45.531,"Any[10, 19, 25, 30, 37, 45, 53]",10,53
2208,2026-01-10T13:20:00.0,2026-01-12T18:57:45.531,"Any[53, 45, 37, 30, 25, 19, 10]",53,10
2209,2026-01-10T13:20:00.0,2026-01-19T18:57:45.531,"Any[56, 45, 37, 30, 25, 19, 11, 6, 6]",56,6
2210,2026-01-10T13:20:00.0,2026-02-02T18:57:45.531,"Any[1, 6, 11, 19, 25, 30, 37, 45, 56]",1,56
2213,2026-01-10T13:20:00.0,2026-01-12T18:57:45.531,"Any[60, 56, 45, 37, 30, 25, 19, 11, 6]",60,6
2215,2026-01-10T13:20:00.0,2026-01-19T18:57:45.531,"Any[1, 6, 11, 19, 25, 30, 37, 45, 56]",1,56
2219,2026-01-10T13:20:00.0,2026-01-26T18:57:45.531,"Any[7, 8, 13, 19, 25, 30, 37, 45, 53]",7,53
2221,2026-01-10T13:20:00.0,2026-01-12T18:57:45.531,"Any[53, 45, 37, 30, 25, 19, 13, 8]",53,8
2232,2026-01-10T13:20:00.0,2026-02-02T18:57:45.531,"Any[53, 45, 37, 30, 25, 19, 10]",53,10
2237,2026-01-10T13:20:00.0,2026-02-02T18:57:45.531,"Any[53, 45, 37, 30, 25, 19, 10]",53,10
2239,2026-01-10T13:20:00.0,2026-01-19T18:57:45.531,"Any[8, 13, 19, 25, 30, 37, 45, 56]",8,56
2242,2026-01-10T13:20:00.0,2026-01-19T18:57:45.531,"Any[54, 44, 36, 23, 19, 11, 6]",54,6
2253,2026-01-10T13:20:00.0,2026-02-02T18:57:45.531,"Any[10, 19, 25, 30, 37, 45, 53]",10,53
2257,2026-01-10T13:20:00.0,2026-01-26T18:57:45.531,"Any[53, 45, 37, 30, 25, 19, 10]",53,10
2263,2026-01-10T13:20:00.0,2026-02-02T18:57:45.531,"Any[6, 11, 19, 25, 30, 37, 45, 56]",6,56
2264,2026-01-10T13:20:00.0,2026-02-02T18:57:45.531,"Any[62, 45, 37, 30, 25, 19, 11, 6, 6, 1]",62,6
2268,2026-01-10T13:20:00.0,2026-02-02T18:57:45.531,"Any[53, 45, 37, 30, 25, 19, 10]",53,10
2270,2026-01-10T13:20:00.0,2026-01-19T18:57:45.531,"Any[1, 6, 11, 19, 25, 30, 37, 45, 56]",1,56
2273,2026-01-10T13:20:00.0,2026-01-26T18:57:45.531,"Any[56, 45, 37, 30, 25, 19, 11, 6]",56,6
2283,2026-01-10T13:20:00.0,2026-02-02T18:57:45.531,"Any[54, 44, 36, 23, 19, 13, 8]",54,8
2292,2026-01-10T13:20:00.0,2026-01-26T18:57:45.531,"Any[17, 25, 30, 37, 45, 53, 60]",17,60
2295,2026-01-10T13:20:00.0,2026-02-02T18:57:45.531,"Any[53, 45, 37, 30, 25, 19, 10]",53,10
2298,2026-01-10T13:20:00.0,2026-01-12T18:57:45.531,"Any[6, 11, 19, 25, 30, 37, 45, 53]",6,53
2304,2026-01-10T13:20:00.0,2026-01-26T18:57:45.531,"Any[8, 13, 19, 25, 30, 37, 45, 56]",8,56
2306,2026-01-10T13:20:00.0,2026-01-12T18:57:45.531,"Any[6, 11, 19, 25, 30, 37, 45]",6,45
2311,2026-01-10T13:20:00.0,2026-01-19T18:57:45.531,"Any[19, 25, 30, 37, 45, 56]",19,56
2321,2026-01-10T13:20:00.0,2026-01-12T18:57:45.531,"Any[7, 8, 13, 19, 25, 30, 37, 45, 53]",7,53
2333,2026-01-10T13:20:00.0,2026-01-12T18:57:45.531,"Any[19, 25, 30, 37, 45, 53, 60]",19,60
2337,2026-01-10T13:20:00.0,2026-02-02T18:57:45.531,"Any[53, 45, 37, 30, 25]",53,25
2339,2026-01-10T13:20:00.0,2026-01-26T18:57:45.531,"Any[53, 45, 37, 30, 25, 19, 13, 8]",53,8
2341,2026-01-10T13:20:00.0,2026-02-02T18:57:45.531,"Any[1, 6, 11, 19, 23, 36, 44, 54, 60]",1,60
2343,2026-01-10T13:20:00.0,2026-02-02T18:57:45.531,"Any[8, 13, 19, 25, 30, 37, 45]",8,45
2347,2026-01-10T13:20:00.0,2026-01-12T18:57:45.531,"Any[6, 11, 19, 25, 30, 37, 45]",6,45
2357,2026-01-10T13:20:00.0,2026-01-26T18:57:45.531,"Any[60, 56, 45, 37, 30, 25, 19, 11, 6]",60,6
2371,2026-01-10T13:20:00.0,2026-01-26T18:57:45.531,"Any[53, 45, 37, 30, 25, 19, 13, 8]",53,8
2373,2026-01-10T13:20:00.0,2026-02-02T18:57:45.531,"Any[1, 6, 11, 19, 25, 30, 37, 45, 56, 60]",1,60
2376,2026-01-10T13:20:00.0,2026-01-26T18:57:45.531,"Any[6, 11, 19, 25, 30, 37, 45]",6,45
2378,2026-01-10T13:20:00.0,2026-01-12T18:57:45.531,"Any[8, 13, 19, 25, 30, 37, 45, 56]",8,56
2384,2026-01-10T13:20:00.0,2026-01-19T18:57:45.531,"Any[60, 56, 45, 37, 30, 25]",60,25
2385,2026-01-10T13:20:00.0,2026-01-12T18:57:45.531,"Any[53, 45, 37, 30, 25, 19, 10]",53,10
2399,2026-01-10T13:20:00.0,2026-01-12T18:57:45.531,"Any[10, 19, 25, 30, 37, 45, 53]",10,53
2404,2026-01-10T13:20:00.0,2026-01-26T18:57:45.531,"Any[60, 53, 45, 37, 30, 25, 19, 11, 6]",60,6
2407,2026-01-10T13:20:00.0,2026-01-12T18:57:45.531,"Any[53, 45, 37, 30, 25, 19, 10]",53,10
2410,2026-01-10T13:20:00.0,2026-01-19T18:57:45.531,"Any[64, 60, 53, 45, 37, 30, 25, 19, 11, 6, 6, 1]",64,6
2414,2026-01-10T13:20:00.0,2026-02-02T18:57:45.531,"Any[53, 45, 37, 30, 25]",53,25
2416,2026-01-10T13:20:00.0,2026-01-12T18:57:45.531,"Any[56, 45, 37, 30, 25]",56,25
2417,2026-01-10T13:20:00.0,2026-02-02T18:57:45.531,"Any[8, 13, 19, 25, 30, 37, 45, 53]",8,53
2419,2026-01-10T13:20:00.0,2026-02-02T18:57:45.531,"Any[56, 45, 37, 30, 25, 19, 13, 8]",56,8
2433,2026-01-10T13:20:00.0,2026-01-12T18:57:45.531,"Any[8, 13, 19, 25, 30, 37, 45, 53]",8,53
2434,2026-01-10T13:20:00.0,2026-01-12T18:57:45.531,"Any[53, 45, 37, 30, 25, 19, 10]",53,10
2444,2026-01-10T13:20:00.0,2026-01-19T18:57:45.531,"Any[19, 25, 30, 37, 45]",19,45
2446,2026-01-10T13:20:00.0,2026-01-12T18:57:45.531,"Any[45, 37, 30, 25, 19, 10]",45,10
2449,2026-01-10T13:20:00.0,2026-01-19T18:57:45.531,"Any[1, 6, 11, 19, 25, 30, 37, 45, 56]",1,56
2455,2026-01-10T13:20:00.0,2026-01-26T18:57:45.531,"Any[6, 11, 25, 30, 37, 45]",6,45
2456,2026-01-10T13:20:00.0,2026-01-12T18:57:45.531,"Any[19, 25, 30, 37, 45, 53]",19,53
2457,2026-01-10T13:20:00.0,2026-02-02T18:57:45.531,"Any[64, 60, 53, 45, 37, 30, 25, 19, 10]",64,10
2459,2026-01-10T13:20:00.0,2026-01-26T18:57:45.531,"Any[60, 53, 45, 37, 30, 25]",60,25
2468,2026-01-10T13:20:00.0,2026-01-12T18:57:45.531,"Any[64, 60, 56, 45, 37, 30, 25, 19, 11, 6, 1]",64,1
2471,2026-01-10T13:20:00.0,2026-01-26T18:57:45.531,"Any[6, 11, 19, 25, 30, 37, 45]",6,45
2483,2026-01-10T13:20:00.0,2026-01-26T18:57:45.531,"Any[56, 45, 37, 30, 25, 19, 11, 6]",56,6
2486,2026-01-10T13:20:00.0,2026-01-12T18:57:45.531,"Any[8, 13, 19, 25, 30, 37, 45, 56]",8,56
2487,2026-01-10T13:20:00.0,2026-01-26T18:57:45.531,"Any[60, 56, 45, 37, 30, 25, 19]",60,19
2503,2026-01-10T13:20:00.0,2026-01-12T18:57:45.531,"Any[60, 56, 45, 37, 30, 25, 19, 11, 6]",60,6
2507,2026-01-10T13:20:00.0,2026-02-02T18:57:45.531,"Any[45, 37, 30, 25]",45,25
2509,2026-01-10T13:20:00.0,2026-01-12T18:57:45.531,"Any[53, 45, 37, 30, 25, 19, 10]",53,10
2511,2026-01-10T13:20:00.0,2026-01-19T18:57:45.531,"Any[60, 53, 45, 37, 30, 25, 19, 10]",60,10
2512,2026-01-10T13:20:00.0,2026-02-02T18:57:45.531,"Any[56, 45, 37, 30, 25, 19, 13, 8]",56,8
2513,2026-01-10T13:20:00.0,2026-01-12T18:57:45.531,"Any[10, 19, 25, 30, 37, 45, 53]",10,53
2515,2026-01-10T13:20:00.0,2026-01-12T18:57:45.531,"Any[56, 45, 37, 30, 25]",56,25
2517,2026-01-10T13:20:00.0,2026-01-12T18:57:45.531,"Any[53, 45, 37, 30, 25]",53,25
2525,2026-01-10T13:20:00.0,2026-02-02T18:57:45.531,"Any[60, 53, 45, 37, 30, 25]",60,25
2540,2026-01-10T13:20:00.0,2026-01-26T18:57:45.531,"Any[1, 6, 11, 19, 25, 30, 37, 45, 56]",1,56
2544,2026-01-10T13:20:00.0,2026-01-19T18:57:45.531,"Any[25, 30, 37, 45, 56]",25,56
2548,2026-01-10T13:20:00.0,2026-01-26T18:57:45.531,"Any[8, 13, 19, 25, 30, 37, 45, 56]",8,56
2561,2026-01-10T13:20:00.0,2026-02-02T18:57:45.531,"Any[6, 11, 19, 25, 30, 37, 45]",6,45
2563,2026-01-10T13:20:00.0,2026-02-02T18:57:45.531,"Any[7, 8, 13, 19, 25, 30, 37, 45, 53]",7,53
2566,2026-01-10T13:20:00.0,2026-01-12T18:57:45.531,"Any[56, 45, 37, 30, 25, 19, 13, 8, 7]",56,7
2573,2026-01-10T13:20:00.0,2026-02-02T18:57:45.531,"Any[8, 13, 19, 25, 30, 37, 45, 56]",8,56
2574,2026-01-10T13:20:00.0,2026-01-12T18:57:45.531,"Any[13, 19, 25, 30, 37, 45, 53]",13,53
2575,2026-01-10T13:20:00.0,2026-01-12T18:57:45.531,"Any[56, 45, 37, 30, 25]",56,25
2579,2026-01-10T13:20:00.0,2026-01-19T18:57:45.531,"Any[19, 25, 30, 37, 45, 56]",19,56
2582,2026-01-10T13:20:00.0,2026-01-12T18:57:45.531,"Any[7, 8, 13, 19, 25, 30, 37, 45, 53]",7,53
2583,2026-01-10T13:20:00.0,2026-01-19T18:57:45.531,"Any[8, 13, 19, 25, 30, 37, 45, 56]",8,56
2593,2026-01-10T13:20:00.0,2026-01-26T18:57:45.531,"Any[53, 45, 37, 30, 25, 19, 10]",53,10
2595,2026-01-10T13:20:00.0,2026-01-12T18:57:45.531,"Any[19, 25, 30, 37, 45, 56]",19,56
2596,2026-01-10T13:20:00.0,2026-01-12T18:57:45.531,"Any[53, 45, 37, 30, 25]",53,25
2615,2026-01-10T13:20:00.0,2026-02-02T18:57:45.531,"Any[53, 45, 37, 30, 25, 19, 10]",53,10
2620,2026-01-10T13:20:00.0,2026-01-26T18:57:45.531,"Any[8, 13, 19, 25, 30, 37, 45, 53]",8,53
2621,2026-01-10T13:20:00.0,2026-01-19T18:57:45.531,"Any[19, 25, 30, 37, 45, 56]",19,56
2625,2026-01-10T13:20:00.0,2026-01-26T18:57:45.531,"Any[54, 44, 36, 23, 19, 11, 6]",54,6
2632,2026-01-10T13:20:00.0,2026-01-19T18:57:45.531,"Any[64, 60, 53, 45, 37, 30, 25]",64,25
2634,2026-01-10T13:20:00.0,2026-02-02T18:57:45.531,"Any[1, 6, 11, 19, 25, 30, 37, 45, 56, 60]",1,60
2639,2026-01-10T13:20:00.0,2026-01-19T18:57:45.531,"Any[53, 45, 37, 30, 25]",53,25
2641,2026-01-10T13:20:00.0,2026-01-12T18:57:45.531,"Any[60, 53, 45, 37, 30, 25, 19, 13, 8]",60,8
2646,2026-01-10T13:20:00.0,2026-01-12T18:57:45.531,"Any[60, 56, 45, 37, 30, 25, 19, 11, 6]",60,6
2650,2026-01-10T13:20:00.0,2026-01-12T18:57:45.531,"Any[60, 56, 45, 37, 30, 25, 19]",60,19
2652,2026-01-10T13:20:00.0,2026-01-26T18:57:45.531,"Any[8, 13, 19, 25, 30, 37, 45, 53]",8,53
2663,2026-01-10T13:20:00.0,2026-01-12T18:57:45.531,"Any[13, 19, 25, 30, 37, 45, 56]",13,56
2680,2026-01-10T13:20:00.0,2026-02-02T18:57:45.531,"Any[64, 60, 53, 45, 37, 30, 25, 19, 10]",64,10
2682,2026-01-10T13:20:00.0,2026-01-26T18:57:45.531,"Any[53, 45, 37, 30, 25, 19, 13, 8]",53,8
2693,2026-01-10T13:20:00.0,2026-02-02T18:57:45.531,"Any[53, 45, 37, 30, 25, 19, 10]",53,10
2700,2026-01-10T13:20:00.0,2026-01-12T18:57:45.531,"Any[56, 45, 37, 30, 25]",56,25
2701,2026-01-10T13:20:00.0,2026-01-19T18:57:45.531,"Any[3, 10, 11, 19, 25, 30, 37, 45]",3,45
2704,2026-01-10T13:20:00.0,2026-01-12T18:57:45.531,"Any[56, 45, 37, 30, 25]",56,25
2705,2026-01-10T13:20:00.0,2026-01-19T18:57:45.531,"Any[19, 25, 30, 37, 45]",19,45
2708,2026-01-10T13:20:00.0,2026-01-19T18:57:45.531,"Any[60, 53, 45, 37, 30, 25, 19, 10]",60,10
2715,2026-01-10T13:20:00.0,2026-01-26T18:57:45.531,"Any[7, 8, 13, 19, 25, 30, 37, 45, 53, 60]",7,60
2721,2026-01-10T13:20:00.0,2026-01-26T18:57:45.531,"Any[56, 45, 37, 30, 25, 19, 11, 6]",56,6
2737,2026-01-10T13:20:00.0,2026-01-26T18:57:45.531,"Any[7, 8, 13, 19, 25, 30, 37, 45, 53]",7,53
2745,2026-01-10T13:20:00.0,2026-02-02T18:57:45.531,"Any[19, 25, 30, 37, 45, 56]",19,56
2749,2026-01-10T13:20:00.0,2026-01-26T18:57:45.531,"Any[14, 19, 25, 30, 37, 45, 53]",14,53
2752,2026-01-10T13:20:00.0,2026-02-02T18:57:45.531,"Any[56, 45, 37, 30, 25, 19, 13, 8]",56,8
2754,2026-01-10T13:20:00.0,2026-01-26T18:57:45.531,"Any[56, 45, 37, 30, 25, 19, 13, 8]",56,8
2759,2026-01-10T13:20:00.0,2026-01-12T18:57:45.531,"Any[19, 25, 30, 37, 45]",19,45
2760,2026-01-10T13:20:00.0,2026-01-26T18:57:45.531,"Any[17, 25, 30, 37, 45, 53, 60]",17,60
2762,2026-01-10T13:20:00.0,2026-02-02T18:57:45.531,"Any[53, 45, 37, 30, 25, 19, 13, 8]",53,8
2768,2026-01-10T13:20:00.0,2026-01-26T18:57:45.531,"Any[10, 19, 25, 30, 37, 45, 56]",10,56
2772,2026-01-10T13:20:00.0,2026-01-12T18:57:45.531,"Any[6, 11, 19, 25, 30, 37, 45]",6,45
2774,2026-01-10T13:20:00.0,2026-01-19T18:57:45.531,"Any[56, 45, 37, 30, 25, 19, 13, 8]",56,8
2777,2026-01-10T13:20:00.0,2026-01-26T18:57:45.531,"Any[8, 13, 19, 25, 30, 37, 45, 56]",8,56
2783,2026-01-10T13:20:00.0,2026-01-19T18:57:45.531,"Any[64, 60, 53, 45, 37, 30, 25, 19, 11, 6, 1]",64,1
2789,2026-01-10T13:20:00.0,2026-02-02T18:57:45.531,"Any[53, 45, 37, 30, 25, 19, 13, 8]",53,8
2795,2026-01-10T13:20:00.0,2026-01-19T18:57:45.531,"Any[1, 6, 11, 19, 25, 30, 37, 45, 56]",1,56
2801,2026-01-10T13:20:00.0,2026-02-02T18:57:45.531,"Any[60, 56, 45, 37, 30, 25, 19]",60,19
2805,2026-01-10T13:20:00.0,2026-01-26T18:57:45.531,"Any[1, 6, 11, 19, 25, 30, 37, 45, 56]",1,56
2807,2026-01-10T13:20:00.0,2026-01-12T18:57:45.531,"Any[10, 19, 25, 30, 37, 45, 53]",10,53
2813,2026-01-10T13:20:00.0,2026-01-19T18:57:45.531,"Any[8, 13, 19, 25, 30, 37, 45, 53]",8,53
2814,2026-01-10T13:20:00.0,2026-01-19T18:57:45.531,"Any[10, 19, 25, 30, 37, 45, 53]",10,53
2816,2026-01-10T13:20:00.0,2026-01-19T18:57:45.531,"Any[64, 60, 53, 45, 37, 30, 25, 19, 11, 6, 1]",64,1
2817,2026-01-10T13:20:00.0,2026-01-19T18:57:45.531,"Any[60, 53, 45, 37, 30, 25, 19, 10]",60,10
2818,2026-01-10T13:20:00.0,2026-02-02T18:57:45.531,"Any[19, 25, 30, 37, 45, 53]",19,53
2821,2026-01-10T13:20:00.0,2026-01-26T18:57:45.531,"Any[60, 56, 45, 37, 30, 25, 19, 11, 6]",60,6
2849,2026-01-10T13:20:00.0,2026-02-02T18:57:45.531,"Any[8, 13, 19, 25, 30, 37, 45, 56]",8,56
2850,2026-01-10T13:20:00.0,2026-01-26T18:57:45.531,"Any[13, 19, 25, 30, 37, 45, 53]",13,53
2851,2026-01-10T13:20:00.0,2026-02-02T18:57:45.531,"Any[7, 8, 13, 19, 25, 30, 37, 45, 53]",7,53
2852,2026-01-10T13:20:00.0,2026-01-12T18:57:45.531,"Any[56, 45, 37, 30, 25, 19, 13, 8]",56,8
2856,2026-01-10T13:20:00.0,2026-01-19T18:57:45.531,"Any[1, 6, 11, 19, 25, 30, 37, 45, 56]",1,56
2857,2026-01-10T13:20:00.0,2026-01-19T18:57:45.531,"Any[8, 13, 19, 25, 30, 37, 45, 56]",8,56
2859,2026-01-10T13:20:00.0,2026-02-02T18:57:45.531,"Any[1, 6, 11, 25, 30, 37, 45, 53]",1,53
2860,2026-01-10T13:20:00.0,2026-01-26T18:57:45.531,"Any[56, 45, 37, 30, 25]",56,25
2866,2026-01-10T13:20:00.0,2026-01-12T18:57:45.531,"Any[53, 45, 37, 30, 25, 19, 10]",53,10
2874,2026-01-10T13:20:00.0,2026-02-02T18:57:45.531,"Any[10, 19, 25, 30, 37, 45, 53]",10,53
2877,2026-01-10T13:20:00.0,2026-02-02T18:57:45.531,"Any[60, 53, 45, 37, 30, 25, 19, 10]",60,10
2879,2026-01-10T13:20:00.0,2026-01-12T18:57:45.531,"Any[53, 45, 37, 30, 25, 19, 10]",53,10
2881,2026-01-10T13:20:00.0,2026-01-19T18:57:45.531,"Any[56, 45, 37, 30, 25, 19, 11, 6]",56,6
2884,2026-01-10T13:20:00.0,2026-01-12T18:57:45.531,"Any[53, 45, 37, 30, 25, 19, 11, 6, 1]",53,1
2887,2026-01-10T13:20:00.0,2026-01-19T18:57:45.531,"Any[10, 19, 25, 30, 37, 45, 53, 60]",10,60
2906,2026-01-10T13:20:00.0,2026-01-19T18:57:45.531,"Any[56, 45, 37, 30, 25, 19, 11, 6]",56,6
2908,2026-01-10T13:20:00.0,2026-01-12T18:57:45.531,"Any[60, 53, 45, 37, 30, 25, 19, 13, 8]",60,8
2910,2026-01-10T13:20:00.0,2026-01-12T18:57:45.531,"Any[56, 45, 37, 30, 25, 19, 11, 6]",56,6
2912,2026-01-10T13:20:00.0,2026-01-12T18:57:45.531,"Any[56, 45, 37, 30, 25, 19, 13, 8]",56,8
2917,2026-01-10T13:20:00.0,2026-01-12T18:57:45.531,"Any[60, 56, 45, 37, 30, 25, 19]",60,19
2919,2026-01-10T13:20:00.0,2026-01-19T18:57:45.531,"Any[64, 60, 53, 45, 37, 30, 25, 19, 11, 6, 1]",64,1
2921,2026-01-10T13:20:00.0,2026-01-12T18:57:45.531,"Any[8, 13, 19, 25, 30, 37, 45, 56]",8,56
2926,2026-01-10T13:20:00.0,2026-01-19T18:57:45.531,"Any[53, 45, 37, 30, 25, 19, 13, 8]",53,8
2929,2026-01-10T13:20:00.0,2026-01-26T18:57:45.531,"Any[45, 37, 30, 25, 19, 11, 6]",45,6
2930,2026-01-10T13:20:00.0,2026-01-12T18:57:45.531,"Any[13, 19, 25, 30, 37, 45, 56]",13,56
2932,2026-01-10T13:20:00.0,2026-01-26T18:57:45.531,"Any[60, 53, 45, 37, 30, 25, 19, 10]",60,10
2940,2026-01-10T13:20:00.0,2026-01-12T18:57:45.531,"Any[19, 17, 25, 30, 37, 45, 53, 60]",19,60
2947,2026-01-10T13:20:00.0,2026-01-26T18:57:45.531,"Any[19, 25, 30, 37, 45, 53]",19,53
2951,2026-01-10T13:20:00.0,2026-01-19T18:57:45.531,"Any[6, 11, 19, 25, 30, 37, 45, 53]",6,53
2954,2026-01-10T13:20:00.0,2026-01-12T18:57:45.531,"Any[64, 56, 45, 37, 30, 25, 19, 11, 6]",64,6
2957,2026-01-10T13:20:00.0,2026-02-02T18:57:45.531,"Any[64, 60, 56, 45, 37, 30, 25]",64,25
2960,2026-01-10T13:20:00.0,2026-02-02T18:57:45.531,"Any[8, 13, 19, 25, 30, 37, 45, 56]",8,56
2979,2026-01-10T13:20:00.0,2026-02-02T18:57:45.531,"Any[10, 19, 25, 30, 37, 45, 53]",10,53
2981,2026-01-10T13:20:00.0,2026-01-12T18:57:45.531,"Any[8, 13, 19, 25, 30, 37, 45, 53]",8,53
2987,2026-01-10T13:20:00.0,2026-01-19T18:57:45.531,"Any[60, 54, 44, 36, 31, 27, 21, 9]",60,9
2989,2026-01-10T13:20:00.0,2026-01-12T18:57:45.531,"Any[6, 11, 19, 25, 30, 37, 45]",6,45
2997,2026-01-10T13:20:00.0,2026-02-02T18:57:45.531,"Any[10, 19, 25, 30, 37, 45, 53]",10,53
2999,2026-01-10T13:20:00.0,2026-01-19T18:57:45.531,"Any[20, 19, 25, 30, 37, 45, 56]",20,56
3004,2026-01-10T13:20:00.0,2026-01-12T18:57:45.531,"Any[64, 60, 53, 45, 37, 30, 25]",64,25
3005,2026-01-10T13:20:00.0,2026-02-02T18:57:45.531,"Any[3, 6, 11, 19, 25, 30, 37, 45]",3,45
3012,2026-01-10T13:20:00.0,2026-01-19T18:57:45.531,"Any[64, 60, 56, 45, 37, 30, 25, 19, 11, 6]",64,6
3013,2026-01-10T13:20:00.0,2026-01-26T18:57:45.531,"Any[53, 45, 37, 30, 25]",53,25
3015,2026-01-10T13:20:00.0,2026-01-26T18:57:45.531,"Any[1, 6, 11, 19, 25, 30, 37, 45, 53]",1,53
3016,2026-01-10T13:20:00.0,2026-01-26T18:57:45.531,"Any[53, 45, 37, 30, 25]",53,25
3017,2026-01-10T13:20:00.0,2026-02-02T18:57:45.531,"Any[19, 25, 30, 37, 45]",19,45
3019,2026-01-10T13:20:00.0,2026-01-26T18:57:45.531,"Any[64, 53, 45, 37, 30, 25, 19, 10]",64,10
3022,2026-01-10T13:20:00.0,2026-01-12T18:57:45.531,"Any[56, 45, 37, 30, 25, 19, 13, 8]",56,8
3024,2026-01-10T13:20:00.0,2026-01-26T18:57:45.531,"Any[8, 13, 19, 25, 30, 37, 45, 53]",8,53
3025,2026-01-10T13:20:00.0,2026-02-02T18:57:45.531,"Any[25, 30, 37, 45, 53]",25,53
3027,2026-01-10T13:20:00.0,2026-01-12T18:57:45.531,"Any[6, 11, 19, 25, 30, 37, 45]",6,45
3035,2026-01-10T13:20:00.0,2026-01-19T18:57:45.531,"Any[17, 16, 25, 30, 37, 45, 53]",17,53
3037,2026-01-10T13:20:00.0,2026-01-26T18:57:45.531,"Any[17, 25, 30, 37, 45, 53]",17,53
3040,2026-01-10T13:20:00.0,2026-01-12T18:57:45.531,"Any[54, 44, 36, 23, 19, 13, 8]",54,8
3053,2026-01-10T13:20:00.0,2026-01-19T18:57:45.531,"Any[53, 45, 37, 30, 25, 19, 11, 6, 1]",53,1
3056,2026-01-10T13:20:00.0,2026-01-12T18:57:45.531,"Any[1, 6, 11, 19, 25, 30, 37, 45, 56, 60]",1,60
3059,2026-01-10T13:20:00.0,2026-01-26T18:57:45.531,"Any[53, 45, 37, 30, 25, 19, 11, 6, 1]",53,1
3067,2026-01-10T13:20:00.0,2026-01-19T18:57:45.531,"Any[53, 45, 37, 30, 25]",53,25
3068,2026-01-10T13:20:00.0,2026-01-19T18:57:45.531,"Any[19, 17, 25, 30, 37, 45, 53, 60]",19,60
3072,2026-01-10T13:20:00.0,2026-01-26T18:57:45.531,"Any[8, 13, 19, 25, 30, 37, 45, 56]",8,56
3075,2026-01-10T13:20:00.0,2026-01-19T18:57:45.531,"Any[19, 25, 30, 37, 45, 53]",19,53
3079,2026-01-10T13:20:00.0,2026-01-12T18:57:45.531,"Any[6, 11, 19, 25, 30, 37, 45, 56]",6,56
3085,2026-01-10T13:20:00.0,2026-01-26T18:57:45.531,"Any[60, 53, 45, 37, 30, 25, 19, 10]",60,10
3087,2026-01-10T13:20:00.0,2026-01-12T18:57:45.531,"Any[60, 53, 45, 37, 30, 25, 19, 10]",60,10
3091,2026-01-10T13:20:00.0,2026-01-26T18:57:45.531,"Any[60, 53, 45, 37, 30, 25, 19, 10]",60,10
3107,2026-01-10T13:20:00.0,2026-01-12T18:57:45.531,"Any[19, 25, 30, 37, 45, 53]",19,53
3108,2026-01-10T13:20:00.0,2026-01-12T18:57:45.531,"Any[19, 25, 30, 37, 45, 53]",19,53
3117,2026-01-10T13:20:00.0,2026-02-02T18:57:45.531,"Any[8, 13, 19, 25, 30, 37, 45, 56]",8,56
3122,2026-01-10T13:20:00.0,2026-01-12T18:57:45.531,"Any[8, 13, 19, 25, 30, 37, 45, 56]",8,56
3127,2026-01-10T13:20:00.0,2026-01-19T18:57:45.531,"Any[8, 13, 19, 25, 30, 37, 45, 56]",8,56
3128,2026-01-10T13:20:00.0,2026-01-19T18:57:45.531,"Any[8, 13, 19, 25, 30, 37, 45, 56]",8,56
3140,2026-01-10T13:20:00.0,2026-01-19T18:57:45.531,"Any[8, 13, 19, 25, 30, 37, 45, 56]",8,56
3146,2026-01-10T13:20:00.0,2026-01-19T18:57:45.531,"Any[8, 13, 19, 25, 30, 37, 45, 56]",8,56
3147,2026-01-10T13:20:00.0,2026-01-26T18:57:45.531,"Any[8, 13, 19, 25, 30, 37, 45, 56]",8,56
3149,2026-01-10T13:20:00.0,2026-01-26T18:57:45.531,"Any[8, 13, 19, 25, 30, 37, 45, 56]",8,56
3151,2026-01-10T13:20:00.0,2026-01-12T18:57:45.531,"Any[8, 13, 19, 25, 30, 37, 45, 56]",8,56
3155,2026-01-10T13:20:00.0,2026-01-26T18:57:45.531,"Any[8, 13, 19, 25, 30, 37, 45, 53, 56]",8,56
3158,2026-01-10T13:20:00.0,2026-02-02T18:57:45.531,"Any[1, 6, 11, 19, 25, 30, 37, 45, 56, 60]",1,60
3160,2026-01-10T13:20:00.0,2026-01-19T18:57:45.531,"Any[1, 6, 11, 19, 25, 30, 37, 45, 53, 60]",1,60
3161,2026-01-10T13:20:00.0,2026-02-02T18:57:45.531,"Any[1, 6, 11, 19, 25, 30, 37, 45, 53, 60]",1,60
3162,2026-01-10T13:20:00.0,2026-01-26T18:57:45.531,"Any[1, 6, 11, 19, 25, 30, 37, 45, 53, 60]",1,60
3166,2026-01-10T13:20:00.0,2026-01-26T18:57:45.531,"Any[1, 6, 11, 19, 23, 36, 44, 54, 60]",1,60
3169,2026-01-10T13:20:00.0,2026-01-26T18:57:45.531,"Any[1, 6, 11, 19, 25, 30, 37, 45, 56, 60]",1,60
3170,2026-01-10T13:20:00.0,2026-01-26T18:57:45.531,"Any[1, 6, 11, 19, 23, 36, 44, 54, 60]",1,60
3179,2026-01-10T13:20:00.0,2026-01-19T18:57:45.531,"Any[1, 6, 11, 19, 23, 36, 44, 54, 60]",1,60
3181,2026-01-10T13:20:00.0,2026-02-02T18:57:45.531,"Any[1, 6, 11, 19, 25, 30, 37, 45, 56]",1,56
3182,2026-01-10T13:20:00.0,2026-02-02T18:57:45.531,"Any[1, 6, 11, 19, 25, 30, 37, 45, 56]",1,56
3184,2026-01-10T13:20:00.0,2026-01-26T18:57:45.531,"Any[1, 6, 11, 19, 25, 30, 37, 45, 56]",1,56
3189,2026-01-10T13:20:00.0,2026-01-19T18:57:45.531,"Any[6, 11, 19, 25, 30, 37, 45, 53]",6,53
3190,2026-01-10T13:20:00.0,2026-01-26T18:57:45.531,"Any[6, 11, 19, 25, 30, 37, 45, 53]",6,53
3192,2026-01-10T13:20:00.0,2026-01-19T18:57:45.531,"Any[6, 11, 19, 25, 30, 37, 45, 53]",6,53
12,2026-01-14T07:06:40.0,2026-01-16T12:44:25.531,"Any[64, 60, 56, 45, 37, 30, 25]",64,25
13,2026-01-14T07:06:40.0,2026-01-09T12:44:25.531,"Any[19, 17, 25, 30, 37, 45, 53]",19,53
51,2026-01-14T07:06:40.0,2026-01-23T12:44:25.531,"Any[8, 13, 19, 25, 30, 37, 45, 56]",8,56
56,2026-01-14T07:06:40.0,2026-01-09T12:44:25.531,"Any[53, 45, 37, 30, 25, 19, 11, 6, 1]",53,1
93,2026-01-14T07:06:40.0,2026-01-30T12:44:25.531,"Any[1, 6, 10, 19, 23, 36, 44, 54, 60]",1,60
107,2026-01-14T07:06:40.0,2026-01-16T12:44:25.531,"Any[56, 45, 37, 30, 25, 19, 13, 8]",56,8
119,2026-01-14T07:06:40.0,2026-01-09T12:44:25.531,"Any[10, 19, 25, 30, 37, 45, 53]",10,53
140,2026-01-14T07:06:40.0,2026-01-16T12:44:25.531,"Any[6, 11, 19, 25, 30, 37, 45, 56]",6,56
189,2026-01-14T07:06:40.0,2026-01-23T12:44:25.531,"Any[8, 13, 19, 25, 30, 37, 45, 56]",8,56
246,2026-01-14T07:06:40.0,2026-01-30T12:44:25.531,"Any[19, 25, 30, 37, 45, 56]",19,56
276,2026-01-14T07:06:40.0,2026-01-23T12:44:25.531,"Any[4, 10, 19, 25, 30, 37, 45, 53]",4,53
335,2026-01-14T07:06:40.0,2026-01-16T12:44:25.531,"Any[6, 11, 19, 25, 30, 37, 45, 56]",6,56
349,2026-01-14T07:06:40.0,2026-01-30T12:44:25.531,"Any[6, 11, 19, 25, 30, 37, 45]",6,45
377,2026-01-14T07:06:40.0,2026-01-23T12:44:25.531,"Any[6, 11, 19, 25, 30, 37, 45, 53]",6,53
386,2026-01-14T07:06:40.0,2026-01-09T12:44:25.531,"Any[1, 6, 11, 16, 25, 30, 37, 45, 56]",1,56
408,2026-01-14T07:06:40.0,2026-01-16T12:44:25.531,"Any[7, 8, 13, 19, 25, 30, 37, 45, 53]",7,53
414,2026-01-14T07:06:40.0,2026-01-30T12:44:25.531,"Any[53, 45, 37, 30, 25]",53,25
446,2026-01-14T07:06:40.0,2026-01-09T12:44:25.531,"Any[60, 56, 45, 37, 30, 25, 19, 13, 8]",60,8
510,2026-01-14T07:06:40.0,2026-01-23T12:44:25.531,"Any[1, 6, 11, 19, 25, 30, 37, 45, 53]",1,53
516,2026-01-14T07:06:40.0,2026-01-30T12:44:25.531,"Any[6, 11, 19, 25, 30, 37, 45]",6,45
527,2026-01-14T07:06:40.0,2026-01-16T12:44:25.531,"Any[56, 45, 37, 30, 25]",56,25
558,2026-01-14T07:06:40.0,2026-01-30T12:44:25.531,"Any[53, 45, 37, 30, 25, 19, 13, 8]",53,8
601,2026-01-14T07:06:40.0,2026-01-16T12:44:25.531,"Any[19, 25, 30, 37, 45, 56]",19,56
623,2026-01-14T07:06:40.0,2026-01-30T12:44:25.531,"Any[53, 45, 37, 30, 25, 19, 13, 8]",53,8
632,2026-01-14T07:06:40.0,2026-01-23T12:44:25.531,"Any[7, 8, 13, 19, 25, 30, 37, 45, 53]",7,53
640,2026-01-14T07:06:40.0,2026-01-30T12:44:25.531,"Any[64, 53, 45, 37, 30, 25, 19, 13, 8]",64,8
654,2026-01-14T07:06:40.0,2026-01-23T12:44:25.531,"Any[13, 19, 25, 30, 37, 45, 56]",13,56
657,2026-01-14T07:06:40.0,2026-01-16T12:44:25.531,"Any[60, 53, 45, 37, 30, 25, 19, 10]",60,10
675,2026-01-14T07:06:40.0,2026-01-30T12:44:25.531,"Any[19, 25, 30, 37, 45, 56]",19,56
678,2026-01-14T07:06:40.0,2026-01-09T12:44:25.531,"Any[53, 45, 37, 30, 25, 19, 13, 8]",53,8
731,2026-01-14T07:06:40.0,2026-01-30T12:44:25.531,"Any[7, 8, 13, 19, 25, 30, 37, 45, 56]",7,56
779,2026-01-14T07:06:40.0,2026-01-09T12:44:25.531,"Any[1, 6, 11, 19, 23, 36, 44, 54, 60]",1,60
797,2026-01-14T07:06:40.0,2026-01-30T12:44:25.531,"Any[7, 8, 13, 19, 25, 30, 37, 45, 53]",7,53
803,2026-01-14T07:06:40.0,2026-01-16T12:44:25.531,"Any[56, 45, 37, 30, 25, 19, 11, 6]",56,6
817,2026-01-14T07:06:40.0,2026-01-23T12:44:25.531,"Any[53, 45, 37, 30, 25, 19, 10]",53,10
819,2026-01-14T07:06:40.0,2026-01-30T12:44:25.531,"Any[16, 25, 30, 37, 45, 56, 60]",16,60
833,2026-01-14T07:06:40.0,2026-01-16T12:44:25.531,"Any[56, 45, 37, 30, 25, 19, 11, 6]",56,6
874,2026-01-14T07:06:40.0,2026-01-09T12:44:25.531,"Any[64, 53, 45, 37, 30, 25, 19, 11, 6, 1]",64,1
876,2026-01-14T07:06:40.0,2026-01-16T12:44:25.531,"Any[53, 45, 37, 30, 25, 19, 13, 8]",53,8
877,2026-01-14T07:06:40.0,2026-01-16T12:44:25.531,"Any[53, 45, 37, 30, 25, 19, 10]",53,10
895,2026-01-14T07:06:40.0,2026-01-16T12:44:25.531,"Any[3, 6, 11, 19, 25, 30, 37, 45]",3,45
948,2026-01-14T07:06:40.0,2026-01-16T12:44:25.531,"Any[60, 56, 45, 37, 30, 25]",60,25
999,2026-01-14T07:06:40.0,2026-01-16T12:44:25.531,"Any[8, 13, 19, 25, 30, 37, 45, 53]",8,53
1003,2026-01-14T07:06:40.0,2026-01-09T12:44:25.531,"Any[16, 25, 30, 37, 45, 56, 60]",16,60
1011,2026-01-14T07:06:40.0,2026-01-23T12:44:25.531,"Any[25, 30, 37, 45, 56, 60]",25,60
1022,2026-01-14T07:06:40.0,2026-01-16T12:44:25.531,"Any[64, 53, 45, 37, 30, 25, 19, 13, 8]",64,8
1058,2026-01-14T07:06:40.0,2026-01-30T12:44:25.531,"Any[19, 25, 30, 37, 45, 53]",19,53
1061,2026-01-14T07:06:40.0,2026-01-09T12:44:25.531,"Any[53, 45, 37, 30, 25, 19, 13, 8]",53,8
1069,2026-01-14T07:06:40.0,2026-01-16T12:44:25.531,"Any[6, 11, 19, 25, 30, 37, 45, 56]",6,56
1070,2026-01-14T07:06:40.0,2026-01-30T12:44:25.531,"Any[56, 45, 37, 30, 25, 19, 11, 6]",56,6
1097,2026-01-14T07:06:40.0,2026-01-09T12:44:25.531,"Any[60, 53, 45, 37, 30, 25, 19, 11, 6, 1]",60,1
1100,2026-01-14T07:06:40.0,2026-01-16T12:44:25.531,"Any[53, 45, 37, 30, 25, 19, 13, 8]",53,8
1109,2026-01-14T07:06:40.0,2026-01-16T12:44:25.531,"Any[10, 19, 25, 30, 37, 45, 56]",10,56
1114,2026-01-14T07:06:40.0,2026-01-09T12:44:25.531,"Any[64, 53, 45, 37, 30, 25, 19, 10]",64,10
1121,2026-01-14T07:06:40.0,2026-01-16T12:44:25.531,"Any[53, 45, 37, 30, 25]",53,25
1137,2026-01-14T07:06:40.0,2026-01-23T12:44:25.531,"Any[10, 19, 25, 30, 37, 45, 53]",10,53
1145,2026-01-14T07:06:40.0,2026-01-30T12:44:25.531,"Any[6, 11, 19, 25, 30, 37, 45, 56]",6,56
1167,2026-01-14T07:06:40.0,2026-01-23T12:44:25.531,"Any[53, 45, 37, 30, 25, 19, 10]",53,10
1185,2026-01-14T07:06:40.0,2026-01-30T12:44:25.531,"Any[53, 45, 37, 30, 25]",53,25
1190,2026-01-14T07:06:40.0,2026-01-16T12:44:25.531,"Any[6, 10, 19, 25, 30, 37, 45, 56]",6,56
1194,2026-01-14T07:06:40.0,2026-01-09T12:44:25.531,"Any[45, 37, 30, 25, 19, 13, 8]",45,8
1196,2026-01-14T07:06:40.0,2026-01-30T12:44:25.531,"Any[64, 60, 53, 45, 37, 30, 25, 19, 11, 6, 1]",64,1
1199,2026-01-14T07:06:40.0,2026-01-16T12:44:25.531,"Any[56, 45, 37, 30, 25, 16]",56,16
1208,2026-01-14T07:06:40.0,2026-01-23T12:44:25.531,"Any[17, 25, 30, 37, 45, 53]",17,53
1209,2026-01-14T07:06:40.0,2026-01-16T12:44:25.531,"Any[60, 53, 45, 37, 30, 25, 19, 10]",60,10
1299,2026-01-14T07:06:40.0,2026-01-16T12:44:25.531,"Any[1, 6, 11, 19, 30, 37, 45, 56]",1,56
1318,2026-01-14T07:06:40.0,2026-01-30T12:44:25.531,"Any[19, 25, 30, 37, 45, 56]",19,56
1348,2026-01-14T07:06:40.0,2026-01-23T12:44:25.531,"Any[56, 45, 37, 30, 25, 19, 11, 6]",56,6
1364,2026-01-14T07:06:40.0,2026-01-09T12:44:25.531,"Any[16, 25, 30, 37, 45, 56, 60]",16,60
1377,2026-01-14T07:06:40.0,2026-01-16T12:44:25.531,"Any[53, 45, 37, 30, 25, 19, 10]",53,10
1386,2026-01-14T07:06:40.0,2026-01-16T12:44:25.531,"Any[16, 25, 30, 37, 45, 53, 60]",16,60
1392,2026-01-14T07:06:40.0,2026-01-30T12:44:25.531,"Any[1, 6, 11, 19, 25, 30, 37, 45, 53]",1,53
1417,2026-01-14T07:06:40.0,2026-01-16T12:44:25.531,"Any[19, 25, 30, 37, 45, 56]",19,56
1424,2026-01-14T07:06:40.0,2026-01-23T12:44:25.531,"Any[56, 45, 37, 30, 25, 19, 10]",56,10
1433,2026-01-14T07:06:40.0,2026-01-16T12:44:25.531,"Any[10, 11, 19, 25, 30, 37, 45, 53]",10,53
1466,2026-01-14T07:06:40.0,2026-01-16T12:44:25.531,"Any[56, 45, 37, 30, 25, 19, 11, 6, 1]",56,1
1468,2026-01-14T07:06:40.0,2026-01-16T12:44:25.531,"Any[53, 45, 37, 30, 25]",53,25
1478,2026-01-14T07:06:40.0,2026-01-16T12:44:25.531,"Any[53, 45, 37, 30, 25, 19, 10]",53,10
1483,2026-01-14T07:06:40.0,2026-01-16T12:44:25.531,"Any[56, 45, 37, 30, 25, 19, 11, 6]",56,6
1487,2026-01-14T07:06:40.0,2026-01-23T12:44:25.531,"Any[10, 19, 25, 30, 37, 45, 53]",10,53
1496,2026-01-14T07:06:40.0,2026-01-30T12:44:25.531,"Any[3, 6, 11, 19, 25, 30, 37, 45, 56, 60]",3,60
1532,2026-01-14T07:06:40.0,2026-01-23T12:44:25.531,"Any[53, 45, 37, 30, 25, 19, 10]",53,10
1563,2026-01-14T07:06:40.0,2026-01-09T12:44:25.531,"Any[6, 11, 19, 25, 30, 37, 45, 56]",6,56
1568,2026-01-14T07:06:40.0,2026-01-16T12:44:25.531,"Any[8, 7, 8, 13, 19, 25, 30, 37, 45]",8,45
1632,2026-01-14T07:06:40.0,2026-01-23T12:44:25.531,"Any[6, 11, 25, 30, 37, 45]",6,45
1661,2026-01-14T07:06:40.0,2026-01-30T12:44:25.531,"Any[64, 60, 53, 45, 37, 30, 25, 19, 13, 8]",64,8
1685,2026-01-14T07:06:40.0,2026-01-23T12:44:25.531,"Any[1, 6, 11, 19, 25, 30, 37, 45]",1,45
1697,2026-01-14T07:06:40.0,2026-01-09T12:44:25.531,"Any[56, 45, 37, 30, 25, 19, 10]",56,10
1706,2026-01-14T07:06:40.0,2026-01-09T12:44:25.531,"Any[10, 19, 25, 30, 37, 45, 53]",10,53
1711,2026-01-14T07:06:40.0,2026-01-09T12:44:25.531,"Any[56, 45, 37, 30, 25, 19, 13, 8]",56,8
1725,2026-01-14T07:06:40.0,2026-01-16T12:44:25.531,"Any[64, 53, 45, 37, 30, 25, 19, 13, 8]",64,8
1754,2026-01-14T07:06:40.0,2026-01-30T12:44:25.531,"Any[45, 37, 30, 25, 19, 10]",45,10
1776,2026-01-14T07:06:40.0,2026-01-09T12:44:25.531,"Any[8, 13, 19, 30, 37, 45, 56]",8,56
1831,2026-01-14T07:06:40.0,2026-01-16T12:44:25.531,"Any[10, 19, 30, 37, 45, 53]",10,53
1839,2026-01-14T07:06:40.0,2026-01-16T12:44:25.531,"Any[53, 45, 37, 30, 25, 19, 10]",53,10
1845,2026-01-14T07:06:40.0,2026-01-23T12:44:25.531,"Any[3, 10, 19, 25, 30, 37, 45, 53]",3,53
1892,2026-01-14T07:06:40.0,2026-01-16T12:44:25.531,"Any[64, 60, 53, 45, 37, 30, 25, 19, 10]",64,10
1902,2026-01-14T07:06:40.0,2026-01-23T12:44:25.531,"Any[1, 6, 11, 19, 25, 30, 37, 45]",1,45
1907,2026-01-14T07:06:40.0,2026-01-30T12:44:25.531,"Any[53, 45, 37, 30, 25]",53,25
1915,2026-01-14T07:06:40.0,2026-01-30T12:44:25.531,"Any[64, 60, 53, 45, 37, 30, 25, 19, 10]",64,10
1974,2026-01-14T07:06:40.0,2026-01-30T12:44:25.531,"Any[19, 25, 30, 37, 45, 56]",19,56
1979,2026-01-14T07:06:40.0,2026-01-09T12:44:25.531,"Any[7, 8, 13, 19, 25, 30, 37, 45, 53]",7,53
2079,2026-01-14T07:06:40.0,2026-01-23T12:44:25.531,"Any[6, 11, 19, 25, 30, 37, 45]",6,45
2080,2026-01-14T07:06:40.0,2026-01-30T12:44:25.531,"Any[10, 19, 25, 30, 37, 45, 53]",10,53
2091,2026-01-14T07:06:40.0,2026-01-23T12:44:25.531,"Any[7, 8, 13, 19, 25, 30, 37, 45, 53, 60]",7,60
2109,2026-01-14T07:06:40.0,2026-01-23T12:44:25.531,"Any[16, 25, 30, 37, 45, 56, 60]",16,60
2130,2026-01-14T07:06:40.0,2026-01-23T12:44:25.531,"Any[56, 45, 37, 30, 25, 16]",56,16
2139,2026-01-14T07:06:40.0,2026-01-23T12:44:25.531,"Any[6, 11, 25, 30, 37, 45]",6,45
2151,2026-01-14T07:06:40.0,2026-01-30T12:44:25.531,"Any[62, 45, 37, 30, 25, 19, 13, 8]",62,8
2218,2026-01-14T07:06:40.0,2026-01-16T12:44:25.531,"Any[8, 13, 19, 25, 30, 37, 45, 56]",8,56
2224,2026-01-14T07:06:40.0,2026-01-16T12:44:25.531,"Any[1, 6, 11, 19, 25, 30, 37, 45, 53]",1,53
2226,2026-01-14T07:06:40.0,2026-01-23T12:44:25.531,"Any[1, 6, 11, 19, 30, 37, 45, 56]",1,56
2277,2026-01-14T07:06:40.0,2026-01-30T12:44:25.531,"Any[8, 13, 19, 25, 30, 37, 45, 56]",8,56
2299,2026-01-14T07:06:40.0,2026-01-16T12:44:25.531,"Any[56, 45, 37, 30, 25, 19, 10]",56,10
2320,2026-01-14T07:06:40.0,2026-01-30T12:44:25.531,"Any[1, 6, 11, 19, 25, 30, 37, 45, 53]",1,53
2345,2026-01-14T07:06:40.0,2026-01-16T12:44:25.531,"Any[6, 11, 16, 25, 30, 37, 45, 56]",6,56
2354,2026-01-14T07:06:40.0,2026-01-16T12:44:25.531,"Any[56, 45, 37, 30, 25]",56,25
2366,2026-01-14T07:06:40.0,2026-01-30T12:44:25.531,"Any[60, 56, 45, 37, 30, 25]",60,25
2375,2026-01-14T07:06:40.0,2026-01-23T12:44:25.531,"Any[6, 11, 19, 25, 30, 37, 45]",6,45
2381,2026-01-14T07:06:40.0,2026-01-16T12:44:25.531,"Any[64, 53, 45, 37, 30, 25, 19, 10]",64,10
2415,2026-01-14T07:06:40.0,2026-01-23T12:44:25.531,"Any[19, 25, 30, 37, 45, 56]",19,56
2437,2026-01-14T07:06:40.0,2026-01-23T12:44:25.531,"Any[64, 60, 53, 45, 37, 30, 25, 19, 10]",64,10
2445,2026-01-14T07:06:40.0,2026-01-16T12:44:25.531,"Any[64, 53, 45, 37, 30, 25, 19, 10]",64,10
2454,2026-01-14T07:06:40.0,2026-01-09T12:44:25.531,"Any[4, 10, 19, 25, 30, 37, 45, 53]",4,53
2460,2026-01-14T07:06:40.0,2026-01-09T12:44:25.531,"Any[60, 53, 45, 37, 30, 25, 19, 13, 8]",60,8
2491,2026-01-14T07:06:40.0,2026-01-23T12:44:25.531,"Any[53, 45, 37, 30, 25, 19, 11, 6, 1]",53,1
2502,2026-01-14T07:06:40.0,2026-01-23T12:44:25.531,"Any[64, 60, 53, 45, 37, 30, 25, 19, 11, 6, 1]",64,1
2519,2026-01-14T07:06:40.0,2026-01-23T12:44:25.531,"Any[56, 45, 37, 30, 25, 19, 10]",56,10
2527,2026-01-14T07:06:40.0,2026-01-16T12:44:25.531,"Any[45, 37, 30, 25, 19, 13, 8]",45,8
2536,2026-01-14T07:06:40.0,2026-01-30T12:44:25.531,"Any[56, 45, 37, 30, 25, 19, 13, 8]",56,8
2554,2026-01-14T07:06:40.0,2026-01-23T12:44:25.531,"Any[64, 53, 45, 37, 30, 25, 19, 10]",64,10
2562,2026-01-14T07:06:40.0,2026-01-23T12:44:25.531,"Any[60, 56, 45, 37, 30, 25]",60,25
2565,2026-01-14T07:06:40.0,2026-01-09T12:44:25.531,"Any[1, 6, 11, 19, 25, 30, 37, 45, 53]",1,53
2577,2026-01-14T07:06:40.0,2026-01-30T12:44:25.531,"Any[19, 25, 30, 37, 45, 56]",19,56
2588,2026-01-14T07:06:40.0,2026-01-16T12:44:25.531,"Any[56, 45, 37, 30, 25]",56,25
2617,2026-01-14T07:06:40.0,2026-01-16T12:44:25.531,"Any[6, 11, 19, 25, 30, 37, 45, 56]",6,56
2642,2026-01-14T07:06:40.0,2026-01-30T12:44:25.531,"Any[7, 8, 13, 19, 25, 30, 37, 45, 53, 60]",7,60
2649,2026-01-14T07:06:40.0,2026-01-09T12:44:25.531,"Any[56, 45, 37, 30, 25, 19, 13, 8]",56,8
2686,2026-01-14T07:06:40.0,2026-01-30T12:44:25.531,"Any[16, 19, 25, 30, 37, 45, 53]",16,53
2688,2026-01-14T07:06:40.0,2026-01-30T12:44:25.531,"Any[8, 13, 19, 25, 30, 37, 45, 56]",8,56
2791,2026-01-14T07:06:40.0,2026-01-16T12:44:25.531,"Any[53, 45, 37, 30, 25, 19, 13, 8]",53,8
2798,2026-01-14T07:06:40.0,2026-01-23T12:44:25.531,"Any[62, 45, 37, 30, 25, 19, 13, 8]",62,8
2826,2026-01-14T07:06:40.0,2026-01-30T12:44:25.531,"Any[60, 56, 45, 37, 30, 25]",60,25
2855,2026-01-14T07:06:40.0,2026-01-16T12:44:25.531,"Any[10, 25, 30, 37, 45, 53, 60]",10,60
2907,2026-01-14T07:06:40.0,2026-01-09T12:44:25.531,"Any[19, 25, 30, 37, 45, 56]",19,56
2920,2026-01-14T07:06:40.0,2026-01-23T12:44:25.531,"Any[64, 56, 45, 37, 30, 25, 19, 11, 6, 2]",64,2
2931,2026-01-14T07:06:40.0,2026-01-09T12:44:25.531,"Any[56, 45, 37, 30, 25, 19, 13, 8]",56,8
2943,2026-01-14T07:06:40.0,2026-01-09T12:44:25.531,"Any[1, 6, 11, 19, 25, 30, 37, 45, 53]",1,53
2975,2026-01-14T07:06:40.0,2026-01-09T12:44:25.531,"Any[3, 6, 11, 19, 25, 30, 37, 45]",3,45
2984,2026-01-14T07:06:40.0,2026-01-23T12:44:25.531,"Any[56, 45, 37, 30, 25, 19, 11, 6]",56,6
2990,2026-01-14T07:06:40.0,2026-01-30T12:44:25.531,"Any[10, 19, 30, 37, 45, 53]",10,53
3002,2026-01-14T07:06:40.0,2026-01-23T12:44:25.531,"Any[53, 45, 37, 30, 25, 19, 13, 8]",53,8
3032,2026-01-14T07:06:40.0,2026-01-09T12:44:25.531,"Any[64, 60, 53, 45, 37, 30, 25, 19, 10]",64,10
3033,2026-01-14T07:06:40.0,2026-01-30T12:44:25.531,"Any[7, 8, 13, 19, 25, 30, 37, 45]",7,45
3043,2026-01-14T07:06:40.0,2026-01-09T12:44:25.531,"Any[10, 19, 25, 30, 37, 45, 56]",10,56
3052,2026-01-14T07:06:40.0,2026-01-30T12:44:25.531,"Any[53, 45, 37, 30, 25]",53,25
3105,2026-01-14T07:06:40.0,2026-01-30T12:44:25.531,"Any[19, 25, 30, 37, 45, 53]",19,53
3126,2026-01-14T07:06:40.0,2026-01-23T12:44:25.531,"Any[8, 13, 19, 25, 30, 37, 45, 56]",8,56
3132,2026-01-14T07:06:40.0,2026-01-23T12:44:25.531,"Any[8, 13, 19, 25, 30, 37, 45, 56]",8,56
1,2026-01-17T13:20:00.0,2026-01-19T18:57:45.531,"Any[53, 45, 37, 30, 25, 19, 10]",53,10
9,2026-01-17T13:20:00.0,2026-01-19T18:57:45.531,"Any[19, 25, 30, 37, 45, 56]",19,56
17,2026-01-17T13:20:00.0,2026-01-26T18:57:45.531,"Any[19, 25, 30, 37, 45, 56, 60, 64]",19,64
19,2026-01-17T13:20:00.0,2026-01-19T18:57:45.531,"Any[62, 45, 37, 30, 25, 19, 11, 6]",62,6
24,2026-01-17T13:20:00.0,2026-01-26T18:57:45.531,"Any[64, 60, 56, 45, 37, 30, 25, 19, 11, 6, 1]",64,1
28,2026-01-17T13:20:00.0,2026-01-12T18:57:45.531,"Any[64, 60, 53, 45, 37, 30, 25, 19, 10]",64,10
31,2026-01-17T13:20:00.0,2026-02-02T18:57:45.531,"Any[7, 8, 13, 19, 25, 30, 37, 45, 56]",7,56
32,2026-01-17T13:20:00.0,2026-02-02T18:57:45.531,"Any[60, 53, 45, 37, 30, 25, 19, 13, 8]",60,8
34,2026-01-17T13:20:00.0,2026-01-26T18:57:45.531,"Any[53, 45, 37, 30, 25]",53,25
46,2026-01-17T13:20:00.0,2026-01-12T18:57:45.531,"Any[56, 45, 37, 30, 25, 19, 11, 6, 6, 1]",56,6
48,2026-01-17T13:20:00.0,2026-01-26T18:57:45.531,"Any[8, 13, 19, 25, 30, 37, 45, 56]",8,56
53,2026-01-17T13:20:00.0,2026-01-26T18:57:45.531,"Any[8, 13, 19, 25, 30, 37, 45, 56]",8,56
67,2026-01-17T13:20:00.0,2026-02-02T18:57:45.531,"Any[56, 45, 37, 30, 25]",56,25
75,2026-01-17T13:20:00.0,2026-02-02T18:57:45.531,"Any[3, 6, 11, 19, 25, 30, 37, 45, 56]",3,56
76,2026-01-17T13:20:00.0,2026-01-12T18:57:45.531,"Any[2, 9, 21, 27, 31, 36, 45, 55]",2,55
81,2026-01-17T13:20:00.0,2026-01-26T18:57:45.531,"Any[6, 11, 16, 25, 30, 37, 45]",6,45
82,2026-01-17T13:20:00.0,2026-01-12T18:57:45.531,"Any[60, 56, 45, 37, 30, 25, 19, 11, 6]",60,6
89,2026-01-17T13:20:00.0,2026-02-02T18:57:45.531,"Any[60, 56, 45, 37, 30, 25, 19, 11, 10, 3]",60,3
97,2026-01-17T13:20:00.0,2026-02-02T18:57:45.531,"Any[64, 60, 56, 45, 37, 30, 25, 19, 17, 19, 13, 8]",64,8
101,2026-01-17T13:20:00.0,2026-01-19T18:57:45.531,"Any[6, 11, 19, 25, 30, 37, 45, 56]",6,56
109,2026-01-17T13:20:00.0,2026-02-02T18:57:45.531,"Any[60, 56, 45, 37, 30, 25, 19, 11, 6]",60,6
113,2026-01-17T13:20:00.0,2026-02-02T18:57:45.531,"Any[1, 6, 11, 19, 25, 30, 37, 45, 56]",1,56
114,2026-01-17T13:20:00.0,2026-01-12T18:57:45.531,"Any[6, 11, 19, 25, 30, 37, 45]",6,45
120,2026-01-17T13:20:00.0,2026-02-02T18:57:45.531,"Any[60, 56, 45, 37, 30, 25, 19]",60,19
124,2026-01-17T13:20:00.0,2026-01-19T18:57:45.531,"Any[10, 19, 25, 30, 37, 45, 53]",10,53
129,2026-01-17T13:20:00.0,2026-01-26T18:57:45.531,"Any[7, 8, 13, 19, 25, 30, 37, 45, 53]",7,53
130,2026-01-17T13:20:00.0,2026-02-02T18:57:45.531,"Any[53, 45, 37, 30, 25, 19, 10]",53,10
131,2026-01-17T13:20:00.0,2026-01-19T18:57:45.531,"Any[60, 56, 45, 37, 30, 25, 19, 11, 6]",60,6
133,2026-01-17T13:20:00.0,2026-01-19T18:57:45.531,"Any[5, 6, 11, 19, 25, 30, 37, 45, 56]",5,56
142,2026-01-17T13:20:00.0,2026-01-12T18:57:45.531,"Any[64, 53, 45, 37, 30, 25, 19, 10]",64,10
147,2026-01-17T13:20:00.0,2026-01-26T18:57:45.531,"Any[56, 45, 37, 30, 25, 19, 11, 6]",56,6
150,2026-01-17T13:20:00.0,2026-01-12T18:57:45.531,"Any[53, 45, 37, 30, 25]",53,25
156,2026-01-17T13:20:00.0,2026-01-19T18:57:45.531,"Any[45, 37, 30, 25, 19, 10]",45,10
158,2026-01-17T13:20:00.0,2026-01-26T18:57:45.531,"Any[8, 13, 19, 25, 30, 37, 45, 53]",8,53
159,2026-01-17T13:20:00.0,2026-01-19T18:57:45.531,"Any[45, 37, 30, 25]",45,25
164,2026-01-17T13:20:00.0,2026-01-12T18:57:45.531,"Any[53, 45, 37, 30, 25, 19, 13, 8]",53,8
176,2026-01-17T13:20:00.0,2026-02-02T18:57:45.531,"Any[53, 45, 37, 30, 25, 19, 10]",53,10
179,2026-01-17T13:20:00.0,2026-02-02T18:57:45.531,"Any[1, 6, 11, 19, 25, 30, 37, 45, 53]",1,53
182,2026-01-17T13:20:00.0,2026-01-12T18:57:45.531,"Any[61, 53, 45, 37, 30, 25, 19, 11, 6]",61,6
187,2026-01-17T13:20:00.0,2026-01-26T18:57:45.531,"Any[19, 25, 30, 37, 45]",19,45
188,2026-01-17T13:20:00.0,2026-01-26T18:57:45.531,"Any[60, 53, 45, 37, 30, 25]",60,25
190,2026-01-17T13:20:00.0,2026-01-19T18:57:45.531,"Any[56, 45, 37, 30, 25, 19, 11, 6]",56,6
194,2026-01-17T13:20:00.0,2026-02-02T18:57:45.531,"Any[8, 13, 19, 25, 30, 37, 45, 56]",8,56
198,2026-01-17T13:20:00.0,2026-01-26T18:57:45.531,"Any[25, 30, 37, 45, 53, 60]",25,60
205,2026-01-17T13:20:00.0,2026-01-26T18:57:45.531,"Any[8, 13, 19, 25, 30, 37, 45, 56, 60]",8,60
206,2026-01-17T13:20:00.0,2026-01-26T18:57:45.531,"Any[56, 45, 37, 30, 25]",56,25
208,2026-01-17T13:20:00.0,2026-01-26T18:57:45.531,"Any[53, 45, 37, 30, 25, 19, 10]",53,10
211,2026-01-17T13:20:00.0,2026-02-02T18:57:45.531,"Any[19, 25, 30, 37, 45, 56]",19,56
212,2026-01-17T13:20:00.0,2026-01-26T18:57:45.531,"Any[10, 19, 25, 30, 37, 45, 53]",10,53
213,2026-01-17T13:20:00.0,2026-01-19T18:57:45.531,"Any[8, 13, 19, 25, 30, 37, 45, 53]",8,53
219,2026-01-17T13:20:00.0,2026-01-12T18:57:45.531,"Any[53, 45, 37, 30, 25, 19, 10]",53,10
226,2026-01-17T13:20:00.0,2026-01-19T18:57:45.531,"Any[10, 19, 25, 30, 37, 45, 53]",10,53
234,2026-01-17T13:20:00.0,2026-01-12T18:57:45.531,"Any[17, 16, 25, 30, 37, 45, 56]",17,56
240,2026-01-17T13:20:00.0,2026-01-26T18:57:45.531,"Any[62, 45, 37, 30, 25, 19, 11, 6]",62,6
241,2026-01-17T13:20:00.0,2026-01-19T18:57:45.531,"Any[60, 53, 45, 37, 30, 25]",60,25
242,2026-01-17T13:20:00.0,2026-01-12T18:57:45.531,"Any[8, 13, 19, 25, 37, 45, 56, 60]",8,60
250,2026-01-17T13:20:00.0,2026-01-26T18:57:45.531,"Any[8, 13, 19, 25, 30, 37, 45, 56]",8,56
255,2026-01-17T13:20:00.0,2026-01-26T18:57:45.531,"Any[64, 53, 45, 37, 30, 25, 19, 13, 8]",64,8
256,2026-01-17T13:20:00.0,2026-01-19T18:57:45.531,"Any[56, 45, 37, 30, 25, 19, 11, 6, 6, 1]",56,6
257,2026-01-17T13:20:00.0,2026-01-19T18:57:45.531,"Any[64, 60, 53, 45, 37, 30, 25, 19, 10]",64,10
260,2026-01-17T13:20:00.0,2026-01-12T18:57:45.531,"Any[60, 56, 45, 37, 30, 25, 19, 13, 8]",60,8
262,2026-01-17T13:20:00.0,2026-01-12T18:57:45.531,"Any[53, 45, 37, 30, 25, 19, 11, 6, 1]",53,1
264,2026-01-17T13:20:00.0,2026-01-26T18:57:45.531,"Any[19, 25, 30, 37, 45, 53]",19,53
269,2026-01-17T13:20:00.0,2026-02-02T18:57:45.531,"Any[60, 53, 45, 37, 30, 25, 19, 10]",60,10
270,2026-01-17T13:20:00.0,2026-01-26T18:57:45.531,"Any[1, 6, 11, 19, 25, 30, 37, 45, 53]",1,53
291,2026-01-17T13:20:00.0,2026-02-02T18:57:45.531,"Any[6, 11, 19, 25, 30, 37, 45, 56, 60]",6,60
293,2026-01-17T13:20:00.0,2026-01-19T18:57:45.531,"Any[45, 37, 30, 25, 19, 17, 10]",45,10
305,2026-01-17T13:20:00.0,2026-01-12T18:57:45.531,"Any[6, 11, 19, 25, 30, 37, 45, 53]",6,53
306,2026-01-17T13:20:00.0,2026-02-02T18:57:45.531,"Any[60, 53, 45, 37, 30, 25, 19, 10]",60,10
310,2026-01-17T13:20:00.0,2026-01-26T18:57:45.531,"Any[16, 25, 30, 37, 45, 53]",16,53
318,2026-01-17T13:20:00.0,2026-01-12T18:57:45.531,"Any[16, 19, 25, 30, 37, 45, 53]",16,53
319,2026-01-17T13:20:00.0,2026-01-19T18:57:45.531,"Any[8, 13, 19, 25, 30, 37, 45]",8,45
333,2026-01-17T13:20:00.0,2026-02-02T18:57:45.531,"Any[13, 19, 25, 30, 37, 45, 56]",13,56
336,2026-01-17T13:20:00.0,2026-01-26T18:57:45.531,"Any[8, 13, 19, 25, 30, 37, 45, 53, 62]",8,62
341,2026-01-17T13:20:00.0,2026-01-12T18:57:45.531,"Any[64, 60, 53, 45, 37, 30, 25, 19, 10]",64,10
348,2026-01-17T13:20:00.0,2026-01-19T18:57:45.531,"Any[53, 45, 37, 30, 25]",53,25
364,2026-01-17T13:20:00.0,2026-02-02T18:57:45.531,"Any[1, 6, 11, 19, 25, 30, 37, 45, 56]",1,56
365,2026-01-17T13:20:00.0,2026-01-12T18:57:45.531,"Any[6, 11, 16, 25, 30, 37, 45]",6,45
366,2026-01-17T13:20:00.0,2026-01-19T18:57:45.531,"Any[64, 60, 53, 45, 37, 30, 25, 19, 10]",64,10
382,2026-01-17T13:20:00.0,2026-01-19T18:57:45.531,"Any[64, 60, 53, 45, 37, 30, 25, 19, 10]",64,10
388,2026-01-17T13:20:00.0,2026-02-02T18:57:45.531,"Any[56, 45, 37, 30, 25, 19, 11, 6]",56,6
389,2026-01-17T13:20:00.0,2026-01-19T18:57:45.531,"Any[13, 19, 25, 30, 37, 45, 56]",13,56
390,2026-01-17T13:20:00.0,2026-02-02T18:57:45.531,"Any[62, 53, 45, 37, 30, 25, 19, 11, 6, 1]",62,1
391,2026-01-17T13:20:00.0,2026-01-19T18:57:45.531,"Any[1, 6, 11, 19, 25, 30, 37, 45, 53, 60, 64]",1,64
395,2026-01-17T13:20:00.0,2026-01-19T18:57:45.531,"Any[53, 45, 37, 30, 25, 19, 13, 8]",53,8
401,2026-01-17T13:20:00.0,2026-01-12T18:57:45.531,"Any[56, 45, 37, 30, 25, 19]",56,19
404,2026-01-17T13:20:00.0,2026-02-02T18:57:45.531,"Any[53, 45, 37, 30, 25, 19, 11, 6, 1]",53,1
406,2026-01-17T13:20:00.0,2026-01-19T18:57:45.531,"Any[60, 53, 45, 37, 30, 25, 19, 13, 8]",60,8
407,2026-01-17T13:20:00.0,2026-02-02T18:57:45.531,"Any[64, 60, 53, 45, 37, 30, 25, 19, 10]",64,10
409,2026-01-17T13:20:00.0,2026-01-12T18:57:45.531,"Any[56, 45, 37, 30, 25, 19, 11, 6]",56,6
419,2026-01-17T13:20:00.0,2026-01-26T18:57:45.531,"Any[64, 53, 45, 37, 30, 25, 19, 10]",64,10
420,2026-01-17T13:20:00.0,2026-01-26T18:57:45.531,"Any[8, 13, 19, 25, 30, 37, 45, 56]",8,56
425,2026-01-17T13:20:00.0,2026-01-26T18:57:45.531,"Any[64, 60, 56, 45, 37, 30, 25, 19, 11, 6]",64,6
435,2026-01-17T13:20:00.0,2026-01-12T18:57:45.531,"Any[19, 25, 30, 37, 45, 56]",19,56
436,2026-01-17T13:20:00.0,2026-01-26T18:57:45.531,"Any[20, 19, 25, 30, 37, 45, 53]",20,53
440,2026-01-17T13:20:00.0,2026-01-12T18:57:45.531,"Any[10, 19, 25, 30, 37, 45, 53]",10,53
449,2026-01-17T13:20:00.0,2026-01-19T18:57:45.531,"Any[2, 9, 21, 27, 31, 36, 45, 55]",2,55
462,2026-01-17T13:20:00.0,2026-02-02T18:57:45.531,"Any[5, 6, 11, 19, 25, 30, 37, 45]",5,45
463,2026-01-17T13:20:00.0,2026-01-26T18:57:45.531,"Any[3, 10, 19, 25, 30, 37, 45, 53]",3,53
466,2026-01-17T13:20:00.0,2026-01-19T18:57:45.531,"Any[6, 11, 19, 25, 30, 37, 45, 53]",6,53
468,2026-01-17T13:20:00.0,2026-01-19T18:57:45.531,"Any[60, 53, 45, 37, 30, 25, 19, 17, 19, 11, 6]",60,6
473,2026-01-17T13:20:00.0,2026-01-12T18:57:45.531,"Any[56, 45, 37, 30, 25, 19, 20]",56,20
481,2026-01-17T13:20:00.0,2026-02-02T18:57:45.531,"Any[60, 56, 45, 37, 30, 25]",60,25
482,2026-01-17T13:20:00.0,2026-02-02T18:57:45.531,"Any[53, 45, 37, 30, 25, 19, 13, 8]",53,8
487,2026-01-17T13:20:00.0,2026-01-19T18:57:45.531,"Any[53, 45, 37, 30, 25, 19, 10]",53,10
490,2026-01-17T13:20:00.0,2026-01-12T18:57:45.531,"Any[64, 60, 53, 45, 37, 30, 25, 19, 11, 6, 1]",64,1
492,2026-01-17T13:20:00.0,2026-02-02T18:57:45.531,"Any[64, 60, 56, 45, 37, 30, 25, 19, 11, 6]",64,6
496,2026-01-17T13:20:00.0,2026-01-26T18:57:45.531,"Any[3, 10, 19, 25, 30, 37, 45, 53]",3,53
499,2026-01-17T13:20:00.0,2026-01-26T18:57:45.531,"Any[7, 8, 13, 19, 25, 30, 37, 45, 56]",7,56
501,2026-01-17T13:20:00.0,2026-01-19T18:57:45.531,"Any[64, 60, 53, 45, 37, 30, 25, 19, 10]",64,10
506,2026-01-17T13:20:00.0,2026-01-26T18:57:45.531,"Any[62, 45, 37, 30, 25, 19, 11, 6]",62,6
511,2026-01-17T13:20:00.0,2026-01-19T18:57:45.531,"Any[17, 25, 30, 37, 45, 53, 60]",17,60
518,2026-01-17T13:20:00.0,2026-01-12T18:57:45.531,"Any[19, 25, 30, 37, 45, 53]",19,53
530,2026-01-17T13:20:00.0,2026-01-19T18:57:45.531,"Any[53, 45, 37, 30, 25]",53,25
544,2026-01-17T13:20:00.0,2026-01-12T18:57:45.531,"Any[64, 60, 53, 45, 37, 30, 25, 19, 11, 6, 1]",64,1
549,2026-01-17T13:20:00.0,2026-02-02T18:57:45.531,"Any[64, 60, 56, 45, 37, 30, 25, 19, 13, 8, 7, 8]",64,8
554,2026-01-17T13:20:00.0,2026-01-12T18:57:45.531,"Any[53, 45, 37, 30, 25, 19, 11, 6, 1]",53,1
560,2026-01-17T13:20:00.0,2026-01-26T18:57:45.531,"Any[56, 45, 37, 30, 25, 19, 11, 6]",56,6
561,2026-01-17T13:20:00.0,2026-01-26T18:57:45.531,"Any[10, 19, 25, 30, 37, 45, 53]",10,53
567,2026-01-17T13:20:00.0,2026-01-19T18:57:45.531,"Any[60, 53, 45, 37, 30, 25, 19, 13, 8]",60,8
570,2026-01-17T13:20:00.0,2026-01-19T18:57:45.531,"Any[60, 56, 45, 37, 30, 25, 19]",60,19
573,2026-01-17T13:20:00.0,2026-02-02T18:57:45.531,"Any[60, 53, 45, 37, 30, 25, 19, 10]",60,10
575,2026-01-17T13:20:00.0,2026-02-02T18:57:45.531,"Any[17, 25, 30, 37, 45, 53]",17,53
582,2026-01-17T13:20:00.0,2026-01-19T18:57:45.531,"Any[53, 45, 37, 30, 25, 19, 10]",53,10
597,2026-01-17T13:20:00.0,2026-01-12T18:57:45.531,"Any[53, 45, 37, 30, 25, 19, 10]",53,10
598,2026-01-17T13:20:00.0,2026-01-26T18:57:45.531,"Any[8, 13, 19, 25, 30, 37, 45, 53]",8,53
599,2026-01-17T13:20:00.0,2026-01-12T18:57:45.531,"Any[5, 6, 11, 19, 25, 30, 37, 45, 56]",5,56
603,2026-01-17T13:20:00.0,2026-01-12T18:57:45.531,"Any[1, 6, 11, 19, 25, 30, 37, 45, 56]",1,56
606,2026-01-17T13:20:00.0,2026-01-26T18:57:45.531,"Any[60, 56, 45, 37, 30, 25, 19]",60,19
611,2026-01-17T13:20:00.0,2026-01-12T18:57:45.531,"Any[56, 45, 37, 30, 25, 19, 11, 6, 1]",56,1
613,2026-01-17T13:20:00.0,2026-01-19T18:57:45.531,"Any[60, 56, 45, 37, 30, 25, 19, 11, 6]",60,6
619,2026-01-17T13:20:00.0,2026-02-02T18:57:45.531,"Any[64, 60, 53, 45, 37, 30, 25, 19, 13, 8]",64,8
643,2026-01-17T13:20:00.0,2026-01-26T18:57:45.531,"Any[60, 56, 45, 37, 30, 25, 19, 13, 8]",60,8
648,2026-01-17T13:20:00.0,2026-01-26T18:57:45.531,"Any[64, 60, 53, 45, 37, 30, 25, 19, 11, 6, 1]",64,1
649,2026-01-17T13:20:00.0,2026-01-26T18:57:45.531,"Any[53, 45, 37, 30, 25, 19, 13, 8]",53,8
652,2026-01-17T13:20:00.0,2026-01-26T18:57:45.531,"Any[53, 45, 37, 30, 25, 19, 10]",53,10
659,2026-01-17T13:20:00.0,2026-02-02T18:57:45.531,"Any[53, 45, 37, 30, 25, 19, 10]",53,10
661,2026-01-17T13:20:00.0,2026-01-26T18:57:45.531,"Any[56, 45, 37, 30, 25, 19, 14]",56,14
671,2026-01-17T13:20:00.0,2026-01-12T18:57:45.531,"Any[1, 6, 11, 19, 25, 30, 37, 45, 56]",1,56
672,2026-01-17T13:20:00.0,2026-02-02T18:57:45.531,"Any[53, 45, 37, 30, 25]",53,25
676,2026-01-17T13:20:00.0,2026-01-12T18:57:45.531,"Any[53, 45, 37, 30, 25, 19, 13, 8]",53,8
695,2026-01-17T13:20:00.0,2026-02-02T18:57:45.531,"Any[53, 45, 37, 30, 25, 19, 11, 6, 5]",53,5
698,2026-01-17T13:20:00.0,2026-01-19T18:57:45.531,"Any[53, 45, 37, 30, 25, 19, 10]",53,10
704,2026-01-17T13:20:00.0,2026-01-19T18:57:45.531,"Any[13, 19, 25, 30, 37, 45, 56]",13,56
714,2026-01-17T13:20:00.0,2026-01-12T18:57:45.531,"Any[56, 45, 37, 30, 25, 19, 11, 6]",56,6
719,2026-01-17T13:20:00.0,2026-01-19T18:57:45.531,"Any[7, 8, 13, 19, 25, 30, 37, 45, 56]",7,56
722,2026-01-17T13:20:00.0,2026-01-26T18:57:45.531,"Any[19, 17, 25, 30, 37, 45, 53]",19,53
728,2026-01-17T13:20:00.0,2026-02-02T18:57:45.531,"Any[56, 45, 37, 30, 25, 19, 11, 6]",56,6
730,2026-01-17T13:20:00.0,2026-01-12T18:57:45.531,"Any[64, 60, 53, 45, 37, 30, 25, 19, 11, 6, 1]",64,1
732,2026-01-17T13:20:00.0,2026-01-12T18:57:45.531,"Any[19, 25, 30, 37, 45, 53]",19,53
736,2026-01-17T13:20:00.0,2026-01-12T18:57:45.531,"Any[19, 25, 30, 37, 45, 56]",19,56
740,2026-01-17T13:20:00.0,2026-02-02T18:57:45.531,"Any[19, 25, 30, 37, 45, 56]",19,56
741,2026-01-17T13:20:00.0,2026-01-26T18:57:45.531,"Any[8, 13, 19, 25, 30, 37, 45, 56]",8,56
742,2026-01-17T13:20:00.0,2026-02-02T18:57:45.531,"Any[10, 19, 25, 30, 37, 45, 53]",10,53
745,2026-01-17T13:20:00.0,2026-01-12T18:57:45.531,"Any[53, 45, 37, 30, 25]",53,25
747,2026-01-17T13:20:00.0,2026-01-26T18:57:45.531,"Any[64, 60, 53, 45, 37, 30, 25, 19, 13, 8]",64,8
750,2026-01-17T13:20:00.0,2026-02-02T18:57:45.531,"Any[10, 19, 25, 30, 37, 45, 53, 60]",10,60
773,2026-01-17T13:20:00.0,2026-01-12T18:57:45.531,"Any[19, 25, 30, 37, 45]",19,45
774,2026-01-17T13:20:00.0,2026-01-26T18:57:45.531,"Any[56, 45, 37, 30, 25, 19, 13, 8]",56,8
784,2026-01-17T13:20:00.0,2026-01-12T18:57:45.531,"Any[10, 19, 25, 30, 37, 45, 53]",10,53
799,2026-01-17T13:20:00.0,2026-01-12T18:57:45.531,"Any[8, 13, 19, 25, 30, 37, 45, 53]",8,53
800,2026-01-17T13:20:00.0,2026-01-19T18:57:45.531,"Any[19, 25, 30, 37, 45, 56, 60, 60, 64]",19,60
804,2026-01-17T13:20:00.0,2026-02-02T18:57:45.531,"Any[45, 37, 30, 25]",45,25
809,2026-01-17T13:20:00.0,2026-01-26T18:57:45.531,"Any[6, 11, 19, 25, 30, 37, 45]",6,45
815,2026-01-17T13:20:00.0,2026-01-26T18:57:45.531,"Any[10, 19, 25, 30, 37, 45, 53]",10,53
818,2026-01-17T13:20:00.0,2026-02-02T18:57:45.531,"Any[56, 45, 37, 30, 25, 19, 14]",56,14
822,2026-01-17T13:20:00.0,2026-01-19T18:57:45.531,"Any[56, 45, 37, 30, 25, 19, 11, 6]",56,6
826,2026-01-17T13:20:00.0,2026-01-19T18:57:45.531,"Any[62, 53, 45, 37, 30, 25, 19, 13, 8]",62,8
827,2026-01-17T13:20:00.0,2026-02-02T18:57:45.531,"Any[56, 45, 37, 30, 25, 19, 14]",56,14
829,2026-01-17T13:20:00.0,2026-01-26T18:57:45.531,"Any[53, 45, 37, 30, 25, 19, 13, 8]",53,8
831,2026-01-17T13:20:00.0,2026-01-19T18:57:45.531,"Any[62, 53, 45, 37, 30, 25, 19, 13, 8]",62,8
834,2026-01-17T13:20:00.0,2026-01-12T18:57:45.531,"Any[56, 45, 37, 30, 25, 19, 13, 8]",56,8
837,2026-01-17T13:20:00.0,2026-01-19T18:57:45.531,"Any[6, 11, 19, 25, 30, 37, 45, 56]",6,56
841,2026-01-17T13:20:00.0,2026-02-02T18:57:45.531,"Any[1, 6, 11, 19, 25, 30, 37, 45, 56]",1,56
857,2026-01-17T13:20:00.0,2026-02-02T18:57:45.531,"Any[6, 11, 19, 25, 30, 37, 45]",6,45
863,2026-01-17T13:20:00.0,2026-02-02T18:57:45.531,"Any[1, 6, 11, 19, 23, 36, 44, 54, 60]",1,60
864,2026-01-17T13:20:00.0,2026-01-19T18:57:45.531,"Any[53, 45, 37, 30, 25, 19, 11, 6, 1]",53,1
866,2026-01-17T13:20:00.0,2026-01-19T18:57:45.531,"Any[60, 56, 45, 37, 30, 25, 19]",60,19
869,2026-01-17T13:20:00.0,2026-01-19T18:57:45.531,"Any[53, 45, 37, 30, 25]",53,25
870,2026-01-17T13:20:00.0,2026-01-12T18:57:45.531,"Any[53, 45, 37, 30, 25]",53,25
878,2026-01-17T13:20:00.0,2026-02-02T18:57:45.531,"Any[53, 45, 37, 30, 25, 19, 10]",53,10
879,2026-01-17T13:20:00.0,2026-01-12T18:57:45.531,"Any[53, 45, 37, 30, 25, 19, 11, 6, 1]",53,1
884,2026-01-17T13:20:00.0,2026-02-02T18:57:45.531,"Any[7, 8, 13, 19, 25, 30, 37, 45, 53]",7,53
886,2026-01-17T13:20:00.0,2026-01-26T18:57:45.531,"Any[60, 56, 45, 37, 30, 25]",60,25
890,2026-01-17T13:20:00.0,2026-01-12T18:57:45.531,"Any[64, 53, 45, 37, 30, 25, 19, 10]",64,10
891,2026-01-17T13:20:00.0,2026-01-19T18:57:45.531,"Any[53, 45, 37, 30, 25]",53,25
892,2026-01-17T13:20:00.0,2026-01-12T18:57:45.531,"Any[19, 25, 30, 37, 45, 56, 60]",19,60
894,2026-01-17T13:20:00.0,2026-01-12T18:57:45.531,"Any[10, 19, 25, 30, 37, 45, 53]",10,53
899,2026-01-17T13:20:00.0,2026-01-26T18:57:45.531,"Any[5, 6, 11, 19, 25, 30, 37, 45]",5,45
901,2026-01-17T13:20:00.0,2026-01-12T18:57:45.531,"Any[19, 25, 30, 37, 45, 56]",19,56
904,2026-01-17T13:20:00.0,2026-01-26T18:57:45.531,"Any[64, 60, 56, 45, 37, 30, 25, 19, 17, 19, 13, 8]",64,8
910,2026-01-17T13:20:00.0,2026-02-02T18:57:45.531,"Any[56, 45, 37, 30, 25, 19, 11, 6]",56,6
917,2026-01-17T13:20:00.0,2026-01-12T18:57:45.531,"Any[53, 45, 37, 30, 25, 19, 10]",53,10
918,2026-01-17T13:20:00.0,2026-01-12T18:57:45.531,"Any[60, 53, 45, 37, 30, 25, 19, 10]",60,10
928,2026-01-17T13:20:00.0,2026-01-19T18:57:45.531,"Any[8, 13, 19, 25, 30, 37, 45, 56]",8,56
932,2026-01-17T13:20:00.0,2026-02-02T18:57:45.531,"Any[19, 25, 30, 37, 45, 56]",19,56
941,2026-01-17T13:20:00.0,2026-01-12T18:57:45.531,"Any[8, 13, 19, 25, 30, 37, 45, 56]",8,56
942,2026-01-17T13:20:00.0,2026-01-26T18:57:45.531,"Any[10, 19, 25, 30, 37, 45, 53]",10,53
943,2026-01-17T13:20:00.0,2026-01-26T18:57:45.531,"Any[53, 45, 37, 30, 25, 19, 10]",53,10
945,2026-01-17T13:20:00.0,2026-01-19T18:57:45.531,"Any[53, 45, 37, 30, 25, 19, 13, 8]",53,8
953,2026-01-17T13:20:00.0,2026-02-02T18:57:45.531,"Any[64, 60, 53, 45, 37, 30, 25, 19, 13, 8]",64,8
957,2026-01-17T13:20:00.0,2026-02-02T18:57:45.531,"Any[1, 6, 11, 19, 25, 30, 37, 45, 56]",1,56
961,2026-01-17T13:20:00.0,2026-02-02T18:57:45.531,"Any[10, 19, 25, 30, 37, 45, 53]",10,53
962,2026-01-17T13:20:00.0,2026-01-26T18:57:45.531,"Any[64, 53, 45, 37, 30, 25, 19, 10]",64,10
963,2026-01-17T13:20:00.0,2026-01-12T18:57:45.531,"Any[8, 13, 19, 25, 30, 37, 45, 53]",8,53
967,2026-01-17T13:20:00.0,2026-02-02T18:57:45.531,"Any[5, 6, 11, 19, 25, 30, 37, 45, 56]",5,56
971,2026-01-17T13:20:00.0,2026-01-19T18:57:45.531,"Any[5, 6, 11, 19, 25, 30, 37, 45]",5,45
972,2026-01-17T13:20:00.0,2026-01-19T18:57:45.531,"Any[53, 45, 37, 30, 25]",53,25
974,2026-01-17T13:20:00.0,2026-01-12T18:57:45.531,"Any[60, 56, 45, 37, 30, 25, 19, 11, 6]",60,6
975,2026-01-17T13:20:00.0,2026-01-26T18:57:45.531,"Any[53, 45, 37, 30, 25, 19, 11, 6, 1]",53,1
979,2026-01-17T13:20:00.0,2026-01-12T18:57:45.531,"Any[17, 16, 25, 30, 37, 45, 56]",17,56
983,2026-01-17T13:20:00.0,2026-01-26T18:57:45.531,"Any[60, 56, 45, 37, 30, 25, 19]",60,19
992,2026-01-17T13:20:00.0,2026-01-26T18:57:45.531,"Any[53, 45, 37, 30, 25, 19, 11, 6, 1]",53,1
993,2026-01-17T13:20:00.0,2026-01-12T18:57:45.531,"Any[10, 19, 25, 30, 37, 45, 53]",10,53
995,2026-01-17T13:20:00.0,2026-01-19T18:57:45.531,"Any[53, 45, 37, 30, 25]",53,25
997,2026-01-17T13:20:00.0,2026-02-02T18:57:45.531,"Any[3, 6, 11, 19, 25, 30, 37, 45, 53]",3,53
998,2026-01-17T13:20:00.0,2026-01-26T18:57:45.531,"Any[19, 25, 30, 37, 45, 53]",19,53
1016,2026-01-17T13:20:00.0,2026-01-26T18:57:45.531,"Any[64, 60, 53, 45, 37, 30, 25, 19, 13, 8]",64,8
1017,2026-01-17T13:20:00.0,2026-02-02T18:57:45.531,"Any[7, 8, 13, 19, 25, 30, 37, 45]",7,45
1019,2026-01-17T13:20:00.0,2026-01-12T18:57:45.531,"Any[10, 19, 25, 30, 37, 45, 53]",10,53
1021,2026-01-17T13:20:00.0,2026-01-26T18:57:45.531,"Any[10, 19, 25, 30, 37, 45, 53]",10,53
1023,2026-01-17T13:20:00.0,2026-01-19T18:57:45.531,"Any[9, 15, 26, 31, 36, 44, 54]",9,54
1030,2026-01-17T13:20:00.0,2026-01-12T18:57:45.531,"Any[8, 13, 19, 25, 30, 37, 45, 56]",8,56
1057,2026-01-17T13:20:00.0,2026-02-02T18:57:45.531,"Any[56, 45, 37, 30, 25, 19, 13, 8]",56,8
1062,2026-01-17T13:20:00.0,2026-01-12T18:57:45.531,"Any[8, 13, 19, 25, 30, 37, 45, 53]",8,53
1068,2026-01-17T13:20:00.0,2026-01-19T18:57:45.531,"Any[10, 19, 25, 30, 37, 45, 53]",10,53
1075,2026-01-17T13:20:00.0,2026-01-19T18:57:45.531,"Any[64, 60, 53, 45, 37, 30, 25, 19, 10]",64,10
1082,2026-01-17T13:20:00.0,2026-01-12T18:57:45.531,"Any[6, 11, 19, 25, 30, 37, 45, 53]",6,53
1094,2026-01-17T13:20:00.0,2026-02-02T18:57:45.531,"Any[7, 8, 13, 19, 25, 30, 37, 45, 53, 60]",7,60
1105,2026-01-17T13:20:00.0,2026-01-26T18:57:45.531,"Any[19, 25, 30, 37, 45, 53]",19,53
1107,2026-01-17T13:20:00.0,2026-01-26T18:57:45.531,"Any[53, 45, 37, 30, 25, 19, 11, 6, 1]",53,1
1108,2026-01-17T13:20:00.0,2026-01-19T18:57:45.531,"Any[64, 60, 56, 45, 37, 30, 25, 19, 11, 10]",64,10
1116,2026-01-17T13:20:00.0,2026-01-19T18:57:45.531,"Any[62, 45, 37, 30, 25, 19]",62,19
1128,2026-01-17T13:20:00.0,2026-01-26T18:57:45.531,"Any[5, 6, 11, 19, 25, 30, 37, 45, 56]",5,56
1129,2026-01-17T13:20:00.0,2026-01-26T18:57:45.531,"Any[53, 45, 37, 30, 25, 19, 10]",53,10
1134,2026-01-17T13:20:00.0,2026-02-02T18:57:45.531,"Any[56, 45, 37, 30, 25]",56,25
1136,2026-01-17T13:20:00.0,2026-02-02T18:57:45.531,"Any[56, 45, 37, 30, 25, 19, 11, 6]",56,6
1140,2026-01-17T13:20:00.0,2026-01-12T18:57:45.531,"Any[60, 53, 45, 37, 30, 25]",60,25
1143,2026-01-17T13:20:00.0,2026-01-12T18:57:45.531,"Any[7, 8, 13, 19, 25, 30, 37, 45, 53, 60]",7,60
1157,2026-01-17T13:20:00.0,2026-01-26T18:57:45.531,"Any[17, 25, 30, 37, 45]",17,45
1177,2026-01-17T13:20:00.0,2026-01-12T18:57:45.531,"Any[64, 56, 45, 37, 30, 25, 19, 11, 6]",64,6
1180,2026-01-17T13:20:00.0,2026-01-12T18:57:45.531,"Any[62, 45, 37, 30, 25, 19, 14, 13, 14]",62,14
1198,2026-01-17T13:20:00.0,2026-01-19T18:57:45.531,"Any[60, 56, 45, 37, 30, 25]",60,25
1204,2026-01-17T13:20:00.0,2026-01-12T18:57:45.531,"Any[53, 45, 37, 30, 25]",53,25
1206,2026-01-17T13:20:00.0,2026-01-19T18:57:45.531,"Any[53, 45, 37, 30, 25, 19, 13, 8]",53,8
1214,2026-01-17T13:20:00.0,2026-01-19T18:57:45.531,"Any[53, 45, 37, 30, 25, 19, 11, 6, 1]",53,1
1215,2026-01-17T13:20:00.0,2026-01-26T18:57:45.531,"Any[53, 45, 37, 30, 25]",53,25
1226,2026-01-17T13:20:00.0,2026-01-26T18:57:45.531,"Any[60, 56, 45, 37, 30, 25, 19, 11, 6]",60,6
1227,2026-01-17T13:20:00.0,2026-02-02T18:57:45.531,"Any[60, 56, 45, 37, 30, 25, 19]",60,19
1231,2026-01-17T13:20:00.0,2026-01-26T18:57:45.531,"Any[56, 45, 37, 30, 25]",56,25
1233,2026-01-17T13:20:00.0,2026-01-19T18:57:45.531,"Any[64, 60, 53, 45, 37, 30, 25, 19, 11, 6, 1]",64,1
1234,2026-01-17T13:20:00.0,2026-02-02T18:57:45.531,"Any[60, 56, 45, 37, 30, 25, 19, 11, 6]",60,6
1235,2026-01-17T13:20:00.0,2026-02-02T18:57:45.531,"Any[60, 56, 45, 37, 30, 25, 19, 11, 6]",60,6
1237,2026-01-17T13:20:00.0,2026-01-19T18:57:45.531,"Any[53, 45, 37, 30, 25, 19, 11, 6]",53,6
1243,2026-01-17T13:20:00.0,2026-01-19T18:57:45.531,"Any[19, 25, 30, 37, 45, 56]",19,56
1246,2026-01-17T13:20:00.0,2026-01-19T18:57:45.531,"Any[53, 45, 37, 30, 25, 19, 13, 8]",53,8
1250,2026-01-17T13:20:00.0,2026-01-26T18:57:45.531,"Any[8, 13, 19, 25, 30, 37, 45, 56]",8,56
1251,2026-01-17T13:20:00.0,2026-01-26T18:57:45.531,"Any[53, 45, 37, 30, 25, 19, 10]",53,10
1253,2026-01-17T13:20:00.0,2026-02-02T18:57:45.531,"Any[1, 6, 11, 19, 25, 30, 37, 45, 56, 60]",1,60
1256,2026-01-17T13:20:00.0,2026-01-26T18:57:45.531,"Any[8, 13, 19, 25, 30, 37, 45, 56]",8,56
1265,2026-01-17T13:20:00.0,2026-01-19T18:57:45.531,"Any[53, 45, 37, 30, 25, 19, 13, 8]",53,8
1268,2026-01-17T13:20:00.0,2026-01-26T18:57:45.531,"Any[54, 44, 36, 23, 19, 11, 6]",54,6
1269,2026-01-17T13:20:00.0,2026-01-12T18:57:45.531,"Any[60, 53, 45, 37, 30, 25]",60,25
1271,2026-01-17T13:20:00.0,2026-02-02T18:57:45.531,"Any[53, 45, 37, 30, 25, 19, 11, 6, 1]",53,1
1273,2026-01-17T13:20:00.0,2026-02-02T18:57:45.531,"Any[7, 8, 13, 19, 25, 30, 37, 45, 53]",7,53
1280,2026-01-17T13:20:00.0,2026-01-19T18:57:45.531,"Any[10, 19, 25, 30, 37, 45, 53]",10,53
1284,2026-01-17T13:20:00.0,2026-02-02T18:57:45.531,"Any[56, 45, 37, 30, 25, 19, 11, 6]",56,6
1287,2026-01-17T13:20:00.0,2026-02-02T18:57:45.531,"Any[1, 6, 11, 19, 25, 30, 37, 45, 53]",1,53
1291,2026-01-17T13:20:00.0,2026-02-02T18:57:45.531,"Any[6, 11, 19, 25, 30, 37, 45]",6,45
1295,2026-01-17T13:20:00.0,2026-01-26T18:57:45.531,"Any[8, 13, 19, 25, 30, 37, 45, 56]",8,56
1298,2026-01-17T13:20:00.0,2026-01-12T18:57:45.531,"Any[64, 60, 53, 45, 37, 30, 25, 19, 10]",64,10
1305,2026-01-17T13:20:00.0,2026-01-19T18:57:45.531,"Any[6, 11, 19, 25, 30, 37, 45]",6,45
1307,2026-01-17T13:20:00.0,2026-01-19T18:57:45.531,"Any[53, 45, 37, 30, 25]",53,25
1308,2026-01-17T13:20:00.0,2026-01-19T18:57:45.531,"Any[8, 13, 25, 30, 37, 45, 53]",8,53
1323,2026-01-17T13:20:00.0,2026-02-02T18:57:45.531,"Any[10, 19, 25, 30, 37, 45, 53]",10,53
1324,2026-01-17T13:20:00.0,2026-02-02T18:57:45.531,"Any[45, 37, 30, 25]",45,25
1326,2026-01-17T13:20:00.0,2026-01-19T18:57:45.531,"Any[64, 60, 53, 45, 37, 30, 25, 19, 11, 6, 1]",64,1
1327,2026-01-17T13:20:00.0,2026-01-12T18:57:45.531,"Any[64, 56, 45, 37, 30, 25, 19, 11, 6]",64,6
1332,2026-01-17T13:20:00.0,2026-01-26T18:57:45.531,"Any[53, 45, 37, 30, 25, 19, 10]",53,10
1335,2026-01-17T13:20:00.0,2026-01-12T18:57:45.531,"Any[7, 8, 13, 19, 25, 30, 37, 45, 56]",7,56
1340,2026-01-17T13:20:00.0,2026-02-02T18:57:45.531,"Any[60, 53, 45, 37, 30, 25, 19, 11, 6, 1]",60,1
1344,2026-01-17T13:20:00.0,2026-01-12T18:57:45.531,"Any[6, 11, 19, 25, 30, 37, 45, 53]",6,53
1360,2026-01-17T13:20:00.0,2026-01-26T18:57:45.531,"Any[10, 19, 25, 30, 37, 45, 53]",10,53
1362,2026-01-17T13:20:00.0,2026-01-26T18:57:45.531,"Any[8, 13, 19, 25, 30, 37, 45, 56]",8,56
1365,2026-01-17T13:20:00.0,2026-02-02T18:57:45.531,"Any[53, 45, 37, 30, 25, 19, 11, 6, 1]",53,1
1372,2026-01-17T13:20:00.0,2026-01-19T18:57:45.531,"Any[53, 45, 37, 30, 25, 19, 13, 8]",53,8
1375,2026-01-17T13:20:00.0,2026-02-02T18:57:45.531,"Any[53, 45, 37, 30, 25, 19, 10]",53,10
1382,2026-01-17T13:20:00.0,2026-02-02T18:57:45.531,"Any[3, 10, 19, 25, 30, 37, 45, 53]",3,53
1384,2026-01-17T13:20:00.0,2026-02-02T18:57:45.531,"Any[64, 60, 53, 45, 37, 30, 25]",64,25
1387,2026-01-17T13:20:00.0,2026-01-12T18:57:45.531,"Any[53, 45, 37, 30, 25, 19, 13, 8]",53,8
1389,2026-01-17T13:20:00.0,2026-01-19T18:57:45.531,"Any[53, 45, 37, 30, 25, 19, 13, 8]",53,8
1399,2026-01-17T13:20:00.0,2026-01-26T18:57:45.531,"Any[6, 11, 19, 25, 30, 37, 45]",6,45
1402,2026-01-17T13:20:00.0,2026-01-12T18:57:45.531,"Any[60, 56, 45, 37, 30, 25, 19]",60,19
1406,2026-01-17T13:20:00.0,2026-01-12T18:57:45.531,"Any[53, 45, 37, 30, 25, 19, 10]",53,10
1418,2026-01-17T13:20:00.0,2026-02-02T18:57:45.531,"Any[7, 8, 13, 19, 25, 30, 37, 45, 56]",7,56
1420,2026-01-17T13:20:00.0,2026-01-26T18:57:45.531,"Any[7, 8, 13, 19, 25, 30, 37, 45, 56]",7,56
1421,2026-01-17T13:20:00.0,2026-01-19T18:57:45.531,"Any[64, 60, 53, 45, 37, 30, 25, 19, 10]",64,10
1423,2026-01-17T13:20:00.0,2026-02-02T18:57:45.531,"Any[1, 6, 11, 19, 25, 30, 37, 45, 56]",1,56
1430,2026-01-17T13:20:00.0,2026-02-02T18:57:45.531,"Any[8, 13, 19, 25, 30, 37, 45, 56]",8,56
1440,2026-01-17T13:20:00.0,2026-02-02T18:57:45.531,"Any[53, 45, 37, 30, 25]",53,25
1442,2026-01-17T13:20:00.0,2026-02-02T18:57:45.531,"Any[1, 6, 11, 19, 25, 30, 37, 45, 53, 60]",1,60
1443,2026-01-17T13:20:00.0,2026-01-12T18:57:45.531,"Any[1, 6, 11, 19, 25, 30, 37, 45, 56, 60]",1,60
1457,2026-01-17T13:20:00.0,2026-01-26T18:57:45.531,"Any[8, 13, 19, 25, 30, 37, 45, 56]",8,56
1462,2026-01-17T13:20:00.0,2026-01-12T18:57:45.531,"Any[19, 25, 30, 37, 45, 56]",19,56
1470,2026-01-17T13:20:00.0,2026-01-12T18:57:45.531,"Any[3, 6, 11, 25, 30, 37, 45]",3,45
1472,2026-01-17T13:20:00.0,2026-02-02T18:57:45.531,"Any[10, 19, 25, 30, 37, 45, 53]",10,53
1476,2026-01-17T13:20:00.0,2026-02-02T18:57:45.531,"Any[56, 45, 37, 30, 25, 19, 11, 6]",56,6
1482,2026-01-17T13:20:00.0,2026-01-12T18:57:45.531,"Any[16, 17, 25, 30, 37, 45, 53]",16,53
1486,2026-01-17T13:20:00.0,2026-01-12T18:57:45.531,"Any[7, 8, 13, 19, 25, 30, 37, 45, 53]",7,53
1488,2026-01-17T13:20:00.0,2026-02-02T18:57:45.531,"Any[60, 53, 45, 37, 30, 25]",60,25
1500,2026-01-17T13:20:00.0,2026-02-02T18:57:45.531,"Any[64, 60, 53, 45, 37, 30, 25, 19, 10]",64,10
1505,2026-01-17T13:20:00.0,2026-01-12T18:57:45.531,"Any[19, 25, 30, 37, 45, 56, 60]",19,60
1512,2026-01-17T13:20:00.0,2026-01-19T18:57:45.531,"Any[64, 60, 53, 45, 37, 30, 25, 19, 10]",64,10
1515,2026-01-17T13:20:00.0,2026-02-02T18:57:45.531,"Any[60, 56, 45, 37, 30, 25, 19, 11, 6]",60,6
1524,2026-01-17T13:20:00.0,2026-02-02T18:57:45.531,"Any[53, 45, 37, 30, 25]",53,25
1525,2026-01-17T13:20:00.0,2026-01-12T18:57:45.531,"Any[8, 13, 19, 25, 30, 37, 45, 53]",8,53
1529,2026-01-17T13:20:00.0,2026-01-26T18:57:45.531,"Any[53, 45, 37, 30, 25, 19, 13, 8]",53,8
1545,2026-01-17T13:20:00.0,2026-01-12T18:57:45.531,"Any[53, 45, 37, 30, 25, 19, 10]",53,10
1550,2026-01-17T13:20:00.0,2026-01-12T18:57:45.531,"Any[53, 45, 37, 30, 25, 19, 13, 8]",53,8
1551,2026-01-17T13:20:00.0,2026-02-02T18:57:45.531,"Any[25, 30, 37, 45, 56, 60, 64]",25,64
1552,2026-01-17T13:20:00.0,2026-01-12T18:57:45.531,"Any[60, 53, 45, 37, 30, 25, 19, 11, 6, 6]",60,6
1555,2026-01-17T13:20:00.0,2026-01-12T18:57:45.531,"Any[25, 30, 37, 45, 53, 60]",25,60
1561,2026-01-17T13:20:00.0,2026-01-12T18:57:45.531,"Any[64, 60, 53, 45, 37, 30, 25, 19, 10]",64,10
1581,2026-01-17T13:20:00.0,2026-01-12T18:57:45.531,"Any[54, 44, 36, 23, 19, 13, 8]",54,8
1584,2026-01-17T13:20:00.0,2026-02-02T18:57:45.531,"Any[3, 10, 19, 25, 30, 37, 45, 53]",3,53
1591,2026-01-17T13:20:00.0,2026-01-12T18:57:45.531,"Any[1, 6, 11, 19, 25, 30, 37, 45, 56]",1,56
1600,2026-01-17T13:20:00.0,2026-02-02T18:57:45.531,"Any[56, 45, 37, 30, 25, 19, 13, 8]",56,8
1602,2026-01-17T13:20:00.0,2026-02-02T18:57:45.531,"Any[56, 45, 37, 30, 25, 19, 13, 8]",56,8
1603,2026-01-17T13:20:00.0,2026-02-02T18:57:45.531,"Any[60, 56, 45, 37, 30, 25, 19, 11, 6]",60,6
1604,2026-01-17T13:20:00.0,2026-01-19T18:57:45.531,"Any[64, 53, 45, 37, 30, 25, 19, 13, 8]",64,8
1607,2026-01-17T13:20:00.0,2026-02-02T18:57:45.531,"Any[8, 13, 19, 25, 30, 37, 45]",8,45
1615,2026-01-17T13:20:00.0,2026-01-26T18:57:45.531,"Any[6, 11, 19, 25, 30, 37, 45, 56]",6,56
1623,2026-01-17T13:20:00.0,2026-02-02T18:57:45.531,"Any[56, 45, 37, 30, 25, 19, 11, 6]",56,6
1625,2026-01-17T13:20:00.0,2026-01-26T18:57:45.531,"Any[53, 45, 37, 30, 25]",53,25
1637,2026-01-17T13:20:00.0,2026-01-19T18:57:45.531,"Any[1, 6, 11, 19, 25, 30, 37, 45, 53]",1,53
1642,2026-01-17T13:20:00.0,2026-01-26T18:57:45.531,"Any[60, 56, 45, 37, 30, 25, 19, 17, 19, 11, 6]",60,6
1643,2026-01-17T13:20:00.0,2026-01-26T18:57:45.531,"Any[3, 10, 19, 25, 30, 37, 45, 53]",3,53
1649,2026-01-17T13:20:00.0,2026-01-19T18:57:45.531,"Any[60, 56, 45, 37, 30, 25]",60,25
1653,2026-01-17T13:20:00.0,2026-01-12T18:57:45.531,"Any[25, 30, 37, 45, 53]",25,53
1657,2026-01-17T13:20:00.0,2026-01-12T18:57:45.531,"Any[10, 19, 25, 30, 37, 45, 53]",10,53
1663,2026-01-17T13:20:00.0,2026-01-19T18:57:45.531,"Any[62, 56, 45, 37, 30, 25, 19, 13, 8]",62,8
1671,2026-01-17T13:20:00.0,2026-01-12T18:57:45.531,"Any[60, 56, 45, 37, 30, 25, 19]",60,19
1682,2026-01-17T13:20:00.0,2026-02-02T18:57:45.531,"Any[60, 56, 45, 37, 30, 25]",60,25
1689,2026-01-17T13:20:00.0,2026-01-19T18:57:45.531,"Any[8, 13, 19, 25, 30, 37, 45, 53]",8,53
1703,2026-01-17T13:20:00.0,2026-01-26T18:57:45.531,"Any[19, 25, 30, 37, 45, 56]",19,56
1710,2026-01-17T13:20:00.0,2026-01-12T18:57:45.531,"Any[8, 13, 19, 25, 30, 37, 45, 56]",8,56
1712,2026-01-17T13:20:00.0,2026-01-19T18:57:45.531,"Any[60, 56, 45, 37, 30, 25, 19]",60,19
1717,2026-01-17T13:20:00.0,2026-02-02T18:57:45.531,"Any[53, 45, 37, 30, 25, 19, 13, 8]",53,8
1723,2026-01-17T13:20:00.0,2026-01-12T18:57:45.531,"Any[53, 45, 37, 30, 25, 19, 10]",53,10
1740,2026-01-17T13:20:00.0,2026-01-12T18:57:45.531,"Any[62, 45, 37, 30, 25, 19, 11, 6]",62,6
1756,2026-01-17T13:20:00.0,2026-01-19T18:57:45.531,"Any[53, 45, 37, 30, 25, 19, 10]",53,10
1761,2026-01-17T13:20:00.0,2026-01-12T18:57:45.531,"Any[64, 53, 45, 37, 30, 25, 19, 13, 8]",64,8
1781,2026-01-17T13:20:00.0,2026-01-19T18:57:45.531,"Any[64, 60, 56, 45, 37, 30, 25, 19, 13, 8]",64,8
1782,2026-01-17T13:20:00.0,2026-01-19T18:57:45.531,"Any[56, 45, 37, 30, 25]",56,25
1783,2026-01-17T13:20:00.0,2026-01-12T18:57:45.531,"Any[56, 45, 37, 30, 25]",56,25
1795,2026-01-17T13:20:00.0,2026-01-26T18:57:45.531,"Any[60, 53, 45, 37, 30, 25, 19, 10]",60,10
1802,2026-01-17T13:20:00.0,2026-01-12T18:57:45.531,"Any[53, 45, 37, 30, 25, 19, 11, 6]",53,6
1803,2026-01-17T13:20:00.0,2026-01-12T18:57:45.531,"Any[45, 37, 30, 25]",45,25
1804,2026-01-17T13:20:00.0,2026-01-12T18:57:45.531,"Any[60, 56, 45, 37, 30, 25, 19, 11, 6]",60,6
1805,2026-01-17T13:20:00.0,2026-01-19T18:57:45.531,"Any[13, 25, 30, 37, 45, 56]",13,56
1809,2026-01-17T13:20:00.0,2026-01-19T18:57:45.531,"Any[56, 45, 37, 30, 25]",56,25
1813,2026-01-17T13:20:00.0,2026-01-19T18:57:45.531,"Any[10, 19, 25, 30, 37, 45, 53]",10,53
1816,2026-01-17T13:20:00.0,2026-01-12T18:57:45.531,"Any[64, 53, 45, 37, 30, 25, 19, 10]",64,10
1822,2026-01-17T13:20:00.0,2026-01-26T18:57:45.531,"Any[60, 56, 45, 37, 30, 25, 19, 11, 6]",60,6
1830,2026-01-17T13:20:00.0,2026-01-12T18:57:45.531,"Any[10, 19, 25, 30, 37, 45, 53]",10,53
1833,2026-01-17T13:20:00.0,2026-02-02T18:57:45.531,"Any[17, 25, 30, 37, 45, 53]",17,53
1837,2026-01-17T13:20:00.0,2026-01-19T18:57:45.531,"Any[56, 45, 37, 30, 25]",56,25
1842,2026-01-17T13:20:00.0,2026-01-26T18:57:45.531,"Any[45, 37, 30, 25]",45,25
1852,2026-01-17T13:20:00.0,2026-02-02T18:57:45.531,"Any[64, 60, 56, 45, 37, 30, 25, 19, 17, 19, 13, 8]",64,8
1855,2026-01-17T13:20:00.0,2026-01-12T18:57:45.531,"Any[10, 19, 25, 30, 37, 45]",10,45
1861,2026-01-17T13:20:00.0,2026-01-12T18:57:45.531,"Any[53, 45, 37, 30, 25, 19, 11, 6, 1]",53,1
1872,2026-01-17T13:20:00.0,2026-01-26T18:57:45.531,"Any[17, 25, 30, 37, 45, 53, 60]",17,60
1873,2026-01-17T13:20:00.0,2026-01-12T18:57:45.531,"Any[10, 19, 25, 30, 37, 45, 53, 60]",10,60
1874,2026-01-17T13:20:00.0,2026-02-02T18:57:45.531,"Any[56, 45, 37, 30, 25, 19, 11, 6, 1]",56,1
1879,2026-01-17T13:20:00.0,2026-02-02T18:57:45.531,"Any[6, 11, 19, 25, 30, 37, 45, 56]",6,56
1900,2026-01-17T13:20:00.0,2026-01-19T18:57:45.531,"Any[53, 45, 37, 30, 25, 19, 13, 8]",53,8
1908,2026-01-17T13:20:00.0,2026-01-12T18:57:45.531,"Any[8, 13, 19, 25, 30, 37, 45, 56]",8,56
1913,2026-01-17T13:20:00.0,2026-01-12T18:57:45.531,"Any[6, 11, 19, 25, 30, 37, 45]",6,45
1916,2026-01-17T13:20:00.0,2026-01-12T18:57:45.531,"Any[53, 45, 37, 30, 25]",53,25
1917,2026-01-17T13:20:00.0,2026-02-02T18:57:45.531,"Any[6, 11, 19, 25, 30, 37, 45, 53]",6,53
1922,2026-01-17T13:20:00.0,2026-02-02T18:57:45.531,"Any[64, 60, 53, 45, 37, 30, 25, 19, 13, 8]",64,8
1926,2026-01-17T13:20:00.0,2026-01-19T18:57:45.531,"Any[53, 45, 37, 30, 25]",53,25
1930,2026-01-17T13:20:00.0,2026-01-19T18:57:45.531,"Any[19, 25, 30, 37, 45, 56]",19,56
1933,2026-01-17T13:20:00.0,2026-02-02T18:57:45.531,"Any[62, 45, 37, 30, 25, 19, 11, 6, 6, 1]",62,6
1938,2026-01-17T13:20:00.0,2026-01-12T18:57:45.531,"Any[6, 11, 19, 25, 30, 37, 45, 56]",6,56
1942,2026-01-17T13:20:00.0,2026-01-19T18:57:45.531,"Any[64, 60, 56, 45, 37, 30, 25, 19, 13, 8, 7, 8]",64,8
1943,2026-01-17T13:20:00.0,2026-01-12T18:57:45.531,"Any[53, 45, 37, 30, 25, 19, 11, 6, 1]",53,1
1945,2026-01-17T13:20:00.0,2026-01-26T18:57:45.531,"Any[8, 13, 19, 25, 30, 37, 45, 56]",8,56
1950,2026-01-17T13:20:00.0,2026-01-19T18:57:45.531,"Any[56, 45, 37, 30, 25, 19, 11, 6]",56,6
1951,2026-01-17T13:20:00.0,2026-01-12T18:57:45.531,"Any[6, 11, 19, 25, 30, 37, 45]",6,45
1952,2026-01-17T13:20:00.0,2026-01-19T18:57:45.531,"Any[10, 19, 25, 30, 37, 45, 53]",10,53
1953,2026-01-17T13:20:00.0,2026-01-26T18:57:45.531,"Any[19, 25, 30, 37, 45, 56]",19,56
1956,2026-01-17T13:20:00.0,2026-02-02T18:57:45.531,"Any[10, 19, 25, 30, 37, 45]",10,45
1963,2026-01-17T13:20:00.0,2026-02-02T18:57:45.531,"Any[10, 19, 25, 30, 37, 45, 53]",10,53
1965,2026-01-17T13:20:00.0,2026-01-26T18:57:45.531,"Any[53, 45, 37, 30, 25]",53,25
1968,2026-01-17T13:20:00.0,2026-01-12T18:57:45.531,"Any[53, 45, 37, 30, 25, 19, 11, 6, 1]",53,1
1969,2026-01-17T13:20:00.0,2026-01-12T18:57:45.531,"Any[3, 10, 19, 25, 30, 37, 45, 53]",3,53
1973,2026-01-17T13:20:00.0,2026-01-26T18:57:45.531,"Any[19, 25, 30, 37, 45]",19,45
1984,2026-01-17T13:20:00.0,2026-01-26T18:57:45.531,"Any[53, 45, 37, 30, 25, 19, 10]",53,10
1992,2026-01-17T13:20:00.0,2026-01-26T18:57:45.531,"Any[64, 53, 45, 37, 30, 25, 19, 13, 8]",64,8
1997,2026-01-17T13:20:00.0,2026-01-26T18:57:45.531,"Any[56, 45, 37, 30, 25]",56,25
2004,2026-01-17T13:20:00.0,2026-01-19T18:57:45.531,"Any[45, 37, 30, 25, 19, 17, 10]",45,10
2007,2026-01-17T13:20:00.0,2026-01-26T18:57:45.531,"Any[53, 45, 37, 30, 25]",53,25
2009,2026-01-17T13:20:00.0,2026-01-19T18:57:45.531,"Any[1, 6, 11, 19, 25, 30, 37, 45, 56]",1,56
2014,2026-01-17T13:20:00.0,2026-02-02T18:57:45.531,"Any[6, 11, 19, 25, 30, 37, 45]",6,45
2018,2026-01-17T13:20:00.0,2026-01-26T18:57:45.531,"Any[53, 45, 37, 30, 25, 19, 11, 6, 1]",53,1
2019,2026-01-17T13:20:00.0,2026-01-12T18:57:45.531,"Any[60, 56, 45, 37, 30, 25, 19, 17, 19, 11, 6, 6, 1]",60,6
2022,2026-01-17T13:20:00.0,2026-01-12T18:57:45.531,"Any[64, 60, 56, 45, 37, 30, 25, 19, 13, 8]",64,8
2026,2026-01-17T13:20:00.0,2026-02-02T18:57:45.531,"Any[1, 6, 11, 19, 25, 30, 37, 45, 53]",1,53
2027,2026-01-17T13:20:00.0,2026-02-02T18:57:45.531,"Any[60, 56, 53, 45, 37, 30, 25, 19, 11, 6]",60,6
2031,2026-01-17T13:20:00.0,2026-01-19T18:57:45.531,"Any[5, 6, 11, 19, 25, 30, 37, 45, 56]",5,56
2033,2026-01-17T13:20:00.0,2026-02-02T18:57:45.531,"Any[53, 45, 37, 30, 25]",53,25
2034,2026-01-17T13:20:00.0,2026-01-12T18:57:45.531,"Any[53, 45, 37, 30, 25, 19, 10]",53,10
2036,2026-01-17T13:20:00.0,2026-01-12T18:57:45.531,"Any[53, 45, 37, 30, 25, 19, 10]",53,10
2041,2026-01-17T13:20:00.0,2026-01-26T18:57:45.531,"Any[5, 6, 11, 25, 30, 37, 45, 56]",5,56
2044,2026-01-17T13:20:00.0,2026-01-12T18:57:45.531,"Any[8, 13, 19, 25, 30, 37, 45]",8,45
2046,2026-01-17T13:20:00.0,2026-02-02T18:57:45.531,"Any[64, 60, 53, 45, 37, 30, 25]",64,25
2047,2026-01-17T13:20:00.0,2026-01-26T18:57:45.531,"Any[19, 25, 30, 37, 45, 56]",19,56
2055,2026-01-17T13:20:00.0,2026-02-02T18:57:45.531,"Any[62, 53, 45, 37, 30, 25, 19, 13, 8]",62,8
2058,2026-01-17T13:20:00.0,2026-01-19T18:57:45.531,"Any[54, 44, 36, 23, 19, 11, 6]",54,6
2063,2026-01-17T13:20:00.0,2026-02-02T18:57:45.531,"Any[56, 45, 37, 30, 25, 19, 11, 6]",56,6
2068,2026-01-17T13:20:00.0,2026-01-12T18:57:45.531,"Any[7, 8, 13, 19, 25, 30, 37, 45, 53]",7,53
2089,2026-01-17T13:20:00.0,2026-01-26T18:57:45.531,"Any[53, 45, 37, 30, 25, 19, 13, 8]",53,8
2092,2026-01-17T13:20:00.0,2026-02-02T18:57:45.531,"Any[8, 13, 19, 25, 30, 37, 45, 53, 62]",8,62
2094,2026-01-17T13:20:00.0,2026-01-26T18:57:45.531,"Any[56, 45, 37, 30, 25, 19]",56,19
2096,2026-01-17T13:20:00.0,2026-01-12T18:57:45.531,"Any[6, 11, 19, 25, 30, 37, 45]",6,45
2102,2026-01-17T13:20:00.0,2026-01-12T18:57:45.531,"Any[6, 11, 19, 25, 30, 37, 45, 56]",6,56
2105,2026-01-17T13:20:00.0,2026-01-26T18:57:45.531,"Any[45, 37, 30, 23, 19, 11, 6]",45,6
2106,2026-01-17T13:20:00.0,2026-01-12T18:57:45.531,"Any[60, 53, 45, 37, 30, 25, 19, 10]",60,10
2108,2026-01-17T13:20:00.0,2026-02-02T18:57:45.531,"Any[64, 60, 53, 45, 37, 30, 25, 19, 10]",64,10
2121,2026-01-17T13:20:00.0,2026-02-02T18:57:45.531,"Any[8, 13, 19, 25, 30, 37, 45]",8,45
2124,2026-01-17T13:20:00.0,2026-02-02T18:57:45.531,"Any[53, 45, 37, 30, 25]",53,25
2126,2026-01-17T13:20:00.0,2026-02-02T18:57:45.531,"Any[60, 53, 45, 37, 30, 25, 19, 11, 6, 1]",60,1
2133,2026-01-17T13:20:00.0,2026-01-19T18:57:45.531,"Any[8, 13, 19, 25, 30, 37, 45]",8,45
2135,2026-01-17T13:20:00.0,2026-01-19T18:57:45.531,"Any[56, 45, 37, 45, 50, 45, 37, 30, 25]",56,25
2136,2026-01-17T13:20:00.0,2026-01-26T18:57:45.531,"Any[8, 13, 19, 25, 30, 37, 45, 53]",8,53
2142,2026-01-17T13:20:00.0,2026-01-26T18:57:45.531,"Any[53, 45, 37, 30, 25, 19, 11, 6, 1]",53,1
2145,2026-01-17T13:20:00.0,2026-01-26T18:57:45.531,"Any[53, 45, 37, 30, 25]",53,25
2149,2026-01-17T13:20:00.0,2026-02-02T18:57:45.531,"Any[56, 45, 37, 30, 25, 19, 13, 8]",56,8
2160,2026-01-17T13:20:00.0,2026-02-02T18:57:45.531,"Any[7, 8, 13, 19, 25, 30, 37, 45, 53, 60]",7,60
2161,2026-01-17T13:20:00.0,2026-01-26T18:57:45.531,"Any[8, 13, 19, 25, 30, 37, 45, 53]",8,53
2174,2026-01-17T13:20:00.0,2026-02-02T18:57:45.531,"Any[6, 11, 19, 25, 30, 37, 45]",6,45
2179,2026-01-17T13:20:00.0,2026-01-12T18:57:45.531,"Any[19, 25, 30, 37, 45, 56]",19,56
2181,2026-01-17T13:20:00.0,2026-01-26T18:57:45.531,"Any[53, 45, 37, 30, 25]",53,25
2186,2026-01-17T13:20:00.0,2026-01-12T18:57:45.531,"Any[53, 45, 37, 30, 25]",53,25
2187,2026-01-17T13:20:00.0,2026-01-19T18:57:45.531,"Any[53, 45, 37, 30, 25, 19, 11, 6, 1]",53,1
2188,2026-01-17T13:20:00.0,2026-01-12T18:57:45.531,"Any[60, 56, 45, 37, 30, 25]",60,25
2200,2026-01-17T13:20:00.0,2026-02-02T18:57:45.531,"Any[10, 19, 25, 30, 37, 45, 56]",10,56
2207,2026-01-17T13:20:00.0,2026-01-19T18:57:45.531,"Any[62, 45, 37, 30, 25, 19, 13, 8]",62,8
2212,2026-01-17T13:20:00.0,2026-01-19T18:57:45.531,"Any[53, 45, 37, 30, 25, 19, 13, 8]",53,8
2216,2026-01-17T13:20:00.0,2026-01-19T18:57:45.531,"Any[64, 53, 45, 37, 30, 25, 19, 13, 8]",64,8
2225,2026-01-17T13:20:00.0,2026-02-02T18:57:45.531,"Any[53, 45, 37, 30, 25]",53,25
2229,2026-01-17T13:20:00.0,2026-02-02T18:57:45.531,"Any[6, 11, 19, 25, 30, 37, 45, 53]",6,53
2240,2026-01-17T13:20:00.0,2026-01-26T18:57:45.531,"Any[60, 53, 45, 37, 30, 25]",60,25
2247,2026-01-17T13:20:00.0,2026-01-12T18:57:45.531,"Any[53, 45, 37, 30, 25, 19, 10]",53,10
2249,2026-01-17T13:20:00.0,2026-01-26T18:57:45.531,"Any[1, 6, 11, 16, 19, 25, 30, 37, 45, 56, 60, 64]",1,64
2252,2026-01-17T13:20:00.0,2026-02-02T18:57:45.531,"Any[53, 45, 37, 30, 25, 19, 10]",53,10
2256,2026-01-17T13:20:00.0,2026-01-26T18:57:45.531,"Any[10, 19, 25, 30, 37, 45, 53]",10,53
2259,2026-01-17T13:20:00.0,2026-01-12T18:57:45.531,"Any[53, 45, 37, 30, 25, 19, 10]",53,10
2271,2026-01-17T13:20:00.0,2026-01-12T18:57:45.531,"Any[60, 56, 45, 37, 30, 25]",60,25
2272,2026-01-17T13:20:00.0,2026-01-26T18:57:45.531,"Any[6, 11, 19, 25, 30, 37, 45, 53]",6,53
2279,2026-01-17T13:20:00.0,2026-01-26T18:57:45.531,"Any[13, 19, 25, 30, 37, 45, 56]",13,56
2281,2026-01-17T13:20:00.0,2026-01-12T18:57:45.531,"Any[53, 45, 37, 30, 25]",53,25
2285,2026-01-17T13:20:00.0,2026-01-19T18:57:45.531,"Any[45, 37, 30, 25, 19, 11, 6]",45,6
2288,2026-01-17T13:20:00.0,2026-02-02T18:57:45.531,"Any[60, 56, 45, 37, 30, 25, 19, 11, 6]",60,6
2289,2026-01-17T13:20:00.0,2026-01-19T18:57:45.531,"Any[45, 37, 30, 25, 19, 10]",45,10
2291,2026-01-17T13:20:00.0,2026-01-12T18:57:45.531,"Any[6, 11, 19, 25, 30, 37, 45, 56]",6,56
2294,2026-01-17T13:20:00.0,2026-02-02T18:57:45.531,"Any[53, 45, 37, 30, 25, 19, 10]",53,10
2312,2026-01-17T13:20:00.0,2026-01-19T18:57:45.531,"Any[1, 6, 11, 16, 25, 30, 37, 45, 56]",1,56
2313,2026-01-17T13:20:00.0,2026-01-19T18:57:45.531,"Any[64, 60, 53, 45, 37, 30, 25, 19, 11, 6, 1]",64,1
2317,2026-01-17T13:20:00.0,2026-01-12T18:57:45.531,"Any[7, 8, 13, 19, 25, 30, 37, 45, 53]",7,53
2319,2026-01-17T13:20:00.0,2026-01-12T18:57:45.531,"Any[64, 53, 45, 37, 30, 25, 19, 10]",64,10
2328,2026-01-17T13:20:00.0,2026-01-26T18:57:45.531,"Any[53, 45, 37, 30, 25, 19, 10]",53,10
2329,2026-01-17T13:20:00.0,2026-01-19T18:57:45.531,"Any[56, 45, 37, 30, 25, 19, 11, 6, 1]",56,1
2332,2026-01-17T13:20:00.0,2026-01-26T18:57:45.531,"Any[56, 45, 37, 30, 25]",56,25
2342,2026-01-17T13:20:00.0,2026-01-19T18:57:45.531,"Any[19, 25, 30, 37, 45, 56]",19,56
2350,2026-01-17T13:20:00.0,2026-01-26T18:57:45.531,"Any[25, 30, 37, 45]",25,45
2351,2026-01-17T13:20:00.0,2026-01-26T18:57:45.531,"Any[8, 13, 19, 25, 30, 37, 45, 56]",8,56
2356,2026-01-17T13:20:00.0,2026-02-02T18:57:45.531,"Any[10, 19, 25, 30, 37, 45, 53]",10,53
2359,2026-01-17T13:20:00.0,2026-01-12T18:57:45.531,"Any[1, 6, 11, 19, 25, 30, 37, 45, 53]",1,53
2367,2026-01-17T13:20:00.0,2026-02-02T18:57:45.531,"Any[60, 56, 45, 37, 30, 25, 19]",60,19
2372,2026-01-17T13:20:00.0,2026-01-26T18:57:45.531,"Any[53, 45, 37, 30, 25, 19, 10]",53,10
2379,2026-01-17T13:20:00.0,2026-01-12T18:57:45.531,"Any[19, 25, 30, 37, 45, 56]",19,56
2380,2026-01-17T13:20:00.0,2026-02-02T18:57:45.531,"Any[53, 45, 37, 30, 25, 19, 10]",53,10
2398,2026-01-17T13:20:00.0,2026-01-26T18:57:45.531,"Any[56, 45, 37, 30, 25]",56,25
2408,2026-01-17T13:20:00.0,2026-02-02T18:57:45.531,"Any[19, 25, 30, 37, 45, 53]",19,53
2409,2026-01-17T13:20:00.0,2026-02-02T18:57:45.531,"Any[6, 11, 19, 25, 30, 37, 45, 56]",6,56
2422,2026-01-17T13:20:00.0,2026-01-12T18:57:45.531,"Any[64, 60, 53, 45, 37, 30, 25, 19, 10]",64,10
2423,2026-01-17T13:20:00.0,2026-02-02T18:57:45.531,"Any[60, 56, 45, 37, 30, 25, 19, 11, 6]",60,6
2425,2026-01-17T13:20:00.0,2026-01-26T18:57:45.531,"Any[53, 45, 37, 30, 25, 19, 10]",53,10
2426,2026-01-17T13:20:00.0,2026-01-26T18:57:45.531,"Any[13, 19, 25, 30, 37, 45, 56]",13,56
2427,2026-01-17T13:20:00.0,2026-01-26T18:57:45.531,"Any[19, 25, 30, 37, 45, 56]",19,56
2428,2026-01-17T13:20:00.0,2026-01-19T18:57:45.531,"Any[53, 45, 37, 30, 25, 19, 13, 8]",53,8
2430,2026-01-17T13:20:00.0,2026-01-19T18:57:45.531,"Any[60, 56, 45, 37, 30, 25, 19, 11, 6]",60,6
2443,2026-01-17T13:20:00.0,2026-01-19T18:57:45.531,"Any[5, 6, 11, 19, 25, 30, 37, 45, 56]",5,56
2448,2026-01-17T13:20:00.0,2026-01-19T18:57:45.531,"Any[5, 6, 11, 19, 25, 30, 37, 45]",5,45
2458,2026-01-17T13:20:00.0,2026-01-26T18:57:45.531,"Any[64, 60, 53, 45, 37, 30, 25, 19, 13, 8]",64,8
2466,2026-01-17T13:20:00.0,2026-01-19T18:57:45.531,"Any[60, 53, 45, 37, 30, 25, 19, 11, 6, 1]",60,1
2467,2026-01-17T13:20:00.0,2026-01-26T18:57:45.531,"Any[60, 56, 45, 37, 30, 25, 19, 13, 8]",60,8
2473,2026-01-17T13:20:00.0,2026-01-26T18:57:45.531,"Any[53, 45, 37, 30, 25, 19, 10]",53,10
2474,2026-01-17T13:20:00.0,2026-01-19T18:57:45.531,"Any[60, 53, 45, 37, 30, 25, 19, 10]",60,10
2478,2026-01-17T13:20:00.0,2026-02-02T18:57:45.531,"Any[19, 25, 30, 37, 45, 53]",19,53
2479,2026-01-17T13:20:00.0,2026-01-19T18:57:45.531,"Any[64, 53, 45, 37, 30, 25, 19, 10]",64,10
2484,2026-01-17T13:20:00.0,2026-02-02T18:57:45.531,"Any[60, 53, 45, 37, 30, 25, 19, 17, 19, 11, 6]",60,6
2488,2026-01-17T13:20:00.0,2026-01-12T18:57:45.531,"Any[16, 17, 25, 30, 37, 45, 53]",16,53
2493,2026-01-17T13:20:00.0,2026-01-12T18:57:45.531,"Any[19, 25, 30, 37, 45]",19,45
2504,2026-01-17T13:20:00.0,2026-01-12T18:57:45.531,"Any[10, 11, 19, 25, 30, 37, 45, 53]",10,53
2520,2026-01-17T13:20:00.0,2026-01-12T18:57:45.531,"Any[56, 45, 37, 30, 25, 19, 11, 6]",56,6
2522,2026-01-17T13:20:00.0,2026-01-12T18:57:45.531,"Any[25, 30, 37, 45, 56]",25,56
2529,2026-01-17T13:20:00.0,2026-01-26T18:57:45.531,"Any[56, 45, 37, 30, 25, 19, 11, 6]",56,6
2535,2026-01-17T13:20:00.0,2026-02-02T18:57:45.531,"Any[3, 10, 19, 25, 30, 37, 45, 53]",3,53
2538,2026-01-17T13:20:00.0,2026-01-19T18:57:45.531,"Any[64, 53, 45, 37, 30, 25, 19, 10]",64,10
2541,2026-01-17T13:20:00.0,2026-01-12T18:57:45.531,"Any[6, 11, 19, 25, 30, 37, 45, 56]",6,56
2545,2026-01-17T13:20:00.0,2026-01-12T18:57:45.531,"Any[53, 45, 37, 30, 25, 19, 10]",53,10
2551,2026-01-17T13:20:00.0,2026-01-26T18:57:45.531,"Any[60, 56, 45, 37, 30, 25, 19, 11, 6]",60,6
2556,2026-01-17T13:20:00.0,2026-01-12T18:57:45.531,"Any[8, 13, 19, 25, 30, 37, 45, 56]",8,56
2564,2026-01-17T13:20:00.0,2026-01-19T18:57:45.531,"Any[10, 19, 25, 30, 37, 45, 53]",10,53
2567,2026-01-17T13:20:00.0,2026-01-26T18:57:45.531,"Any[1, 6, 11, 19, 25, 30, 37, 45, 53]",1,53
2572,2026-01-17T13:20:00.0,2026-01-26T18:57:45.531,"Any[53, 45, 37, 30, 25, 19, 11, 6, 1]",53,1
2576,2026-01-17T13:20:00.0,2026-02-02T18:57:45.531,"Any[53, 45, 37, 30, 25, 19, 13, 8]",53,8
2585,2026-01-17T13:20:00.0,2026-01-26T18:57:45.531,"Any[17, 16, 25, 30, 37, 45, 53]",17,53
2589,2026-01-17T13:20:00.0,2026-01-12T18:57:45.531,"Any[60, 53, 45, 37, 30, 25, 19, 11, 6, 6]",60,6
2590,2026-01-17T13:20:00.0,2026-02-02T18:57:45.531,"Any[10, 19, 25, 30, 37, 45, 53]",10,53
2598,2026-01-17T13:20:00.0,2026-01-26T18:57:45.531,"Any[1, 6, 11, 16, 25, 30, 37, 45, 53]",1,53
2599,2026-01-17T13:20:00.0,2026-01-19T18:57:45.531,"Any[45, 37, 30, 25]",45,25
2602,2026-01-17T13:20:00.0,2026-01-12T18:57:45.531,"Any[56, 45, 37, 30, 25]",56,25
2608,2026-01-17T13:20:00.0,2026-01-19T18:57:45.531,"Any[53, 45, 37, 30, 25, 19, 13, 8]",53,8
2613,2026-01-17T13:20:00.0,2026-01-19T18:57:45.531,"Any[3, 6, 11, 19, 25, 30, 37, 45]",3,45
2614,2026-01-17T13:20:00.0,2026-01-19T18:57:45.531,"Any[8, 13, 19, 25, 30, 37, 45, 56]",8,56
2618,2026-01-17T13:20:00.0,2026-01-12T18:57:45.531,"Any[60, 53, 45, 37, 30, 25]",60,25
2627,2026-01-17T13:20:00.0,2026-01-12T18:57:45.531,"Any[25, 30, 37, 45, 56]",25,56
2628,2026-01-17T13:20:00.0,2026-02-02T18:57:45.531,"Any[19, 25, 30, 37, 45, 53]",19,53
2631,2026-01-17T13:20:00.0,2026-01-19T18:57:45.531,"Any[53, 45, 37, 30, 25, 19, 10]",53,10
2635,2026-01-17T13:20:00.0,2026-01-12T18:57:45.531,"Any[10, 19, 25, 30, 37, 45, 56, 60]",10,60
2636,2026-01-17T13:20:00.0,2026-01-26T18:57:45.531,"Any[53, 45, 37, 30, 25, 19, 13, 8]",53,8
2645,2026-01-17T13:20:00.0,2026-01-26T18:57:45.531,"Any[6, 11, 19, 25, 30, 37, 45, 56]",6,56
2647,2026-01-17T13:20:00.0,2026-01-12T18:57:45.531,"Any[53, 45, 37, 30, 25, 19, 10]",53,10
2653,2026-01-17T13:20:00.0,2026-02-02T18:57:45.531,"Any[6, 11, 19, 25, 30, 37, 45]",6,45
2654,2026-01-17T13:20:00.0,2026-01-12T18:57:45.531,"Any[8, 13, 19, 25, 30, 37, 45, 56]",8,56
2660,2026-01-17T13:20:00.0,2026-01-12T18:57:45.531,"Any[8, 13, 19, 25, 30, 37, 45, 53]",8,53
2665,2026-01-17T13:20:00.0,2026-01-12T18:57:45.531,"Any[45, 37, 30, 25, 19]",45,19
2666,2026-01-17T13:20:00.0,2026-02-02T18:57:45.531,"Any[60, 56, 45, 37, 30, 25, 19, 11, 6, 1]",60,1
2668,2026-01-17T13:20:00.0,2026-01-19T18:57:45.531,"Any[10, 19, 25, 30, 37, 45, 53]",10,53
2670,2026-01-17T13:20:00.0,2026-02-02T18:57:45.531,"Any[19, 25, 30, 37, 45, 53]",19,53
2672,2026-01-17T13:20:00.0,2026-02-02T18:57:45.531,"Any[19, 25, 30, 37, 45, 56]",19,56
2679,2026-01-17T13:20:00.0,2026-02-02T18:57:45.531,"Any[6, 11, 19, 25, 30, 37, 45]",6,45
2685,2026-01-17T13:20:00.0,2026-01-12T18:57:45.531,"Any[7, 8, 13, 19, 25, 30, 37, 45, 53]",7,53
2687,2026-01-17T13:20:00.0,2026-02-02T18:57:45.531,"Any[64, 60, 53, 45, 37, 30, 25, 19, 11, 6, 1]",64,1
2697,2026-01-17T13:20:00.0,2026-01-12T18:57:45.531,"Any[6, 11, 19, 25, 30, 37, 45, 56]",6,56
2707,2026-01-17T13:20:00.0,2026-01-26T18:57:45.531,"Any[64, 56, 45, 37, 30, 25, 19, 11, 6]",64,6
2709,2026-01-17T13:20:00.0,2026-01-19T18:57:45.531,"Any[64, 60, 53, 45, 37, 30, 25, 19, 10]",64,10
2718,2026-01-17T13:20:00.0,2026-02-02T18:57:45.531,"Any[8, 13, 19, 25, 30, 37, 45, 56]",8,56
2720,2026-01-17T13:20:00.0,2026-01-12T18:57:45.531,"Any[60, 53, 45, 37, 30, 25]",60,25
2722,2026-01-17T13:20:00.0,2026-01-12T18:57:45.531,"Any[64, 60, 56, 45, 37, 30, 25, 19, 11, 6]",64,6
2729,2026-01-17T13:20:00.0,2026-02-02T18:57:45.531,"Any[10, 19, 25, 30, 37, 45, 56]",10,56
2733,2026-01-17T13:20:00.0,2026-01-12T18:57:45.531,"Any[25, 30, 37, 45, 56]",25,56
2735,2026-01-17T13:20:00.0,2026-01-26T18:57:45.531,"Any[53, 45, 37, 30, 25, 19, 10]",53,10
2738,2026-01-17T13:20:00.0,2026-01-12T18:57:45.531,"Any[10, 19, 25, 30, 37, 45, 53]",10,53
2742,2026-01-17T13:20:00.0,2026-01-26T18:57:45.531,"Any[19, 25, 30, 37, 45, 56]",19,56
2743,2026-01-17T13:20:00.0,2026-02-02T18:57:45.531,"Any[6, 11, 19, 25, 30, 37, 45]",6,45
2744,2026-01-17T13:20:00.0,2026-01-26T18:57:45.531,"Any[10, 19, 25, 30, 37, 45, 53, 60]",10,60
2748,2026-01-17T13:20:00.0,2026-02-02T18:57:45.531,"Any[64, 60, 53, 45, 37, 30, 25, 19, 11, 6, 1]",64,1
2763,2026-01-17T13:20:00.0,2026-01-12T18:57:45.531,"Any[56, 45, 37, 30, 25, 19, 11, 6, 1]",56,1
2776,2026-01-17T13:20:00.0,2026-01-12T18:57:45.531,"Any[1, 6, 11, 16, 25, 30, 37, 45, 56]",1,56
2788,2026-01-17T13:20:00.0,2026-01-26T18:57:45.531,"Any[53, 45, 37, 30, 25, 19, 13, 8]",53,8
2796,2026-01-17T13:20:00.0,2026-01-12T18:57:45.531,"Any[3, 10, 19, 25, 30, 37, 45, 53]",3,53
2797,2026-01-17T13:20:00.0,2026-01-12T18:57:45.531,"Any[53, 45, 37, 30, 25, 19, 10]",53,10
2804,2026-01-17T13:20:00.0,2026-01-12T18:57:45.531,"Any[64, 60, 53, 45, 37, 30, 25, 19, 13, 8]",64,8
2819,2026-01-17T13:20:00.0,2026-01-19T18:57:45.531,"Any[64, 60, 53, 45, 37, 30, 25, 19, 10]",64,10
2820,2026-01-17T13:20:00.0,2026-01-26T18:57:45.531,"Any[53, 45, 37, 30, 25, 19, 13, 8]",53,8
2823,2026-01-17T13:20:00.0,2026-01-26T18:57:45.531,"Any[56, 45, 37, 30, 25]",56,25
2824,2026-01-17T13:20:00.0,2026-01-26T18:57:45.531,"Any[8, 13, 25, 30, 37, 45]",8,45
2828,2026-01-17T13:20:00.0,2026-01-26T18:57:45.531,"Any[53, 45, 37, 30, 25]",53,25
2833,2026-01-17T13:20:00.0,2026-01-19T18:57:45.531,"Any[19, 25, 30, 37, 45, 56]",19,56
2837,2026-01-17T13:20:00.0,2026-01-26T18:57:45.531,"Any[8, 13, 19, 25, 30, 37, 45, 56]",8,56
2838,2026-01-17T13:20:00.0,2026-01-26T18:57:45.531,"Any[10, 19, 25, 30, 37, 45, 53]",10,53
2839,2026-01-17T13:20:00.0,2026-01-12T18:57:45.531,"Any[8, 13, 19, 25, 30, 37, 45, 53]",8,53
2841,2026-01-17T13:20:00.0,2026-01-26T18:57:45.531,"Any[64, 60, 53, 45, 37, 30, 25, 19, 11, 6, 1]",64,1
2842,2026-01-17T13:20:00.0,2026-01-26T18:57:45.531,"Any[1, 6, 11, 19, 25, 30, 37, 45, 53]",1,53
2847,2026-01-17T13:20:00.0,2026-02-02T18:57:45.531,"Any[60, 53, 45, 37, 30, 25, 19, 13, 8]",60,8
2848,2026-01-17T13:20:00.0,2026-02-02T18:57:45.531,"Any[53, 45, 37, 30, 25, 19, 10]",53,10
2858,2026-01-17T13:20:00.0,2026-02-02T18:57:45.531,"Any[6, 11, 19, 25, 30, 37, 45]",6,45
2875,2026-01-17T13:20:00.0,2026-02-02T18:57:45.531,"Any[10, 19, 25, 30, 37, 45, 53]",10,53
2885,2026-01-17T13:20:00.0,2026-01-12T18:57:45.531,"Any[25, 30, 37, 45, 53, 60]",25,60
2886,2026-01-17T13:20:00.0,2026-02-02T18:57:45.531,"Any[5, 10, 19, 25, 30, 37, 45, 53]",5,53
2890,2026-01-17T13:20:00.0,2026-01-19T18:57:45.531,"Any[8, 13, 19, 25, 30, 37, 45, 53]",8,53
2902,2026-01-17T13:20:00.0,2026-02-02T18:57:45.531,"Any[1, 6, 11, 19, 25, 30, 37, 45, 53]",1,53
2903,2026-01-17T13:20:00.0,2026-02-02T18:57:45.531,"Any[6, 11, 19, 25, 30, 37, 45]",6,45
2913,2026-01-17T13:20:00.0,2026-01-26T18:57:45.531,"Any[1, 6, 11, 19, 25, 30, 37, 45, 53]",1,53
2918,2026-01-17T13:20:00.0,2026-01-19T18:57:45.531,"Any[53, 45, 37, 30, 25]",53,25
2922,2026-01-17T13:20:00.0,2026-01-19T18:57:45.531,"Any[64, 60, 56, 45, 37, 30, 25, 19, 11, 6, 1]",64,1
2923,2026-01-17T13:20:00.0,2026-01-26T18:57:45.531,"Any[19, 25, 30, 37, 45]",19,45
2924,2026-01-17T13:20:00.0,2026-01-12T18:57:45.531,"Any[53, 45, 37, 30, 25, 19, 10]",53,10
2933,2026-01-17T13:20:00.0,2026-01-26T18:57:45.531,"Any[8, 13, 19, 25, 30, 37, 45, 53]",8,53
2948,2026-01-17T13:20:00.0,2026-02-02T18:57:45.531,"Any[6, 11, 19, 25, 30, 37, 45, 56, 60]",6,60
2952,2026-01-17T13:20:00.0,2026-01-12T18:57:45.531,"Any[6, 11, 19, 25, 30, 37, 45, 56]",6,56
2972,2026-01-17T13:20:00.0,2026-01-12T18:57:45.531,"Any[56, 45, 37, 30, 25, 19, 11, 6, 1, 1]",56,1
2973,2026-01-17T13:20:00.0,2026-01-12T18:57:45.531,"Any[19, 25, 30, 37, 45, 56]",19,56
2976,2026-01-17T13:20:00.0,2026-01-19T18:57:45.531,"Any[53, 45, 37, 30, 25]",53,25
2977,2026-01-17T13:20:00.0,2026-01-19T18:57:45.531,"Any[1, 6, 11, 19, 25, 30, 37, 45, 56]",1,56
2980,2026-01-17T13:20:00.0,2026-01-12T18:57:45.531,"Any[56, 45, 37, 30, 25, 19, 10]",56,10
2986,2026-01-17T13:20:00.0,2026-02-02T18:57:45.531,"Any[53, 45, 37, 30, 25, 19, 11, 6, 1]",53,1
2992,2026-01-17T13:20:00.0,2026-01-19T18:57:45.531,"Any[56, 45, 37, 30, 25]",56,25
2998,2026-01-17T13:20:00.0,2026-01-19T18:57:45.531,"Any[19, 25, 30, 37, 45, 56]",19,56
3018,2026-01-17T13:20:00.0,2026-01-19T18:57:45.531,"Any[56, 45, 37, 30, 25, 19, 11, 6, 1]",56,1
3030,2026-01-17T13:20:00.0,2026-01-12T18:57:45.531,"Any[25, 30, 37, 45, 53, 60]",25,60
3031,2026-01-17T13:20:00.0,2026-01-26T18:57:45.531,"Any[7, 8, 13, 19, 25, 30, 37, 45, 53, 60]",7,60
3034,2026-01-17T13:20:00.0,2026-01-19T18:57:45.531,"Any[45, 37, 30, 25, 19, 17, 10]",45,10
3041,2026-01-17T13:20:00.0,2026-01-26T18:57:45.531,"Any[64, 60, 56, 45, 37, 30, 25, 19, 11, 6]",64,6
3046,2026-01-17T13:20:00.0,2026-01-26T18:57:45.531,"Any[53, 45, 37, 30, 25, 19, 10]",53,10
3058,2026-01-17T13:20:00.0,2026-02-02T18:57:45.531,"Any[8, 13, 19, 25, 30, 37, 45, 56]",8,56
3061,2026-01-17T13:20:00.0,2026-01-19T18:57:45.531,"Any[19, 25, 30, 37, 45, 56]",19,56
3062,2026-01-17T13:20:00.0,2026-01-12T18:57:45.531,"Any[10, 19, 25, 30, 37, 45, 53]",10,53
3065,2026-01-17T13:20:00.0,2026-01-12T18:57:45.531,"Any[6, 11, 19, 25, 30, 37, 45, 56]",6,56
3077,2026-01-17T13:20:00.0,2026-01-26T18:57:45.531,"Any[64, 60, 53, 45, 37, 30, 25, 19, 11, 6, 1]",64,1
3078,2026-01-17T13:20:00.0,2026-01-12T18:57:45.531,"Any[53, 45, 37, 30, 25]",53,25
3081,2026-01-17T13:20:00.0,2026-02-02T18:57:45.531,"Any[53, 45, 37, 30, 25]",53,25
3088,2026-01-17T13:20:00.0,2026-01-26T18:57:45.531,"Any[60, 53, 45, 37, 30, 25, 19, 10]",60,10
3092,2026-01-17T13:20:00.0,2026-01-12T18:57:45.531,"Any[60, 56, 45, 37, 30, 25, 19, 10]",60,10
3097,2026-01-17T13:20:00.0,2026-02-02T18:57:45.531,"Any[60, 56, 45, 37, 30, 25, 19, 10]",60,10
3098,2026-01-17T13:20:00.0,2026-01-12T18:57:45.531,"Any[19, 25, 30, 37, 30, 37, 45, 53, 60, 64]",19,64
3099,2026-01-17T13:20:00.0,2026-02-02T18:57:45.531,"Any[19, 25, 30, 37, 45, 56, 60, 64]",19,64
3100,2026-01-17T13:20:00.0,2026-02-02T18:57:45.531,"Any[19, 25, 30, 37, 45, 56, 60, 64]",19,64
3101,2026-01-17T13:20:00.0,2026-01-12T18:57:45.531,"Any[19, 25, 30, 37, 45, 53]",19,53
3102,2026-01-17T13:20:00.0,2026-02-02T18:57:45.531,"Any[19, 25, 30, 37, 45, 53]",19,53
3104,2026-01-17T13:20:00.0,2026-01-19T18:57:45.531,"Any[19, 25, 30, 37, 45, 53]",19,53
3112,2026-01-17T13:20:00.0,2026-01-12T18:57:45.531,"Any[19, 25, 30, 37, 45, 53]",19,53
3115,2026-01-17T13:20:00.0,2026-02-02T18:57:45.531,"Any[19, 25, 30, 37, 45, 53]",19,53
3121,2026-01-17T13:20:00.0,2026-01-19T18:57:45.531,"Any[8, 13, 19, 25, 30, 37, 45, 56]",8,56
3125,2026-01-17T13:20:00.0,2026-02-02T18:57:45.531,"Any[8, 13, 19, 25, 30, 37, 45, 56]",8,56
3130,2026-01-17T13:20:00.0,2026-02-02T18:57:45.531,"Any[8, 13, 19, 25, 30, 37, 45, 56]",8,56
3133,2026-01-17T13:20:00.0,2026-02-02T18:57:45.531,"Any[8, 13, 19, 25, 30, 37, 45, 56]",8,56
3144,2026-01-17T13:20:00.0,2026-01-19T18:57:45.531,"Any[8, 13, 19, 25, 30, 37, 45, 56]",8,56
3153,2026-01-17T13:20:00.0,2026-01-19T18:57:45.531,"Any[8, 13, 19, 25, 30, 37, 45, 56]",8,56
3154,2026-01-17T13:20:00.0,2026-01-19T18:57:45.531,"Any[8, 13, 19, 25, 30, 37, 45, 56]",8,56
3167,2026-01-17T13:20:00.0,2026-01-19T18:57:45.531,"Any[1, 6, 11, 19, 23, 36, 44, 54, 60]",1,60
3175,2026-01-17T13:20:00.0,2026-01-26T18:57:45.531,"Any[1, 6, 11, 19, 25, 30, 37, 45, 53, 60]",1,60
3180,2026-01-17T13:20:00.0,2026-01-19T18:57:45.531,"Any[1, 6, 11, 19, 25, 30, 37, 45, 56]",1,56
3187,2026-01-17T13:20:00.0,2026-01-26T18:57:45.531,"Any[6, 11, 16, 25, 30, 37, 45, 53]",6,53
3194,2026-01-17T13:20:00.0,2026-01-19T18:57:45.531,"Any[6, 11, 19, 25, 30, 37, 45, 53]",6,53
25,2026-01-21T07:06:40.0,2026-01-30T12:44:25.531,"Any[56, 45, 37, 30, 25]",56,25
65,2026-01-21T07:06:40.0,2026-01-09T12:44:25.531,"Any[7, 8, 13, 19, 25, 30, 37, 45, 53]",7,53
66,2026-01-21T07:06:40.0,2026-01-16T12:44:25.531,"Any[8, 13, 19, 25, 30, 37, 45, 53]",8,53
87,2026-01-21T07:06:40.0,2026-01-23T12:44:25.531,"Any[6, 11, 19, 25, 30, 37, 45]",6,45
95,2026-01-21T07:06:40.0,2026-01-23T12:44:25.531,"Any[53, 45, 37, 30, 25, 19, 10]",53,10
111,2026-01-21T07:06:40.0,2026-01-30T12:44:25.531,"Any[8, 13, 19, 25, 30, 37, 45, 53]",8,53
125,2026-01-21T07:06:40.0,2026-01-23T12:44:25.531,"Any[60, 56, 45, 37, 30, 25, 19, 11, 6]",60,6
199,2026-01-21T07:06:40.0,2026-01-23T12:44:25.531,"Any[8, 13, 19, 25, 30, 37, 45, 53]",8,53
223,2026-01-21T07:06:40.0,2026-01-16T12:44:25.531,"Any[53, 45, 37, 30, 25, 19, 13, 8]",53,8
243,2026-01-21T07:06:40.0,2026-01-16T12:44:25.531,"Any[8, 13, 19, 25, 30, 37, 45, 56]",8,56
288,2026-01-21T07:06:40.0,2026-01-16T12:44:25.531,"Any[3, 6, 11, 19, 25, 30, 37, 45]",3,45
292,2026-01-21T07:06:40.0,2026-01-16T12:44:25.531,"Any[8, 13, 19, 25, 30, 37, 45, 56]",8,56
327,2026-01-21T07:06:40.0,2026-01-30T12:44:25.531,"Any[53, 45, 37, 30, 25]",53,25
352,2026-01-21T07:06:40.0,2026-01-30T12:44:25.531,"Any[10, 11, 19, 25, 30, 37, 45, 53]",10,53
359,2026-01-21T07:06:40.0,2026-01-16T12:44:25.531,"Any[60, 56, 45, 37, 30, 25, 19, 13, 19, 13, 8]",60,8
379,2026-01-21T07:06:40.0,2026-01-16T12:44:25.531,"Any[7, 8, 13, 19, 25, 30, 37, 45, 53, 60]",7,60
397,2026-01-21T07:06:40.0,2026-01-23T12:44:25.531,"Any[45, 37, 30, 25, 19, 13, 8]",45,8
411,2026-01-21T07:06:40.0,2026-01-23T12:44:25.531,"Any[4, 10, 19, 25, 30, 37, 45, 53]",4,53
418,2026-01-21T07:06:40.0,2026-01-09T12:44:25.531,"Any[6, 11, 19, 25, 30, 37, 45, 53]",6,53
441,2026-01-21T07:06:40.0,2026-01-23T12:44:25.531,"Any[10, 19, 25, 30, 37, 45, 53]",10,53
444,2026-01-21T07:06:40.0,2026-01-16T12:44:25.531,"Any[60, 56, 45, 37, 30, 25]",60,25
478,2026-01-21T07:06:40.0,2026-01-30T12:44:25.531,"Any[1, 6, 11, 19, 25, 30, 37, 45, 53]",1,53
514,2026-01-21T07:06:40.0,2026-01-16T12:44:25.531,"Any[53, 45, 37, 30, 25, 19, 11, 6, 1]",53,1
515,2026-01-21T07:06:40.0,2026-01-30T12:44:25.531,"Any[53, 45, 37, 30, 25, 19, 10]",53,10
562,2026-01-21T07:06:40.0,2026-01-30T12:44:25.531,"Any[64, 60, 56, 45, 37, 30, 25]",64,25
564,2026-01-21T07:06:40.0,2026-01-16T12:44:25.531,"Any[53, 45, 37, 30, 25, 19, 13, 8]",53,8
586,2026-01-21T07:06:40.0,2026-01-09T12:44:25.531,"Any[53, 45, 37, 30, 25, 19, 10]",53,10
588,2026-01-21T07:06:40.0,2026-01-23T12:44:25.531,"Any[53, 45, 37, 30, 25, 19, 10]",53,10
596,2026-01-21T07:06:40.0,2026-01-30T12:44:25.531,"Any[8, 13, 19, 25, 30, 37, 45, 56]",8,56
679,2026-01-21T07:06:40.0,2026-01-23T12:44:25.531,"Any[1, 6, 11, 19, 23, 28, 36, 44, 60]",1,60
693,2026-01-21T07:06:40.0,2026-01-23T12:44:25.531,"Any[64, 53, 45, 37, 30, 25, 19, 10]",64,10
697,2026-01-21T07:06:40.0,2026-01-23T12:44:25.531,"Any[53, 45, 37, 30, 25, 19, 10]",53,10
706,2026-01-21T07:06:40.0,2026-01-09T12:44:25.531,"Any[17, 25, 30, 37, 45, 53]",17,53
737,2026-01-21T07:06:40.0,2026-01-16T12:44:25.531,"Any[60, 56, 45, 37, 30, 25, 19, 11, 6]",60,6
748,2026-01-21T07:06:40.0,2026-01-23T12:44:25.531,"Any[56, 45, 37, 30, 25, 19, 13, 30, 25, 19, 13, 8]",56,8
761,2026-01-21T07:06:40.0,2026-01-30T12:44:25.531,"Any[6, 11, 19, 25, 30, 37, 45]",6,45
812,2026-01-21T07:06:40.0,2026-01-09T12:44:25.531,"Any[64, 60, 56, 45, 37, 30, 25]",64,25
813,2026-01-21T07:06:40.0,2026-01-16T12:44:25.531,"Any[64, 60, 53, 45, 37, 30, 25, 19, 13, 8]",64,8
828,2026-01-21T07:06:40.0,2026-01-16T12:44:25.531,"Any[19, 25, 30, 37, 45, 53]",19,53
836,2026-01-21T07:06:40.0,2026-01-09T12:44:25.531,"Any[16, 25, 30, 37, 45, 53, 60]",16,60
842,2026-01-21T07:06:40.0,2026-01-09T12:44:25.531,"Any[56, 45, 37, 30, 25]",56,25
854,2026-01-21T07:06:40.0,2026-01-23T12:44:25.531,"Any[1, 6, 11, 19, 25, 30, 37, 45, 53]",1,53
867,2026-01-21T07:06:40.0,2026-01-16T12:44:25.531,"Any[6, 11, 19, 25, 30, 37, 45, 56]",6,56
881,2026-01-21T07:06:40.0,2026-01-16T12:44:25.531,"Any[56, 45, 37, 30, 25, 19, 11, 6]",56,6
882,2026-01-21T07:06:40.0,2026-01-30T12:44:25.531,"Any[53, 45, 37, 30, 25, 19, 13, 8]",53,8
914,2026-01-21T07:06:40.0,2026-01-30T12:44:25.531,"Any[8, 13, 19, 25, 30, 37, 45, 56]",8,56
926,2026-01-21T07:06:40.0,2026-01-09T12:44:25.531,"Any[19, 25, 30, 37, 45, 56]",19,56
982,2026-01-21T07:06:40.0,2026-01-16T12:44:25.531,"Any[6, 11, 25, 30, 37, 45, 53]",6,53
990,2026-01-21T07:06:40.0,2026-01-23T12:44:25.531,"Any[7, 8, 13, 19, 25, 30, 37, 45, 53, 60]",7,60
1006,2026-01-21T07:06:40.0,2026-01-30T12:44:25.531,"Any[53, 45, 37, 30, 25, 19, 13, 8]",53,8
1012,2026-01-21T07:06:40.0,2026-01-23T12:44:25.531,"Any[56, 45, 37, 30, 25, 19, 10]",56,10
1015,2026-01-21T07:06:40.0,2026-01-16T12:44:25.531,"Any[53, 45, 37, 30, 25, 19, 11, 10, 11, 6, 1]",53,1
1044,2026-01-21T07:06:40.0,2026-01-16T12:44:25.531,"Any[19, 30, 37, 45, 56]",19,56
1059,2026-01-21T07:06:40.0,2026-01-16T12:44:25.531,"Any[56, 45, 37, 30, 25, 19, 11, 6]",56,6
1092,2026-01-21T07:06:40.0,2026-01-23T12:44:25.531,"Any[17, 16, 17, 25, 30, 37, 45, 53]",17,53
1093,2026-01-21T07:06:40.0,2026-01-09T12:44:25.531,"Any[60, 56, 45, 37, 30, 25, 19, 11, 6]",60,6
1118,2026-01-21T07:06:40.0,2026-01-16T12:44:25.531,"Any[7, 8, 13, 19, 25, 30, 37, 45, 53]",7,53
1139,2026-01-21T07:06:40.0,2026-01-23T12:44:25.531,"Any[56, 45, 37, 30, 25]",56,25
1168,2026-01-21T07:06:40.0,2026-01-16T12:44:25.531,"Any[1, 6, 11, 25, 30, 37, 45, 53]",1,53
1174,2026-01-21T07:06:40.0,2026-01-16T12:44:25.531,"Any[3, 10, 19, 25, 30, 37, 45, 53]",3,53
1178,2026-01-21T07:06:40.0,2026-01-23T12:44:25.531,"Any[10, 11, 19, 25, 30, 37, 45, 53]",10,53
1181,2026-01-21T07:06:40.0,2026-01-16T12:44:25.531,"Any[16, 17, 25, 30, 37, 45, 53]",16,53
1184,2026-01-21T07:06:40.0,2026-01-30T12:44:25.531,"Any[53, 45, 37, 30, 25, 19, 10]",53,10
1205,2026-01-21T07:06:40.0,2026-01-30T12:44:25.531,"Any[64, 60, 53, 45, 37, 30, 25, 19, 10]",64,10
1212,2026-01-21T07:06:40.0,2026-01-23T12:44:25.531,"Any[10, 19, 25, 30, 37, 45, 53]",10,53
1218,2026-01-21T07:06:40.0,2026-01-09T12:44:25.531,"Any[53, 45, 37, 30, 25]",53,25
1221,2026-01-21T07:06:40.0,2026-01-23T12:44:25.531,"Any[64, 60, 56, 45, 37, 30, 25, 19, 11, 6]",64,6
1229,2026-01-21T07:06:40.0,2026-01-09T12:44:25.531,"Any[64, 60, 56, 45, 37, 30, 25, 19, 11, 6]",64,6
1239,2026-01-21T07:06:40.0,2026-01-16T12:44:25.531,"Any[6, 11, 19, 25, 30, 37, 45, 56]",6,56
1282,2026-01-21T07:06:40.0,2026-01-30T12:44:25.531,"Any[7, 8, 13, 19, 25, 30, 37, 45]",7,45
1312,2026-01-21T07:06:40.0,2026-01-09T12:44:25.531,"Any[53, 45, 37, 30, 25]",53,25
1321,2026-01-21T07:06:40.0,2026-01-09T12:44:25.531,"Any[10, 11, 19, 25, 30, 37, 45, 53]",10,53
1337,2026-01-21T07:06:40.0,2026-01-30T12:44:25.531,"Any[8, 7, 8, 13, 19, 25, 30, 37, 45]",8,45
1339,2026-01-21T07:06:40.0,2026-01-30T12:44:25.531,"Any[56, 45, 37, 30, 25, 19, 11, 6]",56,6
1356,2026-01-21T07:06:40.0,2026-01-30T12:44:25.531,"Any[6, 10, 19, 25, 30, 37, 45]",6,45
1403,2026-01-21T07:06:40.0,2026-01-23T12:44:25.531,"Any[8, 13, 19, 25, 30, 37, 45, 53]",8,53
1412,2026-01-21T07:06:40.0,2026-01-23T12:44:25.531,"Any[53, 45, 37, 30, 25, 19, 11, 6, 1]",53,1
1435,2026-01-21T07:06:40.0,2026-01-30T12:44:25.531,"Any[56, 45, 37, 30, 25]",56,25
1449,2026-01-21T07:06:40.0,2026-01-23T12:44:25.531,"Any[10, 19, 25, 30, 37, 45, 53]",10,53
1541,2026-01-21T07:06:40.0,2026-01-30T12:44:25.531,"Any[60, 56, 45, 37, 30, 25]",60,25
1560,2026-01-21T07:06:40.0,2026-01-09T12:44:25.531,"Any[53, 45, 37, 30, 25, 19, 10]",53,10
1579,2026-01-21T07:06:40.0,2026-01-09T12:44:25.531,"Any[53, 45, 37, 30, 25, 19, 10]",53,10
1582,2026-01-21T07:06:40.0,2026-01-23T12:44:25.531,"Any[1, 6, 11, 19, 23, 36, 44, 54, 60]",1,60
1613,2026-01-21T07:06:40.0,2026-01-23T12:44:25.531,"Any[53, 45, 37, 30, 25]",53,25
1644,2026-01-21T07:06:40.0,2026-01-16T12:44:25.531,"Any[10, 19, 25, 30, 37, 45, 53]",10,53
1645,2026-01-21T07:06:40.0,2026-01-09T12:44:25.531,"Any[60, 53, 45, 37, 30, 25, 19, 10]",60,10
1664,2026-01-21T07:06:40.0,2026-01-23T12:44:25.531,"Any[53, 45, 37, 30, 25, 19, 10]",53,10
1679,2026-01-21T07:06:40.0,2026-01-30T12:44:25.531,"Any[53, 45, 37, 30, 25, 19, 10]",53,10
1700,2026-01-21T07:06:40.0,2026-01-30T12:44:25.531,"Any[6, 11, 19, 25, 30, 37, 45]",6,45
1713,2026-01-21T07:06:40.0,2026-01-23T12:44:25.531,"Any[4, 10, 19, 25, 30, 37, 45, 53]",4,53
1729,2026-01-21T07:06:40.0,2026-01-30T12:44:25.531,"Any[5, 6, 11, 25, 30, 37, 45]",5,45
1731,2026-01-21T07:06:40.0,2026-01-09T12:44:25.531,"Any[10, 19, 25, 30, 37, 45, 53, 60]",10,60
1733,2026-01-21T07:06:40.0,2026-01-23T12:44:25.531,"Any[56, 45, 37, 30, 25, 19, 10]",56,10
1737,2026-01-21T07:06:40.0,2026-01-09T12:44:25.531,"Any[6, 11, 19, 25, 30, 37, 45]",6,45
1763,2026-01-21T07:06:40.0,2026-01-30T12:44:25.531,"Any[6, 11, 19, 25, 30, 37, 45]",6,45
1771,2026-01-21T07:06:40.0,2026-01-09T12:44:25.531,"Any[19, 25, 30, 37, 45, 53]",19,53
1777,2026-01-21T07:06:40.0,2026-01-30T12:44:25.531,"Any[56, 45, 37, 30, 25, 19, 11, 6]",56,6
1796,2026-01-21T07:06:40.0,2026-01-09T12:44:25.531,"Any[53, 45, 37, 30, 25, 19, 10]",53,10
1825,2026-01-21T07:06:40.0,2026-01-16T12:44:25.531,"Any[13, 19, 25, 30, 37, 45, 56]",13,56
1856,2026-01-21T07:06:40.0,2026-01-09T12:44:25.531,"Any[53, 45, 37, 30, 25, 19, 10]",53,10
1875,2026-01-21T07:06:40.0,2026-01-16T12:44:25.531,"Any[8, 7, 8, 13, 19, 25, 30, 37, 45]",8,45
1911,2026-01-21T07:06:40.0,2026-01-30T12:44:25.531,"Any[10, 19, 25, 30, 37, 45, 53, 60]",10,60
1914,2026-01-21T07:06:40.0,2026-01-30T12:44:25.531,"Any[6, 11, 19, 25, 30, 37, 45, 56]",6,56
1940,2026-01-21T07:06:40.0,2026-01-23T12:44:25.531,"Any[6, 11, 19, 25, 30, 37, 45]",6,45
1975,2026-01-21T07:06:40.0,2026-01-09T12:44:25.531,"Any[6, 11, 19, 25, 30, 37, 45, 53]",6,53
2054,2026-01-21T07:06:40.0,2026-01-16T12:44:25.531,"Any[60, 56, 45, 37, 30, 25, 19]",60,19
2070,2026-01-21T07:06:40.0,2026-01-09T12:44:25.531,"Any[8, 13, 19, 25, 30, 37, 45, 56]",8,56
2086,2026-01-21T07:06:40.0,2026-01-23T12:44:25.531,"Any[53, 45, 37, 30, 25, 19, 10]",53,10
2107,2026-01-21T07:06:40.0,2026-01-09T12:44:25.531,"Any[60, 53, 45, 37, 30, 25, 19, 10]",60,10
2115,2026-01-21T07:06:40.0,2026-01-09T12:44:25.531,"Any[8, 13, 19, 25, 30, 37, 45, 56]",8,56
2166,2026-01-21T07:06:40.0,2026-01-30T12:44:25.531,"Any[6, 11, 19, 25, 30, 37, 45, 56]",6,56
2189,2026-01-21T07:06:40.0,2026-01-30T12:44:25.531,"Any[56, 45, 37, 30, 25, 19, 13, 8]",56,8
2198,2026-01-21T07:06:40.0,2026-01-16T12:44:25.531,"Any[8, 13, 19, 25, 30, 37, 45, 56]",8,56
2201,2026-01-21T07:06:40.0,2026-01-23T12:44:25.531,"Any[64, 60, 53, 45, 37, 30, 25]",64,25
2211,2026-01-21T07:06:40.0,2026-01-09T12:44:25.531,"Any[6, 11, 19, 25, 30, 37, 45, 56]",6,56
2244,2026-01-21T07:06:40.0,2026-01-09T12:44:25.531,"Any[7, 8, 13, 19, 25, 30, 37, 45, 53]",7,53
2246,2026-01-21T07:06:40.0,2026-01-09T12:44:25.531,"Any[7, 8, 13, 19, 25, 30, 37, 45, 53]",7,53
2260,2026-01-21T07:06:40.0,2026-01-23T12:44:25.531,"Any[8, 13, 19, 25, 37, 45, 56]",8,56
2346,2026-01-21T07:06:40.0,2026-01-23T12:44:25.531,"Any[8, 13, 19, 25, 30, 37, 45, 56]",8,56
2349,2026-01-21T07:06:40.0,2026-01-30T12:44:25.531,"Any[64, 60, 53, 45, 37, 30, 25, 19, 10]",64,10
2358,2026-01-21T07:06:40.0,2026-01-16T12:44:25.531,"Any[8, 13, 19, 25, 30, 37, 45, 53]",8,53
2360,2026-01-21T07:06:40.0,2026-01-09T12:44:25.531,"Any[64, 60, 53, 45, 37, 30, 25, 19, 11, 6, 1]",64,1
2388,2026-01-21T07:06:40.0,2026-01-23T12:44:25.531,"Any[60, 56, 45, 37, 30, 25, 19]",60,19
2453,2026-01-21T07:06:40.0,2026-01-09T12:44:25.531,"Any[10, 19, 25, 30, 37, 45, 53]",10,53
2464,2026-01-21T07:06:40.0,2026-01-23T12:44:25.531,"Any[8, 13, 19, 25, 30, 37, 45, 53]",8,53
2506,2026-01-21T07:06:40.0,2026-01-16T12:44:25.531,"Any[1, 6, 11, 19, 25, 30, 37, 45, 56]",1,56
2528,2026-01-21T07:06:40.0,2026-01-16T12:44:25.531,"Any[1, 6, 10, 19, 23, 36, 44, 54, 60]",1,60
2530,2026-01-21T07:06:40.0,2026-01-30T12:44:25.531,"Any[19, 25, 30, 37, 45, 53]",19,53
2534,2026-01-21T07:06:40.0,2026-01-30T12:44:25.531,"Any[53, 45, 37, 30, 25, 19, 13, 8]",53,8
2550,2026-01-21T07:06:40.0,2026-01-23T12:44:25.531,"Any[60, 53, 45, 37, 30, 25, 19, 10]",60,10
2555,2026-01-21T07:06:40.0,2026-01-30T12:44:25.531,"Any[6, 11, 19, 25, 30, 37, 45, 56]",6,56
2559,2026-01-21T07:06:40.0,2026-01-09T12:44:25.531,"Any[53, 45, 37, 30, 25, 19, 10]",53,10
2569,2026-01-21T07:06:40.0,2026-01-09T12:44:25.531,"Any[53, 45, 37, 30, 25]",53,25
2580,2026-01-21T07:06:40.0,2026-01-23T12:44:25.531,"Any[56, 45, 37, 30, 25, 19, 10]",56,10
2584,2026-01-21T07:06:40.0,2026-01-16T12:44:25.531,"Any[56, 45, 37, 30, 25]",56,25
2587,2026-01-21T07:06:40.0,2026-01-23T12:44:25.531,"Any[19, 30, 37, 45, 56]",19,56
2648,2026-01-21T07:06:40.0,2026-01-09T12:44:25.531,"Any[45, 37, 30, 25, 19, 10]",45,10
2692,2026-01-21T07:06:40.0,2026-01-23T12:44:25.531,"Any[53, 45, 37, 30, 25, 19, 13, 8]",53,8
2716,2026-01-21T07:06:40.0,2026-01-23T12:44:25.531,"Any[56, 45, 37, 30, 25, 19, 10]",56,10
2726,2026-01-21T07:06:40.0,2026-01-09T12:44:25.531,"Any[60, 56, 45, 37, 30, 25, 19, 13, 8]",60,8
2727,2026-01-21T07:06:40.0,2026-01-23T12:44:25.531,"Any[60, 56, 45, 37, 30, 25, 19, 11, 6]",60,6
2730,2026-01-21T07:06:40.0,2026-01-16T12:44:25.531,"Any[56, 45, 37, 30, 25, 19, 10, 6]",56,6
2787,2026-01-21T07:06:40.0,2026-01-23T12:44:25.531,"Any[53, 45, 37, 30, 25, 19, 13, 8]",53,8
2793,2026-01-21T07:06:40.0,2026-01-09T12:44:25.531,"Any[45, 37, 30, 25, 19, 10]",45,10
2844,2026-01-21T07:06:40.0,2026-01-09T12:44:25.531,"Any[56, 45, 37, 30, 25]",56,25
2870,2026-01-21T07:06:40.0,2026-01-16T12:44:25.531,"Any[10, 19, 25, 30, 37, 45, 53]",10,53
2876,2026-01-21T07:06:40.0,2026-01-16T12:44:25.531,"Any[53, 45, 37, 30, 25, 19, 11, 6, 1]",53,1
2937,2026-01-21T07:06:40.0,2026-01-09T12:44:25.531,"Any[56, 45, 37, 30, 25, 16]",56,16
3020,2026-01-21T07:06:40.0,2026-01-09T12:44:25.531,"Any[53, 45, 37, 30, 25, 19, 13, 8]",53,8
3028,2026-01-21T07:06:40.0,2026-01-30T12:44:25.531,"Any[10, 19, 25, 30, 37, 45, 53, 60]",10,60
3047,2026-01-21T07:06:40.0,2026-01-30T12:44:25.531,"Any[7, 8, 13, 19, 25, 30, 37, 45, 53, 60]",7,60
3073,2026-01-21T07:06:40.0,2026-01-23T12:44:25.531,"Any[4, 10, 19, 25, 30, 37, 45, 53]",4,53
3093,2026-01-21T07:06:40.0,2026-01-23T12:44:25.531,"Any[60, 53, 45, 37, 30, 25, 19, 10]",60,10
3110,2026-01-21T07:06:40.0,2026-01-23T12:44:25.531,"Any[19, 25, 30, 37, 45, 53]",19,53
3159,2026-01-21T07:06:40.0,2026-01-23T12:44:25.531,"Any[1, 6, 11, 19, 23, 28, 36, 44, 60]",1,60
3185,2026-01-21T07:06:40.0,2026-01-23T12:44:25.531,"Any[1, 6, 11, 19, 25, 30, 37, 45, 56]",1,56
6,2026-01-24T13:20:00.0,2026-01-12T18:57:45.531,"Any[10, 19, 25, 30, 37, 45, 53]",10,53
7,2026-01-24T13:20:00.0,2026-02-02T18:57:45.531,"Any[64, 56, 45, 37, 30, 25, 19, 11, 6]",64,6
8,2026-01-24T13:20:00.0,2026-02-02T18:57:45.531,"Any[6, 11, 19, 25, 30, 37, 45]",6,45
16,2026-01-24T13:20:00.0,2026-02-02T18:57:45.531,"Any[60, 53, 45, 37, 30, 25, 19, 11, 6, 6]",60,6
22,2026-01-24T13:20:00.0,2026-01-26T18:57:45.531,"Any[53, 45, 37, 30, 25, 19, 11, 6, 1]",53,1
36,2026-01-24T13:20:00.0,2026-01-19T18:57:45.531,"Any[7, 8, 13, 19, 25, 30, 37, 45, 53]",7,53
38,2026-01-24T13:20:00.0,2026-01-19T18:57:45.531,"Any[60, 56, 45, 37, 30, 25, 19, 11, 6]",60,6
40,2026-01-24T13:20:00.0,2026-01-26T18:57:45.531,"Any[60, 53, 45, 37, 30, 25, 19, 10]",60,10
41,2026-01-24T13:20:00.0,2026-01-19T18:57:45.531,"Any[3, 6, 11, 19, 25, 30, 37, 45]",3,45
49,2026-01-24T13:20:00.0,2026-01-12T18:57:45.531,"Any[1, 6, 11, 19, 25, 30, 37, 45, 53]",1,53
50,2026-01-24T13:20:00.0,2026-02-02T18:57:45.531,"Any[60, 53, 45, 37, 30, 25, 19, 13, 8]",60,8
59,2026-01-24T13:20:00.0,2026-01-12T18:57:45.531,"Any[60, 56, 45, 37, 30, 25, 19, 17, 19, 11, 6, 6, 1]",60,6
63,2026-01-24T13:20:00.0,2026-01-19T18:57:45.531,"Any[60, 56, 45, 37, 30, 25, 19]",60,19
70,2026-01-24T13:20:00.0,2026-01-19T18:57:45.531,"Any[3, 10, 19, 25, 30, 37, 45, 53]",3,53
72,2026-01-24T13:20:00.0,2026-01-19T18:57:45.531,"Any[1, 6, 11, 19, 30, 37, 45, 56]",1,56
78,2026-01-24T13:20:00.0,2026-01-19T18:57:45.531,"Any[53, 45, 37, 30, 25, 19, 11, 6, 1]",53,1
90,2026-01-24T13:20:00.0,2026-01-12T18:57:45.531,"Any[1, 6, 11, 19, 25, 30, 37, 45, 56, 60]",1,60
100,2026-01-24T13:20:00.0,2026-01-12T18:57:45.531,"Any[6, 11, 19, 25, 30, 37, 45, 56]",6,56
102,2026-01-24T13:20:00.0,2026-02-02T18:57:45.531,"Any[64, 60, 56, 45, 37, 30, 25, 19, 11, 6]",64,6
104,2026-01-24T13:20:00.0,2026-01-19T18:57:45.531,"Any[53, 45, 37, 30, 25]",53,25
106,2026-01-24T13:20:00.0,2026-01-19T18:57:45.531,"Any[64, 53, 45, 37, 30, 25, 19, 13, 8]",64,8
108,2026-01-24T13:20:00.0,2026-02-02T18:57:45.531,"Any[53, 45, 37, 30, 25, 19, 10]",53,10
117,2026-01-24T13:20:00.0,2026-01-19T18:57:45.531,"Any[3, 10, 19, 25, 30, 37, 45, 53]",3,53
128,2026-01-24T13:20:00.0,2026-01-12T18:57:45.531,"Any[6, 11, 19, 25, 30, 37, 45, 56]",6,56
137,2026-01-24T13:20:00.0,2026-01-26T18:57:45.531,"Any[19, 25, 30, 37, 45]",19,45
145,2026-01-24T13:20:00.0,2026-01-26T18:57:45.531,"Any[8, 13, 19, 25, 30, 37, 45]",8,45
149,2026-01-24T13:20:00.0,2026-01-12T18:57:45.531,"Any[56, 45, 37, 30, 25, 19, 10]",56,10
151,2026-01-24T13:20:00.0,2026-01-26T18:57:45.531,"Any[8, 13, 19, 25, 30, 37, 45, 56]",8,56
154,2026-01-24T13:20:00.0,2026-01-12T18:57:45.531,"Any[19, 25, 30, 37, 45]",19,45
157,2026-01-24T13:20:00.0,2026-01-19T18:57:45.531,"Any[6, 11, 16, 25, 30, 37, 45]",6,45
160,2026-01-24T13:20:00.0,2026-01-19T18:57:45.531,"Any[8, 13, 19, 25, 30, 37, 45, 56]",8,56
162,2026-01-24T13:20:00.0,2026-01-12T18:57:45.531,"Any[8, 13, 19, 25, 30, 37, 45, 53]",8,53
163,2026-01-24T13:20:00.0,2026-01-26T18:57:45.531,"Any[60, 53, 45, 37, 30, 25]",60,25
165,2026-01-24T13:20:00.0,2026-01-26T18:57:45.531,"Any[60, 53, 45, 37, 30, 25]",60,25
167,2026-01-24T13:20:00.0,2026-01-19T18:57:45.531,"Any[1, 6, 11, 19, 25, 30, 37, 45, 53]",1,53
172,2026-01-24T13:20:00.0,2026-02-02T18:57:45.531,"Any[64, 56, 45, 37, 30, 25, 19, 11, 6]",64,6
174,2026-01-24T13:20:00.0,2026-01-19T18:57:45.531,"Any[19, 25, 30, 37, 45, 53]",19,53
175,2026-01-24T13:20:00.0,2026-01-19T18:57:45.531,"Any[10, 19, 25, 30, 37, 45, 53]",10,53
183,2026-01-24T13:20:00.0,2026-01-19T18:57:45.531,"Any[60, 56, 45, 37, 30, 25, 19, 13, 8]",60,8
191,2026-01-24T13:20:00.0,2026-01-26T18:57:45.531,"Any[13, 19, 25, 30, 37, 45, 56]",13,56
192,2026-01-24T13:20:00.0,2026-01-19T18:57:45.531,"Any[1, 6, 11, 19, 25, 30, 37, 45, 53]",1,53
195,2026-01-24T13:20:00.0,2026-01-26T18:57:45.531,"Any[8, 13, 19, 25, 30, 37, 45, 56]",8,56
200,2026-01-24T13:20:00.0,2026-01-26T18:57:45.531,"Any[7, 8, 13, 19, 25, 30, 37, 45, 53]",7,53
201,2026-01-24T13:20:00.0,2026-01-12T18:57:45.531,"Any[17, 19, 25, 30, 37, 45, 53, 60]",17,60
214,2026-01-24T13:20:00.0,2026-02-02T18:57:45.531,"Any[60, 56, 45, 37, 30, 25, 19, 11, 6]",60,6
215,2026-01-24T13:20:00.0,2026-02-02T18:57:45.531,"Any[64, 60, 53, 45, 37, 30, 25, 19, 11, 6, 1]",64,1
230,2026-01-24T13:20:00.0,2026-01-12T18:57:45.531,"Any[7, 8, 13, 19, 25, 30, 37, 45, 53, 60]",7,60
238,2026-01-24T13:20:00.0,2026-01-12T18:57:45.531,"Any[64, 60, 53, 45, 37, 30, 25, 19, 10]",64,10
244,2026-01-24T13:20:00.0,2026-02-02T18:57:45.531,"Any[45, 37, 30, 25]",45,25
254,2026-01-24T13:20:00.0,2026-01-26T18:57:45.531,"Any[3, 10, 11, 19, 25, 30, 37, 45]",3,45
267,2026-01-24T13:20:00.0,2026-01-12T18:57:45.531,"Any[60, 56, 45, 37, 30, 25, 19]",60,19
268,2026-01-24T13:20:00.0,2026-01-12T18:57:45.531,"Any[64, 60, 53, 45, 37, 30, 25]",64,25
272,2026-01-24T13:20:00.0,2026-01-19T18:57:45.531,"Any[6, 11, 25, 30, 37, 45]",6,45
278,2026-01-24T13:20:00.0,2026-02-02T18:57:45.531,"Any[60, 53, 45, 37, 30, 25, 19, 10]",60,10
279,2026-01-24T13:20:00.0,2026-01-19T18:57:45.531,"Any[60, 56, 45, 37, 30, 25, 19, 11, 6]",60,6
283,2026-01-24T13:20:00.0,2026-02-02T18:57:45.531,"Any[6, 11, 19, 25, 30, 37, 45, 56]",6,56
284,2026-01-24T13:20:00.0,2026-01-26T18:57:45.531,"Any[53, 45, 37, 30, 25, 19, 10]",53,10
285,2026-01-24T13:20:00.0,2026-01-26T18:57:45.531,"Any[7, 8, 13, 19, 25, 30, 37, 45, 53]",7,53
290,2026-01-24T13:20:00.0,2026-01-12T18:57:45.531,"Any[53, 45, 37, 30, 25, 19, 13, 8]",53,8
301,2026-01-24T13:20:00.0,2026-01-19T18:57:45.531,"Any[56, 45, 37, 30, 25, 19, 11, 6]",56,6
308,2026-01-24T13:20:00.0,2026-01-26T18:57:45.531,"Any[64, 53, 45, 37, 30, 25, 19, 10]",64,10
328,2026-01-24T13:20:00.0,2026-02-02T18:57:45.531,"Any[10, 19, 25, 30, 37, 45, 53]",10,53
329,2026-01-24T13:20:00.0,2026-01-19T18:57:45.531,"Any[10, 19, 25, 30, 37, 45, 53]",10,53
330,2026-01-24T13:20:00.0,2026-01-26T18:57:45.531,"Any[19, 25, 30, 37, 45, 53]",19,53
331,2026-01-24T13:20:00.0,2026-01-12T18:57:45.531,"Any[60, 56, 45, 37, 30, 25]",60,25
332,2026-01-24T13:20:00.0,2026-01-26T18:57:45.531,"Any[25, 30, 37, 45, 53]",25,53
338,2026-01-24T13:20:00.0,2026-01-12T18:57:45.531,"Any[60, 53, 45, 37, 30, 25, 19, 11, 6]",60,6
342,2026-01-24T13:20:00.0,2026-01-19T18:57:45.531,"Any[64, 60, 53, 45, 37, 30, 25, 19, 10]",64,10
343,2026-01-24T13:20:00.0,2026-01-26T18:57:45.531,"Any[53, 45, 37, 30, 25, 19, 11, 6, 1]",53,1
351,2026-01-24T13:20:00.0,2026-01-19T18:57:45.531,"Any[10, 19, 25, 30, 37, 45, 53]",10,53
354,2026-01-24T13:20:00.0,2026-01-19T18:57:45.531,"Any[17, 16, 17, 25, 30, 37, 45, 53]",17,53
355,2026-01-24T13:20:00.0,2026-01-26T18:57:45.531,"Any[1, 6, 11, 19, 25, 30, 37, 45, 56]",1,56
360,2026-01-24T13:20:00.0,2026-02-02T18:57:45.531,"Any[1, 6, 11, 19, 25, 30, 37, 45, 53, 60]",1,60
362,2026-01-24T13:20:00.0,2026-01-19T18:57:45.531,"Any[19, 25, 30, 37, 45, 56]",19,56
363,2026-01-24T13:20:00.0,2026-01-12T18:57:45.531,"Any[16, 19, 25, 30, 37, 45, 53]",16,53
367,2026-01-24T13:20:00.0,2026-01-26T18:57:45.531,"Any[10, 19, 25, 30, 37, 45, 53]",10,53
380,2026-01-24T13:20:00.0,2026-01-19T18:57:45.531,"Any[56, 45, 37, 30, 25, 19, 13, 8]",56,8
392,2026-01-24T13:20:00.0,2026-01-19T18:57:45.531,"Any[56, 45, 37, 30, 25, 19, 11, 6, 1]",56,1
393,2026-01-24T13:20:00.0,2026-01-26T18:57:45.531,"Any[1, 6, 11, 19, 25, 30, 37, 45, 53]",1,53
396,2026-01-24T13:20:00.0,2026-01-12T18:57:45.531,"Any[64, 53, 45, 37, 30, 25, 19, 10]",64,10
398,2026-01-24T13:20:00.0,2026-01-19T18:57:45.531,"Any[6, 11, 19, 25, 30, 37, 45]",6,45
399,2026-01-24T13:20:00.0,2026-01-26T18:57:45.531,"Any[53, 45, 37, 30, 25]",53,25
402,2026-01-24T13:20:00.0,2026-01-12T18:57:45.531,"Any[60, 53, 45, 37, 30, 25, 19, 13, 8]",60,8
413,2026-01-24T13:20:00.0,2026-01-12T18:57:45.531,"Any[6, 11, 19, 25, 30, 37, 45]",6,45
417,2026-01-24T13:20:00.0,2026-01-19T18:57:45.531,"Any[64, 60, 53, 45, 37, 30, 25, 19, 11, 6, 1]",64,1
430,2026-01-24T13:20:00.0,2026-02-02T18:57:45.531,"Any[17, 25, 30, 37, 45]",17,45
433,2026-01-24T13:20:00.0,2026-01-26T18:57:45.531,"Any[53, 45, 37, 30, 25, 19, 11, 6, 1]",53,1
434,2026-01-24T13:20:00.0,2026-02-02T18:57:45.531,"Any[8, 13, 19, 25, 30, 37, 45, 56]",8,56
448,2026-01-24T13:20:00.0,2026-02-02T18:57:45.531,"Any[56, 45, 37, 30, 25]",56,25
452,2026-01-24T13:20:00.0,2026-01-12T18:57:45.531,"Any[8, 13, 19, 25, 30, 37, 45, 56]",8,56
456,2026-01-24T13:20:00.0,2026-02-02T18:57:45.531,"Any[8, 13, 19, 25, 30, 37, 45]",8,45
457,2026-01-24T13:20:00.0,2026-01-12T18:57:45.531,"Any[10, 19, 25, 30, 37, 45, 53]",10,53
458,2026-01-24T13:20:00.0,2026-01-12T18:57:45.531,"Any[56, 45, 37, 30, 25, 19, 13, 8]",56,8
470,2026-01-24T13:20:00.0,2026-01-19T18:57:45.531,"Any[19, 25, 30, 37, 45, 53, 60]",19,60
471,2026-01-24T13:20:00.0,2026-01-19T18:57:45.531,"Any[17, 16, 25, 30, 37, 45, 53]",17,53
472,2026-01-24T13:20:00.0,2026-01-19T18:57:45.531,"Any[1, 6, 11, 19, 25, 30, 37, 45, 56]",1,56
475,2026-01-24T13:20:00.0,2026-01-19T18:57:45.531,"Any[60, 53, 45, 37, 30, 25, 19, 10]",60,10
476,2026-01-24T13:20:00.0,2026-01-12T18:57:45.531,"Any[19, 25, 30, 37, 45, 56]",19,56
479,2026-01-24T13:20:00.0,2026-02-02T18:57:45.531,"Any[53, 45, 37, 30, 25, 19, 10]",53,10
483,2026-01-24T13:20:00.0,2026-01-19T18:57:45.531,"Any[10, 19, 25, 30, 37, 45, 53]",10,53
488,2026-01-24T13:20:00.0,2026-02-02T18:57:45.531,"Any[53, 45, 37, 30, 25, 19, 10]",53,10
489,2026-01-24T13:20:00.0,2026-02-02T18:57:45.531,"Any[64, 60, 53, 45, 37, 30, 25, 19, 11, 6, 1]",64,1
494,2026-01-24T13:20:00.0,2026-01-12T18:57:45.531,"Any[19, 25, 30, 37, 45, 53]",19,53
495,2026-01-24T13:20:00.0,2026-01-12T18:57:45.531,"Any[64, 60, 56, 45, 37, 30, 25]",64,25
502,2026-01-24T13:20:00.0,2026-02-02T18:57:45.531,"Any[64, 53, 45, 37, 30, 25, 19, 11, 6, 1]",64,1
505,2026-01-24T13:20:00.0,2026-01-19T18:57:45.531,"Any[25, 30, 37, 45, 56, 60, 64]",25,64
508,2026-01-24T13:20:00.0,2026-01-12T18:57:45.531,"Any[64, 56, 45, 37, 30, 25, 19, 11, 6]",64,6
509,2026-01-24T13:20:00.0,2026-01-12T18:57:45.531,"Any[60, 53, 45, 37, 30, 25, 19, 13, 8]",60,8
512,2026-01-24T13:20:00.0,2026-01-19T18:57:45.531,"Any[64, 60, 53, 45, 37, 30, 25, 19, 10]",64,10
520,2026-01-24T13:20:00.0,2026-01-19T18:57:45.531,"Any[56, 45, 37, 30, 25, 19, 11, 6, 1]",56,1
529,2026-01-24T13:20:00.0,2026-01-19T18:57:45.531,"Any[8, 13, 19, 25, 30, 37, 45, 56]",8,56
531,2026-01-24T13:20:00.0,2026-01-26T18:57:45.531,"Any[53, 45, 37, 30, 25, 19, 10]",53,10
532,2026-01-24T13:20:00.0,2026-01-19T18:57:45.531,"Any[45, 37, 30, 25, 19]",45,19
535,2026-01-24T13:20:00.0,2026-02-02T18:57:45.531,"Any[53, 45, 37, 30, 25, 19, 10]",53,10
537,2026-01-24T13:20:00.0,2026-02-02T18:57:45.531,"Any[60, 53, 45, 37, 30, 25, 19, 11, 6]",60,6
538,2026-01-24T13:20:00.0,2026-02-02T18:57:45.531,"Any[53, 45, 37, 30, 25]",53,25
541,2026-01-24T13:20:00.0,2026-01-19T18:57:45.531,"Any[53, 45, 37, 30, 25]",53,25
546,2026-01-24T13:20:00.0,2026-01-19T18:57:45.531,"Any[25, 30, 37, 45]",25,45
547,2026-01-24T13:20:00.0,2026-01-12T18:57:45.531,"Any[64, 60, 56, 45, 37, 30, 25, 19, 13, 8]",64,8
548,2026-01-24T13:20:00.0,2026-02-02T18:57:45.531,"Any[53, 45, 37, 30, 25, 19, 10]",53,10
551,2026-01-24T13:20:00.0,2026-01-26T18:57:45.531,"Any[19, 25, 30, 37, 45, 56]",19,56
555,2026-01-24T13:20:00.0,2026-01-19T18:57:45.531,"Any[53, 45, 37, 30, 25, 19, 13, 8]",53,8
563,2026-01-24T13:20:00.0,2026-01-26T18:57:45.531,"Any[53, 45, 37, 30, 25, 19, 10]",53,10
568,2026-01-24T13:20:00.0,2026-01-19T18:57:45.531,"Any[6, 11, 19, 25, 30, 37, 45, 56, 60]",6,60
569,2026-01-24T13:20:00.0,2026-01-26T18:57:45.531,"Any[14, 19, 25, 30, 37, 45, 53]",14,53
571,2026-01-24T13:20:00.0,2026-01-12T18:57:45.531,"Any[60, 56, 45, 37, 30, 25, 19, 11, 6]",60,6
583,2026-01-24T13:20:00.0,2026-01-12T18:57:45.531,"Any[19, 25, 30, 37, 45, 53, 60]",19,60
592,2026-01-24T13:20:00.0,2026-02-02T18:57:45.531,"Any[6, 11, 16, 25, 30, 37, 45, 56]",6,56
608,2026-01-24T13:20:00.0,2026-01-12T18:57:45.531,"Any[19, 25, 30, 37, 45, 56]",19,56
610,2026-01-24T13:20:00.0,2026-01-12T18:57:45.531,"Any[53, 45, 37, 30, 25]",53,25
614,2026-01-24T13:20:00.0,2026-02-02T18:57:45.531,"Any[60, 53, 45, 37, 30, 25, 19, 11, 6, 1]",60,1
618,2026-01-24T13:20:00.0,2026-02-02T18:57:45.531,"Any[60, 56, 45, 37, 30, 25]",60,25
626,2026-01-24T13:20:00.0,2026-02-02T18:57:45.531,"Any[6, 11, 19, 25, 30, 37, 45]",6,45
630,2026-01-24T13:20:00.0,2026-02-02T18:57:45.531,"Any[60, 56, 45, 37, 30, 25, 19, 11, 6]",60,6
636,2026-01-24T13:20:00.0,2026-01-12T18:57:45.531,"Any[53, 45, 37, 30, 25]",53,25
646,2026-01-24T13:20:00.0,2026-01-19T18:57:45.531,"Any[6, 11, 19, 25, 30, 37, 45, 56]",6,56
650,2026-01-24T13:20:00.0,2026-01-19T18:57:45.531,"Any[6, 10, 19, 25, 30, 37, 45]",6,45
658,2026-01-24T13:20:00.0,2026-02-02T18:57:45.531,"Any[6, 11, 19, 25, 30, 37, 45]",6,45
662,2026-01-24T13:20:00.0,2026-02-02T18:57:45.531,"Any[14, 19, 25, 30, 37, 45, 53]",14,53
663,2026-01-24T13:20:00.0,2026-02-02T18:57:45.531,"Any[19, 25, 30, 37, 45, 56]",19,56
665,2026-01-24T13:20:00.0,2026-01-26T18:57:45.531,"Any[60, 53, 45, 37, 30, 25, 19, 11, 6]",60,6
666,2026-01-24T13:20:00.0,2026-01-12T18:57:45.531,"Any[64, 56, 45, 37, 30, 25, 19, 11, 6]",64,6
668,2026-01-24T13:20:00.0,2026-02-02T18:57:45.531,"Any[6, 11, 19, 25, 30, 37, 45, 56]",6,56
669,2026-01-24T13:20:00.0,2026-01-26T18:57:45.531,"Any[53, 45, 37, 30, 25, 19, 11, 6, 1]",53,1
670,2026-01-24T13:20:00.0,2026-01-12T18:57:45.531,"Any[64, 53, 45, 37, 30, 25, 19, 10]",64,10
677,2026-01-24T13:20:00.0,2026-01-19T18:57:45.531,"Any[53, 45, 37, 30, 25, 19, 11, 6, 1]",53,1
680,2026-01-24T13:20:00.0,2026-02-02T18:57:45.531,"Any[17, 25, 30, 37, 45, 53]",17,53
685,2026-01-24T13:20:00.0,2026-01-26T18:57:45.531,"Any[8, 13, 19, 25, 30, 37, 45, 53]",8,53
688,2026-01-24T13:20:00.0,2026-01-19T18:57:45.531,"Any[53, 45, 37, 30, 25]",53,25
703,2026-01-24T13:20:00.0,2026-01-12T18:57:45.531,"Any[8, 13, 19, 25, 30, 37, 45, 56]",8,56
708,2026-01-24T13:20:00.0,2026-01-26T18:57:45.531,"Any[7, 8, 13, 19, 25, 30, 37, 45, 53]",7,53
712,2026-01-24T13:20:00.0,2026-01-12T18:57:45.531,"Any[53, 45, 37, 30, 25, 19, 10]",53,10
715,2026-01-24T13:20:00.0,2026-01-19T18:57:45.531,"Any[53, 45, 37, 30, 25, 19, 10]",53,10
716,2026-01-24T13:20:00.0,2026-01-19T18:57:45.531,"Any[53, 45, 37, 30, 25, 19, 11, 6, 1]",53,1
718,2026-01-24T13:20:00.0,2026-01-12T18:57:45.531,"Any[56, 45, 37, 30, 25, 19, 13, 8]",56,8
723,2026-01-24T13:20:00.0,2026-02-02T18:57:45.531,"Any[53, 45, 37, 30, 25, 19, 10]",53,10
724,2026-01-24T13:20:00.0,2026-02-02T18:57:45.531,"Any[62, 45, 37, 30, 25, 19, 13, 8]",62,8
733,2026-01-24T13:20:00.0,2026-01-26T18:57:45.531,"Any[54, 44, 36, 23, 19, 13, 8]",54,8
751,2026-01-24T13:20:00.0,2026-01-19T18:57:45.531,"Any[8, 13, 19, 25, 30, 37, 45, 56]",8,56
762,2026-01-24T13:20:00.0,2026-01-19T18:57:45.531,"Any[10, 19, 25, 30, 37, 45, 56, 60]",10,60
763,2026-01-24T13:20:00.0,2026-01-19T18:57:45.531,"Any[56, 45, 37, 30, 25, 19, 11, 6, 6]",56,6
764,2026-01-24T13:20:00.0,2026-02-02T18:57:45.531,"Any[19, 25, 30, 37, 45, 53]",19,53
766,2026-01-24T13:20:00.0,2026-02-02T18:57:45.531,"Any[7, 8, 13, 19, 25, 30, 37, 45, 56]",7,56
772,2026-01-24T13:20:00.0,2026-01-19T18:57:45.531,"Any[60, 56, 45, 37, 30, 25]",60,25
775,2026-01-24T13:20:00.0,2026-02-02T18:57:45.531,"Any[53, 45, 37, 30, 25, 19, 11, 6, 1]",53,1
778,2026-01-24T13:20:00.0,2026-01-19T18:57:45.531,"Any[53, 45, 37, 30, 25, 19, 13, 8]",53,8
781,2026-01-24T13:20:00.0,2026-01-19T18:57:45.531,"Any[2, 9, 21, 27, 31, 36, 45, 55]",2,55
783,2026-01-24T13:20:00.0,2026-01-19T18:57:45.531,"Any[56, 45, 37, 30, 25]",56,25
789,2026-01-24T13:20:00.0,2026-01-26T18:57:45.531,"Any[8, 13, 19, 25, 30, 37, 45, 56]",8,56
791,2026-01-24T13:20:00.0,2026-01-19T18:57:45.531,"Any[56, 45, 37, 30, 25, 19]",56,19
801,2026-01-24T13:20:00.0,2026-02-02T18:57:45.531,"Any[53, 45, 37, 30, 25, 19, 10]",53,10
805,2026-01-24T13:20:00.0,2026-01-26T18:57:45.531,"Any[60, 56, 45, 37, 30, 25, 19, 13, 8]",60,8
824,2026-01-24T13:20:00.0,2026-01-26T18:57:45.531,"Any[53, 45, 37, 30, 25, 19, 11, 6, 1]",53,1
832,2026-01-24T13:20:00.0,2026-01-12T18:57:45.531,"Any[64, 60, 56, 45, 37, 30, 25]",64,25
849,2026-01-24T13:20:00.0,2026-01-19T18:57:45.531,"Any[64, 60, 53, 45, 37, 30, 25, 19, 10]",64,10
850,2026-01-24T13:20:00.0,2026-02-02T18:57:45.531,"Any[1, 6, 11, 19, 25, 30, 37, 45, 56]",1,56
855,2026-01-24T13:20:00.0,2026-02-02T18:57:45.531,"Any[56, 45, 37, 30, 25, 19, 13, 8]",56,8
856,2026-01-24T13:20:00.0,2026-01-26T18:57:45.531,"Any[45, 37, 30, 25]",45,25
858,2026-01-24T13:20:00.0,2026-01-19T18:57:45.531,"Any[60, 56, 45, 37, 30, 25, 19, 11, 6, 1]",60,1
860,2026-01-24T13:20:00.0,2026-01-19T18:57:45.531,"Any[53, 45, 37, 30, 25]",53,25
862,2026-01-24T13:20:00.0,2026-01-19T18:57:45.531,"Any[60, 56, 45, 37, 30, 25]",60,25
868,2026-01-24T13:20:00.0,2026-01-19T18:57:45.531,"Any[17, 25, 30, 37, 45, 53, 60]",17,60
873,2026-01-24T13:20:00.0,2026-01-19T18:57:45.531,"Any[64, 60, 56, 45, 37, 30, 25, 19, 11, 10]",64,10
880,2026-01-24T13:20:00.0,2026-02-02T18:57:45.531,"Any[56, 45, 37, 45, 50, 45, 37, 30, 25]",56,25
888,2026-01-24T13:20:00.0,2026-01-12T18:57:45.531,"Any[60, 56, 45, 37, 30, 25, 19]",60,19
893,2026-01-24T13:20:00.0,2026-01-19T18:57:45.531,"Any[8, 13, 19, 25, 37, 45, 56, 60]",8,60
906,2026-01-24T13:20:00.0,2026-01-12T18:57:45.531,"Any[8, 13, 19, 25, 30, 37, 45, 56]",8,56
907,2026-01-24T13:20:00.0,2026-01-12T18:57:45.531,"Any[62, 56, 45, 37, 30, 25, 19]",62,19
909,2026-01-24T13:20:00.0,2026-01-19T18:57:45.531,"Any[19, 25, 30, 37, 45, 56]",19,56
911,2026-01-24T13:20:00.0,2026-01-26T18:57:45.531,"Any[45, 37, 30, 23, 19, 11, 6]",45,6
921,2026-01-24T13:20:00.0,2026-02-02T18:57:45.531,"Any[7, 8, 13, 19, 25, 30, 37, 45, 53]",7,53
922,2026-01-24T13:20:00.0,2026-01-19T18:57:45.531,"Any[1, 6, 11, 19, 25, 30, 37, 45, 53, 60]",1,60
931,2026-01-24T13:20:00.0,2026-01-12T18:57:45.531,"Any[60, 53, 45, 37, 30, 25]",60,25
936,2026-01-24T13:20:00.0,2026-01-19T18:57:45.531,"Any[60, 56, 45, 37, 30, 25, 19, 11, 6]",60,6
939,2026-01-24T13:20:00.0,2026-01-26T18:57:45.531,"Any[64, 53, 45, 37, 30, 25, 19, 10]",64,10
944,2026-01-24T13:20:00.0,2026-01-12T18:57:45.531,"Any[56, 45, 37, 30, 25]",56,25
947,2026-01-24T13:20:00.0,2026-02-02T18:57:45.531,"Any[56, 45, 37, 30, 25, 19, 10]",56,10
950,2026-01-24T13:20:00.0,2026-01-12T18:57:45.531,"Any[56, 45, 37, 30, 25, 19, 13, 8]",56,8
952,2026-01-24T13:20:00.0,2026-01-26T18:57:45.531,"Any[60, 53, 45, 37, 30, 25, 11, 6, 1]",60,1
955,2026-01-24T13:20:00.0,2026-02-02T18:57:45.531,"Any[54, 44, 36, 23, 19, 11, 6]",54,6
956,2026-01-24T13:20:00.0,2026-01-19T18:57:45.531,"Any[6, 11, 19, 25, 30, 37, 45, 53]",6,53
964,2026-01-24T13:20:00.0,2026-02-02T18:57:45.531,"Any[10, 19, 25, 30, 37, 45, 53]",10,53
980,2026-01-24T13:20:00.0,2026-01-12T18:57:45.531,"Any[60, 53, 45, 37, 30, 25]",60,25
981,2026-01-24T13:20:00.0,2026-01-12T18:57:45.531,"Any[56, 45, 37, 30, 25, 19, 11, 6]",56,6
985,2026-01-24T13:20:00.0,2026-01-19T18:57:45.531,"Any[64, 60, 53, 45, 37, 30, 25, 19, 11, 6, 1]",64,1
989,2026-01-24T13:20:00.0,2026-02-02T18:57:45.531,"Any[7, 8, 13, 19, 25, 30, 37, 45, 53]",7,53
994,2026-01-24T13:20:00.0,2026-01-26T18:57:45.531,"Any[64, 53, 45, 37, 30, 25, 19, 10]",64,10
996,2026-01-24T13:20:00.0,2026-01-12T18:57:45.531,"Any[8, 13, 19, 25, 30, 37, 45, 56]",8,56
1001,2026-01-24T13:20:00.0,2026-01-19T18:57:45.531,"Any[19, 25, 30, 37, 45, 53]",19,53
1002,2026-01-24T13:20:00.0,2026-01-19T18:57:45.531,"Any[8, 13, 19, 25, 30, 37, 45, 56]",8,56
1013,2026-01-24T13:20:00.0,2026-02-02T18:57:45.531,"Any[7, 8, 13, 19, 25, 30, 37, 45, 53]",7,53
1027,2026-01-24T13:20:00.0,2026-01-26T18:57:45.531,"Any[56, 45, 37, 30, 25]",56,25
1033,2026-01-24T13:20:00.0,2026-01-19T18:57:45.531,"Any[20, 19, 25, 30, 37, 45, 56]",20,56
1037,2026-01-24T13:20:00.0,2026-01-12T18:57:45.531,"Any[53, 45, 37, 30, 25, 19, 11, 6, 1]",53,1
1042,2026-01-24T13:20:00.0,2026-02-02T18:57:45.531,"Any[56, 45, 37, 30, 25, 19, 13, 8]",56,8
1046,2026-01-24T13:20:00.0,2026-02-02T18:57:45.531,"Any[19, 25, 30, 37, 45, 53]",19,53
1048,2026-01-24T13:20:00.0,2026-01-19T18:57:45.531,"Any[25, 30, 37, 45, 56, 60, 64]",25,64
1049,2026-01-24T13:20:00.0,2026-01-19T18:57:45.531,"Any[56, 45, 37, 30, 25, 19, 14]",56,14
1054,2026-01-24T13:20:00.0,2026-01-12T18:57:45.531,"Any[8, 13, 19, 25, 30, 37, 45, 56]",8,56
1056,2026-01-24T13:20:00.0,2026-01-26T18:57:45.531,"Any[53, 45, 37, 30, 25, 19, 13, 8]",53,8
1065,2026-01-24T13:20:00.0,2026-01-26T18:57:45.531,"Any[60, 56, 45, 37, 30, 25, 19, 11, 6]",60,6
1073,2026-01-24T13:20:00.0,2026-02-02T18:57:45.531,"Any[1, 6, 11, 19, 25, 30, 37, 45, 56]",1,56
1078,2026-01-24T13:20:00.0,2026-02-02T18:57:45.531,"Any[53, 45, 37, 30, 25, 19, 10]",53,10
1079,2026-01-24T13:20:00.0,2026-01-12T18:57:45.531,"Any[19, 25, 30, 37, 45, 56]",19,56
1081,2026-01-24T13:20:00.0,2026-01-12T18:57:45.531,"Any[64, 60, 53, 45, 37, 30, 25, 19, 11, 6, 1]",64,1
1084,2026-01-24T13:20:00.0,2026-02-02T18:57:45.531,"Any[10, 19, 25, 30, 37, 45, 53]",10,53
1089,2026-01-24T13:20:00.0,2026-01-26T18:57:45.531,"Any[1, 6, 11, 19, 25, 30, 37, 45, 56]",1,56
1098,2026-01-24T13:20:00.0,2026-02-02T18:57:45.531,"Any[6, 11, 19, 25, 30, 37, 45]",6,45
1102,2026-01-24T13:20:00.0,2026-01-12T18:57:45.531,"Any[19, 25, 30, 37, 45, 56]",19,56
1106,2026-01-24T13:20:00.0,2026-01-26T18:57:45.531,"Any[53, 45, 37, 30, 25, 19, 13, 8]",53,8
1111,2026-01-24T13:20:00.0,2026-01-26T18:57:45.531,"Any[16, 25, 30, 37, 45, 53]",16,53
1113,2026-01-24T13:20:00.0,2026-01-12T18:57:45.531,"Any[1, 6, 11, 19, 25, 30, 37, 45, 56]",1,56
1117,2026-01-24T13:20:00.0,2026-02-02T18:57:45.531,"Any[56, 45, 37, 30, 25]",56,25
1119,2026-01-24T13:20:00.0,2026-01-19T18:57:45.531,"Any[64, 53, 45, 37, 30, 25, 19, 10]",64,10
1127,2026-01-24T13:20:00.0,2026-01-19T18:57:45.531,"Any[3, 10, 19, 25, 30, 37, 45, 53]",3,53
1130,2026-01-24T13:20:00.0,2026-01-12T18:57:45.531,"Any[60, 53, 45, 37, 30, 25, 19, 13, 8]",60,8
1131,2026-01-24T13:20:00.0,2026-01-12T18:57:45.531,"Any[1, 6, 11, 19, 25, 30, 37, 45, 56]",1,56
1165,2026-01-24T13:20:00.0,2026-01-12T18:57:45.531,"Any[17, 25, 30, 37, 45, 53, 60]",17,60
1171,2026-01-24T13:20:00.0,2026-01-12T18:57:45.531,"Any[56, 45, 37, 30, 25, 19]",56,19
1175,2026-01-24T13:20:00.0,2026-01-12T18:57:45.531,"Any[53, 45, 37, 30, 25, 19, 10]",53,10
1176,2026-01-24T13:20:00.0,2026-02-02T18:57:45.531,"Any[17, 25, 30, 37, 45, 53]",17,53
1187,2026-01-24T13:20:00.0,2026-01-26T18:57:45.531,"Any[10, 19, 25, 30, 37, 45, 53, 60]",10,60
1189,2026-01-24T13:20:00.0,2026-01-12T18:57:45.531,"Any[8, 13, 19, 25, 30, 37, 45, 56]",8,56
1191,2026-01-24T13:20:00.0,2026-02-02T18:57:45.531,"Any[60, 53, 45, 37, 30, 25, 19, 10]",60,10
1202,2026-01-24T13:20:00.0,2026-01-19T18:57:45.531,"Any[6, 11, 16, 25, 30, 37, 45, 56]",6,56
1207,2026-01-24T13:20:00.0,2026-01-19T18:57:45.531,"Any[7, 8, 13, 19, 25, 30, 37, 45, 56]",7,56
1211,2026-01-24T13:20:00.0,2026-01-26T18:57:45.531,"Any[53, 45, 37, 30, 25, 19, 10]",53,10
1222,2026-01-24T13:20:00.0,2026-01-12T18:57:45.531,"Any[8, 13, 19, 25, 37, 45, 56, 60]",8,60
1223,2026-01-24T13:20:00.0,2026-02-02T18:57:45.531,"Any[6, 11, 19, 25, 30, 37, 45]",6,45
1228,2026-01-24T13:20:00.0,2026-01-12T18:57:45.531,"Any[45, 37, 30, 25, 19, 17, 10]",45,10
1242,2026-01-24T13:20:00.0,2026-02-02T18:57:45.531,"Any[3, 6, 11, 19, 25, 30, 37, 45]",3,45
1249,2026-01-24T13:20:00.0,2026-01-26T18:57:45.531,"Any[6, 11, 16, 25, 30, 37, 45, 53]",6,53
1258,2026-01-24T13:20:00.0,2026-01-26T18:57:45.531,"Any[60, 56, 45, 37, 30, 25, 19, 17, 19, 11, 6]",60,6
1259,2026-01-24T13:20:00.0,2026-01-19T18:57:45.531,"Any[19, 25, 30, 37, 45]",19,45
1260,2026-01-24T13:20:00.0,2026-02-02T18:57:45.531,"Any[53, 45, 37, 30, 25]",53,25
1263,2026-01-24T13:20:00.0,2026-01-26T18:57:45.531,"Any[60, 56, 45, 37, 30, 25, 19, 13, 8]",60,8
1266,2026-01-24T13:20:00.0,2026-01-12T18:57:45.531,"Any[19, 25, 30, 37, 45]",19,45
1277,2026-01-24T13:20:00.0,2026-02-02T18:57:45.531,"Any[8, 13, 19, 25, 30, 37, 45, 56]",8,56
1285,2026-01-24T13:20:00.0,2026-01-12T18:57:45.531,"Any[60, 56, 45, 37, 30, 25, 19, 10]",60,10
1290,2026-01-24T13:20:00.0,2026-01-26T18:57:45.531,"Any[8, 13, 25, 30, 37, 45]",8,45
1300,2026-01-24T13:20:00.0,2026-02-02T18:57:45.531,"Any[7, 8, 13, 19, 25, 30, 37, 45, 56]",7,56
1304,2026-01-24T13:20:00.0,2026-01-26T18:57:45.531,"Any[60, 53, 45, 37, 30, 25]",60,25
1309,2026-01-24T13:20:00.0,2026-01-12T18:57:45.531,"Any[53, 45, 37, 30, 25, 19, 11, 6, 1]",53,1
1310,2026-01-24T13:20:00.0,2026-01-19T18:57:45.531,"Any[53, 45, 37, 30, 25, 19, 10]",53,10
1315,2026-01-24T13:20:00.0,2026-02-02T18:57:45.531,"Any[6, 11, 19, 25, 30, 37, 45]",6,45
1322,2026-01-24T13:20:00.0,2026-01-19T18:57:45.531,"Any[25, 30, 37, 45, 53, 60, 64]",25,64
1329,2026-01-24T13:20:00.0,2026-01-12T18:57:45.531,"Any[60, 56, 45, 37, 30, 25, 19]",60,19
1346,2026-01-24T13:20:00.0,2026-02-02T18:57:45.531,"Any[6, 11, 16, 25, 30, 37, 45]",6,45
1353,2026-01-24T13:20:00.0,2026-01-12T18:57:45.531,"Any[60, 56, 45, 37, 30, 25, 19, 13, 8]",60,8
1354,2026-01-24T13:20:00.0,2026-01-12T18:57:45.531,"Any[60, 53, 45, 37, 30, 25]",60,25
1357,2026-01-24T13:20:00.0,2026-02-02T18:57:45.531,"Any[16, 17, 25, 30, 37, 45, 53]",16,53
1359,2026-01-24T13:20:00.0,2026-02-02T18:57:45.531,"Any[64, 53, 45, 37, 30, 25, 19, 10]",64,10
1373,2026-01-24T13:20:00.0,2026-01-26T18:57:45.531,"Any[60, 56, 45, 37, 30, 25, 19, 11, 6]",60,6
1376,2026-01-24T13:20:00.0,2026-01-19T18:57:45.531,"Any[3, 6, 11, 19, 25, 30, 37, 45, 53]",3,53
1378,2026-01-24T13:20:00.0,2026-01-12T18:57:45.531,"Any[60, 53, 45, 37, 30, 25, 19, 11, 6, 1]",60,1
1381,2026-01-24T13:20:00.0,2026-02-02T18:57:45.531,"Any[7, 8, 13, 19, 25, 30, 37, 45, 56]",7,56
1394,2026-01-24T13:20:00.0,2026-01-19T18:57:45.531,"Any[25, 30, 37, 45, 56]",25,56
1401,2026-01-24T13:20:00.0,2026-01-19T18:57:45.531,"Any[53, 45, 37, 30, 25, 19, 13, 8]",53,8
1426,2026-01-24T13:20:00.0,2026-01-12T18:57:45.531,"Any[8, 13, 19, 25, 30, 37, 45, 56]",8,56
1427,2026-01-24T13:20:00.0,2026-01-19T18:57:45.531,"Any[6, 11, 19, 25, 30, 37, 45]",6,45
1428,2026-01-24T13:20:00.0,2026-01-26T18:57:45.531,"Any[53, 45, 37, 30, 25]",53,25
1429,2026-01-24T13:20:00.0,2026-01-12T18:57:45.531,"Any[53, 45, 37, 30, 25, 19, 11, 6, 1]",53,1
1431,2026-01-24T13:20:00.0,2026-02-02T18:57:45.531,"Any[3, 10, 19, 25, 30, 37, 45, 53]",3,53
1432,2026-01-24T13:20:00.0,2026-02-02T18:57:45.531,"Any[7, 8, 13, 19, 25, 30, 37, 45, 53, 60]",7,60
1448,2026-01-24T13:20:00.0,2026-01-26T18:57:45.531,"Any[19, 25, 30, 37, 45, 56]",19,56
1450,2026-01-24T13:20:00.0,2026-01-26T18:57:45.531,"Any[19, 25, 30, 37, 45, 56]",19,56
1452,2026-01-24T13:20:00.0,2026-01-26T18:57:45.531,"Any[5, 6, 11, 25, 30, 37, 45, 56]",5,56
1453,2026-01-24T13:20:00.0,2026-01-26T18:57:45.531,"Any[6, 11, 25, 30, 37, 45]",6,45
1455,2026-01-24T13:20:00.0,2026-02-02T18:57:45.531,"Any[53, 45, 37, 30, 25, 19, 10]",53,10
1460,2026-01-24T13:20:00.0,2026-02-02T18:57:45.531,"Any[56, 45, 37, 30, 25, 19, 11, 6]",56,6
1464,2026-01-24T13:20:00.0,2026-01-26T18:57:45.531,"Any[53, 45, 37, 30, 25, 19, 10]",53,10
1465,2026-01-24T13:20:00.0,2026-01-12T18:57:45.531,"Any[60, 53, 45, 37, 30, 25, 19, 13, 8]",60,8
1477,2026-01-24T13:20:00.0,2026-01-26T18:57:45.531,"Any[20, 19, 25, 30, 37, 45, 53]",20,53
1479,2026-01-24T13:20:00.0,2026-02-02T18:57:45.531,"Any[60, 56, 45, 37, 30, 25, 19, 17, 19, 11, 6]",60,6
1481,2026-01-24T13:20:00.0,2026-02-02T18:57:45.531,"Any[1, 6, 11, 19, 25, 30, 37, 45, 56]",1,56
1489,2026-01-24T13:20:00.0,2026-01-19T18:57:45.531,"Any[53, 45, 37, 30, 25, 19, 13, 8]",53,8
1492,2026-01-24T13:20:00.0,2026-01-12T18:57:45.531,"Any[6, 11, 19, 25, 30, 37, 45]",6,45
1498,2026-01-24T13:20:00.0,2026-02-02T18:57:45.531,"Any[56, 45, 37, 30, 25, 19, 11, 6]",56,6
1501,2026-01-24T13:20:00.0,2026-02-02T18:57:45.531,"Any[64, 60, 53, 45, 37, 30, 25, 19, 10]",64,10
1502,2026-01-24T13:20:00.0,2026-01-19T18:57:45.531,"Any[45, 37, 30, 25]",45,25
1504,2026-01-24T13:20:00.0,2026-02-02T18:57:45.531,"Any[1, 6, 11, 19, 25, 30, 37, 45, 53, 60]",1,60
1513,2026-01-24T13:20:00.0,2026-01-19T18:57:45.531,"Any[8, 13, 19, 25, 30, 37, 45, 56]",8,56
1526,2026-01-24T13:20:00.0,2026-02-02T18:57:45.531,"Any[8, 13, 19, 25, 30, 37, 45, 56, 60]",8,60
1528,2026-01-24T13:20:00.0,2026-01-26T18:57:45.531,"Any[53, 45, 37, 30, 25, 19, 10]",53,10
1530,2026-01-24T13:20:00.0,2026-01-26T18:57:45.531,"Any[7, 8, 13, 19, 25, 30, 37, 45, 56]",7,56
1531,2026-01-24T13:20:00.0,2026-01-19T18:57:45.531,"Any[8, 13, 19, 25, 30, 37, 45, 53]",8,53
1533,2026-01-24T13:20:00.0,2026-01-26T18:57:45.531,"Any[53, 45, 37, 30, 25, 19, 11, 6, 1]",53,1
1534,2026-01-24T13:20:00.0,2026-01-19T18:57:45.531,"Any[53, 45, 37, 30, 25, 19, 11, 6, 1]",53,1
1535,2026-01-24T13:20:00.0,2026-01-12T18:57:45.531,"Any[56, 45, 37, 30, 25, 19, 11, 6]",56,6
1543,2026-01-24T13:20:00.0,2026-01-26T18:57:45.531,"Any[53, 45, 37, 30, 25, 19, 10]",53,10
1558,2026-01-24T13:20:00.0,2026-01-26T18:57:45.531,"Any[1, 6, 11, 19, 25, 30, 37, 45, 56]",1,56
1569,2026-01-24T13:20:00.0,2026-01-19T18:57:45.531,"Any[62, 45, 37, 30, 25, 19, 11, 6, 6, 1]",62,6
1575,2026-01-24T13:20:00.0,2026-02-02T18:57:45.531,"Any[56, 45, 37, 30, 25, 19, 11, 6, 1]",56,1
1587,2026-01-24T13:20:00.0,2026-02-02T18:57:45.531,"Any[53, 45, 37, 30, 25, 19, 10]",53,10
1593,2026-01-24T13:20:00.0,2026-01-19T18:57:45.531,"Any[8, 13, 19, 25, 30, 37, 45, 53]",8,53
1594,2026-01-24T13:20:00.0,2026-01-19T18:57:45.531,"Any[56, 45, 37, 30, 25, 19, 13, 8]",56,8
1595,2026-01-24T13:20:00.0,2026-01-19T18:57:45.531,"Any[7, 8, 13, 19, 25, 30, 37, 45, 53, 60]",7,60
1596,2026-01-24T13:20:00.0,2026-01-26T18:57:45.531,"Any[10, 19, 25, 30, 37, 45, 53]",10,53
1605,2026-01-24T13:20:00.0,2026-02-02T18:57:45.531,"Any[53, 45, 37, 30, 25, 19, 11, 6, 1]",53,1
1611,2026-01-24T13:20:00.0,2026-01-12T18:57:45.531,"Any[53, 45, 37, 30, 25, 19, 11, 6, 1]",53,1
1630,2026-01-24T13:20:00.0,2026-01-12T18:57:45.531,"Any[60, 56, 45, 37, 30, 25, 19, 10]",60,10
1638,2026-01-24T13:20:00.0,2026-01-26T18:57:45.531,"Any[64, 53, 45, 37, 30, 25, 19, 13, 8]",64,8
1639,2026-01-24T13:20:00.0,2026-01-12T18:57:45.531,"Any[56, 45, 37, 30, 25, 19, 13, 8]",56,8
1650,2026-01-24T13:20:00.0,2026-01-26T18:57:45.531,"Any[56, 45, 37, 30, 25, 19]",56,19
1655,2026-01-24T13:20:00.0,2026-02-02T18:57:45.531,"Any[53, 45, 37, 30, 25]",53,25
1666,2026-01-24T13:20:00.0,2026-01-12T18:57:45.531,"Any[53, 45, 37, 30, 25]",53,25
1667,2026-01-24T13:20:00.0,2026-01-19T18:57:45.531,"Any[8, 13, 19, 25, 30, 37, 45]",8,45
1674,2026-01-24T13:20:00.0,2026-01-19T18:57:45.531,"Any[53, 45, 37, 30, 25, 19, 13, 8]",53,8
1691,2026-01-24T13:20:00.0,2026-01-12T18:57:45.531,"Any[45, 37, 30, 25]",45,25
1699,2026-01-24T13:20:00.0,2026-01-19T18:57:45.531,"Any[10, 19, 25, 30, 37, 45, 53]",10,53
1705,2026-01-24T13:20:00.0,2026-01-12T18:57:45.531,"Any[64, 60, 53, 45, 37, 30, 25, 19, 11, 6, 1]",64,1
1714,2026-01-24T13:20:00.0,2026-01-26T18:57:45.531,"Any[19, 25, 30, 37, 45, 56]",19,56
1720,2026-01-24T13:20:00.0,2026-01-12T18:57:45.531,"Any[53, 45, 37, 30, 25, 19, 10]",53,10
1727,2026-01-24T13:20:00.0,2026-02-02T18:57:45.531,"Any[53, 45, 37, 30, 25, 19, 13, 8]",53,8
1730,2026-01-24T13:20:00.0,2026-01-12T18:57:45.531,"Any[10, 19, 25, 30, 37, 45, 53]",10,53
1732,2026-01-24T13:20:00.0,2026-01-12T18:57:45.531,"Any[8, 13, 19, 25, 30, 37, 45, 56]",8,56
1736,2026-01-24T13:20:00.0,2026-01-12T18:57:45.531,"Any[60, 56, 45, 37, 30, 25, 19, 11, 6]",60,6
1738,2026-01-24T13:20:00.0,2026-01-26T18:57:45.531,"Any[3, 6, 11, 19, 25, 30, 37, 45, 50, 45, 56]",3,56
1739,2026-01-24T13:20:00.0,2026-01-12T18:57:45.531,"Any[1, 6, 11, 19, 25, 30, 37, 45, 56]",1,56
1743,2026-01-24T13:20:00.0,2026-01-26T18:57:45.531,"Any[53, 45, 37, 30, 25, 19, 10]",53,10
1745,2026-01-24T13:20:00.0,2026-01-12T18:57:45.531,"Any[53, 45, 37, 30, 25, 19, 11, 6, 1]",53,1
1753,2026-01-24T13:20:00.0,2026-01-12T18:57:45.531,"Any[10, 19, 25, 30, 37, 45, 53]",10,53
1759,2026-01-24T13:20:00.0,2026-02-02T18:57:45.531,"Any[64, 60, 56, 45, 37, 30, 25, 19, 10]",64,10
1766,2026-01-24T13:20:00.0,2026-02-02T18:57:45.531,"Any[60, 56, 45, 37, 30, 25, 19, 11, 10, 3]",60,3
1769,2026-01-24T13:20:00.0,2026-01-26T18:57:45.531,"Any[8, 13, 19, 25, 30, 37, 45, 56]",8,56
1770,2026-01-24T13:20:00.0,2026-02-02T18:57:45.531,"Any[10, 19, 25, 30, 37, 45, 53]",10,53
1775,2026-01-24T13:20:00.0,2026-01-19T18:57:45.531,"Any[3, 6, 11, 19, 25, 30, 37, 45]",3,45
1779,2026-01-24T13:20:00.0,2026-01-19T18:57:45.531,"Any[8, 13, 19, 25, 30, 37, 45]",8,45
1791,2026-01-24T13:20:00.0,2026-01-19T18:57:45.531,"Any[56, 45, 37, 30, 25, 19, 10]",56,10
1793,2026-01-24T13:20:00.0,2026-01-12T18:57:45.531,"Any[53, 45, 37, 30, 25, 19, 11, 6, 1]",53,1
1794,2026-01-24T13:20:00.0,2026-01-12T18:57:45.531,"Any[6, 11, 16, 25, 30, 37, 45]",6,45
1797,2026-01-24T13:20:00.0,2026-02-02T18:57:45.531,"Any[56, 45, 37, 30, 25, 19]",56,19
1812,2026-01-24T13:20:00.0,2026-01-26T18:57:45.531,"Any[53, 45, 37, 30, 25]",53,25
1814,2026-01-24T13:20:00.0,2026-01-19T18:57:45.531,"Any[8, 13, 19, 25, 30, 37, 45, 56]",8,56
1829,2026-01-24T13:20:00.0,2026-01-19T18:57:45.531,"Any[7, 8, 13, 19, 25, 30, 37, 45, 56]",7,56
1832,2026-01-24T13:20:00.0,2026-01-12T18:57:45.531,"Any[53, 45, 37, 30, 25]",53,25
1834,2026-01-24T13:20:00.0,2026-01-19T18:57:45.531,"Any[56, 45, 37, 30, 25]",56,25
1835,2026-01-24T13:20:00.0,2026-01-26T18:57:45.531,"Any[7, 8, 13, 19, 25, 30, 37, 45, 56]",7,56
1841,2026-01-24T13:20:00.0,2026-02-02T18:57:45.531,"Any[53, 45, 37, 30, 25]",53,25
1847,2026-01-24T13:20:00.0,2026-01-12T18:57:45.531,"Any[8, 13, 19, 25, 30, 37, 45, 56]",8,56
1849,2026-01-24T13:20:00.0,2026-01-26T18:57:45.531,"Any[64, 53, 45, 37, 30, 25, 19, 13, 8]",64,8
1850,2026-01-24T13:20:00.0,2026-01-19T18:57:45.531,"Any[6, 11, 19, 25, 30, 37, 45, 56]",6,56
1854,2026-01-24T13:20:00.0,2026-01-12T18:57:45.531,"Any[19, 25, 30, 37, 45, 56]",19,56
1860,2026-01-24T13:20:00.0,2026-01-12T18:57:45.531,"Any[56, 45, 37, 30, 25, 19, 11, 6]",56,6
1870,2026-01-24T13:20:00.0,2026-01-12T18:57:45.531,"Any[64, 60, 53, 45, 37, 30, 25, 19, 11, 6, 1]",64,1
1881,2026-01-24T13:20:00.0,2026-02-02T18:57:45.531,"Any[7, 8, 13, 19, 25, 30, 37, 45, 56]",7,56
1883,2026-01-24T13:20:00.0,2026-01-19T18:57:45.531,"Any[45, 37, 30, 25]",45,25
1884,2026-01-24T13:20:00.0,2026-02-02T18:57:45.531,"Any[7, 8, 13, 19, 25, 30, 37, 45, 53, 60]",7,60
1889,2026-01-24T13:20:00.0,2026-02-02T18:57:45.531,"Any[8, 13, 19, 25, 30, 37, 45, 56]",8,56
1891,2026-01-24T13:20:00.0,2026-02-02T18:57:45.531,"Any[64, 60, 53, 45, 37, 30, 25, 19, 10]",64,10
1896,2026-01-24T13:20:00.0,2026-01-19T18:57:45.531,"Any[45, 37, 30, 25, 19, 10]",45,10
1899,2026-01-24T13:20:00.0,2026-01-26T18:57:45.531,"Any[19, 25, 30, 37, 45, 53]",19,53
1901,2026-01-24T13:20:00.0,2026-01-26T18:57:45.531,"Any[64, 60, 53, 45, 37, 30, 25, 19, 11, 6, 6, 1]",64,6
1910,2026-01-24T13:20:00.0,2026-01-12T18:57:45.531,"Any[10, 19, 25, 30, 37, 45, 53]",10,53
1921,2026-01-24T13:20:00.0,2026-01-26T18:57:45.531,"Any[10, 19, 25, 30, 37, 45, 53]",10,53
1925,2026-01-24T13:20:00.0,2026-01-19T18:57:45.531,"Any[64, 60, 53, 45, 37, 30, 25, 19, 10]",64,10
1927,2026-01-24T13:20:00.0,2026-01-26T18:57:45.531,"Any[53, 45, 37, 30, 25]",53,25
1929,2026-01-24T13:20:00.0,2026-01-12T18:57:45.531,"Any[53, 45, 37, 30, 25, 19, 10]",53,10
1936,2026-01-24T13:20:00.0,2026-01-26T18:57:45.531,"Any[17, 25, 30, 37, 45, 53, 60]",17,60
1937,2026-01-24T13:20:00.0,2026-01-12T18:57:45.531,"Any[56, 45, 37, 30, 25]",56,25
1939,2026-01-24T13:20:00.0,2026-01-19T18:57:45.531,"Any[60, 53, 45, 37, 30, 25, 19, 13, 8]",60,8
1946,2026-01-24T13:20:00.0,2026-01-26T18:57:45.531,"Any[8, 13, 19, 25, 30, 37, 45, 56]",8,56
1948,2026-01-24T13:20:00.0,2026-01-19T18:57:45.531,"Any[56, 45, 37, 30, 25, 19, 10]",56,10
1957,2026-01-24T13:20:00.0,2026-01-12T18:57:45.531,"Any[60, 56, 45, 37, 30, 25, 19, 11, 6]",60,6
1962,2026-01-24T13:20:00.0,2026-01-12T18:57:45.531,"Any[10, 19, 25, 30, 37, 45, 53]",10,53
1970,2026-01-24T13:20:00.0,2026-02-02T18:57:45.531,"Any[54, 44, 36, 23, 19, 13, 8]",54,8
1995,2026-01-24T13:20:00.0,2026-01-12T18:57:45.531,"Any[8, 13, 19, 25, 30, 37, 30, 37, 45, 53]",8,53
2000,2026-01-24T13:20:00.0,2026-01-19T18:57:45.531,"Any[53, 45, 37, 30, 25, 19, 10]",53,10
2003,2026-01-24T13:20:00.0,2026-01-26T18:57:45.531,"Any[19, 25, 30, 37, 45, 56, 55, 56]",19,56
2006,2026-01-24T13:20:00.0,2026-01-12T18:57:45.531,"Any[62, 45, 37, 30, 25, 19, 11, 6, 6, 1]",62,6
2008,2026-01-24T13:20:00.0,2026-01-19T18:57:45.531,"Any[64, 60, 53, 45, 37, 30, 25, 19, 10]",64,10
2010,2026-01-24T13:20:00.0,2026-01-19T18:57:45.531,"Any[53, 45, 37, 30, 25]",53,25
2012,2026-01-24T13:20:00.0,2026-01-19T18:57:45.531,"Any[56, 45, 37, 30, 25, 19, 11, 6]",56,6
2013,2026-01-24T13:20:00.0,2026-01-26T18:57:45.531,"Any[53, 45, 37, 30, 25, 19, 11, 6, 1]",53,1
2030,2026-01-24T13:20:00.0,2026-01-12T18:57:45.531,"Any[54, 44, 36, 23, 19, 11, 6]",54,6
2035,2026-01-24T13:20:00.0,2026-01-19T18:57:45.531,"Any[60, 56, 45, 37, 30, 25, 19]",60,19
2042,2026-01-24T13:20:00.0,2026-02-02T18:57:45.531,"Any[62, 45, 37, 30, 25, 19, 13, 8]",62,8
2043,2026-01-24T13:20:00.0,2026-01-12T18:57:45.531,"Any[8, 13, 19, 25, 30, 37, 45, 56]",8,56
2045,2026-01-24T13:20:00.0,2026-01-19T18:57:45.531,"Any[7, 8, 13, 19, 25, 30, 37, 45, 56]",7,56
2056,2026-01-24T13:20:00.0,2026-02-02T18:57:45.531,"Any[16, 25, 30, 37, 45, 53]",16,53
2059,2026-01-24T13:20:00.0,2026-01-19T18:57:45.531,"Any[60, 56, 45, 37, 30, 25, 19, 11, 6]",60,6
2062,2026-01-24T13:20:00.0,2026-01-12T18:57:45.531,"Any[53, 45, 37, 30, 25, 19, 13, 8]",53,8
2066,2026-01-24T13:20:00.0,2026-01-19T18:57:45.531,"Any[60, 53, 45, 37, 30, 25]",60,25
2075,2026-01-24T13:20:00.0,2026-01-26T18:57:45.531,"Any[53, 45, 37, 30, 25, 19, 13, 8]",53,8
2077,2026-01-24T13:20:00.0,2026-01-26T18:57:45.531,"Any[60, 53, 45, 37, 30, 25, 19, 10]",60,10
2084,2026-01-24T13:20:00.0,2026-01-19T18:57:45.531,"Any[53, 45, 37, 30, 25, 19, 10]",53,10
2085,2026-01-24T13:20:00.0,2026-01-26T18:57:45.531,"Any[53, 45, 37, 30, 25, 19, 10]",53,10
2097,2026-01-24T13:20:00.0,2026-01-26T18:57:45.531,"Any[56, 45, 37, 30, 25, 19, 10]",56,10
2123,2026-01-24T13:20:00.0,2026-01-19T18:57:45.531,"Any[53, 45, 37, 30, 25]",53,25
2128,2026-01-24T13:20:00.0,2026-01-19T18:57:45.531,"Any[8, 13, 19, 25, 30, 37, 45, 53]",8,53
2138,2026-01-24T13:20:00.0,2026-02-02T18:57:45.531,"Any[7, 8, 13, 19, 25, 30, 37, 45, 53]",7,53
2143,2026-01-24T13:20:00.0,2026-02-02T18:57:45.531,"Any[64, 60, 53, 45, 37, 30, 25, 19, 11, 6, 1]",64,1
2146,2026-01-24T13:20:00.0,2026-01-26T18:57:45.531,"Any[6, 11, 19, 25, 30, 37, 45, 56]",6,56
2154,2026-01-24T13:20:00.0,2026-01-19T18:57:45.531,"Any[53, 45, 37, 30, 25]",53,25
2155,2026-01-24T13:20:00.0,2026-01-26T18:57:45.531,"Any[7, 8, 13, 19, 25, 30, 37, 45, 53]",7,53
2162,2026-01-24T13:20:00.0,2026-02-02T18:57:45.531,"Any[19, 17, 25, 30, 37, 45, 53]",19,53
2170,2026-01-24T13:20:00.0,2026-01-19T18:57:45.531,"Any[45, 37, 30, 25, 19]",45,19
2173,2026-01-24T13:20:00.0,2026-01-12T18:57:45.531,"Any[19, 25, 30, 37, 45]",19,45
2184,2026-01-24T13:20:00.0,2026-02-02T18:57:45.531,"Any[53, 45, 37, 30, 25, 19, 10]",53,10
2193,2026-01-24T13:20:00.0,2026-01-12T18:57:45.531,"Any[53, 45, 37, 30, 25, 19, 10]",53,10
2195,2026-01-24T13:20:00.0,2026-01-12T18:57:45.531,"Any[6, 11, 19, 25, 30, 37, 45]",6,45
2202,2026-01-24T13:20:00.0,2026-01-19T18:57:45.531,"Any[64, 60, 53, 45, 37, 30, 25, 19, 11, 6, 1]",64,1
2214,2026-01-24T13:20:00.0,2026-01-19T18:57:45.531,"Any[60, 56, 45, 37, 30, 25]",60,25
2217,2026-01-24T13:20:00.0,2026-01-19T18:57:45.531,"Any[6, 11, 16, 25, 30, 37, 45, 53]",6,53
2222,2026-01-24T13:20:00.0,2026-01-12T18:57:45.531,"Any[19, 25, 30, 37, 45, 53, 60]",19,60
2230,2026-01-24T13:20:00.0,2026-01-19T18:57:45.531,"Any[19, 25, 30, 37, 45, 53]",19,53
2233,2026-01-24T13:20:00.0,2026-01-12T18:57:45.531,"Any[10, 19, 25, 30, 37, 45, 53]",10,53
2236,2026-01-24T13:20:00.0,2026-01-12T18:57:45.531,"Any[19, 25, 30, 37, 45, 53]",19,53
2250,2026-01-24T13:20:00.0,2026-02-02T18:57:45.531,"Any[25, 30, 37, 45]",25,45
2266,2026-01-24T13:20:00.0,2026-01-12T18:57:45.531,"Any[6, 11, 19, 25, 30, 37, 45]",6,45
2267,2026-01-24T13:20:00.0,2026-01-12T18:57:45.531,"Any[7, 8, 13, 19, 25, 30, 37, 45, 53, 60]",7,60
2274,2026-01-24T13:20:00.0,2026-01-26T18:57:45.531,"Any[6, 11, 25, 30, 37, 45]",6,45
2276,2026-01-24T13:20:00.0,2026-02-02T18:57:45.531,"Any[53, 45, 37, 30, 25, 19, 11, 6, 1]",53,1
2282,2026-01-24T13:20:00.0,2026-01-19T18:57:45.531,"Any[64, 60, 56, 45, 37, 30, 25, 19, 11, 6]",64,6
2286,2026-01-24T13:20:00.0,2026-01-26T18:57:45.531,"Any[62, 45, 37, 30, 25, 19, 13, 8]",62,8
2303,2026-01-24T13:20:00.0,2026-01-26T18:57:45.531,"Any[19, 25, 30, 37, 45, 53]",19,53
2307,2026-01-24T13:20:00.0,2026-01-19T18:57:45.531,"Any[64, 60, 56, 45, 37, 30, 25, 19, 13, 8, 7, 8]",64,8
2309,2026-01-24T13:20:00.0,2026-01-12T18:57:45.531,"Any[3, 6, 11, 19, 25, 30, 37, 45]",3,45
2310,2026-01-24T13:20:00.0,2026-02-02T18:57:45.531,"Any[62, 56, 45, 37, 30, 25, 19]",62,19
2315,2026-01-24T13:20:00.0,2026-01-26T18:57:45.531,"Any[62, 45, 37, 30, 25, 19, 13, 8]",62,8
2318,2026-01-24T13:20:00.0,2026-01-19T18:57:45.531,"Any[64, 53, 45, 37, 30, 25, 19, 10]",64,10
2325,2026-01-24T13:20:00.0,2026-01-26T18:57:45.531,"Any[25, 30, 37, 45, 56, 60, 64]",25,64
2327,2026-01-24T13:20:00.0,2026-01-26T18:57:45.531,"Any[1, 6, 11, 19, 25, 30, 37, 45, 56]",1,56
2330,2026-01-24T13:20:00.0,2026-01-26T18:57:45.531,"Any[10, 19, 25, 30, 37, 45, 53]",10,53
2338,2026-01-24T13:20:00.0,2026-02-02T18:57:45.531,"Any[64, 60, 56, 45, 37, 30, 25, 19, 11, 6, 1]",64,1
2348,2026-01-24T13:20:00.0,2026-01-12T18:57:45.531,"Any[19, 25, 30, 37, 45, 56]",19,56
2363,2026-01-24T13:20:00.0,2026-01-26T18:57:45.531,"Any[8, 13, 19, 25, 30, 37, 45, 53]",8,53
2364,2026-01-24T13:20:00.0,2026-01-19T18:57:45.531,"Any[6, 11, 19, 25, 30, 37, 45]",6,45
2368,2026-01-24T13:20:00.0,2026-01-12T18:57:45.531,"Any[10, 19, 25, 30, 37, 45, 53]",10,53
2374,2026-01-24T13:20:00.0,2026-01-12T18:57:45.531,"Any[56, 45, 37, 30, 25, 19, 13, 8]",56,8
2377,2026-01-24T13:20:00.0,2026-01-26T18:57:45.531,"Any[53, 45, 37, 30, 25, 19, 11, 6, 1]",53,1
2382,2026-01-24T13:20:00.0,2026-01-12T18:57:45.531,"Any[53, 45, 37, 30, 25, 19, 13, 8]",53,8
2387,2026-01-24T13:20:00.0,2026-01-26T18:57:45.531,"Any[6, 11, 25, 30, 37, 45]",6,45
2390,2026-01-24T13:20:00.0,2026-02-02T18:57:45.531,"Any[56, 45, 37, 30, 25, 19, 11, 6]",56,6
2391,2026-01-24T13:20:00.0,2026-01-26T18:57:45.531,"Any[53, 45, 37, 30, 25, 19, 10]",53,10
2393,2026-01-24T13:20:00.0,2026-01-19T18:57:45.531,"Any[6, 11, 19, 25, 30, 37, 45]",6,45
2401,2026-01-24T13:20:00.0,2026-02-02T18:57:45.531,"Any[10, 19, 25, 30, 37, 45, 53]",10,53
2402,2026-01-24T13:20:00.0,2026-01-12T18:57:45.531,"Any[19, 25, 30, 37, 45, 56]",19,56
2403,2026-01-24T13:20:00.0,2026-01-12T18:57:45.531,"Any[45, 37, 30, 23, 19, 11, 6]",45,6
2406,2026-01-24T13:20:00.0,2026-02-02T18:57:45.531,"Any[10, 19, 25, 30, 37, 45, 53]",10,53
2418,2026-01-24T13:20:00.0,2026-01-12T18:57:45.531,"Any[6, 11, 19, 25, 30, 37, 45, 53]",6,53
2420,2026-01-24T13:20:00.0,2026-02-02T18:57:45.531,"Any[53, 45, 37, 30, 25, 19, 13, 8]",53,8
2424,2026-01-24T13:20:00.0,2026-01-19T18:57:45.531,"Any[62, 53, 45, 37, 30, 25, 19, 13, 8]",62,8
2435,2026-01-24T13:20:00.0,2026-02-02T18:57:45.531,"Any[64, 60, 53, 45, 37, 30, 25, 19, 10]",64,10
2438,2026-01-24T13:20:00.0,2026-01-19T18:57:45.531,"Any[53, 45, 37, 30, 25, 19, 10]",53,10
2447,2026-01-24T13:20:00.0,2026-01-26T18:57:45.531,"Any[53, 45, 37, 30, 25, 19, 13, 8]",53,8
2450,2026-01-24T13:20:00.0,2026-01-19T18:57:45.531,"Any[6, 11, 19, 25, 30, 37, 45, 53]",6,53
2452,2026-01-24T13:20:00.0,2026-01-26T18:57:45.531,"Any[53, 45, 37, 30, 25, 19, 13, 8]",53,8
2465,2026-01-24T13:20:00.0,2026-01-19T18:57:45.531,"Any[19, 25, 30, 37, 45, 53]",19,53
2475,2026-01-24T13:20:00.0,2026-01-12T18:57:45.531,"Any[56, 45, 37, 30, 25, 19, 11, 6]",56,6
2482,2026-01-24T13:20:00.0,2026-01-12T18:57:45.531,"Any[53, 45, 37, 30, 25, 19, 13, 8]",53,8
2485,2026-01-24T13:20:00.0,2026-02-02T18:57:45.531,"Any[56, 45, 37, 30, 25, 19]",56,19
2489,2026-01-24T13:20:00.0,2026-01-12T18:57:45.531,"Any[53, 45, 37, 30, 25]",53,25
2492,2026-01-24T13:20:00.0,2026-01-26T18:57:45.531,"Any[56, 45, 37, 30, 25, 19, 11, 6, 1]",56,1
2498,2026-01-24T13:20:00.0,2026-01-19T18:57:45.531,"Any[53, 45, 37, 30, 25, 19, 11, 6, 1]",53,1
2508,2026-01-24T13:20:00.0,2026-01-26T18:57:45.531,"Any[64, 60, 53, 45, 37, 30, 25]",64,25
2523,2026-01-24T13:20:00.0,2026-01-19T18:57:45.531,"Any[10, 19, 25, 30, 37, 45, 53]",10,53
2524,2026-01-24T13:20:00.0,2026-01-26T18:57:45.531,"Any[53, 45, 37, 30, 25, 19, 11, 6, 1]",53,1
2532,2026-01-24T13:20:00.0,2026-01-12T18:57:45.531,"Any[8, 13, 19, 25, 30, 37, 45, 53]",8,53
2542,2026-01-24T13:20:00.0,2026-02-02T18:57:45.531,"Any[53, 45, 37, 30, 25, 19, 10]",53,10
2546,2026-01-24T13:20:00.0,2026-01-19T18:57:45.531,"Any[1, 6, 11, 16, 25, 30, 37, 45, 56]",1,56
2547,2026-01-24T13:20:00.0,2026-02-02T18:57:45.531,"Any[1, 6, 11, 19, 25, 30, 37, 45, 56]",1,56
2558,2026-01-24T13:20:00.0,2026-01-12T18:57:45.531,"Any[10, 19, 25, 30, 37, 45, 53]",10,53
2571,2026-01-24T13:20:00.0,2026-01-19T18:57:45.531,"Any[53, 45, 37, 30, 25, 19, 11, 6, 1]",53,1
2578,2026-01-24T13:20:00.0,2026-02-02T18:57:45.531,"Any[10, 19, 25, 30, 37, 45, 53]",10,53
2581,2026-01-24T13:20:00.0,2026-01-12T18:57:45.531,"Any[60, 56, 45, 37, 30, 25, 19, 13, 8]",60,8
2586,2026-01-24T13:20:00.0,2026-01-19T18:57:45.531,"Any[8, 13, 19, 25, 30, 37, 45]",8,45
2591,2026-01-24T13:20:00.0,2026-01-12T18:57:45.531,"Any[19, 25, 30, 37, 45, 56]",19,56
2594,2026-01-24T13:20:00.0,2026-01-19T18:57:45.531,"Any[6, 11, 19, 25, 30, 37, 45]",6,45
2597,2026-01-24T13:20:00.0,2026-01-19T18:57:45.531,"Any[56, 45, 37, 30, 25, 19]",56,19
2605,2026-01-24T13:20:00.0,2026-01-12T18:57:45.531,"Any[53, 45, 37, 30, 25, 19, 10]",53,10
2609,2026-01-24T13:20:00.0,2026-01-19T18:57:45.531,"Any[6, 11, 19, 25, 30, 37, 45]",6,45
2610,2026-01-24T13:20:00.0,2026-01-26T18:57:45.531,"Any[56, 45, 37, 30, 25, 19, 13, 8]",56,8
2611,2026-01-24T13:20:00.0,2026-02-02T18:57:45.531,"Any[53, 45, 37, 30, 25, 19, 11, 6]",53,6
2623,2026-01-24T13:20:00.0,2026-01-26T18:57:45.531,"Any[64, 60, 53, 45, 37, 30, 25, 19, 10]",64,10
2624,2026-01-24T13:20:00.0,2026-01-19T18:57:45.531,"Any[53, 45, 37, 30, 25, 19, 10]",53,10
2629,2026-01-24T13:20:00.0,2026-01-26T18:57:45.531,"Any[56, 45, 37, 30, 25, 19, 13, 8]",56,8
2630,2026-01-24T13:20:00.0,2026-01-12T18:57:45.531,"Any[19, 25, 30, 37, 45, 53]",19,53
2633,2026-01-24T13:20:00.0,2026-01-26T18:57:45.531,"Any[10, 19, 25, 30, 37, 45, 56]",10,56
2637,2026-01-24T13:20:00.0,2026-01-26T18:57:45.531,"Any[53, 45, 37, 30, 25]",53,25
2640,2026-01-24T13:20:00.0,2026-02-02T18:57:45.531,"Any[53, 45, 37, 30, 25, 19, 11, 6]",53,6
2651,2026-01-24T13:20:00.0,2026-01-12T18:57:45.531,"Any[53, 45, 37, 30, 25, 19, 11, 6, 1]",53,1
2655,2026-01-24T13:20:00.0,2026-01-12T18:57:45.531,"Any[56, 45, 37, 30, 25, 19, 11, 6]",56,6
2659,2026-01-24T13:20:00.0,2026-01-26T18:57:45.531,"Any[5, 6, 10, 19, 25, 30, 37, 45, 56]",5,56
2661,2026-01-24T13:20:00.0,2026-01-26T18:57:45.531,"Any[56, 45, 37, 30, 25, 19, 13, 8]",56,8
2662,2026-01-24T13:20:00.0,2026-01-12T18:57:45.531,"Any[60, 53, 45, 37, 30, 25]",60,25
2667,2026-01-24T13:20:00.0,2026-01-12T18:57:45.531,"Any[60, 53, 45, 37, 30, 25]",60,25
2669,2026-01-24T13:20:00.0,2026-01-26T18:57:45.531,"Any[53, 45, 37, 30, 25, 19, 10]",53,10
2676,2026-01-24T13:20:00.0,2026-01-26T18:57:45.531,"Any[6, 11, 19, 25, 30, 37, 45]",6,45
2677,2026-01-24T13:20:00.0,2026-01-26T18:57:45.531,"Any[3, 10, 19, 25, 30, 37, 45, 53]",3,53
2678,2026-01-24T13:20:00.0,2026-01-12T18:57:45.531,"Any[64, 60, 53, 45, 37, 30, 25, 19, 11, 6, 1]",64,1
2689,2026-01-24T13:20:00.0,2026-02-02T18:57:45.531,"Any[53, 45, 37, 30, 25, 19, 13, 8]",53,8
2703,2026-01-24T13:20:00.0,2026-02-02T18:57:45.531,"Any[19, 25, 30, 37, 45, 56]",19,56
2710,2026-01-24T13:20:00.0,2026-01-12T18:57:45.531,"Any[53, 45, 37, 30, 25]",53,25
2714,2026-01-24T13:20:00.0,2026-01-12T18:57:45.531,"Any[7, 8, 13, 19, 25, 30, 37, 45, 53]",7,53
2717,2026-01-24T13:20:00.0,2026-01-12T18:57:45.531,"Any[1, 6, 11, 19, 25, 30, 37, 45, 53]",1,53
2724,2026-01-24T13:20:00.0,2026-01-26T18:57:45.531,"Any[19, 25, 30, 37, 45, 53]",19,53
2725,2026-01-24T13:20:00.0,2026-01-19T18:57:45.531,"Any[53, 45, 37, 30, 25, 19, 11, 6, 1]",53,1
2728,2026-01-24T13:20:00.0,2026-01-19T18:57:45.531,"Any[45, 37, 30, 25]",45,25
2731,2026-01-24T13:20:00.0,2026-01-12T18:57:45.531,"Any[8, 13, 19, 25, 30, 37, 45, 56]",8,56
2736,2026-01-24T13:20:00.0,2026-01-12T18:57:45.531,"Any[6, 11, 19, 25, 30, 37, 45, 53]",6,53
2740,2026-01-24T13:20:00.0,2026-01-19T18:57:45.531,"Any[8, 13, 19, 25, 30, 37, 45, 56]",8,56
2741,2026-01-24T13:20:00.0,2026-02-02T18:57:45.531,"Any[8, 13, 19, 25, 30, 37, 45, 56]",8,56
2753,2026-01-24T13:20:00.0,2026-01-12T18:57:45.531,"Any[45, 37, 30, 25]",45,25
2755,2026-01-24T13:20:00.0,2026-02-02T18:57:45.531,"Any[19, 25, 30, 37, 45, 53]",19,53
2757,2026-01-24T13:20:00.0,2026-02-02T18:57:45.531,"Any[56, 45, 37, 30, 25, 19, 11, 6]",56,6
2761,2026-01-24T13:20:00.0,2026-01-26T18:57:45.531,"Any[6, 11, 19, 25, 30, 37, 45]",6,45
2764,2026-01-24T13:20:00.0,2026-02-02T18:57:45.531,"Any[8, 13, 19, 25, 30, 37, 45, 53]",8,53
2765,2026-01-24T13:20:00.0,2026-02-02T18:57:45.531,"Any[56, 45, 37, 30, 25]",56,25
2769,2026-01-24T13:20:00.0,2026-01-26T18:57:45.531,"Any[17, 16, 25, 30, 37, 45, 53]",17,53
2771,2026-01-24T13:20:00.0,2026-01-19T18:57:45.531,"Any[60, 56, 45, 37, 30, 25, 19, 11, 6, 1]",60,1
2778,2026-01-24T13:20:00.0,2026-02-02T18:57:45.531,"Any[6, 11, 19, 25, 30, 37, 45]",6,45
2779,2026-01-24T13:20:00.0,2026-01-19T18:57:45.531,"Any[60, 56, 45, 37, 30, 25, 19]",60,19
2780,2026-01-24T13:20:00.0,2026-02-02T18:57:45.531,"Any[60, 56, 45, 37, 30, 25, 19]",60,19
2781,2026-01-24T13:20:00.0,2026-02-02T18:57:45.531,"Any[10, 11, 19, 25, 30, 37, 45, 53]",10,53
2782,2026-01-24T13:20:00.0,2026-01-19T18:57:45.531,"Any[56, 45, 37, 30, 25]",56,25
2784,2026-01-24T13:20:00.0,2026-02-02T18:57:45.531,"Any[56, 45, 37, 30, 25, 19, 11, 6]",56,6
2785,2026-01-24T13:20:00.0,2026-01-19T18:57:45.531,"Any[56, 45, 37, 30, 25, 19, 13, 8]",56,8
2799,2026-01-24T13:20:00.0,2026-01-12T18:57:45.531,"Any[56, 45, 37, 30, 25, 19, 11, 6]",56,6
2806,2026-01-24T13:20:00.0,2026-02-02T18:57:45.531,"Any[10, 19, 25, 30, 37, 45, 53]",10,53
2808,2026-01-24T13:20:00.0,2026-01-19T18:57:45.531,"Any[8, 13, 19, 25, 30, 37, 45, 56]",8,56
2812,2026-01-24T13:20:00.0,2026-01-12T18:57:45.531,"Any[56, 45, 37, 30, 25, 19, 11, 6, 1]",56,1
2827,2026-01-24T13:20:00.0,2026-01-19T18:57:45.531,"Any[10, 19, 25, 30, 37, 45, 56]",10,56
2829,2026-01-24T13:20:00.0,2026-01-12T18:57:45.531,"Any[60, 56, 53, 45, 37, 30, 25, 19, 11, 6]",60,6
2835,2026-01-24T13:20:00.0,2026-01-26T18:57:45.531,"Any[53, 45, 37, 30, 25, 19, 13, 8]",53,8
2840,2026-01-24T13:20:00.0,2026-01-12T18:57:45.531,"Any[56, 45, 37, 30, 25, 19]",56,19
2843,2026-01-24T13:20:00.0,2026-01-19T18:57:45.531,"Any[19, 25, 30, 37, 45, 56]",19,56
2846,2026-01-24T13:20:00.0,2026-01-19T18:57:45.531,"Any[10, 19, 25, 30, 37, 45, 56]",10,56
2853,2026-01-24T13:20:00.0,2026-01-26T18:57:45.531,"Any[8, 13, 19, 25, 30, 37, 45, 56]",8,56
2854,2026-01-24T13:20:00.0,2026-01-19T18:57:45.531,"Any[53, 45, 37, 30, 25, 19, 13, 8]",53,8
2861,2026-01-24T13:20:00.0,2026-01-26T18:57:45.531,"Any[45, 37, 30, 25]",45,25
2862,2026-01-24T13:20:00.0,2026-01-12T18:57:45.531,"Any[7, 8, 13, 19, 25, 30, 37, 45, 53]",7,53
2863,2026-01-24T13:20:00.0,2026-02-02T18:57:45.531,"Any[19, 25, 30, 37, 45, 56]",19,56
2864,2026-01-24T13:20:00.0,2026-01-12T18:57:45.531,"Any[8, 13, 19, 25, 30, 37, 45]",8,45
2865,2026-01-24T13:20:00.0,2026-01-12T18:57:45.531,"Any[53, 45, 37, 30, 25]",53,25
2869,2026-01-24T13:20:00.0,2026-02-02T18:57:45.531,"Any[8, 13, 19, 25, 30, 37, 45, 53]",8,53
2871,2026-01-24T13:20:00.0,2026-01-19T18:57:45.531,"Any[3, 10, 19, 25, 30, 37, 45, 53]",3,53
2872,2026-01-24T13:20:00.0,2026-01-26T18:57:45.531,"Any[60, 53, 45, 37, 30, 25, 19, 10]",60,10
2880,2026-01-24T13:20:00.0,2026-02-02T18:57:45.531,"Any[53, 45, 37, 30, 25, 19, 11, 6, 6, 1]",53,6
2888,2026-01-24T13:20:00.0,2026-01-12T18:57:45.531,"Any[53, 45, 37, 30, 25, 19, 10]",53,10
2892,2026-01-24T13:20:00.0,2026-01-12T18:57:45.531,"Any[6, 11, 19, 25, 30, 37, 45]",6,45
2895,2026-01-24T13:20:00.0,2026-02-02T18:57:45.531,"Any[64, 60, 56, 45, 37, 30, 25, 19, 11, 6, 6, 1]",64,6
2897,2026-01-24T13:20:00.0,2026-01-12T18:57:45.531,"Any[19, 25, 30, 37, 30, 37, 45, 53, 60, 64]",19,64
2900,2026-01-24T13:20:00.0,2026-02-02T18:57:45.531,"Any[56, 45, 37, 30, 25, 19, 11, 6]",56,6
2905,2026-01-24T13:20:00.0,2026-01-19T18:57:45.531,"Any[64, 60, 53, 45, 37, 30, 25, 19, 11, 6, 1]",64,1
2914,2026-01-24T13:20:00.0,2026-01-12T18:57:45.531,"Any[56, 45, 37, 30, 25, 19, 13, 8]",56,8
2916,2026-01-24T13:20:00.0,2026-01-12T18:57:45.531,"Any[64, 53, 45, 37, 30, 25, 19, 13, 8]",64,8
2927,2026-01-24T13:20:00.0,2026-01-12T18:57:45.531,"Any[3, 10, 19, 25, 30, 37, 45, 53, 60]",3,60
2928,2026-01-24T13:20:00.0,2026-01-26T18:57:45.531,"Any[6, 11, 16, 25, 30, 37, 45]",6,45
2935,2026-01-24T13:20:00.0,2026-01-12T18:57:45.531,"Any[60, 56, 45, 37, 30, 25, 19]",60,19
2942,2026-01-24T13:20:00.0,2026-02-02T18:57:45.531,"Any[53, 45, 37, 30, 25, 19, 10]",53,10
2946,2026-01-24T13:20:00.0,2026-01-19T18:57:45.531,"Any[53, 45, 37, 30, 25]",53,25
2949,2026-01-24T13:20:00.0,2026-01-12T18:57:45.531,"Any[53, 45, 37, 30, 25, 19, 13, 8]",53,8
2953,2026-01-24T13:20:00.0,2026-02-02T18:57:45.531,"Any[56, 45, 37, 30, 25, 19]",56,19
2958,2026-01-24T13:20:00.0,2026-01-26T18:57:45.531,"Any[9, 15, 26, 31, 36, 44, 54]",9,54
2961,2026-01-24T13:20:00.0,2026-01-12T18:57:45.531,"Any[53, 45, 37, 30, 25, 19, 10]",53,10
2962,2026-01-24T13:20:00.0,2026-01-19T18:57:45.531,"Any[6, 11, 25, 30, 37, 45]",6,45
2965,2026-01-24T13:20:00.0,2026-01-12T18:57:45.531,"Any[56, 45, 37, 30, 25, 19]",56,19
2966,2026-01-24T13:20:00.0,2026-01-12T18:57:45.531,"Any[56, 45, 37, 30, 25, 19, 11, 6]",56,6
2971,2026-01-24T13:20:00.0,2026-01-12T18:57:45.531,"Any[60, 53, 45, 37, 30, 25]",60,25
2991,2026-01-24T13:20:00.0,2026-01-26T18:57:45.531,"Any[60, 56, 45, 37, 30, 25, 19, 11, 6]",60,6
2993,2026-01-24T13:20:00.0,2026-01-26T18:57:45.531,"Any[60, 53, 45, 37, 30, 25, 19, 13, 8]",60,8
2994,2026-01-24T13:20:00.0,2026-01-26T18:57:45.531,"Any[56, 45, 37, 30, 25]",56,25
2996,2026-01-24T13:20:00.0,2026-01-26T18:57:45.531,"Any[60, 56, 45, 37, 30, 25, 19, 11, 6]",60,6
3001,2026-01-24T13:20:00.0,2026-01-26T18:57:45.531,"Any[56, 45, 37, 30, 25, 19, 13, 8]",56,8
3003,2026-01-24T13:20:00.0,2026-01-26T18:57:45.531,"Any[3, 10, 11, 19, 25, 30, 37, 45]",3,45
3007,2026-01-24T13:20:00.0,2026-01-19T18:57:45.531,"Any[60, 56, 45, 37, 30, 25, 19, 11, 6, 1]",60,1
3014,2026-01-24T13:20:00.0,2026-01-19T18:57:45.531,"Any[53, 45, 37, 30, 25]",53,25
3021,2026-01-24T13:20:00.0,2026-02-02T18:57:45.531,"Any[60, 53, 45, 37, 30, 25]",60,25
3023,2026-01-24T13:20:00.0,2026-01-19T18:57:45.531,"Any[8, 13, 19, 25, 30, 37, 45, 56]",8,56
3029,2026-01-24T13:20:00.0,2026-02-02T18:57:45.531,"Any[6, 11, 19, 25, 30, 37, 45]",6,45
3038,2026-01-24T13:20:00.0,2026-01-19T18:57:45.531,"Any[64, 60, 53, 45, 37, 30, 25, 19, 13, 8]",64,8
3048,2026-01-24T13:20:00.0,2026-01-26T18:57:45.531,"Any[60, 56, 45, 37, 30, 25, 19, 17, 19, 11, 6]",60,6
3049,2026-01-24T13:20:00.0,2026-02-02T18:57:45.531,"Any[56, 45, 37, 30, 25, 19, 10]",56,10
3051,2026-01-24T13:20:00.0,2026-02-02T18:57:45.531,"Any[53, 45, 37, 30, 25, 19, 10]",53,10
3054,2026-01-24T13:20:00.0,2026-01-12T18:57:45.531,"Any[5, 6, 11, 19, 25, 30, 37, 45]",5,45
3055,2026-01-24T13:20:00.0,2026-02-02T18:57:45.531,"Any[60, 53, 45, 37, 30, 25, 19, 10]",60,10
3066,2026-01-24T13:20:00.0,2026-01-19T18:57:45.531,"Any[8, 13, 19, 25, 30, 37, 45, 56]",8,56
3069,2026-01-24T13:20:00.0,2026-02-02T18:57:45.531,"Any[56, 45, 37, 30, 25, 19, 11, 6]",56,6
3070,2026-01-24T13:20:00.0,2026-01-26T18:57:45.531,"Any[56, 45, 37, 30, 25, 19, 11, 6, 6]",56,6
3071,2026-01-24T13:20:00.0,2026-02-02T18:57:45.531,"Any[56, 45, 37, 30, 25, 19, 11, 6, 1]",56,1
3076,2026-01-24T13:20:00.0,2026-01-26T18:57:45.531,"Any[53, 45, 37, 30, 25]",53,25
3083,2026-01-24T13:20:00.0,2026-01-19T18:57:45.531,"Any[60, 53, 45, 37, 30, 25, 19, 10]",60,10
3084,2026-01-24T13:20:00.0,2026-01-19T18:57:45.531,"Any[60, 53, 45, 37, 30, 25, 19, 10]",60,10
3086,2026-01-24T13:20:00.0,2026-02-02T18:57:45.531,"Any[60, 53, 45, 37, 30, 25, 19, 10]",60,10
3089,2026-01-24T13:20:00.0,2026-01-12T18:57:45.531,"Any[60, 53, 45, 37, 30, 25, 19, 10]",60,10
3090,2026-01-24T13:20:00.0,2026-01-12T18:57:45.531,"Any[60, 56, 45, 37, 30, 25, 19, 10]",60,10
3103,2026-01-24T13:20:00.0,2026-01-12T18:57:45.531,"Any[19, 25, 30, 37, 45, 53]",19,53
3113,2026-01-24T13:20:00.0,2026-01-26T18:57:45.531,"Any[19, 25, 30, 37, 30, 37, 45, 53]",19,53
3116,2026-01-24T13:20:00.0,2026-01-12T18:57:45.531,"Any[8, 13, 19, 25, 30, 37, 45, 56]",8,56
3118,2026-01-24T13:20:00.0,2026-02-02T18:57:45.531,"Any[8, 13, 19, 25, 30, 37, 45, 56]",8,56
3119,2026-01-24T13:20:00.0,2026-02-02T18:57:45.531,"Any[8, 13, 19, 25, 30, 37, 45, 56]",8,56
3135,2026-01-24T13:20:00.0,2026-02-02T18:57:45.531,"Any[8, 13, 19, 25, 30, 37, 45, 56]",8,56
3136,2026-01-24T13:20:00.0,2026-02-02T18:57:45.531,"Any[8, 13, 19, 25, 30, 37, 45, 56]",8,56
3137,2026-01-24T13:20:00.0,2026-02-02T18:57:45.531,"Any[8, 13, 19, 25, 30, 37, 45, 56]",8,56
3138,2026-01-24T13:20:00.0,2026-01-19T18:57:45.531,"Any[8, 13, 19, 25, 30, 37, 45, 56]",8,56
3141,2026-01-24T13:20:00.0,2026-02-02T18:57:45.531,"Any[8, 13, 19, 25, 30, 37, 45, 56]",8,56
3142,2026-01-24T13:20:00.0,2026-01-12T18:57:45.531,"Any[8, 13, 19, 25, 30, 37, 45, 56]",8,56
3143,2026-01-24T13:20:00.0,2026-01-26T18:57:45.531,"Any[8, 13, 19, 25, 30, 37, 45, 56]",8,56
3148,2026-01-24T13:20:00.0,2026-01-26T18:57:45.531,"Any[8, 13, 19, 25, 30, 37, 45, 56]",8,56
3150,2026-01-24T13:20:00.0,2026-01-26T18:57:45.531,"Any[8, 13, 19, 25, 30, 37, 45, 56]",8,56
3171,2026-01-24T13:20:00.0,2026-01-26T18:57:45.531,"Any[1, 6, 11, 19, 23, 16, 23, 36, 44, 60]",1,60
3173,2026-01-24T13:20:00.0,2026-01-12T18:57:45.531,"Any[1, 6, 11, 19, 23, 36, 44, 54, 60]",1,60
3174,2026-01-24T13:20:00.0,2026-01-26T18:57:45.531,"Any[1, 6, 11, 19, 23, 36, 44, 54, 60]",1,60
3178,2026-01-24T13:20:00.0,2026-01-12T18:57:45.531,"Any[1, 6, 11, 19, 23, 36, 44, 54, 60]",1,60
3183,2026-01-24T13:20:00.0,2026-01-26T18:57:45.531,"Any[1, 6, 11, 19, 25, 30, 37, 45, 56]",1,56
3186,2026-01-24T13:20:00.0,2026-01-12T18:57:45.531,"Any[1, 6, 11, 19, 30, 37, 45, 56]",1,56
3188,2026-01-24T13:20:00.0,2026-01-19T18:57:45.531,"Any[6, 11, 19, 25, 30, 37, 45, 53]",6,53
3195,2026-01-24T13:20:00.0,2026-01-12T18:57:45.531,"Any[6, 11, 19, 25, 30, 37, 45, 53]",6,53
3197,2026-01-24T13:20:00.0,2026-02-02T18:57:45.531,"Any[6, 11, 19, 25, 30, 37, 45, 53]",6,53
3198,2026-01-24T13:20:00.0,2026-01-19T18:57:45.531,"Any[6, 11, 19, 25, 30, 37, 45, 53]",6,53
3200,2026-01-24T13:20:00.0,2026-02-02T18:57:45.531,"Any[6, 11, 19, 25, 30, 37, 45, 53]",6,53
14,2026-01-28T07:06:40.0,2026-01-09T12:44:25.531,"Any[8, 13, 25, 30, 37, 45, 56]",8,56
20,2026-01-28T07:06:40.0,2026-01-23T12:44:25.531,"Any[54, 44, 36, 23, 19, 13, 8, 7]",54,7
27,2026-01-28T07:06:40.0,2026-01-16T12:44:25.531,"Any[1, 6, 11, 19, 25, 30, 37, 45, 53]",1,53
54,2026-01-28T07:06:40.0,2026-01-09T12:44:25.531,"Any[60, 56, 45, 37, 30, 25]",60,25
98,2026-01-28T07:06:40.0,2026-01-23T12:44:25.531,"Any[19, 25, 30, 37, 45, 56]",19,56
112,2026-01-28T07:06:40.0,2026-01-16T12:44:25.531,"Any[53, 45, 37, 30, 25]",53,25
115,2026-01-28T07:06:40.0,2026-01-30T12:44:25.531,"Any[53, 45, 37, 30, 25, 19, 10]",53,10
135,2026-01-28T07:06:40.0,2026-01-23T12:44:25.531,"Any[1, 6, 11, 19, 25, 30, 37, 45, 53]",1,53
139,2026-01-28T07:06:40.0,2026-01-30T12:44:25.531,"Any[8, 13, 25, 30, 37, 45, 56]",8,56
161,2026-01-28T07:06:40.0,2026-01-23T12:44:25.531,"Any[10, 19, 25, 30, 37, 45, 53]",10,53
169,2026-01-28T07:06:40.0,2026-01-30T12:44:25.531,"Any[53, 45, 37, 30, 25, 19, 11, 6, 1]",53,1
173,2026-01-28T07:06:40.0,2026-01-09T12:44:25.531,"Any[53, 45, 37, 30, 25, 19, 10]",53,10
178,2026-01-28T07:06:40.0,2026-01-23T12:44:25.531,"Any[4, 10, 19, 25, 30, 37, 45, 53]",4,53
180,2026-01-28T07:06:40.0,2026-01-23T12:44:25.531,"Any[1, 6, 11, 19, 23, 28, 36, 44, 60]",1,60
209,2026-01-28T07:06:40.0,2026-01-30T12:44:25.531,"Any[53, 45, 37, 30, 25, 19, 10]",53,10
231,2026-01-28T07:06:40.0,2026-01-23T12:44:25.531,"Any[8, 13, 19, 25, 30, 37, 45, 56]",8,56
235,2026-01-28T07:06:40.0,2026-01-16T12:44:25.531,"Any[60, 56, 45, 37, 30, 25]",60,25
263,2026-01-28T07:06:40.0,2026-01-09T12:44:25.531,"Any[8, 13, 19, 25, 30, 37, 45, 56]",8,56
280,2026-01-28T07:06:40.0,2026-01-23T12:44:25.531,"Any[6, 11, 16, 25, 30, 37, 45, 56]",6,56
356,2026-01-28T07:06:40.0,2026-01-16T12:44:25.531,"Any[53, 45, 37, 30, 25, 19, 11, 6, 1]",53,1
369,2026-01-28T07:06:40.0,2026-01-23T12:44:25.531,"Any[6, 11, 19, 25, 30, 37, 45]",6,45
370,2026-01-28T07:06:40.0,2026-01-16T12:44:25.531,"Any[53, 45, 37, 30, 25, 19, 11, 6, 1]",53,1
467,2026-01-28T07:06:40.0,2026-01-23T12:44:25.531,"Any[60, 56, 45, 37, 30, 25]",60,25
477,2026-01-28T07:06:40.0,2026-01-09T12:44:25.531,"Any[53, 45, 37, 30, 25, 19, 11, 6, 1]",53,1
491,2026-01-28T07:06:40.0,2026-01-30T12:44:25.531,"Any[8, 13, 19, 25, 30, 37, 45, 53]",8,53
497,2026-01-28T07:06:40.0,2026-01-16T12:44:25.531,"Any[45, 37, 30, 25, 19, 10]",45,10
526,2026-01-28T07:06:40.0,2026-01-23T12:44:25.531,"Any[53, 45, 37, 30, 25, 19, 13, 8]",53,8
528,2026-01-28T07:06:40.0,2026-01-16T12:44:25.531,"Any[19, 30, 37, 45, 56]",19,56
533,2026-01-28T07:06:40.0,2026-01-16T12:44:25.531,"Any[1, 6, 11, 16, 25, 30, 37, 45, 56]",1,56
536,2026-01-28T07:06:40.0,2026-01-16T12:44:25.531,"Any[19, 25, 30, 37, 45, 56]",19,56
557,2026-01-28T07:06:40.0,2026-01-23T12:44:25.531,"Any[1, 6, 11, 19, 25, 30, 37, 45, 53]",1,53
566,2026-01-28T07:06:40.0,2026-01-16T12:44:25.531,"Any[64, 60, 53, 45, 37, 30, 25, 19, 10]",64,10
584,2026-01-28T07:06:40.0,2026-01-16T12:44:25.531,"Any[53, 45, 37, 30, 25, 19, 10]",53,10
594,2026-01-28T07:06:40.0,2026-01-16T12:44:25.531,"Any[8, 13, 19, 25, 30, 37, 45, 56]",8,56
600,2026-01-28T07:06:40.0,2026-01-23T12:44:25.531,"Any[10, 19, 25, 30, 37, 45, 56]",10,56
602,2026-01-28T07:06:40.0,2026-01-23T12:44:25.531,"Any[19, 25, 30, 37, 45, 56]",19,56
604,2026-01-28T07:06:40.0,2026-01-30T12:44:25.531,"Any[53, 45, 37, 30, 25]",53,25
631,2026-01-28T07:06:40.0,2026-01-09T12:44:25.531,"Any[6, 11, 19, 25, 30, 37, 45]",6,45
644,2026-01-28T07:06:40.0,2026-01-30T12:44:25.531,"Any[8, 13, 19, 25, 30, 37, 45, 53]",8,53
651,2026-01-28T07:06:40.0,2026-01-23T12:44:25.531,"Any[56, 45, 37, 30, 25]",56,25
664,2026-01-28T07:06:40.0,2026-01-16T12:44:25.531,"Any[53, 45, 37, 30, 25, 19, 13, 8]",53,8
681,2026-01-28T07:06:40.0,2026-01-23T12:44:25.531,"Any[60, 56, 45, 37, 30, 25, 19]",60,19
690,2026-01-28T07:06:40.0,2026-01-23T12:44:25.531,"Any[7, 8, 13, 19, 25, 30, 37, 45, 53]",7,53
746,2026-01-28T07:06:40.0,2026-01-23T12:44:25.531,"Any[3, 10, 19, 25, 30, 37, 45, 53]",3,53
749,2026-01-28T07:06:40.0,2026-01-09T12:44:25.531,"Any[8, 13, 19, 25, 30, 37, 45, 53]",8,53
757,2026-01-28T07:06:40.0,2026-01-23T12:44:25.531,"Any[19, 30, 37, 45, 56]",19,56
780,2026-01-28T07:06:40.0,2026-01-09T12:44:25.531,"Any[3, 6, 11, 19, 25, 30, 37, 45]",3,45
786,2026-01-28T07:06:40.0,2026-01-30T12:44:25.531,"Any[45, 37, 30, 25, 19, 10]",45,10
787,2026-01-28T07:06:40.0,2026-01-23T12:44:25.531,"Any[7, 8, 13, 19, 25, 30, 37, 45, 53, 60]",7,60
792,2026-01-28T07:06:40.0,2026-01-30T12:44:25.531,"Any[60, 56, 45, 37, 30, 25]",60,25
798,2026-01-28T07:06:40.0,2026-01-16T12:44:25.531,"Any[10, 19, 30, 37, 45, 53]",10,53
806,2026-01-28T07:06:40.0,2026-01-09T12:44:25.531,"Any[53, 45, 37, 30, 25, 19, 13, 8]",53,8
838,2026-01-28T07:06:40.0,2026-01-16T12:44:25.531,"Any[60, 56, 45, 37, 30, 25, 19, 11, 6]",60,6
871,2026-01-28T07:06:40.0,2026-01-23T12:44:25.531,"Any[7, 8, 13, 19, 30, 37, 45, 53, 60]",7,60
885,2026-01-28T07:06:40.0,2026-01-16T12:44:25.531,"Any[64, 60, 53, 45, 37, 30, 25, 19, 10]",64,10
913,2026-01-28T07:06:40.0,2026-01-16T12:44:25.531,"Any[10, 19, 25, 30, 37, 45]",10,45
934,2026-01-28T07:06:40.0,2026-01-16T12:44:25.531,"Any[17, 16, 17, 25, 30, 37, 45, 53]",17,53
966,2026-01-28T07:06:40.0,2026-01-30T12:44:25.531,"Any[56, 45, 37, 30, 25, 16]",56,16
976,2026-01-28T07:06:40.0,2026-01-30T12:44:25.531,"Any[19, 25, 30, 37, 45, 56]",19,56
988,2026-01-28T07:06:40.0,2026-01-23T12:44:25.531,"Any[10, 19, 30, 37, 45, 53]",10,53
1038,2026-01-28T07:06:40.0,2026-01-09T12:44:25.531,"Any[53, 45, 37, 30, 25, 19, 11, 6, 1]",53,1
1085,2026-01-28T07:06:40.0,2026-01-16T12:44:25.531,"Any[10, 19, 25, 30, 37, 45, 53]",10,53
1124,2026-01-28T07:06:40.0,2026-01-30T12:44:25.531,"Any[56, 45, 37, 30, 25]",56,25
1132,2026-01-28T07:06:40.0,2026-01-23T12:44:25.531,"Any[8, 13, 19, 25, 30, 37, 45, 56]",8,56
1146,2026-01-28T07:06:40.0,2026-01-30T12:44:25.531,"Any[10, 19, 30, 37, 45, 53]",10,53
1151,2026-01-28T07:06:40.0,2026-01-30T12:44:25.531,"Any[54, 44, 36, 23, 19, 13, 8, 7]",54,7
1166,2026-01-28T07:06:40.0,2026-01-30T12:44:25.531,"Any[13, 19, 25, 30, 37, 45, 56]",13,56
1169,2026-01-28T07:06:40.0,2026-01-30T12:44:25.531,"Any[10, 19, 25, 30, 37, 45, 53]",10,53
1182,2026-01-28T07:06:40.0,2026-01-09T12:44:25.531,"Any[56, 45, 37, 30, 25, 19, 13, 8]",56,8
1225,2026-01-28T07:06:40.0,2026-01-16T12:44:25.531,"Any[10, 19, 25, 30, 37, 45, 53]",10,53
1252,2026-01-28T07:06:40.0,2026-01-16T12:44:25.531,"Any[53, 45, 37, 30, 25]",53,25
1320,2026-01-28T07:06:40.0,2026-01-23T12:44:25.531,"Any[8, 13, 19, 25, 30, 37, 45, 56]",8,56
1325,2026-01-28T07:06:40.0,2026-01-23T12:44:25.531,"Any[7, 8, 13, 19, 25, 30, 37, 45]",7,45
1328,2026-01-28T07:06:40.0,2026-01-30T12:44:25.531,"Any[53, 45, 37, 30, 25, 19, 11, 6, 1]",53,1
1341,2026-01-28T07:06:40.0,2026-01-23T12:44:25.531,"Any[53, 45, 37, 30, 25]",53,25
1355,2026-01-28T07:06:40.0,2026-01-23T12:44:25.531,"Any[7, 8, 13, 19, 25, 30, 37, 45, 53]",7,53
1383,2026-01-28T07:06:40.0,2026-01-30T12:44:25.531,"Any[10, 19, 25, 30, 37, 45, 53]",10,53
1395,2026-01-28T07:06:40.0,2026-01-09T12:44:25.531,"Any[8, 13, 19, 25, 30, 37, 45, 53]",8,53
1411,2026-01-28T07:06:40.0,2026-01-09T12:44:25.531,"Any[60, 56, 45, 37, 30, 25]",60,25
1434,2026-01-28T07:06:40.0,2026-01-30T12:44:25.531,"Any[6, 11, 16, 25, 30, 37, 45, 53]",6,53
1438,2026-01-28T07:06:40.0,2026-01-16T12:44:25.531,"Any[6, 11, 19, 25, 30, 37, 45]",6,45
1451,2026-01-28T07:06:40.0,2026-01-16T12:44:25.531,"Any[10, 19, 25, 30, 37, 45, 53]",10,53
1463,2026-01-28T07:06:40.0,2026-01-09T12:44:25.531,"Any[6, 11, 19, 25, 30, 37, 45]",6,45
1480,2026-01-28T07:06:40.0,2026-01-16T12:44:25.531,"Any[8, 13, 25, 30, 37, 45, 56]",8,56
1495,2026-01-28T07:06:40.0,2026-01-30T12:44:25.531,"Any[6, 11, 19, 25, 30, 37, 45]",6,45
1527,2026-01-28T07:06:40.0,2026-01-30T12:44:25.531,"Any[10, 19, 25, 30, 37, 45, 53]",10,53
1536,2026-01-28T07:06:40.0,2026-01-09T12:44:25.531,"Any[60, 53, 45, 37, 30, 25]",60,25
1588,2026-01-28T07:06:40.0,2026-01-23T12:44:25.531,"Any[7, 8, 13, 19, 25, 30, 37, 45, 53, 60]",7,60
1589,2026-01-28T07:06:40.0,2026-01-16T12:44:25.531,"Any[10, 19, 25, 30, 37, 45, 53]",10,53
1612,2026-01-28T07:06:40.0,2026-01-23T12:44:25.531,"Any[53, 45, 37, 30, 25, 19, 10]",53,10
1627,2026-01-28T07:06:40.0,2026-01-23T12:44:25.531,"Any[56, 45, 37, 30, 25, 19, 10]",56,10
1636,2026-01-28T07:06:40.0,2026-01-30T12:44:25.531,"Any[10, 19, 25, 30, 37, 45, 53]",10,53
1648,2026-01-28T07:06:40.0,2026-01-16T12:44:25.531,"Any[6, 11, 19, 25, 30, 37, 45]",6,45
1652,2026-01-28T07:06:40.0,2026-01-30T12:44:25.531,"Any[53, 45, 37, 30, 25, 19, 10]",53,10
1676,2026-01-28T07:06:40.0,2026-01-30T12:44:25.531,"Any[19, 25, 30, 37, 45, 56]",19,56
1678,2026-01-28T07:06:40.0,2026-01-23T12:44:25.531,"Any[64, 53, 45, 37, 30, 25, 19, 13, 8]",64,8
1683,2026-01-28T07:06:40.0,2026-01-09T12:44:25.531,"Any[56, 45, 37, 30, 25, 19, 13, 8]",56,8
1684,2026-01-28T07:06:40.0,2026-01-09T12:44:25.531,"Any[19, 17, 25, 30, 37, 45, 53]",19,53
1690,2026-01-28T07:06:40.0,2026-01-16T12:44:25.531,"Any[60, 56, 45, 37, 30, 25, 19, 13, 19, 13, 8]",60,8
1692,2026-01-28T07:06:40.0,2026-01-09T12:44:25.531,"Any[53, 45, 37, 30, 25, 19, 13, 8]",53,8
1721,2026-01-28T07:06:40.0,2026-01-09T12:44:25.531,"Any[8, 13, 19, 25, 30, 37, 45, 56]",8,56
1780,2026-01-28T07:06:40.0,2026-01-16T12:44:25.531,"Any[60, 56, 45, 37, 30, 25, 19, 11, 6]",60,6
1810,2026-01-28T07:06:40.0,2026-01-16T12:44:25.531,"Any[56, 45, 37, 30, 25, 19, 10, 6]",56,6
1815,2026-01-28T07:06:40.0,2026-01-23T12:44:25.531,"Any[53, 45, 37, 30, 25, 19, 13, 8]",53,8
1820,2026-01-28T07:06:40.0,2026-01-23T12:44:25.531,"Any[53, 45, 37, 30, 25, 19, 13, 8]",53,8
1846,2026-01-28T07:06:40.0,2026-01-16T12:44:25.531,"Any[19, 25, 30, 37, 45, 56]",19,56
1885,2026-01-28T07:06:40.0,2026-01-09T12:44:25.531,"Any[1, 6, 11, 19, 23, 36, 44, 54, 60]",1,60
1890,2026-01-28T07:06:40.0,2026-01-16T12:44:25.531,"Any[56, 45, 37, 30, 25, 19, 13, 8]",56,8
1903,2026-01-28T07:06:40.0,2026-01-16T12:44:25.531,"Any[53, 45, 37, 30, 25]",53,25
1924,2026-01-28T07:06:40.0,2026-01-23T12:44:25.531,"Any[56, 45, 37, 30, 25, 19]",56,19
1935,2026-01-28T07:06:40.0,2026-01-30T12:44:25.531,"Any[3, 10, 19, 25, 30, 37, 45, 53]",3,53
1947,2026-01-28T07:06:40.0,2026-01-09T12:44:25.531,"Any[53, 45, 37, 30, 25, 19, 11, 6, 3, 1]",53,1
1955,2026-01-28T07:06:40.0,2026-01-30T12:44:25.531,"Any[60, 56, 45, 37, 30, 25]",60,25
1964,2026-01-28T07:06:40.0,2026-01-16T12:44:25.531,"Any[10, 19, 25, 30, 37, 45, 53, 60]",10,60
1972,2026-01-28T07:06:40.0,2026-01-30T12:44:25.531,"Any[56, 45, 37, 30, 25, 19, 10]",56,10
1988,2026-01-28T07:06:40.0,2026-01-16T12:44:25.531,"Any[25, 30, 37, 45]",25,45
2005,2026-01-28T07:06:40.0,2026-01-30T12:44:25.531,"Any[64, 60, 56, 45, 37, 30, 25]",64,25
2016,2026-01-28T07:06:40.0,2026-01-30T12:44:25.531,"Any[16, 19, 25, 30, 37, 45, 53]",16,53
2051,2026-01-28T07:06:40.0,2026-01-16T12:44:25.531,"Any[3, 10, 19, 25, 30, 37, 45, 53]",3,53
2069,2026-01-28T07:06:40.0,2026-01-16T12:44:25.531,"Any[8, 13, 19, 25, 30, 37, 45, 56]",8,56
2074,2026-01-28T07:06:40.0,2026-01-09T12:44:25.531,"Any[53, 45, 37, 30, 25, 19, 10]",53,10
2090,2026-01-28T07:06:40.0,2026-01-09T12:44:25.531,"Any[19, 25, 30, 37, 45, 53, 60]",19,60
2098,2026-01-28T07:06:40.0,2026-01-09T12:44:25.531,"Any[10, 19, 30, 37, 45, 53]",10,53
2099,2026-01-28T07:06:40.0,2026-01-30T12:44:25.531,"Any[53, 45, 37, 30, 25, 19, 10]",53,10
2120,2026-01-28T07:06:40.0,2026-01-09T12:44:25.531,"Any[19, 25, 30, 37, 45, 53]",19,53
2127,2026-01-28T07:06:40.0,2026-01-09T12:44:25.531,"Any[53, 45, 37, 30, 25, 19, 10]",53,10
2140,2026-01-28T07:06:40.0,2026-01-09T12:44:25.531,"Any[60, 56, 45, 37, 30, 25, 19]",60,19
2157,2026-01-28T07:06:40.0,2026-01-09T12:44:25.531,"Any[19, 25, 30, 37, 45, 56]",19,56
2164,2026-01-28T07:06:40.0,2026-01-16T12:44:25.531,"Any[8, 13, 19, 25, 30, 37, 45, 56]",8,56
2183,2026-01-28T07:06:40.0,2026-01-30T12:44:25.531,"Any[6, 11, 19, 25, 30, 37, 45]",6,45
2185,2026-01-28T07:06:40.0,2026-01-16T12:44:25.531,"Any[19, 25, 30, 37, 45, 53]",19,53
2197,2026-01-28T07:06:40.0,2026-01-30T12:44:25.531,"Any[53, 45, 37, 30, 25, 19, 10]",53,10
2220,2026-01-28T07:06:40.0,2026-01-30T12:44:25.531,"Any[56, 45, 37, 30, 25, 16]",56,16
2223,2026-01-28T07:06:40.0,2026-01-30T12:44:25.531,"Any[8, 13, 19, 25, 30, 37, 45, 56]",8,56
2231,2026-01-28T07:06:40.0,2026-01-16T12:44:25.531,"Any[10, 19, 25, 30, 37, 45, 53]",10,53
2238,2026-01-28T07:06:40.0,2026-01-30T12:44:25.531,"Any[6, 11, 19, 25, 30, 37, 45, 56]",6,56
2241,2026-01-28T07:06:40.0,2026-01-23T12:44:25.531,"Any[10, 19, 30, 37, 45, 53]",10,53
2275,2026-01-28T07:06:40.0,2026-01-30T12:44:25.531,"Any[10, 19, 25, 30, 37, 45, 53, 60]",10,60
2284,2026-01-28T07:06:40.0,2026-01-09T12:44:25.531,"Any[53, 45, 37, 30, 25, 19, 10]",53,10
2300,2026-01-28T07:06:40.0,2026-01-16T12:44:25.531,"Any[8, 13, 19, 25, 30, 37, 45, 56]",8,56
2308,2026-01-28T07:06:40.0,2026-01-23T12:44:25.531,"Any[6, 11, 19, 25, 30, 37, 45]",6,45
2322,2026-01-28T07:06:40.0,2026-01-16T12:44:25.531,"Any[53, 45, 37, 30, 25, 19, 10]",53,10
2326,2026-01-28T07:06:40.0,2026-01-23T12:44:25.531,"Any[4, 10, 19, 25, 30, 37, 45, 53]",4,53
2340,2026-01-28T07:06:40.0,2026-01-23T12:44:25.531,"Any[1, 6, 11, 19, 23, 36, 44, 54, 60]",1,60
2352,2026-01-28T07:06:40.0,2026-01-23T12:44:25.531,"Any[6, 11, 19, 25, 30, 37, 45]",6,45
2353,2026-01-28T07:06:40.0,2026-01-30T12:44:25.531,"Any[10, 19, 25, 30, 37, 45, 56]",10,56
2432,2026-01-28T07:06:40.0,2026-01-23T12:44:25.531,"Any[6, 11, 19, 25, 30, 37, 45]",6,45
2472,2026-01-28T07:06:40.0,2026-01-09T12:44:25.531,"Any[13, 19, 25, 37, 45, 56]",13,56
2499,2026-01-28T07:06:40.0,2026-01-09T12:44:25.531,"Any[54, 44, 36, 23, 19, 13, 8]",54,8
2514,2026-01-28T07:06:40.0,2026-01-09T12:44:25.531,"Any[53, 45, 37, 30, 25]",53,25
2592,2026-01-28T07:06:40.0,2026-01-16T12:44:25.531,"Any[56, 45, 37, 30, 25, 19, 13, 8]",56,8
2604,2026-01-28T07:06:40.0,2026-01-09T12:44:25.531,"Any[54, 44, 36, 23, 19, 13, 8]",54,8
2616,2026-01-28T07:06:40.0,2026-01-30T12:44:25.531,"Any[8, 13, 19, 25, 30, 37, 45, 56]",8,56
2622,2026-01-28T07:06:40.0,2026-01-16T12:44:25.531,"Any[56, 45, 37, 30, 25, 19, 13, 8]",56,8
2643,2026-01-28T07:06:40.0,2026-01-16T12:44:25.531,"Any[19, 25, 30, 37, 45, 53]",19,53
2664,2026-01-28T07:06:40.0,2026-01-30T12:44:25.531,"Any[8, 13, 19, 25, 37, 45, 56]",8,56
2702,2026-01-28T07:06:40.0,2026-01-16T12:44:25.531,"Any[45, 37, 30, 25, 19, 10]",45,10
2734,2026-01-28T07:06:40.0,2026-01-09T12:44:25.531,"Any[10, 19, 30, 37, 45, 53]",10,53
2746,2026-01-28T07:06:40.0,2026-01-16T12:44:25.531,"Any[1, 6, 10, 19, 23, 36, 44, 54, 60]",1,60
2750,2026-01-28T07:06:40.0,2026-01-16T12:44:25.531,"Any[53, 45, 37, 30, 25, 19, 11, 6, 1]",53,1
2786,2026-01-28T07:06:40.0,2026-01-30T12:44:25.531,"Any[53, 45, 37, 30, 25, 19, 13, 8]",53,8
2794,2026-01-28T07:06:40.0,2026-01-09T12:44:25.531,"Any[56, 45, 37, 30, 25, 19, 11, 6]",56,6
2815,2026-01-28T07:06:40.0,2026-01-09T12:44:25.531,"Any[60, 56, 45, 37, 30, 25, 19, 11, 6]",60,6
2878,2026-01-28T07:06:40.0,2026-01-23T12:44:25.531,"Any[10, 19, 25, 30, 37, 45, 53]",10,53
2899,2026-01-28T07:06:40.0,2026-01-23T12:44:25.531,"Any[8, 13, 19, 25, 30, 37, 45, 56]",8,56
2904,2026-01-28T07:06:40.0,2026-01-16T12:44:25.531,"Any[13, 19, 25, 30, 37, 45, 56]",13,56
2909,2026-01-28T07:06:40.0,2026-01-16T12:44:25.531,"Any[56, 45, 37, 30, 25, 19, 13, 8]",56,8
2911,2026-01-28T07:06:40.0,2026-01-30T12:44:25.531,"Any[8, 13, 25, 30, 37, 45, 56]",8,56
2936,2026-01-28T07:06:40.0,2026-01-09T12:44:25.531,"Any[53, 45, 37, 30, 25]",53,25
2938,2026-01-28T07:06:40.0,2026-01-16T12:44:25.531,"Any[7, 8, 13, 19, 25, 30, 37, 45, 53, 60]",7,60
2955,2026-01-28T07:06:40.0,2026-01-23T12:44:25.531,"Any[19, 25, 30, 37, 45, 56]",19,56
2967,2026-01-28T07:06:40.0,2026-01-23T12:44:25.531,"Any[6, 11, 16, 25, 30, 37, 45]",6,45
2970,2026-01-28T07:06:40.0,2026-01-30T12:44:25.531,"Any[56, 45, 37, 30, 25, 19, 13, 8]",56,8
2982,2026-01-28T07:06:40.0,2026-01-23T12:44:25.531,"Any[19, 25, 30, 37, 45, 53]",19,53
2983,2026-01-28T07:06:40.0,2026-01-30T12:44:25.531,"Any[53, 45, 37, 30, 25, 19, 10]",53,10
3006,2026-01-28T07:06:40.0,2026-01-30T12:44:25.531,"Any[53, 45, 37, 30, 25, 19, 10]",53,10
3011,2026-01-28T07:06:40.0,2026-01-16T12:44:25.531,"Any[8, 13, 25, 30, 37, 45, 56]",8,56
3036,2026-01-28T07:06:40.0,2026-01-23T12:44:25.531,"Any[64, 53, 45, 37, 30, 25, 19, 13, 8]",64,8
3050,2026-01-28T07:06:40.0,2026-01-23T12:44:25.531,"Any[60, 56, 45, 37, 30, 25, 19, 11, 6, 1]",60,1
3111,2026-01-28T07:06:40.0,2026-01-09T12:44:25.531,"Any[19, 25, 30, 37, 45, 53]",19,53
3124,2026-01-28T07:06:40.0,2026-01-23T12:44:25.531,"Any[8, 13, 19, 25, 30, 37, 45, 56]",8,56
3152,2026-01-28T07:06:40.0,2026-01-16T12:44:25.531,"Any[8, 13, 19, 25, 30, 37, 45, 56]",8,56
3165,2026-01-28T07:06:40.0,2026-01-23T12:44:25.531,"Any[1, 6, 11, 19, 23, 28, 36, 44, 54, 60]",1,60
3172,2026-01-28T07:06:40.0,2026-01-16T12:44:25.531,"Any[1, 6, 11, 19, 23, 28, 36, 44, 54, 60]",1,60
2,2026-01-31T13:20:00.0,2026-01-12T18:57:45.531,"Any[56, 45, 37, 30, 25, 19, 13, 8]",56,8
11,2026-01-31T13:20:00.0,2026-01-26T18:57:45.531,"Any[60, 53, 45, 37, 30, 25, 19, 11, 6]",60,6
26,2026-01-31T13:20:00.0,2026-01-26T18:57:45.531,"Any[60, 53, 45, 37, 30, 25]",60,25
30,2026-01-31T13:20:00.0,2026-01-19T18:57:45.531,"Any[53, 45, 37, 30, 25, 19, 11, 6, 1]",53,1
33,2026-01-31T13:20:00.0,2026-01-26T18:57:45.531,"Any[25, 30, 37, 45, 56]",25,56
35,2026-01-31T13:20:00.0,2026-01-19T18:57:45.531,"Any[53, 45, 37, 30, 25, 19, 10]",53,10
39,2026-01-31T13:20:00.0,2026-02-02T18:57:45.531,"Any[53, 45, 37, 30, 25]",53,25
52,2026-01-31T13:20:00.0,2026-01-26T18:57:45.531,"Any[1, 6, 11, 19, 25, 30, 37, 45, 56]",1,56
55,2026-01-31T13:20:00.0,2026-01-12T18:57:45.531,"Any[53, 45, 37, 30, 25, 19, 11, 6, 1]",53,1
60,2026-01-31T13:20:00.0,2026-02-02T18:57:45.531,"Any[1, 6, 11, 19, 25, 30, 37, 45, 53]",1,53
61,2026-01-31T13:20:00.0,2026-01-19T18:57:45.531,"Any[19, 25, 30, 37, 45, 53]",19,53
62,2026-01-31T13:20:00.0,2026-01-12T18:57:45.531,"Any[64, 53, 45, 37, 30, 25, 19, 10]",64,10
64,2026-01-31T13:20:00.0,2026-02-02T18:57:45.531,"Any[10, 19, 25, 30, 37, 45, 53]",10,53
68,2026-01-31T13:20:00.0,2026-01-12T18:57:45.531,"Any[5, 6, 10, 19, 25, 30, 37, 45, 56]",5,56
69,2026-01-31T13:20:00.0,2026-01-12T18:57:45.531,"Any[6, 11, 19, 25, 30, 37, 45]",6,45
74,2026-01-31T13:20:00.0,2026-01-12T18:57:45.531,"Any[53, 45, 37, 30, 25, 19, 10]",53,10
77,2026-01-31T13:20:00.0,2026-01-19T18:57:45.531,"Any[45, 37, 30, 25]",45,25
79,2026-01-31T13:20:00.0,2026-01-26T18:57:45.531,"Any[53, 45, 37, 30, 25, 19, 11, 6, 1]",53,1
80,2026-01-31T13:20:00.0,2026-01-26T18:57:45.531,"Any[1, 6, 11, 19, 25, 30, 37, 45, 56]",1,56
85,2026-01-31T13:20:00.0,2026-01-19T18:57:45.531,"Any[19, 25, 30, 37, 45, 56]",19,56
86,2026-01-31T13:20:00.0,2026-02-02T18:57:45.531,"Any[8, 13, 19, 25, 30, 37, 45, 56]",8,56
94,2026-01-31T13:20:00.0,2026-02-02T18:57:45.531,"Any[13, 19, 25, 30, 37, 45, 56]",13,56
105,2026-01-31T13:20:00.0,2026-01-26T18:57:45.531,"Any[8, 13, 19, 25, 30, 37, 45, 56]",8,56
110,2026-01-31T13:20:00.0,2026-02-02T18:57:45.531,"Any[7, 8, 13, 19, 25, 30, 37, 45, 53, 60]",7,60
118,2026-01-31T13:20:00.0,2026-02-02T18:57:45.531,"Any[8, 13, 19, 25, 30, 37, 45, 53]",8,53
122,2026-01-31T13:20:00.0,2026-01-12T18:57:45.531,"Any[53, 45, 37, 30, 25, 19, 13, 8]",53,8
123,2026-01-31T13:20:00.0,2026-01-12T18:57:45.531,"Any[53, 45, 37, 30, 25]",53,25
126,2026-01-31T13:20:00.0,2026-01-19T18:57:45.531,"Any[6, 11, 16, 25, 30, 37, 45]",6,45
134,2026-01-31T13:20:00.0,2026-02-02T18:57:45.531,"Any[60, 56, 45, 37, 30, 25, 19, 10]",60,10
144,2026-01-31T13:20:00.0,2026-01-26T18:57:45.531,"Any[19, 25, 30, 37, 45]",19,45
155,2026-01-31T13:20:00.0,2026-01-26T18:57:45.531,"Any[19, 25, 30, 37, 45, 56, 60, 60, 64]",19,60
168,2026-01-31T13:20:00.0,2026-02-02T18:57:45.531,"Any[6, 11, 19, 25, 30, 37, 45]",6,45
171,2026-01-31T13:20:00.0,2026-01-19T18:57:45.531,"Any[8, 13, 19, 25, 30, 37, 45, 56]",8,56
177,2026-01-31T13:20:00.0,2026-01-19T18:57:45.531,"Any[56, 45, 37, 30, 25, 19, 20]",56,20
186,2026-01-31T13:20:00.0,2026-01-12T18:57:45.531,"Any[7, 8, 13, 19, 25, 30, 37, 45, 53]",7,53
193,2026-01-31T13:20:00.0,2026-01-26T18:57:45.531,"Any[8, 13, 19, 25, 30, 37, 45, 53]",8,53
204,2026-01-31T13:20:00.0,2026-01-19T18:57:45.531,"Any[8, 13, 19, 25, 30, 37, 45, 56]",8,56
210,2026-01-31T13:20:00.0,2026-02-02T18:57:45.531,"Any[60, 56, 45, 37, 30, 25, 19]",60,19
221,2026-01-31T13:20:00.0,2026-01-26T18:57:45.531,"Any[60, 56, 45, 37, 30, 25, 19, 11, 6]",60,6
225,2026-01-31T13:20:00.0,2026-02-02T18:57:45.531,"Any[3, 6, 11, 19, 25, 30, 37, 45, 56]",3,56
227,2026-01-31T13:20:00.0,2026-01-26T18:57:45.531,"Any[56, 45, 37, 30, 25, 19, 11, 6, 6, 1]",56,6
229,2026-01-31T13:20:00.0,2026-01-12T18:57:45.531,"Any[10, 11, 19, 25, 30, 37, 45, 53]",10,53
232,2026-01-31T13:20:00.0,2026-02-02T18:57:45.531,"Any[60, 56, 45, 37, 30, 25, 19, 13, 8]",60,8
237,2026-01-31T13:20:00.0,2026-02-02T18:57:45.531,"Any[53, 45, 37, 30, 25, 19, 10]",53,10
239,2026-01-31T13:20:00.0,2026-01-12T18:57:45.531,"Any[53, 45, 37, 30, 25, 19, 13, 8]",53,8
245,2026-01-31T13:20:00.0,2026-02-02T18:57:45.531,"Any[60, 53, 45, 37, 30, 25, 19, 11, 6, 6]",60,6
247,2026-01-31T13:20:00.0,2026-01-26T18:57:45.531,"Any[60, 56, 45, 37, 30, 25, 19]",60,19
249,2026-01-31T13:20:00.0,2026-02-02T18:57:45.531,"Any[64, 60, 53, 45, 37, 30, 25]",64,25
251,2026-01-31T13:20:00.0,2026-01-12T18:57:45.531,"Any[6, 11, 19, 25, 30, 37, 45]",6,45
252,2026-01-31T13:20:00.0,2026-01-26T18:57:45.531,"Any[6, 11, 19, 25, 30, 37, 45]",6,45
253,2026-01-31T13:20:00.0,2026-01-19T18:57:45.531,"Any[19, 25, 30, 37, 45, 56]",19,56
259,2026-01-31T13:20:00.0,2026-02-02T18:57:45.531,"Any[3, 10, 19, 25, 30, 37, 45, 53]",3,53
265,2026-01-31T13:20:00.0,2026-01-19T18:57:45.531,"Any[53, 45, 37, 30, 25]",53,25
273,2026-01-31T13:20:00.0,2026-01-26T18:57:45.531,"Any[53, 45, 37, 30, 25, 19, 10]",53,10
274,2026-01-31T13:20:00.0,2026-01-12T18:57:45.531,"Any[60, 53, 45, 37, 30, 25, 19, 10]",60,10
277,2026-01-31T13:20:00.0,2026-01-19T18:57:45.531,"Any[6, 11, 19, 25, 30, 37, 45, 53]",6,53
296,2026-01-31T13:20:00.0,2026-01-26T18:57:45.531,"Any[7, 8, 13, 19, 25, 30, 37, 45, 53]",7,53
303,2026-01-31T13:20:00.0,2026-01-19T18:57:45.531,"Any[8, 13, 19, 25, 30, 37, 45, 56, 60]",8,60
311,2026-01-31T13:20:00.0,2026-02-02T18:57:45.531,"Any[62, 45, 37, 30, 25, 19, 13, 8]",62,8
312,2026-01-31T13:20:00.0,2026-01-19T18:57:45.531,"Any[1, 6, 11, 19, 25, 30, 37, 45, 56]",1,56
315,2026-01-31T13:20:00.0,2026-01-12T18:57:45.531,"Any[60, 53, 45, 37, 30, 25]",60,25
316,2026-01-31T13:20:00.0,2026-02-02T18:57:45.531,"Any[60, 53, 45, 37, 30, 25, 19, 11, 6]",60,6
317,2026-01-31T13:20:00.0,2026-02-02T18:57:45.531,"Any[56, 45, 37, 30, 25]",56,25
321,2026-01-31T13:20:00.0,2026-02-02T18:57:45.531,"Any[45, 37, 30, 25]",45,25
322,2026-01-31T13:20:00.0,2026-01-19T18:57:45.531,"Any[45, 37, 30, 25]",45,25
323,2026-01-31T13:20:00.0,2026-01-19T18:57:45.531,"Any[2, 9, 21, 27, 31, 36, 45, 55]",2,55
325,2026-01-31T13:20:00.0,2026-02-02T18:57:45.531,"Any[7, 8, 13, 19, 25, 30, 37, 45, 53, 60]",7,60
326,2026-01-31T13:20:00.0,2026-02-02T18:57:45.531,"Any[64, 60, 53, 45, 37, 30, 25, 19, 13, 8]",64,8
334,2026-01-31T13:20:00.0,2026-01-26T18:57:45.531,"Any[8, 13, 19, 25, 30, 37, 45, 56]",8,56
347,2026-01-31T13:20:00.0,2026-01-26T18:57:45.531,"Any[53, 45, 37, 30, 25, 19, 11, 6, 1]",53,1
350,2026-01-31T13:20:00.0,2026-01-26T18:57:45.531,"Any[56, 45, 37, 30, 25, 19, 13, 8]",56,8
357,2026-01-31T13:20:00.0,2026-02-02T18:57:45.531,"Any[10, 19, 25, 30, 37, 45, 53]",10,53
358,2026-01-31T13:20:00.0,2026-01-12T18:57:45.531,"Any[6, 11, 19, 25, 30, 37, 45, 56]",6,56
372,2026-01-31T13:20:00.0,2026-01-19T18:57:45.531,"Any[53, 45, 37, 30, 25, 19, 11, 6, 1]",53,1
374,2026-01-31T13:20:00.0,2026-01-12T18:57:45.531,"Any[8, 13, 19, 25, 30, 37, 45, 56]",8,56
378,2026-01-31T13:20:00.0,2026-01-12T18:57:45.531,"Any[60, 56, 45, 37, 30, 25]",60,25
381,2026-01-31T13:20:00.0,2026-01-19T18:57:45.531,"Any[53, 45, 37, 30, 25, 19, 11, 6, 1]",53,1
400,2026-01-31T13:20:00.0,2026-01-26T18:57:45.531,"Any[3, 10, 19, 25, 30, 37, 45, 53]",3,53
416,2026-01-31T13:20:00.0,2026-01-12T18:57:45.531,"Any[10, 11, 19, 25, 30, 37, 45, 53]",10,53
424,2026-01-31T13:20:00.0,2026-01-19T18:57:45.531,"Any[6, 11, 19, 25, 30, 37, 45]",6,45
428,2026-01-31T13:20:00.0,2026-01-19T18:57:45.531,"Any[3, 6, 11, 19, 25, 30, 37, 45]",3,45
432,2026-01-31T13:20:00.0,2026-01-26T18:57:45.531,"Any[6, 11, 19, 25, 30, 37, 45]",6,45
439,2026-01-31T13:20:00.0,2026-01-12T18:57:45.531,"Any[60, 56, 45, 37, 30, 25, 19, 11, 6]",60,6
445,2026-01-31T13:20:00.0,2026-01-12T18:57:45.531,"Any[56, 45, 37, 30, 25, 19, 13, 8]",56,8
454,2026-01-31T13:20:00.0,2026-01-19T18:57:45.531,"Any[64, 60, 53, 45, 37, 30, 25, 19, 10]",64,10
455,2026-01-31T13:20:00.0,2026-01-26T18:57:45.531,"Any[56, 45, 37, 30, 25, 19, 13, 8, 7]",56,7
459,2026-01-31T13:20:00.0,2026-01-19T18:57:45.531,"Any[8, 13, 19, 25, 30, 37, 45, 53]",8,53
461,2026-01-31T13:20:00.0,2026-02-02T18:57:45.531,"Any[56, 45, 37, 30, 25, 19, 11, 6]",56,6
465,2026-01-31T13:20:00.0,2026-01-26T18:57:45.531,"Any[19, 25, 30, 37, 45, 56]",19,56
469,2026-01-31T13:20:00.0,2026-01-19T18:57:45.531,"Any[8, 13, 19, 25, 30, 37, 45, 56]",8,56
474,2026-01-31T13:20:00.0,2026-01-26T18:57:45.531,"Any[53, 45, 37, 30, 25, 19, 10]",53,10
493,2026-01-31T13:20:00.0,2026-02-02T18:57:45.531,"Any[7, 8, 13, 19, 25, 30, 37, 45]",7,45
504,2026-01-31T13:20:00.0,2026-01-12T18:57:45.531,"Any[8, 13, 19, 25, 30, 37, 45, 56]",8,56
507,2026-01-31T13:20:00.0,2026-01-12T18:57:45.531,"Any[64, 60, 53, 45, 37, 30, 25]",64,25
513,2026-01-31T13:20:00.0,2026-01-19T18:57:45.531,"Any[8, 13, 19, 25, 30, 37, 45, 56]",8,56
519,2026-01-31T13:20:00.0,2026-01-19T18:57:45.531,"Any[53, 45, 37, 30, 25, 19, 10]",53,10
521,2026-01-31T13:20:00.0,2026-01-12T18:57:45.531,"Any[8, 13, 19, 25, 30, 37, 45, 56]",8,56
534,2026-01-31T13:20:00.0,2026-01-12T18:57:45.531,"Any[60, 53, 45, 37, 30, 25]",60,25
545,2026-01-31T13:20:00.0,2026-02-02T18:57:45.531,"Any[1, 6, 11, 19, 25, 30, 37, 45, 56]",1,56
552,2026-01-31T13:20:00.0,2026-01-19T18:57:45.531,"Any[56, 45, 37, 30, 25, 19]",56,19
553,2026-01-31T13:20:00.0,2026-01-19T18:57:45.531,"Any[7, 8, 13, 19, 25, 30, 37, 45, 56]",7,56
559,2026-01-31T13:20:00.0,2026-02-02T18:57:45.531,"Any[3, 10, 19, 25, 30, 37, 45, 53]",3,53
574,2026-01-31T13:20:00.0,2026-01-19T18:57:45.531,"Any[56, 45, 37, 30, 25, 19, 11, 6]",56,6
576,2026-01-31T13:20:00.0,2026-01-26T18:57:45.531,"Any[1, 6, 11, 19, 25, 30, 37, 45, 53, 60, 64]",1,64
578,2026-01-31T13:20:00.0,2026-01-12T18:57:45.531,"Any[19, 25, 30, 37, 45, 53]",19,53
581,2026-01-31T13:20:00.0,2026-01-26T18:57:45.531,"Any[10, 19, 25, 30, 37, 45, 53]",10,53
585,2026-01-31T13:20:00.0,2026-02-02T18:57:45.531,"Any[7, 8, 13, 19, 25, 30, 37, 45, 53]",7,53
590,2026-01-31T13:20:00.0,2026-02-02T18:57:45.531,"Any[8, 13, 19, 25, 30, 37, 45, 56]",8,56
591,2026-01-31T13:20:00.0,2026-01-19T18:57:45.531,"Any[8, 13, 19, 25, 30, 37, 45, 53]",8,53
593,2026-01-31T13:20:00.0,2026-01-19T18:57:45.531,"Any[1, 6, 11, 19, 25, 30, 37, 45, 56]",1,56
605,2026-01-31T13:20:00.0,2026-01-19T18:57:45.531,"Any[53, 45, 37, 30, 25, 19, 13, 8]",53,8
607,2026-01-31T13:20:00.0,2026-01-26T18:57:45.531,"Any[60, 53, 45, 37, 30, 25, 19]",60,19
616,2026-01-31T13:20:00.0,2026-01-19T18:57:45.531,"Any[64, 56, 45, 37, 30, 25, 19, 11, 6]",64,6
627,2026-01-31T13:20:00.0,2026-01-26T18:57:45.531,"Any[6, 11, 19, 25, 30, 37, 45, 56]",6,56
634,2026-01-31T13:20:00.0,2026-02-02T18:57:45.531,"Any[53, 45, 37, 30, 25, 19, 10]",53,10
642,2026-01-31T13:20:00.0,2026-01-26T18:57:45.531,"Any[60, 56, 45, 37, 30, 25, 19, 11, 6, 1]",60,1
673,2026-01-31T13:20:00.0,2026-02-02T18:57:45.531,"Any[3, 6, 11, 19, 25, 30, 37, 45]",3,45
682,2026-01-31T13:20:00.0,2026-01-26T18:57:45.531,"Any[53, 45, 37, 30, 25, 19, 10]",53,10
687,2026-01-31T13:20:00.0,2026-01-19T18:57:45.531,"Any[53, 45, 37, 30, 25, 19, 10]",53,10
692,2026-01-31T13:20:00.0,2026-01-26T18:57:45.531,"Any[60, 53, 45, 37, 30, 25]",60,25
696,2026-01-31T13:20:00.0,2026-02-02T18:57:45.531,"Any[53, 45, 37, 30, 25]",53,25
701,2026-01-31T13:20:00.0,2026-02-02T18:57:45.531,"Any[10, 19, 25, 30, 37, 45, 53]",10,53
705,2026-01-31T13:20:00.0,2026-02-02T18:57:45.531,"Any[60, 56, 45, 37, 30, 25, 19, 11, 6, 1]",60,1
709,2026-01-31T13:20:00.0,2026-01-19T18:57:45.531,"Any[16, 17, 25, 30, 37, 45, 53]",16,53
710,2026-01-31T13:20:00.0,2026-01-19T18:57:45.531,"Any[56, 45, 37, 30, 25, 19, 11, 6, 1]",56,1
711,2026-01-31T13:20:00.0,2026-01-12T18:57:45.531,"Any[56, 45, 37, 30, 25]",56,25
713,2026-01-31T13:20:00.0,2026-02-02T18:57:45.531,"Any[8, 13, 19, 25, 30, 37, 45, 56]",8,56
717,2026-01-31T13:20:00.0,2026-01-19T18:57:45.531,"Any[6, 11, 16, 25, 30, 37, 45, 56]",6,56
720,2026-01-31T13:20:00.0,2026-02-02T18:57:45.531,"Any[7, 8, 13, 19, 25, 30, 37, 45, 56, 60, 64]",7,64
721,2026-01-31T13:20:00.0,2026-01-12T18:57:45.531,"Any[53, 45, 37, 30, 25, 19, 10]",53,10
727,2026-01-31T13:20:00.0,2026-01-26T18:57:45.531,"Any[6, 11, 19, 25, 30, 37, 45, 56]",6,56
744,2026-01-31T13:20:00.0,2026-01-19T18:57:45.531,"Any[1, 6, 11, 19, 25, 30, 37, 45, 56, 60]",1,60
754,2026-01-31T13:20:00.0,2026-01-26T18:57:45.531,"Any[64, 60, 56, 45, 37, 30, 25, 19, 13, 8]",64,8
756,2026-01-31T13:20:00.0,2026-01-12T18:57:45.531,"Any[53, 45, 37, 30, 25]",53,25
767,2026-01-31T13:20:00.0,2026-01-26T18:57:45.531,"Any[19, 25, 30, 37, 45, 53]",19,53
770,2026-01-31T13:20:00.0,2026-01-26T18:57:45.531,"Any[62, 45, 37, 30, 25, 19, 11, 6]",62,6
771,2026-01-31T13:20:00.0,2026-01-12T18:57:45.531,"Any[64, 53, 45, 37, 30, 25, 19, 10]",64,10
782,2026-01-31T13:20:00.0,2026-01-19T18:57:45.531,"Any[60, 53, 45, 37, 30, 25]",60,25
785,2026-01-31T13:20:00.0,2026-01-26T18:57:45.531,"Any[10, 19, 25, 30, 37, 45, 53]",10,53
788,2026-01-31T13:20:00.0,2026-01-26T18:57:45.531,"Any[64, 60, 53, 45, 37, 30, 25, 19, 10]",64,10
793,2026-01-31T13:20:00.0,2026-01-19T18:57:45.531,"Any[62, 45, 37, 30, 25, 19, 13, 8]",62,8
794,2026-01-31T13:20:00.0,2026-01-19T18:57:45.531,"Any[10, 19, 25, 30, 37, 45, 56]",10,56
795,2026-01-31T13:20:00.0,2026-01-19T18:57:45.531,"Any[1, 6, 11, 19, 25, 30, 37, 45, 56]",1,56
807,2026-01-31T13:20:00.0,2026-01-12T18:57:45.531,"Any[17, 25, 30, 37, 45, 53]",17,53
808,2026-01-31T13:20:00.0,2026-01-26T18:57:45.531,"Any[60, 56, 45, 37, 30, 25, 19, 14]",60,14
811,2026-01-31T13:20:00.0,2026-01-26T18:57:45.531,"Any[53, 45, 37, 30, 25, 19, 10]",53,10
814,2026-01-31T13:20:00.0,2026-01-26T18:57:45.531,"Any[60, 56, 45, 37, 30, 25, 19]",60,19
816,2026-01-31T13:20:00.0,2026-01-26T18:57:45.531,"Any[53, 45, 37, 30, 25, 19, 11, 6, 1]",53,1
825,2026-01-31T13:20:00.0,2026-01-19T18:57:45.531,"Any[56, 45, 37, 30, 25, 19, 11, 6]",56,6
835,2026-01-31T13:20:00.0,2026-02-02T18:57:45.531,"Any[6, 11, 19, 25, 30, 37, 45]",6,45
844,2026-01-31T13:20:00.0,2026-01-12T18:57:45.531,"Any[53, 45, 37, 30, 25, 19, 10]",53,10
845,2026-01-31T13:20:00.0,2026-01-19T18:57:45.531,"Any[64, 60, 56, 45, 37, 30, 25, 19, 11, 6, 6, 1]",64,6
847,2026-01-31T13:20:00.0,2026-01-12T18:57:45.531,"Any[19, 25, 30, 37, 45]",19,45
861,2026-01-31T13:20:00.0,2026-01-12T18:57:45.531,"Any[8, 13, 19, 25, 30, 37, 45, 53]",8,53
865,2026-01-31T13:20:00.0,2026-02-02T18:57:45.531,"Any[53, 45, 37, 30, 25, 19, 11, 6, 1]",53,1
875,2026-01-31T13:20:00.0,2026-01-12T18:57:45.531,"Any[6, 11, 19, 25, 30, 37, 45]",6,45
883,2026-01-31T13:20:00.0,2026-01-12T18:57:45.531,"Any[1, 6, 11, 19, 25, 30, 37, 45, 53]",1,53
887,2026-01-31T13:20:00.0,2026-02-02T18:57:45.531,"Any[56, 45, 37, 30, 25, 19]",56,19
889,2026-01-31T13:20:00.0,2026-01-19T18:57:45.531,"Any[1, 6, 11, 19, 25, 30, 37, 45, 53]",1,53
898,2026-01-31T13:20:00.0,2026-01-12T18:57:45.531,"Any[53, 45, 37, 30, 25, 19, 13, 8]",53,8
900,2026-01-31T13:20:00.0,2026-01-19T18:57:45.531,"Any[60, 56, 45, 37, 30, 25, 19]",60,19
908,2026-01-31T13:20:00.0,2026-01-19T18:57:45.531,"Any[53, 45, 37, 30, 25, 19, 13, 8]",53,8
919,2026-01-31T13:20:00.0,2026-01-19T18:57:45.531,"Any[60, 56, 45, 37, 30, 25, 19]",60,19
920,2026-01-31T13:20:00.0,2026-01-12T18:57:45.531,"Any[17, 16, 17, 25, 30, 37, 45, 53]",17,53
924,2026-01-31T13:20:00.0,2026-01-26T18:57:45.531,"Any[10, 19, 25, 30, 37, 45, 53]",10,53
927,2026-01-31T13:20:00.0,2026-02-02T18:57:45.531,"Any[64, 60, 56, 45, 37, 30, 25, 19, 11, 6]",64,6
929,2026-01-31T13:20:00.0,2026-02-02T18:57:45.531,"Any[60, 53, 45, 37, 30, 25, 19, 11, 6]",60,6
946,2026-01-31T13:20:00.0,2026-02-02T18:57:45.531,"Any[7, 8, 13, 19, 25, 30, 37, 45, 53]",7,53
951,2026-01-31T13:20:00.0,2026-01-12T18:57:45.531,"Any[54, 44, 36, 23, 19, 13, 8]",54,8
958,2026-01-31T13:20:00.0,2026-01-12T18:57:45.531,"Any[60, 56, 45, 37, 30, 25, 19, 11, 6]",60,6
965,2026-01-31T13:20:00.0,2026-01-12T18:57:45.531,"Any[7, 8, 13, 19, 25, 30, 37, 45, 53]",7,53
969,2026-01-31T13:20:00.0,2026-02-02T18:57:45.531,"Any[1, 6, 11, 19, 25, 30, 37, 45, 56]",1,56
991,2026-01-31T13:20:00.0,2026-01-26T18:57:45.531,"Any[64, 60, 53, 45, 37, 30, 25, 19, 10]",64,10
1005,2026-01-31T13:20:00.0,2026-01-19T18:57:45.531,"Any[56, 45, 37, 30, 25, 19, 11, 6]",56,6
1007,2026-01-31T13:20:00.0,2026-01-19T18:57:45.531,"Any[60, 56, 45, 37, 30, 25, 19, 17, 19, 11, 6, 6, 1]",60,6
1008,2026-01-31T13:20:00.0,2026-01-12T18:57:45.531,"Any[60, 56, 45, 37, 30, 25, 19, 13, 8]",60,8
1010,2026-01-31T13:20:00.0,2026-01-26T18:57:45.531,"Any[56, 45, 37, 30, 25]",56,25
1018,2026-01-31T13:20:00.0,2026-01-26T18:57:45.531,"Any[53, 45, 37, 30, 25, 19, 11, 6, 1]",53,1
1020,2026-01-31T13:20:00.0,2026-01-19T18:57:45.531,"Any[6, 11, 19, 25, 30, 37, 45]",6,45
1026,2026-01-31T13:20:00.0,2026-01-19T18:57:45.531,"Any[45, 37, 30, 25]",45,25
1028,2026-01-31T13:20:00.0,2026-01-12T18:57:45.531,"Any[19, 25, 30, 37, 45, 56]",19,56
1029,2026-01-31T13:20:00.0,2026-01-12T18:57:45.531,"Any[45, 37, 30, 25]",45,25
1032,2026-01-31T13:20:00.0,2026-01-19T18:57:45.531,"Any[7, 8, 13, 19, 25, 30, 37, 45, 53, 60]",7,60
1039,2026-01-31T13:20:00.0,2026-01-19T18:57:45.531,"Any[1, 6, 11, 19, 30, 37, 45, 56]",1,56
1043,2026-01-31T13:20:00.0,2026-02-02T18:57:45.531,"Any[56, 45, 37, 30, 25]",56,25
1047,2026-01-31T13:20:00.0,2026-01-26T18:57:45.531,"Any[56, 45, 37, 30, 25, 19, 11, 6]",56,6
1051,2026-01-31T13:20:00.0,2026-01-19T18:57:45.531,"Any[13, 19, 25, 30, 37, 45, 56]",13,56
1053,2026-01-31T13:20:00.0,2026-02-02T18:57:45.531,"Any[56, 45, 37, 30, 25, 19, 11, 6]",56,6
1055,2026-01-31T13:20:00.0,2026-02-02T18:57:45.531,"Any[7, 8, 13, 19, 25, 30, 37, 45, 53]",7,53
1074,2026-01-31T13:20:00.0,2026-01-26T18:57:45.531,"Any[56, 45, 37, 30, 25, 19, 13, 8]",56,8
1086,2026-01-31T13:20:00.0,2026-01-19T18:57:45.531,"Any[19, 25, 30, 37, 45, 53]",19,53
1088,2026-01-31T13:20:00.0,2026-01-19T18:57:45.531,"Any[8, 13, 19, 25, 30, 37, 45, 56]",8,56
1090,2026-01-31T13:20:00.0,2026-01-19T18:57:45.531,"Any[19, 25, 30, 37, 45]",19,45
1091,2026-01-31T13:20:00.0,2026-01-19T18:57:45.531,"Any[8, 13, 19, 25, 30, 37, 45, 53]",8,53
1095,2026-01-31T13:20:00.0,2026-02-02T18:57:45.531,"Any[64, 60, 53, 45, 37, 30, 25, 19, 11, 6, 1]",64,1
1099,2026-01-31T13:20:00.0,2026-02-02T18:57:45.531,"Any[8, 13, 19, 25, 30, 37, 45, 53, 56]",8,56
1101,2026-01-31T13:20:00.0,2026-01-12T18:57:45.531,"Any[56, 45, 37, 30, 25]",56,25
1112,2026-01-31T13:20:00.0,2026-01-12T18:57:45.531,"Any[10, 19, 25, 30, 37, 45, 53]",10,53
1120,2026-01-31T13:20:00.0,2026-01-26T18:57:45.531,"Any[1, 6, 11, 19, 25, 30, 37, 45, 56]",1,56
1125,2026-01-31T13:20:00.0,2026-01-19T18:57:45.531,"Any[10, 19, 25, 30, 37, 45, 53]",10,53
1126,2026-01-31T13:20:00.0,2026-01-12T18:57:45.531,"Any[53, 45, 37, 30, 25, 19, 11, 6, 1]",53,1
1133,2026-01-31T13:20:00.0,2026-01-12T18:57:45.531,"Any[56, 45, 37, 30, 25, 19]",56,19
1147,2026-01-31T13:20:00.0,2026-02-02T18:57:45.531,"Any[16, 25, 30, 37, 45, 53]",16,53
1150,2026-01-31T13:20:00.0,2026-01-19T18:57:45.531,"Any[64, 60, 53, 45, 37, 30, 25, 19, 11, 6, 1]",64,1
1154,2026-01-31T13:20:00.0,2026-02-02T18:57:45.531,"Any[25, 30, 37, 45, 53, 60, 64]",25,64
1155,2026-01-31T13:20:00.0,2026-01-26T18:57:45.531,"Any[53, 45, 37, 30, 25]",53,25
1159,2026-01-31T13:20:00.0,2026-02-02T18:57:45.531,"Any[7, 8, 13, 19, 25, 30, 37, 45, 53]",7,53
1170,2026-01-31T13:20:00.0,2026-02-02T18:57:45.531,"Any[3, 10, 11, 19, 25, 30, 37, 45]",3,45
1172,2026-01-31T13:20:00.0,2026-02-02T18:57:45.531,"Any[6, 11, 16, 25, 30, 37, 45, 53]",6,53
1179,2026-01-31T13:20:00.0,2026-01-26T18:57:45.531,"Any[13, 25, 30, 37, 45, 56]",13,56
1192,2026-01-31T13:20:00.0,2026-01-19T18:57:45.531,"Any[53, 45, 37, 30, 25]",53,25
1195,2026-01-31T13:20:00.0,2026-01-26T18:57:45.531,"Any[53, 45, 37, 30, 25, 19, 10]",53,10
1197,2026-01-31T13:20:00.0,2026-01-12T18:57:45.531,"Any[16, 19, 25, 30, 37, 45, 53]",16,53
1201,2026-01-31T13:20:00.0,2026-01-12T18:57:45.531,"Any[53, 45, 37, 30, 25, 19, 13, 8]",53,8
1210,2026-01-31T13:20:00.0,2026-02-02T18:57:45.531,"Any[53, 45, 37, 30, 25, 19, 13, 8]",53,8
1217,2026-01-31T13:20:00.0,2026-02-02T18:57:45.531,"Any[6, 11, 19, 25, 30, 37, 45, 56]",6,56
1224,2026-01-31T13:20:00.0,2026-01-19T18:57:45.531,"Any[56, 45, 37, 30, 25, 19, 11, 6, 1]",56,1
1236,2026-01-31T13:20:00.0,2026-01-19T18:57:45.531,"Any[60, 56, 45, 37, 30, 25, 19]",60,19
1248,2026-01-31T13:20:00.0,2026-01-26T18:57:45.531,"Any[56, 45, 37, 30, 25, 19]",56,19
1254,2026-01-31T13:20:00.0,2026-01-19T18:57:45.531,"Any[53, 45, 37, 30, 25, 19, 11, 6, 1]",53,1
1255,2026-01-31T13:20:00.0,2026-01-12T18:57:45.531,"Any[8, 13, 19, 25, 30, 37, 45, 56]",8,56
1257,2026-01-31T13:20:00.0,2026-01-12T18:57:45.531,"Any[10, 19, 25, 30, 37, 45, 53]",10,53
1261,2026-01-31T13:20:00.0,2026-02-02T18:57:45.531,"Any[56, 45, 37, 30, 25, 19, 13, 8]",56,8
1262,2026-01-31T13:20:00.0,2026-01-26T18:57:45.531,"Any[60, 53, 45, 37, 30, 25]",60,25
1264,2026-01-31T13:20:00.0,2026-01-19T18:57:45.531,"Any[53, 45, 37, 30, 25]",53,25
1267,2026-01-31T13:20:00.0,2026-01-12T18:57:45.531,"Any[1, 6, 11, 19, 25, 30, 37, 45, 53, 60]",1,60
1275,2026-01-31T13:20:00.0,2026-01-12T18:57:45.531,"Any[10, 19, 25, 30, 37, 45, 53]",10,53
1276,2026-01-31T13:20:00.0,2026-02-02T18:57:45.531,"Any[56, 45, 37, 30, 25, 19]",56,19
1289,2026-01-31T13:20:00.0,2026-01-19T18:57:45.531,"Any[56, 45, 37, 30, 25, 19, 11, 6]",56,6
1292,2026-01-31T13:20:00.0,2026-01-19T18:57:45.531,"Any[6, 11, 19, 25, 30, 37, 45, 56]",6,56
1293,2026-01-31T13:20:00.0,2026-01-12T18:57:45.531,"Any[1, 6, 11, 19, 30, 37, 45, 56]",1,56
1301,2026-01-31T13:20:00.0,2026-01-12T18:57:45.531,"Any[53, 45, 37, 30, 25, 19, 10]",53,10
1302,2026-01-31T13:20:00.0,2026-01-12T18:57:45.531,"Any[8, 13, 19, 25, 30, 37, 45, 56]",8,56
1303,2026-01-31T13:20:00.0,2026-01-12T18:57:45.531,"Any[64, 56, 45, 37, 30, 25, 19, 11, 6]",64,6
1314,2026-01-31T13:20:00.0,2026-01-12T18:57:45.531,"Any[64, 60, 53, 45, 37, 30, 25, 19, 11, 6, 1]",64,1
1316,2026-01-31T13:20:00.0,2026-02-02T18:57:45.531,"Any[64, 60, 53, 45, 37, 30, 25]",64,25
1330,2026-01-31T13:20:00.0,2026-01-26T18:57:45.531,"Any[1, 6, 11, 19, 25, 30, 37, 45, 56, 60]",1,60
1331,2026-01-31T13:20:00.0,2026-02-02T18:57:45.531,"Any[53, 45, 37, 30, 25, 19, 10]",53,10
1334,2026-01-31T13:20:00.0,2026-01-26T18:57:45.531,"Any[53, 45, 37, 30, 25, 19, 13, 8]",53,8
1342,2026-01-31T13:20:00.0,2026-01-12T18:57:45.531,"Any[17, 19, 25, 30, 37, 45, 53, 60]",17,60
1351,2026-01-31T13:20:00.0,2026-01-12T18:57:45.531,"Any[56, 45, 37, 30, 25]",56,25
1361,2026-01-31T13:20:00.0,2026-02-02T18:57:45.531,"Any[6, 11, 19, 25, 30, 37, 45]",6,45
1367,2026-01-31T13:20:00.0,2026-01-26T18:57:45.531,"Any[6, 11, 16, 25, 30, 37, 45, 56]",6,56
1368,2026-01-31T13:20:00.0,2026-01-12T18:57:45.531,"Any[60, 53, 45, 37, 30, 25, 11, 6, 1]",60,1
1374,2026-01-31T13:20:00.0,2026-02-02T18:57:45.531,"Any[53, 45, 37, 30, 25, 19, 13, 8]",53,8
1398,2026-01-31T13:20:00.0,2026-02-02T18:57:45.531,"Any[8, 13, 19, 25, 30, 37, 30, 37, 45, 53]",8,53
1407,2026-01-31T13:20:00.0,2026-01-19T18:57:45.531,"Any[19, 25, 30, 37, 45, 56]",19,56
1408,2026-01-31T13:20:00.0,2026-01-26T18:57:45.531,"Any[7, 8, 13, 19, 25, 30, 37, 45, 53, 60]",7,60
1409,2026-01-31T13:20:00.0,2026-02-02T18:57:45.531,"Any[10, 19, 25, 30, 37, 45, 53]",10,53
1410,2026-01-31T13:20:00.0,2026-01-19T18:57:45.531,"Any[8, 13, 19, 25, 30, 37, 45, 53]",8,53
1414,2026-01-31T13:20:00.0,2026-01-12T18:57:45.531,"Any[10, 19, 25, 30, 37, 45, 53]",10,53
1416,2026-01-31T13:20:00.0,2026-01-26T18:57:45.531,"Any[60, 56, 45, 37, 30, 25]",60,25
1422,2026-01-31T13:20:00.0,2026-02-02T18:57:45.531,"Any[10, 19, 25, 30, 37, 45, 53]",10,53
1436,2026-01-31T13:20:00.0,2026-01-19T18:57:45.531,"Any[64, 60, 56, 45, 37, 30, 25, 19, 11, 6]",64,6
1437,2026-01-31T13:20:00.0,2026-02-02T18:57:45.531,"Any[1, 6, 11, 19, 25, 30, 37, 45, 56, 60]",1,60
1439,2026-01-31T13:20:00.0,2026-01-19T18:57:45.531,"Any[6, 11, 19, 25, 30, 37, 45, 53]",6,53
1454,2026-01-31T13:20:00.0,2026-01-12T18:57:45.531,"Any[60, 56, 45, 37, 30, 25, 19, 11, 6]",60,6
1458,2026-01-31T13:20:00.0,2026-01-12T18:57:45.531,"Any[8, 13, 19, 25, 30, 37, 45, 56]",8,56
1473,2026-01-31T13:20:00.0,2026-01-26T18:57:45.531,"Any[10, 19, 25, 30, 37, 45, 53]",10,53
1474,2026-01-31T13:20:00.0,2026-01-12T18:57:45.531,"Any[54, 44, 36, 23, 19, 11, 6]",54,6
1475,2026-01-31T13:20:00.0,2026-01-12T18:57:45.531,"Any[6, 11, 19, 25, 30, 37, 45, 56]",6,56
1490,2026-01-31T13:20:00.0,2026-01-12T18:57:45.531,"Any[13, 19, 25, 30, 37, 45, 56]",13,56
1497,2026-01-31T13:20:00.0,2026-01-12T18:57:45.531,"Any[60, 56, 45, 37, 30, 25, 19, 11, 6]",60,6
1507,2026-01-31T13:20:00.0,2026-01-12T18:57:45.531,"Any[19, 25, 30, 37, 45, 56]",19,56
1516,2026-01-31T13:20:00.0,2026-02-02T18:57:45.531,"Any[53, 45, 37, 30, 25]",53,25
1517,2026-01-31T13:20:00.0,2026-01-12T18:57:45.531,"Any[6, 11, 19, 25, 30, 37, 45, 56]",6,56
1518,2026-01-31T13:20:00.0,2026-01-26T18:57:45.531,"Any[56, 45, 37, 30, 25, 19, 11, 6]",56,6
1519,2026-01-31T13:20:00.0,2026-01-12T18:57:45.531,"Any[53, 45, 37, 30, 25, 19, 10]",53,10
1521,2026-01-31T13:20:00.0,2026-02-02T18:57:45.531,"Any[53, 45, 37, 30, 25, 19, 10]",53,10
1523,2026-01-31T13:20:00.0,2026-01-26T18:57:45.531,"Any[60, 53, 45, 37, 30, 25]",60,25
1539,2026-01-31T13:20:00.0,2026-01-19T18:57:45.531,"Any[53, 45, 37, 30, 25, 19, 13, 8]",53,8
1548,2026-01-31T13:20:00.0,2026-02-02T18:57:45.531,"Any[10, 19, 25, 30, 37, 45, 53]",10,53
1553,2026-01-31T13:20:00.0,2026-02-02T18:57:45.531,"Any[7, 8, 13, 19, 25, 30, 37, 45, 53]",7,53
1554,2026-01-31T13:20:00.0,2026-01-19T18:57:45.531,"Any[60, 53, 45, 37, 30, 25, 19, 11, 6]",60,6
1556,2026-01-31T13:20:00.0,2026-01-26T18:57:45.531,"Any[19, 17, 25, 30, 37, 45, 53, 60]",19,60
1557,2026-01-31T13:20:00.0,2026-01-19T18:57:45.531,"Any[10, 19, 25, 30, 37, 45, 53]",10,53
1562,2026-01-31T13:20:00.0,2026-02-02T18:57:45.531,"Any[10, 19, 25, 30, 37, 45, 53]",10,53
1564,2026-01-31T13:20:00.0,2026-01-19T18:57:45.531,"Any[53, 45, 37, 30, 25, 19, 10]",53,10
1565,2026-01-31T13:20:00.0,2026-02-02T18:57:45.531,"Any[60, 56, 45, 37, 30, 25, 19, 11, 6]",60,6
1570,2026-01-31T13:20:00.0,2026-01-12T18:57:45.531,"Any[53, 45, 37, 30, 25]",53,25
1571,2026-01-31T13:20:00.0,2026-02-02T18:57:45.531,"Any[6, 11, 19, 25, 30, 37, 45]",6,45
1576,2026-01-31T13:20:00.0,2026-01-26T18:57:45.531,"Any[56, 45, 37, 30, 25, 19, 11, 6]",56,6
1585,2026-01-31T13:20:00.0,2026-02-02T18:57:45.531,"Any[60, 56, 45, 37, 30, 25, 19]",60,19
1590,2026-01-31T13:20:00.0,2026-01-12T18:57:45.531,"Any[53, 45, 37, 30, 25, 19, 10]",53,10
1598,2026-01-31T13:20:00.0,2026-01-12T18:57:45.531,"Any[7, 8, 13, 19, 25, 30, 37, 45, 53]",7,53
1601,2026-01-31T13:20:00.0,2026-01-12T18:57:45.531,"Any[62, 45, 37, 30, 25, 19, 13, 8]",62,8
1610,2026-01-31T13:20:00.0,2026-01-26T18:57:45.531,"Any[19, 25, 30, 37, 45, 56]",19,56
1614,2026-01-31T13:20:00.0,2026-01-19T18:57:45.531,"Any[60, 53, 45, 37, 30, 25, 19, 11, 6, 1]",60,1
1617,2026-01-31T13:20:00.0,2026-01-19T18:57:45.531,"Any[8, 13, 19, 25, 30, 37, 45, 56]",8,56
1619,2026-01-31T13:20:00.0,2026-01-12T18:57:45.531,"Any[7, 8, 13, 19, 25, 30, 37, 45, 53]",7,53
1621,2026-01-31T13:20:00.0,2026-01-19T18:57:45.531,"Any[64, 60, 53, 45, 37, 30, 25, 19, 10]",64,10
1626,2026-01-31T13:20:00.0,2026-01-19T18:57:45.531,"Any[60, 56, 45, 37, 30, 25, 19, 14]",60,14
1628,2026-01-31T13:20:00.0,2026-02-02T18:57:45.531,"Any[10, 19, 25, 30, 37, 45, 53]",10,53
1633,2026-01-31T13:20:00.0,2026-01-26T18:57:45.531,"Any[53, 45, 37, 30, 25, 19, 10]",53,10
1634,2026-01-31T13:20:00.0,2026-02-02T18:57:45.531,"Any[56, 45, 37, 30, 25, 19, 11, 6]",56,6
1641,2026-01-31T13:20:00.0,2026-01-19T18:57:45.531,"Any[62, 53, 45, 37, 30, 25, 19, 13, 8]",62,8
1651,2026-01-31T13:20:00.0,2026-01-26T18:57:45.531,"Any[62, 53, 45, 37, 30, 25, 19, 11, 6]",62,6
1654,2026-01-31T13:20:00.0,2026-01-12T18:57:45.531,"Any[6, 11, 19, 25, 30, 37, 45, 53]",6,53
1659,2026-01-31T13:20:00.0,2026-01-12T18:57:45.531,"Any[19, 25, 30, 37, 45, 53]",19,53
1670,2026-01-31T13:20:00.0,2026-01-26T18:57:45.531,"Any[53, 45, 37, 30, 25, 19, 10]",53,10
1675,2026-01-31T13:20:00.0,2026-01-19T18:57:45.531,"Any[60, 56, 45, 37, 30, 25, 19, 13, 8]",60,8
1677,2026-01-31T13:20:00.0,2026-02-02T18:57:45.531,"Any[1, 6, 11, 19, 25, 30, 37, 45, 56]",1,56
1680,2026-01-31T13:20:00.0,2026-01-19T18:57:45.531,"Any[56, 45, 37, 30, 25]",56,25
1686,2026-01-31T13:20:00.0,2026-01-19T18:57:45.531,"Any[64, 60, 53, 45, 37, 30, 25, 19, 11, 6]",64,6
1688,2026-01-31T13:20:00.0,2026-01-12T18:57:45.531,"Any[6, 11, 19, 25, 30, 37, 45, 56]",6,56
1698,2026-01-31T13:20:00.0,2026-01-26T18:57:45.531,"Any[8, 13, 19, 25, 30, 37, 45, 56]",8,56
1701,2026-01-31T13:20:00.0,2026-02-02T18:57:45.531,"Any[19, 25, 30, 37, 45]",19,45
1707,2026-01-31T13:20:00.0,2026-01-19T18:57:45.531,"Any[53, 45, 37, 30, 25, 19, 13, 8]",53,8
1708,2026-01-31T13:20:00.0,2026-01-12T18:57:45.531,"Any[19, 25, 30, 37, 45, 56, 60]",19,60
1709,2026-01-31T13:20:00.0,2026-01-12T18:57:45.531,"Any[10, 19, 25, 30, 37, 45, 53]",10,53
1718,2026-01-31T13:20:00.0,2026-01-26T18:57:45.531,"Any[53, 45, 37, 30, 25, 19, 10]",53,10
1719,2026-01-31T13:20:00.0,2026-02-02T18:57:45.531,"Any[60, 53, 45, 37, 30, 25, 19, 10]",60,10
1724,2026-01-31T13:20:00.0,2026-02-02T18:57:45.531,"Any[53, 45, 37, 30, 25, 19, 13, 8]",53,8
1726,2026-01-31T13:20:00.0,2026-02-02T18:57:45.531,"Any[8, 13, 19, 25, 30, 37, 45, 53]",8,53
1741,2026-01-31T13:20:00.0,2026-01-26T18:57:45.531,"Any[60, 56, 45, 37, 30, 25, 19]",60,19
1748,2026-01-31T13:20:00.0,2026-01-26T18:57:45.531,"Any[8, 13, 19, 25, 30, 37, 45, 53]",8,53
1751,2026-01-31T13:20:00.0,2026-01-26T18:57:45.531,"Any[17, 25, 30, 37, 45, 53, 60]",17,60
1752,2026-01-31T13:20:00.0,2026-01-12T18:57:45.531,"Any[45, 37, 30, 25, 19]",45,19
1757,2026-01-31T13:20:00.0,2026-01-26T18:57:45.531,"Any[53, 45, 37, 30, 25, 19, 10]",53,10
1764,2026-01-31T13:20:00.0,2026-02-02T18:57:45.531,"Any[64, 60, 53, 45, 37, 30, 25, 19, 11, 6, 1]",64,1
1767,2026-01-31T13:20:00.0,2026-01-19T18:57:45.531,"Any[8, 13, 19, 25, 30, 37, 45, 56]",8,56
1768,2026-01-31T13:20:00.0,2026-01-19T18:57:45.531,"Any[60, 56, 45, 37, 30, 25, 19, 11, 6]",60,6
1772,2026-01-31T13:20:00.0,2026-01-19T18:57:45.531,"Any[53, 45, 37, 30, 25, 19, 11, 6, 1]",53,1
1784,2026-01-31T13:20:00.0,2026-01-26T18:57:45.531,"Any[64, 53, 45, 37, 30, 25, 19, 13, 8]",64,8
1785,2026-01-31T13:20:00.0,2026-01-12T18:57:45.531,"Any[6, 11, 19, 25, 30, 37, 45]",6,45
1787,2026-01-31T13:20:00.0,2026-02-02T18:57:45.531,"Any[62, 53, 45, 37, 30, 25, 19, 13, 8]",62,8
1788,2026-01-31T13:20:00.0,2026-02-02T18:57:45.531,"Any[53, 45, 37, 30, 25, 19, 10]",53,10
1792,2026-01-31T13:20:00.0,2026-01-12T18:57:45.531,"Any[60, 56, 45, 37, 30, 25, 19, 13, 8]",60,8
1807,2026-01-31T13:20:00.0,2026-01-26T18:57:45.531,"Any[6, 11, 19, 25, 30, 37, 45, 53]",6,53
1808,2026-01-31T13:20:00.0,2026-02-02T18:57:45.531,"Any[8, 13, 19, 25, 30, 37, 45, 53, 60]",8,60
1819,2026-01-31T13:20:00.0,2026-01-12T18:57:45.531,"Any[19, 25, 30, 37, 45]",19,45
1824,2026-01-31T13:20:00.0,2026-01-12T18:57:45.531,"Any[6, 11, 19, 25, 30, 37, 45]",6,45
1827,2026-01-31T13:20:00.0,2026-01-12T18:57:45.531,"Any[6, 11, 19, 25, 30, 37, 45, 56]",6,56
1836,2026-01-31T13:20:00.0,2026-01-26T18:57:45.531,"Any[54, 44, 36, 23, 19, 13, 8]",54,8
1851,2026-01-31T13:20:00.0,2026-01-12T18:57:45.531,"Any[16, 17, 25, 30, 37, 45, 53]",16,53
1858,2026-01-31T13:20:00.0,2026-02-02T18:57:45.531,"Any[53, 45, 37, 30, 25, 19, 10]",53,10
1864,2026-01-31T13:20:00.0,2026-01-26T18:57:45.531,"Any[53, 45, 37, 30, 25, 19, 11, 6, 1]",53,1
1865,2026-01-31T13:20:00.0,2026-01-19T18:57:45.531,"Any[17, 19, 17, 25, 30, 37, 45, 53]",17,53
1868,2026-01-31T13:20:00.0,2026-01-26T18:57:45.531,"Any[7, 8, 13, 19, 25, 30, 37, 45]",7,45
1878,2026-01-31T13:20:00.0,2026-02-02T18:57:45.531,"Any[53, 45, 37, 30, 25, 17, 11, 6, 1]",53,1
1880,2026-01-31T13:20:00.0,2026-01-12T18:57:45.531,"Any[53, 45, 37, 30, 25]",53,25
1882,2026-01-31T13:20:00.0,2026-02-02T18:57:45.531,"Any[6, 11, 19, 25, 30, 37, 45, 56]",6,56
1888,2026-01-31T13:20:00.0,2026-01-12T18:57:45.531,"Any[64, 60, 56, 45, 37, 30, 25, 19, 13, 8]",64,8
1897,2026-01-31T13:20:00.0,2026-01-26T18:57:45.531,"Any[60, 53, 45, 37, 30, 25, 19, 10]",60,10
1904,2026-01-31T13:20:00.0,2026-01-19T18:57:45.531,"Any[1, 6, 11, 19, 25, 30, 37, 45, 56, 60]",1,60
1905,2026-01-31T13:20:00.0,2026-01-19T18:57:45.531,"Any[10, 19, 25, 30, 37, 45, 53]",10,53
1912,2026-01-31T13:20:00.0,2026-02-02T18:57:45.531,"Any[1, 6, 11, 19, 23, 16, 23, 36, 44, 60]",1,60
1918,2026-01-31T13:20:00.0,2026-01-19T18:57:45.531,"Any[6, 11, 19, 25, 30, 37, 45]",6,45
1919,2026-01-31T13:20:00.0,2026-02-02T18:57:45.531,"Any[1, 6, 11, 25, 30, 37, 45, 53]",1,53
1928,2026-01-31T13:20:00.0,2026-01-12T18:57:45.531,"Any[53, 45, 37, 30, 25]",53,25
1931,2026-01-31T13:20:00.0,2026-01-26T18:57:45.531,"Any[53, 45, 37, 30, 25, 19, 11, 6, 1]",53,1
1941,2026-01-31T13:20:00.0,2026-01-26T18:57:45.531,"Any[56, 45, 37, 30, 25, 19]",56,19
1949,2026-01-31T13:20:00.0,2026-01-19T18:57:45.531,"Any[1, 6, 11, 19, 25, 30, 37, 45, 53, 60]",1,60
1958,2026-01-31T13:20:00.0,2026-02-02T18:57:45.531,"Any[6, 11, 16, 25, 30, 37, 45]",6,45
1966,2026-01-31T13:20:00.0,2026-01-19T18:57:45.531,"Any[8, 13, 19, 25, 30, 37, 45, 56]",8,56
1976,2026-01-31T13:20:00.0,2026-01-26T18:57:45.531,"Any[6, 11, 19, 25, 30, 37, 45, 56]",6,56
1977,2026-01-31T13:20:00.0,2026-02-02T18:57:45.531,"Any[53, 45, 37, 30, 25, 19, 10]",53,10
1980,2026-01-31T13:20:00.0,2026-01-19T18:57:45.531,"Any[62, 53, 45, 37, 30, 25, 19, 11, 6]",62,6
1983,2026-01-31T13:20:00.0,2026-01-12T18:57:45.531,"Any[10, 11, 19, 25, 30, 37, 45, 53]",10,53
1985,2026-01-31T13:20:00.0,2026-01-12T18:57:45.531,"Any[64, 60, 53, 45, 37, 30, 25, 19, 13, 8]",64,8
1989,2026-01-31T13:20:00.0,2026-01-12T18:57:45.531,"Any[6, 11, 19, 25, 30, 37, 45, 56]",6,56
1993,2026-01-31T13:20:00.0,2026-01-26T18:57:45.531,"Any[1, 6, 11, 19, 25, 30, 37, 45, 56]",1,56
1994,2026-01-31T13:20:00.0,2026-01-12T18:57:45.531,"Any[10, 11, 19, 25, 30, 37, 45, 53]",10,53
2015,2026-01-31T13:20:00.0,2026-02-02T18:57:45.531,"Any[60, 54, 44, 36, 31, 27, 21, 9]",60,9
2017,2026-01-31T13:20:00.0,2026-01-12T18:57:45.531,"Any[53, 45, 37, 30, 25]",53,25
2020,2026-01-31T13:20:00.0,2026-02-02T18:57:45.531,"Any[64, 60, 53, 45, 37, 30, 25, 19, 11, 6, 1]",64,1
2023,2026-01-31T13:20:00.0,2026-01-26T18:57:45.531,"Any[1, 6, 11, 19, 25, 30, 37, 45, 56]",1,56
2024,2026-01-31T13:20:00.0,2026-02-02T18:57:45.531,"Any[7, 8, 13, 19, 25, 30, 37, 45, 53]",7,53
2039,2026-01-31T13:20:00.0,2026-01-19T18:57:45.531,"Any[1, 6, 11, 19, 25, 30, 37, 45, 56, 60]",1,60
2040,2026-01-31T13:20:00.0,2026-01-19T18:57:45.531,"Any[45, 37, 30, 25]",45,25
2048,2026-01-31T13:20:00.0,2026-01-19T18:57:45.531,"Any[19, 25, 30, 37, 45, 56]",19,56
2049,2026-01-31T13:20:00.0,2026-01-26T18:57:45.531,"Any[60, 56, 45, 37, 30, 25, 19, 11, 6]",60,6
2050,2026-01-31T13:20:00.0,2026-01-26T18:57:45.531,"Any[3, 10, 19, 25, 30, 37, 45, 53]",3,53
2053,2026-01-31T13:20:00.0,2026-01-26T18:57:45.531,"Any[53, 45, 37, 30, 25, 19, 10]",53,10
2065,2026-01-31T13:20:00.0,2026-01-26T18:57:45.531,"Any[56, 45, 37, 30, 25, 19, 13, 8]",56,8
2067,2026-01-31T13:20:00.0,2026-01-12T18:57:45.531,"Any[6, 11, 19, 25, 30, 37, 45, 56]",6,56
2071,2026-01-31T13:20:00.0,2026-01-12T18:57:45.531,"Any[60, 53, 45, 37, 30, 25, 19, 13, 8]",60,8
2078,2026-01-31T13:20:00.0,2026-01-12T18:57:45.531,"Any[64, 60, 53, 45, 37, 30, 25, 19, 11, 6, 6, 1]",64,6
2081,2026-01-31T13:20:00.0,2026-02-02T18:57:45.531,"Any[60, 56, 45, 37, 30, 25, 19, 11, 6]",60,6
2082,2026-01-31T13:20:00.0,2026-02-02T18:57:45.531,"Any[56, 45, 37, 30, 25]",56,25
2088,2026-01-31T13:20:00.0,2026-01-12T18:57:45.531,"Any[10, 19, 25, 30, 37, 45, 53, 60]",10,60
2104,2026-01-31T13:20:00.0,2026-01-19T18:57:45.531,"Any[8, 13, 19, 25, 30, 37, 45, 56]",8,56
2111,2026-01-31T13:20:00.0,2026-01-12T18:57:45.531,"Any[10, 19, 25, 30, 37, 45, 53]",10,53
2117,2026-01-31T13:20:00.0,2026-01-26T18:57:45.531,"Any[19, 25, 30, 37, 45, 56, 60]",19,60
2118,2026-01-31T13:20:00.0,2026-01-12T18:57:45.531,"Any[1, 6, 11, 19, 25, 30, 37, 45, 56]",1,56
2141,2026-01-31T13:20:00.0,2026-01-19T18:57:45.531,"Any[53, 45, 37, 30, 25, 19, 13, 8]",53,8
2147,2026-01-31T13:20:00.0,2026-01-19T18:57:45.531,"Any[19, 25, 30, 37, 45]",19,45
2148,2026-01-31T13:20:00.0,2026-01-12T18:57:45.531,"Any[8, 13, 19, 25, 30, 37, 45, 56]",8,56
2150,2026-01-31T13:20:00.0,2026-01-12T18:57:45.531,"Any[54, 44, 36, 23, 19, 11, 6]",54,6
2158,2026-01-31T13:20:00.0,2026-01-19T18:57:45.531,"Any[8, 13, 19, 25, 30, 37, 45, 56]",8,56
2163,2026-01-31T13:20:00.0,2026-01-26T18:57:45.531,"Any[7, 8, 13, 19, 25, 30, 37, 45]",7,45
2169,2026-01-31T13:20:00.0,2026-01-12T18:57:45.531,"Any[6, 11, 19, 25, 30, 37, 45]",6,45
2172,2026-01-31T13:20:00.0,2026-02-02T18:57:45.531,"Any[53, 45, 37, 30, 25, 19, 11, 6]",53,6
2176,2026-01-31T13:20:00.0,2026-01-19T18:57:45.531,"Any[53, 45, 37, 30, 25, 19, 13, 8]",53,8
2178,2026-01-31T13:20:00.0,2026-01-12T18:57:45.531,"Any[60, 56, 45, 37, 30, 25, 19, 11, 6]",60,6
2180,2026-01-31T13:20:00.0,2026-01-19T18:57:45.531,"Any[6, 11, 19, 25, 30, 37, 45, 53]",6,53
2190,2026-01-31T13:20:00.0,2026-02-02T18:57:45.531,"Any[8, 13, 19, 25, 30, 37, 45, 56]",8,56
2191,2026-01-31T13:20:00.0,2026-01-12T18:57:45.531,"Any[8, 13, 19, 25, 30, 37, 45, 56]",8,56
2192,2026-01-31T13:20:00.0,2026-02-02T18:57:45.531,"Any[13, 19, 25, 30, 37, 45, 56]",13,56
2199,2026-01-31T13:20:00.0,2026-01-12T18:57:45.531,"Any[53, 45, 37, 30, 25, 19, 10]",53,10
2203,2026-01-31T13:20:00.0,2026-01-19T18:57:45.531,"Any[56, 45, 37, 30, 25, 19, 11, 6, 1]",56,1
2205,2026-01-31T13:20:00.0,2026-01-12T18:57:45.531,"Any[64, 60, 56, 45, 37, 30, 25]",64,25
2227,2026-01-31T13:20:00.0,2026-02-02T18:57:45.531,"Any[8, 13, 19, 25, 30, 37, 45, 56]",8,56
2228,2026-01-31T13:20:00.0,2026-01-12T18:57:45.531,"Any[56, 45, 37, 30, 25, 19, 11, 6, 1]",56,1
2234,2026-01-31T13:20:00.0,2026-01-26T18:57:45.531,"Any[64, 60, 53, 45, 37, 30, 25, 19, 10]",64,10
2235,2026-01-31T13:20:00.0,2026-01-12T18:57:45.531,"Any[17, 25, 30, 37, 45, 53]",17,53
2243,2026-01-31T13:20:00.0,2026-01-12T18:57:45.531,"Any[54, 44, 36, 23, 19, 11, 6]",54,6
2245,2026-01-31T13:20:00.0,2026-01-19T18:57:45.531,"Any[19, 25, 30, 37, 45]",19,45
2251,2026-01-31T13:20:00.0,2026-01-26T18:57:45.531,"Any[6, 11, 19, 25, 30, 37, 45]",6,45
2261,2026-01-31T13:20:00.0,2026-02-02T18:57:45.531,"Any[56, 45, 37, 30, 25]",56,25
2262,2026-01-31T13:20:00.0,2026-01-26T18:57:45.531,"Any[64, 53, 45, 37, 30, 25, 19, 13, 8]",64,8
2265,2026-01-31T13:20:00.0,2026-01-19T18:57:45.531,"Any[56, 45, 37, 30, 25, 19, 11, 6]",56,6
2269,2026-01-31T13:20:00.0,2026-01-26T18:57:45.531,"Any[54, 44, 36, 23, 19, 11, 6]",54,6
2278,2026-01-31T13:20:00.0,2026-01-26T18:57:45.531,"Any[6, 11, 19, 25, 30, 37, 45]",6,45
2280,2026-01-31T13:20:00.0,2026-01-12T18:57:45.531,"Any[8, 13, 19, 25, 30, 37, 45]",8,45
2287,2026-01-31T13:20:00.0,2026-01-12T18:57:45.531,"Any[19, 25, 30, 37, 45, 56, 60]",19,60
2290,2026-01-31T13:20:00.0,2026-01-19T18:57:45.531,"Any[64, 60, 53, 45, 37, 30, 25, 19, 10]",64,10
2296,2026-01-31T13:20:00.0,2026-01-26T18:57:45.531,"Any[64, 60, 56, 45, 37, 30, 25, 19, 11, 6, 1]",64,1
2301,2026-01-31T13:20:00.0,2026-01-19T18:57:45.531,"Any[64, 53, 45, 37, 30, 25, 19, 10]",64,10
2302,2026-01-31T13:20:00.0,2026-01-12T18:57:45.531,"Any[6, 11, 19, 25, 30, 37, 45]",6,45
2305,2026-01-31T13:20:00.0,2026-01-12T18:57:45.531,"Any[53, 45, 37, 30, 25, 19, 11, 6, 1]",53,1
2314,2026-01-31T13:20:00.0,2026-02-02T18:57:45.531,"Any[60, 53, 45, 37, 30, 25, 19, 11, 6]",60,6
2323,2026-01-31T13:20:00.0,2026-01-12T18:57:45.531,"Any[10, 19, 25, 30, 37, 45, 53]",10,53
2324,2026-01-31T13:20:00.0,2026-01-12T18:57:45.531,"Any[53, 45, 37, 30, 25]",53,25
2331,2026-01-31T13:20:00.0,2026-01-19T18:57:45.531,"Any[2, 9, 21, 27, 31, 36, 45, 55]",2,55
2335,2026-01-31T13:20:00.0,2026-01-12T18:57:45.531,"Any[6, 11, 19, 25, 30, 37, 45]",6,45
2336,2026-01-31T13:20:00.0,2026-01-26T18:57:45.531,"Any[64, 60, 53, 45, 37, 30, 25, 19, 13, 8]",64,8
2344,2026-01-31T13:20:00.0,2026-01-26T18:57:45.531,"Any[60, 53, 45, 37, 30, 25, 19, 10]",60,10
2355,2026-01-31T13:20:00.0,2026-01-12T18:57:45.531,"Any[19, 25, 30, 37, 45, 56]",19,56
2361,2026-01-31T13:20:00.0,2026-01-19T18:57:45.531,"Any[10, 19, 25, 30, 37, 45, 53]",10,53
2362,2026-01-31T13:20:00.0,2026-01-26T18:57:45.531,"Any[53, 45, 37, 30, 25, 19, 13, 8]",53,8
2369,2026-01-31T13:20:00.0,2026-01-12T18:57:45.531,"Any[19, 25, 30, 37, 45, 56]",19,56
2370,2026-01-31T13:20:00.0,2026-02-02T18:57:45.531,"Any[60, 56, 45, 37, 30, 25, 19]",60,19
2394,2026-01-31T13:20:00.0,2026-02-02T18:57:45.531,"Any[64, 60, 53, 45, 37, 30, 25, 19, 10]",64,10
2397,2026-01-31T13:20:00.0,2026-01-26T18:57:45.531,"Any[53, 45, 37, 30, 25, 19, 11, 6, 1]",53,1
2400,2026-01-31T13:20:00.0,2026-01-19T18:57:45.531,"Any[53, 45, 37, 30, 25]",53,25
2405,2026-01-31T13:20:00.0,2026-02-02T18:57:45.531,"Any[60, 56, 45, 37, 30, 25, 19, 11, 6]",60,6
2411,2026-01-31T13:20:00.0,2026-01-26T18:57:45.531,"Any[64, 60, 53, 45, 37, 30, 25, 19, 13, 8]",64,8
2412,2026-01-31T13:20:00.0,2026-01-19T18:57:45.531,"Any[53, 45, 37, 30, 25, 19, 13, 8]",53,8
2413,2026-01-31T13:20:00.0,2026-01-19T18:57:45.531,"Any[3, 10, 19, 25, 30, 37, 45, 53, 60]",3,60
2421,2026-01-31T13:20:00.0,2026-01-19T18:57:45.531,"Any[56, 45, 37, 30, 25, 19, 13, 8]",56,8
2431,2026-01-31T13:20:00.0,2026-01-12T18:57:45.531,"Any[8, 13, 19, 25, 30, 37, 45]",8,45
2436,2026-01-31T13:20:00.0,2026-01-26T18:57:45.531,"Any[17, 25, 30, 37, 45, 53]",17,53
2439,2026-01-31T13:20:00.0,2026-02-02T18:57:45.531,"Any[8, 13, 19, 25, 30, 37, 45]",8,45
2440,2026-01-31T13:20:00.0,2026-01-19T18:57:45.531,"Any[53, 45, 37, 30, 25]",53,25
2441,2026-01-31T13:20:00.0,2026-02-02T18:57:45.531,"Any[6, 11, 19, 25, 30, 37, 45]",6,45
2442,2026-01-31T13:20:00.0,2026-01-12T18:57:45.531,"Any[60, 53, 45, 37, 30, 25, 19]",60,19
2451,2026-01-31T13:20:00.0,2026-01-12T18:57:45.531,"Any[6, 11, 19, 25, 30, 37, 45, 56]",6,56
2461,2026-01-31T13:20:00.0,2026-01-12T18:57:45.531,"Any[25, 30, 37, 45, 53, 60]",25,60
2462,2026-01-31T13:20:00.0,2026-01-19T18:57:45.531,"Any[7, 8, 13, 19, 25, 30, 37, 45, 53]",7,53
2463,2026-01-31T13:20:00.0,2026-01-26T18:57:45.531,"Any[53, 45, 37, 30, 25]",53,25
2469,2026-01-31T13:20:00.0,2026-01-19T18:57:45.531,"Any[6, 11, 19, 25, 30, 37, 45, 56]",6,56
2470,2026-01-31T13:20:00.0,2026-01-19T18:57:45.531,"Any[56, 45, 37, 30, 25, 19, 11, 6, 6, 1]",56,6
2476,2026-01-31T13:20:00.0,2026-01-26T18:57:45.531,"Any[53, 45, 37, 30, 25, 19, 10]",53,10
2480,2026-01-31T13:20:00.0,2026-01-12T18:57:45.531,"Any[6, 11, 19, 25, 30, 37, 45, 56]",6,56
2481,2026-01-31T13:20:00.0,2026-02-02T18:57:45.531,"Any[60, 56, 45, 37, 30, 25, 19, 17, 19, 11, 6, 6, 1]",60,6
2490,2026-01-31T13:20:00.0,2026-01-19T18:57:45.531,"Any[60, 53, 45, 37, 30, 25]",60,25
2494,2026-01-31T13:20:00.0,2026-01-26T18:57:45.531,"Any[7, 8, 13, 19, 25, 30, 37, 45, 53]",7,53
2495,2026-01-31T13:20:00.0,2026-01-19T18:57:45.531,"Any[56, 45, 37, 30, 25, 19, 11, 6]",56,6
2496,2026-01-31T13:20:00.0,2026-01-19T18:57:45.531,"Any[60, 56, 45, 37, 30, 25, 19, 11, 6]",60,6
2500,2026-01-31T13:20:00.0,2026-02-02T18:57:45.531,"Any[1, 6, 11, 19, 25, 30, 37, 45, 53]",1,53
2501,2026-01-31T13:20:00.0,2026-01-12T18:57:45.531,"Any[19, 25, 30, 37, 45, 56]",19,56
2505,2026-01-31T13:20:00.0,2026-01-19T18:57:45.531,"Any[8, 13, 19, 25, 30, 37, 45, 53]",8,53
2510,2026-01-31T13:20:00.0,2026-01-19T18:57:45.531,"Any[53, 45, 37, 30, 25]",53,25
2516,2026-01-31T13:20:00.0,2026-01-26T18:57:45.531,"Any[10, 19, 25, 30, 37, 45, 53, 60]",10,60
2518,2026-01-31T13:20:00.0,2026-01-26T18:57:45.531,"Any[6, 11, 19, 25, 30, 37, 45]",6,45
2521,2026-01-31T13:20:00.0,2026-01-26T18:57:45.531,"Any[8, 13, 19, 25, 30, 37, 45, 53]",8,53
2526,2026-01-31T13:20:00.0,2026-02-02T18:57:45.531,"Any[7, 8, 13, 19, 25, 30, 37, 45, 53]",7,53
2531,2026-01-31T13:20:00.0,2026-01-26T18:57:45.531,"Any[56, 45, 37, 30, 25, 19, 11, 6]",56,6
2533,2026-01-31T13:20:00.0,2026-02-02T18:57:45.531,"Any[19, 25, 30, 37, 45, 56]",19,56
2537,2026-01-31T13:20:00.0,2026-01-12T18:57:45.531,"Any[60, 56, 45, 37, 30, 25, 19, 11, 6]",60,6
2539,2026-01-31T13:20:00.0,2026-01-26T18:57:45.531,"Any[8, 13, 19, 25, 30, 37, 45, 56, 60]",8,60
2549,2026-01-31T13:20:00.0,2026-02-02T18:57:45.531,"Any[45, 37, 30, 25]",45,25
2552,2026-01-31T13:20:00.0,2026-01-12T18:57:45.531,"Any[1, 6, 11, 19, 25, 30, 37, 45, 53]",1,53
2553,2026-01-31T13:20:00.0,2026-01-12T18:57:45.531,"Any[64, 60, 53, 45, 37, 30, 25, 19, 10]",64,10
2557,2026-01-31T13:20:00.0,2026-01-19T18:57:45.531,"Any[8, 13, 19, 25, 30, 37, 45, 53]",8,53
2560,2026-01-31T13:20:00.0,2026-01-12T18:57:45.531,"Any[64, 53, 45, 37, 30, 25, 19, 10]",64,10
2568,2026-01-31T13:20:00.0,2026-02-02T18:57:45.531,"Any[53, 45, 37, 30, 25, 19, 11, 6, 1]",53,1
2570,2026-01-31T13:20:00.0,2026-01-12T18:57:45.531,"Any[1, 6, 11, 16, 25, 30, 37, 45, 56, 60]",1,60
2601,2026-01-31T13:20:00.0,2026-01-12T18:57:45.531,"Any[54, 44, 36, 23, 19, 11, 6]",54,6
2603,2026-01-31T13:20:00.0,2026-01-19T18:57:45.531,"Any[8, 13, 19, 25, 30, 37, 45, 53]",8,53
2607,2026-01-31T13:20:00.0,2026-01-26T18:57:45.531,"Any[60, 53, 45, 37, 30, 25, 19, 11, 6]",60,6
2612,2026-01-31T13:20:00.0,2026-02-02T18:57:45.531,"Any[8, 13, 19, 25, 30, 37, 45, 56]",8,56
2619,2026-01-31T13:20:00.0,2026-01-12T18:57:45.531,"Any[60, 56, 45, 37, 30, 25, 19, 13, 8]",60,8
2626,2026-01-31T13:20:00.0,2026-02-02T18:57:45.531,"Any[19, 25, 30, 37, 45, 53]",19,53
2638,2026-01-31T13:20:00.0,2026-01-12T18:57:45.531,"Any[1, 6, 11, 19, 25, 30, 37, 45, 53, 60]",1,60
2644,2026-01-31T13:20:00.0,2026-01-19T18:57:45.531,"Any[8, 13, 19, 25, 30, 37, 45]",8,45
2656,2026-01-31T13:20:00.0,2026-01-26T18:57:45.531,"Any[53, 45, 37, 30, 25, 19, 13, 8]",53,8
2657,2026-01-31T13:20:00.0,2026-01-26T18:57:45.531,"Any[60, 53, 45, 37, 30, 25, 19, 10]",60,10
2658,2026-01-31T13:20:00.0,2026-02-02T18:57:45.531,"Any[1, 6, 11, 16, 19, 25, 30, 37, 45, 56, 60, 64]",1,64
2671,2026-01-31T13:20:00.0,2026-01-19T18:57:45.531,"Any[53, 45, 37, 30, 25, 19, 11, 6, 1]",53,1
2674,2026-01-31T13:20:00.0,2026-02-02T18:57:45.531,"Any[10, 19, 25, 30, 37, 45, 53]",10,53
2675,2026-01-31T13:20:00.0,2026-02-02T18:57:45.531,"Any[8, 13, 19, 25, 30, 37, 45, 53]",8,53
2683,2026-01-31T13:20:00.0,2026-01-26T18:57:45.531,"Any[8, 13, 19, 25, 30, 37, 45, 53]",8,53
2684,2026-01-31T13:20:00.0,2026-01-19T18:57:45.531,"Any[64, 60, 53, 45, 37, 30, 25, 19, 13, 8]",64,8
2690,2026-01-31T13:20:00.0,2026-02-02T18:57:45.531,"Any[1, 6, 11, 19, 25, 30, 37, 45, 56]",1,56
2691,2026-01-31T13:20:00.0,2026-01-19T18:57:45.531,"Any[1, 6, 11, 19, 25, 30, 37, 45, 56]",1,56
2695,2026-01-31T13:20:00.0,2026-01-12T18:57:45.531,"Any[53, 45, 37, 30, 25, 19, 10]",53,10
2696,2026-01-31T13:20:00.0,2026-01-12T18:57:45.531,"Any[1, 6, 11, 19, 25, 30, 37, 45, 56]",1,56
2706,2026-01-31T13:20:00.0,2026-02-02T18:57:45.531,"Any[25, 30, 37, 45, 56, 60]",25,60
2711,2026-01-31T13:20:00.0,2026-02-02T18:57:45.531,"Any[7, 8, 13, 19, 25, 30, 37, 45, 56]",7,56
2713,2026-01-31T13:20:00.0,2026-01-12T18:57:45.531,"Any[64, 60, 56, 45, 37, 30, 25, 19, 11, 6]",64,6
2719,2026-01-31T13:20:00.0,2026-02-02T18:57:45.531,"Any[64, 60, 56, 45, 37, 30, 25, 19, 13, 8]",64,8
2723,2026-01-31T13:20:00.0,2026-01-19T18:57:45.531,"Any[56, 45, 37, 30, 25]",56,25
2732,2026-01-31T13:20:00.0,2026-01-26T18:57:45.531,"Any[64, 60, 53, 45, 37, 30, 25, 19, 10]",64,10
2739,2026-01-31T13:20:00.0,2026-02-02T18:57:45.531,"Any[53, 45, 37, 30, 25]",53,25
2747,2026-01-31T13:20:00.0,2026-01-12T18:57:45.531,"Any[53, 45, 37, 30, 25, 19, 10]",53,10
2751,2026-01-31T13:20:00.0,2026-01-12T18:57:45.531,"Any[64, 53, 45, 37, 30, 25, 19, 10]",64,10
2756,2026-01-31T13:20:00.0,2026-01-26T18:57:45.531,"Any[10, 19, 25, 30, 37, 45, 53]",10,53
2758,2026-01-31T13:20:00.0,2026-02-02T18:57:45.531,"Any[53, 45, 37, 30, 25, 19, 13, 8]",53,8
2767,2026-01-31T13:20:00.0,2026-01-26T18:57:45.531,"Any[53, 45, 37, 30, 25, 19, 10]",53,10
2770,2026-01-31T13:20:00.0,2026-01-26T18:57:45.531,"Any[3, 10, 19, 25, 30, 37, 45, 53]",3,53
2775,2026-01-31T13:20:00.0,2026-01-12T18:57:45.531,"Any[53, 45, 37, 30, 25, 19, 10]",53,10
2790,2026-01-31T13:20:00.0,2026-02-02T18:57:45.531,"Any[64, 60, 56, 45, 37, 30, 25, 19, 11, 6]",64,6
2792,2026-01-31T13:20:00.0,2026-01-12T18:57:45.531,"Any[1, 6, 11, 16, 25, 30, 37, 45, 53]",1,53
2802,2026-01-31T13:20:00.0,2026-01-19T18:57:45.531,"Any[45, 37, 30, 25]",45,25
2809,2026-01-31T13:20:00.0,2026-01-12T18:57:45.531,"Any[53, 45, 37, 30, 25, 19, 13, 8]",53,8
2810,2026-01-31T13:20:00.0,2026-01-12T18:57:45.531,"Any[6, 11, 19, 25, 30, 37, 45, 56]",6,56
2811,2026-01-31T13:20:00.0,2026-01-19T18:57:45.531,"Any[53, 45, 37, 30, 25, 19, 13, 8]",53,8
2825,2026-01-31T13:20:00.0,2026-01-12T18:57:45.531,"Any[6, 11, 19, 25, 30, 37, 45]",6,45
2830,2026-01-31T13:20:00.0,2026-01-26T18:57:45.531,"Any[56, 45, 37, 30, 25, 19, 14]",56,14
2831,2026-01-31T13:20:00.0,2026-01-26T18:57:45.531,"Any[19, 25, 30, 37, 45, 56]",19,56
2832,2026-01-31T13:20:00.0,2026-01-19T18:57:45.531,"Any[60, 56, 45, 37, 30, 25, 19]",60,19
2834,2026-01-31T13:20:00.0,2026-01-26T18:57:45.531,"Any[1, 6, 11, 19, 30, 37, 45, 56]",1,56
2836,2026-01-31T13:20:00.0,2026-02-02T18:57:45.531,"Any[1, 6, 11, 19, 23, 36, 44, 54, 60]",1,60
2845,2026-01-31T13:20:00.0,2026-02-02T18:57:45.531,"Any[53, 45, 37, 30, 25, 19, 13, 8]",53,8
2867,2026-01-31T13:20:00.0,2026-01-12T18:57:45.531,"Any[56, 45, 37, 30, 25, 19, 10]",56,10
2873,2026-01-31T13:20:00.0,2026-01-26T18:57:45.531,"Any[60, 56, 45, 37, 30, 25, 19]",60,19
2882,2026-01-31T13:20:00.0,2026-01-19T18:57:45.531,"Any[6, 11, 19, 25, 30, 37, 45, 53]",6,53
2883,2026-01-31T13:20:00.0,2026-01-26T18:57:45.531,"Any[56, 45, 37, 30, 25, 19]",56,19
2889,2026-01-31T13:20:00.0,2026-01-12T18:57:45.531,"Any[64, 53, 45, 37, 30, 25, 19, 10]",64,10
2891,2026-01-31T13:20:00.0,2026-01-26T18:57:45.531,"Any[1, 6, 11, 16, 25, 30, 37, 45, 53]",1,53
2893,2026-01-31T13:20:00.0,2026-01-19T18:57:45.531,"Any[56, 45, 37, 30, 25]",56,25
2894,2026-01-31T13:20:00.0,2026-01-26T18:57:45.531,"Any[17, 16, 25, 30, 37, 45, 56]",17,56
2898,2026-01-31T13:20:00.0,2026-01-26T18:57:45.531,"Any[56, 45, 37, 30, 25]",56,25
2901,2026-01-31T13:20:00.0,2026-01-26T18:57:45.531,"Any[60, 56, 45, 37, 30, 25]",60,25
2915,2026-01-31T13:20:00.0,2026-01-12T18:57:45.531,"Any[10, 19, 25, 30, 37, 45, 53]",10,53
2925,2026-01-31T13:20:00.0,2026-01-19T18:57:45.531,"Any[8, 13, 19, 25, 30, 37, 45, 56]",8,56
2934,2026-01-31T13:20:00.0,2026-01-19T18:57:45.531,"Any[3, 10, 19, 25, 30, 37, 45, 53, 60]",3,60
2939,2026-01-31T13:20:00.0,2026-01-19T18:57:45.531,"Any[19, 25, 30, 37, 45, 53]",19,53
2941,2026-01-31T13:20:00.0,2026-02-02T18:57:45.531,"Any[64, 60, 53, 45, 37, 30, 25, 19, 13, 8]",64,8
2944,2026-01-31T13:20:00.0,2026-01-12T18:57:45.531,"Any[53, 45, 37, 30, 25, 19, 10]",53,10
2950,2026-01-31T13:20:00.0,2026-02-02T18:57:45.531,"Any[60, 53, 45, 37, 30, 25, 19, 11, 6]",60,6
2963,2026-01-31T13:20:00.0,2026-01-19T18:57:45.531,"Any[62, 45, 37, 30, 25, 19, 11, 6]",62,6
2964,2026-01-31T13:20:00.0,2026-01-19T18:57:45.531,"Any[8, 13, 19, 25, 30, 37, 45, 56]",8,56
2968,2026-01-31T13:20:00.0,2026-01-26T18:57:45.531,"Any[60, 56, 45, 37, 30, 25]",60,25
2969,2026-01-31T13:20:00.0,2026-02-02T18:57:45.531,"Any[3, 6, 11, 19, 25, 30, 37, 45]",3,45
2974,2026-01-31T13:20:00.0,2026-02-02T18:57:45.531,"Any[10, 19, 25, 30, 37, 45, 53, 60]",10,60
2978,2026-01-31T13:20:00.0,2026-01-12T18:57:45.531,"Any[1, 6, 11, 19, 25, 30, 37, 45, 56]",1,56
2985,2026-01-31T13:20:00.0,2026-01-19T18:57:45.531,"Any[10, 19, 25, 30, 37, 45, 53]",10,53
2988,2026-01-31T13:20:00.0,2026-02-02T18:57:45.531,"Any[19, 25, 30, 37, 45, 56]",19,56
2995,2026-01-31T13:20:00.0,2026-02-02T18:57:45.531,"Any[3, 10, 19, 25, 30, 37, 45, 53]",3,53
3000,2026-01-31T13:20:00.0,2026-01-12T18:57:45.531,"Any[10, 19, 25, 30, 37, 45]",10,45
3026,2026-01-31T13:20:00.0,2026-01-12T18:57:45.531,"Any[8, 13, 19, 25, 30, 37, 45, 53]",8,53
3039,2026-01-31T13:20:00.0,2026-01-19T18:57:45.531,"Any[45, 37, 30, 25]",45,25
3042,2026-01-31T13:20:00.0,2026-01-19T18:57:45.531,"Any[6, 11, 19, 25, 30, 37, 45, 56]",6,56
3044,2026-01-31T13:20:00.0,2026-01-19T18:57:45.531,"Any[56, 45, 37, 30, 25, 19, 13, 8]",56,8
3057,2026-01-31T13:20:00.0,2026-01-26T18:57:45.531,"Any[19, 25, 30, 37, 45, 56]",19,56
3060,2026-01-31T13:20:00.0,2026-01-19T18:57:45.531,"Any[8, 13, 19, 25, 30, 37, 45]",8,45
3063,2026-01-31T13:20:00.0,2026-02-02T18:57:45.531,"Any[60, 53, 45, 37, 30, 25, 19, 13, 8]",60,8
3074,2026-01-31T13:20:00.0,2026-01-19T18:57:45.531,"Any[53, 45, 37, 30, 25, 19, 11, 6, 1]",53,1
3080,2026-01-31T13:20:00.0,2026-01-19T18:57:45.531,"Any[56, 45, 37, 30, 25, 19, 11, 6]",56,6
3082,2026-01-31T13:20:00.0,2026-01-12T18:57:45.531,"Any[6, 11, 19, 25, 30, 37, 45, 53]",6,53
3094,2026-01-31T13:20:00.0,2026-02-02T18:57:45.531,"Any[60, 53, 45, 37, 30, 25, 19, 10]",60,10
3096,2026-01-31T13:20:00.0,2026-01-19T18:57:45.531,"Any[60, 53, 45, 37, 30, 25, 19, 10]",60,10
3109,2026-01-31T13:20:00.0,2026-02-02T18:57:45.531,"Any[19, 25, 30, 37, 45, 53]",19,53
3120,2026-01-31T13:20:00.0,2026-01-12T18:57:45.531,"Any[8, 13, 19, 25, 30, 37, 45, 56]",8,56
3123,2026-01-31T13:20:00.0,2026-01-12T18:57:45.531,"Any[8, 13, 19, 25, 30, 37, 45, 56]",8,56
3129,2026-01-31T13:20:00.0,2026-01-12T18:57:45.531,"Any[8, 13, 19, 25, 30, 37, 45, 56]",8,56
3131,2026-01-31T13:20:00.0,2026-01-19T18:57:45.531,"Any[8, 13, 19, 25, 30, 37, 45, 56]",8,56
3139,2026-01-31T13:20:00.0,2026-01-12T18:57:45.531,"Any[8, 13, 19, 25, 30, 37, 45, 56]",8,56
3157,2026-01-31T13:20:00.0,2026-02-02T18:57:45.531,"Any[1, 6, 11, 19, 23, 36, 44, 54, 60]",1,60
3163,2026-01-31T13:20:00.0,2026-02-02T18:57:45.531,"Any[1, 6, 11, 19, 25, 30, 37, 45, 53, 60]",1,60
3177,2026-01-31T13:20:00.0,2026-02-02T18:57:45.531,"Any[1, 6, 11, 19, 23, 36, 44, 54, 60]",1,60
3193,2026-01-31T13:20:00.0,2026-01-19T18:57:45.531,"Any[6, 11, 19, 25, 30, 37, 45, 53]",6,53
3199,2026-01-31T13:20:00.0,2026-01-26T18:57:45.531,"Any[6, 11, 19, 25, 30, 37, 45, 53]",6,53
