id,departure_timestamp,arrival_timestamp,ps_seq,Origin_PS,Destination_PS
352,2026-01-19T00:21:33.0,2026-01-21T05:59:18.531,"Any[25, 30, 37, 45, 53, 60]",25,60
1456,2026-01-19T00:21:33.0,2026-01-28T05:59:18.531,"Any[25, 30, 37, 45, 53, 60]",25,60
1460,2026-01-19T00:21:33.0,2026-01-21T05:59:18.531,"Any[25, 30, 37, 45, 53, 60]",25,60
1462,2026-01-19T00:21:33.0,2026-01-28T05:59:18.531,"Any[25, 30, 37, 45, 53, 60]",25,60
871,2026-01-19T00:25:22.742,2026-01-21T06:03:08.273,"Any[45, 37, 30, 25, 19, 11, 6, 1]",45,1
645,2026-01-19T00:55:57.0,2026-01-28T06:33:42.531,"Any[53, 45, 37, 30, 25, 19, 11, 6, 1]",53,1
1067,2026-01-19T01:09:29.0,2026-01-28T06:47:14.531,"Any[64, 53, 45, 37, 30, 25, 19, 13, 8]",64,8
1201,2026-01-19T01:38:03.0,2026-01-21T07:15:48.531,"Any[53, 45, 37, 30, 25, 17, 11, 6, 1]",53,1
1002,2026-01-19T01:44:13.0,2026-01-28T07:21:58.531,"Any[53, 45, 37, 30, 25, 19, 11, 6, 1]",53,1
673,2026-01-19T05:24:48.669,2026-01-21T11:02:34.2,"Any[53, 45, 37, 30, 25, 19, 11, 6, 1]",53,1
876,2026-01-19T06:52:55.0,2026-01-28T12:30:40.531,"Any[56, 45, 37, 30, 25, 19]",56,19
1332,2026-01-19T06:52:55.0,2026-01-28T12:30:40.531,"Any[56, 45, 37, 30, 25, 19]",56,19
438,2026-01-19T07:18:59.0,2026-01-28T12:56:44.531,"Any[8, 13, 19, 25, 30, 37, 45, 56]",8,56
618,2026-01-19T07:18:59.0,2026-01-28T12:56:44.531,"Any[8, 13, 19, 25, 30, 37, 45, 56]",8,56
1481,2026-01-19T07:55:26.0,2026-01-28T13:33:11.531,"Any[25, 30, 37, 45, 53]",25,53
1485,2026-01-19T07:55:26.0,2026-01-28T13:33:11.531,"Any[25, 30, 37, 45, 53]",25,53
322,2026-01-19T08:43:10.0,2026-01-28T14:20:55.531,"Any[53, 45, 37, 30, 25, 19, 10]",53,10
91,2026-01-19T08:49:10.0,2026-01-21T14:26:55.531,"Any[1, 6, 11, 19, 25, 30, 37, 45, 53, 60]",1,60
1066,2026-01-19T08:49:10.0,2026-01-21T14:26:55.531,"Any[1, 6, 11, 19, 25, 30, 37, 45, 53, 60]",1,60
936,2026-01-19T09:00:08.696,2026-01-28T14:37:54.227,"Any[64, 53, 45, 37, 30, 25, 11, 6, 1]",64,1
1282,2026-01-19T09:16:37.0,2026-01-28T14:54:22.531,"Any[56, 45, 37, 30, 25]",56,25
147,2026-01-19T10:08:46.0,2026-01-21T15:46:31.531,"Any[60, 56, 45, 37, 30, 25, 19]",60,19
1100,2026-01-19T11:58:12.0,2026-01-28T17:35:57.531,"Any[19, 25, 30, 37, 45, 56]",19,56
542,2026-01-19T12:28:38.0,2026-01-28T18:06:23.531,"Any[1, 6, 11, 25, 30, 37, 45, 53]",1,53
676,2026-01-19T12:28:38.0,2026-01-21T18:06:23.531,"Any[1, 6, 11, 25, 30, 37, 45, 53]",1,53
1538,2026-01-19T12:28:38.0,2026-01-21T18:06:23.531,"Any[1, 6, 11, 25, 30, 37, 45, 53]",1,53
35,2026-01-19T12:52:33.0,2026-01-21T18:30:18.531,"Any[10, 19, 25, 30, 37, 45, 56]",10,56
63,2026-01-19T12:52:33.0,2026-01-21T18:30:18.531,"Any[10, 19, 25, 30, 37, 45, 56]",10,56
447,2026-01-19T13:09:54.0,2026-01-28T18:47:39.531,"Any[56, 45, 37, 30, 25, 19, 13, 8]",56,8
449,2026-01-19T13:22:26.0,2026-01-21T19:00:11.531,"Any[53, 45, 37, 30, 25, 19, 10]",53,10
578,2026-01-19T13:33:03.0,2026-01-21T19:10:48.531,"Any[45, 37, 30, 25]",45,25
1436,2026-01-19T14:08:04.0,2026-01-28T19:45:49.531,"Any[25, 30, 37, 45, 53, 60]",25,60
1378,2026-01-19T14:13:00.0,2026-01-21T19:50:45.531,Any[],53,16
1558,2026-01-19T14:18:00.0,2026-01-28T19:55:45.531,Any[],10,64
1373,2026-01-19T15:06:00.0,2026-01-28T20:43:45.531,Any[],53,17
246,2026-01-19T15:06:44.0,2026-01-21T20:44:29.531,"Any[19, 25, 30, 37, 45, 56]",19,56
262,2026-01-19T15:06:44.0,2026-01-28T20:44:29.531,"Any[19, 25, 30, 37, 45, 56]",19,56
573,2026-01-19T15:11:39.0,2026-01-28T20:49:24.531,"Any[14, 19, 25, 30, 37, 45, 53]",14,53
107,2026-01-19T15:40:36.0,2026-01-21T21:18:21.531,"Any[6, 11, 19, 25, 30, 37, 45, 53]",6,53
1106,2026-01-19T15:40:36.0,2026-01-21T21:18:21.531,"Any[6, 11, 19, 25, 30, 37, 45, 53]",6,53
1016,2026-01-19T15:58:56.316,2026-01-28T21:36:41.847,"Any[60, 53, 45, 37, 30, 25, 19, 10]",60,10
907,2026-01-19T15:59:39.636,2026-01-21T21:37:25.167,"Any[60, 56, 45, 37, 30, 25, 19]",60,19
911,2026-01-19T16:06:20.0,2026-01-21T21:44:05.531,"Any[56, 45, 37, 30, 25]",56,25
1150,2026-01-19T16:06:20.0,2026-01-28T21:44:05.531,"Any[56, 45, 37, 30, 25]",56,25
239,2026-01-19T16:41:49.0,2026-01-21T22:19:34.531,"Any[60, 53, 45, 37, 30, 25, 19, 11, 6, 6]",60,6
681,2026-01-19T16:42:08.0,2026-01-28T22:19:53.531,"Any[60, 53, 45, 37, 30, 25, 19, 13, 8]",60,8
719,2026-01-19T16:42:08.0,2026-01-21T22:19:53.531,"Any[60, 53, 45, 37, 30, 25, 19, 13, 8]",60,8
424,2026-01-19T16:43:05.0,2026-01-21T22:20:50.531,"Any[60, 53, 45, 37, 30, 25, 19]",60,19
1040,2026-01-19T16:43:27.0,2026-01-21T22:21:12.531,"Any[25, 30, 37, 45, 56, 60, 64]",25,64
380,2026-01-19T16:52:14.0,2026-01-21T22:29:59.531,"Any[53, 45, 37, 30, 25]",53,25
50,2026-01-19T17:05:36.177,2026-01-28T22:43:21.708,"Any[25, 30, 37, 45, 56]",25,56
890,2026-01-19T17:05:36.177,2026-01-28T22:43:21.708,"Any[25, 30, 37, 45, 56]",25,56
1437,2026-01-19T17:14:15.0,2026-01-28T22:52:00.531,"Any[25, 30, 37, 45, 53, 60]",25,60
1440,2026-01-19T17:14:15.0,2026-01-28T22:52:00.531,"Any[25, 30, 37, 45, 53, 60]",25,60
1450,2026-01-19T17:14:15.0,2026-01-28T22:52:00.531,"Any[25, 30, 37, 45, 53, 60]",25,60
1458,2026-01-19T17:14:15.0,2026-01-21T22:52:00.531,"Any[25, 30, 37, 45, 53, 60]",25,60
1470,2026-01-19T17:32:31.451,2026-01-21T23:10:16.982,"Any[25, 30, 37, 45, 53]",25,53
1480,2026-01-19T17:32:31.451,2026-01-21T23:10:16.982,"Any[25, 30, 37, 45, 53]",25,53
1492,2026-01-19T17:32:31.451,2026-01-28T23:10:16.982,"Any[25, 30, 37, 45, 53]",25,53
1296,2026-01-19T17:43:09.0,2026-01-21T23:20:54.531,"Any[56, 45, 37, 30, 25]",56,25
888,2026-01-19T18:22:31.343,2026-01-29T00:00:16.874,"Any[53, 45, 37, 30, 25, 19, 13, 8]",53,8
1108,2026-01-19T18:22:31.343,2026-01-29T00:00:16.874,"Any[53, 45, 37, 30, 25, 19, 13, 8]",53,8
509,2026-01-19T18:38:03.0,2026-01-22T00:15:48.531,"Any[60, 53, 45, 37, 30, 25, 19, 10]",60,10
550,2026-01-19T18:38:03.0,2026-01-22T00:15:48.531,"Any[60, 53, 45, 37, 30, 25, 19, 10]",60,10
695,2026-01-19T18:38:03.0,2026-01-29T00:15:48.531,"Any[60, 53, 45, 37, 30, 25, 19, 10]",60,10
874,2026-01-19T18:38:03.0,2026-01-22T00:15:48.531,"Any[60, 53, 45, 37, 30, 25, 19, 10]",60,10
1193,2026-01-19T18:38:03.0,2026-01-22T00:15:48.531,"Any[60, 53, 45, 37, 30, 25, 19, 10]",60,10
1162,2026-01-19T19:14:57.0,2026-01-22T00:52:42.531,"Any[1, 6, 11, 25, 30, 37, 45, 53]",1,53
1234,2026-01-19T19:35:03.0,2026-01-29T01:12:48.531,"Any[6, 11, 19, 25, 30, 37, 45]",6,45
848,2026-01-19T19:39:11.0,2026-01-29T01:16:56.531,"Any[6, 11, 19, 25, 30, 37, 45]",6,45
68,2026-01-19T19:55:52.0,2026-01-22T01:33:37.531,"Any[8, 13, 19, 25, 30, 37, 45, 53]",8,53
1129,2026-01-19T19:56:58.0,2026-01-22T01:34:43.531,"Any[56, 45, 37, 30, 25]",56,25
1254,2026-01-19T20:11:31.0,2026-01-29T01:49:16.531,"Any[53, 45, 37, 30, 25, 19, 13, 8]",53,8
1130,2026-01-19T20:14:13.0,2026-01-29T01:51:58.531,"Any[53, 45, 37, 30, 25, 19, 13, 8]",53,8
686,2026-01-19T20:59:12.0,2026-01-29T02:36:57.531,"Any[6, 11, 19, 25, 30, 37, 45, 56]",6,56
860,2026-01-19T20:59:12.0,2026-01-29T02:36:57.531,"Any[6, 11, 19, 25, 30, 37, 45, 56]",6,56
1341,2026-01-19T21:18:00.0,2026-01-29T02:55:45.531,Any[],56,17
168,2026-01-19T21:18:53.894,2026-01-22T02:56:39.425,"Any[10, 25, 30, 37, 45, 53, 60]",10,60
1001,2026-01-19T21:40:58.0,2026-01-22T03:18:43.531,"Any[60, 53, 45, 37, 30, 25, 11, 6, 1]",60,1
530,2026-01-19T21:55:18.0,2026-01-29T03:33:03.531,"Any[19, 25, 30, 37, 45, 53]",19,53
742,2026-01-19T21:55:18.0,2026-01-29T03:33:03.531,"Any[19, 25, 30, 37, 45, 53]",19,53
1372,2026-01-19T22:09:00.0,2026-01-22T03:46:45.531,Any[],53,17
716,2026-01-19T22:23:37.0,2026-01-22T04:01:22.531,"Any[10, 19, 25, 30, 37, 45, 56]",10,56
846,2026-01-19T22:23:37.0,2026-01-22T04:01:22.531,"Any[10, 19, 25, 30, 37, 45, 56]",10,56
1581,2026-01-19T22:38:00.0,2026-01-22T04:15:45.531,Any[],10,64
928,2026-01-19T23:09:32.399,2026-01-22T04:47:17.93,"Any[8, 13, 19, 25, 30, 37, 45, 56]",8,56
1594,2026-01-19T23:16:18.0,2026-01-29T04:54:03.531,"Any[10, 19, 25, 30, 37, 45, 53]",10,53
724,2026-01-19T23:36:11.898,2026-01-22T05:13:57.429,"Any[53, 45, 37, 30, 25, 19, 11, 6, 1]",53,1
38,2026-01-19T23:52:49.0,2026-01-29T05:30:34.531,"Any[53, 45, 37, 30, 25, 19, 13, 8]",53,8
422,2026-01-19T23:52:49.0,2026-01-22T05:30:34.531,"Any[53, 45, 37, 30, 25, 19, 13, 8]",53,8
1386,2026-01-20T00:10:00.0,2026-01-22T05:47:45.531,Any[],53,7
765,2026-01-20T00:22:14.0,2026-01-29T05:59:59.531,"Any[1, 6, 11, 19, 25, 30, 37, 45, 53, 60]",1,60
901,2026-01-20T00:22:14.0,2026-01-29T05:59:59.531,"Any[1, 6, 11, 19, 25, 30, 37, 45, 53, 60]",1,60
1415,2026-01-20T00:59:00.0,2026-01-22T06:36:45.531,Any[],45,3
4,2026-01-20T01:01:40.0,2026-01-29T06:39:25.531,"Any[10, 19, 25, 30, 37, 45, 53]",10,53
785,2026-01-20T01:02:01.0,2026-01-29T06:39:46.531,"Any[8, 13, 19, 25, 30, 37, 45, 56]",8,56
1014,2026-01-20T02:01:08.0,2026-01-29T07:38:53.531,"Any[64, 60, 53, 45, 37, 30, 25, 19, 10]",64,10
1128,2026-01-20T02:35:34.0,2026-01-29T08:13:19.531,"Any[8, 13, 19, 25, 30, 37, 45, 53]",8,53
366,2026-01-20T03:21:22.0,2026-01-29T08:59:07.531,"Any[64, 53, 45, 37, 30, 25, 19, 10]",64,10
423,2026-01-20T03:23:01.0,2026-01-22T09:00:46.531,"Any[19, 25, 30, 37, 45, 53]",19,53
879,2026-01-20T03:23:01.0,2026-01-22T09:00:46.531,"Any[19, 25, 30, 37, 45, 53]",19,53
904,2026-01-20T03:23:01.0,2026-01-29T09:00:46.531,"Any[19, 25, 30, 37, 45, 53]",19,53
1375,2026-01-20T04:21:00.0,2026-01-22T09:58:45.531,Any[],53,17
750,2026-01-20T04:22:11.0,2026-01-22T09:59:56.531,"Any[19, 25, 30, 37, 45, 56]",19,56
980,2026-01-20T04:43:29.0,2026-01-29T10:21:14.531,"Any[53, 45, 37, 30, 25, 19, 10]",53,10
1169,2026-01-20T04:52:43.0,2026-01-22T10:30:28.531,"Any[19, 25, 30, 37, 45, 53]",19,53
1577,2026-01-20T04:55:00.0,2026-01-29T10:32:45.531,Any[],10,64
670,2026-01-20T05:16:03.0,2026-01-22T10:53:48.531,"Any[10, 19, 25, 30, 37, 45, 53]",10,53
57,2026-01-20T05:29:51.0,2026-01-22T11:07:36.531,"Any[7, 8, 13, 19, 25, 30, 37, 45, 53]",7,53
1344,2026-01-20T06:00:00.0,2026-01-22T11:37:45.531,Any[],56,13
459,2026-01-20T06:31:22.0,2026-01-29T12:09:07.531,"Any[64, 53, 45, 37, 30, 25, 19, 11, 6, 1]",64,1
128,2026-01-20T06:39:10.591,2026-01-22T12:16:56.122,"Any[10, 19, 25, 30, 37, 45, 53]",10,53
857,2026-01-20T06:39:10.591,2026-01-29T12:16:56.122,"Any[10, 19, 25, 30, 37, 45, 53]",10,53
1593,2026-01-20T06:39:10.591,2026-01-29T12:16:56.122,"Any[10, 19, 25, 30, 37, 45, 53]",10,53
260,2026-01-20T06:59:27.0,2026-01-29T12:37:12.531,"Any[6, 11, 19, 25, 30, 37, 45]",6,45
85,2026-01-20T07:27:07.0,2026-01-22T13:04:52.531,"Any[8, 13, 19, 25, 30, 37, 45, 56]",8,56
469,2026-01-20T07:27:07.0,2026-01-22T13:04:52.531,"Any[8, 13, 19, 25, 30, 37, 45, 56]",8,56
1575,2026-01-20T08:42:00.0,2026-01-22T14:19:45.531,Any[],10,64
558,2026-01-20T09:39:13.0,2026-01-22T15:16:58.531,"Any[25, 30, 37, 45, 56]",25,56
838,2026-01-20T10:03:11.0,2026-01-29T15:40:56.531,"Any[45, 37, 30, 25]",45,25
1044,2026-01-20T10:05:49.0,2026-01-29T15:43:34.531,"Any[45, 37, 30, 25]",45,25
274,2026-01-20T10:07:14.0,2026-01-22T15:44:59.531,"Any[60, 53, 45, 37, 30, 25, 19, 11, 6]",60,6
554,2026-01-20T10:48:29.0,2026-01-22T16:26:14.531,"Any[60, 53, 45, 37, 30, 25, 19, 11, 6]",60,6
570,2026-01-20T10:59:56.0,2026-01-29T16:37:41.531,"Any[19, 25, 30, 37, 45, 53]",19,53
617,2026-01-20T10:59:56.0,2026-01-29T16:37:41.531,"Any[19, 25, 30, 37, 45, 53]",19,53
828,2026-01-20T11:22:03.0,2026-01-22T16:59:48.531,"Any[56, 45, 37, 30, 25, 19, 13, 8]",56,8
242,2026-01-20T11:39:08.0,2026-01-22T17:16:53.531,"Any[6, 11, 19, 25, 30, 37, 45]",6,45
714,2026-01-20T11:39:18.0,2026-01-22T17:17:03.531,"Any[6, 11, 19, 25, 30, 37, 45, 56]",6,56
1269,2026-01-20T11:39:18.0,2026-01-22T17:17:03.531,"Any[6, 11, 19, 25, 30, 37, 45, 56]",6,56
162,2026-01-20T11:46:22.0,2026-01-29T17:24:07.531,"Any[8, 13, 19, 25, 30, 37, 45, 56]",8,56
248,2026-01-20T11:46:22.0,2026-01-22T17:24:07.531,"Any[8, 13, 19, 25, 30, 37, 45, 56]",8,56
968,2026-01-20T11:52:44.0,2026-01-29T17:30:29.531,"Any[62, 45, 37, 30, 25, 19, 13, 8]",62,8
420,2026-01-20T12:00:27.312,2026-01-29T17:38:12.843,"Any[56, 45, 37, 45, 50, 45, 37, 30, 25]",56,25
668,2026-01-20T12:00:27.312,2026-01-29T17:38:12.843,"Any[56, 45, 37, 45, 50, 45, 37, 30, 25]",56,25
751,2026-01-20T12:07:39.0,2026-01-22T17:45:24.531,"Any[60, 53, 45, 37, 30, 25, 19, 10]",60,10
362,2026-01-20T12:52:03.0,2026-01-29T18:29:48.531,"Any[19, 25, 30, 37, 45, 56]",19,56
998,2026-01-20T12:56:20.0,2026-01-29T18:34:05.531,"Any[6, 11, 16, 25, 30, 37, 45, 56]",6,56
754,2026-01-20T13:27:15.0,2026-01-29T19:05:00.531,"Any[53, 45, 37, 30, 25, 19, 13, 8]",53,8
1578,2026-01-20T13:48:00.0,2026-01-22T19:25:45.531,Any[],10,64
305,2026-01-20T14:00:47.0,2026-01-22T19:38:32.531,"Any[6, 11, 25, 30, 37, 45, 56]",6,56
504,2026-01-20T14:04:44.0,2026-01-22T19:42:29.531,"Any[64, 60, 56, 45, 37, 30, 25, 19, 11, 6]",64,6
1547,2026-01-20T14:07:00.0,2026-01-29T19:44:45.531,Any[],6,64
503,2026-01-20T14:27:20.0,2026-01-29T20:05:05.531,"Any[45, 37, 30, 25, 19, 14]",45,14
1050,2026-01-20T14:36:35.0,2026-01-29T20:14:20.531,"Any[1, 6, 11, 19, 25, 30, 37, 45, 56]",1,56
1314,2026-01-20T15:07:00.0,2026-01-22T20:44:45.531,Any[],60,7
53,2026-01-20T15:33:22.0,2026-01-29T21:11:07.531,"Any[6, 11, 19, 25, 30, 37, 45]",6,45
764,2026-01-20T16:08:11.0,2026-01-22T21:45:56.531,"Any[5, 6, 11, 19, 25, 30, 37, 45]",5,45
1405,2026-01-20T16:11:00.0,2026-01-22T21:48:45.531,Any[],45,17
1422,2026-01-20T16:15:00.0,2026-01-22T21:52:45.531,Any[],45,5
443,2026-01-20T16:15:19.0,2026-01-29T21:53:04.531,"Any[56, 45, 37, 30, 25, 19, 11, 6]",56,6
1499,2026-01-20T16:15:24.0,2026-01-29T21:53:09.531,"Any[8, 13, 19, 25, 30, 37, 45, 56, 60, 64]",8,64
1501,2026-01-20T16:15:24.0,2026-01-22T21:53:09.531,"Any[8, 13, 19, 25, 30, 37, 45, 56, 60, 64]",8,64
1502,2026-01-20T16:15:24.0,2026-01-29T21:53:09.531,"Any[8, 13, 19, 25, 30, 37, 45, 56, 60, 64]",8,64
1498,2026-01-20T16:32:00.0,2026-01-29T22:09:45.531,Any[],14,62
453,2026-01-20T16:33:41.0,2026-01-22T22:11:26.531,"Any[19, 25, 30, 37, 45, 56]",19,56
689,2026-01-20T16:36:56.0,2026-01-29T22:14:41.531,"Any[64, 60, 56, 45, 37, 30, 25, 19, 13, 8]",64,8
730,2026-01-20T16:36:56.0,2026-01-29T22:14:41.531,"Any[64, 60, 56, 45, 37, 30, 25, 19, 13, 8]",64,8
917,2026-01-20T16:39:20.0,2026-01-29T22:17:05.531,"Any[1, 6, 11, 19, 25, 30, 37, 45, 56]",1,56
687,2026-01-20T16:39:59.0,2026-01-22T22:17:44.531,"Any[64, 60, 53, 45, 37, 30, 25]",64,25
1152,2026-01-20T16:39:59.0,2026-01-29T22:17:44.531,"Any[64, 60, 53, 45, 37, 30, 25]",64,25
519,2026-01-20T16:43:21.0,2026-01-29T22:21:06.531,"Any[56, 45, 37, 30, 25, 19, 11, 6]",56,6
1239,2026-01-20T16:44:00.0,2026-01-22T22:21:45.531,"Any[53, 45, 37, 30, 25, 19, 13, 8]",53,8
172,2026-01-20T16:44:39.0,2026-01-29T22:22:24.531,"Any[10, 19, 25, 30, 37, 45, 53]",10,53
535,2026-01-20T16:54:52.0,2026-01-22T22:32:37.531,"Any[19, 25, 30, 37, 45, 53]",19,53
592,2026-01-20T16:54:52.0,2026-01-22T22:32:37.531,"Any[19, 25, 30, 37, 45, 53]",19,53
231,2026-01-20T16:57:14.0,2026-01-29T22:34:59.531,"Any[60, 53, 45, 37, 30, 25, 19]",60,19
771,2026-01-20T17:01:39.0,2026-01-29T22:39:24.531,"Any[60, 56, 45, 37, 30, 25, 19, 11, 6, 1]",60,1
1434,2026-01-20T17:26:12.0,2026-01-29T23:03:57.531,"Any[25, 30, 37, 45, 53, 60]",25,60
1439,2026-01-20T17:26:12.0,2026-01-29T23:03:57.531,"Any[25, 30, 37, 45, 53, 60]",25,60
1447,2026-01-20T17:26:12.0,2026-01-29T23:03:57.531,"Any[25, 30, 37, 45, 53, 60]",25,60
1463,2026-01-20T17:26:12.0,2026-01-29T23:03:57.531,"Any[25, 30, 37, 45, 53, 60]",25,60
285,2026-01-20T17:28:51.446,2026-01-29T23:06:36.977,"Any[56, 45, 37, 30, 25]",56,25
120,2026-01-20T17:36:02.0,2026-01-29T23:13:47.531,"Any[6, 11, 19, 25, 30, 37, 45]",6,45
1329,2026-01-20T17:41:12.448,2026-01-29T23:18:57.979,"Any[56, 45, 37, 30, 25, 19]",56,19
1350,2026-01-20T17:42:06.054,2026-01-29T23:19:51.585,"Any[56, 45, 37, 30, 25, 19, 13, 8, 7]",56,7
1351,2026-01-20T17:42:06.054,2026-01-22T23:19:51.585,"Any[56, 45, 37, 30, 25, 19, 13, 8, 7]",56,7
1352,2026-01-20T17:42:06.054,2026-01-22T23:19:51.585,"Any[56, 45, 37, 30, 25, 19, 13, 8, 7]",56,7
1354,2026-01-20T17:42:06.054,2026-01-22T23:19:51.585,"Any[56, 45, 37, 30, 25, 19, 13, 8, 7]",56,7
293,2026-01-20T17:46:06.358,2026-01-22T23:23:51.889,"Any[56, 45, 37, 30, 25, 19, 11, 6]",56,6
1309,2026-01-20T17:51:54.0,2026-01-22T23:29:39.531,"Any[64, 56, 45, 37, 30, 25, 19, 11, 6]",64,6
271,2026-01-20T18:12:02.0,2026-01-22T23:49:47.531,"Any[10, 19, 25, 30, 37, 45, 56]",10,56
1256,2026-01-20T18:18:40.725,2026-01-22T23:56:26.256,"Any[56, 45, 37, 30, 25, 19, 11, 6]",56,6
548,2026-01-20T18:19:05.0,2026-01-29T23:56:50.531,"Any[6, 11, 19, 25, 30, 37, 45]",6,45
651,2026-01-20T18:19:05.0,2026-01-29T23:56:50.531,"Any[6, 11, 19, 25, 30, 37, 45]",6,45
1196,2026-01-20T18:19:05.0,2026-01-29T23:56:50.531,"Any[6, 11, 19, 25, 30, 37, 45]",6,45
682,2026-01-20T18:19:44.0,2026-01-29T23:57:29.531,"Any[53, 45, 37, 30, 25, 19, 11, 6, 1]",53,1
216,2026-01-20T18:22:58.0,2026-01-30T00:00:43.531,"Any[60, 56, 45, 37, 30, 25, 19, 11, 6]",60,6
397,2026-01-20T18:22:58.0,2026-01-30T00:00:43.531,"Any[60, 56, 45, 37, 30, 25, 19, 11, 6]",60,6
1223,2026-01-20T18:22:58.0,2026-01-30T00:00:43.531,"Any[60, 56, 45, 37, 30, 25, 19, 11, 6]",60,6
1428,2026-01-20T18:35:31.0,2026-01-30T00:13:16.531,"Any[25, 30, 37, 45, 53, 60, 64]",25,64
1430,2026-01-20T18:35:31.0,2026-01-23T00:13:16.531,"Any[25, 30, 37, 45, 53, 60, 64]",25,64
657,2026-01-20T18:43:23.0,2026-01-30T00:21:08.531,"Any[56, 45, 37, 30, 25, 19]",56,19
865,2026-01-20T18:43:31.556,2026-01-23T00:21:17.087,"Any[60, 56, 45, 37, 30, 25, 19, 11, 6]",60,6
1175,2026-01-20T18:43:31.556,2026-01-23T00:21:17.087,"Any[60, 56, 45, 37, 30, 25, 19, 11, 6]",60,6
1214,2026-01-20T18:43:31.556,2026-01-30T00:21:17.087,"Any[60, 56, 45, 37, 30, 25, 19, 11, 6]",60,6
1289,2026-01-20T18:43:31.556,2026-01-30T00:21:17.087,"Any[60, 56, 45, 37, 30, 25, 19, 11, 6]",60,6
1555,2026-01-20T18:47:00.0,2026-01-30T00:24:45.531,Any[],6,54
809,2026-01-20T18:49:25.0,2026-01-23T00:27:10.531,"Any[5, 6, 11, 25, 30, 37, 45, 56]",5,56
1542,2026-01-20T19:16:15.0,2026-01-23T00:54:00.531,"Any[1, 6, 11, 19, 25, 30, 37, 45, 53]",1,53
39,2026-01-20T19:17:17.0,2026-01-23T00:55:02.531,"Any[8, 13, 19, 25, 30, 37, 45, 56]",8,56
640,2026-01-20T19:21:17.0,2026-01-23T00:59:02.531,"Any[6, 11, 19, 25, 30, 37, 45, 56]",6,56
226,2026-01-20T19:39:26.584,2026-01-30T01:17:12.115,"Any[53, 45, 37, 30, 25]",53,25
130,2026-01-20T20:56:58.0,2026-01-23T02:34:43.531,"Any[6, 11, 19, 25, 30, 37, 45, 56]",6,56
793,2026-01-20T20:56:58.0,2026-01-30T02:34:43.531,"Any[6, 11, 19, 25, 30, 37, 45, 56]",6,56
311,2026-01-20T20:58:23.0,2026-01-23T02:36:08.531,"Any[53, 45, 37, 30, 25, 19, 11, 6, 1]",53,1
784,2026-01-20T21:19:25.0,2026-01-23T02:57:10.531,"Any[60, 56, 45, 37, 30, 25, 19, 13, 8]",60,8
997,2026-01-20T21:40:19.0,2026-01-23T03:18:04.531,"Any[10, 19, 25, 30, 37, 45, 56, 60]",10,60
83,2026-01-20T21:40:26.0,2026-01-23T03:18:11.531,"Any[6, 11, 16, 25, 30, 37, 45, 53]",6,53
567,2026-01-20T21:40:26.0,2026-01-23T03:18:11.531,"Any[6, 11, 16, 25, 30, 37, 45, 53]",6,53
341,2026-01-20T21:46:22.0,2026-01-30T03:24:07.531,"Any[8, 13, 25, 30, 37, 45, 56]",8,56
232,2026-01-20T21:52:42.0,2026-01-30T03:30:27.531,"Any[7, 8, 13, 19, 25, 30, 37, 45, 53, 60]",7,60
336,2026-01-20T21:52:42.0,2026-01-23T03:30:27.531,"Any[7, 8, 13, 19, 25, 30, 37, 45, 53, 60]",7,60
1212,2026-01-20T21:56:27.0,2026-01-23T03:34:12.531,"Any[7, 8, 13, 19, 25, 30, 37, 45, 53]",7,53
723,2026-01-20T22:24:18.0,2026-01-23T04:02:03.531,"Any[53, 45, 37, 30, 25, 19, 10]",53,10
1580,2026-01-20T22:31:00.0,2026-01-30T04:08:45.531,Any[],10,64
1059,2026-01-20T23:03:47.0,2026-01-30T04:41:32.531,"Any[8, 13, 19, 25, 30, 37, 45, 56]",8,56
746,2026-01-20T23:07:23.0,2026-01-23T04:45:08.531,"Any[1, 6, 11, 19, 25, 30, 37, 45]",1,45
994,2026-01-20T23:07:24.0,2026-01-23T04:45:09.531,"Any[8, 13, 19, 25, 30, 37, 45, 56]",8,56
153,2026-01-20T23:38:53.0,2026-01-30T05:16:38.531,"Any[60, 56, 45, 37, 30, 25, 19, 11, 6]",60,6
802,2026-01-20T23:38:53.0,2026-01-30T05:16:38.531,"Any[60, 56, 45, 37, 30, 25, 19, 11, 6]",60,6
1071,2026-01-21T00:14:10.0,2026-01-23T05:51:55.531,"Any[6, 11, 19, 25, 30, 37, 45]",6,45
845,2026-01-21T00:18:40.0,2026-01-23T05:56:25.531,"Any[1, 6, 11, 19, 23, 16, 23, 36, 44, 60]",1,60
978,2026-01-21T00:20:00.0,2026-01-30T05:57:45.531,"Any[60, 53, 45, 37, 30, 25, 19, 10]",60,10
1347,2026-01-21T00:22:00.0,2026-01-30T05:59:45.531,Any[],56,13
1048,2026-01-21T00:28:19.0,2026-01-23T06:06:04.531,"Any[10, 11, 19, 25, 30, 37, 45, 53]",10,53
1120,2026-01-21T00:28:19.0,2026-01-30T06:06:04.531,"Any[10, 11, 19, 25, 30, 37, 45, 53]",10,53
428,2026-01-21T00:29:11.0,2026-01-23T06:06:56.531,"Any[8, 13, 19, 25, 30, 37, 45, 56]",8,56
1301,2026-01-21T00:43:28.0,2026-01-30T06:21:13.531,"Any[53, 45, 37, 30, 25, 19, 11, 6, 1]",53,1
1497,2026-01-21T00:58:00.0,2026-01-23T06:35:45.531,Any[],14,62
119,2026-01-21T01:00:03.0,2026-01-23T06:37:48.531,"Any[10, 19, 25, 30, 37, 45, 53]",10,53
732,2026-01-21T01:05:40.0,2026-01-23T06:43:25.531,"Any[10, 11, 19, 25, 30, 37, 45, 53]",10,53
1407,2026-01-21T02:03:40.0,2026-01-23T07:41:25.531,"Any[45, 37, 30, 25, 19, 13, 8]",45,8
1409,2026-01-21T02:03:40.0,2026-01-30T07:41:25.531,"Any[45, 37, 30, 25, 19, 13, 8]",45,8
406,2026-01-21T02:16:37.0,2026-01-23T07:54:22.531,"Any[19, 25, 30, 37, 45, 56]",19,56
1268,2026-01-21T02:16:51.0,2026-01-30T07:54:36.531,"Any[10, 19, 25, 30, 37, 45, 53, 60]",10,60
938,2026-01-21T02:26:06.0,2026-01-30T08:03:51.531,"Any[53, 45, 37, 30, 25, 19, 10]",53,10
708,2026-01-21T02:27:22.0,2026-01-23T08:05:07.531,"Any[19, 25, 30, 37, 45, 56]",19,56
1200,2026-01-21T02:33:11.0,2026-01-23T08:10:56.531,"Any[64, 53, 45, 37, 30, 25, 19, 13, 8]",64,8
984,2026-01-21T02:35:35.0,2026-01-23T08:13:20.531,"Any[53, 45, 37, 30, 25, 19, 11, 6, 1]",53,1
177,2026-01-21T02:50:42.0,2026-01-30T08:28:27.531,"Any[53, 45, 37, 30, 25, 19, 11, 6, 1]",53,1
766,2026-01-21T02:50:42.0,2026-01-30T08:28:27.531,"Any[53, 45, 37, 30, 25, 19, 11, 6, 1]",53,1
931,2026-01-21T03:05:52.0,2026-01-23T08:43:37.531,"Any[53, 45, 37, 30, 25, 19, 10]",53,10
1525,2026-01-21T03:20:00.0,2026-01-23T08:57:45.531,Any[],8,54
255,2026-01-21T03:39:29.0,2026-01-23T09:17:14.531,"Any[56, 45, 37, 30, 25, 19, 13, 8]",56,8
836,2026-01-21T03:39:29.0,2026-01-30T09:17:14.531,"Any[56, 45, 37, 30, 25, 19, 13, 8]",56,8
472,2026-01-21T03:55:49.0,2026-01-23T09:33:34.531,"Any[10, 19, 25, 30, 37, 45, 53]",10,53
679,2026-01-21T04:10:39.0,2026-01-23T09:48:24.531,"Any[1, 6, 11, 19, 25, 30, 37, 45, 53]",1,53
1121,2026-01-21T05:04:31.0,2026-01-30T10:42:16.531,"Any[62, 45, 37, 30, 25, 19, 11, 6]",62,6
23,2026-01-21T05:18:28.0,2026-01-23T10:56:13.531,"Any[56, 45, 37, 30, 25]",56,25
251,2026-01-21T05:53:15.0,2026-01-30T11:31:00.531,"Any[17, 25, 30, 37, 45, 53, 60]",17,60
223,2026-01-21T06:33:06.197,2026-01-30T12:10:51.728,"Any[64, 60, 53, 45, 37, 30, 25, 19, 10]",64,10
1346,2026-01-21T06:37:00.0,2026-01-30T12:14:45.531,Any[],56,13
609,2026-01-21T06:43:48.0,2026-01-23T12:21:33.531,"Any[53, 45, 37, 30, 25, 19, 13, 8]",53,8
747,2026-01-21T07:38:47.0,2026-01-23T13:16:32.531,"Any[19, 25, 30, 37, 45, 56]",19,56
905,2026-01-21T07:38:47.0,2026-01-30T13:16:32.531,"Any[19, 25, 30, 37, 45, 56]",19,56
518,2026-01-21T07:49:20.0,2026-01-30T13:27:05.531,"Any[60, 56, 45, 37, 30, 25, 19, 11, 6, 1]",60,1
683,2026-01-21T07:49:20.0,2026-01-23T13:27:05.531,"Any[60, 56, 45, 37, 30, 25, 19, 11, 6, 1]",60,1
1022,2026-01-21T07:49:20.0,2026-01-23T13:27:05.531,"Any[60, 56, 45, 37, 30, 25, 19, 11, 6, 1]",60,1
1267,2026-01-21T07:49:20.0,2026-01-23T13:27:05.531,"Any[60, 56, 45, 37, 30, 25, 19, 11, 6, 1]",60,1
179,2026-01-21T08:23:23.0,2026-01-23T14:01:08.531,"Any[10, 19, 25, 30, 37, 45]",10,45
598,2026-01-21T08:54:12.0,2026-01-23T14:31:57.531,"Any[6, 11, 19, 25, 30, 37, 45, 53]",6,53
807,2026-01-21T08:54:12.0,2026-01-30T14:31:57.531,"Any[6, 11, 19, 25, 30, 37, 45, 53]",6,53
416,2026-01-21T08:55:06.0,2026-01-23T14:32:51.531,"Any[8, 13, 19, 25, 30, 37, 45, 56]",8,56
1535,2026-01-21T08:56:01.0,2026-01-23T14:33:46.531,"Any[1, 6, 11, 19, 25, 30, 37, 45, 53]",1,53
383,2026-01-21T10:21:07.0,2026-01-30T15:58:52.531,"Any[17, 25, 30, 37, 45, 53]",17,53
593,2026-01-21T10:21:07.0,2026-01-23T15:58:52.531,"Any[17, 25, 30, 37, 45, 53]",17,53
763,2026-01-21T10:21:29.179,2026-01-23T15:59:14.71,"Any[25, 30, 37, 45, 56, 60]",25,60
1442,2026-01-21T10:21:29.179,2026-01-30T15:59:14.71,"Any[25, 30, 37, 45, 56, 60]",25,60
1461,2026-01-21T10:21:29.179,2026-01-30T15:59:14.71,"Any[25, 30, 37, 45, 56, 60]",25,60
1039,2026-01-21T10:41:05.0,2026-01-23T16:18:50.531,"Any[64, 60, 53, 45, 37, 30, 25, 19, 10]",64,10
54,2026-01-21T10:46:38.0,2026-01-30T16:24:23.531,"Any[19, 25, 30, 37, 45, 56, 55, 56]",19,56
889,2026-01-21T11:22:34.0,2026-01-23T17:00:19.531,"Any[6, 11, 19, 25, 30, 37, 45, 56]",6,56
1271,2026-01-21T11:38:26.0,2026-01-23T17:16:11.531,"Any[53, 45, 37, 30, 25, 19, 13, 8]",53,8
412,2026-01-21T12:03:40.0,2026-01-30T17:41:25.531,"Any[8, 13, 19, 25, 30, 37, 45, 56]",8,56
1250,2026-01-21T12:33:22.0,2026-01-23T18:11:07.531,"Any[53, 45, 37, 30, 25, 19, 10]",53,10
419,2026-01-21T13:25:13.0,2026-01-23T19:02:58.531,"Any[19, 25, 30, 37, 45, 53]",19,53
647,2026-01-21T13:40:32.0,2026-01-30T19:18:17.531,"Any[8, 13, 25, 30, 37, 45]",8,45
1579,2026-01-21T13:52:00.0,2026-01-23T19:29:45.531,Any[],10,64
391,2026-01-21T13:53:48.931,2026-01-30T19:31:34.462,"Any[9, 15, 26, 31, 36, 44, 54]",9,54
1188,2026-01-21T14:03:07.571,2026-01-23T19:40:53.102,"Any[56, 45, 37, 30, 25, 19, 10]",56,10
1058,2026-01-21T14:15:02.0,2026-01-23T19:52:47.531,"Any[64, 60, 53, 45, 37, 30, 25, 19, 11, 6]",64,6
148,2026-01-21T14:16:07.0,2026-01-30T19:53:52.531,"Any[6, 11, 19, 25, 30, 37, 45]",6,45
398,2026-01-21T14:30:45.0,2026-01-23T20:08:30.531,"Any[6, 11, 19, 25, 30, 37, 45]",6,45
144,2026-01-21T14:33:52.0,2026-01-23T20:11:37.531,"Any[56, 45, 37, 30, 25, 19, 11, 6]",56,6
821,2026-01-21T14:56:23.0,2026-01-30T20:34:08.531,"Any[6, 11, 19, 25, 30, 37, 45]",6,45
798,2026-01-21T15:04:52.0,2026-01-30T20:42:37.531,"Any[6, 11, 19, 25, 30, 37, 45, 53]",6,53
194,2026-01-21T15:05:08.941,2026-01-23T20:42:54.472,"Any[62, 45, 37, 30, 25, 19, 11, 6]",62,6
433,2026-01-21T15:09:00.0,2026-01-23T20:46:45.531,"Any[53, 45, 37, 30, 25, 19, 13, 8]",53,8
783,2026-01-21T15:09:00.0,2026-01-23T20:46:45.531,"Any[53, 45, 37, 30, 25, 19, 13, 8]",53,8
737,2026-01-21T15:11:16.0,2026-01-30T20:49:01.531,"Any[6, 11, 19, 25, 30, 37, 45, 56]",6,56
112,2026-01-21T15:24:01.0,2026-01-23T21:01:46.531,"Any[53, 45, 37, 30, 25, 19, 13, 8]",53,8
289,2026-01-21T15:24:01.0,2026-01-23T21:01:46.531,"Any[53, 45, 37, 30, 25, 19, 13, 8]",53,8
318,2026-01-21T15:24:01.0,2026-01-30T21:01:46.531,"Any[53, 45, 37, 30, 25, 19, 13, 8]",53,8
1369,2026-01-21T15:39:00.0,2026-01-30T21:16:45.531,Any[],55,9
1549,2026-01-21T15:42:00.0,2026-01-30T21:19:45.531,Any[],6,64
76,2026-01-21T15:50:58.0,2026-01-30T21:28:43.531,"Any[56, 45, 37, 30, 25, 19, 11, 6]",56,6
1157,2026-01-21T15:56:39.0,2026-01-30T21:34:24.531,"Any[60, 56, 45, 37, 30, 25, 19, 11, 6]",60,6
833,2026-01-21T16:04:52.0,2026-01-30T21:42:37.531,"Any[8, 13, 19, 25, 30, 37, 45, 53]",8,53
841,2026-01-21T16:45:20.0,2026-01-23T22:23:05.531,"Any[45, 37, 30, 25]",45,25
1595,2026-01-21T16:50:47.0,2026-01-23T22:28:32.531,"Any[10, 19, 25, 30, 37, 45, 53]",10,53
1262,2026-01-21T16:59:54.0,2026-01-30T22:37:39.531,"Any[1, 6, 11, 16, 19, 25, 30, 37, 45, 56, 60, 64]",1,64
1532,2026-01-21T16:59:54.0,2026-01-30T22:37:39.531,"Any[1, 6, 11, 16, 19, 25, 30, 37, 45, 56, 60, 64]",1,64
1533,2026-01-21T16:59:54.0,2026-01-23T22:37:39.531,"Any[1, 6, 11, 16, 19, 25, 30, 37, 45, 56, 60, 64]",1,64
665,2026-01-21T17:21:55.0,2026-01-23T22:59:40.531,"Any[53, 45, 37, 30, 25, 19, 11, 6, 1]",53,1
445,2026-01-21T18:09:51.0,2026-01-30T23:47:36.531,"Any[6, 11, 19, 25, 30, 37, 45, 56]",6,56
377,2026-01-21T19:02:49.0,2026-01-31T00:40:34.531,"Any[60, 53, 45, 37, 30, 25, 19, 13, 8]",60,8
630,2026-01-21T19:02:49.0,2026-01-31T00:40:34.531,"Any[60, 53, 45, 37, 30, 25, 19, 13, 8]",60,8
622,2026-01-21T19:05:20.0,2026-01-31T00:43:05.531,"Any[8, 13, 19, 25, 30, 37, 45, 53]",8,53
105,2026-01-21T19:23:02.0,2026-01-31T01:00:47.531,"Any[8, 13, 19, 25, 30, 37, 45, 53]",8,53
229,2026-01-21T19:23:14.811,2026-01-24T01:01:00.342,"Any[53, 45, 37, 30, 25, 19, 10]",53,10
81,2026-01-21T19:26:41.0,2026-01-31T01:04:26.531,"Any[1, 6, 11, 19, 25, 30, 37, 45, 53]",1,53
1539,2026-01-21T19:26:41.0,2026-01-24T01:04:26.531,"Any[1, 6, 11, 19, 25, 30, 37, 45, 53]",1,53
870,2026-01-21T19:56:06.0,2026-01-24T01:33:51.531,"Any[53, 45, 37, 30, 25, 19, 11, 6, 1]",53,1
1220,2026-01-21T20:10:44.013,2026-01-31T01:48:29.544,"Any[8, 13, 19, 25, 30, 37, 45, 53]",8,53
267,2026-01-21T20:34:41.0,2026-01-24T02:12:26.531,"Any[53, 45, 37, 30, 25, 19, 13, 8]",53,8
892,2026-01-21T20:37:29.0,2026-01-24T02:15:14.531,"Any[7, 8, 13, 19, 25, 30, 37, 45, 53]",7,53
986,2026-01-21T20:53:56.0,2026-01-24T02:31:41.531,"Any[62, 53, 45, 37, 30, 25, 19, 11, 6]",62,6
658,2026-01-21T21:13:17.0,2026-01-31T02:51:02.531,"Any[1, 6, 11, 19, 23, 36, 44, 54, 60]",1,60
1512,2026-01-21T22:01:53.303,2026-01-24T03:39:38.834,"Any[8, 13, 19, 25, 30, 37, 45, 56, 60]",8,60
1515,2026-01-21T22:01:53.303,2026-01-31T03:39:38.834,"Any[8, 13, 19, 25, 30, 37, 45, 56, 60]",8,60
896,2026-01-21T22:08:51.0,2026-01-24T03:46:36.531,"Any[8, 13, 19, 25, 30, 37, 45, 56]",8,56
706,2026-01-21T22:11:35.0,2026-01-24T03:49:20.531,"Any[8, 13, 19, 25, 30, 37, 45, 53]",8,53
286,2026-01-21T22:15:59.67,2026-01-24T03:53:45.201,"Any[64, 60, 53, 45, 37, 30, 25, 19, 10]",64,10
257,2026-01-21T22:23:45.0,2026-01-24T04:01:30.531,"Any[53, 45, 37, 30, 25, 19, 10]",53,10
13,2026-01-21T22:26:09.0,2026-01-24T04:03:54.531,"Any[8, 13, 19, 25, 30, 37, 45, 56]",8,56
776,2026-01-21T22:50:51.0,2026-01-31T04:28:36.531,"Any[10, 19, 25, 30, 37, 45, 53, 60]",10,60
547,2026-01-21T22:53:57.0,2026-01-31T04:31:42.531,"Any[53, 45, 37, 30, 25, 19, 11, 6, 1]",53,1
775,2026-01-21T22:55:41.0,2026-01-24T04:33:26.531,"Any[19, 25, 30, 37, 45, 53]",19,53
925,2026-01-21T22:58:17.0,2026-01-24T04:36:02.531,"Any[53, 45, 37, 30, 25]",53,25
7,2026-01-21T23:05:33.0,2026-01-24T04:43:18.531,"Any[53, 45, 37, 30, 25]",53,25
1416,2026-01-21T23:13:00.0,2026-01-24T04:50:45.531,Any[],45,3
32,2026-01-21T23:16:35.0,2026-01-24T04:54:20.531,"Any[53, 45, 37, 30, 25, 19, 11, 6, 1]",53,1
79,2026-01-21T23:16:35.0,2026-01-24T04:54:20.531,"Any[53, 45, 37, 30, 25, 19, 11, 6, 1]",53,1
993,2026-01-21T23:16:35.0,2026-01-31T04:54:20.531,"Any[53, 45, 37, 30, 25, 19, 11, 6, 1]",53,1
1051,2026-01-21T23:16:35.0,2026-01-31T04:54:20.531,"Any[53, 45, 37, 30, 25, 19, 11, 6, 1]",53,1
1316,2026-01-21T23:47:00.0,2026-01-31T05:24:45.531,Any[],60,7
1297,2026-01-21T23:52:35.0,2026-01-31T05:30:20.531,"Any[19, 25, 30, 37, 45, 56]",19,56
843,2026-01-22T00:03:23.0,2026-01-24T05:41:08.531,"Any[53, 45, 37, 30, 25, 19, 11, 6, 1]",53,1
328,2026-01-22T00:30:29.0,2026-01-24T06:08:14.531,"Any[1, 6, 11, 19, 23, 28, 36, 44, 54, 60]",1,60
316,2026-01-22T00:33:18.0,2026-01-24T06:11:03.531,"Any[60, 53, 45, 37, 30, 25, 19, 11, 6, 1]",60,1
400,2026-01-22T00:34:03.066,2026-01-24T06:11:48.597,"Any[9, 15, 26, 31, 36, 44, 54, 60]",9,60
28,2026-01-22T00:51:35.897,2026-01-24T06:29:21.428,"Any[53, 45, 37, 30, 25, 19, 13, 8]",53,8
183,2026-01-22T00:51:35.897,2026-01-31T06:29:21.428,"Any[53, 45, 37, 30, 25, 19, 13, 8]",53,8
748,2026-01-22T00:51:35.897,2026-01-31T06:29:21.428,"Any[53, 45, 37, 30, 25, 19, 13, 8]",53,8
1545,2026-01-22T01:11:00.0,2026-01-24T06:48:45.531,Any[],6,64
187,2026-01-22T01:25:01.0,2026-01-24T07:02:46.531,"Any[10, 19, 25, 30, 37, 45, 53]",10,53
1134,2026-01-22T01:25:01.0,2026-01-31T07:02:46.531,"Any[10, 19, 25, 30, 37, 45, 53]",10,53
516,2026-01-22T01:31:57.0,2026-01-31T07:09:42.531,"Any[6, 11, 16, 25, 30, 37, 45, 53]",6,53
455,2026-01-22T01:39:31.0,2026-01-31T07:17:16.531,"Any[53, 45, 37, 30, 25, 19, 11, 6, 1]",53,1
228,2026-01-22T01:44:25.0,2026-01-31T07:22:10.531,"Any[53, 45, 37, 30, 25, 19, 11, 6, 1]",53,1
1586,2026-01-22T01:53:56.0,2026-01-31T07:31:41.531,"Any[10, 19, 25, 30, 37, 45, 53, 60]",10,60
659,2026-01-22T02:03:00.0,2026-01-24T07:40:45.531,"Any[64, 53, 45, 37, 30, 25, 19, 13, 8]",64,8
631,2026-01-22T02:10:04.0,2026-01-24T07:47:49.531,"Any[10, 19, 25, 30, 37, 45, 53]",10,53
755,2026-01-22T02:11:44.0,2026-01-31T07:49:29.531,"Any[8, 13, 19, 25, 30, 37, 45, 56]",8,56
1306,2026-01-22T02:11:44.0,2026-01-24T07:49:29.531,"Any[8, 13, 19, 25, 30, 37, 45, 56]",8,56
942,2026-01-22T02:20:34.0,2026-01-31T07:58:19.531,"Any[64, 60, 53, 45, 37, 30, 25, 19, 13, 8]",64,8
1517,2026-01-22T02:21:35.0,2026-01-24T07:59:20.531,"Any[8, 13, 19, 25, 30, 37, 45, 53, 62]",8,62
1518,2026-01-22T02:21:35.0,2026-01-31T07:59:20.531,"Any[8, 13, 19, 25, 30, 37, 45, 53, 62]",8,62
711,2026-01-22T02:21:41.0,2026-01-24T07:59:26.531,"Any[64, 53, 45, 37, 30, 25, 19, 10]",64,10
1131,2026-01-22T02:29:47.0,2026-01-24T08:07:32.531,"Any[64, 60, 53, 45, 37, 30, 25, 19, 11, 6, 1]",64,1
332,2026-01-22T02:43:56.0,2026-01-24T08:21:41.531,"Any[53, 45, 37, 30, 25, 19, 10]",53,10
170,2026-01-22T03:58:56.0,2026-01-24T09:36:41.531,"Any[64, 60, 53, 45, 37, 30, 25, 19, 11, 6, 1]",64,1
1504,2026-01-22T05:35:11.0,2026-01-24T11:12:56.531,"Any[8, 13, 19, 25, 30, 37, 45, 56, 60, 64]",8,64
370,2026-01-22T07:33:41.0,2026-01-31T13:11:26.531,"Any[10, 19, 25, 30, 37, 45, 53]",10,53
351,2026-01-22T07:47:14.0,2026-01-24T13:24:59.531,"Any[53, 45, 37, 30, 25, 19, 10]",53,10
893,2026-01-22T07:48:44.0,2026-01-31T13:26:29.531,"Any[56, 45, 37, 30, 25]",56,25
409,2026-01-22T07:49:21.0,2026-01-24T13:27:06.531,"Any[53, 45, 37, 30, 25, 19, 11, 6]",53,6
591,2026-01-22T07:49:21.0,2026-01-31T13:27:06.531,"Any[53, 45, 37, 30, 25, 19, 11, 6]",53,6
549,2026-01-22T07:58:11.0,2026-01-31T13:35:56.531,"Any[53, 45, 37, 30, 25, 19, 11, 6, 1]",53,1
891,2026-01-22T07:58:11.0,2026-01-24T13:35:56.531,"Any[53, 45, 37, 30, 25, 19, 11, 6, 1]",53,1
169,2026-01-22T09:03:04.104,2026-01-31T14:40:49.635,"Any[60, 56, 45, 37, 30, 25, 19, 11, 6]",60,6
137,2026-01-22T09:04:31.0,2026-01-24T14:42:16.531,"Any[6, 11, 19, 25, 30, 37, 45]",6,45
155,2026-01-22T09:10:30.0,2026-01-31T14:48:15.531,"Any[53, 45, 37, 30, 25, 19, 10]",53,10
405,2026-01-22T09:15:45.0,2026-01-31T14:53:30.531,"Any[56, 45, 37, 30, 25, 19]",56,19
1323,2026-01-22T09:15:45.0,2026-01-24T14:53:30.531,"Any[56, 45, 37, 30, 25, 19]",56,19
196,2026-01-22T09:23:15.0,2026-01-31T15:01:00.531,"Any[64, 53, 45, 37, 30, 25, 19, 10]",64,10
638,2026-01-22T09:46:17.0,2026-01-24T15:24:02.531,"Any[53, 45, 37, 30, 25, 19]",53,19
1009,2026-01-22T10:19:53.768,2026-01-31T15:57:39.299,"Any[53, 45, 37, 30, 25, 19, 11, 6, 1]",53,1
625,2026-01-22T10:36:46.276,2026-01-31T16:14:31.807,"Any[53, 45, 37, 30, 25]",53,25
810,2026-01-22T10:36:46.276,2026-01-24T16:14:31.807,"Any[53, 45, 37, 30, 25]",53,25
1541,2026-01-22T11:03:33.0,2026-01-24T16:41:18.531,"Any[1, 6, 11, 19, 25, 30, 37, 45, 53]",1,53
203,2026-01-22T11:04:19.0,2026-01-31T16:42:04.531,"Any[56, 45, 37, 30, 25, 19, 13, 8]",56,8
1086,2026-01-22T11:04:19.0,2026-01-24T16:42:04.531,"Any[56, 45, 37, 30, 25, 19, 13, 8]",56,8
1251,2026-01-22T11:15:00.0,2026-01-24T16:52:45.531,"Any[7, 8, 13, 19, 25, 30, 37, 45, 53]",7,53
967,2026-01-22T11:51:56.0,2026-01-24T17:29:41.531,"Any[56, 45, 37, 30, 25, 19]",56,19
1333,2026-01-22T11:51:56.0,2026-01-31T17:29:41.531,"Any[56, 45, 37, 30, 25, 19]",56,19
1136,2026-01-22T11:52:50.0,2026-01-24T17:30:35.531,"Any[53, 45, 37, 30, 25, 19, 13, 8]",53,8
584,2026-01-22T12:08:04.0,2026-01-24T17:45:49.531,"Any[53, 45, 37, 30, 25, 19, 10]",53,10
1081,2026-01-22T12:30:46.04,2026-01-24T18:08:31.571,"Any[19, 25, 30, 37, 45, 56]",19,56
1424,2026-01-22T13:29:00.0,2026-01-31T19:06:45.531,Any[],45,5
1561,2026-01-22T13:35:00.0,2026-01-31T19:12:45.531,Any[],10,64
1237,2026-01-22T14:01:22.428,2026-01-24T19:39:07.959,"Any[1, 6, 11, 19, 25, 30, 37, 45, 56]",1,56
1510,2026-01-22T14:25:26.0,2026-01-31T20:03:11.531,"Any[8, 13, 19, 25, 30, 37, 45, 56, 60]",8,60
1516,2026-01-22T14:25:26.0,2026-01-31T20:03:11.531,"Any[8, 13, 19, 25, 30, 37, 45, 56, 60]",8,60
971,2026-01-22T14:32:03.0,2026-01-31T20:09:48.531,"Any[60, 56, 45, 37, 30, 25, 19, 13, 8]",60,8
1163,2026-01-22T14:49:53.0,2026-01-31T20:27:38.531,"Any[53, 45, 37, 30, 25, 19, 10]",53,10
213,2026-01-22T14:52:19.0,2026-01-31T20:30:04.531,"Any[53, 45, 37, 30, 25, 19, 13, 8]",53,8
358,2026-01-22T14:52:19.0,2026-01-31T20:30:04.531,"Any[53, 45, 37, 30, 25, 19, 13, 8]",53,8
753,2026-01-22T14:53:05.675,2026-01-24T20:30:51.206,"Any[53, 45, 37, 30, 25, 19, 11, 6]",53,6
863,2026-01-22T14:53:05.675,2026-01-24T20:30:51.206,"Any[53, 45, 37, 30, 25, 19, 11, 6]",53,6
975,2026-01-22T14:58:17.0,2026-01-24T20:36:02.531,"Any[60, 53, 45, 37, 30, 25, 19, 13, 8]",60,8
614,2026-01-22T15:05:02.389,2026-01-31T20:42:47.92,"Any[45, 37, 30, 25, 19]",45,19
1303,2026-01-22T15:05:02.389,2026-01-24T20:42:47.92,"Any[45, 37, 30, 25, 19]",45,19
1398,2026-01-22T15:05:02.389,2026-01-31T20:42:47.92,"Any[45, 37, 30, 25, 19]",45,19
1399,2026-01-22T15:05:02.389,2026-01-31T20:42:47.92,"Any[45, 37, 30, 25, 19]",45,19
1403,2026-01-22T15:05:02.389,2026-01-24T20:42:47.92,"Any[45, 37, 30, 25, 19]",45,19
209,2026-01-22T15:16:38.801,2026-01-31T20:54:24.332,"Any[8, 13, 19, 25, 30, 37, 45, 53, 60]",8,60
620,2026-01-22T15:19:02.0,2026-01-24T20:56:47.531,"Any[53, 45, 37, 30, 25, 19, 10]",53,10
1017,2026-01-22T15:22:30.0,2026-01-24T21:00:15.531,"Any[8, 13, 19, 25, 30, 37, 45, 56]",8,56
1018,2026-01-22T15:22:30.0,2026-01-31T21:00:15.531,"Any[8, 13, 19, 25, 30, 37, 45, 56]",8,56
533,2026-01-22T15:32:20.324,2026-01-31T21:10:05.855,"Any[6, 11, 19, 25, 30, 37, 45, 53]",6,53
908,2026-01-22T15:53:49.0,2026-01-24T21:31:34.531,"Any[64, 60, 53, 45, 37, 30, 25, 19, 10]",64,10
813,2026-01-22T15:53:57.042,2026-01-31T21:31:42.573,"Any[19, 25, 30, 37, 45, 53]",19,53
270,2026-01-22T16:04:09.0,2026-01-31T21:41:54.531,"Any[56, 45, 37, 30, 25]",56,25
740,2026-01-22T16:04:09.0,2026-01-31T21:41:54.531,"Any[56, 45, 37, 30, 25]",56,25
432,2026-01-22T16:06:01.0,2026-01-24T21:43:46.531,"Any[6, 11, 19, 25, 30, 37, 45]",6,45
671,2026-01-22T16:20:14.0,2026-01-24T21:57:59.531,"Any[6, 11, 19, 25, 30, 37, 45, 56]",6,56
1046,2026-01-22T16:20:28.0,2026-01-24T21:58:13.531,"Any[8, 13, 19, 25, 30, 37, 45, 56]",8,56
261,2026-01-22T16:29:57.0,2026-01-31T22:07:42.531,"Any[60, 56, 45, 37, 30, 25, 19, 11, 6]",60,6
1382,2026-01-22T16:34:00.0,2026-01-31T22:11:45.531,Any[],53,7
1573,2026-01-22T16:39:00.0,2026-01-31T22:16:45.531,Any[],10,64
413,2026-01-22T16:45:10.0,2026-01-24T22:22:55.531,"Any[8, 13, 19, 25, 30, 37, 45, 56]",8,56
774,2026-01-22T16:52:56.642,2026-01-24T22:30:42.173,"Any[45, 37, 30, 25, 19, 11, 6]",45,6
1427,2026-01-22T16:52:56.642,2026-01-31T22:30:42.173,"Any[45, 37, 30, 25, 19, 11, 6]",45,6
961,2026-01-22T16:56:29.0,2026-01-31T22:34:14.531,"Any[53, 45, 37, 30, 25, 19, 10]",53,10
1563,2026-01-22T17:04:00.0,2026-01-31T22:41:45.531,Any[],10,64
275,2026-01-22T17:04:06.0,2026-01-31T22:41:51.531,"Any[56, 45, 37, 30, 25, 19, 11, 6, 6, 1]",56,6
467,2026-01-22T17:04:06.0,2026-01-31T22:41:51.531,"Any[56, 45, 37, 30, 25, 19, 11, 6, 6, 1]",56,6
515,2026-01-22T17:08:06.0,2026-01-24T22:45:51.531,"Any[6, 11, 19, 25, 30, 37, 45, 53]",6,53
494,2026-01-22T17:12:05.0,2026-01-24T22:49:50.531,"Any[6, 11, 16, 25, 30, 37, 45]",6,45
111,2026-01-22T17:26:22.0,2026-01-31T23:04:07.531,"Any[1, 6, 11, 19, 25, 30, 37, 45, 56, 60]",1,60
75,2026-01-22T17:36:59.0,2026-01-24T23:14:44.531,"Any[10, 19, 25, 30, 37, 45, 53]",10,53
1281,2026-01-22T17:39:27.0,2026-01-31T23:17:12.531,"Any[8, 13, 19, 25, 30, 37, 45, 56]",8,56
129,2026-01-22T17:40:20.0,2026-01-31T23:18:05.531,"Any[56, 45, 37, 30, 25, 19, 11, 6]",56,6
1513,2026-01-22T17:47:34.0,2026-01-24T23:25:19.531,"Any[8, 13, 19, 25, 30, 37, 45, 53, 60]",8,60
996,2026-01-22T17:48:05.0,2026-01-24T23:25:50.531,"Any[8, 13, 19, 25, 30, 37, 45, 56]",8,56
579,2026-01-22T17:53:31.0,2026-01-24T23:31:16.531,"Any[45, 37, 30, 25, 19, 10]",45,10
1360,2026-01-22T17:58:27.0,2026-01-31T23:36:12.531,"Any[56, 45, 37, 30, 25, 19, 11, 6, 6, 5, 1, 1]",56,6
1105,2026-01-22T18:03:39.695,2026-01-31T23:41:25.226,"Any[25, 30, 37, 45, 53]",25,53
1475,2026-01-22T18:03:39.695,2026-01-31T23:41:25.226,"Any[25, 30, 37, 45, 53]",25,53
1483,2026-01-22T18:03:39.695,2026-01-24T23:41:25.226,"Any[25, 30, 37, 45, 53]",25,53
483,2026-01-22T18:13:32.0,2026-01-31T23:51:17.531,"Any[10, 19, 25, 30, 37, 45, 53]",10,53
474,2026-01-22T18:31:33.876,2026-02-01T00:09:19.407,"Any[56, 45, 37, 30, 25, 19, 11, 6]",56,6
854,2026-01-22T18:35:32.0,2026-01-25T00:13:17.531,"Any[56, 45, 37, 30, 25, 19, 13, 8]",56,8
1253,2026-01-22T18:40:23.775,2026-01-25T00:18:09.306,"Any[56, 45, 37, 30, 25]",56,25
1557,2026-01-22T18:54:00.0,2026-02-01T00:31:45.531,Any[],10,64
1559,2026-01-22T19:00:00.0,2026-02-01T00:37:45.531,Any[],10,64
1523,2026-01-22T19:10:59.15,2026-02-01T00:48:44.681,"Any[8, 13, 19, 25, 30, 37, 45, 53]",8,53
1325,2026-01-22T19:13:37.0,2026-01-25T00:51:22.531,"Any[56, 45, 37, 30, 25, 19]",56,19
1331,2026-01-22T19:13:37.0,2026-01-25T00:51:22.531,"Any[56, 45, 37, 30, 25, 19]",56,19
1337,2026-01-22T19:13:37.0,2026-01-25T00:51:22.531,"Any[56, 45, 37, 30, 25, 19]",56,19
315,2026-01-22T19:18:50.232,2026-02-01T00:56:35.763,"Any[1, 6, 11, 19, 25, 30, 37, 45, 53]",1,53
824,2026-01-22T19:20:18.0,2026-02-01T00:58:03.531,"Any[1, 6, 11, 19, 25, 30, 37, 45, 53]",1,53
1028,2026-01-22T19:23:38.869,2026-01-25T01:01:24.4,"Any[1, 6, 11, 19, 25, 30, 37, 45, 53, 60]",1,60
661,2026-01-22T19:39:10.0,2026-02-01T01:16:55.531,"Any[10, 19, 25, 30, 37, 45, 53]",10,53
914,2026-01-22T19:56:04.0,2026-02-01T01:33:49.531,"Any[53, 45, 37, 30, 25]",53,25
627,2026-01-22T19:59:11.0,2026-01-25T01:36:56.531,"Any[53, 45, 37, 30, 25, 19, 13, 8]",53,8
221,2026-01-22T19:59:13.0,2026-01-25T01:36:58.531,"Any[10, 19, 25, 30, 37, 45, 53]",10,53
1596,2026-01-22T20:13:59.0,2026-02-01T01:51:44.531,"Any[10, 11, 19, 25, 30, 37, 45, 53]",10,53
1192,2026-01-22T20:24:43.0,2026-02-01T02:02:28.531,"Any[53, 45, 37, 30, 25, 19, 10]",53,10
390,2026-01-22T20:43:02.0,2026-01-25T02:20:47.531,"Any[10, 19, 25, 30, 37, 45, 53]",10,53
1592,2026-01-22T20:43:02.0,2026-02-01T02:20:47.531,"Any[10, 19, 25, 30, 37, 45, 53]",10,53
1098,2026-01-22T20:43:21.0,2026-02-01T02:21:06.531,"Any[53, 45, 37, 30, 25, 19, 11, 6, 1]",53,1
80,2026-01-22T20:51:15.0,2026-02-01T02:29:00.531,"Any[53, 45, 37, 30, 25, 19, 11, 6, 1]",53,1
537,2026-01-22T20:51:15.0,2026-02-01T02:29:00.531,"Any[53, 45, 37, 30, 25, 19, 11, 6, 1]",53,1
611,2026-01-22T20:55:05.0,2026-02-01T02:32:50.531,"Any[10, 19, 25, 30, 37, 45, 53]",10,53
1311,2026-01-22T20:56:00.0,2026-02-01T02:33:45.531,Any[],60,17
587,2026-01-22T21:04:30.0,2026-01-25T02:42:15.531,"Any[60, 53, 45, 37, 30, 25]",60,25
693,2026-01-22T21:43:20.0,2026-02-01T03:21:05.531,"Any[10, 19, 25, 30, 37, 45, 53]",10,53
1019,2026-01-22T21:43:20.0,2026-02-01T03:21:05.531,"Any[10, 19, 25, 30, 37, 45, 53]",10,53
966,2026-01-22T22:11:39.0,2026-01-25T03:49:24.531,"Any[10, 19, 25, 30, 37, 45, 53]",10,53
612,2026-01-22T22:25:37.0,2026-01-25T04:03:22.531,"Any[10, 19, 25, 30, 37, 45, 53]",10,53
1158,2026-01-22T22:30:35.0,2026-01-25T04:08:20.531,"Any[60, 56, 45, 37, 30, 25, 19, 13, 8]",60,8
619,2026-01-22T22:35:51.065,2026-01-25T04:13:36.596,"Any[53, 45, 37, 30, 25, 19, 13, 8]",53,8
164,2026-01-22T22:40:40.0,2026-01-25T04:18:25.531,"Any[53, 45, 37, 30, 25, 19, 11, 6, 1]",53,1
301,2026-01-22T22:52:19.0,2026-02-01T04:30:04.531,"Any[60, 56, 45, 37, 30, 25, 19, 11, 6]",60,6
531,2026-01-22T23:18:18.0,2026-01-25T04:56:03.531,"Any[53, 45, 37, 30, 25, 19, 10]",53,10
853,2026-01-22T23:20:07.0,2026-02-01T04:57:52.531,"Any[13, 19, 25, 30, 37, 45, 56]",13,56
1095,2026-01-22T23:35:12.952,2026-01-25T05:12:58.483,"Any[56, 45, 37, 30, 25, 19, 10]",56,10
418,2026-01-22T23:35:26.732,2026-01-25T05:13:12.263,"Any[53, 45, 37, 30, 25, 19, 11, 6, 1]",53,1
688,2026-01-22T23:35:26.732,2026-02-01T05:13:12.263,"Any[53, 45, 37, 30, 25, 19, 11, 6, 1]",53,1
1343,2026-01-23T00:22:05.0,2026-01-25T05:59:50.531,"Any[56, 45, 37, 30, 25, 16]",56,16
733,2026-01-23T00:42:47.0,2026-01-25T06:20:32.531,"Any[7, 8, 13, 19, 25, 30, 37, 45, 53]",7,53
386,2026-01-23T00:53:45.0,2026-02-01T06:31:30.531,"Any[53, 45, 37, 30, 25, 19, 10]",53,10
1417,2026-01-23T01:28:00.0,2026-01-25T07:05:45.531,Any[],45,3
463,2026-01-23T01:28:20.904,2026-01-25T07:06:06.435,"Any[10, 19, 25, 30, 37, 45, 53]",10,53
909,2026-01-23T01:31:05.0,2026-02-01T07:08:50.531,"Any[6, 11, 19, 25, 30, 37, 45, 56]",6,56
952,2026-01-23T01:31:05.0,2026-02-01T07:08:50.531,"Any[6, 11, 19, 25, 30, 37, 45, 56]",6,56
1221,2026-01-23T01:45:48.0,2026-02-01T07:23:33.531,"Any[56, 45, 37, 30, 25, 19, 13, 8]",56,8
1390,2026-01-23T01:54:00.0,2026-02-01T07:31:45.531,Any[],53,3
208,2026-01-23T02:46:32.0,2026-02-01T08:24:17.531,"Any[64, 60, 53, 45, 37, 30, 25, 19, 10]",64,10
826,2026-01-23T02:51:50.0,2026-01-25T08:29:35.531,"Any[19, 25, 30, 37, 45, 53]",19,53
553,2026-01-23T03:28:44.0,2026-01-25T09:06:29.531,"Any[19, 25, 30, 37, 45, 56]",19,56
363,2026-01-23T06:18:52.0,2026-02-01T11:56:37.531,"Any[19, 25, 30, 37, 45, 56]",19,56
1413,2026-01-23T06:21:00.0,2026-01-25T11:58:45.531,Any[],45,7
699,2026-01-23T06:48:36.0,2026-02-01T12:26:21.531,"Any[10, 19, 25, 30, 37, 45, 53]",10,53
1215,2026-01-23T06:51:04.0,2026-01-25T12:28:49.531,"Any[1, 6, 11, 16, 25, 30, 37, 45, 56]",1,56
539,2026-01-23T06:53:33.0,2026-01-25T12:31:18.531,"Any[53, 45, 37, 30, 25]",53,25
569,2026-01-23T07:07:22.0,2026-02-01T12:45:07.531,"Any[10, 19, 25, 30, 37, 45]",10,45
1207,2026-01-23T07:07:22.0,2026-01-25T12:45:07.531,"Any[10, 19, 25, 30, 37, 45]",10,45
1054,2026-01-23T07:15:26.0,2026-01-25T12:53:11.531,"Any[53, 45, 37, 30, 25, 19, 11, 6, 5]",53,5
1140,2026-01-23T07:57:46.0,2026-01-25T13:35:31.531,"Any[10, 19, 25, 30, 37, 45]",10,45
18,2026-01-23T08:08:21.619,2026-01-25T13:46:07.15,"Any[53, 45, 37, 30, 25, 19, 13, 8]",53,8
988,2026-01-23T08:25:48.0,2026-01-25T14:03:33.531,"Any[64, 60, 56, 45, 37, 30, 25, 19, 13, 8]",64,8
1454,2026-01-23T08:41:57.0,2026-02-01T14:19:42.531,"Any[25, 30, 37, 45, 56, 60]",25,60
698,2026-01-23T08:43:41.0,2026-02-01T14:21:26.531,"Any[6, 11, 25, 30, 37, 45]",6,45
789,2026-01-23T08:45:36.713,2026-02-01T14:23:22.244,"Any[19, 25, 30, 37, 45, 53]",19,53
49,2026-01-23T08:47:03.0,2026-02-01T14:24:48.531,"Any[53, 45, 37, 30, 25, 19, 10]",53,10
1156,2026-01-23T08:57:41.0,2026-01-25T14:35:26.531,"Any[53, 45, 37, 30, 25, 19, 11, 6, 1]",53,1
306,2026-01-23T09:05:09.0,2026-01-25T14:42:54.531,"Any[56, 45, 37, 30, 25]",56,25
452,2026-01-23T09:58:14.601,2026-02-01T15:36:00.132,"Any[53, 45, 37, 30, 25, 19, 10]",53,10
3,2026-01-23T10:11:08.0,2026-02-01T15:48:53.531,"Any[8, 13, 19, 25, 30, 37, 45, 53]",8,53
1255,2026-01-23T10:11:49.0,2026-01-25T15:49:34.531,"Any[53, 45, 37, 30, 25, 19, 10]",53,10
425,2026-01-23T10:28:32.0,2026-01-25T16:06:17.531,"Any[6, 11, 19, 17, 19, 25, 30, 37, 45]",6,45
201,2026-01-23T10:48:30.0,2026-01-25T16:26:15.531,"Any[6, 11, 19, 25, 30, 37, 45]",6,45
360,2026-01-23T10:49:57.0,2026-02-01T16:27:42.531,"Any[53, 45, 37, 30, 25, 19, 13, 8]",53,8
626,2026-01-23T11:16:46.0,2026-02-01T16:54:31.531,"Any[45, 37, 30, 25, 19]",45,19
1402,2026-01-23T11:16:46.0,2026-02-01T16:54:31.531,"Any[45, 37, 30, 25, 19]",45,19
1276,2026-01-23T11:24:58.0,2026-01-25T17:02:43.531,"Any[6, 11, 19, 25, 30, 37, 45]",6,45
794,2026-01-23T12:16:28.0,2026-01-25T17:54:13.531,"Any[1, 6, 11, 19, 25, 30, 37, 45, 56]",1,56
527,2026-01-23T12:16:39.888,2026-01-25T17:54:25.419,"Any[8, 13, 19, 25, 30, 37, 45, 56]",8,56
1021,2026-01-23T12:16:55.0,2026-01-25T17:54:40.531,"Any[1, 6, 11, 19, 25, 30, 37, 45, 56, 60]",1,60
641,2026-01-23T12:26:18.0,2026-02-01T18:04:03.531,"Any[25, 30, 37, 45, 56, 60]",25,60
1448,2026-01-23T12:26:18.0,2026-02-01T18:04:03.531,"Any[25, 30, 37, 45, 56, 60]",25,60
1457,2026-01-23T12:26:18.0,2026-01-25T18:04:03.531,"Any[25, 30, 37, 45, 56, 60]",25,60
1464,2026-01-23T12:26:18.0,2026-01-25T18:04:03.531,"Any[25, 30, 37, 45, 56, 60]",25,60
923,2026-01-23T12:34:55.0,2026-02-01T18:12:40.531,"Any[53, 45, 37, 30, 25, 19, 10]",53,10
703,2026-01-23T12:37:45.0,2026-01-25T18:15:30.531,"Any[56, 45, 37, 30, 25, 19, 13, 8]",56,8
1032,2026-01-23T13:02:23.023,2026-02-01T18:40:08.554,"Any[53, 45, 37, 30, 25, 19, 11, 6, 1]",53,1
117,2026-01-23T13:02:58.0,2026-02-01T18:40:43.531,"Any[8, 13, 19, 25, 30, 37, 45, 56]",8,56
1160,2026-01-23T13:02:58.0,2026-02-01T18:40:43.531,"Any[8, 13, 19, 25, 30, 37, 45, 56]",8,56
61,2026-01-23T13:09:21.0,2026-01-25T18:47:06.531,"Any[53, 45, 37, 30, 25, 19, 10]",53,10
726,2026-01-23T13:15:48.794,2026-02-01T18:53:34.325,"Any[10, 19, 25, 30, 37, 45, 53]",10,53
314,2026-01-23T13:20:42.0,2026-01-25T18:58:27.531,"Any[6, 11, 19, 25, 30, 37, 45, 56]",6,56
426,2026-01-23T13:20:42.0,2026-02-01T18:58:27.531,"Any[6, 11, 19, 25, 30, 37, 45, 56]",6,56
156,2026-01-23T14:06:06.0,2026-02-01T19:43:51.531,"Any[45, 37, 30, 25]",45,25
149,2026-01-23T14:31:44.481,2026-02-01T20:09:30.012,"Any[6, 10, 19, 25, 30, 37, 45, 56]",6,56
138,2026-01-23T14:34:06.0,2026-01-25T20:11:51.531,"Any[3, 10, 19, 25, 30, 37, 45, 53]",3,53
829,2026-01-23T14:34:06.0,2026-02-01T20:11:51.531,"Any[3, 10, 19, 25, 30, 37, 45, 53]",3,53
685,2026-01-23T14:37:14.0,2026-01-25T20:14:59.531,"Any[54, 44, 36, 23, 19, 11, 6]",54,6
882,2026-01-23T14:37:14.0,2026-02-01T20:14:59.531,"Any[54, 44, 36, 23, 19, 11, 6]",54,6
1038,2026-01-23T14:40:55.0,2026-02-01T20:18:40.531,"Any[53, 45, 37, 30, 25, 19, 10]",53,10
1270,2026-01-23T14:43:36.0,2026-01-25T20:21:21.531,"Any[64, 60, 53, 45, 37, 30, 25, 19, 10]",64,10
1286,2026-01-23T14:44:50.0,2026-02-01T20:22:35.531,"Any[53, 45, 37, 30, 25, 19, 11, 6]",53,6
743,2026-01-23T14:48:21.0,2026-01-25T20:26:06.531,"Any[64, 60, 56, 45, 37, 30, 25, 19, 11, 6]",64,6
393,2026-01-23T15:01:50.0,2026-01-25T20:39:35.531,"Any[56, 45, 37, 30, 25]",56,25
470,2026-01-23T15:09:22.0,2026-01-25T20:47:07.531,"Any[56, 45, 37, 30, 25, 19, 11, 6, 1]",56,1
788,2026-01-23T15:09:22.0,2026-02-01T20:47:07.531,"Any[56, 45, 37, 30, 25, 19, 11, 6, 1]",56,1
1143,2026-01-23T15:29:53.0,2026-01-25T21:07:38.531,"Any[16, 17, 25, 30, 37, 45, 53]",16,53
696,2026-01-23T15:33:15.838,2026-02-01T21:11:01.369,"Any[6, 11, 19, 25, 30, 37, 45, 53]",6,53
834,2026-01-23T15:43:57.0,2026-01-25T21:21:42.531,"Any[7, 8, 13, 19, 25, 30, 37, 45, 53]",7,53
151,2026-01-23T15:56:06.0,2026-02-01T21:33:51.531,"Any[8, 13, 19, 25, 30, 37, 30, 37, 45, 53]",8,53
1030,2026-01-23T15:56:42.797,2026-02-01T21:34:28.328,"Any[56, 45, 37, 30, 25, 19, 11, 6, 6, 1]",56,6
526,2026-01-23T16:14:24.0,2026-01-25T21:52:09.531,"Any[53, 45, 37, 30, 25, 19, 10]",53,10
615,2026-01-23T16:14:24.0,2026-02-01T21:52:09.531,"Any[53, 45, 37, 30, 25, 19, 10]",53,10
1230,2026-01-23T16:22:38.68,2026-02-01T22:00:24.211,"Any[6, 11, 19, 25, 30, 37, 45, 56]",6,56
167,2026-01-23T16:28:40.0,2026-01-25T22:06:25.531,"Any[53, 45, 37, 30, 25, 19, 10]",53,10
1180,2026-01-23T16:52:25.0,2026-01-25T22:30:10.531,"Any[60, 56, 45, 37, 30, 25, 19]",60,19
667,2026-01-23T17:17:52.0,2026-01-25T22:55:37.531,"Any[10, 19, 25, 30, 37, 45, 53]",10,53
551,2026-01-23T17:20:09.23,2026-02-01T22:57:54.761,"Any[45, 37, 30, 25, 19]",45,19
1168,2026-01-23T17:20:09.23,2026-01-25T22:57:54.761,"Any[45, 37, 30, 25, 19]",45,19
1396,2026-01-23T17:20:09.23,2026-02-01T22:57:54.761,"Any[45, 37, 30, 25, 19]",45,19
1397,2026-01-23T17:20:09.23,2026-02-01T22:57:54.761,"Any[45, 37, 30, 25, 19]",45,19
1404,2026-01-23T17:20:09.23,2026-02-01T22:57:54.761,"Any[45, 37, 30, 25, 19]",45,19
663,2026-01-23T17:40:11.0,2026-01-25T23:17:56.531,"Any[8, 13, 19, 25, 37, 45, 56]",8,56
280,2026-01-23T17:56:31.0,2026-02-01T23:34:16.531,"Any[64, 60, 56, 45, 37, 30, 25]",64,25
571,2026-01-23T17:56:31.0,2026-02-01T23:34:16.531,"Any[64, 60, 56, 45, 37, 30, 25]",64,25
101,2026-01-23T18:14:52.538,2026-02-01T23:52:38.069,"Any[56, 45, 37, 30, 25, 19, 13, 8]",56,8
1087,2026-01-23T18:27:53.0,2026-01-26T00:05:38.531,"Any[60, 56, 45, 37, 30, 25, 19]",60,19
852,2026-01-23T18:50:12.0,2026-02-02T00:27:57.531,"Any[60, 53, 45, 37, 30, 25, 19, 10]",60,10
1184,2026-01-23T18:58:14.0,2026-02-02T00:35:59.531,"Any[19, 25, 30, 37, 45, 53]",19,53
43,2026-01-23T18:59:42.0,2026-02-02T00:37:27.531,"Any[56, 45, 37, 30, 25, 19, 13, 8]",56,8
98,2026-01-23T18:59:42.0,2026-01-26T00:37:27.531,"Any[56, 45, 37, 30, 25, 19, 13, 8]",56,8
37,2026-01-23T19:22:15.0,2026-02-02T01:00:00.531,"Any[8, 13, 19, 25, 30, 37, 45, 56]",8,56
163,2026-01-23T19:43:10.0,2026-01-26T01:20:55.531,"Any[53, 45, 37, 30, 25, 19, 13, 8]",53,8
159,2026-01-23T20:01:06.0,2026-02-02T01:38:51.531,"Any[1, 6, 11, 19, 25, 30, 37, 45, 56]",1,56
583,2026-01-23T20:01:06.0,2026-01-26T01:38:51.531,"Any[1, 6, 11, 19, 25, 30, 37, 45, 56]",1,56
493,2026-01-23T20:03:07.557,2026-02-02T01:40:53.088,"Any[56, 45, 37, 30, 25, 19, 10]",56,10
220,2026-01-23T20:23:19.0,2026-02-02T02:01:04.531,"Any[8, 13, 19, 25, 30, 37, 45, 53]",8,53
1117,2026-01-23T20:38:30.786,2026-02-02T02:16:16.317,"Any[60, 56, 45, 37, 30, 25, 19]",60,19
1260,2026-01-23T20:47:51.0,2026-02-02T02:25:36.531,"Any[10, 19, 25, 30, 37, 45, 53]",10,53
1590,2026-01-23T21:14:14.0,2026-02-02T02:51:59.531,"Any[10, 19, 25, 30, 37, 45, 53]",10,53
1218,2026-01-23T21:26:28.0,2026-02-02T03:04:13.531,"Any[60, 53, 45, 37, 30, 25, 19, 11, 6, 1]",60,1
410,2026-01-23T21:40:08.0,2026-02-02T03:17:53.531,"Any[10, 19, 25, 30, 37, 45, 53]",10,53
922,2026-01-23T21:45:26.0,2026-01-26T03:23:11.531,"Any[1, 6, 11, 16, 25, 30, 37, 45, 56, 60]",1,60
340,2026-01-23T21:51:05.0,2026-02-02T03:28:50.531,"Any[6, 11, 25, 30, 37, 45]",6,45
1004,2026-01-23T21:51:05.0,2026-01-26T03:28:50.531,"Any[6, 11, 25, 30, 37, 45]",6,45
1315,2026-01-23T22:57:00.0,2026-02-02T04:34:45.531,Any[],60,7
320,2026-01-23T23:13:23.0,2026-02-02T04:51:08.531,"Any[56, 45, 37, 30, 25, 19, 11, 6]",56,6
738,2026-01-23T23:13:23.0,2026-02-02T04:51:08.531,"Any[56, 45, 37, 30, 25, 19, 11, 6]",56,6
869,2026-01-23T23:15:08.0,2026-01-26T04:52:53.531,"Any[10, 19, 25, 30, 37, 45, 53]",10,53
827,2026-01-23T23:36:02.0,2026-01-26T05:13:47.531,"Any[1, 6, 11, 19, 23, 28, 36, 44, 54, 60]",1,60
830,2026-01-23T23:39:16.106,2026-01-26T05:17:01.637,"Any[53, 45, 37, 30, 25, 19, 10]",53,10
350,2026-01-24T00:03:03.0,2026-02-02T05:40:48.531,"Any[53, 45, 37, 30, 25, 19, 13, 8]",53,8
582,2026-01-24T00:07:51.718,2026-01-26T05:45:37.249,"Any[6, 11, 19, 25, 30, 37, 45, 56]",6,56
450,2026-01-24T00:11:59.0,2026-02-02T05:49:44.531,"Any[6, 11, 19, 25, 30, 37, 45]",6,45
694,2026-01-24T00:25:49.0,2026-02-02T06:03:34.531,"Any[19, 25, 30, 37, 45, 53]",19,53
52,2026-01-24T00:35:56.0,2026-02-02T06:13:41.531,"Any[8, 13, 19, 25, 30, 37, 45, 56]",8,56
313,2026-01-24T00:48:13.0,2026-02-02T06:25:58.531,"Any[60, 53, 45, 37, 30, 25, 19, 10]",60,10
184,2026-01-24T01:16:58.81,2026-01-26T06:54:44.341,"Any[56, 45, 37, 30, 25, 19, 10, 6]",56,6
861,2026-01-24T01:16:58.81,2026-02-02T06:54:44.341,"Any[56, 45, 37, 30, 25, 19, 10, 6]",56,6
87,2026-01-24T01:21:15.0,2026-01-26T06:59:00.531,"Any[1, 6, 11, 19, 25, 30, 37, 45, 53, 60]",1,60
897,2026-01-24T01:21:15.0,2026-02-02T06:59:00.531,"Any[1, 6, 11, 19, 25, 30, 37, 45, 53, 60]",1,60
1210,2026-01-24T01:34:51.0,2026-01-26T07:12:36.531,"Any[53, 45, 37, 30, 25]",53,25
1280,2026-01-24T03:00:22.0,2026-02-02T08:38:07.531,"Any[64, 60, 53, 45, 37, 30, 25, 19, 11, 6, 1]",64,1
379,2026-01-24T03:52:22.0,2026-01-26T09:30:07.531,"Any[53, 45, 37, 30, 25, 19]",53,19
399,2026-01-24T03:59:42.0,2026-01-26T09:37:27.531,"Any[17, 16, 17, 25, 30, 37, 45, 53]",17,53
709,2026-01-24T04:59:16.0,2026-01-26T10:37:01.531,"Any[60, 56, 45, 37, 30, 25, 19, 11, 6]",60,6
604,2026-01-24T05:04:51.87,2026-02-02T10:42:37.401,"Any[60, 53, 45, 37, 30, 25, 19, 17, 19, 11, 6]",60,6
883,2026-01-24T05:04:51.87,2026-02-02T10:42:37.401,"Any[60, 53, 45, 37, 30, 25, 19, 17, 19, 11, 6]",60,6
808,2026-01-24T05:42:10.842,2026-01-26T11:19:56.373,"Any[16, 25, 30, 37, 45, 56, 60]",16,60
5,2026-01-24T06:41:29.0,2026-02-02T12:19:14.531,"Any[1, 6, 11, 19, 30, 37, 45, 56]",1,56
1165,2026-01-24T06:41:29.0,2026-01-26T12:19:14.531,"Any[1, 6, 11, 19, 30, 37, 45, 56]",1,56
894,2026-01-24T07:18:37.703,2026-01-26T12:56:23.234,"Any[64, 53, 45, 37, 30, 25, 19, 10]",64,10
346,2026-01-24T07:26:58.507,2026-01-26T13:04:44.038,"Any[56, 45, 37, 30, 25, 19, 13, 8]",56,8
577,2026-01-24T07:26:58.507,2026-01-26T13:04:44.038,"Any[56, 45, 37, 30, 25, 19, 13, 8]",56,8
767,2026-01-24T07:26:58.507,2026-01-26T13:04:44.038,"Any[56, 45, 37, 30, 25, 19, 13, 8]",56,8
878,2026-01-24T07:26:58.507,2026-01-26T13:04:44.038,"Any[56, 45, 37, 30, 25, 19, 13, 8]",56,8
1505,2026-01-24T07:50:28.0,2026-01-26T13:28:13.531,"Any[8, 13, 19, 25, 30, 37, 45, 53, 60, 64]",8,64
1506,2026-01-24T07:50:28.0,2026-02-02T13:28:13.531,"Any[8, 13, 19, 25, 30, 37, 45, 53, 60, 64]",8,64
1507,2026-01-24T07:50:28.0,2026-02-02T13:28:13.531,"Any[8, 13, 19, 25, 30, 37, 45, 53, 60, 64]",8,64
1527,2026-01-24T08:00:13.0,2026-02-02T13:37:58.531,"Any[1, 6, 11, 19, 25, 30, 37, 45, 56, 64]",1,64
357,2026-01-24T08:08:13.0,2026-02-02T13:45:58.531,"Any[56, 45, 37, 30, 25, 19, 13, 8]",56,8
15,2026-01-24T08:25:24.0,2026-01-26T14:03:09.531,"Any[10, 19, 25, 30, 37, 45, 53, 60]",10,60
110,2026-01-24T08:38:37.0,2026-01-26T14:16:22.531,"Any[8, 13, 19, 25, 30, 37, 45, 56]",8,56
1091,2026-01-24T08:38:37.0,2026-02-02T14:16:22.531,"Any[8, 13, 19, 25, 30, 37, 45, 56]",8,56
1185,2026-01-24T09:00:36.0,2026-02-02T14:38:21.531,"Any[53, 45, 37, 30, 25, 19, 11, 6, 1]",53,1
990,2026-01-24T09:29:56.0,2026-02-02T15:07:41.531,"Any[64, 53, 45, 37, 30, 25, 19, 13, 8]",64,8
1391,2026-01-24T09:36:00.0,2026-02-02T15:13:45.531,Any[],53,3
520,2026-01-24T09:45:54.0,2026-02-02T15:23:39.531,"Any[10, 19, 25, 30, 37, 45, 53, 60]",10,60
1101,2026-01-24T09:47:56.0,2026-01-26T15:25:41.531,"Any[1, 6, 11, 19, 25, 30, 37, 45, 56]",1,56
712,2026-01-24T10:08:10.0,2026-01-26T15:45:55.531,"Any[1, 6, 11, 19, 25, 30, 37, 45, 53, 60, 64]",1,64
1529,2026-01-24T10:08:10.0,2026-01-26T15:45:55.531,"Any[1, 6, 11, 19, 25, 30, 37, 45, 53, 60, 64]",1,64
1531,2026-01-24T10:08:10.0,2026-01-26T15:45:55.531,"Any[1, 6, 11, 19, 25, 30, 37, 45, 53, 60, 64]",1,64
1045,2026-01-24T10:49:04.0,2026-01-26T16:26:49.531,"Any[8, 13, 19, 25, 30, 37, 45, 56]",8,56
983,2026-01-24T11:11:55.0,2026-02-02T16:49:40.531,"Any[17, 25, 30, 37, 45, 53, 60]",17,60
613,2026-01-24T11:18:38.0,2026-01-26T16:56:23.531,"Any[53, 45, 37, 30, 25, 19, 10]",53,10
816,2026-01-24T11:18:38.0,2026-02-02T16:56:23.531,"Any[53, 45, 37, 30, 25, 19, 10]",53,10
957,2026-01-24T11:30:39.0,2026-01-26T17:08:24.531,"Any[6, 11, 19, 25, 30, 37, 45, 56]",6,56
1321,2026-01-24T11:32:00.0,2026-02-02T17:09:45.531,Any[],60,7
371,2026-01-24T11:32:05.0,2026-02-02T17:09:50.531,"Any[60, 53, 45, 37, 30, 25, 19, 10]",60,10
1024,2026-01-24T11:38:18.0,2026-01-26T17:16:03.531,"Any[8, 13, 19, 25, 30, 37, 45, 56]",8,56
387,2026-01-24T11:55:03.0,2026-01-26T17:32:48.531,"Any[6, 11, 19, 25, 30, 37, 45, 56]",6,56
1068,2026-01-24T11:55:03.0,2026-02-02T17:32:48.531,"Any[6, 11, 19, 25, 30, 37, 45, 56]",6,56
1013,2026-01-24T12:04:48.0,2026-02-02T17:42:33.531,"Any[53, 45, 37, 30, 25, 19, 10]",53,10
1194,2026-01-24T12:06:17.0,2026-02-02T17:44:02.531,"Any[56, 45, 37, 30, 25]",56,25
1313,2026-01-24T12:55:00.0,2026-01-26T18:32:45.531,Any[],60,16
158,2026-01-24T13:20:43.874,2026-02-02T18:58:29.405,"Any[53, 45, 37, 30, 25, 19, 13, 8]",53,8
195,2026-01-24T13:21:28.0,2026-01-26T18:59:13.531,"Any[8, 13, 19, 25, 30, 37, 45, 53]",8,53
926,2026-01-24T13:50:47.0,2026-02-02T19:28:32.531,"Any[7, 8, 13, 19, 25, 30, 37, 45, 53, 60]",7,60
62,2026-01-24T14:10:14.0,2026-02-02T19:47:59.531,"Any[56, 45, 37, 30, 25, 19, 11, 6, 1]",56,1
417,2026-01-24T14:19:06.0,2026-02-02T19:56:51.531,"Any[53, 45, 37, 30, 25, 19, 13, 8]",53,8
851,2026-01-24T14:23:44.888,2026-01-26T20:01:30.419,"Any[19, 25, 30, 37, 45, 56]",19,56
356,2026-01-24T14:59:47.0,2026-01-26T20:37:32.531,"Any[60, 53, 45, 37, 30, 25, 19, 13, 8]",60,8
465,2026-01-24T14:59:47.0,2026-02-02T20:37:32.531,"Any[60, 53, 45, 37, 30, 25, 19, 13, 8]",60,8
176,2026-01-24T15:04:16.0,2026-02-02T20:42:01.531,"Any[19, 25, 30, 37, 45, 53]",19,53
1319,2026-01-24T15:08:00.0,2026-01-26T20:45:45.531,Any[],60,7
123,2026-01-24T15:08:57.0,2026-02-02T20:46:42.531,"Any[56, 45, 37, 30, 25, 19, 13, 8]",56,8
298,2026-01-24T15:08:57.0,2026-02-02T20:46:42.531,"Any[56, 45, 37, 30, 25, 19, 13, 8]",56,8
770,2026-01-24T15:08:57.0,2026-01-26T20:46:42.531,"Any[56, 45, 37, 30, 25, 19, 13, 8]",56,8
572,2026-01-24T15:11:23.329,2026-01-26T20:49:08.86,"Any[45, 37, 30, 25, 19, 13, 8]",45,8
448,2026-01-24T15:11:50.0,2026-02-02T20:49:35.531,"Any[10, 19, 25, 30, 37, 45, 53]",10,53
266,2026-01-24T15:28:00.539,2026-02-02T21:05:46.07,"Any[1, 6, 11, 16, 25, 30, 37, 45, 56]",1,56
1114,2026-01-24T15:35:15.0,2026-02-02T21:13:00.531,"Any[6, 11, 19, 25, 30, 37, 45]",6,45
786,2026-01-24T16:14:11.0,2026-01-26T21:51:56.531,"Any[6, 11, 19, 25, 30, 37, 45]",6,45
557,2026-01-24T16:15:39.0,2026-01-26T21:53:24.531,"Any[6, 11, 19, 25, 30, 37, 45]",6,45
1392,2026-01-24T16:46:00.0,2026-02-02T22:23:45.531,Any[],53,3
127,2026-01-24T16:49:48.0,2026-01-26T22:27:33.531,"Any[56, 45, 37, 30, 25, 19, 11, 6, 1]",56,1
910,2026-01-24T16:49:48.0,2026-02-02T22:27:33.531,"Any[56, 45, 37, 30, 25, 19, 11, 6, 1]",56,1
886,2026-01-24T17:19:05.0,2026-01-26T22:56:50.531,"Any[7, 8, 13, 19, 25, 30, 37, 45, 53]",7,53
1073,2026-01-24T17:29:18.0,2026-01-26T23:07:03.531,"Any[56, 45, 37, 30, 25]",56,25
562,2026-01-24T17:43:12.303,2026-01-26T23:20:57.834,"Any[60, 56, 45, 37, 30, 25, 19]",60,19
1327,2026-01-24T18:01:46.0,2026-02-02T23:39:31.531,"Any[56, 45, 37, 30, 25, 19]",56,19
235,2026-01-24T18:10:30.547,2026-02-02T23:48:16.078,"Any[19, 25, 30, 37, 45, 56]",19,56
44,2026-01-24T18:22:32.0,2026-02-03T00:00:17.531,"Any[56, 45, 37, 30, 25, 19]",56,19
121,2026-01-24T18:22:32.0,2026-01-27T00:00:17.531,"Any[56, 45, 37, 30, 25, 19]",56,19
333,2026-01-24T18:22:32.0,2026-01-27T00:00:17.531,"Any[56, 45, 37, 30, 25, 19]",56,19
430,2026-01-24T18:22:32.0,2026-02-03T00:00:17.531,"Any[56, 45, 37, 30, 25, 19]",56,19
193,2026-01-24T18:35:00.0,2026-02-03T00:12:45.531,"Any[56, 45, 37, 30, 25, 19]",56,19
607,2026-01-24T18:35:00.0,2026-01-27T00:12:45.531,"Any[56, 45, 37, 30, 25, 19]",56,19
859,2026-01-24T18:35:00.0,2026-01-27T00:12:45.531,"Any[56, 45, 37, 30, 25, 19]",56,19
1330,2026-01-24T18:35:00.0,2026-01-27T00:12:45.531,"Any[56, 45, 37, 30, 25, 19]",56,19
1370,2026-01-24T18:35:00.0,2026-02-03T00:12:45.531,Any[],53,17
404,2026-01-24T18:35:31.0,2026-01-27T00:13:16.531,"Any[60, 53, 45, 37, 30, 25, 19, 10]",60,10
722,2026-01-24T18:35:31.0,2026-01-27T00:13:16.531,"Any[60, 53, 45, 37, 30, 25, 19, 10]",60,10
514,2026-01-24T18:43:38.0,2026-01-27T00:21:23.531,"Any[56, 45, 37, 30, 25]",56,25
656,2026-01-24T18:43:38.0,2026-01-27T00:21:23.531,"Any[56, 45, 37, 30, 25]",56,25
113,2026-01-24T19:01:16.862,2026-01-27T00:39:02.393,"Any[53, 45, 37, 30, 25, 19, 10]",53,10
278,2026-01-24T19:19:52.0,2026-01-27T00:57:37.531,"Any[13, 19, 25, 30, 37, 45, 56]",13,56
1167,2026-01-24T19:48:50.0,2026-01-27T01:26:35.531,"Any[53, 45, 37, 30, 25, 19, 11, 6, 1]",53,1
152,2026-01-24T19:57:20.0,2026-01-27T01:35:05.531,"Any[53, 45, 37, 30, 25, 19, 10]",53,10
122,2026-01-24T20:01:33.854,2026-01-27T01:39:19.385,"Any[56, 45, 37, 30, 25, 19, 10]",56,10
1304,2026-01-24T20:05:13.0,2026-01-27T01:42:58.531,"Any[53, 45, 37, 30, 25, 19, 13, 8]",53,8
339,2026-01-24T20:13:01.0,2026-02-03T01:50:46.531,"Any[53, 45, 37, 30, 25, 19, 13, 8]",53,8
481,2026-01-24T20:13:01.0,2026-01-27T01:50:46.531,"Any[53, 45, 37, 30, 25, 19, 13, 8]",53,8
1257,2026-01-24T20:14:27.0,2026-02-03T01:52:12.531,"Any[10, 19, 25, 30, 37, 45, 53]",10,53
498,2026-01-24T20:15:36.0,2026-02-03T01:53:21.531,"Any[60, 54, 44, 36, 31, 27, 21, 9]",60,9
761,2026-01-24T20:16:56.488,2026-02-03T01:54:42.019,"Any[10, 19, 25, 30, 37, 45, 53]",10,53
173,2026-01-24T20:22:10.0,2026-01-27T01:59:55.531,"Any[6, 11, 19, 25, 30, 37, 45, 56, 60]",6,60
407,2026-01-24T20:22:10.0,2026-01-27T01:59:55.531,"Any[6, 11, 19, 25, 30, 37, 45, 56, 60]",6,60
1560,2026-01-24T20:31:00.0,2026-02-03T02:08:45.531,Any[],10,64
1186,2026-01-24T20:31:48.0,2026-01-27T02:09:33.531,"Any[1, 6, 11, 19, 25, 30, 37, 45, 56]",1,56
574,2026-01-24T20:43:42.0,2026-01-27T02:21:27.531,"Any[10, 19, 25, 30, 37, 45, 53]",10,53
319,2026-01-24T20:48:21.0,2026-01-27T02:26:06.531,"Any[1, 6, 11, 19, 25, 30, 37, 45, 56]",1,56
644,2026-01-24T21:05:46.386,2026-02-03T02:43:31.917,"Any[60, 56, 45, 37, 30, 25, 19, 11, 6]",60,6
1295,2026-01-24T21:05:46.386,2026-02-03T02:43:31.917,"Any[60, 56, 45, 37, 30, 25, 19, 11, 6]",60,6
145,2026-01-24T21:19:51.0,2026-02-03T02:57:36.531,"Any[8, 13, 19, 25, 30, 37, 45, 53]",8,53
521,2026-01-24T21:32:37.0,2026-01-27T03:10:22.531,"Any[53, 45, 37, 30, 25, 19, 10]",53,10
576,2026-01-24T22:00:58.0,2026-02-03T03:38:43.531,"Any[10, 11, 19, 25, 30, 37, 45, 53]",10,53
33,2026-01-24T22:02:50.0,2026-02-03T03:40:35.531,"Any[10, 19, 25, 30, 37, 45, 53, 60]",10,60
1127,2026-01-24T22:06:55.0,2026-01-27T03:44:40.531,"Any[10, 19, 25, 30, 37, 45, 53]",10,53
1064,2026-01-24T22:30:00.0,2026-02-03T04:07:45.531,"Any[1, 6, 11, 19, 25, 30, 37, 45, 53, 60]",1,60
1553,2026-01-24T22:40:00.0,2026-02-03T04:17:45.531,Any[],6,54
1084,2026-01-24T22:44:19.0,2026-01-27T04:22:04.531,"Any[7, 8, 13, 19, 25, 30, 37, 45, 53]",7,53
361,2026-01-24T23:07:37.0,2026-01-27T04:45:22.531,"Any[25, 30, 37, 45, 56]",25,56
823,2026-01-24T23:07:37.0,2026-01-27T04:45:22.531,"Any[25, 30, 37, 45, 56]",25,56
792,2026-01-24T23:23:00.0,2026-02-03T05:00:45.531,"Any[8, 13, 19, 25, 30, 25, 30, 37, 45, 53]",8,53
279,2026-01-24T23:30:35.0,2026-01-27T05:08:20.531,"Any[25, 30, 37, 45, 56]",25,56
648,2026-01-24T23:49:41.633,2026-01-27T05:27:27.164,"Any[19, 25, 30, 37, 45, 56]",19,56
1243,2026-01-25T00:00:33.0,2026-02-03T05:38:18.531,"Any[53, 45, 37, 30, 25, 19, 10]",53,10
1244,2026-01-25T00:00:33.0,2026-02-03T05:38:18.531,"Any[53, 45, 37, 30, 25, 19, 10]",53,10
434,2026-01-25T00:14:33.0,2026-02-03T05:52:18.531,"Any[53, 45, 37, 30, 25, 19, 13, 8]",53,8
1546,2026-01-25T00:38:00.0,2026-02-03T06:15:45.531,Any[],6,64
707,2026-01-25T00:43:18.0,2026-01-27T06:21:03.531,"Any[10, 19, 25, 30, 37, 45, 53]",10,53
987,2026-01-25T01:51:53.124,2026-01-27T07:29:38.655,"Any[64, 60, 53, 45, 37, 30, 25, 19, 10]",64,10
1203,2026-01-25T01:51:53.124,2026-02-03T07:29:38.655,"Any[64, 60, 53, 45, 37, 30, 25, 19, 10]",64,10
335,2026-01-25T01:58:30.0,2026-01-27T07:36:15.531,"Any[53, 45, 37, 30, 25, 19, 11, 6, 1]",53,1
133,2026-01-25T02:00:09.515,2026-01-27T07:37:55.046,"Any[53, 45, 37, 30, 25, 19, 11, 6]",53,6
970,2026-01-25T02:00:09.515,2026-01-27T07:37:55.046,"Any[53, 45, 37, 30, 25, 19, 11, 6]",53,6
884,2026-01-25T02:03:23.0,2026-02-03T07:41:08.531,"Any[8, 13, 19, 25, 30, 37, 45, 53]",8,53
1074,2026-01-25T02:03:23.0,2026-01-27T07:41:08.531,"Any[8, 13, 19, 25, 30, 37, 45, 53]",8,53
840,2026-01-25T02:19:33.0,2026-02-03T07:57:18.531,"Any[64, 60, 53, 45, 37, 30, 25, 19, 13, 8]",64,8
596,2026-01-25T03:23:06.0,2026-02-03T09:00:51.531,"Any[60, 56, 45, 37, 30, 25, 19, 11, 6]",60,6
930,2026-01-25T04:40:05.0,2026-02-03T10:17:50.531,"Any[53, 45, 37, 30, 25, 19, 11, 6, 1]",53,1
238,2026-01-25T04:41:05.748,2026-01-27T10:18:51.279,"Any[60, 53, 45, 37, 30, 25, 19, 11, 6]",60,6
93,2026-01-25T04:59:51.0,2026-01-27T10:37:36.531,"Any[64, 60, 53, 45, 37, 30, 25, 19, 10]",64,10
589,2026-01-25T05:13:47.0,2026-01-27T10:51:32.531,"Any[64, 60, 53, 45, 37, 30, 25, 19, 11, 6, 1]",64,1
1112,2026-01-25T05:39:54.0,2026-02-03T11:17:39.531,"Any[56, 45, 37, 30, 25]",56,25
175,2026-01-25T05:47:39.0,2026-01-27T11:25:24.531,"Any[3, 10, 19, 25, 30, 37, 45, 53]",3,53
230,2026-01-25T05:47:39.0,2026-02-03T11:25:24.531,"Any[3, 10, 19, 25, 30, 37, 45, 53]",3,53
245,2026-01-25T06:10:14.0,2026-02-03T11:47:59.531,"Any[17, 16, 17, 25, 30, 37, 45, 53, 60]",17,60
1293,2026-01-25T07:20:06.0,2026-01-27T12:57:51.531,"Any[60, 53, 45, 37, 30, 25, 19, 11, 6, 1]",60,1
505,2026-01-25T07:45:44.0,2026-02-03T13:23:29.531,"Any[53, 45, 37, 30, 25, 19, 13, 8]",53,8
219,2026-01-25T07:55:19.0,2026-02-03T13:33:04.531,"Any[45, 37, 30, 25]",45,25
595,2026-01-25T07:55:19.0,2026-02-03T13:33:04.531,"Any[45, 37, 30, 25]",45,25
500,2026-01-25T08:06:20.0,2026-01-27T13:44:05.531,"Any[7, 8, 13, 19, 25, 30, 37, 45, 53]",7,53
308,2026-01-25T08:10:34.0,2026-02-03T13:48:19.531,"Any[53, 45, 37, 30, 25, 19, 13, 8]",53,8
258,2026-01-25T08:11:09.0,2026-02-03T13:48:54.531,"Any[60, 56, 45, 37, 30, 25, 19, 11, 6, 1]",60,1
6,2026-01-25T08:16:07.0,2026-01-27T13:53:52.531,"Any[53, 45, 37, 30, 25, 19, 13, 8]",53,8
1273,2026-01-25T08:20:17.0,2026-02-03T13:58:02.531,"Any[53, 45, 37, 30, 25, 19, 10]",53,10
1076,2026-01-25T09:31:39.0,2026-02-03T15:09:24.531,"Any[25, 30, 37, 45, 53]",25,53
1471,2026-01-25T09:31:39.0,2026-02-03T15:09:24.531,"Any[25, 30, 37, 45, 53]",25,53
1229,2026-01-25T09:47:21.0,2026-01-27T15:25:06.531,"Any[64, 60, 53, 45, 37, 30, 25, 19, 11, 6, 1]",64,1
1094,2026-01-25T10:02:54.353,2026-01-27T15:40:39.884,"Any[1, 6, 11, 19, 30, 37, 45, 56]",1,56
1290,2026-01-25T10:30:18.485,2026-02-03T16:08:04.016,"Any[64, 60, 56, 45, 37, 30, 25, 19, 11, 6, 1]",64,1
265,2026-01-25T10:43:13.0,2026-01-27T16:20:58.531,"Any[10, 19, 25, 30, 37, 45, 53]",10,53
1466,2026-01-25T10:51:46.637,2026-02-03T16:29:32.168,"Any[25, 30, 37, 45, 56, 60]",25,60
1119,2026-01-25T11:45:41.0,2026-01-27T17:23:26.531,"Any[53, 45, 37, 30, 25, 19, 13, 8]",53,8
1151,2026-01-25T12:11:25.0,2026-02-03T17:49:10.531,"Any[56, 45, 37, 30, 25, 19, 13, 8]",56,8
86,2026-01-25T12:59:31.0,2026-02-03T18:37:16.531,"Any[3, 10, 19, 25, 30, 37, 45, 53]",3,53
1211,2026-01-25T13:23:19.0,2026-02-03T19:01:04.531,"Any[54, 44, 36, 23, 19, 11, 6, 6]",54,6
594,2026-01-25T13:43:04.0,2026-02-03T19:20:49.531,"Any[53, 45, 37, 30, 25]",53,25
536,2026-01-25T13:59:18.0,2026-02-03T19:37:03.531,"Any[19, 25, 30, 37, 45, 53, 60]",19,60
856,2026-01-25T13:59:18.0,2026-02-03T19:37:03.531,"Any[19, 25, 30, 37, 45, 53, 60]",19,60
437,2026-01-25T14:03:05.0,2026-01-27T19:40:50.531,"Any[8, 13, 19, 25, 30, 37, 45]",8,45
414,2026-01-25T14:10:52.0,2026-01-27T19:48:37.531,"Any[25, 30, 37, 45]",25,45
954,2026-01-25T14:10:52.0,2026-01-27T19:48:37.531,"Any[25, 30, 37, 45]",25,45
26,2026-01-25T14:39:47.0,2026-01-27T20:17:32.531,"Any[53, 45, 37, 30, 25, 19, 11, 6]",53,6
744,2026-01-25T14:39:47.0,2026-01-27T20:17:32.531,"Any[53, 45, 37, 30, 25, 19, 11, 6]",53,6
185,2026-01-25T15:27:47.108,2026-02-03T21:05:32.639,"Any[60, 56, 45, 37, 30, 25, 19]",60,19
1242,2026-01-25T16:13:08.0,2026-01-27T21:50:53.531,"Any[6, 11, 19, 30, 37, 45, 56]",6,56
489,2026-01-25T16:58:40.0,2026-01-27T22:36:25.531,"Any[53, 45, 37, 30, 25, 19, 10]",53,10
1312,2026-01-25T17:24:00.0,2026-02-03T23:01:45.531,Any[],60,16
126,2026-01-25T17:34:15.0,2026-02-03T23:12:00.531,"Any[7, 8, 13, 19, 25, 30, 37, 45, 53]",7,53
1411,2026-01-25T17:37:00.0,2026-01-27T23:14:45.531,Any[],45,7
354,2026-01-25T17:45:33.0,2026-02-03T23:23:18.531,"Any[60, 56, 45, 37, 30, 25, 19, 11, 6]",60,6
263,2026-01-25T17:54:05.0,2026-01-27T23:31:50.531,"Any[8, 13, 19, 25, 30, 37, 45, 53]",8,53
141,2026-01-25T18:44:26.917,2026-01-28T00:22:12.448,"Any[1, 6, 11, 19, 25, 30, 37, 45, 56]",1,56
1600,2026-01-25T19:07:22.0,2026-02-04T00:45:07.531,"Any[10, 19, 30, 37, 45, 53]",10,53
17,2026-01-25T20:05:02.0,2026-01-28T01:42:47.531,"Any[10, 19, 25, 30, 37, 45, 53]",10,53
227,2026-01-25T20:22:38.0,2026-02-04T02:00:23.531,"Any[5, 6, 11, 25, 30, 37, 45]",5,45
1263,2026-01-25T20:24:48.0,2026-02-04T02:02:33.531,"Any[8, 13, 19, 25, 30, 37, 45, 53]",8,53
773,2026-01-25T20:47:07.0,2026-02-04T02:24:52.531,"Any[56, 45, 37, 30, 25]",56,25
649,2026-01-25T20:57:25.0,2026-01-28T02:35:10.531,"Any[53, 45, 37, 30, 25]",53,25
1213,2026-01-25T20:57:25.0,2026-02-04T02:35:10.531,"Any[53, 45, 37, 30, 25]",53,25
1107,2026-01-25T21:02:52.0,2026-02-04T02:40:37.531,"Any[7, 8, 13, 19, 25, 30, 37, 45, 53]",7,53
561,2026-01-25T21:41:16.0,2026-01-28T03:19:01.531,"Any[53, 45, 37, 25, 19, 13, 8]",53,8
182,2026-01-25T22:10:31.509,2026-01-28T03:48:17.04,"Any[53, 45, 37, 30, 25, 19, 10]",53,10
295,2026-01-25T22:10:31.509,2026-02-04T03:48:17.04,"Any[53, 45, 37, 30, 25, 19, 10]",53,10
115,2026-01-25T22:18:35.952,2026-01-28T03:56:21.483,"Any[60, 56, 45, 37, 30, 25, 19, 11, 6]",60,6
1166,2026-01-25T22:22:29.752,2026-02-04T04:00:15.283,"Any[60, 56, 45, 37, 30, 25, 19, 13, 8]",60,8
241,2026-01-25T23:02:14.0,2026-02-04T04:39:59.531,"Any[53, 45, 37, 30, 25, 19, 10]",53,10
544,2026-01-25T23:08:02.0,2026-01-28T04:45:47.531,"Any[8, 13, 19, 25, 30, 37, 45, 56]",8,56
200,2026-01-25T23:34:15.0,2026-01-28T05:12:00.531,"Any[56, 45, 37, 30, 25, 19, 11, 6]",56,6
20,2026-01-25T23:38:19.0,2026-02-04T05:16:04.531,"Any[8, 13, 19, 25, 30, 37, 45, 56]",8,56
795,2026-01-25T23:59:43.0,2026-01-28T05:37:28.531,"Any[53, 45, 37, 30, 25, 19, 10]",53,10
218,2026-01-26T00:00:53.0,2026-01-28T05:38:38.531,"Any[7, 8, 13, 19, 25, 30, 37, 45, 53, 60]",7,60
353,2026-01-26T00:00:53.0,2026-01-21T05:38:38.531,"Any[7, 8, 13, 19, 25, 30, 37, 45, 53, 60]",7,60
916,2026-01-26T00:17:12.0,2026-01-21T05:54:57.531,"Any[1, 6, 11, 19, 25, 30, 37, 45, 53, 60]",1,60
1446,2026-01-26T00:21:33.0,2026-01-21T05:59:18.531,"Any[25, 30, 37, 45, 53, 60]",25,60
1465,2026-01-26T00:21:33.0,2026-01-21T05:59:18.531,"Any[25, 30, 37, 45, 53, 60]",25,60
236,2026-01-26T00:55:57.0,2026-01-28T06:33:42.531,"Any[53, 45, 37, 30, 25, 19, 11, 6, 1]",53,1
488,2026-01-26T01:25:26.0,2026-01-21T07:03:11.531,"Any[17, 19, 17, 25, 30, 37, 45, 53]",17,53
1302,2026-01-26T01:25:26.0,2026-01-28T07:03:11.531,"Any[17, 19, 17, 25, 30, 37, 45, 53]",17,53
307,2026-01-26T03:13:34.0,2026-01-21T08:51:19.531,"Any[64, 60, 53, 45, 37, 30, 25, 19, 10]",64,10
1110,2026-01-26T04:24:57.0,2026-01-28T10:02:42.531,"Any[53, 45, 37, 30, 25, 19, 11, 6, 1]",53,1
1381,2026-01-26T05:07:00.0,2026-01-21T10:44:45.531,Any[],53,7
741,2026-01-26T05:54:32.0,2026-01-28T11:32:17.531,"Any[53, 45, 37, 30, 25]",53,25
964,2026-01-26T05:54:32.0,2026-01-28T11:32:17.531,"Any[53, 45, 37, 30, 25]",53,25
1283,2026-01-26T05:54:32.0,2026-01-28T11:32:17.531,"Any[53, 45, 37, 30, 25]",53,25
797,2026-01-26T06:52:55.0,2026-01-21T12:30:40.531,"Any[56, 45, 37, 30, 25, 19]",56,19
1334,2026-01-26T06:52:55.0,2026-01-28T12:30:40.531,"Any[56, 45, 37, 30, 25, 19]",56,19
1340,2026-01-26T06:52:55.0,2026-01-21T12:30:40.531,"Any[56, 45, 37, 30, 25, 19]",56,19
1139,2026-01-26T07:18:59.0,2026-01-21T12:56:44.531,"Any[8, 13, 19, 25, 30, 37, 45, 56]",8,56
1482,2026-01-26T07:55:26.0,2026-01-28T13:33:11.531,"Any[25, 30, 37, 45, 53]",25,53
1489,2026-01-26T07:55:26.0,2026-01-28T13:33:11.531,"Any[25, 30, 37, 45, 53]",25,53
1491,2026-01-26T07:55:26.0,2026-01-21T13:33:11.531,"Any[25, 30, 37, 45, 53]",25,53
646,2026-01-26T08:30:49.466,2026-01-28T14:08:34.997,"Any[13, 19, 25, 30, 37, 45, 53]",13,53
847,2026-01-26T08:31:42.0,2026-01-28T14:09:27.531,"Any[8, 13, 19, 25, 30, 37, 45, 56]",8,56
953,2026-01-26T08:31:42.0,2026-01-28T14:09:27.531,"Any[8, 13, 19, 25, 30, 37, 45, 56]",8,56
969,2026-01-26T08:43:10.0,2026-01-21T14:20:55.531,"Any[53, 45, 37, 30, 25, 19, 10]",53,10
944,2026-01-26T08:49:10.0,2026-01-21T14:26:55.531,"Any[1, 6, 11, 19, 25, 30, 37, 45, 53, 60]",1,60
1204,2026-01-26T08:49:10.0,2026-01-21T14:26:55.531,"Any[1, 6, 11, 19, 25, 30, 37, 45, 53, 60]",1,60
1562,2026-01-26T09:30:00.0,2026-01-28T15:07:45.531,Any[],10,64
1406,2026-01-26T10:19:00.0,2026-01-21T15:56:45.531,Any[],45,17
1544,2026-01-26T11:04:00.0,2026-01-28T16:41:45.531,Any[],6,64
90,2026-01-26T11:12:41.0,2026-01-21T16:50:26.531,"Any[6, 11, 19, 25, 30, 37, 45, 53]",6,53
995,2026-01-26T11:12:41.0,2026-01-28T16:50:26.531,"Any[6, 11, 19, 25, 30, 37, 45, 53]",6,53
1052,2026-01-26T11:12:41.0,2026-01-21T16:50:26.531,"Any[6, 11, 19, 25, 30, 37, 45, 53]",6,53
1551,2026-01-26T12:44:00.0,2026-01-21T18:21:45.531,Any[],6,64
491,2026-01-26T12:52:33.0,2026-01-21T18:30:18.531,"Any[10, 19, 25, 30, 37, 45, 56]",10,56
522,2026-01-26T12:52:33.0,2026-01-28T18:30:18.531,"Any[10, 19, 25, 30, 37, 45, 56]",10,56
376,2026-01-26T13:09:54.0,2026-01-21T18:47:39.531,"Any[56, 45, 37, 30, 25, 19, 13, 8]",56,8
875,2026-01-26T13:09:54.0,2026-01-28T18:47:39.531,"Any[56, 45, 37, 30, 25, 19, 13, 8]",56,8
66,2026-01-26T13:17:34.0,2026-01-21T18:55:19.531,"Any[19, 25, 30, 37, 30, 37, 45, 53, 60, 64]",19,64
1053,2026-01-26T13:31:43.0,2026-01-28T19:09:28.531,"Any[6, 11, 19, 25, 30, 37, 45, 53]",6,53
1441,2026-01-26T14:08:04.0,2026-01-21T19:45:49.531,"Any[25, 30, 37, 45, 53, 60]",25,60
1444,2026-01-26T14:08:04.0,2026-01-21T19:45:49.531,"Any[25, 30, 37, 45, 53, 60]",25,60
1445,2026-01-26T14:08:04.0,2026-01-21T19:45:49.531,"Any[25, 30, 37, 45, 53, 60]",25,60
125,2026-01-26T15:20:58.0,2026-01-28T20:58:43.531,"Any[56, 45, 37, 30, 25, 19, 13, 8]",56,8
563,2026-01-26T15:45:17.0,2026-01-21T21:23:02.531,"Any[1, 6, 11, 19, 25, 30, 37, 45, 53]",1,53
1540,2026-01-26T15:45:17.0,2026-01-28T21:23:02.531,"Any[1, 6, 11, 19, 25, 30, 37, 45, 53]",1,53
10,2026-01-26T15:49:40.0,2026-01-21T21:27:25.531,"Any[45, 37, 30, 25]",45,25
479,2026-01-26T16:06:20.0,2026-01-28T21:44:05.531,"Any[56, 45, 37, 30, 25]",56,25
100,2026-01-26T16:16:10.0,2026-01-21T21:53:55.531,"Any[19, 25, 30, 37, 45, 53]",19,53
1208,2026-01-26T16:16:10.0,2026-01-21T21:53:55.531,"Any[19, 25, 30, 37, 45, 53]",19,53
160,2026-01-26T16:41:49.0,2026-01-21T22:19:34.531,"Any[60, 53, 45, 37, 30, 25, 19, 11, 6, 6]",60,6
1082,2026-01-26T16:42:08.0,2026-01-21T22:19:53.531,"Any[60, 53, 45, 37, 30, 25, 19, 13, 8]",60,8
206,2026-01-26T16:43:13.0,2026-01-28T22:20:58.531,"Any[60, 56, 45, 37, 30, 25, 19, 17, 19, 11, 6]",60,6
1429,2026-01-26T16:43:27.0,2026-01-28T22:21:12.531,"Any[25, 30, 37, 45, 56, 60, 64]",25,64
1241,2026-01-26T16:44:42.0,2026-01-28T22:22:27.531,"Any[56, 45, 37, 30, 25, 19, 11, 6]",56,6
691,2026-01-26T17:04:03.0,2026-01-21T22:41:48.531,"Any[56, 45, 37, 30, 25, 19, 13, 8]",56,8
1451,2026-01-26T17:14:15.0,2026-01-21T22:52:00.531,"Any[25, 30, 37, 45, 53, 60]",25,60
1452,2026-01-26T17:14:15.0,2026-01-21T22:52:00.531,"Any[25, 30, 37, 45, 53, 60]",25,60
1473,2026-01-26T17:32:31.451,2026-01-28T23:10:16.982,"Any[25, 30, 37, 45, 53]",25,53
131,2026-01-26T17:43:09.0,2026-01-21T23:20:54.531,"Any[56, 45, 37, 30, 25]",56,25
198,2026-01-26T18:11:14.0,2026-01-28T23:48:59.531,"Any[8, 13, 19, 25, 30, 37, 45, 53]",8,53
546,2026-01-26T18:22:31.343,2026-01-22T00:00:16.874,"Any[53, 45, 37, 30, 25, 19, 13, 8]",53,8
927,2026-01-26T18:22:31.343,2026-01-29T00:00:16.874,"Any[53, 45, 37, 30, 25, 19, 13, 8]",53,8
1236,2026-01-26T18:22:31.343,2026-01-22T00:00:16.874,"Any[53, 45, 37, 30, 25, 19, 13, 8]",53,8
757,2026-01-26T18:32:15.0,2026-01-22T00:10:00.531,"Any[19, 25, 30, 37, 45, 56, 60, 60, 64]",19,60
945,2026-01-26T18:55:12.685,2026-01-22T00:32:58.216,"Any[56, 45, 37, 30, 25, 19, 13, 8]",56,8
440,2026-01-26T18:55:59.057,2026-01-22T00:33:44.588,"Any[8, 13, 19, 25, 37, 45, 56, 60]",8,60
1509,2026-01-26T18:55:59.057,2026-01-29T00:33:44.588,"Any[8, 13, 19, 25, 37, 45, 56, 60]",8,60
1514,2026-01-26T18:55:59.057,2026-01-29T00:33:44.588,"Any[8, 13, 19, 25, 37, 45, 56, 60]",8,60
1069,2026-01-26T19:14:57.0,2026-01-29T00:52:42.531,"Any[1, 6, 11, 25, 30, 37, 45, 53]",1,53
73,2026-01-26T19:26:54.0,2026-01-22T01:04:39.531,"Any[1, 6, 11, 19, 25, 30, 37, 45, 53]",1,53
492,2026-01-26T19:56:58.0,2026-01-22T01:34:43.531,"Any[56, 45, 37, 30, 25]",56,25
1133,2026-01-26T19:58:20.394,2026-01-22T01:36:05.925,"Any[60, 56, 45, 37, 30, 25, 19, 11, 6]",60,6
312,2026-01-26T20:03:13.279,2026-01-29T01:40:58.81,"Any[10, 19, 25, 30, 37, 45, 53]",10,53
1599,2026-01-26T20:03:13.279,2026-01-29T01:40:58.81,"Any[10, 19, 25, 30, 37, 45, 53]",10,53
1387,2026-01-26T20:06:00.0,2026-01-29T01:43:45.531,Any[],53,7
1300,2026-01-26T20:08:37.764,2026-01-29T01:46:23.295,"Any[54, 44, 36, 23, 19, 13, 8]",54,8
1305,2026-01-26T20:10:49.0,2026-01-29T01:48:34.531,"Any[53, 45, 37, 30, 25, 19, 10]",53,10
555,2026-01-26T20:10:53.0,2026-01-29T01:48:38.531,"Any[45, 37, 30, 25, 19, 10]",45,10
624,2026-01-26T20:10:53.0,2026-01-22T01:48:38.531,"Any[45, 37, 30, 25, 19, 10]",45,10
1109,2026-01-26T20:10:53.0,2026-01-22T01:48:38.531,"Any[45, 37, 30, 25, 19, 10]",45,10
321,2026-01-26T20:14:13.0,2026-01-22T01:51:58.531,"Any[53, 45, 37, 30, 25, 19, 13, 8]",53,8
862,2026-01-26T20:14:13.0,2026-01-22T01:51:58.531,"Any[53, 45, 37, 30, 25, 19, 13, 8]",53,8
963,2026-01-26T20:14:13.0,2026-01-29T01:51:58.531,"Any[53, 45, 37, 30, 25, 19, 13, 8]",53,8
12,2026-01-26T20:20:55.0,2026-01-22T01:58:40.531,"Any[53, 45, 37, 30, 25, 19, 10]",53,10
253,2026-01-26T20:25:53.0,2026-01-29T02:03:38.531,"Any[53, 45, 37, 30, 25, 19, 10]",53,10
782,2026-01-26T20:41:14.074,2026-01-22T02:18:59.605,"Any[56, 45, 37, 30, 25, 19, 11, 6]",56,6
1496,2026-01-26T20:58:00.0,2026-01-22T02:35:45.531,Any[],20,62
146,2026-01-26T21:15:58.0,2026-01-29T02:53:43.531,"Any[8, 13, 19, 25, 30, 37, 45, 56]",8,56
1103,2026-01-26T21:20:53.0,2026-01-29T02:58:38.531,"Any[10, 19, 25, 30, 37, 45, 53, 60]",10,60
692,2026-01-26T21:28:47.0,2026-01-22T03:06:32.531,"Any[6, 11, 19, 25, 30, 37, 45]",6,45
337,2026-01-26T21:33:41.0,2026-01-22T03:11:26.531,"Any[10, 19, 25, 30, 37, 45, 53, 60]",10,60
42,2026-01-26T21:40:58.0,2026-01-22T03:18:43.531,"Any[60, 53, 45, 37, 30, 25, 11, 6, 1]",60,1
1141,2026-01-26T21:47:04.0,2026-01-22T03:24:49.531,"Any[7, 8, 13, 19, 30, 37, 45, 53, 60]",7,60
166,2026-01-26T22:16:07.0,2026-01-29T03:53:52.531,"Any[45, 37, 30, 25, 19, 10]",45,10
283,2026-01-26T23:04:16.0,2026-01-22T04:42:01.531,"Any[8, 13, 19, 25, 30, 37, 45, 53]",8,53
1033,2026-01-26T23:04:16.0,2026-01-22T04:42:01.531,"Any[8, 13, 19, 25, 30, 37, 45, 53]",8,53
701,2026-01-26T23:09:32.399,2026-01-29T04:47:17.93,"Any[8, 13, 19, 25, 30, 37, 45, 56]",8,56
790,2026-01-26T23:09:32.399,2026-01-29T04:47:17.93,"Any[8, 13, 19, 25, 30, 37, 45, 56]",8,56
1228,2026-01-26T23:16:18.0,2026-01-22T04:54:03.531,"Any[10, 19, 25, 30, 37, 45, 53]",10,53
832,2026-01-26T23:52:49.0,2026-01-29T05:30:34.531,"Any[53, 45, 37, 30, 25, 19, 13, 8]",53,8
1572,2026-01-26T23:54:00.0,2026-01-29T05:31:45.531,Any[],10,64
523,2026-01-27T00:05:44.0,2026-01-29T05:43:29.531,"Any[8, 13, 19, 25, 30, 37, 45, 56]",8,56
977,2026-01-27T00:05:44.0,2026-01-29T05:43:29.531,"Any[8, 13, 19, 25, 30, 37, 45, 56]",8,56
31,2026-01-27T00:21:38.0,2026-01-22T05:59:23.531,"Any[10, 19, 30, 37, 45, 53]",10,53
906,2026-01-27T00:56:06.0,2026-01-22T06:33:51.531,"Any[7, 8, 13, 19, 25, 30, 37, 45, 53]",7,53
727,2026-01-27T01:01:40.0,2026-01-29T06:39:25.531,"Any[10, 19, 25, 30, 37, 45, 53]",10,53
1232,2026-01-27T01:01:40.0,2026-01-29T06:39:25.531,"Any[10, 19, 25, 30, 37, 45, 53]",10,53
1550,2026-01-27T01:50:00.0,2026-01-29T07:27:45.531,Any[],6,64
1083,2026-01-27T02:00:00.0,2026-01-29T07:37:45.531,"Any[7, 8, 13, 19, 25, 30, 37, 45, 53, 60]",7,60
1090,2026-01-27T02:52:58.838,2026-01-29T08:30:44.369,"Any[64, 53, 45, 37, 30, 25, 19, 13, 8]",64,8
150,2026-01-27T03:14:59.0,2026-01-22T08:52:44.531,"Any[64, 60, 53, 45, 37, 30, 25, 19, 10]",64,10
1146,2026-01-27T03:21:06.0,2026-01-29T08:58:51.531,"Any[8, 13, 19, 25, 30, 37, 45, 53]",8,53
1126,2026-01-27T04:22:11.0,2026-01-29T09:59:56.531,"Any[19, 25, 30, 37, 45, 56]",19,56
955,2026-01-27T05:39:05.0,2026-01-29T11:16:50.531,"Any[10, 19, 25, 30, 37, 45, 53]",10,53
1569,2026-01-27T05:44:00.0,2026-01-29T11:21:45.531,Any[],10,64
70,2026-01-27T05:45:32.0,2026-01-29T11:23:17.531,"Any[53, 45, 37, 30, 25, 19, 13, 8]",53,8
552,2026-01-27T06:12:00.0,2026-01-29T11:49:45.531,"Any[53, 45, 37, 30, 25, 19, 10]",53,10
456,2026-01-27T06:20:29.0,2026-01-22T11:58:14.531,"Any[6, 11, 19, 25, 30, 37, 45]",6,45
588,2026-01-27T06:20:29.0,2026-01-22T11:58:14.531,"Any[6, 11, 19, 25, 30, 37, 45]",6,45
1342,2026-01-27T06:35:00.0,2026-01-22T12:12:45.531,Any[],56,17
48,2026-01-27T06:48:39.0,2026-01-29T12:26:24.531,"Any[6, 11, 16, 25, 30, 37, 45, 56]",6,56
973,2026-01-27T07:27:07.0,2026-01-22T13:04:52.531,"Any[8, 13, 19, 25, 30, 37, 45, 56]",8,56
1570,2026-01-27T07:32:00.0,2026-01-29T13:09:45.531,Any[],10,64
1258,2026-01-27T07:43:38.0,2026-01-22T13:21:23.531,"Any[8, 13, 19, 25, 30, 37, 45, 56]",8,56
674,2026-01-27T08:18:42.0,2026-01-29T13:56:27.531,"Any[60, 53, 45, 37, 30, 25, 19, 10]",60,10
943,2026-01-27T08:18:42.0,2026-01-22T13:56:27.531,"Any[60, 53, 45, 37, 30, 25, 19, 10]",60,10
616,2026-01-27T08:29:37.0,2026-01-29T14:07:22.531,"Any[56, 45, 37, 30, 25]",56,25
348,2026-01-27T08:41:47.0,2026-01-29T14:19:32.531,"Any[7, 8, 13, 19, 25, 30, 37, 45, 53]",7,53
787,2026-01-27T08:41:47.0,2026-01-22T14:19:32.531,"Any[7, 8, 13, 19, 25, 30, 37, 45, 53]",7,53
304,2026-01-27T09:16:03.589,2026-01-22T14:53:49.12,"Any[10, 19, 25, 30, 37, 45, 53]",10,53
1357,2026-01-27T09:30:00.0,2026-01-22T15:07:45.531,Any[],56,3
1182,2026-01-27T09:39:13.0,2026-01-29T15:16:58.531,"Any[25, 30, 37, 45, 56]",25,56
300,2026-01-27T10:25:51.0,2026-01-22T16:03:36.531,"Any[53, 45, 37, 30, 25, 19, 11, 6]",53,6
473,2026-01-27T10:25:51.0,2026-01-22T16:03:36.531,"Any[53, 45, 37, 30, 25, 19, 11, 6]",53,6
385,2026-01-27T10:27:16.0,2026-01-29T16:05:01.531,"Any[53, 45, 37, 30, 25, 19, 11, 6, 1]",53,1
378,2026-01-27T10:44:38.0,2026-01-29T16:22:23.531,"Any[8, 13, 19, 25, 30, 37, 45, 56]",8,56
1161,2026-01-27T10:44:38.0,2026-01-29T16:22:23.531,"Any[8, 13, 19, 25, 30, 37, 45, 56]",8,56
284,2026-01-27T10:48:29.0,2026-01-29T16:26:14.531,"Any[60, 53, 45, 37, 30, 25, 19, 11, 6]",60,6
427,2026-01-27T11:22:03.0,2026-01-29T16:59:48.531,"Any[56, 45, 37, 30, 25, 19, 13, 8]",56,8
485,2026-01-27T11:22:03.0,2026-01-22T16:59:48.531,"Any[56, 45, 37, 30, 25, 19, 13, 8]",56,8
818,2026-01-27T11:39:08.0,2026-01-22T17:16:53.531,"Any[6, 11, 19, 25, 30, 37, 45]",6,45
446,2026-01-27T11:45:14.0,2026-01-22T17:22:59.531,"Any[6, 11, 19, 25, 30, 37, 45]",6,45
329,2026-01-27T11:46:22.0,2026-01-22T17:24:07.531,"Any[8, 13, 19, 25, 30, 37, 45, 56]",8,56
89,2026-01-27T12:07:39.0,2026-01-29T17:45:24.531,"Any[60, 53, 45, 37, 30, 25, 19, 10]",60,10
468,2026-01-27T12:38:34.032,2026-01-29T18:16:19.563,"Any[8, 13, 19, 25, 30, 37, 45]",8,45
820,2026-01-27T12:51:31.0,2026-01-22T18:29:16.531,"Any[19, 25, 30, 37, 45, 56]",19,56
174,2026-01-27T12:56:20.0,2026-01-29T18:34:05.531,"Any[6, 11, 16, 25, 30, 37, 45, 56]",6,56
650,2026-01-27T13:01:08.409,2026-01-22T18:38:53.94,"Any[56, 45, 37, 30, 25, 19, 10]",56,10
1154,2026-01-27T13:01:08.409,2026-01-22T18:38:53.94,"Any[56, 45, 37, 30, 25, 19, 10]",56,10
999,2026-01-27T13:02:44.0,2026-01-22T18:40:29.531,"Any[19, 25, 30, 37, 45, 56]",19,56
461,2026-01-27T14:00:47.0,2026-01-29T19:38:32.531,"Any[6, 11, 25, 30, 37, 45, 56]",6,56
801,2026-01-27T14:00:47.0,2026-01-22T19:38:32.531,"Any[6, 11, 25, 30, 37, 45, 56]",6,56
92,2026-01-27T14:27:20.0,2026-01-22T20:05:05.531,"Any[45, 37, 30, 25, 19, 14]",45,14
837,2026-01-27T14:27:20.0,2026-01-29T20:05:05.531,"Any[45, 37, 30, 25, 19, 14]",45,14
517,2026-01-27T14:34:23.0,2026-01-29T20:12:08.531,"Any[6, 11, 19, 25, 30, 37, 45]",6,45
207,2026-01-27T14:36:35.0,2026-01-22T20:14:20.531,"Any[1, 6, 11, 19, 25, 30, 37, 45, 56]",1,56
476,2026-01-27T14:36:35.0,2026-01-22T20:14:20.531,"Any[1, 6, 11, 19, 25, 30, 37, 45, 56]",1,56
1576,2026-01-27T14:46:00.0,2026-01-22T20:23:45.531,Any[],10,64
402,2026-01-27T15:01:16.0,2026-01-22T20:39:01.531,"Any[8, 13, 19, 25, 30, 37, 45]",8,45
915,2026-01-27T15:17:37.0,2026-01-29T20:55:22.531,"Any[53, 45, 37, 30, 25]",53,25
1310,2026-01-27T15:42:00.0,2026-01-29T21:19:45.531,Any[],60,17
632,2026-01-27T16:08:11.0,2026-01-29T21:45:56.531,"Any[5, 6, 11, 19, 25, 30, 37, 45]",5,45
1291,2026-01-27T16:08:11.0,2026-01-22T21:45:56.531,"Any[5, 6, 11, 19, 25, 30, 37, 45]",5,45
887,2026-01-27T16:14:39.0,2026-01-29T21:52:24.531,"Any[64, 60, 56, 45, 37, 30, 25, 19, 11, 6]",64,6
1190,2026-01-27T16:15:24.0,2026-01-22T21:53:09.531,"Any[8, 13, 19, 25, 30, 37, 45, 56, 60, 64]",8,64
1508,2026-01-27T16:15:24.0,2026-01-29T21:53:09.531,"Any[8, 13, 19, 25, 30, 37, 45, 56, 60, 64]",8,64
956,2026-01-27T16:35:07.0,2026-01-22T22:12:52.531,"Any[53, 45, 37, 30, 25, 19, 13, 8]",53,8
1061,2026-01-27T16:39:20.0,2026-01-29T22:17:05.531,"Any[1, 6, 11, 19, 25, 30, 37, 45, 56]",1,56
291,2026-01-27T16:39:59.0,2026-01-29T22:17:44.531,"Any[64, 60, 53, 45, 37, 30, 25]",64,25
868,2026-01-27T16:41:10.0,2026-01-22T22:18:55.531,"Any[8, 13, 25, 30, 37, 45, 56]",8,56
444,2026-01-27T16:44:00.0,2026-01-22T22:21:45.531,"Any[53, 45, 37, 30, 25, 19, 13, 8]",53,8
56,2026-01-27T16:54:52.0,2026-01-29T22:32:37.531,"Any[19, 25, 30, 37, 45, 53]",19,53
1026,2026-01-27T16:55:12.0,2026-01-29T22:32:57.531,"Any[64, 60, 56, 45, 37, 30, 25, 19, 13, 8]",64,8
331,2026-01-27T16:59:58.0,2026-01-22T22:37:43.531,"Any[6, 11, 19, 25, 30, 37, 45]",6,45
713,2026-01-27T17:26:12.0,2026-01-29T23:03:57.531,"Any[25, 30, 37, 45, 53, 60]",25,60
1453,2026-01-27T17:26:12.0,2026-01-22T23:03:57.531,"Any[25, 30, 37, 45, 53, 60]",25,60
1368,2026-01-27T17:39:56.0,2026-01-22T23:17:41.531,"Any[56, 45, 37, 30, 25, 19, 11, 6]",56,6
1322,2026-01-27T17:41:12.448,2026-01-22T23:18:57.979,"Any[56, 45, 37, 30, 25, 19]",56,19
457,2026-01-27T17:42:06.054,2026-01-29T23:19:51.585,"Any[56, 45, 37, 30, 25, 19, 13, 8, 7]",56,7
1349,2026-01-27T17:42:06.054,2026-01-22T23:19:51.585,"Any[56, 45, 37, 30, 25, 19, 13, 8, 7]",56,7
1353,2026-01-27T17:42:06.054,2026-01-29T23:19:51.585,"Any[56, 45, 37, 30, 25, 19, 13, 8, 7]",56,7
1197,2026-01-27T17:46:06.358,2026-01-29T23:23:51.889,"Any[56, 45, 37, 30, 25, 19, 11, 6]",56,6
1364,2026-01-27T17:46:06.358,2026-01-22T23:23:51.889,"Any[56, 45, 37, 30, 25, 19, 11, 6]",56,6
762,2026-01-27T18:05:48.0,2026-01-29T23:43:33.531,"Any[8, 13, 19, 25, 30, 37, 45, 56, 60]",8,60
51,2026-01-27T18:19:05.0,2026-01-22T23:56:50.531,"Any[6, 11, 19, 25, 30, 37, 45]",6,45
69,2026-01-27T18:35:31.0,2026-01-30T00:13:16.531,"Any[25, 30, 37, 45, 53, 60, 64]",25,64
586,2026-01-27T18:35:31.0,2026-01-23T00:13:16.531,"Any[25, 30, 37, 45, 53, 60, 64]",25,64
1104,2026-01-27T18:35:31.0,2026-01-23T00:13:16.531,"Any[25, 30, 37, 45, 53, 60, 64]",25,64
1339,2026-01-27T18:43:23.0,2026-01-23T00:21:08.531,"Any[56, 45, 37, 30, 25, 19]",56,19
8,2026-01-27T18:43:31.556,2026-01-30T00:21:17.087,"Any[60, 56, 45, 37, 30, 25, 19, 11, 6]",60,6
268,2026-01-27T18:43:31.556,2026-01-30T00:21:17.087,"Any[60, 56, 45, 37, 30, 25, 19, 11, 6]",60,6
932,2026-01-27T18:59:11.0,2026-01-23T00:36:56.531,"Any[1, 6, 11, 16, 25, 30, 37, 45, 53]",1,53
210,2026-01-27T19:16:15.0,2026-01-23T00:54:00.531,"Any[1, 6, 11, 19, 25, 30, 37, 45, 53]",1,53
343,2026-01-27T19:16:15.0,2026-01-30T00:54:00.531,"Any[1, 6, 11, 19, 25, 30, 37, 45, 53]",1,53
1096,2026-01-27T19:17:17.0,2026-01-23T00:55:02.531,"Any[8, 13, 19, 25, 30, 37, 45, 56]",8,56
108,2026-01-27T19:32:09.0,2026-01-23T01:09:54.531,"Any[10, 19, 25, 30, 37, 45, 53]",10,53
132,2026-01-27T19:32:09.0,2026-01-23T01:09:54.531,"Any[10, 19, 25, 30, 37, 45, 53]",10,53
778,2026-01-27T19:37:56.0,2026-01-23T01:15:41.531,"Any[8, 13, 19, 25, 30, 37, 45]",8,45
976,2026-01-27T19:37:56.0,2026-01-30T01:15:41.531,"Any[8, 13, 19, 25, 30, 37, 45]",8,45
831,2026-01-27T19:50:28.0,2026-01-30T01:28:13.531,"Any[53, 45, 37, 30, 25, 19, 13, 8]",53,8
249,2026-01-27T20:16:57.0,2026-01-23T01:54:42.531,"Any[10, 19, 25, 30, 37, 45, 53]",10,53
118,2026-01-27T20:29:21.0,2026-01-30T02:07:06.531,"Any[53, 45, 37, 30, 25, 19, 13, 8]",53,8
309,2026-01-27T20:29:21.0,2026-01-30T02:07:06.531,"Any[53, 45, 37, 30, 25, 19, 13, 8]",53,8
1233,2026-01-27T20:56:58.0,2026-01-23T02:34:43.531,"Any[6, 11, 19, 25, 30, 37, 45, 56]",6,56
135,2026-01-27T21:00:01.0,2026-01-30T02:37:46.531,"Any[1, 6, 11, 19, 23, 28, 36, 44, 54, 60]",1,60
835,2026-01-27T21:00:01.0,2026-01-23T02:37:46.531,"Any[1, 6, 11, 19, 23, 28, 36, 44, 54, 60]",1,60
965,2026-01-27T21:00:01.0,2026-01-23T02:37:46.531,"Any[1, 6, 11, 19, 23, 28, 36, 44, 54, 60]",1,60
1111,2026-01-27T21:32:16.567,2026-01-23T03:10:02.098,"Any[60, 56, 45, 37, 30, 25, 19, 11, 6]",60,6
1248,2026-01-27T21:32:16.567,2026-01-23T03:10:02.098,"Any[60, 56, 45, 37, 30, 25, 19, 11, 6]",60,6
1275,2026-01-27T21:33:36.0,2026-01-30T03:11:21.531,"Any[8, 13, 19, 25, 30, 37, 45, 56]",8,56
580,2026-01-27T21:40:19.0,2026-01-30T03:18:04.531,"Any[10, 19, 25, 30, 37, 45, 56, 60]",10,60
1102,2026-01-27T21:40:19.0,2026-01-30T03:18:04.531,"Any[10, 19, 25, 30, 37, 45, 56, 60]",10,60
1587,2026-01-27T21:40:19.0,2026-01-23T03:18:04.531,"Any[10, 19, 25, 30, 37, 45, 56, 60]",10,60
749,2026-01-27T21:56:27.0,2026-01-30T03:34:12.531,"Any[7, 8, 13, 19, 25, 30, 37, 45, 53]",7,53
728,2026-01-27T22:15:08.0,2026-01-30T03:52:53.531,"Any[60, 56, 45, 37, 30, 25, 19, 11, 10]",60,10
1172,2026-01-27T22:24:16.0,2026-01-30T04:02:01.531,"Any[53, 45, 37, 30, 25, 19, 10]",53,10
541,2026-01-27T22:45:19.0,2026-01-30T04:23:04.531,"Any[1, 6, 11, 19, 25, 30, 37, 45, 56, 60]",1,60
800,2026-01-27T22:48:10.0,2026-01-30T04:25:55.531,"Any[60, 53, 45, 37, 30, 25]",60,25
16,2026-01-27T23:38:53.0,2026-01-30T05:16:38.531,"Any[60, 56, 45, 37, 30, 25, 19, 11, 6]",60,6
439,2026-01-27T23:38:53.0,2026-01-23T05:16:38.531,"Any[60, 56, 45, 37, 30, 25, 19, 11, 6]",60,6
796,2026-01-27T23:38:53.0,2026-01-30T05:16:38.531,"Any[60, 56, 45, 37, 30, 25, 19, 11, 6]",60,6
985,2026-01-27T23:38:53.0,2026-01-30T05:16:38.531,"Any[60, 56, 45, 37, 30, 25, 19, 11, 6]",60,6
188,2026-01-27T23:41:26.0,2026-01-30T05:19:11.531,"Any[8, 13, 19, 25, 30, 37, 45, 56]",8,56
237,2026-01-27T23:41:26.0,2026-01-30T05:19:11.531,"Any[8, 13, 19, 25, 30, 37, 45, 56]",8,56
273,2026-01-27T23:54:15.0,2026-01-30T05:32:00.531,"Any[64, 53, 45, 37, 30, 25, 19, 10]",64,10
721,2026-01-27T23:54:15.0,2026-01-30T05:32:00.531,"Any[64, 53, 45, 37, 30, 25, 19, 10]",64,10
1097,2026-01-28T00:16:06.0,2026-01-23T05:53:51.531,"Any[53, 45, 37, 30, 25]",53,25
1226,2026-01-28T00:28:22.0,2026-01-30T06:06:07.531,"Any[3, 6, 11, 19, 25, 30, 37, 45, 53]",3,53
725,2026-01-28T00:29:11.0,2026-01-30T06:06:56.531,"Any[8, 13, 19, 25, 30, 37, 45, 56]",8,56
913,2026-01-28T00:29:11.0,2026-01-30T06:06:56.531,"Any[8, 13, 19, 25, 30, 37, 45, 56]",8,56
84,2026-01-28T00:49:57.0,2026-01-30T06:27:42.531,"Any[10, 11, 19, 25, 30, 37, 45, 53]",10,53
933,2026-01-28T00:49:57.0,2026-01-30T06:27:42.531,"Any[10, 11, 19, 25, 30, 37, 45, 53]",10,53
250,2026-01-28T01:00:03.0,2026-01-30T06:37:48.531,"Any[10, 19, 25, 30, 37, 45, 53]",10,53
36,2026-01-28T01:26:26.0,2026-01-23T07:04:11.531,"Any[10, 19, 25, 30, 37, 45, 53]",10,53
47,2026-01-28T01:26:26.0,2026-01-30T07:04:11.531,"Any[10, 19, 25, 30, 37, 45, 53]",10,53
1598,2026-01-28T01:26:26.0,2026-01-30T07:04:11.531,"Any[10, 19, 25, 30, 37, 45, 53]",10,53
103,2026-01-28T02:33:11.0,2026-01-23T08:10:56.531,"Any[64, 53, 45, 37, 30, 25, 19, 13, 8]",64,8
180,2026-01-28T02:35:35.0,2026-01-23T08:13:20.531,"Any[53, 45, 37, 30, 25, 19, 11, 6, 1]",53,1
1003,2026-01-28T02:50:42.0,2026-01-23T08:28:27.531,"Any[53, 45, 37, 30, 25, 19, 11, 6, 1]",53,1
1085,2026-01-28T02:50:42.0,2026-01-23T08:28:27.531,"Any[53, 45, 37, 30, 25, 19, 11, 6, 1]",53,1
374,2026-01-28T03:05:52.0,2026-01-23T08:43:37.531,"Any[53, 45, 37, 30, 25, 19, 10]",53,10
1536,2026-01-28T04:10:39.0,2026-01-30T09:48:24.531,"Any[1, 6, 11, 19, 25, 30, 37, 45, 53]",1,53
1543,2026-01-28T04:10:39.0,2026-01-23T09:48:24.531,"Any[1, 6, 11, 19, 25, 30, 37, 45, 53]",1,53
760,2026-01-28T04:35:18.0,2026-01-30T10:13:03.531,"Any[6, 11, 16, 25, 30, 37, 45, 53]",6,53
290,2026-01-28T05:04:31.0,2026-01-23T10:42:16.531,"Any[62, 45, 37, 30, 25, 19, 11, 6]",62,6
1566,2026-01-28T06:05:00.0,2026-01-23T11:42:45.531,Any[],10,64
136,2026-01-28T07:21:43.0,2026-01-30T12:59:28.531,"Any[53, 45, 37, 30, 25, 19, 11, 6]",53,6
506,2026-01-28T07:36:16.0,2026-01-23T13:14:01.531,"Any[8, 13, 19, 25, 30, 37, 45, 56]",8,56
60,2026-01-28T07:49:20.0,2026-01-23T13:27:05.531,"Any[60, 56, 45, 37, 30, 25, 19, 11, 6, 1]",60,1
1206,2026-01-28T08:04:21.0,2026-01-23T13:42:06.531,"Any[6, 11, 19, 25, 30, 37, 45, 56]",6,56
1582,2026-01-28T08:10:00.0,2026-01-23T13:47:45.531,Any[],10,64
1574,2026-01-28T08:27:00.0,2026-01-23T14:04:45.531,Any[],10,64
1205,2026-01-28T08:35:46.0,2026-01-23T14:13:31.531,"Any[56, 45, 37, 30, 25, 19, 11, 6, 1]",56,1
1355,2026-01-28T08:35:46.0,2026-01-30T14:13:31.531,"Any[56, 45, 37, 30, 25, 19, 11, 6, 1]",56,1
565,2026-01-28T08:47:01.0,2026-01-30T14:24:46.531,"Any[6, 11, 19, 25, 30, 37, 45, 56]",6,56
1247,2026-01-28T08:47:01.0,2026-01-30T14:24:46.531,"Any[6, 11, 19, 25, 30, 37, 45, 56]",6,56
1178,2026-01-28T08:54:12.0,2026-01-23T14:31:57.531,"Any[6, 11, 19, 25, 30, 37, 45, 53]",6,53
72,2026-01-28T08:55:26.0,2026-01-30T14:33:11.531,"Any[53, 45, 37, 30, 25, 19, 11, 6, 1]",53,1
256,2026-01-28T08:56:01.0,2026-01-30T14:33:46.531,"Any[1, 6, 11, 19, 25, 30, 37, 45, 53]",1,53
34,2026-01-28T08:57:51.0,2026-01-30T14:35:36.531,"Any[53, 45, 37, 30, 25, 19, 13, 8]",53,8
78,2026-01-28T08:57:51.0,2026-01-30T14:35:36.531,"Any[53, 45, 37, 30, 25, 19, 13, 8]",53,8
511,2026-01-28T08:58:31.0,2026-01-23T14:36:16.531,"Any[60, 56, 45, 37, 30, 25, 19, 17, 19, 11, 6, 6, 1]",60,6
660,2026-01-28T09:14:49.0,2026-01-30T14:52:34.531,"Any[8, 13, 19, 25, 30, 37, 45, 56]",8,56
1585,2026-01-28T09:33:00.0,2026-01-30T15:10:45.531,Any[],10,64
381,2026-01-28T09:36:53.0,2026-01-23T15:14:38.531,"Any[3, 10, 19, 25, 30, 37, 45, 53, 60]",3,60
1023,2026-01-28T10:21:29.179,2026-01-23T15:59:14.71,"Any[25, 30, 37, 45, 56, 60]",25,60
1431,2026-01-28T10:21:29.179,2026-01-23T15:59:14.71,"Any[25, 30, 37, 45, 56, 60]",25,60
1435,2026-01-28T10:21:29.179,2026-01-30T15:59:14.71,"Any[25, 30, 37, 45, 56, 60]",25,60
1449,2026-01-28T10:21:29.179,2026-01-23T15:59:14.71,"Any[25, 30, 37, 45, 56, 60]",25,60
1467,2026-01-28T10:21:29.179,2026-01-30T15:59:14.71,"Any[25, 30, 37, 45, 56, 60]",25,60
1362,2026-01-28T10:44:14.601,2026-01-30T16:22:00.132,"Any[56, 45, 37, 30, 25, 19, 11, 6]",56,6
1029,2026-01-28T10:50:52.0,2026-01-23T16:28:37.531,"Any[53, 45, 37, 30, 25]",53,25
864,2026-01-28T11:58:47.0,2026-01-30T17:36:32.531,"Any[53, 45, 37, 30, 25, 19, 13, 8]",53,8
1118,2026-01-28T11:58:47.0,2026-01-30T17:36:32.531,"Any[53, 45, 37, 30, 25, 19, 13, 8]",53,8
186,2026-01-28T12:00:49.0,2026-01-30T17:38:34.531,"Any[16, 25, 30, 37, 45, 53, 60]",16,60
211,2026-01-28T12:00:49.0,2026-01-30T17:38:34.531,"Any[16, 25, 30, 37, 45, 53, 60]",16,60
1292,2026-01-28T12:00:49.0,2026-01-23T17:38:34.531,"Any[16, 25, 30, 37, 45, 53, 60]",16,60
912,2026-01-28T12:03:40.0,2026-01-23T17:41:25.531,"Any[8, 13, 19, 25, 30, 37, 45, 56]",8,56
1183,2026-01-28T12:04:25.666,2026-01-23T17:42:11.197,"Any[64, 53, 45, 37, 30, 25, 19, 10]",64,10
1135,2026-01-28T12:37:04.051,2026-01-23T18:14:49.582,"Any[64, 60, 56, 45, 37, 30, 25, 19, 11, 6]",64,6
2,2026-01-28T12:47:03.0,2026-01-23T18:24:48.531,"Any[53, 45, 37, 30, 25, 19, 11, 6, 1]",53,1
27,2026-01-28T13:06:44.256,2026-01-30T18:44:29.787,"Any[54, 44, 36, 23, 19, 13, 8, 7]",54,7
109,2026-01-28T13:06:44.256,2026-01-30T18:44:29.787,"Any[54, 44, 36, 23, 19, 13, 8, 7]",54,7
512,2026-01-28T13:14:21.0,2026-01-30T18:52:06.531,"Any[56, 45, 37, 30, 25, 19, 11, 6]",56,6
1264,2026-01-28T13:15:15.0,2026-01-30T18:53:00.531,"Any[60, 53, 45, 37, 30, 25]",60,25
992,2026-01-28T13:22:39.0,2026-01-30T19:00:24.531,"Any[64, 60, 53, 45, 37, 30, 25]",64,25
323,2026-01-28T13:25:13.0,2026-01-23T19:02:58.531,"Any[19, 25, 30, 37, 45, 53]",19,53
678,2026-01-28T13:53:00.0,2026-01-30T19:30:45.531,"Any[13, 19, 25, 37, 45, 56]",13,56
972,2026-01-28T14:29:12.0,2026-01-30T20:06:57.531,"Any[56, 45, 37, 30, 25, 19, 13, 8]",56,8
347,2026-01-28T14:30:45.0,2026-01-30T20:08:30.531,"Any[6, 11, 19, 25, 30, 37, 45]",6,45
1524,2026-01-28T14:42:00.0,2026-01-23T20:19:45.531,Any[],8,54
929,2026-01-28T14:45:06.0,2026-01-23T20:22:51.531,"Any[64, 60, 56, 45, 37, 30, 25, 19, 11, 6, 5, 2]",64,2
1565,2026-01-28T14:54:00.0,2026-01-23T20:31:45.531,Any[],10,64
82,2026-01-28T14:56:23.0,2026-01-23T20:34:08.531,"Any[6, 11, 19, 25, 30, 37, 45]",6,45
189,2026-01-28T14:56:23.0,2026-01-23T20:34:08.531,"Any[6, 11, 19, 25, 30, 37, 45]",6,45
359,2026-01-28T14:58:57.0,2026-01-23T20:36:42.531,"Any[56, 45, 37, 30, 25, 19, 20]",56,20
11,2026-01-28T15:09:00.0,2026-01-23T20:46:45.531,"Any[53, 45, 37, 30, 25, 19, 13, 8]",53,8
59,2026-01-28T15:09:00.0,2026-01-30T20:46:45.531,"Any[53, 45, 37, 30, 25, 19, 13, 8]",53,8
705,2026-01-28T15:09:00.0,2026-01-23T20:46:45.531,"Any[53, 45, 37, 30, 25, 19, 13, 8]",53,8
1261,2026-01-28T15:11:16.0,2026-01-30T20:49:01.531,"Any[6, 11, 19, 25, 30, 37, 45, 56]",6,56
566,2026-01-28T15:14:19.726,2026-01-30T20:52:05.257,"Any[6, 11, 25, 30, 37, 45]",6,45
947,2026-01-28T15:14:19.726,2026-01-23T20:52:05.257,"Any[6, 11, 25, 30, 37, 45]",6,45
1537,2026-01-28T15:21:47.0,2026-01-23T20:59:32.531,"Any[1, 6, 11, 19, 25, 30, 37, 45, 53]",1,53
401,2026-01-28T15:24:01.0,2026-01-23T21:01:46.531,"Any[53, 45, 37, 30, 25, 19, 13, 8]",53,8
1012,2026-01-28T15:24:01.0,2026-01-23T21:01:46.531,"Any[53, 45, 37, 30, 25, 19, 13, 8]",53,8
454,2026-01-28T15:50:58.0,2026-01-30T21:28:43.531,"Any[56, 45, 37, 30, 25, 19, 11, 6]",56,6
510,2026-01-28T15:53:18.0,2026-01-30T21:31:03.531,"Any[56, 45, 37, 30, 25, 19, 13, 8]",56,8
1,2026-01-28T16:04:52.0,2026-01-30T21:42:37.531,"Any[8, 13, 19, 25, 30, 37, 45, 53]",8,53
389,2026-01-28T16:04:52.0,2026-01-30T21:42:37.531,"Any[8, 13, 19, 25, 30, 37, 45, 53]",8,53
326,2026-01-28T16:45:20.0,2026-01-30T22:23:05.531,"Any[45, 37, 30, 25]",45,25
192,2026-01-28T16:52:12.0,2026-01-23T22:29:57.531,"Any[8, 13, 19, 25, 30, 37, 45, 56]",8,56
1419,2026-01-28T16:55:00.0,2026-01-23T22:32:45.531,Any[],45,3
919,2026-01-28T16:55:17.0,2026-01-23T22:33:02.531,"Any[64, 56, 45, 37, 30, 25, 19, 11, 6]",64,6
1072,2026-01-28T16:58:20.0,2026-01-23T22:36:05.531,"Any[53, 45, 37, 30, 25, 19, 11, 6, 1]",53,1
247,2026-01-28T16:59:54.0,2026-01-23T22:37:39.531,"Any[1, 6, 11, 16, 19, 25, 30, 37, 45, 56, 60, 64]",1,64
1187,2026-01-28T16:59:54.0,2026-01-23T22:37:39.531,"Any[1, 6, 11, 16, 19, 25, 30, 37, 45, 56, 60, 64]",1,64
1528,2026-01-28T16:59:54.0,2026-01-30T22:37:39.531,"Any[1, 6, 11, 16, 19, 25, 30, 37, 45, 56, 60, 64]",1,64
1367,2026-01-28T17:16:43.0,2026-01-23T22:54:28.531,"Any[56, 45, 37, 30, 25, 19, 11, 6]",56,6
639,2026-01-28T17:21:50.0,2026-01-30T22:59:35.531,"Any[8, 13, 19, 25, 30, 37, 45, 53]",8,53
64,2026-01-28T17:21:55.0,2026-01-23T22:59:40.531,"Any[53, 45, 37, 30, 25, 19, 11, 6, 1]",53,1
19,2026-01-28T17:34:15.0,2026-01-23T23:12:00.531,"Any[53, 45, 37, 30, 25, 19, 11, 6, 1]",53,1
451,2026-01-28T17:41:08.0,2026-01-23T23:18:53.531,"Any[3, 10, 19, 25, 30, 37, 45, 53]",3,53
664,2026-01-28T17:41:08.0,2026-01-23T23:18:53.531,"Any[3, 10, 19, 25, 30, 37, 45, 53]",3,53
403,2026-01-28T17:43:11.109,2026-01-30T23:20:56.64,"Any[60, 56, 45, 37, 30, 25, 19, 11, 6]",60,6
272,2026-01-28T17:46:59.345,2026-01-30T23:24:44.876,"Any[64, 60, 56, 45, 37, 30, 25, 19]",64,19
959,2026-01-28T17:50:08.608,2026-01-30T23:27:54.139,"Any[60, 56, 45, 37, 30, 25, 19, 11, 6]",60,6
1113,2026-01-28T17:52:33.785,2026-01-30T23:30:19.316,"Any[60, 56, 45, 37, 30, 25, 19]",60,19
1222,2026-01-28T18:48:40.826,2026-01-24T00:26:26.357,"Any[56, 45, 37, 30, 25, 19, 13, 8]",56,8
850,2026-01-28T18:57:28.0,2026-01-31T00:35:13.531,"Any[4, 10, 19, 25, 30, 37, 45, 53]",4,53
524,2026-01-28T19:23:02.0,2026-01-31T01:00:47.531,"Any[8, 13, 19, 25, 30, 37, 45, 53]",8,53
704,2026-01-28T19:23:02.0,2026-01-24T01:00:47.531,"Any[8, 13, 19, 25, 30, 37, 45, 53]",8,53
881,2026-01-28T19:23:02.0,2026-01-31T01:00:47.531,"Any[8, 13, 19, 25, 30, 37, 45, 53]",8,53
1008,2026-01-28T19:23:02.0,2026-01-24T01:00:47.531,"Any[8, 13, 19, 25, 30, 37, 45, 53]",8,53
958,2026-01-28T19:26:41.0,2026-01-31T01:04:26.531,"Any[1, 6, 11, 19, 25, 30, 37, 45, 53]",1,53
585,2026-01-28T19:41:47.611,2026-01-24T01:19:33.142,"Any[53, 45, 37, 30, 25, 19, 13, 8]",53,8
866,2026-01-28T19:41:47.611,2026-01-31T01:19:33.142,"Any[53, 45, 37, 30, 25, 19, 13, 8]",53,8
442,2026-01-28T20:10:44.013,2026-01-31T01:48:29.544,"Any[8, 13, 19, 25, 30, 37, 45, 53]",8,53
502,2026-01-28T20:10:44.013,2026-01-31T01:48:29.544,"Any[8, 13, 19, 25, 30, 37, 45, 53]",8,53
1388,2026-01-28T20:22:00.0,2026-01-31T01:59:45.531,Any[],53,3
623,2026-01-28T20:48:19.0,2026-01-31T02:26:04.531,"Any[56, 45, 37, 30, 25, 19, 11, 6]",56,6
1137,2026-01-28T21:02:40.0,2026-01-31T02:40:25.531,"Any[53, 45, 37, 30, 25]",53,25
1588,2026-01-28T21:03:42.05,2026-01-31T02:41:27.581,"Any[10, 19, 25, 30, 37, 45, 53, 60]",10,60
690,2026-01-28T21:16:34.0,2026-01-24T02:54:19.531,"Any[7, 8, 13, 19, 25, 30, 37, 45, 53]",7,53
372,2026-01-28T21:17:08.0,2026-01-31T02:54:53.531,"Any[53, 45, 37, 30, 25, 19, 10]",53,10
124,2026-01-28T21:19:25.0,2026-01-24T02:57:10.531,"Any[8, 13, 19, 25, 30, 37, 45, 53]",8,53
1099,2026-01-28T21:45:02.196,2026-01-24T03:22:47.727,"Any[19, 25, 30, 37, 45, 56]",19,56
979,2026-01-28T22:01:53.303,2026-01-31T03:39:38.834,"Any[8, 13, 19, 25, 30, 37, 45, 56, 60]",8,60
421,2026-01-28T22:15:59.67,2026-01-24T03:53:45.201,"Any[64, 60, 53, 45, 37, 30, 25, 19, 10]",64,10
252,2026-01-28T22:23:05.049,2026-01-24T04:00:50.58,"Any[60, 56, 45, 37, 30, 25, 19, 11, 6]",60,6
1036,2026-01-28T22:23:05.049,2026-01-31T04:00:50.58,"Any[60, 56, 45, 37, 30, 25, 19, 11, 6]",60,6
1274,2026-01-28T22:58:17.0,2026-01-24T04:36:02.531,"Any[53, 45, 37, 30, 25]",53,25
559,2026-01-28T23:04:06.0,2026-01-31T04:41:51.531,"Any[8, 13, 19, 25, 30, 37, 45, 56]",8,56
41,2026-01-28T23:17:39.0,2026-01-24T04:55:24.531,"Any[7, 8, 13, 19, 25, 30, 37, 45, 53, 60]",7,60
1567,2026-01-28T23:30:00.0,2026-01-31T05:07:45.531,Any[],10,64
1007,2026-01-28T23:38:30.0,2026-01-31T05:16:15.531,"Any[19, 25, 30, 37, 45, 56]",19,56
903,2026-01-29T00:03:23.0,2026-01-24T05:41:08.531,"Any[53, 45, 37, 30, 25, 19, 11, 6, 1]",53,1
799,2026-01-29T00:33:18.0,2026-01-31T06:11:03.531,"Any[60, 53, 45, 37, 30, 25, 19, 11, 6, 1]",60,1
1149,2026-01-29T01:01:24.0,2026-01-31T06:39:09.531,"Any[8, 13, 19, 25, 30, 37, 45, 56]",8,56
40,2026-01-29T01:20:39.098,2026-01-24T06:58:24.629,"Any[53, 45, 37, 30, 25, 19, 10]",53,10
396,2026-01-29T01:20:39.098,2026-01-24T06:58:24.629,"Any[53, 45, 37, 30, 25, 19, 10]",53,10
1041,2026-01-29T01:31:57.0,2026-01-31T07:09:42.531,"Any[6, 11, 16, 25, 30, 37, 45, 53]",6,53
1088,2026-01-29T01:44:25.0,2026-01-31T07:22:10.531,"Any[53, 45, 37, 30, 25, 19, 11, 6, 1]",53,1
780,2026-01-29T01:53:56.0,2026-01-31T07:31:41.531,"Any[64, 60, 53, 45, 37, 30, 25, 19, 11, 6, 1]",64,1
1080,2026-01-29T01:58:01.0,2026-01-31T07:35:46.531,"Any[19, 25, 30, 37, 30, 37, 45, 53]",19,53
680,2026-01-29T02:10:04.0,2026-01-24T07:47:49.531,"Any[10, 19, 25, 30, 37, 45, 53]",10,53
205,2026-01-29T02:20:40.0,2026-01-24T07:58:25.531,"Any[10, 19, 25, 30, 37, 45, 53]",10,53
1519,2026-01-29T02:21:35.0,2026-01-24T07:59:20.531,"Any[8, 13, 19, 25, 30, 37, 45, 53, 62]",8,62
1520,2026-01-29T02:21:35.0,2026-01-24T07:59:20.531,"Any[8, 13, 19, 25, 30, 37, 45, 53, 62]",8,62
1521,2026-01-29T02:21:35.0,2026-01-31T07:59:20.531,"Any[8, 13, 19, 25, 30, 37, 45, 53, 62]",8,62
1176,2026-01-29T02:21:41.0,2026-01-31T07:59:26.531,"Any[64, 53, 45, 37, 30, 25, 19, 10]",64,10
675,2026-01-29T02:29:47.0,2026-01-31T08:07:32.531,"Any[64, 60, 53, 45, 37, 30, 25, 19, 11, 6, 1]",64,1
1423,2026-01-29T02:40:00.0,2026-01-24T08:17:45.531,Any[],45,5
303,2026-01-29T02:43:56.0,2026-01-24T08:21:41.531,"Any[53, 45, 37, 30, 25, 19, 10]",53,10
1227,2026-01-29T03:49:28.0,2026-01-24T09:27:13.531,"Any[56, 45, 37, 30, 25]",56,25
1383,2026-01-29T04:34:00.0,2026-01-24T10:11:45.531,Any[],53,7
388,2026-01-29T05:19:18.58,2026-01-31T10:57:04.111,"Any[19, 25, 30, 37, 45, 56]",19,56
697,2026-01-29T05:35:11.0,2026-01-24T11:12:56.531,"Any[8, 13, 19, 25, 30, 37, 45, 56, 60, 64]",8,64
752,2026-01-29T05:35:11.0,2026-01-31T11:12:56.531,"Any[8, 13, 19, 25, 30, 37, 45, 56, 60, 64]",8,64
1500,2026-01-29T05:35:11.0,2026-01-31T11:12:56.531,"Any[8, 13, 19, 25, 30, 37, 45, 56, 60, 64]",8,64
1503,2026-01-29T05:35:11.0,2026-01-31T11:12:56.531,"Any[8, 13, 19, 25, 30, 37, 45, 56, 60, 64]",8,64
25,2026-01-29T05:40:27.0,2026-01-31T11:18:12.531,"Any[19, 25, 30, 37, 45, 53, 60]",19,60
46,2026-01-29T05:40:27.0,2026-01-24T11:18:12.531,"Any[19, 25, 30, 37, 45, 53, 60]",19,60
282,2026-01-29T05:40:27.0,2026-01-24T11:18:12.531,"Any[19, 25, 30, 37, 45, 53, 60]",19,60
431,2026-01-29T05:40:27.0,2026-01-31T11:18:12.531,"Any[19, 25, 30, 37, 45, 53, 60]",19,60
1216,2026-01-29T05:56:34.0,2026-01-24T11:34:19.531,"Any[60, 56, 45, 37, 30, 25, 19, 11, 6, 1]",60,1
745,2026-01-29T06:05:23.0,2026-01-24T11:43:08.531,"Any[1, 6, 11, 19, 25, 30, 37, 45, 56]",1,56
768,2026-01-29T06:05:23.0,2026-01-31T11:43:08.531,"Any[1, 6, 11, 19, 25, 30, 37, 45, 56]",1,56
277,2026-01-29T07:06:37.0,2026-01-31T12:44:22.531,"Any[17, 25, 30, 37, 45, 53, 60]",17,60
299,2026-01-29T07:15:58.0,2026-01-24T12:53:43.531,"Any[60, 56, 45, 37, 30, 25, 19, 11, 6]",60,6
628,2026-01-29T07:28:09.041,2026-01-24T13:05:54.572,"Any[53, 45, 37, 30, 25, 19, 10]",53,10
1589,2026-01-29T07:33:41.0,2026-01-24T13:11:26.531,"Any[10, 19, 25, 30, 37, 45, 53]",10,53
1055,2026-01-29T07:40:57.0,2026-01-31T13:18:42.531,"Any[56, 45, 37, 30, 25, 19, 10]",56,10
487,2026-01-29T07:48:44.0,2026-01-24T13:26:29.531,"Any[56, 45, 37, 30, 25]",56,25
1093,2026-01-29T07:58:11.0,2026-01-24T13:35:56.531,"Any[53, 45, 37, 30, 25, 19, 11, 6, 1]",53,1
1556,2026-01-29T07:59:00.0,2026-01-31T13:36:45.531,Any[],10,64
29,2026-01-29T08:12:01.0,2026-01-24T13:49:46.531,"Any[19, 25, 30, 37, 45, 53]",19,53
633,2026-01-29T08:12:01.0,2026-01-24T13:49:46.531,"Any[19, 25, 30, 37, 45, 53]",19,53
1164,2026-01-29T08:12:30.0,2026-01-24T13:50:15.531,"Any[19, 25, 30, 37, 45, 53]",19,53
791,2026-01-29T08:25:56.0,2026-01-31T14:03:41.531,"Any[62, 53, 45, 37, 30, 25, 19, 13, 8]",62,8
327,2026-01-29T09:03:04.104,2026-01-31T14:40:49.635,"Any[60, 56, 45, 37, 30, 25, 19, 11, 6]",60,6
499,2026-01-29T09:10:30.0,2026-01-24T14:48:15.531,"Any[53, 45, 37, 30, 25, 19, 10]",53,10
77,2026-01-29T09:15:45.0,2026-01-24T14:53:30.531,"Any[56, 45, 37, 30, 25, 19]",56,19
1123,2026-01-29T09:15:45.0,2026-01-31T14:53:30.531,"Any[56, 45, 37, 30, 25, 19]",56,19
1420,2026-01-29T09:23:00.0,2026-01-31T15:00:45.531,Any[],45,3
9,2026-01-29T09:23:15.0,2026-01-24T15:01:00.531,"Any[64, 53, 45, 37, 30, 25, 19, 10]",64,10
355,2026-01-29T09:23:15.0,2026-01-31T15:01:00.531,"Any[64, 53, 45, 37, 30, 25, 19, 10]",64,10
264,2026-01-29T09:46:17.0,2026-01-24T15:24:02.531,"Any[53, 45, 37, 30, 25, 19]",53,19
1412,2026-01-29T10:33:00.0,2026-01-24T16:10:45.531,Any[],45,7
858,2026-01-29T10:38:10.0,2026-01-31T16:15:55.531,"Any[6, 11, 19, 25, 30, 37, 45]",6,45
1195,2026-01-29T11:07:22.0,2026-01-31T16:45:07.531,"Any[53, 45, 37, 30, 25, 19, 13, 8]",53,8
1384,2026-01-29T11:14:00.0,2026-01-24T16:51:45.531,Any[],53,7
297,2026-01-29T11:15:00.0,2026-01-31T16:52:45.531,"Any[7, 8, 13, 19, 25, 30, 37, 45, 53]",7,53
637,2026-01-29T11:15:00.0,2026-01-24T16:52:45.531,"Any[7, 8, 13, 19, 25, 30, 37, 45, 53]",7,53
1308,2026-01-29T11:15:00.0,2026-01-24T16:52:45.531,"Any[7, 8, 13, 19, 25, 30, 37, 45, 53]",7,53
629,2026-01-29T11:15:14.375,2026-01-24T16:52:59.906,"Any[6, 11, 19, 25, 30, 37, 45, 56]",6,56
1153,2026-01-29T11:44:05.0,2026-01-31T17:21:50.531,"Any[8, 13, 19, 25, 30, 37, 45, 56]",8,56
1089,2026-01-29T11:51:56.0,2026-01-31T17:29:41.531,"Any[56, 45, 37, 30, 25, 19]",56,19
1224,2026-01-29T11:51:56.0,2026-01-31T17:29:41.531,"Any[56, 45, 37, 30, 25, 19]",56,19
1324,2026-01-29T11:51:56.0,2026-01-24T17:29:41.531,"Any[56, 45, 37, 30, 25, 19]",56,19
1326,2026-01-29T11:51:56.0,2026-01-24T17:29:41.531,"Any[56, 45, 37, 30, 25, 19]",56,19
655,2026-01-29T12:08:04.0,2026-01-31T17:45:49.531,"Any[53, 45, 37, 30, 25, 19, 10]",53,10
345,2026-01-29T12:30:46.04,2026-01-31T18:08:31.571,"Any[19, 25, 30, 37, 45, 56]",19,56
643,2026-01-29T12:59:19.0,2026-01-31T18:37:04.531,"Any[53, 45, 37, 30, 25]",53,25
96,2026-01-29T13:11:52.0,2026-01-24T18:49:37.531,"Any[53, 45, 37, 30, 25, 19, 10]",53,10
1571,2026-01-29T14:06:00.0,2026-01-24T19:43:45.531,Any[],10,64
507,2026-01-29T14:20:30.0,2026-01-24T19:58:15.531,"Any[6, 11, 19, 25, 30, 37, 45]",6,45
1511,2026-01-29T14:25:26.0,2026-01-24T20:03:11.531,"Any[8, 13, 19, 25, 30, 37, 45, 56, 60]",8,60
545,2026-01-29T14:49:53.0,2026-01-24T20:27:38.531,"Any[53, 45, 37, 30, 25, 19, 10]",53,10
1294,2026-01-29T14:49:53.0,2026-01-31T20:27:38.531,"Any[53, 45, 37, 30, 25, 19, 10]",53,10
139,2026-01-29T15:05:02.389,2026-01-24T20:42:47.92,"Any[45, 37, 30, 25, 19]",45,19
839,2026-01-29T15:05:02.389,2026-01-31T20:42:47.92,"Any[45, 37, 30, 25, 19]",45,19
1395,2026-01-29T15:05:02.389,2026-01-31T20:42:47.92,"Any[45, 37, 30, 25, 19]",45,19
1401,2026-01-29T15:05:02.389,2026-01-24T20:42:47.92,"Any[45, 37, 30, 25, 19]",45,19
962,2026-01-29T15:19:02.0,2026-01-31T20:56:47.531,"Any[53, 45, 37, 30, 25, 19, 10]",53,10
367,2026-01-29T15:32:27.0,2026-01-31T21:10:12.531,"Any[3, 10, 19, 25, 30, 37, 45, 53]",3,53
756,2026-01-29T15:32:27.0,2026-01-31T21:10:12.531,"Any[3, 10, 19, 25, 30, 37, 45, 53]",3,53
324,2026-01-29T15:37:17.0,2026-01-31T21:15:02.531,"Any[56, 45, 37, 30, 25, 19, 11, 6, 1]",56,1
478,2026-01-29T15:37:17.0,2026-01-31T21:15:02.531,"Any[56, 45, 37, 30, 25, 19, 11, 6, 1]",56,1
700,2026-01-29T15:37:17.0,2026-01-31T21:15:02.531,"Any[56, 45, 37, 30, 25, 19, 11, 6, 1]",56,1
269,2026-01-29T16:02:26.0,2026-01-24T21:40:11.531,"Any[60, 53, 45, 37, 30, 25, 19, 13, 8]",60,8
1217,2026-01-29T16:04:09.0,2026-01-31T21:41:54.531,"Any[56, 45, 37, 30, 25]",56,25
1062,2026-01-29T16:22:08.0,2026-01-31T21:59:53.531,"Any[64, 56, 45, 37, 30, 25, 19, 11, 6]",64,6
1000,2026-01-29T16:44:15.0,2026-01-31T22:22:00.531,"Any[53, 45, 37, 30, 25]",53,25
408,2026-01-29T16:45:10.0,2026-01-31T22:22:55.531,"Any[8, 13, 19, 25, 30, 37, 45, 56]",8,56
1189,2026-01-29T16:47:32.856,2026-01-24T22:25:18.387,"Any[8, 13, 19, 25, 30, 37, 45, 56]",8,56
636,2026-01-29T17:04:06.0,2026-01-24T22:41:51.531,"Any[56, 45, 37, 30, 25, 19, 11, 6, 6, 1]",56,6
1159,2026-01-29T17:26:22.0,2026-01-24T23:04:07.531,"Any[1, 6, 11, 19, 25, 30, 37, 45, 56, 60]",1,60
1252,2026-01-29T17:26:22.0,2026-01-31T23:04:07.531,"Any[1, 6, 11, 19, 25, 30, 37, 45, 56, 60]",1,60
233,2026-01-29T17:40:20.0,2026-01-31T23:18:05.531,"Any[56, 45, 37, 30, 25, 19, 11, 6]",56,6
302,2026-01-29T17:40:20.0,2026-01-24T23:18:05.531,"Any[56, 45, 37, 30, 25, 19, 11, 6]",56,6
532,2026-01-29T17:49:15.0,2026-01-24T23:27:00.531,"Any[19, 25, 30, 37, 45, 53, 60]",19,60
1583,2026-01-29T17:51:00.0,2026-01-24T23:28:45.531,Any[],10,64
165,2026-01-29T17:53:31.0,2026-01-31T23:31:16.531,"Any[45, 37, 30, 25, 19, 10]",45,10
1361,2026-01-29T17:58:27.0,2026-01-24T23:36:12.531,"Any[56, 45, 37, 30, 25, 19, 11, 6, 6, 5, 1, 1]",56,6
466,2026-01-29T17:59:04.0,2026-01-24T23:36:49.531,"Any[56, 45, 37, 30, 25, 19, 13, 8]",56,8
1476,2026-01-29T18:03:39.695,2026-01-31T23:41:25.226,"Any[25, 30, 37, 45, 53]",25,53
1479,2026-01-29T18:03:39.695,2026-01-31T23:41:25.226,"Any[25, 30, 37, 45, 53]",25,53
1484,2026-01-29T18:03:39.695,2026-01-31T23:41:25.226,"Any[25, 30, 37, 45, 53]",25,53
1487,2026-01-29T18:03:39.695,2026-01-31T23:41:25.226,"Any[25, 30, 37, 45, 53]",25,53
1488,2026-01-29T18:03:39.695,2026-01-24T23:41:25.226,"Any[25, 30, 37, 45, 53]",25,53
1490,2026-01-29T18:03:39.695,2026-01-31T23:41:25.226,"Any[25, 30, 37, 45, 53]",25,53
1494,2026-01-29T18:03:39.695,2026-01-24T23:41:25.226,"Any[25, 30, 37, 45, 53]",25,53
1495,2026-01-29T18:03:39.695,2026-01-31T23:41:25.226,"Any[25, 30, 37, 45, 53]",25,53
281,2026-01-29T18:13:32.0,2026-01-31T23:51:17.531,"Any[10, 19, 25, 30, 37, 45, 53]",10,53
429,2026-01-29T18:26:14.305,2026-02-01T00:03:59.836,"Any[60, 56, 45, 37, 30, 25, 19, 11, 6]",60,6
1363,2026-01-29T18:31:33.876,2026-02-01T00:09:19.407,"Any[56, 45, 37, 30, 25, 19, 11, 6]",56,6
899,2026-01-29T18:51:06.0,2026-01-25T00:28:51.531,"Any[10, 19, 25, 30, 37, 45, 53]",10,53
652,2026-01-29T18:57:02.0,2026-01-25T00:34:47.531,"Any[45, 37, 30, 25, 19, 17, 10]",45,10
369,2026-01-29T19:23:38.869,2026-02-01T01:01:24.4,"Any[1, 6, 11, 19, 25, 30, 37, 45, 53, 60]",1,60
482,2026-01-29T19:28:43.0,2026-02-01T01:06:28.531,"Any[19, 25, 30, 37, 45, 56]",19,56
873,2026-01-29T19:34:20.0,2026-01-25T01:12:05.531,"Any[60, 53, 45, 37, 30, 25]",60,25
806,2026-01-29T19:45:22.0,2026-02-01T01:23:07.531,"Any[53, 45, 37, 30, 25, 19, 13, 8]",53,8
1060,2026-01-29T19:56:04.0,2026-01-25T01:33:49.531,"Any[53, 45, 37, 30, 25]",53,25
484,2026-01-29T19:56:21.0,2026-02-01T01:34:06.531,"Any[53, 45, 37, 30, 25, 19, 10]",53,10
154,2026-01-29T19:59:13.0,2026-01-25T01:36:58.531,"Any[10, 19, 25, 30, 37, 45, 53]",10,53
781,2026-01-29T20:17:50.0,2026-01-25T01:55:35.531,"Any[53, 45, 37, 30, 25, 19, 13, 8]",53,8
395,2026-01-29T20:24:43.0,2026-01-25T02:02:28.531,"Any[53, 45, 37, 30, 25, 19, 10]",53,10
1564,2026-01-29T20:26:00.0,2026-01-25T02:03:45.531,Any[],10,64
1318,2026-01-29T20:32:00.0,2026-02-01T02:09:45.531,Any[],60,7
364,2026-01-29T20:41:14.0,2026-01-25T02:18:59.531,"Any[53, 45, 37, 30, 25, 19, 13, 8]",53,8
1591,2026-01-29T20:43:02.0,2026-01-25T02:20:47.531,"Any[10, 19, 25, 30, 37, 45, 53]",10,53
1047,2026-01-29T20:55:05.0,2026-01-25T02:32:50.531,"Any[10, 19, 25, 30, 37, 45, 53]",10,53
143,2026-01-29T20:56:52.487,2026-01-25T02:34:38.018,"Any[53, 45, 37, 30, 25, 19, 10]",53,10
1147,2026-01-29T21:43:20.0,2026-02-01T03:21:05.531,"Any[10, 19, 25, 30, 37, 45, 53]",10,53
529,2026-01-29T21:47:03.0,2026-01-25T03:24:48.531,"Any[8, 13, 19, 25, 30, 37, 45, 56]",8,56
104,2026-01-29T22:11:39.0,2026-02-01T03:49:24.531,"Any[10, 19, 25, 30, 37, 45, 53]",10,53
1421,2026-01-29T22:27:00.0,2026-02-01T04:04:45.531,Any[],45,4
654,2026-01-29T22:30:35.0,2026-02-01T04:08:20.531,"Any[60, 56, 45, 37, 30, 25, 19, 13, 8]",60,8
991,2026-01-29T23:18:18.0,2026-02-01T04:56:03.531,"Any[53, 45, 37, 30, 25, 19, 10]",53,10
736,2026-01-29T23:26:35.0,2026-01-25T05:04:20.531,"Any[8, 13, 19, 25, 30, 37, 45, 56]",8,56
1031,2026-01-29T23:46:38.0,2026-02-01T05:24:23.531,"Any[53, 45, 37, 30, 25, 19, 13, 8]",53,8
1279,2026-01-30T00:01:06.0,2026-02-01T05:38:51.531,"Any[1, 6, 11, 19, 23, 36, 44, 54, 60]",1,60
556,2026-01-30T00:18:04.0,2026-02-01T05:55:49.531,"Any[53, 45, 37, 30, 25, 19, 11, 6, 1]",53,1
140,2026-01-30T00:22:05.0,2026-01-25T05:59:50.531,"Any[56, 45, 37, 30, 25, 16]",56,16
288,2026-01-30T00:22:05.0,2026-02-01T05:59:50.531,"Any[56, 45, 37, 30, 25, 16]",56,16
1410,2026-01-30T00:25:00.0,2026-01-25T06:02:45.531,Any[],45,7
1393,2026-01-30T00:46:00.0,2026-01-25T06:23:45.531,Any[],53,3
812,2026-01-30T00:53:45.0,2026-02-01T06:31:30.531,"Any[53, 45, 37, 30, 25, 19, 10]",53,10
415,2026-01-30T01:16:37.0,2026-02-01T06:54:22.531,"Any[8, 13, 19, 25, 30, 37, 45, 56]",8,56
1145,2026-01-30T01:23:51.0,2026-02-01T07:01:36.531,"Any[53, 45, 37, 30, 25, 19, 13, 8]",53,8
1191,2026-01-30T01:29:29.0,2026-02-01T07:07:14.531,"Any[53, 45, 37, 30, 25, 19, 10]",53,10
1385,2026-01-30T01:30:00.0,2026-01-25T07:07:45.531,Any[],53,7
1259,2026-01-30T01:35:40.0,2026-01-25T07:13:25.531,"Any[16, 25, 30, 37, 45, 53]",16,53
672,2026-01-30T01:45:48.0,2026-02-01T07:23:33.531,"Any[56, 45, 37, 30, 25, 19, 13, 8]",56,8
74,2026-01-30T02:27:45.0,2026-02-01T08:05:30.531,"Any[19, 25, 30, 37, 45, 56]",19,56
217,2026-01-30T02:46:32.0,2026-02-01T08:24:17.531,"Any[64, 60, 53, 45, 37, 30, 25, 19, 10]",64,10
436,2026-01-30T03:44:28.0,2026-02-01T09:22:13.531,"Any[53, 45, 37, 30, 25]",53,25
1057,2026-01-30T04:15:50.0,2026-02-01T09:53:35.531,"Any[60, 56, 45, 37, 30, 25, 19, 11, 6]",60,6
384,2026-01-30T05:38:46.0,2026-02-01T11:16:31.531,"Any[53, 45, 37, 30, 25, 19, 10]",53,10
601,2026-01-30T06:13:01.0,2026-02-01T11:50:46.531,"Any[1, 6, 11, 19, 25, 30, 37, 45, 56]",1,56
677,2026-01-30T06:27:21.0,2026-01-25T12:05:06.531,"Any[64, 60, 53, 45, 37, 30, 25, 19, 11, 6, 1]",64,1
317,2026-01-30T06:53:33.0,2026-02-01T12:31:18.531,"Any[53, 45, 37, 30, 25]",53,25
758,2026-01-30T07:50:18.0,2026-02-01T13:28:03.531,"Any[14, 19, 25, 30, 37, 45, 53]",14,53
606,2026-01-30T08:25:56.0,2026-01-25T14:03:41.531,"Any[19, 25, 30, 37, 45, 53]",19,53
106,2026-01-30T08:38:54.452,2026-02-01T14:16:39.983,"Any[64, 60, 56, 45, 37, 30, 25, 19]",64,19
1443,2026-01-30T08:41:57.0,2026-02-01T14:19:42.531,"Any[25, 30, 37, 45, 56, 60]",25,60
1469,2026-01-30T08:41:57.0,2026-02-01T14:19:42.531,"Any[25, 30, 37, 45, 56, 60]",25,60
603,2026-01-30T08:57:41.0,2026-02-01T14:35:26.531,"Any[53, 45, 37, 30, 25, 19, 11, 6, 1]",53,1
528,2026-01-30T09:09:43.0,2026-02-01T14:47:28.531,"Any[1, 6, 11, 19, 25, 30, 37, 45, 56]",1,56
867,2026-01-30T09:58:14.601,2026-02-01T15:36:00.132,"Any[53, 45, 37, 30, 25, 19, 10]",53,10
581,2026-01-30T10:06:30.0,2026-02-01T15:44:15.531,"Any[1, 6, 11, 19, 25, 30, 37, 45, 56]",1,56
731,2026-01-30T10:11:08.0,2026-02-01T15:48:53.531,"Any[8, 13, 19, 25, 30, 37, 45, 53]",8,53
1179,2026-01-30T10:11:49.0,2026-02-01T15:49:34.531,"Any[53, 45, 37, 30, 25, 19, 10]",53,10
1015,2026-01-30T10:31:04.0,2026-02-01T16:08:49.531,"Any[1, 6, 11, 19, 25, 30, 37, 45, 56]",1,56
981,2026-01-30T10:32:09.0,2026-01-25T16:09:54.531,"Any[19, 25, 30, 37, 45, 53]",19,53
1124,2026-01-30T10:36:45.0,2026-02-01T16:14:30.531,"Any[10, 19, 25, 30, 37, 45, 53]",10,53
334,2026-01-30T10:37:01.0,2026-01-25T16:14:46.531,"Any[53, 45, 37, 30, 25, 19, 10]",53,10
1115,2026-01-30T10:37:01.0,2026-01-25T16:14:46.531,"Any[53, 45, 37, 30, 25, 19, 10]",53,10
508,2026-01-30T10:49:57.0,2026-02-01T16:27:42.531,"Any[53, 45, 37, 30, 25, 19, 13, 8]",53,8
1142,2026-01-30T10:51:57.0,2026-01-25T16:29:42.531,"Any[1, 6, 11, 19, 25, 30, 37, 45, 56]",1,56
24,2026-01-30T10:57:50.0,2026-01-25T16:35:35.531,"Any[6, 11, 19, 25, 30, 37, 45]",6,45
1414,2026-01-30T11:01:00.0,2026-02-01T16:38:45.531,Any[],45,3
1056,2026-01-30T11:16:46.0,2026-01-25T16:54:31.531,"Any[45, 37, 30, 25, 19]",45,19
1400,2026-01-30T11:16:46.0,2026-01-25T16:54:31.531,"Any[45, 37, 30, 25, 19]",45,19
777,2026-01-30T12:16:28.0,2026-01-25T17:54:13.531,"Any[1, 6, 11, 19, 25, 30, 37, 45, 56]",1,56
1077,2026-01-30T12:16:28.0,2026-01-25T17:54:13.531,"Any[1, 6, 11, 19, 25, 30, 37, 45, 56]",1,56
822,2026-01-30T12:16:55.0,2026-01-25T17:54:40.531,"Any[1, 6, 11, 19, 25, 30, 37, 45, 56, 60]",1,60
276,2026-01-30T12:20:11.0,2026-01-25T17:57:56.531,"Any[6, 11, 19, 25, 30, 37, 45, 56]",6,56
1432,2026-01-30T12:26:18.0,2026-02-01T18:04:03.531,"Any[25, 30, 37, 45, 56, 60]",25,60
394,2026-01-30T13:02:58.0,2026-02-01T18:40:43.531,"Any[8, 13, 19, 25, 30, 37, 45, 56]",8,56
590,2026-01-30T13:02:58.0,2026-01-25T18:40:43.531,"Any[8, 13, 19, 25, 30, 37, 45, 56]",8,56
1240,2026-01-30T13:31:19.809,2026-01-25T19:09:05.34,"Any[56, 45, 37, 30, 25, 19, 11, 6]",56,6
373,2026-01-30T13:49:13.0,2026-01-25T19:26:58.531,"Any[19, 25, 30, 37, 45, 53]",19,53
114,2026-01-30T13:52:51.0,2026-02-01T19:30:36.531,"Any[56, 45, 37, 30, 25, 19, 11, 6]",56,6
225,2026-01-30T13:52:51.0,2026-01-25T19:30:36.531,"Any[56, 45, 37, 30, 25, 19, 11, 6]",56,6
495,2026-01-30T13:52:51.0,2026-02-01T19:30:36.531,"Any[56, 45, 37, 30, 25, 19, 11, 6]",56,6
1365,2026-01-30T13:52:51.0,2026-02-01T19:30:36.531,"Any[56, 45, 37, 30, 25, 19, 11, 6]",56,6
102,2026-01-30T14:06:06.0,2026-02-01T19:43:51.531,"Any[45, 37, 30, 25]",45,25
14,2026-01-30T14:07:09.0,2026-01-25T19:44:54.531,"Any[19, 17, 25, 30, 37, 45, 53]",19,53
924,2026-01-30T14:31:44.481,2026-02-01T20:09:30.012,"Any[6, 10, 19, 25, 30, 37, 45, 56]",6,56
902,2026-01-30T14:34:06.0,2026-01-25T20:11:51.531,"Any[3, 10, 19, 25, 30, 37, 45, 53]",3,53
1320,2026-01-30T14:39:00.0,2026-01-25T20:16:45.531,Any[],60,7
844,2026-01-30T15:01:50.0,2026-01-25T20:39:35.531,"Any[56, 45, 37, 30, 25]",56,25
1155,2026-01-30T15:29:53.0,2026-02-01T21:07:38.531,"Any[16, 17, 25, 30, 37, 45, 53]",16,53
1299,2026-01-30T15:32:35.0,2026-01-25T21:10:20.531,"Any[10, 19, 25, 30, 37, 45, 53]",10,53
1552,2026-01-30T15:39:00.0,2026-01-25T21:16:45.531,Any[],6,62
342,2026-01-30T15:40:26.0,2026-01-25T21:18:11.531,"Any[56, 45, 37, 30, 25]",56,25
1011,2026-01-30T15:49:04.0,2026-01-25T21:26:49.531,"Any[6, 11, 16, 25, 30, 37, 45]",6,45
204,2026-01-30T15:56:06.0,2026-02-01T21:33:51.531,"Any[8, 13, 19, 25, 30, 37, 30, 37, 45, 53]",8,53
803,2026-01-30T16:01:01.0,2026-02-01T21:38:46.531,"Any[56, 45, 37, 30, 25]",56,25
817,2026-01-30T16:14:24.0,2026-02-01T21:52:09.531,"Any[53, 45, 37, 30, 25, 19, 10]",53,10
880,2026-01-30T16:14:24.0,2026-01-25T21:52:09.531,"Any[53, 45, 37, 30, 25, 19, 10]",53,10
471,2026-01-30T16:28:40.0,2026-01-25T22:06:25.531,"Any[53, 45, 37, 30, 25, 19, 10]",53,10
946,2026-01-30T16:34:46.0,2026-01-25T22:12:31.531,"Any[6, 11, 19, 25, 30, 37, 45]",6,45
1043,2026-01-30T16:34:46.0,2026-01-25T22:12:31.531,"Any[6, 11, 19, 25, 30, 37, 45]",6,45
602,2026-01-30T16:41:52.0,2026-01-25T22:19:37.531,"Any[8, 13, 19, 25, 30, 37, 45, 53]",8,53
22,2026-01-30T16:47:10.0,2026-02-01T22:24:55.531,"Any[56, 45, 37, 30, 25, 19, 14]",56,14
1554,2026-01-30T17:41:00.0,2026-01-25T23:18:45.531,Any[],6,54
804,2026-01-30T17:41:52.886,2026-02-01T23:19:38.417,"Any[20, 19, 25, 30, 37, 45, 56]",20,56
1198,2026-01-30T17:55:09.799,2026-02-01T23:32:55.33,"Any[56, 45, 37, 30, 25, 19, 11, 6]",56,6
171,2026-01-30T17:56:31.0,2026-02-01T23:34:16.531,"Any[64, 60, 56, 45, 37, 30, 25]",64,25
1173,2026-01-30T18:06:35.0,2026-02-01T23:44:20.531,"Any[6, 11, 19, 25, 30, 37, 45, 56]",6,56
1010,2026-01-30T18:11:04.0,2026-01-25T23:48:49.531,"Any[56, 45, 37, 30, 25]",56,25
99,2026-01-30T18:14:52.538,2026-01-25T23:52:38.069,"Any[56, 45, 37, 30, 25, 19, 13, 8]",56,8
540,2026-01-30T18:14:52.538,2026-01-25T23:52:38.069,"Any[56, 45, 37, 30, 25, 19, 13, 8]",56,8
1266,2026-01-30T18:14:52.538,2026-02-01T23:52:38.069,"Any[56, 45, 37, 30, 25, 19, 13, 8]",56,8
941,2026-01-30T18:19:04.0,2026-01-25T23:56:49.531,"Any[8, 13, 19, 25, 30, 37, 45, 56]",8,56
543,2026-01-30T18:19:17.0,2026-02-01T23:57:02.531,"Any[64, 60, 53, 45, 37, 30, 25, 19, 13, 8]",64,8
872,2026-01-30T18:27:53.0,2026-01-26T00:05:38.531,"Any[60, 56, 45, 37, 30, 25, 19]",60,19
940,2026-01-30T18:27:53.0,2026-02-02T00:05:38.531,"Any[60, 56, 45, 37, 30, 25, 19]",60,19
1389,2026-01-30T18:35:00.0,2026-02-02T00:12:45.531,Any[],53,3
702,2026-01-30T18:50:06.0,2026-01-26T00:27:51.531,"Any[1, 6, 11, 19, 25, 30, 37, 45, 56]",1,56
95,2026-01-30T19:03:53.0,2026-02-02T00:41:38.531,"Any[56, 45, 37, 30, 25]",56,25
1006,2026-01-30T19:09:05.275,2026-02-02T00:46:50.806,"Any[60, 56, 45, 37, 30, 25, 19, 13, 8]",60,8
215,2026-01-30T19:37:27.0,2026-02-02T01:15:12.531,"Any[10, 19, 25, 30, 37, 45, 53]",10,53
1025,2026-01-30T19:43:10.0,2026-02-02T01:20:55.531,"Any[53, 45, 37, 30, 25, 19, 13, 8]",53,8
365,2026-01-30T19:46:09.0,2026-02-02T01:23:54.531,"Any[45, 37, 30, 25]",45,25
1380,2026-01-30T19:58:00.0,2026-02-02T01:35:45.531,Any[],53,7
1116,2026-01-30T20:11:40.0,2026-01-26T01:49:25.531,"Any[53, 45, 37, 30, 25, 19, 10]",53,10
55,2026-01-30T20:23:19.0,2026-01-26T02:01:04.531,"Any[8, 13, 19, 25, 30, 37, 45, 53]",8,53
948,2026-01-30T20:23:19.0,2026-01-26T02:01:04.531,"Any[8, 13, 19, 25, 30, 37, 45, 53]",8,53
1548,2026-01-30T20:29:00.0,2026-02-02T02:06:45.531,Any[],6,64
94,2026-01-30T20:38:30.786,2026-01-26T02:16:16.317,"Any[60, 56, 45, 37, 30, 25, 19]",60,19
898,2026-01-30T20:47:51.0,2026-01-26T02:25:36.531,"Any[10, 19, 25, 30, 37, 45, 53]",10,53
142,2026-01-30T21:15:29.731,2026-02-02T02:53:15.262,"Any[8, 13, 19, 25, 30, 37, 45, 56]",8,56
951,2026-01-30T21:26:28.0,2026-01-26T03:04:13.531,"Any[60, 53, 45, 37, 30, 25, 19, 11, 6, 1]",60,1
1287,2026-01-30T21:27:54.0,2026-01-26T03:05:39.531,"Any[19, 25, 30, 37, 45, 56]",19,56
224,2026-01-30T21:32:36.0,2026-02-02T03:10:21.531,"Any[60, 56, 45, 37, 30, 25, 19, 11, 6]",60,6
330,2026-01-30T21:32:36.0,2026-02-02T03:10:21.531,"Any[60, 56, 45, 37, 30, 25, 19, 11, 6]",60,6
1092,2026-01-30T22:12:22.0,2026-01-26T03:50:07.531,"Any[6, 11, 25, 30, 37, 45]",6,45
1298,2026-01-30T23:08:27.0,2026-02-02T04:46:12.531,"Any[6, 11, 19, 25, 30, 37, 45, 53]",6,53
564,2026-01-30T23:13:23.0,2026-02-02T04:51:08.531,"Any[56, 45, 37, 30, 25, 19, 11, 6]",56,6
610,2026-01-30T23:13:23.0,2026-02-02T04:51:08.531,"Any[56, 45, 37, 30, 25, 19, 11, 6]",56,6
1366,2026-01-30T23:13:23.0,2026-01-26T04:51:08.531,"Any[56, 45, 37, 30, 25, 19, 11, 6]",56,6
71,2026-01-30T23:15:08.0,2026-01-26T04:52:53.531,"Any[10, 19, 25, 30, 37, 45, 53]",10,53
234,2026-01-30T23:28:25.0,2026-01-26T05:06:10.531,"Any[53, 45, 37, 30, 25, 19, 10]",53,10
325,2026-01-30T23:39:16.106,2026-02-02T05:17:01.637,"Any[53, 45, 37, 30, 25, 19, 10]",53,10
464,2026-01-31T00:22:18.0,2026-01-26T06:00:03.531,"Any[10, 19, 25, 30, 37, 45, 53, 60]",10,60
1277,2026-01-31T00:24:40.0,2026-02-02T06:02:25.531,"Any[6, 11, 19, 25, 30, 37, 45]",6,45
344,2026-01-31T00:35:56.0,2026-01-26T06:13:41.531,"Any[8, 13, 19, 25, 30, 37, 45, 56]",8,56
825,2026-01-31T01:16:58.81,2026-01-26T06:54:44.341,"Any[56, 45, 37, 30, 25, 19, 10, 6]",56,6
1148,2026-01-31T02:31:00.0,2026-01-26T08:08:45.531,"Any[53, 45, 37, 30, 25, 19, 11, 6, 1]",53,1
568,2026-01-31T03:17:05.099,2026-02-02T08:54:50.63,"Any[3, 10, 19, 25, 30, 37, 45, 53, 60]",3,60
1356,2026-01-31T03:30:00.0,2026-01-26T09:07:45.531,Any[],56,3
259,2026-01-31T03:34:42.0,2026-01-26T09:12:27.531,"Any[16, 25, 30, 37, 45, 53, 60]",16,60
1144,2026-01-31T04:39:17.0,2026-02-02T10:17:02.531,"Any[56, 45, 37, 30, 25]",56,25
1238,2026-01-31T04:55:27.709,2026-01-26T10:33:13.24,"Any[19, 25, 30, 37, 45, 56]",19,56
375,2026-01-31T04:59:16.0,2026-02-02T10:37:01.531,"Any[60, 56, 45, 37, 30, 25, 19, 11, 6]",60,6
560,2026-01-31T04:59:16.0,2026-01-26T10:37:01.531,"Any[60, 56, 45, 37, 30, 25, 19, 11, 6]",60,6
382,2026-01-31T05:43:02.165,2026-02-02T11:20:47.696,"Any[6, 11, 25, 30, 37, 45, 53]",6,53
1005,2026-01-31T05:43:02.165,2026-02-02T11:20:47.696,"Any[6, 11, 25, 30, 37, 45, 53]",6,53
885,2026-01-31T06:15:21.0,2026-01-26T11:53:06.531,"Any[64, 60, 53, 45, 37, 30, 25, 19, 10]",64,10
1394,2026-01-31T06:22:00.0,2026-02-02T11:59:45.531,Any[],53,3
815,2026-01-31T06:22:40.0,2026-01-26T12:00:25.531,"Any[53, 45, 37, 30, 25, 19, 10]",53,10
1345,2026-01-31T06:27:00.0,2026-01-26T12:04:45.531,Any[],56,13
605,2026-01-31T06:41:29.0,2026-01-26T12:19:14.531,"Any[1, 6, 11, 19, 30, 37, 45, 56]",1,56
842,2026-01-31T07:02:01.0,2026-01-26T12:39:46.531,"Any[6, 11, 19, 25, 30, 37, 45, 53]",6,53
974,2026-01-31T07:02:02.0,2026-02-02T12:39:47.531,"Any[53, 45, 37, 30, 25]",53,25
1376,2026-01-31T07:49:00.0,2026-01-26T13:26:45.531,Any[],53,16
1020,2026-01-31T08:00:13.0,2026-01-26T13:37:58.531,"Any[1, 6, 11, 19, 25, 30, 37, 45, 56, 64]",1,64
1526,2026-01-31T08:00:13.0,2026-02-02T13:37:58.531,"Any[1, 6, 11, 19, 25, 30, 37, 45, 56, 64]",1,64
1534,2026-01-31T08:00:13.0,2026-02-02T13:37:58.531,"Any[1, 6, 11, 19, 25, 30, 37, 45, 56, 64]",1,64
191,2026-01-31T08:38:37.0,2026-01-26T14:16:22.531,"Any[8, 13, 19, 25, 30, 37, 45, 56]",8,56
1070,2026-01-31T08:51:01.0,2026-01-26T14:28:46.531,"Any[10, 19, 25, 30, 37, 45, 53]",10,53
1285,2026-01-31T08:51:01.0,2026-02-02T14:28:46.531,"Any[10, 19, 25, 30, 37, 45, 53]",10,53
1358,2026-01-31T09:31:00.0,2026-02-02T15:08:45.531,Any[],56,3
1078,2026-01-31T09:31:56.0,2026-02-02T15:09:41.531,"Any[53, 45, 37, 30, 25, 19, 10]",53,10
294,2026-01-31T09:47:56.0,2026-01-26T15:25:41.531,"Any[1, 6, 11, 19, 25, 30, 37, 45, 56]",1,56
1235,2026-01-31T09:48:06.0,2026-01-26T15:25:51.531,"Any[56, 45, 37, 30, 25, 19, 11, 6]",56,6
1034,2026-01-31T09:59:35.0,2026-01-26T15:37:20.531,"Any[10, 19, 25, 30, 37, 45]",10,45
634,2026-01-31T10:08:10.0,2026-02-02T15:45:55.531,"Any[1, 6, 11, 19, 25, 30, 37, 45, 53, 60, 64]",1,64
1530,2026-01-31T10:08:10.0,2026-02-02T15:45:55.531,"Any[1, 6, 11, 19, 25, 30, 37, 45, 53, 60, 64]",1,64
538,2026-01-31T10:27:36.0,2026-01-26T16:05:21.531,"Any[53, 45, 37, 30, 25, 19, 10]",53,10
600,2026-01-31T10:27:36.0,2026-01-26T16:05:21.531,"Any[53, 45, 37, 30, 25, 19, 10]",53,10
88,2026-01-31T10:57:24.0,2026-01-26T16:35:09.531,"Any[19, 25, 30, 37, 45, 56, 60]",19,60
486,2026-01-31T10:57:24.0,2026-01-26T16:35:09.531,"Any[19, 25, 30, 37, 45, 56, 60]",19,60
1199,2026-01-31T10:57:24.0,2026-02-02T16:35:09.531,"Any[19, 25, 30, 37, 45, 56, 60]",19,60
1171,2026-01-31T11:18:38.0,2026-01-26T16:56:23.531,"Any[53, 45, 37, 30, 25, 19, 10]",53,10
392,2026-01-31T11:23:17.0,2026-02-02T17:01:02.531,"Any[62, 56, 45, 37, 30, 25, 19, 13, 8]",62,8
1249,2026-01-31T11:23:17.0,2026-01-26T17:01:02.531,"Any[62, 56, 45, 37, 30, 25, 19, 13, 8]",62,8
684,2026-01-31T11:30:39.0,2026-02-02T17:08:24.531,"Any[6, 11, 19, 25, 30, 37, 45, 56]",6,56
635,2026-01-31T11:37:28.0,2026-02-02T17:15:13.531,"Any[62, 45, 37, 30, 25, 19, 13, 8]",62,8
296,2026-01-31T12:06:21.0,2026-01-26T17:44:06.531,"Any[6, 11, 19, 25, 30, 37, 45, 56]",6,56
1272,2026-01-31T13:10:57.0,2026-02-02T18:48:42.531,"Any[10, 19, 25, 30, 37, 45, 53]",10,53
1219,2026-01-31T13:21:43.0,2026-02-02T18:59:28.531,"Any[8, 13, 19, 25, 30, 37, 45, 53]",8,53
621,2026-01-31T13:32:45.0,2026-02-02T19:10:30.531,"Any[6, 11, 19, 25, 30, 37, 45]",6,45
937,2026-01-31T14:10:14.0,2026-02-02T19:47:59.531,"Any[56, 45, 37, 30, 25, 19, 11, 6, 1]",56,1
199,2026-01-31T14:19:03.0,2026-02-02T19:56:48.531,"Any[6, 11, 19, 25, 30, 37, 45, 56]",6,56
1317,2026-01-31T14:44:00.0,2026-01-26T20:21:45.531,Any[],60,7
338,2026-01-31T15:08:57.0,2026-01-26T20:46:42.531,"Any[56, 45, 37, 30, 25, 19, 13, 8]",56,8
190,2026-01-31T15:11:23.329,2026-01-26T20:49:08.86,"Any[45, 37, 30, 25, 19, 13, 8]",45,8
1408,2026-01-31T15:11:23.329,2026-02-02T20:49:08.86,"Any[45, 37, 30, 25, 19, 13, 8]",45,8
214,2026-01-31T15:28:00.539,2026-02-02T21:05:46.07,"Any[1, 6, 11, 16, 25, 30, 37, 45, 56]",1,56
116,2026-01-31T15:35:15.0,2026-01-26T21:13:00.531,"Any[6, 11, 19, 25, 30, 37, 45]",6,45
921,2026-01-31T15:36:06.0,2026-02-02T21:13:51.531,"Any[6, 11, 19, 25, 30, 37, 45, 56]",6,56
1379,2026-01-31T15:47:00.0,2026-01-26T21:24:45.531,Any[],53,7
513,2026-01-31T15:58:54.0,2026-01-26T21:36:39.531,"Any[19, 25, 30, 37, 45, 53]",19,53
666,2026-01-31T16:45:11.838,2026-01-26T22:22:57.369,"Any[56, 45, 37, 30, 25, 19, 13, 8]",56,8
477,2026-01-31T16:49:34.0,2026-01-26T22:27:19.531,"Any[53, 45, 37, 30, 25]",53,25
287,2026-01-31T16:49:48.0,2026-02-02T22:27:33.531,"Any[56, 45, 37, 30, 25, 19, 11, 6, 1]",56,1
575,2026-01-31T16:49:48.0,2026-01-26T22:27:33.531,"Any[56, 45, 37, 30, 25, 19, 11, 6, 1]",56,1
157,2026-01-31T16:59:17.0,2026-01-26T22:37:02.531,"Any[6, 11, 19, 25, 30, 37, 45]",6,45
935,2026-01-31T17:09:22.0,2026-02-02T22:47:07.531,"Any[8, 13, 19, 25, 30, 37, 45, 56]",8,56
662,2026-01-31T17:13:37.0,2026-02-02T22:51:22.531,"Any[60, 53, 45, 37, 30, 25, 19, 13, 8]",60,8
718,2026-01-31T17:20:34.0,2026-02-02T22:58:19.531,"Any[56, 45, 37, 30, 25]",56,25
608,2026-01-31T17:23:26.0,2026-02-02T23:01:11.531,"Any[56, 45, 37, 30, 25, 19, 13, 8]",56,8
1035,2026-01-31T17:23:26.0,2026-01-26T23:01:11.531,"Any[56, 45, 37, 30, 25, 19, 13, 8]",56,8
1348,2026-01-31T17:23:26.0,2026-01-26T23:01:11.531,"Any[56, 45, 37, 30, 25, 19, 13, 8]",56,8
895,2026-01-31T18:01:46.0,2026-02-02T23:39:31.531,"Any[56, 45, 37, 30, 25, 19]",56,19
1049,2026-01-31T18:01:46.0,2026-02-02T23:39:31.531,"Any[56, 45, 37, 30, 25, 19]",56,19
161,2026-01-31T18:04:35.764,2026-01-26T23:42:21.295,"Any[1, 6, 11, 19, 25, 30, 37, 45, 56]",1,56
819,2026-01-31T18:22:17.0,2026-01-27T00:00:02.531,"Any[8, 13, 19, 25, 30, 37, 45, 53]",8,53
950,2026-01-31T18:22:17.0,2026-01-27T00:00:02.531,"Any[8, 13, 19, 25, 30, 37, 45, 53]",8,53
1138,2026-01-31T18:22:17.0,2026-02-03T00:00:02.531,"Any[8, 13, 19, 25, 30, 37, 45, 53]",8,53
1522,2026-01-31T18:22:17.0,2026-02-03T00:00:02.531,"Any[8, 13, 19, 25, 30, 37, 45, 53]",8,53
1174,2026-01-31T18:22:32.0,2026-02-03T00:00:17.531,"Any[56, 45, 37, 30, 25, 19]",56,19
1328,2026-01-31T18:32:54.0,2026-01-27T00:10:39.531,"Any[56, 45, 37, 30, 25, 19]",56,19
1336,2026-01-31T18:32:54.0,2026-01-27T00:10:39.531,"Any[56, 45, 37, 30, 25, 19]",56,19
1335,2026-01-31T18:35:00.0,2026-02-03T00:12:45.531,"Any[56, 45, 37, 30, 25, 19]",56,19
1338,2026-01-31T18:35:00.0,2026-01-27T00:12:45.531,"Any[56, 45, 37, 30, 25, 19]",56,19
960,2026-01-31T18:43:38.0,2026-01-27T00:21:23.531,"Any[56, 45, 37, 30, 25]",56,25
1374,2026-01-31T19:26:00.0,2026-01-27T01:03:45.531,Any[],53,17
21,2026-01-31T19:29:47.0,2026-01-27T01:07:32.531,"Any[1, 6, 11, 19, 25, 30, 37, 45, 53]",1,53
1278,2026-01-31T19:29:47.0,2026-02-03T01:07:32.531,"Any[1, 6, 11, 19, 25, 30, 37, 45, 53]",1,53
1568,2026-01-31T19:32:00.0,2026-01-27T01:09:45.531,Any[],10,64
490,2026-01-31T19:48:50.0,2026-02-03T01:26:35.531,"Any[53, 45, 37, 30, 25, 19, 11, 6, 1]",53,1
715,2026-01-31T20:02:17.0,2026-02-03T01:40:02.531,"Any[8, 13, 19, 25, 30, 37, 45, 56]",8,56
739,2026-01-31T20:22:10.0,2026-01-27T01:59:55.531,"Any[6, 11, 19, 25, 30, 37, 45, 56, 60]",6,60
212,2026-01-31T20:31:48.0,2026-02-03T02:09:33.531,"Any[1, 6, 11, 19, 25, 30, 37, 45, 56]",1,56
349,2026-01-31T20:37:22.0,2026-01-27T02:15:07.531,"Any[53, 45, 37, 30, 25, 19, 11, 6, 1]",53,1
669,2026-01-31T20:48:21.0,2026-02-03T02:26:06.531,"Any[1, 6, 11, 19, 25, 30, 37, 45, 56]",1,56
1170,2026-01-31T20:48:21.0,2026-01-27T02:26:06.531,"Any[1, 6, 11, 19, 25, 30, 37, 45, 56]",1,56
243,2026-01-31T21:19:51.0,2026-02-03T02:57:36.531,"Any[8, 13, 19, 25, 30, 37, 45, 53]",8,53
1027,2026-01-31T21:19:51.0,2026-02-03T02:57:36.531,"Any[8, 13, 19, 25, 30, 37, 45, 53]",8,53
1597,2026-01-31T22:00:58.0,2026-02-03T03:38:43.531,"Any[10, 11, 19, 25, 30, 37, 45, 53]",10,53
1231,2026-01-31T22:02:50.0,2026-01-27T03:40:35.531,"Any[10, 19, 25, 30, 37, 45, 53, 60]",10,60
368,2026-01-31T22:06:55.0,2026-02-03T03:44:40.531,"Any[10, 19, 25, 30, 37, 45, 53]",10,53
934,2026-01-31T22:18:50.0,2026-01-27T03:56:35.531,"Any[8, 13, 19, 25, 30, 37, 45, 56]",8,56
729,2026-01-31T23:07:37.0,2026-02-03T04:45:22.531,"Any[25, 30, 37, 45, 56]",25,56
989,2026-01-31T23:11:13.0,2026-02-03T04:48:58.531,"Any[10, 19, 25, 30, 37, 45, 53]",10,53
1307,2026-01-31T23:30:35.0,2026-02-03T05:08:20.531,"Any[25, 30, 37, 45, 56]",25,56
292,2026-01-31T23:37:58.0,2026-02-03T05:15:43.531,"Any[60, 56, 45, 37, 30, 25, 19, 11, 6]",60,6
441,2026-01-31T23:37:58.0,2026-02-03T05:15:43.531,"Any[60, 56, 45, 37, 30, 25, 19, 11, 6]",60,6
65,2026-01-31T23:56:38.0,2026-01-27T05:34:23.531,"Any[19, 25, 30, 37, 45, 53]",19,53
1584,2026-02-01T00:06:00.0,2026-02-03T05:43:45.531,Any[],10,64
496,2026-02-01T00:14:33.0,2026-02-03T05:52:18.531,"Any[53, 45, 37, 30, 25, 19, 13, 8]",53,8
244,2026-02-01T00:25:53.0,2026-01-27T06:03:38.531,"Any[7, 8, 13, 19, 25, 30, 37, 45, 53]",7,53
759,2026-02-01T00:32:32.0,2026-01-27T06:10:17.531,"Any[53, 45, 37, 30, 25, 19, 13, 8]",53,8
734,2026-02-01T00:43:18.0,2026-02-03T06:21:03.531,"Any[10, 19, 25, 30, 37, 45, 53]",10,53
1425,2026-02-01T01:09:50.0,2026-02-03T06:47:35.531,"Any[45, 37, 30, 23, 19, 11, 6]",45,6
1426,2026-02-01T01:09:50.0,2026-02-03T06:47:35.531,"Any[45, 37, 30, 23, 19, 11, 6]",45,6
920,2026-02-01T02:19:33.0,2026-02-03T07:57:18.531,"Any[64, 60, 53, 45, 37, 30, 25, 19, 13, 8]",64,8
197,2026-02-01T02:40:11.0,2026-01-27T08:17:56.531,"Any[64, 60, 56, 45, 37, 30, 25, 19, 11, 6]",64,6
653,2026-02-01T03:26:03.0,2026-02-03T09:03:48.531,"Any[60, 56, 45, 37, 30, 25, 19, 13, 8]",60,8
811,2026-02-01T03:54:38.0,2026-02-03T09:32:23.531,"Any[53, 45, 37, 30, 25, 19, 10]",53,10
1245,2026-02-01T03:54:38.0,2026-02-03T09:32:23.531,"Any[53, 45, 37, 30, 25, 19, 10]",53,10
779,2026-02-01T04:06:13.0,2026-01-27T09:43:58.531,"Any[19, 25, 30, 37, 45, 53]",19,53
949,2026-02-01T04:37:24.0,2026-01-27T10:15:09.531,"Any[17, 16, 17, 25, 30, 37, 45, 53, 60]",17,60
97,2026-02-01T05:02:41.0,2026-01-27T10:40:26.531,"Any[60, 53, 45, 37, 30, 25, 19, 11, 6, 1]",60,1
769,2026-02-01T05:02:41.0,2026-02-03T10:40:26.531,"Any[60, 53, 45, 37, 30, 25, 19, 11, 6, 1]",60,1
597,2026-02-01T05:47:39.0,2026-02-03T11:25:24.531,"Any[3, 10, 19, 25, 30, 37, 45, 53]",3,53
717,2026-02-01T05:48:40.0,2026-01-27T11:26:25.531,"Any[60, 53, 45, 37, 30, 25, 19, 13, 8]",60,8
1122,2026-02-01T05:49:45.0,2026-01-27T11:27:30.531,"Any[17, 25, 30, 37, 45, 53]",17,53
1065,2026-02-01T06:03:40.0,2026-02-03T11:41:25.531,"Any[64, 53, 45, 37, 30, 25, 19, 11, 6, 1]",64,1
222,2026-02-01T06:10:14.0,2026-01-27T11:47:59.531,"Any[17, 16, 17, 25, 30, 37, 45, 53, 60]",17,60
642,2026-02-01T07:01:47.0,2026-01-27T12:39:32.531,"Any[64, 60, 53, 45, 37, 30, 25, 19, 11, 6, 1]",64,1
178,2026-02-01T07:32:51.0,2026-02-03T13:10:36.531,"Any[3, 10, 19, 25, 30, 37, 45, 53]",3,53
720,2026-02-01T07:42:48.117,2026-01-27T13:20:33.648,"Any[56, 45, 37, 30, 25, 19]",56,19
805,2026-02-01T07:42:48.117,2026-01-27T13:20:33.648,"Any[56, 45, 37, 30, 25, 19]",56,19
599,2026-02-01T07:45:44.0,2026-01-27T13:23:29.531,"Any[53, 45, 37, 30, 25, 19, 13, 8]",53,8
982,2026-02-01T07:45:44.0,2026-01-27T13:23:29.531,"Any[53, 45, 37, 30, 25, 19, 13, 8]",53,8
814,2026-02-01T07:51:09.0,2026-02-03T13:28:54.531,"Any[64, 60, 56, 45, 37, 30, 25, 19, 11, 6]",64,6
1202,2026-02-01T07:55:19.0,2026-02-03T13:33:04.531,"Any[45, 37, 30, 25]",45,25
1371,2026-02-01T08:00:00.0,2026-01-27T13:37:45.531,Any[],53,17
1225,2026-02-01T08:06:20.0,2026-01-27T13:44:05.531,"Any[7, 8, 13, 19, 25, 30, 37, 45, 53]",7,53
525,2026-02-01T08:11:09.0,2026-02-03T13:48:54.531,"Any[60, 56, 45, 37, 30, 25, 19, 11, 6, 1]",60,1
849,2026-02-01T08:11:09.0,2026-01-27T13:48:54.531,"Any[60, 56, 45, 37, 30, 25, 19, 11, 6, 1]",60,1
462,2026-02-01T08:16:07.0,2026-02-03T13:53:52.531,"Any[53, 45, 37, 30, 25, 19, 13, 8]",53,8
497,2026-02-01T08:31:27.012,2026-02-03T14:09:12.543,"Any[6, 11, 19, 25, 30, 37, 45, 56]",6,56
877,2026-02-01T08:31:27.012,2026-02-03T14:09:12.543,"Any[6, 11, 19, 25, 30, 37, 45, 56]",6,56
918,2026-02-01T08:58:09.0,2026-01-27T14:35:54.531,"Any[64, 60, 56, 45, 37, 30, 25, 19, 10]",64,10
1472,2026-02-01T09:31:39.0,2026-01-27T15:09:24.531,"Any[25, 30, 37, 45, 53]",25,53
1474,2026-02-01T09:31:39.0,2026-01-27T15:09:24.531,"Any[25, 30, 37, 45, 53]",25,53
1477,2026-02-01T09:31:39.0,2026-02-03T15:09:24.531,"Any[25, 30, 37, 45, 53]",25,53
1478,2026-02-01T09:31:39.0,2026-01-27T15:09:24.531,"Any[25, 30, 37, 45, 53]",25,53
1486,2026-02-01T09:31:39.0,2026-02-03T15:09:24.531,"Any[25, 30, 37, 45, 53]",25,53
1493,2026-02-01T09:31:39.0,2026-01-27T15:09:24.531,"Any[25, 30, 37, 45, 53]",25,53
202,2026-02-01T09:38:45.0,2026-01-27T15:16:30.531,"Any[56, 45, 37, 30, 25, 19, 20]",56,20
254,2026-02-01T10:27:44.0,2026-02-03T16:05:29.531,"Any[60, 56, 45, 37, 30, 25, 19, 11, 6, 1]",60,1
1433,2026-02-01T10:51:46.637,2026-02-03T16:29:32.168,"Any[25, 30, 37, 45, 56, 60]",25,60
1438,2026-02-01T10:51:46.637,2026-02-03T16:29:32.168,"Any[25, 30, 37, 45, 56, 60]",25,60
1455,2026-02-01T10:51:46.637,2026-01-27T16:29:32.168,"Any[25, 30, 37, 45, 56, 60]",25,60
1459,2026-02-01T10:51:46.637,2026-01-27T16:29:32.168,"Any[25, 30, 37, 45, 56, 60]",25,60
1468,2026-02-01T10:51:46.637,2026-02-03T16:29:32.168,"Any[25, 30, 37, 45, 56, 60]",25,60
772,2026-02-01T11:52:41.0,2026-01-27T17:30:26.531,"Any[56, 45, 37, 30, 25]",56,25
30,2026-02-01T12:03:10.0,2026-02-03T17:40:55.531,"Any[1, 6, 11, 19, 25, 30, 37, 45, 56, 60]",1,60
1288,2026-02-01T12:03:10.0,2026-01-27T17:40:55.531,"Any[1, 6, 11, 19, 25, 30, 37, 45, 56, 60]",1,60
735,2026-02-01T12:11:25.0,2026-01-27T17:49:10.531,"Any[56, 45, 37, 30, 25, 19, 13, 8]",56,8
1063,2026-02-01T12:11:25.0,2026-02-03T17:49:10.531,"Any[56, 45, 37, 30, 25, 19, 13, 8]",56,8
475,2026-02-01T12:34:28.0,2026-01-27T18:12:13.531,"Any[60, 53, 45, 37, 30, 25, 19, 11, 6, 1]",60,1
310,2026-02-01T13:10:15.0,2026-01-27T18:48:00.531,"Any[7, 8, 13, 19, 25, 30, 37, 45, 53]",7,53
1042,2026-02-01T13:43:04.0,2026-02-03T19:20:49.531,"Any[53, 45, 37, 30, 25]",53,25
710,2026-02-01T13:59:18.0,2026-02-03T19:37:03.531,"Any[19, 25, 30, 37, 45, 53, 60]",19,60
1181,2026-02-01T13:59:18.0,2026-01-27T19:37:03.531,"Any[19, 25, 30, 37, 45, 53, 60]",19,60
1177,2026-02-01T14:03:02.0,2026-01-27T19:40:47.531,"Any[8, 13, 19, 25, 30, 37, 45, 56]",8,56
435,2026-02-01T14:09:42.0,2026-01-27T19:47:27.531,"Any[3, 10, 19, 25, 30, 37, 45, 53, 60]",3,60
1418,2026-02-01T15:33:00.0,2026-02-03T21:10:45.531,Any[],45,3
1079,2026-02-01T15:33:45.0,2026-01-27T21:11:30.531,"Any[64, 60, 53, 45, 37, 30, 25, 19, 11, 6, 1]",64,1
1359,2026-02-01T16:16:00.0,2026-02-03T21:53:45.531,Any[],56,5
1125,2026-02-01T16:17:09.0,2026-01-27T21:54:54.531,"Any[19, 25, 30, 37, 45, 53, 60]",19,60
1265,2026-02-01T16:17:09.0,2026-01-27T21:54:54.531,"Any[19, 25, 30, 37, 45, 53, 60]",19,60
58,2026-02-01T17:37:51.0,2026-01-27T23:15:36.531,"Any[56, 45, 37, 30, 25]",56,25
458,2026-02-01T17:54:05.0,2026-02-03T23:31:50.531,"Any[8, 13, 19, 25, 30, 37, 45, 53]",8,53
1377,2026-02-01T18:35:00.0,2026-02-04T00:12:45.531,Any[],53,16
181,2026-02-01T19:30:18.0,2026-01-28T01:08:03.531,"Any[60, 56, 45, 37, 30, 25, 19, 11, 6]",60,6
900,2026-02-01T19:47:45.023,2026-01-28T01:25:30.554,"Any[53, 45, 37, 30, 25, 19, 10]",53,10
855,2026-02-01T20:10:39.0,2026-01-28T01:48:24.531,"Any[53, 45, 37, 30, 25, 19, 10]",53,10
240,2026-02-01T20:24:20.0,2026-02-04T02:02:05.531,"Any[56, 45, 37, 30, 25, 19, 11, 6, 1, 1]",56,1
1037,2026-02-01T20:24:48.0,2026-02-04T02:02:33.531,"Any[8, 13, 19, 25, 30, 37, 45, 53]",8,53
1284,2026-02-01T20:34:05.0,2026-02-04T02:11:50.531,"Any[8, 13, 19, 25, 30, 37, 45, 56]",8,56
460,2026-02-01T21:03:16.024,2026-02-04T02:41:01.555,"Any[56, 45, 37, 30, 25, 19, 11, 6]",56,6
411,2026-02-01T21:28:34.0,2026-01-28T03:06:19.531,"Any[3, 10, 19, 25, 30, 37, 45, 53]",3,53
939,2026-02-01T21:37:12.0,2026-01-28T03:14:57.531,"Any[56, 45, 37, 30, 25, 19, 13, 8]",56,8
1075,2026-02-01T21:50:31.647,2026-01-28T03:28:17.178,"Any[2, 9, 21, 27, 31, 36, 45, 55]",2,55
67,2026-02-01T22:01:26.941,2026-02-04T03:39:12.472,"Any[60, 56, 45, 37, 30, 25, 19]",60,19
501,2026-02-01T22:01:26.941,2026-01-28T03:39:12.472,"Any[60, 56, 45, 37, 30, 25, 19]",60,19
45,2026-02-01T23:38:19.0,2026-01-28T05:16:04.531,"Any[8, 13, 19, 25, 30, 37, 45, 56]",8,56
134,2026-02-01T23:38:19.0,2026-02-04T05:16:04.531,"Any[8, 13, 19, 25, 30, 37, 45, 56]",8,56
480,2026-02-01T23:42:58.0,2026-01-28T05:20:43.531,"Any[53, 45, 37, 30, 25, 19, 13, 8]",53,8
1209,2026-02-01T23:42:58.0,2026-02-04T05:20:43.531,"Any[53, 45, 37, 30, 25, 19, 13, 8]",53,8
1246,2026-02-01T23:44:35.0,2026-01-28T05:22:20.531,"Any[60, 56, 45, 37, 30, 25, 19, 13, 8]",60,8
1132,2026-02-01T23:56:39.0,2026-01-28T05:34:24.531,"Any[53, 45, 37, 30, 25, 19, 11, 6, 1]",53,1
534,2026-02-01T23:59:30.0,2026-01-28T05:37:15.531,"Any[45, 37, 30, 25]",45,25
