id,departure_timestamp,arrival_timestamp,ps_seq,Origin_PS,Destination_PS
562,2026-01-05T00:55:57.0,2026-01-07T06:33:42.531,"Any[53, 45, 37, 30, 25, 19, 11, 6, 1]",53,1
761,2026-01-05T01:38:03.0,2026-01-14T07:15:48.531,"Any[53, 45, 37, 30, 25, 17, 11, 6, 1]",53,1
1558,2026-01-05T01:43:45.0,2026-01-14T07:21:30.531,"Any[53, 45, 37, 30, 25, 19, 11, 6, 1]",53,1
1549,2026-01-05T01:44:13.0,2026-01-14T07:21:58.531,"Any[53, 45, 37, 30, 25, 19, 11, 6, 1]",53,1
119,2026-01-05T02:36:47.0,2026-01-14T08:14:32.531,"Any[64, 53, 45, 37, 30, 25, 19, 10]",64,10
963,2026-01-05T02:36:47.0,2026-01-14T08:14:32.531,"Any[64, 53, 45, 37, 30, 25, 19, 10]",64,10
928,2026-01-05T04:45:33.0,2026-01-14T10:23:18.531,"Any[19, 17, 25, 30, 37, 45, 53, 60]",19,60
417,2026-01-05T05:30:05.0,2026-01-14T11:07:50.531,"Any[16, 19, 25, 30, 37, 45, 53]",16,53
35,2026-01-05T05:54:32.0,2026-01-07T11:32:17.531,"Any[53, 45, 37, 30, 25]",53,25
374,2026-01-05T06:28:25.0,2026-01-07T12:06:10.531,"Any[16, 25, 30, 37, 45, 53]",16,53
722,2026-01-05T07:18:59.0,2026-01-07T12:56:44.531,"Any[8, 13, 19, 25, 30, 37, 45, 56]",8,56
134,2026-01-05T07:29:28.0,2026-01-07T13:07:13.531,"Any[60, 53, 45, 37, 30, 25, 19, 11, 6, 1]",60,1
1316,2026-01-05T08:31:42.0,2026-01-14T14:09:27.531,"Any[8, 13, 19, 25, 30, 37, 45, 56]",8,56
1472,2026-01-05T08:31:42.0,2026-01-14T14:09:27.531,"Any[8, 13, 19, 25, 30, 37, 45, 56]",8,56
14,2026-01-05T08:49:55.0,2026-01-07T14:27:40.531,"Any[7, 8, 13, 19, 25, 30, 37, 45, 56]",7,56
1098,2026-01-05T08:52:38.0,2026-01-14T14:30:23.531,"Any[19, 25, 30, 37, 45, 56]",19,56
1334,2026-01-05T08:52:38.0,2026-01-07T14:30:23.531,"Any[19, 25, 30, 37, 45, 56]",19,56
720,2026-01-05T09:00:08.696,2026-01-14T14:37:54.227,"Any[64, 53, 45, 37, 30, 25, 11, 6, 1]",64,1
1425,2026-01-05T09:00:08.696,2026-01-14T14:37:54.227,"Any[64, 53, 45, 37, 30, 25, 11, 6, 1]",64,1
708,2026-01-05T09:45:24.0,2026-01-07T15:23:09.531,"Any[3, 6, 11, 19, 25, 30, 37, 45]",3,45
689,2026-01-05T11:22:43.0,2026-01-14T17:00:28.531,"Any[60, 53, 45, 37, 30, 25]",60,25
709,2026-01-05T11:59:40.0,2026-01-07T17:37:25.531,"Any[53, 45, 37, 30, 25]",53,25
1498,2026-01-05T12:18:14.0,2026-01-14T17:55:59.531,"Any[64, 60, 53, 45, 37, 30, 25]",64,25
636,2026-01-05T12:24:59.0,2026-01-07T18:02:44.531,"Any[56, 45, 37, 30, 25]",56,25
1095,2026-01-05T12:52:33.0,2026-01-14T18:30:18.531,"Any[10, 19, 25, 30, 37, 45, 56]",10,56
1130,2026-01-05T12:52:33.0,2026-01-07T18:30:18.531,"Any[10, 19, 25, 30, 37, 45, 56]",10,56
867,2026-01-05T13:12:12.0,2026-01-14T18:49:57.531,"Any[8, 13, 25, 30, 37, 45, 53]",8,53
1210,2026-01-05T13:14:28.16,2026-01-07T18:52:13.691,"Any[64, 60, 56, 45, 37, 30, 25, 19, 11, 6]",64,6
634,2026-01-05T13:17:34.0,2026-01-14T18:55:19.531,"Any[19, 25, 30, 37, 30, 37, 45, 53, 60, 64]",19,64
504,2026-01-05T13:31:43.0,2026-01-07T19:09:28.531,"Any[6, 11, 19, 25, 30, 37, 45, 53]",6,53
1250,2026-01-05T13:32:16.0,2026-01-14T19:10:01.531,"Any[62, 45, 37, 30, 25, 19, 13, 8]",62,8
341,2026-01-05T13:33:03.0,2026-01-14T19:10:48.531,"Any[45, 37, 30, 25]",45,25
488,2026-01-05T13:50:16.0,2026-01-14T19:28:01.531,"Any[60, 53, 45, 37, 30, 25]",60,25
909,2026-01-05T14:32:33.0,2026-01-07T20:10:18.531,"Any[19, 25, 30, 37, 45]",19,45
187,2026-01-05T14:45:23.0,2026-01-14T20:23:08.531,"Any[53, 45, 37, 30, 25, 19, 10]",53,10
901,2026-01-05T14:45:23.0,2026-01-14T20:23:08.531,"Any[53, 45, 37, 30, 25, 19, 10]",53,10
966,2026-01-05T14:46:56.0,2026-01-07T20:24:41.531,"Any[53, 45, 37, 30, 25]",53,25
1092,2026-01-05T14:46:56.0,2026-01-07T20:24:41.531,"Any[53, 45, 37, 30, 25]",53,25
521,2026-01-05T14:58:33.0,2026-01-07T20:36:18.531,"Any[6, 11, 19, 25, 30, 37, 45, 56]",6,56
1475,2026-01-05T15:06:44.0,2026-01-14T20:44:29.531,"Any[19, 25, 30, 37, 45, 56]",19,56
557,2026-01-05T15:14:28.0,2026-01-14T20:52:13.531,"Any[56, 45, 37, 30, 25, 19, 11, 6, 1]",56,1
1179,2026-01-05T15:14:28.0,2026-01-07T20:52:13.531,"Any[56, 45, 37, 30, 25, 19, 11, 6, 1]",56,1
1321,2026-01-05T15:14:28.0,2026-01-07T20:52:13.531,"Any[56, 45, 37, 30, 25, 19, 11, 6, 1]",56,1
1108,2026-01-05T15:30:10.0,2026-01-14T21:07:55.531,"Any[6, 11, 16, 25, 30, 37, 45]",6,45
667,2026-01-05T15:58:56.316,2026-01-14T21:36:41.847,"Any[60, 53, 45, 37, 30, 25, 19, 10]",60,10
1519,2026-01-05T15:58:56.316,2026-01-07T21:36:41.847,"Any[60, 53, 45, 37, 30, 25, 19, 10]",60,10
1224,2026-01-05T15:59:39.636,2026-01-07T21:37:25.167,"Any[60, 56, 45, 37, 30, 25, 19]",60,19
1065,2026-01-05T16:06:20.0,2026-01-07T21:44:05.531,"Any[56, 45, 37, 30, 25]",56,25
386,2026-01-05T16:16:23.0,2026-01-14T21:54:08.531,"Any[19, 25, 30, 37, 45, 53]",19,53
58,2026-01-05T16:41:49.0,2026-01-14T22:19:34.531,"Any[60, 53, 45, 37, 30, 25, 19, 11, 6, 6]",60,6
694,2026-01-05T16:42:08.0,2026-01-07T22:19:53.531,"Any[60, 53, 45, 37, 30, 25, 19, 13, 8]",60,8
1197,2026-01-05T16:42:08.0,2026-01-14T22:19:53.531,"Any[60, 53, 45, 37, 30, 25, 19, 13, 8]",60,8
1196,2026-01-05T16:43:05.0,2026-01-07T22:20:50.531,"Any[60, 53, 45, 37, 30, 25, 19]",60,19
570,2026-01-05T16:43:13.0,2026-01-14T22:20:58.531,"Any[60, 56, 45, 37, 30, 25, 19, 17, 19, 11, 6]",60,6
218,2026-01-05T16:44:42.0,2026-01-07T22:22:27.531,"Any[56, 45, 37, 30, 25, 19, 11, 6]",56,6
1352,2026-01-05T16:44:42.0,2026-01-07T22:22:27.531,"Any[56, 45, 37, 30, 25, 19, 11, 6]",56,6
850,2026-01-05T16:52:14.0,2026-01-14T22:29:59.531,"Any[53, 45, 37, 30, 25]",53,25
1002,2026-01-05T16:53:06.0,2026-01-07T22:30:51.531,"Any[53, 45, 37, 30, 25]",53,25
59,2026-01-05T17:04:03.0,2026-01-07T22:41:48.531,"Any[56, 45, 37, 30, 25, 19, 13, 8]",56,8
1045,2026-01-05T17:04:03.0,2026-01-07T22:41:48.531,"Any[56, 45, 37, 30, 25, 19, 13, 8]",56,8
1477,2026-01-05T17:32:31.451,2026-01-07T23:10:16.982,"Any[25, 30, 37, 45, 53]",25,53
1200,2026-01-05T17:37:37.0,2026-01-07T23:15:22.531,"Any[56, 45, 37, 30, 25, 19, 11, 6]",56,6
303,2026-01-05T17:41:14.0,2026-01-07T23:18:59.531,"Any[56, 45, 37, 30, 25, 19, 11, 6, 1]",56,1
703,2026-01-05T17:41:14.0,2026-01-14T23:18:59.531,"Any[56, 45, 37, 30, 25, 19, 11, 6, 1]",56,1
435,2026-01-05T18:22:31.343,2026-01-15T00:00:16.874,"Any[53, 45, 37, 30, 25, 19, 13, 8]",53,8
217,2026-01-05T18:32:15.0,2026-01-08T00:10:00.531,"Any[19, 25, 30, 37, 45, 56, 60, 60, 64]",19,60
111,2026-01-05T18:34:39.0,2026-01-08T00:12:24.531,"Any[56, 45, 37, 30, 25]",56,25
1411,2026-01-05T18:34:39.0,2026-01-08T00:12:24.531,"Any[56, 45, 37, 30, 25]",56,25
739,2026-01-05T18:38:03.0,2026-01-08T00:15:48.531,"Any[60, 53, 45, 37, 30, 25, 19, 10]",60,10
208,2026-01-05T18:55:59.057,2026-01-08T00:33:44.588,"Any[8, 13, 19, 25, 37, 45, 56, 60]",8,60
1429,2026-01-05T19:39:11.0,2026-01-15T01:16:56.531,"Any[6, 11, 19, 25, 30, 37, 45]",6,45
1053,2026-01-05T19:55:52.0,2026-01-15T01:33:37.531,"Any[8, 13, 19, 25, 30, 37, 45, 53]",8,53
1484,2026-01-05T19:58:20.394,2026-01-15T01:36:05.925,"Any[60, 56, 45, 37, 30, 25, 19, 11, 6]",60,6
932,2026-01-05T20:03:13.279,2026-01-08T01:40:58.81,"Any[10, 19, 25, 30, 37, 45, 53]",10,53
141,2026-01-05T20:08:37.764,2026-01-15T01:46:23.295,"Any[54, 44, 36, 23, 19, 13, 8]",54,8
1024,2026-01-05T20:14:13.0,2026-01-08T01:51:58.531,"Any[53, 45, 37, 30, 25, 19, 13, 8]",53,8
294,2026-01-05T20:17:24.0,2026-01-08T01:55:09.531,"Any[53, 45, 37, 30, 25, 19, 10]",53,10
679,2026-01-05T20:17:24.0,2026-01-15T01:55:09.531,"Any[53, 45, 37, 30, 25, 19, 10]",53,10
898,2026-01-05T20:20:55.0,2026-01-08T01:58:40.531,"Any[53, 45, 37, 30, 25, 19, 10]",53,10
1496,2026-01-05T20:32:06.0,2026-01-08T02:09:51.531,"Any[10, 19, 30, 37, 45, 53]",10,53
1487,2026-01-05T20:37:32.0,2026-01-15T02:15:17.531,"Any[60, 53, 45, 37, 30, 25, 19, 10]",60,10
1216,2026-01-05T20:41:14.074,2026-01-15T02:18:59.605,"Any[56, 45, 37, 30, 25, 19, 11, 6]",56,6
163,2026-01-05T21:55:18.0,2026-01-08T03:33:03.531,"Any[19, 25, 30, 37, 45, 53]",19,53
748,2026-01-05T22:23:37.0,2026-01-08T04:01:22.531,"Any[10, 19, 25, 30, 37, 45, 56]",10,56
1505,2026-01-05T23:04:16.0,2026-01-08T04:42:01.531,"Any[8, 13, 19, 25, 30, 37, 45, 53]",8,53
837,2026-01-05T23:15:08.0,2026-01-08T04:52:53.531,"Any[53, 45, 37, 30, 25]",53,25
1103,2026-01-05T23:15:08.0,2026-01-08T04:52:53.531,"Any[53, 45, 37, 30, 25]",53,25
25,2026-01-05T23:24:09.53,2026-01-08T05:01:55.061,"Any[60, 56, 45, 37, 30, 25, 19]",60,19
666,2026-01-05T23:24:09.53,2026-01-08T05:01:55.061,"Any[60, 56, 45, 37, 30, 25, 19]",60,19
1407,2026-01-05T23:24:09.53,2026-01-15T05:01:55.061,"Any[60, 56, 45, 37, 30, 25, 19]",60,19
1562,2026-01-05T23:36:11.898,2026-01-15T05:13:57.429,"Any[53, 45, 37, 30, 25, 19, 11, 6, 1]",53,1
1277,2026-01-05T23:59:35.0,2026-01-08T05:37:20.531,"Any[1, 6, 11, 19, 23, 36, 44, 54, 60]",1,60
1081,2026-01-06T00:21:38.0,2026-01-08T05:59:23.531,"Any[10, 19, 30, 37, 45, 53]",10,53
1242,2026-01-06T00:21:38.0,2026-01-08T05:59:23.531,"Any[10, 19, 30, 37, 45, 53]",10,53
804,2026-01-06T00:38:52.0,2026-01-15T06:16:37.531,"Any[64, 60, 53, 45, 37, 30, 25, 19, 10]",64,10
982,2026-01-06T01:02:01.0,2026-01-15T06:39:46.531,"Any[8, 13, 19, 25, 30, 37, 45, 56]",8,56
1028,2026-01-06T01:02:01.0,2026-01-15T06:39:46.531,"Any[8, 13, 19, 25, 30, 37, 45, 56]",8,56
929,2026-01-06T01:30:42.0,2026-01-15T07:08:27.531,"Any[7, 8, 13, 19, 25, 30, 37, 45, 53]",7,53
1278,2026-01-06T02:13:39.0,2026-01-08T07:51:24.531,"Any[53, 45, 37, 30, 25, 19, 11, 6, 1]",53,1
1051,2026-01-06T02:35:34.0,2026-01-15T08:13:19.531,"Any[8, 13, 19, 25, 30, 37, 45, 53]",8,53
628,2026-01-06T02:45:19.0,2026-01-15T08:23:04.531,"Any[64, 60, 53, 45, 37, 30, 25, 19, 11, 6, 6, 1]",64,6
249,2026-01-06T02:52:58.838,2026-01-15T08:30:44.369,"Any[64, 53, 45, 37, 30, 25, 19, 13, 8]",64,8
395,2026-01-06T03:21:06.0,2026-01-15T08:58:51.531,"Any[8, 13, 19, 25, 30, 37, 45, 53]",8,53
16,2026-01-06T03:23:01.0,2026-01-15T09:00:46.531,"Any[19, 25, 30, 37, 45, 53]",19,53
382,2026-01-06T03:24:36.0,2026-01-08T09:02:21.531,"Any[60, 53, 45, 37, 30, 25, 19, 10]",60,10
730,2026-01-06T04:30:47.0,2026-01-15T10:08:32.531,"Any[19, 17, 25, 30, 37, 45, 53, 60]",19,60
1150,2026-01-06T04:52:43.0,2026-01-15T10:30:28.531,"Any[19, 25, 30, 37, 45, 53]",19,53
1571,2026-01-06T05:16:03.0,2026-01-15T10:53:48.531,"Any[10, 19, 25, 30, 37, 45, 53]",10,53
579,2026-01-06T05:39:05.0,2026-01-15T11:16:50.531,"Any[10, 19, 25, 30, 37, 45, 53]",10,53
494,2026-01-06T06:31:22.0,2026-01-15T12:09:07.531,"Any[64, 53, 45, 37, 30, 25, 19, 11, 6, 1]",64,1
993,2026-01-06T06:31:22.0,2026-01-08T12:09:07.531,"Any[64, 53, 45, 37, 30, 25, 19, 11, 6, 1]",64,1
1347,2026-01-06T06:31:22.0,2026-01-15T12:09:07.531,"Any[64, 53, 45, 37, 30, 25, 19, 11, 6, 1]",64,1
538,2026-01-06T06:39:10.591,2026-01-08T12:16:56.122,"Any[10, 19, 25, 30, 37, 45, 53]",10,53
856,2026-01-06T06:39:10.591,2026-01-15T12:16:56.122,"Any[10, 19, 25, 30, 37, 45, 53]",10,53
854,2026-01-06T07:07:21.0,2026-01-15T12:45:06.531,"Any[8, 13, 19, 25, 30, 37, 45, 56]",8,56
886,2026-01-06T07:07:21.0,2026-01-15T12:45:06.531,"Any[8, 13, 19, 25, 30, 37, 45, 56]",8,56
1021,2026-01-06T07:07:21.0,2026-01-15T12:45:06.531,"Any[8, 13, 19, 25, 30, 37, 45, 56]",8,56
839,2026-01-06T07:23:24.0,2026-01-15T13:01:09.531,"Any[60, 56, 45, 37, 30, 25, 19, 13, 8]",60,8
1439,2026-01-06T07:31:00.0,2026-01-08T13:08:45.531,"Any[10, 19, 25, 30, 37, 45, 53]",10,53
438,2026-01-06T07:40:00.0,2026-01-08T13:17:45.531,"Any[7, 8, 13, 19, 25, 30, 37, 45, 53]",7,53
1067,2026-01-06T07:43:38.0,2026-01-08T13:21:23.531,"Any[8, 13, 19, 25, 30, 37, 45, 56]",8,56
12,2026-01-06T08:41:38.0,2026-01-15T14:19:23.531,"Any[10, 19, 25, 30, 37, 45, 53]",10,53
1577,2026-01-06T08:41:38.0,2026-01-15T14:19:23.531,"Any[10, 19, 25, 30, 37, 45, 53]",10,53
1377,2026-01-06T08:41:47.0,2026-01-08T14:19:32.531,"Any[7, 8, 13, 19, 25, 30, 37, 45, 53]",7,53
305,2026-01-06T09:04:14.0,2026-01-08T14:41:59.531,"Any[53, 45, 37, 30, 25, 19, 13, 8]",53,8
513,2026-01-06T09:16:03.589,2026-01-15T14:53:49.12,"Any[10, 19, 25, 30, 37, 45, 53]",10,53
572,2026-01-06T09:16:03.589,2026-01-08T14:53:49.12,"Any[10, 19, 25, 30, 37, 45, 53]",10,53
1082,2026-01-06T09:16:03.589,2026-01-08T14:53:49.12,"Any[10, 19, 25, 30, 37, 45, 53]",10,53
91,2026-01-06T09:36:07.0,2026-01-08T15:13:52.531,"Any[1, 6, 11, 19, 25, 30, 37, 45, 56]",1,56
1413,2026-01-06T09:39:13.0,2026-01-15T15:16:58.531,"Any[25, 30, 37, 45, 56]",25,56
551,2026-01-06T10:26:31.0,2026-01-08T16:04:16.531,"Any[8, 13, 19, 25, 30, 37, 45, 56]",8,56
832,2026-01-06T10:26:31.0,2026-01-15T16:04:16.531,"Any[8, 13, 19, 25, 30, 37, 45, 56]",8,56
1171,2026-01-06T10:27:16.0,2026-01-15T16:05:01.531,"Any[53, 45, 37, 30, 25, 19, 11, 6, 1]",53,1
40,2026-01-06T10:59:56.0,2026-01-15T16:37:41.531,"Any[19, 25, 30, 37, 45, 53]",19,53
405,2026-01-06T10:59:56.0,2026-01-15T16:37:41.531,"Any[19, 25, 30, 37, 45, 53]",19,53
1466,2026-01-06T10:59:56.0,2026-01-08T16:37:41.531,"Any[19, 25, 30, 37, 45, 53]",19,53
1233,2026-01-06T11:22:03.0,2026-01-15T16:59:48.531,"Any[56, 45, 37, 30, 25, 19, 13, 8]",56,8
6,2026-01-06T11:39:18.0,2026-01-08T17:17:03.531,"Any[6, 11, 19, 25, 30, 37, 45, 56]",6,56
1441,2026-01-06T11:39:18.0,2026-01-15T17:17:03.531,"Any[6, 11, 19, 25, 30, 37, 45, 56]",6,56
985,2026-01-06T12:00:47.0,2026-01-15T17:38:32.531,"Any[6, 11, 19, 25, 30, 37, 45, 53]",6,53
381,2026-01-06T12:07:39.0,2026-01-15T17:45:24.531,"Any[60, 53, 45, 37, 30, 25, 19, 10]",60,10
738,2026-01-06T12:07:39.0,2026-01-08T17:45:24.531,"Any[60, 53, 45, 37, 30, 25, 19, 10]",60,10
674,2026-01-06T12:21:30.0,2026-01-15T17:59:15.531,"Any[53, 45, 37, 30, 25, 19, 10]",53,10
1091,2026-01-06T12:37:08.0,2026-01-15T18:14:53.531,"Any[17, 25, 30, 37, 45, 56]",17,56
225,2026-01-06T12:51:31.0,2026-01-15T18:29:16.531,"Any[19, 25, 30, 37, 45, 56]",19,56
412,2026-01-06T12:51:31.0,2026-01-08T18:29:16.531,"Any[19, 25, 30, 37, 45, 56]",19,56
503,2026-01-06T12:51:31.0,2026-01-15T18:29:16.531,"Any[19, 25, 30, 37, 45, 56]",19,56
676,2026-01-06T12:51:31.0,2026-01-15T18:29:16.531,"Any[19, 25, 30, 37, 45, 56]",19,56
79,2026-01-06T13:00:08.0,2026-01-08T18:37:53.531,"Any[53, 45, 37, 30, 25, 19, 13, 8]",53,8
355,2026-01-06T13:00:21.0,2026-01-15T18:38:06.531,"Any[53, 45, 37, 30, 25, 19, 10]",53,10
452,2026-01-06T13:01:08.409,2026-01-08T18:38:53.94,"Any[56, 45, 37, 30, 25, 19, 10]",56,10
778,2026-01-06T13:02:44.0,2026-01-15T18:40:29.531,"Any[19, 25, 30, 37, 45, 56]",19,56
541,2026-01-06T13:49:40.0,2026-01-08T19:27:25.531,"Any[19, 25, 30, 37, 45, 56]",19,56
681,2026-01-06T13:49:40.0,2026-01-15T19:27:25.531,"Any[19, 25, 30, 37, 45, 56]",19,56
148,2026-01-06T13:52:16.0,2026-01-08T19:30:01.531,"Any[13, 19, 25, 30, 37, 45, 53]",13,53
114,2026-01-06T14:00:47.0,2026-01-08T19:38:32.531,"Any[6, 11, 25, 30, 37, 45, 56]",6,56
83,2026-01-06T14:14:31.0,2026-01-08T19:52:16.531,"Any[19, 25, 30, 37, 45, 56, 60]",19,60
192,2026-01-06T14:46:23.0,2026-01-08T20:24:08.531,"Any[3, 6, 11, 19, 25, 30, 37, 45]",3,45
285,2026-01-06T14:46:23.0,2026-01-08T20:24:08.531,"Any[3, 6, 11, 19, 25, 30, 37, 45]",3,45
4,2026-01-06T14:47:15.0,2026-01-08T20:25:00.531,"Any[6, 11, 19, 25, 30, 37, 45]",6,45
600,2026-01-06T15:33:22.0,2026-01-15T21:11:07.531,"Any[6, 11, 19, 25, 30, 37, 45]",6,45
1294,2026-01-06T16:02:26.0,2026-01-15T21:40:11.531,"Any[56, 45, 37, 30, 25, 19, 11, 6]",56,6
448,2026-01-06T16:08:21.0,2026-01-15T21:46:06.531,"Any[10, 19, 25, 30, 37, 45]",10,45
489,2026-01-06T16:08:21.0,2026-01-15T21:46:06.531,"Any[10, 19, 25, 30, 37, 45]",10,45
651,2026-01-06T16:15:24.0,2026-01-15T21:53:09.531,"Any[8, 13, 19, 25, 30, 37, 45, 56, 60, 64]",8,64
1099,2026-01-06T16:15:24.0,2026-01-15T21:53:09.531,"Any[8, 13, 19, 25, 30, 37, 45, 56, 60, 64]",8,64
830,2026-01-06T16:20:15.0,2026-01-15T21:58:00.531,"Any[6, 11, 19, 25, 30, 37, 45, 56]",6,56
1004,2026-01-06T16:20:15.0,2026-01-15T21:58:00.531,"Any[6, 11, 19, 25, 30, 37, 45, 56]",6,56
1322,2026-01-06T16:35:07.0,2026-01-08T22:12:52.531,"Any[53, 45, 37, 30, 25, 19, 13, 8]",53,8
1366,2026-01-06T16:35:07.0,2026-01-08T22:12:52.531,"Any[53, 45, 37, 30, 25, 19, 13, 8]",53,8
262,2026-01-06T16:38:17.0,2026-01-15T22:16:02.531,"Any[6, 11, 19, 25, 30, 37, 45, 53]",6,53
1141,2026-01-06T16:38:17.0,2026-01-15T22:16:02.531,"Any[6, 11, 19, 25, 30, 37, 45, 53]",6,53
617,2026-01-06T16:40:44.154,2026-01-08T22:18:29.685,"Any[25, 30, 37, 45, 56]",25,56
990,2026-01-06T16:42:50.0,2026-01-08T22:20:35.531,"Any[64, 60, 56, 45, 37, 30, 25]",64,25
1109,2026-01-06T16:43:21.0,2026-01-15T22:21:06.531,"Any[56, 45, 37, 30, 25, 19, 11, 6]",56,6
501,2026-01-06T16:44:00.0,2026-01-08T22:21:45.531,"Any[53, 45, 37, 30, 25, 19, 13, 8]",53,8
492,2026-01-06T16:53:44.0,2026-01-08T22:31:29.531,"Any[60, 56, 45, 37, 30, 25]",60,25
770,2026-01-06T16:55:12.0,2026-01-08T22:32:57.531,"Any[64, 60, 56, 45, 37, 30, 25, 19, 13, 8]",64,8
788,2026-01-06T17:01:39.0,2026-01-08T22:39:24.531,"Any[60, 56, 45, 37, 30, 25, 19, 11, 6, 1]",60,1
270,2026-01-06T17:10:10.238,2026-01-15T22:47:55.769,"Any[60, 56, 45, 37, 30, 25]",60,25
883,2026-01-06T17:10:10.238,2026-01-15T22:47:55.769,"Any[60, 56, 45, 37, 30, 25]",60,25
124,2026-01-06T17:28:51.446,2026-01-08T23:06:36.977,"Any[56, 45, 37, 30, 25]",56,25
349,2026-01-06T17:42:06.054,2026-01-15T23:19:51.585,"Any[56, 45, 37, 30, 25, 19, 13, 8, 7]",56,7
858,2026-01-06T18:43:23.0,2026-01-16T00:21:08.531,"Any[56, 45, 37, 30, 25, 19]",56,19
339,2026-01-06T18:43:31.556,2026-01-09T00:21:17.087,"Any[60, 56, 45, 37, 30, 25, 19, 11, 6]",60,6
185,2026-01-06T19:17:17.0,2026-01-09T00:55:02.531,"Any[8, 13, 19, 25, 30, 37, 45, 56]",8,56
159,2026-01-06T19:21:17.0,2026-01-16T00:59:02.531,"Any[6, 11, 19, 25, 30, 37, 45, 56]",6,56
775,2026-01-06T19:25:08.0,2026-01-09T01:02:53.531,"Any[53, 45, 37, 30, 25, 19, 13, 8]",53,8
1032,2026-01-06T19:32:09.0,2026-01-09T01:09:54.531,"Any[10, 19, 25, 30, 37, 45, 53]",10,53
1582,2026-01-06T19:32:09.0,2026-01-16T01:09:54.531,"Any[10, 19, 25, 30, 37, 45, 53]",10,53
487,2026-01-06T19:37:56.0,2026-01-09T01:15:41.531,"Any[8, 13, 19, 25, 30, 37, 45]",8,45
563,2026-01-06T19:37:56.0,2026-01-16T01:15:41.531,"Any[8, 13, 19, 25, 30, 37, 45]",8,45
1568,2026-01-06T20:16:57.0,2026-01-16T01:54:42.531,"Any[10, 19, 25, 30, 37, 45, 53]",10,53
964,2026-01-06T20:21:58.0,2026-01-09T01:59:43.531,"Any[7, 8, 13, 19, 25, 30, 37, 45]",7,45
1473,2026-01-06T20:21:58.0,2026-01-16T01:59:43.531,"Any[7, 8, 13, 19, 25, 30, 37, 45]",7,45
1020,2026-01-06T20:38:16.0,2026-01-09T02:16:01.531,"Any[3, 10, 19, 25, 30, 37, 45, 53]",3,53
1273,2026-01-06T20:38:16.0,2026-01-16T02:16:01.531,"Any[3, 10, 19, 25, 30, 37, 45, 53]",3,53
645,2026-01-06T20:58:18.0,2026-01-16T02:36:03.531,"Any[56, 45, 37, 30, 25, 19, 13, 8]",56,8
330,2026-01-06T20:58:23.0,2026-01-09T02:36:08.531,"Any[53, 45, 37, 30, 25, 19, 11, 6, 1]",53,1
847,2026-01-06T20:58:23.0,2026-01-09T02:36:08.531,"Any[53, 45, 37, 30, 25, 19, 11, 6, 1]",53,1
1561,2026-01-06T20:58:23.0,2026-01-09T02:36:08.531,"Any[53, 45, 37, 30, 25, 19, 11, 6, 1]",53,1
301,2026-01-06T21:52:42.0,2026-01-09T03:30:27.531,"Any[7, 8, 13, 19, 25, 30, 37, 45, 53, 60]",7,60
933,2026-01-06T22:24:18.0,2026-01-09T04:02:03.531,"Any[53, 45, 37, 30, 25, 19, 10]",53,10
897,2026-01-06T22:45:19.0,2026-01-09T04:23:04.531,"Any[1, 6, 11, 19, 25, 30, 37, 45, 56, 60]",1,60
1172,2026-01-06T22:45:19.0,2026-01-09T04:23:04.531,"Any[1, 6, 11, 19, 25, 30, 37, 45, 56, 60]",1,60
1086,2026-01-06T23:03:47.0,2026-01-09T04:41:32.531,"Any[8, 13, 19, 25, 30, 37, 45, 56]",8,56
87,2026-01-06T23:07:24.0,2026-01-09T04:45:09.531,"Any[8, 13, 19, 25, 30, 37, 45, 56]",8,56
1267,2026-01-06T23:38:53.0,2026-01-09T05:16:38.531,"Any[60, 56, 45, 37, 30, 25, 19, 11, 6]",60,6
269,2026-01-07T00:01:44.0,2026-01-09T05:39:29.531,"Any[19, 30, 37, 45, 56]",19,56
642,2026-01-07T00:14:10.0,2026-01-09T05:51:55.531,"Any[6, 11, 19, 25, 30, 37, 45]",6,45
481,2026-01-07T00:18:40.0,2026-01-09T05:56:25.531,"Any[1, 6, 11, 19, 23, 16, 23, 36, 44, 60]",1,60
717,2026-01-07T00:18:40.0,2026-01-16T05:56:25.531,"Any[1, 6, 11, 19, 23, 16, 23, 36, 44, 60]",1,60
368,2026-01-07T00:28:19.0,2026-01-16T06:06:04.531,"Any[10, 11, 19, 25, 30, 37, 45, 53]",10,53
37,2026-01-07T00:28:22.0,2026-01-16T06:06:07.531,"Any[3, 6, 11, 19, 25, 30, 37, 45, 53]",3,53
52,2026-01-07T00:43:28.0,2026-01-16T06:21:13.531,"Any[53, 45, 37, 30, 25, 19, 11, 6, 1]",53,1
1063,2026-01-07T01:00:03.0,2026-01-16T06:37:48.531,"Any[10, 19, 25, 30, 37, 45, 53]",10,53
1263,2026-01-07T02:03:40.0,2026-01-16T07:41:25.531,"Any[45, 37, 30, 25, 19, 13, 8]",45,8
346,2026-01-07T02:26:06.0,2026-01-16T08:03:51.531,"Any[53, 45, 37, 30, 25, 19, 10]",53,10
946,2026-01-07T02:26:06.0,2026-01-09T08:03:51.531,"Any[53, 45, 37, 30, 25, 19, 10]",53,10
8,2026-01-07T02:35:19.0,2026-01-16T08:13:04.531,"Any[60, 56, 45, 37, 30, 25, 19, 11, 6]",60,6
687,2026-01-07T02:35:35.0,2026-01-09T08:13:20.531,"Any[53, 45, 37, 30, 25, 19, 11, 6, 1]",53,1
554,2026-01-07T02:50:42.0,2026-01-16T08:28:27.531,"Any[53, 45, 37, 30, 25, 19, 11, 6, 1]",53,1
469,2026-01-07T02:56:48.0,2026-01-16T08:34:33.531,"Any[19, 25, 30, 37, 45, 56]",19,56
560,2026-01-07T02:56:48.0,2026-01-09T08:34:33.531,"Any[19, 25, 30, 37, 45, 56]",19,56
972,2026-01-07T02:56:48.0,2026-01-16T08:34:33.531,"Any[19, 25, 30, 37, 45, 56]",19,56
478,2026-01-07T03:05:52.0,2026-01-09T08:43:37.531,"Any[53, 45, 37, 30, 25, 19, 10]",53,10
307,2026-01-07T03:39:29.0,2026-01-16T09:17:14.531,"Any[56, 45, 37, 30, 25, 19, 13, 8]",56,8
388,2026-01-07T04:00:31.0,2026-01-16T09:38:16.531,"Any[64, 53, 45, 37, 30, 25, 19, 10]",64,10
896,2026-01-07T04:27:50.0,2026-01-16T10:05:35.531,"Any[64, 53, 45, 37, 30, 25, 19, 13, 8]",64,8
713,2026-01-07T04:35:18.0,2026-01-16T10:13:03.531,"Any[6, 11, 16, 25, 30, 37, 45, 53]",6,53
406,2026-01-07T05:12:52.0,2026-01-09T10:50:37.531,"Any[56, 45, 37, 30, 25, 19, 11, 6, 1]",56,1
1241,2026-01-07T05:12:52.0,2026-01-16T10:50:37.531,"Any[56, 45, 37, 30, 25, 19, 11, 6, 1]",56,1
54,2026-01-07T06:29:51.5,2026-01-09T12:07:37.031,"Any[16, 25, 30, 37, 45, 53]",16,53
544,2026-01-07T06:29:51.5,2026-01-09T12:07:37.031,"Any[16, 25, 30, 37, 45, 53]",16,53
793,2026-01-07T06:33:06.197,2026-01-16T12:10:51.728,"Any[64, 60, 53, 45, 37, 30, 25, 19, 10]",64,10
1350,2026-01-07T06:53:21.0,2026-01-16T12:31:06.531,"Any[8, 13, 19, 25, 30, 37, 45, 56]",8,56
458,2026-01-07T07:37:17.0,2026-01-09T13:15:02.531,"Any[8, 13, 19, 25, 30, 37, 45]",8,45
1492,2026-01-07T07:37:17.0,2026-01-09T13:15:02.531,"Any[8, 13, 19, 25, 30, 37, 45]",8,45
863,2026-01-07T07:58:28.0,2026-01-16T13:36:13.531,"Any[10, 19, 25, 30, 37, 45, 53]",10,53
1230,2026-01-07T08:09:25.0,2026-01-09T13:47:10.531,"Any[53, 45, 37, 30, 25]",53,25
378,2026-01-07T08:21:38.0,2026-01-16T13:59:23.531,"Any[53, 45, 37, 30, 25, 19, 10]",53,10
635,2026-01-07T08:35:46.0,2026-01-09T14:13:31.531,"Any[56, 45, 37, 30, 25, 19, 11, 6, 1]",56,1
1176,2026-01-07T08:54:12.0,2026-01-16T14:31:57.531,"Any[6, 11, 19, 25, 30, 37, 45, 53]",6,53
1465,2026-01-07T08:58:31.0,2026-01-16T14:36:16.531,"Any[60, 56, 45, 37, 30, 25, 19, 17, 19, 11, 6, 6, 1]",60,6
1330,2026-01-07T09:14:49.0,2026-01-09T14:52:34.531,"Any[8, 13, 19, 25, 30, 37, 45, 56]",8,56
227,2026-01-07T09:22:19.379,2026-01-09T15:00:04.91,"Any[3, 6, 11, 25, 30, 37, 45]",3,45
790,2026-01-07T09:22:19.379,2026-01-09T15:00:04.91,"Any[3, 6, 11, 25, 30, 37, 45]",3,45
1565,2026-01-07T09:31:50.516,2026-01-09T15:09:36.047,"Any[53, 45, 37, 30, 25, 19, 11, 6, 1]",53,1
1495,2026-01-07T10:35:30.0,2026-01-09T16:13:15.531,"Any[19, 25, 30, 37, 45, 53]",19,53
366,2026-01-07T10:41:05.0,2026-01-09T16:18:50.531,"Any[64, 60, 53, 45, 37, 30, 25, 19, 10]",64,10
910,2026-01-07T10:44:14.601,2026-01-16T16:22:00.132,"Any[56, 45, 37, 30, 25, 19, 11, 6]",56,6
1285,2026-01-07T10:46:38.0,2026-01-09T16:24:23.531,"Any[19, 25, 30, 37, 45, 56, 55, 56]",19,56
970,2026-01-07T10:48:36.0,2026-01-09T16:26:21.531,"Any[8, 13, 19, 25, 30, 37, 45, 56]",8,56
646,2026-01-07T10:53:18.0,2026-01-09T16:31:03.531,"Any[3, 6, 11, 19, 25, 30, 37, 45]",3,45
781,2026-01-07T11:13:13.0,2026-01-09T16:50:58.531,"Any[53, 45, 37, 30, 25, 19, 10]",53,10
988,2026-01-07T11:35:33.0,2026-01-16T17:13:18.531,"Any[60, 53, 45, 37, 30, 25, 19, 13, 8]",60,8
443,2026-01-07T11:55:52.0,2026-01-16T17:33:37.531,"Any[6, 11, 19, 25, 30, 37, 45]",6,45
627,2026-01-07T11:58:47.0,2026-01-09T17:36:32.531,"Any[53, 45, 37, 30, 25, 19, 13, 8]",53,8
820,2026-01-07T12:00:49.0,2026-01-16T17:38:34.531,"Any[16, 25, 30, 37, 45, 53, 60]",16,60
96,2026-01-07T12:04:25.666,2026-01-16T17:42:11.197,"Any[64, 53, 45, 37, 30, 25, 19, 10]",64,10
457,2026-01-07T12:18:47.0,2026-01-16T17:56:32.531,"Any[64, 60, 56, 45, 37, 30, 25]",64,25
1289,2026-01-07T12:18:47.0,2026-01-09T17:56:32.531,"Any[64, 60, 56, 45, 37, 30, 25]",64,25
284,2026-01-07T12:27:48.0,2026-01-09T18:05:33.531,"Any[8, 13, 19, 25, 30, 37, 45, 53]",8,53
1226,2026-01-07T12:37:04.051,2026-01-09T18:14:49.582,"Any[64, 60, 56, 45, 37, 30, 25, 19, 11, 6]",64,6
296,2026-01-07T13:22:39.0,2026-01-16T19:00:24.531,"Any[64, 60, 53, 45, 37, 30, 25]",64,25
819,2026-01-07T13:53:48.931,2026-01-16T19:31:34.462,"Any[9, 15, 26, 31, 36, 44, 54]",9,54
616,2026-01-07T14:04:28.0,2026-01-09T19:42:13.531,"Any[1, 6, 11, 16, 25, 30, 37, 45, 56]",1,56
526,2026-01-07T14:16:28.0,2026-01-09T19:54:13.531,"Any[19, 25, 30, 37, 45, 56]",19,56
168,2026-01-07T14:24:50.0,2026-01-09T20:02:35.531,"Any[53, 45, 37, 30, 25, 19, 11, 6]",53,6
1061,2026-01-07T14:29:12.0,2026-01-09T20:06:57.531,"Any[56, 45, 37, 30, 25, 19, 13, 8]",56,8
1131,2026-01-07T14:29:12.0,2026-01-16T20:06:57.531,"Any[56, 45, 37, 30, 25, 19, 13, 8]",56,8
1043,2026-01-07T14:31:05.0,2026-01-09T20:08:50.531,"Any[19, 25, 30, 37, 45]",19,45
62,2026-01-07T14:39:48.0,2026-01-09T20:17:33.531,"Any[6, 11, 19, 25, 30, 37, 45]",6,45
335,2026-01-07T14:56:23.0,2026-01-16T20:34:08.531,"Any[6, 11, 19, 25, 30, 37, 45]",6,45
1167,2026-01-07T15:04:52.0,2026-01-16T20:42:37.531,"Any[6, 11, 19, 25, 30, 37, 45, 53]",6,53
199,2026-01-07T15:05:08.941,2026-01-16T20:42:54.472,"Any[62, 45, 37, 30, 25, 19, 11, 6]",62,6
1490,2026-01-07T15:05:08.941,2026-01-16T20:42:54.472,"Any[62, 45, 37, 30, 25, 19, 11, 6]",62,6
1483,2026-01-07T15:14:19.726,2026-01-09T20:52:05.257,"Any[6, 11, 25, 30, 37, 45]",6,45
672,2026-01-07T15:24:01.0,2026-01-16T21:01:46.531,"Any[53, 45, 37, 30, 25, 19, 13, 8]",53,8
1533,2026-01-07T15:24:01.0,2026-01-09T21:01:46.531,"Any[53, 45, 37, 30, 25, 19, 13, 8]",53,8
1535,2026-01-07T15:24:01.0,2026-01-16T21:01:46.531,"Any[53, 45, 37, 30, 25, 19, 13, 8]",53,8
951,2026-01-07T15:38:05.0,2026-01-09T21:15:50.531,"Any[60, 53, 45, 37, 30, 25, 19]",60,19
1463,2026-01-07T15:50:58.0,2026-01-09T21:28:43.531,"Any[56, 45, 37, 30, 25, 19, 11, 6]",56,6
259,2026-01-07T16:15:31.333,2026-01-16T21:53:16.864,"Any[6, 11, 19, 25, 30, 37, 45, 56]",6,56
1389,2026-01-07T16:47:57.0,2026-01-16T22:25:42.531,"Any[6, 11, 19, 25, 30, 37, 45]",6,45
989,2026-01-07T16:52:12.0,2026-01-16T22:29:57.531,"Any[8, 13, 19, 25, 30, 37, 45, 56]",8,56
1000,2026-01-07T16:52:12.0,2026-01-16T22:29:57.531,"Any[8, 13, 19, 25, 30, 37, 45, 56]",8,56
1168,2026-01-07T16:52:12.0,2026-01-09T22:29:57.531,"Any[8, 13, 19, 25, 30, 37, 45, 56]",8,56
155,2026-01-07T16:55:17.0,2026-01-09T22:33:02.531,"Any[64, 56, 45, 37, 30, 25, 19, 11, 6]",64,6
1431,2026-01-07T16:55:17.0,2026-01-09T22:33:02.531,"Any[64, 56, 45, 37, 30, 25, 19, 11, 6]",64,6
532,2026-01-07T17:16:43.0,2026-01-16T22:54:28.531,"Any[56, 45, 37, 30, 25, 19, 11, 6]",56,6
1434,2026-01-07T17:21:50.0,2026-01-09T22:59:35.531,"Any[8, 13, 19, 25, 30, 37, 45, 53]",8,53
1554,2026-01-07T17:21:55.0,2026-01-09T22:59:40.531,"Any[53, 45, 37, 30, 25, 19, 11, 6, 1]",53,1
1056,2026-01-07T17:43:11.109,2026-01-16T23:20:56.64,"Any[60, 56, 45, 37, 30, 25, 19, 11, 6]",60,6
754,2026-01-07T17:50:08.608,2026-01-09T23:27:54.139,"Any[60, 56, 45, 37, 30, 25, 19, 11, 6]",60,6
586,2026-01-07T17:52:33.785,2026-01-16T23:30:19.316,"Any[60, 56, 45, 37, 30, 25, 19]",60,19
1449,2026-01-07T17:52:33.785,2026-01-09T23:30:19.316,"Any[60, 56, 45, 37, 30, 25, 19]",60,19
1355,2026-01-07T19:28:22.796,2026-01-17T01:06:08.327,"Any[56, 45, 37, 30, 25, 19, 13, 8]",56,8
48,2026-01-07T19:41:47.611,2026-01-10T01:19:33.142,"Any[53, 45, 37, 30, 25, 19, 13, 8]",53,8
1314,2026-01-07T19:42:23.0,2026-01-10T01:20:08.531,"Any[7, 8, 13, 19, 25, 30, 37, 45, 53]",7,53
1164,2026-01-07T19:56:06.0,2026-01-17T01:33:51.531,"Any[53, 45, 37, 30, 25, 19, 11, 6, 1]",53,1
449,2026-01-07T20:48:19.0,2026-01-10T02:26:04.531,"Any[56, 45, 37, 30, 25, 19, 11, 6]",56,6
857,2026-01-07T20:53:56.0,2026-01-10T02:31:41.531,"Any[62, 53, 45, 37, 30, 25, 19, 11, 6]",62,6
580,2026-01-07T21:02:40.0,2026-01-17T02:40:25.531,"Any[53, 45, 37, 30, 25]",53,25
1243,2026-01-07T21:16:34.0,2026-01-10T02:54:19.531,"Any[7, 8, 13, 19, 25, 30, 37, 45, 53]",7,53
23,2026-01-07T22:08:51.0,2026-01-10T03:46:36.531,"Any[8, 13, 19, 25, 30, 37, 45, 56]",8,56
656,2026-01-07T22:10:13.0,2026-01-17T03:47:58.531,"Any[7, 8, 13, 19, 25, 30, 37, 45, 53]",7,53
379,2026-01-07T22:11:35.0,2026-01-17T03:49:20.531,"Any[8, 13, 19, 25, 30, 37, 45, 53]",8,53
232,2026-01-07T22:14:28.0,2026-01-17T03:52:13.531,"Any[13, 25, 30, 37, 45, 56]",13,56
434,2026-01-07T22:14:28.0,2026-01-10T03:52:13.531,"Any[13, 25, 30, 37, 45, 56]",13,56
553,2026-01-07T22:14:28.0,2026-01-10T03:52:13.531,"Any[13, 25, 30, 37, 45, 56]",13,56
842,2026-01-07T22:15:59.67,2026-01-10T03:53:45.201,"Any[64, 60, 53, 45, 37, 30, 25, 19, 10]",64,10
1354,2026-01-07T22:23:05.049,2026-01-17T04:00:50.58,"Any[60, 56, 45, 37, 30, 25, 19, 11, 6]",60,6
1369,2026-01-07T22:23:05.049,2026-01-10T04:00:50.58,"Any[60, 56, 45, 37, 30, 25, 19, 11, 6]",60,6
1079,2026-01-07T22:26:09.0,2026-01-10T04:03:54.531,"Any[8, 13, 19, 25, 30, 37, 45, 56]",8,56
1191,2026-01-07T22:50:51.0,2026-01-17T04:28:36.531,"Any[10, 19, 25, 30, 37, 45, 53, 60]",10,60
429,2026-01-07T22:58:17.0,2026-01-17T04:36:02.531,"Any[53, 45, 37, 30, 25]",53,25
745,2026-01-07T22:58:17.0,2026-01-10T04:36:02.531,"Any[53, 45, 37, 30, 25]",53,25
1436,2026-01-07T23:03:00.0,2026-01-10T04:40:45.531,"Any[1, 6, 11, 19, 25, 30, 37, 45, 56]",1,56
1371,2026-01-07T23:05:33.0,2026-01-17T04:43:18.531,"Any[53, 45, 37, 30, 25]",53,25
1530,2026-01-07T23:05:33.0,2026-01-17T04:43:18.531,"Any[53, 45, 37, 30, 25]",53,25
1252,2026-01-07T23:16:35.0,2026-01-10T04:54:20.531,"Any[53, 45, 37, 30, 25, 19, 11, 6, 1]",53,1
1551,2026-01-07T23:16:35.0,2026-01-17T04:54:20.531,"Any[53, 45, 37, 30, 25, 19, 11, 6, 1]",53,1
1409,2026-01-08T00:10:56.0,2026-01-10T05:48:41.531,"Any[1, 6, 11, 19, 23, 36, 44, 54, 60]",1,60
947,2026-01-08T00:17:14.0,2026-01-17T05:54:59.531,"Any[7, 8, 13, 19, 25, 30, 37, 45, 53, 60]",7,60
263,2026-01-08T00:33:19.0,2026-01-10T06:11:04.531,"Any[60, 53, 45, 37, 30, 25, 19, 10]",60,10
780,2026-01-08T00:34:03.066,2026-01-17T06:11:48.597,"Any[9, 15, 26, 31, 36, 44, 54, 60]",9,60
811,2026-01-08T00:49:18.0,2026-01-17T06:27:03.531,"Any[10, 19, 25, 30, 37, 45, 53]",10,53
969,2026-01-08T00:51:35.897,2026-01-10T06:29:21.428,"Any[53, 45, 37, 30, 25, 19, 13, 8]",53,8
1042,2026-01-08T00:51:35.897,2026-01-10T06:29:21.428,"Any[53, 45, 37, 30, 25, 19, 13, 8]",53,8
1540,2026-01-08T00:51:35.897,2026-01-17T06:29:21.428,"Any[53, 45, 37, 30, 25, 19, 13, 8]",53,8
558,2026-01-08T01:01:24.0,2026-01-17T06:39:09.531,"Any[8, 13, 19, 25, 30, 37, 45, 56]",8,56
295,2026-01-08T01:20:39.098,2026-01-17T06:58:24.629,"Any[53, 45, 37, 30, 25, 19, 10]",53,10
1362,2026-01-08T01:24:53.0,2026-01-17T07:02:38.531,"Any[7, 8, 13, 19, 25, 30, 37, 45, 53]",7,53
1027,2026-01-08T01:26:12.0,2026-01-10T07:03:57.531,"Any[60, 53, 45, 37, 30, 25, 19, 11, 6, 1]",60,1
1563,2026-01-08T01:44:25.0,2026-01-10T07:22:10.531,"Any[53, 45, 37, 30, 25, 19, 11, 6, 1]",53,1
1039,2026-01-08T01:53:56.0,2026-01-10T07:31:41.531,"Any[64, 60, 53, 45, 37, 30, 25, 19, 11, 6, 1]",64,1
1455,2026-01-08T01:58:01.0,2026-01-17T07:35:46.531,"Any[19, 25, 30, 37, 30, 37, 45, 53]",19,53
814,2026-01-08T02:01:40.151,2026-01-10T07:39:25.682,"Any[53, 45, 37, 30, 25, 19, 11, 6, 6, 1]",53,6
1037,2026-01-08T02:05:32.0,2026-01-17T07:43:17.531,"Any[64, 53, 45, 37, 30, 25, 19, 13, 8]",64,8
1228,2026-01-08T02:10:04.0,2026-01-10T07:47:49.531,"Any[10, 19, 25, 30, 37, 45, 53]",10,53
67,2026-01-08T02:20:34.0,2026-01-17T07:58:19.531,"Any[64, 60, 53, 45, 37, 30, 25, 19, 13, 8]",64,8
1026,2026-01-08T02:51:53.0,2026-01-17T08:29:38.531,"Any[64, 60, 53, 45, 37, 30, 25, 19, 11, 6, 1]",64,1
533,2026-01-08T03:58:56.0,2026-01-17T09:36:41.531,"Any[64, 60, 53, 45, 37, 30, 25, 19, 11, 6, 1]",64,1
774,2026-01-08T04:31:06.0,2026-01-10T10:08:51.531,"Any[19, 25, 30, 37, 45, 53]",19,53
356,2026-01-08T05:14:16.0,2026-01-10T10:52:01.531,"Any[62, 56, 45, 37, 30, 25, 19]",62,19
849,2026-01-08T05:40:27.0,2026-01-17T11:18:12.531,"Any[19, 25, 30, 37, 45, 53, 60]",19,60
1468,2026-01-08T05:40:27.0,2026-01-10T11:18:12.531,"Any[19, 25, 30, 37, 45, 53, 60]",19,60
311,2026-01-08T07:06:37.0,2026-01-10T12:44:22.531,"Any[17, 25, 30, 37, 45, 53, 60]",17,60
795,2026-01-08T07:40:57.0,2026-01-17T13:18:42.531,"Any[56, 45, 37, 30, 25, 19, 10]",56,10
170,2026-01-08T07:48:44.0,2026-01-17T13:26:29.531,"Any[56, 45, 37, 30, 25]",56,25
1225,2026-01-08T07:58:11.0,2026-01-10T13:35:56.531,"Any[53, 45, 37, 30, 25, 19, 11, 6, 1]",53,1
1560,2026-01-08T07:58:11.0,2026-01-10T13:35:56.531,"Any[53, 45, 37, 30, 25, 19, 11, 6, 1]",53,1
28,2026-01-08T09:04:31.0,2026-01-10T14:42:16.531,"Any[6, 11, 19, 25, 30, 37, 45]",6,45
186,2026-01-08T09:04:31.0,2026-01-17T14:42:16.531,"Any[6, 11, 19, 25, 30, 37, 45]",6,45
935,2026-01-08T09:22:31.0,2026-01-10T15:00:16.531,"Any[6, 10, 19, 25, 30, 37, 45]",6,45
559,2026-01-08T09:37:49.0,2026-01-17T15:15:34.531,"Any[6, 11, 19, 25, 30, 37, 45]",6,45
920,2026-01-08T09:46:17.0,2026-01-10T15:24:02.531,"Any[53, 45, 37, 30, 25, 19]",53,19
1374,2026-01-08T10:36:46.276,2026-01-10T16:14:31.807,"Any[53, 45, 37, 30, 25]",53,25
1528,2026-01-08T10:36:46.276,2026-01-10T16:14:31.807,"Any[53, 45, 37, 30, 25]",53,25
1100,2026-01-08T10:38:10.0,2026-01-17T16:15:55.531,"Any[6, 11, 19, 25, 30, 37, 45]",6,45
1101,2026-01-08T11:04:19.0,2026-01-10T16:42:04.531,"Any[56, 45, 37, 30, 25, 19, 13, 8]",56,8
257,2026-01-08T11:04:35.0,2026-01-17T16:42:20.531,"Any[60, 56, 45, 37, 30, 25, 19, 11, 6]",60,6
1144,2026-01-08T11:07:22.0,2026-01-10T16:45:07.531,"Any[53, 45, 37, 30, 25, 19, 13, 8]",53,8
829,2026-01-08T11:19:32.0,2026-01-10T16:57:17.531,"Any[6, 11, 19, 25, 30, 37, 45]",6,45
76,2026-01-08T11:32:14.0,2026-01-10T17:09:59.531,"Any[64, 60, 53, 45, 37, 30, 25, 19, 10]",64,10
1318,2026-01-08T11:44:05.0,2026-01-17T17:21:50.531,"Any[8, 13, 19, 25, 30, 37, 45, 56]",8,56
1245,2026-01-08T12:30:46.04,2026-01-10T18:08:31.571,"Any[19, 25, 30, 37, 45, 56]",19,56
1426,2026-01-08T12:40:07.0,2026-01-17T18:17:52.531,"Any[6, 11, 19, 25, 30, 37, 45]",6,45
364,2026-01-08T12:49:37.0,2026-01-17T18:27:22.531,"Any[53, 45, 37, 30, 25, 19, 10, 6]",53,6
1358,2026-01-08T12:49:37.0,2026-01-10T18:27:22.531,"Any[53, 45, 37, 30, 25, 19, 10, 6]",53,6
1329,2026-01-08T13:10:43.643,2026-01-17T18:48:29.174,"Any[1, 6, 11, 19, 25, 30, 37, 45, 56]",1,56
146,2026-01-08T13:11:52.0,2026-01-10T18:49:37.531,"Any[53, 45, 37, 30, 25, 19, 10]",53,10
120,2026-01-08T14:08:08.0,2026-01-17T19:45:53.531,"Any[19, 25, 30, 37, 45, 56]",19,56
326,2026-01-08T14:08:08.0,2026-01-10T19:45:53.531,"Any[19, 25, 30, 37, 45, 56]",19,56
869,2026-01-08T14:30:51.0,2026-01-17T20:08:36.531,"Any[19, 25, 30, 37, 45, 56]",19,56
1247,2026-01-08T14:35:10.0,2026-01-10T20:12:55.531,"Any[13, 19, 25, 30, 37, 45, 56]",13,56
108,2026-01-08T14:35:40.0,2026-01-17T20:13:25.531,"Any[19, 25, 30, 37, 45, 56]",19,56
967,2026-01-08T14:50:48.0,2026-01-17T20:28:33.531,"Any[53, 45, 37, 30, 25]",53,25
71,2026-01-08T14:53:05.675,2026-01-17T20:30:51.206,"Any[53, 45, 37, 30, 25, 19, 11, 6]",53,6
785,2026-01-08T14:56:22.287,2026-01-17T20:34:07.818,"Any[62, 53, 45, 37, 30, 25, 19, 13, 8]",62,8
47,2026-01-08T15:05:02.389,2026-01-10T20:42:47.92,"Any[45, 37, 30, 25, 19]",45,19
866,2026-01-08T15:32:27.0,2026-01-10T21:10:12.531,"Any[3, 10, 19, 25, 30, 37, 45, 53]",3,53
1423,2026-01-08T15:53:49.0,2026-01-10T21:31:34.531,"Any[64, 60, 53, 45, 37, 30, 25, 19, 10]",64,10
45,2026-01-08T15:53:57.042,2026-01-17T21:31:42.573,"Any[19, 25, 30, 37, 45, 53]",19,53
1497,2026-01-08T15:53:57.042,2026-01-10T21:31:42.573,"Any[19, 25, 30, 37, 45, 53]",19,53
502,2026-01-08T16:06:01.0,2026-01-17T21:43:46.531,"Any[6, 11, 19, 25, 30, 37, 45]",6,45
304,2026-01-08T16:08:59.421,2026-01-17T21:46:44.952,"Any[1, 6, 11, 19, 25, 30, 37, 45, 56]",1,56
906,2026-01-08T16:08:59.421,2026-01-10T21:46:44.952,"Any[1, 6, 11, 19, 25, 30, 37, 45, 56]",1,56
397,2026-01-08T16:12:32.0,2026-01-10T21:50:17.531,"Any[60, 53, 45, 37, 30, 25]",60,25
766,2026-01-08T16:12:32.0,2026-01-17T21:50:17.531,"Any[60, 53, 45, 37, 30, 25]",60,25
822,2026-01-08T16:20:14.0,2026-01-17T21:57:59.531,"Any[6, 11, 19, 25, 30, 37, 45, 56]",6,56
75,2026-01-08T16:20:28.0,2026-01-17T21:58:13.531,"Any[8, 13, 19, 25, 30, 37, 45, 56]",8,56
1029,2026-01-08T16:29:57.0,2026-01-17T22:07:42.531,"Any[60, 56, 45, 37, 30, 25, 19, 11, 6]",60,6
90,2026-01-08T16:30:11.0,2026-01-10T22:07:56.531,"Any[10, 19, 25, 30, 37, 45, 53]",10,53
1578,2026-01-08T16:30:11.0,2026-01-10T22:07:56.531,"Any[10, 19, 25, 30, 37, 45, 53]",10,53
660,2026-01-08T16:31:07.0,2026-01-17T22:08:52.531,"Any[60, 53, 45, 37, 30, 25]",60,25
231,2026-01-08T16:39:03.8,2026-01-10T22:16:49.331,"Any[1, 6, 11, 19, 25, 30, 37, 45, 56, 60]",1,60
1264,2026-01-08T16:44:10.0,2026-01-17T22:21:55.531,"Any[60, 53, 45, 37, 30, 25]",60,25
1069,2026-01-08T16:44:15.0,2026-01-17T22:22:00.531,"Any[53, 45, 37, 30, 25]",53,25
306,2026-01-08T17:04:06.0,2026-01-17T22:41:51.531,"Any[56, 45, 37, 30, 25, 19, 11, 6, 6, 1]",56,6
1276,2026-01-08T17:04:06.0,2026-01-17T22:41:51.531,"Any[56, 45, 37, 30, 25, 19, 11, 6, 6, 1]",56,6
479,2026-01-08T17:07:25.0,2026-01-17T22:45:10.531,"Any[6, 11, 19, 25, 30, 37, 45, 56, 60]",6,60
1054,2026-01-08T17:26:46.913,2026-01-17T23:04:32.444,"Any[1, 6, 11, 19, 25, 30, 37, 45, 56]",1,56
167,2026-01-08T17:36:23.0,2026-01-17T23:14:08.531,"Any[10, 19, 25, 30, 37, 45, 53]",10,53
1598,2026-01-08T17:36:23.0,2026-01-17T23:14:08.531,"Any[10, 19, 25, 30, 37, 45, 53]",10,53
1293,2026-01-08T17:39:27.0,2026-01-10T23:17:12.531,"Any[8, 13, 19, 25, 30, 37, 45, 56]",8,56
751,2026-01-08T18:06:08.553,2026-01-10T23:43:54.084,"Any[8, 13, 19, 25, 30, 37, 45]",8,45
1116,2026-01-08T18:06:08.553,2026-01-17T23:43:54.084,"Any[8, 13, 19, 25, 30, 37, 45]",8,45
81,2026-01-08T18:18:32.0,2026-01-10T23:56:17.531,"Any[19, 25, 30, 37, 45, 56, 60]",19,60
72,2026-01-08T18:20:46.0,2026-01-17T23:58:31.531,"Any[60, 53, 45, 37, 30, 25, 19, 13, 8]",60,8
771,2026-01-08T18:24:58.0,2026-01-11T00:02:43.531,"Any[62, 53, 45, 37, 30, 25, 19, 11, 6, 1]",62,1
1110,2026-01-08T18:26:14.305,2026-01-11T00:03:59.836,"Any[60, 56, 45, 37, 30, 25, 19, 11, 6]",60,6
1146,2026-01-08T18:26:14.305,2026-01-18T00:03:59.836,"Any[60, 56, 45, 37, 30, 25, 19, 11, 6]",60,6
421,2026-01-08T18:31:33.876,2026-01-18T00:09:19.407,"Any[56, 45, 37, 30, 25, 19, 11, 6]",56,6
927,2026-01-08T18:42:58.0,2026-01-11T00:20:43.531,"Any[56, 45, 37, 30, 25, 19, 11, 6]",56,6
983,2026-01-08T18:51:06.0,2026-01-18T00:28:51.531,"Any[10, 19, 25, 30, 37, 45, 53]",10,53
772,2026-01-08T19:05:00.0,2026-01-18T00:42:45.531,"Any[8, 13, 19, 25, 30, 37, 45, 53]",8,53
1013,2026-01-08T19:13:37.0,2026-01-11T00:51:22.531,"Any[56, 45, 37, 30, 25, 19]",56,19
290,2026-01-08T19:39:10.0,2026-01-18T01:16:55.531,"Any[10, 19, 25, 30, 37, 45, 53]",10,53
1262,2026-01-08T19:45:22.0,2026-01-11T01:23:07.531,"Any[53, 45, 37, 30, 25, 19, 13, 8]",53,8
1597,2026-01-08T20:13:59.0,2026-01-11T01:51:44.531,"Any[10, 11, 19, 25, 30, 37, 45, 53]",10,53
1306,2026-01-08T20:17:50.0,2026-01-18T01:55:35.531,"Any[53, 45, 37, 30, 25, 19, 13, 8]",53,8
665,2026-01-08T20:38:14.0,2026-01-18T02:15:59.531,"Any[7, 8, 13, 19, 25, 30, 37, 45, 53]",7,53
133,2026-01-08T20:43:02.0,2026-01-18T02:20:47.531,"Any[10, 19, 25, 30, 37, 45, 53]",10,53
794,2026-01-08T20:43:02.0,2026-01-11T02:20:47.531,"Any[10, 19, 25, 30, 37, 45, 53]",10,53
1383,2026-01-08T20:43:02.0,2026-01-18T02:20:47.531,"Any[10, 19, 25, 30, 37, 45, 53]",10,53
384,2026-01-08T20:52:04.0,2026-01-11T02:29:49.531,"Any[6, 11, 19, 25, 30, 37, 45]",6,45
618,2026-01-08T20:55:05.0,2026-01-18T02:32:50.531,"Any[10, 19, 25, 30, 37, 45, 53]",10,53
1373,2026-01-08T20:57:34.0,2026-01-11T02:35:19.531,"Any[7, 8, 13, 19, 25, 30, 37, 45, 53]",7,53
166,2026-01-08T21:07:06.0,2026-01-18T02:44:51.531,"Any[53, 45, 37, 30, 25, 19, 13, 8]",53,8
365,2026-01-08T21:43:20.0,2026-01-11T03:21:05.531,"Any[10, 19, 25, 30, 37, 45, 53]",10,53
107,2026-01-08T22:11:39.0,2026-01-18T03:49:24.531,"Any[10, 19, 25, 30, 37, 45, 53]",10,53
430,2026-01-08T22:25:37.0,2026-01-18T04:03:22.531,"Any[10, 19, 25, 30, 37, 45, 53]",10,53
470,2026-01-08T22:35:51.065,2026-01-11T04:13:36.596,"Any[53, 45, 37, 30, 25, 19, 13, 8]",53,8
1184,2026-01-08T22:35:51.065,2026-01-18T04:13:36.596,"Any[53, 45, 37, 30, 25, 19, 13, 8]",53,8
1154,2026-01-08T22:40:40.0,2026-01-18T04:18:25.531,"Any[53, 45, 37, 30, 25, 19, 11, 6, 1]",53,1
1419,2026-01-08T22:52:19.0,2026-01-11T04:30:04.531,"Any[60, 56, 45, 37, 30, 25, 19, 11, 6]",60,6
1395,2026-01-08T23:00:08.0,2026-01-11T04:37:53.531,"Any[19, 25, 30, 37, 45, 56]",19,56
425,2026-01-08T23:26:35.0,2026-01-11T05:04:20.531,"Any[8, 13, 19, 25, 30, 37, 45, 56]",8,56
637,2026-01-08T23:26:35.0,2026-01-11T05:04:20.531,"Any[8, 13, 19, 25, 30, 37, 45, 56]",8,56
1386,2026-01-08T23:26:35.0,2026-01-18T05:04:20.531,"Any[8, 13, 19, 25, 30, 37, 45, 56]",8,56
885,2026-01-08T23:35:26.732,2026-01-11T05:13:12.263,"Any[53, 45, 37, 30, 25, 19, 11, 6, 1]",53,1
1548,2026-01-08T23:35:26.732,2026-01-11T05:13:12.263,"Any[53, 45, 37, 30, 25, 19, 11, 6, 1]",53,1
1015,2026-01-08T23:36:38.0,2026-01-11T05:14:23.531,"Any[53, 45, 37, 30, 25]",53,25
1459,2026-01-08T23:46:38.0,2026-01-11T05:24:23.531,"Any[53, 45, 37, 30, 25, 19, 13, 8]",53,8
1494,2026-01-08T23:46:38.0,2026-01-11T05:24:23.531,"Any[53, 45, 37, 30, 25, 19, 13, 8]",53,8
312,2026-01-09T00:15:22.0,2026-01-11T05:53:07.531,"Any[8, 13, 19, 25, 30, 37, 45, 56]",8,56
609,2026-01-09T00:18:04.0,2026-01-18T05:55:49.531,"Any[53, 45, 37, 30, 25, 19, 11, 6, 1]",53,1
151,2026-01-09T00:26:36.0,2026-01-18T06:04:21.531,"Any[53, 45, 37, 30, 25, 19, 11, 6, 1]",53,1
1378,2026-01-09T00:26:36.0,2026-01-11T06:04:21.531,"Any[53, 45, 37, 30, 25, 19, 11, 6, 1]",53,1
88,2026-01-09T00:42:47.0,2026-01-18T06:20:32.531,"Any[7, 8, 13, 19, 25, 30, 37, 45, 53]",7,53
428,2026-01-09T00:42:47.0,2026-01-18T06:20:32.531,"Any[7, 8, 13, 19, 25, 30, 37, 45, 53]",7,53
1034,2026-01-09T00:42:47.0,2026-01-18T06:20:32.531,"Any[7, 8, 13, 19, 25, 30, 37, 45, 53]",7,53
1030,2026-01-09T01:08:55.0,2026-01-18T06:46:40.531,"Any[64, 60, 53, 45, 37, 30, 25, 19, 10]",64,10
799,2026-01-09T01:13:47.0,2026-01-11T06:51:32.531,"Any[6, 11, 25, 30, 37, 45, 53]",6,53
1446,2026-01-09T01:27:44.842,2026-01-11T07:05:30.373,"Any[53, 45, 37, 30, 25, 19, 11, 6, 1]",53,1
383,2026-01-09T02:17:45.0,2026-01-18T07:55:30.531,"Any[53, 45, 37, 30, 25, 19, 11, 10, 11, 6, 1]",53,1
1553,2026-01-09T02:17:45.0,2026-01-18T07:55:30.531,"Any[53, 45, 37, 30, 25, 19, 11, 10, 11, 6, 1]",53,1
179,2026-01-09T02:19:24.0,2026-01-11T07:57:09.531,"Any[53, 45, 37, 30, 25, 19, 11, 6, 1]",53,1
298,2026-01-09T02:19:24.0,2026-01-11T07:57:09.531,"Any[53, 45, 37, 30, 25, 19, 11, 6, 1]",53,1
177,2026-01-09T02:33:43.0,2026-01-18T08:11:28.531,"Any[53, 45, 37, 30, 25, 19, 11, 6, 1]",53,1
1292,2026-01-09T03:28:44.0,2026-01-18T09:06:29.531,"Any[19, 25, 30, 37, 45, 56]",19,56
1390,2026-01-09T03:28:44.0,2026-01-11T09:06:29.531,"Any[19, 25, 30, 37, 45, 56]",19,56
865,2026-01-09T03:48:37.0,2026-01-11T09:26:22.531,"Any[56, 45, 37, 30, 25, 19, 10]",56,10
1470,2026-01-09T03:48:37.0,2026-01-18T09:26:22.531,"Any[56, 45, 37, 30, 25, 19, 10]",56,10
959,2026-01-09T04:31:26.0,2026-01-18T10:09:11.531,"Any[8, 13, 19, 25, 30, 37, 45, 53]",8,53
497,2026-01-09T04:54:43.0,2026-01-11T10:32:28.531,"Any[60, 53, 45, 37, 30, 25, 19, 10]",60,10
348,2026-01-09T05:44:55.0,2026-01-18T11:22:40.531,"Any[64, 60, 53, 45, 37, 30, 25, 19, 11, 6, 1]",64,1
631,2026-01-09T05:44:55.0,2026-01-11T11:22:40.531,"Any[64, 60, 53, 45, 37, 30, 25, 19, 11, 6, 1]",64,1
688,2026-01-09T06:13:01.0,2026-01-18T11:50:46.531,"Any[1, 6, 11, 19, 25, 30, 37, 45, 56]",1,56
565,2026-01-09T06:18:52.0,2026-01-11T11:56:37.531,"Any[19, 25, 30, 37, 45, 56]",19,56
633,2026-01-09T06:18:52.0,2026-01-18T11:56:37.531,"Any[19, 25, 30, 37, 45, 56]",19,56
1007,2026-01-09T06:18:52.0,2026-01-11T11:56:37.531,"Any[19, 25, 30, 37, 45, 56]",19,56
432,2026-01-09T06:28:44.0,2026-01-18T12:06:29.531,"Any[53, 45, 37, 30, 25]",53,25
396,2026-01-09T06:39:06.0,2026-01-11T12:16:51.531,"Any[19, 25, 30, 37, 45, 56]",19,56
861,2026-01-09T06:39:06.0,2026-01-11T12:16:51.531,"Any[19, 25, 30, 37, 45, 56]",19,56
992,2026-01-09T06:39:06.0,2026-01-18T12:16:51.531,"Any[19, 25, 30, 37, 45, 56]",19,56
42,2026-01-09T06:48:36.0,2026-01-11T12:26:21.531,"Any[10, 19, 25, 30, 37, 45, 53]",10,53
1309,2026-01-09T07:07:22.0,2026-01-18T12:45:07.531,"Any[10, 19, 25, 30, 37, 45]",10,45
594,2026-01-09T07:15:26.0,2026-01-11T12:53:11.531,"Any[53, 45, 37, 30, 25, 19, 11, 6, 5]",53,5
316,2026-01-09T07:18:12.767,2026-01-11T12:55:58.298,"Any[64, 56, 45, 37, 30, 25, 19, 11, 6]",64,6
1481,2026-01-09T07:57:46.0,2026-01-11T13:35:31.531,"Any[10, 19, 25, 30, 37, 45]",10,45
1227,2026-01-09T08:25:56.0,2026-01-18T14:03:41.531,"Any[19, 25, 30, 37, 45, 53]",19,53
855,2026-01-09T08:43:41.0,2026-01-11T14:21:26.531,"Any[6, 11, 25, 30, 37, 45]",6,45
1195,2026-01-09T08:45:36.713,2026-01-11T14:23:22.244,"Any[19, 25, 30, 37, 45, 53]",19,53
1564,2026-01-09T09:25:56.0,2026-01-11T15:03:41.531,"Any[53, 45, 37, 30, 25, 19, 11, 6, 3, 1]",53,1
968,2026-01-09T09:27:00.0,2026-01-11T15:04:45.531,"Any[10, 19, 25, 30, 37, 45, 53]",10,53
826,2026-01-09T10:06:30.0,2026-01-11T15:44:15.531,"Any[1, 6, 11, 19, 25, 30, 37, 45, 56]",1,56
302,2026-01-09T10:11:08.0,2026-01-18T15:48:53.531,"Any[8, 13, 19, 25, 30, 37, 45, 53]",8,53
853,2026-01-09T10:11:49.0,2026-01-11T15:49:34.531,"Any[53, 45, 37, 30, 25, 19, 10]",53,10
350,2026-01-09T10:31:04.0,2026-01-18T16:08:49.531,"Any[1, 6, 11, 19, 25, 30, 37, 45, 56]",1,56
283,2026-01-09T10:37:01.0,2026-01-11T16:14:46.531,"Any[53, 45, 37, 30, 25, 19, 10]",53,10
597,2026-01-09T10:48:30.0,2026-01-11T16:26:15.531,"Any[6, 11, 19, 25, 30, 37, 45]",6,45
611,2026-01-09T10:50:22.0,2026-01-18T16:28:07.531,"Any[53, 45, 37, 30, 25]",53,25
977,2026-01-09T11:16:46.0,2026-01-11T16:54:31.531,"Any[45, 37, 30, 25, 19]",45,19
1485,2026-01-09T11:16:46.0,2026-01-11T16:54:31.531,"Any[45, 37, 30, 25, 19]",45,19
892,2026-01-09T11:34:03.0,2026-01-11T17:11:48.531,"Any[3, 6, 11, 19, 25, 30, 37, 45, 56]",3,56
939,2026-01-09T11:58:07.518,2026-01-18T17:35:53.049,"Any[6, 11, 19, 25, 30, 37, 45, 56]",6,56
113,2026-01-09T12:06:33.0,2026-01-11T17:44:18.531,"Any[64, 60, 53, 45, 37, 30, 25, 19, 10]",64,10
768,2026-01-09T12:16:28.0,2026-01-18T17:54:13.531,"Any[1, 6, 11, 19, 25, 30, 37, 45, 56]",1,56
280,2026-01-09T12:26:18.0,2026-01-11T18:04:03.531,"Any[25, 30, 37, 45, 56, 60]",25,60
573,2026-01-09T12:52:49.0,2026-01-11T18:30:34.531,"Any[45, 37, 30, 25, 19, 10]",45,10
792,2026-01-09T13:02:58.0,2026-01-11T18:40:43.531,"Any[8, 13, 19, 25, 30, 37, 45, 56]",8,56
1237,2026-01-09T13:02:58.0,2026-01-18T18:40:43.531,"Any[8, 13, 19, 25, 30, 37, 45, 56]",8,56
824,2026-01-09T13:06:30.0,2026-01-18T18:44:15.531,"Any[56, 45, 37, 30, 25, 19, 11, 6]",56,6
650,2026-01-09T13:15:48.794,2026-01-11T18:53:34.325,"Any[10, 19, 25, 30, 37, 45, 53]",10,53
1433,2026-01-09T13:15:48.794,2026-01-18T18:53:34.325,"Any[10, 19, 25, 30, 37, 45, 53]",10,53
1396,2026-01-09T13:31:19.809,2026-01-11T19:09:05.34,"Any[56, 45, 37, 30, 25, 19, 11, 6]",56,6
1089,2026-01-09T14:06:06.0,2026-01-11T19:43:51.531,"Any[45, 37, 30, 25]",45,25
978,2026-01-09T14:07:09.0,2026-01-18T19:44:54.531,"Any[19, 17, 25, 30, 37, 45, 53]",19,53
1507,2026-01-09T14:07:09.0,2026-01-11T19:44:54.531,"Any[19, 17, 25, 30, 37, 45, 53]",19,53
237,2026-01-09T14:12:38.0,2026-01-18T19:50:23.531,"Any[56, 45, 37, 30, 25, 19, 11, 6, 1]",56,1
997,2026-01-09T14:31:44.481,2026-01-11T20:09:30.012,"Any[6, 10, 19, 25, 30, 37, 45, 56]",6,56
998,2026-01-09T14:31:44.481,2026-01-18T20:09:30.012,"Any[6, 10, 19, 25, 30, 37, 45, 56]",6,56
1275,2026-01-09T14:37:14.0,2026-01-18T20:14:59.531,"Any[54, 44, 36, 23, 19, 11, 6]",54,6
1137,2026-01-09T14:40:55.0,2026-01-18T20:18:40.531,"Any[53, 45, 37, 30, 25, 19, 10]",53,10
498,2026-01-09T14:44:50.0,2026-01-11T20:22:35.531,"Any[53, 45, 37, 30, 25, 19, 11, 6]",53,6
442,2026-01-09T14:48:21.0,2026-01-11T20:26:06.531,"Any[64, 60, 56, 45, 37, 30, 25, 19, 11, 6]",64,6
1165,2026-01-09T15:08:15.0,2026-01-11T20:46:00.531,"Any[60, 53, 45, 37, 30, 25, 19, 11, 6, 1]",60,1
809,2026-01-09T15:33:15.838,2026-01-11T21:11:01.369,"Any[6, 11, 19, 25, 30, 37, 45, 53]",6,53
1546,2026-01-09T15:51:32.0,2026-01-11T21:29:17.531,"Any[53, 45, 37, 30, 25, 19, 11, 6, 1]",53,1
907,2026-01-09T15:56:06.0,2026-01-18T21:33:51.531,"Any[8, 13, 19, 25, 30, 37, 30, 37, 45, 53]",8,53
73,2026-01-09T15:56:42.797,2026-01-18T21:34:28.328,"Any[56, 45, 37, 30, 25, 19, 11, 6, 6, 1]",56,6
1476,2026-01-09T15:56:42.797,2026-01-11T21:34:28.328,"Any[56, 45, 37, 30, 25, 19, 11, 6, 6, 1]",56,6
1464,2026-01-09T16:03:08.0,2026-01-11T21:40:53.531,"Any[54, 44, 36, 23, 19, 11, 6]",54,6
1467,2026-01-09T16:19:21.0,2026-01-11T21:57:06.531,"Any[60, 56, 45, 37, 30, 25]",60,25
619,2026-01-09T16:54:29.0,2026-01-18T22:32:14.531,"Any[8, 13, 19, 25, 30, 37, 45, 53]",8,53
548,2026-01-09T17:00:03.133,2026-01-11T22:37:48.664,"Any[8, 13, 19, 25, 30, 37, 45, 56, 60]",8,60
1590,2026-01-09T17:17:52.0,2026-01-11T22:55:37.531,"Any[10, 19, 25, 30, 37, 45, 53]",10,53
118,2026-01-09T17:40:11.0,2026-01-18T23:17:56.531,"Any[8, 13, 19, 25, 37, 45, 56]",8,56
673,2026-01-09T17:40:11.0,2026-01-11T23:17:56.531,"Any[8, 13, 19, 25, 37, 45, 56]",8,56
445,2026-01-09T18:07:07.374,2026-01-11T23:44:52.905,"Any[54, 44, 36, 23, 19, 13, 8]",54,8
188,2026-01-09T18:48:48.0,2026-01-12T00:26:33.531,"Any[60, 53, 45, 37, 30, 25]",60,25
215,2026-01-09T18:50:06.0,2026-01-19T00:27:51.531,"Any[1, 6, 11, 19, 25, 30, 37, 45, 56]",1,56
337,2026-01-09T18:52:53.622,2026-01-19T00:30:39.153,"Any[56, 45, 37, 30, 25, 19, 13, 8]",56,8
420,2026-01-09T18:52:53.622,2026-01-19T00:30:39.153,"Any[56, 45, 37, 30, 25, 19, 13, 8]",56,8
500,2026-01-09T18:55:38.0,2026-01-19T00:33:23.531,"Any[56, 45, 37, 30, 25, 19, 13, 8]",56,8
1346,2026-01-09T18:56:08.0,2026-01-19T00:33:53.531,"Any[17, 25, 30, 37, 45, 53, 60]",17,60
620,2026-01-09T18:57:37.0,2026-01-12T00:35:22.531,"Any[17, 19, 25, 30, 37, 45, 53, 60]",17,60
117,2026-01-09T18:58:14.0,2026-01-12T00:35:59.531,"Any[19, 25, 30, 37, 45, 53]",19,53
1136,2026-01-09T18:59:42.0,2026-01-19T00:37:27.531,"Any[56, 45, 37, 30, 25, 19, 13, 8]",56,8
1410,2026-01-09T19:02:18.0,2026-01-19T00:40:03.531,"Any[8, 13, 19, 25, 30, 37, 45, 53]",8,53
9,2026-01-09T19:03:53.0,2026-01-19T00:41:38.531,"Any[56, 45, 37, 30, 25]",56,25
380,2026-01-09T19:03:53.0,2026-01-19T00:41:38.531,"Any[56, 45, 37, 30, 25]",56,25
1077,2026-01-09T19:03:53.0,2026-01-19T00:41:38.531,"Any[56, 45, 37, 30, 25]",56,25
1444,2026-01-09T19:22:15.0,2026-01-12T01:00:00.531,"Any[8, 13, 19, 25, 30, 37, 45, 56]",8,56
131,2026-01-09T19:37:27.0,2026-01-19T01:15:12.531,"Any[10, 19, 25, 30, 37, 45, 53]",10,53
1071,2026-01-09T19:46:09.0,2026-01-12T01:23:54.531,"Any[45, 37, 30, 25]",45,25
1361,2026-01-09T19:59:32.625,2026-01-12T01:37:18.156,"Any[56, 45, 37, 30, 25, 19, 13, 8]",56,8
127,2026-01-09T20:01:06.0,2026-01-12T01:38:51.531,"Any[1, 6, 11, 19, 25, 30, 37, 45, 56]",1,56
410,2026-01-09T20:03:07.557,2026-01-12T01:40:53.088,"Any[56, 45, 37, 30, 25, 19, 10]",56,10
98,2026-01-09T21:03:18.164,2026-01-19T02:41:03.695,"Any[1, 6, 11, 19, 23, 36, 44, 54, 60]",1,60
1584,2026-01-09T21:14:14.0,2026-01-19T02:51:59.531,"Any[10, 19, 25, 30, 37, 45, 53]",10,53
21,2026-01-09T21:40:08.0,2026-01-12T03:17:53.531,"Any[10, 19, 25, 30, 37, 45, 53]",10,53
329,2026-01-09T21:40:08.0,2026-01-19T03:17:53.531,"Any[10, 19, 25, 30, 37, 45, 53]",10,53
1139,2026-01-09T21:40:08.0,2026-01-12T03:17:53.531,"Any[10, 19, 25, 30, 37, 45, 53]",10,53
1075,2026-01-09T21:51:04.0,2026-01-12T03:28:49.531,"Any[20, 19, 25, 30, 37, 45, 53]",20,53
725,2026-01-09T21:53:29.204,2026-01-19T03:31:14.735,"Any[60, 56, 45, 37, 30, 25, 19, 11, 6]",60,6
433,2026-01-09T22:12:22.0,2026-01-19T03:50:07.531,"Any[6, 11, 25, 30, 37, 45]",6,45
1399,2026-01-09T22:12:22.0,2026-01-12T03:50:07.531,"Any[6, 11, 25, 30, 37, 45]",6,45
139,2026-01-09T23:15:08.0,2026-01-19T04:52:53.531,"Any[10, 19, 25, 30, 37, 45, 53]",10,53
1450,2026-01-09T23:15:08.0,2026-01-19T04:52:53.531,"Any[10, 19, 25, 30, 37, 45, 53]",10,53
1575,2026-01-09T23:15:08.0,2026-01-19T04:52:53.531,"Any[10, 19, 25, 30, 37, 45, 53]",10,53
422,2026-01-09T23:19:41.0,2026-01-12T04:57:26.531,"Any[45, 37, 30, 25]",45,25
711,2026-01-09T23:19:41.0,2026-01-19T04:57:26.531,"Any[45, 37, 30, 25]",45,25
1256,2026-01-09T23:36:02.0,2026-01-19T05:13:47.531,"Any[1, 6, 11, 19, 23, 28, 36, 44, 54, 60]",1,60
542,2026-01-10T00:20:53.0,2026-01-12T05:58:38.531,"Any[1, 6, 11, 19, 25, 30, 37, 45, 53, 60]",1,60
1392,2026-01-10T00:48:25.0,2026-01-19T06:26:10.531,"Any[7, 8, 13, 19, 25, 30, 37, 45, 56]",7,56
248,2026-01-10T01:15:16.0,2026-01-19T06:53:01.531,"Any[45, 37, 30, 25]",45,25
1491,2026-01-10T01:15:16.0,2026-01-12T06:53:01.531,"Any[45, 37, 30, 25]",45,25
266,2026-01-10T01:15:33.0,2026-01-12T06:53:18.531,"Any[8, 13, 19, 25, 30, 37, 45, 56]",8,56
1213,2026-01-10T01:16:58.81,2026-01-19T06:54:44.341,"Any[56, 45, 37, 30, 25, 19, 10, 6]",56,6
881,2026-01-10T01:21:15.0,2026-01-12T06:59:00.531,"Any[1, 6, 11, 19, 25, 30, 37, 45, 53, 60]",1,60
387,2026-01-10T02:21:55.515,2026-01-19T07:59:41.046,"Any[64, 60, 53, 45, 37, 30, 25, 19, 10]",64,10
1128,2026-01-10T02:46:14.0,2026-01-19T08:23:59.531,"Any[8, 13, 19, 25, 30, 37, 45, 53, 56]",8,56
1205,2026-01-10T03:17:05.099,2026-01-19T08:54:50.63,"Any[3, 10, 19, 25, 30, 37, 45, 53, 60]",3,60
1066,2026-01-10T03:19:08.0,2026-01-12T08:56:53.531,"Any[10, 19, 25, 30, 37, 45, 53, 60]",10,60
763,2026-01-10T03:52:22.0,2026-01-12T09:30:07.531,"Any[53, 45, 37, 30, 25, 19]",53,19
320,2026-01-10T04:55:27.709,2026-01-12T10:33:13.24,"Any[19, 25, 30, 37, 45, 56]",19,56
1190,2026-01-10T04:59:16.0,2026-01-12T10:37:01.531,"Any[60, 56, 45, 37, 30, 25, 19, 11, 6]",60,6
1260,2026-01-10T05:06:38.0,2026-01-12T10:44:23.531,"Any[1, 6, 11, 19, 25, 30, 37, 45]",1,45
919,2026-01-10T05:35:00.0,2026-01-19T11:12:45.531,"Any[1, 6, 11, 19, 23, 28, 36, 44, 60]",1,60
845,2026-01-10T06:11:53.0,2026-01-19T11:49:38.531,"Any[60, 56, 45, 37, 30, 25]",60,25
704,2026-01-10T06:17:19.0,2026-01-19T11:55:04.531,"Any[10, 11, 19, 25, 30, 37, 45, 53]",10,53
537,2026-01-10T06:22:40.0,2026-01-19T12:00:25.531,"Any[53, 45, 37, 30, 25, 19, 10]",53,10
534,2026-01-10T07:18:37.703,2026-01-12T12:56:23.234,"Any[64, 53, 45, 37, 30, 25, 19, 10]",64,10
1188,2026-01-10T07:26:17.0,2026-01-19T13:04:02.531,"Any[19, 25, 30, 37, 45]",19,45
1375,2026-01-10T07:26:17.0,2026-01-19T13:04:02.531,"Any[19, 25, 30, 37, 45]",19,45
1418,2026-01-10T07:26:58.507,2026-01-19T13:04:44.038,"Any[56, 45, 37, 30, 25, 19, 13, 8]",56,8
309,2026-01-10T07:41:58.0,2026-01-12T13:19:43.531,"Any[64, 60, 53, 45, 37, 30, 25, 19, 11, 6, 1]",64,1
463,2026-01-10T07:50:28.0,2026-01-12T13:28:13.531,"Any[8, 13, 19, 25, 30, 37, 45, 53, 60, 64]",8,64
654,2026-01-10T07:50:28.0,2026-01-19T13:28:13.531,"Any[8, 13, 19, 25, 30, 37, 45, 53, 60, 64]",8,64
1313,2026-01-10T08:10:53.255,2026-01-19T13:48:38.786,"Any[60, 53, 45, 37, 30, 25, 19, 10]",60,10
416,2026-01-10T08:11:45.0,2026-01-12T13:49:30.531,"Any[53, 45, 37, 30, 25]",53,25
1599,2026-01-10T08:51:01.0,2026-01-19T14:28:46.531,"Any[10, 19, 25, 30, 37, 45, 53]",10,53
747,2026-01-10T09:29:56.0,2026-01-12T15:07:41.531,"Any[64, 53, 45, 37, 30, 25, 19, 13, 8]",64,8
1397,2026-01-10T09:29:56.0,2026-01-12T15:07:41.531,"Any[64, 53, 45, 37, 30, 25, 19, 13, 8]",64,8
661,2026-01-10T10:49:04.0,2026-01-12T16:26:49.531,"Any[8, 13, 19, 25, 30, 37, 45, 56]",8,56
1438,2026-01-10T11:00:10.0,2026-01-19T16:37:55.531,"Any[19, 25, 30, 37, 45, 56]",19,56
823,2026-01-10T11:08:33.027,2026-01-19T16:46:18.558,"Any[62, 45, 37, 30, 25, 19]",62,19
1253,2026-01-10T11:11:55.0,2026-01-12T16:49:40.531,"Any[17, 25, 30, 37, 45, 53, 60]",17,60
888,2026-01-10T11:14:26.0,2026-01-19T16:52:11.531,"Any[53, 45, 37, 30, 25, 19, 11, 6, 1]",53,1
1143,2026-01-10T11:14:26.0,2026-01-19T16:52:11.531,"Any[53, 45, 37, 30, 25, 19, 11, 6, 1]",53,1
1119,2026-01-10T11:30:18.0,2026-01-19T17:08:03.531,"Any[60, 56, 45, 37, 30, 25, 19]",60,19
556,2026-01-10T11:55:03.0,2026-01-19T17:32:48.531,"Any[6, 11, 19, 25, 30, 37, 45, 56]",6,56
961,2026-01-10T11:55:03.0,2026-01-12T17:32:48.531,"Any[6, 11, 19, 25, 30, 37, 45, 56]",6,56
994,2026-01-10T11:55:03.0,2026-01-12T17:32:48.531,"Any[6, 11, 19, 25, 30, 37, 45, 56]",6,56
912,2026-01-10T12:08:01.0,2026-01-12T17:45:46.531,"Any[53, 45, 37, 30, 25, 19, 10]",53,10
1235,2026-01-10T12:08:01.0,2026-01-19T17:45:46.531,"Any[53, 45, 37, 30, 25, 19, 10]",53,10
454,2026-01-10T12:15:39.0,2026-01-19T17:53:24.531,"Any[53, 45, 37, 30, 25, 19, 11, 6]",53,6
670,2026-01-10T12:15:39.0,2026-01-12T17:53:24.531,"Any[53, 45, 37, 30, 25, 19, 11, 6]",53,6
1240,2026-01-10T12:15:39.0,2026-01-19T17:53:24.531,"Any[53, 45, 37, 30, 25, 19, 11, 6]",53,6
1417,2026-01-10T12:15:39.0,2026-01-12T17:53:24.531,"Any[53, 45, 37, 30, 25, 19, 11, 6]",53,6
193,2026-01-10T12:52:54.0,2026-01-12T18:30:39.531,"Any[6, 11, 19, 25, 30, 37, 45]",6,45
1579,2026-01-10T13:10:57.0,2026-01-12T18:48:42.531,"Any[10, 19, 25, 30, 37, 45, 53]",10,53
1544,2026-01-10T13:20:43.874,2026-01-12T18:58:29.405,"Any[53, 45, 37, 30, 25, 19, 13, 8]",53,8
864,2026-01-10T13:21:28.0,2026-01-19T18:59:13.531,"Any[8, 13, 19, 25, 30, 37, 45, 53]",8,53
1258,2026-01-10T13:32:45.0,2026-01-19T19:10:30.531,"Any[6, 11, 19, 25, 30, 37, 45]",6,45
1009,2026-01-10T14:24:18.0,2026-01-12T20:02:03.531,"Any[19, 25, 30, 37, 45, 53, 60]",19,60
1266,2026-01-10T14:24:18.0,2026-01-12T20:02:03.531,"Any[19, 25, 30, 37, 45, 53, 60]",19,60
308,2026-01-10T14:29:32.0,2026-01-19T20:07:17.531,"Any[6, 11, 19, 25, 30, 37, 45, 56]",6,56
621,2026-01-10T14:44:08.0,2026-01-19T20:21:53.531,"Any[7, 8, 13, 19, 25, 30, 37, 45, 53]",7,53
1084,2026-01-10T14:44:08.0,2026-01-12T20:21:53.531,"Any[7, 8, 13, 19, 25, 30, 37, 45, 53]",7,53
490,2026-01-10T14:44:45.0,2026-01-12T20:22:30.531,"Any[13, 19, 25, 30, 37, 45, 56]",13,56
1510,2026-01-10T14:44:45.0,2026-01-19T20:22:30.531,"Any[13, 19, 25, 30, 37, 45, 56]",13,56
749,2026-01-10T15:11:50.0,2026-01-19T20:49:35.531,"Any[10, 19, 25, 30, 37, 45, 53]",10,53
943,2026-01-10T15:15:07.066,2026-01-12T20:52:52.597,"Any[64, 60, 53, 45, 37, 30, 25, 19, 13, 8]",64,8
1019,2026-01-10T15:30:00.0,2026-01-19T21:07:45.531,"Any[16, 19, 25, 30, 37, 45, 53]",16,53
1189,2026-01-10T15:35:15.0,2026-01-19T21:13:00.531,"Any[6, 11, 19, 25, 30, 37, 45]",6,45
705,2026-01-10T15:36:06.0,2026-01-12T21:13:51.531,"Any[6, 11, 19, 25, 30, 37, 45, 56]",6,56
539,2026-01-10T16:36:02.0,2026-01-19T22:13:47.531,"Any[1, 6, 11, 19, 25, 30, 37, 45, 56, 60]",1,60
1325,2026-01-10T16:36:02.0,2026-01-12T22:13:47.531,"Any[1, 6, 11, 19, 25, 30, 37, 45, 56, 60]",1,60
251,2026-01-10T16:49:34.0,2026-01-12T22:27:19.531,"Any[53, 45, 37, 30, 25]",53,25
925,2026-01-10T16:49:34.0,2026-01-19T22:27:19.531,"Any[53, 45, 37, 30, 25]",53,25
1308,2026-01-10T16:49:34.0,2026-01-19T22:27:19.531,"Any[53, 45, 37, 30, 25]",53,25
1183,2026-01-10T16:50:25.0,2026-01-19T22:28:10.531,"Any[53, 45, 37, 30, 25, 19, 13, 8]",53,8
57,2026-01-10T16:54:59.0,2026-01-19T22:32:44.531,"Any[60, 56, 45, 37, 30, 25]",60,25
328,2026-01-10T17:09:17.0,2026-01-12T22:47:02.531,"Any[6, 11, 19, 25, 30, 37, 45, 56]",6,56
599,2026-01-10T17:09:22.0,2026-01-19T22:47:07.531,"Any[8, 13, 19, 25, 30, 37, 45, 56]",8,56
1370,2026-01-10T17:20:34.0,2026-01-19T22:58:19.531,"Any[56, 45, 37, 30, 25]",56,25
194,2026-01-10T17:23:26.0,2026-01-19T23:01:11.531,"Any[56, 45, 37, 30, 25, 19, 13, 8]",56,8
1393,2026-01-10T17:27:13.941,2026-01-19T23:04:59.472,"Any[60, 56, 45, 37, 30, 25, 19]",60,19
1169,2026-01-10T18:01:46.0,2026-01-12T23:39:31.531,"Any[56, 45, 37, 30, 25, 19]",56,19
318,2026-01-10T18:01:49.0,2026-01-19T23:39:34.531,"Any[8, 13, 19, 25, 30, 37, 45, 56]",8,56
460,2026-01-10T18:35:31.0,2026-01-13T00:13:16.531,"Any[60, 53, 45, 37, 30, 25, 19, 10]",60,10
1522,2026-01-10T18:35:31.0,2026-01-13T00:13:16.531,"Any[60, 53, 45, 37, 30, 25, 19, 10]",60,10
945,2026-01-10T18:43:38.0,2026-01-13T00:21:23.531,"Any[56, 45, 37, 30, 25]",56,25
733,2026-01-10T19:17:24.0,2026-01-13T00:55:09.531,"Any[8, 13, 19, 25, 30, 37, 45, 56]",8,56
1062,2026-01-10T19:17:24.0,2026-01-13T00:55:09.531,"Any[8, 13, 19, 25, 30, 37, 45, 56]",8,56
1547,2026-01-10T19:48:50.0,2026-01-20T01:26:35.531,"Any[53, 45, 37, 30, 25, 19, 11, 6, 1]",53,1
726,2026-01-10T19:57:20.0,2026-01-20T01:35:05.531,"Any[53, 45, 37, 30, 25, 19, 10]",53,10
172,2026-01-10T20:01:33.854,2026-01-13T01:39:19.385,"Any[56, 45, 37, 30, 25, 19, 10]",56,10
1114,2026-01-10T20:01:33.854,2026-01-20T01:39:19.385,"Any[56, 45, 37, 30, 25, 19, 10]",56,10
797,2026-01-10T20:02:17.0,2026-01-20T01:40:02.531,"Any[8, 13, 19, 25, 30, 37, 45, 56]",8,56
835,2026-01-10T20:14:27.0,2026-01-20T01:52:12.531,"Any[10, 19, 25, 30, 37, 45, 53]",10,53
540,2026-01-10T20:15:36.0,2026-01-20T01:53:21.531,"Any[60, 54, 44, 36, 31, 27, 21, 9]",60,9
1324,2026-01-10T21:01:58.626,2026-01-20T02:39:44.157,"Any[8, 13, 19, 25, 30, 37, 45, 56]",8,56
86,2026-01-10T21:19:07.419,2026-01-20T02:56:52.95,"Any[56, 45, 37, 30, 25, 19, 13, 8]",56,8
610,2026-01-10T22:00:58.0,2026-01-20T03:38:43.531,"Any[10, 11, 19, 25, 30, 37, 45, 53]",10,53
238,2026-01-10T22:16:35.0,2026-01-13T03:54:20.531,"Any[8, 13, 19, 25, 30, 37, 45, 56]",8,56
325,2026-01-10T22:16:35.0,2026-01-13T03:54:20.531,"Any[8, 13, 19, 25, 30, 37, 45, 56]",8,56
418,2026-01-10T22:18:50.0,2026-01-20T03:56:35.531,"Any[8, 13, 19, 25, 30, 37, 45, 56]",8,56
715,2026-01-10T22:28:13.0,2026-01-20T04:05:58.531,"Any[53, 45, 37, 30, 25, 19, 10]",53,10
1387,2026-01-10T22:28:13.0,2026-01-20T04:05:58.531,"Any[53, 45, 37, 30, 25, 19, 10]",53,10
66,2026-01-10T22:30:00.0,2026-01-13T04:07:45.531,"Any[1, 6, 11, 19, 25, 30, 37, 45, 53, 60]",1,60
129,2026-01-10T22:30:00.0,2026-01-13T04:07:45.531,"Any[1, 6, 11, 19, 25, 30, 37, 45, 53, 60]",1,60
189,2026-01-10T22:44:19.0,2026-01-20T04:22:04.531,"Any[7, 8, 13, 19, 25, 30, 37, 45, 53]",7,53
808,2026-01-10T22:59:00.0,2026-01-20T04:36:45.531,"Any[54, 44, 36, 23, 19, 13, 8]",54,8
65,2026-01-10T23:00:14.0,2026-01-13T04:37:59.531,"Any[53, 45, 37, 30, 25, 19, 11, 6, 1]",53,1
1055,2026-01-10T23:11:13.0,2026-01-20T04:48:58.531,"Any[10, 19, 25, 30, 37, 45, 53]",10,53
1581,2026-01-10T23:11:13.0,2026-01-13T04:48:58.531,"Any[10, 19, 25, 30, 37, 45, 53]",10,53
838,2026-01-10T23:16:35.0,2026-01-20T04:54:20.531,"Any[7, 8, 13, 19, 25, 30, 37, 45, 53, 60]",7,60
1332,2026-01-10T23:16:35.0,2026-01-20T04:54:20.531,"Any[7, 8, 13, 19, 25, 30, 37, 45, 53, 60]",7,60
589,2026-01-10T23:49:41.633,2026-01-13T05:27:27.164,"Any[19, 25, 30, 37, 45, 56]",19,56
1151,2026-01-11T00:14:33.0,2026-01-20T05:52:18.531,"Any[53, 45, 37, 30, 25, 19, 13, 8]",53,8
1152,2026-01-11T00:14:33.0,2026-01-20T05:52:18.531,"Any[53, 45, 37, 30, 25, 19, 13, 8]",53,8
1532,2026-01-11T00:14:33.0,2026-01-13T05:52:18.531,"Any[53, 45, 37, 30, 25, 19, 13, 8]",53,8
1414,2026-01-11T00:25:53.0,2026-01-13T06:03:38.531,"Any[7, 8, 13, 19, 25, 30, 37, 45, 53]",7,53
1536,2026-01-11T00:32:32.0,2026-01-13T06:10:17.531,"Any[53, 45, 37, 30, 25, 19, 13, 8]",53,8
1567,2026-01-11T00:43:18.0,2026-01-20T06:21:03.531,"Any[10, 19, 25, 30, 37, 45, 53]",10,53
1572,2026-01-11T00:43:18.0,2026-01-20T06:21:03.531,"Any[10, 19, 25, 30, 37, 45, 53]",10,53
1585,2026-01-11T00:43:18.0,2026-01-20T06:21:03.531,"Any[10, 19, 25, 30, 37, 45, 53]",10,53
1016,2026-01-11T01:09:50.0,2026-01-20T06:47:35.531,"Any[45, 37, 30, 23, 19, 11, 6]",45,6
606,2026-01-11T01:11:57.0,2026-01-13T06:49:42.531,"Any[64, 60, 53, 45, 37, 30, 25, 19, 10]",64,10
1124,2026-01-11T01:38:03.0,2026-01-13T07:15:48.531,"Any[53, 45, 37, 30, 25]",53,25
1268,2026-01-11T02:03:23.0,2026-01-20T07:41:08.531,"Any[8, 13, 19, 25, 30, 37, 45, 53]",8,53
640,2026-01-11T02:39:24.0,2026-01-13T08:17:09.531,"Any[64, 60, 53, 45, 37, 30, 25, 19, 13, 8]",64,8
1059,2026-01-11T02:39:24.0,2026-01-20T08:17:09.531,"Any[64, 60, 53, 45, 37, 30, 25, 19, 13, 8]",64,8
917,2026-01-11T02:51:38.0,2026-01-20T08:29:23.531,"Any[16, 17, 25, 30, 37, 45, 53]",16,53
219,2026-01-11T03:26:03.0,2026-01-13T09:03:48.531,"Any[60, 56, 45, 37, 30, 25, 19, 13, 8]",60,8
95,2026-01-11T03:54:38.0,2026-01-13T09:32:23.531,"Any[53, 45, 37, 30, 25, 19, 10]",53,10
1359,2026-01-11T03:54:38.0,2026-01-20T09:32:23.531,"Any[53, 45, 37, 30, 25, 19, 10]",53,10
1132,2026-01-11T04:05:18.859,2026-01-13T09:43:04.39,"Any[53, 45, 37, 30, 25]",53,25
180,2026-01-11T05:02:41.0,2026-01-13T10:40:26.531,"Any[60, 53, 45, 37, 30, 25, 19, 11, 6, 1]",60,1
239,2026-01-11T05:39:54.0,2026-01-20T11:17:39.531,"Any[56, 45, 37, 30, 25]",56,25
1118,2026-01-11T05:48:40.0,2026-01-13T11:26:25.531,"Any[60, 53, 45, 37, 30, 25, 19, 13, 8]",60,8
142,2026-01-11T05:49:45.0,2026-01-20T11:27:30.531,"Any[17, 25, 30, 37, 45, 53]",17,53
271,2026-01-11T06:03:40.0,2026-01-20T11:41:25.531,"Any[64, 53, 45, 37, 30, 25, 19, 11, 6, 1]",64,1
904,2026-01-11T07:42:48.117,2026-01-13T13:20:33.648,"Any[56, 45, 37, 30, 25, 19]",56,19
516,2026-01-11T08:06:20.0,2026-01-13T13:44:05.531,"Any[7, 8, 13, 19, 25, 30, 37, 45, 53]",7,53
936,2026-01-11T08:10:34.0,2026-01-20T13:48:19.531,"Any[53, 45, 37, 30, 25, 19, 13, 8]",53,8
164,2026-01-11T08:11:09.0,2026-01-13T13:48:54.531,"Any[60, 56, 45, 37, 30, 25, 19, 11, 6, 1]",60,1
602,2026-01-11T08:11:09.0,2026-01-13T13:48:54.531,"Any[60, 56, 45, 37, 30, 25, 19, 11, 6, 1]",60,1
105,2026-01-11T08:55:09.0,2026-01-20T14:32:54.531,"Any[7, 8, 13, 19, 25, 30, 37, 45, 53]",7,53
483,2026-01-11T08:55:09.0,2026-01-20T14:32:54.531,"Any[7, 8, 13, 19, 25, 30, 37, 45, 53]",7,53
1398,2026-01-11T09:31:39.0,2026-01-13T15:09:24.531,"Any[25, 30, 37, 45, 53]",25,53
1265,2026-01-11T09:47:21.0,2026-01-13T15:25:06.531,"Any[64, 60, 53, 45, 37, 30, 25, 19, 11, 6, 1]",64,1
710,2026-01-11T10:30:18.485,2026-01-13T16:08:04.016,"Any[64, 60, 56, 45, 37, 30, 25, 19, 11, 6, 1]",64,1
89,2026-01-11T10:51:46.637,2026-01-13T16:29:32.168,"Any[25, 30, 37, 45, 56, 60]",25,60
796,2026-01-11T11:52:41.0,2026-01-13T17:30:26.531,"Any[56, 45, 37, 30, 25]",56,25
1185,2026-01-11T12:03:10.0,2026-01-13T17:40:55.531,"Any[1, 6, 11, 19, 25, 30, 37, 45, 56, 60]",1,60
1453,2026-01-11T12:11:25.0,2026-01-20T17:49:10.531,"Any[56, 45, 37, 30, 25, 19, 13, 8]",56,8
547,2026-01-11T12:34:09.0,2026-01-20T18:11:54.531,"Any[56, 45, 37, 30, 25]",56,25
1311,2026-01-11T12:34:09.0,2026-01-13T18:11:54.531,"Any[56, 45, 37, 30, 25]",56,25
735,2026-01-11T12:34:28.0,2026-01-20T18:12:13.531,"Any[60, 53, 45, 37, 30, 25, 19, 11, 6, 1]",60,1
1204,2026-01-11T12:44:33.0,2026-01-20T18:22:18.531,"Any[64, 60, 56, 45, 37, 30, 25, 19, 11, 6, 1]",64,1
514,2026-01-11T12:59:31.0,2026-01-13T18:37:16.531,"Any[3, 10, 19, 25, 30, 37, 45, 53]",3,53
976,2026-01-11T13:23:19.0,2026-01-13T19:01:04.531,"Any[54, 44, 36, 23, 19, 11, 6, 6]",54,6
1125,2026-01-11T13:49:56.0,2026-01-13T19:27:41.531,"Any[60, 53, 45, 37, 30, 25]",60,25
201,2026-01-11T13:59:18.0,2026-01-13T19:37:03.531,"Any[19, 25, 30, 37, 45, 53, 60]",19,60
764,2026-01-11T14:03:02.0,2026-01-20T19:40:47.531,"Any[8, 13, 19, 25, 30, 37, 45, 56]",8,56
153,2026-01-11T14:10:30.413,2026-01-13T19:48:15.944,"Any[60, 53, 45, 37, 30, 25, 19, 11, 6, 1]",60,1
462,2026-01-11T14:10:52.0,2026-01-13T19:48:37.531,"Any[25, 30, 37, 45]",25,45
1127,2026-01-11T14:10:52.0,2026-01-20T19:48:37.531,"Any[25, 30, 37, 45]",25,45
1516,2026-01-11T14:24:33.0,2026-01-20T20:02:18.531,"Any[60, 53, 45, 37, 30, 25, 19, 10]",60,10
332,2026-01-11T14:39:47.0,2026-01-13T20:17:32.531,"Any[53, 45, 37, 30, 25, 19, 11, 6]",53,6
690,2026-01-11T14:49:41.0,2026-01-13T20:27:26.531,"Any[60, 56, 45, 37, 30, 25]",60,25
783,2026-01-11T15:14:17.092,2026-01-20T20:52:02.623,"Any[56, 45, 37, 30, 25, 19, 13, 8]",56,8
1593,2026-01-11T15:38:08.0,2026-01-20T21:15:53.531,"Any[10, 19, 25, 30, 37, 45, 53]",10,53
1343,2026-01-11T15:48:14.0,2026-01-20T21:25:59.531,"Any[19, 25, 30, 37, 45, 53]",19,53
260,2026-01-11T16:13:08.0,2026-01-13T21:50:53.531,"Any[6, 11, 19, 30, 37, 45, 56]",6,56
400,2026-01-11T16:13:08.0,2026-01-20T21:50:53.531,"Any[6, 11, 19, 30, 37, 45, 56]",6,56
143,2026-01-11T17:06:24.0,2026-01-20T22:44:09.531,"Any[60, 53, 45, 37, 30, 25]",60,25
851,2026-01-11T17:06:24.0,2026-01-20T22:44:09.531,"Any[60, 53, 45, 37, 30, 25]",60,25
1221,2026-01-11T17:32:47.482,2026-01-13T23:10:33.013,"Any[60, 56, 45, 37, 30, 25]",60,25
671,2026-01-11T17:34:54.939,2026-01-13T23:12:40.47,"Any[60, 56, 45, 37, 30, 25]",60,25
1283,2026-01-11T17:37:51.0,2026-01-13T23:15:36.531,"Any[56, 45, 37, 30, 25]",56,25
1451,2026-01-11T17:45:33.0,2026-01-20T23:23:18.531,"Any[60, 56, 45, 37, 30, 25, 19, 11, 6]",60,6
801,2026-01-11T19:07:22.0,2026-01-14T00:45:07.531,"Any[10, 19, 30, 37, 45, 53]",10,53
984,2026-01-11T19:07:22.0,2026-01-14T00:45:07.531,"Any[10, 19, 30, 37, 45, 53]",10,53
1049,2026-01-11T19:30:18.0,2026-01-21T01:08:03.531,"Any[60, 56, 45, 37, 30, 25, 19, 11, 6]",60,6
482,2026-01-11T20:34:05.0,2026-01-14T02:11:50.531,"Any[8, 13, 19, 25, 30, 37, 45, 56]",8,56
784,2026-01-11T20:57:25.0,2026-01-14T02:35:10.531,"Any[53, 45, 37, 30, 25]",53,25
1022,2026-01-11T20:57:25.0,2026-01-14T02:35:10.531,"Any[53, 45, 37, 30, 25]",53,25
165,2026-01-11T21:02:52.0,2026-01-14T02:40:37.531,"Any[7, 8, 13, 19, 25, 30, 37, 45, 53]",7,53
734,2026-01-11T21:37:12.0,2026-01-21T03:14:57.531,"Any[56, 45, 37, 30, 25, 19, 13, 8]",56,8
1534,2026-01-11T21:41:16.0,2026-01-21T03:19:01.531,"Any[53, 45, 37, 25, 19, 13, 8]",53,8
878,2026-01-11T21:48:50.472,2026-01-14T03:26:36.003,"Any[2, 9, 21, 27, 31, 36, 45, 55]",2,55
638,2026-01-11T21:50:49.0,2026-01-21T03:28:34.531,"Any[53, 45, 37, 30, 25]",53,25
806,2026-01-11T22:01:26.941,2026-01-14T03:39:12.472,"Any[60, 56, 45, 37, 30, 25, 19]",60,19
169,2026-01-11T22:10:31.509,2026-01-14T03:48:17.04,"Any[53, 45, 37, 30, 25, 19, 10]",53,10
256,2026-01-11T22:10:31.509,2026-01-21T03:48:17.04,"Any[53, 45, 37, 30, 25, 19, 10]",53,10
451,2026-01-11T22:10:31.509,2026-01-14T03:48:17.04,"Any[53, 45, 37, 30, 25, 19, 10]",53,10
752,2026-01-11T23:02:14.0,2026-01-14T04:39:59.531,"Any[53, 45, 37, 30, 25, 19, 10]",53,10
261,2026-01-11T23:42:58.0,2026-01-21T05:20:43.531,"Any[53, 45, 37, 30, 25, 19, 13, 8]",53,8
1286,2026-01-12T00:00:53.0,2026-01-14T05:38:38.531,"Any[7, 8, 13, 19, 25, 30, 37, 45, 53, 60]",7,60
1111,2026-01-12T00:05:56.0,2026-01-14T05:43:41.531,"Any[53, 45, 37, 30, 25, 19, 11, 6, 1]",53,1
27,2026-01-12T00:17:12.0,2026-01-07T05:54:57.531,"Any[1, 6, 11, 19, 25, 30, 37, 45, 53, 60]",1,60
926,2026-01-12T00:55:57.0,2026-01-07T06:33:42.531,"Any[53, 45, 37, 30, 25, 19, 11, 6, 1]",53,1
664,2026-01-12T01:09:29.0,2026-01-14T06:47:14.531,"Any[64, 53, 45, 37, 30, 25, 19, 13, 8]",64,8
314,2026-01-12T01:16:53.0,2026-01-07T06:54:38.531,"Any[56, 45, 37, 30, 25, 19, 10]",56,10
373,2026-01-12T01:16:53.0,2026-01-07T06:54:38.531,"Any[56, 45, 37, 30, 25, 19, 10]",56,10
1508,2026-01-12T01:43:45.0,2026-01-07T07:21:30.531,"Any[53, 45, 37, 30, 25, 19, 11, 6, 1]",53,1
1405,2026-01-12T02:44:52.0,2026-01-07T08:22:37.531,"Any[64, 53, 45, 37, 30, 25, 19, 10]",64,10
1078,2026-01-12T03:13:34.0,2026-01-07T08:51:19.531,"Any[64, 60, 53, 45, 37, 30, 25, 19, 10]",64,10
282,2026-01-12T04:45:33.0,2026-01-14T10:23:18.531,"Any[19, 17, 25, 30, 37, 45, 53, 60]",19,60
154,2026-01-12T04:48:23.0,2026-01-14T10:26:08.531,"Any[19, 17, 25, 30, 37, 45, 53]",19,53
882,2026-01-12T05:00:21.0,2026-01-07T10:38:06.531,"Any[7, 8, 13, 19, 25, 30, 37, 45, 53]",7,53
240,2026-01-12T05:30:05.0,2026-01-07T11:07:50.531,"Any[16, 19, 25, 30, 37, 45, 53]",16,53
1525,2026-01-12T05:55:05.0,2026-01-14T11:32:50.531,"Any[53, 45, 37, 30, 25]",53,25
1175,2026-01-12T05:59:51.0,2026-01-07T11:37:36.531,"Any[60, 53, 45, 37, 30, 25, 11, 6, 1]",60,1
1202,2026-01-12T05:59:51.0,2026-01-07T11:37:36.531,"Any[60, 53, 45, 37, 30, 25, 11, 6, 1]",60,1
593,2026-01-12T06:28:25.0,2026-01-14T12:06:10.531,"Any[16, 25, 30, 37, 45, 53]",16,53
529,2026-01-12T06:52:55.0,2026-01-07T12:30:40.531,"Any[56, 45, 37, 30, 25, 19]",56,19
1317,2026-01-12T06:52:55.0,2026-01-14T12:30:40.531,"Any[56, 45, 37, 30, 25, 19]",56,19
1093,2026-01-12T06:59:16.0,2026-01-07T12:37:01.531,"Any[64, 60, 53, 45, 37, 30, 25, 19, 10]",64,10
956,2026-01-12T07:01:08.0,2026-01-07T12:38:53.531,"Any[3, 10, 19, 25, 30, 37, 45, 53]",3,53
1588,2026-01-12T07:40:13.0,2026-01-07T13:17:58.531,"Any[10, 19, 25, 30, 37, 45, 53]",10,53
467,2026-01-12T08:30:49.466,2026-01-14T14:08:34.997,"Any[13, 19, 25, 30, 37, 45, 53]",13,53
846,2026-01-12T08:43:10.0,2026-01-14T14:20:55.531,"Any[53, 45, 37, 30, 25, 19, 10]",53,10
1060,2026-01-12T08:50:04.629,2026-01-07T14:27:50.16,"Any[60, 56, 45, 37, 30, 25, 19, 11, 6, 1]",60,1
156,2026-01-12T09:00:08.696,2026-01-14T14:37:54.227,"Any[64, 53, 45, 37, 30, 25, 11, 6, 1]",64,1
1129,2026-01-12T09:16:37.0,2026-01-14T14:54:22.531,"Any[56, 45, 37, 30, 25]",56,25
1104,2026-01-12T09:39:08.0,2026-01-07T15:16:53.531,"Any[56, 45, 37, 30, 25, 19, 13, 8]",56,8
1174,2026-01-12T09:39:08.0,2026-01-07T15:16:53.531,"Any[56, 45, 37, 30, 25, 19, 13, 8]",56,8
1217,2026-01-12T09:39:08.0,2026-01-07T15:16:53.531,"Any[56, 45, 37, 30, 25, 19, 13, 8]",56,8
1394,2026-01-12T10:08:46.0,2026-01-14T15:46:31.531,"Any[60, 56, 45, 37, 30, 25, 19]",60,19
99,2026-01-12T11:12:41.0,2026-01-14T16:50:26.531,"Any[6, 11, 19, 25, 30, 37, 45, 53]",6,53
174,2026-01-12T11:17:29.0,2026-01-14T16:55:14.531,"Any[8, 13, 19, 25, 30, 37, 45]",8,45
198,2026-01-12T11:17:29.0,2026-01-14T16:55:14.531,"Any[8, 13, 19, 25, 30, 37, 45]",8,45
1085,2026-01-12T11:17:29.0,2026-01-07T16:55:14.531,"Any[8, 13, 19, 25, 30, 37, 45]",8,45
1452,2026-01-12T11:40:48.94,2026-01-07T17:18:34.471,"Any[14, 19, 25, 30, 37, 45, 53]",14,53
1503,2026-01-12T11:40:48.94,2026-01-07T17:18:34.471,"Any[14, 19, 25, 30, 37, 45, 53]",14,53
719,2026-01-12T12:24:59.0,2026-01-07T18:02:44.531,"Any[56, 45, 37, 30, 25]",56,25
221,2026-01-12T12:45:33.0,2026-01-07T18:23:18.531,"Any[53, 45, 37, 30, 25]",53,25
833,2026-01-12T13:09:54.0,2026-01-14T18:47:39.531,"Any[56, 45, 37, 30, 25, 19, 13, 8]",56,8
1193,2026-01-12T13:14:28.16,2026-01-14T18:52:13.691,"Any[64, 60, 56, 45, 37, 30, 25, 19, 11, 6]",64,6
357,2026-01-12T13:22:26.0,2026-01-07T19:00:11.531,"Any[53, 45, 37, 30, 25, 19, 10]",53,10
755,2026-01-12T13:32:16.0,2026-01-07T19:10:01.531,"Any[62, 45, 37, 30, 25, 19, 13, 8]",62,8
1480,2026-01-12T13:50:16.0,2026-01-07T19:28:01.531,"Any[60, 53, 45, 37, 30, 25]",60,25
712,2026-01-12T14:09:43.0,2026-01-14T19:47:28.531,"Any[13, 19, 25, 30, 37, 45, 56]",13,56
1376,2026-01-12T14:09:43.0,2026-01-07T19:47:28.531,"Any[13, 19, 25, 30, 37, 45, 56]",13,56
758,2026-01-12T14:38:11.847,2026-01-14T20:15:57.378,"Any[25, 30, 37, 45]",25,45
1319,2026-01-12T14:38:37.0,2026-01-07T20:16:22.531,"Any[5, 6, 11, 19, 25, 30, 37, 45, 56]",5,56
692,2026-01-12T14:44:11.0,2026-01-14T20:21:56.531,"Any[64, 56, 45, 37, 30, 25, 19, 11, 6, 2]",64,2
975,2026-01-12T14:46:56.0,2026-01-14T20:24:41.531,"Any[53, 45, 37, 30, 25]",53,25
1208,2026-01-12T14:58:33.0,2026-01-14T20:36:18.531,"Any[6, 11, 19, 25, 30, 37, 45, 56]",6,56
505,2026-01-12T15:14:28.0,2026-01-14T20:52:13.531,"Any[56, 45, 37, 30, 25, 19, 11, 6, 1]",56,1
493,2026-01-12T15:17:10.0,2026-01-14T20:54:55.531,"Any[13, 19, 25, 30, 37, 45, 56]",13,56
1126,2026-01-12T15:29:40.0,2026-01-14T21:07:25.531,"Any[17, 16, 25, 30, 37, 45, 53]",17,53
157,2026-01-12T15:49:40.0,2026-01-14T21:27:25.531,"Any[45, 37, 30, 25]",45,25
264,2026-01-12T15:49:40.0,2026-01-14T21:27:25.531,"Any[45, 37, 30, 25]",45,25
677,2026-01-12T15:59:39.636,2026-01-14T21:37:25.167,"Any[60, 56, 45, 37, 30, 25, 19]",60,19
721,2026-01-12T15:59:39.636,2026-01-07T21:37:25.167,"Any[60, 56, 45, 37, 30, 25, 19]",60,19
1211,2026-01-12T16:16:10.0,2026-01-14T21:53:55.531,"Any[19, 25, 30, 37, 45, 53]",19,53
447,2026-01-12T16:16:23.0,2026-01-14T21:54:08.531,"Any[19, 25, 30, 37, 45, 53]",19,53
1500,2026-01-12T16:17:37.0,2026-01-14T21:55:22.531,"Any[53, 45, 37, 30, 25]",53,25
1315,2026-01-12T16:41:49.0,2026-01-14T22:19:34.531,"Any[60, 53, 45, 37, 30, 25, 19, 11, 6, 6]",60,6
455,2026-01-12T16:42:08.0,2026-01-14T22:19:53.531,"Any[60, 53, 45, 37, 30, 25, 19, 13, 8]",60,8
576,2026-01-12T16:43:13.0,2026-01-07T22:20:58.531,"Any[60, 56, 45, 37, 30, 25, 19, 17, 19, 11, 6]",60,6
181,2026-01-12T16:52:57.0,2026-01-14T22:30:42.531,"Any[6, 11, 19, 25, 30, 37, 45]",6,45
890,2026-01-12T16:53:06.0,2026-01-14T22:30:51.531,"Any[53, 45, 37, 30, 25]",53,25
474,2026-01-12T18:12:41.0,2026-01-14T23:50:26.531,"Any[8, 13, 19, 25, 30, 37, 45, 53]",8,53
931,2026-01-12T18:34:39.0,2026-01-15T00:12:24.531,"Any[56, 45, 37, 30, 25]",56,25
1440,2026-01-12T19:05:23.0,2026-01-15T00:43:08.531,"Any[53, 45, 37, 30, 25, 19, 10]",53,10
1524,2026-01-12T19:52:07.0,2026-01-15T01:29:52.531,"Any[53, 45, 37, 30, 25]",53,25
871,2026-01-12T19:55:52.0,2026-01-08T01:33:37.531,"Any[8, 13, 19, 25, 30, 37, 45, 53]",8,53
899,2026-01-12T20:03:13.279,2026-01-15T01:40:58.81,"Any[10, 19, 25, 30, 37, 45, 53]",10,53
1586,2026-01-12T20:03:13.279,2026-01-15T01:40:58.81,"Any[10, 19, 25, 30, 37, 45, 53]",10,53
353,2026-01-12T20:08:37.764,2026-01-08T01:46:23.295,"Any[54, 44, 36, 23, 19, 13, 8]",54,8
555,2026-01-12T20:08:37.764,2026-01-15T01:46:23.295,"Any[54, 44, 36, 23, 19, 13, 8]",54,8
1348,2026-01-12T20:10:53.0,2026-01-08T01:48:38.531,"Any[45, 37, 30, 25, 19, 10]",45,10
10,2026-01-12T20:13:16.0,2026-01-15T01:51:01.531,"Any[10, 19, 25, 30, 37, 45, 53]",10,53
61,2026-01-12T20:14:13.0,2026-01-08T01:51:58.531,"Any[53, 45, 37, 30, 25, 19, 13, 8]",53,8
663,2026-01-12T20:20:55.0,2026-01-15T01:58:40.531,"Any[53, 45, 37, 30, 25, 19, 10]",53,10
1297,2026-01-12T20:25:53.0,2026-01-08T02:03:38.531,"Any[53, 45, 37, 30, 25, 19, 10]",53,10
60,2026-01-12T20:31:51.675,2026-01-08T02:09:37.206,"Any[10, 19, 25, 30, 37, 45, 53]",10,53
1596,2026-01-12T20:31:51.675,2026-01-08T02:09:37.206,"Any[10, 19, 25, 30, 37, 45, 53]",10,53
1595,2026-01-12T20:32:06.0,2026-01-08T02:09:51.531,"Any[10, 19, 30, 37, 45, 53]",10,53
1515,2026-01-12T20:37:32.0,2026-01-08T02:15:17.531,"Any[60, 53, 45, 37, 30, 25, 19, 10]",60,10
974,2026-01-12T20:41:14.074,2026-01-15T02:18:59.605,"Any[56, 45, 37, 30, 25, 19, 11, 6]",56,6
485,2026-01-12T20:59:12.0,2026-01-08T02:36:57.531,"Any[6, 11, 19, 25, 30, 37, 45, 56]",6,56
577,2026-01-12T20:59:12.0,2026-01-08T02:36:57.531,"Any[6, 11, 19, 25, 30, 37, 45, 56]",6,56
1182,2026-01-12T20:59:12.0,2026-01-08T02:36:57.531,"Any[6, 11, 19, 25, 30, 37, 45, 56]",6,56
1044,2026-01-12T21:15:58.0,2026-01-08T02:53:43.531,"Any[8, 13, 19, 25, 30, 37, 45, 56]",8,56
1198,2026-01-12T21:15:58.0,2026-01-08T02:53:43.531,"Any[8, 13, 19, 25, 30, 37, 45, 56]",8,56
1493,2026-01-12T21:40:58.0,2026-01-15T03:18:43.531,"Any[60, 53, 45, 37, 30, 25, 11, 6, 1]",60,1
1336,2026-01-12T21:47:04.0,2026-01-08T03:24:49.531,"Any[7, 8, 13, 19, 30, 37, 45, 53, 60]",7,60
465,2026-01-12T22:07:23.0,2026-01-15T03:45:08.531,"Any[7, 8, 13, 19, 25, 30, 37, 45, 53, 60]",7,60
1017,2026-01-12T22:07:23.0,2026-01-08T03:45:08.531,"Any[7, 8, 13, 19, 25, 30, 37, 45, 53, 60]",7,60
1173,2026-01-12T22:16:07.0,2026-01-15T03:53:52.531,"Any[45, 37, 30, 25, 19, 10]",45,10
401,2026-01-12T23:09:32.399,2026-01-08T04:47:17.93,"Any[8, 13, 19, 25, 30, 37, 45, 56]",8,56
915,2026-01-12T23:09:32.399,2026-01-08T04:47:17.93,"Any[8, 13, 19, 25, 30, 37, 45, 56]",8,56
184,2026-01-12T23:16:18.0,2026-01-15T04:54:03.531,"Any[10, 19, 25, 30, 37, 45, 53]",10,53
126,2026-01-12T23:24:09.53,2026-01-08T05:01:55.061,"Any[60, 56, 45, 37, 30, 25, 19]",60,19
549,2026-01-12T23:53:37.0,2026-01-15T05:31:22.531,"Any[53, 45, 37, 30, 25, 19, 10]",53,10
1291,2026-01-12T23:59:35.0,2026-01-08T05:37:20.531,"Any[1, 6, 11, 19, 23, 36, 44, 54, 60]",1,60
112,2026-01-13T00:05:44.0,2026-01-08T05:43:29.531,"Any[8, 13, 19, 25, 30, 37, 45, 56]",8,56
697,2026-01-13T00:10:12.0,2026-01-08T05:47:57.531,"Any[13, 19, 25, 30, 37, 45, 56]",13,56
662,2026-01-13T00:38:52.0,2026-01-15T06:16:37.531,"Any[64, 60, 53, 45, 37, 30, 25, 19, 10]",64,10
1219,2026-01-13T01:01:40.0,2026-01-08T06:39:25.531,"Any[10, 19, 25, 30, 37, 45, 53]",10,53
158,2026-01-13T01:02:01.0,2026-01-15T06:39:46.531,"Any[8, 13, 19, 25, 30, 37, 45, 56]",8,56
33,2026-01-13T01:23:17.0,2026-01-08T07:01:02.531,"Any[7, 8, 13, 19, 25, 30, 37, 45, 53]",7,53
675,2026-01-13T01:30:42.0,2026-01-15T07:08:27.531,"Any[7, 8, 13, 19, 25, 30, 37, 45, 53]",7,53
1272,2026-01-13T01:38:53.0,2026-01-08T07:16:38.531,"Any[56, 45, 37, 30, 25, 19, 13, 30, 25, 19, 13, 8]",56,8
372,2026-01-13T01:38:57.0,2026-01-15T07:16:42.531,"Any[53, 45, 37, 30, 25, 19, 10]",53,10
508,2026-01-13T02:01:08.0,2026-01-08T07:38:53.531,"Any[64, 60, 53, 45, 37, 30, 25, 19, 10]",64,10
612,2026-01-13T02:01:08.0,2026-01-08T07:38:53.531,"Any[64, 60, 53, 45, 37, 30, 25, 19, 10]",64,10
1420,2026-01-13T02:13:54.0,2026-01-08T07:51:39.531,"Any[19, 25, 30, 37, 45, 56]",19,56
630,2026-01-13T02:17:13.0,2026-01-15T07:54:58.531,"Any[53, 45, 37, 30, 25, 19, 10]",53,10
286,2026-01-13T02:35:34.0,2026-01-15T08:13:19.531,"Any[8, 13, 19, 25, 30, 37, 45, 53]",8,53
1512,2026-01-13T03:24:36.0,2026-01-08T09:02:21.531,"Any[60, 53, 45, 37, 30, 25, 19, 10]",60,10
327,2026-01-13T04:30:47.0,2026-01-15T10:08:32.531,"Any[19, 17, 25, 30, 37, 45, 53, 60]",19,60
696,2026-01-13T04:30:47.0,2026-01-15T10:08:32.531,"Any[19, 17, 25, 30, 37, 45, 53, 60]",19,60
1295,2026-01-13T04:52:43.0,2026-01-15T10:30:28.531,"Any[19, 25, 30, 37, 45, 53]",19,53
340,2026-01-13T05:16:03.0,2026-01-08T10:53:48.531,"Any[10, 19, 25, 30, 37, 45, 53]",10,53
1384,2026-01-13T05:16:03.0,2026-01-08T10:53:48.531,"Any[10, 19, 25, 30, 37, 45, 53]",10,53
870,2026-01-13T05:19:14.0,2026-01-08T10:56:59.531,"Any[5, 6, 11, 19, 25, 30, 37, 45]",5,45
592,2026-01-13T05:29:51.0,2026-01-08T11:07:36.531,"Any[7, 8, 13, 19, 25, 30, 37, 45, 53]",7,53
1432,2026-01-13T05:37:25.0,2026-01-15T11:15:10.531,"Any[60, 56, 45, 37, 30, 25, 19, 11, 6, 1]",60,1
524,2026-01-13T05:45:32.0,2026-01-08T11:23:17.531,"Any[53, 45, 37, 30, 25, 19, 13, 8]",53,8
1537,2026-01-13T05:45:32.0,2026-01-15T11:23:17.531,"Any[53, 45, 37, 30, 25, 19, 13, 8]",53,8
453,2026-01-13T06:39:10.591,2026-01-08T12:16:56.122,"Any[10, 19, 25, 30, 37, 45, 53]",10,53
1223,2026-01-13T06:48:39.0,2026-01-15T12:26:24.531,"Any[6, 11, 16, 25, 30, 37, 45, 56]",6,56
407,2026-01-13T06:59:27.0,2026-01-15T12:37:12.531,"Any[6, 11, 19, 25, 30, 37, 45]",6,45
603,2026-01-13T06:59:27.0,2026-01-08T12:37:12.531,"Any[6, 11, 19, 25, 30, 37, 45]",6,45
762,2026-01-13T07:10:53.0,2026-01-08T12:48:38.531,"Any[60, 53, 45, 37, 30, 25, 19, 13, 8]",60,8
323,2026-01-13T07:27:07.0,2026-01-08T13:04:52.531,"Any[8, 13, 19, 25, 30, 37, 45, 56]",8,56
456,2026-01-13T07:43:38.0,2026-01-15T13:21:23.531,"Any[8, 13, 19, 25, 30, 37, 45, 56]",8,56
1117,2026-01-13T08:41:47.0,2026-01-08T14:19:32.531,"Any[7, 8, 13, 19, 25, 30, 37, 45, 53]",7,53
1050,2026-01-13T09:05:02.0,2026-01-15T14:42:47.531,"Any[60, 53, 45, 37, 30, 25, 19, 11, 6, 1]",60,1
359,2026-01-13T09:36:07.0,2026-01-08T15:13:52.531,"Any[1, 6, 11, 19, 25, 30, 37, 45, 56]",1,56
825,2026-01-13T09:36:07.0,2026-01-08T15:13:52.531,"Any[1, 6, 11, 19, 25, 30, 37, 45, 56]",1,56
1048,2026-01-13T10:07:14.0,2026-01-15T15:44:59.531,"Any[60, 53, 45, 37, 30, 25, 19, 11, 6]",60,6
1471,2026-01-13T10:07:14.0,2026-01-15T15:44:59.531,"Any[60, 53, 45, 37, 30, 25, 19, 11, 6]",60,6
506,2026-01-13T10:27:16.0,2026-01-15T16:05:01.531,"Any[53, 45, 37, 30, 25, 19, 11, 6, 1]",53,1
1158,2026-01-13T10:27:16.0,2026-01-15T16:05:01.531,"Any[53, 45, 37, 30, 25, 19, 11, 6, 1]",53,1
1257,2026-01-13T10:44:38.0,2026-01-08T16:22:23.531,"Any[8, 13, 19, 25, 30, 37, 45, 56]",8,56
1290,2026-01-13T10:50:54.55,2026-01-15T16:28:40.081,"Any[19, 25, 30, 37, 45, 53]",19,53
986,2026-01-13T11:20:59.0,2026-01-08T16:58:44.531,"Any[56, 45, 37, 30, 25, 19, 13, 8]",56,8
1320,2026-01-13T11:26:52.0,2026-01-08T17:04:37.531,"Any[56, 45, 37, 30, 25, 19, 11, 6]",56,6
626,2026-01-13T11:29:00.0,2026-01-15T17:06:45.531,"Any[6, 11, 19, 25, 30, 37, 45]",6,45
1437,2026-01-13T11:29:00.0,2026-01-15T17:06:45.531,"Any[6, 11, 19, 25, 30, 37, 45]",6,45
868,2026-01-13T11:39:08.0,2026-01-15T17:16:53.531,"Any[6, 11, 19, 25, 30, 37, 45]",6,45
1323,2026-01-13T11:42:33.0,2026-01-08T17:20:18.531,"Any[6, 11, 19, 25, 30, 37, 45, 56]",6,56
1339,2026-01-13T11:42:33.0,2026-01-08T17:20:18.531,"Any[6, 11, 19, 25, 30, 37, 45, 56]",6,56
789,2026-01-13T11:49:12.629,2026-01-08T17:26:58.16,"Any[64, 53, 45, 37, 30, 25, 19, 10]",64,10
893,2026-01-13T11:53:28.0,2026-01-08T17:31:13.531,"Any[62, 45, 37, 30, 25, 19, 13, 8]",62,8
818,2026-01-13T12:23:31.0,2026-01-08T18:01:16.531,"Any[60, 53, 45, 37, 30, 25]",60,25
1469,2026-01-13T12:37:08.0,2026-01-15T18:14:53.531,"Any[17, 25, 30, 37, 45, 56]",17,56
848,2026-01-13T12:42:51.993,2026-01-15T18:20:37.524,"Any[56, 45, 37, 30, 25, 19, 13, 8]",56,8
1445,2026-01-13T12:52:03.0,2026-01-08T18:29:48.531,"Any[19, 25, 30, 37, 45, 56]",19,56
812,2026-01-13T12:56:20.0,2026-01-15T18:34:05.531,"Any[6, 11, 16, 25, 30, 37, 45, 56]",6,56
934,2026-01-13T13:49:40.0,2026-01-08T19:27:25.531,"Any[19, 25, 30, 37, 45, 56]",19,56
210,2026-01-13T14:00:47.0,2026-01-15T19:38:32.531,"Any[6, 11, 25, 30, 37, 45, 56]",6,56
706,2026-01-13T14:04:44.0,2026-01-15T19:42:29.531,"Any[64, 60, 56, 45, 37, 30, 25, 19, 11, 6]",64,6
272,2026-01-13T14:23:19.0,2026-01-15T20:01:04.531,"Any[8, 13, 19, 25, 30, 37, 45, 56]",8,56
643,2026-01-13T14:27:20.0,2026-01-08T20:05:05.531,"Any[45, 37, 30, 25, 19, 14]",45,14
995,2026-01-13T14:54:28.675,2026-01-08T20:32:14.206,"Any[60, 56, 45, 37, 30, 25]",60,25
20,2026-01-13T14:58:14.0,2026-01-15T20:35:59.531,"Any[8, 13, 19, 25, 30, 37, 45, 56]",8,56
183,2026-01-13T14:58:14.0,2026-01-08T20:35:59.531,"Any[8, 13, 19, 25, 30, 37, 45, 56]",8,56
1502,2026-01-13T14:58:14.0,2026-01-08T20:35:59.531,"Any[8, 13, 19, 25, 30, 37, 45, 56]",8,56
802,2026-01-13T15:01:16.0,2026-01-15T20:39:01.531,"Any[8, 13, 19, 25, 30, 37, 45]",8,45
491,2026-01-13T15:13:04.0,2026-01-15T20:50:49.531,"Any[60, 56, 45, 37, 30, 25, 19, 11, 6, 1]",60,1
135,2026-01-13T15:49:41.0,2026-01-08T21:27:26.531,"Any[6, 11, 19, 25, 30, 37, 45]",6,45
1220,2026-01-13T16:02:05.54,2026-01-08T21:39:51.071,"Any[8, 13, 25, 30, 37, 45, 56]",8,56
423,2026-01-13T16:02:26.0,2026-01-08T21:40:11.531,"Any[56, 45, 37, 30, 25, 19, 11, 6]",56,6
275,2026-01-13T16:05:12.0,2026-01-15T21:42:57.531,"Any[60, 56, 45, 37, 30, 25]",60,25
877,2026-01-13T16:05:20.103,2026-01-08T21:43:05.634,"Any[60, 56, 45, 37, 30, 25]",60,25
1058,2026-01-13T16:05:20.103,2026-01-08T21:43:05.634,"Any[60, 56, 45, 37, 30, 25]",60,25
1462,2026-01-13T16:05:20.103,2026-01-15T21:43:05.634,"Any[60, 56, 45, 37, 30, 25]",60,25
19,2026-01-13T16:15:19.0,2026-01-15T21:53:04.531,"Any[56, 45, 37, 30, 25, 19, 11, 6]",56,6
53,2026-01-13T16:15:19.0,2026-01-08T21:53:04.531,"Any[56, 45, 37, 30, 25, 19, 11, 6]",56,6
1328,2026-01-13T16:15:19.0,2026-01-15T21:53:04.531,"Any[56, 45, 37, 30, 25, 19, 11, 6]",56,6
100,2026-01-13T16:21:18.0,2026-01-08T21:59:03.531,"Any[10, 19, 25, 30, 37, 45, 53]",10,53
1046,2026-01-13T16:21:18.0,2026-01-08T21:59:03.531,"Any[10, 19, 25, 30, 37, 45, 53]",10,53
1269,2026-01-13T16:39:20.0,2026-01-08T22:17:05.531,"Any[1, 6, 11, 19, 25, 30, 37, 45, 56]",1,56
622,2026-01-13T16:40:44.154,2026-01-08T22:18:29.685,"Any[25, 30, 37, 45, 56]",25,56
1506,2026-01-13T16:40:44.154,2026-01-08T22:18:29.685,"Any[25, 30, 37, 45, 56]",25,56
840,2026-01-13T16:41:10.0,2026-01-15T22:18:55.531,"Any[8, 13, 25, 30, 37, 45, 56]",8,56
242,2026-01-13T16:42:50.0,2026-01-08T22:20:35.531,"Any[64, 60, 56, 45, 37, 30, 25]",64,25
26,2026-01-13T16:43:21.0,2026-01-08T22:21:06.531,"Any[56, 45, 37, 30, 25, 19, 11, 6]",56,6
905,2026-01-13T16:44:00.0,2026-01-08T22:21:45.531,"Any[53, 45, 37, 30, 25, 19, 13, 8]",53,8
1102,2026-01-13T16:44:39.0,2026-01-08T22:22:24.531,"Any[10, 19, 25, 30, 37, 45, 53]",10,53
624,2026-01-13T16:53:44.0,2026-01-08T22:31:29.531,"Any[60, 56, 45, 37, 30, 25]",60,25
552,2026-01-13T17:01:39.0,2026-01-15T22:39:24.531,"Any[60, 56, 45, 37, 30, 25, 19, 11, 6, 1]",60,1
338,2026-01-13T17:10:10.238,2026-01-08T22:47:55.769,"Any[60, 56, 45, 37, 30, 25]",60,25
1121,2026-01-13T17:10:10.238,2026-01-08T22:47:55.769,"Any[60, 56, 45, 37, 30, 25]",60,25
344,2026-01-13T17:36:02.0,2026-01-08T23:13:47.531,"Any[6, 11, 19, 25, 30, 37, 45]",6,45
1222,2026-01-13T17:36:02.0,2026-01-08T23:13:47.531,"Any[6, 11, 19, 25, 30, 37, 45]",6,45
1192,2026-01-13T17:39:56.0,2026-01-15T23:17:41.531,"Any[56, 45, 37, 30, 25, 19, 11, 6]",56,6
583,2026-01-13T17:46:02.0,2026-01-15T23:23:47.531,"Any[6, 11, 19, 25, 30, 37, 45]",6,45
952,2026-01-13T18:11:54.229,2026-01-08T23:49:39.76,"Any[6, 11, 19, 25, 30, 37, 45, 56]",6,56
821,2026-01-13T18:12:02.0,2026-01-15T23:49:47.531,"Any[10, 19, 25, 30, 37, 45, 56]",10,56
1123,2026-01-13T18:12:02.0,2026-01-15T23:49:47.531,"Any[10, 19, 25, 30, 37, 45, 56]",10,56
965,2026-01-13T18:18:41.0,2026-01-08T23:56:26.531,"Any[64, 60, 56, 45, 37, 30, 25, 19, 11, 6]",64,6
254,2026-01-13T18:35:31.0,2026-01-16T00:13:16.531,"Any[25, 30, 37, 45, 53, 60, 64]",25,64
440,2026-01-13T18:43:23.0,2026-01-16T00:21:08.531,"Any[56, 45, 37, 30, 25, 19]",56,19
1331,2026-01-13T18:43:31.556,2026-01-16T00:21:17.087,"Any[60, 56, 45, 37, 30, 25, 19, 11, 6]",60,6
389,2026-01-13T19:12:57.0,2026-01-09T00:50:42.531,"Any[56, 45, 37, 30, 25, 19, 13, 8]",56,8
1307,2026-01-13T19:15:55.596,2026-01-09T00:53:41.127,"Any[60, 56, 45, 37, 30, 25, 19]",60,19
1301,2026-01-13T19:32:09.0,2026-01-16T01:09:54.531,"Any[10, 19, 25, 30, 37, 45, 53]",10,53
268,2026-01-13T19:39:26.584,2026-01-16T01:17:12.115,"Any[53, 45, 37, 30, 25]",53,25
652,2026-01-13T19:50:28.0,2026-01-16T01:28:13.531,"Any[53, 45, 37, 30, 25, 19, 13, 8]",53,8
922,2026-01-13T20:16:57.0,2026-01-09T01:54:42.531,"Any[10, 19, 25, 30, 37, 45, 53]",10,53
1570,2026-01-13T20:16:57.0,2026-01-16T01:54:42.531,"Any[10, 19, 25, 30, 37, 45, 53]",10,53
55,2026-01-13T20:38:16.0,2026-01-16T02:16:01.531,"Any[3, 10, 19, 25, 30, 37, 45, 53]",3,53
731,2026-01-13T20:38:16.0,2026-01-09T02:16:01.531,"Any[3, 10, 19, 25, 30, 37, 45, 53]",3,53
122,2026-01-13T20:48:06.0,2026-01-16T02:25:51.531,"Any[6, 11, 19, 25, 30, 37, 45, 56]",6,56
78,2026-01-13T20:56:58.0,2026-01-09T02:34:43.531,"Any[6, 11, 19, 25, 30, 37, 45, 56]",6,56
473,2026-01-13T20:56:58.0,2026-01-16T02:34:43.531,"Any[6, 11, 19, 25, 30, 37, 45, 56]",6,56
244,2026-01-13T20:57:02.0,2026-01-09T02:34:47.531,"Any[7, 8, 13, 19, 25, 30, 37, 45, 53]",7,53
203,2026-01-13T20:58:18.0,2026-01-09T02:36:03.531,"Any[56, 45, 37, 30, 25, 19, 13, 8]",56,8
700,2026-01-13T21:00:01.0,2026-01-09T02:37:46.531,"Any[1, 6, 11, 19, 23, 28, 36, 44, 54, 60]",1,60
836,2026-01-13T21:00:01.0,2026-01-09T02:37:46.531,"Any[1, 6, 11, 19, 23, 28, 36, 44, 54, 60]",1,60
816,2026-01-13T21:07:22.0,2026-01-16T02:45:07.531,"Any[7, 8, 13, 19, 25, 30, 37, 45, 53, 60]",7,60
1259,2026-01-13T21:13:03.0,2026-01-16T02:50:48.531,"Any[60, 56, 45, 37, 30, 25]",60,25
644,2026-01-13T21:32:16.567,2026-01-16T03:10:02.098,"Any[60, 56, 45, 37, 30, 25, 19, 11, 6]",60,6
1520,2026-01-13T22:15:08.0,2026-01-16T03:52:53.531,"Any[60, 56, 45, 37, 30, 25, 19, 11, 10]",60,10
137,2026-01-13T22:24:16.0,2026-01-16T04:02:01.531,"Any[53, 45, 37, 30, 25, 19, 10]",53,10
385,2026-01-13T22:36:30.0,2026-01-16T04:14:15.531,"Any[53, 45, 37, 30, 25]",53,25
979,2026-01-13T22:36:30.0,2026-01-16T04:14:15.531,"Any[53, 45, 37, 30, 25]",53,25
1115,2026-01-13T22:44:13.18,2026-01-16T04:21:58.711,"Any[10, 19, 25, 30, 37, 45, 53]",10,53
1403,2026-01-13T22:49:03.0,2026-01-09T04:26:48.531,"Any[8, 13, 19, 25, 30, 37, 45, 56]",8,56
930,2026-01-13T23:03:47.0,2026-01-16T04:41:32.531,"Any[8, 13, 19, 25, 30, 37, 45, 56]",8,56
1404,2026-01-13T23:07:23.0,2026-01-16T04:45:08.531,"Any[1, 6, 11, 19, 25, 30, 37, 45]",1,45
173,2026-01-14T00:01:44.0,2026-01-16T05:39:29.531,"Any[19, 30, 37, 45, 56]",19,56
1529,2026-01-14T00:16:00.0,2026-01-09T05:53:45.531,"Any[53, 45, 37, 30, 25]",53,25
267,2026-01-14T00:16:06.0,2026-01-16T05:53:51.531,"Any[53, 45, 37, 30, 25]",53,25
522,2026-01-14T00:20:13.0,2026-01-16T05:57:58.531,"Any[1, 6, 11, 19, 23, 36, 44, 54, 60]",1,60
1036,2026-01-14T00:28:22.0,2026-01-09T06:06:07.531,"Any[3, 6, 11, 19, 25, 30, 37, 45, 53]",3,53
92,2026-01-14T00:38:56.0,2026-01-09T06:16:41.531,"Any[10, 19, 25, 30, 37, 45, 53]",10,53
813,2026-01-14T01:00:03.0,2026-01-16T06:37:48.531,"Any[10, 19, 25, 30, 37, 45, 53]",10,53
431,2026-01-14T01:26:26.0,2026-01-16T07:04:11.531,"Any[10, 19, 25, 30, 37, 45, 53]",10,53
1231,2026-01-14T01:29:37.0,2026-01-16T07:07:22.531,"Any[10, 19, 25, 30, 37, 45, 53]",10,53
370,2026-01-14T02:00:00.0,2026-01-16T07:37:45.531,"Any[7, 8, 13, 19, 25, 30, 37, 45, 53]",7,53
426,2026-01-14T02:16:37.0,2026-01-16T07:54:22.531,"Any[19, 25, 30, 37, 45, 56]",19,56
1303,2026-01-14T02:26:06.0,2026-01-09T08:03:51.531,"Any[53, 45, 37, 30, 25, 19, 10]",53,10
484,2026-01-14T02:27:22.0,2026-01-16T08:05:07.531,"Any[19, 25, 30, 37, 45, 56]",19,56
568,2026-01-14T02:35:19.0,2026-01-09T08:13:04.531,"Any[60, 56, 45, 37, 30, 25, 19, 11, 6]",60,6
1194,2026-01-14T02:35:19.0,2026-01-16T08:13:04.531,"Any[60, 56, 45, 37, 30, 25, 19, 11, 6]",60,6
1474,2026-01-14T02:35:19.0,2026-01-09T08:13:04.531,"Any[60, 56, 45, 37, 30, 25, 19, 11, 6]",60,6
362,2026-01-14T02:35:35.0,2026-01-09T08:13:20.531,"Any[53, 45, 37, 30, 25, 19, 11, 6, 1]",53,1
1552,2026-01-14T02:35:35.0,2026-01-09T08:13:20.531,"Any[53, 45, 37, 30, 25, 19, 11, 6, 1]",53,1
106,2026-01-14T02:52:05.0,2026-01-16T08:29:50.531,"Any[3, 10, 19, 25, 30, 37, 45, 53]",3,53
1454,2026-01-14T02:52:05.0,2026-01-16T08:29:50.531,"Any[3, 10, 19, 25, 30, 37, 45, 53]",3,53
321,2026-01-14T02:56:48.0,2026-01-16T08:34:33.531,"Any[19, 25, 30, 37, 45, 56]",19,56
525,2026-01-14T02:56:48.0,2026-01-09T08:34:33.531,"Any[19, 25, 30, 37, 45, 56]",19,56
760,2026-01-14T03:05:52.0,2026-01-09T08:43:37.531,"Any[53, 45, 37, 30, 25, 19, 10]",53,10
1458,2026-01-14T03:48:49.232,2026-01-09T09:26:34.763,"Any[53, 45, 37, 30, 25]",53,25
1363,2026-01-14T03:55:49.0,2026-01-16T09:33:34.531,"Any[10, 19, 25, 30, 37, 45, 53]",10,53
1159,2026-01-14T04:27:50.0,2026-01-16T10:05:35.531,"Any[64, 53, 45, 37, 30, 25, 19, 13, 8]",64,8
229,2026-01-14T04:35:18.0,2026-01-09T10:13:03.531,"Any[6, 11, 16, 25, 30, 37, 45, 53]",6,53
740,2026-01-14T04:51:11.0,2026-01-16T10:28:56.531,"Any[64, 60, 53, 45, 37, 30, 25, 19, 10]",64,10
1401,2026-01-14T05:04:31.0,2026-01-16T10:42:16.531,"Any[62, 45, 37, 30, 25, 19, 11, 6]",62,6
29,2026-01-14T05:53:15.0,2026-01-16T11:31:00.531,"Any[17, 25, 30, 37, 45, 53, 60]",17,60
786,2026-01-14T05:53:15.0,2026-01-09T11:31:00.531,"Any[17, 25, 30, 37, 45, 53, 60]",17,60
1113,2026-01-14T06:29:09.0,2026-01-09T12:06:54.531,"Any[1, 6, 11, 16, 25, 30, 37, 45, 56]",1,56
1112,2026-01-14T06:29:51.5,2026-01-16T12:07:37.031,"Any[16, 25, 30, 37, 45, 53]",16,53
511,2026-01-14T06:43:48.0,2026-01-09T12:21:33.531,"Any[53, 45, 37, 30, 25, 19, 13, 8]",53,8
787,2026-01-14T06:43:48.0,2026-01-09T12:21:33.531,"Any[53, 45, 37, 30, 25, 19, 13, 8]",53,8
913,2026-01-14T06:53:21.0,2026-01-16T12:31:06.531,"Any[8, 13, 19, 25, 30, 37, 45, 56]",8,56
981,2026-01-14T06:53:21.0,2026-01-09T12:31:06.531,"Any[8, 13, 19, 25, 30, 37, 45, 56]",8,56
1345,2026-01-14T06:53:21.0,2026-01-09T12:31:06.531,"Any[8, 13, 19, 25, 30, 37, 45, 56]",8,56
596,2026-01-14T07:36:16.0,2026-01-16T13:14:01.531,"Any[8, 13, 19, 25, 30, 37, 45, 56]",8,56
1416,2026-01-14T07:40:54.0,2026-01-09T13:18:39.531,"Any[64, 53, 45, 37, 30, 25, 19, 10]",64,10
608,2026-01-14T07:58:28.0,2026-01-16T13:36:13.531,"Any[10, 19, 25, 30, 37, 45, 53]",10,53
74,2026-01-14T08:05:19.0,2026-01-16T13:43:04.531,"Any[19, 25, 30, 37, 45, 56]",19,56
459,2026-01-14T08:21:38.0,2026-01-16T13:59:23.531,"Any[53, 45, 37, 30, 25, 19, 10]",53,10
605,2026-01-14T08:23:23.0,2026-01-16T14:01:08.531,"Any[10, 19, 25, 30, 37, 45]",10,45
376,2026-01-14T08:58:31.0,2026-01-09T14:36:16.531,"Any[60, 56, 45, 37, 30, 25, 19, 17, 19, 11, 6, 6, 1]",60,6
235,2026-01-14T09:03:45.0,2026-01-16T14:41:30.531,"Any[5, 6, 10, 19, 25, 30, 37, 45, 56]",5,56
686,2026-01-14T09:03:45.0,2026-01-16T14:41:30.531,"Any[5, 6, 10, 19, 25, 30, 37, 45, 56]",5,56
1557,2026-01-14T09:31:50.516,2026-01-09T15:09:36.047,"Any[53, 45, 37, 30, 25, 19, 11, 6, 1]",53,1
1284,2026-01-14T09:48:00.0,2026-01-09T15:25:45.531,"Any[64, 60, 53, 45, 37, 30, 25, 19, 10]",64,10
1014,2026-01-14T10:11:45.0,2026-01-09T15:49:30.531,"Any[17, 16, 17, 25, 30, 37, 45, 53]",17,53
1,2026-01-14T10:18:12.0,2026-01-16T15:55:57.531,"Any[17, 25, 30, 37, 45, 53]",17,53
255,2026-01-14T10:21:29.179,2026-01-09T15:59:14.71,"Any[25, 30, 37, 45, 56, 60]",25,60
900,2026-01-14T10:21:29.179,2026-01-09T15:59:14.71,"Any[25, 30, 37, 45, 56, 60]",25,60
1406,2026-01-14T10:21:29.179,2026-01-09T15:59:14.71,"Any[25, 30, 37, 45, 56, 60]",25,60
274,2026-01-14T10:24:25.0,2026-01-16T16:02:10.531,"Any[3, 6, 11, 19, 25, 30, 37, 45]",3,45
1486,2026-01-14T10:24:25.0,2026-01-16T16:02:10.531,"Any[3, 6, 11, 19, 25, 30, 37, 45]",3,45
352,2026-01-14T10:41:05.0,2026-01-09T16:18:50.531,"Any[64, 60, 53, 45, 37, 30, 25, 19, 10]",64,10
693,2026-01-14T10:41:05.0,2026-01-16T16:18:50.531,"Any[64, 60, 53, 45, 37, 30, 25, 19, 10]",64,10
110,2026-01-14T10:46:38.0,2026-01-16T16:24:23.531,"Any[19, 25, 30, 37, 45, 56, 55, 56]",19,56
876,2026-01-14T10:46:38.0,2026-01-16T16:24:23.531,"Any[19, 25, 30, 37, 45, 56, 55, 56]",19,56
996,2026-01-14T10:50:05.0,2026-01-16T16:27:50.531,"Any[3, 6, 11, 19, 25, 30, 37, 45, 56]",3,56
1041,2026-01-14T10:50:52.0,2026-01-16T16:28:37.531,"Any[53, 45, 37, 30, 25]",53,25
1391,2026-01-14T10:53:18.0,2026-01-09T16:31:03.531,"Any[3, 6, 11, 19, 25, 30, 37, 45]",3,45
756,2026-01-14T10:54:11.0,2026-01-16T16:31:56.531,"Any[6, 11, 19, 25, 30, 37, 45]",6,45
1288,2026-01-14T11:04:29.0,2026-01-16T16:42:14.531,"Any[53, 45, 37, 30, 25, 19, 10]",53,10
1281,2026-01-14T11:15:17.0,2026-01-16T16:53:02.531,"Any[3, 6, 11, 19, 25, 30, 37, 45]",3,45
246,2026-01-14T11:27:02.0,2026-01-16T17:04:47.531,"Any[3, 10, 11, 19, 25, 30, 37, 45]",3,45
510,2026-01-14T11:27:02.0,2026-01-09T17:04:47.531,"Any[3, 10, 11, 19, 25, 30, 37, 45]",3,45
698,2026-01-14T11:35:33.0,2026-01-09T17:13:18.531,"Any[60, 53, 45, 37, 30, 25, 19, 13, 8]",60,8
38,2026-01-14T11:36:42.548,2026-01-16T17:14:28.079,"Any[60, 56, 45, 37, 30, 25, 19, 11, 6]",60,6
520,2026-01-14T11:36:42.548,2026-01-09T17:14:28.079,"Any[60, 56, 45, 37, 30, 25, 19, 11, 6]",60,6
191,2026-01-14T11:55:52.0,2026-01-16T17:33:37.531,"Any[6, 11, 19, 25, 30, 37, 45]",6,45
817,2026-01-14T11:55:52.0,2026-01-09T17:33:37.531,"Any[6, 11, 19, 25, 30, 37, 45]",6,45
1178,2026-01-14T12:20:51.216,2026-01-09T17:58:36.747,"Any[62, 45, 37, 30, 25, 19, 14, 13, 14]",62,14
944,2026-01-14T12:47:03.0,2026-01-09T18:24:48.531,"Any[53, 45, 37, 30, 25, 19, 11, 6, 1]",53,1
1239,2026-01-14T12:47:03.0,2026-01-09T18:24:48.531,"Any[53, 45, 37, 30, 25, 19, 11, 6, 1]",53,1
1163,2026-01-14T13:14:21.0,2026-01-09T18:52:06.531,"Any[56, 45, 37, 30, 25, 19, 11, 6]",56,6
367,2026-01-14T13:15:15.0,2026-01-09T18:53:00.531,"Any[60, 53, 45, 37, 30, 25]",60,25
176,2026-01-14T13:22:39.0,2026-01-16T19:00:24.531,"Any[64, 60, 53, 45, 37, 30, 25]",64,25
1249,2026-01-14T13:22:39.0,2026-01-09T19:00:24.531,"Any[64, 60, 53, 45, 37, 30, 25]",64,25
1072,2026-01-14T13:53:00.0,2026-01-16T19:30:45.531,"Any[13, 19, 25, 37, 45, 56]",13,56
519,2026-01-14T13:53:48.931,2026-01-16T19:31:34.462,"Any[9, 15, 26, 31, 36, 44, 54]",9,54
1149,2026-01-14T14:15:02.0,2026-01-16T19:52:47.531,"Any[64, 60, 53, 45, 37, 30, 25, 19, 11, 6]",64,6
769,2026-01-14T14:16:07.0,2026-01-16T19:53:52.531,"Any[6, 11, 19, 25, 30, 37, 45]",6,45
424,2026-01-14T14:24:50.0,2026-01-09T20:02:35.531,"Any[53, 45, 37, 30, 25, 19, 11, 6]",53,6
1509,2026-01-14T14:29:12.0,2026-01-09T20:06:57.531,"Any[56, 45, 37, 30, 25, 19, 13, 8]",56,8
250,2026-01-14T14:30:45.0,2026-01-09T20:08:30.531,"Any[6, 11, 19, 25, 30, 37, 45]",6,45
807,2026-01-14T14:31:05.0,2026-01-09T20:08:50.531,"Any[19, 25, 30, 37, 45]",19,45
1207,2026-01-14T14:39:48.0,2026-01-09T20:17:33.531,"Any[6, 11, 19, 25, 30, 37, 45]",6,45
1412,2026-01-14T14:39:48.0,2026-01-09T20:17:33.531,"Any[6, 11, 19, 25, 30, 37, 45]",6,45
987,2026-01-14T14:45:06.0,2026-01-16T20:22:51.531,"Any[64, 60, 56, 45, 37, 30, 25, 19, 11, 6, 5, 2]",64,2
999,2026-01-14T14:53:49.0,2026-01-16T20:31:34.531,"Any[64, 60, 53, 45, 37, 30, 25, 19, 13, 8]",64,8
1511,2026-01-14T14:58:57.0,2026-01-09T20:36:42.531,"Any[56, 45, 37, 30, 25, 19, 20]",56,20
11,2026-01-14T15:05:08.941,2026-01-09T20:42:54.472,"Any[62, 45, 37, 30, 25, 19, 11, 6]",62,6
292,2026-01-14T15:05:08.941,2026-01-09T20:42:54.472,"Any[62, 45, 37, 30, 25, 19, 11, 6]",62,6
212,2026-01-14T15:50:58.0,2026-01-09T21:28:43.531,"Any[56, 45, 37, 30, 25, 19, 11, 6]",56,6
1010,2026-01-14T15:50:58.0,2026-01-16T21:28:43.531,"Any[56, 45, 37, 30, 25, 19, 11, 6]",56,6
1274,2026-01-14T15:50:58.0,2026-01-09T21:28:43.531,"Any[56, 45, 37, 30, 25, 19, 11, 6]",56,6
1001,2026-01-14T15:53:18.0,2026-01-16T21:31:03.531,"Any[56, 45, 37, 30, 25, 19, 13, 8]",56,8
196,2026-01-14T16:02:18.0,2026-01-09T21:40:03.531,"Any[6, 11, 16, 25, 30, 37, 45]",6,45
245,2026-01-14T16:02:18.0,2026-01-16T21:40:03.531,"Any[6, 11, 16, 25, 30, 37, 45]",6,45
741,2026-01-14T16:02:18.0,2026-01-16T21:40:03.531,"Any[6, 11, 16, 25, 30, 37, 45]",6,45
17,2026-01-14T16:04:52.0,2026-01-09T21:42:37.531,"Any[8, 13, 19, 25, 30, 37, 45, 53]",8,53
940,2026-01-14T16:14:55.0,2026-01-09T21:52:40.531,"Any[64, 60, 53, 45, 37, 30, 25]",64,25
209,2026-01-14T16:15:31.333,2026-01-09T21:53:16.864,"Any[6, 11, 19, 25, 30, 37, 45, 56]",6,56
1521,2026-01-14T16:31:49.0,2026-01-09T22:09:34.531,"Any[60, 53, 45, 37, 30, 25, 19, 10]",60,10
1299,2026-01-14T16:50:47.0,2026-01-16T22:28:32.531,"Any[10, 19, 25, 30, 37, 45, 53]",10,53
171,2026-01-14T16:52:12.0,2026-01-16T22:29:57.531,"Any[8, 13, 19, 25, 30, 37, 45, 56]",8,56
258,2026-01-14T16:52:12.0,2026-01-16T22:29:57.531,"Any[8, 13, 19, 25, 30, 37, 45, 56]",8,56
450,2026-01-14T16:58:20.0,2026-01-09T22:36:05.531,"Any[53, 45, 37, 30, 25, 19, 11, 6, 1]",53,1
685,2026-01-14T16:59:54.0,2026-01-16T22:37:39.531,"Any[1, 6, 11, 16, 19, 25, 30, 37, 45, 56, 60, 64]",1,64
1212,2026-01-14T16:59:54.0,2026-01-16T22:37:39.531,"Any[1, 6, 11, 16, 19, 25, 30, 37, 45, 56, 60, 64]",1,64
241,2026-01-14T17:16:43.0,2026-01-09T22:54:28.531,"Any[56, 45, 37, 30, 25, 19, 11, 6]",56,6
732,2026-01-14T17:20:02.0,2026-01-09T22:57:47.531,"Any[8, 13, 19, 25, 30, 37, 45, 56]",8,56
810,2026-01-14T17:20:02.0,2026-01-16T22:57:47.531,"Any[8, 13, 19, 25, 30, 37, 45, 56]",8,56
566,2026-01-14T17:21:50.0,2026-01-16T22:59:35.531,"Any[8, 13, 19, 25, 30, 37, 45, 53]",8,53
575,2026-01-14T17:21:50.0,2026-01-16T22:59:35.531,"Any[8, 13, 19, 25, 30, 37, 45, 53]",8,53
1559,2026-01-14T17:34:15.0,2026-01-09T23:12:00.531,"Any[53, 45, 37, 30, 25, 19, 11, 6, 1]",53,1
94,2026-01-14T17:50:08.608,2026-01-09T23:27:54.139,"Any[60, 56, 45, 37, 30, 25, 19, 11, 6]",60,6
1531,2026-01-14T18:34:54.0,2026-01-10T00:12:39.531,"Any[53, 45, 37, 30, 25]",53,25
34,2026-01-14T19:02:49.0,2026-01-17T00:40:34.531,"Any[60, 53, 45, 37, 30, 25, 19, 13, 8]",60,8
1296,2026-01-14T19:02:49.0,2026-01-17T00:40:34.531,"Any[60, 53, 45, 37, 30, 25, 19, 13, 8]",60,8
2,2026-01-14T19:04:14.0,2026-01-10T00:41:59.531,"Any[60, 56, 45, 37, 30, 25, 19, 11, 6]",60,6
230,2026-01-14T19:04:14.0,2026-01-10T00:41:59.531,"Any[60, 56, 45, 37, 30, 25, 19, 11, 6]",60,6
496,2026-01-14T19:23:14.811,2026-01-17T01:01:00.342,"Any[53, 45, 37, 30, 25, 19, 10]",53,10
639,2026-01-14T19:23:14.811,2026-01-10T01:01:00.342,"Any[53, 45, 37, 30, 25, 19, 10]",53,10
347,2026-01-14T20:00:58.0,2026-01-17T01:38:43.531,"Any[8, 13, 19, 25, 30, 37, 45]",8,45
1335,2026-01-14T20:07:36.0,2026-01-10T01:45:21.531,"Any[7, 8, 13, 19, 25, 30, 37, 45, 53]",7,53
908,2026-01-14T20:34:41.0,2026-01-17T02:12:26.531,"Any[53, 45, 37, 30, 25, 19, 13, 8]",53,8
923,2026-01-14T20:34:41.0,2026-01-17T02:12:26.531,"Any[53, 45, 37, 30, 25, 19, 13, 8]",53,8
331,2026-01-14T20:37:29.0,2026-01-17T02:15:14.531,"Any[7, 8, 13, 19, 25, 30, 37, 45, 53]",7,53
84,2026-01-14T20:53:56.0,2026-01-17T02:31:41.531,"Any[62, 53, 45, 37, 30, 25, 19, 11, 6]",62,6
1526,2026-01-14T21:02:40.0,2026-01-17T02:40:25.531,"Any[53, 45, 37, 30, 25]",53,25
49,2026-01-14T21:16:34.0,2026-01-17T02:54:19.531,"Any[7, 8, 13, 19, 25, 30, 37, 45, 53]",7,53
625,2026-01-14T21:45:02.196,2026-01-10T03:22:47.727,"Any[19, 25, 30, 37, 45, 56]",19,56
1282,2026-01-14T21:45:02.196,2026-01-10T03:22:47.727,"Any[19, 25, 30, 37, 45, 56]",19,56
581,2026-01-14T22:08:38.0,2026-01-10T03:46:23.531,"Any[8, 13, 19, 25, 30, 37, 45, 56]",8,56
1255,2026-01-14T22:08:38.0,2026-01-10T03:46:23.531,"Any[8, 13, 19, 25, 30, 37, 45, 56]",8,56
699,2026-01-14T22:09:13.0,2026-01-10T03:46:58.531,"Any[53, 45, 37, 30, 25, 19, 13, 8]",53,8
226,2026-01-14T22:23:05.049,2026-01-17T04:00:50.58,"Any[60, 56, 45, 37, 30, 25, 19, 11, 6]",60,6
391,2026-01-14T22:23:05.049,2026-01-10T04:00:50.58,"Any[60, 56, 45, 37, 30, 25, 19, 11, 6]",60,6
1280,2026-01-14T22:45:22.0,2026-01-10T04:23:07.531,"Any[10, 19, 25, 30, 37, 45, 53, 60]",10,60
243,2026-01-14T22:53:57.0,2026-01-17T04:31:42.531,"Any[53, 45, 37, 30, 25, 19, 11, 6, 1]",53,1
1145,2026-01-14T22:53:57.0,2026-01-10T04:31:42.531,"Any[53, 45, 37, 30, 25, 19, 11, 6, 1]",53,1
276,2026-01-14T23:04:06.0,2026-01-17T04:41:51.531,"Any[8, 13, 19, 25, 30, 37, 45, 56]",8,56
299,2026-01-14T23:05:33.0,2026-01-17T04:43:18.531,"Any[53, 45, 37, 30, 25]",53,25
757,2026-01-14T23:05:33.0,2026-01-10T04:43:18.531,"Any[53, 45, 37, 30, 25]",53,25
571,2026-01-14T23:07:09.0,2026-01-10T04:44:54.531,"Any[8, 13, 19, 25, 30, 37, 45, 56]",8,56
1556,2026-01-14T23:16:35.0,2026-01-10T04:54:20.531,"Any[53, 45, 37, 30, 25, 19, 11, 6, 1]",53,1
144,2026-01-14T23:17:39.0,2026-01-17T04:55:24.531,"Any[7, 8, 13, 19, 25, 30, 37, 45, 53, 60]",7,60
903,2026-01-14T23:17:39.0,2026-01-10T04:55:24.531,"Any[7, 8, 13, 19, 25, 30, 37, 45, 53, 60]",7,60
336,2026-01-14T23:33:32.0,2026-01-10T05:11:17.531,"Any[10, 19, 25, 30, 37, 45, 53]",10,53
408,2026-01-15T00:08:56.565,2026-01-17T05:46:42.096,"Any[61, 53, 45, 37, 30, 25, 19, 11, 6]",61,6
1096,2026-01-15T00:10:56.0,2026-01-17T05:48:41.531,"Any[1, 6, 11, 19, 23, 36, 44, 54, 60]",1,60
253,2026-01-15T00:12:21.0,2026-01-10T05:50:06.531,"Any[56, 45, 37, 30, 25, 19, 13, 8]",56,8
1372,2026-01-15T00:30:29.0,2026-01-17T06:08:14.531,"Any[1, 6, 11, 19, 23, 28, 36, 44, 54, 60]",1,60
953,2026-01-15T00:33:19.0,2026-01-10T06:11:04.531,"Any[60, 53, 45, 37, 30, 25, 19, 10]",60,10
916,2026-01-15T00:34:03.066,2026-01-17T06:11:48.597,"Any[9, 15, 26, 31, 36, 44, 54, 60]",9,60
980,2026-01-15T00:49:18.0,2026-01-17T06:27:03.531,"Any[10, 19, 25, 30, 37, 45, 53]",10,53
1133,2026-01-15T01:14:02.0,2026-01-10T06:51:47.531,"Any[64, 53, 45, 37, 30, 25, 19, 10]",64,10
93,2026-01-15T01:24:53.0,2026-01-17T07:02:38.531,"Any[7, 8, 13, 19, 25, 30, 37, 45, 53]",7,53
1430,2026-01-15T01:24:53.0,2026-01-17T07:02:38.531,"Any[7, 8, 13, 19, 25, 30, 37, 45, 53]",7,53
591,2026-01-15T01:29:08.0,2026-01-17T07:06:53.531,"Any[64, 60, 53, 45, 37, 30, 25, 19, 13, 8]",64,8
714,2026-01-15T01:58:01.0,2026-01-10T07:35:46.531,"Any[19, 25, 30, 37, 30, 37, 45, 53]",19,53
736,2026-01-15T02:01:40.151,2026-01-10T07:39:25.682,"Any[53, 45, 37, 30, 25, 19, 11, 6, 6, 1]",53,6
680,2026-01-15T02:05:32.0,2026-01-10T07:43:17.531,"Any[64, 53, 45, 37, 30, 25, 19, 13, 8]",64,8
278,2026-01-15T02:20:40.0,2026-01-10T07:58:25.531,"Any[10, 19, 25, 30, 37, 45, 53]",10,53
24,2026-01-15T02:21:35.0,2026-01-17T07:59:20.531,"Any[8, 13, 19, 25, 30, 37, 45, 53, 62]",8,62
213,2026-01-15T02:21:35.0,2026-01-17T07:59:20.531,"Any[8, 13, 19, 25, 30, 37, 45, 53, 62]",8,62
1201,2026-01-15T02:21:35.0,2026-01-17T07:59:20.531,"Any[8, 13, 19, 25, 30, 37, 45, 53, 62]",8,62
991,2026-01-15T02:21:41.0,2026-01-10T07:59:26.531,"Any[64, 53, 45, 37, 30, 25, 19, 10]",64,10
590,2026-01-15T02:46:47.0,2026-01-10T08:24:32.531,"Any[7, 8, 13, 19, 25, 30, 37, 45, 53]",7,53
43,2026-01-15T03:46:06.524,2026-01-10T09:23:52.055,"Any[7, 8, 13, 19, 25, 30, 37, 45, 56]",7,56
216,2026-01-15T03:46:06.524,2026-01-10T09:23:52.055,"Any[7, 8, 13, 19, 25, 30, 37, 45, 56]",7,56
683,2026-01-15T03:46:06.524,2026-01-10T09:23:52.055,"Any[7, 8, 13, 19, 25, 30, 37, 45, 56]",7,56
161,2026-01-15T04:09:29.354,2026-01-17T09:47:14.885,"Any[16, 25, 30, 37, 45, 53, 60]",16,60
1338,2026-01-15T04:31:06.0,2026-01-17T10:08:51.531,"Any[19, 25, 30, 37, 45, 53]",19,53
1244,2026-01-15T05:14:16.0,2026-01-10T10:52:01.531,"Any[62, 56, 45, 37, 30, 25, 19]",62,19
1457,2026-01-15T05:40:27.0,2026-01-17T11:18:12.531,"Any[19, 25, 30, 37, 45, 53, 60]",19,60
361,2026-01-15T07:11:51.0,2026-01-17T12:49:36.531,"Any[17, 16, 25, 30, 37, 45, 53]",17,53
1033,2026-01-15T07:33:41.0,2026-01-17T13:11:26.531,"Any[10, 19, 25, 30, 37, 45, 53]",10,53
1246,2026-01-15T07:33:41.0,2026-01-17T13:11:26.531,"Any[10, 19, 25, 30, 37, 45, 53]",10,53
1591,2026-01-15T07:33:41.0,2026-01-10T13:11:26.531,"Any[10, 19, 25, 30, 37, 45, 53]",10,53
561,2026-01-15T07:40:57.0,2026-01-17T13:18:42.531,"Any[56, 45, 37, 30, 25, 19, 10]",56,10
1333,2026-01-15T08:10:05.0,2026-01-17T13:47:50.531,"Any[60, 53, 45, 37, 30, 25]",60,25
1360,2026-01-15T08:10:05.0,2026-01-10T13:47:50.531,"Any[60, 53, 45, 37, 30, 25]",60,25
486,2026-01-15T08:25:56.0,2026-01-10T14:03:41.531,"Any[62, 53, 45, 37, 30, 25, 19, 13, 8]",62,8
1447,2026-01-15T08:26:25.049,2026-01-17T14:04:10.58,"Any[8, 13, 19, 25, 30, 37, 45, 56]",8,56
222,2026-01-15T09:15:45.0,2026-01-10T14:53:30.531,"Any[56, 45, 37, 30, 25, 19]",56,19
411,2026-01-15T09:15:45.0,2026-01-17T14:53:30.531,"Any[56, 45, 37, 30, 25, 19]",56,19
480,2026-01-15T09:15:45.0,2026-01-10T14:53:30.531,"Any[56, 45, 37, 30, 25, 19]",56,19
776,2026-01-15T09:23:15.0,2026-01-17T15:01:00.531,"Any[64, 53, 45, 37, 30, 25, 19, 10]",64,10
475,2026-01-15T09:37:49.0,2026-01-10T15:15:34.531,"Any[6, 11, 19, 25, 30, 37, 45]",6,45
1052,2026-01-15T09:46:17.0,2026-01-10T15:24:02.531,"Any[53, 45, 37, 30, 25, 19]",53,19
41,2026-01-15T10:00:26.0,2026-01-17T15:38:11.531,"Any[8, 13, 19, 25, 30, 37, 45, 56]",8,56
973,2026-01-15T10:00:26.0,2026-01-10T15:38:11.531,"Any[8, 13, 19, 25, 30, 37, 45, 56]",8,56
116,2026-01-15T10:19:53.768,2026-01-10T15:57:39.299,"Any[53, 45, 37, 30, 25, 19, 11, 6, 1]",53,1
15,2026-01-15T10:36:46.276,2026-01-17T16:14:31.807,"Any[53, 45, 37, 30, 25]",53,25
874,2026-01-15T10:48:09.0,2026-01-17T16:25:54.531,"Any[53, 45, 37, 30, 25, 19, 10]",53,10
77,2026-01-15T10:58:45.572,2026-01-10T16:36:31.103,"Any[62, 45, 37, 30, 25, 19]",62,19
1287,2026-01-15T10:58:45.572,2026-01-17T16:36:31.103,"Any[62, 45, 37, 30, 25, 19]",62,19
567,2026-01-15T11:04:35.0,2026-01-10T16:42:20.531,"Any[60, 56, 45, 37, 30, 25, 19, 11, 6]",60,6
1541,2026-01-15T11:07:22.0,2026-01-10T16:45:07.531,"Any[53, 45, 37, 30, 25, 19, 13, 8]",53,8
1270,2026-01-15T11:15:00.0,2026-01-10T16:52:45.531,"Any[7, 8, 13, 19, 25, 30, 37, 45, 53]",7,53
1254,2026-01-15T11:32:14.0,2026-01-17T17:09:59.531,"Any[64, 60, 53, 45, 37, 30, 25, 19, 10]",64,10
64,2026-01-15T11:52:50.0,2026-01-10T17:30:35.531,"Any[53, 45, 37, 30, 25, 19, 13, 8]",53,8
1499,2026-01-15T12:30:46.04,2026-01-10T18:08:31.571,"Any[19, 25, 30, 37, 45, 56]",19,56
439,2026-01-15T12:40:07.0,2026-01-10T18:17:52.531,"Any[6, 11, 19, 25, 30, 37, 45]",6,45
550,2026-01-15T12:52:23.0,2026-01-10T18:30:08.531,"Any[6, 11, 19, 25, 30, 37, 45]",6,45
1326,2026-01-15T12:59:19.0,2026-01-17T18:37:04.531,"Any[53, 45, 37, 30, 25]",53,25
315,2026-01-15T13:11:52.0,2026-01-10T18:49:37.531,"Any[53, 45, 37, 30, 25, 19, 10]",53,10
351,2026-01-15T13:55:44.0,2026-01-10T19:33:29.531,"Any[19, 25, 30, 37, 45, 56, 60]",19,60
1186,2026-01-15T14:01:22.428,2026-01-10T19:39:07.959,"Any[1, 6, 11, 19, 25, 30, 37, 45, 56]",1,56
1003,2026-01-15T14:32:03.0,2026-01-10T20:09:48.531,"Any[60, 56, 45, 37, 30, 25, 19, 13, 8]",60,8
136,2026-01-15T15:16:08.0,2026-01-10T20:53:53.531,"Any[53, 45, 37, 30, 25, 19, 11, 6, 1]",53,1
297,2026-01-15T15:16:38.801,2026-01-10T20:54:24.332,"Any[8, 13, 19, 25, 30, 37, 45, 53, 60]",8,60
1080,2026-01-15T15:37:17.0,2026-01-17T21:15:02.531,"Any[56, 45, 37, 30, 25, 19, 11, 6, 1]",56,1
742,2026-01-15T16:06:01.0,2026-01-10T21:43:46.531,"Any[6, 11, 19, 25, 30, 37, 45]",6,45
1310,2026-01-15T16:06:01.0,2026-01-10T21:43:46.531,"Any[6, 11, 19, 25, 30, 37, 45]",6,45
691,2026-01-15T16:08:59.421,2026-01-10T21:46:44.952,"Any[1, 6, 11, 19, 25, 30, 37, 45, 56]",1,56
207,2026-01-15T16:17:42.0,2026-01-17T21:55:27.531,"Any[64, 56, 45, 37, 30, 25, 19, 11, 6]",64,6
1181,2026-01-15T16:29:57.0,2026-01-17T22:07:42.531,"Any[60, 56, 45, 37, 30, 25, 19, 11, 6]",60,6
1587,2026-01-15T16:30:11.0,2026-01-17T22:07:56.531,"Any[10, 19, 25, 30, 37, 45, 53]",10,53
415,2026-01-15T16:39:03.8,2026-01-10T22:16:49.331,"Any[1, 6, 11, 19, 25, 30, 37, 45, 56, 60]",1,60
569,2026-01-15T16:39:03.8,2026-01-17T22:16:49.331,"Any[1, 6, 11, 19, 25, 30, 37, 45, 56, 60]",1,60
941,2026-01-15T16:39:03.8,2026-01-17T22:16:49.331,"Any[1, 6, 11, 19, 25, 30, 37, 45, 56, 60]",1,60
322,2026-01-15T16:45:22.0,2026-01-17T22:23:07.531,"Any[5, 6, 11, 19, 25, 30, 37, 45]",5,45
1380,2026-01-15T16:45:22.0,2026-01-10T22:23:07.531,"Any[5, 6, 11, 19, 25, 30, 37, 45]",5,45
791,2026-01-15T16:47:32.856,2026-01-10T22:25:18.387,"Any[8, 13, 19, 25, 30, 37, 45, 56]",8,56
1180,2026-01-15T16:47:32.856,2026-01-10T22:25:18.387,"Any[8, 13, 19, 25, 30, 37, 45, 56]",8,56
1356,2026-01-15T16:47:32.856,2026-01-10T22:25:18.387,"Any[8, 13, 19, 25, 30, 37, 45, 56]",8,56
206,2026-01-15T17:07:25.0,2026-01-17T22:45:10.531,"Any[6, 11, 19, 25, 30, 37, 45, 56, 60]",6,60
195,2026-01-15T17:26:22.0,2026-01-17T23:04:07.531,"Any[1, 6, 11, 19, 25, 30, 37, 45, 56, 60]",1,60
224,2026-01-15T17:26:46.913,2026-01-17T23:04:32.444,"Any[1, 6, 11, 19, 25, 30, 37, 45, 56]",1,56
279,2026-01-15T17:26:46.913,2026-01-17T23:04:32.444,"Any[1, 6, 11, 19, 25, 30, 37, 45, 56]",1,56
334,2026-01-15T17:36:23.0,2026-01-17T23:14:08.531,"Any[10, 19, 25, 30, 37, 45, 53]",10,53
1574,2026-01-15T17:36:23.0,2026-01-17T23:14:08.531,"Any[10, 19, 25, 30, 37, 45, 53]",10,53
862,2026-01-15T17:39:27.0,2026-01-10T23:17:12.531,"Any[8, 13, 19, 25, 30, 37, 45, 56]",8,56
891,2026-01-15T17:39:27.0,2026-01-10T23:17:12.531,"Any[8, 13, 19, 25, 30, 37, 45, 56]",8,56
1156,2026-01-15T17:39:27.0,2026-01-10T23:17:12.531,"Any[8, 13, 19, 25, 30, 37, 45, 56]",8,56
1070,2026-01-15T17:49:15.0,2026-01-10T23:27:00.531,"Any[19, 25, 30, 37, 45, 53, 60]",19,60
1344,2026-01-15T17:49:15.0,2026-01-17T23:27:00.531,"Any[19, 25, 30, 37, 45, 53, 60]",19,60
1209,2026-01-15T17:58:27.0,2026-01-17T23:36:12.531,"Any[56, 45, 37, 30, 25, 19, 11, 6, 6, 5, 1, 1]",56,6
701,2026-01-15T17:58:29.305,2026-01-10T23:36:14.836,"Any[60, 56, 45, 37, 30, 25, 19, 11, 6]",60,6
371,2026-01-15T18:13:32.0,2026-01-17T23:51:17.531,"Any[10, 19, 25, 30, 37, 45, 53]",10,53
767,2026-01-15T18:18:32.0,2026-01-17T23:56:17.531,"Any[19, 25, 30, 37, 45, 56, 60]",19,60
342,2026-01-15T18:20:46.0,2026-01-17T23:58:31.531,"Any[60, 53, 45, 37, 30, 25, 19, 13, 8]",60,8
1134,2026-01-15T18:21:28.0,2026-01-10T23:59:13.531,"Any[64, 60, 56, 45, 37, 30, 25, 19, 11, 6]",64,6
202,2026-01-15T18:31:33.876,2026-01-11T00:09:19.407,"Any[56, 45, 37, 30, 25, 19, 11, 6]",56,6
536,2026-01-15T18:35:32.0,2026-01-18T00:13:17.531,"Any[56, 45, 37, 30, 25, 19, 13, 8]",56,8
1351,2026-01-15T18:45:51.0,2026-01-18T00:23:36.531,"Any[17, 25, 30, 37, 45]",17,45
1337,2026-01-15T18:57:02.0,2026-01-11T00:34:47.531,"Any[45, 37, 30, 25, 19, 17, 10]",45,10
530,2026-01-15T19:05:00.0,2026-01-11T00:42:45.531,"Any[8, 13, 19, 25, 30, 37, 45, 53]",8,53
409,2026-01-15T19:28:43.0,2026-01-18T01:06:28.531,"Any[19, 25, 30, 37, 45, 56]",19,56
659,2026-01-15T19:34:20.0,2026-01-18T01:12:05.531,"Any[60, 53, 45, 37, 30, 25]",60,25
1305,2026-01-15T19:35:22.0,2026-01-18T01:13:07.531,"Any[10, 19, 25, 30, 37, 45, 53]",10,53
1543,2026-01-15T19:59:11.0,2026-01-18T01:36:56.531,"Any[53, 45, 37, 30, 25, 19, 13, 8]",53,8
1594,2026-01-15T20:13:59.0,2026-01-18T01:51:44.531,"Any[10, 11, 19, 25, 30, 37, 45, 53]",10,53
1569,2026-01-15T20:43:02.0,2026-01-18T02:20:47.531,"Any[10, 19, 25, 30, 37, 45, 53]",10,53
461,2026-01-15T20:43:21.0,2026-01-18T02:21:06.531,"Any[53, 45, 37, 30, 25, 19, 11, 6, 1]",53,1
1035,2026-01-15T20:43:21.0,2026-01-11T02:21:06.531,"Any[53, 45, 37, 30, 25, 19, 11, 6, 1]",53,1
834,2026-01-15T20:55:05.0,2026-01-11T02:32:50.531,"Any[10, 19, 25, 30, 37, 45, 53]",10,53
1097,2026-01-15T20:56:52.487,2026-01-18T02:34:38.018,"Any[53, 45, 37, 30, 25, 19, 10]",53,10
1460,2026-01-15T21:43:20.0,2026-01-18T03:21:05.531,"Any[10, 19, 25, 30, 37, 45, 53]",10,53
1368,2026-01-15T22:11:39.0,2026-01-18T03:49:24.531,"Any[10, 19, 25, 30, 37, 45, 53]",10,53
1583,2026-01-15T22:25:37.0,2026-01-11T04:03:22.531,"Any[10, 19, 25, 30, 37, 45, 53]",10,53
1340,2026-01-15T22:29:17.0,2026-01-18T04:07:02.531,"Any[56, 45, 37, 30, 25, 19, 11, 6]",56,6
220,2026-01-15T22:35:51.065,2026-01-18T04:13:36.596,"Any[53, 45, 37, 30, 25, 19, 13, 8]",53,8
844,2026-01-15T22:40:40.0,2026-01-11T04:18:25.531,"Any[53, 45, 37, 30, 25, 19, 11, 6, 1]",53,1
914,2026-01-15T23:18:18.0,2026-01-18T04:56:03.531,"Any[53, 45, 37, 30, 25, 19, 10]",53,10
317,2026-01-15T23:20:07.0,2026-01-11T04:57:52.531,"Any[13, 19, 25, 30, 37, 45, 56]",13,56
1161,2026-01-15T23:35:12.952,2026-01-11T05:12:58.483,"Any[56, 45, 37, 30, 25, 19, 10]",56,10
109,2026-01-15T23:36:38.0,2026-01-11T05:14:23.531,"Any[53, 45, 37, 30, 25]",53,25
468,2026-01-15T23:46:38.0,2026-01-18T05:24:23.531,"Any[53, 45, 37, 30, 25, 19, 13, 8]",53,8
1074,2026-01-15T23:46:38.0,2026-01-11T05:24:23.531,"Any[53, 45, 37, 30, 25, 19, 13, 8]",53,8
1542,2026-01-15T23:46:38.0,2026-01-18T05:24:23.531,"Any[53, 45, 37, 30, 25, 19, 13, 8]",53,8
918,2026-01-15T23:53:53.467,2026-01-11T05:31:38.998,"Any[8, 13, 19, 25, 30, 37, 45, 56]",8,56
46,2026-01-16T00:01:06.0,2026-01-11T05:38:51.531,"Any[1, 6, 11, 19, 23, 36, 44, 54, 60]",1,60
860,2026-01-16T00:02:59.0,2026-01-11T05:40:44.531,"Any[53, 45, 37, 30, 25, 19, 13, 8]",53,8
68,2026-01-16T00:15:22.0,2026-01-11T05:53:07.531,"Any[8, 13, 19, 25, 30, 37, 45, 56]",8,56
247,2026-01-16T00:15:22.0,2026-01-18T05:53:07.531,"Any[8, 13, 19, 25, 30, 37, 45, 56]",8,56
1539,2026-01-16T01:23:51.0,2026-01-18T07:01:36.531,"Any[53, 45, 37, 30, 25, 19, 13, 8]",53,8
427,2026-01-16T01:27:44.842,2026-01-18T07:05:30.373,"Any[53, 45, 37, 30, 25, 19, 11, 6, 1]",53,1
1076,2026-01-16T01:28:20.904,2026-01-18T07:06:06.435,"Any[10, 19, 25, 30, 37, 45, 53]",10,53
1600,2026-01-16T01:28:20.904,2026-01-18T07:06:06.435,"Any[10, 19, 25, 30, 37, 45, 53]",10,53
727,2026-01-16T01:31:05.0,2026-01-11T07:08:50.531,"Any[6, 11, 19, 25, 30, 37, 45, 56]",6,56
777,2026-01-16T01:31:05.0,2026-01-18T07:08:50.531,"Any[6, 11, 19, 25, 30, 37, 45, 56]",6,56
1083,2026-01-16T01:45:48.0,2026-01-18T07:23:33.531,"Any[56, 45, 37, 30, 25, 19, 13, 8]",56,8
1214,2026-01-16T01:45:48.0,2026-01-11T07:23:33.531,"Any[56, 45, 37, 30, 25, 19, 13, 8]",56,8
887,2026-01-16T02:17:45.0,2026-01-11T07:55:30.531,"Any[53, 45, 37, 30, 25, 19, 11, 10, 11, 6, 1]",53,1
1550,2026-01-16T02:19:24.0,2026-01-11T07:57:09.531,"Any[53, 45, 37, 30, 25, 19, 11, 6, 1]",53,1
1424,2026-01-16T02:27:45.0,2026-01-18T08:05:30.531,"Any[19, 25, 30, 37, 45, 56]",19,56
1482,2026-01-16T02:33:43.0,2026-01-11T08:11:28.531,"Any[53, 45, 37, 30, 25, 19, 11, 6, 1]",53,1
655,2026-01-16T02:51:50.0,2026-01-18T08:29:35.531,"Any[19, 25, 30, 37, 45, 53]",19,53
852,2026-01-16T03:08:33.0,2026-01-18T08:46:18.531,"Any[53, 45, 37, 30, 25, 19, 11, 6, 1]",53,1
1068,2026-01-16T03:08:33.0,2026-01-18T08:46:18.531,"Any[53, 45, 37, 30, 25, 19, 11, 6, 1]",53,1
1170,2026-01-16T03:34:11.0,2026-01-18T09:11:56.531,"Any[60, 56, 45, 37, 30, 25, 19, 11, 6]",60,6
50,2026-01-16T03:44:28.0,2026-01-18T09:22:13.531,"Any[53, 45, 37, 30, 25]",53,25
1073,2026-01-16T03:44:28.0,2026-01-11T09:22:13.531,"Any[53, 45, 37, 30, 25]",53,25
584,2026-01-16T03:48:37.0,2026-01-11T09:26:22.531,"Any[56, 45, 37, 30, 25, 19, 10]",56,10
1251,2026-01-16T03:48:37.0,2026-01-18T09:26:22.531,"Any[56, 45, 37, 30, 25, 19, 10]",56,10
629,2026-01-16T04:15:50.0,2026-01-18T09:53:35.531,"Any[60, 56, 45, 37, 30, 25, 19, 11, 6]",60,6
1106,2026-01-16T04:15:50.0,2026-01-18T09:53:35.531,"Any[60, 56, 45, 37, 30, 25, 19, 11, 6]",60,6
1312,2026-01-16T04:54:43.0,2026-01-18T10:32:28.531,"Any[60, 53, 45, 37, 30, 25, 19, 10]",60,10
150,2026-01-16T06:00:15.0,2026-01-18T11:38:00.531,"Any[8, 13, 19, 25, 30, 37, 45, 56]",8,56
1088,2026-01-16T06:48:36.0,2026-01-11T12:26:21.531,"Any[10, 19, 25, 30, 37, 45, 53]",10,53
911,2026-01-16T06:53:33.0,2026-01-18T12:31:18.531,"Any[53, 45, 37, 30, 25]",53,25
1342,2026-01-16T06:53:33.0,2026-01-18T12:31:18.531,"Any[53, 45, 37, 30, 25]",53,25
1120,2026-01-16T07:50:18.0,2026-01-18T13:28:03.531,"Any[14, 19, 25, 30, 37, 45, 53]",14,53
402,2026-01-16T07:57:46.0,2026-01-18T13:35:31.531,"Any[10, 19, 25, 30, 37, 45]",10,45
204,2026-01-16T08:10:57.0,2026-01-11T13:48:42.531,"Any[6, 11, 19, 25, 30, 37, 45]",6,45
310,2026-01-16T08:25:48.0,2026-01-18T14:03:33.531,"Any[64, 60, 56, 45, 37, 30, 25, 19, 13, 8]",64,8
949,2026-01-16T08:25:56.0,2026-01-11T14:03:41.531,"Any[19, 25, 30, 37, 45, 53]",19,53
472,2026-01-16T08:30:22.0,2026-01-18T14:08:07.531,"Any[54, 44, 36, 23, 19, 11, 6]",54,6
695,2026-01-16T08:47:03.0,2026-01-11T14:24:48.531,"Any[53, 45, 37, 30, 25, 19, 10]",53,10
743,2026-01-16T09:25:56.0,2026-01-18T15:03:41.531,"Any[53, 45, 37, 30, 25, 19, 11, 6, 3, 1]",53,1
828,2026-01-16T09:27:00.0,2026-01-11T15:04:45.531,"Any[10, 19, 25, 30, 37, 45, 53]",10,53
737,2026-01-16T09:34:19.0,2026-01-18T15:12:04.531,"Any[60, 56, 45, 37, 30, 25, 19, 13, 8]",60,8
954,2026-01-16T10:17:32.0,2026-01-18T15:55:17.531,"Any[53, 45, 37, 30, 25, 19]",53,19
707,2026-01-16T10:31:04.0,2026-01-11T16:08:49.531,"Any[1, 6, 11, 19, 25, 30, 37, 45, 56]",1,56
723,2026-01-16T10:31:04.0,2026-01-18T16:08:49.531,"Any[1, 6, 11, 19, 25, 30, 37, 45, 56]",1,56
214,2026-01-16T10:32:09.0,2026-01-18T16:09:54.531,"Any[19, 25, 30, 37, 45, 53]",19,53
1047,2026-01-16T10:32:09.0,2026-01-18T16:09:54.531,"Any[19, 25, 30, 37, 45, 53]",19,53
1592,2026-01-16T10:36:45.0,2026-01-18T16:14:30.531,"Any[10, 19, 25, 30, 37, 45, 53]",10,53
942,2026-01-16T10:49:57.0,2026-01-18T16:27:42.531,"Any[53, 45, 37, 30, 25, 19, 13, 8]",53,8
759,2026-01-16T11:13:14.0,2026-01-18T16:50:59.531,"Any[6, 11, 16, 25, 30, 37, 45]",6,45
197,2026-01-16T11:58:07.518,2026-01-11T17:35:53.049,"Any[6, 11, 19, 25, 30, 37, 45, 56]",6,56
879,2026-01-16T12:01:00.0,2026-01-18T17:38:45.531,"Any[60, 56, 45, 37, 30, 25, 19, 10]",60,10
1402,2026-01-16T12:01:00.0,2026-01-11T17:38:45.531,"Any[60, 56, 45, 37, 30, 25, 19, 10]",60,10
1523,2026-01-16T12:01:00.0,2026-01-11T17:38:45.531,"Any[60, 56, 45, 37, 30, 25, 19, 10]",60,10
921,2026-01-16T12:06:33.0,2026-01-18T17:44:18.531,"Any[64, 60, 53, 45, 37, 30, 25, 19, 10]",64,10
859,2026-01-16T12:16:39.888,2026-01-11T17:54:25.419,"Any[8, 13, 19, 25, 30, 37, 45, 56]",8,56
958,2026-01-16T12:16:55.0,2026-01-18T17:54:40.531,"Any[1, 6, 11, 19, 25, 30, 37, 45, 56, 60]",1,60
369,2026-01-16T12:25:07.0,2026-01-18T18:02:52.531,"Any[53, 45, 37, 30, 25, 19]",53,19
30,2026-01-16T12:37:45.0,2026-01-11T18:15:30.531,"Any[56, 45, 37, 30, 25, 19, 13, 8]",56,8
678,2026-01-16T12:38:25.0,2026-01-11T18:16:10.531,"Any[19, 25, 30, 37, 45, 56]",19,56
507,2026-01-16T12:52:49.0,2026-01-18T18:30:34.531,"Any[45, 37, 30, 25, 19, 10]",45,10
531,2026-01-16T13:09:21.0,2026-01-18T18:47:06.531,"Any[53, 45, 37, 30, 25, 19, 10]",53,10
1302,2026-01-16T13:30:59.439,2026-01-18T19:08:44.97,"Any[56, 45, 37, 30, 25, 19, 11, 6]",56,6
223,2026-01-16T13:31:19.809,2026-01-11T19:09:05.34,"Any[56, 45, 37, 30, 25, 19, 11, 6]",56,6
178,2026-01-16T13:37:45.662,2026-01-18T19:15:31.193,"Any[60, 56, 45, 37, 30, 25]",60,25
1234,2026-01-16T13:37:45.662,2026-01-18T19:15:31.193,"Any[60, 56, 45, 37, 30, 25]",60,25
649,2026-01-16T13:49:13.0,2026-01-11T19:26:58.531,"Any[19, 25, 30, 37, 45, 53]",19,53
399,2026-01-16T14:06:06.0,2026-01-18T19:43:51.531,"Any[45, 37, 30, 25]",45,25
587,2026-01-16T14:34:06.0,2026-01-11T20:11:51.531,"Any[3, 10, 19, 25, 30, 37, 45, 53]",3,53
950,2026-01-16T14:40:55.0,2026-01-18T20:18:40.531,"Any[53, 45, 37, 30, 25, 19, 10]",53,10
85,2026-01-16T14:43:36.0,2026-01-18T20:21:21.531,"Any[64, 60, 53, 45, 37, 30, 25, 19, 10]",64,10
607,2026-01-16T14:43:36.0,2026-01-11T20:21:21.531,"Any[64, 60, 53, 45, 37, 30, 25, 19, 10]",64,10
414,2026-01-16T14:44:50.0,2026-01-18T20:22:35.531,"Any[53, 45, 37, 30, 25, 19, 11, 6]",53,6
1203,2026-01-16T14:44:50.0,2026-01-18T20:22:35.531,"Any[53, 45, 37, 30, 25, 19, 11, 6]",53,6
140,2026-01-16T14:48:21.0,2026-01-11T20:26:06.531,"Any[64, 60, 56, 45, 37, 30, 25, 19, 11, 6]",64,6
121,2026-01-16T15:25:33.0,2026-01-18T21:03:18.531,"Any[13, 19, 25, 30, 37, 45, 56]",13,56
598,2026-01-16T15:32:35.0,2026-01-18T21:10:20.531,"Any[10, 19, 25, 30, 37, 45, 53]",10,53
744,2026-01-16T15:32:35.0,2026-01-11T21:10:20.531,"Any[10, 19, 25, 30, 37, 45, 53]",10,53
1504,2026-01-16T15:40:00.0,2026-01-18T21:17:45.531,"Any[17, 16, 17, 25, 30, 37, 45, 53]",17,53
582,2026-01-16T15:51:32.0,2026-01-11T21:29:17.531,"Any[53, 45, 37, 30, 25, 19, 11, 6, 1]",53,1
1566,2026-01-16T15:51:32.0,2026-01-11T21:29:17.531,"Any[53, 45, 37, 30, 25, 19, 11, 6, 1]",53,1
104,2026-01-16T16:03:08.0,2026-01-18T21:40:53.531,"Any[54, 44, 36, 23, 19, 11, 6]",54,6
398,2026-01-16T16:19:21.0,2026-01-11T21:57:06.531,"Any[60, 56, 45, 37, 30, 25]",60,25
437,2026-01-16T16:28:40.0,2026-01-11T22:06:25.531,"Any[53, 45, 37, 30, 25, 19, 10]",53,10
523,2026-01-16T16:34:46.0,2026-01-11T22:12:31.531,"Any[6, 11, 19, 25, 30, 37, 45]",6,45
765,2026-01-16T16:52:25.0,2026-01-11T22:30:10.531,"Any[60, 56, 45, 37, 30, 25, 19]",60,19
895,2026-01-16T17:00:03.133,2026-01-11T22:37:48.664,"Any[8, 13, 19, 25, 30, 37, 45, 56, 60]",8,60
873,2026-01-16T17:01:01.0,2026-01-11T22:38:46.531,"Any[7, 8, 13, 19, 25, 30, 37, 45, 53]",7,53
313,2026-01-16T17:20:09.23,2026-01-18T22:57:54.761,"Any[45, 37, 30, 25, 19]",45,19
527,2026-01-16T17:20:09.23,2026-01-18T22:57:54.761,"Any[45, 37, 30, 25, 19]",45,19
647,2026-01-16T17:55:09.799,2026-01-11T23:32:55.33,"Any[56, 45, 37, 30, 25, 19, 11, 6]",56,6
436,2026-01-16T18:03:48.0,2026-01-18T23:41:33.531,"Any[8, 13, 19, 25, 30, 37, 45, 56]",8,56
70,2026-01-16T18:05:22.0,2026-01-18T23:43:07.531,"Any[8, 13, 19, 25, 30, 37, 45, 53]",8,53
324,2026-01-16T18:07:07.374,2026-01-18T23:44:52.905,"Any[54, 44, 36, 23, 19, 13, 8]",54,8
56,2026-01-16T18:11:04.0,2026-01-18T23:48:49.531,"Any[56, 45, 37, 30, 25]",56,25
419,2026-01-16T18:14:52.538,2026-01-18T23:52:38.069,"Any[56, 45, 37, 30, 25, 19, 13, 8]",56,8
1456,2026-01-16T18:15:41.698,2026-01-18T23:53:27.229,"Any[56, 45, 37, 30, 25, 19, 13, 8]",56,8
444,2026-01-16T18:19:04.0,2026-01-11T23:56:49.531,"Any[8, 13, 19, 25, 30, 37, 45, 56]",8,56
753,2026-01-16T18:33:30.0,2026-01-12T00:11:15.531,"Any[6, 11, 19, 25, 30, 37, 45]",6,45
1248,2026-01-16T18:50:06.0,2026-01-12T00:27:51.531,"Any[1, 6, 11, 19, 25, 30, 37, 45, 56]",1,56
894,2026-01-16T18:59:42.0,2026-01-19T00:37:27.531,"Any[56, 45, 37, 30, 25, 19, 13, 8]",56,8
1388,2026-01-16T18:59:42.0,2026-01-12T00:37:27.531,"Any[56, 45, 37, 30, 25, 19, 13, 8]",56,8
1147,2026-01-16T19:02:18.0,2026-01-12T00:40:03.531,"Any[8, 13, 19, 25, 30, 37, 45, 53]",8,53
160,2026-01-16T19:22:15.0,2026-01-19T01:00:00.531,"Any[8, 13, 19, 25, 30, 37, 45, 56]",8,56
495,2026-01-16T19:37:27.0,2026-01-12T01:15:12.531,"Any[10, 19, 25, 30, 37, 45, 53]",10,53
1122,2026-01-16T19:37:27.0,2026-01-19T01:15:12.531,"Any[10, 19, 25, 30, 37, 45, 53]",10,53
82,2026-01-16T19:43:10.0,2026-01-19T01:20:55.531,"Any[53, 45, 37, 30, 25, 19, 13, 8]",53,8
1218,2026-01-16T19:44:16.0,2026-01-12T01:22:01.531,"Any[53, 45, 37, 30, 25, 19, 13, 8]",53,8
1517,2026-01-16T20:29:25.0,2026-01-19T02:07:10.531,"Any[60, 56, 45, 37, 30, 25, 19, 10]",60,10
1518,2026-01-16T20:29:25.0,2026-01-19T02:07:10.531,"Any[60, 56, 45, 37, 30, 25, 19, 10]",60,10
546,2026-01-16T20:38:30.786,2026-01-19T02:16:16.317,"Any[60, 56, 45, 37, 30, 25, 19]",60,19
293,2026-01-16T20:47:51.0,2026-01-12T02:25:36.531,"Any[10, 19, 25, 30, 37, 45, 53]",10,53
1573,2026-01-16T20:47:51.0,2026-01-12T02:25:36.531,"Any[10, 19, 25, 30, 37, 45, 53]",10,53
343,2026-01-16T21:14:14.0,2026-01-19T02:51:59.531,"Any[10, 19, 25, 30, 37, 45, 53]",10,53
779,2026-01-16T21:15:29.731,2026-01-19T02:53:15.262,"Any[8, 13, 19, 25, 30, 37, 45, 56]",8,56
1501,2026-01-16T21:15:29.731,2026-01-19T02:53:15.262,"Any[8, 13, 19, 25, 30, 37, 45, 56]",8,56
937,2026-01-16T21:27:54.0,2026-01-12T03:05:39.531,"Any[19, 25, 30, 37, 45, 56]",19,56
880,2026-01-16T21:40:08.0,2026-01-19T03:17:53.531,"Any[10, 19, 25, 30, 37, 45, 53]",10,53
1580,2026-01-16T21:40:08.0,2026-01-12T03:17:53.531,"Any[10, 19, 25, 30, 37, 45, 53]",10,53
233,2026-01-16T21:47:31.0,2026-01-19T03:25:16.531,"Any[7, 8, 13, 19, 25, 30, 37, 45, 53]",7,53
1422,2026-01-16T21:47:31.0,2026-01-19T03:25:16.531,"Any[7, 8, 13, 19, 25, 30, 37, 45, 53]",7,53
545,2026-01-16T21:51:04.0,2026-01-19T03:28:49.531,"Any[20, 19, 25, 30, 37, 45, 53]",20,53
1177,2026-01-16T21:51:04.0,2026-01-19T03:28:49.531,"Any[20, 19, 25, 30, 37, 45, 53]",20,53
477,2026-01-16T21:53:29.204,2026-01-19T03:31:14.735,"Any[60, 56, 45, 37, 30, 25, 19, 11, 6]",60,6
1162,2026-01-16T22:28:34.0,2026-01-12T04:06:19.531,"Any[53, 45, 37, 30, 25, 19, 10]",53,10
1279,2026-01-16T23:08:27.0,2026-01-19T04:46:12.531,"Any[6, 11, 19, 25, 30, 37, 45, 53]",6,53
815,2026-01-16T23:13:23.0,2026-01-19T04:51:08.531,"Any[56, 45, 37, 30, 25, 19, 11, 6]",56,6
1199,2026-01-16T23:13:23.0,2026-01-19T04:51:08.531,"Any[56, 45, 37, 30, 25, 19, 11, 6]",56,6
1421,2026-01-16T23:13:23.0,2026-01-12T04:51:08.531,"Any[56, 45, 37, 30, 25, 19, 11, 6]",56,6
1538,2026-01-17T00:03:03.0,2026-01-19T05:40:48.531,"Any[53, 45, 37, 30, 25, 19, 13, 8]",53,8
147,2026-01-17T00:11:59.0,2026-01-19T05:49:44.531,"Any[6, 11, 19, 25, 30, 37, 45]",6,45
13,2026-01-17T00:25:49.0,2026-01-12T06:03:34.531,"Any[19, 25, 30, 37, 45, 53]",19,53
32,2026-01-17T00:48:13.0,2026-01-12T06:25:58.531,"Any[60, 53, 45, 37, 30, 25, 19, 10]",60,10
668,2026-01-17T00:48:25.0,2026-01-19T06:26:10.531,"Any[7, 8, 13, 19, 25, 30, 37, 45, 56]",7,56
22,2026-01-17T01:15:16.0,2026-01-12T06:53:01.531,"Any[45, 37, 30, 25]",45,25
464,2026-01-17T01:15:16.0,2026-01-19T06:53:01.531,"Any[45, 37, 30, 25]",45,25
1025,2026-01-17T01:16:58.81,2026-01-19T06:54:44.341,"Any[56, 45, 37, 30, 25, 19, 10, 6]",56,6
39,2026-01-17T01:21:15.0,2026-01-19T06:59:00.531,"Any[1, 6, 11, 19, 25, 30, 37, 45, 53, 60]",1,60
960,2026-01-17T01:41:54.0,2026-01-19T07:19:39.531,"Any[7, 8, 13, 19, 25, 30, 37, 45, 53]",7,53
1105,2026-01-17T01:41:54.0,2026-01-19T07:19:39.531,"Any[7, 8, 13, 19, 25, 30, 37, 45, 53]",7,53
623,2026-01-17T01:44:58.0,2026-01-12T07:22:43.531,"Any[60, 56, 45, 37, 30, 25, 19, 13, 19, 13, 8]",60,8
1298,2026-01-17T01:44:58.0,2026-01-12T07:22:43.531,"Any[60, 56, 45, 37, 30, 25, 19, 13, 19, 13, 8]",60,8
1400,2026-01-17T01:55:03.0,2026-01-19T07:32:48.531,"Any[7, 8, 13, 19, 25, 30, 37, 45, 53]",7,53
1545,2026-01-17T02:31:00.0,2026-01-19T08:08:45.531,"Any[53, 45, 37, 30, 25, 19, 11, 6, 1]",53,1
716,2026-01-17T03:34:42.0,2026-01-19T09:12:27.531,"Any[16, 25, 30, 37, 45, 53, 60]",16,60
403,2026-01-17T03:52:22.0,2026-01-19T09:30:07.531,"Any[53, 45, 37, 30, 25, 19]",53,19
1304,2026-01-17T04:29:21.0,2026-01-19T10:07:06.531,"Any[64, 60, 53, 45, 37, 30, 25, 19, 10]",64,10
614,2026-01-17T05:42:10.842,2026-01-19T11:19:56.373,"Any[16, 25, 30, 37, 45, 56, 60]",16,60
1090,2026-01-17T05:42:10.842,2026-01-12T11:19:56.373,"Any[16, 25, 30, 37, 45, 56, 60]",16,60
1018,2026-01-17T06:15:21.0,2026-01-12T11:53:06.531,"Any[64, 60, 53, 45, 37, 30, 25, 19, 10]",64,10
1365,2026-01-17T06:15:21.0,2026-01-19T11:53:06.531,"Any[64, 60, 53, 45, 37, 30, 25, 19, 10]",64,10
1187,2026-01-17T06:17:19.0,2026-01-12T11:55:04.531,"Any[10, 11, 19, 25, 30, 37, 45, 53]",10,53
1229,2026-01-17T06:17:19.0,2026-01-12T11:55:04.531,"Any[10, 11, 19, 25, 30, 37, 45, 53]",10,53
125,2026-01-17T06:41:29.0,2026-01-12T12:19:14.531,"Any[1, 6, 11, 19, 30, 37, 45, 56]",1,56
1140,2026-01-17T07:02:01.0,2026-01-19T12:39:46.531,"Any[6, 11, 19, 25, 30, 37, 45, 53]",6,53
1238,2026-01-17T07:16:43.0,2026-01-19T12:54:28.531,"Any[25, 30, 37, 45]",25,45
1353,2026-01-17T07:16:43.0,2026-01-12T12:54:28.531,"Any[25, 30, 37, 45]",25,45
658,2026-01-17T07:18:37.703,2026-01-19T12:56:23.234,"Any[64, 53, 45, 37, 30, 25, 19, 10]",64,10
413,2026-01-17T07:55:32.0,2026-01-19T13:33:17.531,"Any[60, 53, 45, 37, 30, 25]",60,25
149,2026-01-17T08:08:13.0,2026-01-12T13:45:58.531,"Any[56, 45, 37, 30, 25, 19, 13, 8]",56,8
1527,2026-01-17T08:11:45.0,2026-01-12T13:49:30.531,"Any[53, 45, 37, 30, 25]",53,25
393,2026-01-17T08:36:04.0,2026-01-19T14:13:49.531,"Any[19, 25, 30, 37, 45, 56]",19,56
1261,2026-01-17T08:51:01.0,2026-01-12T14:28:46.531,"Any[10, 19, 25, 30, 37, 45, 53]",10,53
1327,2026-01-17T08:51:01.0,2026-01-12T14:28:46.531,"Any[10, 19, 25, 30, 37, 45, 53]",10,53
509,2026-01-17T09:00:36.0,2026-01-19T14:38:21.531,"Any[53, 45, 37, 30, 25, 19, 11, 6, 1]",53,1
1555,2026-01-17T09:00:36.0,2026-01-19T14:38:21.531,"Any[53, 45, 37, 30, 25, 19, 11, 6, 1]",53,1
800,2026-01-17T09:29:56.0,2026-01-19T15:07:41.531,"Any[64, 53, 45, 37, 30, 25, 19, 13, 8]",64,8
377,2026-01-17T09:59:35.0,2026-01-12T15:37:20.531,"Any[10, 19, 25, 30, 37, 45]",10,45
884,2026-01-17T09:59:35.0,2026-01-19T15:37:20.531,"Any[10, 19, 25, 30, 37, 45]",10,45
1443,2026-01-17T09:59:35.0,2026-01-12T15:37:20.531,"Any[10, 19, 25, 30, 37, 45]",10,45
115,2026-01-17T10:13:18.0,2026-01-19T15:51:03.531,"Any[6, 11, 19, 25, 30, 37, 45, 56]",6,56
1415,2026-01-17T10:57:24.0,2026-01-19T16:35:09.531,"Any[19, 25, 30, 37, 45, 56, 60]",19,60
512,2026-01-17T11:08:33.027,2026-01-12T16:46:18.558,"Any[62, 45, 37, 30, 25, 19]",62,19
515,2026-01-17T11:08:33.027,2026-01-12T16:46:18.558,"Any[62, 45, 37, 30, 25, 19]",62,19
1148,2026-01-17T11:14:26.0,2026-01-19T16:52:11.531,"Any[53, 45, 37, 30, 25, 19, 11, 6, 1]",53,1
604,2026-01-17T11:18:38.0,2026-01-19T16:56:23.531,"Any[53, 45, 37, 30, 25, 19, 10]",53,10
36,2026-01-17T11:30:39.0,2026-01-12T17:08:24.531,"Any[6, 11, 19, 25, 30, 37, 45, 56]",6,56
358,2026-01-17T11:30:39.0,2026-01-19T17:08:24.531,"Any[6, 11, 19, 25, 30, 37, 45, 56]",6,56
1408,2026-01-17T11:32:05.0,2026-01-12T17:09:50.531,"Any[60, 53, 45, 37, 30, 25, 19, 10]",60,10
632,2026-01-17T11:38:18.0,2026-01-12T17:16:03.531,"Any[8, 13, 19, 25, 30, 37, 45, 56]",8,56
152,2026-01-17T12:06:17.0,2026-01-19T17:44:02.531,"Any[56, 45, 37, 30, 25]",56,25
669,2026-01-17T12:06:17.0,2026-01-19T17:44:02.531,"Any[56, 45, 37, 30, 25]",56,25
1206,2026-01-17T12:06:17.0,2026-01-19T17:44:02.531,"Any[56, 45, 37, 30, 25]",56,25
1341,2026-01-17T12:08:01.0,2026-01-12T17:45:46.531,"Any[53, 45, 37, 30, 25, 19, 10]",53,10
287,2026-01-17T12:15:39.0,2026-01-12T17:53:24.531,"Any[53, 45, 37, 30, 25, 19, 11, 6]",53,6
1057,2026-01-17T12:27:50.646,2026-01-19T18:05:36.177,"Any[64, 60, 56, 45, 37, 30, 25]",64,25
1166,2026-01-17T13:10:57.0,2026-01-19T18:48:42.531,"Any[10, 19, 25, 30, 37, 45, 53]",10,53
1461,2026-01-17T13:20:47.0,2026-01-19T18:58:32.531,"Any[56, 45, 37, 30, 25, 19, 11, 6]",56,6
613,2026-01-17T13:21:28.0,2026-01-12T18:59:13.531,"Any[8, 13, 19, 25, 30, 37, 45, 53]",8,53
375,2026-01-17T13:48:30.0,2026-01-12T19:26:15.531,"Any[56, 45, 37, 30, 25, 19, 10]",56,10
392,2026-01-17T13:48:30.0,2026-01-19T19:26:15.531,"Any[56, 45, 37, 30, 25, 19, 10]",56,10
1489,2026-01-17T13:48:30.0,2026-01-12T19:26:15.531,"Any[56, 45, 37, 30, 25, 19, 10]",56,10
18,2026-01-17T13:50:47.0,2026-01-12T19:28:32.531,"Any[7, 8, 13, 19, 25, 30, 37, 45, 53, 60]",7,60
574,2026-01-17T13:50:47.0,2026-01-12T19:28:32.531,"Any[7, 8, 13, 19, 25, 30, 37, 45, 53, 60]",7,60
585,2026-01-17T13:50:47.0,2026-01-12T19:28:32.531,"Any[7, 8, 13, 19, 25, 30, 37, 45, 53, 60]",7,60
103,2026-01-17T14:19:06.0,2026-01-19T19:56:51.531,"Any[53, 45, 37, 30, 25, 19, 13, 8]",53,8
1107,2026-01-17T14:44:08.0,2026-01-19T20:21:53.531,"Any[7, 8, 13, 19, 25, 30, 37, 45, 53]",7,53
1427,2026-01-17T14:44:08.0,2026-01-19T20:21:53.531,"Any[7, 8, 13, 19, 25, 30, 37, 45, 53]",7,53
1135,2026-01-17T15:00:01.0,2026-01-12T20:37:46.531,"Any[56, 45, 37, 30, 25, 19, 11, 6, 1]",56,1
69,2026-01-17T15:08:57.0,2026-01-12T20:46:42.531,"Any[56, 45, 37, 30, 25, 19, 13, 8]",56,8
1236,2026-01-17T15:08:57.0,2026-01-19T20:46:42.531,"Any[56, 45, 37, 30, 25, 19, 13, 8]",56,8
345,2026-01-17T15:11:23.329,2026-01-12T20:49:08.86,"Any[45, 37, 30, 25, 19, 13, 8]",45,8
1023,2026-01-17T15:11:50.0,2026-01-12T20:49:35.531,"Any[10, 19, 25, 30, 37, 45, 53]",10,53
1008,2026-01-17T15:15:07.066,2026-01-19T20:52:52.597,"Any[64, 60, 53, 45, 37, 30, 25, 19, 13, 8]",64,8
955,2026-01-17T15:30:00.0,2026-01-12T21:07:45.531,"Any[16, 19, 25, 30, 37, 45, 53]",16,53
333,2026-01-17T15:35:15.0,2026-01-19T21:13:00.531,"Any[6, 11, 19, 25, 30, 37, 45]",6,45
471,2026-01-17T15:35:15.0,2026-01-12T21:13:00.531,"Any[6, 11, 19, 25, 30, 37, 45]",6,45
729,2026-01-17T15:49:49.313,2026-01-12T21:27:34.844,"Any[64, 60, 53, 45, 37, 30, 25, 19, 10]",64,10
938,2026-01-17T15:58:54.0,2026-01-12T21:36:39.531,"Any[19, 25, 30, 37, 45, 53]",19,53
138,2026-01-17T16:14:11.0,2026-01-19T21:51:56.531,"Any[6, 11, 19, 25, 30, 37, 45]",6,45
684,2026-01-17T16:36:02.0,2026-01-19T22:13:47.531,"Any[1, 6, 11, 19, 25, 30, 37, 45, 56, 60]",1,60
1153,2026-01-17T17:09:17.0,2026-01-12T22:47:02.531,"Any[6, 11, 19, 25, 30, 37, 45, 56]",6,56
1442,2026-01-17T17:09:22.0,2026-01-12T22:47:07.531,"Any[8, 13, 19, 25, 30, 37, 45, 56]",8,56
1232,2026-01-17T17:19:05.0,2026-01-19T22:56:50.531,"Any[7, 8, 13, 19, 25, 30, 37, 45, 53]",7,53
1478,2026-01-17T17:29:18.0,2026-01-12T23:07:03.531,"Any[56, 45, 37, 30, 25]",56,25
3,2026-01-17T18:01:49.0,2026-01-19T23:39:34.531,"Any[8, 13, 19, 25, 30, 37, 45, 56]",8,56
1012,2026-01-17T18:09:41.0,2026-01-12T23:47:26.531,"Any[7, 8, 13, 19, 25, 30, 37, 45, 56]",7,56
273,2026-01-17T18:32:54.0,2026-01-13T00:10:39.531,"Any[56, 45, 37, 30, 25, 19]",56,19
1514,2026-01-17T18:35:31.0,2026-01-13T00:13:16.531,"Any[60, 53, 45, 37, 30, 25, 19, 10]",60,10
128,2026-01-17T19:19:52.0,2026-01-13T00:57:37.531,"Any[13, 19, 25, 30, 37, 45, 56]",13,56
535,2026-01-17T19:48:50.0,2026-01-20T01:26:35.531,"Any[53, 45, 37, 30, 25, 19, 11, 6, 1]",53,1
875,2026-01-17T19:48:50.0,2026-01-13T01:26:35.531,"Any[53, 45, 37, 30, 25, 19, 11, 6, 1]",53,1
782,2026-01-17T20:01:33.854,2026-01-20T01:39:19.385,"Any[56, 45, 37, 30, 25, 19, 10]",56,10
798,2026-01-17T20:14:27.0,2026-01-13T01:52:12.531,"Any[10, 19, 25, 30, 37, 45, 53]",10,53
595,2026-01-17T20:22:11.0,2026-01-13T01:59:56.531,"Any[16, 17, 25, 30, 37, 45, 53]",16,53
63,2026-01-17T20:31:48.0,2026-01-20T02:09:33.531,"Any[1, 6, 11, 19, 25, 30, 37, 45, 56]",1,56
1385,2026-01-17T20:43:42.0,2026-01-20T02:21:27.531,"Any[10, 19, 25, 30, 37, 45, 53]",10,53
971,2026-01-17T21:05:46.386,2026-01-20T02:43:31.917,"Any[60, 56, 45, 37, 30, 25, 19, 11, 6]",60,6
724,2026-01-17T21:19:07.419,2026-01-13T02:56:52.95,"Any[56, 45, 37, 30, 25, 19, 13, 8]",56,8
44,2026-01-17T22:16:35.0,2026-01-20T03:54:20.531,"Any[8, 13, 19, 25, 30, 37, 45, 56]",8,56
205,2026-01-17T22:16:35.0,2026-01-13T03:54:20.531,"Any[8, 13, 19, 25, 30, 37, 45, 56]",8,56
528,2026-01-17T22:18:50.0,2026-01-20T03:56:35.531,"Any[8, 13, 19, 25, 30, 37, 45, 56]",8,56
162,2026-01-17T23:00:37.908,2026-01-20T04:38:23.439,"Any[8, 13, 19, 25, 30, 37, 45, 56]",8,56
476,2026-01-17T23:16:35.0,2026-01-20T04:54:20.531,"Any[7, 8, 13, 19, 25, 30, 37, 45, 53, 60]",7,60
1094,2026-01-17T23:23:00.0,2026-01-13T05:00:45.531,"Any[8, 13, 19, 25, 30, 25, 30, 37, 45, 53]",8,53
872,2026-01-17T23:35:39.0,2026-01-20T05:13:24.531,"Any[8, 13, 19, 25, 30, 37, 45, 56]",8,56
962,2026-01-17T23:35:39.0,2026-01-20T05:13:24.531,"Any[8, 13, 19, 25, 30, 37, 45, 56]",8,56
80,2026-01-17T23:37:58.0,2026-01-20T05:15:43.531,"Any[60, 56, 45, 37, 30, 25, 19, 11, 6]",60,6
252,2026-01-17T23:37:58.0,2026-01-13T05:15:43.531,"Any[60, 56, 45, 37, 30, 25, 19, 11, 6]",60,6
718,2026-01-17T23:56:38.0,2026-01-20T05:34:23.531,"Any[19, 25, 30, 37, 45, 53]",19,53
841,2026-01-17T23:56:38.0,2026-01-13T05:34:23.531,"Any[19, 25, 30, 37, 45, 53]",19,53
957,2026-01-18T00:25:53.0,2026-01-20T06:03:38.531,"Any[7, 8, 13, 19, 25, 30, 37, 45, 53]",7,53
289,2026-01-18T00:43:18.0,2026-01-20T06:21:03.531,"Any[10, 19, 25, 30, 37, 45, 53]",10,53
466,2026-01-18T00:43:18.0,2026-01-13T06:21:03.531,"Any[10, 19, 25, 30, 37, 45, 53]",10,53
360,2026-01-18T01:19:49.0,2026-01-13T06:57:34.531,"Any[53, 45, 37, 30, 25]",53,25
1006,2026-01-18T01:19:49.0,2026-01-13T06:57:34.531,"Any[53, 45, 37, 30, 25]",53,25
291,2026-01-18T02:00:09.515,2026-01-13T07:37:55.046,"Any[53, 45, 37, 30, 25, 19, 11, 6]",53,6
1157,2026-01-18T02:00:09.515,2026-01-20T07:37:55.046,"Any[53, 45, 37, 30, 25, 19, 11, 6]",53,6
1479,2026-01-18T02:03:23.0,2026-01-13T07:41:08.531,"Any[8, 13, 19, 25, 30, 37, 45, 53]",8,53
363,2026-01-18T02:19:33.0,2026-01-20T07:57:18.531,"Any[64, 60, 53, 45, 37, 30, 25, 19, 13, 8]",64,8
234,2026-01-18T02:39:24.0,2026-01-13T08:17:09.531,"Any[64, 60, 53, 45, 37, 30, 25, 19, 13, 8]",64,8
390,2026-01-18T02:54:34.0,2026-01-20T08:32:19.531,"Any[19, 25, 30, 37, 45, 56]",19,56
441,2026-01-18T02:54:34.0,2026-01-20T08:32:19.531,"Any[19, 25, 30, 37, 45, 56]",19,56
564,2026-01-18T03:23:06.0,2026-01-13T09:00:51.531,"Any[60, 56, 45, 37, 30, 25, 19, 11, 6]",60,6
831,2026-01-18T03:26:03.0,2026-01-13T09:03:48.531,"Any[60, 56, 45, 37, 30, 25, 19, 13, 8]",60,8
200,2026-01-18T04:05:18.859,2026-01-20T09:43:04.39,"Any[53, 45, 37, 30, 25]",53,25
1138,2026-01-18T04:37:24.0,2026-01-20T10:15:09.531,"Any[17, 16, 17, 25, 30, 37, 45, 53, 60]",17,60
446,2026-01-18T04:41:05.748,2026-01-13T10:18:51.279,"Any[60, 53, 45, 37, 30, 25, 19, 11, 6]",60,6
123,2026-01-18T05:25:14.062,2026-01-20T11:02:59.593,"Any[1, 6, 10, 19, 23, 36, 44, 54, 60]",1,60
746,2026-01-18T05:39:54.0,2026-01-13T11:17:39.531,"Any[56, 45, 37, 30, 25]",56,25
578,2026-01-18T05:47:39.0,2026-01-13T11:25:24.531,"Any[3, 10, 19, 25, 30, 37, 45, 53]",3,53
5,2026-01-18T05:49:45.0,2026-01-13T11:27:30.531,"Any[17, 25, 30, 37, 45, 53]",17,53
499,2026-01-18T05:49:45.0,2026-01-20T11:27:30.531,"Any[17, 25, 30, 37, 45, 53]",17,53
190,2026-01-18T07:10:09.0,2026-01-13T12:47:54.531,"Any[45, 37, 30, 25]",45,25
394,2026-01-18T07:10:09.0,2026-01-20T12:47:54.531,"Any[45, 37, 30, 25]",45,25
889,2026-01-18T07:10:09.0,2026-01-13T12:47:54.531,"Any[45, 37, 30, 25]",45,25
588,2026-01-18T07:20:06.0,2026-01-13T12:57:51.531,"Any[60, 53, 45, 37, 30, 25, 19, 11, 6, 1]",60,1
1142,2026-01-18T07:20:06.0,2026-01-20T12:57:51.531,"Any[60, 53, 45, 37, 30, 25, 19, 11, 6, 1]",60,1
543,2026-01-18T08:06:20.0,2026-01-20T13:44:05.531,"Any[7, 8, 13, 19, 25, 30, 37, 45, 53]",7,53
1357,2026-01-18T08:06:20.0,2026-01-13T13:44:05.531,"Any[7, 8, 13, 19, 25, 30, 37, 45, 53]",7,53
702,2026-01-18T08:10:34.0,2026-01-20T13:48:19.531,"Any[53, 45, 37, 30, 25, 19, 13, 8]",53,8
902,2026-01-18T08:11:09.0,2026-01-13T13:48:54.531,"Any[60, 56, 45, 37, 30, 25, 19, 11, 6, 1]",60,1
228,2026-01-18T08:31:27.012,2026-01-13T14:09:12.543,"Any[6, 11, 19, 25, 30, 37, 45, 56]",6,56
803,2026-01-18T08:58:09.0,2026-01-20T14:35:54.531,"Any[64, 60, 56, 45, 37, 30, 25, 19, 10]",64,10
1428,2026-01-18T09:08:40.0,2026-01-20T14:46:25.531,"Any[53, 45, 37, 30, 25, 19, 10]",53,10
1367,2026-01-18T09:38:45.0,2026-01-20T15:16:30.531,"Any[56, 45, 37, 30, 25, 19, 20]",56,20
1038,2026-01-18T10:43:13.0,2026-01-13T16:20:58.531,"Any[10, 19, 25, 30, 37, 45, 53]",10,53
1589,2026-01-18T10:43:13.0,2026-01-20T16:20:58.531,"Any[10, 19, 25, 30, 37, 45, 53]",10,53
641,2026-01-18T10:51:46.637,2026-01-13T16:29:32.168,"Any[25, 30, 37, 45, 56, 60]",25,60
182,2026-01-18T11:23:41.0,2026-01-20T17:01:26.531,"Any[53, 45, 37, 30, 25]",53,25
319,2026-01-18T11:37:41.891,2026-01-13T17:15:27.422,"Any[19, 25, 30, 37, 45]",19,45
615,2026-01-18T11:37:41.891,2026-01-13T17:15:27.422,"Any[19, 25, 30, 37, 45]",19,45
648,2026-01-18T11:37:41.891,2026-01-20T17:15:27.422,"Any[19, 25, 30, 37, 45]",19,45
657,2026-01-18T11:45:41.0,2026-01-13T17:23:26.531,"Any[53, 45, 37, 30, 25, 19, 13, 8]",53,8
31,2026-01-18T11:52:41.0,2026-01-20T17:30:26.531,"Any[56, 45, 37, 30, 25]",56,25
300,2026-01-18T12:11:25.0,2026-01-13T17:49:10.531,"Any[56, 45, 37, 30, 25, 19, 13, 8]",56,8
518,2026-01-18T12:34:09.0,2026-01-13T18:11:54.531,"Any[56, 45, 37, 30, 25]",56,25
1215,2026-01-18T12:34:28.0,2026-01-20T18:12:13.531,"Any[60, 53, 45, 37, 30, 25, 19, 11, 6, 1]",60,1
948,2026-01-18T12:44:43.0,2026-01-20T18:22:28.531,"Any[7, 8, 13, 19, 25, 30, 37, 45, 53]",7,53
211,2026-01-18T13:23:19.0,2026-01-20T19:01:04.531,"Any[54, 44, 36, 23, 19, 11, 6, 6]",54,6
728,2026-01-18T13:23:19.0,2026-01-20T19:01:04.531,"Any[54, 44, 36, 23, 19, 11, 6, 6]",54,6
145,2026-01-18T13:27:56.163,2026-01-13T19:05:41.694,"Any[19, 25, 30, 37, 45]",19,45
175,2026-01-18T13:49:56.0,2026-01-20T19:27:41.531,"Any[60, 53, 45, 37, 30, 25]",60,25
1488,2026-01-18T13:59:40.0,2026-01-20T19:37:25.531,"Any[1, 6, 11, 19, 25, 30, 37, 45, 56, 60]",1,60
517,2026-01-18T14:03:05.0,2026-01-13T19:40:50.531,"Any[8, 13, 19, 25, 30, 37, 45]",8,45
601,2026-01-18T14:10:30.413,2026-01-13T19:48:15.944,"Any[60, 53, 45, 37, 30, 25, 19, 11, 6, 1]",60,1
354,2026-01-18T14:10:52.0,2026-01-20T19:48:37.531,"Any[25, 30, 37, 45]",25,45
1513,2026-01-18T14:24:33.0,2026-01-20T20:02:18.531,"Any[60, 53, 45, 37, 30, 25, 19, 10]",60,10
277,2026-01-18T14:39:47.0,2026-01-20T20:17:32.531,"Any[53, 45, 37, 30, 25, 19, 11, 6]",53,6
265,2026-01-18T15:14:17.092,2026-01-20T20:52:02.623,"Any[56, 45, 37, 30, 25, 19, 13, 8]",56,8
1448,2026-01-18T15:34:07.0,2026-01-13T21:11:52.531,"Any[60, 53, 45, 37, 30, 25, 19, 13, 8]",60,8
404,2026-01-18T15:59:59.11,2026-01-20T21:37:44.641,"Any[64, 60, 56, 45, 37, 30, 25, 19, 11, 10]",64,10
1381,2026-01-18T16:17:09.0,2026-01-20T21:54:54.531,"Any[19, 25, 30, 37, 45, 53, 60]",19,60
843,2026-01-18T16:31:29.0,2026-01-13T22:09:14.531,"Any[7, 8, 13, 19, 25, 30, 37, 45, 56, 60, 64]",7,64
653,2026-01-18T17:32:47.482,2026-01-13T23:10:33.013,"Any[60, 56, 45, 37, 30, 25]",60,25
1271,2026-01-18T17:32:47.482,2026-01-20T23:10:33.013,"Any[60, 56, 45, 37, 30, 25]",60,25
281,2026-01-18T17:34:15.0,2026-01-20T23:12:00.531,"Any[7, 8, 13, 19, 25, 30, 37, 45, 53]",7,53
1005,2026-01-18T17:34:15.0,2026-01-20T23:12:00.531,"Any[7, 8, 13, 19, 25, 30, 37, 45, 53]",7,53
1379,2026-01-18T17:54:05.0,2026-01-13T23:31:50.531,"Any[8, 13, 19, 25, 30, 37, 45, 53]",8,53
1576,2026-01-18T19:16:20.0,2026-01-21T00:54:05.531,"Any[10, 19, 25, 30, 37, 45, 53]",10,53
750,2026-01-18T19:30:18.0,2026-01-14T01:08:03.531,"Any[60, 56, 45, 37, 30, 25, 19, 11, 6]",60,6
1160,2026-01-18T19:30:18.0,2026-01-21T01:08:03.531,"Any[60, 56, 45, 37, 30, 25, 19, 11, 6]",60,6
1011,2026-01-18T19:47:45.023,2026-01-21T01:25:30.554,"Any[53, 45, 37, 30, 25, 19, 10]",53,10
1040,2026-01-18T19:55:51.0,2026-01-14T01:33:36.531,"Any[53, 45, 37, 30, 25, 19, 10]",53,10
1364,2026-01-18T19:55:51.0,2026-01-14T01:33:36.531,"Any[53, 45, 37, 30, 25, 19, 10]",53,10
102,2026-01-18T20:05:02.0,2026-01-21T01:42:47.531,"Any[10, 19, 25, 30, 37, 45, 53]",10,53
7,2026-01-18T20:24:20.0,2026-01-14T02:02:05.531,"Any[56, 45, 37, 30, 25, 19, 11, 6, 1, 1]",56,1
827,2026-01-18T20:24:20.0,2026-01-14T02:02:05.531,"Any[56, 45, 37, 30, 25, 19, 11, 6, 1, 1]",56,1
1087,2026-01-18T20:34:05.0,2026-01-21T02:11:50.531,"Any[8, 13, 19, 25, 30, 37, 45, 56]",8,56
1155,2026-01-18T20:57:25.0,2026-01-14T02:35:10.531,"Any[53, 45, 37, 30, 25]",53,25
1300,2026-01-18T20:57:25.0,2026-01-21T02:35:10.531,"Any[53, 45, 37, 30, 25]",53,25
132,2026-01-18T21:02:52.0,2026-01-21T02:40:37.531,"Any[7, 8, 13, 19, 25, 30, 37, 45, 53]",7,53
101,2026-01-18T21:48:50.472,2026-01-21T03:26:36.003,"Any[2, 9, 21, 27, 31, 36, 45, 55]",2,55
236,2026-01-18T21:48:50.472,2026-01-14T03:26:36.003,"Any[2, 9, 21, 27, 31, 36, 45, 55]",2,55
1064,2026-01-18T21:48:50.472,2026-01-14T03:26:36.003,"Any[2, 9, 21, 27, 31, 36, 45, 55]",2,55
51,2026-01-18T21:50:49.0,2026-01-14T03:28:34.531,"Any[53, 45, 37, 30, 25]",53,25
1435,2026-01-18T22:01:26.941,2026-01-14T03:39:12.472,"Any[60, 56, 45, 37, 30, 25, 19]",60,19
1349,2026-01-18T22:41:36.259,2026-01-21T04:19:21.79,"Any[56, 45, 37, 30, 25, 19, 11, 6]",56,6
97,2026-01-18T22:59:33.018,2026-01-21T04:37:18.549,"Any[60, 56, 45, 37, 30, 25, 19, 11, 6]",60,6
130,2026-01-18T23:02:14.0,2026-01-14T04:39:59.531,"Any[53, 45, 37, 30, 25, 19, 10]",53,10
1382,2026-01-18T23:34:15.0,2026-01-14T05:12:00.531,"Any[56, 45, 37, 30, 25, 19, 11, 6]",56,6
924,2026-01-18T23:42:58.0,2026-01-21T05:20:43.531,"Any[53, 45, 37, 30, 25, 19, 13, 8]",53,8
682,2026-01-18T23:44:03.0,2026-01-14T05:21:48.531,"Any[53, 45, 37, 30, 25]",53,25
1031,2026-01-18T23:44:03.0,2026-01-14T05:21:48.531,"Any[53, 45, 37, 30, 25]",53,25
288,2026-01-18T23:44:35.0,2026-01-14T05:22:20.531,"Any[60, 56, 45, 37, 30, 25, 19, 13, 8]",60,8
773,2026-01-18T23:56:39.0,2026-01-14T05:34:24.531,"Any[53, 45, 37, 30, 25, 19, 11, 6, 1]",53,1
805,2026-01-18T23:59:30.0,2026-01-14T05:37:15.531,"Any[45, 37, 30, 25]",45,25
