id,departure_timestamp,arrival_timestamp,ps_seq,Origin_PS,Destination_PS
56,2026-01-07T07:06:40.0,2026-01-23T12:44:25.531,"Any[7, 8, 13, 19, 25, 30, 37, 45, 53]",7,53
61,2026-01-07T07:06:40.0,2026-01-30T12:44:25.531,"Any[7, 8, 13, 19, 25, 30, 37, 45]",7,45
81,2026-01-07T07:06:40.0,2026-01-23T12:44:25.531,"Any[10, 19, 25, 30, 37, 45, 53, 60]",10,60
83,2026-01-07T07:06:40.0,2026-01-09T12:44:25.531,"Any[1, 6, 11, 19, 30, 37, 45, 56]",1,56
88,2026-01-07T07:06:40.0,2026-01-16T12:44:25.531,"Any[26, 31, 36, 44]",26,44
92,2026-01-07T07:06:40.0,2026-01-23T12:44:25.531,"Any[53, 45, 37, 30, 25, 19, 11, 6, 1]",53,1
109,2026-01-07T07:06:40.0,2026-01-16T12:44:25.531,"Any[10, 19, 25, 30, 37, 45, 53, 60]",10,60
117,2026-01-07T07:06:40.0,2026-01-23T12:44:25.531,"Any[10, 19, 25, 30, 37, 45, 53, 60]",10,60
124,2026-01-07T07:06:40.0,2026-01-23T12:44:25.531,"Any[1, 6, 11, 19, 23, 28, 36, 44, 54, 60]",1,60
130,2026-01-07T07:06:40.0,2026-01-23T12:44:25.531,"Any[1, 6, 11, 19, 23, 28, 36, 44, 60]",1,60
208,2026-01-07T07:06:40.0,2026-01-09T12:44:25.531,"Any[1, 6, 11, 19, 23, 36, 44, 54, 60]",1,60
218,2026-01-07T07:06:40.0,2026-01-16T12:44:25.531,"Any[7, 8, 13, 19, 25, 30, 37, 45, 53]",7,53
222,2026-01-07T07:06:40.0,2026-01-16T12:44:25.531,"Any[1, 6, 11, 19, 25, 30, 37, 45, 56]",1,56
238,2026-01-07T07:06:40.0,2026-01-30T12:44:25.531,"Any[53, 45, 37, 30, 25, 19, 10]",53,10
264,2026-01-07T07:06:40.0,2026-01-16T12:44:25.531,"Any[53, 45, 37, 30, 25, 19, 10]",53,10
290,2026-01-07T07:06:40.0,2026-01-23T12:44:25.531,"Any[53, 45, 37, 30, 25, 19, 11, 6, 1]",53,1
305,2026-01-07T07:06:40.0,2026-01-09T12:44:25.531,"Any[53, 45, 37, 30, 25, 19, 10]",53,10
350,2026-01-07T07:06:40.0,2026-01-16T12:44:25.531,"Any[53, 45, 37, 30, 25, 19, 10]",53,10
383,2026-01-07T07:06:40.0,2026-01-23T12:44:25.531,"Any[7, 8, 13, 19, 25, 30, 37, 45, 53]",7,53
384,2026-01-07T07:06:40.0,2026-01-16T12:44:25.531,"Any[26, 31, 36, 44, 54]",26,54
386,2026-01-07T07:06:40.0,2026-01-23T12:44:25.531,"Any[7, 8, 13, 19, 25, 30, 37, 45]",7,45
391,2026-01-07T07:06:40.0,2026-01-23T12:44:25.531,"Any[53, 45, 37, 30, 25, 19, 10]",53,10
428,2026-01-07T07:06:40.0,2026-01-16T12:44:25.531,"Any[53, 45, 37, 30, 25, 19, 11, 6, 1]",53,1
478,2026-01-07T07:06:40.0,2026-01-30T12:44:25.531,"Any[53, 45, 37, 30, 25, 19, 11, 6, 1]",53,1
507,2026-01-07T07:06:40.0,2026-01-23T12:44:25.531,"Any[10, 19, 25, 30, 37, 45, 53, 60]",10,60
523,2026-01-07T07:06:40.0,2026-01-23T12:44:25.531,"Any[53, 45, 37, 30, 25, 19, 10]",53,10
530,2026-01-07T07:06:40.0,2026-01-30T12:44:25.531,"Any[53, 45, 37, 30, 25, 19, 10]",53,10
544,2026-01-07T07:06:40.0,2026-01-30T12:44:25.531,"Any[53, 45, 37, 30, 25, 19, 10]",53,10
546,2026-01-07T07:06:40.0,2026-01-30T12:44:25.531,"Any[53, 45, 37, 30, 25, 19, 10]",53,10
556,2026-01-07T07:06:40.0,2026-01-30T12:44:25.531,"Any[1, 6, 11, 19, 23, 28, 36, 44, 60]",1,60
567,2026-01-07T07:06:40.0,2026-01-30T12:44:25.531,"Any[53, 45, 37, 30, 25, 19, 10]",53,10
579,2026-01-07T07:06:40.0,2026-01-23T12:44:25.531,"Any[45, 37, 30, 25, 19, 10]",45,10
591,2026-01-07T07:06:40.0,2026-01-16T12:44:25.531,"Any[7, 8, 13, 19, 25, 30, 37, 45, 53]",7,53
620,2026-01-07T07:06:40.0,2026-01-16T12:44:25.531,"Any[53, 45, 37, 30, 25, 19, 10]",53,10
625,2026-01-07T07:06:40.0,2026-01-23T12:44:25.531,"Any[10, 19, 25, 30, 37, 45, 53, 60]",10,60
643,2026-01-07T07:06:40.0,2026-01-09T12:44:25.531,"Any[5, 6, 11, 25, 30, 37, 45]",5,45
648,2026-01-07T07:06:40.0,2026-01-23T12:44:25.531,"Any[1, 6, 11, 19, 23, 28, 36, 44, 60]",1,60
651,2026-01-07T07:06:40.0,2026-01-09T12:44:25.531,"Any[7, 8, 13, 19, 25, 30, 37, 45, 53]",7,53
665,2026-01-07T07:06:40.0,2026-01-09T12:44:25.531,"Any[7, 8, 13, 19, 25, 30, 37, 45, 53]",7,53
669,2026-01-07T07:06:40.0,2026-01-16T12:44:25.531,"Any[1, 6, 11, 19, 25, 30, 37, 45, 56]",1,56
697,2026-01-07T07:06:40.0,2026-01-16T12:44:25.531,"Any[1, 6, 11, 16, 25, 30, 37, 45, 56]",1,56
740,2026-01-07T07:06:40.0,2026-01-09T12:44:25.531,"Any[26, 31, 36, 44]",26,44
756,2026-01-07T07:06:40.0,2026-01-09T12:44:25.531,"Any[1, 6, 10, 19, 23, 36, 44, 54, 60]",1,60
783,2026-01-07T07:06:40.0,2026-01-16T12:44:25.531,"Any[26, 31, 36, 44, 54]",26,54
843,2026-01-07T07:06:40.0,2026-01-09T12:44:25.531,"Any[26, 31, 36, 44]",26,44
847,2026-01-07T07:06:40.0,2026-01-09T12:44:25.531,"Any[5, 6, 11, 25, 30, 37, 45]",5,45
870,2026-01-07T07:06:40.0,2026-01-30T12:44:25.531,"Any[7, 8, 13, 19, 25, 30, 37, 45, 53]",7,53
888,2026-01-07T07:06:40.0,2026-01-09T12:44:25.531,"Any[45, 37, 30, 25, 19, 10]",45,10
910,2026-01-07T07:06:40.0,2026-01-30T12:44:25.531,"Any[53, 45, 37, 30, 25, 19, 10]",53,10
954,2026-01-07T07:06:40.0,2026-01-23T12:44:25.531,"Any[53, 45, 37, 30, 25, 19, 11, 6, 1]",53,1
959,2026-01-07T07:06:40.0,2026-01-16T12:44:25.531,"Any[53, 45, 37, 30, 25, 19, 10]",53,10
976,2026-01-07T07:06:40.0,2026-01-09T12:44:25.531,"Any[53, 45, 37, 30, 25, 19, 10]",53,10
982,2026-01-07T07:06:40.0,2026-01-16T12:44:25.531,"Any[7, 8, 13, 19, 25, 30, 37, 45, 53]",7,53
983,2026-01-07T07:06:40.0,2026-01-30T12:44:25.531,"Any[53, 45, 37, 30, 25, 19, 11, 6, 1]",53,1
991,2026-01-07T07:06:40.0,2026-01-30T12:44:25.531,"Any[10, 25, 30, 37, 45, 53, 60]",10,60
1000,2026-01-07T07:06:40.0,2026-01-16T12:44:25.531,"Any[7, 8, 13, 19, 25, 30, 37, 45, 53, 60]",7,60
1040,2026-01-07T07:06:40.0,2026-01-30T12:44:25.531,"Any[1, 6, 11, 19, 23, 36, 44, 54, 60]",1,60
1152,2026-01-07T07:06:40.0,2026-01-30T12:44:25.531,"Any[56, 45, 37, 30, 25, 19, 10]",56,10
1178,2026-01-07T07:06:40.0,2026-01-30T12:44:25.531,"Any[53, 45, 37, 30, 25, 19, 10]",53,10
1226,2026-01-07T07:06:40.0,2026-01-16T12:44:25.531,"Any[53, 45, 37, 30, 25, 19, 10]",53,10
1230,2026-01-07T07:06:40.0,2026-01-16T12:44:25.531,"Any[10, 19, 25, 30, 37, 45, 53, 60]",10,60
1238,2026-01-07T07:06:40.0,2026-01-16T12:44:25.531,"Any[7, 8, 13, 19, 25, 30, 37, 45, 53]",7,53
1301,2026-01-07T07:06:40.0,2026-01-30T12:44:25.531,"Any[7, 8, 13, 19, 25, 30, 37, 45, 53, 60]",7,60
1306,2026-01-07T07:06:40.0,2026-01-16T12:44:25.531,"Any[45, 37, 30, 25, 19, 10]",45,10
1329,2026-01-07T07:06:40.0,2026-01-23T12:44:25.531,"Any[10, 19, 25, 30, 37, 45, 53, 60]",10,60
1341,2026-01-07T07:06:40.0,2026-01-16T12:44:25.531,"Any[53, 45, 37, 30, 25, 19, 10]",53,10
1351,2026-01-07T07:06:40.0,2026-01-23T12:44:25.531,"Any[53, 45, 37, 30, 25, 19, 10]",53,10
1354,2026-01-07T07:06:40.0,2026-01-30T12:44:25.531,"Any[26, 31, 36, 44, 54]",26,54
1366,2026-01-07T07:06:40.0,2026-01-16T12:44:25.531,"Any[53, 45, 37, 30, 25, 19, 10]",53,10
1389,2026-01-07T07:06:40.0,2026-01-30T12:44:25.531,"Any[53, 45, 37, 30, 25, 19, 10]",53,10
1405,2026-01-07T07:06:40.0,2026-01-16T12:44:25.531,"Any[53, 45, 37, 30, 25, 19, 10]",53,10
1421,2026-01-07T07:06:40.0,2026-01-23T12:44:25.531,"Any[26, 31, 36, 44, 54]",26,54
1449,2026-01-07T07:06:40.0,2026-01-30T12:44:25.531,"Any[53, 45, 37, 30, 25, 19, 10]",53,10
1466,2026-01-07T07:06:40.0,2026-01-09T12:44:25.531,"Any[7, 8, 13, 19, 25, 30, 37, 45, 53]",7,53
1469,2026-01-07T07:06:40.0,2026-01-09T12:44:25.531,"Any[26, 31, 36, 44, 54]",26,54
1474,2026-01-07T07:06:40.0,2026-01-23T12:44:25.531,"Any[26, 31, 36, 44, 54]",26,54
1501,2026-01-07T07:06:40.0,2026-01-23T12:44:25.531,"Any[1, 6, 11, 19, 25, 30, 37, 45, 56]",1,56
1503,2026-01-07T07:06:40.0,2026-01-16T12:44:25.531,"Any[7, 8, 13, 19, 25, 30, 37, 45, 53]",7,53
1504,2026-01-07T07:06:40.0,2026-01-16T12:44:25.531,"Any[1, 6, 11, 19, 25, 30, 37, 45, 56]",1,56
1521,2026-01-07T07:06:40.0,2026-01-16T12:44:25.531,"Any[53, 45, 37, 30, 25, 19, 10]",53,10
1522,2026-01-07T07:06:40.0,2026-01-23T12:44:25.531,"Any[10, 19, 25, 30, 37, 45, 53, 60]",10,60
1524,2026-01-07T07:06:40.0,2026-01-30T12:44:25.531,"Any[53, 45, 37, 30, 25, 19, 10]",53,10
1544,2026-01-07T07:06:40.0,2026-01-09T12:44:25.531,"Any[53, 45, 37, 30, 25, 19, 11, 6, 1]",53,1
1550,2026-01-07T07:06:40.0,2026-01-09T12:44:25.531,"Any[10, 19, 25, 30, 37, 45, 53, 60]",10,60
1558,2026-01-07T07:06:40.0,2026-01-16T12:44:25.531,"Any[53, 45, 37, 30, 25, 19, 10]",53,10
1566,2026-01-07T07:06:40.0,2026-01-30T12:44:25.531,"Any[53, 45, 37, 30, 25, 19, 11, 6, 1]",53,1
1570,2026-01-07T07:06:40.0,2026-01-30T12:44:25.531,"Any[53, 45, 37, 30, 25, 19, 10]",53,10
1583,2026-01-07T07:06:40.0,2026-01-23T12:44:25.531,"Any[1, 6, 11, 19, 23, 28, 36, 44, 54, 60]",1,60
1622,2026-01-07T07:06:40.0,2026-01-23T12:44:25.531,"Any[53, 45, 37, 30, 25, 19, 10]",53,10
1642,2026-01-07T07:06:40.0,2026-01-16T12:44:25.531,"Any[53, 45, 37, 30, 25, 19, 10]",53,10
1660,2026-01-07T07:06:40.0,2026-01-30T12:44:25.531,"Any[10, 19, 25, 30, 37, 45, 53, 60]",10,60
1661,2026-01-07T07:06:40.0,2026-01-30T12:44:25.531,"Any[7, 8, 13, 19, 25, 30, 37, 45, 53]",7,53
1664,2026-01-07T07:06:40.0,2026-01-09T12:44:25.531,"Any[1, 6, 11, 19, 23, 36, 44, 54, 60]",1,60
1684,2026-01-07T07:06:40.0,2026-01-09T12:44:25.531,"Any[7, 8, 13, 19, 25, 30, 37, 45, 53]",7,53
1708,2026-01-07T07:06:40.0,2026-01-30T12:44:25.531,"Any[60, 53, 45, 37, 30, 25, 19, 10]",60,10
1726,2026-01-07T07:06:40.0,2026-01-23T12:44:25.531,"Any[7, 8, 13, 19, 25, 30, 37, 45, 53]",7,53
1741,2026-01-07T07:06:40.0,2026-01-30T12:44:25.531,"Any[45, 37, 30, 25, 19, 10]",45,10
1747,2026-01-07T07:06:40.0,2026-01-09T12:44:25.531,"Any[10, 25, 30, 37, 45, 53, 60]",10,60
1758,2026-01-07T07:06:40.0,2026-01-23T12:44:25.531,"Any[53, 45, 37, 30, 25, 19, 10]",53,10
1800,2026-01-07T07:06:40.0,2026-01-30T12:44:25.531,"Any[10, 19, 25, 30, 37, 45, 53, 60]",10,60
2739,2026-01-07T07:06:40.0,2026-01-09T12:44:25.531,"Any[26, 31, 36, 44, 54]",26,54
2747,2026-01-07T07:06:40.0,2026-01-30T12:44:25.531,"Any[26, 31, 36, 44, 54]",26,54
2757,2026-01-07T07:06:40.0,2026-01-09T12:44:25.531,"Any[26, 31, 36, 44, 54]",26,54
2776,2026-01-07T07:06:40.0,2026-01-23T12:44:25.531,"Any[26, 31, 36, 44, 54]",26,54
2777,2026-01-07T07:06:40.0,2026-01-16T12:44:25.531,"Any[26, 31, 36, 44, 54]",26,54
2814,2026-01-07T07:06:40.0,2026-01-09T12:44:25.531,"Any[26, 31, 36, 44, 54]",26,54
2817,2026-01-07T07:06:40.0,2026-01-23T12:44:25.531,"Any[26, 31, 36, 44, 54]",26,54
2845,2026-01-07T07:06:40.0,2026-01-09T12:44:25.531,"Any[26, 31, 36, 44, 54]",26,54
2853,2026-01-07T07:06:40.0,2026-01-09T12:44:25.531,"Any[26, 31, 36, 44, 54]",26,54
2878,2026-01-07T07:06:40.0,2026-01-09T12:44:25.531,"Any[26, 31, 36, 44, 54]",26,54
2881,2026-01-07T07:06:40.0,2026-01-23T12:44:25.531,"Any[26, 31, 36, 44, 54]",26,54
2884,2026-01-07T07:06:40.0,2026-01-16T12:44:25.531,"Any[26, 31, 36, 44, 54]",26,54
2929,2026-01-07T07:06:40.0,2026-01-23T12:44:25.531,"Any[26, 31, 36, 44, 54]",26,54
2965,2026-01-07T07:06:40.0,2026-01-23T12:44:25.531,"Any[26, 31, 36, 44, 54]",26,54
2966,2026-01-07T07:06:40.0,2026-01-23T12:44:25.531,"Any[26, 31, 36, 44, 54]",26,54
2971,2026-01-07T07:06:40.0,2026-01-09T12:44:25.531,"Any[26, 31, 36, 44, 54]",26,54
3007,2026-01-07T07:06:40.0,2026-01-23T12:44:25.531,"Any[26, 31, 36, 44, 54]",26,54
3019,2026-01-07T07:06:40.0,2026-01-16T12:44:25.531,"Any[26, 31, 36, 44, 54]",26,54
3029,2026-01-07T07:06:40.0,2026-01-23T12:44:25.531,"Any[26, 31, 36, 44, 54]",26,54
3039,2026-01-07T07:06:40.0,2026-01-16T12:44:25.531,"Any[26, 31, 36, 44, 54]",26,54
3050,2026-01-07T07:06:40.0,2026-01-16T12:44:25.531,"Any[26, 31, 36, 44, 54]",26,54
3064,2026-01-07T07:06:40.0,2026-01-23T12:44:25.531,"Any[26, 31, 36, 44, 54]",26,54
3066,2026-01-07T07:06:40.0,2026-01-16T12:44:25.531,"Any[26, 31, 36, 44, 54]",26,54
3073,2026-01-07T07:06:40.0,2026-01-30T12:44:25.531,"Any[26, 31, 36, 44, 54]",26,54
3086,2026-01-07T07:06:40.0,2026-01-09T12:44:25.531,"Any[26, 31, 36, 44, 54]",26,54
3122,2026-01-07T07:06:40.0,2026-01-30T12:44:25.531,"Any[26, 31, 36, 44, 54]",26,54
3133,2026-01-07T07:06:40.0,2026-01-23T12:44:25.531,"Any[26, 31, 36, 44, 54]",26,54
3137,2026-01-07T07:06:40.0,2026-01-09T12:44:25.531,"Any[26, 31, 36, 44, 54]",26,54
3154,2026-01-07T07:06:40.0,2026-01-23T12:44:25.531,"Any[26, 31, 36, 44, 54]",26,54
3166,2026-01-07T07:06:40.0,2026-01-09T12:44:25.531,"Any[26, 31, 36, 44, 54]",26,54
3183,2026-01-07T07:06:40.0,2026-01-23T12:44:25.531,"Any[7, 8, 13, 19, 25, 30, 37, 45, 56]",7,56
2493,2026-01-07T07:08:00.0,2026-01-09T12:45:45.531,Any[],47,22
2416,2026-01-07T07:09:00.0,2026-01-16T12:46:45.531,Any[],47,22
2692,2026-01-07T07:18:00.0,2026-01-09T12:55:45.531,Any[],47,22
2161,2026-01-07T07:20:00.0,2026-01-16T12:57:45.531,Any[],54,26
2244,2026-01-07T07:28:00.0,2026-01-23T13:05:45.531,Any[],54,26
1862,2026-01-07T07:39:00.0,2026-01-16T13:16:45.531,Any[],54,26
2110,2026-01-07T07:46:00.0,2026-01-09T13:23:45.531,Any[],54,26
1940,2026-01-07T07:58:00.0,2026-01-16T13:35:45.531,Any[],54,26
2034,2026-01-07T07:58:00.0,2026-01-30T13:35:45.531,Any[],54,26
2519,2026-01-07T07:59:00.0,2026-01-23T13:36:45.531,Any[],47,22
2031,2026-01-07T13:02:00.0,2026-01-09T18:39:45.531,Any[],54,26
2256,2026-01-07T13:02:00.0,2026-01-16T18:39:45.531,Any[],54,26
2617,2026-01-07T13:02:00.0,2026-01-16T18:39:45.531,Any[],47,22
2463,2026-01-07T13:03:00.0,2026-01-30T18:40:45.531,Any[],47,22
2299,2026-01-07T13:04:00.0,2026-01-09T18:41:45.531,Any[],54,26
2466,2026-01-07T13:04:00.0,2026-01-16T18:41:45.531,Any[],47,22
2405,2026-01-07T13:05:00.0,2026-01-16T18:42:45.531,Any[],47,22
2564,2026-01-07T13:08:00.0,2026-01-23T18:45:45.531,Any[],47,22
2669,2026-01-07T13:08:00.0,2026-01-30T18:45:45.531,Any[],47,22
1861,2026-01-07T13:10:00.0,2026-01-23T18:47:45.531,Any[],54,26
2371,2026-01-07T13:11:00.0,2026-01-16T18:48:45.531,Any[],47,22
1926,2026-01-07T13:12:00.0,2026-01-09T18:49:45.531,Any[],54,26
2691,2026-01-07T13:13:00.0,2026-01-23T18:50:45.531,Any[],47,22
2022,2026-01-07T13:15:00.0,2026-01-16T18:52:45.531,Any[],54,26
1856,2026-01-07T13:21:00.0,2026-01-09T18:58:45.531,Any[],54,26
2290,2026-01-07T13:22:00.0,2026-01-09T18:59:45.531,Any[],54,26
2440,2026-01-07T13:22:00.0,2026-01-16T18:59:45.531,Any[],47,22
2112,2026-01-07T13:23:00.0,2026-01-30T19:00:45.531,Any[],54,26
2262,2026-01-07T13:28:00.0,2026-01-09T19:05:45.531,Any[],54,26
2038,2026-01-07T13:29:00.0,2026-01-16T19:06:45.531,Any[],54,26
1880,2026-01-07T13:30:00.0,2026-01-30T19:07:45.531,Any[],54,26
2383,2026-01-07T13:31:00.0,2026-01-23T19:08:45.531,Any[],47,22
2496,2026-01-07T13:34:00.0,2026-01-30T19:11:45.531,Any[],47,22
2192,2026-01-07T13:35:00.0,2026-01-30T19:12:45.531,Any[],54,26
2589,2026-01-07T13:35:00.0,2026-01-09T19:12:45.531,Any[],47,22
2666,2026-01-07T13:35:00.0,2026-01-09T19:12:45.531,Any[],47,22
2579,2026-01-07T13:38:00.0,2026-01-09T19:15:45.531,Any[],47,22
2369,2026-01-07T13:40:00.0,2026-01-23T19:17:45.531,Any[],47,22
2209,2026-01-07T13:41:00.0,2026-01-09T19:18:45.531,Any[],54,26
2106,2026-01-07T13:43:00.0,2026-01-16T19:20:45.531,Any[],54,26
2588,2026-01-07T13:46:00.0,2026-01-23T19:23:45.531,Any[],47,22
2598,2026-01-07T13:46:00.0,2026-01-30T19:23:45.531,Any[],47,22
2052,2026-01-07T13:47:00.0,2026-01-23T19:24:45.531,Any[],54,26
2625,2026-01-07T13:54:00.0,2026-01-09T19:31:45.531,Any[],47,22
2595,2026-01-07T13:59:00.0,2026-01-09T19:36:45.531,Any[],47,22
1974,2026-01-10T07:00:00.0,2026-01-19T12:37:45.531,Any[],54,26
2252,2026-01-10T07:00:00.0,2026-02-02T12:37:45.531,Any[],54,26
2421,2026-01-10T07:00:00.0,2026-01-19T12:37:45.531,Any[],47,22
2219,2026-01-10T07:02:00.0,2026-01-19T12:39:45.531,Any[],54,26
2623,2026-01-10T07:03:00.0,2026-01-12T12:40:45.531,Any[],47,22
2648,2026-01-10T07:03:00.0,2026-01-19T12:40:45.531,Any[],47,22
1908,2026-01-10T07:06:00.0,2026-01-26T12:43:45.531,Any[],54,26
2484,2026-01-10T07:06:00.0,2026-01-19T12:43:45.531,Any[],47,22
2495,2026-01-10T07:07:00.0,2026-01-26T12:44:45.531,Any[],47,22
2323,2026-01-10T07:10:00.0,2026-02-02T12:47:45.531,Any[],47,22
2645,2026-01-10T07:10:00.0,2026-01-12T12:47:45.531,Any[],47,22
2176,2026-01-10T07:13:00.0,2026-01-26T12:50:45.531,Any[],54,26
2234,2026-01-10T07:15:00.0,2026-01-26T12:52:45.531,Any[],54,26
2070,2026-01-10T07:16:00.0,2026-01-19T12:53:45.531,Any[],54,26
2291,2026-01-10T07:20:00.0,2026-01-26T12:57:45.531,Any[],54,26
2434,2026-01-10T07:23:00.0,2026-02-02T13:00:45.531,Any[],47,22
1918,2026-01-10T07:27:00.0,2026-01-26T13:04:45.531,Any[],54,26
1883,2026-01-10T07:28:00.0,2026-01-19T13:05:45.531,Any[],54,26
2261,2026-01-10T07:28:00.0,2026-01-12T13:05:45.531,Any[],54,26
2481,2026-01-10T07:30:00.0,2026-01-12T13:07:45.531,Any[],47,22
2232,2026-01-10T07:35:00.0,2026-01-26T13:12:45.531,Any[],54,26
1884,2026-01-10T07:36:00.0,2026-02-02T13:13:45.531,Any[],54,26
2069,2026-01-10T07:38:00.0,2026-01-19T13:15:45.531,Any[],54,26
2425,2026-01-10T07:45:00.0,2026-01-26T13:22:45.531,Any[],47,22
2696,2026-01-10T07:48:00.0,2026-02-02T13:25:45.531,Any[],47,22
1961,2026-01-10T07:49:00.0,2026-01-19T13:26:45.531,Any[],54,26
1898,2026-01-10T07:52:00.0,2026-02-02T13:29:45.531,Any[],54,26
1901,2026-01-10T07:52:00.0,2026-01-26T13:29:45.531,Any[],54,26
1948,2026-01-10T07:57:00.0,2026-01-19T13:34:45.531,Any[],54,26
2492,2026-01-10T07:59:00.0,2026-02-02T13:36:45.531,Any[],47,22
2596,2026-01-10T07:59:00.0,2026-01-26T13:36:45.531,Any[],47,22
1873,2026-01-10T13:00:00.0,2026-01-19T18:37:45.531,Any[],54,26
1949,2026-01-10T13:00:00.0,2026-01-26T18:37:45.531,Any[],54,26
2104,2026-01-10T13:00:00.0,2026-02-02T18:37:45.531,Any[],54,26
2180,2026-01-10T13:01:00.0,2026-01-12T18:38:45.531,Any[],54,26
2470,2026-01-10T13:01:00.0,2026-02-02T18:38:45.531,Any[],47,22
1936,2026-01-10T13:02:00.0,2026-02-02T18:39:45.531,Any[],54,26
2451,2026-01-10T13:02:00.0,2026-02-02T18:39:45.531,Any[],47,22
2661,2026-01-10T13:02:00.0,2026-01-12T18:39:45.531,Any[],47,22
2159,2026-01-10T13:03:00.0,2026-01-12T18:40:45.531,Any[],54,26
2181,2026-01-10T13:03:00.0,2026-02-02T18:40:45.531,Any[],54,26
2687,2026-01-10T13:03:00.0,2026-01-26T18:40:45.531,Any[],47,22
2039,2026-01-10T13:04:00.0,2026-02-02T18:41:45.531,Any[],54,26
2154,2026-01-10T13:04:00.0,2026-01-26T18:41:45.531,Any[],54,26
2362,2026-01-10T13:04:00.0,2026-01-12T18:41:45.531,Any[],47,22
2429,2026-01-10T13:04:00.0,2026-01-12T18:41:45.531,Any[],47,22
1874,2026-01-10T13:06:00.0,2026-01-12T18:43:45.531,Any[],54,26
2136,2026-01-10T13:06:00.0,2026-01-19T18:43:45.531,Any[],54,26
2149,2026-01-10T13:06:00.0,2026-02-02T18:43:45.531,Any[],54,26
2278,2026-01-10T13:06:00.0,2026-01-26T18:43:45.531,Any[],54,26
2685,2026-01-10T13:06:00.0,2026-01-12T18:43:45.531,Any[],47,22
1855,2026-01-10T13:07:00.0,2026-01-19T18:44:45.531,Any[],54,26
2099,2026-01-10T13:08:00.0,2026-01-26T18:45:45.531,Any[],54,26
2411,2026-01-10T13:08:00.0,2026-02-02T18:45:45.531,Any[],47,22
2285,2026-01-10T13:09:00.0,2026-02-02T18:46:45.531,Any[],54,26
2351,2026-01-10T13:09:00.0,2026-01-26T18:46:45.531,Any[],47,22
2478,2026-01-10T13:11:00.0,2026-01-19T18:48:45.531,Any[],47,22
2626,2026-01-10T13:11:00.0,2026-01-26T18:48:45.531,Any[],47,22
2644,2026-01-10T13:11:00.0,2026-01-12T18:48:45.531,Any[],47,22
2245,2026-01-10T13:12:00.0,2026-01-26T18:49:45.531,Any[],54,26
2482,2026-01-10T13:13:00.0,2026-01-19T18:50:45.531,Any[],47,22
1872,2026-01-10T13:14:00.0,2026-01-26T18:51:45.531,Any[],54,26
1878,2026-01-10T13:14:00.0,2026-02-02T18:51:45.531,Any[],54,26
2400,2026-01-10T13:14:00.0,2026-01-19T18:51:45.531,Any[],47,22
2704,2026-01-10T13:14:00.0,2026-02-02T18:51:45.531,Any[],47,22
1985,2026-01-10T13:16:00.0,2026-01-26T18:53:45.531,Any[],54,26
2046,2026-01-10T13:16:00.0,2026-01-12T18:53:45.531,Any[],54,26
2190,2026-01-10T13:17:00.0,2026-02-02T18:54:45.531,Any[],54,26
2311,2026-01-10T13:17:00.0,2026-01-26T18:54:45.531,Any[],54,26
2577,2026-01-10T13:17:00.0,2026-01-12T18:54:45.531,Any[],47,22
1986,2026-01-10T13:18:00.0,2026-02-02T18:55:45.531,Any[],54,26
1853,2026-01-10T13:19:00.0,2026-02-02T18:56:45.531,Any[],54,26
2417,2026-01-10T13:19:00.0,2026-01-19T18:56:45.531,Any[],47,22
2453,2026-01-10T13:19:00.0,2026-01-12T18:56:45.531,Any[],47,22
4,2026-01-10T13:20:00.0,2026-02-02T18:57:45.531,"Any[26, 31, 36, 44, 54]",26,54
8,2026-01-10T13:20:00.0,2026-01-12T18:57:45.531,"Any[7, 8, 13, 19, 25, 30, 37, 45, 53]",7,53
11,2026-01-10T13:20:00.0,2026-01-12T18:57:45.531,"Any[1, 6, 11, 19, 25, 30, 37, 45, 56, 60]",1,60
12,2026-01-10T13:20:00.0,2026-01-12T18:57:45.531,"Any[7, 8, 13, 19, 25, 30, 37, 45, 53]",7,53
13,2026-01-10T13:20:00.0,2026-01-12T18:57:45.531,"Any[26, 31, 36, 44, 54]",26,54
15,2026-01-10T13:20:00.0,2026-01-12T18:57:45.531,"Any[7, 8, 13, 19, 25, 30, 37, 45, 53, 60]",7,60
26,2026-01-10T13:20:00.0,2026-02-02T18:57:45.531,"Any[26, 31, 36, 44, 54]",26,54
29,2026-01-10T13:20:00.0,2026-01-19T18:57:45.531,"Any[1, 6, 11, 19, 25, 30, 37, 45, 56, 60]",1,60
32,2026-01-10T13:20:00.0,2026-01-12T18:57:45.531,"Any[26, 31, 36, 44]",26,44
40,2026-01-10T13:20:00.0,2026-01-12T18:57:45.531,"Any[1, 6, 11, 19, 25, 30, 37, 45, 53, 60]",1,60
53,2026-01-10T13:20:00.0,2026-02-02T18:57:45.531,"Any[26, 31, 36, 44, 54]",26,54
54,2026-01-10T13:20:00.0,2026-01-19T18:57:45.531,"Any[53, 45, 37, 30, 25, 19, 11, 6, 1]",53,1
59,2026-01-10T13:20:00.0,2026-01-26T18:57:45.531,"Any[7, 8, 13, 19, 25, 30, 37, 45, 53]",7,53
63,2026-01-10T13:20:00.0,2026-01-26T18:57:45.531,"Any[1, 6, 11, 19, 23, 36, 44, 54, 60]",1,60
71,2026-01-10T13:20:00.0,2026-01-12T18:57:45.531,"Any[7, 8, 13, 19, 25, 30, 37, 45, 56]",7,56
73,2026-01-10T13:20:00.0,2026-01-26T18:57:45.531,"Any[7, 8, 13, 19, 25, 30, 37, 45, 53]",7,53
74,2026-01-10T13:20:00.0,2026-01-26T18:57:45.531,"Any[7, 8, 13, 19, 25, 30, 37, 45, 53, 60]",7,60
80,2026-01-10T13:20:00.0,2026-01-26T18:57:45.531,"Any[26, 31, 36, 44, 54]",26,54
95,2026-01-10T13:20:00.0,2026-01-12T18:57:45.531,"Any[7, 8, 13, 19, 25, 30, 37, 45, 53]",7,53
113,2026-01-10T13:20:00.0,2026-01-26T18:57:45.531,"Any[53, 45, 37, 30, 25, 19, 10]",53,10
118,2026-01-10T13:20:00.0,2026-01-19T18:57:45.531,"Any[18, 26, 31, 36, 44, 54]",18,54
119,2026-01-10T13:20:00.0,2026-01-19T18:57:45.531,"Any[26, 31, 36, 44, 54]",26,54
120,2026-01-10T13:20:00.0,2026-01-12T18:57:45.531,"Any[7, 8, 13, 19, 25, 30, 37, 45, 53, 60]",7,60
123,2026-01-10T13:20:00.0,2026-02-02T18:57:45.531,"Any[53, 45, 37, 30, 25, 19, 10]",53,10
128,2026-01-10T13:20:00.0,2026-02-02T18:57:45.531,"Any[1, 6, 11, 19, 25, 30, 37, 45, 56]",1,56
129,2026-01-10T13:20:00.0,2026-01-12T18:57:45.531,"Any[5, 6, 11, 19, 25, 30, 37, 45, 56]",5,56
132,2026-01-10T13:20:00.0,2026-01-26T18:57:45.531,"Any[53, 45, 37, 30, 25, 19, 11, 6, 1]",53,1
133,2026-01-10T13:20:00.0,2026-01-19T18:57:45.531,"Any[7, 8, 13, 19, 25, 30, 37, 45, 53]",7,53
137,2026-01-10T13:20:00.0,2026-01-12T18:57:45.531,"Any[53, 45, 37, 30, 25, 19, 11, 6, 1]",53,1
139,2026-01-10T13:20:00.0,2026-01-26T18:57:45.531,"Any[7, 8, 13, 19, 25, 30, 37, 45, 53]",7,53
153,2026-01-10T13:20:00.0,2026-01-19T18:57:45.531,"Any[1, 6, 11, 19, 25, 30, 37, 45, 56, 60]",1,60
156,2026-01-10T13:20:00.0,2026-01-12T18:57:45.531,"Any[45, 37, 30, 25, 19, 17, 10]",45,10
157,2026-01-10T13:20:00.0,2026-01-26T18:57:45.531,"Any[7, 8, 13, 19, 25, 30, 37, 45, 56]",7,56
161,2026-01-10T13:20:00.0,2026-01-12T18:57:45.531,"Any[53, 45, 37, 30, 25, 19, 11, 6, 1]",53,1
164,2026-01-10T13:20:00.0,2026-01-12T18:57:45.531,"Any[53, 45, 37, 30, 25, 19, 11, 6, 1]",53,1
167,2026-01-10T13:20:00.0,2026-02-02T18:57:45.531,"Any[26, 27, 31, 36, 44, 54]",26,54
172,2026-01-10T13:20:00.0,2026-01-12T18:57:45.531,"Any[26, 31, 36, 44, 54]",26,54
174,2026-01-10T13:20:00.0,2026-01-12T18:57:45.531,"Any[1, 6, 11, 19, 25, 30, 37, 45, 56]",1,56
179,2026-01-10T13:20:00.0,2026-01-12T18:57:45.531,"Any[53, 45, 37, 30, 25, 19, 10]",53,10
181,2026-01-10T13:20:00.0,2026-02-02T18:57:45.531,"Any[1, 6, 11, 19, 25, 30, 37, 45, 53, 60]",1,60
182,2026-01-10T13:20:00.0,2026-01-26T18:57:45.531,"Any[53, 45, 37, 30, 25, 19, 11, 6, 1]",53,1
187,2026-01-10T13:20:00.0,2026-01-26T18:57:45.531,"Any[26, 31, 36, 44, 54]",26,54
198,2026-01-10T13:20:00.0,2026-01-19T18:57:45.531,"Any[7, 8, 13, 19, 25, 30, 37, 45, 53]",7,53
203,2026-01-10T13:20:00.0,2026-02-02T18:57:45.531,"Any[53, 45, 37, 30, 25, 19, 10]",53,10
204,2026-01-10T13:20:00.0,2026-02-02T18:57:45.531,"Any[53, 45, 37, 30, 25, 19, 11, 6, 1]",53,1
214,2026-01-10T13:20:00.0,2026-01-26T18:57:45.531,"Any[1, 6, 11, 19, 25, 30, 37, 45, 56]",1,56
223,2026-01-10T13:20:00.0,2026-01-26T18:57:45.531,"Any[26, 31, 36, 44, 54]",26,54
226,2026-01-10T13:20:00.0,2026-01-12T18:57:45.531,"Any[1, 6, 11, 19, 25, 30, 37, 45, 53, 60]",1,60
228,2026-01-10T13:20:00.0,2026-01-26T18:57:45.531,"Any[7, 8, 13, 19, 25, 30, 37, 45, 53]",7,53
231,2026-01-10T13:20:00.0,2026-01-19T18:57:45.531,"Any[7, 8, 13, 19, 25, 30, 37, 45, 53]",7,53
241,2026-01-10T13:20:00.0,2026-01-26T18:57:45.531,"Any[7, 8, 13, 19, 25, 30, 37, 45, 53, 60]",7,60
243,2026-01-10T13:20:00.0,2026-01-12T18:57:45.531,"Any[7, 8, 13, 19, 25, 30, 37, 45]",7,45
246,2026-01-10T13:20:00.0,2026-01-12T18:57:45.531,"Any[26, 31, 36, 44, 54]",26,54
248,2026-01-10T13:20:00.0,2026-02-02T18:57:45.531,"Any[7, 8, 13, 19, 25, 30, 37, 45, 53, 60]",7,60
252,2026-01-10T13:20:00.0,2026-01-19T18:57:45.531,"Any[1, 6, 11, 19, 25, 30, 37, 45, 53, 60]",1,60
253,2026-01-10T13:20:00.0,2026-01-12T18:57:45.531,"Any[7, 8, 13, 19, 25, 30, 37, 45, 56]",7,56
258,2026-01-10T13:20:00.0,2026-01-12T18:57:45.531,"Any[7, 8, 13, 19, 25, 30, 37, 45, 56]",7,56
265,2026-01-10T13:20:00.0,2026-02-02T18:57:45.531,"Any[53, 45, 37, 30, 25, 19, 10]",53,10
281,2026-01-10T13:20:00.0,2026-01-19T18:57:45.531,"Any[10, 19, 25, 30, 37, 45, 53, 60]",10,60
282,2026-01-10T13:20:00.0,2026-02-02T18:57:45.531,"Any[7, 8, 13, 19, 25, 30, 37, 45, 53]",7,53
283,2026-01-10T13:20:00.0,2026-02-02T18:57:45.531,"Any[53, 45, 37, 30, 25, 19, 10]",53,10
293,2026-01-10T13:20:00.0,2026-01-26T18:57:45.531,"Any[53, 45, 37, 30, 25, 19, 10]",53,10
302,2026-01-10T13:20:00.0,2026-02-02T18:57:45.531,"Any[1, 6, 11, 19, 25, 30, 37, 45, 53, 60]",1,60
304,2026-01-10T13:20:00.0,2026-01-19T18:57:45.531,"Any[36, 31, 15, 12]",36,12
306,2026-01-10T13:20:00.0,2026-01-26T18:57:45.531,"Any[1, 6, 11, 19, 25, 30, 37, 45, 53, 60]",1,60
307,2026-01-10T13:20:00.0,2026-02-02T18:57:45.531,"Any[18, 26, 31, 36, 44, 47]",18,47
311,2026-01-10T13:20:00.0,2026-01-12T18:57:45.531,"Any[7, 8, 13, 19, 25, 30, 37, 45, 53]",7,53
312,2026-01-10T13:20:00.0,2026-01-26T18:57:45.531,"Any[7, 8, 13, 19, 25, 30, 37, 45, 53]",7,53
315,2026-01-10T13:20:00.0,2026-01-26T18:57:45.531,"Any[53, 45, 37, 30, 25, 19, 10]",53,10
316,2026-01-10T13:20:00.0,2026-01-12T18:57:45.531,"Any[7, 8, 13, 19, 25, 30, 37, 45, 56]",7,56
323,2026-01-10T13:20:00.0,2026-01-19T18:57:45.531,"Any[53, 45, 37, 30, 25, 19, 10]",53,10
324,2026-01-10T13:20:00.0,2026-01-26T18:57:45.531,"Any[53, 45, 37, 30, 25, 19, 11, 6, 1]",53,1
325,2026-01-10T13:20:00.0,2026-01-19T18:57:45.531,"Any[7, 8, 13, 19, 25, 30, 37, 45, 53]",7,53
326,2026-01-10T13:20:00.0,2026-01-12T18:57:45.531,"Any[26, 31, 36, 44, 54]",26,54
330,2026-01-10T13:20:00.0,2026-01-19T18:57:45.531,"Any[7, 8, 13, 19, 25, 30, 37, 45, 53]",7,53
331,2026-01-10T13:20:00.0,2026-01-12T18:57:45.531,"Any[7, 8, 13, 19, 25, 30, 37, 45, 56]",7,56
339,2026-01-10T13:20:00.0,2026-01-19T18:57:45.531,"Any[53, 45, 37, 30, 25, 19, 10]",53,10
341,2026-01-10T13:20:00.0,2026-01-12T18:57:45.531,"Any[45, 37, 30, 25, 19, 10]",45,10
347,2026-01-10T13:20:00.0,2026-01-26T18:57:45.531,"Any[53, 45, 37, 30, 25, 19, 10]",53,10
348,2026-01-10T13:20:00.0,2026-02-02T18:57:45.531,"Any[44, 36, 31, 26]",44,26
349,2026-01-10T13:20:00.0,2026-01-26T18:57:45.531,"Any[53, 45, 37, 30, 25, 19, 11, 6, 1]",53,1
353,2026-01-10T13:20:00.0,2026-02-02T18:57:45.531,"Any[18, 26, 31, 36, 44, 54]",18,54
359,2026-01-10T13:20:00.0,2026-01-26T18:57:45.531,"Any[18, 22, 31, 36, 44, 54]",18,54
361,2026-01-10T13:20:00.0,2026-02-02T18:57:45.531,"Any[7, 8, 13, 19, 25, 30, 37, 45, 53]",7,53
371,2026-01-10T13:20:00.0,2026-02-02T18:57:45.531,"Any[7, 8, 13, 19, 25, 30, 37, 45, 53, 60]",7,60
377,2026-01-10T13:20:00.0,2026-01-26T18:57:45.531,"Any[7, 8, 13, 19, 25, 30, 37, 45, 53]",7,53
380,2026-01-10T13:20:00.0,2026-01-26T18:57:45.531,"Any[53, 45, 37, 30, 25, 19, 10]",53,10
402,2026-01-10T13:20:00.0,2026-01-19T18:57:45.531,"Any[53, 45, 37, 30, 25, 19, 10]",53,10
404,2026-01-10T13:20:00.0,2026-01-26T18:57:45.531,"Any[1, 6, 11, 19, 23, 36, 44, 54, 60]",1,60
405,2026-01-10T13:20:00.0,2026-01-19T18:57:45.531,"Any[53, 45, 37, 30, 25, 19, 10]",53,10
412,2026-01-10T13:20:00.0,2026-02-02T18:57:45.531,"Any[53, 45, 37, 30, 25, 19, 10]",53,10
415,2026-01-10T13:20:00.0,2026-02-02T18:57:45.531,"Any[53, 45, 37, 30, 25, 19, 10]",53,10
419,2026-01-10T13:20:00.0,2026-01-26T18:57:45.531,"Any[1, 6, 11, 19, 25, 30, 37, 45, 56]",1,56
426,2026-01-10T13:20:00.0,2026-01-26T18:57:45.531,"Any[1, 6, 11, 19, 25, 30, 37, 45, 53, 60]",1,60
433,2026-01-10T13:20:00.0,2026-02-02T18:57:45.531,"Any[1, 6, 11, 16, 25, 30, 37, 45, 56, 60]",1,60
434,2026-01-10T13:20:00.0,2026-01-19T18:57:45.531,"Any[26, 31, 36, 44, 54]",26,54
436,2026-01-10T13:20:00.0,2026-01-19T18:57:45.531,"Any[53, 45, 37, 30, 25, 19, 11, 6, 1]",53,1
462,2026-01-10T13:20:00.0,2026-01-12T18:57:45.531,"Any[7, 8, 13, 19, 25, 30, 37, 45, 56]",7,56
466,2026-01-10T13:20:00.0,2026-01-26T18:57:45.531,"Any[7, 8, 13, 19, 25, 30, 37, 45, 53]",7,53
475,2026-01-10T13:20:00.0,2026-01-19T18:57:45.531,"Any[53, 45, 37, 30, 25, 19, 10]",53,10
483,2026-01-10T13:20:00.0,2026-01-26T18:57:45.531,"Any[10, 19, 25, 30, 37, 45, 53, 60]",10,60
486,2026-01-10T13:20:00.0,2026-02-02T18:57:45.531,"Any[53, 45, 37, 30, 25, 19, 10]",53,10
490,2026-01-10T13:20:00.0,2026-01-12T18:57:45.531,"Any[7, 8, 13, 19, 25, 30, 37, 45, 53]",7,53
491,2026-01-10T13:20:00.0,2026-01-12T18:57:45.531,"Any[53, 45, 37, 30, 25, 19, 10]",53,10
493,2026-01-10T13:20:00.0,2026-01-19T18:57:45.531,"Any[26, 31, 36, 44]",26,44
499,2026-01-10T13:20:00.0,2026-01-19T18:57:45.531,"Any[7, 8, 13, 19, 25, 30, 37, 45, 53]",7,53
500,2026-01-10T13:20:00.0,2026-02-02T18:57:45.531,"Any[10, 19, 25, 30, 37, 45, 53, 60]",10,60
502,2026-01-10T13:20:00.0,2026-02-02T18:57:45.531,"Any[53, 45, 37, 30, 25, 19, 11, 6, 1]",53,1
509,2026-01-10T13:20:00.0,2026-01-12T18:57:45.531,"Any[7, 8, 13, 19, 25, 30, 37, 45, 53, 60]",7,60
512,2026-01-10T13:20:00.0,2026-01-19T18:57:45.531,"Any[53, 45, 37, 30, 25, 19, 11, 6, 1]",53,1
517,2026-01-10T13:20:00.0,2026-01-12T18:57:45.531,"Any[45, 37, 30, 25, 19, 10]",45,10
525,2026-01-10T13:20:00.0,2026-02-02T18:57:45.531,"Any[1, 6, 11, 16, 25, 30, 37, 45, 56]",1,56
535,2026-01-10T13:20:00.0,2026-01-19T18:57:45.531,"Any[1, 6, 11, 19, 25, 30, 37, 45, 56, 60]",1,60
536,2026-01-10T13:20:00.0,2026-02-02T18:57:45.531,"Any[7, 8, 13, 19, 25, 30, 37, 45, 53]",7,53
542,2026-01-10T13:20:00.0,2026-02-02T18:57:45.531,"Any[1, 6, 11, 19, 25, 30, 37, 45, 53, 60]",1,60
564,2026-01-10T13:20:00.0,2026-01-19T18:57:45.531,"Any[7, 8, 13, 19, 25, 30, 37, 45, 53]",7,53
575,2026-01-10T13:20:00.0,2026-02-02T18:57:45.531,"Any[1, 6, 11, 19, 23, 28, 36, 44, 54, 60]",1,60
578,2026-01-10T13:20:00.0,2026-01-26T18:57:45.531,"Any[26, 31, 36, 44, 54]",26,54
585,2026-01-10T13:20:00.0,2026-02-02T18:57:45.531,"Any[53, 45, 37, 30, 25, 19, 10]",53,10
600,2026-01-10T13:20:00.0,2026-01-12T18:57:45.531,"Any[53, 45, 37, 30, 25, 19, 11, 6, 1]",53,1
601,2026-01-10T13:20:00.0,2026-01-12T18:57:45.531,"Any[10, 19, 25, 30, 37, 45, 53, 60]",10,60
606,2026-01-10T13:20:00.0,2026-01-12T18:57:45.531,"Any[1, 6, 11, 19, 25, 30, 37, 45, 56]",1,56
609,2026-01-10T13:20:00.0,2026-01-26T18:57:45.531,"Any[53, 45, 37, 30, 25, 19, 10]",53,10
612,2026-01-10T13:20:00.0,2026-01-26T18:57:45.531,"Any[7, 8, 13, 19, 25, 30, 37, 45, 53]",7,53
615,2026-01-10T13:20:00.0,2026-01-26T18:57:45.531,"Any[1, 6, 11, 19, 25, 30, 37, 45, 56, 60]",1,60
619,2026-01-10T13:20:00.0,2026-02-02T18:57:45.531,"Any[7, 8, 13, 19, 25, 30, 37, 45, 56]",7,56
624,2026-01-10T13:20:00.0,2026-01-26T18:57:45.531,"Any[53, 45, 37, 30, 25, 19, 10]",53,10
630,2026-01-10T13:20:00.0,2026-02-02T18:57:45.531,"Any[26, 31, 36, 44]",26,44
635,2026-01-10T13:20:00.0,2026-01-26T18:57:45.531,"Any[53, 45, 37, 30, 25, 19, 11, 6, 1]",53,1
636,2026-01-10T13:20:00.0,2026-02-02T18:57:45.531,"Any[1, 6, 11, 19, 25, 30, 37, 45, 56]",1,56
641,2026-01-10T13:20:00.0,2026-01-19T18:57:45.531,"Any[1, 6, 11, 19, 25, 30, 37, 45, 56]",1,56
642,2026-01-10T13:20:00.0,2026-01-26T18:57:45.531,"Any[26, 31, 36, 44, 54]",26,54
645,2026-01-10T13:20:00.0,2026-01-19T18:57:45.531,"Any[18, 26, 31, 36, 44, 54]",18,54
650,2026-01-10T13:20:00.0,2026-01-12T18:57:45.531,"Any[45, 37, 30, 25, 19, 10]",45,10
655,2026-01-10T13:20:00.0,2026-01-26T18:57:45.531,"Any[53, 45, 37, 30, 25, 19, 10]",53,10
658,2026-01-10T13:20:00.0,2026-02-02T18:57:45.531,"Any[53, 45, 37, 30, 25, 19, 11, 6, 1]",53,1
659,2026-01-10T13:20:00.0,2026-01-12T18:57:45.531,"Any[53, 45, 37, 30, 25, 19, 11, 6, 1]",53,1
664,2026-01-10T13:20:00.0,2026-01-12T18:57:45.531,"Any[53, 45, 37, 30, 25, 19, 11, 6, 1]",53,1
686,2026-01-10T13:20:00.0,2026-01-19T18:57:45.531,"Any[26, 31, 36, 31, 36]",26,36
687,2026-01-10T13:20:00.0,2026-02-02T18:57:45.531,"Any[53, 45, 37, 30, 25, 19, 11, 6, 1]",53,1
690,2026-01-10T13:20:00.0,2026-01-12T18:57:45.531,"Any[1, 6, 11, 19, 25, 30, 37, 45, 53, 60]",1,60
692,2026-01-10T13:20:00.0,2026-01-12T18:57:45.531,"Any[26, 31, 36, 44, 54]",26,54
700,2026-01-10T13:20:00.0,2026-01-12T18:57:45.531,"Any[53, 45, 37, 30, 25, 19, 10]",53,10
703,2026-01-10T13:20:00.0,2026-01-26T18:57:45.531,"Any[53, 45, 37, 30, 25, 19, 10]",53,10
704,2026-01-10T13:20:00.0,2026-01-12T18:57:45.531,"Any[26, 31, 36, 44, 54]",26,54
705,2026-01-10T13:20:00.0,2026-01-26T18:57:45.531,"Any[1, 6, 11, 19, 25, 30, 37, 45, 56]",1,56
708,2026-01-10T13:20:00.0,2026-01-19T18:57:45.531,"Any[7, 8, 13, 19, 25, 30, 37, 45, 53]",7,53
711,2026-01-10T13:20:00.0,2026-02-02T18:57:45.531,"Any[7, 8, 13, 19, 25, 30, 37, 45, 53]",7,53
712,2026-01-10T13:20:00.0,2026-02-02T18:57:45.531,"Any[53, 45, 37, 30, 25, 19, 10]",53,10
717,2026-01-10T13:20:00.0,2026-01-26T18:57:45.531,"Any[53, 45, 37, 30, 25, 19, 11, 6, 1]",53,1
722,2026-01-10T13:20:00.0,2026-02-02T18:57:45.531,"Any[53, 45, 37, 30, 25, 19, 10]",53,10
734,2026-01-10T13:20:00.0,2026-01-19T18:57:45.531,"Any[54, 44, 36, 31, 22, 15]",54,15
736,2026-01-10T13:20:00.0,2026-01-26T18:57:45.531,"Any[53, 45, 37, 30, 25, 19, 11, 6, 1]",53,1
743,2026-01-10T13:20:00.0,2026-01-19T18:57:45.531,"Any[1, 6, 11, 19, 25, 30, 37, 45, 53, 60]",1,60
752,2026-01-10T13:20:00.0,2026-01-26T18:57:45.531,"Any[7, 8, 13, 19, 25, 30, 37, 45, 53]",7,53
753,2026-01-10T13:20:00.0,2026-01-26T18:57:45.531,"Any[1, 6, 11, 19, 25, 30, 37, 45, 56]",1,56
755,2026-01-10T13:20:00.0,2026-02-02T18:57:45.531,"Any[53, 45, 37, 30, 25, 19, 10]",53,10
757,2026-01-10T13:20:00.0,2026-01-26T18:57:45.531,"Any[53, 45, 37, 30, 25, 19, 10]",53,10
758,2026-01-10T13:20:00.0,2026-01-12T18:57:45.531,"Any[53, 45, 37, 30, 25, 19, 10]",53,10
762,2026-01-10T13:20:00.0,2026-01-26T18:57:45.531,"Any[1, 6, 11, 19, 25, 30, 37, 45, 56, 60]",1,60
773,2026-01-10T13:20:00.0,2026-01-12T18:57:45.531,"Any[53, 45, 37, 30, 25, 19, 10]",53,10
776,2026-01-10T13:20:00.0,2026-02-02T18:57:45.531,"Any[53, 45, 37, 30, 25, 19, 11, 6, 1]",53,1
787,2026-01-10T13:20:00.0,2026-01-26T18:57:45.531,"Any[7, 8, 13, 19, 25, 30, 37, 45, 53]",7,53
792,2026-01-10T13:20:00.0,2026-01-12T18:57:45.531,"Any[53, 45, 37, 30, 25, 17, 11, 6, 1]",53,1
795,2026-01-10T13:20:00.0,2026-02-02T18:57:45.531,"Any[7, 8, 13, 19, 25, 30, 37, 45, 53]",7,53
796,2026-01-10T13:20:00.0,2026-02-02T18:57:45.531,"Any[1, 6, 11, 19, 25, 30, 37, 45, 56]",1,56
799,2026-01-10T13:20:00.0,2026-01-12T18:57:45.531,"Any[7, 8, 13, 19, 25, 30, 37, 45, 53]",7,53
804,2026-01-10T13:20:00.0,2026-01-26T18:57:45.531,"Any[53, 45, 37, 30, 25, 19, 10]",53,10
810,2026-01-10T13:20:00.0,2026-01-26T18:57:45.531,"Any[26, 31, 36]",26,36
813,2026-01-10T13:20:00.0,2026-01-26T18:57:45.531,"Any[7, 8, 13, 19, 25, 30, 37, 45, 53, 60]",7,60
814,2026-01-10T13:20:00.0,2026-01-26T18:57:45.531,"Any[54, 44, 36, 31, 22, 15]",54,15
819,2026-01-10T13:20:00.0,2026-02-02T18:57:45.531,"Any[18, 26, 31, 36, 44, 54]",18,54
822,2026-01-10T13:20:00.0,2026-02-02T18:57:45.531,"Any[26, 31, 36, 44, 54]",26,54
825,2026-01-10T13:20:00.0,2026-01-26T18:57:45.531,"Any[1, 6, 11, 19, 25, 30, 37, 45, 53, 60]",1,60
827,2026-01-10T13:20:00.0,2026-02-02T18:57:45.531,"Any[7, 8, 13, 19, 25, 30, 37, 45, 53]",7,53
829,2026-01-10T13:20:00.0,2026-01-26T18:57:45.531,"Any[53, 45, 37, 30, 25, 19, 11, 6, 1]",53,1
831,2026-01-10T13:20:00.0,2026-02-02T18:57:45.531,"Any[7, 8, 13, 19, 25, 30, 37, 45, 53]",7,53
837,2026-01-10T13:20:00.0,2026-02-02T18:57:45.531,"Any[7, 8, 13, 19, 25, 30, 37, 45, 53]",7,53
839,2026-01-10T13:20:00.0,2026-02-02T18:57:45.531,"Any[9, 15, 26, 31, 36, 44, 54, 60]",9,60
845,2026-01-10T13:20:00.0,2026-01-19T18:57:45.531,"Any[5, 6, 11, 19, 25, 30, 37, 45]",5,45
850,2026-01-10T13:20:00.0,2026-01-12T18:57:45.531,"Any[7, 8, 13, 19, 25, 30, 37, 45, 53]",7,53
854,2026-01-10T13:20:00.0,2026-01-26T18:57:45.531,"Any[53, 45, 37, 30, 25, 19, 10]",53,10
855,2026-01-10T13:20:00.0,2026-01-19T18:57:45.531,"Any[53, 45, 37, 30, 25, 19, 11, 6, 1]",53,1
856,2026-01-10T13:20:00.0,2026-01-26T18:57:45.531,"Any[53, 45, 37, 30, 25, 19, 10]",53,10
859,2026-01-10T13:20:00.0,2026-01-19T18:57:45.531,"Any[10, 19, 25, 30, 37, 45, 53, 60]",10,60
864,2026-01-10T13:20:00.0,2026-01-12T18:57:45.531,"Any[18, 26, 31, 36, 44, 54]",18,54
867,2026-01-10T13:20:00.0,2026-01-19T18:57:45.531,"Any[26, 31, 36]",26,36
874,2026-01-10T13:20:00.0,2026-01-12T18:57:45.531,"Any[53, 45, 37, 30, 25, 19, 10]",53,10
878,2026-01-10T13:20:00.0,2026-01-12T18:57:45.531,"Any[53, 45, 37, 30, 25, 19, 11, 6, 1]",53,1
880,2026-01-10T13:20:00.0,2026-01-26T18:57:45.531,"Any[53, 45, 37, 30, 25, 19, 10]",53,10
881,2026-01-10T13:20:00.0,2026-01-19T18:57:45.531,"Any[18, 26, 31, 36, 44, 47]",18,47
884,2026-01-10T13:20:00.0,2026-02-02T18:57:45.531,"Any[10, 19, 25, 30, 37, 45, 53, 60]",10,60
887,2026-01-10T13:20:00.0,2026-01-12T18:57:45.531,"Any[53, 45, 37, 30, 25, 19, 11, 6, 1]",53,1
889,2026-01-10T13:20:00.0,2026-01-26T18:57:45.531,"Any[10, 19, 25, 30, 37, 45, 53, 60]",10,60
894,2026-01-10T13:20:00.0,2026-02-02T18:57:45.531,"Any[7, 8, 13, 19, 25, 30, 37, 45, 53]",7,53
900,2026-01-10T13:20:00.0,2026-01-12T18:57:45.531,"Any[53, 45, 37, 30, 25, 19, 11, 6, 1]",53,1
903,2026-01-10T13:20:00.0,2026-01-19T18:57:45.531,"Any[53, 45, 37, 30, 25, 19, 11, 6, 1]",53,1
905,2026-01-10T13:20:00.0,2026-01-12T18:57:45.531,"Any[53, 45, 37, 30, 25, 19, 11, 6, 1]",53,1
907,2026-01-10T13:20:00.0,2026-01-26T18:57:45.531,"Any[1, 6, 11, 19, 25, 30, 37, 45, 56]",1,56
909,2026-01-10T13:20:00.0,2026-01-19T18:57:45.531,"Any[1, 6, 11, 19, 25, 30, 37, 45, 56]",1,56
913,2026-01-10T13:20:00.0,2026-01-26T18:57:45.531,"Any[1, 6, 11, 19, 25, 30, 37, 45, 56]",1,56
916,2026-01-10T13:20:00.0,2026-01-19T18:57:45.531,"Any[53, 45, 37, 30, 25, 19, 10]",53,10
923,2026-01-10T13:20:00.0,2026-01-12T18:57:45.531,"Any[53, 45, 37, 30, 25, 19, 11, 6, 1]",53,1
928,2026-01-10T13:20:00.0,2026-01-26T18:57:45.531,"Any[45, 37, 30, 25, 19, 10]",45,10
930,2026-01-10T13:20:00.0,2026-01-26T18:57:45.531,"Any[53, 45, 37, 30, 25, 19, 10]",53,10
934,2026-01-10T13:20:00.0,2026-01-26T18:57:45.531,"Any[53, 45, 37, 30, 25, 19, 10]",53,10
941,2026-01-10T13:20:00.0,2026-02-02T18:57:45.531,"Any[18, 26, 31, 36, 44, 54]",18,54
945,2026-01-10T13:20:00.0,2026-01-19T18:57:45.531,"Any[10, 19, 25, 30, 37, 45, 53, 60]",10,60
953,2026-01-10T13:20:00.0,2026-01-26T18:57:45.531,"Any[53, 45, 37, 30, 25, 19, 11, 6, 1]",53,1
960,2026-01-10T13:20:00.0,2026-01-19T18:57:45.531,"Any[53, 45, 37, 30, 25, 19, 10]",53,10
966,2026-01-10T13:20:00.0,2026-01-12T18:57:45.531,"Any[53, 45, 37, 30, 25, 19, 11, 6, 1]",53,1
968,2026-01-10T13:20:00.0,2026-01-12T18:57:45.531,"Any[56, 45, 37, 30, 25, 19, 10]",56,10
970,2026-01-10T13:20:00.0,2026-01-26T18:57:45.531,"Any[1, 6, 11, 19, 25, 30, 37, 45, 53, 60]",1,60
985,2026-01-10T13:20:00.0,2026-02-02T18:57:45.531,"Any[18, 26, 31, 36, 44, 54]",18,54
988,2026-01-10T13:20:00.0,2026-01-19T18:57:45.531,"Any[10, 19, 25, 30, 37, 45, 53, 60]",10,60
989,2026-01-10T13:20:00.0,2026-01-26T18:57:45.531,"Any[26, 31, 36, 44]",26,44
1009,2026-01-10T13:20:00.0,2026-01-12T18:57:45.531,"Any[53, 45, 37, 30, 25, 19, 11, 6, 1]",53,1
1016,2026-01-10T13:20:00.0,2026-01-19T18:57:45.531,"Any[26, 31, 36, 44, 54]",26,54
1020,2026-01-10T13:20:00.0,2026-02-02T18:57:45.531,"Any[53, 45, 37, 30, 25, 19, 11, 6, 1]",53,1
1032,2026-01-10T13:20:00.0,2026-01-19T18:57:45.531,"Any[10, 19, 25, 30, 37, 45, 53, 60]",10,60
1033,2026-01-10T13:20:00.0,2026-01-26T18:57:45.531,"Any[53, 45, 37, 30, 25, 19, 10]",53,10
1035,2026-01-10T13:20:00.0,2026-02-02T18:57:45.531,"Any[53, 45, 37, 30, 25, 19, 10]",53,10
1039,2026-01-10T13:20:00.0,2026-01-19T18:57:45.531,"Any[1, 6, 11, 19, 25, 30, 37, 45, 56]",1,56
1042,2026-01-10T13:20:00.0,2026-01-19T18:57:45.531,"Any[7, 8, 13, 19, 25, 30, 37, 45, 53]",7,53
1043,2026-01-10T13:20:00.0,2026-01-12T18:57:45.531,"Any[53, 45, 37, 30, 25, 19, 10]",53,10
1050,2026-01-10T13:20:00.0,2026-01-12T18:57:45.531,"Any[26, 31, 36, 44]",26,44
1055,2026-01-10T13:20:00.0,2026-01-19T18:57:45.531,"Any[26, 31, 36, 44, 54]",26,54
1056,2026-01-10T13:20:00.0,2026-01-19T18:57:45.531,"Any[1, 6, 11, 19, 25, 30, 37, 45, 56]",1,56
1061,2026-01-10T13:20:00.0,2026-01-26T18:57:45.531,"Any[53, 45, 37, 30, 25, 19, 10]",53,10
1066,2026-01-10T13:20:00.0,2026-01-19T18:57:45.531,"Any[53, 45, 37, 30, 25, 19, 11, 6, 1]",53,1
1073,2026-01-10T13:20:00.0,2026-01-12T18:57:45.531,"Any[53, 45, 37, 30, 25, 19, 10]",53,10
1074,2026-01-10T13:20:00.0,2026-01-19T18:57:45.531,"Any[9, 15, 26, 31, 36, 44, 54, 60]",9,60
1076,2026-01-10T13:20:00.0,2026-01-12T18:57:45.531,"Any[53, 45, 37, 30, 25, 19, 11, 6, 1]",53,1
1078,2026-01-10T13:20:00.0,2026-01-26T18:57:45.531,"Any[5, 6, 11, 25, 30, 37, 45, 56]",5,56
1081,2026-01-10T13:20:00.0,2026-01-19T18:57:45.531,"Any[53, 45, 37, 30, 25, 19, 10]",53,10
1084,2026-01-10T13:20:00.0,2026-01-26T18:57:45.531,"Any[7, 8, 13, 19, 25, 30, 37, 45, 53]",7,53
1085,2026-01-10T13:20:00.0,2026-01-26T18:57:45.531,"Any[10, 19, 25, 30, 37, 45, 53, 60]",10,60
1089,2026-01-10T13:20:00.0,2026-02-02T18:57:45.531,"Any[53, 45, 37, 30, 25, 19, 11, 6, 1]",53,1
1096,2026-01-10T13:20:00.0,2026-02-02T18:57:45.531,"Any[53, 45, 37, 30, 25, 19, 11, 6, 1]",53,1
1107,2026-01-10T13:20:00.0,2026-02-02T18:57:45.531,"Any[1, 6, 11, 19, 25, 30, 37, 45, 56, 60]",1,60
1112,2026-01-10T13:20:00.0,2026-01-12T18:57:45.531,"Any[53, 45, 37, 30, 25, 19, 10]",53,10
1120,2026-01-10T13:20:00.0,2026-02-02T18:57:45.531,"Any[53, 45, 37, 30, 25, 19, 10]",53,10
1130,2026-01-10T13:20:00.0,2026-01-26T18:57:45.531,"Any[53, 45, 37, 30, 25, 19, 10]",53,10
1134,2026-01-10T13:20:00.0,2026-01-26T18:57:45.531,"Any[53, 45, 37, 30, 25, 19, 11, 6, 1]",53,1
1139,2026-01-10T13:20:00.0,2026-02-02T18:57:45.531,"Any[53, 45, 37, 30, 25, 19, 10]",53,10
1145,2026-01-10T13:20:00.0,2026-02-02T18:57:45.531,"Any[7, 8, 13, 19, 25, 30, 37, 45, 53]",7,53
1151,2026-01-10T13:20:00.0,2026-01-19T18:57:45.531,"Any[53, 45, 37, 30, 25, 19, 11, 6, 1]",53,1
1177,2026-01-10T13:20:00.0,2026-02-02T18:57:45.531,"Any[1, 6, 11, 19, 25, 30, 37, 45, 56]",1,56
1180,2026-01-10T13:20:00.0,2026-02-02T18:57:45.531,"Any[1, 6, 11, 19, 25, 30, 37, 45, 56]",1,56
1184,2026-01-10T13:20:00.0,2026-01-19T18:57:45.531,"Any[53, 45, 37, 30, 25, 19, 11, 6, 1]",53,1
1185,2026-01-10T13:20:00.0,2026-01-26T18:57:45.531,"Any[10, 19, 25, 30, 37, 45, 53, 60]",10,60
1195,2026-01-10T13:20:00.0,2026-02-02T18:57:45.531,"Any[1, 6, 11, 16, 25, 30, 37, 45, 56, 60]",1,60
1200,2026-01-10T13:20:00.0,2026-01-19T18:57:45.531,"Any[18, 22, 31, 36, 44, 54]",18,54
1201,2026-01-10T13:20:00.0,2026-01-12T18:57:45.531,"Any[26, 31, 36, 44, 54]",26,54
1202,2026-01-10T13:20:00.0,2026-01-26T18:57:45.531,"Any[53, 45, 37, 30, 25, 19, 10]",53,10
1204,2026-01-10T13:20:00.0,2026-01-19T18:57:45.531,"Any[53, 45, 37, 30, 25, 19, 11, 6, 1]",53,1
1206,2026-01-10T13:20:00.0,2026-01-12T18:57:45.531,"Any[7, 8, 13, 19, 25, 30, 37, 45, 56]",7,56
1207,2026-01-10T13:20:00.0,2026-01-19T18:57:45.531,"Any[44, 36, 31, 26]",44,26
1208,2026-01-10T13:20:00.0,2026-01-12T18:57:45.531,"Any[53, 45, 37, 30, 25, 19, 11, 6, 1]",53,1
1215,2026-01-10T13:20:00.0,2026-02-02T18:57:45.531,"Any[10, 19, 25, 30, 37, 45, 53, 60]",10,60
1219,2026-01-10T13:20:00.0,2026-01-26T18:57:45.531,"Any[53, 45, 37, 30, 25, 19, 11, 6, 1]",53,1
1220,2026-01-10T13:20:00.0,2026-01-19T18:57:45.531,"Any[53, 45, 37, 30, 25, 19, 10]",53,10
1224,2026-01-10T13:20:00.0,2026-01-19T18:57:45.531,"Any[7, 8, 13, 19, 25, 30, 37, 45, 53]",7,53
1241,2026-01-10T13:20:00.0,2026-01-19T18:57:45.531,"Any[7, 8, 13, 19, 25, 30, 37, 45, 53]",7,53
1251,2026-01-10T13:20:00.0,2026-02-02T18:57:45.531,"Any[1, 6, 11, 19, 25, 30, 37, 45, 56]",1,56
1257,2026-01-10T13:20:00.0,2026-01-26T18:57:45.531,"Any[5, 6, 11, 19, 25, 30, 37, 45]",5,45
1258,2026-01-10T13:20:00.0,2026-01-19T18:57:45.531,"Any[53, 45, 37, 30, 25, 19, 10]",53,10
1267,2026-01-10T13:20:00.0,2026-01-26T18:57:45.531,"Any[53, 45, 37, 30, 25, 19, 10]",53,10
1278,2026-01-10T13:20:00.0,2026-01-12T18:57:45.531,"Any[53, 45, 37, 30, 25, 19, 10]",53,10
1285,2026-01-10T13:20:00.0,2026-01-12T18:57:45.531,"Any[44, 36, 31, 26]",44,26
1289,2026-01-10T13:20:00.0,2026-01-19T18:57:45.531,"Any[18, 26, 31, 36, 44, 54]",18,54
1294,2026-01-10T13:20:00.0,2026-01-12T18:57:45.531,"Any[1, 6, 11, 19, 25, 30, 37, 45, 53, 60]",1,60
1298,2026-01-10T13:20:00.0,2026-01-19T18:57:45.531,"Any[53, 45, 37, 30, 25, 19, 11, 6, 1]",53,1
1309,2026-01-10T13:20:00.0,2026-01-26T18:57:45.531,"Any[26, 31, 36, 31, 36]",26,36
1314,2026-01-10T13:20:00.0,2026-01-12T18:57:45.531,"Any[7, 8, 13, 19, 25, 30, 37, 45, 53]",7,53
1317,2026-01-10T13:20:00.0,2026-01-19T18:57:45.531,"Any[53, 45, 37, 30, 25, 19, 10]",53,10
1319,2026-01-10T13:20:00.0,2026-01-12T18:57:45.531,"Any[1, 6, 11, 19, 25, 30, 37, 45, 53, 60]",1,60
1323,2026-01-10T13:20:00.0,2026-01-26T18:57:45.531,"Any[53, 45, 37, 30, 25, 19, 11, 6, 1]",53,1
1326,2026-01-10T13:20:00.0,2026-02-02T18:57:45.531,"Any[53, 45, 37, 30, 25, 19, 10]",53,10
1332,2026-01-10T13:20:00.0,2026-02-02T18:57:45.531,"Any[53, 45, 37, 30, 25, 19, 10]",53,10
1345,2026-01-10T13:20:00.0,2026-01-19T18:57:45.531,"Any[53, 45, 37, 30, 25, 19, 10]",53,10
1353,2026-01-10T13:20:00.0,2026-01-12T18:57:45.531,"Any[53, 45, 37, 30, 25, 19, 11, 6, 1]",53,1
1357,2026-01-10T13:20:00.0,2026-01-12T18:57:45.531,"Any[53, 45, 37, 30, 25, 19, 11, 6, 1]",53,1
1361,2026-01-10T13:20:00.0,2026-02-02T18:57:45.531,"Any[53, 45, 37, 30, 25, 19, 10]",53,10
1362,2026-01-10T13:20:00.0,2026-01-26T18:57:45.531,"Any[53, 45, 37, 30, 25, 19, 11, 6, 1]",53,1
1380,2026-01-10T13:20:00.0,2026-01-19T18:57:45.531,"Any[53, 45, 37, 30, 25, 19, 10]",53,10
1388,2026-01-10T13:20:00.0,2026-02-02T18:57:45.531,"Any[53, 45, 37, 30, 25, 19, 10]",53,10
1390,2026-01-10T13:20:00.0,2026-01-26T18:57:45.531,"Any[7, 8, 13, 19, 25, 30, 37, 45, 53]",7,53
1406,2026-01-10T13:20:00.0,2026-02-02T18:57:45.531,"Any[7, 8, 13, 19, 25, 30, 37, 45, 53]",7,53
1408,2026-01-10T13:20:00.0,2026-01-19T18:57:45.531,"Any[5, 6, 10, 19, 25, 30, 37, 45, 56]",5,56
1410,2026-01-10T13:20:00.0,2026-01-12T18:57:45.531,"Any[1, 6, 11, 19, 23, 36, 44, 54, 60]",1,60
1416,2026-01-10T13:20:00.0,2026-01-12T18:57:45.531,"Any[53, 45, 37, 30, 25, 19, 10]",53,10
1419,2026-01-10T13:20:00.0,2026-01-12T18:57:45.531,"Any[53, 45, 37, 30, 25, 19, 11, 6, 1]",53,1
1424,2026-01-10T13:20:00.0,2026-01-12T18:57:45.531,"Any[18, 26, 31, 36, 44, 54]",18,54
1428,2026-01-10T13:20:00.0,2026-02-02T18:57:45.531,"Any[1, 6, 11, 19, 25, 30, 37, 45, 56]",1,56
1429,2026-01-10T13:20:00.0,2026-01-26T18:57:45.531,"Any[1, 6, 11, 19, 25, 30, 37, 45, 56]",1,56
1437,2026-01-10T13:20:00.0,2026-01-12T18:57:45.531,"Any[7, 8, 13, 19, 25, 30, 37, 45, 53, 60]",7,60
1444,2026-01-10T13:20:00.0,2026-01-12T18:57:45.531,"Any[53, 45, 37, 30, 25, 19, 11, 6, 1]",53,1
1450,2026-01-10T13:20:00.0,2026-02-02T18:57:45.531,"Any[53, 45, 37, 30, 25, 19, 11, 6, 1]",53,1
1463,2026-01-10T13:20:00.0,2026-01-12T18:57:45.531,"Any[1, 6, 11, 19, 23, 36, 44, 54, 60]",1,60
1472,2026-01-10T13:20:00.0,2026-01-19T18:57:45.531,"Any[53, 45, 37, 30, 25, 19, 10]",53,10
1477,2026-01-10T13:20:00.0,2026-01-26T18:57:45.531,"Any[53, 45, 37, 30, 25, 19, 10]",53,10
1479,2026-01-10T13:20:00.0,2026-02-02T18:57:45.531,"Any[60, 53, 45, 37, 30, 25, 19, 10]",60,10
1481,2026-01-10T13:20:00.0,2026-01-19T18:57:45.531,"Any[7, 8, 13, 19, 25, 30, 37, 45, 53]",7,53
1486,2026-01-10T13:20:00.0,2026-01-26T18:57:45.531,"Any[1, 6, 11, 16, 25, 30, 37, 45, 56]",1,56
1491,2026-01-10T13:20:00.0,2026-01-26T18:57:45.531,"Any[1, 6, 11, 19, 25, 30, 37, 45, 56, 60]",1,60
1493,2026-01-10T13:20:00.0,2026-01-19T18:57:45.531,"Any[53, 45, 37, 30, 25, 19, 11, 6, 1]",53,1
1494,2026-01-10T13:20:00.0,2026-01-19T18:57:45.531,"Any[7, 8, 13, 19, 25, 30, 37, 45, 53, 60]",7,60
1500,2026-01-10T13:20:00.0,2026-01-26T18:57:45.531,"Any[18, 26, 31, 36]",18,36
1502,2026-01-10T13:20:00.0,2026-02-02T18:57:45.531,"Any[53, 45, 37, 30, 25, 19, 10]",53,10
1507,2026-01-10T13:20:00.0,2026-01-12T18:57:45.531,"Any[26, 31, 36, 44, 54]",26,54
1516,2026-01-10T13:20:00.0,2026-01-12T18:57:45.531,"Any[53, 45, 37, 30, 25, 19, 10]",53,10
1517,2026-01-10T13:20:00.0,2026-01-12T18:57:45.531,"Any[1, 6, 11, 19, 25, 30, 37, 45, 56, 60]",1,60
1518,2026-01-10T13:20:00.0,2026-02-02T18:57:45.531,"Any[53, 45, 37, 30, 25, 19, 10]",53,10
1520,2026-01-10T13:20:00.0,2026-01-12T18:57:45.531,"Any[7, 8, 13, 19, 25, 30, 37, 45, 56]",7,56
1532,2026-01-10T13:20:00.0,2026-01-12T18:57:45.531,"Any[53, 45, 37, 30, 25, 19, 11, 6, 1]",53,1
1537,2026-01-10T13:20:00.0,2026-01-26T18:57:45.531,"Any[7, 8, 13, 19, 25, 30, 37, 45, 56]",7,56
1543,2026-01-10T13:20:00.0,2026-01-12T18:57:45.531,"Any[53, 45, 37, 30, 25, 19, 10]",53,10
1545,2026-01-10T13:20:00.0,2026-02-02T18:57:45.531,"Any[7, 8, 13, 19, 25, 30, 37, 45]",7,45
1548,2026-01-10T13:20:00.0,2026-01-19T18:57:45.531,"Any[1, 6, 11, 19, 23, 36, 44, 54, 60]",1,60
1556,2026-01-10T13:20:00.0,2026-02-02T18:57:45.531,"Any[26, 31, 36, 44, 54]",26,54
1569,2026-01-10T13:20:00.0,2026-01-12T18:57:45.531,"Any[5, 6, 11, 19, 25, 30, 37, 45]",5,45
1579,2026-01-10T13:20:00.0,2026-02-02T18:57:45.531,"Any[1, 6, 11, 19, 25, 30, 37, 45, 56]",1,56
1580,2026-01-10T13:20:00.0,2026-01-19T18:57:45.531,"Any[26, 31, 36, 44, 54]",26,54
1582,2026-01-10T13:20:00.0,2026-01-12T18:57:45.531,"Any[53, 45, 37, 30, 25, 19, 10]",53,10
1589,2026-01-10T13:20:00.0,2026-01-26T18:57:45.531,"Any[1, 6, 11, 19, 25, 30, 37, 45, 56]",1,56
1590,2026-01-10T13:20:00.0,2026-01-26T18:57:45.531,"Any[53, 45, 37, 30, 25, 19, 10]",53,10
1591,2026-01-10T13:20:00.0,2026-01-26T18:57:45.531,"Any[26, 31, 36, 44, 54]",26,54
1593,2026-01-10T13:20:00.0,2026-01-12T18:57:45.531,"Any[53, 45, 37, 30, 25, 19, 11, 6, 1]",53,1
1600,2026-01-10T13:20:00.0,2026-01-12T18:57:45.531,"Any[1, 6, 11, 19, 25, 30, 37, 45, 53, 60]",1,60
1602,2026-01-10T13:20:00.0,2026-01-19T18:57:45.531,"Any[26, 31, 36]",26,36
1608,2026-01-10T13:20:00.0,2026-02-02T18:57:45.531,"Any[53, 45, 37, 30, 25, 19, 10]",53,10
1612,2026-01-10T13:20:00.0,2026-02-02T18:57:45.531,"Any[53, 45, 37, 30, 25, 19, 10]",53,10
1619,2026-01-10T13:20:00.0,2026-01-26T18:57:45.531,"Any[56, 45, 37, 30, 25, 19, 10]",56,10
1623,2026-01-10T13:20:00.0,2026-01-12T18:57:45.531,"Any[53, 45, 37, 30, 25, 19, 10]",53,10
1629,2026-01-10T13:20:00.0,2026-01-12T18:57:45.531,"Any[45, 37, 30, 25, 19, 10]",45,10
1632,2026-01-10T13:20:00.0,2026-02-02T18:57:45.531,"Any[1, 6, 11, 19, 25, 30, 37, 45, 53, 60]",1,60
1633,2026-01-10T13:20:00.0,2026-02-02T18:57:45.531,"Any[56, 45, 37, 30, 25, 19, 10]",56,10
1634,2026-01-10T13:20:00.0,2026-01-19T18:57:45.531,"Any[26, 31, 36, 44, 54]",26,54
1638,2026-01-10T13:20:00.0,2026-01-19T18:57:45.531,"Any[1, 6, 11, 19, 23, 36, 44, 54, 60]",1,60
1648,2026-01-10T13:20:00.0,2026-01-19T18:57:45.531,"Any[53, 45, 37, 30, 25, 19, 11, 6, 1]",53,1
1649,2026-01-10T13:20:00.0,2026-01-19T18:57:45.531,"Any[26, 31, 36, 44, 54]",26,54
1653,2026-01-10T13:20:00.0,2026-01-26T18:57:45.531,"Any[7, 8, 13, 19, 25, 30, 37, 45, 53]",7,53
1674,2026-01-10T13:20:00.0,2026-01-12T18:57:45.531,"Any[1, 6, 11, 19, 23, 36, 44, 54, 60]",1,60
1687,2026-01-10T13:20:00.0,2026-01-26T18:57:45.531,"Any[1, 6, 11, 19, 23, 36, 44, 54, 60]",1,60
1688,2026-01-10T13:20:00.0,2026-01-19T18:57:45.531,"Any[7, 8, 13, 19, 25, 30, 37, 45]",7,45
1691,2026-01-10T13:20:00.0,2026-01-12T18:57:45.531,"Any[53, 45, 37, 30, 25, 19, 11, 6, 1]",53,1
1694,2026-01-10T13:20:00.0,2026-01-26T18:57:45.531,"Any[53, 45, 37, 30, 25, 19, 10]",53,10
1700,2026-01-10T13:20:00.0,2026-01-19T18:57:45.531,"Any[53, 45, 37, 30, 25, 19, 10]",53,10
1707,2026-01-10T13:20:00.0,2026-02-02T18:57:45.531,"Any[53, 45, 37, 30, 25, 19, 10]",53,10
1714,2026-01-10T13:20:00.0,2026-02-02T18:57:45.531,"Any[1, 6, 11, 19, 25, 30, 37, 45, 56]",1,56
1717,2026-01-10T13:20:00.0,2026-01-26T18:57:45.531,"Any[53, 45, 37, 30, 25, 19, 11, 6, 1]",53,1
1724,2026-01-10T13:20:00.0,2026-01-26T18:57:45.531,"Any[26, 31, 36, 44, 54]",26,54
1732,2026-01-10T13:20:00.0,2026-01-12T18:57:45.531,"Any[53, 45, 37, 30, 25, 19, 11, 6, 1]",53,1
1733,2026-01-10T13:20:00.0,2026-01-12T18:57:45.531,"Any[53, 45, 37, 30, 25, 19, 10]",53,10
1742,2026-01-10T13:20:00.0,2026-01-26T18:57:45.531,"Any[7, 8, 13, 19, 25, 30, 37, 45, 53]",7,53
1743,2026-01-10T13:20:00.0,2026-02-02T18:57:45.531,"Any[5, 6, 11, 19, 25, 30, 37, 45]",5,45
1754,2026-01-10T13:20:00.0,2026-01-19T18:57:45.531,"Any[53, 45, 37, 30, 25, 19, 10]",53,10
1755,2026-01-10T13:20:00.0,2026-01-19T18:57:45.531,"Any[26, 31, 36, 44, 54]",26,54
1756,2026-01-10T13:20:00.0,2026-02-02T18:57:45.531,"Any[56, 45, 37, 30, 25, 19, 10]",56,10
1764,2026-01-10T13:20:00.0,2026-02-02T18:57:45.531,"Any[1, 6, 11, 19, 25, 30, 37, 45, 53, 60]",1,60
1766,2026-01-10T13:20:00.0,2026-02-02T18:57:45.531,"Any[53, 45, 37, 30, 25, 19, 11, 6, 1]",53,1
1773,2026-01-10T13:20:00.0,2026-02-02T18:57:45.531,"Any[53, 45, 37, 30, 25, 19, 11, 6, 1]",53,1
1774,2026-01-10T13:20:00.0,2026-01-26T18:57:45.531,"Any[53, 45, 37, 30, 25, 19, 11, 6, 1]",53,1
1780,2026-01-10T13:20:00.0,2026-01-26T18:57:45.531,"Any[53, 45, 37, 30, 25, 19, 10]",53,10
1783,2026-01-10T13:20:00.0,2026-01-19T18:57:45.531,"Any[1, 6, 11, 19, 25, 30, 37, 45, 53, 60]",1,60
1784,2026-01-10T13:20:00.0,2026-01-19T18:57:45.531,"Any[53, 45, 37, 30, 25, 19, 10]",53,10
1785,2026-01-10T13:20:00.0,2026-01-12T18:57:45.531,"Any[1, 6, 11, 19, 25, 30, 37, 45, 53, 60]",1,60
1790,2026-01-10T13:20:00.0,2026-01-12T18:57:45.531,"Any[53, 45, 37, 30, 25, 19, 10]",53,10
1791,2026-01-10T13:20:00.0,2026-01-12T18:57:45.531,"Any[1, 6, 11, 19, 25, 30, 37, 45, 56]",1,56
1799,2026-01-10T13:20:00.0,2026-01-26T18:57:45.531,"Any[1, 6, 11, 19, 25, 30, 37, 45, 56]",1,56
1804,2026-01-10T13:20:00.0,2026-02-02T18:57:45.531,"Any[1, 6, 11, 19, 25, 30, 37, 45, 53, 60]",1,60
1811,2026-01-10T13:20:00.0,2026-01-12T18:57:45.531,"Any[7, 8, 13, 19, 25, 30, 37, 45, 53]",7,53
1817,2026-01-10T13:20:00.0,2026-01-19T18:57:45.531,"Any[53, 45, 37, 30, 25, 19, 11, 6, 1]",53,1
1818,2026-01-10T13:20:00.0,2026-02-02T18:57:45.531,"Any[53, 45, 37, 30, 25, 19, 10]",53,10
1822,2026-01-10T13:20:00.0,2026-01-19T18:57:45.531,"Any[7, 8, 13, 19, 25, 30, 37, 45, 53]",7,53
1823,2026-01-10T13:20:00.0,2026-01-19T18:57:45.531,"Any[1, 6, 11, 19, 25, 30, 37, 45, 56, 60]",1,60
1829,2026-01-10T13:20:00.0,2026-01-19T18:57:45.531,"Any[7, 8, 13, 19, 25, 30, 37, 45, 53]",7,53
1830,2026-01-10T13:20:00.0,2026-01-12T18:57:45.531,"Any[26, 31, 36, 44, 54]",26,54
1832,2026-01-10T13:20:00.0,2026-02-02T18:57:45.531,"Any[53, 45, 37, 30, 25, 19, 11, 6, 1]",53,1
1834,2026-01-10T13:20:00.0,2026-01-12T18:57:45.531,"Any[53, 45, 37, 30, 25, 19, 11, 6, 1]",53,1
1835,2026-01-10T13:20:00.0,2026-01-12T18:57:45.531,"Any[53, 45, 37, 30, 25, 19, 10]",53,10
1837,2026-01-10T13:20:00.0,2026-01-19T18:57:45.531,"Any[1, 6, 11, 19, 25, 30, 37, 45, 56]",1,56
1844,2026-01-10T13:20:00.0,2026-01-12T18:57:45.531,"Any[53, 45, 37, 30, 25, 19, 10]",53,10
1846,2026-01-10T13:20:00.0,2026-02-02T18:57:45.531,"Any[1, 6, 11, 19, 23, 36, 44, 54, 60]",1,60
2426,2026-01-10T13:20:00.0,2026-01-19T18:57:45.531,Any[],47,22
2705,2026-01-10T13:20:00.0,2026-02-02T18:57:45.531,"Any[26, 31, 36, 44, 54]",26,54
2707,2026-01-10T13:20:00.0,2026-01-26T18:57:45.531,"Any[26, 31, 36, 44, 54]",26,54
2711,2026-01-10T13:20:00.0,2026-01-12T18:57:45.531,"Any[26, 31, 36, 44, 54]",26,54
2717,2026-01-10T13:20:00.0,2026-01-19T18:57:45.531,"Any[26, 31, 36, 44, 54]",26,54
2719,2026-01-10T13:20:00.0,2026-01-19T18:57:45.531,"Any[26, 31, 36, 44, 54]",26,54
2737,2026-01-10T13:20:00.0,2026-01-19T18:57:45.531,"Any[26, 31, 36, 44, 54]",26,54
2744,2026-01-10T13:20:00.0,2026-02-02T18:57:45.531,"Any[26, 31, 36, 44, 54]",26,54
2748,2026-01-10T13:20:00.0,2026-01-26T18:57:45.531,"Any[26, 31, 36, 44, 54]",26,54
2749,2026-01-10T13:20:00.0,2026-01-19T18:57:45.531,"Any[26, 31, 36, 44, 54]",26,54
2751,2026-01-10T13:20:00.0,2026-02-02T18:57:45.531,"Any[26, 31, 36, 44, 54]",26,54
2761,2026-01-10T13:20:00.0,2026-02-02T18:57:45.531,"Any[26, 31, 36, 44, 54]",26,54
2768,2026-01-10T13:20:00.0,2026-01-12T18:57:45.531,"Any[26, 31, 36, 44, 54]",26,54
2771,2026-01-10T13:20:00.0,2026-02-02T18:57:45.531,"Any[26, 31, 36, 44, 54]",26,54
2780,2026-01-10T13:20:00.0,2026-02-02T18:57:45.531,"Any[26, 31, 36, 44, 54]",26,54
2781,2026-01-10T13:20:00.0,2026-02-02T18:57:45.531,"Any[26, 31, 36, 44, 54]",26,54
2788,2026-01-10T13:20:00.0,2026-01-26T18:57:45.531,"Any[26, 31, 36, 44, 54]",26,54
2800,2026-01-10T13:20:00.0,2026-01-19T18:57:45.531,"Any[26, 31, 36, 44, 54]",26,54
2801,2026-01-10T13:20:00.0,2026-01-26T18:57:45.531,"Any[26, 31, 36, 44, 54]",26,54
2805,2026-01-10T13:20:00.0,2026-02-02T18:57:45.531,"Any[26, 31, 36, 44, 54]",26,54
2806,2026-01-10T13:20:00.0,2026-01-26T18:57:45.531,"Any[26, 31, 36, 44, 54]",26,54
2810,2026-01-10T13:20:00.0,2026-01-19T18:57:45.531,"Any[26, 31, 36, 44, 54]",26,54
2815,2026-01-10T13:20:00.0,2026-02-02T18:57:45.531,"Any[26, 31, 36, 44, 54]",26,54
2819,2026-01-10T13:20:00.0,2026-01-12T18:57:45.531,"Any[26, 31, 36, 44, 54]",26,54
2824,2026-01-10T13:20:00.0,2026-02-02T18:57:45.531,"Any[26, 31, 36, 44, 54]",26,54
2826,2026-01-10T13:20:00.0,2026-01-12T18:57:45.531,"Any[26, 31, 36, 44, 54]",26,54
2828,2026-01-10T13:20:00.0,2026-01-26T18:57:45.531,"Any[26, 31, 36, 44, 54]",26,54
2831,2026-01-10T13:20:00.0,2026-02-02T18:57:45.531,"Any[26, 31, 36, 44, 54]",26,54
2832,2026-01-10T13:20:00.0,2026-02-02T18:57:45.531,"Any[26, 31, 36, 44, 54]",26,54
2834,2026-01-10T13:20:00.0,2026-01-26T18:57:45.531,"Any[26, 31, 36, 44, 54]",26,54
2838,2026-01-10T13:20:00.0,2026-01-26T18:57:45.531,"Any[26, 31, 36, 44, 54]",26,54
2840,2026-01-10T13:20:00.0,2026-01-19T18:57:45.531,"Any[26, 31, 36, 44, 54]",26,54
2842,2026-01-10T13:20:00.0,2026-02-02T18:57:45.531,"Any[26, 31, 36, 44, 54]",26,54
2843,2026-01-10T13:20:00.0,2026-01-26T18:57:45.531,"Any[26, 31, 36, 44, 54]",26,54
2844,2026-01-10T13:20:00.0,2026-02-02T18:57:45.531,"Any[26, 31, 36, 44, 54]",26,54
2848,2026-01-10T13:20:00.0,2026-01-26T18:57:45.531,"Any[26, 31, 36, 44, 54]",26,54
2856,2026-01-10T13:20:00.0,2026-01-12T18:57:45.531,"Any[26, 31, 36, 44, 54]",26,54
2858,2026-01-10T13:20:00.0,2026-01-26T18:57:45.531,"Any[26, 31, 36, 44, 54]",26,54
2859,2026-01-10T13:20:00.0,2026-01-26T18:57:45.531,"Any[26, 31, 36, 44, 54]",26,54
2860,2026-01-10T13:20:00.0,2026-02-02T18:57:45.531,"Any[26, 31, 36, 44, 54]",26,54
2867,2026-01-10T13:20:00.0,2026-01-19T18:57:45.531,"Any[26, 31, 36, 44, 54]",26,54
2872,2026-01-10T13:20:00.0,2026-02-02T18:57:45.531,"Any[26, 31, 36, 44, 54]",26,54
2880,2026-01-10T13:20:00.0,2026-01-26T18:57:45.531,"Any[26, 31, 36, 44, 54]",26,54
2882,2026-01-10T13:20:00.0,2026-02-02T18:57:45.531,"Any[26, 31, 36, 44, 54]",26,54
2885,2026-01-10T13:20:00.0,2026-01-12T18:57:45.531,"Any[26, 31, 36, 44, 54]",26,54
2886,2026-01-10T13:20:00.0,2026-01-12T18:57:45.531,"Any[26, 31, 36, 44, 54]",26,54
2906,2026-01-10T13:20:00.0,2026-02-02T18:57:45.531,"Any[26, 31, 36, 44, 54]",26,54
2909,2026-01-10T13:20:00.0,2026-01-19T18:57:45.531,"Any[26, 31, 36, 44, 54]",26,54
2912,2026-01-10T13:20:00.0,2026-01-26T18:57:45.531,"Any[26, 31, 36, 44, 54]",26,54
2930,2026-01-10T13:20:00.0,2026-02-02T18:57:45.531,"Any[26, 31, 36, 44, 54]",26,54
2940,2026-01-10T13:20:00.0,2026-01-19T18:57:45.531,"Any[26, 31, 36, 44, 54]",26,54
2946,2026-01-10T13:20:00.0,2026-01-19T18:57:45.531,"Any[26, 31, 36, 44, 54]",26,54
2947,2026-01-10T13:20:00.0,2026-01-12T18:57:45.531,"Any[26, 31, 36, 44, 54]",26,54
2950,2026-01-10T13:20:00.0,2026-01-12T18:57:45.531,"Any[26, 31, 36, 44, 54]",26,54
2956,2026-01-10T13:20:00.0,2026-01-19T18:57:45.531,"Any[26, 31, 36, 44, 54]",26,54
2958,2026-01-10T13:20:00.0,2026-01-26T18:57:45.531,"Any[26, 31, 36, 44, 54]",26,54
2962,2026-01-10T13:20:00.0,2026-01-12T18:57:45.531,"Any[26, 31, 36, 44, 54]",26,54
2964,2026-01-10T13:20:00.0,2026-01-12T18:57:45.531,"Any[26, 31, 36, 44, 54]",26,54
2977,2026-01-10T13:20:00.0,2026-01-19T18:57:45.531,"Any[26, 31, 36, 44, 54]",26,54
2978,2026-01-10T13:20:00.0,2026-02-02T18:57:45.531,"Any[26, 31, 36, 44, 54]",26,54
2980,2026-01-10T13:20:00.0,2026-01-12T18:57:45.531,"Any[26, 31, 36, 44, 54]",26,54
2985,2026-01-10T13:20:00.0,2026-01-19T18:57:45.531,"Any[26, 31, 36, 44, 54]",26,54
2986,2026-01-10T13:20:00.0,2026-01-12T18:57:45.531,"Any[26, 31, 36, 44, 54]",26,54
2995,2026-01-10T13:20:00.0,2026-01-19T18:57:45.531,"Any[26, 31, 36, 44, 54]",26,54
3000,2026-01-10T13:20:00.0,2026-01-26T18:57:45.531,"Any[26, 31, 36, 44, 54]",26,54
3004,2026-01-10T13:20:00.0,2026-01-12T18:57:45.531,"Any[26, 31, 36, 44, 54]",26,54
3009,2026-01-10T13:20:00.0,2026-02-02T18:57:45.531,"Any[26, 31, 36, 44, 54]",26,54
3015,2026-01-10T13:20:00.0,2026-01-12T18:57:45.531,"Any[26, 31, 36, 44, 54]",26,54
3016,2026-01-10T13:20:00.0,2026-01-12T18:57:45.531,"Any[26, 31, 36, 44, 54]",26,54
3022,2026-01-10T13:20:00.0,2026-01-19T18:57:45.531,"Any[26, 31, 36, 44, 54]",26,54
3030,2026-01-10T13:20:00.0,2026-01-26T18:57:45.531,"Any[26, 31, 36, 44, 54]",26,54
3032,2026-01-10T13:20:00.0,2026-01-12T18:57:45.531,"Any[26, 31, 36, 44, 54]",26,54
3033,2026-01-10T13:20:00.0,2026-01-19T18:57:45.531,"Any[26, 31, 36, 44, 54]",26,54
3034,2026-01-10T13:20:00.0,2026-01-12T18:57:45.531,"Any[26, 31, 36, 44, 54]",26,54
3037,2026-01-10T13:20:00.0,2026-01-12T18:57:45.531,"Any[26, 31, 36, 44, 54]",26,54
3041,2026-01-10T13:20:00.0,2026-01-26T18:57:45.531,"Any[26, 31, 36, 44, 54]",26,54
3047,2026-01-10T13:20:00.0,2026-01-26T18:57:45.531,"Any[26, 31, 36, 44, 54]",26,54
3048,2026-01-10T13:20:00.0,2026-01-26T18:57:45.531,"Any[26, 31, 36, 44, 54]",26,54
3061,2026-01-10T13:20:00.0,2026-01-12T18:57:45.531,"Any[26, 31, 36, 44, 54]",26,54
3067,2026-01-10T13:20:00.0,2026-01-12T18:57:45.531,"Any[26, 31, 36, 44, 54]",26,54
3075,2026-01-10T13:20:00.0,2026-01-12T18:57:45.531,"Any[26, 31, 36, 44, 54]",26,54
3076,2026-01-10T13:20:00.0,2026-01-26T18:57:45.531,"Any[26, 31, 36, 44, 54]",26,54
3098,2026-01-10T13:20:00.0,2026-01-26T18:57:45.531,"Any[26, 31, 36, 44, 54]",26,54
3099,2026-01-10T13:20:00.0,2026-01-12T18:57:45.531,"Any[26, 31, 36, 44, 54]",26,54
3112,2026-01-10T13:20:00.0,2026-01-26T18:57:45.531,"Any[26, 31, 36, 44, 54]",26,54
3118,2026-01-10T13:20:00.0,2026-02-02T18:57:45.531,"Any[26, 31, 36, 44, 54]",26,54
3121,2026-01-10T13:20:00.0,2026-02-02T18:57:45.531,"Any[26, 31, 36, 44, 54]",26,54
3124,2026-01-10T13:20:00.0,2026-01-12T18:57:45.531,"Any[26, 31, 36, 44, 54]",26,54
3149,2026-01-10T13:20:00.0,2026-01-12T18:57:45.531,"Any[26, 31, 36, 44, 54]",26,54
3156,2026-01-10T13:20:00.0,2026-01-19T18:57:45.531,"Any[26, 31, 36, 44, 54]",26,54
3159,2026-01-10T13:20:00.0,2026-01-12T18:57:45.531,"Any[26, 31, 36, 44, 54]",26,54
3165,2026-01-10T13:20:00.0,2026-02-02T18:57:45.531,"Any[26, 31, 36, 44, 54]",26,54
3167,2026-01-10T13:20:00.0,2026-01-12T18:57:45.531,"Any[26, 31, 36, 44, 54]",26,54
3169,2026-01-10T13:20:00.0,2026-02-02T18:57:45.531,"Any[26, 31, 36, 44, 54]",26,54
3173,2026-01-10T13:20:00.0,2026-01-19T18:57:45.531,"Any[26, 31, 36, 44, 54]",26,54
3178,2026-01-10T13:20:00.0,2026-01-26T18:57:45.531,"Any[7, 8, 13, 19, 25, 30, 37, 45, 56]",7,56
3180,2026-01-10T13:20:00.0,2026-01-12T18:57:45.531,"Any[7, 8, 13, 19, 25, 30, 37, 45, 56]",7,56
3189,2026-01-10T13:20:00.0,2026-01-26T18:57:45.531,"Any[7, 8, 13, 19, 25, 30, 37, 45, 56]",7,56
3193,2026-01-10T13:20:00.0,2026-01-12T18:57:45.531,"Any[9, 15, 26, 31, 36, 44, 54, 60]",9,60
3198,2026-01-10T13:20:00.0,2026-02-02T18:57:45.531,"Any[9, 15, 26, 31, 36, 44, 54, 60]",9,60
2028,2026-01-10T13:21:00.0,2026-01-19T18:58:45.531,Any[],54,26
2559,2026-01-10T13:21:00.0,2026-01-19T18:58:45.531,Any[],47,22
2331,2026-01-10T13:22:00.0,2026-02-02T18:59:45.531,Any[],47,22
2498,2026-01-10T13:22:00.0,2026-01-12T18:59:45.531,Any[],47,22
1980,2026-01-10T13:24:00.0,2026-02-02T19:01:45.531,Any[],54,26
2205,2026-01-10T13:24:00.0,2026-01-12T19:01:45.531,Any[],54,26
2342,2026-01-10T13:24:00.0,2026-01-12T19:01:45.531,Any[],47,22
2009,2026-01-10T13:25:00.0,2026-01-26T19:02:45.531,Any[],54,26
2249,2026-01-10T13:25:00.0,2026-01-19T19:02:45.531,Any[],54,26
2436,2026-01-10T13:25:00.0,2026-01-26T19:02:45.531,Any[],47,22
2220,2026-01-10T13:26:00.0,2026-01-19T19:03:45.531,Any[],54,26
2372,2026-01-10T13:26:00.0,2026-01-26T19:03:45.531,Any[],47,22
2467,2026-01-10T13:26:00.0,2026-01-26T19:03:45.531,Any[],47,22
2127,2026-01-10T13:27:00.0,2026-02-02T19:04:45.531,Any[],54,26
2253,2026-01-10T13:27:00.0,2026-01-26T19:04:45.531,Any[],54,26
1968,2026-01-10T13:28:00.0,2026-01-19T19:05:45.531,Any[],54,26
2465,2026-01-10T13:28:00.0,2026-01-26T19:05:45.531,Any[],47,22
2568,2026-01-10T13:28:00.0,2026-02-02T19:05:45.531,Any[],47,22
2056,2026-01-10T13:29:00.0,2026-01-12T19:06:45.531,Any[],54,26
2223,2026-01-10T13:29:00.0,2026-01-26T19:06:45.531,Any[],54,26
2335,2026-01-10T13:29:00.0,2026-01-26T19:06:45.531,Any[],47,22
2548,2026-01-10T13:29:00.0,2026-02-02T19:06:45.531,Any[],47,22
1860,2026-01-10T13:30:00.0,2026-01-19T19:07:45.531,Any[],54,26
2027,2026-01-10T13:30:00.0,2026-02-02T19:07:45.531,Any[],54,26
2169,2026-01-10T13:30:00.0,2026-01-12T19:07:45.531,Any[],54,26
2338,2026-01-10T13:30:00.0,2026-01-19T19:07:45.531,Any[],47,22
2488,2026-01-10T13:30:00.0,2026-02-02T19:07:45.531,Any[],47,22
2267,2026-01-10T13:31:00.0,2026-01-12T19:08:45.531,Any[],54,26
2663,2026-01-10T13:31:00.0,2026-02-02T19:08:45.531,Any[],47,22
2479,2026-01-10T13:32:00.0,2026-01-19T19:09:45.531,Any[],47,22
2339,2026-01-10T13:33:00.0,2026-01-26T19:10:45.531,Any[],47,22
2378,2026-01-10T13:34:00.0,2026-01-26T19:11:45.531,Any[],47,22
2643,2026-01-10T13:34:00.0,2026-01-26T19:11:45.531,Any[],47,22
2390,2026-01-10T13:35:00.0,2026-01-19T19:12:45.531,Any[],47,22
2622,2026-01-10T13:35:00.0,2026-01-12T19:12:45.531,Any[],47,22
2658,2026-01-10T13:35:00.0,2026-01-19T19:12:45.531,Any[],47,22
1852,2026-01-10T13:36:00.0,2026-01-26T19:13:45.531,Any[],54,26
2092,2026-01-10T13:36:00.0,2026-01-19T19:13:45.531,Any[],54,26
2409,2026-01-10T13:36:00.0,2026-01-19T19:13:45.531,Any[],47,22
2424,2026-01-10T13:36:00.0,2026-01-19T19:13:45.531,Any[],47,22
2586,2026-01-10T13:36:00.0,2026-01-19T19:13:45.531,Any[],47,22
1976,2026-01-10T13:38:00.0,2026-02-02T19:15:45.531,Any[],54,26
2146,2026-01-10T13:38:00.0,2026-01-12T19:15:45.531,Any[],54,26
2452,2026-01-10T13:39:00.0,2026-01-26T19:16:45.531,Any[],47,22
2608,2026-01-10T13:39:00.0,2026-02-02T19:16:45.531,Any[],47,22
2123,2026-01-10T13:40:00.0,2026-02-02T19:17:45.531,Any[],54,26
2350,2026-01-10T13:40:00.0,2026-01-26T19:17:45.531,Any[],47,22
2637,2026-01-10T13:40:00.0,2026-02-02T19:17:45.531,Any[],47,22
2315,2026-01-10T13:41:00.0,2026-01-19T19:18:45.531,Any[],47,22
2337,2026-01-10T13:41:00.0,2026-02-02T19:18:45.531,Any[],47,22
2468,2026-01-10T13:41:00.0,2026-02-02T19:18:45.531,Any[],47,22
2248,2026-01-10T13:42:00.0,2026-01-12T19:19:45.531,Any[],54,26
2454,2026-01-10T13:42:00.0,2026-01-12T19:19:45.531,Any[],47,22
2486,2026-01-10T13:42:00.0,2026-01-12T19:19:45.531,Any[],47,22
2193,2026-01-10T13:44:00.0,2026-01-12T19:21:45.531,Any[],54,26
2258,2026-01-10T13:44:00.0,2026-01-12T19:21:45.531,Any[],54,26
2041,2026-01-10T13:45:00.0,2026-01-12T19:22:45.531,Any[],54,26
2200,2026-01-10T13:45:00.0,2026-01-26T19:22:45.531,Any[],54,26
2314,2026-01-10T13:45:00.0,2026-01-12T19:22:45.531,Any[],54,26
2355,2026-01-10T13:45:00.0,2026-01-19T19:22:45.531,Any[],47,22
2360,2026-01-10T13:45:00.0,2026-01-12T19:22:45.531,Any[],47,22
2133,2026-01-10T13:46:00.0,2026-01-19T19:23:45.531,Any[],54,26
2284,2026-01-10T13:46:00.0,2026-01-26T19:23:45.531,Any[],54,26
2695,2026-01-10T13:46:00.0,2026-01-12T19:23:45.531,Any[],47,22
1964,2026-01-10T13:47:00.0,2026-02-02T19:24:45.531,Any[],54,26
2699,2026-01-10T13:47:00.0,2026-01-12T19:24:45.531,Any[],47,22
1909,2026-01-10T13:48:00.0,2026-01-26T19:25:45.531,Any[],54,26
2629,2026-01-10T13:48:00.0,2026-02-02T19:25:45.531,Any[],47,22
1917,2026-01-10T13:49:00.0,2026-01-19T19:26:45.531,Any[],54,26
2542,2026-01-10T13:49:00.0,2026-01-19T19:26:45.531,Any[],47,22
2155,2026-01-10T13:50:00.0,2026-01-19T19:27:45.531,Any[],54,26
2238,2026-01-10T13:50:00.0,2026-01-12T19:27:45.531,Any[],54,26
2242,2026-01-10T13:50:00.0,2026-01-12T19:27:45.531,Any[],54,26
2563,2026-01-10T13:50:00.0,2026-01-26T19:27:45.531,Any[],47,22
2627,2026-01-10T13:50:00.0,2026-01-19T19:27:45.531,Any[],47,22
2385,2026-01-10T13:51:00.0,2026-01-19T19:28:45.531,Any[],47,22
2449,2026-01-10T13:51:00.0,2026-01-26T19:28:45.531,Any[],47,22
2117,2026-01-10T13:52:00.0,2026-01-12T19:29:45.531,Any[],54,26
2605,2026-01-10T13:52:00.0,2026-02-02T19:29:45.531,Any[],47,22
2101,2026-01-10T13:53:00.0,2026-01-19T19:30:45.531,Any[],54,26
2116,2026-01-10T13:54:00.0,2026-01-26T19:31:45.531,Any[],54,26
2310,2026-01-10T13:54:00.0,2026-01-12T19:31:45.531,Any[],54,26
2423,2026-01-10T13:54:00.0,2026-01-19T19:31:45.531,Any[],47,22
2012,2026-01-10T13:55:00.0,2026-02-02T19:32:45.531,Any[],54,26
2324,2026-01-10T13:55:00.0,2026-01-19T19:32:45.531,Any[],47,22
2520,2026-01-10T13:55:00.0,2026-02-02T19:32:45.531,Any[],47,22
2532,2026-01-10T13:56:00.0,2026-01-19T19:33:45.531,Any[],47,22
1900,2026-01-10T13:57:00.0,2026-01-26T19:34:45.531,Any[],54,26
2518,2026-01-14T07:00:00.0,2026-01-23T12:37:45.531,Any[],47,22
6,2026-01-14T07:06:40.0,2026-01-23T12:44:25.531,"Any[26, 31, 36, 44, 54]",26,54
10,2026-01-14T07:06:40.0,2026-01-30T12:44:25.531,"Any[53, 45, 37, 30, 25, 19, 10]",53,10
14,2026-01-14T07:06:40.0,2026-01-09T12:44:25.531,"Any[7, 8, 13, 19, 30, 37, 45, 53, 60]",7,60
31,2026-01-14T07:06:40.0,2026-01-30T12:44:25.531,"Any[53, 45, 37, 30, 25, 19, 10]",53,10
49,2026-01-14T07:06:40.0,2026-01-16T12:44:25.531,"Any[53, 45, 37, 30, 25, 19, 10]",53,10
78,2026-01-14T07:06:40.0,2026-01-09T12:44:25.531,"Any[7, 8, 13, 19, 25, 30, 37, 45, 53, 60]",7,60
114,2026-01-14T07:06:40.0,2026-01-09T12:44:25.531,"Any[7, 8, 13, 19, 25, 30, 37, 45, 56]",7,56
165,2026-01-14T07:06:40.0,2026-01-30T12:44:25.531,"Any[1, 6, 10, 19, 23, 36, 44, 54, 60]",1,60
212,2026-01-14T07:06:40.0,2026-01-30T12:44:25.531,"Any[7, 8, 13, 19, 25, 30, 37, 45, 53]",7,53
230,2026-01-14T07:06:40.0,2026-01-09T12:44:25.531,"Any[1, 6, 11, 19, 23, 36, 44, 54, 60]",1,60
249,2026-01-14T07:06:40.0,2026-01-16T12:44:25.531,"Any[7, 8, 13, 19, 25, 30, 37, 45, 56]",7,56
268,2026-01-14T07:06:40.0,2026-01-09T12:44:25.531,"Any[53, 45, 37, 30, 25, 19, 10]",53,10
291,2026-01-14T07:06:40.0,2026-01-09T12:44:25.531,"Any[45, 37, 30, 25, 19, 10]",45,10
313,2026-01-14T07:06:40.0,2026-01-16T12:44:25.531,"Any[7, 8, 13, 19, 25, 30, 37, 45, 53, 60]",7,60
319,2026-01-14T07:06:40.0,2026-01-16T12:44:25.531,"Any[45, 37, 30, 25, 19, 10]",45,10
367,2026-01-14T07:06:40.0,2026-01-09T12:44:25.531,"Any[1, 6, 11, 19, 23, 28, 36, 44, 60]",1,60
373,2026-01-14T07:06:40.0,2026-01-23T12:44:25.531,"Any[26, 31, 36, 44, 54]",26,54
387,2026-01-14T07:06:40.0,2026-01-30T12:44:25.531,"Any[10, 19, 25, 30, 37, 45, 53, 60]",10,60
393,2026-01-14T07:06:40.0,2026-01-23T12:44:25.531,"Any[10, 25, 30, 37, 45, 53, 60]",10,60
397,2026-01-14T07:06:40.0,2026-01-23T12:44:25.531,"Any[26, 31, 36, 44, 54]",26,54
406,2026-01-14T07:06:40.0,2026-01-09T12:44:25.531,"Any[1, 6, 11, 16, 25, 30, 37, 45, 56]",1,56
413,2026-01-14T07:06:40.0,2026-01-16T12:44:25.531,"Any[7, 8, 13, 19, 25, 30, 37, 45, 53]",7,53
437,2026-01-14T07:06:40.0,2026-01-30T12:44:25.531,"Any[53, 45, 37, 30, 25, 19, 10]",53,10
443,2026-01-14T07:06:40.0,2026-01-09T12:44:25.531,"Any[53, 45, 37, 30, 25, 19, 10]",53,10
447,2026-01-14T07:06:40.0,2026-01-09T12:44:25.531,"Any[45, 37, 30, 25, 19, 10]",45,10
453,2026-01-14T07:06:40.0,2026-01-23T12:44:25.531,"Any[7, 8, 13, 19, 25, 30, 37, 45, 53]",7,53
455,2026-01-14T07:06:40.0,2026-01-16T12:44:25.531,"Any[26, 31, 36, 44, 54]",26,54
539,2026-01-14T07:06:40.0,2026-01-16T12:44:25.531,"Any[53, 45, 37, 30, 25, 19, 10]",53,10
580,2026-01-14T07:06:40.0,2026-01-16T12:44:25.531,"Any[26, 31, 36, 44, 54]",26,54
582,2026-01-14T07:06:40.0,2026-01-16T12:44:25.531,"Any[53, 45, 37, 30, 25, 19, 10]",53,10
587,2026-01-14T07:06:40.0,2026-01-23T12:44:25.531,"Any[7, 8, 13, 19, 25, 30, 37, 45, 53]",7,53
594,2026-01-14T07:06:40.0,2026-01-09T12:44:25.531,"Any[53, 45, 37, 30, 25, 19, 11, 6, 1]",53,1
627,2026-01-14T07:06:40.0,2026-01-23T12:44:25.531,"Any[53, 45, 37, 30, 25, 19, 10]",53,10
674,2026-01-14T07:06:40.0,2026-01-16T12:44:25.531,"Any[1, 6, 11, 19, 25, 30, 37, 45, 56]",1,56
679,2026-01-14T07:06:40.0,2026-01-16T12:44:25.531,"Any[1, 6, 11, 19, 23, 28, 36, 44, 60]",1,60
683,2026-01-14T07:06:40.0,2026-01-16T12:44:25.531,"Any[26, 31, 36]",26,36
684,2026-01-14T07:06:40.0,2026-01-30T12:44:25.531,"Any[7, 8, 13, 19, 25, 30, 37, 45, 53]",7,53
699,2026-01-14T07:06:40.0,2026-01-23T12:44:25.531,"Any[53, 45, 37, 30, 25, 19, 10]",53,10
724,2026-01-14T07:06:40.0,2026-01-09T12:44:25.531,"Any[53, 45, 37, 30, 25, 19, 11, 6, 1]",53,1
747,2026-01-14T07:06:40.0,2026-01-09T12:44:25.531,"Any[53, 45, 37, 30, 25, 19, 10]",53,10
766,2026-01-14T07:06:40.0,2026-01-23T12:44:25.531,"Any[53, 45, 37, 30, 25, 19, 11, 6, 1]",53,1
778,2026-01-14T07:06:40.0,2026-01-23T12:44:25.531,"Any[53, 45, 37, 30, 25, 19, 10]",53,10
785,2026-01-14T07:06:40.0,2026-01-16T12:44:25.531,"Any[7, 8, 13, 19, 25, 30, 37, 45, 53]",7,53
800,2026-01-14T07:06:40.0,2026-01-30T12:44:25.531,"Any[7, 8, 13, 19, 25, 30, 37, 45, 53]",7,53
832,2026-01-14T07:06:40.0,2026-01-16T12:44:25.531,"Any[45, 37, 30, 25, 19, 10]",45,10
853,2026-01-14T07:06:40.0,2026-01-23T12:44:25.531,"Any[1, 6, 11, 16, 25, 30, 37, 45, 56]",1,56
882,2026-01-14T07:06:40.0,2026-01-09T12:44:25.531,"Any[7, 8, 13, 19, 25, 30, 37, 45, 53, 60]",7,60
899,2026-01-14T07:06:40.0,2026-01-23T12:44:25.531,"Any[18, 26, 31, 36, 44, 54]",18,54
908,2026-01-14T07:06:40.0,2026-01-23T12:44:25.531,"Any[18, 26, 31, 36, 44, 54]",18,54
920,2026-01-14T07:06:40.0,2026-01-09T12:44:25.531,"Any[53, 45, 37, 30, 25, 19, 10]",53,10
935,2026-01-14T07:06:40.0,2026-01-16T12:44:25.531,"Any[1, 6, 10, 19, 23, 36, 44, 54, 60]",1,60
964,2026-01-14T07:06:40.0,2026-01-09T12:44:25.531,"Any[7, 8, 13, 19, 25, 30, 37, 45]",7,45
984,2026-01-14T07:06:40.0,2026-01-09T12:44:25.531,"Any[7, 8, 13, 19, 25, 30, 37, 45, 53]",7,53
990,2026-01-14T07:06:40.0,2026-01-09T12:44:25.531,"Any[7, 8, 13, 19, 25, 30, 37, 45, 53, 60]",7,60
1001,2026-01-14T07:06:40.0,2026-01-09T12:44:25.531,"Any[7, 8, 13, 19, 25, 30, 37, 45, 53, 60]",7,60
1005,2026-01-14T07:06:40.0,2026-01-30T12:44:25.531,"Any[1, 6, 11, 19, 23, 36, 44, 54, 60]",1,60
1019,2026-01-14T07:06:40.0,2026-01-16T12:44:25.531,"Any[53, 45, 37, 30, 25, 19, 10]",53,10
1023,2026-01-14T07:06:40.0,2026-01-23T12:44:25.531,"Any[53, 45, 37, 30, 25, 19, 11, 6, 1]",53,1
1029,2026-01-14T07:06:40.0,2026-01-30T12:44:25.531,"Any[7, 8, 13, 19, 25, 30, 37, 45, 53]",7,53
1072,2026-01-14T07:06:40.0,2026-01-16T12:44:25.531,"Any[45, 37, 30, 25, 19, 10]",45,10
1079,2026-01-14T07:06:40.0,2026-01-30T12:44:25.531,"Any[26, 31, 36, 44, 54]",26,54
1099,2026-01-14T07:06:40.0,2026-01-23T12:44:25.531,"Any[53, 45, 37, 30, 25, 19, 10]",53,10
1105,2026-01-14T07:06:40.0,2026-01-30T12:44:25.531,"Any[53, 45, 37, 30, 25, 19, 10]",53,10
1123,2026-01-14T07:06:40.0,2026-01-16T12:44:25.531,"Any[7, 8, 13, 19, 25, 30, 37, 45, 53]",7,53
1131,2026-01-14T07:06:40.0,2026-01-16T12:44:25.531,"Any[7, 8, 13, 19, 25, 30, 37, 45, 53]",7,53
1153,2026-01-14T07:06:40.0,2026-01-23T12:44:25.531,"Any[1, 6, 10, 19, 23, 36, 44, 54, 60]",1,60
1171,2026-01-14T07:06:40.0,2026-01-23T12:44:25.531,"Any[1, 6, 11, 19, 23, 28, 36, 44, 54, 60]",1,60
1193,2026-01-14T07:06:40.0,2026-01-16T12:44:25.531,"Any[53, 45, 37, 30, 25, 19, 10]",53,10
1213,2026-01-14T07:06:40.0,2026-01-16T12:44:25.531,"Any[53, 45, 37, 30, 25, 19, 10]",53,10
1240,2026-01-14T07:06:40.0,2026-01-30T12:44:25.531,"Any[53, 45, 37, 30, 25, 19, 10]",53,10
1272,2026-01-14T07:06:40.0,2026-01-09T12:44:25.531,"Any[7, 8, 13, 19, 25, 30, 37, 45, 53]",7,53
1274,2026-01-14T07:06:40.0,2026-01-16T12:44:25.531,"Any[10, 19, 25, 30, 37, 45, 53, 60]",10,60
1275,2026-01-14T07:06:40.0,2026-01-23T12:44:25.531,"Any[53, 45, 37, 30, 25, 19, 10]",53,10
1279,2026-01-14T07:06:40.0,2026-01-30T12:44:25.531,"Any[53, 45, 37, 30, 25, 19, 10]",53,10
1320,2026-01-14T07:06:40.0,2026-01-09T12:44:25.531,"Any[53, 45, 37, 30, 25, 19, 10]",53,10
1331,2026-01-14T07:06:40.0,2026-01-30T12:44:25.531,"Any[53, 45, 37, 30, 25, 19, 10]",53,10
1346,2026-01-14T07:06:40.0,2026-01-30T12:44:25.531,"Any[10, 19, 25, 30, 37, 45, 53, 60]",10,60
1453,2026-01-14T07:06:40.0,2026-01-23T12:44:25.531,"Any[7, 8, 13, 19, 25, 30, 37, 45, 53, 60]",7,60
1456,2026-01-14T07:06:40.0,2026-01-09T12:44:25.531,"Any[53, 45, 37, 30, 25, 19, 10]",53,10
1467,2026-01-14T07:06:40.0,2026-01-09T12:44:25.531,"Any[7, 8, 13, 19, 25, 30, 37, 45, 53]",7,53
1471,2026-01-14T07:06:40.0,2026-01-16T12:44:25.531,"Any[26, 31, 36, 44, 54]",26,54
1478,2026-01-14T07:06:40.0,2026-01-23T12:44:25.531,"Any[56, 45, 37, 30, 25, 19, 10]",56,10
1482,2026-01-14T07:06:40.0,2026-01-23T12:44:25.531,"Any[53, 45, 37, 30, 25, 19, 11, 6, 1]",53,1
1523,2026-01-14T07:06:40.0,2026-01-30T12:44:25.531,"Any[53, 45, 37, 30, 25, 19, 10]",53,10
1551,2026-01-14T07:06:40.0,2026-01-09T12:44:25.531,"Any[56, 45, 37, 30, 25, 19, 10]",56,10
1562,2026-01-14T07:06:40.0,2026-01-16T12:44:25.531,"Any[53, 45, 37, 30, 25, 19, 10]",53,10
1567,2026-01-14T07:06:40.0,2026-01-30T12:44:25.531,"Any[53, 45, 37, 30, 25, 19, 10]",53,10
1577,2026-01-14T07:06:40.0,2026-01-23T12:44:25.531,"Any[53, 45, 37, 30, 25, 19, 10]",53,10
1586,2026-01-14T07:06:40.0,2026-01-23T12:44:25.531,"Any[7, 8, 13, 19, 25, 30, 37, 45, 53]",7,53
1676,2026-01-14T07:06:40.0,2026-01-23T12:44:25.531,"Any[53, 45, 37, 30, 25, 19, 10]",53,10
1681,2026-01-14T07:06:40.0,2026-01-16T12:44:25.531,"Any[53, 45, 37, 30, 25, 19, 10]",53,10
1685,2026-01-14T07:06:40.0,2026-01-23T12:44:25.531,"Any[53, 45, 37, 30, 25, 19, 11, 10, 11, 6, 1]",53,1
1709,2026-01-14T07:06:40.0,2026-01-16T12:44:25.531,"Any[56, 45, 37, 30, 25, 19, 10]",56,10
1718,2026-01-14T07:06:40.0,2026-01-16T12:44:25.531,"Any[1, 6, 11, 19, 30, 37, 45, 56]",1,56
1727,2026-01-14T07:06:40.0,2026-01-23T12:44:25.531,"Any[1, 6, 11, 16, 25, 30, 37, 45, 56]",1,56
1731,2026-01-14T07:06:40.0,2026-01-09T12:44:25.531,"Any[53, 45, 37, 30, 25, 19, 11, 6, 1]",53,1
1737,2026-01-14T07:06:40.0,2026-01-16T12:44:25.531,"Any[10, 19, 25, 30, 37, 45, 53, 60]",10,60
1745,2026-01-14T07:06:40.0,2026-01-30T12:44:25.531,"Any[53, 45, 37, 30, 25, 19, 10]",53,10
1748,2026-01-14T07:06:40.0,2026-01-09T12:44:25.531,"Any[53, 45, 37, 30, 25, 19, 11, 6, 1]",53,1
1775,2026-01-14T07:06:40.0,2026-01-09T12:44:25.531,"Any[7, 8, 13, 19, 25, 30, 37, 45]",7,45
1803,2026-01-14T07:06:40.0,2026-01-30T12:44:25.531,"Any[10, 19, 25, 30, 37, 45, 53, 60]",10,60
1806,2026-01-14T07:06:40.0,2026-01-09T12:44:25.531,"Any[53, 45, 37, 30, 25, 19, 10]",53,10
1812,2026-01-14T07:06:40.0,2026-01-30T12:44:25.531,"Any[53, 45, 37, 30, 25, 19, 10]",53,10
1840,2026-01-14T07:06:40.0,2026-01-16T12:44:25.531,"Any[26, 31, 36, 44, 54]",26,54
2721,2026-01-14T07:06:40.0,2026-01-30T12:44:25.531,"Any[26, 31, 36, 44, 54]",26,54
2742,2026-01-14T07:06:40.0,2026-01-30T12:44:25.531,"Any[26, 31, 36, 44, 54]",26,54
2754,2026-01-14T07:06:40.0,2026-01-23T12:44:25.531,"Any[26, 31, 36, 44, 54]",26,54
2765,2026-01-14T07:06:40.0,2026-01-16T12:44:25.531,"Any[26, 31, 36, 44, 54]",26,54
2791,2026-01-14T07:06:40.0,2026-01-16T12:44:25.531,"Any[26, 31, 36, 44, 54]",26,54
2803,2026-01-14T07:06:40.0,2026-01-30T12:44:25.531,"Any[26, 31, 36, 44, 54]",26,54
2808,2026-01-14T07:06:40.0,2026-01-23T12:44:25.531,"Any[26, 31, 36, 44, 54]",26,54
2852,2026-01-14T07:06:40.0,2026-01-16T12:44:25.531,"Any[26, 31, 36, 44, 54]",26,54
2864,2026-01-14T07:06:40.0,2026-01-09T12:44:25.531,"Any[26, 31, 36, 44, 54]",26,54
2866,2026-01-14T07:06:40.0,2026-01-30T12:44:25.531,"Any[26, 31, 36, 44, 54]",26,54
2873,2026-01-14T07:06:40.0,2026-01-16T12:44:25.531,"Any[26, 31, 36, 44, 54]",26,54
2875,2026-01-14T07:06:40.0,2026-01-16T12:44:25.531,"Any[26, 31, 36, 44, 54]",26,54
2876,2026-01-14T07:06:40.0,2026-01-23T12:44:25.531,"Any[26, 31, 36, 44, 54]",26,54
2890,2026-01-14T07:06:40.0,2026-01-23T12:44:25.531,"Any[26, 31, 36, 44, 54]",26,54
2891,2026-01-14T07:06:40.0,2026-01-23T12:44:25.531,"Any[26, 31, 36, 44, 54]",26,54
2935,2026-01-14T07:06:40.0,2026-01-09T12:44:25.531,"Any[26, 31, 36, 44, 54]",26,54
2961,2026-01-14T07:06:40.0,2026-01-09T12:44:25.531,"Any[26, 31, 36, 44, 54]",26,54
2982,2026-01-14T07:06:40.0,2026-01-23T12:44:25.531,"Any[26, 31, 36, 44, 54]",26,54
2993,2026-01-14T07:06:40.0,2026-01-16T12:44:25.531,"Any[26, 31, 36, 44, 54]",26,54
3010,2026-01-14T07:06:40.0,2026-01-16T12:44:25.531,"Any[26, 31, 36, 44, 54]",26,54
3031,2026-01-14T07:06:40.0,2026-01-16T12:44:25.531,"Any[26, 31, 36, 44, 54]",26,54
3045,2026-01-14T07:06:40.0,2026-01-16T12:44:25.531,"Any[26, 31, 36, 44, 54]",26,54
3054,2026-01-14T07:06:40.0,2026-01-23T12:44:25.531,"Any[26, 31, 36, 44, 54]",26,54
3080,2026-01-14T07:06:40.0,2026-01-16T12:44:25.531,"Any[26, 31, 36, 44, 54]",26,54
3101,2026-01-14T07:06:40.0,2026-01-23T12:44:25.531,"Any[26, 31, 36, 44, 54]",26,54
3117,2026-01-14T07:06:40.0,2026-01-16T12:44:25.531,"Any[26, 31, 36, 44, 54]",26,54
3119,2026-01-14T07:06:40.0,2026-01-16T12:44:25.531,"Any[26, 31, 36, 44, 54]",26,54
3140,2026-01-14T07:06:40.0,2026-01-30T12:44:25.531,"Any[26, 31, 36, 44, 54]",26,54
3143,2026-01-14T07:06:40.0,2026-01-23T12:44:25.531,"Any[26, 31, 36, 44, 54]",26,54
3153,2026-01-14T07:06:40.0,2026-01-09T12:44:25.531,"Any[26, 31, 36, 44, 54]",26,54
3157,2026-01-14T07:06:40.0,2026-01-23T12:44:25.531,"Any[26, 31, 36, 44, 54]",26,54
3185,2026-01-14T07:06:40.0,2026-01-16T12:44:25.531,"Any[7, 8, 13, 19, 25, 30, 37, 45, 56]",7,56
2536,2026-01-14T07:12:00.0,2026-01-09T12:49:45.531,Any[],47,22
2428,2026-01-14T07:26:00.0,2026-01-30T13:03:45.531,Any[],47,22
1983,2026-01-14T07:27:00.0,2026-01-30T13:04:45.531,Any[],54,26
2048,2026-01-14T07:29:00.0,2026-01-30T13:06:45.531,Any[],54,26
2473,2026-01-14T07:42:00.0,2026-01-16T13:19:45.531,Any[],47,22
2587,2026-01-14T07:42:00.0,2026-01-09T13:19:45.531,Any[],47,22
2130,2026-01-14T07:45:00.0,2026-01-16T13:22:45.531,Any[],54,26
1912,2026-01-14T07:51:00.0,2026-01-09T13:28:45.531,Any[],54,26
2062,2026-01-14T07:56:00.0,2026-01-09T13:33:45.531,Any[],54,26
2164,2026-01-14T07:58:00.0,2026-01-23T13:35:45.531,Any[],54,26
2210,2026-01-14T13:00:00.0,2026-01-16T18:37:45.531,Any[],54,26
2276,2026-01-14T13:02:00.0,2026-01-16T18:39:45.531,Any[],54,26
2347,2026-01-14T13:03:00.0,2026-01-16T18:40:45.531,Any[],47,22
2460,2026-01-14T13:04:00.0,2026-01-16T18:41:45.531,Any[],47,22
2471,2026-01-14T13:04:00.0,2026-01-30T18:41:45.531,Any[],47,22
1947,2026-01-14T13:06:00.0,2026-01-09T18:43:45.531,Any[],54,26
2634,2026-01-14T13:06:00.0,2026-01-09T18:43:45.531,Any[],47,22
1881,2026-01-14T13:07:00.0,2026-01-16T18:44:45.531,Any[],54,26
2016,2026-01-14T13:08:00.0,2026-01-09T18:45:45.531,Any[],54,26
2076,2026-01-14T13:08:00.0,2026-01-09T18:45:45.531,Any[],54,26
1857,2026-01-14T13:09:00.0,2026-01-30T18:46:45.531,Any[],54,26
2043,2026-01-14T13:09:00.0,2026-01-23T18:46:45.531,Any[],54,26
2121,2026-01-14T13:10:00.0,2026-01-09T18:47:45.531,Any[],54,26
2592,2026-01-14T13:10:00.0,2026-01-16T18:47:45.531,Any[],47,22
2649,2026-01-14T13:18:00.0,2026-01-23T18:55:45.531,Any[],47,22
2208,2026-01-14T13:20:00.0,2026-01-30T18:57:45.531,Any[],54,26
2330,2026-01-14T13:23:00.0,2026-01-09T19:00:45.531,Any[],47,22
2461,2026-01-14T13:24:00.0,2026-01-16T19:01:45.531,Any[],47,22
2017,2026-01-14T13:26:00.0,2026-01-30T19:03:45.531,Any[],54,26
2528,2026-01-14T13:26:00.0,2026-01-09T19:03:45.531,Any[],47,22
2555,2026-01-14T13:26:00.0,2026-01-30T19:03:45.531,Any[],47,22
2476,2026-01-14T13:29:00.0,2026-01-16T19:06:45.531,Any[],47,22
2196,2026-01-14T13:31:00.0,2026-01-23T19:08:45.531,Any[],54,26
2320,2026-01-14T13:31:00.0,2026-01-23T19:08:45.531,Any[],47,22
2651,2026-01-14T13:33:00.0,2026-01-09T19:10:45.531,Any[],47,22
2673,2026-01-14T13:33:00.0,2026-01-09T19:10:45.531,Any[],47,22
2000,2026-01-14T13:34:00.0,2026-01-09T19:11:45.531,Any[],54,26
2077,2026-01-14T13:35:00.0,2026-01-16T19:12:45.531,Any[],54,26
1951,2026-01-14T13:38:00.0,2026-01-16T19:15:45.531,Any[],54,26
2125,2026-01-14T13:38:00.0,2026-01-16T19:15:45.531,Any[],54,26
2402,2026-01-14T13:39:00.0,2026-01-23T19:16:45.531,Any[],47,22
2633,2026-01-14T13:39:00.0,2026-01-09T19:16:45.531,Any[],47,22
1897,2026-01-14T13:41:00.0,2026-01-16T19:18:45.531,Any[],54,26
2407,2026-01-14T13:46:00.0,2026-01-16T19:23:45.531,Any[],47,22
2352,2026-01-14T13:48:00.0,2026-01-09T19:25:45.531,Any[],47,22
2485,2026-01-14T13:48:00.0,2026-01-16T19:25:45.531,Any[],47,22
2530,2026-01-14T13:50:00.0,2026-01-16T19:27:45.531,Any[],47,22
2630,2026-01-14T13:50:00.0,2026-01-16T19:27:45.531,Any[],47,22
1885,2026-01-14T13:51:00.0,2026-01-23T19:28:45.531,Any[],54,26
2540,2026-01-14T13:54:00.0,2026-01-09T19:31:45.531,Any[],47,22
2612,2026-01-14T13:57:00.0,2026-01-09T19:34:45.531,Any[],47,22
1992,2026-01-14T13:58:00.0,2026-01-30T19:35:45.531,Any[],54,26
2395,2026-01-14T13:58:00.0,2026-01-09T19:35:45.531,Any[],47,22
2701,2026-01-14T13:58:00.0,2026-01-16T19:35:45.531,Any[],47,22
1924,2026-01-14T13:59:00.0,2026-01-16T19:36:45.531,Any[],54,26
2221,2026-01-14T13:59:00.0,2026-01-30T19:36:45.531,Any[],54,26
1999,2026-01-17T07:00:00.0,2026-01-19T12:37:45.531,Any[],54,26
2045,2026-01-17T07:00:00.0,2026-01-19T12:37:45.531,Any[],54,26
1888,2026-01-17T07:03:00.0,2026-01-19T12:40:45.531,Any[],54,26
2403,2026-01-17T07:10:00.0,2026-01-26T12:47:45.531,Any[],47,22
2336,2026-01-17T07:11:00.0,2026-01-19T12:48:45.531,Any[],47,22
1931,2026-01-17T07:14:00.0,2026-01-26T12:51:45.531,Any[],54,26
2514,2026-01-17T07:14:00.0,2026-02-02T12:51:45.531,Any[],47,22
1905,2026-01-17T07:15:00.0,2026-02-02T12:52:45.531,Any[],54,26
2157,2026-01-17T07:15:00.0,2026-01-12T12:52:45.531,Any[],54,26
2201,2026-01-17T07:15:00.0,2026-01-19T12:52:45.531,Any[],54,26
2058,2026-01-17T07:16:00.0,2026-01-12T12:53:45.531,Any[],54,26
2583,2026-01-17T07:18:00.0,2026-01-26T12:55:45.531,Any[],47,22
2233,2026-01-17T07:20:00.0,2026-01-12T12:57:45.531,Any[],54,26
2199,2026-01-17T07:22:00.0,2026-02-02T12:59:45.531,Any[],54,26
2236,2026-01-17T07:22:00.0,2026-01-12T12:59:45.531,Any[],54,26
2107,2026-01-17T07:23:00.0,2026-01-26T13:00:45.531,Any[],54,26
2600,2026-01-17T07:23:00.0,2026-01-19T13:00:45.531,Any[],47,22
1995,2026-01-17T07:24:00.0,2026-01-26T13:01:45.531,Any[],54,26
2438,2026-01-17T07:24:00.0,2026-01-19T13:01:45.531,Any[],47,22
2054,2026-01-17T07:26:00.0,2026-02-02T13:03:45.531,Any[],54,26
2305,2026-01-17T07:27:00.0,2026-01-12T13:04:45.531,Any[],54,26
2437,2026-01-17T07:28:00.0,2026-01-12T13:05:45.531,Any[],47,22
2439,2026-01-17T07:28:00.0,2026-01-19T13:05:45.531,Any[],47,22
2533,2026-01-17T07:31:00.0,2026-01-19T13:08:45.531,Any[],47,22
1920,2026-01-17T07:33:00.0,2026-02-02T13:10:45.531,Any[],54,26
2033,2026-01-17T07:33:00.0,2026-01-12T13:10:45.531,Any[],54,26
1893,2026-01-17T07:36:00.0,2026-01-26T13:13:45.531,Any[],54,26
1993,2026-01-17T07:36:00.0,2026-02-02T13:13:45.531,Any[],54,26
2074,2026-01-17T07:36:00.0,2026-01-12T13:13:45.531,Any[],54,26
2182,2026-01-17T07:38:00.0,2026-01-12T13:15:45.531,Any[],54,26
2166,2026-01-17T07:40:00.0,2026-01-12T13:17:45.531,Any[],54,26
2247,2026-01-17T07:41:00.0,2026-02-02T13:18:45.531,Any[],54,26
2139,2026-01-17T07:42:00.0,2026-02-02T13:19:45.531,Any[],54,26
1996,2026-01-17T07:46:00.0,2026-01-19T13:23:45.531,Any[],54,26
2448,2026-01-17T07:46:00.0,2026-02-02T13:23:45.531,Any[],47,22
1896,2026-01-17T07:53:00.0,2026-01-26T13:30:45.531,Any[],54,26
2328,2026-01-17T07:53:00.0,2026-01-19T13:30:45.531,Any[],47,22
2621,2026-01-17T07:53:00.0,2026-02-02T13:30:45.531,Any[],47,22
1958,2026-01-17T07:54:00.0,2026-01-26T13:31:45.531,Any[],54,26
2432,2026-01-17T07:57:00.0,2026-02-02T13:34:45.531,Any[],47,22
1991,2026-01-17T07:58:00.0,2026-01-19T13:35:45.531,Any[],54,26
2150,2026-01-17T07:59:00.0,2026-01-12T13:36:45.531,Any[],54,26
2591,2026-01-17T07:59:00.0,2026-02-02T13:36:45.531,Any[],47,22
2197,2026-01-17T13:00:00.0,2026-02-02T18:37:45.531,Any[],54,26
2364,2026-01-17T13:00:00.0,2026-02-02T18:37:45.531,Any[],47,22
1879,2026-01-17T13:01:00.0,2026-01-26T18:38:45.531,Any[],54,26
2635,2026-01-17T13:01:00.0,2026-02-02T18:38:45.531,Any[],47,22
2693,2026-01-17T13:01:00.0,2026-01-12T18:38:45.531,Any[],47,22
1954,2026-01-17T13:02:00.0,2026-01-19T18:39:45.531,Any[],54,26
2636,2026-01-17T13:03:00.0,2026-01-26T18:40:45.531,Any[],47,22
2441,2026-01-17T13:04:00.0,2026-01-26T18:41:45.531,Any[],47,22
2444,2026-01-17T13:04:00.0,2026-02-02T18:41:45.531,Any[],47,22
2670,2026-01-17T13:04:00.0,2026-01-26T18:41:45.531,Any[],47,22
1930,2026-01-17T13:05:00.0,2026-01-26T18:42:45.531,Any[],54,26
2273,2026-01-17T13:05:00.0,2026-01-19T18:42:45.531,Any[],54,26
2647,2026-01-17T13:05:00.0,2026-01-26T18:42:45.531,Any[],47,22
2286,2026-01-17T13:06:00.0,2026-01-12T18:43:45.531,Any[],54,26
2298,2026-01-17T13:06:00.0,2026-01-12T18:43:45.531,Any[],54,26
2283,2026-01-17T13:07:00.0,2026-02-02T18:44:45.531,Any[],54,26
2613,2026-01-17T13:07:00.0,2026-01-26T18:44:45.531,Any[],47,22
2083,2026-01-17T13:10:00.0,2026-01-12T18:47:45.531,Any[],54,26
2145,2026-01-17T13:10:00.0,2026-01-19T18:47:45.531,Any[],54,26
2697,2026-01-17T13:11:00.0,2026-01-26T18:48:45.531,Any[],47,22
2614,2026-01-17T13:12:00.0,2026-01-19T18:49:45.531,Any[],47,22
1854,2026-01-17T13:13:00.0,2026-01-26T18:50:45.531,Any[],54,26
1932,2026-01-17T13:13:00.0,2026-01-12T18:50:45.531,Any[],54,26
2103,2026-01-17T13:13:00.0,2026-01-12T18:50:45.531,Any[],54,26
2239,2026-01-17T13:13:00.0,2026-02-02T18:50:45.531,Any[],54,26
2574,2026-01-17T13:13:00.0,2026-02-02T18:50:45.531,Any[],47,22
1973,2026-01-17T13:14:00.0,2026-01-12T18:51:45.531,Any[],54,26
2275,2026-01-17T13:14:00.0,2026-01-19T18:51:45.531,Any[],54,26
2396,2026-01-17T13:14:00.0,2026-01-19T18:51:45.531,Any[],47,22
2435,2026-01-17T13:14:00.0,2026-01-19T18:51:45.531,Any[],47,22
2683,2026-01-17T13:14:00.0,2026-01-12T18:51:45.531,Any[],47,22
2060,2026-01-17T13:15:00.0,2026-01-26T18:52:45.531,Any[],54,26
2430,2026-01-17T13:15:00.0,2026-02-02T18:52:45.531,Any[],47,22
2102,2026-01-17T13:17:00.0,2026-01-19T18:54:45.531,Any[],54,26
2179,2026-01-17T13:17:00.0,2026-01-19T18:54:45.531,Any[],54,26
2333,2026-01-17T13:17:00.0,2026-01-12T18:54:45.531,Any[],47,22
2491,2026-01-17T13:17:00.0,2026-01-12T18:54:45.531,Any[],47,22
2567,2026-01-17T13:17:00.0,2026-01-12T18:54:45.531,Any[],47,22
2513,2026-01-17T13:18:00.0,2026-01-12T18:55:45.531,Any[],47,22
2664,2026-01-17T13:18:00.0,2026-01-12T18:55:45.531,Any[],47,22
2153,2026-01-17T13:19:00.0,2026-02-02T18:56:45.531,Any[],54,26
16,2026-01-17T13:20:00.0,2026-01-12T18:57:45.531,"Any[36, 31, 15, 12]",36,12
20,2026-01-17T13:20:00.0,2026-02-02T18:57:45.531,"Any[1, 6, 11, 19, 25, 30, 37, 45, 53, 60]",1,60
38,2026-01-17T13:20:00.0,2026-01-26T18:57:45.531,"Any[18, 26, 31, 36, 44, 54]",18,54
45,2026-01-17T13:20:00.0,2026-02-02T18:57:45.531,"Any[26, 31, 36, 44, 54]",26,54
50,2026-01-17T13:20:00.0,2026-01-26T18:57:45.531,"Any[5, 6, 11, 19, 25, 30, 37, 45, 56]",5,56
55,2026-01-17T13:20:00.0,2026-01-26T18:57:45.531,"Any[26, 31, 36, 44, 54]",26,54
57,2026-01-17T13:20:00.0,2026-01-26T18:57:45.531,"Any[1, 6, 11, 16, 25, 30, 37, 45, 56, 60]",1,60
60,2026-01-17T13:20:00.0,2026-01-12T18:57:45.531,"Any[18, 26, 31, 36, 44, 47]",18,47
68,2026-01-17T13:20:00.0,2026-01-12T18:57:45.531,"Any[7, 8, 13, 19, 25, 30, 37, 45, 53]",7,53
70,2026-01-17T13:20:00.0,2026-02-02T18:57:45.531,"Any[26, 31, 36]",26,36
75,2026-01-17T13:20:00.0,2026-01-19T18:57:45.531,"Any[54, 44, 36, 31, 22, 15]",54,15
76,2026-01-17T13:20:00.0,2026-01-12T18:57:45.531,"Any[10, 19, 25, 30, 37, 45, 53, 60]",10,60
82,2026-01-17T13:20:00.0,2026-01-26T18:57:45.531,"Any[44, 36, 31, 26]",44,26
96,2026-01-17T13:20:00.0,2026-01-26T18:57:45.531,"Any[45, 37, 30, 25, 19, 17, 10]",45,10
98,2026-01-17T13:20:00.0,2026-01-12T18:57:45.531,"Any[26, 31, 36, 44, 54]",26,54
100,2026-01-17T13:20:00.0,2026-01-19T18:57:45.531,"Any[7, 8, 13, 19, 25, 30, 37, 45, 53]",7,53
103,2026-01-17T13:20:00.0,2026-01-12T18:57:45.531,"Any[26, 31, 36, 44]",26,44
110,2026-01-17T13:20:00.0,2026-02-02T18:57:45.531,"Any[7, 8, 13, 19, 25, 30, 37, 45, 53]",7,53
111,2026-01-17T13:20:00.0,2026-01-26T18:57:45.531,"Any[18, 26, 31, 36, 44, 54]",18,54
115,2026-01-17T13:20:00.0,2026-01-12T18:57:45.531,"Any[7, 8, 13, 19, 25, 30, 37, 45, 53, 60]",7,60
127,2026-01-17T13:20:00.0,2026-01-19T18:57:45.531,"Any[7, 8, 13, 19, 25, 30, 37, 45, 53]",7,53
135,2026-01-17T13:20:00.0,2026-01-12T18:57:45.531,"Any[18, 26, 31, 36]",18,36
145,2026-01-17T13:20:00.0,2026-01-19T18:57:45.531,"Any[53, 45, 37, 30, 25, 19, 11, 6, 1]",53,1
146,2026-01-17T13:20:00.0,2026-01-19T18:57:45.531,"Any[7, 8, 13, 19, 25, 30, 37, 45, 53]",7,53
150,2026-01-17T13:20:00.0,2026-02-02T18:57:45.531,"Any[7, 8, 13, 19, 25, 30, 37, 45, 53, 60]",7,60
171,2026-01-17T13:20:00.0,2026-02-02T18:57:45.531,"Any[7, 8, 13, 19, 25, 30, 37, 45, 53]",7,53
175,2026-01-17T13:20:00.0,2026-02-02T18:57:45.531,"Any[1, 6, 11, 19, 23, 36, 44, 54, 60]",1,60
188,2026-01-17T13:20:00.0,2026-01-19T18:57:45.531,"Any[10, 19, 25, 30, 37, 45, 53, 60]",10,60
190,2026-01-17T13:20:00.0,2026-02-02T18:57:45.531,"Any[45, 37, 30, 25, 19, 10]",45,10
193,2026-01-17T13:20:00.0,2026-02-02T18:57:45.531,"Any[1, 6, 11, 19, 25, 30, 37, 45, 56]",1,56
199,2026-01-17T13:20:00.0,2026-01-19T18:57:45.531,"Any[1, 6, 11, 19, 25, 30, 37, 45, 53, 60]",1,60
201,2026-01-17T13:20:00.0,2026-01-12T18:57:45.531,"Any[18, 22, 31, 36, 44, 54]",18,54
206,2026-01-17T13:20:00.0,2026-01-19T18:57:45.531,"Any[1, 6, 11, 19, 25, 30, 37, 45, 53, 60]",1,60
211,2026-01-17T13:20:00.0,2026-01-19T18:57:45.531,"Any[26, 31, 36, 44, 54]",26,54
213,2026-01-17T13:20:00.0,2026-01-19T18:57:45.531,"Any[1, 6, 11, 19, 23, 28, 36, 44, 54, 60]",1,60
224,2026-01-17T13:20:00.0,2026-01-19T18:57:45.531,"Any[1, 6, 11, 19, 25, 30, 37, 45, 53, 60]",1,60
227,2026-01-17T13:20:00.0,2026-01-19T18:57:45.531,"Any[53, 45, 37, 30, 25, 19, 10]",53,10
229,2026-01-17T13:20:00.0,2026-01-26T18:57:45.531,"Any[7, 8, 13, 19, 25, 30, 37, 45, 53]",7,53
232,2026-01-17T13:20:00.0,2026-01-19T18:57:45.531,"Any[1, 6, 11, 19, 25, 30, 37, 45, 56, 60]",1,60
235,2026-01-17T13:20:00.0,2026-01-26T18:57:45.531,"Any[7, 8, 13, 19, 25, 30, 37, 45, 53]",7,53
237,2026-01-17T13:20:00.0,2026-01-26T18:57:45.531,"Any[1, 6, 11, 19, 25, 30, 37, 45, 56]",1,56
242,2026-01-17T13:20:00.0,2026-02-02T18:57:45.531,"Any[5, 6, 11, 19, 25, 30, 37, 45]",5,45
247,2026-01-17T13:20:00.0,2026-01-12T18:57:45.531,"Any[7, 8, 13, 19, 25, 30, 37, 45, 53, 60]",7,60
254,2026-01-17T13:20:00.0,2026-01-19T18:57:45.531,"Any[7, 8, 13, 19, 25, 30, 37, 45, 53]",7,53
256,2026-01-17T13:20:00.0,2026-02-02T18:57:45.531,"Any[26, 31, 36, 44, 54]",26,54
257,2026-01-17T13:20:00.0,2026-02-02T18:57:45.531,"Any[18, 26, 31, 36, 44, 54]",18,54
259,2026-01-17T13:20:00.0,2026-01-12T18:57:45.531,"Any[5, 6, 11, 19, 25, 30, 37, 45]",5,45
273,2026-01-17T13:20:00.0,2026-02-02T18:57:45.531,"Any[53, 45, 37, 30, 25, 19, 10]",53,10
275,2026-01-17T13:20:00.0,2026-02-02T18:57:45.531,"Any[18, 26, 31, 36]",18,36
276,2026-01-17T13:20:00.0,2026-02-02T18:57:45.531,"Any[53, 45, 37, 30, 25, 19, 10]",53,10
277,2026-01-17T13:20:00.0,2026-01-19T18:57:45.531,"Any[53, 45, 37, 30, 25, 19, 10]",53,10
279,2026-01-17T13:20:00.0,2026-01-26T18:57:45.531,"Any[53, 45, 37, 30, 25, 19, 10]",53,10
284,2026-01-17T13:20:00.0,2026-02-02T18:57:45.531,"Any[1, 6, 11, 19, 23, 16, 23, 36, 44, 60]",1,60
287,2026-01-17T13:20:00.0,2026-01-26T18:57:45.531,"Any[7, 8, 13, 19, 25, 30, 37, 45, 53]",7,53
288,2026-01-17T13:20:00.0,2026-01-12T18:57:45.531,"Any[7, 8, 13, 19, 25, 30, 37, 45, 53]",7,53
289,2026-01-17T13:20:00.0,2026-01-19T18:57:45.531,"Any[53, 45, 37, 30, 25, 19, 11, 6, 1]",53,1
292,2026-01-17T13:20:00.0,2026-02-02T18:57:45.531,"Any[53, 45, 37, 30, 25, 19, 11, 6, 1]",53,1
294,2026-01-17T13:20:00.0,2026-01-12T18:57:45.531,"Any[53, 45, 37, 30, 25, 19, 11, 6, 1]",53,1
309,2026-01-17T13:20:00.0,2026-01-19T18:57:45.531,"Any[18, 26, 31, 36, 44, 54]",18,54
327,2026-01-17T13:20:00.0,2026-02-02T18:57:45.531,"Any[1, 6, 11, 16, 25, 30, 37, 45, 56, 60]",1,60
328,2026-01-17T13:20:00.0,2026-02-02T18:57:45.531,"Any[1, 6, 11, 19, 25, 30, 37, 45, 56, 60]",1,60
344,2026-01-17T13:20:00.0,2026-02-02T18:57:45.531,"Any[26, 27, 31, 36, 44, 54]",26,54
352,2026-01-17T13:20:00.0,2026-01-19T18:57:45.531,"Any[7, 8, 13, 19, 25, 30, 37, 45, 53]",7,53
354,2026-01-17T13:20:00.0,2026-01-19T18:57:45.531,"Any[26, 31, 36, 44, 54]",26,54
355,2026-01-17T13:20:00.0,2026-01-19T18:57:45.531,"Any[53, 45, 37, 30, 25, 19, 11, 6, 1]",53,1
358,2026-01-17T13:20:00.0,2026-01-12T18:57:45.531,"Any[18, 26, 31, 36, 44, 54]",18,54
360,2026-01-17T13:20:00.0,2026-01-19T18:57:45.531,"Any[7, 8, 13, 19, 25, 30, 37, 45, 56]",7,56
362,2026-01-17T13:20:00.0,2026-01-12T18:57:45.531,"Any[53, 45, 37, 30, 25, 19, 10]",53,10
363,2026-01-17T13:20:00.0,2026-02-02T18:57:45.531,"Any[1, 6, 11, 19, 23, 28, 36, 44, 54, 60]",1,60
364,2026-01-17T13:20:00.0,2026-01-12T18:57:45.531,"Any[10, 19, 25, 30, 37, 45, 53, 60]",10,60
366,2026-01-17T13:20:00.0,2026-01-26T18:57:45.531,"Any[7, 8, 13, 19, 25, 30, 37, 45, 53]",7,53
368,2026-01-17T13:20:00.0,2026-01-12T18:57:45.531,"Any[1, 6, 11, 19, 25, 30, 37, 45, 53, 60]",1,60
378,2026-01-17T13:20:00.0,2026-01-12T18:57:45.531,"Any[26, 31, 36, 44, 54]",26,54
379,2026-01-17T13:20:00.0,2026-01-26T18:57:45.531,"Any[7, 8, 13, 19, 25, 30, 37, 45, 56]",7,56
382,2026-01-17T13:20:00.0,2026-02-02T18:57:45.531,"Any[1, 6, 11, 19, 25, 30, 37, 45, 56]",1,56
385,2026-01-17T13:20:00.0,2026-01-26T18:57:45.531,"Any[7, 8, 13, 19, 25, 30, 37, 45, 56]",7,56
424,2026-01-17T13:20:00.0,2026-01-12T18:57:45.531,"Any[26, 31, 36, 31, 36]",26,36
425,2026-01-17T13:20:00.0,2026-01-19T18:57:45.531,"Any[53, 45, 37, 30, 25, 19, 10]",53,10
435,2026-01-17T13:20:00.0,2026-01-19T18:57:45.531,"Any[53, 45, 37, 30, 25, 19, 10]",53,10
438,2026-01-17T13:20:00.0,2026-01-12T18:57:45.531,"Any[26, 31, 36, 44, 54]",26,54
442,2026-01-17T13:20:00.0,2026-01-12T18:57:45.531,"Any[53, 45, 37, 30, 25, 19, 10]",53,10
450,2026-01-17T13:20:00.0,2026-01-12T18:57:45.531,"Any[53, 45, 37, 30, 25, 19, 10]",53,10
451,2026-01-17T13:20:00.0,2026-01-26T18:57:45.531,"Any[53, 45, 37, 30, 25, 19, 10]",53,10
452,2026-01-17T13:20:00.0,2026-01-19T18:57:45.531,"Any[53, 45, 37, 30, 25, 19, 11, 6, 1]",53,1
454,2026-01-17T13:20:00.0,2026-01-12T18:57:45.531,"Any[53, 45, 37, 30, 25, 19, 11, 6, 1]",53,1
456,2026-01-17T13:20:00.0,2026-01-26T18:57:45.531,"Any[1, 6, 11, 19, 23, 16, 23, 36, 44, 60]",1,60
467,2026-01-17T13:20:00.0,2026-01-26T18:57:45.531,"Any[1, 6, 11, 19, 23, 36, 44, 54, 60]",1,60
481,2026-01-17T13:20:00.0,2026-02-02T18:57:45.531,"Any[5, 6, 11, 25, 30, 37, 45, 56]",5,56
482,2026-01-17T13:20:00.0,2026-02-02T18:57:45.531,"Any[26, 31, 36, 44, 54]",26,54
489,2026-01-17T13:20:00.0,2026-01-26T18:57:45.531,"Any[53, 45, 37, 30, 25, 19, 10]",53,10
492,2026-01-17T13:20:00.0,2026-01-19T18:57:45.531,"Any[18, 26, 31, 36, 44, 54]",18,54
494,2026-01-17T13:20:00.0,2026-01-12T18:57:45.531,"Any[53, 45, 37, 30, 25, 19, 10]",53,10
496,2026-01-17T13:20:00.0,2026-01-26T18:57:45.531,"Any[45, 37, 30, 25, 19, 17, 10]",45,10
498,2026-01-17T13:20:00.0,2026-01-26T18:57:45.531,"Any[1, 6, 11, 19, 25, 30, 37, 45, 56, 60]",1,60
501,2026-01-17T13:20:00.0,2026-01-19T18:57:45.531,"Any[26, 31, 36, 44]",26,44
503,2026-01-17T13:20:00.0,2026-01-26T18:57:45.531,"Any[1, 6, 11, 19, 25, 30, 37, 45, 56]",1,56
504,2026-01-17T13:20:00.0,2026-01-12T18:57:45.531,"Any[53, 45, 37, 30, 25, 19, 11, 6, 1]",53,1
513,2026-01-17T13:20:00.0,2026-01-19T18:57:45.531,"Any[7, 8, 13, 19, 25, 30, 37, 45, 53]",7,53
514,2026-01-17T13:20:00.0,2026-01-12T18:57:45.531,"Any[1, 6, 11, 19, 23, 36, 44, 54, 60]",1,60
520,2026-01-17T13:20:00.0,2026-02-02T18:57:45.531,"Any[53, 45, 37, 30, 25, 19, 10]",53,10
521,2026-01-17T13:20:00.0,2026-01-26T18:57:45.531,"Any[26, 31, 36, 44, 54]",26,54
526,2026-01-17T13:20:00.0,2026-01-12T18:57:45.531,"Any[53, 45, 37, 30, 25, 19, 10]",53,10
531,2026-01-17T13:20:00.0,2026-01-19T18:57:45.531,"Any[53, 45, 37, 30, 25, 19, 10]",53,10
537,2026-01-17T13:20:00.0,2026-01-12T18:57:45.531,"Any[53, 45, 37, 30, 25, 19, 10]",53,10
538,2026-01-17T13:20:00.0,2026-02-02T18:57:45.531,"Any[7, 8, 13, 19, 25, 30, 37, 45, 53, 60]",7,60
550,2026-01-17T13:20:00.0,2026-01-19T18:57:45.531,"Any[5, 6, 11, 19, 25, 30, 37, 45]",5,45
552,2026-01-17T13:20:00.0,2026-01-12T18:57:45.531,"Any[1, 6, 11, 19, 25, 30, 37, 45, 56, 60]",1,60
555,2026-01-17T13:20:00.0,2026-01-12T18:57:45.531,"Any[1, 6, 11, 19, 23, 36, 44, 54, 60]",1,60
560,2026-01-17T13:20:00.0,2026-02-02T18:57:45.531,"Any[26, 31, 36, 44]",26,44
561,2026-01-17T13:20:00.0,2026-01-19T18:57:45.531,"Any[1, 6, 11, 19, 25, 30, 37, 45, 56, 60]",1,60
562,2026-01-17T13:20:00.0,2026-01-12T18:57:45.531,"Any[7, 8, 13, 19, 25, 30, 37, 45, 53]",7,53
563,2026-01-17T13:20:00.0,2026-01-26T18:57:45.531,"Any[18, 26, 31, 36, 44, 54]",18,54
565,2026-01-17T13:20:00.0,2026-01-12T18:57:45.531,"Any[7, 8, 13, 19, 25, 30, 37, 45, 53]",7,53
571,2026-01-17T13:20:00.0,2026-02-02T18:57:45.531,"Any[1, 6, 11, 19, 23, 36, 44, 54, 60]",1,60
572,2026-01-17T13:20:00.0,2026-02-02T18:57:45.531,"Any[7, 8, 13, 19, 25, 30, 37, 45, 53]",7,53
573,2026-01-17T13:20:00.0,2026-01-12T18:57:45.531,"Any[53, 45, 37, 30, 25, 19, 11, 6, 1]",53,1
577,2026-01-17T13:20:00.0,2026-01-19T18:57:45.531,"Any[10, 19, 25, 30, 37, 45, 53, 60]",10,60
584,2026-01-17T13:20:00.0,2026-01-26T18:57:45.531,"Any[1, 6, 11, 19, 25, 30, 37, 45, 56]",1,56
588,2026-01-17T13:20:00.0,2026-02-02T18:57:45.531,"Any[1, 6, 11, 19, 25, 30, 37, 45, 56]",1,56
589,2026-01-17T13:20:00.0,2026-01-19T18:57:45.531,"Any[1, 6, 11, 16, 25, 30, 37, 45, 56, 60]",1,60
603,2026-01-17T13:20:00.0,2026-01-19T18:57:45.531,"Any[53, 45, 37, 30, 25, 19, 10]",53,10
613,2026-01-17T13:20:00.0,2026-01-19T18:57:45.531,"Any[7, 8, 13, 19, 25, 30, 37, 45, 53, 60]",7,60
622,2026-01-17T13:20:00.0,2026-02-02T18:57:45.531,"Any[7, 8, 13, 19, 25, 30, 37, 45, 56]",7,56
631,2026-01-17T13:20:00.0,2026-01-19T18:57:45.531,"Any[53, 45, 37, 30, 25, 19, 10]",53,10
633,2026-01-17T13:20:00.0,2026-01-26T18:57:45.531,"Any[10, 19, 25, 30, 37, 45, 53, 60]",10,60
644,2026-01-17T13:20:00.0,2026-02-02T18:57:45.531,"Any[5, 10, 19, 25, 30, 37, 45, 53]",5,53
646,2026-01-17T13:20:00.0,2026-01-26T18:57:45.531,"Any[7, 8, 13, 19, 25, 30, 37, 45, 53, 60]",7,60
653,2026-01-17T13:20:00.0,2026-01-19T18:57:45.531,"Any[56, 45, 37, 30, 25, 19, 10]",56,10
662,2026-01-17T13:20:00.0,2026-02-02T18:57:45.531,"Any[53, 45, 37, 30, 25, 19, 11, 6, 1]",53,1
666,2026-01-17T13:20:00.0,2026-02-02T18:57:45.531,"Any[7, 8, 13, 19, 25, 30, 37, 45, 53]",7,53
672,2026-01-17T13:20:00.0,2026-01-26T18:57:45.531,"Any[7, 8, 13, 19, 25, 30, 37, 45, 53, 60]",7,60
677,2026-01-17T13:20:00.0,2026-01-12T18:57:45.531,"Any[53, 45, 37, 30, 25, 19, 10]",53,10
681,2026-01-17T13:20:00.0,2026-01-19T18:57:45.531,"Any[53, 45, 37, 30, 25, 19, 11, 6, 1]",53,1
682,2026-01-17T13:20:00.0,2026-01-12T18:57:45.531,"Any[7, 8, 13, 19, 25, 30, 37, 45, 53]",7,53
688,2026-01-17T13:20:00.0,2026-01-26T18:57:45.531,"Any[5, 6, 11, 19, 25, 30, 37, 45, 56]",5,56
696,2026-01-17T13:20:00.0,2026-01-12T18:57:45.531,"Any[53, 45, 37, 30, 25, 19, 10]",53,10
702,2026-01-17T13:20:00.0,2026-02-02T18:57:45.531,"Any[5, 10, 19, 25, 30, 37, 45, 53]",5,53
706,2026-01-17T13:20:00.0,2026-01-12T18:57:45.531,"Any[7, 8, 13, 19, 25, 30, 37, 45, 53]",7,53
707,2026-01-17T13:20:00.0,2026-01-19T18:57:45.531,"Any[7, 8, 13, 19, 25, 30, 37, 45, 53]",7,53
714,2026-01-17T13:20:00.0,2026-01-26T18:57:45.531,"Any[7, 8, 13, 19, 25, 30, 37, 45, 56]",7,56
715,2026-01-17T13:20:00.0,2026-01-12T18:57:45.531,"Any[1, 6, 11, 19, 25, 30, 37, 45, 56]",1,56
719,2026-01-17T13:20:00.0,2026-02-02T18:57:45.531,"Any[7, 8, 13, 19, 25, 30, 37, 45, 53]",7,53
725,2026-01-17T13:20:00.0,2026-01-12T18:57:45.531,"Any[7, 8, 13, 19, 25, 30, 37, 45, 53]",7,53
732,2026-01-17T13:20:00.0,2026-01-26T18:57:45.531,"Any[1, 6, 11, 19, 23, 28, 36, 44, 54, 60]",1,60
733,2026-01-17T13:20:00.0,2026-01-19T18:57:45.531,"Any[53, 45, 37, 30, 25, 19, 10]",53,10
735,2026-01-17T13:20:00.0,2026-01-19T18:57:45.531,"Any[26, 31, 36, 31, 36]",26,36
737,2026-01-17T13:20:00.0,2026-01-26T18:57:45.531,"Any[53, 45, 37, 30, 25, 19, 11, 6, 1]",53,1
764,2026-01-17T13:20:00.0,2026-01-26T18:57:45.531,"Any[53, 45, 37, 30, 25, 19, 11, 6, 1]",53,1
765,2026-01-17T13:20:00.0,2026-01-26T18:57:45.531,"Any[1, 6, 11, 19, 30, 37, 45, 56]",1,56
768,2026-01-17T13:20:00.0,2026-02-02T18:57:45.531,"Any[53, 45, 37, 30, 25, 19, 10]",53,10
769,2026-01-17T13:20:00.0,2026-01-12T18:57:45.531,"Any[1, 6, 11, 19, 25, 30, 37, 45, 56]",1,56
772,2026-01-17T13:20:00.0,2026-01-26T18:57:45.531,"Any[1, 6, 11, 19, 25, 30, 37, 45, 56]",1,56
775,2026-01-17T13:20:00.0,2026-01-12T18:57:45.531,"Any[7, 8, 13, 19, 25, 30, 37, 45, 56]",7,56
784,2026-01-17T13:20:00.0,2026-01-12T18:57:45.531,"Any[53, 45, 37, 30, 25, 19, 10]",53,10
790,2026-01-17T13:20:00.0,2026-01-19T18:57:45.531,"Any[26, 31, 36, 44]",26,44
794,2026-01-17T13:20:00.0,2026-02-02T18:57:45.531,"Any[53, 45, 37, 30, 25, 19, 10]",53,10
802,2026-01-17T13:20:00.0,2026-01-19T18:57:45.531,"Any[5, 6, 11, 19, 25, 30, 37, 45, 56]",5,56
805,2026-01-17T13:20:00.0,2026-01-26T18:57:45.531,"Any[26, 31, 36, 31, 36]",26,36
816,2026-01-17T13:20:00.0,2026-01-19T18:57:45.531,"Any[7, 8, 13, 19, 25, 30, 37, 45]",7,45
818,2026-01-17T13:20:00.0,2026-01-19T18:57:45.531,"Any[53, 45, 37, 30, 25, 19, 10]",53,10
824,2026-01-17T13:20:00.0,2026-01-12T18:57:45.531,"Any[54, 44, 36, 31, 22, 15]",54,15
833,2026-01-17T13:20:00.0,2026-01-26T18:57:45.531,"Any[53, 45, 37, 30, 25, 19, 11, 6, 1]",53,1
836,2026-01-17T13:20:00.0,2026-01-26T18:57:45.531,"Any[53, 45, 37, 30, 25, 19, 11, 6, 1]",53,1
838,2026-01-17T13:20:00.0,2026-02-02T18:57:45.531,"Any[53, 45, 37, 30, 25, 19, 10]",53,10
840,2026-01-17T13:20:00.0,2026-01-26T18:57:45.531,"Any[1, 6, 11, 19, 25, 30, 37, 45, 56]",1,56
860,2026-01-17T13:20:00.0,2026-01-12T18:57:45.531,"Any[53, 45, 37, 30, 25, 19, 10]",53,10
862,2026-01-17T13:20:00.0,2026-01-26T18:57:45.531,"Any[53, 45, 37, 30, 25, 19, 10]",53,10
869,2026-01-17T13:20:00.0,2026-01-26T18:57:45.531,"Any[1, 6, 11, 19, 25, 30, 37, 45, 56]",1,56
871,2026-01-17T13:20:00.0,2026-01-12T18:57:45.531,"Any[10, 19, 25, 30, 37, 45, 53, 60]",10,60
873,2026-01-17T13:20:00.0,2026-02-02T18:57:45.531,"Any[1, 6, 11, 19, 23, 36, 44, 54, 60]",1,60
875,2026-01-17T13:20:00.0,2026-01-12T18:57:45.531,"Any[53, 45, 37, 30, 25, 19, 10]",53,10
886,2026-01-17T13:20:00.0,2026-02-02T18:57:45.531,"Any[26, 31, 36, 44]",26,44
890,2026-01-17T13:20:00.0,2026-02-02T18:57:45.531,"Any[53, 45, 37, 30, 25, 19, 10]",53,10
891,2026-01-17T13:20:00.0,2026-01-26T18:57:45.531,"Any[1, 6, 11, 19, 23, 36, 44, 54, 60]",1,60
892,2026-01-17T13:20:00.0,2026-02-02T18:57:45.531,"Any[26, 31, 36, 44, 54]",26,54
897,2026-01-17T13:20:00.0,2026-02-02T18:57:45.531,"Any[53, 45, 37, 30, 25, 19, 10]",53,10
901,2026-01-17T13:20:00.0,2026-01-26T18:57:45.531,"Any[1, 6, 11, 19, 25, 30, 37, 45, 56]",1,56
911,2026-01-17T13:20:00.0,2026-01-19T18:57:45.531,"Any[53, 45, 37, 30, 25, 19, 10]",53,10
915,2026-01-17T13:20:00.0,2026-01-12T18:57:45.531,"Any[7, 8, 13, 19, 25, 30, 37, 45, 53, 60]",7,60
917,2026-01-17T13:20:00.0,2026-01-12T18:57:45.531,"Any[60, 53, 45, 37, 30, 25, 19, 10]",60,10
938,2026-01-17T13:20:00.0,2026-01-26T18:57:45.531,"Any[7, 8, 13, 19, 25, 30, 37, 45, 53, 60]",7,60
939,2026-01-17T13:20:00.0,2026-01-26T18:57:45.531,"Any[1, 6, 11, 19, 25, 30, 37, 45, 56]",1,56
940,2026-01-17T13:20:00.0,2026-01-19T18:57:45.531,"Any[1, 6, 11, 19, 25, 30, 37, 45, 53, 60]",1,60
942,2026-01-17T13:20:00.0,2026-02-02T18:57:45.531,"Any[53, 45, 37, 30, 25, 19, 10]",53,10
944,2026-01-17T13:20:00.0,2026-01-19T18:57:45.531,"Any[18, 26, 31, 36, 44, 54]",18,54
952,2026-01-17T13:20:00.0,2026-01-26T18:57:45.531,"Any[53, 45, 37, 30, 25, 19, 10]",53,10
957,2026-01-17T13:20:00.0,2026-01-19T18:57:45.531,"Any[1, 6, 11, 19, 25, 30, 37, 45, 56]",1,56
961,2026-01-17T13:20:00.0,2026-01-26T18:57:45.531,"Any[1, 6, 11, 19, 25, 30, 37, 45, 53, 60]",1,60
969,2026-01-17T13:20:00.0,2026-01-12T18:57:45.531,"Any[53, 45, 37, 30, 25, 19, 11, 6, 1]",53,1
973,2026-01-17T13:20:00.0,2026-02-02T18:57:45.531,"Any[53, 45, 37, 30, 25, 19, 10]",53,10
974,2026-01-17T13:20:00.0,2026-01-12T18:57:45.531,"Any[53, 45, 37, 30, 25, 19, 10]",53,10
986,2026-01-17T13:20:00.0,2026-01-19T18:57:45.531,"Any[53, 45, 37, 30, 25, 19, 11, 6, 1]",53,1
1008,2026-01-17T13:20:00.0,2026-02-02T18:57:45.531,"Any[53, 45, 37, 30, 25, 19, 10]",53,10
1018,2026-01-17T13:20:00.0,2026-01-26T18:57:45.531,"Any[1, 6, 11, 19, 25, 30, 37, 45, 56, 60]",1,60
1022,2026-01-17T13:20:00.0,2026-02-02T18:57:45.531,"Any[53, 45, 37, 30, 25, 19, 10]",53,10
1024,2026-01-17T13:20:00.0,2026-02-02T18:57:45.531,"Any[53, 45, 37, 30, 25, 19, 10]",53,10
1025,2026-01-17T13:20:00.0,2026-01-12T18:57:45.531,"Any[26, 31, 36, 44, 54]",26,54
1027,2026-01-17T13:20:00.0,2026-02-02T18:57:45.531,"Any[53, 45, 37, 30, 25, 17, 11, 6, 1]",53,1
1030,2026-01-17T13:20:00.0,2026-01-12T18:57:45.531,"Any[1, 6, 11, 19, 25, 30, 37, 45, 56]",1,56
1036,2026-01-17T13:20:00.0,2026-01-26T18:57:45.531,"Any[53, 45, 37, 30, 25, 19, 10]",53,10
1037,2026-01-17T13:20:00.0,2026-02-02T18:57:45.531,"Any[53, 45, 37, 30, 25, 19, 11, 6, 1]",53,1
1047,2026-01-17T13:20:00.0,2026-01-19T18:57:45.531,"Any[1, 6, 11, 19, 25, 30, 37, 45, 56]",1,56
1048,2026-01-17T13:20:00.0,2026-01-26T18:57:45.531,"Any[53, 45, 37, 30, 25, 19, 10]",53,10
1054,2026-01-17T13:20:00.0,2026-01-26T18:57:45.531,"Any[1, 6, 11, 19, 25, 30, 37, 45, 56]",1,56
1058,2026-01-17T13:20:00.0,2026-01-19T18:57:45.531,"Any[53, 45, 37, 30, 25, 19, 10]",53,10
1063,2026-01-17T13:20:00.0,2026-02-02T18:57:45.531,"Any[53, 45, 37, 30, 25, 19, 11, 6, 1]",53,1
1064,2026-01-17T13:20:00.0,2026-01-12T18:57:45.531,"Any[5, 6, 11, 19, 25, 30, 37, 45]",5,45
1065,2026-01-17T13:20:00.0,2026-01-26T18:57:45.531,"Any[7, 8, 13, 19, 25, 30, 37, 45, 53]",7,53
1067,2026-01-17T13:20:00.0,2026-01-19T18:57:45.531,"Any[53, 45, 37, 30, 25, 19, 10]",53,10
1070,2026-01-17T13:20:00.0,2026-01-12T18:57:45.531,"Any[10, 19, 25, 30, 37, 45, 53, 60]",10,60
1080,2026-01-17T13:20:00.0,2026-01-12T18:57:45.531,"Any[26, 31, 36, 44]",26,44
1082,2026-01-17T13:20:00.0,2026-01-12T18:57:45.531,"Any[26, 31, 36, 44, 54]",26,54
1090,2026-01-17T13:20:00.0,2026-01-12T18:57:45.531,"Any[53, 45, 37, 30, 25, 19, 11, 6, 1]",53,1
1093,2026-01-17T13:20:00.0,2026-01-26T18:57:45.531,"Any[53, 45, 37, 30, 25, 19, 10]",53,10
1095,2026-01-17T13:20:00.0,2026-01-12T18:57:45.531,"Any[26, 31, 36, 44, 54]",26,54
1098,2026-01-17T13:20:00.0,2026-01-12T18:57:45.531,"Any[26, 31, 36, 44]",26,44
1101,2026-01-17T13:20:00.0,2026-01-19T18:57:45.531,"Any[53, 45, 37, 30, 25, 19, 10]",53,10
1102,2026-01-17T13:20:00.0,2026-01-26T18:57:45.531,"Any[10, 19, 25, 30, 37, 45, 53, 60]",10,60
1109,2026-01-17T13:20:00.0,2026-01-19T18:57:45.531,"Any[53, 45, 37, 30, 25, 19, 10]",53,10
1113,2026-01-17T13:20:00.0,2026-01-12T18:57:45.531,"Any[1, 6, 11, 19, 25, 30, 37, 45, 56]",1,56
1114,2026-01-17T13:20:00.0,2026-02-02T18:57:45.531,"Any[53, 45, 37, 30, 25, 19, 10]",53,10
1117,2026-01-17T13:20:00.0,2026-01-19T18:57:45.531,"Any[53, 45, 37, 30, 25, 19, 10]",53,10
1118,2026-01-17T13:20:00.0,2026-01-26T18:57:45.531,"Any[53, 45, 37, 30, 25, 19, 10]",53,10
1124,2026-01-17T13:20:00.0,2026-01-26T18:57:45.531,"Any[53, 45, 37, 30, 25, 19, 10]",53,10
1125,2026-01-17T13:20:00.0,2026-01-26T18:57:45.531,"Any[53, 45, 37, 30, 25, 19, 10]",53,10
1127,2026-01-17T13:20:00.0,2026-02-02T18:57:45.531,"Any[53, 45, 37, 30, 25, 19, 11, 6, 1]",53,1
1129,2026-01-17T13:20:00.0,2026-01-19T18:57:45.531,"Any[53, 45, 37, 30, 25, 19, 11, 6, 1]",53,1
1132,2026-01-17T13:20:00.0,2026-01-19T18:57:45.531,"Any[1, 6, 11, 19, 25, 30, 37, 45, 56]",1,56
1136,2026-01-17T13:20:00.0,2026-01-26T18:57:45.531,"Any[45, 37, 30, 25, 19, 17, 10]",45,10
1138,2026-01-17T13:20:00.0,2026-01-19T18:57:45.531,"Any[7, 8, 13, 19, 25, 30, 37, 45, 53, 60]",7,60
1146,2026-01-17T13:20:00.0,2026-01-19T18:57:45.531,"Any[7, 8, 13, 19, 25, 30, 37, 45, 53, 60]",7,60
1148,2026-01-17T13:20:00.0,2026-01-12T18:57:45.531,"Any[7, 8, 13, 19, 25, 30, 37, 45, 56]",7,56
1154,2026-01-17T13:20:00.0,2026-01-26T18:57:45.531,"Any[53, 45, 37, 30, 25, 19, 10]",53,10
1155,2026-01-17T13:20:00.0,2026-01-19T18:57:45.531,"Any[53, 45, 37, 30, 25, 19, 10]",53,10
1157,2026-01-17T13:20:00.0,2026-01-26T18:57:45.531,"Any[26, 31, 36, 44, 54]",26,54
1158,2026-01-17T13:20:00.0,2026-01-26T18:57:45.531,"Any[1, 6, 11, 19, 25, 30, 37, 45, 56]",1,56
1172,2026-01-17T13:20:00.0,2026-01-12T18:57:45.531,"Any[1, 6, 11, 19, 25, 30, 37, 45, 56]",1,56
1173,2026-01-17T13:20:00.0,2026-01-26T18:57:45.531,"Any[1, 6, 11, 19, 25, 30, 37, 45, 56]",1,56
1174,2026-01-17T13:20:00.0,2026-01-19T18:57:45.531,"Any[53, 45, 37, 30, 25, 19, 11, 6, 1]",53,1
1175,2026-01-17T13:20:00.0,2026-01-19T18:57:45.531,"Any[1, 6, 11, 19, 30, 37, 45, 56]",1,56
1179,2026-01-17T13:20:00.0,2026-01-12T18:57:45.531,"Any[1, 6, 11, 19, 25, 30, 37, 45, 56]",1,56
1186,2026-01-17T13:20:00.0,2026-02-02T18:57:45.531,"Any[5, 6, 11, 19, 25, 30, 37, 45]",5,45
1190,2026-01-17T13:20:00.0,2026-01-26T18:57:45.531,"Any[45, 37, 30, 25, 19, 10]",45,10
1191,2026-01-17T13:20:00.0,2026-01-19T18:57:45.531,"Any[1, 6, 11, 19, 25, 30, 37, 45, 56]",1,56
1203,2026-01-17T13:20:00.0,2026-01-19T18:57:45.531,"Any[53, 45, 37, 30, 25, 19, 10]",53,10
1210,2026-01-17T13:20:00.0,2026-01-19T18:57:45.531,"Any[45, 37, 30, 25, 19, 10]",45,10
1214,2026-01-17T13:20:00.0,2026-02-02T18:57:45.531,"Any[53, 45, 37, 30, 25, 19, 10]",53,10
1218,2026-01-17T13:20:00.0,2026-02-02T18:57:45.531,"Any[53, 45, 37, 30, 25, 19, 11, 6, 1]",53,1
1225,2026-01-17T13:20:00.0,2026-01-19T18:57:45.531,"Any[7, 8, 13, 19, 25, 30, 37, 45, 53]",7,53
1228,2026-01-17T13:20:00.0,2026-02-02T18:57:45.531,"Any[53, 45, 37, 30, 25, 19, 11, 6, 1]",53,1
1229,2026-01-17T13:20:00.0,2026-01-12T18:57:45.531,"Any[1, 6, 11, 19, 25, 30, 37, 45, 56]",1,56
1232,2026-01-17T13:20:00.0,2026-01-26T18:57:45.531,"Any[45, 37, 30, 25, 19, 17, 10]",45,10
1237,2026-01-17T13:20:00.0,2026-01-19T18:57:45.531,"Any[53, 45, 37, 30, 25, 19, 11, 6, 1]",53,1
1246,2026-01-17T13:20:00.0,2026-01-26T18:57:45.531,"Any[26, 31, 36, 44, 54]",26,54
1248,2026-01-17T13:20:00.0,2026-02-02T18:57:45.531,"Any[26, 31, 36, 44, 54]",26,54
1249,2026-01-17T13:20:00.0,2026-01-12T18:57:45.531,"Any[53, 45, 37, 30, 25, 19, 10]",53,10
1262,2026-01-17T13:20:00.0,2026-02-02T18:57:45.531,"Any[18, 26, 31, 36, 44, 54]",18,54
1266,2026-01-17T13:20:00.0,2026-01-12T18:57:45.531,"Any[53, 45, 37, 30, 25, 19, 11, 6, 1]",53,1
1282,2026-01-17T13:20:00.0,2026-01-26T18:57:45.531,"Any[7, 8, 13, 19, 25, 30, 37, 45, 53]",7,53
1288,2026-01-17T13:20:00.0,2026-02-02T18:57:45.531,"Any[53, 45, 37, 30, 25, 19, 11, 6, 1]",53,1
1292,2026-01-17T13:20:00.0,2026-01-12T18:57:45.531,"Any[1, 6, 11, 19, 25, 30, 37, 45, 56]",1,56
1300,2026-01-17T13:20:00.0,2026-01-26T18:57:45.531,"Any[53, 45, 37, 30, 25, 19, 10]",53,10
1303,2026-01-17T13:20:00.0,2026-01-12T18:57:45.531,"Any[1, 6, 11, 19, 25, 30, 37, 45, 56]",1,56
1310,2026-01-17T13:20:00.0,2026-01-12T18:57:45.531,"Any[45, 37, 30, 25, 19, 10]",45,10
1324,2026-01-17T13:20:00.0,2026-01-12T18:57:45.531,"Any[5, 6, 11, 19, 25, 30, 37, 45]",5,45
1327,2026-01-17T13:20:00.0,2026-01-26T18:57:45.531,"Any[53, 45, 37, 30, 25, 19, 10]",53,10
1328,2026-01-17T13:20:00.0,2026-01-12T18:57:45.531,"Any[53, 45, 37, 30, 25, 19, 10]",53,10
1335,2026-01-17T13:20:00.0,2026-01-19T18:57:45.531,"Any[7, 8, 13, 19, 25, 30, 37, 45, 53]",7,53
1348,2026-01-17T13:20:00.0,2026-01-12T18:57:45.531,"Any[7, 8, 13, 19, 25, 30, 37, 45, 53]",7,53
1363,2026-01-17T13:20:00.0,2026-02-02T18:57:45.531,"Any[1, 6, 11, 16, 25, 30, 37, 45, 56]",1,56
1365,2026-01-17T13:20:00.0,2026-01-19T18:57:45.531,"Any[7, 8, 13, 19, 25, 30, 37, 45, 53]",7,53
1367,2026-01-17T13:20:00.0,2026-01-26T18:57:45.531,"Any[53, 45, 37, 30, 25, 19, 11, 6, 1]",53,1
1374,2026-01-17T13:20:00.0,2026-01-12T18:57:45.531,"Any[53, 45, 37, 30, 25, 19, 11, 6, 1]",53,1
1378,2026-01-17T13:20:00.0,2026-01-19T18:57:45.531,"Any[53, 45, 37, 30, 25, 19, 10]",53,10
1379,2026-01-17T13:20:00.0,2026-01-19T18:57:45.531,"Any[53, 45, 37, 30, 25, 19, 10]",53,10
1381,2026-01-17T13:20:00.0,2026-01-12T18:57:45.531,"Any[53, 45, 37, 30, 25, 19, 11, 6, 1]",53,1
1386,2026-01-17T13:20:00.0,2026-02-02T18:57:45.531,"Any[53, 45, 37, 30, 25, 19, 11, 6, 1]",53,1
1391,2026-01-17T13:20:00.0,2026-02-02T18:57:45.531,"Any[53, 45, 37, 30, 25, 19, 10]",53,10
1394,2026-01-17T13:20:00.0,2026-02-02T18:57:45.531,"Any[7, 8, 13, 19, 25, 30, 37, 45, 56]",7,56
1396,2026-01-17T13:20:00.0,2026-02-02T18:57:45.531,"Any[1, 6, 11, 19, 25, 30, 37, 45, 56]",1,56
1397,2026-01-17T13:20:00.0,2026-02-02T18:57:45.531,"Any[26, 31, 36, 44, 54]",26,54
1415,2026-01-17T13:20:00.0,2026-01-26T18:57:45.531,"Any[1, 6, 11, 19, 25, 30, 37, 45, 56]",1,56
1422,2026-01-17T13:20:00.0,2026-01-12T18:57:45.531,"Any[53, 45, 37, 30, 25, 19, 10]",53,10
1425,2026-01-17T13:20:00.0,2026-02-02T18:57:45.531,"Any[7, 8, 13, 19, 25, 30, 37, 45, 53]",7,53
1427,2026-01-17T13:20:00.0,2026-02-02T18:57:45.531,"Any[1, 6, 11, 19, 25, 30, 37, 45, 53, 60]",1,60
1434,2026-01-17T13:20:00.0,2026-01-26T18:57:45.531,"Any[7, 8, 13, 19, 25, 30, 37, 45, 53]",7,53
1441,2026-01-17T13:20:00.0,2026-02-02T18:57:45.531,"Any[26, 31, 36, 44, 54]",26,54
1462,2026-01-17T13:20:00.0,2026-01-26T18:57:45.531,"Any[1, 6, 11, 19, 25, 30, 37, 45, 56]",1,56
1464,2026-01-17T13:20:00.0,2026-01-26T18:57:45.531,"Any[10, 19, 25, 30, 37, 45, 53, 60]",10,60
1470,2026-01-17T13:20:00.0,2026-01-26T18:57:45.531,"Any[7, 8, 13, 19, 25, 30, 37, 45, 53]",7,53
1475,2026-01-17T13:20:00.0,2026-02-02T18:57:45.531,"Any[53, 45, 37, 30, 25, 19, 11, 6, 1]",53,1
1480,2026-01-17T13:20:00.0,2026-01-19T18:57:45.531,"Any[7, 8, 13, 19, 25, 30, 37, 45, 53, 60]",7,60
1483,2026-01-17T13:20:00.0,2026-01-12T18:57:45.531,"Any[26, 31, 36, 44, 54]",26,54
1485,2026-01-17T13:20:00.0,2026-01-12T18:57:45.531,"Any[1, 6, 11, 19, 25, 30, 37, 45, 53, 60]",1,60
1490,2026-01-17T13:20:00.0,2026-02-02T18:57:45.531,"Any[26, 31, 36, 44, 54]",26,54
1496,2026-01-17T13:20:00.0,2026-01-12T18:57:45.531,"Any[53, 45, 37, 30, 25, 19, 10]",53,10
1498,2026-01-17T13:20:00.0,2026-02-02T18:57:45.531,"Any[45, 37, 30, 25, 19, 10]",45,10
1510,2026-01-17T13:20:00.0,2026-01-19T18:57:45.531,"Any[5, 6, 11, 19, 25, 30, 37, 45, 56]",5,56
1511,2026-01-17T13:20:00.0,2026-02-02T18:57:45.531,"Any[36, 31, 15, 12]",36,12
1515,2026-01-17T13:20:00.0,2026-01-12T18:57:45.531,"Any[1, 6, 11, 19, 25, 30, 37, 45, 56]",1,56
1526,2026-01-17T13:20:00.0,2026-01-19T18:57:45.531,"Any[1, 6, 11, 19, 25, 30, 37, 45, 56, 60]",1,60
1528,2026-01-17T13:20:00.0,2026-01-26T18:57:45.531,"Any[26, 31, 36, 44, 54]",26,54
1530,2026-01-17T13:20:00.0,2026-01-12T18:57:45.531,"Any[53, 45, 37, 30, 25, 17, 11, 6, 1]",53,1
1533,2026-01-17T13:20:00.0,2026-01-26T18:57:45.531,"Any[45, 37, 30, 25, 19, 10]",45,10
1538,2026-01-17T13:20:00.0,2026-01-19T18:57:45.531,"Any[53, 45, 37, 30, 25, 19, 10]",53,10
1540,2026-01-17T13:20:00.0,2026-01-26T18:57:45.531,"Any[1, 6, 11, 19, 25, 30, 37, 45, 56]",1,56
1559,2026-01-17T13:20:00.0,2026-02-02T18:57:45.531,"Any[7, 8, 13, 19, 25, 30, 37, 45, 53]",7,53
1561,2026-01-17T13:20:00.0,2026-01-12T18:57:45.531,"Any[10, 19, 25, 30, 37, 45, 53, 60]",10,60
1563,2026-01-17T13:20:00.0,2026-01-19T18:57:45.531,"Any[53, 45, 37, 30, 25, 19, 10]",53,10
1572,2026-01-17T13:20:00.0,2026-01-26T18:57:45.531,"Any[53, 45, 37, 30, 25, 19, 10]",53,10
1575,2026-01-17T13:20:00.0,2026-01-19T18:57:45.531,"Any[53, 45, 37, 30, 25, 19, 10]",53,10
1576,2026-01-17T13:20:00.0,2026-01-26T18:57:45.531,"Any[26, 31, 36, 44, 54]",26,54
1587,2026-01-17T13:20:00.0,2026-01-12T18:57:45.531,"Any[53, 45, 37, 30, 25, 19, 10]",53,10
1597,2026-01-17T13:20:00.0,2026-02-02T18:57:45.531,"Any[53, 45, 37, 30, 25, 19, 10]",53,10
1606,2026-01-17T13:20:00.0,2026-01-26T18:57:45.531,"Any[7, 8, 13, 19, 25, 30, 37, 45, 53, 60]",7,60
1607,2026-01-17T13:20:00.0,2026-02-02T18:57:45.531,"Any[1, 6, 11, 19, 25, 30, 37, 45, 56]",1,56
1618,2026-01-17T13:20:00.0,2026-01-19T18:57:45.531,"Any[1, 6, 11, 19, 25, 30, 37, 45, 56, 60]",1,60
1625,2026-01-17T13:20:00.0,2026-01-26T18:57:45.531,"Any[1, 6, 11, 19, 25, 30, 37, 45, 56]",1,56
1630,2026-01-17T13:20:00.0,2026-01-26T18:57:45.531,"Any[53, 45, 37, 30, 25, 19, 10]",53,10
1656,2026-01-17T13:20:00.0,2026-02-02T18:57:45.531,"Any[53, 45, 37, 30, 25, 19, 11, 6, 1]",53,1
1657,2026-01-17T13:20:00.0,2026-01-12T18:57:45.531,"Any[18, 26, 31, 36]",18,36
1669,2026-01-17T13:20:00.0,2026-01-26T18:57:45.531,"Any[53, 45, 37, 30, 25, 19, 11, 6, 1]",53,1
1670,2026-01-17T13:20:00.0,2026-02-02T18:57:45.531,"Any[53, 45, 37, 30, 25, 19, 11, 6, 1]",53,1
1677,2026-01-17T13:20:00.0,2026-02-02T18:57:45.531,"Any[53, 45, 37, 30, 25, 19, 11, 6, 1]",53,1
1679,2026-01-17T13:20:00.0,2026-01-12T18:57:45.531,"Any[53, 45, 37, 30, 25, 19, 11, 6, 1]",53,1
1683,2026-01-17T13:20:00.0,2026-01-12T18:57:45.531,"Any[53, 45, 37, 30, 25, 19, 10]",53,10
1693,2026-01-17T13:20:00.0,2026-01-12T18:57:45.531,"Any[53, 45, 37, 30, 25, 19, 11, 6, 1]",53,1
1698,2026-01-17T13:20:00.0,2026-01-12T18:57:45.531,"Any[53, 45, 37, 30, 25, 19, 10]",53,10
1699,2026-01-17T13:20:00.0,2026-01-12T18:57:45.531,"Any[1, 6, 11, 19, 25, 30, 37, 45, 56]",1,56
1703,2026-01-17T13:20:00.0,2026-01-12T18:57:45.531,"Any[53, 45, 37, 30, 25, 19, 11, 6, 1]",53,1
1704,2026-01-17T13:20:00.0,2026-01-19T18:57:45.531,"Any[7, 8, 13, 19, 25, 30, 37, 45, 53]",7,53
1711,2026-01-17T13:20:00.0,2026-01-26T18:57:45.531,"Any[56, 45, 37, 30, 25, 19, 10]",56,10
1728,2026-01-17T13:20:00.0,2026-02-02T18:57:45.531,"Any[53, 45, 37, 30, 25, 19, 11, 6, 1]",53,1
1729,2026-01-17T13:20:00.0,2026-01-12T18:57:45.531,"Any[53, 45, 37, 30, 25, 19, 10]",53,10
1734,2026-01-17T13:20:00.0,2026-01-26T18:57:45.531,"Any[7, 8, 13, 19, 25, 30, 37, 45, 53]",7,53
1738,2026-01-17T13:20:00.0,2026-01-26T18:57:45.531,"Any[53, 45, 37, 30, 25, 19, 10]",53,10
1752,2026-01-17T13:20:00.0,2026-01-26T18:57:45.531,"Any[45, 37, 30, 25, 19, 10]",45,10
1767,2026-01-17T13:20:00.0,2026-01-12T18:57:45.531,"Any[53, 45, 37, 30, 25, 19, 11, 6, 1]",53,1
1781,2026-01-17T13:20:00.0,2026-01-26T18:57:45.531,"Any[7, 8, 13, 19, 25, 30, 37, 45, 53]",7,53
1794,2026-01-17T13:20:00.0,2026-01-12T18:57:45.531,"Any[1, 6, 11, 19, 25, 30, 37, 45, 56]",1,56
1798,2026-01-17T13:20:00.0,2026-01-12T18:57:45.531,"Any[1, 6, 11, 19, 25, 30, 37, 45, 56]",1,56
1801,2026-01-17T13:20:00.0,2026-01-19T18:57:45.531,"Any[53, 45, 37, 30, 25, 19, 11, 6, 1]",53,1
1810,2026-01-17T13:20:00.0,2026-01-12T18:57:45.531,"Any[1, 6, 11, 19, 23, 36, 44, 54, 60]",1,60
1814,2026-01-17T13:20:00.0,2026-01-19T18:57:45.531,"Any[9, 15, 26, 31, 36, 44, 54, 60]",9,60
1911,2026-01-17T13:20:00.0,2026-01-19T18:57:45.531,Any[],54,26
1994,2026-01-17T13:20:00.0,2026-01-19T18:57:45.531,Any[],54,26
2443,2026-01-17T13:20:00.0,2026-02-02T18:57:45.531,Any[],47,22
2709,2026-01-17T13:20:00.0,2026-01-26T18:57:45.531,"Any[26, 31, 36, 44, 54]",26,54
2715,2026-01-17T13:20:00.0,2026-01-12T18:57:45.531,"Any[26, 31, 36, 44, 54]",26,54
2725,2026-01-17T13:20:00.0,2026-02-02T18:57:45.531,"Any[26, 31, 36, 44, 54]",26,54
2728,2026-01-17T13:20:00.0,2026-01-19T18:57:45.531,"Any[26, 31, 36, 44, 54]",26,54
2738,2026-01-17T13:20:00.0,2026-01-12T18:57:45.531,"Any[26, 31, 36, 44, 54]",26,54
2740,2026-01-17T13:20:00.0,2026-01-26T18:57:45.531,"Any[26, 31, 36, 44, 54]",26,54
2743,2026-01-17T13:20:00.0,2026-01-12T18:57:45.531,"Any[26, 31, 36, 44, 54]",26,54
2756,2026-01-17T13:20:00.0,2026-01-12T18:57:45.531,"Any[26, 31, 36, 44, 54]",26,54
2759,2026-01-17T13:20:00.0,2026-01-19T18:57:45.531,"Any[26, 31, 36, 44, 54]",26,54
2769,2026-01-17T13:20:00.0,2026-01-12T18:57:45.531,"Any[26, 31, 36, 44, 54]",26,54
2770,2026-01-17T13:20:00.0,2026-01-12T18:57:45.531,"Any[26, 31, 36, 44, 54]",26,54
2772,2026-01-17T13:20:00.0,2026-01-26T18:57:45.531,"Any[26, 31, 36, 44, 54]",26,54
2773,2026-01-17T13:20:00.0,2026-01-12T18:57:45.531,"Any[26, 31, 36, 44, 54]",26,54
2779,2026-01-17T13:20:00.0,2026-02-02T18:57:45.531,"Any[26, 31, 36, 44, 54]",26,54
2782,2026-01-17T13:20:00.0,2026-01-12T18:57:45.531,"Any[26, 31, 36, 44, 54]",26,54
2785,2026-01-17T13:20:00.0,2026-01-19T18:57:45.531,"Any[26, 27, 31, 36, 44, 54]",26,54
2786,2026-01-17T13:20:00.0,2026-01-19T18:57:45.531,"Any[26, 31, 36, 44, 54]",26,54
2792,2026-01-17T13:20:00.0,2026-02-02T18:57:45.531,"Any[26, 31, 36, 44, 54]",26,54
2794,2026-01-17T13:20:00.0,2026-01-12T18:57:45.531,"Any[26, 31, 36, 44, 54]",26,54
2795,2026-01-17T13:20:00.0,2026-02-02T18:57:45.531,"Any[26, 31, 36, 44, 54]",26,54
2796,2026-01-17T13:20:00.0,2026-01-19T18:57:45.531,"Any[26, 31, 36, 44, 54]",26,54
2799,2026-01-17T13:20:00.0,2026-01-12T18:57:45.531,"Any[26, 31, 36, 44, 54]",26,54
2813,2026-01-17T13:20:00.0,2026-02-02T18:57:45.531,"Any[26, 31, 36, 44, 54]",26,54
2816,2026-01-17T13:20:00.0,2026-02-02T18:57:45.531,"Any[26, 31, 36, 44, 54]",26,54
2825,2026-01-17T13:20:00.0,2026-01-26T18:57:45.531,"Any[26, 31, 36, 44, 54]",26,54
2830,2026-01-17T13:20:00.0,2026-02-02T18:57:45.531,"Any[26, 31, 36, 44, 54]",26,54
2839,2026-01-17T13:20:00.0,2026-01-12T18:57:45.531,"Any[26, 31, 36, 44, 54]",26,54
2846,2026-01-17T13:20:00.0,2026-01-12T18:57:45.531,"Any[26, 27, 31, 36, 44, 54]",26,54
2854,2026-01-17T13:20:00.0,2026-01-19T18:57:45.531,"Any[26, 31, 36, 44, 54]",26,54
2865,2026-01-17T13:20:00.0,2026-01-12T18:57:45.531,"Any[26, 31, 36, 44, 54]",26,54
2883,2026-01-17T13:20:00.0,2026-02-02T18:57:45.531,"Any[26, 31, 36, 44, 54]",26,54
2893,2026-01-17T13:20:00.0,2026-01-12T18:57:45.531,"Any[26, 31, 36, 44, 54]",26,54
2900,2026-01-17T13:20:00.0,2026-01-26T18:57:45.531,"Any[26, 31, 36, 44, 54]",26,54
2902,2026-01-17T13:20:00.0,2026-01-19T18:57:45.531,"Any[26, 31, 36, 44, 54]",26,54
2910,2026-01-17T13:20:00.0,2026-02-02T18:57:45.531,"Any[26, 31, 36, 44, 54]",26,54
2915,2026-01-17T13:20:00.0,2026-01-19T18:57:45.531,"Any[26, 31, 36, 44, 54]",26,54
2916,2026-01-17T13:20:00.0,2026-02-02T18:57:45.531,"Any[26, 27, 31, 36, 44, 54]",26,54
2924,2026-01-17T13:20:00.0,2026-01-26T18:57:45.531,"Any[26, 31, 36, 44, 54]",26,54
2927,2026-01-17T13:20:00.0,2026-02-02T18:57:45.531,"Any[26, 31, 36, 44, 54]",26,54
2928,2026-01-17T13:20:00.0,2026-01-26T18:57:45.531,"Any[26, 31, 36, 44, 54]",26,54
2936,2026-01-17T13:20:00.0,2026-01-19T18:57:45.531,"Any[26, 27, 31, 36, 44, 54]",26,54
2943,2026-01-17T13:20:00.0,2026-01-19T18:57:45.531,"Any[26, 31, 36, 44, 54]",26,54
2944,2026-01-17T13:20:00.0,2026-02-02T18:57:45.531,"Any[26, 31, 36, 44, 54]",26,54
2949,2026-01-17T13:20:00.0,2026-01-19T18:57:45.531,"Any[26, 31, 36, 44, 54]",26,54
2952,2026-01-17T13:20:00.0,2026-02-02T18:57:45.531,"Any[26, 31, 36, 44, 54]",26,54
2967,2026-01-17T13:20:00.0,2026-01-26T18:57:45.531,"Any[26, 31, 36, 44, 54]",26,54
2970,2026-01-17T13:20:00.0,2026-01-26T18:57:45.531,"Any[26, 31, 36, 44, 54]",26,54
2973,2026-01-17T13:20:00.0,2026-02-02T18:57:45.531,"Any[26, 31, 36, 44, 54]",26,54
2979,2026-01-17T13:20:00.0,2026-01-12T18:57:45.531,"Any[26, 31, 36, 44, 54]",26,54
2981,2026-01-17T13:20:00.0,2026-01-12T18:57:45.531,"Any[26, 31, 36, 44, 54]",26,54
2987,2026-01-17T13:20:00.0,2026-01-12T18:57:45.531,"Any[26, 31, 36, 44, 54]",26,54
2991,2026-01-17T13:20:00.0,2026-01-19T18:57:45.531,"Any[26, 31, 36, 44, 54]",26,54
2992,2026-01-17T13:20:00.0,2026-01-12T18:57:45.531,"Any[26, 31, 36, 44, 54]",26,54
2997,2026-01-17T13:20:00.0,2026-01-19T18:57:45.531,"Any[26, 31, 36, 44, 54]",26,54
3003,2026-01-17T13:20:00.0,2026-02-02T18:57:45.531,"Any[26, 31, 36, 44, 54]",26,54
3008,2026-01-17T13:20:00.0,2026-01-19T18:57:45.531,"Any[26, 31, 36, 44, 54]",26,54
3012,2026-01-17T13:20:00.0,2026-01-26T18:57:45.531,"Any[26, 31, 36, 44, 54]",26,54
3017,2026-01-17T13:20:00.0,2026-01-19T18:57:45.531,"Any[26, 27, 31, 36, 44, 54]",26,54
3024,2026-01-17T13:20:00.0,2026-02-02T18:57:45.531,"Any[26, 31, 36, 44, 54]",26,54
3026,2026-01-17T13:20:00.0,2026-01-19T18:57:45.531,"Any[26, 31, 36, 44, 54]",26,54
3027,2026-01-17T13:20:00.0,2026-01-12T18:57:45.531,"Any[26, 31, 36, 44, 54]",26,54
3036,2026-01-17T13:20:00.0,2026-02-02T18:57:45.531,"Any[26, 31, 36, 44, 54]",26,54
3042,2026-01-17T13:20:00.0,2026-02-02T18:57:45.531,"Any[26, 31, 36, 44, 54]",26,54
3044,2026-01-17T13:20:00.0,2026-01-26T18:57:45.531,"Any[26, 31, 36, 44, 54]",26,54
3063,2026-01-17T13:20:00.0,2026-01-26T18:57:45.531,"Any[26, 31, 36, 44, 54]",26,54
3069,2026-01-17T13:20:00.0,2026-02-02T18:57:45.531,"Any[26, 31, 36, 44, 54]",26,54
3070,2026-01-17T13:20:00.0,2026-01-19T18:57:45.531,"Any[26, 31, 36, 44, 54]",26,54
3078,2026-01-17T13:20:00.0,2026-02-02T18:57:45.531,"Any[26, 31, 36, 44, 54]",26,54
3085,2026-01-17T13:20:00.0,2026-01-26T18:57:45.531,"Any[26, 31, 36, 44, 54]",26,54
3088,2026-01-17T13:20:00.0,2026-01-19T18:57:45.531,"Any[26, 31, 36, 44, 54]",26,54
3089,2026-01-17T13:20:00.0,2026-01-12T18:57:45.531,"Any[26, 31, 36, 44, 54]",26,54
3093,2026-01-17T13:20:00.0,2026-01-19T18:57:45.531,"Any[26, 31, 36, 44, 54]",26,54
3126,2026-01-17T13:20:00.0,2026-01-12T18:57:45.531,"Any[26, 31, 36, 44, 54]",26,54
3130,2026-01-17T13:20:00.0,2026-02-02T18:57:45.531,"Any[26, 31, 36, 44, 54]",26,54
3131,2026-01-17T13:20:00.0,2026-01-26T18:57:45.531,"Any[26, 31, 36, 44, 54]",26,54
3132,2026-01-17T13:20:00.0,2026-01-26T18:57:45.531,"Any[26, 31, 36, 44, 54]",26,54
3145,2026-01-17T13:20:00.0,2026-01-12T18:57:45.531,"Any[26, 31, 36, 44, 54]",26,54
3147,2026-01-17T13:20:00.0,2026-02-02T18:57:45.531,"Any[26, 31, 36, 44, 54]",26,54
3151,2026-01-17T13:20:00.0,2026-01-26T18:57:45.531,"Any[26, 31, 36, 44, 54]",26,54
3155,2026-01-17T13:20:00.0,2026-02-02T18:57:45.531,"Any[26, 31, 36, 44, 54]",26,54
3171,2026-01-17T13:20:00.0,2026-01-19T18:57:45.531,"Any[26, 31, 36, 44, 54]",26,54
3182,2026-01-17T13:20:00.0,2026-01-19T18:57:45.531,"Any[7, 8, 13, 19, 25, 30, 37, 45, 56]",7,56
3192,2026-01-17T13:20:00.0,2026-01-26T18:57:45.531,"Any[7, 8, 13, 19, 25, 30, 37, 45, 56]",7,56
3200,2026-01-17T13:20:00.0,2026-02-02T18:57:45.531,"Any[5, 10, 19, 25, 30, 37, 45, 53]",5,53
1978,2026-01-17T13:21:00.0,2026-02-02T18:58:45.531,Any[],54,26
2524,2026-01-17T13:21:00.0,2026-01-12T18:58:45.531,Any[],47,22
1916,2026-01-17T13:22:00.0,2026-02-02T18:59:45.531,Any[],54,26
2377,2026-01-17T13:22:00.0,2026-01-12T18:59:45.531,Any[],47,22
1970,2026-01-17T13:23:00.0,2026-01-26T19:00:45.531,Any[],54,26
2327,2026-01-17T13:23:00.0,2026-01-26T19:00:45.531,Any[],47,22
2143,2026-01-17T13:25:00.0,2026-02-02T19:02:45.531,Any[],54,26
2128,2026-01-17T13:26:00.0,2026-01-26T19:03:45.531,Any[],54,26
2171,2026-01-17T13:26:00.0,2026-01-19T19:03:45.531,Any[],54,26
2581,2026-01-17T13:26:00.0,2026-01-12T19:03:45.531,Any[],47,22
2667,2026-01-17T13:26:00.0,2026-01-12T19:03:45.531,Any[],47,22
2055,2026-01-17T13:27:00.0,2026-01-19T19:04:45.531,Any[],54,26
2105,2026-01-17T13:28:00.0,2026-02-02T19:05:45.531,Any[],54,26
2158,2026-01-17T13:28:00.0,2026-01-26T19:05:45.531,Any[],54,26
2419,2026-01-17T13:28:00.0,2026-01-26T19:05:45.531,Any[],47,22
2556,2026-01-17T13:28:00.0,2026-01-19T19:05:45.531,Any[],47,22
2050,2026-01-17T13:29:00.0,2026-01-12T19:06:45.531,Any[],54,26
2376,2026-01-17T13:29:00.0,2026-01-26T19:06:45.531,Any[],47,22
2534,2026-01-17T13:29:00.0,2026-02-02T19:06:45.531,Any[],47,22
2628,2026-01-17T13:29:00.0,2026-01-12T19:06:45.531,Any[],47,22
2413,2026-01-17T13:30:00.0,2026-02-02T19:07:45.531,Any[],47,22
1998,2026-01-17T13:31:00.0,2026-01-19T19:08:45.531,Any[],54,26
2029,2026-01-17T13:31:00.0,2026-02-02T19:08:45.531,Any[],54,26
2178,2026-01-17T13:31:00.0,2026-01-19T19:08:45.531,Any[],54,26
2381,2026-01-17T13:32:00.0,2026-01-12T19:09:45.531,Any[],47,22
2418,2026-01-17T13:32:00.0,2026-01-19T19:09:45.531,Any[],47,22
2655,2026-01-17T13:32:00.0,2026-01-26T19:09:45.531,Any[],47,22
2024,2026-01-17T13:33:00.0,2026-01-12T19:10:45.531,Any[],54,26
2175,2026-01-17T13:33:00.0,2026-01-12T19:10:45.531,Any[],54,26
2398,2026-01-17T13:33:00.0,2026-01-12T19:10:45.531,Any[],47,22
1927,2026-01-17T13:34:00.0,2026-02-02T19:11:45.531,Any[],54,26
2075,2026-01-17T13:34:00.0,2026-01-12T19:11:45.531,Any[],54,26
2080,2026-01-17T13:34:00.0,2026-01-12T19:11:45.531,Any[],54,26
2114,2026-01-17T13:34:00.0,2026-01-19T19:11:45.531,Any[],54,26
2243,2026-01-17T13:34:00.0,2026-01-26T19:11:45.531,Any[],54,26
2529,2026-01-17T13:34:00.0,2026-01-19T19:11:45.531,Any[],47,22
2415,2026-01-17T13:35:00.0,2026-02-02T19:12:45.531,Any[],47,22
2527,2026-01-17T13:35:00.0,2026-02-02T19:12:45.531,Any[],47,22
2313,2026-01-17T13:36:00.0,2026-01-26T19:13:45.531,Any[],54,26
1988,2026-01-17T13:37:00.0,2026-01-26T19:14:45.531,Any[],54,26
2389,2026-01-17T13:37:00.0,2026-01-12T19:14:45.531,Any[],47,22
2163,2026-01-17T13:38:00.0,2026-01-12T19:15:45.531,Any[],54,26
2119,2026-01-17T13:40:00.0,2026-01-12T19:17:45.531,Any[],54,26
2571,2026-01-17T13:40:00.0,2026-01-12T19:17:45.531,Any[],47,22
2575,2026-01-17T13:41:00.0,2026-02-02T19:18:45.531,Any[],47,22
2702,2026-01-17T13:41:00.0,2026-01-12T19:18:45.531,Any[],47,22
1907,2026-01-17T13:42:00.0,2026-01-19T19:19:45.531,Any[],54,26
2464,2026-01-17T13:42:00.0,2026-02-02T19:19:45.531,Any[],47,22
2681,2026-01-17T13:42:00.0,2026-01-26T19:19:45.531,Any[],47,22
2235,2026-01-17T13:44:00.0,2026-01-26T19:21:45.531,Any[],54,26
2368,2026-01-17T13:44:00.0,2026-01-12T19:21:45.531,Any[],47,22
2097,2026-01-17T13:45:00.0,2026-01-19T19:22:45.531,Any[],54,26
1868,2026-01-17T13:46:00.0,2026-01-19T19:23:45.531,Any[],54,26
2051,2026-01-17T13:46:00.0,2026-02-02T19:23:45.531,Any[],54,26
1913,2026-01-17T13:48:00.0,2026-02-02T19:25:45.531,Any[],54,26
2173,2026-01-17T13:49:00.0,2026-02-02T19:26:45.531,Any[],54,26
2312,2026-01-17T13:49:00.0,2026-02-02T19:26:45.531,Any[],54,26
2671,2026-01-17T13:49:00.0,2026-01-26T19:26:45.531,Any[],47,22
2684,2026-01-17T13:50:00.0,2026-01-12T19:27:45.531,Any[],47,22
2375,2026-01-17T13:51:00.0,2026-01-19T19:28:45.531,Any[],47,22
1892,2026-01-17T13:53:00.0,2026-01-26T19:30:45.531,Any[],54,26
2546,2026-01-17T13:54:00.0,2026-01-26T19:31:45.531,Any[],47,22
2224,2026-01-17T13:56:00.0,2026-01-12T19:33:45.531,Any[],54,26
1945,2026-01-17T13:57:00.0,2026-01-26T19:34:45.531,Any[],54,26
2499,2026-01-17T13:57:00.0,2026-01-19T19:34:45.531,Any[],47,22
1864,2026-01-17T13:58:00.0,2026-01-26T19:35:45.531,Any[],54,26
2422,2026-01-17T13:58:00.0,2026-01-12T19:35:45.531,Any[],47,22
2,2026-01-21T07:06:40.0,2026-01-09T12:44:25.531,"Any[7, 8, 13, 19, 25, 30, 37, 45, 53]",7,53
69,2026-01-21T07:06:40.0,2026-01-30T12:44:25.531,"Any[7, 8, 13, 19, 25, 30, 37, 45, 53]",7,53
85,2026-01-21T07:06:40.0,2026-01-09T12:44:25.531,"Any[1, 6, 10, 19, 23, 36, 44, 54, 60]",1,60
86,2026-01-21T07:06:40.0,2026-01-09T12:44:25.531,"Any[1, 6, 11, 19, 23, 28, 36, 44, 60]",1,60
94,2026-01-21T07:06:40.0,2026-01-23T12:44:25.531,"Any[10, 19, 25, 30, 37, 45, 53, 60]",10,60
97,2026-01-21T07:06:40.0,2026-01-16T12:44:25.531,"Any[1, 6, 10, 19, 23, 36, 44, 54, 60]",1,60
105,2026-01-21T07:06:40.0,2026-01-30T12:44:25.531,"Any[7, 8, 13, 19, 25, 30, 37, 45, 53]",7,53
106,2026-01-21T07:06:40.0,2026-01-23T12:44:25.531,"Any[1, 6, 11, 19, 23, 28, 36, 44, 54, 60]",1,60
126,2026-01-21T07:06:40.0,2026-01-16T12:44:25.531,"Any[10, 19, 25, 30, 37, 45, 53, 60]",10,60
163,2026-01-21T07:06:40.0,2026-01-23T12:44:25.531,"Any[53, 45, 37, 30, 25, 19, 11, 6, 1]",53,1
169,2026-01-21T07:06:40.0,2026-01-23T12:44:25.531,"Any[1, 6, 11, 19, 23, 36, 44, 54, 60]",1,60
178,2026-01-21T07:06:40.0,2026-01-16T12:44:25.531,"Any[53, 45, 37, 30, 25, 19, 10]",53,10
205,2026-01-21T07:06:40.0,2026-01-30T12:44:25.531,"Any[1, 6, 11, 19, 23, 28, 36, 44, 54, 60]",1,60
261,2026-01-21T07:06:40.0,2026-01-09T12:44:25.531,"Any[53, 45, 37, 30, 25, 19, 10]",53,10
295,2026-01-21T07:06:40.0,2026-01-16T12:44:25.531,"Any[26, 31, 36, 44, 54]",26,54
308,2026-01-21T07:06:40.0,2026-01-16T12:44:25.531,"Any[26, 31, 36, 44, 54]",26,54
336,2026-01-21T07:06:40.0,2026-01-09T12:44:25.531,"Any[53, 45, 37, 30, 25, 19, 10]",53,10
372,2026-01-21T07:06:40.0,2026-01-09T12:44:25.531,"Any[53, 45, 37, 30, 25, 19, 10]",53,10
389,2026-01-21T07:06:40.0,2026-01-16T12:44:25.531,"Any[7, 8, 13, 19, 25, 30, 37, 45, 53]",7,53
395,2026-01-21T07:06:40.0,2026-01-30T12:44:25.531,"Any[7, 8, 13, 19, 25, 30, 37, 45, 53, 60]",7,60
429,2026-01-21T07:06:40.0,2026-01-30T12:44:25.531,"Any[1, 6, 11, 19, 23, 36, 44, 54, 60]",1,60
439,2026-01-21T07:06:40.0,2026-01-16T12:44:25.531,"Any[1, 6, 11, 19, 23, 28, 36, 44, 54, 60]",1,60
446,2026-01-21T07:06:40.0,2026-01-30T12:44:25.531,"Any[1, 6, 11, 19, 23, 28, 36, 44, 60]",1,60
461,2026-01-21T07:06:40.0,2026-01-30T12:44:25.531,"Any[1, 6, 11, 19, 25, 30, 37, 45, 56]",1,56
463,2026-01-21T07:06:40.0,2026-01-09T12:44:25.531,"Any[7, 8, 13, 19, 25, 30, 37, 45, 53, 60]",7,60
470,2026-01-21T07:06:40.0,2026-01-16T12:44:25.531,"Any[7, 8, 13, 19, 25, 30, 37, 45]",7,45
505,2026-01-21T07:06:40.0,2026-01-30T12:44:25.531,"Any[56, 45, 37, 30, 25, 19, 10]",56,10
540,2026-01-21T07:06:40.0,2026-01-30T12:44:25.531,"Any[1, 6, 11, 19, 23, 28, 36, 44, 54, 60]",1,60
568,2026-01-21T07:06:40.0,2026-01-30T12:44:25.531,"Any[26, 31, 36, 44, 54]",26,54
570,2026-01-21T07:06:40.0,2026-01-09T12:44:25.531,"Any[53, 45, 37, 30, 25, 19, 10]",53,10
610,2026-01-21T07:06:40.0,2026-01-09T12:44:25.531,"Any[26, 31, 36, 44, 54]",26,54
614,2026-01-21T07:06:40.0,2026-01-09T12:44:25.531,"Any[26, 31, 36, 44]",26,44
628,2026-01-21T07:06:40.0,2026-01-23T12:44:25.531,"Any[53, 45, 37, 30, 25, 19, 11, 6, 1]",53,1
638,2026-01-21T07:06:40.0,2026-01-09T12:44:25.531,"Any[53, 45, 37, 30, 25, 19, 10]",53,10
652,2026-01-21T07:06:40.0,2026-01-30T12:44:25.531,"Any[10, 19, 25, 30, 37, 45, 53, 60]",10,60
720,2026-01-21T07:06:40.0,2026-01-09T12:44:25.531,"Any[53, 45, 37, 30, 25, 19, 11, 6, 1]",53,1
754,2026-01-21T07:06:40.0,2026-01-23T12:44:25.531,"Any[26, 31, 36, 44, 54]",26,54
770,2026-01-21T07:06:40.0,2026-01-16T12:44:25.531,"Any[26, 31, 36, 44, 54]",26,54
774,2026-01-21T07:06:40.0,2026-01-09T12:44:25.531,"Any[53, 45, 37, 30, 25, 19, 10]",53,10
779,2026-01-21T07:06:40.0,2026-01-09T12:44:25.531,"Any[1, 6, 11, 19, 23, 28, 36, 44, 54, 60]",1,60
780,2026-01-21T07:06:40.0,2026-01-16T12:44:25.531,"Any[1, 6, 11, 19, 30, 37, 45, 56]",1,56
803,2026-01-21T07:06:40.0,2026-01-09T12:44:25.531,"Any[10, 25, 30, 37, 45, 53, 60]",10,60
821,2026-01-21T07:06:40.0,2026-01-23T12:44:25.531,"Any[45, 37, 30, 25, 19, 10]",45,10
844,2026-01-21T07:06:40.0,2026-01-09T12:44:25.531,"Any[26, 31, 36, 44, 54]",26,54
846,2026-01-21T07:06:40.0,2026-01-23T12:44:25.531,"Any[45, 37, 30, 25, 19, 10]",45,10
851,2026-01-21T07:06:40.0,2026-01-23T12:44:25.531,"Any[1, 6, 11, 19, 25, 30, 37, 45]",1,45
858,2026-01-21T07:06:40.0,2026-01-09T12:44:25.531,"Any[7, 8, 13, 19, 25, 30, 37, 45, 53]",7,53
876,2026-01-21T07:06:40.0,2026-01-16T12:44:25.531,"Any[53, 45, 37, 30, 25, 19, 10]",53,10
883,2026-01-21T07:06:40.0,2026-01-30T12:44:25.531,"Any[26, 31, 36, 44, 54]",26,54
904,2026-01-21T07:06:40.0,2026-01-09T12:44:25.531,"Any[53, 45, 37, 30, 25, 19, 11, 6, 1]",53,1
924,2026-01-21T07:06:40.0,2026-01-23T12:44:25.531,"Any[10, 19, 25, 30, 37, 45, 53, 60]",10,60
929,2026-01-21T07:06:40.0,2026-01-23T12:44:25.531,"Any[53, 45, 37, 30, 25, 19, 10]",53,10
931,2026-01-21T07:06:40.0,2026-01-23T12:44:25.531,"Any[53, 45, 37, 30, 25, 19, 11, 6, 1]",53,1
932,2026-01-21T07:06:40.0,2026-01-30T12:44:25.531,"Any[53, 45, 37, 30, 25, 19, 10]",53,10
956,2026-01-21T07:06:40.0,2026-01-23T12:44:25.531,"Any[53, 45, 37, 30, 25, 19, 10]",53,10
980,2026-01-21T07:06:40.0,2026-01-16T12:44:25.531,"Any[53, 45, 37, 30, 25, 19, 10]",53,10
1007,2026-01-21T07:06:40.0,2026-01-30T12:44:25.531,"Any[53, 45, 37, 30, 25, 19, 10]",53,10
1071,2026-01-21T07:06:40.0,2026-01-23T12:44:25.531,"Any[53, 45, 37, 30, 25, 19, 10]",53,10
1077,2026-01-21T07:06:40.0,2026-01-16T12:44:25.531,"Any[1, 6, 11, 19, 23, 36, 44, 54, 60]",1,60
1094,2026-01-21T07:06:40.0,2026-01-16T12:44:25.531,"Any[53, 45, 37, 30, 25, 19, 10]",53,10
1167,2026-01-21T07:06:40.0,2026-01-09T12:44:25.531,"Any[7, 8, 13, 19, 25, 30, 37, 45, 56]",7,56
1194,2026-01-21T07:06:40.0,2026-01-30T12:44:25.531,"Any[26, 31, 36, 44, 54]",26,54
1231,2026-01-21T07:06:40.0,2026-01-30T12:44:25.531,"Any[1, 6, 11, 16, 25, 30, 37, 45, 56]",1,56
1256,2026-01-21T07:06:40.0,2026-01-16T12:44:25.531,"Any[7, 8, 13, 19, 25, 30, 37, 45, 56]",7,56
1259,2026-01-21T07:06:40.0,2026-01-09T12:44:25.531,"Any[10, 19, 25, 30, 37, 45, 53, 60]",10,60
1271,2026-01-21T07:06:40.0,2026-01-09T12:44:25.531,"Any[26, 31, 36, 44, 54]",26,54
1273,2026-01-21T07:06:40.0,2026-01-30T12:44:25.531,"Any[26, 31, 36, 44, 54]",26,54
1293,2026-01-21T07:06:40.0,2026-01-23T12:44:25.531,"Any[7, 8, 13, 19, 25, 30, 37, 45, 53]",7,53
1333,2026-01-21T07:06:40.0,2026-01-16T12:44:25.531,"Any[56, 45, 37, 30, 25, 19, 10]",56,10
1340,2026-01-21T07:06:40.0,2026-01-09T12:44:25.531,"Any[7, 8, 13, 19, 25, 30, 37, 45, 53]",7,53
1342,2026-01-21T07:06:40.0,2026-01-09T12:44:25.531,"Any[7, 8, 13, 19, 25, 30, 37, 45, 53]",7,53
1344,2026-01-21T07:06:40.0,2026-01-23T12:44:25.531,"Any[45, 37, 30, 25, 19, 10]",45,10
1347,2026-01-21T07:06:40.0,2026-01-16T12:44:25.531,"Any[53, 45, 37, 30, 25, 19, 10]",53,10
1352,2026-01-21T07:06:40.0,2026-01-09T12:44:25.531,"Any[45, 37, 30, 25, 19, 10]",45,10
1356,2026-01-21T07:06:40.0,2026-01-23T12:44:25.531,"Any[53, 45, 37, 30, 25, 19, 11, 6, 1]",53,1
1401,2026-01-21T07:06:40.0,2026-01-09T12:44:25.531,"Any[26, 31, 36, 44, 54]",26,54
1411,2026-01-21T07:06:40.0,2026-01-09T12:44:25.531,"Any[56, 45, 37, 30, 25, 19, 10]",56,10
1413,2026-01-21T07:06:40.0,2026-01-30T12:44:25.531,"Any[26, 31, 36, 44, 54]",26,54
1417,2026-01-21T07:06:40.0,2026-01-09T12:44:25.531,"Any[7, 8, 13, 19, 25, 30, 37, 45, 56]",7,56
1506,2026-01-21T07:06:40.0,2026-01-23T12:44:25.531,"Any[10, 19, 25, 30, 37, 45, 53, 60]",10,60
1529,2026-01-21T07:06:40.0,2026-01-23T12:44:25.531,"Any[1, 6, 11, 19, 23, 36, 44, 54, 60]",1,60
1541,2026-01-21T07:06:40.0,2026-01-23T12:44:25.531,"Any[1, 6, 11, 19, 25, 30, 37, 45]",1,45
1546,2026-01-21T07:06:40.0,2026-01-16T12:44:25.531,"Any[53, 45, 37, 30, 25, 19, 11, 6, 1]",53,1
1552,2026-01-21T07:06:40.0,2026-01-30T12:44:25.531,"Any[53, 45, 37, 30, 25, 19, 10]",53,10
1571,2026-01-21T07:06:40.0,2026-01-16T12:44:25.531,"Any[10, 19, 25, 30, 37, 45, 53, 60]",10,60
1592,2026-01-21T07:06:40.0,2026-01-30T12:44:25.531,"Any[53, 45, 37, 30, 25, 19, 11, 6, 1]",53,1
1609,2026-01-21T07:06:40.0,2026-01-30T12:44:25.531,"Any[7, 8, 13, 19, 25, 30, 37, 45, 53]",7,53
1611,2026-01-21T07:06:40.0,2026-01-23T12:44:25.531,"Any[53, 45, 37, 30, 25, 19, 10]",53,10
1620,2026-01-21T07:06:40.0,2026-01-16T12:44:25.531,"Any[10, 19, 25, 30, 37, 45, 53, 60]",10,60
1626,2026-01-21T07:06:40.0,2026-01-30T12:44:25.531,"Any[53, 45, 37, 30, 25, 19, 10]",53,10
1627,2026-01-21T07:06:40.0,2026-01-09T12:44:25.531,"Any[10, 19, 25, 30, 37, 45, 53, 60]",10,60
1643,2026-01-21T07:06:40.0,2026-01-09T12:44:25.531,"Any[53, 45, 37, 30, 25, 19, 10]",53,10
1680,2026-01-21T07:06:40.0,2026-01-09T12:44:25.531,"Any[53, 45, 37, 30, 25, 19, 10]",53,10
1690,2026-01-21T07:06:40.0,2026-01-16T12:44:25.531,"Any[7, 8, 13, 19, 25, 30, 37, 45, 53]",7,53
1712,2026-01-21T07:06:40.0,2026-01-09T12:44:25.531,"Any[26, 31, 36, 44, 54]",26,54
1768,2026-01-21T07:06:40.0,2026-01-09T12:44:25.531,"Any[53, 45, 37, 30, 25, 19, 10]",53,10
1795,2026-01-21T07:06:40.0,2026-01-23T12:44:25.531,"Any[26, 31, 36, 44, 54]",26,54
1816,2026-01-21T07:06:40.0,2026-01-30T12:44:25.531,"Any[53, 45, 37, 30, 25, 19, 10]",53,10
1821,2026-01-21T07:06:40.0,2026-01-16T12:44:25.531,"Any[26, 31, 36]",26,36
1841,2026-01-21T07:06:40.0,2026-01-09T12:44:25.531,"Any[53, 45, 37, 30, 25, 19, 10]",53,10
1843,2026-01-21T07:06:40.0,2026-01-30T12:44:25.531,"Any[56, 45, 37, 30, 25, 19, 10]",56,10
2723,2026-01-21T07:06:40.0,2026-01-09T12:44:25.531,"Any[26, 31, 36, 44, 54]",26,54
2734,2026-01-21T07:06:40.0,2026-01-16T12:44:25.531,"Any[26, 31, 36, 44, 54]",26,54
2762,2026-01-21T07:06:40.0,2026-01-09T12:44:25.531,"Any[26, 31, 36, 44, 54]",26,54
2763,2026-01-21T07:06:40.0,2026-01-23T12:44:25.531,"Any[26, 31, 36, 44, 54]",26,54
2851,2026-01-21T07:06:40.0,2026-01-09T12:44:25.531,"Any[26, 31, 36, 44, 54]",26,54
2871,2026-01-21T07:06:40.0,2026-01-16T12:44:25.531,"Any[26, 31, 36, 44, 54]",26,54
2879,2026-01-21T07:06:40.0,2026-01-09T12:44:25.531,"Any[26, 31, 36, 44, 54]",26,54
2892,2026-01-21T07:06:40.0,2026-01-09T12:44:25.531,"Any[26, 31, 36, 44, 54]",26,54
2904,2026-01-21T07:06:40.0,2026-01-23T12:44:25.531,"Any[26, 31, 36, 44, 54]",26,54
2908,2026-01-21T07:06:40.0,2026-01-16T12:44:25.531,"Any[26, 31, 36, 44, 54]",26,54
2917,2026-01-21T07:06:40.0,2026-01-30T12:44:25.531,"Any[26, 31, 36, 44, 54]",26,54
2934,2026-01-21T07:06:40.0,2026-01-30T12:44:25.531,"Any[26, 31, 36, 44, 54]",26,54
2942,2026-01-21T07:06:40.0,2026-01-16T12:44:25.531,"Any[26, 31, 36, 44, 54]",26,54
2968,2026-01-21T07:06:40.0,2026-01-30T12:44:25.531,"Any[26, 31, 36, 44, 54]",26,54
2983,2026-01-21T07:06:40.0,2026-01-30T12:44:25.531,"Any[26, 31, 36, 44, 54]",26,54
3001,2026-01-21T07:06:40.0,2026-01-09T12:44:25.531,"Any[26, 31, 36, 44, 54]",26,54
3005,2026-01-21T07:06:40.0,2026-01-16T12:44:25.531,"Any[26, 31, 36, 44, 54]",26,54
3013,2026-01-21T07:06:40.0,2026-01-23T12:44:25.531,"Any[26, 31, 36, 44, 54]",26,54
3049,2026-01-21T07:06:40.0,2026-01-30T12:44:25.531,"Any[26, 31, 36, 44, 54]",26,54
3053,2026-01-21T07:06:40.0,2026-01-09T12:44:25.531,"Any[26, 31, 36, 44, 54]",26,54
3055,2026-01-21T07:06:40.0,2026-01-09T12:44:25.531,"Any[26, 31, 36, 44, 54]",26,54
3065,2026-01-21T07:06:40.0,2026-01-09T12:44:25.531,"Any[26, 31, 36, 44, 54]",26,54
3072,2026-01-21T07:06:40.0,2026-01-09T12:44:25.531,"Any[26, 31, 36, 44, 54]",26,54
3077,2026-01-21T07:06:40.0,2026-01-09T12:44:25.531,"Any[26, 31, 36, 44, 54]",26,54
3105,2026-01-21T07:06:40.0,2026-01-16T12:44:25.531,"Any[26, 31, 36, 44, 54]",26,54
3150,2026-01-21T07:06:40.0,2026-01-30T12:44:25.531,"Any[26, 31, 36, 44, 54]",26,54
3170,2026-01-21T07:06:40.0,2026-01-09T12:44:25.531,"Any[26, 31, 36, 44, 54]",26,54
3176,2026-01-21T07:06:40.0,2026-01-30T12:44:25.531,"Any[1, 6, 11, 19, 25, 30, 37, 45]",1,45
2604,2026-01-21T07:23:00.0,2026-01-30T13:00:45.531,Any[],47,22
2257,2026-01-21T07:24:00.0,2026-01-09T13:01:45.531,Any[],54,26
2065,2026-01-21T07:26:00.0,2026-01-09T13:03:45.531,Any[],54,26
2615,2026-01-21T07:40:00.0,2026-01-16T13:17:45.531,Any[],47,22
2059,2026-01-21T07:41:00.0,2026-01-23T13:18:45.531,Any[],54,26
2047,2026-01-21T07:51:00.0,2026-01-09T13:28:45.531,Any[],54,26
2222,2026-01-21T07:58:00.0,2026-01-23T13:35:45.531,Any[],54,26
1890,2026-01-21T13:00:00.0,2026-01-30T18:37:45.531,Any[],54,26
2572,2026-01-21T13:00:00.0,2026-01-16T18:37:45.531,Any[],47,22
2090,2026-01-21T13:01:00.0,2026-01-30T18:38:45.531,Any[],54,26
2550,2026-01-21T13:01:00.0,2026-01-09T18:38:45.531,Any[],47,22
2565,2026-01-21T13:02:00.0,2026-01-09T18:39:45.531,Any[],47,22
2620,2026-01-21T13:02:00.0,2026-01-30T18:39:45.531,Any[],47,22
2433,2026-01-21T13:03:00.0,2026-01-16T18:40:45.531,Any[],47,22
2404,2026-01-21T13:05:00.0,2026-01-16T18:42:45.531,Any[],47,22
2526,2026-01-21T13:06:00.0,2026-01-30T18:43:45.531,Any[],47,22
1858,2026-01-21T13:08:00.0,2026-01-16T18:45:45.531,Any[],54,26
1904,2026-01-21T13:08:00.0,2026-01-16T18:45:45.531,Any[],54,26
2297,2026-01-21T13:08:00.0,2026-01-23T18:45:45.531,Any[],54,26
2483,2026-01-21T13:08:00.0,2026-01-09T18:45:45.531,Any[],47,22
1923,2026-01-21T13:09:00.0,2026-01-30T18:46:45.531,Any[],54,26
2228,2026-01-21T13:09:00.0,2026-01-16T18:46:45.531,Any[],54,26
2686,2026-01-21T13:11:00.0,2026-01-23T18:48:45.531,Any[],47,22
2367,2026-01-21T13:12:00.0,2026-01-23T18:49:45.531,Any[],47,22
2538,2026-01-21T13:13:00.0,2026-01-30T18:50:45.531,Any[],47,22
2057,2026-01-21T13:15:00.0,2026-01-09T18:52:45.531,Any[],54,26
2497,2026-01-21T13:15:00.0,2026-01-09T18:52:45.531,Any[],47,22
2607,2026-01-21T13:16:00.0,2026-01-30T18:53:45.531,Any[],47,22
2611,2026-01-21T13:16:00.0,2026-01-30T18:53:45.531,Any[],47,22
1882,2026-01-21T13:20:00.0,2026-01-30T18:57:45.531,Any[],54,26
2081,2026-01-21T13:20:00.0,2026-01-23T18:57:45.531,Any[],54,26
2142,2026-01-21T13:24:00.0,2026-01-09T19:01:45.531,Any[],54,26
2500,2026-01-21T13:28:00.0,2026-01-09T19:05:45.531,Any[],47,22
1989,2026-01-21T13:35:00.0,2026-01-30T19:12:45.531,Any[],54,26
1859,2026-01-21T13:36:00.0,2026-01-16T19:13:45.531,Any[],54,26
1871,2026-01-21T13:36:00.0,2026-01-30T19:13:45.531,Any[],54,26
1876,2026-01-21T13:36:00.0,2026-01-16T19:13:45.531,Any[],54,26
2594,2026-01-21T13:38:00.0,2026-01-30T19:15:45.531,Any[],47,22
2525,2026-01-21T13:39:00.0,2026-01-16T19:16:45.531,Any[],47,22
2593,2026-01-21T13:40:00.0,2026-01-16T19:17:45.531,Any[],47,22
2516,2026-01-21T13:41:00.0,2026-01-23T19:18:45.531,Any[],47,22
2049,2026-01-21T13:43:00.0,2026-01-23T19:20:45.531,Any[],54,26
2140,2026-01-21T13:43:00.0,2026-01-16T19:20:45.531,Any[],54,26
2213,2026-01-21T13:44:00.0,2026-01-09T19:21:45.531,Any[],54,26
1990,2026-01-21T13:46:00.0,2026-01-09T19:23:45.531,Any[],54,26
2329,2026-01-21T13:49:00.0,2026-01-30T19:26:45.531,Any[],47,22
2078,2026-01-21T13:51:00.0,2026-01-16T19:28:45.531,Any[],54,26
2610,2026-01-21T13:52:00.0,2026-01-30T19:29:45.531,Any[],47,22
2503,2026-01-21T13:54:00.0,2026-01-30T19:31:45.531,Any[],47,22
2599,2026-01-21T13:55:00.0,2026-01-16T19:32:45.531,Any[],47,22
2458,2026-01-21T13:57:00.0,2026-01-16T19:34:45.531,Any[],47,22
2120,2026-01-21T13:58:00.0,2026-01-09T19:35:45.531,Any[],54,26
2241,2026-01-21T13:58:00.0,2026-01-16T19:35:45.531,Any[],54,26
2682,2026-01-24T07:01:00.0,2026-02-02T12:38:45.531,Any[],47,22
2025,2026-01-24T07:02:00.0,2026-01-12T12:39:45.531,Any[],54,26
2281,2026-01-24T07:02:00.0,2026-01-12T12:39:45.531,Any[],54,26
2462,2026-01-24T07:06:00.0,2026-01-12T12:43:45.531,Any[],47,22
1865,2026-01-24T07:08:00.0,2026-02-02T12:45:45.531,Any[],54,26
2609,2026-01-24T07:08:00.0,2026-02-02T12:45:45.531,Any[],47,22
2679,2026-01-24T07:08:00.0,2026-02-02T12:45:45.531,Any[],47,22
2091,2026-01-24T07:10:00.0,2026-01-26T12:47:45.531,Any[],54,26
2109,2026-01-24T07:10:00.0,2026-01-26T12:47:45.531,Any[],54,26
2341,2026-01-24T07:11:00.0,2026-01-12T12:48:45.531,Any[],47,22
2547,2026-01-24T07:14:00.0,2026-01-19T12:51:45.531,Any[],47,22
2216,2026-01-24T07:15:00.0,2026-01-26T12:52:45.531,Any[],54,26
2408,2026-01-24T07:16:00.0,2026-01-19T12:53:45.531,Any[],47,22
2264,2026-01-24T07:17:00.0,2026-02-02T12:54:45.531,Any[],54,26
2198,2026-01-24T07:18:00.0,2026-02-02T12:55:45.531,Any[],54,26
2287,2026-01-24T07:19:00.0,2026-02-02T12:56:45.531,Any[],54,26
2301,2026-01-24T07:25:00.0,2026-02-02T13:02:45.531,Any[],54,26
2509,2026-01-24T07:25:00.0,2026-02-02T13:02:45.531,Any[],47,22
2218,2026-01-24T07:26:00.0,2026-01-12T13:03:45.531,Any[],54,26
1915,2026-01-24T07:27:00.0,2026-01-12T13:04:45.531,Any[],54,26
1984,2026-01-24T07:28:00.0,2026-01-26T13:05:45.531,Any[],54,26
1902,2026-01-24T07:29:00.0,2026-01-26T13:06:45.531,Any[],54,26
2603,2026-01-24T07:31:00.0,2026-02-02T13:08:45.531,Any[],47,22
1848,2026-01-24T07:37:00.0,2026-02-02T13:14:45.531,Any[],54,26
2363,2026-01-24T07:38:00.0,2026-01-26T13:15:45.531,Any[],47,22
2151,2026-01-24T07:39:00.0,2026-01-12T13:16:45.531,Any[],54,26
1869,2026-01-24T07:40:00.0,2026-01-26T13:17:45.531,Any[],54,26
1971,2026-01-24T07:40:00.0,2026-02-02T13:17:45.531,Any[],54,26
2394,2026-01-24T07:43:00.0,2026-01-12T13:20:45.531,Any[],47,22
2359,2026-01-24T07:46:00.0,2026-02-02T13:23:45.531,Any[],47,22
2521,2026-01-24T07:47:00.0,2026-01-26T13:24:45.531,Any[],47,22
2141,2026-01-24T07:50:00.0,2026-01-19T13:27:45.531,Any[],54,26
2474,2026-01-24T07:53:00.0,2026-01-12T13:30:45.531,Any[],47,22
1956,2026-01-24T07:55:00.0,2026-01-12T13:32:45.531,Any[],54,26
2585,2026-01-24T07:59:00.0,2026-02-02T13:36:45.531,Any[],47,22
1946,2026-01-24T13:00:00.0,2026-01-19T18:37:45.531,Any[],54,26
2204,2026-01-24T13:00:00.0,2026-01-26T18:37:45.531,Any[],54,26
2447,2026-01-24T13:00:00.0,2026-01-26T18:37:45.531,Any[],47,22
2118,2026-01-24T13:01:00.0,2026-01-26T18:38:45.531,Any[],54,26
2191,2026-01-24T13:02:00.0,2026-01-26T18:39:45.531,Any[],54,26
2135,2026-01-24T13:03:00.0,2026-01-12T18:40:45.531,Any[],54,26
2523,2026-01-24T13:03:00.0,2026-02-02T18:40:45.531,Any[],47,22
2098,2026-01-24T13:05:00.0,2026-01-26T18:42:45.531,Any[],54,26
2100,2026-01-24T13:05:00.0,2026-02-02T18:42:45.531,Any[],54,26
2269,2026-01-24T13:05:00.0,2026-01-26T18:42:45.531,Any[],54,26
2322,2026-01-24T13:05:00.0,2026-01-12T18:42:45.531,Any[],47,22
2084,2026-01-24T13:06:00.0,2026-01-19T18:43:45.531,Any[],54,26
2388,2026-01-24T13:06:00.0,2026-01-19T18:43:45.531,Any[],47,22
2068,2026-01-24T13:08:00.0,2026-01-26T18:45:45.531,Any[],54,26
2229,2026-01-24T13:08:00.0,2026-01-12T18:45:45.531,Any[],54,26
1957,2026-01-24T13:09:00.0,2026-01-19T18:46:45.531,Any[],54,26
2237,2026-01-24T13:09:00.0,2026-01-26T18:46:45.531,Any[],54,26
2557,2026-01-24T13:09:00.0,2026-02-02T18:46:45.531,Any[],47,22
1950,2026-01-24T13:10:00.0,2026-01-19T18:47:45.531,Any[],54,26
2067,2026-01-24T13:10:00.0,2026-01-12T18:47:45.531,Any[],54,26
2113,2026-01-24T13:11:00.0,2026-01-12T18:48:45.531,Any[],54,26
2689,2026-01-24T13:11:00.0,2026-02-02T18:48:45.531,Any[],47,22
2089,2026-01-24T13:12:00.0,2026-02-02T18:49:45.531,Any[],54,26
1899,2026-01-24T13:13:00.0,2026-02-02T18:50:45.531,Any[],54,26
2508,2026-01-24T13:13:00.0,2026-01-19T18:50:45.531,Any[],47,22
1914,2026-01-24T13:14:00.0,2026-01-19T18:51:45.531,Any[],54,26
2042,2026-01-24T13:14:00.0,2026-01-26T18:51:45.531,Any[],54,26
2698,2026-01-24T13:14:00.0,2026-02-02T18:51:45.531,Any[],47,22
2380,2026-01-24T13:15:00.0,2026-01-12T18:52:45.531,Any[],47,22
2397,2026-01-24T13:15:00.0,2026-02-02T18:52:45.531,Any[],47,22
1870,2026-01-24T13:16:00.0,2026-01-19T18:53:45.531,Any[],54,26
2289,2026-01-24T13:16:00.0,2026-01-19T18:53:45.531,Any[],54,26
1943,2026-01-24T13:17:00.0,2026-02-02T18:54:45.531,Any[],54,26
2507,2026-01-24T13:17:00.0,2026-01-12T18:54:45.531,Any[],47,22
2640,2026-01-24T13:17:00.0,2026-01-12T18:54:45.531,Any[],47,22
2537,2026-01-24T13:18:00.0,2026-01-19T18:55:45.531,Any[],47,22
2225,2026-01-24T13:19:00.0,2026-01-12T18:56:45.531,Any[],54,26
2549,2026-01-24T13:19:00.0,2026-01-12T18:56:45.531,Any[],47,22
3,2026-01-24T13:20:00.0,2026-01-12T18:57:45.531,"Any[26, 31, 36, 44, 54]",26,54
9,2026-01-24T13:20:00.0,2026-01-26T18:57:45.531,"Any[7, 8, 13, 19, 25, 30, 37, 45, 53]",7,53
18,2026-01-24T13:20:00.0,2026-02-02T18:57:45.531,"Any[7, 8, 13, 19, 25, 30, 37, 45, 53]",7,53
22,2026-01-24T13:20:00.0,2026-01-12T18:57:45.531,"Any[7, 8, 13, 19, 25, 30, 37, 45, 53]",7,53
24,2026-01-24T13:20:00.0,2026-01-26T18:57:45.531,"Any[5, 6, 11, 19, 25, 30, 37, 45, 56]",5,56
27,2026-01-24T13:20:00.0,2026-02-02T18:57:45.531,"Any[1, 6, 11, 19, 25, 30, 37, 45, 56]",1,56
33,2026-01-24T13:20:00.0,2026-01-12T18:57:45.531,"Any[18, 22, 31, 36, 44, 54]",18,54
35,2026-01-24T13:20:00.0,2026-02-02T18:57:45.531,"Any[18, 26, 31, 36, 44, 54]",18,54
36,2026-01-24T13:20:00.0,2026-01-26T18:57:45.531,"Any[7, 8, 13, 19, 25, 30, 37, 45, 53]",7,53
39,2026-01-24T13:20:00.0,2026-01-19T18:57:45.531,"Any[1, 6, 11, 19, 23, 36, 44, 54, 60]",1,60
41,2026-01-24T13:20:00.0,2026-01-19T18:57:45.531,"Any[9, 15, 26, 31, 36, 44, 54, 60]",9,60
44,2026-01-24T13:20:00.0,2026-01-26T18:57:45.531,"Any[1, 6, 11, 19, 25, 30, 37, 45, 53, 60]",1,60
46,2026-01-24T13:20:00.0,2026-01-26T18:57:45.531,"Any[7, 8, 13, 19, 25, 30, 37, 45, 53]",7,53
47,2026-01-24T13:20:00.0,2026-01-19T18:57:45.531,"Any[5, 6, 11, 19, 25, 30, 37, 45]",5,45
58,2026-01-24T13:20:00.0,2026-01-12T18:57:45.531,"Any[53, 45, 37, 30, 25, 19, 10]",53,10
84,2026-01-24T13:20:00.0,2026-02-02T18:57:45.531,"Any[7, 8, 13, 19, 25, 30, 37, 45, 53]",7,53
87,2026-01-24T13:20:00.0,2026-01-26T18:57:45.531,"Any[10, 19, 25, 30, 37, 45, 53, 60]",10,60
89,2026-01-24T13:20:00.0,2026-02-02T18:57:45.531,"Any[7, 8, 13, 19, 25, 30, 37, 45, 53]",7,53
101,2026-01-24T13:20:00.0,2026-02-02T18:57:45.531,"Any[26, 31, 36, 44]",26,44
107,2026-01-24T13:20:00.0,2026-01-26T18:57:45.531,"Any[7, 8, 13, 19, 25, 30, 37, 45, 53]",7,53
108,2026-01-24T13:20:00.0,2026-02-02T18:57:45.531,"Any[26, 31, 36, 44, 54]",26,54
112,2026-01-24T13:20:00.0,2026-01-26T18:57:45.531,"Any[26, 31, 36, 44, 54]",26,54
121,2026-01-24T13:20:00.0,2026-01-26T18:57:45.531,"Any[26, 31, 36, 44, 54]",26,54
122,2026-01-24T13:20:00.0,2026-01-19T18:57:45.531,"Any[10, 19, 25, 30, 37, 45, 53, 60]",10,60
125,2026-01-24T13:20:00.0,2026-01-19T18:57:45.531,"Any[26, 31, 36, 44, 54]",26,54
134,2026-01-24T13:20:00.0,2026-02-02T18:57:45.531,"Any[7, 8, 13, 19, 25, 30, 37, 45, 53]",7,53
140,2026-01-24T13:20:00.0,2026-01-12T18:57:45.531,"Any[53, 45, 37, 30, 25, 19, 11, 6, 1]",53,1
142,2026-01-24T13:20:00.0,2026-01-12T18:57:45.531,"Any[5, 6, 11, 19, 25, 30, 37, 45, 56]",5,56
143,2026-01-24T13:20:00.0,2026-02-02T18:57:45.531,"Any[18, 26, 31, 36, 44, 54]",18,54
147,2026-01-24T13:20:00.0,2026-02-02T18:57:45.531,"Any[5, 6, 11, 19, 25, 30, 37, 45]",5,45
148,2026-01-24T13:20:00.0,2026-01-12T18:57:45.531,"Any[7, 8, 13, 19, 25, 30, 37, 45, 53]",7,53
151,2026-01-24T13:20:00.0,2026-01-26T18:57:45.531,"Any[36, 31, 22, 15]",36,15
154,2026-01-24T13:20:00.0,2026-01-26T18:57:45.531,"Any[10, 19, 25, 30, 37, 45, 53, 60]",10,60
159,2026-01-24T13:20:00.0,2026-01-26T18:57:45.531,"Any[7, 8, 13, 19, 25, 30, 37, 45, 53]",7,53
170,2026-01-24T13:20:00.0,2026-02-02T18:57:45.531,"Any[7, 8, 13, 19, 25, 30, 37, 45, 53, 60]",7,60
180,2026-01-24T13:20:00.0,2026-01-26T18:57:45.531,"Any[7, 8, 13, 19, 25, 30, 37, 45, 53]",7,53
184,2026-01-24T13:20:00.0,2026-02-02T18:57:45.531,"Any[1, 6, 11, 19, 25, 30, 37, 45, 53, 60]",1,60
191,2026-01-24T13:20:00.0,2026-01-19T18:57:45.531,"Any[7, 8, 13, 19, 25, 30, 37, 45, 53]",7,53
192,2026-01-24T13:20:00.0,2026-01-12T18:57:45.531,"Any[1, 6, 11, 19, 25, 30, 37, 45, 56]",1,56
194,2026-01-24T13:20:00.0,2026-01-26T18:57:45.531,"Any[1, 6, 11, 19, 25, 30, 37, 45, 56]",1,56
197,2026-01-24T13:20:00.0,2026-02-02T18:57:45.531,"Any[26, 31, 36, 44, 54]",26,54
200,2026-01-24T13:20:00.0,2026-01-19T18:57:45.531,"Any[53, 45, 37, 30, 25, 19, 10]",53,10
202,2026-01-24T13:20:00.0,2026-01-19T18:57:45.531,"Any[53, 45, 37, 30, 25, 19, 10]",53,10
210,2026-01-24T13:20:00.0,2026-02-02T18:57:45.531,"Any[1, 6, 11, 19, 25, 30, 37, 45, 53, 60]",1,60
216,2026-01-24T13:20:00.0,2026-01-19T18:57:45.531,"Any[53, 45, 37, 30, 25, 19, 11, 6, 1]",53,1
220,2026-01-24T13:20:00.0,2026-01-26T18:57:45.531,"Any[7, 8, 13, 19, 25, 30, 37, 45, 53, 60]",7,60
221,2026-01-24T13:20:00.0,2026-02-02T18:57:45.531,"Any[53, 45, 37, 30, 25, 19, 10]",53,10
233,2026-01-24T13:20:00.0,2026-01-26T18:57:45.531,"Any[7, 8, 13, 19, 25, 30, 37, 45, 53, 60]",7,60
234,2026-01-24T13:20:00.0,2026-02-02T18:57:45.531,"Any[1, 6, 11, 19, 23, 36, 44, 54, 60]",1,60
236,2026-01-24T13:20:00.0,2026-01-19T18:57:45.531,"Any[26, 31, 36, 44, 54]",26,54
239,2026-01-24T13:20:00.0,2026-01-19T18:57:45.531,"Any[1, 6, 11, 19, 25, 30, 37, 45, 53, 60]",1,60
250,2026-01-24T13:20:00.0,2026-02-02T18:57:45.531,"Any[10, 19, 25, 30, 37, 45, 53, 60]",10,60
251,2026-01-24T13:20:00.0,2026-01-12T18:57:45.531,"Any[1, 6, 11, 19, 25, 30, 37, 45, 56, 60]",1,60
260,2026-01-24T13:20:00.0,2026-01-26T18:57:45.531,"Any[5, 6, 11, 19, 25, 30, 37, 45]",5,45
262,2026-01-24T13:20:00.0,2026-01-26T18:57:45.531,"Any[45, 37, 30, 25, 19, 10]",45,10
267,2026-01-24T13:20:00.0,2026-01-19T18:57:45.531,"Any[26, 31, 36, 44, 54]",26,54
269,2026-01-24T13:20:00.0,2026-01-19T18:57:45.531,"Any[53, 45, 37, 30, 25, 19, 10]",53,10
270,2026-01-24T13:20:00.0,2026-01-19T18:57:45.531,"Any[7, 8, 13, 19, 25, 30, 37, 45, 56]",7,56
271,2026-01-24T13:20:00.0,2026-01-26T18:57:45.531,"Any[53, 45, 37, 30, 25, 19, 11, 6, 1]",53,1
272,2026-01-24T13:20:00.0,2026-01-19T18:57:45.531,"Any[1, 6, 11, 19, 25, 30, 37, 45, 56, 60]",1,60
278,2026-01-24T13:20:00.0,2026-01-12T18:57:45.531,"Any[26, 31, 36, 44, 54]",26,54
285,2026-01-24T13:20:00.0,2026-01-26T18:57:45.531,"Any[7, 8, 13, 19, 25, 30, 37, 45, 53]",7,53
297,2026-01-24T13:20:00.0,2026-01-26T18:57:45.531,"Any[9, 15, 26, 31, 36, 44, 54, 60]",9,60
310,2026-01-24T13:20:00.0,2026-02-02T18:57:45.531,"Any[26, 31, 36, 44, 54]",26,54
317,2026-01-24T13:20:00.0,2026-02-02T18:57:45.531,"Any[7, 8, 13, 19, 25, 30, 37, 45, 56]",7,56
318,2026-01-24T13:20:00.0,2026-01-26T18:57:45.531,"Any[26, 31, 36, 44]",26,44
322,2026-01-24T13:20:00.0,2026-02-02T18:57:45.531,"Any[1, 6, 11, 19, 25, 30, 37, 45, 56]",1,56
332,2026-01-24T13:20:00.0,2026-02-02T18:57:45.531,"Any[26, 31, 36, 44]",26,44
334,2026-01-24T13:20:00.0,2026-01-26T18:57:45.531,"Any[26, 31, 36, 44]",26,44
337,2026-01-24T13:20:00.0,2026-01-12T18:57:45.531,"Any[26, 31, 36, 44, 54]",26,54
338,2026-01-24T13:20:00.0,2026-01-12T18:57:45.531,"Any[53, 45, 37, 30, 25, 19, 10]",53,10
342,2026-01-24T13:20:00.0,2026-01-19T18:57:45.531,"Any[1, 6, 11, 19, 25, 30, 37, 45, 56, 60]",1,60
343,2026-01-24T13:20:00.0,2026-01-26T18:57:45.531,"Any[7, 8, 13, 19, 25, 30, 37, 45, 53, 60]",7,60
346,2026-01-24T13:20:00.0,2026-02-02T18:57:45.531,"Any[7, 8, 13, 19, 25, 30, 37, 45, 53]",7,53
357,2026-01-24T13:20:00.0,2026-01-26T18:57:45.531,"Any[1, 6, 11, 19, 25, 30, 37, 45, 56]",1,56
370,2026-01-24T13:20:00.0,2026-01-26T18:57:45.531,"Any[26, 31, 36, 44, 54]",26,54
381,2026-01-24T13:20:00.0,2026-01-26T18:57:45.531,"Any[7, 8, 13, 19, 25, 30, 37, 45, 53]",7,53
388,2026-01-24T13:20:00.0,2026-01-19T18:57:45.531,"Any[36, 31, 22, 15]",36,15
392,2026-01-24T13:20:00.0,2026-01-26T18:57:45.531,"Any[10, 19, 25, 30, 37, 45, 53, 60]",10,60
396,2026-01-24T13:20:00.0,2026-01-19T18:57:45.531,"Any[26, 31, 36, 44, 54]",26,54
398,2026-01-24T13:20:00.0,2026-01-19T18:57:45.531,"Any[10, 19, 25, 30, 37, 45, 53, 60]",10,60
400,2026-01-24T13:20:00.0,2026-02-02T18:57:45.531,"Any[1, 6, 11, 19, 25, 30, 37, 45, 53, 60]",1,60
401,2026-01-24T13:20:00.0,2026-02-02T18:57:45.531,"Any[26, 31, 36, 44, 54]",26,54
420,2026-01-24T13:20:00.0,2026-01-12T18:57:45.531,"Any[1, 6, 11, 19, 25, 30, 37, 45, 53, 60]",1,60
421,2026-01-24T13:20:00.0,2026-01-12T18:57:45.531,"Any[26, 31, 36, 44, 54]",26,54
423,2026-01-24T13:20:00.0,2026-01-19T18:57:45.531,"Any[7, 8, 13, 19, 25, 30, 37, 45, 53]",7,53
431,2026-01-24T13:20:00.0,2026-01-12T18:57:45.531,"Any[7, 8, 13, 19, 25, 30, 37, 45, 53, 60]",7,60
440,2026-01-24T13:20:00.0,2026-01-12T18:57:45.531,"Any[7, 8, 13, 19, 25, 30, 37, 45, 53]",7,53
441,2026-01-24T13:20:00.0,2026-01-12T18:57:45.531,"Any[7, 8, 13, 19, 25, 30, 37, 45, 53]",7,53
445,2026-01-24T13:20:00.0,2026-02-02T18:57:45.531,"Any[36, 31, 15, 12]",36,12
448,2026-01-24T13:20:00.0,2026-01-26T18:57:45.531,"Any[1, 6, 11, 19, 23, 28, 36, 44, 54, 60]",1,60
449,2026-01-24T13:20:00.0,2026-01-26T18:57:45.531,"Any[1, 6, 11, 19, 25, 30, 37, 45, 56]",1,56
457,2026-01-24T13:20:00.0,2026-01-26T18:57:45.531,"Any[7, 8, 13, 19, 25, 30, 37, 45, 53]",7,53
458,2026-01-24T13:20:00.0,2026-02-02T18:57:45.531,"Any[53, 45, 37, 30, 25, 19, 10]",53,10
460,2026-01-24T13:20:00.0,2026-02-02T18:57:45.531,"Any[1, 6, 11, 19, 25, 30, 37, 45, 53, 60]",1,60
464,2026-01-24T13:20:00.0,2026-02-02T18:57:45.531,"Any[53, 45, 37, 30, 25, 19, 10]",53,10
468,2026-01-24T13:20:00.0,2026-01-19T18:57:45.531,"Any[1, 6, 11, 19, 25, 30, 37, 45, 53, 60]",1,60
469,2026-01-24T13:20:00.0,2026-01-12T18:57:45.531,"Any[53, 45, 37, 30, 25, 19, 10]",53,10
473,2026-01-24T13:20:00.0,2026-01-12T18:57:45.531,"Any[45, 37, 30, 25, 19, 17, 10]",45,10
476,2026-01-24T13:20:00.0,2026-01-26T18:57:45.531,"Any[53, 45, 37, 30, 25, 19, 10]",53,10
488,2026-01-24T13:20:00.0,2026-01-12T18:57:45.531,"Any[53, 45, 37, 30, 25, 19, 10]",53,10
506,2026-01-24T13:20:00.0,2026-01-12T18:57:45.531,"Any[53, 45, 37, 30, 25, 19, 10]",53,10
508,2026-01-24T13:20:00.0,2026-01-12T18:57:45.531,"Any[18, 26, 31, 36, 44, 54]",18,54
510,2026-01-24T13:20:00.0,2026-02-02T18:57:45.531,"Any[53, 45, 37, 30, 25, 19, 10]",53,10
515,2026-01-24T13:20:00.0,2026-02-02T18:57:45.531,"Any[18, 26, 31, 36, 44, 54]",18,54
516,2026-01-24T13:20:00.0,2026-01-12T18:57:45.531,"Any[1, 6, 11, 16, 25, 30, 37, 45, 56, 60]",1,60
518,2026-01-24T13:20:00.0,2026-01-19T18:57:45.531,"Any[53, 45, 37, 30, 25, 19, 11, 6, 1]",53,1
519,2026-01-24T13:20:00.0,2026-01-19T18:57:45.531,"Any[10, 19, 25, 30, 37, 45, 53, 60]",10,60
524,2026-01-24T13:20:00.0,2026-02-02T18:57:45.531,"Any[7, 8, 13, 19, 25, 30, 37, 45, 53, 60]",7,60
528,2026-01-24T13:20:00.0,2026-01-12T18:57:45.531,"Any[53, 45, 37, 30, 25, 19, 10]",53,10
545,2026-01-24T13:20:00.0,2026-02-02T18:57:45.531,"Any[53, 45, 37, 30, 25, 19, 11, 6, 1]",53,1
548,2026-01-24T13:20:00.0,2026-01-19T18:57:45.531,"Any[1, 6, 11, 16, 25, 30, 37, 45, 56, 60]",1,60
549,2026-01-24T13:20:00.0,2026-01-12T18:57:45.531,"Any[1, 6, 11, 19, 25, 30, 37, 45, 56]",1,56
566,2026-01-24T13:20:00.0,2026-01-26T18:57:45.531,"Any[53, 45, 37, 30, 25, 19, 10]",53,10
574,2026-01-24T13:20:00.0,2026-01-19T18:57:45.531,"Any[53, 45, 37, 30, 25, 19, 11, 6, 1]",53,1
581,2026-01-24T13:20:00.0,2026-01-19T18:57:45.531,"Any[26, 31, 36]",26,36
583,2026-01-24T13:20:00.0,2026-01-19T18:57:45.531,"Any[53, 45, 37, 30, 25, 19, 11, 6, 1]",53,1
597,2026-01-24T13:20:00.0,2026-01-26T18:57:45.531,"Any[7, 8, 13, 19, 25, 30, 37, 45, 53]",7,53
604,2026-01-24T13:20:00.0,2026-01-12T18:57:45.531,"Any[1, 6, 11, 19, 25, 30, 37, 45, 56]",1,56
605,2026-01-24T13:20:00.0,2026-02-02T18:57:45.531,"Any[53, 45, 37, 30, 25, 19, 11, 6, 1]",53,1
608,2026-01-24T13:20:00.0,2026-01-19T18:57:45.531,"Any[53, 45, 37, 30, 25, 19, 11, 6, 1]",53,1
616,2026-01-24T13:20:00.0,2026-01-12T18:57:45.531,"Any[7, 8, 13, 19, 25, 30, 37, 45, 53]",7,53
637,2026-01-24T13:20:00.0,2026-01-19T18:57:45.531,"Any[53, 45, 37, 30, 25, 19, 10]",53,10
640,2026-01-24T13:20:00.0,2026-02-02T18:57:45.531,"Any[26, 31, 36, 44, 54]",26,54
660,2026-01-24T13:20:00.0,2026-02-02T18:57:45.531,"Any[7, 8, 13, 19, 25, 30, 37, 45, 53]",7,53
663,2026-01-24T13:20:00.0,2026-01-26T18:57:45.531,"Any[53, 45, 37, 30, 25, 19, 10]",53,10
667,2026-01-24T13:20:00.0,2026-01-19T18:57:45.531,"Any[7, 8, 13, 19, 25, 30, 37, 45, 53, 60]",7,60
668,2026-01-24T13:20:00.0,2026-01-26T18:57:45.531,"Any[26, 31, 36, 44, 54]",26,54
673,2026-01-24T13:20:00.0,2026-01-19T18:57:45.531,"Any[53, 45, 37, 30, 25, 19, 10]",53,10
678,2026-01-24T13:20:00.0,2026-01-26T18:57:45.531,"Any[7, 8, 13, 19, 25, 30, 37, 45, 53]",7,53
680,2026-01-24T13:20:00.0,2026-01-26T18:57:45.531,"Any[53, 45, 37, 30, 25, 19, 11, 6, 1]",53,1
694,2026-01-24T13:20:00.0,2026-02-02T18:57:45.531,"Any[26, 31, 36, 44, 54]",26,54
698,2026-01-24T13:20:00.0,2026-01-12T18:57:45.531,"Any[53, 45, 37, 30, 25, 19, 10]",53,10
723,2026-01-24T13:20:00.0,2026-01-19T18:57:45.531,"Any[1, 6, 11, 19, 25, 30, 37, 45, 56]",1,56
728,2026-01-24T13:20:00.0,2026-01-12T18:57:45.531,"Any[1, 6, 11, 19, 23, 16, 23, 36, 44, 60]",1,60
738,2026-01-24T13:20:00.0,2026-01-26T18:57:45.531,"Any[53, 45, 37, 30, 25, 19, 10]",53,10
748,2026-01-24T13:20:00.0,2026-01-26T18:57:45.531,"Any[53, 45, 37, 30, 25, 19, 10]",53,10
750,2026-01-24T13:20:00.0,2026-01-12T18:57:45.531,"Any[26, 31, 36, 44, 54]",26,54
771,2026-01-24T13:20:00.0,2026-01-26T18:57:45.531,"Any[44, 36, 31, 26]",44,26
777,2026-01-24T13:20:00.0,2026-01-26T18:57:45.531,"Any[5, 6, 11, 19, 25, 30, 37, 45]",5,45
781,2026-01-24T13:20:00.0,2026-01-12T18:57:45.531,"Any[45, 37, 30, 25, 19, 10]",45,10
789,2026-01-24T13:20:00.0,2026-01-26T18:57:45.531,"Any[53, 45, 37, 30, 25, 19, 10]",53,10
793,2026-01-24T13:20:00.0,2026-02-02T18:57:45.531,"Any[5, 6, 11, 19, 25, 30, 37, 45, 56]",5,56
806,2026-01-24T13:20:00.0,2026-02-02T18:57:45.531,"Any[18, 22, 31, 36, 44, 54]",18,54
807,2026-01-24T13:20:00.0,2026-01-12T18:57:45.531,"Any[7, 8, 13, 19, 25, 30, 37, 45, 53]",7,53
808,2026-01-24T13:20:00.0,2026-01-12T18:57:45.531,"Any[53, 45, 37, 30, 25, 19, 10]",53,10
809,2026-01-24T13:20:00.0,2026-02-02T18:57:45.531,"Any[53, 45, 37, 30, 25, 19, 11, 6, 1]",53,1
812,2026-01-24T13:20:00.0,2026-01-12T18:57:45.531,"Any[1, 6, 11, 16, 25, 30, 37, 45, 56]",1,56
817,2026-01-24T13:20:00.0,2026-02-02T18:57:45.531,"Any[53, 45, 37, 30, 25, 19, 10]",53,10
823,2026-01-24T13:20:00.0,2026-02-02T18:57:45.531,"Any[7, 8, 13, 19, 25, 30, 37, 45, 53]",7,53
828,2026-01-24T13:20:00.0,2026-01-26T18:57:45.531,"Any[7, 8, 13, 19, 25, 30, 37, 45, 53]",7,53
834,2026-01-24T13:20:00.0,2026-01-26T18:57:45.531,"Any[53, 45, 37, 30, 25, 19, 10]",53,10
865,2026-01-24T13:20:00.0,2026-01-19T18:57:45.531,"Any[5, 6, 10, 19, 25, 30, 37, 45, 56]",5,56
866,2026-01-24T13:20:00.0,2026-01-26T18:57:45.531,"Any[53, 45, 37, 30, 25, 19, 11, 6, 1]",53,1
868,2026-01-24T13:20:00.0,2026-01-26T18:57:45.531,"Any[7, 8, 13, 19, 25, 30, 37, 45, 53]",7,53
885,2026-01-24T13:20:00.0,2026-01-19T18:57:45.531,"Any[1, 6, 11, 19, 25, 30, 37, 45, 56, 60]",1,60
898,2026-01-24T13:20:00.0,2026-01-26T18:57:45.531,"Any[1, 6, 11, 19, 25, 30, 37, 45, 56]",1,56
902,2026-01-24T13:20:00.0,2026-01-19T18:57:45.531,"Any[1, 6, 11, 19, 25, 30, 37, 45, 56]",1,56
912,2026-01-24T13:20:00.0,2026-01-19T18:57:45.531,"Any[26, 31, 36, 44]",26,44
914,2026-01-24T13:20:00.0,2026-02-02T18:57:45.531,"Any[10, 19, 25, 30, 37, 45, 53, 60]",10,60
918,2026-01-24T13:20:00.0,2026-01-19T18:57:45.531,"Any[1, 6, 11, 19, 25, 30, 37, 45, 53, 60]",1,60
925,2026-01-24T13:20:00.0,2026-01-19T18:57:45.531,"Any[53, 45, 37, 30, 25, 19, 10]",53,10
936,2026-01-24T13:20:00.0,2026-01-19T18:57:45.531,"Any[53, 45, 37, 30, 25, 19, 11, 6, 1]",53,1
948,2026-01-24T13:20:00.0,2026-02-02T18:57:45.531,"Any[26, 31, 36, 44, 54]",26,54
949,2026-01-24T13:20:00.0,2026-01-26T18:57:45.531,"Any[1, 6, 11, 19, 23, 16, 23, 36, 44, 60]",1,60
950,2026-01-24T13:20:00.0,2026-02-02T18:57:45.531,"Any[5, 10, 19, 25, 30, 37, 45, 53]",5,53
951,2026-01-24T13:20:00.0,2026-01-12T18:57:45.531,"Any[53, 45, 37, 30, 25, 19, 10]",53,10
955,2026-01-24T13:20:00.0,2026-01-12T18:57:45.531,"Any[7, 8, 13, 19, 25, 30, 37, 45, 53]",7,53
958,2026-01-24T13:20:00.0,2026-01-19T18:57:45.531,"Any[5, 6, 11, 19, 25, 30, 37, 45, 56]",5,56
967,2026-01-24T13:20:00.0,2026-01-19T18:57:45.531,"Any[1, 6, 11, 19, 23, 36, 44, 54, 60]",1,60
975,2026-01-24T13:20:00.0,2026-01-12T18:57:45.531,"Any[7, 8, 13, 19, 25, 30, 37, 45, 53]",7,53
979,2026-01-24T13:20:00.0,2026-01-26T18:57:45.531,"Any[7, 8, 13, 19, 25, 30, 37, 45, 53]",7,53
987,2026-01-24T13:20:00.0,2026-02-02T18:57:45.531,"Any[53, 45, 37, 30, 25, 19, 10]",53,10
996,2026-01-24T13:20:00.0,2026-01-19T18:57:45.531,"Any[53, 45, 37, 30, 25, 19, 11, 6, 1]",53,1
997,2026-01-24T13:20:00.0,2026-01-19T18:57:45.531,"Any[53, 45, 37, 30, 25, 19, 10]",53,10
998,2026-01-24T13:20:00.0,2026-01-26T18:57:45.531,"Any[10, 19, 25, 30, 37, 45, 53, 60]",10,60
1002,2026-01-24T13:20:00.0,2026-01-26T18:57:45.531,"Any[53, 45, 37, 30, 25, 19, 11, 6, 1]",53,1
1004,2026-01-24T13:20:00.0,2026-02-02T18:57:45.531,"Any[1, 6, 11, 19, 25, 30, 37, 45, 56]",1,56
1011,2026-01-24T13:20:00.0,2026-02-02T18:57:45.531,"Any[1, 6, 11, 19, 25, 30, 37, 45, 56]",1,56
1012,2026-01-24T13:20:00.0,2026-02-02T18:57:45.531,"Any[7, 8, 13, 19, 25, 30, 37, 45, 53]",7,53
1028,2026-01-24T13:20:00.0,2026-02-02T18:57:45.531,"Any[7, 8, 13, 19, 25, 30, 37, 45, 53]",7,53
1031,2026-01-24T13:20:00.0,2026-01-12T18:57:45.531,"Any[7, 8, 13, 19, 25, 30, 37, 45, 53, 60]",7,60
1038,2026-01-24T13:20:00.0,2026-01-19T18:57:45.531,"Any[7, 8, 13, 19, 25, 30, 37, 45, 56]",7,56
1041,2026-01-24T13:20:00.0,2026-01-12T18:57:45.531,"Any[1, 6, 11, 19, 25, 30, 37, 45, 56]",1,56
1053,2026-01-24T13:20:00.0,2026-01-26T18:57:45.531,"Any[53, 45, 37, 30, 25, 19, 11, 6, 1]",53,1
1059,2026-01-24T13:20:00.0,2026-02-02T18:57:45.531,"Any[10, 19, 25, 30, 37, 45, 53, 60]",10,60
1062,2026-01-24T13:20:00.0,2026-01-12T18:57:45.531,"Any[53, 45, 37, 30, 25, 19, 10]",53,10
1068,2026-01-24T13:20:00.0,2026-01-19T18:57:45.531,"Any[26, 31, 36, 44, 54]",26,54
1083,2026-01-24T13:20:00.0,2026-02-02T18:57:45.531,"Any[1, 6, 11, 19, 25, 30, 37, 45, 56]",1,56
1087,2026-01-24T13:20:00.0,2026-02-02T18:57:45.531,"Any[53, 45, 37, 30, 25, 19, 10]",53,10
1097,2026-01-24T13:20:00.0,2026-01-26T18:57:45.531,"Any[7, 8, 13, 19, 25, 30, 37, 45, 56]",7,56
1100,2026-01-24T13:20:00.0,2026-02-02T18:57:45.531,"Any[53, 45, 37, 30, 25, 19, 11, 6, 1]",53,1
1104,2026-01-24T13:20:00.0,2026-02-02T18:57:45.531,"Any[1, 6, 11, 19, 25, 30, 37, 45, 56]",1,56
1108,2026-01-24T13:20:00.0,2026-02-02T18:57:45.531,"Any[53, 45, 37, 30, 25, 19, 10]",53,10
1121,2026-01-24T13:20:00.0,2026-01-12T18:57:45.531,"Any[1, 6, 11, 19, 25, 30, 37, 45, 53, 60]",1,60
1122,2026-01-24T13:20:00.0,2026-01-12T18:57:45.531,"Any[1, 6, 11, 19, 25, 30, 37, 45, 53, 60]",1,60
1137,2026-01-24T13:20:00.0,2026-01-19T18:57:45.531,"Any[1, 6, 11, 16, 25, 30, 37, 45, 56]",1,56
1142,2026-01-24T13:20:00.0,2026-01-19T18:57:45.531,"Any[53, 45, 37, 30, 25, 19, 10]",53,10
1143,2026-01-24T13:20:00.0,2026-01-19T18:57:45.531,"Any[5, 6, 11, 19, 25, 30, 37, 45]",5,45
1144,2026-01-24T13:20:00.0,2026-01-26T18:57:45.531,"Any[1, 6, 11, 19, 25, 30, 37, 45, 56]",1,56
1147,2026-01-24T13:20:00.0,2026-01-26T18:57:45.531,"Any[53, 45, 37, 30, 25, 19, 11, 6, 1]",53,1
1149,2026-01-24T13:20:00.0,2026-01-19T18:57:45.531,"Any[1, 6, 11, 19, 25, 30, 37, 45, 56, 60]",1,60
1156,2026-01-24T13:20:00.0,2026-01-12T18:57:45.531,"Any[7, 8, 13, 19, 25, 30, 37, 45, 53]",7,53
1161,2026-01-24T13:20:00.0,2026-01-19T18:57:45.531,"Any[26, 31, 36, 44, 54]",26,54
1163,2026-01-24T13:20:00.0,2026-01-12T18:57:45.531,"Any[1, 6, 11, 19, 25, 30, 37, 45, 56]",1,56
1164,2026-01-24T13:20:00.0,2026-01-19T18:57:45.531,"Any[10, 19, 25, 30, 37, 45, 53, 60]",10,60
1165,2026-01-24T13:20:00.0,2026-02-02T18:57:45.531,"Any[1, 6, 11, 19, 25, 30, 37, 45, 56]",1,56
1168,2026-01-24T13:20:00.0,2026-02-02T18:57:45.531,"Any[10, 19, 25, 30, 37, 45, 53, 60]",10,60
1176,2026-01-24T13:20:00.0,2026-01-26T18:57:45.531,"Any[1, 6, 11, 19, 25, 30, 37, 45, 56]",1,56
1181,2026-01-24T13:20:00.0,2026-01-26T18:57:45.531,"Any[18, 26, 31, 36, 44, 54]",18,54
1182,2026-01-24T13:20:00.0,2026-01-26T18:57:45.531,"Any[1, 6, 11, 19, 25, 30, 37, 45, 56]",1,56
1192,2026-01-24T13:20:00.0,2026-02-02T18:57:45.531,"Any[53, 45, 37, 30, 25, 19, 10]",53,10
1196,2026-01-24T13:20:00.0,2026-02-02T18:57:45.531,"Any[18, 26, 31, 36, 44, 54]",18,54
1198,2026-01-24T13:20:00.0,2026-01-12T18:57:45.531,"Any[1, 6, 11, 19, 25, 30, 37, 45, 56]",1,56
1199,2026-01-24T13:20:00.0,2026-02-02T18:57:45.531,"Any[26, 31, 36, 44]",26,44
1205,2026-01-24T13:20:00.0,2026-02-02T18:57:45.531,"Any[53, 45, 37, 30, 25, 19, 10]",53,10
1211,2026-01-24T13:20:00.0,2026-01-12T18:57:45.531,"Any[53, 45, 37, 30, 25, 19, 10]",53,10
1212,2026-01-24T13:20:00.0,2026-01-12T18:57:45.531,"Any[53, 45, 37, 30, 25, 19, 10]",53,10
1216,2026-01-24T13:20:00.0,2026-02-02T18:57:45.531,"Any[54, 44, 36, 31, 22, 15]",54,15
1217,2026-01-24T13:20:00.0,2026-01-19T18:57:45.531,"Any[45, 37, 30, 25, 19, 17, 10]",45,10
1221,2026-01-24T13:20:00.0,2026-01-26T18:57:45.531,"Any[1, 6, 11, 19, 25, 30, 37, 45, 53, 60]",1,60
1222,2026-01-24T13:20:00.0,2026-01-26T18:57:45.531,"Any[26, 31, 36, 44, 54]",26,54
1223,2026-01-24T13:20:00.0,2026-01-26T18:57:45.531,"Any[1, 6, 11, 19, 25, 30, 37, 45, 56]",1,56
1227,2026-01-24T13:20:00.0,2026-01-19T18:57:45.531,"Any[1, 6, 11, 19, 25, 30, 37, 45, 56, 60]",1,60
1239,2026-01-24T13:20:00.0,2026-01-12T18:57:45.531,"Any[26, 31, 36, 44]",26,44
1242,2026-01-24T13:20:00.0,2026-01-12T18:57:45.531,"Any[7, 8, 13, 19, 25, 30, 37, 45, 56]",7,56
1244,2026-01-24T13:20:00.0,2026-01-26T18:57:45.531,"Any[1, 6, 11, 19, 25, 30, 37, 45, 53, 60]",1,60
1247,2026-01-24T13:20:00.0,2026-01-26T18:57:45.531,"Any[1, 6, 11, 19, 25, 30, 37, 45, 56]",1,56
1250,2026-01-24T13:20:00.0,2026-01-12T18:57:45.531,"Any[60, 53, 45, 37, 30, 25, 19, 10]",60,10
1253,2026-01-24T13:20:00.0,2026-01-19T18:57:45.531,"Any[53, 45, 37, 30, 25, 19, 11, 6, 1]",53,1
1254,2026-01-24T13:20:00.0,2026-01-19T18:57:45.531,"Any[53, 45, 37, 30, 25, 19, 10]",53,10
1263,2026-01-24T13:20:00.0,2026-01-26T18:57:45.531,"Any[7, 8, 13, 19, 25, 30, 37, 45, 53]",7,53
1264,2026-01-24T13:20:00.0,2026-01-12T18:57:45.531,"Any[53, 45, 37, 30, 25, 19, 10]",53,10
1265,2026-01-24T13:20:00.0,2026-01-26T18:57:45.531,"Any[53, 45, 37, 30, 25, 19, 11, 6, 1]",53,1
1276,2026-01-24T13:20:00.0,2026-02-02T18:57:45.531,"Any[53, 45, 37, 30, 25, 19, 11, 6, 1]",53,1
1286,2026-01-24T13:20:00.0,2026-02-02T18:57:45.531,"Any[53, 45, 37, 30, 25, 19, 11, 6, 1]",53,1
1290,2026-01-24T13:20:00.0,2026-01-26T18:57:45.531,"Any[53, 45, 37, 30, 25, 19, 10]",53,10
1291,2026-01-24T13:20:00.0,2026-01-19T18:57:45.531,"Any[53, 45, 37, 30, 25, 19, 11, 6, 1]",53,1
1295,2026-01-24T13:20:00.0,2026-02-02T18:57:45.531,"Any[53, 45, 37, 30, 25, 17, 11, 6, 1]",53,1
1296,2026-01-24T13:20:00.0,2026-02-02T18:57:45.531,"Any[26, 31, 36, 44, 54]",26,54
1297,2026-01-24T13:20:00.0,2026-01-12T18:57:45.531,"Any[53, 45, 37, 30, 25, 19, 11, 6, 1]",53,1
1299,2026-01-24T13:20:00.0,2026-01-19T18:57:45.531,"Any[53, 45, 37, 30, 25, 19, 10]",53,10
1302,2026-01-24T13:20:00.0,2026-01-26T18:57:45.531,"Any[53, 45, 37, 30, 25, 19, 10]",53,10
1304,2026-01-24T13:20:00.0,2026-02-02T18:57:45.531,"Any[53, 45, 37, 30, 25, 19, 11, 6, 1]",53,1
1305,2026-01-24T13:20:00.0,2026-01-26T18:57:45.531,"Any[1, 6, 11, 19, 25, 30, 37, 45, 56]",1,56
1307,2026-01-24T13:20:00.0,2026-01-26T18:57:45.531,"Any[36, 31, 15, 12]",36,12
1308,2026-01-24T13:20:00.0,2026-01-26T18:57:45.531,"Any[10, 19, 25, 30, 37, 45, 53, 60]",10,60
1313,2026-01-24T13:20:00.0,2026-01-12T18:57:45.531,"Any[45, 37, 30, 25, 19, 10]",45,10
1315,2026-01-24T13:20:00.0,2026-02-02T18:57:45.531,"Any[1, 6, 11, 19, 25, 30, 37, 45, 56]",1,56
1316,2026-01-24T13:20:00.0,2026-01-12T18:57:45.531,"Any[1, 6, 11, 19, 25, 30, 37, 45, 56, 60]",1,60
1330,2026-01-24T13:20:00.0,2026-01-12T18:57:45.531,"Any[1, 6, 11, 19, 23, 36, 44, 54, 60]",1,60
1334,2026-01-24T13:20:00.0,2026-01-12T18:57:45.531,"Any[53, 45, 37, 30, 25, 19, 10]",53,10
1336,2026-01-24T13:20:00.0,2026-01-19T18:57:45.531,"Any[53, 45, 37, 30, 25, 19, 10]",53,10
1337,2026-01-24T13:20:00.0,2026-01-12T18:57:45.531,"Any[53, 45, 37, 30, 25, 19, 10]",53,10
1339,2026-01-24T13:20:00.0,2026-01-26T18:57:45.531,"Any[1, 6, 11, 19, 25, 30, 37, 45, 56]",1,56
1355,2026-01-24T13:20:00.0,2026-02-02T18:57:45.531,"Any[53, 45, 37, 30, 25, 19, 10]",53,10
1358,2026-01-24T13:20:00.0,2026-01-26T18:57:45.531,"Any[7, 8, 13, 19, 25, 30, 37, 45, 56]",7,56
1359,2026-01-24T13:20:00.0,2026-01-19T18:57:45.531,"Any[1, 6, 11, 16, 25, 30, 37, 45, 56]",1,56
1360,2026-01-24T13:20:00.0,2026-01-26T18:57:45.531,"Any[53, 45, 37, 30, 25, 19, 11, 6, 1]",53,1
1364,2026-01-24T13:20:00.0,2026-01-19T18:57:45.531,"Any[7, 8, 13, 19, 25, 30, 37, 45, 53, 60]",7,60
1369,2026-01-24T13:20:00.0,2026-01-26T18:57:45.531,"Any[53, 45, 37, 30, 25, 19, 10]",53,10
1372,2026-01-24T13:20:00.0,2026-01-26T18:57:45.531,"Any[53, 45, 37, 30, 25, 19, 10]",53,10
1373,2026-01-24T13:20:00.0,2026-01-12T18:57:45.531,"Any[53, 45, 37, 30, 25, 19, 11, 6, 1]",53,1
1375,2026-01-24T13:20:00.0,2026-01-19T18:57:45.531,"Any[10, 19, 25, 30, 37, 45, 53, 60]",10,60
1382,2026-01-24T13:20:00.0,2026-01-26T18:57:45.531,"Any[1, 6, 11, 19, 23, 36, 44, 54, 60]",1,60
1395,2026-01-24T13:20:00.0,2026-01-26T18:57:45.531,"Any[53, 45, 37, 30, 25, 19, 11, 6, 1]",53,1
1398,2026-01-24T13:20:00.0,2026-01-12T18:57:45.531,"Any[7, 8, 13, 19, 25, 30, 37, 45, 53]",7,53
1399,2026-01-24T13:20:00.0,2026-01-26T18:57:45.531,"Any[53, 45, 37, 30, 25, 19, 10]",53,10
1404,2026-01-24T13:20:00.0,2026-01-19T18:57:45.531,"Any[1, 6, 11, 19, 25, 30, 37, 45, 56]",1,56
1412,2026-01-24T13:20:00.0,2026-01-26T18:57:45.531,"Any[53, 45, 37, 30, 25, 19, 11, 6, 1]",53,1
1414,2026-01-24T13:20:00.0,2026-01-19T18:57:45.531,"Any[53, 45, 37, 30, 25, 19, 10]",53,10
1423,2026-01-24T13:20:00.0,2026-01-12T18:57:45.531,"Any[1, 6, 11, 19, 25, 30, 37, 45, 53, 60]",1,60
1430,2026-01-24T13:20:00.0,2026-01-19T18:57:45.531,"Any[10, 19, 25, 30, 37, 45, 53, 60]",10,60
1431,2026-01-24T13:20:00.0,2026-02-02T18:57:45.531,"Any[10, 19, 25, 30, 37, 45, 53, 60]",10,60
1432,2026-01-24T13:20:00.0,2026-01-12T18:57:45.531,"Any[53, 45, 37, 30, 25, 19, 10]",53,10
1433,2026-01-24T13:20:00.0,2026-01-19T18:57:45.531,"Any[1, 6, 11, 16, 25, 30, 37, 45, 56, 60]",1,60
1440,2026-01-24T13:20:00.0,2026-01-26T18:57:45.531,"Any[45, 37, 30, 25, 19, 10]",45,10
1443,2026-01-24T13:20:00.0,2026-02-02T18:57:45.531,"Any[7, 8, 13, 19, 25, 30, 37, 45, 53]",7,53
1445,2026-01-24T13:20:00.0,2026-01-19T18:57:45.531,"Any[18, 26, 31, 36, 44, 54]",18,54
1448,2026-01-24T13:20:00.0,2026-02-02T18:57:45.531,"Any[53, 45, 37, 30, 25, 19, 10]",53,10
1452,2026-01-24T13:20:00.0,2026-02-02T18:57:45.531,"Any[1, 6, 11, 19, 25, 30, 37, 45, 56]",1,56
1454,2026-01-24T13:20:00.0,2026-01-26T18:57:45.531,"Any[1, 6, 11, 19, 25, 30, 37, 45, 56]",1,56
1457,2026-01-24T13:20:00.0,2026-02-02T18:57:45.531,"Any[53, 45, 37, 30, 25, 19, 10]",53,10
1461,2026-01-24T13:20:00.0,2026-02-02T18:57:45.531,"Any[1, 6, 11, 19, 25, 30, 37, 45, 56, 60]",1,60
1484,2026-01-24T13:20:00.0,2026-01-19T18:57:45.531,"Any[7, 8, 13, 19, 25, 30, 37, 45]",7,45
1487,2026-01-24T13:20:00.0,2026-01-26T18:57:45.531,"Any[54, 44, 36, 31, 22, 15]",54,15
1488,2026-01-24T13:20:00.0,2026-01-26T18:57:45.531,"Any[1, 6, 11, 19, 25, 30, 37, 45, 56]",1,56
1489,2026-01-24T13:20:00.0,2026-01-26T18:57:45.531,"Any[7, 8, 13, 19, 25, 30, 37, 45, 53]",7,53
1495,2026-01-24T13:20:00.0,2026-01-26T18:57:45.531,"Any[26, 31, 36, 44]",26,44
1497,2026-01-24T13:20:00.0,2026-01-12T18:57:45.531,"Any[53, 45, 37, 30, 25, 19, 10]",53,10
1499,2026-01-24T13:20:00.0,2026-02-02T18:57:45.531,"Any[1, 6, 11, 19, 25, 30, 37, 45, 56]",1,56
1512,2026-01-24T13:20:00.0,2026-01-19T18:57:45.531,"Any[53, 45, 37, 30, 25, 19, 10]",53,10
1527,2026-01-24T13:20:00.0,2026-02-02T18:57:45.531,"Any[7, 8, 13, 19, 25, 30, 37, 45, 53, 60]",7,60
1531,2026-01-24T13:20:00.0,2026-01-26T18:57:45.531,"Any[1, 6, 11, 19, 25, 30, 37, 45, 56]",1,56
1534,2026-01-24T13:20:00.0,2026-02-02T18:57:45.531,"Any[53, 45, 37, 30, 25, 19, 10]",53,10
1536,2026-01-24T13:20:00.0,2026-01-26T18:57:45.531,"Any[53, 45, 37, 30, 25, 19, 10]",53,10
1560,2026-01-24T13:20:00.0,2026-01-12T18:57:45.531,"Any[1, 6, 11, 16, 25, 30, 37, 45, 56, 60]",1,60
1568,2026-01-24T13:20:00.0,2026-01-26T18:57:45.531,"Any[53, 45, 37, 30, 25, 19, 11, 6, 1]",53,1
1573,2026-01-24T13:20:00.0,2026-01-12T18:57:45.531,"Any[53, 45, 37, 30, 25, 19, 11, 6, 1]",53,1
1578,2026-01-24T13:20:00.0,2026-01-26T18:57:45.531,"Any[53, 45, 37, 30, 25, 19, 11, 6, 1]",53,1
1581,2026-01-24T13:20:00.0,2026-01-26T18:57:45.531,"Any[53, 45, 37, 30, 25, 19, 11, 6, 1]",53,1
1584,2026-01-24T13:20:00.0,2026-01-26T18:57:45.531,"Any[26, 31, 36, 44, 54]",26,54
1588,2026-01-24T13:20:00.0,2026-01-19T18:57:45.531,"Any[7, 8, 13, 19, 25, 30, 37, 45, 53]",7,53
1596,2026-01-24T13:20:00.0,2026-02-02T18:57:45.531,"Any[53, 45, 37, 30, 25, 19, 10]",53,10
1598,2026-01-24T13:20:00.0,2026-02-02T18:57:45.531,"Any[53, 45, 37, 30, 25, 19, 10]",53,10
1603,2026-01-24T13:20:00.0,2026-01-19T18:57:45.531,"Any[7, 8, 13, 19, 25, 30, 37, 45, 53]",7,53
1616,2026-01-24T13:20:00.0,2026-01-12T18:57:45.531,"Any[7, 8, 13, 19, 25, 30, 37, 45, 53]",7,53
1617,2026-01-24T13:20:00.0,2026-01-26T18:57:45.531,"Any[53, 45, 37, 30, 25, 19, 10]",53,10
1621,2026-01-24T13:20:00.0,2026-02-02T18:57:45.531,"Any[10, 19, 25, 30, 37, 45, 53, 60]",10,60
1624,2026-01-24T13:20:00.0,2026-01-19T18:57:45.531,"Any[1, 6, 11, 19, 23, 36, 44, 54, 60]",1,60
1640,2026-01-24T13:20:00.0,2026-01-12T18:57:45.531,"Any[56, 45, 37, 30, 25, 19, 10]",56,10
1646,2026-01-24T13:20:00.0,2026-01-19T18:57:45.531,"Any[10, 19, 25, 30, 37, 45, 53, 60]",10,60
1650,2026-01-24T13:20:00.0,2026-02-02T18:57:45.531,"Any[7, 8, 13, 19, 25, 30, 37, 45, 53]",7,53
1658,2026-01-24T13:20:00.0,2026-01-12T18:57:45.531,"Any[10, 19, 25, 30, 37, 45, 53, 60]",10,60
1663,2026-01-24T13:20:00.0,2026-01-12T18:57:45.531,"Any[1, 6, 11, 16, 25, 30, 37, 45, 56]",1,56
1667,2026-01-24T13:20:00.0,2026-02-02T18:57:45.531,"Any[53, 45, 37, 30, 25, 19, 10]",53,10
1668,2026-01-24T13:20:00.0,2026-01-26T18:57:45.531,"Any[53, 45, 37, 30, 25, 19, 10]",53,10
1673,2026-01-24T13:20:00.0,2026-01-12T18:57:45.531,"Any[1, 6, 11, 16, 25, 30, 37, 45, 56]",1,56
1682,2026-01-24T13:20:00.0,2026-02-02T18:57:45.531,"Any[53, 45, 37, 30, 25, 19, 10]",53,10
1686,2026-01-24T13:20:00.0,2026-02-02T18:57:45.531,"Any[5, 6, 11, 25, 30, 37, 45, 56]",5,56
1692,2026-01-24T13:20:00.0,2026-01-19T18:57:45.531,"Any[56, 45, 37, 30, 25, 19, 10]",56,10
1706,2026-01-24T13:20:00.0,2026-02-02T18:57:45.531,"Any[53, 45, 37, 30, 25, 19, 10]",53,10
1716,2026-01-24T13:20:00.0,2026-01-19T18:57:45.531,"Any[5, 6, 11, 19, 25, 30, 37, 45, 56]",5,56
1719,2026-01-24T13:20:00.0,2026-01-26T18:57:45.531,"Any[10, 19, 25, 30, 37, 45, 53, 60]",10,60
1721,2026-01-24T13:20:00.0,2026-01-19T18:57:45.531,"Any[7, 8, 13, 19, 25, 30, 37, 45, 56]",7,56
1723,2026-01-24T13:20:00.0,2026-01-12T18:57:45.531,"Any[53, 45, 37, 30, 25, 19, 11, 6, 1]",53,1
1725,2026-01-24T13:20:00.0,2026-01-26T18:57:45.531,"Any[7, 8, 13, 19, 25, 30, 37, 45, 53]",7,53
1730,2026-01-24T13:20:00.0,2026-02-02T18:57:45.531,"Any[53, 45, 37, 30, 25, 19, 10]",53,10
1739,2026-01-24T13:20:00.0,2026-01-26T18:57:45.531,"Any[26, 31, 36, 44, 54]",26,54
1740,2026-01-24T13:20:00.0,2026-02-02T18:57:45.531,"Any[26, 31, 36, 44, 54]",26,54
1746,2026-01-24T13:20:00.0,2026-01-26T18:57:45.531,"Any[53, 45, 37, 30, 25, 19, 11, 6, 1]",53,1
1749,2026-01-24T13:20:00.0,2026-01-19T18:57:45.531,"Any[1, 6, 11, 19, 25, 30, 37, 45, 56]",1,56
1750,2026-01-24T13:20:00.0,2026-02-02T18:57:45.531,"Any[26, 31, 36, 44, 54]",26,54
1751,2026-01-24T13:20:00.0,2026-02-02T18:57:45.531,"Any[53, 45, 37, 30, 25, 19, 10]",53,10
1757,2026-01-24T13:20:00.0,2026-01-19T18:57:45.531,"Any[53, 45, 37, 30, 25, 19, 11, 6, 1]",53,1
1759,2026-01-24T13:20:00.0,2026-02-02T18:57:45.531,"Any[26, 31, 36, 31, 36]",26,36
1760,2026-01-24T13:20:00.0,2026-01-26T18:57:45.531,"Any[60, 53, 45, 37, 30, 25, 19, 10]",60,10
1763,2026-01-24T13:20:00.0,2026-01-26T18:57:45.531,"Any[7, 8, 13, 19, 25, 30, 37, 45, 53, 60]",7,60
1765,2026-01-24T13:20:00.0,2026-01-19T18:57:45.531,"Any[7, 8, 13, 19, 25, 30, 37, 45, 56]",7,56
1769,2026-01-24T13:20:00.0,2026-01-12T18:57:45.531,"Any[53, 45, 37, 30, 25, 19, 11, 6, 1]",53,1
1770,2026-01-24T13:20:00.0,2026-01-12T18:57:45.531,"Any[45, 37, 30, 25, 19, 17, 10]",45,10
1772,2026-01-24T13:20:00.0,2026-01-12T18:57:45.531,"Any[1, 6, 11, 19, 23, 36, 44, 54, 60]",1,60
1779,2026-01-24T13:20:00.0,2026-01-12T18:57:45.531,"Any[53, 45, 37, 30, 25, 19, 11, 6, 1]",53,1
1787,2026-01-24T13:20:00.0,2026-01-19T18:57:45.531,"Any[1, 6, 11, 19, 25, 30, 37, 45, 56]",1,56
1793,2026-01-24T13:20:00.0,2026-01-19T18:57:45.531,"Any[1, 6, 11, 19, 25, 30, 37, 45, 53, 60]",1,60
1796,2026-01-24T13:20:00.0,2026-01-19T18:57:45.531,"Any[53, 45, 37, 30, 25, 19, 10]",53,10
1797,2026-01-24T13:20:00.0,2026-01-26T18:57:45.531,"Any[45, 37, 30, 25, 19, 17, 10]",45,10
1805,2026-01-24T13:20:00.0,2026-01-26T18:57:45.531,"Any[7, 8, 13, 19, 25, 30, 37, 45, 56]",7,56
1807,2026-01-24T13:20:00.0,2026-01-19T18:57:45.531,"Any[7, 8, 13, 19, 25, 30, 37, 45, 56]",7,56
1813,2026-01-24T13:20:00.0,2026-02-02T18:57:45.531,"Any[53, 45, 37, 30, 25, 19, 11, 6, 1]",53,1
1815,2026-01-24T13:20:00.0,2026-01-26T18:57:45.531,"Any[53, 45, 37, 30, 25, 19, 10]",53,10
1820,2026-01-24T13:20:00.0,2026-01-26T18:57:45.531,"Any[1, 6, 11, 19, 25, 30, 37, 45, 53, 60]",1,60
1826,2026-01-24T13:20:00.0,2026-01-12T18:57:45.531,"Any[53, 45, 37, 30, 25, 19, 10]",53,10
1839,2026-01-24T13:20:00.0,2026-02-02T18:57:45.531,"Any[7, 8, 13, 19, 25, 30, 37, 45, 53]",7,53
1842,2026-01-24T13:20:00.0,2026-01-19T18:57:45.531,"Any[53, 45, 37, 30, 25, 19, 11, 6, 1]",53,1
2293,2026-01-24T13:20:00.0,2026-01-19T18:57:45.531,Any[],54,26
2706,2026-01-24T13:20:00.0,2026-01-12T18:57:45.531,"Any[26, 31, 36, 44, 54]",26,54
2710,2026-01-24T13:20:00.0,2026-01-26T18:57:45.531,"Any[26, 27, 31, 36, 44, 54]",26,54
2712,2026-01-24T13:20:00.0,2026-01-19T18:57:45.531,"Any[26, 31, 36, 44, 54]",26,54
2713,2026-01-24T13:20:00.0,2026-01-26T18:57:45.531,"Any[26, 31, 36, 44, 54]",26,54
2718,2026-01-24T13:20:00.0,2026-01-12T18:57:45.531,"Any[26, 31, 36, 44, 54]",26,54
2720,2026-01-24T13:20:00.0,2026-01-26T18:57:45.531,"Any[26, 31, 36, 44, 54]",26,54
2724,2026-01-24T13:20:00.0,2026-01-19T18:57:45.531,"Any[26, 31, 36, 44, 54]",26,54
2726,2026-01-24T13:20:00.0,2026-02-02T18:57:45.531,"Any[26, 31, 36, 44, 54]",26,54
2729,2026-01-24T13:20:00.0,2026-01-12T18:57:45.531,"Any[26, 31, 36, 44, 54]",26,54
2731,2026-01-24T13:20:00.0,2026-01-19T18:57:45.531,"Any[26, 31, 36, 44, 54]",26,54
2745,2026-01-24T13:20:00.0,2026-01-26T18:57:45.531,"Any[26, 31, 36, 44, 54]",26,54
2752,2026-01-24T13:20:00.0,2026-01-12T18:57:45.531,"Any[26, 31, 36, 44, 54]",26,54
2758,2026-01-24T13:20:00.0,2026-01-12T18:57:45.531,"Any[26, 31, 36, 44, 54]",26,54
2760,2026-01-24T13:20:00.0,2026-02-02T18:57:45.531,"Any[26, 31, 36, 44, 54]",26,54
2774,2026-01-24T13:20:00.0,2026-01-12T18:57:45.531,"Any[26, 31, 36, 44, 54]",26,54
2775,2026-01-24T13:20:00.0,2026-01-19T18:57:45.531,"Any[26, 31, 36, 44, 54]",26,54
2784,2026-01-24T13:20:00.0,2026-02-02T18:57:45.531,"Any[26, 31, 36, 44, 54]",26,54
2789,2026-01-24T13:20:00.0,2026-01-12T18:57:45.531,"Any[26, 31, 36, 44, 54]",26,54
2790,2026-01-24T13:20:00.0,2026-01-26T18:57:45.531,"Any[26, 31, 36, 44, 54]",26,54
2793,2026-01-24T13:20:00.0,2026-01-12T18:57:45.531,"Any[26, 31, 36, 44, 54]",26,54
2797,2026-01-24T13:20:00.0,2026-02-02T18:57:45.531,"Any[26, 31, 36, 44, 54]",26,54
2804,2026-01-24T13:20:00.0,2026-01-12T18:57:45.531,"Any[26, 31, 36, 44, 54]",26,54
2807,2026-01-24T13:20:00.0,2026-01-12T18:57:45.531,"Any[26, 31, 36, 44, 54]",26,54
2811,2026-01-24T13:20:00.0,2026-01-12T18:57:45.531,"Any[26, 27, 31, 36, 44, 54]",26,54
2812,2026-01-24T13:20:00.0,2026-01-19T18:57:45.531,"Any[26, 31, 36, 44, 54]",26,54
2818,2026-01-24T13:20:00.0,2026-01-26T18:57:45.531,"Any[26, 31, 36, 44, 54]",26,54
2820,2026-01-24T13:20:00.0,2026-01-26T18:57:45.531,"Any[26, 31, 36, 44, 54]",26,54
2822,2026-01-24T13:20:00.0,2026-02-02T18:57:45.531,"Any[26, 31, 36, 44, 54]",26,54
2833,2026-01-24T13:20:00.0,2026-02-02T18:57:45.531,"Any[26, 31, 36, 44, 54]",26,54
2847,2026-01-24T13:20:00.0,2026-01-19T18:57:45.531,"Any[26, 31, 36, 44, 54]",26,54
2849,2026-01-24T13:20:00.0,2026-01-19T18:57:45.531,"Any[26, 31, 36, 44, 54]",26,54
2850,2026-01-24T13:20:00.0,2026-01-19T18:57:45.531,"Any[26, 31, 36, 44, 54]",26,54
2857,2026-01-24T13:20:00.0,2026-01-26T18:57:45.531,"Any[26, 31, 36, 44, 54]",26,54
2862,2026-01-24T13:20:00.0,2026-02-02T18:57:45.531,"Any[26, 31, 36, 44, 54]",26,54
2863,2026-01-24T13:20:00.0,2026-01-26T18:57:45.531,"Any[26, 31, 36, 44, 54]",26,54
2869,2026-01-24T13:20:00.0,2026-01-19T18:57:45.531,"Any[26, 31, 36, 44, 54]",26,54
2888,2026-01-24T13:20:00.0,2026-01-26T18:57:45.531,"Any[26, 31, 36, 44, 54]",26,54
2889,2026-01-24T13:20:00.0,2026-01-12T18:57:45.531,"Any[26, 31, 36, 44, 54]",26,54
2896,2026-01-24T13:20:00.0,2026-01-19T18:57:45.531,"Any[26, 31, 36, 44, 54]",26,54
2899,2026-01-24T13:20:00.0,2026-02-02T18:57:45.531,"Any[26, 31, 36, 44, 54]",26,54
2901,2026-01-24T13:20:00.0,2026-01-26T18:57:45.531,"Any[26, 31, 36, 44, 54]",26,54
2907,2026-01-24T13:20:00.0,2026-01-26T18:57:45.531,"Any[26, 31, 36, 44, 54]",26,54
2920,2026-01-24T13:20:00.0,2026-01-19T18:57:45.531,"Any[26, 31, 36, 44, 54]",26,54
2922,2026-01-24T13:20:00.0,2026-01-12T18:57:45.531,"Any[26, 31, 36, 44, 54]",26,54
2925,2026-01-24T13:20:00.0,2026-01-19T18:57:45.531,"Any[26, 31, 36, 44, 54]",26,54
2931,2026-01-24T13:20:00.0,2026-01-12T18:57:45.531,"Any[26, 31, 36, 44, 54]",26,54
2933,2026-01-24T13:20:00.0,2026-01-12T18:57:45.531,"Any[26, 31, 36, 44, 54]",26,54
2937,2026-01-24T13:20:00.0,2026-01-26T18:57:45.531,"Any[26, 31, 36, 44, 54]",26,54
2938,2026-01-24T13:20:00.0,2026-01-26T18:57:45.531,"Any[26, 31, 36, 44, 54]",26,54
2945,2026-01-24T13:20:00.0,2026-01-26T18:57:45.531,"Any[26, 31, 36, 44, 54]",26,54
2948,2026-01-24T13:20:00.0,2026-01-12T18:57:45.531,"Any[26, 31, 36, 44, 54]",26,54
2953,2026-01-24T13:20:00.0,2026-01-12T18:57:45.531,"Any[26, 31, 36, 44, 54]",26,54
2957,2026-01-24T13:20:00.0,2026-01-12T18:57:45.531,"Any[26, 31, 36, 44, 54]",26,54
2960,2026-01-24T13:20:00.0,2026-01-12T18:57:45.531,"Any[26, 31, 36, 44, 54]",26,54
2972,2026-01-24T13:20:00.0,2026-01-26T18:57:45.531,"Any[26, 31, 36, 44, 54]",26,54
2974,2026-01-24T13:20:00.0,2026-01-12T18:57:45.531,"Any[26, 31, 36, 44, 54]",26,54
2984,2026-01-24T13:20:00.0,2026-01-19T18:57:45.531,"Any[26, 31, 36, 44, 54]",26,54
2988,2026-01-24T13:20:00.0,2026-02-02T18:57:45.531,"Any[26, 31, 36, 44, 54]",26,54
2989,2026-01-24T13:20:00.0,2026-01-26T18:57:45.531,"Any[26, 31, 36, 44, 54]",26,54
2990,2026-01-24T13:20:00.0,2026-01-19T18:57:45.531,"Any[26, 31, 36, 44, 54]",26,54
2996,2026-01-24T13:20:00.0,2026-02-02T18:57:45.531,"Any[26, 31, 36, 44, 54]",26,54
2998,2026-01-24T13:20:00.0,2026-01-26T18:57:45.531,"Any[26, 31, 36, 44, 54]",26,54
2999,2026-01-24T13:20:00.0,2026-01-26T18:57:45.531,"Any[26, 31, 36, 44, 54]",26,54
3020,2026-01-24T13:20:00.0,2026-02-02T18:57:45.531,"Any[26, 31, 36, 44, 54]",26,54
3021,2026-01-24T13:20:00.0,2026-01-12T18:57:45.531,"Any[26, 31, 36, 44, 54]",26,54
3023,2026-01-24T13:20:00.0,2026-01-26T18:57:45.531,"Any[26, 31, 36, 44, 54]",26,54
3025,2026-01-24T13:20:00.0,2026-02-02T18:57:45.531,"Any[26, 31, 36, 44, 54]",26,54
3028,2026-01-24T13:20:00.0,2026-01-12T18:57:45.531,"Any[26, 31, 36, 44, 54]",26,54
3035,2026-01-24T13:20:00.0,2026-01-26T18:57:45.531,"Any[26, 31, 36, 44, 54]",26,54
3043,2026-01-24T13:20:00.0,2026-01-12T18:57:45.531,"Any[26, 31, 36, 44, 54]",26,54
3051,2026-01-24T13:20:00.0,2026-02-02T18:57:45.531,"Any[26, 31, 36, 44, 54]",26,54
3052,2026-01-24T13:20:00.0,2026-01-12T18:57:45.531,"Any[26, 31, 36, 44, 54]",26,54
3068,2026-01-24T13:20:00.0,2026-01-19T18:57:45.531,"Any[26, 31, 36, 44, 54]",26,54
3071,2026-01-24T13:20:00.0,2026-01-12T18:57:45.531,"Any[26, 31, 36, 44, 54]",26,54
3082,2026-01-24T13:20:00.0,2026-01-19T18:57:45.531,"Any[26, 31, 36, 44, 54]",26,54
3083,2026-01-24T13:20:00.0,2026-01-12T18:57:45.531,"Any[26, 31, 36, 44, 54]",26,54
3087,2026-01-24T13:20:00.0,2026-01-19T18:57:45.531,"Any[26, 31, 36, 44, 54]",26,54
3092,2026-01-24T13:20:00.0,2026-01-19T18:57:45.531,"Any[26, 31, 36, 44, 54]",26,54
3095,2026-01-24T13:20:00.0,2026-02-02T18:57:45.531,"Any[26, 31, 36, 44, 54]",26,54
3103,2026-01-24T13:20:00.0,2026-01-26T18:57:45.531,"Any[26, 31, 36, 44, 54]",26,54
3104,2026-01-24T13:20:00.0,2026-01-12T18:57:45.531,"Any[26, 27, 31, 36, 44, 54]",26,54
3107,2026-01-24T13:20:00.0,2026-01-12T18:57:45.531,"Any[26, 31, 36, 44, 54]",26,54
3114,2026-01-24T13:20:00.0,2026-01-19T18:57:45.531,"Any[26, 31, 36, 44, 54]",26,54
3116,2026-01-24T13:20:00.0,2026-01-19T18:57:45.531,"Any[26, 31, 36, 44, 54]",26,54
3120,2026-01-24T13:20:00.0,2026-01-12T18:57:45.531,"Any[26, 31, 36, 44, 54]",26,54
3123,2026-01-24T13:20:00.0,2026-01-26T18:57:45.531,"Any[26, 31, 36, 44, 54]",26,54
3125,2026-01-24T13:20:00.0,2026-01-12T18:57:45.531,"Any[26, 31, 36, 44, 54]",26,54
3129,2026-01-24T13:20:00.0,2026-01-26T18:57:45.531,"Any[26, 31, 36, 44, 54]",26,54
3134,2026-01-24T13:20:00.0,2026-01-12T18:57:45.531,"Any[26, 31, 36, 44, 54]",26,54
3139,2026-01-24T13:20:00.0,2026-01-12T18:57:45.531,"Any[26, 31, 36, 44, 54]",26,54
3141,2026-01-24T13:20:00.0,2026-01-19T18:57:45.531,"Any[26, 31, 36, 44, 54]",26,54
3152,2026-01-24T13:20:00.0,2026-01-26T18:57:45.531,"Any[26, 31, 36, 44, 54]",26,54
3162,2026-01-24T13:20:00.0,2026-01-26T18:57:45.531,"Any[26, 31, 36, 44, 54]",26,54
3163,2026-01-24T13:20:00.0,2026-01-26T18:57:45.531,"Any[26, 31, 36, 44, 54]",26,54
3168,2026-01-24T13:20:00.0,2026-02-02T18:57:45.531,"Any[26, 31, 36, 44, 54]",26,54
3175,2026-01-24T13:20:00.0,2026-01-19T18:57:45.531,"Any[26, 31, 36, 44, 54]",26,54
3177,2026-01-24T13:20:00.0,2026-01-19T18:57:45.531,"Any[7, 8, 13, 19, 25, 30, 37, 45, 56]",7,56
3179,2026-01-24T13:20:00.0,2026-01-12T18:57:45.531,"Any[7, 8, 13, 19, 25, 30, 37, 45, 56]",7,56
3181,2026-01-24T13:20:00.0,2026-01-26T18:57:45.531,"Any[7, 8, 13, 19, 25, 30, 37, 45, 56]",7,56
3188,2026-01-24T13:20:00.0,2026-01-26T18:57:45.531,"Any[7, 8, 13, 19, 25, 30, 37, 45, 56]",7,56
3191,2026-01-24T13:20:00.0,2026-01-12T18:57:45.531,"Any[7, 8, 13, 19, 25, 30, 37, 45, 56]",7,56
3194,2026-01-24T13:20:00.0,2026-01-19T18:57:45.531,"Any[9, 15, 26, 31, 36, 44, 54, 60]",9,60
3195,2026-01-24T13:20:00.0,2026-02-02T18:57:45.531,"Any[9, 15, 26, 31, 36, 44, 54, 60]",9,60
3197,2026-01-24T13:20:00.0,2026-01-12T18:57:45.531,"Any[9, 15, 26, 31, 36, 44, 54, 60]",9,60
2124,2026-01-24T13:21:00.0,2026-02-02T18:58:45.531,Any[],54,26
2231,2026-01-24T13:21:00.0,2026-02-02T18:58:45.531,Any[],54,26
1944,2026-01-24T13:22:00.0,2026-01-26T18:59:45.531,Any[],54,26
2165,2026-01-24T13:22:00.0,2026-01-19T18:59:45.531,Any[],54,26
1977,2026-01-24T13:23:00.0,2026-02-02T19:00:45.531,Any[],54,26
2063,2026-01-24T13:23:00.0,2026-01-19T19:00:45.531,Any[],54,26
2277,2026-01-24T13:23:00.0,2026-01-26T19:00:45.531,Any[],54,26
2195,2026-01-24T13:24:00.0,2026-01-26T19:01:45.531,Any[],54,26
2321,2026-01-24T13:24:00.0,2026-02-02T19:01:45.531,Any[],47,22
2272,2026-01-24T13:25:00.0,2026-01-12T19:02:45.531,Any[],54,26
2361,2026-01-24T13:25:00.0,2026-02-02T19:02:45.531,Any[],47,22
1929,2026-01-24T13:26:00.0,2026-02-02T19:03:45.531,Any[],54,26
2115,2026-01-24T13:26:00.0,2026-01-19T19:03:45.531,Any[],54,26
2187,2026-01-24T13:26:00.0,2026-02-02T19:03:45.531,Any[],54,26
2240,2026-01-24T13:26:00.0,2026-02-02T19:03:45.531,Any[],54,26
2353,2026-01-24T13:26:00.0,2026-02-02T19:03:45.531,Any[],47,22
2399,2026-01-24T13:27:00.0,2026-02-02T19:04:45.531,Any[],47,22
2340,2026-01-24T13:28:00.0,2026-01-26T19:05:45.531,Any[],47,22
2382,2026-01-24T13:30:00.0,2026-01-12T19:07:45.531,Any[],47,22
2562,2026-01-24T13:31:00.0,2026-01-19T19:08:45.531,Any[],47,22
1955,2026-01-24T13:32:00.0,2026-02-02T19:09:45.531,Any[],54,26
2086,2026-01-24T13:32:00.0,2026-01-19T19:09:45.531,Any[],54,26
2346,2026-01-24T13:32:00.0,2026-01-12T19:09:45.531,Any[],47,22
2531,2026-01-24T13:32:00.0,2026-02-02T19:09:45.531,Any[],47,22
2543,2026-01-24T13:34:00.0,2026-01-26T19:11:45.531,Any[],47,22
2020,2026-01-24T13:35:00.0,2026-01-12T19:12:45.531,Any[],54,26
2551,2026-01-24T13:35:00.0,2026-01-19T19:12:45.531,Any[],47,22
2688,2026-01-24T13:35:00.0,2026-01-19T19:12:45.531,Any[],47,22
1969,2026-01-24T13:36:00.0,2026-02-02T19:13:45.531,Any[],54,26
2011,2026-01-24T13:36:00.0,2026-01-12T19:13:45.531,Any[],54,26
2064,2026-01-24T13:36:00.0,2026-01-26T19:13:45.531,Any[],54,26
2366,2026-01-24T13:36:00.0,2026-01-19T19:13:45.531,Any[],47,22
2553,2026-01-24T13:36:00.0,2026-01-19T19:13:45.531,Any[],47,22
2569,2026-01-24T13:36:00.0,2026-01-12T19:13:45.531,Any[],47,22
2212,2026-01-24T13:37:00.0,2026-01-12T19:14:45.531,Any[],54,26
1875,2026-01-24T13:38:00.0,2026-01-26T19:15:45.531,Any[],54,26
1895,2026-01-24T13:38:00.0,2026-01-19T19:15:45.531,Any[],54,26
1966,2026-01-24T13:38:00.0,2026-02-02T19:15:45.531,Any[],54,26
1972,2026-01-24T13:39:00.0,2026-01-12T19:16:45.531,Any[],54,26
2026,2026-01-24T13:39:00.0,2026-02-02T19:16:45.531,Any[],54,26
2659,2026-01-24T13:39:00.0,2026-01-26T19:16:45.531,Any[],47,22
2260,2026-01-24T13:40:00.0,2026-01-12T19:17:45.531,Any[],54,26
2384,2026-01-24T13:40:00.0,2026-02-02T19:17:45.531,Any[],47,22
2420,2026-01-24T13:40:00.0,2026-01-26T19:17:45.531,Any[],47,22
2580,2026-01-24T13:40:00.0,2026-01-19T19:17:45.531,Any[],47,22
1903,2026-01-24T13:42:00.0,2026-01-19T19:19:45.531,Any[],54,26
2088,2026-01-24T13:42:00.0,2026-02-02T19:19:45.531,Any[],54,26
2392,2026-01-24T13:42:00.0,2026-01-19T19:19:45.531,Any[],47,22
2544,2026-01-24T13:42:00.0,2026-01-19T19:19:45.531,Any[],47,22
1921,2026-01-24T13:43:00.0,2026-01-26T19:20:45.531,Any[],54,26
2162,2026-01-24T13:43:00.0,2026-01-12T19:20:45.531,Any[],54,26
2274,2026-01-24T13:43:00.0,2026-01-12T19:20:45.531,Any[],54,26
2374,2026-01-24T13:43:00.0,2026-01-12T19:20:45.531,Any[],47,22
2487,2026-01-24T13:43:00.0,2026-02-02T19:20:45.531,Any[],47,22
1887,2026-01-24T13:44:00.0,2026-02-02T19:21:45.531,Any[],54,26
1953,2026-01-24T13:44:00.0,2026-01-19T19:21:45.531,Any[],54,26
2021,2026-01-24T13:44:00.0,2026-02-02T19:21:45.531,Any[],54,26
2294,2026-01-24T13:44:00.0,2026-01-19T19:21:45.531,Any[],54,26
2639,2026-01-24T13:44:00.0,2026-01-12T19:21:45.531,Any[],47,22
2206,2026-01-24T13:46:00.0,2026-01-26T19:23:45.531,Any[],54,26
2650,2026-01-24T13:46:00.0,2026-01-19T19:23:45.531,Any[],47,22
2624,2026-01-24T13:47:00.0,2026-01-26T19:24:45.531,Any[],47,22
2194,2026-01-24T13:48:00.0,2026-01-12T19:25:45.531,Any[],54,26
2302,2026-01-24T13:48:00.0,2026-01-26T19:25:45.531,Any[],54,26
2662,2026-01-24T13:48:00.0,2026-01-12T19:25:45.531,Any[],47,22
2271,2026-01-24T13:49:00.0,2026-02-02T19:26:45.531,Any[],54,26
2657,2026-01-24T13:49:00.0,2026-02-02T19:26:45.531,Any[],47,22
1863,2026-01-24T13:50:00.0,2026-01-12T19:27:45.531,Any[],54,26
2014,2026-01-24T13:50:00.0,2026-02-02T19:27:45.531,Any[],54,26
2431,2026-01-24T13:50:00.0,2026-01-12T19:27:45.531,Any[],47,22
2203,2026-01-24T13:51:00.0,2026-02-02T19:28:45.531,Any[],54,26
2480,2026-01-24T13:51:00.0,2026-01-19T19:28:45.531,Any[],47,22
2391,2026-01-24T13:53:00.0,2026-02-02T19:30:45.531,Any[],47,22
2511,2026-01-24T13:53:00.0,2026-01-12T19:30:45.531,Any[],47,22
2137,2026-01-24T13:54:00.0,2026-01-12T19:31:45.531,Any[],54,26
2343,2026-01-24T13:55:00.0,2026-01-26T19:32:45.531,Any[],47,22
2345,2026-01-24T13:56:00.0,2026-01-26T19:33:45.531,Any[],47,22
2501,2026-01-24T13:56:00.0,2026-01-19T19:33:45.531,Any[],47,22
2517,2026-01-24T13:56:00.0,2026-01-12T19:33:45.531,Any[],47,22
2147,2026-01-24T13:57:00.0,2026-01-12T19:34:45.531,Any[],54,26
2365,2026-01-24T13:57:00.0,2026-01-12T19:34:45.531,Any[],47,22
2652,2026-01-24T13:57:00.0,2026-01-19T19:34:45.531,Any[],47,22
1910,2026-01-24T13:58:00.0,2026-01-19T19:35:45.531,Any[],54,26
2108,2026-01-24T13:58:00.0,2026-01-26T19:35:45.531,Any[],54,26
2680,2026-01-28T07:04:00.0,2026-01-16T12:41:45.531,Any[],47,22
2472,2026-01-28T07:05:00.0,2026-01-30T12:42:45.531,Any[],47,22
23,2026-01-28T07:06:40.0,2026-01-16T12:44:25.531,"Any[5, 6, 11, 25, 30, 37, 45]",5,45
52,2026-01-28T07:06:40.0,2026-01-16T12:44:25.531,"Any[7, 8, 13, 19, 25, 30, 37, 45, 53, 60]",7,60
66,2026-01-28T07:06:40.0,2026-01-23T12:44:25.531,"Any[10, 19, 25, 30, 37, 45, 53, 60]",10,60
99,2026-01-28T07:06:40.0,2026-01-09T12:44:25.531,"Any[53, 45, 37, 30, 25, 19, 11, 6, 1]",53,1
116,2026-01-28T07:06:40.0,2026-01-09T12:44:25.531,"Any[26, 31, 36, 44, 54]",26,54
149,2026-01-28T07:06:40.0,2026-01-23T12:44:25.531,"Any[26, 31, 36, 44, 54]",26,54
166,2026-01-28T07:06:40.0,2026-01-30T12:44:25.531,"Any[10, 19, 25, 30, 37, 45, 53, 60]",10,60
183,2026-01-28T07:06:40.0,2026-01-16T12:44:25.531,"Any[7, 8, 13, 19, 25, 30, 37, 45, 53, 60]",7,60
189,2026-01-28T07:06:40.0,2026-01-16T12:44:25.531,"Any[26, 31, 36, 44, 54]",26,54
219,2026-01-28T07:06:40.0,2026-01-16T12:44:25.531,"Any[10, 25, 30, 37, 45, 53, 60]",10,60
225,2026-01-28T07:06:40.0,2026-01-30T12:44:25.531,"Any[7, 8, 13, 19, 25, 30, 37, 45, 53]",7,53
263,2026-01-28T07:06:40.0,2026-01-09T12:44:25.531,"Any[7, 8, 13, 19, 25, 30, 37, 45, 56]",7,56
296,2026-01-28T07:06:40.0,2026-01-23T12:44:25.531,"Any[1, 6, 11, 19, 23, 36, 44, 54, 60]",1,60
298,2026-01-28T07:06:40.0,2026-01-30T12:44:25.531,"Any[7, 8, 13, 19, 25, 30, 37, 45, 53, 60]",7,60
300,2026-01-28T07:06:40.0,2026-01-16T12:44:25.531,"Any[26, 31, 36, 44, 54]",26,54
320,2026-01-28T07:06:40.0,2026-01-16T12:44:25.531,"Any[7, 8, 13, 19, 25, 30, 37, 45, 53]",7,53
333,2026-01-28T07:06:40.0,2026-01-16T12:44:25.531,"Any[26, 31, 36, 44, 54]",26,54
335,2026-01-28T07:06:40.0,2026-01-23T12:44:25.531,"Any[26, 31, 36]",26,36
374,2026-01-28T07:06:40.0,2026-01-09T12:44:25.531,"Any[7, 8, 13, 19, 25, 30, 37, 45, 56]",7,56
410,2026-01-28T07:06:40.0,2026-01-09T12:44:25.531,"Any[1, 6, 11, 19, 25, 30, 37, 45]",1,45
416,2026-01-28T07:06:40.0,2026-01-30T12:44:25.531,"Any[45, 37, 30, 25, 19, 10]",45,10
418,2026-01-28T07:06:40.0,2026-01-30T12:44:25.531,"Any[10, 25, 30, 37, 45, 53, 60]",10,60
477,2026-01-28T07:06:40.0,2026-01-30T12:44:25.531,"Any[10, 19, 25, 30, 37, 45, 53, 60]",10,60
485,2026-01-28T07:06:40.0,2026-01-09T12:44:25.531,"Any[1, 6, 11, 19, 25, 30, 37, 45]",1,45
527,2026-01-28T07:06:40.0,2026-01-09T12:44:25.531,"Any[7, 8, 13, 19, 25, 30, 37, 45, 53]",7,53
529,2026-01-28T07:06:40.0,2026-01-16T12:44:25.531,"Any[7, 8, 13, 19, 25, 30, 37, 45, 53, 60]",7,60
534,2026-01-28T07:06:40.0,2026-01-16T12:44:25.531,"Any[53, 45, 37, 30, 25, 19, 10]",53,10
547,2026-01-28T07:06:40.0,2026-01-23T12:44:25.531,"Any[53, 45, 37, 30, 25, 19, 11, 6, 1]",53,1
599,2026-01-28T07:06:40.0,2026-01-16T12:44:25.531,"Any[1, 6, 11, 16, 25, 30, 37, 45, 56]",1,56
611,2026-01-28T07:06:40.0,2026-01-16T12:44:25.531,"Any[53, 45, 37, 30, 25, 19, 10]",53,10
634,2026-01-28T07:06:40.0,2026-01-16T12:44:25.531,"Any[7, 8, 13, 19, 25, 30, 37, 45, 53]",7,53
661,2026-01-28T07:06:40.0,2026-01-09T12:44:25.531,"Any[53, 45, 37, 30, 25, 19, 10]",53,10
689,2026-01-28T07:06:40.0,2026-01-16T12:44:25.531,"Any[53, 45, 37, 30, 25, 19, 11, 6, 1]",53,1
691,2026-01-28T07:06:40.0,2026-01-23T12:44:25.531,"Any[53, 45, 37, 30, 25, 19, 10]",53,10
695,2026-01-28T07:06:40.0,2026-01-16T12:44:25.531,"Any[1, 6, 11, 19, 23, 36, 44, 54, 60]",1,60
713,2026-01-28T07:06:40.0,2026-01-30T12:44:25.531,"Any[26, 31, 36, 44, 54]",26,54
718,2026-01-28T07:06:40.0,2026-01-30T12:44:25.531,"Any[26, 31, 36, 44, 54]",26,54
749,2026-01-28T07:06:40.0,2026-01-30T12:44:25.531,"Any[53, 45, 37, 30, 25, 19, 10]",53,10
763,2026-01-28T07:06:40.0,2026-01-30T12:44:25.531,"Any[7, 8, 13, 19, 25, 30, 37, 45, 53]",7,53
798,2026-01-28T07:06:40.0,2026-01-23T12:44:25.531,"Any[45, 37, 30, 25, 19, 10]",45,10
820,2026-01-28T07:06:40.0,2026-01-16T12:44:25.531,"Any[7, 8, 13, 19, 25, 30, 37, 45, 53]",7,53
841,2026-01-28T07:06:40.0,2026-01-09T12:44:25.531,"Any[7, 8, 13, 19, 25, 30, 37, 45, 53, 60]",7,60
849,2026-01-28T07:06:40.0,2026-01-30T12:44:25.531,"Any[53, 45, 37, 30, 25, 19, 11, 6, 3, 1]",53,1
906,2026-01-28T07:06:40.0,2026-01-16T12:44:25.531,"Any[53, 45, 37, 30, 25, 19, 10]",53,10
962,2026-01-28T07:06:40.0,2026-01-09T12:44:25.531,"Any[53, 45, 37, 30, 25, 19, 10]",53,10
963,2026-01-28T07:06:40.0,2026-01-09T12:44:25.531,"Any[53, 45, 37, 30, 25, 19, 11, 6, 1]",53,1
981,2026-01-28T07:06:40.0,2026-01-30T12:44:25.531,"Any[7, 8, 13, 19, 25, 30, 37, 45, 53]",7,53
995,2026-01-28T07:06:40.0,2026-01-23T12:44:25.531,"Any[53, 45, 37, 30, 25, 19, 11, 6, 1]",53,1
1014,2026-01-28T07:06:40.0,2026-01-16T12:44:25.531,"Any[10, 25, 30, 37, 45, 53, 60]",10,60
1026,2026-01-28T07:06:40.0,2026-01-09T12:44:25.531,"Any[1, 6, 11, 19, 23, 36, 44, 54, 60]",1,60
1034,2026-01-28T07:06:40.0,2026-01-16T12:44:25.531,"Any[7, 8, 13, 19, 25, 30, 37, 45, 53]",7,53
1045,2026-01-28T07:06:40.0,2026-01-09T12:44:25.531,"Any[10, 19, 25, 30, 37, 45, 53, 60]",10,60
1051,2026-01-28T07:06:40.0,2026-01-09T12:44:25.531,"Any[1, 6, 11, 19, 23, 36, 44, 54, 60]",1,60
1111,2026-01-28T07:06:40.0,2026-01-16T12:44:25.531,"Any[1, 6, 10, 19, 23, 36, 44, 54, 60]",1,60
1116,2026-01-28T07:06:40.0,2026-01-09T12:44:25.531,"Any[45, 37, 30, 25, 19, 10]",45,10
1128,2026-01-28T07:06:40.0,2026-01-30T12:44:25.531,"Any[7, 8, 13, 19, 25, 30, 37, 45, 53]",7,53
1135,2026-01-28T07:06:40.0,2026-01-16T12:44:25.531,"Any[53, 45, 37, 30, 25, 19, 10]",53,10
1160,2026-01-28T07:06:40.0,2026-01-09T12:44:25.531,"Any[1, 6, 11, 19, 25, 30, 37, 45]",1,45
1169,2026-01-28T07:06:40.0,2026-01-09T12:44:25.531,"Any[7, 8, 13, 19, 25, 30, 37, 45, 53]",7,53
1183,2026-01-28T07:06:40.0,2026-01-09T12:44:25.531,"Any[53, 45, 37, 30, 25, 19, 10]",53,10
1188,2026-01-28T07:06:40.0,2026-01-16T12:44:25.531,"Any[53, 45, 37, 30, 25, 19, 10]",53,10
1255,2026-01-28T07:06:40.0,2026-01-16T12:44:25.531,"Any[1, 6, 11, 19, 25, 30, 37, 45, 56]",1,56
1270,2026-01-28T07:06:40.0,2026-01-23T12:44:25.531,"Any[1, 6, 10, 19, 23, 36, 44, 54, 60]",1,60
1280,2026-01-28T07:06:40.0,2026-01-23T12:44:25.531,"Any[1, 6, 11, 19, 23, 28, 36, 44, 60]",1,60
1312,2026-01-28T07:06:40.0,2026-01-09T12:44:25.531,"Any[53, 45, 37, 30, 25, 19, 10]",53,10
1321,2026-01-28T07:06:40.0,2026-01-09T12:44:25.531,"Any[53, 45, 37, 30, 25, 19, 10]",53,10
1392,2026-01-28T07:06:40.0,2026-01-09T12:44:25.531,"Any[26, 31, 36, 44, 54]",26,54
1407,2026-01-28T07:06:40.0,2026-01-30T12:44:25.531,"Any[56, 45, 37, 30, 25, 19, 10]",56,10
1442,2026-01-28T07:06:40.0,2026-01-23T12:44:25.531,"Any[7, 8, 13, 19, 25, 30, 37, 45, 53]",7,53
1476,2026-01-28T07:06:40.0,2026-01-16T12:44:25.531,"Any[7, 8, 13, 19, 25, 30, 37, 45, 56]",7,56
1505,2026-01-28T07:06:40.0,2026-01-23T12:44:25.531,"Any[7, 8, 13, 19, 25, 30, 37, 45, 53]",7,53
1509,2026-01-28T07:06:40.0,2026-01-23T12:44:25.531,"Any[7, 8, 13, 19, 25, 30, 37, 45, 53]",7,53
1519,2026-01-28T07:06:40.0,2026-01-30T12:44:25.531,"Any[7, 8, 13, 19, 25, 30, 37, 45, 53]",7,53
1535,2026-01-28T07:06:40.0,2026-01-16T12:44:25.531,"Any[7, 8, 13, 19, 25, 30, 37, 45, 53]",7,53
1539,2026-01-28T07:06:40.0,2026-01-16T12:44:25.531,"Any[1, 6, 11, 19, 25, 30, 37, 45]",1,45
1554,2026-01-28T07:06:40.0,2026-01-23T12:44:25.531,"Any[26, 31, 36]",26,36
1564,2026-01-28T07:06:40.0,2026-01-16T12:44:25.531,"Any[53, 45, 37, 30, 25, 19, 11, 6, 1]",53,1
1631,2026-01-28T07:06:40.0,2026-01-23T12:44:25.531,"Any[53, 45, 37, 30, 25, 19, 10]",53,10
1639,2026-01-28T07:06:40.0,2026-01-16T12:44:25.531,"Any[53, 45, 37, 30, 25, 19, 11, 6, 3, 1]",53,1
1701,2026-01-28T07:06:40.0,2026-01-16T12:44:25.531,"Any[10, 25, 30, 37, 45, 53, 60]",10,60
1702,2026-01-28T07:06:40.0,2026-01-23T12:44:25.531,"Any[45, 37, 30, 25, 19, 10]",45,10
1705,2026-01-28T07:06:40.0,2026-01-23T12:44:25.531,"Any[53, 45, 37, 30, 25, 19, 10]",53,10
1710,2026-01-28T07:06:40.0,2026-01-09T12:44:25.531,"Any[1, 6, 11, 19, 23, 28, 36, 44, 54, 60]",1,60
1715,2026-01-28T07:06:40.0,2026-01-23T12:44:25.531,"Any[53, 45, 37, 30, 25, 19, 10]",53,10
1753,2026-01-28T07:06:40.0,2026-01-30T12:44:25.531,"Any[1, 6, 11, 19, 23, 36, 44, 54, 60]",1,60
1761,2026-01-28T07:06:40.0,2026-01-23T12:44:25.531,"Any[56, 45, 37, 30, 25, 19, 10]",56,10
1782,2026-01-28T07:06:40.0,2026-01-23T12:44:25.531,"Any[26, 31, 36]",26,36
1802,2026-01-28T07:06:40.0,2026-01-23T12:44:25.531,"Any[7, 8, 13, 19, 25, 30, 37, 45, 53, 60]",7,60
1836,2026-01-28T07:06:40.0,2026-01-23T12:44:25.531,"Any[10, 19, 25, 30, 37, 45, 53, 60]",10,60
2716,2026-01-28T07:06:40.0,2026-01-09T12:44:25.531,"Any[26, 31, 36, 44, 54]",26,54
2722,2026-01-28T07:06:40.0,2026-01-30T12:44:25.531,"Any[26, 31, 36, 44, 54]",26,54
2736,2026-01-28T07:06:40.0,2026-01-23T12:44:25.531,"Any[26, 31, 36, 44, 54]",26,54
2746,2026-01-28T07:06:40.0,2026-01-16T12:44:25.531,"Any[26, 31, 36, 44, 54]",26,54
2750,2026-01-28T07:06:40.0,2026-01-16T12:44:25.531,"Any[26, 31, 36, 44, 54]",26,54
2755,2026-01-28T07:06:40.0,2026-01-09T12:44:25.531,"Any[26, 31, 36, 44, 54]",26,54
2767,2026-01-28T07:06:40.0,2026-01-16T12:44:25.531,"Any[26, 31, 36, 44, 54]",26,54
2783,2026-01-28T07:06:40.0,2026-01-23T12:44:25.531,"Any[26, 31, 36, 44, 54]",26,54
2829,2026-01-28T07:06:40.0,2026-01-23T12:44:25.531,"Any[26, 31, 36, 44, 54]",26,54
2861,2026-01-28T07:06:40.0,2026-01-30T12:44:25.531,"Any[26, 31, 36, 44, 54]",26,54
2874,2026-01-28T07:06:40.0,2026-01-16T12:44:25.531,"Any[26, 31, 36, 44, 54]",26,54
2903,2026-01-28T07:06:40.0,2026-01-30T12:44:25.531,"Any[26, 31, 36, 44, 54]",26,54
2905,2026-01-28T07:06:40.0,2026-01-30T12:44:25.531,"Any[26, 31, 36, 44, 54]",26,54
2914,2026-01-28T07:06:40.0,2026-01-09T12:44:25.531,"Any[26, 31, 36, 44, 54]",26,54
2918,2026-01-28T07:06:40.0,2026-01-16T12:44:25.531,"Any[26, 31, 36, 44, 54]",26,54
2926,2026-01-28T07:06:40.0,2026-01-23T12:44:25.531,"Any[26, 31, 36, 44, 54]",26,54
2939,2026-01-28T07:06:40.0,2026-01-30T12:44:25.531,"Any[26, 31, 36, 44, 54]",26,54
2969,2026-01-28T07:06:40.0,2026-01-30T12:44:25.531,"Any[26, 31, 36, 44, 54]",26,54
2975,2026-01-28T07:06:40.0,2026-01-09T12:44:25.531,"Any[26, 31, 36, 44, 54]",26,54
2994,2026-01-28T07:06:40.0,2026-01-09T12:44:25.531,"Any[26, 31, 36, 44, 54]",26,54
3040,2026-01-28T07:06:40.0,2026-01-23T12:44:25.531,"Any[26, 31, 36, 44, 54]",26,54
3091,2026-01-28T07:06:40.0,2026-01-09T12:44:25.531,"Any[26, 31, 36, 44, 54]",26,54
3102,2026-01-28T07:06:40.0,2026-01-30T12:44:25.531,"Any[26, 31, 36, 44, 54]",26,54
3106,2026-01-28T07:06:40.0,2026-01-09T12:44:25.531,"Any[26, 31, 36, 44, 54]",26,54
3110,2026-01-28T07:06:40.0,2026-01-30T12:44:25.531,"Any[26, 31, 36, 44, 54]",26,54
3111,2026-01-28T07:06:40.0,2026-01-16T12:44:25.531,"Any[26, 31, 36, 44, 54]",26,54
3127,2026-01-28T07:06:40.0,2026-01-23T12:44:25.531,"Any[26, 31, 36, 44, 54]",26,54
3138,2026-01-28T07:06:40.0,2026-01-23T12:44:25.531,"Any[26, 31, 36, 44, 54]",26,54
3158,2026-01-28T07:06:40.0,2026-01-30T12:44:25.531,"Any[26, 31, 36, 44, 54]",26,54
2251,2026-01-28T07:11:00.0,2026-01-09T12:48:45.531,Any[],54,26
2095,2026-01-28T07:12:00.0,2026-01-09T12:49:45.531,Any[],54,26
1942,2026-01-28T07:18:00.0,2026-01-09T12:55:45.531,Any[],54,26
2183,2026-01-28T07:41:00.0,2026-01-23T13:18:45.531,Any[],54,26
2066,2026-01-28T07:55:00.0,2026-01-09T13:32:45.531,Any[],54,26
2160,2026-01-28T07:56:00.0,2026-01-09T13:33:45.531,Any[],54,26
1925,2026-01-28T07:57:00.0,2026-01-23T13:34:45.531,Any[],54,26
2036,2026-01-28T07:57:00.0,2026-01-16T13:34:45.531,Any[],54,26
2226,2026-01-28T07:58:00.0,2026-01-30T13:35:45.531,Any[],54,26
2282,2026-01-28T13:00:00.0,2026-01-09T18:37:45.531,Any[],54,26
2445,2026-01-28T13:00:00.0,2026-01-16T18:37:45.531,Any[],47,22
2459,2026-01-28T13:00:00.0,2026-01-30T18:37:45.531,Any[],47,22
2522,2026-01-28T13:00:00.0,2026-01-30T18:37:45.531,Any[],47,22
1937,2026-01-28T13:01:00.0,2026-01-23T18:38:45.531,Any[],54,26
1938,2026-01-28T13:02:00.0,2026-01-16T18:39:45.531,Any[],54,26
2129,2026-01-28T13:04:00.0,2026-01-30T18:41:45.531,Any[],54,26
2072,2026-01-28T13:05:00.0,2026-01-30T18:42:45.531,Any[],54,26
2189,2026-01-28T13:06:00.0,2026-01-09T18:43:45.531,Any[],54,26
2446,2026-01-28T13:06:00.0,2026-01-23T18:43:45.531,Any[],47,22
2303,2026-01-28T13:10:00.0,2026-01-30T18:47:45.531,Any[],54,26
1934,2026-01-28T13:11:00.0,2026-01-09T18:48:45.531,Any[],54,26
2111,2026-01-28T13:11:00.0,2026-01-23T18:48:45.531,Any[],54,26
2082,2026-01-28T13:13:00.0,2026-01-09T18:50:45.531,Any[],54,26
2188,2026-01-28T13:14:00.0,2026-01-09T18:51:45.531,Any[],54,26
2217,2026-01-28T13:19:00.0,2026-01-30T18:56:45.531,Any[],54,26
2148,2026-01-28T13:23:00.0,2026-01-16T19:00:45.531,Any[],54,26
2250,2026-01-28T13:24:00.0,2026-01-30T19:01:45.531,Any[],54,26
2505,2026-01-28T13:24:00.0,2026-01-23T19:01:45.531,Any[],47,22
2317,2026-01-28T13:28:00.0,2026-01-30T19:05:45.531,Any[],47,22
2678,2026-01-28T13:28:00.0,2026-01-16T19:05:45.531,Any[],47,22
1850,2026-01-28T13:29:00.0,2026-01-30T19:06:45.531,Any[],54,26
1851,2026-01-28T13:30:00.0,2026-01-09T19:07:45.531,Any[],54,26
1997,2026-01-28T13:30:00.0,2026-01-09T19:07:45.531,Any[],54,26
2006,2026-01-28T13:30:00.0,2026-01-23T19:07:45.531,Any[],54,26
2357,2026-01-28T13:30:00.0,2026-01-23T19:07:45.531,Any[],47,22
2566,2026-01-28T13:34:00.0,2026-01-23T19:11:45.531,Any[],47,22
2061,2026-01-28T13:35:00.0,2026-01-30T19:12:45.531,Any[],54,26
2602,2026-01-28T13:38:00.0,2026-01-30T19:15:45.531,Any[],47,22
2005,2026-01-28T13:39:00.0,2026-01-23T19:16:45.531,Any[],54,26
2132,2026-01-28T13:39:00.0,2026-01-09T19:16:45.531,Any[],54,26
2138,2026-01-28T13:39:00.0,2026-01-09T19:16:45.531,Any[],54,26
2254,2026-01-28T13:39:00.0,2026-01-16T19:16:45.531,Any[],54,26
2665,2026-01-28T13:42:00.0,2026-01-09T19:19:45.531,Any[],47,22
2295,2026-01-28T13:43:00.0,2026-01-30T19:20:45.531,Any[],54,26
2619,2026-01-28T13:43:00.0,2026-01-16T19:20:45.531,Any[],47,22
2172,2026-01-28T13:45:00.0,2026-01-30T19:22:45.531,Any[],54,26
2319,2026-01-28T13:45:00.0,2026-01-16T19:22:45.531,Any[],47,22
2168,2026-01-28T13:49:00.0,2026-01-30T19:26:45.531,Any[],54,26
2288,2026-01-28T13:49:00.0,2026-01-23T19:26:45.531,Any[],54,26
2597,2026-01-28T13:50:00.0,2026-01-16T19:27:45.531,Any[],47,22
1919,2026-01-28T13:51:00.0,2026-01-30T19:28:45.531,Any[],54,26
1922,2026-01-28T13:51:00.0,2026-01-16T19:28:45.531,Any[],54,26
2318,2026-01-28T13:51:00.0,2026-01-23T19:28:45.531,Any[],47,22
2386,2026-01-28T13:53:00.0,2026-01-23T19:30:45.531,Any[],47,22
2504,2026-01-28T13:53:00.0,2026-01-16T19:30:45.531,Any[],47,22
2079,2026-01-28T13:55:00.0,2026-01-23T19:32:45.531,Any[],54,26
2558,2026-01-28T13:55:00.0,2026-01-16T19:32:45.531,Any[],47,22
2304,2026-01-28T13:56:00.0,2026-01-23T19:33:45.531,Any[],54,26
2184,2026-01-28T13:57:00.0,2026-01-09T19:34:45.531,Any[],54,26
2642,2026-01-28T13:59:00.0,2026-01-16T19:36:45.531,Any[],47,22
2087,2026-01-31T07:01:00.0,2026-01-19T12:38:45.531,Any[],54,26
2675,2026-01-31T07:03:00.0,2026-01-12T12:40:45.531,Any[],47,22
2266,2026-01-31T07:05:00.0,2026-01-12T12:42:45.531,Any[],54,26
2214,2026-01-31T07:09:00.0,2026-01-19T12:46:45.531,Any[],54,26
2490,2026-01-31T07:09:00.0,2026-01-19T12:46:45.531,Any[],47,22
1886,2026-01-31T07:10:00.0,2026-01-26T12:47:45.531,Any[],54,26
1952,2026-01-31T07:10:00.0,2026-01-12T12:47:45.531,Any[],54,26
1967,2026-01-31T07:13:00.0,2026-02-02T12:50:45.531,Any[],54,26
2325,2026-01-31T07:14:00.0,2026-01-26T12:51:45.531,Any[],47,22
1889,2026-01-31T07:15:00.0,2026-01-19T12:52:45.531,Any[],54,26
2584,2026-01-31T07:15:00.0,2026-01-12T12:52:45.531,Any[],47,22
1959,2026-01-31T07:18:00.0,2026-02-02T12:55:45.531,Any[],54,26
2442,2026-01-31T07:18:00.0,2026-01-12T12:55:45.531,Any[],47,22
2307,2026-01-31T07:19:00.0,2026-01-19T12:56:45.531,Any[],54,26
2590,2026-01-31T07:20:00.0,2026-02-02T12:57:45.531,Any[],47,22
2186,2026-01-31T07:21:00.0,2026-02-02T12:58:45.531,Any[],54,26
1960,2026-01-31T07:22:00.0,2026-01-19T12:59:45.531,Any[],54,26
2475,2026-01-31T07:23:00.0,2026-01-19T13:00:45.531,Any[],47,22
1962,2026-01-31T07:30:00.0,2026-01-19T13:07:45.531,Any[],54,26
1987,2026-01-31T07:31:00.0,2026-01-26T13:08:45.531,Any[],54,26
2316,2026-01-31T07:32:00.0,2026-01-12T13:09:45.531,Any[],47,22
2177,2026-01-31T07:33:00.0,2026-01-26T13:10:45.531,Any[],54,26
2202,2026-01-31T07:34:00.0,2026-01-19T13:11:45.531,Any[],54,26
2694,2026-01-31T07:34:00.0,2026-01-26T13:11:45.531,Any[],47,22
2656,2026-01-31T07:37:00.0,2026-01-19T13:14:45.531,Any[],47,22
2207,2026-01-31T07:39:00.0,2026-02-02T13:16:45.531,Any[],54,26
1982,2026-01-31T07:42:00.0,2026-01-19T13:19:45.531,Any[],54,26
2126,2026-01-31T07:43:00.0,2026-01-12T13:20:45.531,Any[],54,26
2457,2026-01-31T07:43:00.0,2026-01-26T13:20:45.531,Any[],47,22
2215,2026-01-31T07:44:00.0,2026-01-19T13:21:45.531,Any[],54,26
2263,2026-01-31T07:44:00.0,2026-01-12T13:21:45.531,Any[],54,26
2326,2026-01-31T07:44:00.0,2026-02-02T13:21:45.531,Any[],47,22
2545,2026-01-31T07:45:00.0,2026-01-19T13:22:45.531,Any[],47,22
2653,2026-01-31T07:47:00.0,2026-02-02T13:24:45.531,Any[],47,22
2211,2026-01-31T07:50:00.0,2026-01-12T13:27:45.531,Any[],54,26
2073,2026-01-31T07:52:00.0,2026-01-19T13:29:45.531,Any[],54,26
2406,2026-01-31T07:52:00.0,2026-01-26T13:29:45.531,Any[],47,22
2174,2026-01-31T07:53:00.0,2026-01-12T13:30:45.531,Any[],54,26
1867,2026-01-31T07:54:00.0,2026-01-26T13:31:45.531,Any[],54,26
2401,2026-01-31T07:54:00.0,2026-02-02T13:31:45.531,Any[],47,22
2008,2026-01-31T07:55:00.0,2026-01-19T13:32:45.531,Any[],54,26
1933,2026-01-31T07:57:00.0,2026-01-26T13:34:45.531,Any[],54,26
2071,2026-01-31T07:57:00.0,2026-01-19T13:34:45.531,Any[],54,26
2344,2026-01-31T07:59:00.0,2026-01-12T13:36:45.531,Any[],47,22
2010,2026-01-31T13:00:00.0,2026-01-26T18:37:45.531,Any[],54,26
2131,2026-01-31T13:00:00.0,2026-01-12T18:37:45.531,Any[],54,26
2296,2026-01-31T13:00:00.0,2026-01-26T18:37:45.531,Any[],54,26
2576,2026-01-31T13:00:00.0,2026-01-12T18:37:45.531,Any[],47,22
1935,2026-01-31T13:01:00.0,2026-01-19T18:38:45.531,Any[],54,26
2332,2026-01-31T13:01:00.0,2026-01-26T18:38:45.531,Any[],47,22
2541,2026-01-31T13:01:00.0,2026-01-12T18:38:45.531,Any[],47,22
2300,2026-01-31T13:02:00.0,2026-01-26T18:39:45.531,Any[],54,26
2349,2026-01-31T13:02:00.0,2026-01-26T18:39:45.531,Any[],47,22
1866,2026-01-31T13:03:00.0,2026-01-26T18:40:45.531,Any[],54,26
2170,2026-01-31T13:03:00.0,2026-01-19T18:40:45.531,Any[],54,26
2308,2026-01-31T13:03:00.0,2026-01-12T18:40:45.531,Any[],54,26
2354,2026-01-31T13:03:00.0,2026-01-26T18:40:45.531,Any[],47,22
1963,2026-01-31T13:04:00.0,2026-02-02T18:41:45.531,Any[],54,26
2035,2026-01-31T13:04:00.0,2026-01-12T18:41:45.531,Any[],54,26
2455,2026-01-31T13:04:00.0,2026-01-19T18:41:45.531,Any[],47,22
2515,2026-01-31T13:04:00.0,2026-01-12T18:41:45.531,Any[],47,22
2506,2026-01-31T13:06:00.0,2026-01-19T18:43:45.531,Any[],47,22
2018,2026-01-31T13:07:00.0,2026-01-26T18:44:45.531,Any[],54,26
2259,2026-01-31T13:07:00.0,2026-01-19T18:44:45.531,Any[],54,26
2641,2026-01-31T13:07:00.0,2026-01-12T18:44:45.531,Any[],47,22
2007,2026-01-31T13:08:00.0,2026-02-02T18:45:45.531,Any[],54,26
2156,2026-01-31T13:08:00.0,2026-01-12T18:45:45.531,Any[],54,26
2348,2026-01-31T13:08:00.0,2026-01-26T18:45:45.531,Any[],47,22
2618,2026-01-31T13:09:00.0,2026-01-26T18:46:45.531,Any[],47,22
2616,2026-01-31T13:10:00.0,2026-01-26T18:47:45.531,Any[],47,22
2001,2026-01-31T13:11:00.0,2026-01-19T18:48:45.531,Any[],54,26
2032,2026-01-31T13:12:00.0,2026-01-26T18:49:45.531,Any[],54,26
2037,2026-01-31T13:12:00.0,2026-01-12T18:49:45.531,Any[],54,26
2265,2026-01-31T13:12:00.0,2026-02-02T18:49:45.531,Any[],54,26
2268,2026-01-31T13:12:00.0,2026-01-26T18:49:45.531,Any[],54,26
1928,2026-01-31T13:13:00.0,2026-02-02T18:50:45.531,Any[],54,26
2578,2026-01-31T13:13:00.0,2026-01-19T18:50:45.531,Any[],47,22
1849,2026-01-31T13:14:00.0,2026-01-12T18:51:45.531,Any[],54,26
1941,2026-01-31T13:14:00.0,2026-01-19T18:51:45.531,Any[],54,26
2450,2026-01-31T13:14:00.0,2026-01-26T18:51:45.531,Any[],47,22
2469,2026-01-31T13:14:00.0,2026-01-19T18:51:45.531,Any[],47,22
2023,2026-01-31T13:15:00.0,2026-02-02T18:52:45.531,Any[],54,26
2370,2026-01-31T13:15:00.0,2026-01-26T18:52:45.531,Any[],47,22
2093,2026-01-31T13:18:00.0,2026-01-19T18:55:45.531,Any[],54,26
2152,2026-01-31T13:19:00.0,2026-01-12T18:56:45.531,Any[],54,26
2456,2026-01-31T13:19:00.0,2026-02-02T18:56:45.531,Any[],47,22
1,2026-01-31T13:20:00.0,2026-01-12T18:57:45.531,"Any[1, 6, 11, 19, 25, 30, 37, 45, 56]",1,56
5,2026-01-31T13:20:00.0,2026-01-12T18:57:45.531,"Any[18, 22, 31, 36, 44, 54]",18,54
7,2026-01-31T13:20:00.0,2026-01-26T18:57:45.531,"Any[1, 6, 11, 19, 25, 30, 37, 45, 53, 60]",1,60
17,2026-01-31T13:20:00.0,2026-02-02T18:57:45.531,"Any[54, 44, 36, 31, 22, 15]",54,15
19,2026-01-31T13:20:00.0,2026-01-26T18:57:45.531,"Any[7, 8, 13, 19, 25, 30, 37, 45, 53]",7,53
21,2026-01-31T13:20:00.0,2026-02-02T18:57:45.531,"Any[7, 8, 13, 19, 25, 30, 37, 45, 53]",7,53
25,2026-01-31T13:20:00.0,2026-01-26T18:57:45.531,"Any[7, 8, 13, 19, 25, 30, 37, 45, 53]",7,53
28,2026-01-31T13:20:00.0,2026-01-12T18:57:45.531,"Any[5, 6, 11, 19, 25, 30, 37, 45]",5,45
30,2026-01-31T13:20:00.0,2026-01-19T18:57:45.531,"Any[1, 6, 11, 19, 25, 30, 37, 45, 56]",1,56
34,2026-01-31T13:20:00.0,2026-01-12T18:57:45.531,"Any[1, 6, 11, 19, 25, 30, 37, 45, 56, 60]",1,60
37,2026-01-31T13:20:00.0,2026-01-19T18:57:45.531,"Any[7, 8, 13, 19, 25, 30, 37, 45, 53]",7,53
42,2026-01-31T13:20:00.0,2026-01-26T18:57:45.531,"Any[53, 45, 37, 30, 25, 19, 10]",53,10
43,2026-01-31T13:20:00.0,2026-01-19T18:57:45.531,"Any[26, 31, 36, 44, 54]",26,54
48,2026-01-31T13:20:00.0,2026-01-19T18:57:45.531,"Any[7, 8, 13, 19, 25, 30, 37, 45, 53]",7,53
51,2026-01-31T13:20:00.0,2026-01-19T18:57:45.531,"Any[26, 31, 36, 44, 54]",26,54
62,2026-01-31T13:20:00.0,2026-01-19T18:57:45.531,"Any[53, 45, 37, 30, 25, 19, 10]",53,10
64,2026-01-31T13:20:00.0,2026-01-26T18:57:45.531,"Any[7, 8, 13, 19, 25, 30, 37, 45, 53]",7,53
65,2026-01-31T13:20:00.0,2026-02-02T18:57:45.531,"Any[1, 6, 11, 19, 25, 30, 37, 45, 53, 60]",1,60
67,2026-01-31T13:20:00.0,2026-01-19T18:57:45.531,"Any[1, 6, 11, 19, 23, 36, 44, 54, 60]",1,60
72,2026-01-31T13:20:00.0,2026-01-26T18:57:45.531,"Any[26, 31, 36]",26,36
77,2026-01-31T13:20:00.0,2026-01-12T18:57:45.531,"Any[7, 8, 13, 19, 25, 30, 37, 45, 56]",7,56
79,2026-01-31T13:20:00.0,2026-01-19T18:57:45.531,"Any[1, 6, 11, 19, 25, 30, 37, 45, 53, 60]",1,60
90,2026-01-31T13:20:00.0,2026-01-12T18:57:45.531,"Any[26, 31, 36, 44]",26,44
91,2026-01-31T13:20:00.0,2026-02-02T18:57:45.531,"Any[7, 8, 13, 19, 25, 30, 37, 45, 53]",7,53
93,2026-01-31T13:20:00.0,2026-02-02T18:57:45.531,"Any[26, 31, 36, 44, 54]",26,54
102,2026-01-31T13:20:00.0,2026-01-26T18:57:45.531,"Any[44, 36, 31, 26]",44,26
104,2026-01-31T13:20:00.0,2026-01-19T18:57:45.531,"Any[5, 6, 11, 19, 25, 30, 37, 45]",5,45
131,2026-01-31T13:20:00.0,2026-01-19T18:57:45.531,"Any[5, 6, 11, 19, 25, 30, 37, 45]",5,45
136,2026-01-31T13:20:00.0,2026-02-02T18:57:45.531,"Any[26, 31, 36, 44, 54]",26,54
138,2026-01-31T13:20:00.0,2026-01-12T18:57:45.531,"Any[7, 8, 13, 19, 25, 30, 37, 45, 53, 60]",7,60
141,2026-01-31T13:20:00.0,2026-01-19T18:57:45.531,"Any[1, 6, 11, 19, 25, 30, 37, 45, 56]",1,56
144,2026-01-31T13:20:00.0,2026-01-12T18:57:45.531,"Any[18, 26, 31, 36, 44, 54]",18,54
152,2026-01-31T13:20:00.0,2026-01-12T18:57:45.531,"Any[7, 8, 13, 19, 25, 30, 37, 45, 53]",7,53
155,2026-01-31T13:20:00.0,2026-01-26T18:57:45.531,"Any[26, 31, 36, 44, 54]",26,54
158,2026-01-31T13:20:00.0,2026-01-26T18:57:45.531,"Any[7, 8, 13, 19, 25, 30, 37, 45, 53, 60]",7,60
160,2026-01-31T13:20:00.0,2026-01-12T18:57:45.531,"Any[7, 8, 13, 19, 25, 30, 37, 45, 53, 60]",7,60
162,2026-01-31T13:20:00.0,2026-01-19T18:57:45.531,"Any[1, 6, 11, 19, 25, 30, 37, 45, 56]",1,56
168,2026-01-31T13:20:00.0,2026-01-12T18:57:45.531,"Any[1, 6, 11, 19, 25, 30, 37, 45, 53, 60]",1,60
173,2026-01-31T13:20:00.0,2026-02-02T18:57:45.531,"Any[10, 19, 25, 30, 37, 45, 53, 60]",10,60
176,2026-01-31T13:20:00.0,2026-01-26T18:57:45.531,"Any[26, 31, 36]",26,36
177,2026-01-31T13:20:00.0,2026-02-02T18:57:45.531,"Any[7, 8, 13, 19, 25, 30, 37, 45, 53]",7,53
185,2026-01-31T13:20:00.0,2026-01-19T18:57:45.531,"Any[1, 6, 11, 19, 23, 36, 44, 54, 60]",1,60
186,2026-01-31T13:20:00.0,2026-01-12T18:57:45.531,"Any[1, 6, 11, 19, 25, 30, 37, 45, 56]",1,56
195,2026-01-31T13:20:00.0,2026-02-02T18:57:45.531,"Any[7, 8, 13, 19, 25, 30, 37, 45, 53]",7,53
196,2026-01-31T13:20:00.0,2026-01-26T18:57:45.531,"Any[10, 19, 25, 30, 37, 45, 53, 60]",10,60
207,2026-01-31T13:20:00.0,2026-01-12T18:57:45.531,"Any[7, 8, 13, 19, 25, 30, 37, 45, 53]",7,53
209,2026-01-31T13:20:00.0,2026-02-02T18:57:45.531,"Any[54, 44, 36, 31, 22, 15]",54,15
215,2026-01-31T13:20:00.0,2026-02-02T18:57:45.531,"Any[53, 45, 37, 30, 25, 19, 10]",53,10
217,2026-01-31T13:20:00.0,2026-01-12T18:57:45.531,"Any[26, 31, 36, 44, 54]",26,54
240,2026-01-31T13:20:00.0,2026-01-19T18:57:45.531,"Any[53, 45, 37, 30, 25, 19, 10]",53,10
244,2026-01-31T13:20:00.0,2026-01-19T18:57:45.531,"Any[26, 31, 36, 31, 36]",26,36
245,2026-01-31T13:20:00.0,2026-01-12T18:57:45.531,"Any[7, 8, 13, 19, 25, 30, 37, 45, 53]",7,53
255,2026-01-31T13:20:00.0,2026-02-02T18:57:45.531,"Any[7, 8, 13, 19, 25, 30, 37, 45, 53, 60]",7,60
266,2026-01-31T13:20:00.0,2026-01-12T18:57:45.531,"Any[26, 31, 36, 44, 54]",26,54
274,2026-01-31T13:20:00.0,2026-01-12T18:57:45.531,"Any[1, 6, 11, 19, 23, 36, 44, 54, 60]",1,60
280,2026-01-31T13:20:00.0,2026-01-12T18:57:45.531,"Any[7, 8, 13, 19, 25, 30, 37, 45, 53]",7,53
286,2026-01-31T13:20:00.0,2026-01-19T18:57:45.531,"Any[7, 8, 13, 19, 25, 30, 37, 45, 53]",7,53
299,2026-01-31T13:20:00.0,2026-01-12T18:57:45.531,"Any[53, 45, 37, 30, 25, 19, 10]",53,10
301,2026-01-31T13:20:00.0,2026-02-02T18:57:45.531,"Any[53, 45, 37, 30, 25, 19, 10]",53,10
303,2026-01-31T13:20:00.0,2026-02-02T18:57:45.531,"Any[26, 31, 36, 44, 54]",26,54
314,2026-01-31T13:20:00.0,2026-01-19T18:57:45.531,"Any[53, 45, 37, 30, 25, 19, 11, 6, 1]",53,1
321,2026-01-31T13:20:00.0,2026-01-12T18:57:45.531,"Any[26, 31, 36, 44]",26,44
329,2026-01-31T13:20:00.0,2026-01-12T18:57:45.531,"Any[53, 45, 37, 30, 25, 19, 11, 6, 1]",53,1
340,2026-01-31T13:20:00.0,2026-01-26T18:57:45.531,"Any[53, 45, 37, 30, 25, 19, 11, 6, 1]",53,1
345,2026-01-31T13:20:00.0,2026-01-12T18:57:45.531,"Any[7, 8, 13, 19, 25, 30, 37, 45, 53]",7,53
351,2026-01-31T13:20:00.0,2026-01-19T18:57:45.531,"Any[1, 6, 11, 19, 25, 30, 37, 45, 56]",1,56
356,2026-01-31T13:20:00.0,2026-02-02T18:57:45.531,"Any[7, 8, 13, 19, 25, 30, 37, 45, 53]",7,53
365,2026-01-31T13:20:00.0,2026-01-12T18:57:45.531,"Any[53, 45, 37, 30, 25, 19, 10]",53,10
369,2026-01-31T13:20:00.0,2026-02-02T18:57:45.531,"Any[9, 15, 26, 31, 36, 44, 54, 60]",9,60
375,2026-01-31T13:20:00.0,2026-01-26T18:57:45.531,"Any[1, 6, 11, 19, 25, 30, 37, 45, 56]",1,56
376,2026-01-31T13:20:00.0,2026-02-02T18:57:45.531,"Any[26, 31, 36, 44, 54]",26,54
390,2026-01-31T13:20:00.0,2026-01-12T18:57:45.531,"Any[1, 6, 11, 19, 25, 30, 37, 45, 53, 60]",1,60
394,2026-01-31T13:20:00.0,2026-01-26T18:57:45.531,"Any[7, 8, 13, 19, 25, 30, 37, 45, 56]",7,56
399,2026-01-31T13:20:00.0,2026-01-19T18:57:45.531,"Any[1, 6, 11, 16, 25, 30, 37, 45, 56, 60]",1,60
403,2026-01-31T13:20:00.0,2026-01-26T18:57:45.531,"Any[26, 31, 36, 44, 54]",26,54
407,2026-01-31T13:20:00.0,2026-01-26T18:57:45.531,"Any[1, 6, 11, 16, 25, 30, 37, 45, 56, 60]",1,60
408,2026-01-31T13:20:00.0,2026-01-19T18:57:45.531,"Any[53, 45, 37, 30, 25, 19, 11, 6, 1]",53,1
409,2026-01-31T13:20:00.0,2026-01-19T18:57:45.531,"Any[7, 8, 13, 19, 25, 30, 37, 45, 53]",7,53
411,2026-01-31T13:20:00.0,2026-01-26T18:57:45.531,"Any[53, 45, 37, 30, 25, 19, 11, 6, 1]",53,1
414,2026-01-31T13:20:00.0,2026-01-19T18:57:45.531,"Any[7, 8, 13, 19, 25, 30, 37, 45, 53, 60]",7,60
417,2026-01-31T13:20:00.0,2026-02-02T18:57:45.531,"Any[26, 31, 36, 44]",26,44
422,2026-01-31T13:20:00.0,2026-01-19T18:57:45.531,"Any[26, 31, 36, 44, 54]",26,54
427,2026-01-31T13:20:00.0,2026-01-12T18:57:45.531,"Any[26, 31, 36, 31, 36]",26,36
430,2026-01-31T13:20:00.0,2026-01-19T18:57:45.531,"Any[45, 37, 30, 25, 19, 10]",45,10
432,2026-01-31T13:20:00.0,2026-01-26T18:57:45.531,"Any[5, 6, 11, 25, 30, 37, 45, 56]",5,56
444,2026-01-31T13:20:00.0,2026-01-26T18:57:45.531,"Any[53, 45, 37, 30, 25, 19, 10]",53,10
459,2026-01-31T13:20:00.0,2026-01-26T18:57:45.531,"Any[1, 6, 11, 19, 25, 30, 37, 45, 56]",1,56
465,2026-01-31T13:20:00.0,2026-01-19T18:57:45.531,"Any[10, 19, 25, 30, 37, 45, 53, 60]",10,60
471,2026-01-31T13:20:00.0,2026-01-19T18:57:45.531,"Any[53, 45, 37, 30, 25, 19, 10]",53,10
472,2026-01-31T13:20:00.0,2026-01-12T18:57:45.531,"Any[1, 6, 11, 19, 23, 28, 36, 44, 54, 60]",1,60
474,2026-01-31T13:20:00.0,2026-01-12T18:57:45.531,"Any[7, 8, 13, 19, 25, 30, 37, 45, 53, 60]",7,60
479,2026-01-31T13:20:00.0,2026-01-19T18:57:45.531,"Any[7, 8, 13, 19, 25, 30, 37, 45, 53]",7,53
480,2026-01-31T13:20:00.0,2026-02-02T18:57:45.531,"Any[1, 6, 11, 19, 25, 30, 37, 45, 56, 60]",1,60
484,2026-01-31T13:20:00.0,2026-01-26T18:57:45.531,"Any[1, 6, 11, 19, 25, 30, 37, 45, 56]",1,56
487,2026-01-31T13:20:00.0,2026-02-02T18:57:45.531,"Any[10, 19, 25, 30, 37, 45, 53, 60]",10,60
495,2026-01-31T13:20:00.0,2026-02-02T18:57:45.531,"Any[53, 45, 37, 30, 25, 19, 10]",53,10
497,2026-01-31T13:20:00.0,2026-01-12T18:57:45.531,"Any[53, 45, 37, 30, 25, 19, 11, 6, 1]",53,1
511,2026-01-31T13:20:00.0,2026-01-19T18:57:45.531,"Any[26, 31, 36, 44, 54]",26,54
522,2026-01-31T13:20:00.0,2026-01-12T18:57:45.531,"Any[7, 8, 13, 19, 25, 30, 37, 45, 53, 60]",7,60
532,2026-01-31T13:20:00.0,2026-01-12T18:57:45.531,"Any[36, 31, 15, 12]",36,12
533,2026-01-31T13:20:00.0,2026-02-02T18:57:45.531,"Any[1, 6, 11, 19, 25, 30, 37, 45, 56]",1,56
541,2026-01-31T13:20:00.0,2026-02-02T18:57:45.531,"Any[7, 8, 13, 19, 25, 30, 37, 45, 53]",7,53
543,2026-01-31T13:20:00.0,2026-01-19T18:57:45.531,"Any[10, 19, 25, 30, 37, 45, 53, 60]",10,60
551,2026-01-31T13:20:00.0,2026-01-19T18:57:45.531,"Any[9, 15, 26, 31, 36, 44, 54, 60]",9,60
553,2026-01-31T13:20:00.0,2026-01-12T18:57:45.531,"Any[7, 8, 13, 19, 25, 30, 37, 45]",7,45
554,2026-01-31T13:20:00.0,2026-01-19T18:57:45.531,"Any[7, 8, 13, 19, 25, 30, 37, 45, 53]",7,53
557,2026-01-31T13:20:00.0,2026-01-12T18:57:45.531,"Any[1, 6, 11, 19, 25, 30, 37, 45, 56]",1,56
558,2026-01-31T13:20:00.0,2026-01-26T18:57:45.531,"Any[53, 45, 37, 30, 25, 19, 11, 6, 1]",53,1
559,2026-01-31T13:20:00.0,2026-01-12T18:57:45.531,"Any[7, 8, 13, 19, 25, 30, 37, 45, 53]",7,53
569,2026-01-31T13:20:00.0,2026-01-26T18:57:45.531,"Any[26, 31, 36, 44, 54]",26,54
576,2026-01-31T13:20:00.0,2026-02-02T18:57:45.531,"Any[5, 6, 11, 19, 25, 30, 37, 45]",5,45
586,2026-01-31T13:20:00.0,2026-02-02T18:57:45.531,"Any[53, 45, 37, 30, 25, 19, 11, 6, 1]",53,1
590,2026-01-31T13:20:00.0,2026-02-02T18:57:45.531,"Any[5, 6, 10, 19, 25, 30, 37, 45, 56]",5,56
592,2026-01-31T13:20:00.0,2026-01-26T18:57:45.531,"Any[53, 45, 37, 30, 25, 19, 11, 6, 1]",53,1
593,2026-01-31T13:20:00.0,2026-01-19T18:57:45.531,"Any[1, 6, 11, 19, 25, 30, 37, 45, 53, 60]",1,60
595,2026-01-31T13:20:00.0,2026-01-19T18:57:45.531,"Any[53, 45, 37, 30, 25, 19, 10]",53,10
596,2026-01-31T13:20:00.0,2026-01-12T18:57:45.531,"Any[53, 45, 37, 30, 25, 19, 11, 6, 1]",53,1
598,2026-01-31T13:20:00.0,2026-01-26T18:57:45.531,"Any[53, 45, 37, 30, 25, 19, 10]",53,10
602,2026-01-31T13:20:00.0,2026-01-26T18:57:45.531,"Any[1, 6, 11, 19, 23, 36, 44, 54, 60]",1,60
607,2026-01-31T13:20:00.0,2026-01-19T18:57:45.531,"Any[7, 8, 13, 19, 25, 30, 37, 45, 56]",7,56
617,2026-01-31T13:20:00.0,2026-01-19T18:57:45.531,"Any[10, 19, 25, 30, 37, 45, 53, 60]",10,60
618,2026-01-31T13:20:00.0,2026-01-19T18:57:45.531,"Any[53, 45, 37, 30, 25, 19, 10]",53,10
621,2026-01-31T13:20:00.0,2026-01-19T18:57:45.531,"Any[53, 45, 37, 30, 25, 19, 10]",53,10
623,2026-01-31T13:20:00.0,2026-01-26T18:57:45.531,"Any[26, 31, 36, 44, 54]",26,54
626,2026-01-31T13:20:00.0,2026-01-19T18:57:45.531,"Any[53, 45, 37, 30, 25, 19, 10]",53,10
629,2026-01-31T13:20:00.0,2026-01-26T18:57:45.531,"Any[1, 6, 11, 19, 23, 36, 44, 54, 60]",1,60
632,2026-01-31T13:20:00.0,2026-01-19T18:57:45.531,"Any[53, 45, 37, 30, 25, 19, 10]",53,10
639,2026-01-31T13:20:00.0,2026-01-12T18:57:45.531,"Any[1, 6, 11, 19, 25, 30, 37, 45, 56]",1,56
647,2026-01-31T13:20:00.0,2026-01-12T18:57:45.531,"Any[45, 37, 30, 25, 19, 10]",45,10
649,2026-01-31T13:20:00.0,2026-01-26T18:57:45.531,"Any[10, 19, 25, 30, 37, 45, 53, 60]",10,60
654,2026-01-31T13:20:00.0,2026-01-26T18:57:45.531,"Any[53, 45, 37, 30, 25, 19, 10]",53,10
656,2026-01-31T13:20:00.0,2026-01-26T18:57:45.531,"Any[7, 8, 13, 19, 25, 30, 37, 45, 53]",7,53
657,2026-01-31T13:20:00.0,2026-01-26T18:57:45.531,"Any[26, 31, 36, 44, 54]",26,54
670,2026-01-31T13:20:00.0,2026-01-26T18:57:45.531,"Any[53, 45, 37, 30, 25, 19, 11, 6, 1]",53,1
671,2026-01-31T13:20:00.0,2026-01-19T18:57:45.531,"Any[1, 6, 11, 16, 25, 30, 37, 45, 56]",1,56
675,2026-01-31T13:20:00.0,2026-01-12T18:57:45.531,"Any[53, 45, 37, 30, 25, 19, 10]",53,10
676,2026-01-31T13:20:00.0,2026-01-26T18:57:45.531,"Any[26, 31, 36, 44, 54]",26,54
685,2026-01-31T13:20:00.0,2026-01-19T18:57:45.531,"Any[18, 26, 31, 36, 44, 47]",18,47
693,2026-01-31T13:20:00.0,2026-02-02T18:57:45.531,"Any[26, 31, 36, 44, 54]",26,54
701,2026-01-31T13:20:00.0,2026-02-02T18:57:45.531,"Any[1, 6, 11, 19, 23, 36, 44, 54, 60]",1,60
709,2026-01-31T13:20:00.0,2026-01-12T18:57:45.531,"Any[53, 45, 37, 30, 25, 19, 10]",53,10
710,2026-01-31T13:20:00.0,2026-01-26T18:57:45.531,"Any[26, 31, 36, 44, 54]",26,54
716,2026-01-31T13:20:00.0,2026-01-19T18:57:45.531,"Any[10, 19, 25, 30, 37, 45, 53, 60]",10,60
721,2026-01-31T13:20:00.0,2026-01-19T18:57:45.531,"Any[53, 45, 37, 30, 25, 19, 11, 6, 1]",53,1
726,2026-01-31T13:20:00.0,2026-02-02T18:57:45.531,"Any[26, 31, 36, 44, 54]",26,54
727,2026-01-31T13:20:00.0,2026-01-19T18:57:45.531,"Any[53, 45, 37, 30, 25, 19, 10]",53,10
729,2026-01-31T13:20:00.0,2026-01-12T18:57:45.531,"Any[53, 45, 37, 30, 25, 19, 10]",53,10
730,2026-01-31T13:20:00.0,2026-01-26T18:57:45.531,"Any[1, 6, 11, 19, 25, 30, 37, 45, 56]",1,56
731,2026-01-31T13:20:00.0,2026-01-12T18:57:45.531,"Any[53, 45, 37, 30, 25, 19, 11, 6, 1]",53,1
739,2026-01-31T13:20:00.0,2026-01-26T18:57:45.531,"Any[53, 45, 37, 30, 25, 19, 10]",53,10
741,2026-01-31T13:20:00.0,2026-01-12T18:57:45.531,"Any[53, 45, 37, 30, 25, 19, 10]",53,10
742,2026-01-31T13:20:00.0,2026-02-02T18:57:45.531,"Any[5, 6, 11, 19, 25, 30, 37, 45]",5,45
744,2026-01-31T13:20:00.0,2026-02-02T18:57:45.531,"Any[1, 6, 11, 19, 25, 30, 37, 45, 56]",1,56
745,2026-01-31T13:20:00.0,2026-01-12T18:57:45.531,"Any[7, 8, 13, 19, 25, 30, 37, 45, 53, 60]",7,60
746,2026-01-31T13:20:00.0,2026-01-26T18:57:45.531,"Any[26, 31, 36, 44, 54]",26,54
751,2026-01-31T13:20:00.0,2026-02-02T18:57:45.531,"Any[53, 45, 37, 30, 25, 19, 10]",53,10
759,2026-01-31T13:20:00.0,2026-02-02T18:57:45.531,"Any[53, 45, 37, 30, 25, 19, 10]",53,10
760,2026-01-31T13:20:00.0,2026-01-26T18:57:45.531,"Any[7, 8, 13, 19, 25, 30, 37, 45, 53]",7,53
761,2026-01-31T13:20:00.0,2026-01-19T18:57:45.531,"Any[5, 6, 11, 25, 30, 37, 45, 56]",5,56
767,2026-01-31T13:20:00.0,2026-01-19T18:57:45.531,"Any[7, 8, 13, 19, 25, 30, 37, 45, 53]",7,53
782,2026-01-31T13:20:00.0,2026-01-19T18:57:45.531,"Any[53, 45, 37, 30, 25, 19, 10]",53,10
786,2026-01-31T13:20:00.0,2026-01-19T18:57:45.531,"Any[53, 45, 37, 30, 25, 19, 10]",53,10
788,2026-01-31T13:20:00.0,2026-01-26T18:57:45.531,"Any[1, 6, 11, 19, 25, 30, 37, 45, 56]",1,56
791,2026-01-31T13:20:00.0,2026-01-26T18:57:45.531,"Any[7, 8, 13, 19, 25, 30, 37, 45]",7,45
797,2026-01-31T13:20:00.0,2026-01-26T18:57:45.531,"Any[7, 8, 13, 19, 25, 30, 37, 45, 56]",7,56
801,2026-01-31T13:20:00.0,2026-01-26T18:57:45.531,"Any[7, 8, 13, 19, 25, 30, 37, 45, 53]",7,53
811,2026-01-31T13:20:00.0,2026-01-12T18:57:45.531,"Any[1, 6, 11, 19, 25, 30, 37, 45, 56]",1,56
815,2026-01-31T13:20:00.0,2026-02-02T18:57:45.531,"Any[1, 6, 11, 19, 23, 28, 36, 44, 54, 60]",1,60
826,2026-01-31T13:20:00.0,2026-01-19T18:57:45.531,"Any[1, 6, 11, 19, 25, 30, 37, 45, 56]",1,56
830,2026-01-31T13:20:00.0,2026-01-12T18:57:45.531,"Any[26, 31, 36, 44, 54]",26,54
835,2026-01-31T13:20:00.0,2026-01-19T18:57:45.531,"Any[45, 37, 30, 25, 19, 10]",45,10
842,2026-01-31T13:20:00.0,2026-01-26T18:57:45.531,"Any[53, 45, 37, 30, 25, 19, 11, 6, 1]",53,1
848,2026-01-31T13:20:00.0,2026-01-26T18:57:45.531,"Any[53, 45, 37, 30, 25, 19, 11, 6, 1]",53,1
852,2026-01-31T13:20:00.0,2026-01-19T18:57:45.531,"Any[1, 6, 11, 19, 25, 30, 37, 45, 56]",1,56
857,2026-01-31T13:20:00.0,2026-01-26T18:57:45.531,"Any[10, 19, 25, 30, 37, 45, 53, 60]",10,60
861,2026-01-31T13:20:00.0,2026-01-26T18:57:45.531,"Any[7, 8, 13, 19, 25, 30, 37, 45, 53]",7,53
863,2026-01-31T13:20:00.0,2026-02-02T18:57:45.531,"Any[7, 8, 13, 19, 25, 30, 37, 45, 53]",7,53
872,2026-01-31T13:20:00.0,2026-02-02T18:57:45.531,"Any[53, 45, 37, 30, 25, 19, 10]",53,10
877,2026-01-31T13:20:00.0,2026-01-26T18:57:45.531,"Any[18, 26, 31, 36, 44, 54]",18,54
879,2026-01-31T13:20:00.0,2026-01-19T18:57:45.531,"Any[26, 31, 36, 44, 54]",26,54
893,2026-01-31T13:20:00.0,2026-01-26T18:57:45.531,"Any[1, 6, 11, 19, 23, 36, 44, 54, 60]",1,60
895,2026-01-31T13:20:00.0,2026-02-02T18:57:45.531,"Any[60, 53, 45, 37, 30, 25, 19, 10]",60,10
896,2026-01-31T13:20:00.0,2026-02-02T18:57:45.531,"Any[1, 6, 11, 19, 25, 30, 37, 45, 56, 60]",1,60
919,2026-01-31T13:20:00.0,2026-01-12T18:57:45.531,"Any[10, 19, 25, 30, 37, 45, 53, 60]",10,60
921,2026-01-31T13:20:00.0,2026-01-19T18:57:45.531,"Any[53, 45, 37, 30, 25, 19, 10]",53,10
922,2026-01-31T13:20:00.0,2026-01-19T18:57:45.531,"Any[53, 45, 37, 30, 25, 19, 10]",53,10
926,2026-01-31T13:20:00.0,2026-01-26T18:57:45.531,"Any[53, 45, 37, 30, 25, 19, 10]",53,10
927,2026-01-31T13:20:00.0,2026-02-02T18:57:45.531,"Any[7, 8, 13, 19, 25, 30, 37, 45, 56]",7,56
933,2026-01-31T13:20:00.0,2026-01-19T18:57:45.531,"Any[53, 45, 37, 30, 25, 19, 10]",53,10
937,2026-01-31T13:20:00.0,2026-02-02T18:57:45.531,"Any[53, 45, 37, 30, 25, 19, 10]",53,10
943,2026-01-31T13:20:00.0,2026-01-12T18:57:45.531,"Any[53, 45, 37, 30, 25, 19, 10]",53,10
946,2026-01-31T13:20:00.0,2026-01-12T18:57:45.531,"Any[7, 8, 13, 19, 25, 30, 37, 45, 53]",7,53
947,2026-01-31T13:20:00.0,2026-02-02T18:57:45.531,"Any[26, 31, 36, 44, 54]",26,54
965,2026-01-31T13:20:00.0,2026-01-19T18:57:45.531,"Any[53, 45, 37, 30, 25, 19, 10]",53,10
971,2026-01-31T13:20:00.0,2026-01-12T18:57:45.531,"Any[26, 31, 36]",26,36
972,2026-01-31T13:20:00.0,2026-01-12T18:57:45.531,"Any[26, 31, 36, 44, 54]",26,54
977,2026-01-31T13:20:00.0,2026-01-19T18:57:45.531,"Any[26, 31, 36, 44]",26,44
978,2026-01-31T13:20:00.0,2026-02-02T18:57:45.531,"Any[10, 19, 25, 30, 37, 45, 53, 60]",10,60
992,2026-01-31T13:20:00.0,2026-02-02T18:57:45.531,"Any[1, 6, 11, 19, 25, 30, 37, 45, 56]",1,56
993,2026-01-31T13:20:00.0,2026-02-02T18:57:45.531,"Any[53, 45, 37, 30, 25, 19, 10]",53,10
994,2026-01-31T13:20:00.0,2026-02-02T18:57:45.531,"Any[7, 8, 13, 19, 25, 30, 37, 45, 53]",7,53
999,2026-01-31T13:20:00.0,2026-01-19T18:57:45.531,"Any[53, 45, 37, 30, 25, 19, 11, 6, 1]",53,1
1003,2026-01-31T13:20:00.0,2026-01-26T18:57:45.531,"Any[1, 6, 11, 19, 25, 30, 37, 45, 56]",1,56
1006,2026-01-31T13:20:00.0,2026-02-02T18:57:45.531,"Any[10, 19, 25, 30, 37, 45, 53, 60]",10,60
1010,2026-01-31T13:20:00.0,2026-01-19T18:57:45.531,"Any[1, 6, 11, 19, 25, 30, 37, 45, 56]",1,56
1013,2026-01-31T13:20:00.0,2026-02-02T18:57:45.531,"Any[7, 8, 13, 19, 25, 30, 37, 45, 53]",7,53
1015,2026-01-31T13:20:00.0,2026-02-02T18:57:45.531,"Any[7, 8, 13, 19, 25, 30, 37, 45, 53]",7,53
1017,2026-01-31T13:20:00.0,2026-02-02T18:57:45.531,"Any[53, 45, 37, 30, 25, 19, 10]",53,10
1021,2026-01-31T13:20:00.0,2026-01-26T18:57:45.531,"Any[53, 45, 37, 30, 25, 19, 10]",53,10
1044,2026-01-31T13:20:00.0,2026-02-02T18:57:45.531,"Any[26, 31, 36, 44, 54]",26,54
1046,2026-01-31T13:20:00.0,2026-02-02T18:57:45.531,"Any[53, 45, 37, 30, 25, 19, 10]",53,10
1049,2026-01-31T13:20:00.0,2026-02-02T18:57:45.531,"Any[7, 8, 13, 19, 25, 30, 37, 45, 53]",7,53
1052,2026-01-31T13:20:00.0,2026-02-02T18:57:45.531,"Any[7, 8, 13, 19, 25, 30, 37, 45, 53, 60]",7,60
1057,2026-01-31T13:20:00.0,2026-01-26T18:57:45.531,"Any[1, 6, 11, 19, 23, 36, 44, 54, 60]",1,60
1060,2026-01-31T13:20:00.0,2026-01-26T18:57:45.531,"Any[53, 45, 37, 30, 25, 19, 10]",53,10
1069,2026-01-31T13:20:00.0,2026-01-26T18:57:45.531,"Any[53, 45, 37, 30, 25, 19, 10]",53,10
1075,2026-01-31T13:20:00.0,2026-02-02T18:57:45.531,"Any[53, 45, 37, 30, 25, 19, 10]",53,10
1086,2026-01-31T13:20:00.0,2026-01-12T18:57:45.531,"Any[1, 6, 11, 19, 25, 30, 37, 45, 53, 60]",1,60
1088,2026-01-31T13:20:00.0,2026-01-19T18:57:45.531,"Any[53, 45, 37, 30, 25, 19, 10]",53,10
1091,2026-01-31T13:20:00.0,2026-02-02T18:57:45.531,"Any[53, 45, 37, 30, 25, 19, 10]",53,10
1092,2026-01-31T13:20:00.0,2026-02-02T18:57:45.531,"Any[5, 6, 11, 19, 25, 30, 37, 45]",5,45
1103,2026-01-31T13:20:00.0,2026-01-19T18:57:45.531,"Any[53, 45, 37, 30, 25, 19, 10]",53,10
1106,2026-01-31T13:20:00.0,2026-01-12T18:57:45.531,"Any[18, 26, 31, 36, 44, 54]",18,54
1110,2026-01-31T13:20:00.0,2026-01-19T18:57:45.531,"Any[53, 45, 37, 30, 25, 19, 11, 6, 1]",53,1
1115,2026-01-31T13:20:00.0,2026-01-12T18:57:45.531,"Any[53, 45, 37, 30, 25, 19, 10]",53,10
1119,2026-01-31T13:20:00.0,2026-01-26T18:57:45.531,"Any[53, 45, 37, 30, 25, 19, 11, 6, 1]",53,1
1126,2026-01-31T13:20:00.0,2026-01-26T18:57:45.531,"Any[1, 6, 11, 19, 25, 30, 37, 45, 56, 60]",1,60
1133,2026-01-31T13:20:00.0,2026-01-26T18:57:45.531,"Any[26, 31, 36, 44]",26,44
1140,2026-01-31T13:20:00.0,2026-01-12T18:57:45.531,"Any[1, 6, 11, 19, 23, 36, 44, 54, 60]",1,60
1141,2026-01-31T13:20:00.0,2026-01-19T18:57:45.531,"Any[10, 19, 25, 30, 37, 45, 53, 60]",10,60
1150,2026-01-31T13:20:00.0,2026-02-02T18:57:45.531,"Any[7, 8, 13, 19, 25, 30, 37, 45]",7,45
1159,2026-01-31T13:20:00.0,2026-01-26T18:57:45.531,"Any[53, 45, 37, 30, 25, 19, 11, 6, 1]",53,1
1162,2026-01-31T13:20:00.0,2026-02-02T18:57:45.531,"Any[1, 6, 11, 19, 23, 28, 36, 44, 54, 60]",1,60
1166,2026-01-31T13:20:00.0,2026-01-12T18:57:45.531,"Any[53, 45, 37, 30, 25, 19, 11, 6, 1]",53,1
1170,2026-01-31T13:20:00.0,2026-01-26T18:57:45.531,"Any[53, 45, 37, 30, 25, 19, 10]",53,10
1187,2026-01-31T13:20:00.0,2026-01-19T18:57:45.531,"Any[7, 8, 13, 19, 25, 30, 37, 45]",7,45
1189,2026-01-31T13:20:00.0,2026-01-12T18:57:45.531,"Any[53, 45, 37, 30, 25, 19, 10]",53,10
1197,2026-01-31T13:20:00.0,2026-01-12T18:57:45.531,"Any[10, 19, 25, 30, 37, 45, 53, 60]",10,60
1209,2026-01-31T13:20:00.0,2026-01-12T18:57:45.531,"Any[53, 45, 37, 30, 25, 19, 10]",53,10
1233,2026-01-31T13:20:00.0,2026-02-02T18:57:45.531,"Any[7, 8, 13, 19, 25, 30, 37, 45, 56]",7,56
1234,2026-01-31T13:20:00.0,2026-01-19T18:57:45.531,"Any[53, 45, 37, 30, 25, 19, 11, 6, 1]",53,1
1235,2026-01-31T13:20:00.0,2026-01-12T18:57:45.531,"Any[10, 19, 25, 30, 37, 45, 53, 60]",10,60
1236,2026-01-31T13:20:00.0,2026-01-26T18:57:45.531,"Any[26, 31, 36]",26,36
1243,2026-01-31T13:20:00.0,2026-02-02T18:57:45.531,"Any[26, 31, 36, 44]",26,44
1245,2026-01-31T13:20:00.0,2026-01-12T18:57:45.531,"Any[1, 6, 11, 19, 25, 30, 37, 45, 56]",1,56
1252,2026-01-31T13:20:00.0,2026-01-12T18:57:45.531,"Any[1, 6, 11, 19, 23, 36, 44, 54, 60]",1,60
1260,2026-01-31T13:20:00.0,2026-01-19T18:57:45.531,"Any[53, 45, 37, 30, 25, 19, 10]",53,10
1261,2026-01-31T13:20:00.0,2026-01-19T18:57:45.531,"Any[5, 10, 19, 25, 30, 37, 45, 53]",5,53
1268,2026-01-31T13:20:00.0,2026-02-02T18:57:45.531,"Any[1, 6, 11, 19, 30, 37, 45, 56]",1,56
1269,2026-01-31T13:20:00.0,2026-01-26T18:57:45.531,"Any[53, 45, 37, 30, 25, 19, 10]",53,10
1277,2026-01-31T13:20:00.0,2026-02-02T18:57:45.531,"Any[1, 6, 11, 19, 25, 30, 37, 45, 53, 60]",1,60
1281,2026-01-31T13:20:00.0,2026-02-02T18:57:45.531,"Any[7, 8, 13, 19, 25, 30, 37, 45, 53, 60]",7,60
1283,2026-01-31T13:20:00.0,2026-01-19T18:57:45.531,"Any[1, 6, 11, 19, 25, 30, 37, 45, 56]",1,56
1284,2026-01-31T13:20:00.0,2026-01-26T18:57:45.531,"Any[53, 45, 37, 30, 25, 19, 10]",53,10
1287,2026-01-31T13:20:00.0,2026-01-12T18:57:45.531,"Any[53, 45, 37, 30, 25, 19, 11, 6, 1]",53,1
1311,2026-01-31T13:20:00.0,2026-01-12T18:57:45.531,"Any[53, 45, 37, 30, 25, 19, 11, 6, 1]",53,1
1318,2026-01-31T13:20:00.0,2026-01-26T18:57:45.531,"Any[53, 45, 37, 30, 25, 19, 10]",53,10
1322,2026-01-31T13:20:00.0,2026-01-19T18:57:45.531,"Any[1, 6, 11, 19, 25, 30, 37, 45, 56, 60]",1,60
1325,2026-01-31T13:20:00.0,2026-01-19T18:57:45.531,"Any[7, 8, 13, 19, 25, 30, 37, 45, 56]",7,56
1338,2026-01-31T13:20:00.0,2026-02-02T18:57:45.531,"Any[7, 8, 13, 19, 25, 30, 37, 45, 53]",7,53
1343,2026-01-31T13:20:00.0,2026-01-26T18:57:45.531,"Any[10, 19, 25, 30, 37, 45, 53, 60]",10,60
1349,2026-01-31T13:20:00.0,2026-02-02T18:57:45.531,"Any[7, 8, 13, 19, 25, 30, 37, 45, 53]",7,53
1350,2026-01-31T13:20:00.0,2026-02-02T18:57:45.531,"Any[60, 53, 45, 37, 30, 25, 19, 10]",60,10
1368,2026-01-31T13:20:00.0,2026-01-19T18:57:45.531,"Any[1, 6, 11, 19, 25, 30, 37, 45, 56, 60]",1,60
1370,2026-01-31T13:20:00.0,2026-02-02T18:57:45.531,"Any[10, 19, 25, 30, 37, 45, 53, 60]",10,60
1371,2026-01-31T13:20:00.0,2026-01-26T18:57:45.531,"Any[53, 45, 37, 30, 25, 19, 11, 6, 1]",53,1
1376,2026-01-31T13:20:00.0,2026-01-19T18:57:45.531,"Any[53, 45, 37, 30, 25, 19, 10]",53,10
1377,2026-01-31T13:20:00.0,2026-01-19T18:57:45.531,"Any[53, 45, 37, 30, 25, 19, 10]",53,10
1383,2026-01-31T13:20:00.0,2026-01-26T18:57:45.531,"Any[18, 26, 31, 36]",18,36
1384,2026-01-31T13:20:00.0,2026-01-19T18:57:45.531,"Any[53, 45, 37, 30, 25, 19, 11, 6, 1]",53,1
1385,2026-01-31T13:20:00.0,2026-02-02T18:57:45.531,"Any[53, 45, 37, 30, 25, 19, 11, 6, 1]",53,1
1387,2026-01-31T13:20:00.0,2026-01-26T18:57:45.531,"Any[7, 8, 13, 19, 25, 30, 37, 45, 53]",7,53
1393,2026-01-31T13:20:00.0,2026-01-19T18:57:45.531,"Any[10, 19, 25, 30, 37, 45, 53, 60]",10,60
1400,2026-01-31T13:20:00.0,2026-01-26T18:57:45.531,"Any[26, 31, 36, 44, 54]",26,54
1402,2026-01-31T13:20:00.0,2026-02-02T18:57:45.531,"Any[1, 6, 11, 19, 25, 30, 37, 45, 56]",1,56
1403,2026-01-31T13:20:00.0,2026-01-26T18:57:45.531,"Any[53, 45, 37, 30, 25, 19, 11, 6, 1]",53,1
1409,2026-01-31T13:20:00.0,2026-01-19T18:57:45.531,"Any[53, 45, 37, 30, 25, 19, 10]",53,10
1418,2026-01-31T13:20:00.0,2026-02-02T18:57:45.531,"Any[53, 45, 37, 30, 25, 19, 10]",53,10
1420,2026-01-31T13:20:00.0,2026-01-19T18:57:45.531,"Any[53, 45, 37, 30, 25, 19, 10]",53,10
1426,2026-01-31T13:20:00.0,2026-01-26T18:57:45.531,"Any[53, 45, 37, 30, 25, 19, 10]",53,10
1435,2026-01-31T13:20:00.0,2026-02-02T18:57:45.531,"Any[1, 6, 11, 19, 25, 30, 37, 45, 56]",1,56
1436,2026-01-31T13:20:00.0,2026-01-26T18:57:45.531,"Any[26, 31, 36, 44, 54]",26,54
1438,2026-01-31T13:20:00.0,2026-01-26T18:57:45.531,"Any[7, 8, 13, 19, 25, 30, 37, 45, 53]",7,53
1439,2026-01-31T13:20:00.0,2026-01-26T18:57:45.531,"Any[53, 45, 37, 30, 25, 19, 10]",53,10
1446,2026-01-31T13:20:00.0,2026-01-12T18:57:45.531,"Any[7, 8, 13, 19, 25, 30, 37, 45, 56]",7,56
1447,2026-01-31T13:20:00.0,2026-01-12T18:57:45.531,"Any[53, 45, 37, 30, 25, 19, 11, 6, 1]",53,1
1451,2026-01-31T13:20:00.0,2026-02-02T18:57:45.531,"Any[53, 45, 37, 30, 25, 19, 11, 6, 1]",53,1
1455,2026-01-31T13:20:00.0,2026-01-12T18:57:45.531,"Any[53, 45, 37, 30, 25, 19, 11, 6, 1]",53,1
1458,2026-01-31T13:20:00.0,2026-01-26T18:57:45.531,"Any[53, 45, 37, 30, 25, 19, 10]",53,10
1459,2026-01-31T13:20:00.0,2026-01-12T18:57:45.531,"Any[53, 45, 37, 30, 25, 19, 11, 6, 1]",53,1
1460,2026-01-31T13:20:00.0,2026-01-12T18:57:45.531,"Any[53, 45, 37, 30, 25, 19, 10]",53,10
1465,2026-01-31T13:20:00.0,2026-01-26T18:57:45.531,"Any[1, 6, 11, 19, 25, 30, 37, 45, 56]",1,56
1468,2026-01-31T13:20:00.0,2026-01-12T18:57:45.531,"Any[36, 31, 22, 15]",36,15
1473,2026-01-31T13:20:00.0,2026-01-12T18:57:45.531,"Any[1, 6, 11, 19, 25, 30, 37, 45, 56]",1,56
1492,2026-01-31T13:20:00.0,2026-01-19T18:57:45.531,"Any[53, 45, 37, 30, 25, 19, 11, 6, 1]",53,1
1508,2026-01-31T13:20:00.0,2026-02-02T18:57:45.531,"Any[53, 45, 37, 30, 25, 19, 10]",53,10
1513,2026-01-31T13:20:00.0,2026-01-12T18:57:45.531,"Any[53, 45, 37, 30, 25, 19, 10]",53,10
1514,2026-01-31T13:20:00.0,2026-01-12T18:57:45.531,"Any[26, 31, 36, 44, 54]",26,54
1525,2026-01-31T13:20:00.0,2026-01-19T18:57:45.531,"Any[26, 31, 36, 44, 54]",26,54
1542,2026-01-31T13:20:00.0,2026-01-12T18:57:45.531,"Any[53, 45, 37, 30, 25, 19, 10]",53,10
1547,2026-01-31T13:20:00.0,2026-02-02T18:57:45.531,"Any[9, 15, 26, 31, 36, 44, 54, 60]",9,60
1549,2026-01-31T13:20:00.0,2026-01-26T18:57:45.531,"Any[53, 45, 37, 30, 25, 19, 11, 6, 1]",53,1
1553,2026-01-31T13:20:00.0,2026-01-26T18:57:45.531,"Any[53, 45, 37, 30, 25, 19, 10]",53,10
1555,2026-01-31T13:20:00.0,2026-02-02T18:57:45.531,"Any[53, 45, 37, 30, 25, 19, 11, 6, 1]",53,1
1557,2026-01-31T13:20:00.0,2026-02-02T18:57:45.531,"Any[1, 6, 11, 19, 25, 30, 37, 45, 56, 60]",1,60
1565,2026-01-31T13:20:00.0,2026-02-02T18:57:45.531,"Any[7, 8, 13, 19, 25, 30, 37, 45, 56]",7,56
1574,2026-01-31T13:20:00.0,2026-01-26T18:57:45.531,"Any[1, 6, 11, 19, 25, 30, 37, 45, 53, 60]",1,60
1585,2026-01-31T13:20:00.0,2026-01-12T18:57:45.531,"Any[53, 45, 37, 30, 25, 19, 10]",53,10
1594,2026-01-31T13:20:00.0,2026-01-26T18:57:45.531,"Any[26, 31, 36]",26,36
1595,2026-01-31T13:20:00.0,2026-01-12T18:57:45.531,"Any[1, 6, 11, 19, 25, 30, 37, 45, 56]",1,56
1599,2026-01-31T13:20:00.0,2026-01-26T18:57:45.531,"Any[1, 6, 11, 19, 25, 30, 37, 45, 56]",1,56
1601,2026-01-31T13:20:00.0,2026-01-26T18:57:45.531,"Any[53, 45, 37, 30, 25, 19, 10]",53,10
1604,2026-01-31T13:20:00.0,2026-02-02T18:57:45.531,"Any[53, 45, 37, 30, 25, 19, 11, 6, 1]",53,1
1605,2026-01-31T13:20:00.0,2026-01-12T18:57:45.531,"Any[1, 6, 11, 19, 25, 30, 37, 45, 56]",1,56
1610,2026-01-31T13:20:00.0,2026-01-19T18:57:45.531,"Any[1, 6, 11, 19, 25, 30, 37, 45, 56, 60]",1,60
1613,2026-01-31T13:20:00.0,2026-01-26T18:57:45.531,"Any[53, 45, 37, 30, 25, 19, 11, 6, 1]",53,1
1614,2026-01-31T13:20:00.0,2026-01-26T18:57:45.531,"Any[26, 31, 36, 44, 54]",26,54
1615,2026-01-31T13:20:00.0,2026-01-12T18:57:45.531,"Any[1, 6, 11, 19, 25, 30, 37, 45, 56]",1,56
1628,2026-01-31T13:20:00.0,2026-01-26T18:57:45.531,"Any[1, 6, 11, 19, 25, 30, 37, 45, 56]",1,56
1635,2026-01-31T13:20:00.0,2026-01-26T18:57:45.531,"Any[5, 6, 11, 25, 30, 37, 45, 56]",5,56
1636,2026-01-31T13:20:00.0,2026-01-26T18:57:45.531,"Any[1, 6, 11, 19, 25, 30, 37, 45, 56]",1,56
1637,2026-01-31T13:20:00.0,2026-02-02T18:57:45.531,"Any[53, 45, 37, 30, 25, 19, 11, 6, 1]",53,1
1641,2026-01-31T13:20:00.0,2026-02-02T18:57:45.531,"Any[1, 6, 11, 19, 25, 30, 37, 45, 56]",1,56
1644,2026-01-31T13:20:00.0,2026-01-12T18:57:45.531,"Any[53, 45, 37, 30, 25, 19, 10]",53,10
1645,2026-01-31T13:20:00.0,2026-01-19T18:57:45.531,"Any[53, 45, 37, 30, 25, 19, 10]",53,10
1647,2026-01-31T13:20:00.0,2026-01-19T18:57:45.531,"Any[53, 45, 37, 30, 25, 19, 11, 6, 1]",53,1
1651,2026-01-31T13:20:00.0,2026-01-19T18:57:45.531,"Any[53, 45, 37, 30, 25, 19, 10]",53,10
1652,2026-01-31T13:20:00.0,2026-02-02T18:57:45.531,"Any[1, 6, 11, 19, 25, 30, 37, 45, 56]",1,56
1654,2026-01-31T13:20:00.0,2026-01-19T18:57:45.531,"Any[53, 45, 37, 30, 25, 19, 10]",53,10
1655,2026-01-31T13:20:00.0,2026-01-12T18:57:45.531,"Any[53, 45, 37, 30, 25, 19, 11, 6, 1]",53,1
1659,2026-01-31T13:20:00.0,2026-01-19T18:57:45.531,"Any[53, 45, 37, 30, 25, 19, 11, 6, 1]",53,1
1662,2026-01-31T13:20:00.0,2026-02-02T18:57:45.531,"Any[53, 45, 37, 30, 25, 19, 11, 6, 1]",53,1
1665,2026-01-31T13:20:00.0,2026-01-19T18:57:45.531,"Any[1, 6, 11, 19, 23, 36, 44, 54, 60]",1,60
1666,2026-01-31T13:20:00.0,2026-02-02T18:57:45.531,"Any[53, 45, 37, 30, 25, 19, 11, 6, 1]",53,1
1671,2026-01-31T13:20:00.0,2026-02-02T18:57:45.531,"Any[53, 45, 37, 30, 25, 19, 10]",53,10
1672,2026-01-31T13:20:00.0,2026-01-12T18:57:45.531,"Any[53, 45, 37, 30, 25, 19, 10]",53,10
1675,2026-01-31T13:20:00.0,2026-01-12T18:57:45.531,"Any[53, 45, 37, 30, 25, 19, 10]",53,10
1678,2026-01-31T13:20:00.0,2026-02-02T18:57:45.531,"Any[53, 45, 37, 30, 25, 19, 11, 6, 1]",53,1
1689,2026-01-31T13:20:00.0,2026-01-19T18:57:45.531,"Any[53, 45, 37, 30, 25, 19, 11, 6, 1]",53,1
1695,2026-01-31T13:20:00.0,2026-01-12T18:57:45.531,"Any[53, 45, 37, 30, 25, 19, 10]",53,10
1696,2026-01-31T13:20:00.0,2026-02-02T18:57:45.531,"Any[18, 26, 31, 36, 44, 54]",18,54
1697,2026-01-31T13:20:00.0,2026-01-19T18:57:45.531,"Any[53, 45, 37, 30, 25, 19, 11, 6, 1]",53,1
1713,2026-01-31T13:20:00.0,2026-01-26T18:57:45.531,"Any[10, 19, 25, 30, 37, 45, 53, 60]",10,60
1720,2026-01-31T13:20:00.0,2026-01-26T18:57:45.531,"Any[53, 45, 37, 30, 25, 19, 10]",53,10
1722,2026-01-31T13:20:00.0,2026-01-26T18:57:45.531,"Any[53, 45, 37, 30, 25, 19, 11, 6, 1]",53,1
1735,2026-01-31T13:20:00.0,2026-01-12T18:57:45.531,"Any[53, 45, 37, 30, 25, 19, 11, 6, 1]",53,1
1736,2026-01-31T13:20:00.0,2026-02-02T18:57:45.531,"Any[9, 15, 26, 31, 36, 44, 54, 60]",9,60
1744,2026-01-31T13:20:00.0,2026-01-12T18:57:45.531,"Any[53, 45, 37, 30, 25, 19, 10]",53,10
1762,2026-01-31T13:20:00.0,2026-01-12T18:57:45.531,"Any[1, 6, 11, 19, 23, 28, 36, 44, 54, 60]",1,60
1771,2026-01-31T13:20:00.0,2026-01-12T18:57:45.531,"Any[5, 6, 11, 19, 25, 30, 37, 45, 56]",5,56
1776,2026-01-31T13:20:00.0,2026-01-12T18:57:45.531,"Any[53, 45, 37, 30, 25, 19, 11, 6, 1]",53,1
1777,2026-01-31T13:20:00.0,2026-01-26T18:57:45.531,"Any[53, 45, 37, 30, 25, 19, 10]",53,10
1778,2026-01-31T13:20:00.0,2026-01-26T18:57:45.531,"Any[26, 31, 36, 44, 54]",26,54
1786,2026-01-31T13:20:00.0,2026-01-26T18:57:45.531,"Any[53, 45, 37, 30, 25, 19, 10]",53,10
1788,2026-01-31T13:20:00.0,2026-02-02T18:57:45.531,"Any[7, 8, 13, 19, 25, 30, 37, 45, 53]",7,53
1789,2026-01-31T13:20:00.0,2026-01-26T18:57:45.531,"Any[7, 8, 13, 19, 25, 30, 37, 45, 53]",7,53
1792,2026-01-31T13:20:00.0,2026-01-26T18:57:45.531,"Any[7, 8, 13, 19, 25, 30, 37, 45, 53]",7,53
1808,2026-01-31T13:20:00.0,2026-01-26T18:57:45.531,"Any[7, 8, 13, 19, 25, 30, 37, 45, 53]",7,53
1809,2026-01-31T13:20:00.0,2026-01-12T18:57:45.531,"Any[1, 6, 11, 19, 25, 30, 37, 45, 56]",1,56
1819,2026-01-31T13:20:00.0,2026-01-19T18:57:45.531,"Any[53, 45, 37, 30, 25, 19, 10]",53,10
1824,2026-01-31T13:20:00.0,2026-01-26T18:57:45.531,"Any[53, 45, 37, 30, 25, 19, 10]",53,10
1825,2026-01-31T13:20:00.0,2026-01-19T18:57:45.531,"Any[53, 45, 37, 30, 25, 19, 11, 6, 1]",53,1
1827,2026-01-31T13:20:00.0,2026-01-26T18:57:45.531,"Any[53, 45, 37, 30, 25, 19, 11, 6, 1]",53,1
1828,2026-01-31T13:20:00.0,2026-01-26T18:57:45.531,"Any[53, 45, 37, 30, 25, 19, 11, 6, 1]",53,1
1831,2026-01-31T13:20:00.0,2026-01-12T18:57:45.531,"Any[10, 19, 25, 30, 37, 45, 53, 60]",10,60
1833,2026-01-31T13:20:00.0,2026-01-19T18:57:45.531,"Any[1, 6, 11, 19, 23, 36, 44, 54, 60]",1,60
1838,2026-01-31T13:20:00.0,2026-01-19T18:57:45.531,"Any[53, 45, 37, 30, 25, 19, 11, 6, 1]",53,1
1845,2026-01-31T13:20:00.0,2026-01-19T18:57:45.531,"Any[53, 45, 37, 30, 25, 19, 11, 6, 1]",53,1
1847,2026-01-31T13:20:00.0,2026-01-19T18:57:45.531,"Any[53, 45, 37, 30, 25, 19, 10]",53,10
2185,2026-01-31T13:20:00.0,2026-01-19T18:57:45.531,Any[],54,26
2280,2026-01-31T13:20:00.0,2026-02-02T18:57:45.531,Any[],54,26
2573,2026-01-31T13:20:00.0,2026-01-12T18:57:45.531,Any[],47,22
2582,2026-01-31T13:20:00.0,2026-01-12T18:57:45.531,Any[],47,22
2708,2026-01-31T13:20:00.0,2026-01-12T18:57:45.531,"Any[26, 31, 36, 44, 54]",26,54
2714,2026-01-31T13:20:00.0,2026-01-19T18:57:45.531,"Any[26, 31, 36, 44, 54]",26,54
2727,2026-01-31T13:20:00.0,2026-01-12T18:57:45.531,"Any[26, 31, 36, 44, 54]",26,54
2730,2026-01-31T13:20:00.0,2026-01-26T18:57:45.531,"Any[26, 31, 36, 44, 54]",26,54
2732,2026-01-31T13:20:00.0,2026-01-12T18:57:45.531,"Any[26, 31, 36, 44, 54]",26,54
2733,2026-01-31T13:20:00.0,2026-01-12T18:57:45.531,"Any[26, 31, 36, 44, 54]",26,54
2735,2026-01-31T13:20:00.0,2026-02-02T18:57:45.531,"Any[26, 31, 36, 44, 54]",26,54
2741,2026-01-31T13:20:00.0,2026-01-19T18:57:45.531,"Any[26, 31, 36, 44, 54]",26,54
2753,2026-01-31T13:20:00.0,2026-02-02T18:57:45.531,"Any[26, 31, 36, 44, 54]",26,54
2764,2026-01-31T13:20:00.0,2026-01-19T18:57:45.531,"Any[26, 31, 36, 44, 54]",26,54
2766,2026-01-31T13:20:00.0,2026-01-26T18:57:45.531,"Any[26, 31, 36, 44, 54]",26,54
2778,2026-01-31T13:20:00.0,2026-01-19T18:57:45.531,"Any[26, 31, 36, 44, 54]",26,54
2787,2026-01-31T13:20:00.0,2026-02-02T18:57:45.531,"Any[26, 31, 36, 44, 54]",26,54
2798,2026-01-31T13:20:00.0,2026-01-19T18:57:45.531,"Any[26, 31, 36, 44, 54]",26,54
2802,2026-01-31T13:20:00.0,2026-01-12T18:57:45.531,"Any[26, 31, 36, 44, 54]",26,54
2809,2026-01-31T13:20:00.0,2026-01-19T18:57:45.531,"Any[26, 31, 36, 44, 54]",26,54
2821,2026-01-31T13:20:00.0,2026-01-26T18:57:45.531,"Any[26, 31, 36, 44, 54]",26,54
2823,2026-01-31T13:20:00.0,2026-02-02T18:57:45.531,"Any[26, 31, 36, 44, 54]",26,54
2827,2026-01-31T13:20:00.0,2026-01-26T18:57:45.531,"Any[26, 31, 36, 44, 54]",26,54
2835,2026-01-31T13:20:00.0,2026-01-19T18:57:45.531,"Any[26, 31, 36, 44, 54]",26,54
2836,2026-01-31T13:20:00.0,2026-01-12T18:57:45.531,"Any[26, 31, 36, 44, 54]",26,54
2837,2026-01-31T13:20:00.0,2026-01-26T18:57:45.531,"Any[26, 31, 36, 44, 54]",26,54
2841,2026-01-31T13:20:00.0,2026-02-02T18:57:45.531,"Any[26, 31, 36, 44, 54]",26,54
2855,2026-01-31T13:20:00.0,2026-01-12T18:57:45.531,"Any[26, 31, 36, 44, 54]",26,54
2868,2026-01-31T13:20:00.0,2026-01-12T18:57:45.531,"Any[26, 31, 36, 44, 54]",26,54
2870,2026-01-31T13:20:00.0,2026-01-19T18:57:45.531,"Any[26, 31, 36, 44, 54]",26,54
2877,2026-01-31T13:20:00.0,2026-02-02T18:57:45.531,"Any[26, 31, 36, 44, 54]",26,54
2887,2026-01-31T13:20:00.0,2026-02-02T18:57:45.531,"Any[26, 31, 36, 44, 54]",26,54
2894,2026-01-31T13:20:00.0,2026-01-19T18:57:45.531,"Any[26, 31, 36, 44, 54]",26,54
2895,2026-01-31T13:20:00.0,2026-01-19T18:57:45.531,"Any[26, 31, 36, 44, 54]",26,54
2897,2026-01-31T13:20:00.0,2026-02-02T18:57:45.531,"Any[26, 31, 36, 44, 54]",26,54
2898,2026-01-31T13:20:00.0,2026-02-02T18:57:45.531,"Any[26, 31, 36, 44, 54]",26,54
2911,2026-01-31T13:20:00.0,2026-02-02T18:57:45.531,"Any[26, 31, 36, 44, 54]",26,54
2913,2026-01-31T13:20:00.0,2026-01-19T18:57:45.531,"Any[26, 31, 36, 44, 54]",26,54
2919,2026-01-31T13:20:00.0,2026-01-19T18:57:45.531,"Any[26, 31, 36, 44, 54]",26,54
2921,2026-01-31T13:20:00.0,2026-02-02T18:57:45.531,"Any[26, 31, 36, 44, 54]",26,54
2923,2026-01-31T13:20:00.0,2026-01-12T18:57:45.531,"Any[26, 31, 36, 44, 54]",26,54
2932,2026-01-31T13:20:00.0,2026-01-26T18:57:45.531,"Any[26, 31, 36, 44, 54]",26,54
2941,2026-01-31T13:20:00.0,2026-02-02T18:57:45.531,"Any[26, 31, 36, 44, 54]",26,54
2951,2026-01-31T13:20:00.0,2026-02-02T18:57:45.531,"Any[26, 31, 36, 44, 54]",26,54
2954,2026-01-31T13:20:00.0,2026-02-02T18:57:45.531,"Any[26, 31, 36, 44, 54]",26,54
2955,2026-01-31T13:20:00.0,2026-01-19T18:57:45.531,"Any[26, 31, 36, 44, 54]",26,54
2959,2026-01-31T13:20:00.0,2026-01-26T18:57:45.531,"Any[26, 31, 36, 44, 54]",26,54
2963,2026-01-31T13:20:00.0,2026-01-26T18:57:45.531,"Any[26, 31, 36, 44, 54]",26,54
2976,2026-01-31T13:20:00.0,2026-01-19T18:57:45.531,"Any[26, 31, 36, 44, 54]",26,54
3002,2026-01-31T13:20:00.0,2026-01-26T18:57:45.531,"Any[26, 31, 36, 44, 54]",26,54
3006,2026-01-31T13:20:00.0,2026-01-19T18:57:45.531,"Any[26, 31, 36, 44, 54]",26,54
3011,2026-01-31T13:20:00.0,2026-01-19T18:57:45.531,"Any[26, 31, 36, 44, 54]",26,54
3014,2026-01-31T13:20:00.0,2026-01-26T18:57:45.531,"Any[26, 31, 36, 44, 54]",26,54
3018,2026-01-31T13:20:00.0,2026-01-19T18:57:45.531,"Any[26, 31, 36, 44, 54]",26,54
3038,2026-01-31T13:20:00.0,2026-01-19T18:57:45.531,"Any[26, 31, 36, 44, 54]",26,54
3046,2026-01-31T13:20:00.0,2026-02-02T18:57:45.531,"Any[26, 31, 36, 44, 54]",26,54
3056,2026-01-31T13:20:00.0,2026-01-19T18:57:45.531,"Any[26, 31, 36, 44, 54]",26,54
3057,2026-01-31T13:20:00.0,2026-01-12T18:57:45.531,"Any[26, 31, 36, 44, 54]",26,54
3058,2026-01-31T13:20:00.0,2026-01-12T18:57:45.531,"Any[26, 31, 36, 44, 54]",26,54
3059,2026-01-31T13:20:00.0,2026-01-26T18:57:45.531,"Any[26, 31, 36, 44, 54]",26,54
3060,2026-01-31T13:20:00.0,2026-02-02T18:57:45.531,"Any[26, 31, 36, 44, 54]",26,54
3062,2026-01-31T13:20:00.0,2026-01-12T18:57:45.531,"Any[26, 31, 36, 44, 54]",26,54
3074,2026-01-31T13:20:00.0,2026-01-26T18:57:45.531,"Any[26, 31, 36, 44, 54]",26,54
3079,2026-01-31T13:20:00.0,2026-01-26T18:57:45.531,"Any[26, 31, 36, 44, 54]",26,54
3081,2026-01-31T13:20:00.0,2026-01-26T18:57:45.531,"Any[26, 31, 36, 44, 54]",26,54
3084,2026-01-31T13:20:00.0,2026-01-12T18:57:45.531,"Any[26, 31, 36, 44, 54]",26,54
3090,2026-01-31T13:20:00.0,2026-02-02T18:57:45.531,"Any[26, 31, 36, 44, 54]",26,54
3094,2026-01-31T13:20:00.0,2026-01-26T18:57:45.531,"Any[26, 31, 36, 44, 54]",26,54
3096,2026-01-31T13:20:00.0,2026-01-26T18:57:45.531,"Any[26, 31, 36, 44, 54]",26,54
3097,2026-01-31T13:20:00.0,2026-01-12T18:57:45.531,"Any[26, 31, 36, 44, 54]",26,54
3100,2026-01-31T13:20:00.0,2026-02-02T18:57:45.531,"Any[26, 31, 36, 44, 54]",26,54
3108,2026-01-31T13:20:00.0,2026-01-12T18:57:45.531,"Any[26, 31, 36, 44, 54]",26,54
3109,2026-01-31T13:20:00.0,2026-02-02T18:57:45.531,"Any[26, 31, 36, 44, 54]",26,54
3113,2026-01-31T13:20:00.0,2026-01-26T18:57:45.531,"Any[26, 31, 36, 44, 54]",26,54
3115,2026-01-31T13:20:00.0,2026-01-19T18:57:45.531,"Any[26, 31, 36, 44, 54]",26,54
3128,2026-01-31T13:20:00.0,2026-01-26T18:57:45.531,"Any[26, 31, 36, 44, 54]",26,54
3135,2026-01-31T13:20:00.0,2026-01-12T18:57:45.531,"Any[26, 31, 36, 44, 54]",26,54
3136,2026-01-31T13:20:00.0,2026-01-19T18:57:45.531,"Any[26, 31, 36, 44, 54]",26,54
3142,2026-01-31T13:20:00.0,2026-01-12T18:57:45.531,"Any[26, 31, 36, 44, 54]",26,54
3144,2026-01-31T13:20:00.0,2026-02-02T18:57:45.531,"Any[26, 31, 36, 44, 54]",26,54
3146,2026-01-31T13:20:00.0,2026-01-19T18:57:45.531,"Any[26, 27, 31, 36, 44, 54]",26,54
3148,2026-01-31T13:20:00.0,2026-02-02T18:57:45.531,"Any[26, 31, 36, 44, 54]",26,54
3160,2026-01-31T13:20:00.0,2026-01-12T18:57:45.531,"Any[26, 31, 36, 44, 54]",26,54
3161,2026-01-31T13:20:00.0,2026-01-12T18:57:45.531,"Any[26, 31, 36, 44, 54]",26,54
3164,2026-01-31T13:20:00.0,2026-01-26T18:57:45.531,"Any[26, 31, 36, 44, 54]",26,54
3172,2026-01-31T13:20:00.0,2026-01-26T18:57:45.531,"Any[26, 31, 36, 44, 54]",26,54
3174,2026-01-31T13:20:00.0,2026-01-19T18:57:45.531,"Any[26, 31, 36, 44, 54]",26,54
3184,2026-01-31T13:20:00.0,2026-01-19T18:57:45.531,"Any[7, 8, 13, 19, 25, 30, 37, 45, 56]",7,56
3186,2026-01-31T13:20:00.0,2026-01-26T18:57:45.531,"Any[7, 8, 13, 19, 25, 30, 37, 45, 56]",7,56
3187,2026-01-31T13:20:00.0,2026-01-12T18:57:45.531,"Any[7, 8, 13, 19, 25, 30, 37, 45, 56]",7,56
3190,2026-01-31T13:20:00.0,2026-01-19T18:57:45.531,"Any[7, 8, 13, 19, 25, 30, 37, 45, 56]",7,56
3196,2026-01-31T13:20:00.0,2026-02-02T18:57:45.531,"Any[9, 15, 26, 31, 36, 44, 54, 60]",9,60
3199,2026-01-31T13:20:00.0,2026-02-02T18:57:45.531,"Any[9, 15, 26, 31, 36, 44, 54, 60]",9,60
2387,2026-01-31T13:21:00.0,2026-01-26T18:58:45.531,Any[],47,22
2539,2026-01-31T13:21:00.0,2026-01-19T18:58:45.531,Any[],47,22
2309,2026-01-31T13:22:00.0,2026-02-02T18:59:45.531,Any[],54,26
2561,2026-01-31T13:22:00.0,2026-01-26T18:59:45.531,Any[],47,22
2013,2026-01-31T13:23:00.0,2026-01-12T19:00:45.531,Any[],54,26
2246,2026-01-31T13:24:00.0,2026-01-12T19:01:45.531,Any[],54,26
2554,2026-01-31T13:24:00.0,2026-01-26T19:01:45.531,Any[],47,22
2356,2026-01-31T13:26:00.0,2026-01-12T19:03:45.531,Any[],47,22
2646,2026-01-31T13:26:00.0,2026-02-02T19:03:45.531,Any[],47,22
2044,2026-01-31T13:27:00.0,2026-02-02T19:04:45.531,Any[],54,26
2703,2026-01-31T13:27:00.0,2026-01-26T19:04:45.531,Any[],47,22
2134,2026-01-31T13:28:00.0,2026-02-02T19:05:45.531,Any[],54,26
2279,2026-01-31T13:28:00.0,2026-01-19T19:05:45.531,Any[],54,26
2414,2026-01-31T13:28:00.0,2026-01-19T19:05:45.531,Any[],47,22
2502,2026-01-31T13:28:00.0,2026-01-19T19:05:45.531,Any[],47,22
2002,2026-01-31T13:29:00.0,2026-01-12T19:06:45.531,Any[],54,26
2606,2026-01-31T13:29:00.0,2026-02-02T19:06:45.531,Any[],47,22
2255,2026-01-31T13:30:00.0,2026-01-19T19:07:45.531,Any[],54,26
2412,2026-01-31T13:30:00.0,2026-02-02T19:07:45.531,Any[],47,22
2427,2026-01-31T13:30:00.0,2026-01-12T19:07:45.531,Any[],47,22
2560,2026-01-31T13:31:00.0,2026-01-19T19:08:45.531,Any[],47,22
2700,2026-01-31T13:31:00.0,2026-01-19T19:08:45.531,Any[],47,22
2094,2026-01-31T13:32:00.0,2026-01-19T19:09:45.531,Any[],54,26
1939,2026-01-31T13:33:00.0,2026-01-12T19:10:45.531,Any[],54,26
1965,2026-01-31T13:33:00.0,2026-02-02T19:10:45.531,Any[],54,26
2334,2026-01-31T13:34:00.0,2026-01-26T19:11:45.531,Any[],47,22
2489,2026-01-31T13:34:00.0,2026-01-26T19:11:45.531,Any[],47,22
2393,2026-01-31T13:35:00.0,2026-01-12T19:12:45.531,Any[],47,22
2512,2026-01-31T13:35:00.0,2026-01-12T19:12:45.531,Any[],47,22
2019,2026-01-31T13:36:00.0,2026-01-19T19:13:45.531,Any[],54,26
2030,2026-01-31T13:36:00.0,2026-01-26T19:13:45.531,Any[],54,26
2552,2026-01-31T13:36:00.0,2026-01-26T19:13:45.531,Any[],47,22
2373,2026-01-31T13:38:00.0,2026-01-26T19:15:45.531,Any[],47,22
1906,2026-01-31T13:39:00.0,2026-01-26T19:16:45.531,Any[],54,26
2003,2026-01-31T13:39:00.0,2026-01-19T19:16:45.531,Any[],54,26
2085,2026-01-31T13:40:00.0,2026-02-02T19:17:45.531,Any[],54,26
1979,2026-01-31T13:41:00.0,2026-02-02T19:18:45.531,Any[],54,26
2122,2026-01-31T13:41:00.0,2026-01-19T19:18:45.531,Any[],54,26
2358,2026-01-31T13:41:00.0,2026-01-26T19:18:45.531,Any[],47,22
2674,2026-01-31T13:42:00.0,2026-01-26T19:19:45.531,Any[],47,22
1891,2026-01-31T13:43:00.0,2026-01-12T19:20:45.531,Any[],54,26
2096,2026-01-31T13:43:00.0,2026-01-12T19:20:45.531,Any[],54,26
2167,2026-01-31T13:43:00.0,2026-01-26T19:20:45.531,Any[],54,26
2230,2026-01-31T13:43:00.0,2026-01-19T19:20:45.531,Any[],54,26
2632,2026-01-31T13:43:00.0,2026-02-02T19:20:45.531,Any[],47,22
2676,2026-01-31T13:43:00.0,2026-01-19T19:20:45.531,Any[],47,22
2053,2026-01-31T13:44:00.0,2026-01-12T19:21:45.531,Any[],54,26
2270,2026-01-31T13:45:00.0,2026-02-02T19:22:45.531,Any[],54,26
2494,2026-01-31T13:45:00.0,2026-01-19T19:22:45.531,Any[],47,22
2690,2026-01-31T13:45:00.0,2026-01-26T19:22:45.531,Any[],47,22
2672,2026-01-31T13:46:00.0,2026-01-12T19:23:45.531,Any[],47,22
2410,2026-01-31T13:47:00.0,2026-01-12T19:24:45.531,Any[],47,22
2535,2026-01-31T13:47:00.0,2026-01-26T19:24:45.531,Any[],47,22
2004,2026-01-31T13:48:00.0,2026-01-26T19:25:45.531,Any[],54,26
2631,2026-01-31T13:48:00.0,2026-01-19T19:25:45.531,Any[],47,22
2638,2026-01-31T13:48:00.0,2026-01-12T19:25:45.531,Any[],47,22
1975,2026-01-31T13:49:00.0,2026-01-19T19:26:45.531,Any[],54,26
2227,2026-01-31T13:49:00.0,2026-01-19T19:26:45.531,Any[],54,26
1981,2026-01-31T13:50:00.0,2026-01-12T19:27:45.531,Any[],54,26
2510,2026-01-31T13:50:00.0,2026-02-02T19:27:45.531,Any[],47,22
2570,2026-01-31T13:50:00.0,2026-01-26T19:27:45.531,Any[],47,22
2660,2026-01-31T13:50:00.0,2026-01-12T19:27:45.531,Any[],47,22
1894,2026-01-31T13:52:00.0,2026-01-19T19:29:45.531,Any[],54,26
2306,2026-01-31T13:52:00.0,2026-01-19T19:29:45.531,Any[],54,26
2654,2026-01-31T13:52:00.0,2026-01-26T19:29:45.531,Any[],47,22
1877,2026-01-31T13:53:00.0,2026-02-02T19:30:45.531,Any[],54,26
2144,2026-01-31T13:56:00.0,2026-01-19T19:33:45.531,Any[],54,26
2601,2026-01-31T13:56:00.0,2026-01-12T19:33:45.531,Any[],47,22
2668,2026-01-31T13:56:00.0,2026-01-12T19:33:45.531,Any[],47,22
2015,2026-01-31T13:57:00.0,2026-01-19T19:34:45.531,Any[],54,26
2379,2026-01-31T13:57:00.0,2026-01-12T19:34:45.531,Any[],47,22
2677,2026-01-31T13:57:00.0,2026-01-26T19:34:45.531,Any[],47,22
2040,2026-01-31T13:58:00.0,2026-01-26T19:35:45.531,Any[],54,26
2292,2026-01-31T13:59:00.0,2026-01-12T19:36:45.531,Any[],54,26
2477,2026-01-31T13:59:00.0,2026-02-02T19:36:45.531,Any[],47,22
