id,departure_timestamp,arrival_timestamp,ps_seq,Origin_PS,Destination_PS
2939,2026-01-07T07:01:00.0,2026-01-30T12:38:45.531,Any[],12,54
35,2026-01-07T07:06:40.0,2026-01-09T12:44:25.531,"Any[56, 45, 37, 30, 25, 19, 10]",56,10
36,2026-01-07T07:06:40.0,2026-01-16T12:44:25.531,"Any[26, 31, 36, 44, 54]",26,54
40,2026-01-07T07:06:40.0,2026-01-30T12:44:25.531,"Any[56, 45, 37, 30, 25, 19, 10]",56,10
67,2026-01-07T07:06:40.0,2026-01-09T12:44:25.531,"Any[53, 45, 37, 30, 25, 19, 11, 10, 11, 6, 1]",53,1
79,2026-01-07T07:06:40.0,2026-01-16T12:44:25.531,"Any[53, 45, 37, 30, 25, 19, 10]",53,10
94,2026-01-07T07:06:40.0,2026-01-30T12:44:25.531,"Any[26, 31, 36, 44, 54]",26,54
104,2026-01-07T07:06:40.0,2026-01-16T12:44:25.531,"Any[10, 19, 25, 30, 37, 45, 53]",10,53
130,2026-01-07T07:06:40.0,2026-01-30T12:44:25.531,"Any[53, 45, 37, 30, 25, 19, 11, 6, 1]",53,1
166,2026-01-07T07:06:40.0,2026-01-16T12:44:25.531,"Any[56, 45, 37, 30, 25, 19, 10]",56,10
173,2026-01-07T07:06:40.0,2026-01-23T12:44:25.531,"Any[26, 31, 36, 44, 54]",26,54
195,2026-01-07T07:06:40.0,2026-01-16T12:44:25.531,"Any[56, 45, 37, 30, 25, 19, 10]",56,10
267,2026-01-07T07:06:40.0,2026-01-30T12:44:25.531,"Any[53, 45, 37, 30, 25, 19, 10]",53,10
270,2026-01-07T07:06:40.0,2026-01-23T12:44:25.531,"Any[56, 45, 37, 30, 25, 19, 10]",56,10
271,2026-01-07T07:06:40.0,2026-01-30T12:44:25.531,"Any[45, 37, 30, 25, 19, 10]",45,10
273,2026-01-07T07:06:40.0,2026-01-16T12:44:25.531,"Any[53, 45, 37, 30, 25, 19, 10]",53,10
275,2026-01-07T07:06:40.0,2026-01-16T12:44:25.531,"Any[53, 45, 37, 30, 25, 19, 10]",53,10
296,2026-01-07T07:06:40.0,2026-01-09T12:44:25.531,"Any[26, 31, 36, 44, 54]",26,54
354,2026-01-07T07:06:40.0,2026-01-09T12:44:25.531,"Any[53, 45, 37, 30, 25, 19, 10]",53,10
358,2026-01-07T07:06:40.0,2026-01-09T12:44:25.531,"Any[26, 31, 36, 44, 54]",26,54
374,2026-01-07T07:06:40.0,2026-01-09T12:44:25.531,"Any[53, 45, 37, 30, 25, 19, 10]",53,10
390,2026-01-07T07:06:40.0,2026-01-09T12:44:25.531,"Any[56, 45, 37, 30, 25, 19, 10]",56,10
420,2026-01-07T07:06:40.0,2026-01-16T12:44:25.531,"Any[53, 45, 37, 30, 25, 19, 10]",53,10
426,2026-01-07T07:06:40.0,2026-01-23T12:44:25.531,"Any[53, 45, 37, 30, 25, 19, 11, 6, 1]",53,1
431,2026-01-07T07:06:40.0,2026-01-16T12:44:25.531,"Any[26, 31, 36, 44, 54]",26,54
436,2026-01-07T07:06:40.0,2026-01-23T12:44:25.531,"Any[56, 45, 37, 30, 25, 19, 10]",56,10
479,2026-01-07T07:06:40.0,2026-01-16T12:44:25.531,"Any[53, 45, 37, 30, 25, 19, 10]",53,10
492,2026-01-07T07:06:40.0,2026-01-23T12:44:25.531,"Any[56, 45, 37, 30, 25, 19, 10]",56,10
499,2026-01-07T07:06:40.0,2026-01-30T12:44:25.531,"Any[26, 31, 36, 44, 54]",26,54
501,2026-01-07T07:06:40.0,2026-01-30T12:44:25.531,"Any[53, 45, 37, 30, 25, 19, 10]",53,10
510,2026-01-07T07:06:40.0,2026-01-16T12:44:25.531,"Any[10, 19, 25, 30, 37, 45, 53]",10,53
520,2026-01-07T07:06:40.0,2026-01-16T12:44:25.531,"Any[53, 45, 37, 30, 25, 19, 11, 6, 3, 1]",53,1
581,2026-01-07T07:06:40.0,2026-01-16T12:44:25.531,"Any[53, 45, 37, 30, 25, 19, 10]",53,10
600,2026-01-07T07:06:40.0,2026-01-30T12:44:25.531,"Any[53, 45, 37, 30, 25, 19, 10]",53,10
675,2026-01-07T07:06:40.0,2026-01-09T12:44:25.531,"Any[53, 45, 37, 30, 25, 19, 10]",53,10
725,2026-01-07T07:06:40.0,2026-01-30T12:44:25.531,"Any[56, 45, 37, 30, 25, 19, 10]",56,10
734,2026-01-07T07:06:40.0,2026-01-30T12:44:25.531,"Any[10, 19, 25, 30, 37, 45, 53]",10,53
737,2026-01-07T07:06:40.0,2026-01-30T12:44:25.531,"Any[7, 8, 13, 19, 25, 30, 37, 45, 53]",7,53
752,2026-01-07T07:06:40.0,2026-01-16T12:44:25.531,"Any[56, 45, 37, 30, 25, 19, 10]",56,10
787,2026-01-07T07:06:40.0,2026-01-16T12:44:25.531,"Any[1, 6, 11, 19, 23, 36, 44, 54, 60]",1,60
808,2026-01-07T07:06:40.0,2026-01-23T12:44:25.531,"Any[53, 45, 37, 30, 25, 19, 10]",53,10
809,2026-01-07T07:06:40.0,2026-01-30T12:44:25.531,"Any[56, 45, 37, 30, 25, 19, 10]",56,10
812,2026-01-07T07:06:40.0,2026-01-30T12:44:25.531,"Any[53, 45, 37, 30, 25, 19, 10]",53,10
827,2026-01-07T07:06:40.0,2026-01-23T12:44:25.531,"Any[26, 31, 36, 44, 54]",26,54
833,2026-01-07T07:06:40.0,2026-01-09T12:44:25.531,"Any[45, 37, 30, 25, 19, 10]",45,10
857,2026-01-07T07:06:40.0,2026-01-30T12:44:25.531,"Any[53, 45, 37, 30, 25, 19, 10]",53,10
861,2026-01-07T07:06:40.0,2026-01-09T12:44:25.531,"Any[53, 45, 37, 30, 25, 19, 10]",53,10
862,2026-01-07T07:06:40.0,2026-01-16T12:44:25.531,"Any[53, 45, 37, 30, 25, 19, 10]",53,10
876,2026-01-07T07:06:40.0,2026-01-16T12:44:25.531,"Any[1, 6, 11, 19, 23, 36, 44, 54, 60]",1,60
921,2026-01-07T07:06:40.0,2026-01-30T12:44:25.531,"Any[7, 8, 13, 19, 25, 30, 37, 45, 53]",7,53
947,2026-01-07T07:06:40.0,2026-01-30T12:44:25.531,"Any[53, 45, 37, 30, 25, 19, 10]",53,10
1027,2026-01-07T07:06:40.0,2026-01-30T12:44:25.531,"Any[56, 45, 37, 30, 25, 19, 10]",56,10
1063,2026-01-07T07:06:40.0,2026-01-23T12:44:25.531,"Any[10, 19, 25, 30, 37, 45, 53]",10,53
1071,2026-01-07T07:06:40.0,2026-01-23T12:44:25.531,"Any[53, 45, 37, 30, 25, 19, 10]",53,10
1142,2026-01-07T07:06:40.0,2026-01-16T12:44:25.531,"Any[53, 45, 37, 30, 25, 19, 10]",53,10
1145,2026-01-07T07:06:40.0,2026-01-23T12:44:25.531,"Any[10, 19, 25, 30, 37, 45, 53]",10,53
1172,2026-01-07T07:06:40.0,2026-01-23T12:44:25.531,"Any[53, 45, 37, 30, 25, 19, 10]",53,10
1182,2026-01-07T07:06:40.0,2026-01-30T12:44:25.531,"Any[53, 45, 37, 30, 25, 19, 10]",53,10
1202,2026-01-07T07:06:40.0,2026-01-16T12:44:25.531,"Any[10, 19, 25, 30, 37, 45, 53]",10,53
1211,2026-01-07T07:06:40.0,2026-01-16T12:44:25.531,"Any[18, 26, 31, 36, 44, 54]",18,54
1230,2026-01-07T07:06:40.0,2026-01-30T12:44:25.531,"Any[26, 31, 36, 44, 54]",26,54
1234,2026-01-07T07:06:40.0,2026-01-30T12:44:25.531,"Any[53, 45, 37, 30, 25, 19, 10]",53,10
1242,2026-01-07T07:06:40.0,2026-01-09T12:44:25.531,"Any[1, 6, 11, 19, 30, 37, 45, 56]",1,56
1244,2026-01-07T07:06:40.0,2026-01-09T12:44:25.531,"Any[10, 19, 25, 30, 37, 45, 53]",10,53
1289,2026-01-07T07:06:40.0,2026-01-30T12:44:25.531,"Any[1, 6, 11, 19, 23, 36, 44, 54, 60]",1,60
1317,2026-01-07T07:06:40.0,2026-01-16T12:44:25.531,"Any[53, 45, 37, 30, 25, 19, 10]",53,10
1324,2026-01-07T07:06:40.0,2026-01-16T12:44:25.531,"Any[53, 45, 37, 30, 25, 19, 10]",53,10
1330,2026-01-07T07:06:40.0,2026-01-23T12:44:25.531,"Any[53, 45, 37, 30, 25, 19, 10]",53,10
1356,2026-01-07T07:06:40.0,2026-01-30T12:44:25.531,"Any[45, 37, 30, 25, 19, 10]",45,10
1358,2026-01-07T07:06:40.0,2026-01-23T12:44:25.531,"Any[10, 19, 25, 30, 37, 45, 53]",10,53
1383,2026-01-07T07:06:40.0,2026-01-30T12:44:25.531,"Any[53, 45, 37, 30, 25, 19, 10]",53,10
1394,2026-01-07T07:06:40.0,2026-01-16T12:44:25.531,"Any[53, 45, 37, 30, 25, 19, 11, 6, 1]",53,1
1397,2026-01-07T07:06:40.0,2026-01-16T12:44:25.531,"Any[53, 45, 37, 30, 25, 19, 11, 6, 3, 1]",53,1
1412,2026-01-07T07:06:40.0,2026-01-16T12:44:25.531,"Any[7, 8, 13, 19, 25, 30, 37, 45, 53]",7,53
1417,2026-01-07T07:06:40.0,2026-01-16T12:44:25.531,"Any[10, 19, 25, 30, 37, 45, 53]",10,53
1420,2026-01-07T07:06:40.0,2026-01-30T12:44:25.531,"Any[53, 45, 37, 30, 25, 19, 10]",53,10
1427,2026-01-07T07:06:40.0,2026-01-30T12:44:25.531,"Any[53, 45, 37, 30, 25, 19, 11, 6, 3, 1]",53,1
1429,2026-01-07T07:06:40.0,2026-01-16T12:44:25.531,"Any[53, 45, 37, 30, 25, 19, 10]",53,10
1430,2026-01-07T07:06:40.0,2026-01-30T12:44:25.531,"Any[26, 31, 36, 44, 54]",26,54
1462,2026-01-07T07:06:40.0,2026-01-30T12:44:25.531,"Any[1, 6, 11, 19, 23, 36, 44, 54, 60]",1,60
1499,2026-01-07T07:06:40.0,2026-01-23T12:44:25.531,"Any[53, 45, 37, 30, 25, 19, 11, 6, 1]",53,1
1506,2026-01-07T07:06:40.0,2026-01-16T12:44:25.531,"Any[56, 45, 37, 30, 25, 19, 10]",56,10
1546,2026-01-07T07:06:40.0,2026-01-23T12:44:25.531,"Any[53, 45, 37, 30, 25, 19, 10]",53,10
1551,2026-01-07T07:06:40.0,2026-01-16T12:44:25.531,"Any[10, 19, 25, 30, 37, 45, 53]",10,53
1589,2026-01-07T07:06:40.0,2026-01-09T12:44:25.531,"Any[53, 45, 37, 30, 25, 19, 10]",53,10
1602,2026-01-07T07:06:40.0,2026-01-23T12:44:25.531,"Any[10, 19, 25, 30, 37, 45, 53]",10,53
1604,2026-01-07T07:06:40.0,2026-01-30T12:44:25.531,"Any[53, 45, 37, 30, 25, 19, 10]",53,10
1650,2026-01-07T07:06:40.0,2026-01-16T12:44:25.531,"Any[10, 19, 25, 30, 37, 45, 53]",10,53
1656,2026-01-07T07:06:40.0,2026-01-09T12:44:25.531,"Any[53, 45, 37, 30, 25, 19, 10]",53,10
1672,2026-01-07T07:06:40.0,2026-01-23T12:44:25.531,"Any[10, 19, 25, 30, 37, 45, 53]",10,53
1709,2026-01-07T07:06:40.0,2026-01-09T12:44:25.531,"Any[53, 45, 37, 30, 25, 19, 10]",53,10
1742,2026-01-07T07:06:40.0,2026-01-23T12:44:25.531,"Any[53, 45, 37, 30, 25, 19, 10]",53,10
1745,2026-01-07T07:06:40.0,2026-01-23T12:44:25.531,"Any[56, 45, 37, 30, 25, 19, 10]",56,10
2402,2026-01-07T07:06:40.0,2026-01-16T12:44:25.531,"Any[56, 45, 37, 30, 25, 19, 10]",56,10
2406,2026-01-07T07:06:40.0,2026-01-16T12:44:25.531,"Any[56, 45, 37, 30, 25, 19, 10]",56,10
2407,2026-01-07T07:06:40.0,2026-01-23T12:44:25.531,"Any[56, 45, 37, 30, 25, 19, 10]",56,10
2411,2026-01-07T07:06:40.0,2026-01-09T12:44:25.531,"Any[56, 45, 37, 30, 25, 19, 10]",56,10
2412,2026-01-07T07:06:40.0,2026-01-30T12:44:25.531,"Any[56, 45, 37, 30, 25, 19, 10]",56,10
2420,2026-01-07T07:06:40.0,2026-01-30T12:44:25.531,"Any[56, 45, 37, 30, 25, 19, 10]",56,10
2480,2026-01-07T07:06:40.0,2026-01-30T12:44:25.531,"Any[26, 31, 36, 44]",26,44
2518,2026-01-07T07:06:40.0,2026-01-16T12:44:25.531,"Any[26, 31, 36, 44]",26,44
2526,2026-01-07T07:06:40.0,2026-01-16T12:44:25.531,"Any[26, 31, 36, 44]",26,44
2540,2026-01-07T07:06:40.0,2026-01-23T12:44:25.531,"Any[26, 31, 36, 44]",26,44
2560,2026-01-07T07:06:40.0,2026-01-23T12:44:25.531,"Any[26, 31, 36, 44]",26,44
2561,2026-01-07T07:06:40.0,2026-01-16T12:44:25.531,"Any[26, 31, 36, 44]",26,44
2592,2026-01-07T07:06:40.0,2026-01-16T12:44:25.531,"Any[26, 31, 36, 44]",26,44
2596,2026-01-07T07:06:40.0,2026-01-30T12:44:25.531,"Any[26, 31, 36, 44]",26,44
2848,2026-01-07T07:11:00.0,2026-01-30T12:48:45.531,Any[],12,54
2861,2026-01-07T07:14:00.0,2026-01-09T12:51:45.531,Any[],12,54
2202,2026-01-07T07:21:00.0,2026-01-30T12:58:45.531,Any[],54,12
2754,2026-01-07T07:27:00.0,2026-01-09T13:04:45.531,Any[],12,54
2964,2026-01-07T07:28:00.0,2026-01-09T13:05:45.531,Any[],12,54
1839,2026-01-07T07:29:00.0,2026-01-16T13:06:45.531,Any[],60,7
2785,2026-01-07T07:32:00.0,2026-01-16T13:09:45.531,Any[],12,54
1926,2026-01-07T07:33:00.0,2026-01-23T13:10:45.531,Any[],54,12
1933,2026-01-07T07:36:00.0,2026-01-16T13:13:45.531,Any[],54,12
1787,2026-01-07T07:43:00.0,2026-01-30T13:20:45.531,Any[],60,7
2220,2026-01-07T07:47:00.0,2026-01-30T13:24:45.531,Any[],54,12
2722,2026-01-07T07:48:00.0,2026-01-09T13:25:45.531,Any[],12,54
1944,2026-01-07T07:50:00.0,2026-01-16T13:27:45.531,Any[],54,12
2331,2026-01-07T07:55:00.0,2026-01-09T13:32:45.531,Any[],54,12
1816,2026-01-07T13:04:00.0,2026-01-23T18:41:45.531,Any[],60,7
2157,2026-01-07T13:04:00.0,2026-01-16T18:41:45.531,Any[],54,12
2664,2026-01-07T13:04:00.0,2026-01-16T18:41:45.531,Any[],12,54
2882,2026-01-07T13:04:00.0,2026-01-30T18:41:45.531,Any[],12,54
2148,2026-01-07T13:06:00.0,2026-01-09T18:43:45.531,Any[],54,12
2760,2026-01-07T13:09:00.0,2026-01-09T18:46:45.531,Any[],12,54
2800,2026-01-07T13:11:00.0,2026-01-16T18:48:45.531,Any[],12,54
3016,2026-01-07T13:12:00.0,2026-01-30T18:49:45.531,Any[],12,54
2963,2026-01-07T13:13:00.0,2026-01-30T18:50:45.531,Any[],12,54
2186,2026-01-07T13:14:00.0,2026-01-09T18:51:45.531,Any[],54,12
2168,2026-01-07T13:15:00.0,2026-01-30T18:52:45.531,Any[],54,12
1792,2026-01-07T13:16:00.0,2026-01-30T18:53:45.531,Any[],60,7
2097,2026-01-07T13:16:00.0,2026-01-16T18:53:45.531,Any[],54,12
2119,2026-01-07T13:16:00.0,2026-01-23T18:53:45.531,Any[],54,12
2872,2026-01-07T13:16:00.0,2026-01-09T18:53:45.531,Any[],12,54
2245,2026-01-07T13:17:00.0,2026-01-16T18:54:45.531,Any[],54,12
2677,2026-01-07T13:18:00.0,2026-01-09T18:55:45.531,Any[],12,54
2269,2026-01-07T13:23:00.0,2026-01-30T19:00:45.531,Any[],54,12
2314,2026-01-07T13:24:00.0,2026-01-09T19:01:45.531,Any[],54,12
3113,2026-01-07T13:24:00.0,2026-01-30T19:01:45.531,Any[],12,54
2162,2026-01-07T13:25:00.0,2026-01-30T19:02:45.531,Any[],54,12
1773,2026-01-07T13:26:00.0,2026-01-30T19:03:45.531,Any[],60,7
3084,2026-01-07T13:27:00.0,2026-01-09T19:04:45.531,Any[],12,54
2355,2026-01-07T13:28:00.0,2026-01-16T19:05:45.531,Any[],54,12
1848,2026-01-07T13:29:00.0,2026-01-23T19:06:45.531,Any[],60,7
1989,2026-01-07T13:35:00.0,2026-01-30T19:12:45.531,Any[],54,12
2975,2026-01-07T13:35:00.0,2026-01-09T19:12:45.531,Any[],12,54
1861,2026-01-07T13:37:00.0,2026-01-16T19:14:45.531,Any[],54,12
2921,2026-01-07T13:38:00.0,2026-01-30T19:15:45.531,Any[],12,54
3143,2026-01-07T13:38:00.0,2026-01-30T19:15:45.531,Any[],12,54
2311,2026-01-07T13:40:00.0,2026-01-09T19:17:45.531,Any[],54,12
2993,2026-01-07T13:41:00.0,2026-01-16T19:18:45.531,Any[],12,54
2261,2026-01-07T13:43:00.0,2026-01-16T19:20:45.531,Any[],54,12
1790,2026-01-07T13:48:00.0,2026-01-09T19:25:45.531,Any[],60,7
2023,2026-01-07T13:50:00.0,2026-01-09T19:27:45.531,Any[],54,12
2204,2026-01-07T13:52:00.0,2026-01-23T19:29:45.531,Any[],54,12
2058,2026-01-07T13:53:00.0,2026-01-23T19:30:45.531,Any[],54,12
1905,2026-01-07T13:57:00.0,2026-01-16T19:34:45.531,Any[],54,12
3128,2026-01-07T13:58:00.0,2026-01-09T19:35:45.531,Any[],12,54
2164,2026-01-07T13:59:00.0,2026-01-23T19:36:45.531,Any[],54,12
3198,2026-01-07T13:59:00.0,2026-01-23T19:36:45.531,Any[],12,54
2131,2026-01-10T07:00:00.0,2026-01-12T12:37:45.531,Any[],54,12
2982,2026-01-10T07:00:00.0,2026-01-26T12:37:45.531,Any[],12,54
3191,2026-01-10T07:02:00.0,2026-01-12T12:39:45.531,Any[],12,54
2197,2026-01-10T07:03:00.0,2026-02-02T12:40:45.531,Any[],54,12
2970,2026-01-10T07:07:00.0,2026-02-02T12:44:45.531,Any[],12,54
2011,2026-01-10T07:08:00.0,2026-01-26T12:45:45.531,Any[],54,12
2732,2026-01-10T07:08:00.0,2026-01-12T12:45:45.531,Any[],12,54
2241,2026-01-10T07:14:00.0,2026-02-02T12:51:45.531,Any[],54,12
1788,2026-01-10T07:15:00.0,2026-01-12T12:52:45.531,Any[],60,7
2025,2026-01-10T07:17:00.0,2026-01-26T12:54:45.531,Any[],54,12
2801,2026-01-10T07:17:00.0,2026-02-02T12:54:45.531,Any[],12,54
2808,2026-01-10T07:18:00.0,2026-01-19T12:55:45.531,Any[],12,54
2227,2026-01-10T07:20:00.0,2026-01-12T12:57:45.531,Any[],54,12
2762,2026-01-10T07:20:00.0,2026-02-02T12:57:45.531,Any[],12,54
2231,2026-01-10T07:21:00.0,2026-01-12T12:58:45.531,Any[],54,12
1940,2026-01-10T07:25:00.0,2026-01-12T13:02:45.531,Any[],54,12
2667,2026-01-10T07:25:00.0,2026-01-12T13:02:45.531,Any[],12,54
2773,2026-01-10T07:25:00.0,2026-01-12T13:02:45.531,Any[],12,54
2653,2026-01-10T07:29:00.0,2026-01-26T13:06:45.531,Any[],12,54
1996,2026-01-10T07:30:00.0,2026-01-26T13:07:45.531,Any[],54,12
2779,2026-01-10T07:30:00.0,2026-01-12T13:07:45.531,Any[],12,54
3170,2026-01-10T07:30:00.0,2026-01-26T13:07:45.531,Any[],12,54
1951,2026-01-10T07:31:00.0,2026-01-12T13:08:45.531,Any[],54,12
2750,2026-01-10T07:32:00.0,2026-01-26T13:09:45.531,Any[],12,54
2192,2026-01-10T07:36:00.0,2026-01-26T13:13:45.531,Any[],54,12
2724,2026-01-10T07:36:00.0,2026-01-26T13:13:45.531,Any[],12,54
2780,2026-01-10T07:36:00.0,2026-02-02T13:13:45.531,Any[],12,54
2875,2026-01-10T07:36:00.0,2026-01-12T13:13:45.531,Any[],12,54
2961,2026-01-10T07:36:00.0,2026-02-02T13:13:45.531,Any[],12,54
2289,2026-01-10T07:38:00.0,2026-01-12T13:15:45.531,Any[],54,12
2670,2026-01-10T07:38:00.0,2026-01-12T13:15:45.531,Any[],12,54
2713,2026-01-10T07:38:00.0,2026-02-02T13:15:45.531,Any[],12,54
2925,2026-01-10T07:38:00.0,2026-01-26T13:15:45.531,Any[],12,54
1914,2026-01-10T07:39:00.0,2026-02-02T13:16:45.531,Any[],54,12
3041,2026-01-10T07:39:00.0,2026-01-19T13:16:45.531,Any[],12,54
2224,2026-01-10T07:40:00.0,2026-01-19T13:17:45.531,Any[],54,12
2077,2026-01-10T07:41:00.0,2026-01-19T13:18:45.531,Any[],54,12
3059,2026-01-10T07:42:00.0,2026-01-26T13:19:45.531,Any[],12,54
3092,2026-01-10T07:43:00.0,2026-01-26T13:20:45.531,Any[],12,54
2652,2026-01-10T07:46:00.0,2026-01-12T13:23:45.531,Any[],12,54
1850,2026-01-10T07:52:00.0,2026-01-19T13:29:45.531,Any[],54,12
2161,2026-01-10T07:52:00.0,2026-01-12T13:29:45.531,Any[],54,12
2007,2026-01-10T07:53:00.0,2026-01-19T13:30:45.531,Any[],54,12
2858,2026-01-10T07:53:00.0,2026-02-02T13:30:45.531,Any[],12,54
3030,2026-01-10T07:53:00.0,2026-02-02T13:30:45.531,Any[],12,54
2014,2026-01-10T07:57:00.0,2026-01-12T13:34:45.531,Any[],54,12
2128,2026-01-10T07:58:00.0,2026-01-19T13:35:45.531,Any[],54,12
2836,2026-01-10T07:58:00.0,2026-02-02T13:35:45.531,Any[],12,54
1856,2026-01-10T07:59:00.0,2026-02-02T13:36:45.531,Any[],54,12
2232,2026-01-10T07:59:00.0,2026-02-02T13:36:45.531,Any[],54,12
2376,2026-01-10T07:59:00.0,2026-01-19T13:36:45.531,Any[],54,12
2874,2026-01-10T13:00:00.0,2026-02-02T18:37:45.531,Any[],12,54
2983,2026-01-10T13:00:00.0,2026-01-26T18:37:45.531,Any[],12,54
2826,2026-01-10T13:01:00.0,2026-01-19T18:38:45.531,Any[],12,54
2923,2026-01-10T13:01:00.0,2026-01-26T18:38:45.531,Any[],12,54
3131,2026-01-10T13:01:00.0,2026-02-02T18:38:45.531,Any[],12,54
1939,2026-01-10T13:03:00.0,2026-02-02T18:40:45.531,Any[],54,12
2046,2026-01-10T13:03:00.0,2026-01-26T18:40:45.531,Any[],54,12
2141,2026-01-10T13:03:00.0,2026-01-26T18:40:45.531,Any[],54,12
2287,2026-01-10T13:03:00.0,2026-01-26T18:40:45.531,Any[],54,12
2775,2026-01-10T13:03:00.0,2026-01-26T18:40:45.531,Any[],12,54
2782,2026-01-10T13:03:00.0,2026-02-02T18:40:45.531,Any[],12,54
3098,2026-01-10T13:04:00.0,2026-01-19T18:41:45.531,Any[],12,54
1986,2026-01-10T13:05:00.0,2026-01-19T18:42:45.531,Any[],54,12
2063,2026-01-10T13:05:00.0,2026-02-02T18:42:45.531,Any[],54,12
2116,2026-01-10T13:05:00.0,2026-02-02T18:42:45.531,Any[],54,12
2158,2026-01-10T13:05:00.0,2026-01-19T18:42:45.531,Any[],54,12
2182,2026-01-10T13:05:00.0,2026-01-12T18:42:45.531,Any[],54,12
2258,2026-01-10T13:05:00.0,2026-01-19T18:42:45.531,Any[],54,12
2830,2026-01-10T13:05:00.0,2026-02-02T18:42:45.531,Any[],12,54
2149,2026-01-10T13:06:00.0,2026-01-19T18:43:45.531,Any[],54,12
2296,2026-01-10T13:06:00.0,2026-01-12T18:43:45.531,Any[],54,12
2691,2026-01-10T13:06:00.0,2026-01-19T18:43:45.531,Any[],12,54
2731,2026-01-10T13:06:00.0,2026-01-12T18:43:45.531,Any[],12,54
2743,2026-01-10T13:07:00.0,2026-02-02T18:44:45.531,Any[],12,54
2997,2026-01-10T13:07:00.0,2026-01-12T18:44:45.531,Any[],12,54
3011,2026-01-10T13:08:00.0,2026-02-02T18:45:45.531,Any[],12,54
2209,2026-01-10T13:10:00.0,2026-01-12T18:47:45.531,Any[],54,12
2675,2026-01-10T13:10:00.0,2026-01-19T18:47:45.531,Any[],12,54
2710,2026-01-10T13:10:00.0,2026-02-02T18:47:45.531,Any[],12,54
2791,2026-01-10T13:10:00.0,2026-01-26T18:47:45.531,Any[],12,54
3171,2026-01-10T13:10:00.0,2026-01-26T18:47:45.531,Any[],12,54
2933,2026-01-10T13:11:00.0,2026-01-26T18:48:45.531,Any[],12,54
2989,2026-01-10T13:11:00.0,2026-02-02T18:48:45.531,Any[],12,54
3190,2026-01-10T13:11:00.0,2026-01-12T18:48:45.531,Any[],12,54
1904,2026-01-10T13:12:00.0,2026-01-19T18:49:45.531,Any[],54,12
1974,2026-01-10T13:12:00.0,2026-01-26T18:49:45.531,Any[],54,12
1772,2026-01-10T13:14:00.0,2026-01-12T18:51:45.531,Any[],60,7
2663,2026-01-10T13:14:00.0,2026-01-12T18:51:45.531,Any[],12,54
2899,2026-01-10T13:14:00.0,2026-01-26T18:51:45.531,Any[],12,54
3028,2026-01-10T13:14:00.0,2026-01-26T18:51:45.531,Any[],12,54
3097,2026-01-10T13:14:00.0,2026-01-26T18:51:45.531,Any[],12,54
2021,2026-01-10T13:15:00.0,2026-01-26T18:52:45.531,Any[],54,12
2205,2026-01-10T13:15:00.0,2026-02-02T18:52:45.531,Any[],54,12
2860,2026-01-10T13:15:00.0,2026-01-26T18:52:45.531,Any[],12,54
1810,2026-01-10T13:16:00.0,2026-01-19T18:53:45.531,Any[],60,7
2391,2026-01-10T13:16:00.0,2026-01-19T18:53:45.531,Any[],54,12
1957,2026-01-10T13:17:00.0,2026-01-26T18:54:45.531,Any[],54,12
2015,2026-01-10T13:17:00.0,2026-01-19T18:54:45.531,Any[],54,12
3010,2026-01-10T13:17:00.0,2026-01-19T18:54:45.531,Any[],12,54
2286,2026-01-10T13:18:00.0,2026-01-12T18:55:45.531,Any[],54,12
3018,2026-01-10T13:19:00.0,2026-01-19T18:56:45.531,Any[],12,54
11,2026-01-10T13:20:00.0,2026-01-19T18:57:45.531,"Any[53, 45, 37, 30, 25, 19, 10]",53,10
12,2026-01-10T13:20:00.0,2026-01-19T18:57:45.531,"Any[53, 45, 37, 30, 25, 19, 11, 6, 1]",53,1
30,2026-01-10T13:20:00.0,2026-01-26T18:57:45.531,"Any[53, 45, 37, 30, 25, 19, 11, 6, 1]",53,1
41,2026-01-10T13:20:00.0,2026-02-02T18:57:45.531,"Any[53, 45, 37, 30, 25, 19, 11, 6, 1]",53,1
43,2026-01-10T13:20:00.0,2026-01-19T18:57:45.531,"Any[1, 6, 11, 19, 25, 30, 37, 45, 56]",1,56
49,2026-01-10T13:20:00.0,2026-02-02T18:57:45.531,"Any[26, 31, 36, 44, 54]",26,54
50,2026-01-10T13:20:00.0,2026-01-19T18:57:45.531,"Any[53, 45, 37, 30, 25, 19, 11, 6, 1]",53,1
53,2026-01-10T13:20:00.0,2026-01-26T18:57:45.531,"Any[53, 45, 37, 30, 25, 19, 11, 6, 1]",53,1
54,2026-01-10T13:20:00.0,2026-01-26T18:57:45.531,"Any[53, 45, 37, 30, 25, 19, 10]",53,10
65,2026-01-10T13:20:00.0,2026-01-26T18:57:45.531,"Any[26, 31, 36, 44]",26,44
72,2026-01-10T13:20:00.0,2026-01-26T18:57:45.531,"Any[18, 26, 31, 36]",18,36
78,2026-01-10T13:20:00.0,2026-01-19T18:57:45.531,"Any[53, 45, 37, 30, 25, 19, 10]",53,10
83,2026-01-10T13:20:00.0,2026-01-12T18:57:45.531,"Any[18, 26, 31, 36, 44, 54]",18,54
84,2026-01-10T13:20:00.0,2026-01-26T18:57:45.531,"Any[53, 45, 37, 30, 25, 19, 10]",53,10
89,2026-01-10T13:20:00.0,2026-01-26T18:57:45.531,"Any[26, 31, 36, 44, 54]",26,54
95,2026-01-10T13:20:00.0,2026-01-19T18:57:45.531,"Any[26, 31, 36, 44]",26,44
96,2026-01-10T13:20:00.0,2026-02-02T18:57:45.531,"Any[53, 45, 37, 30, 25, 19, 10]",53,10
97,2026-01-10T13:20:00.0,2026-01-19T18:57:45.531,"Any[26, 31, 36, 44, 54]",26,54
99,2026-01-10T13:20:00.0,2026-01-26T18:57:45.531,"Any[53, 45, 37, 30, 25, 19, 11, 6, 1]",53,1
100,2026-01-10T13:20:00.0,2026-01-19T18:57:45.531,"Any[26, 31, 36, 44]",26,44
106,2026-01-10T13:20:00.0,2026-02-02T18:57:45.531,"Any[53, 45, 37, 30, 25, 19, 11, 6, 1]",53,1
111,2026-01-10T13:20:00.0,2026-01-26T18:57:45.531,"Any[53, 45, 37, 30, 25, 19, 11, 6, 1]",53,1
116,2026-01-10T13:20:00.0,2026-01-26T18:57:45.531,"Any[53, 45, 37, 30, 25, 19, 11, 6, 1]",53,1
117,2026-01-10T13:20:00.0,2026-01-19T18:57:45.531,"Any[53, 45, 37, 30, 25, 19, 11, 6, 1]",53,1
133,2026-01-10T13:20:00.0,2026-02-02T18:57:45.531,"Any[10, 19, 25, 30, 37, 45, 53]",10,53
146,2026-01-10T13:20:00.0,2026-01-26T18:57:45.531,"Any[53, 45, 37, 30, 25, 19, 11, 6, 1]",53,1
149,2026-01-10T13:20:00.0,2026-01-19T18:57:45.531,"Any[53, 45, 37, 30, 25, 19, 10]",53,10
153,2026-01-10T13:20:00.0,2026-02-02T18:57:45.531,"Any[1, 6, 11, 19, 25, 30, 37, 45, 56]",1,56
155,2026-01-10T13:20:00.0,2026-01-19T18:57:45.531,"Any[26, 31, 36, 44, 54]",26,54
165,2026-01-10T13:20:00.0,2026-01-12T18:57:45.531,"Any[53, 45, 37, 30, 25, 19, 10]",53,10
170,2026-01-10T13:20:00.0,2026-01-12T18:57:45.531,"Any[26, 31, 36, 44, 54]",26,54
182,2026-01-10T13:20:00.0,2026-01-12T18:57:45.531,"Any[18, 26, 31, 36, 44, 54]",18,54
183,2026-01-10T13:20:00.0,2026-01-19T18:57:45.531,"Any[10, 19, 25, 30, 37, 45, 53]",10,53
186,2026-01-10T13:20:00.0,2026-02-02T18:57:45.531,"Any[53, 45, 37, 30, 25, 19, 11, 6, 1]",53,1
200,2026-01-10T13:20:00.0,2026-01-19T18:57:45.531,"Any[53, 45, 37, 30, 25, 19, 10]",53,10
203,2026-01-10T13:20:00.0,2026-01-19T18:57:45.531,"Any[53, 45, 37, 30, 25, 17, 11, 6, 1]",53,1
205,2026-01-10T13:20:00.0,2026-01-19T18:57:45.531,"Any[53, 45, 37, 30, 25, 19, 10]",53,10
214,2026-01-10T13:20:00.0,2026-01-26T18:57:45.531,"Any[53, 45, 37, 30, 25, 19, 11, 6, 1]",53,1
223,2026-01-10T13:20:00.0,2026-01-12T18:57:45.531,"Any[53, 45, 37, 30, 25, 19, 10]",53,10
241,2026-01-10T13:20:00.0,2026-02-02T18:57:45.531,"Any[10, 19, 25, 30, 37, 45, 53]",10,53
243,2026-01-10T13:20:00.0,2026-02-02T18:57:45.531,"Any[53, 45, 37, 30, 25, 19, 10]",53,10
244,2026-01-10T13:20:00.0,2026-01-19T18:57:45.531,"Any[53, 45, 37, 30, 25, 19, 11, 6, 1]",53,1
256,2026-01-10T13:20:00.0,2026-01-12T18:57:45.531,"Any[53, 45, 37, 30, 25, 19, 11, 6, 1]",53,1
259,2026-01-10T13:20:00.0,2026-02-02T18:57:45.531,"Any[1, 6, 11, 19, 25, 30, 37, 45, 56]",1,56
263,2026-01-10T13:20:00.0,2026-01-19T18:57:45.531,"Any[53, 45, 37, 30, 25, 19, 11, 6, 1]",53,1
277,2026-01-10T13:20:00.0,2026-02-02T18:57:45.531,"Any[53, 45, 37, 30, 25, 19, 11, 6, 1]",53,1
279,2026-01-10T13:20:00.0,2026-01-19T18:57:45.531,"Any[56, 45, 37, 30, 25, 19, 13, 8, 7]",56,7
283,2026-01-10T13:20:00.0,2026-01-19T18:57:45.531,"Any[53, 45, 37, 30, 25, 19, 11, 6, 1]",53,1
289,2026-01-10T13:20:00.0,2026-01-12T18:57:45.531,"Any[7, 8, 13, 19, 25, 30, 37, 45, 53]",7,53
290,2026-01-10T13:20:00.0,2026-01-12T18:57:45.531,"Any[53, 45, 37, 30, 25, 19, 11, 6, 1]",53,1
295,2026-01-10T13:20:00.0,2026-01-26T18:57:45.531,"Any[53, 45, 37, 30, 25, 19, 10]",53,10
297,2026-01-10T13:20:00.0,2026-01-12T18:57:45.531,"Any[10, 19, 25, 30, 37, 45, 53]",10,53
298,2026-01-10T13:20:00.0,2026-01-26T18:57:45.531,"Any[53, 45, 37, 30, 25, 19, 11, 6, 1]",53,1
305,2026-01-10T13:20:00.0,2026-02-02T18:57:45.531,"Any[53, 45, 37, 30, 25, 19, 11, 6, 1]",53,1
318,2026-01-10T13:20:00.0,2026-01-12T18:57:45.531,"Any[26, 31, 36, 44, 54]",26,54
323,2026-01-10T13:20:00.0,2026-02-02T18:57:45.531,"Any[26, 31, 36, 44, 54]",26,54
326,2026-01-10T13:20:00.0,2026-01-26T18:57:45.531,"Any[53, 45, 37, 30, 25, 19, 11, 6, 1]",53,1
333,2026-01-10T13:20:00.0,2026-01-26T18:57:45.531,"Any[53, 45, 37, 30, 25, 19, 10]",53,10
336,2026-01-10T13:20:00.0,2026-02-02T18:57:45.531,"Any[18, 26, 31, 36, 44, 54]",18,54
339,2026-01-10T13:20:00.0,2026-01-26T18:57:45.531,"Any[1, 6, 11, 19, 25, 30, 37, 45, 56]",1,56
346,2026-01-10T13:20:00.0,2026-01-26T18:57:45.531,"Any[5, 6, 10, 19, 25, 30, 37, 45, 56]",5,56
350,2026-01-10T13:20:00.0,2026-01-26T18:57:45.531,"Any[56, 45, 37, 30, 25, 19, 10]",56,10
357,2026-01-10T13:20:00.0,2026-01-19T18:57:45.531,"Any[53, 45, 37, 30, 25, 19, 10]",53,10
365,2026-01-10T13:20:00.0,2026-01-26T18:57:45.531,"Any[53, 45, 37, 30, 25, 19, 10]",53,10
370,2026-01-10T13:20:00.0,2026-01-19T18:57:45.531,"Any[53, 45, 37, 30, 25, 19, 11, 6, 1]",53,1
372,2026-01-10T13:20:00.0,2026-01-12T18:57:45.531,"Any[53, 45, 37, 30, 25, 19, 10]",53,10
378,2026-01-10T13:20:00.0,2026-01-26T18:57:45.531,"Any[53, 45, 37, 30, 25, 19, 10]",53,10
382,2026-01-10T13:20:00.0,2026-02-02T18:57:45.531,"Any[53, 45, 37, 30, 25, 19, 11, 6, 1]",53,1
398,2026-01-10T13:20:00.0,2026-01-26T18:57:45.531,"Any[1, 6, 11, 19, 25, 30, 37, 45, 56]",1,56
403,2026-01-10T13:20:00.0,2026-01-26T18:57:45.531,"Any[26, 31, 36, 44]",26,44
407,2026-01-10T13:20:00.0,2026-02-02T18:57:45.531,"Any[53, 45, 37, 30, 25, 19, 11, 6, 1]",53,1
432,2026-01-10T13:20:00.0,2026-01-19T18:57:45.531,"Any[53, 45, 37, 30, 25, 19, 10]",53,10
435,2026-01-10T13:20:00.0,2026-01-26T18:57:45.531,"Any[10, 11, 19, 25, 30, 37, 45, 53]",10,53
438,2026-01-10T13:20:00.0,2026-01-19T18:57:45.531,"Any[10, 19, 25, 30, 37, 45, 53]",10,53
457,2026-01-10T13:20:00.0,2026-01-26T18:57:45.531,"Any[53, 45, 37, 30, 25, 19, 11, 6, 1]",53,1
462,2026-01-10T13:20:00.0,2026-01-26T18:57:45.531,"Any[18, 26, 31, 36, 44, 54]",18,54
469,2026-01-10T13:20:00.0,2026-01-12T18:57:45.531,"Any[1, 6, 11, 19, 25, 30, 37, 45, 56]",1,56
477,2026-01-10T13:20:00.0,2026-02-02T18:57:45.531,"Any[10, 19, 25, 30, 37, 45, 53]",10,53
478,2026-01-10T13:20:00.0,2026-02-02T18:57:45.531,"Any[18, 26, 31, 36, 44, 54]",18,54
486,2026-01-10T13:20:00.0,2026-01-26T18:57:45.531,"Any[18, 26, 31, 36, 44, 54]",18,54
488,2026-01-10T13:20:00.0,2026-02-02T18:57:45.531,"Any[10, 11, 19, 25, 30, 37, 45, 53]",10,53
495,2026-01-10T13:20:00.0,2026-01-19T18:57:45.531,"Any[53, 45, 37, 30, 25, 19, 10]",53,10
500,2026-01-10T13:20:00.0,2026-01-26T18:57:45.531,"Any[53, 45, 37, 30, 25, 19, 11, 6, 1]",53,1
502,2026-01-10T13:20:00.0,2026-01-19T18:57:45.531,"Any[18, 26, 31, 36, 44, 54]",18,54
504,2026-01-10T13:20:00.0,2026-01-26T18:57:45.531,"Any[26, 31, 36, 44, 54]",26,54
511,2026-01-10T13:20:00.0,2026-01-19T18:57:45.531,"Any[26, 31, 36, 44]",26,44
518,2026-01-10T13:20:00.0,2026-02-02T18:57:45.531,"Any[53, 45, 37, 30, 25, 19, 10]",53,10
527,2026-01-10T13:20:00.0,2026-02-02T18:57:45.531,"Any[26, 31, 36, 44, 54]",26,54
529,2026-01-10T13:20:00.0,2026-02-02T18:57:45.531,"Any[53, 45, 37, 30, 25, 19, 10]",53,10
532,2026-01-10T13:20:00.0,2026-02-02T18:57:45.531,"Any[53, 45, 37, 30, 25, 19, 10]",53,10
539,2026-01-10T13:20:00.0,2026-01-12T18:57:45.531,"Any[7, 8, 13, 19, 25, 30, 37, 45, 53]",7,53
543,2026-01-10T13:20:00.0,2026-01-19T18:57:45.531,"Any[1, 6, 11, 19, 25, 30, 37, 45, 53, 60]",1,60
544,2026-01-10T13:20:00.0,2026-01-12T18:57:45.531,"Any[10, 19, 25, 30, 37, 45, 53]",10,53
546,2026-01-10T13:20:00.0,2026-01-12T18:57:45.531,"Any[53, 45, 37, 30, 25, 19, 11, 6, 1]",53,1
565,2026-01-10T13:20:00.0,2026-01-12T18:57:45.531,"Any[53, 45, 37, 30, 25, 19, 10]",53,10
566,2026-01-10T13:20:00.0,2026-01-26T18:57:45.531,"Any[7, 8, 13, 19, 25, 30, 37, 45, 53]",7,53
572,2026-01-10T13:20:00.0,2026-02-02T18:57:45.531,"Any[7, 8, 13, 19, 25, 30, 37, 45, 53]",7,53
577,2026-01-10T13:20:00.0,2026-01-12T18:57:45.531,"Any[26, 31, 36, 44]",26,44
578,2026-01-10T13:20:00.0,2026-01-19T18:57:45.531,"Any[53, 45, 37, 30, 25, 19, 10]",53,10
580,2026-01-10T13:20:00.0,2026-01-26T18:57:45.531,"Any[10, 19, 25, 30, 37, 45, 53]",10,53
592,2026-01-10T13:20:00.0,2026-01-12T18:57:45.531,"Any[18, 26, 31, 36, 44, 54]",18,54
604,2026-01-10T13:20:00.0,2026-01-12T18:57:45.531,"Any[53, 45, 37, 30, 25, 19, 11, 6, 1]",53,1
605,2026-01-10T13:20:00.0,2026-01-26T18:57:45.531,"Any[53, 45, 37, 30, 25, 19, 11, 6, 1]",53,1
607,2026-01-10T13:20:00.0,2026-02-02T18:57:45.531,"Any[7, 8, 13, 19, 25, 30, 37, 45, 53]",7,53
615,2026-01-10T13:20:00.0,2026-01-26T18:57:45.531,"Any[53, 45, 37, 30, 25, 19, 10]",53,10
622,2026-01-10T13:20:00.0,2026-02-02T18:57:45.531,"Any[53, 45, 37, 30, 25, 19, 10]",53,10
626,2026-01-10T13:20:00.0,2026-01-19T18:57:45.531,"Any[10, 19, 25, 30, 37, 45, 53]",10,53
632,2026-01-10T13:20:00.0,2026-02-02T18:57:45.531,"Any[53, 45, 37, 30, 25, 19, 11, 6, 1]",53,1
644,2026-01-10T13:20:00.0,2026-01-26T18:57:45.531,"Any[53, 45, 37, 30, 25, 19, 10]",53,10
649,2026-01-10T13:20:00.0,2026-01-26T18:57:45.531,"Any[18, 22, 31, 36, 44, 54]",18,54
651,2026-01-10T13:20:00.0,2026-02-02T18:57:45.531,"Any[26, 31, 36, 44]",26,44
652,2026-01-10T13:20:00.0,2026-01-19T18:57:45.531,"Any[10, 19, 25, 30, 37, 45, 53]",10,53
654,2026-01-10T13:20:00.0,2026-02-02T18:57:45.531,"Any[10, 19, 25, 30, 37, 45, 53]",10,53
657,2026-01-10T13:20:00.0,2026-01-19T18:57:45.531,"Any[53, 45, 37, 30, 25, 19, 10]",53,10
672,2026-01-10T13:20:00.0,2026-01-19T18:57:45.531,"Any[53, 45, 37, 30, 25, 19, 11, 6, 1]",53,1
683,2026-01-10T13:20:00.0,2026-01-12T18:57:45.531,"Any[53, 45, 37, 30, 25, 19, 10]",53,10
684,2026-01-10T13:20:00.0,2026-01-12T18:57:45.531,"Any[53, 45, 37, 30, 25, 19, 10]",53,10
686,2026-01-10T13:20:00.0,2026-02-02T18:57:45.531,"Any[53, 45, 37, 30, 25, 19, 11, 6, 1]",53,1
702,2026-01-10T13:20:00.0,2026-01-26T18:57:45.531,"Any[1, 6, 11, 19, 25, 30, 37, 45, 56]",1,56
704,2026-01-10T13:20:00.0,2026-01-19T18:57:45.531,"Any[26, 31, 36, 44, 54]",26,54
710,2026-01-10T13:20:00.0,2026-02-02T18:57:45.531,"Any[26, 31, 36, 44, 54]",26,54
711,2026-01-10T13:20:00.0,2026-01-19T18:57:45.531,"Any[53, 45, 37, 30, 25, 19, 11, 6, 1]",53,1
715,2026-01-10T13:20:00.0,2026-02-02T18:57:45.531,"Any[53, 45, 37, 30, 25, 19, 10]",53,10
722,2026-01-10T13:20:00.0,2026-01-19T18:57:45.531,"Any[53, 45, 37, 30, 25, 19, 11, 6, 1]",53,1
723,2026-01-10T13:20:00.0,2026-01-26T18:57:45.531,"Any[53, 45, 37, 30, 25, 19, 11, 6, 1]",53,1
724,2026-01-10T13:20:00.0,2026-01-12T18:57:45.531,"Any[10, 19, 25, 30, 37, 45, 53]",10,53
740,2026-01-10T13:20:00.0,2026-01-19T18:57:45.531,"Any[18, 22, 31, 36, 44, 54]",18,54
745,2026-01-10T13:20:00.0,2026-01-26T18:57:45.531,"Any[53, 45, 37, 30, 25, 19, 10]",53,10
768,2026-01-10T13:20:00.0,2026-02-02T18:57:45.531,"Any[53, 45, 37, 30, 25, 19, 10]",53,10
775,2026-01-10T13:20:00.0,2026-01-19T18:57:45.531,"Any[26, 31, 36, 44, 54]",26,54
778,2026-01-10T13:20:00.0,2026-01-12T18:57:45.531,"Any[53, 45, 37, 30, 25, 19, 11, 6, 1]",53,1
790,2026-01-10T13:20:00.0,2026-02-02T18:57:45.531,"Any[53, 45, 37, 30, 25, 19, 11, 6, 1]",53,1
795,2026-01-10T13:20:00.0,2026-02-02T18:57:45.531,"Any[53, 45, 37, 30, 25, 19, 10]",53,10
801,2026-01-10T13:20:00.0,2026-01-19T18:57:45.531,"Any[56, 45, 37, 30, 25, 19, 10]",56,10
804,2026-01-10T13:20:00.0,2026-01-26T18:57:45.531,"Any[1, 6, 11, 19, 25, 30, 37, 45, 56]",1,56
805,2026-01-10T13:20:00.0,2026-01-12T18:57:45.531,"Any[53, 45, 37, 30, 25, 19, 10]",53,10
813,2026-01-10T13:20:00.0,2026-02-02T18:57:45.531,"Any[26, 31, 36, 44, 54]",26,54
816,2026-01-10T13:20:00.0,2026-02-02T18:57:45.531,"Any[53, 45, 37, 30, 25, 19, 10]",53,10
820,2026-01-10T13:20:00.0,2026-02-02T18:57:45.531,"Any[26, 27, 31, 36, 44, 54]",26,54
821,2026-01-10T13:20:00.0,2026-01-19T18:57:45.531,"Any[10, 19, 25, 30, 37, 45, 53]",10,53
824,2026-01-10T13:20:00.0,2026-02-02T18:57:45.531,"Any[53, 45, 37, 30, 25, 19, 10]",53,10
829,2026-01-10T13:20:00.0,2026-02-02T18:57:45.531,"Any[53, 45, 37, 30, 25, 19, 10]",53,10
832,2026-01-10T13:20:00.0,2026-02-02T18:57:45.531,"Any[53, 45, 37, 30, 25, 19, 10]",53,10
834,2026-01-10T13:20:00.0,2026-01-19T18:57:45.531,"Any[10, 11, 19, 25, 30, 37, 45, 53]",10,53
835,2026-01-10T13:20:00.0,2026-02-02T18:57:45.531,"Any[7, 8, 13, 19, 25, 30, 37, 45, 53]",7,53
842,2026-01-10T13:20:00.0,2026-01-12T18:57:45.531,"Any[10, 19, 25, 30, 37, 45, 53]",10,53
848,2026-01-10T13:20:00.0,2026-02-02T18:57:45.531,"Any[26, 31, 36, 44]",26,44
854,2026-01-10T13:20:00.0,2026-01-12T18:57:45.531,"Any[53, 45, 37, 30, 25, 19, 10]",53,10
855,2026-01-10T13:20:00.0,2026-01-26T18:57:45.531,"Any[26, 31, 36, 44, 54]",26,54
860,2026-01-10T13:20:00.0,2026-02-02T18:57:45.531,"Any[7, 8, 13, 19, 25, 30, 37, 45, 53]",7,53
868,2026-01-10T13:20:00.0,2026-01-12T18:57:45.531,"Any[53, 45, 37, 30, 25, 19, 11, 6, 1]",53,1
877,2026-01-10T13:20:00.0,2026-02-02T18:57:45.531,"Any[53, 45, 37, 30, 25, 19, 11, 6, 1]",53,1
878,2026-01-10T13:20:00.0,2026-01-19T18:57:45.531,"Any[26, 31, 36]",26,36
887,2026-01-10T13:20:00.0,2026-01-26T18:57:45.531,"Any[10, 19, 25, 30, 37, 45, 53]",10,53
888,2026-01-10T13:20:00.0,2026-01-12T18:57:45.531,"Any[1, 6, 11, 16, 25, 30, 37, 45, 56]",1,56
889,2026-01-10T13:20:00.0,2026-01-26T18:57:45.531,"Any[53, 45, 37, 30, 25, 19, 11, 6, 1]",53,1
891,2026-01-10T13:20:00.0,2026-01-12T18:57:45.531,"Any[53, 45, 37, 30, 25, 19, 10]",53,10
896,2026-01-10T13:20:00.0,2026-01-26T18:57:45.531,"Any[45, 37, 30, 25, 19, 10]",45,10
897,2026-01-10T13:20:00.0,2026-02-02T18:57:45.531,"Any[53, 45, 37, 30, 25, 19, 11, 6, 1]",53,1
901,2026-01-10T13:20:00.0,2026-01-19T18:57:45.531,"Any[53, 45, 37, 30, 25, 19, 10]",53,10
906,2026-01-10T13:20:00.0,2026-01-19T18:57:45.531,"Any[7, 8, 13, 19, 25, 30, 37, 45, 53]",7,53
908,2026-01-10T13:20:00.0,2026-01-12T18:57:45.531,"Any[53, 45, 37, 30, 25, 19, 11, 6, 1]",53,1
922,2026-01-10T13:20:00.0,2026-01-19T18:57:45.531,"Any[26, 31, 36, 44, 54]",26,54
929,2026-01-10T13:20:00.0,2026-02-02T18:57:45.531,"Any[1, 6, 11, 19, 25, 30, 37, 45, 56]",1,56
943,2026-01-10T13:20:00.0,2026-01-26T18:57:45.531,"Any[10, 19, 25, 30, 37, 45, 53]",10,53
952,2026-01-10T13:20:00.0,2026-02-02T18:57:45.531,"Any[53, 45, 37, 30, 25, 19, 10]",53,10
954,2026-01-10T13:20:00.0,2026-01-19T18:57:45.531,"Any[26, 31, 36, 44, 54]",26,54
957,2026-01-10T13:20:00.0,2026-01-12T18:57:45.531,"Any[53, 45, 37, 30, 25, 19, 10]",53,10
958,2026-01-10T13:20:00.0,2026-01-12T18:57:45.531,"Any[1, 6, 11, 19, 25, 30, 37, 45, 53, 60]",1,60
969,2026-01-10T13:20:00.0,2026-01-19T18:57:45.531,"Any[26, 31, 36, 44, 54]",26,54
973,2026-01-10T13:20:00.0,2026-01-12T18:57:45.531,"Any[53, 45, 37, 30, 25, 19, 10]",53,10
976,2026-01-10T13:20:00.0,2026-02-02T18:57:45.531,"Any[53, 45, 37, 30, 25, 19, 10]",53,10
980,2026-01-10T13:20:00.0,2026-01-12T18:57:45.531,"Any[53, 45, 37, 30, 25, 19, 10]",53,10
983,2026-01-10T13:20:00.0,2026-01-12T18:57:45.531,"Any[10, 19, 25, 30, 37, 45, 53]",10,53
987,2026-01-10T13:20:00.0,2026-01-19T18:57:45.531,"Any[26, 31, 36, 44, 54]",26,54
994,2026-01-10T13:20:00.0,2026-01-26T18:57:45.531,"Any[1, 6, 11, 19, 25, 30, 37, 45, 56]",1,56
995,2026-01-10T13:20:00.0,2026-01-26T18:57:45.531,"Any[53, 45, 37, 30, 25, 19, 11, 6, 1]",53,1
998,2026-01-10T13:20:00.0,2026-01-12T18:57:45.531,"Any[53, 45, 37, 30, 25, 19, 11, 6, 1]",53,1
999,2026-01-10T13:20:00.0,2026-01-19T18:57:45.531,"Any[53, 45, 37, 30, 25, 19, 10]",53,10
1006,2026-01-10T13:20:00.0,2026-02-02T18:57:45.531,"Any[1, 6, 11, 19, 25, 30, 37, 45, 56]",1,56
1007,2026-01-10T13:20:00.0,2026-02-02T18:57:45.531,"Any[53, 45, 37, 30, 25, 19, 10]",53,10
1021,2026-01-10T13:20:00.0,2026-02-02T18:57:45.531,"Any[53, 45, 37, 30, 25, 19, 11, 6, 1]",53,1
1023,2026-01-10T13:20:00.0,2026-02-02T18:57:45.531,"Any[1, 6, 11, 19, 25, 30, 37, 45, 56, 60]",1,60
1025,2026-01-10T13:20:00.0,2026-02-02T18:57:45.531,"Any[10, 19, 25, 30, 37, 45, 53]",10,53
1044,2026-01-10T13:20:00.0,2026-01-26T18:57:45.531,"Any[10, 19, 25, 30, 37, 45, 53]",10,53
1049,2026-01-10T13:20:00.0,2026-01-26T18:57:45.531,"Any[1, 6, 11, 19, 25, 30, 37, 45, 56]",1,56
1053,2026-01-10T13:20:00.0,2026-01-26T18:57:45.531,"Any[10, 19, 25, 30, 37, 45, 53]",10,53
1054,2026-01-10T13:20:00.0,2026-01-19T18:57:45.531,"Any[10, 19, 25, 30, 37, 45, 53]",10,53
1056,2026-01-10T13:20:00.0,2026-01-26T18:57:45.531,"Any[53, 45, 37, 30, 25, 19, 10]",53,10
1059,2026-01-10T13:20:00.0,2026-01-26T18:57:45.531,"Any[10, 19, 25, 30, 37, 45, 53]",10,53
1065,2026-01-10T13:20:00.0,2026-01-26T18:57:45.531,"Any[53, 45, 37, 30, 25, 19, 11, 6, 1]",53,1
1068,2026-01-10T13:20:00.0,2026-02-02T18:57:45.531,"Any[53, 45, 37, 30, 25, 19, 11, 6, 1]",53,1
1070,2026-01-10T13:20:00.0,2026-02-02T18:57:45.531,"Any[10, 19, 25, 30, 37, 45, 53]",10,53
1073,2026-01-10T13:20:00.0,2026-02-02T18:57:45.531,"Any[53, 45, 37, 30, 25, 19, 10]",53,10
1079,2026-01-10T13:20:00.0,2026-01-19T18:57:45.531,"Any[26, 31, 36, 31, 36]",26,36
1081,2026-01-10T13:20:00.0,2026-01-12T18:57:45.531,"Any[53, 45, 37, 30, 25, 19, 11, 6, 1]",53,1
1083,2026-01-10T13:20:00.0,2026-01-19T18:57:45.531,"Any[7, 8, 13, 19, 25, 30, 37, 45, 53]",7,53
1085,2026-01-10T13:20:00.0,2026-01-26T18:57:45.531,"Any[26, 31, 36, 44, 54]",26,54
1092,2026-01-10T13:20:00.0,2026-02-02T18:57:45.531,"Any[1, 6, 11, 19, 25, 30, 37, 45, 56]",1,56
1094,2026-01-10T13:20:00.0,2026-01-19T18:57:45.531,"Any[7, 8, 13, 19, 25, 30, 37, 45, 53]",7,53
1097,2026-01-10T13:20:00.0,2026-01-19T18:57:45.531,"Any[53, 45, 37, 30, 25, 19, 10]",53,10
1104,2026-01-10T13:20:00.0,2026-01-19T18:57:45.531,"Any[53, 45, 37, 30, 25, 19, 10]",53,10
1107,2026-01-10T13:20:00.0,2026-01-19T18:57:45.531,"Any[53, 45, 37, 30, 25, 19, 11, 6, 1]",53,1
1114,2026-01-10T13:20:00.0,2026-01-12T18:57:45.531,"Any[26, 31, 36, 44, 54]",26,54
1115,2026-01-10T13:20:00.0,2026-01-19T18:57:45.531,"Any[53, 45, 37, 30, 25, 19, 11, 6, 1]",53,1
1117,2026-01-10T13:20:00.0,2026-01-12T18:57:45.531,"Any[1, 6, 11, 19, 23, 16, 23, 36, 44, 60]",1,60
1119,2026-01-10T13:20:00.0,2026-01-19T18:57:45.531,"Any[1, 6, 11, 19, 25, 30, 37, 45, 56]",1,56
1121,2026-01-10T13:20:00.0,2026-01-19T18:57:45.531,"Any[5, 6, 11, 19, 25, 30, 37, 45, 56]",5,56
1122,2026-01-10T13:20:00.0,2026-02-02T18:57:45.531,"Any[53, 45, 37, 30, 25, 19, 10]",53,10
1124,2026-01-10T13:20:00.0,2026-01-12T18:57:45.531,"Any[26, 31, 36, 44, 54]",26,54
1126,2026-01-10T13:20:00.0,2026-01-12T18:57:45.531,"Any[53, 45, 37, 30, 25, 19, 11, 6, 1]",53,1
1137,2026-01-10T13:20:00.0,2026-01-26T18:57:45.531,"Any[53, 45, 37, 30, 25, 19, 10]",53,10
1143,2026-01-10T13:20:00.0,2026-01-26T18:57:45.531,"Any[18, 26, 31, 36]",18,36
1154,2026-01-10T13:20:00.0,2026-01-26T18:57:45.531,"Any[53, 45, 37, 30, 25, 19, 10]",53,10
1156,2026-01-10T13:20:00.0,2026-02-02T18:57:45.531,"Any[7, 8, 13, 19, 25, 30, 37, 45, 53]",7,53
1157,2026-01-10T13:20:00.0,2026-01-19T18:57:45.531,"Any[1, 6, 11, 19, 25, 30, 37, 45, 56]",1,56
1170,2026-01-10T13:20:00.0,2026-01-12T18:57:45.531,"Any[10, 11, 19, 25, 30, 37, 45, 53]",10,53
1174,2026-01-10T13:20:00.0,2026-01-19T18:57:45.531,"Any[26, 31, 36, 44]",26,44
1175,2026-01-10T13:20:00.0,2026-01-19T18:57:45.531,"Any[53, 45, 37, 30, 25, 19, 10]",53,10
1181,2026-01-10T13:20:00.0,2026-01-19T18:57:45.531,"Any[26, 31, 36, 44, 54]",26,54
1185,2026-01-10T13:20:00.0,2026-01-19T18:57:45.531,"Any[53, 45, 37, 30, 25, 19, 10]",53,10
1188,2026-01-10T13:20:00.0,2026-01-12T18:57:45.531,"Any[53, 45, 37, 30, 25, 19, 11, 6, 1]",53,1
1195,2026-01-10T13:20:00.0,2026-01-26T18:57:45.531,"Any[7, 8, 13, 19, 25, 30, 37, 45, 53]",7,53
1198,2026-01-10T13:20:00.0,2026-01-19T18:57:45.531,"Any[10, 11, 19, 25, 30, 37, 45, 53]",10,53
1201,2026-01-10T13:20:00.0,2026-01-19T18:57:45.531,"Any[53, 45, 37, 30, 25, 19, 10]",53,10
1205,2026-01-10T13:20:00.0,2026-01-26T18:57:45.531,"Any[7, 8, 13, 19, 25, 30, 37, 45, 53]",7,53
1206,2026-01-10T13:20:00.0,2026-01-26T18:57:45.531,"Any[53, 45, 37, 30, 25, 19, 10]",53,10
1213,2026-01-10T13:20:00.0,2026-01-12T18:57:45.531,"Any[10, 19, 25, 30, 37, 45, 53]",10,53
1215,2026-01-10T13:20:00.0,2026-01-12T18:57:45.531,"Any[1, 6, 11, 19, 25, 30, 37, 45, 56]",1,56
1218,2026-01-10T13:20:00.0,2026-01-19T18:57:45.531,"Any[10, 19, 25, 30, 37, 45, 53]",10,53
1219,2026-01-10T13:20:00.0,2026-01-19T18:57:45.531,"Any[10, 19, 25, 30, 37, 45, 53]",10,53
1222,2026-01-10T13:20:00.0,2026-01-26T18:57:45.531,"Any[7, 8, 13, 19, 25, 30, 37, 45, 53]",7,53
1227,2026-01-10T13:20:00.0,2026-01-26T18:57:45.531,"Any[26, 31, 36, 44, 54]",26,54
1229,2026-01-10T13:20:00.0,2026-01-19T18:57:45.531,"Any[53, 45, 37, 30, 25, 19, 10]",53,10
1243,2026-01-10T13:20:00.0,2026-01-26T18:57:45.531,"Any[53, 45, 37, 30, 25, 19, 10]",53,10
1246,2026-01-10T13:20:00.0,2026-01-26T18:57:45.531,"Any[53, 45, 37, 30, 25, 19, 10]",53,10
1247,2026-01-10T13:20:00.0,2026-02-02T18:57:45.531,"Any[1, 6, 11, 19, 25, 30, 37, 45, 56]",1,56
1253,2026-01-10T13:20:00.0,2026-01-19T18:57:45.531,"Any[60, 53, 45, 37, 30, 25, 19, 10]",60,10
1255,2026-01-10T13:20:00.0,2026-01-19T18:57:45.531,"Any[10, 19, 25, 30, 37, 45, 53]",10,53
1263,2026-01-10T13:20:00.0,2026-01-12T18:57:45.531,"Any[53, 45, 37, 30, 25, 19, 11, 6, 1]",53,1
1266,2026-01-10T13:20:00.0,2026-01-26T18:57:45.531,"Any[10, 19, 25, 30, 37, 45, 53]",10,53
1276,2026-01-10T13:20:00.0,2026-02-02T18:57:45.531,"Any[53, 45, 37, 30, 25, 19, 10]",53,10
1277,2026-01-10T13:20:00.0,2026-01-12T18:57:45.531,"Any[60, 53, 45, 37, 30, 25, 19, 10]",60,10
1278,2026-01-10T13:20:00.0,2026-02-02T18:57:45.531,"Any[7, 8, 13, 19, 25, 30, 37, 45, 53]",7,53
1279,2026-01-10T13:20:00.0,2026-01-12T18:57:45.531,"Any[53, 45, 37, 30, 25, 19, 10]",53,10
1282,2026-01-10T13:20:00.0,2026-02-02T18:57:45.531,"Any[53, 45, 37, 30, 25, 19, 10]",53,10
1283,2026-01-10T13:20:00.0,2026-01-26T18:57:45.531,"Any[10, 19, 25, 30, 37, 45, 53]",10,53
1288,2026-01-10T13:20:00.0,2026-02-02T18:57:45.531,"Any[7, 8, 13, 19, 25, 30, 37, 45, 53]",7,53
1290,2026-01-10T13:20:00.0,2026-01-19T18:57:45.531,"Any[53, 45, 37, 30, 25, 19, 10]",53,10
1292,2026-01-10T13:20:00.0,2026-01-12T18:57:45.531,"Any[60, 53, 45, 37, 30, 25, 19, 10]",60,10
1318,2026-01-10T13:20:00.0,2026-02-02T18:57:45.531,"Any[26, 31, 36, 44, 54]",26,54
1319,2026-01-10T13:20:00.0,2026-01-19T18:57:45.531,"Any[26, 31, 36, 44, 54]",26,54
1325,2026-01-10T13:20:00.0,2026-02-02T18:57:45.531,"Any[10, 19, 25, 30, 37, 45, 53]",10,53
1340,2026-01-10T13:20:00.0,2026-01-26T18:57:45.531,"Any[45, 37, 30, 25, 19, 10]",45,10
1342,2026-01-10T13:20:00.0,2026-01-19T18:57:45.531,"Any[26, 31, 36, 44, 54]",26,54
1346,2026-01-10T13:20:00.0,2026-02-02T18:57:45.531,"Any[1, 6, 11, 19, 25, 30, 37, 45, 56]",1,56
1357,2026-01-10T13:20:00.0,2026-01-19T18:57:45.531,"Any[10, 19, 25, 30, 37, 45, 53]",10,53
1359,2026-01-10T13:20:00.0,2026-01-19T18:57:45.531,"Any[10, 19, 25, 30, 37, 45, 53]",10,53
1364,2026-01-10T13:20:00.0,2026-01-26T18:57:45.531,"Any[53, 45, 37, 30, 25, 19, 11, 6, 1]",53,1
1366,2026-01-10T13:20:00.0,2026-02-02T18:57:45.531,"Any[7, 8, 13, 19, 25, 30, 37, 45, 53]",7,53
1387,2026-01-10T13:20:00.0,2026-01-12T18:57:45.531,"Any[10, 19, 25, 30, 37, 45, 53]",10,53
1392,2026-01-10T13:20:00.0,2026-01-12T18:57:45.531,"Any[53, 45, 37, 30, 25, 19, 10]",53,10
1395,2026-01-10T13:20:00.0,2026-01-26T18:57:45.531,"Any[60, 53, 45, 37, 30, 25, 19, 10]",60,10
1403,2026-01-10T13:20:00.0,2026-02-02T18:57:45.531,"Any[53, 45, 37, 30, 25, 19, 11, 6, 1]",53,1
1405,2026-01-10T13:20:00.0,2026-02-02T18:57:45.531,"Any[7, 8, 13, 19, 25, 30, 37, 45, 53]",7,53
1409,2026-01-10T13:20:00.0,2026-02-02T18:57:45.531,"Any[53, 45, 37, 30, 25, 19, 10]",53,10
1431,2026-01-10T13:20:00.0,2026-01-12T18:57:45.531,"Any[26, 31, 36, 44, 54]",26,54
1434,2026-01-10T13:20:00.0,2026-01-19T18:57:45.531,"Any[10, 19, 25, 30, 37, 45, 53]",10,53
1442,2026-01-10T13:20:00.0,2026-01-26T18:57:45.531,"Any[26, 31, 36, 44, 54]",26,54
1443,2026-01-10T13:20:00.0,2026-01-12T18:57:45.531,"Any[18, 22, 31, 36, 44, 54]",18,54
1447,2026-01-10T13:20:00.0,2026-01-26T18:57:45.531,"Any[26, 31, 36, 44, 54]",26,54
1449,2026-01-10T13:20:00.0,2026-01-19T18:57:45.531,"Any[7, 8, 13, 19, 25, 30, 37, 45, 53]",7,53
1450,2026-01-10T13:20:00.0,2026-01-26T18:57:45.531,"Any[53, 45, 37, 30, 25, 19, 10]",53,10
1452,2026-01-10T13:20:00.0,2026-01-12T18:57:45.531,"Any[53, 45, 37, 30, 25, 19, 10]",53,10
1460,2026-01-10T13:20:00.0,2026-01-26T18:57:45.531,"Any[10, 19, 25, 30, 37, 45, 53]",10,53
1466,2026-01-10T13:20:00.0,2026-02-02T18:57:45.531,"Any[53, 45, 37, 30, 25, 19, 10]",53,10
1467,2026-01-10T13:20:00.0,2026-01-12T18:57:45.531,"Any[7, 8, 13, 19, 25, 30, 37, 45, 53]",7,53
1468,2026-01-10T13:20:00.0,2026-01-12T18:57:45.531,"Any[53, 45, 37, 30, 25, 19, 11, 6, 1]",53,1
1469,2026-01-10T13:20:00.0,2026-02-02T18:57:45.531,"Any[18, 26, 31, 36, 44, 54]",18,54
1470,2026-01-10T13:20:00.0,2026-01-12T18:57:45.531,"Any[7, 8, 13, 19, 25, 30, 37, 45, 53]",7,53
1472,2026-01-10T13:20:00.0,2026-01-19T18:57:45.531,"Any[53, 45, 37, 30, 25, 19, 11, 6, 1]",53,1
1473,2026-01-10T13:20:00.0,2026-01-26T18:57:45.531,"Any[7, 8, 13, 19, 25, 30, 37, 45, 53]",7,53
1474,2026-01-10T13:20:00.0,2026-02-02T18:57:45.531,"Any[53, 45, 37, 30, 25, 19, 10]",53,10
1482,2026-01-10T13:20:00.0,2026-02-02T18:57:45.531,"Any[53, 45, 37, 30, 25, 19, 11, 6, 1]",53,1
1493,2026-01-10T13:20:00.0,2026-01-19T18:57:45.531,"Any[1, 6, 11, 19, 25, 30, 37, 45, 56]",1,56
1494,2026-01-10T13:20:00.0,2026-01-12T18:57:45.531,"Any[7, 8, 13, 19, 25, 30, 37, 45, 53]",7,53
1511,2026-01-10T13:20:00.0,2026-01-19T18:57:45.531,"Any[10, 19, 25, 30, 37, 45, 53]",10,53
1512,2026-01-10T13:20:00.0,2026-01-19T18:57:45.531,"Any[1, 6, 11, 19, 25, 30, 37, 45, 53, 60]",1,60
1514,2026-01-10T13:20:00.0,2026-02-02T18:57:45.531,"Any[18, 26, 31, 36, 44, 47]",18,47
1517,2026-01-10T13:20:00.0,2026-02-02T18:57:45.531,"Any[10, 19, 25, 30, 37, 45, 53]",10,53
1533,2026-01-10T13:20:00.0,2026-01-12T18:57:45.531,"Any[53, 45, 37, 30, 25, 19, 11, 6, 1]",53,1
1534,2026-01-10T13:20:00.0,2026-01-12T18:57:45.531,"Any[53, 45, 37, 30, 25, 19, 10]",53,10
1536,2026-01-10T13:20:00.0,2026-01-19T18:57:45.531,"Any[7, 8, 13, 19, 25, 30, 37, 45, 53]",7,53
1542,2026-01-10T13:20:00.0,2026-01-12T18:57:45.531,"Any[7, 8, 13, 19, 25, 30, 37, 45, 53]",7,53
1548,2026-01-10T13:20:00.0,2026-02-02T18:57:45.531,"Any[10, 19, 25, 30, 37, 45, 53]",10,53
1552,2026-01-10T13:20:00.0,2026-02-02T18:57:45.531,"Any[10, 19, 25, 30, 37, 45, 53]",10,53
1553,2026-01-10T13:20:00.0,2026-01-12T18:57:45.531,"Any[53, 45, 37, 30, 25, 19, 10]",53,10
1554,2026-01-10T13:20:00.0,2026-02-02T18:57:45.531,"Any[7, 8, 13, 19, 25, 30, 37, 45, 53]",7,53
1555,2026-01-10T13:20:00.0,2026-01-12T18:57:45.531,"Any[18, 22, 31, 36, 44, 54]",18,54
1568,2026-01-10T13:20:00.0,2026-02-02T18:57:45.531,"Any[53, 45, 37, 30, 25, 19, 11, 6, 1]",53,1
1570,2026-01-10T13:20:00.0,2026-01-26T18:57:45.531,"Any[10, 11, 19, 25, 30, 37, 45, 53]",10,53
1574,2026-01-10T13:20:00.0,2026-01-12T18:57:45.531,"Any[10, 19, 25, 30, 37, 45, 53]",10,53
1580,2026-01-10T13:20:00.0,2026-01-26T18:57:45.531,"Any[53, 45, 37, 30, 25, 19, 10]",53,10
1582,2026-01-10T13:20:00.0,2026-01-19T18:57:45.531,"Any[53, 45, 37, 30, 25, 19, 11, 6, 1]",53,1
1593,2026-01-10T13:20:00.0,2026-01-19T18:57:45.531,"Any[10, 19, 25, 30, 37, 45, 53]",10,53
1600,2026-01-10T13:20:00.0,2026-01-12T18:57:45.531,"Any[53, 45, 37, 30, 25, 19, 11, 6, 1]",53,1
1603,2026-01-10T13:20:00.0,2026-01-19T18:57:45.531,"Any[7, 8, 13, 19, 25, 30, 37, 45, 53]",7,53
1609,2026-01-10T13:20:00.0,2026-02-02T18:57:45.531,"Any[53, 45, 37, 30, 25, 19, 11, 6, 1]",53,1
1611,2026-01-10T13:20:00.0,2026-01-26T18:57:45.531,"Any[10, 19, 25, 30, 37, 45, 53]",10,53
1616,2026-01-10T13:20:00.0,2026-01-26T18:57:45.531,"Any[53, 45, 37, 30, 25, 19, 11, 6, 1]",53,1
1618,2026-01-10T13:20:00.0,2026-01-12T18:57:45.531,"Any[10, 19, 25, 30, 37, 45, 53]",10,53
1622,2026-01-10T13:20:00.0,2026-02-02T18:57:45.531,"Any[53, 45, 37, 30, 25, 19, 11, 6, 1]",53,1
1623,2026-01-10T13:20:00.0,2026-01-19T18:57:45.531,"Any[7, 8, 13, 19, 25, 30, 37, 45, 53]",7,53
1625,2026-01-10T13:20:00.0,2026-01-12T18:57:45.531,"Any[18, 26, 31, 36, 44, 54]",18,54
1631,2026-01-10T13:20:00.0,2026-02-02T18:57:45.531,"Any[53, 45, 37, 30, 25, 19, 10]",53,10
1635,2026-01-10T13:20:00.0,2026-01-12T18:57:45.531,"Any[1, 6, 11, 16, 25, 30, 37, 45, 56]",1,56
1659,2026-01-10T13:20:00.0,2026-01-12T18:57:45.531,"Any[53, 45, 37, 30, 25, 19, 11, 6, 1]",53,1
1661,2026-01-10T13:20:00.0,2026-01-26T18:57:45.531,"Any[45, 37, 30, 25, 19, 17, 10]",45,10
1673,2026-01-10T13:20:00.0,2026-01-26T18:57:45.531,"Any[53, 45, 37, 30, 25, 19, 10]",53,10
1674,2026-01-10T13:20:00.0,2026-01-19T18:57:45.531,"Any[53, 45, 37, 30, 25, 19, 10]",53,10
1675,2026-01-10T13:20:00.0,2026-01-26T18:57:45.531,"Any[53, 45, 37, 30, 25, 19, 10]",53,10
1677,2026-01-10T13:20:00.0,2026-01-26T18:57:45.531,"Any[7, 8, 13, 19, 25, 30, 37, 45, 53]",7,53
1685,2026-01-10T13:20:00.0,2026-01-19T18:57:45.531,"Any[53, 45, 37, 30, 25, 19, 11, 6, 1]",53,1
1688,2026-01-10T13:20:00.0,2026-01-12T18:57:45.531,"Any[53, 45, 37, 30, 25, 19, 11, 6, 1]",53,1
1721,2026-01-10T13:20:00.0,2026-01-26T18:57:45.531,"Any[36, 31, 15, 12]",36,12
1725,2026-01-10T13:20:00.0,2026-01-19T18:57:45.531,"Any[53, 45, 37, 30, 25, 19, 11, 6, 1]",53,1
1730,2026-01-10T13:20:00.0,2026-01-26T18:57:45.531,"Any[53, 45, 37, 30, 25, 19, 11, 6, 1]",53,1
1732,2026-01-10T13:20:00.0,2026-01-19T18:57:45.531,"Any[53, 45, 37, 30, 25, 19, 10]",53,10
1738,2026-01-10T13:20:00.0,2026-01-19T18:57:45.531,"Any[53, 45, 37, 30, 25, 19, 10]",53,10
1744,2026-01-10T13:20:00.0,2026-01-19T18:57:45.531,"Any[26, 31, 36, 44, 54]",26,54
1749,2026-01-10T13:20:00.0,2026-02-02T18:57:45.531,"Any[26, 31, 36, 44]",26,44
1753,2026-01-10T13:20:00.0,2026-01-26T18:57:45.531,"Any[18, 26, 31, 36, 44, 54]",18,54
1813,2026-01-10T13:20:00.0,2026-01-12T18:57:45.531,Any[],60,7
2394,2026-01-10T13:20:00.0,2026-02-02T18:57:45.531,"Any[53, 45, 37, 30, 25, 19, 11, 6, 5]",53,5
2401,2026-01-10T13:20:00.0,2026-02-02T18:57:45.531,"Any[56, 45, 37, 30, 25, 19, 10]",56,10
2405,2026-01-10T13:20:00.0,2026-01-26T18:57:45.531,"Any[56, 45, 37, 30, 25, 19, 10]",56,10
2408,2026-01-10T13:20:00.0,2026-02-02T18:57:45.531,"Any[56, 45, 37, 30, 25, 19, 10]",56,10
2415,2026-01-10T13:20:00.0,2026-01-12T18:57:45.531,"Any[56, 45, 37, 30, 25, 19, 10]",56,10
2418,2026-01-10T13:20:00.0,2026-01-12T18:57:45.531,"Any[56, 45, 37, 30, 25, 19, 10]",56,10
2421,2026-01-10T13:20:00.0,2026-01-12T18:57:45.531,"Any[56, 45, 37, 30, 25, 19, 13, 8, 7]",56,7
2422,2026-01-10T13:20:00.0,2026-01-26T18:57:45.531,"Any[56, 45, 37, 30, 25, 19, 13, 8, 7]",56,7
2424,2026-01-10T13:20:00.0,2026-01-19T18:57:45.531,"Any[56, 45, 37, 30, 25, 19, 13, 8, 7]",56,7
2428,2026-01-10T13:20:00.0,2026-02-02T18:57:45.531,"Any[56, 45, 37, 30, 25, 19, 13, 8, 7]",56,7
2433,2026-01-10T13:20:00.0,2026-01-12T18:57:45.531,"Any[56, 45, 37, 30, 25, 19, 13, 8, 7]",56,7
2435,2026-01-10T13:20:00.0,2026-02-02T18:57:45.531,"Any[56, 45, 37, 30, 25, 19, 13, 8, 7]",56,7
2439,2026-01-10T13:20:00.0,2026-01-12T18:57:45.531,"Any[56, 45, 37, 30, 25, 19, 13, 8, 7]",56,7
2442,2026-01-10T13:20:00.0,2026-02-02T18:57:45.531,"Any[56, 45, 37, 30, 25, 19, 13, 8, 7]",56,7
2448,2026-01-10T13:20:00.0,2026-01-19T18:57:45.531,"Any[56, 45, 37, 30, 25, 19, 13, 8, 7]",56,7
2449,2026-01-10T13:20:00.0,2026-01-26T18:57:45.531,"Any[56, 45, 37, 30, 25, 19, 13, 8, 7]",56,7
2453,2026-01-10T13:20:00.0,2026-01-12T18:57:45.531,"Any[56, 45, 37, 30, 25, 19, 13, 8, 7]",56,7
2455,2026-01-10T13:20:00.0,2026-01-19T18:57:45.531,"Any[56, 45, 37, 30, 25, 19, 13, 8, 7]",56,7
2460,2026-01-10T13:20:00.0,2026-01-19T18:57:45.531,"Any[56, 45, 37, 30, 25, 19, 13, 8, 7]",56,7
2463,2026-01-10T13:20:00.0,2026-01-26T18:57:45.531,"Any[56, 45, 37, 30, 25, 19, 13, 8, 7]",56,7
2474,2026-01-10T13:20:00.0,2026-01-19T18:57:45.531,"Any[26, 31, 36, 44]",26,44
2478,2026-01-10T13:20:00.0,2026-02-02T18:57:45.531,"Any[26, 31, 36, 44]",26,44
2482,2026-01-10T13:20:00.0,2026-01-26T18:57:45.531,"Any[26, 31, 36, 44]",26,44
2485,2026-01-10T13:20:00.0,2026-01-19T18:57:45.531,"Any[26, 31, 36, 44]",26,44
2489,2026-01-10T13:20:00.0,2026-01-12T18:57:45.531,"Any[26, 31, 36, 44]",26,44
2501,2026-01-10T13:20:00.0,2026-01-12T18:57:45.531,"Any[26, 31, 36, 44]",26,44
2505,2026-01-10T13:20:00.0,2026-01-12T18:57:45.531,"Any[26, 31, 36, 44]",26,44
2509,2026-01-10T13:20:00.0,2026-01-12T18:57:45.531,"Any[26, 31, 36, 44]",26,44
2512,2026-01-10T13:20:00.0,2026-01-19T18:57:45.531,"Any[26, 31, 36, 44]",26,44
2517,2026-01-10T13:20:00.0,2026-01-12T18:57:45.531,"Any[26, 31, 36, 44]",26,44
2538,2026-01-10T13:20:00.0,2026-01-12T18:57:45.531,"Any[26, 31, 36, 44]",26,44
2543,2026-01-10T13:20:00.0,2026-02-02T18:57:45.531,"Any[26, 31, 36, 44]",26,44
2544,2026-01-10T13:20:00.0,2026-02-02T18:57:45.531,"Any[26, 31, 36, 44]",26,44
2547,2026-01-10T13:20:00.0,2026-01-26T18:57:45.531,"Any[26, 31, 36, 44]",26,44
2552,2026-01-10T13:20:00.0,2026-01-26T18:57:45.531,"Any[26, 31, 36, 44]",26,44
2562,2026-01-10T13:20:00.0,2026-01-26T18:57:45.531,"Any[26, 31, 36, 44]",26,44
2565,2026-01-10T13:20:00.0,2026-01-26T18:57:45.531,"Any[26, 31, 36, 44]",26,44
2572,2026-01-10T13:20:00.0,2026-01-12T18:57:45.531,"Any[26, 31, 36, 44]",26,44
2581,2026-01-10T13:20:00.0,2026-01-26T18:57:45.531,"Any[26, 31, 36, 44]",26,44
2591,2026-01-10T13:20:00.0,2026-01-12T18:57:45.531,"Any[26, 31, 36, 44]",26,44
2599,2026-01-10T13:20:00.0,2026-01-12T18:57:45.531,"Any[26, 31, 36, 44]",26,44
2601,2026-01-10T13:20:00.0,2026-02-02T18:57:45.531,"Any[26, 31, 36, 44]",26,44
2614,2026-01-10T13:20:00.0,2026-01-12T18:57:45.531,"Any[26, 31, 36, 44]",26,44
2620,2026-01-10T13:20:00.0,2026-02-02T18:57:45.531,"Any[26, 31, 36, 44]",26,44
2627,2026-01-10T13:20:00.0,2026-01-19T18:57:45.531,"Any[26, 31, 36, 44]",26,44
2636,2026-01-10T13:20:00.0,2026-01-26T18:57:45.531,"Any[26, 31, 36, 44]",26,44
2639,2026-01-10T13:20:00.0,2026-02-02T18:57:45.531,"Any[26, 31, 36, 44]",26,44
2640,2026-01-10T13:20:00.0,2026-01-26T18:57:45.531,"Any[26, 31, 36, 44]",26,44
2714,2026-01-10T13:20:00.0,2026-01-12T18:57:45.531,Any[],12,54
2894,2026-01-10T13:20:00.0,2026-02-02T18:57:45.531,Any[],12,54
3166,2026-01-10T13:20:00.0,2026-01-19T18:57:45.531,Any[],12,54
2066,2026-01-10T13:21:00.0,2026-01-12T18:58:45.531,Any[],54,12
2115,2026-01-10T13:21:00.0,2026-01-26T18:58:45.531,Any[],54,12
1890,2026-01-10T13:22:00.0,2026-01-19T18:59:45.531,Any[],54,12
2059,2026-01-10T13:22:00.0,2026-01-19T18:59:45.531,Any[],54,12
2392,2026-01-10T13:22:00.0,2026-01-19T18:59:45.531,Any[],54,12
2704,2026-01-10T13:22:00.0,2026-01-19T18:59:45.531,Any[],12,54
2784,2026-01-10T13:22:00.0,2026-02-02T18:59:45.531,Any[],12,54
3100,2026-01-10T13:22:00.0,2026-01-26T18:59:45.531,Any[],12,54
1840,2026-01-10T13:23:00.0,2026-01-19T19:00:45.531,Any[],60,7
1946,2026-01-10T13:23:00.0,2026-01-12T19:00:45.531,Any[],54,12
2877,2026-01-10T13:23:00.0,2026-01-12T19:00:45.531,Any[],12,54
3200,2026-01-10T13:23:00.0,2026-01-12T19:00:45.531,Any[],12,54
2276,2026-01-10T13:24:00.0,2026-01-26T19:01:45.531,Any[],54,12
3135,2026-01-10T13:24:00.0,2026-01-12T19:01:45.531,Any[],12,54
2755,2026-01-10T13:26:00.0,2026-01-12T19:03:45.531,Any[],12,54
3063,2026-01-10T13:26:00.0,2026-01-19T19:03:45.531,Any[],12,54
3064,2026-01-10T13:26:00.0,2026-02-02T19:03:45.531,Any[],12,54
3108,2026-01-10T13:26:00.0,2026-02-02T19:03:45.531,Any[],12,54
2930,2026-01-10T13:27:00.0,2026-01-12T19:04:45.531,Any[],12,54
1932,2026-01-10T13:28:00.0,2026-01-19T19:05:45.531,Any[],54,12
2118,2026-01-10T13:29:00.0,2026-01-19T19:06:45.531,Any[],54,12
3055,2026-01-10T13:30:00.0,2026-02-02T19:07:45.531,Any[],12,54
3109,2026-01-10T13:30:00.0,2026-01-12T19:07:45.531,Any[],12,54
2140,2026-01-10T13:31:00.0,2026-01-26T19:08:45.531,Any[],54,12
2234,2026-01-10T13:31:00.0,2026-01-26T19:08:45.531,Any[],54,12
2359,2026-01-10T13:31:00.0,2026-02-02T19:08:45.531,Any[],54,12
2821,2026-01-10T13:31:00.0,2026-01-26T19:08:45.531,Any[],12,54
3156,2026-01-10T13:31:00.0,2026-02-02T19:08:45.531,Any[],12,54
2679,2026-01-10T13:32:00.0,2026-02-02T19:09:45.531,Any[],12,54
2010,2026-01-10T13:33:00.0,2026-01-19T19:10:45.531,Any[],54,12
2029,2026-01-10T13:33:00.0,2026-01-19T19:10:45.531,Any[],54,12
2999,2026-01-10T13:33:00.0,2026-01-12T19:10:45.531,Any[],12,54
3020,2026-01-10T13:33:00.0,2026-01-26T19:10:45.531,Any[],12,54
1846,2026-01-10T13:34:00.0,2026-01-26T19:11:45.531,Any[],60,7
2026,2026-01-10T13:34:00.0,2026-02-02T19:11:45.531,Any[],54,12
2256,2026-01-10T13:34:00.0,2026-02-02T19:11:45.531,Any[],54,12
2833,2026-01-10T13:34:00.0,2026-01-19T19:11:45.531,Any[],12,54
3137,2026-01-10T13:34:00.0,2026-02-02T19:11:45.531,Any[],12,54
3101,2026-01-10T13:36:00.0,2026-01-19T19:13:45.531,Any[],12,54
1885,2026-01-10T13:37:00.0,2026-01-26T19:14:45.531,Any[],54,12
1937,2026-01-10T13:37:00.0,2026-01-12T19:14:45.531,Any[],54,12
1942,2026-01-10T13:37:00.0,2026-01-19T19:14:45.531,Any[],54,12
2008,2026-01-10T13:37:00.0,2026-01-26T19:14:45.531,Any[],54,12
2053,2026-01-10T13:38:00.0,2026-02-02T19:15:45.531,Any[],54,12
2263,2026-01-10T13:38:00.0,2026-02-02T19:15:45.531,Any[],54,12
2326,2026-01-10T13:38:00.0,2026-01-19T19:15:45.531,Any[],54,12
2778,2026-01-10T13:38:00.0,2026-02-02T19:15:45.531,Any[],12,54
1868,2026-01-10T13:39:00.0,2026-01-19T19:16:45.531,Any[],54,12
2330,2026-01-10T13:39:00.0,2026-02-02T19:16:45.531,Any[],54,12
2658,2026-01-10T13:39:00.0,2026-01-19T19:16:45.531,Any[],12,54
2737,2026-01-10T13:39:00.0,2026-01-12T19:16:45.531,Any[],12,54
2765,2026-01-10T13:39:00.0,2026-01-19T19:16:45.531,Any[],12,54
2798,2026-01-10T13:39:00.0,2026-01-19T19:16:45.531,Any[],12,54
2853,2026-01-10T13:40:00.0,2026-01-12T19:17:45.531,Any[],12,54
3070,2026-01-10T13:40:00.0,2026-02-02T19:17:45.531,Any[],12,54
2774,2026-01-10T13:41:00.0,2026-02-02T19:18:45.531,Any[],12,54
2852,2026-01-10T13:41:00.0,2026-01-19T19:18:45.531,Any[],12,54
2071,2026-01-10T13:42:00.0,2026-02-02T19:19:45.531,Any[],54,12
2195,2026-01-10T13:42:00.0,2026-01-19T19:19:45.531,Any[],54,12
2301,2026-01-10T13:42:00.0,2026-01-26T19:19:45.531,Any[],54,12
2079,2026-01-10T13:43:00.0,2026-01-12T19:20:45.531,Any[],54,12
2104,2026-01-10T13:43:00.0,2026-02-02T19:20:45.531,Any[],54,12
1834,2026-01-10T13:44:00.0,2026-02-02T19:21:45.531,Any[],60,7
2082,2026-01-10T13:44:00.0,2026-01-19T19:21:45.531,Any[],54,12
2147,2026-01-10T13:44:00.0,2026-01-26T19:21:45.531,Any[],54,12
2174,2026-01-10T13:44:00.0,2026-02-02T19:21:45.531,Any[],54,12
1793,2026-01-10T13:45:00.0,2026-01-12T19:22:45.531,Any[],60,7
1886,2026-01-10T13:45:00.0,2026-01-19T19:22:45.531,Any[],54,12
2065,2026-01-10T13:45:00.0,2026-01-26T19:22:45.531,Any[],54,12
2083,2026-01-10T13:46:00.0,2026-02-02T19:23:45.531,Any[],54,12
2819,2026-01-10T13:46:00.0,2026-01-12T19:23:45.531,Any[],12,54
1779,2026-01-10T13:48:00.0,2026-02-02T19:25:45.531,Any[],60,7
1954,2026-01-10T13:48:00.0,2026-01-12T19:25:45.531,Any[],54,12
2130,2026-01-10T13:48:00.0,2026-01-19T19:25:45.531,Any[],54,12
2694,2026-01-10T13:48:00.0,2026-01-12T19:25:45.531,Any[],12,54
1802,2026-01-10T13:50:00.0,2026-01-12T19:27:45.531,Any[],60,7
2709,2026-01-10T13:50:00.0,2026-01-12T19:27:45.531,Any[],12,54
3050,2026-01-10T13:50:00.0,2026-01-12T19:27:45.531,Any[],12,54
3133,2026-01-10T13:50:00.0,2026-01-12T19:27:45.531,Any[],12,54
2323,2026-01-10T13:51:00.0,2026-02-02T19:28:45.531,Any[],54,12
2771,2026-01-10T13:51:00.0,2026-02-02T19:28:45.531,Any[],12,54
3119,2026-01-10T13:51:00.0,2026-02-02T19:28:45.531,Any[],12,54
2199,2026-01-10T13:52:00.0,2026-01-26T19:29:45.531,Any[],54,12
2388,2026-01-10T13:52:00.0,2026-02-02T19:29:45.531,Any[],54,12
2777,2026-01-10T13:52:00.0,2026-01-19T19:29:45.531,Any[],12,54
1797,2026-01-10T13:53:00.0,2026-02-02T19:30:45.531,Any[],60,7
2201,2026-01-10T13:53:00.0,2026-01-12T19:30:45.531,Any[],54,12
2279,2026-01-10T13:53:00.0,2026-01-26T19:30:45.531,Any[],54,12
2827,2026-01-10T13:53:00.0,2026-02-02T19:30:45.531,Any[],12,54
2866,2026-01-10T13:53:00.0,2026-02-02T19:30:45.531,Any[],12,54
2868,2026-01-10T13:53:00.0,2026-01-12T19:30:45.531,Any[],12,54
2892,2026-01-10T13:53:00.0,2026-01-26T19:30:45.531,Any[],12,54
2013,2026-01-10T13:54:00.0,2026-01-26T19:31:45.531,Any[],54,12
2222,2026-01-10T13:54:00.0,2026-02-02T19:31:45.531,Any[],54,12
2738,2026-01-10T13:54:00.0,2026-02-02T19:31:45.531,Any[],12,54
2813,2026-01-10T13:54:00.0,2026-01-12T19:31:45.531,Any[],12,54
2976,2026-01-10T13:54:00.0,2026-01-19T19:31:45.531,Any[],12,54
3132,2026-01-10T13:54:00.0,2026-02-02T19:31:45.531,Any[],12,54
1778,2026-01-10T13:55:00.0,2026-01-26T19:32:45.531,Any[],60,7
2924,2026-01-10T13:55:00.0,2026-01-19T19:32:45.531,Any[],12,54
2935,2026-01-10T13:55:00.0,2026-02-02T19:32:45.531,Any[],12,54
3118,2026-01-10T13:55:00.0,2026-01-12T19:32:45.531,Any[],12,54
2859,2026-01-10T13:56:00.0,2026-02-02T19:33:45.531,Any[],12,54
3152,2026-01-10T13:56:00.0,2026-01-26T19:33:45.531,Any[],12,54
2895,2026-01-10T13:57:00.0,2026-01-19T19:34:45.531,Any[],12,54
3117,2026-01-10T13:57:00.0,2026-01-26T19:34:45.531,Any[],12,54
3148,2026-01-10T13:57:00.0,2026-01-19T19:34:45.531,Any[],12,54
1889,2026-01-10T13:58:00.0,2026-01-26T19:35:45.531,Any[],54,12
3022,2026-01-10T13:58:00.0,2026-01-19T19:35:45.531,Any[],12,54
2698,2026-01-10T13:59:00.0,2026-01-12T19:36:45.531,Any[],12,54
2855,2026-01-10T13:59:00.0,2026-01-19T19:36:45.531,Any[],12,54
3013,2026-01-10T13:59:00.0,2026-02-02T19:36:45.531,Any[],12,54
2203,2026-01-14T07:02:00.0,2026-01-16T12:39:45.531,Any[],54,12
2951,2026-01-14T07:04:00.0,2026-01-09T12:41:45.531,Any[],12,54
28,2026-01-14T07:06:40.0,2026-01-23T12:44:25.531,"Any[26, 31, 36]",26,36
31,2026-01-14T07:06:40.0,2026-01-23T12:44:25.531,"Any[26, 31, 36, 44, 54]",26,54
68,2026-01-14T07:06:40.0,2026-01-16T12:44:25.531,"Any[56, 45, 37, 30, 25, 19, 10]",56,10
77,2026-01-14T07:06:40.0,2026-01-23T12:44:25.531,"Any[53, 45, 37, 30, 25, 19, 10]",53,10
88,2026-01-14T07:06:40.0,2026-01-30T12:44:25.531,"Any[26, 31, 36, 44, 54]",26,54
91,2026-01-14T07:06:40.0,2026-01-23T12:44:25.531,"Any[53, 45, 37, 30, 25, 19, 11, 6, 1]",53,1
102,2026-01-14T07:06:40.0,2026-01-23T12:44:25.531,"Any[26, 31, 36, 44, 54]",26,54
107,2026-01-14T07:06:40.0,2026-01-16T12:44:25.531,"Any[10, 19, 25, 30, 37, 45, 53]",10,53
196,2026-01-14T07:06:40.0,2026-01-30T12:44:25.531,"Any[53, 45, 37, 30, 25, 19, 11, 6, 1]",53,1
206,2026-01-14T07:06:40.0,2026-01-16T12:44:25.531,"Any[10, 19, 25, 30, 37, 45, 53]",10,53
251,2026-01-14T07:06:40.0,2026-01-16T12:44:25.531,"Any[7, 8, 13, 19, 25, 30, 37, 45, 53]",7,53
316,2026-01-14T07:06:40.0,2026-01-16T12:44:25.531,"Any[53, 45, 37, 30, 25, 19, 10]",53,10
330,2026-01-14T07:06:40.0,2026-01-09T12:44:25.531,"Any[56, 45, 37, 30, 25, 19, 10]",56,10
332,2026-01-14T07:06:40.0,2026-01-09T12:44:25.531,"Any[53, 45, 37, 30, 25, 19, 11, 6, 1]",53,1
341,2026-01-14T07:06:40.0,2026-01-09T12:44:25.531,"Any[26, 31, 36, 44]",26,44
396,2026-01-14T07:06:40.0,2026-01-16T12:44:25.531,"Any[53, 45, 37, 30, 25, 19, 10]",53,10
412,2026-01-14T07:06:40.0,2026-01-09T12:44:25.531,"Any[53, 45, 37, 30, 25, 19, 11, 10, 11, 6, 1]",53,1
418,2026-01-14T07:06:40.0,2026-01-16T12:44:25.531,"Any[53, 45, 37, 30, 25, 19, 11, 6, 1]",53,1
419,2026-01-14T07:06:40.0,2026-01-09T12:44:25.531,"Any[53, 45, 37, 30, 25, 19, 10]",53,10
437,2026-01-14T07:06:40.0,2026-01-23T12:44:25.531,"Any[7, 8, 13, 19, 25, 30, 37, 45, 53]",7,53
466,2026-01-14T07:06:40.0,2026-01-23T12:44:25.531,"Any[53, 45, 37, 30, 25, 19, 11, 6, 1]",53,1
473,2026-01-14T07:06:40.0,2026-01-23T12:44:25.531,"Any[10, 19, 25, 30, 37, 45, 53]",10,53
487,2026-01-14T07:06:40.0,2026-01-09T12:44:25.531,"Any[56, 45, 37, 30, 25, 19, 10]",56,10
517,2026-01-14T07:06:40.0,2026-01-23T12:44:25.531,"Any[53, 45, 37, 30, 25, 19, 10]",53,10
533,2026-01-14T07:06:40.0,2026-01-23T12:44:25.531,"Any[53, 45, 37, 30, 25, 19, 10]",53,10
559,2026-01-14T07:06:40.0,2026-01-23T12:44:25.531,"Any[26, 31, 36, 44, 54]",26,54
569,2026-01-14T07:06:40.0,2026-01-23T12:44:25.531,"Any[10, 19, 25, 30, 37, 45, 53]",10,53
579,2026-01-14T07:06:40.0,2026-01-30T12:44:25.531,"Any[56, 45, 37, 30, 25, 19, 10]",56,10
612,2026-01-14T07:06:40.0,2026-01-30T12:44:25.531,"Any[53, 45, 37, 30, 25, 19, 11, 6, 3, 1]",53,1
641,2026-01-14T07:06:40.0,2026-01-09T12:44:25.531,"Any[18, 26, 31, 36, 44, 54]",18,54
665,2026-01-14T07:06:40.0,2026-01-23T12:44:25.531,"Any[1, 6, 11, 19, 23, 36, 44, 54, 60]",1,60
703,2026-01-14T07:06:40.0,2026-01-30T12:44:25.531,"Any[10, 19, 25, 30, 37, 45, 53]",10,53
730,2026-01-14T07:06:40.0,2026-01-30T12:44:25.531,"Any[53, 45, 37, 30, 25, 19, 10]",53,10
744,2026-01-14T07:06:40.0,2026-01-30T12:44:25.531,"Any[56, 45, 37, 30, 25, 19, 10]",56,10
754,2026-01-14T07:06:40.0,2026-01-23T12:44:25.531,"Any[53, 45, 37, 30, 25, 19, 11, 6, 1]",53,1
779,2026-01-14T07:06:40.0,2026-01-16T12:44:25.531,"Any[10, 19, 25, 30, 37, 45, 53]",10,53
823,2026-01-14T07:06:40.0,2026-01-16T12:44:25.531,"Any[1, 6, 11, 16, 25, 30, 37, 45, 56]",1,56
847,2026-01-14T07:06:40.0,2026-01-16T12:44:25.531,"Any[45, 37, 30, 25, 19, 10]",45,10
850,2026-01-14T07:06:40.0,2026-01-16T12:44:25.531,"Any[56, 45, 37, 30, 25, 19, 10]",56,10
865,2026-01-14T07:06:40.0,2026-01-23T12:44:25.531,"Any[53, 45, 37, 30, 25, 19, 10]",53,10
884,2026-01-14T07:06:40.0,2026-01-23T12:44:25.531,"Any[26, 31, 36]",26,36
927,2026-01-14T07:06:40.0,2026-01-16T12:44:25.531,"Any[53, 45, 37, 30, 25, 19, 10]",53,10
928,2026-01-14T07:06:40.0,2026-01-30T12:44:25.531,"Any[53, 45, 37, 30, 25, 19, 10]",53,10
942,2026-01-14T07:06:40.0,2026-01-30T12:44:25.531,"Any[53, 45, 37, 30, 25, 19, 10]",53,10
949,2026-01-14T07:06:40.0,2026-01-30T12:44:25.531,"Any[10, 19, 25, 30, 37, 45, 53]",10,53
956,2026-01-14T07:06:40.0,2026-01-09T12:44:25.531,"Any[53, 45, 37, 30, 25, 19, 10]",53,10
971,2026-01-14T07:06:40.0,2026-01-23T12:44:25.531,"Any[53, 45, 37, 30, 25, 19, 10]",53,10
981,2026-01-14T07:06:40.0,2026-01-16T12:44:25.531,"Any[53, 45, 37, 30, 25, 19, 10]",53,10
990,2026-01-14T07:06:40.0,2026-01-23T12:44:25.531,"Any[45, 37, 30, 25, 19, 10]",45,10
996,2026-01-14T07:06:40.0,2026-01-16T12:44:25.531,"Any[10, 19, 30, 37, 45, 53]",10,53
997,2026-01-14T07:06:40.0,2026-01-30T12:44:25.531,"Any[53, 45, 37, 30, 25, 19, 10]",53,10
1029,2026-01-14T07:06:40.0,2026-01-30T12:44:25.531,"Any[7, 8, 13, 19, 25, 30, 37, 45, 53]",7,53
1042,2026-01-14T07:06:40.0,2026-01-23T12:44:25.531,"Any[56, 45, 37, 30, 25, 19, 10]",56,10
1084,2026-01-14T07:06:40.0,2026-01-09T12:44:25.531,"Any[7, 8, 13, 19, 25, 30, 37, 45, 53]",7,53
1102,2026-01-14T07:06:40.0,2026-01-16T12:44:25.531,"Any[53, 45, 37, 30, 25, 19, 10]",53,10
1120,2026-01-14T07:06:40.0,2026-01-16T12:44:25.531,"Any[10, 19, 25, 30, 37, 45, 53]",10,53
1138,2026-01-14T07:06:40.0,2026-01-09T12:44:25.531,"Any[26, 31, 36, 44, 54]",26,54
1167,2026-01-14T07:06:40.0,2026-01-30T12:44:25.531,"Any[53, 45, 37, 30, 25, 19, 10]",53,10
1178,2026-01-14T07:06:40.0,2026-01-09T12:44:25.531,"Any[7, 8, 13, 19, 25, 30, 37, 45, 53]",7,53
1216,2026-01-14T07:06:40.0,2026-01-23T12:44:25.531,"Any[10, 19, 25, 30, 37, 45, 53]",10,53
1299,2026-01-14T07:06:40.0,2026-01-23T12:44:25.531,"Any[53, 45, 37, 30, 25, 19, 11, 6, 1]",53,1
1301,2026-01-14T07:06:40.0,2026-01-16T12:44:25.531,"Any[10, 19, 30, 37, 45, 53]",10,53
1311,2026-01-14T07:06:40.0,2026-01-09T12:44:25.531,"Any[56, 45, 37, 30, 25, 19, 10]",56,10
1329,2026-01-14T07:06:40.0,2026-01-23T12:44:25.531,"Any[1, 6, 11, 19, 23, 28, 36, 44, 60]",1,60
1337,2026-01-14T07:06:40.0,2026-01-16T12:44:25.531,"Any[7, 8, 13, 19, 25, 30, 37, 45, 53]",7,53
1365,2026-01-14T07:06:40.0,2026-01-16T12:44:25.531,"Any[10, 19, 25, 30, 37, 45, 53]",10,53
1378,2026-01-14T07:06:40.0,2026-01-30T12:44:25.531,"Any[1, 6, 11, 19, 25, 30, 37, 45, 56]",1,56
1408,2026-01-14T07:06:40.0,2026-01-30T12:44:25.531,"Any[7, 8, 13, 19, 25, 30, 37, 45, 53]",7,53
1424,2026-01-14T07:06:40.0,2026-01-09T12:44:25.531,"Any[1, 6, 11, 19, 23, 28, 36, 44, 60]",1,60
1465,2026-01-14T07:06:40.0,2026-01-09T12:44:25.531,"Any[10, 19, 30, 37, 45, 53]",10,53
1483,2026-01-14T07:06:40.0,2026-01-16T12:44:25.531,"Any[10, 19, 25, 30, 37, 45, 53]",10,53
1486,2026-01-14T07:06:40.0,2026-01-30T12:44:25.531,"Any[7, 8, 13, 19, 25, 30, 37, 45, 53]",7,53
1528,2026-01-14T07:06:40.0,2026-01-16T12:44:25.531,"Any[10, 19, 30, 37, 45, 53]",10,53
1560,2026-01-14T07:06:40.0,2026-01-23T12:44:25.531,"Any[7, 8, 13, 19, 25, 30, 37, 45, 53]",7,53
1566,2026-01-14T07:06:40.0,2026-01-30T12:44:25.531,"Any[53, 45, 37, 30, 25, 19, 10]",53,10
1576,2026-01-14T07:06:40.0,2026-01-16T12:44:25.531,"Any[10, 19, 25, 30, 37, 45, 53]",10,53
1636,2026-01-14T07:06:40.0,2026-01-09T12:44:25.531,"Any[53, 45, 37, 30, 25, 19, 11, 6, 1]",53,1
1655,2026-01-14T07:06:40.0,2026-01-30T12:44:25.531,"Any[45, 37, 30, 25, 19, 10]",45,10
1665,2026-01-14T07:06:40.0,2026-01-30T12:44:25.531,"Any[10, 19, 25, 30, 37, 45, 53]",10,53
1669,2026-01-14T07:06:40.0,2026-01-23T12:44:25.531,"Any[10, 19, 25, 30, 37, 45, 53]",10,53
1695,2026-01-14T07:06:40.0,2026-01-09T12:44:25.531,"Any[10, 19, 30, 37, 45, 53]",10,53
1728,2026-01-14T07:06:40.0,2026-01-09T12:44:25.531,"Any[53, 45, 37, 30, 25, 19, 11, 6, 1]",53,1
1729,2026-01-14T07:06:40.0,2026-01-30T12:44:25.531,"Any[53, 45, 37, 30, 25, 19, 10]",53,10
2416,2026-01-14T07:06:40.0,2026-01-16T12:44:25.531,"Any[56, 45, 37, 30, 25, 19, 10]",56,10
2419,2026-01-14T07:06:40.0,2026-01-23T12:44:25.531,"Any[56, 45, 37, 30, 25, 19, 10]",56,10
2471,2026-01-14T07:06:40.0,2026-01-16T12:44:25.531,"Any[26, 31, 36, 44]",26,44
2484,2026-01-14T07:06:40.0,2026-01-16T12:44:25.531,"Any[26, 31, 36, 44]",26,44
2495,2026-01-14T07:06:40.0,2026-01-30T12:44:25.531,"Any[26, 31, 36, 44]",26,44
2513,2026-01-14T07:06:40.0,2026-01-23T12:44:25.531,"Any[26, 31, 36, 44]",26,44
2534,2026-01-14T07:06:40.0,2026-01-09T12:44:25.531,"Any[26, 31, 36, 44]",26,44
2585,2026-01-14T07:06:40.0,2026-01-09T12:44:25.531,"Any[26, 31, 36, 44]",26,44
2609,2026-01-14T07:06:40.0,2026-01-30T12:44:25.531,"Any[26, 31, 36, 44]",26,44
1987,2026-01-14T07:08:00.0,2026-01-16T12:45:45.531,Any[],54,12
2781,2026-01-14T07:09:00.0,2026-01-16T12:46:45.531,Any[],12,54
1997,2026-01-14T07:14:00.0,2026-01-23T12:51:45.531,Any[],54,12
3125,2026-01-14T07:19:00.0,2026-01-16T12:56:45.531,Any[],12,54
1923,2026-01-14T07:30:00.0,2026-01-16T13:07:45.531,Any[],54,12
2105,2026-01-14T07:31:00.0,2026-01-23T13:08:45.531,Any[],54,12
1830,2026-01-14T07:33:00.0,2026-01-16T13:10:45.531,Any[],60,7
2093,2026-01-14T07:33:00.0,2026-01-16T13:10:45.531,Any[],54,12
1913,2026-01-14T07:35:00.0,2026-01-30T13:12:45.531,Any[],54,12
2920,2026-01-14T07:36:00.0,2026-01-30T13:13:45.531,Any[],12,54
2644,2026-01-14T07:39:00.0,2026-01-09T13:16:45.531,Any[],15,43
3094,2026-01-14T07:45:00.0,2026-01-23T13:22:45.531,Any[],12,54
2218,2026-01-14T07:50:00.0,2026-01-09T13:27:45.531,Any[],54,12
3153,2026-01-14T07:50:00.0,2026-01-23T13:27:45.531,Any[],12,54
1874,2026-01-14T07:54:00.0,2026-01-23T13:31:45.531,Any[],54,12
2893,2026-01-14T07:57:00.0,2026-01-16T13:34:45.531,Any[],12,54
2676,2026-01-14T13:00:00.0,2026-01-30T18:37:45.531,Any[],12,54
3139,2026-01-14T13:00:00.0,2026-01-30T18:37:45.531,Any[],12,54
3188,2026-01-14T13:01:00.0,2026-01-23T18:38:45.531,Any[],12,54
3038,2026-01-14T13:02:00.0,2026-01-23T18:39:45.531,Any[],12,54
3110,2026-01-14T13:02:00.0,2026-01-30T18:39:45.531,Any[],12,54
1872,2026-01-14T13:05:00.0,2026-01-16T18:42:45.531,Any[],54,12
1862,2026-01-14T13:06:00.0,2026-01-16T18:43:45.531,Any[],54,12
2362,2026-01-14T13:06:00.0,2026-01-16T18:43:45.531,Any[],54,12
1769,2026-01-14T13:07:00.0,2026-01-23T18:44:45.531,Any[],60,7
2096,2026-01-14T13:07:00.0,2026-01-16T18:44:45.531,Any[],54,12
1859,2026-01-14T13:11:00.0,2026-01-16T18:48:45.531,Any[],54,12
2668,2026-01-14T13:11:00.0,2026-01-30T18:48:45.531,Any[],12,54
3012,2026-01-14T13:13:00.0,2026-01-09T18:50:45.531,Any[],12,54
2051,2026-01-14T13:14:00.0,2026-01-30T18:51:45.531,Any[],54,12
2814,2026-01-14T13:15:00.0,2026-01-09T18:52:45.531,Any[],12,54
1801,2026-01-14T13:16:00.0,2026-01-23T18:53:45.531,Any[],60,7
2265,2026-01-14T13:18:00.0,2026-01-09T18:55:45.531,Any[],54,12
1975,2026-01-14T13:24:00.0,2026-01-30T19:01:45.531,Any[],54,12
1782,2026-01-14T13:25:00.0,2026-01-09T19:02:45.531,Any[],60,7
2956,2026-01-14T13:25:00.0,2026-01-30T19:02:45.531,Any[],12,54
3019,2026-01-14T13:28:00.0,2026-01-30T19:05:45.531,Any[],12,54
2109,2026-01-14T13:29:00.0,2026-01-09T19:06:45.531,Any[],54,12
2108,2026-01-14T13:30:00.0,2026-01-16T19:07:45.531,Any[],54,12
2387,2026-01-14T13:31:00.0,2026-01-16T19:08:45.531,Any[],54,12
1970,2026-01-14T13:32:00.0,2026-01-30T19:09:45.531,Any[],54,12
2969,2026-01-14T13:33:00.0,2026-01-30T19:10:45.531,Any[],12,54
2688,2026-01-14T13:34:00.0,2026-01-09T19:11:45.531,Any[],12,54
2303,2026-01-14T13:37:00.0,2026-01-23T19:14:45.531,Any[],54,12
3002,2026-01-14T13:37:00.0,2026-01-30T19:14:45.531,Any[],12,54
3106,2026-01-14T13:38:00.0,2026-01-30T19:15:45.531,Any[],12,54
1999,2026-01-14T13:39:00.0,2026-01-09T19:16:45.531,Any[],54,12
2660,2026-01-14T13:40:00.0,2026-01-09T19:17:45.531,Any[],12,54
3136,2026-01-14T13:40:00.0,2026-01-09T19:17:45.531,Any[],12,54
1960,2026-01-14T13:41:00.0,2026-01-16T19:18:45.531,Any[],54,12
1841,2026-01-14T13:42:00.0,2026-01-30T19:19:45.531,Any[],60,7
3074,2026-01-14T13:42:00.0,2026-01-30T19:19:45.531,Any[],12,54
2259,2026-01-14T13:44:00.0,2026-01-16T19:21:45.531,Any[],54,12
2811,2026-01-14T13:44:00.0,2026-01-16T19:21:45.531,Any[],12,54
1785,2026-01-14T13:45:00.0,2026-01-09T19:22:45.531,Any[],60,7
2184,2026-01-14T13:46:00.0,2026-01-16T19:23:45.531,Any[],54,12
2715,2026-01-14T13:49:00.0,2026-01-16T19:26:45.531,Any[],12,54
2692,2026-01-14T13:51:00.0,2026-01-09T19:28:45.531,Any[],12,54
3034,2026-01-14T13:52:00.0,2026-01-30T19:29:45.531,Any[],12,54
2310,2026-01-14T13:53:00.0,2026-01-23T19:30:45.531,Any[],54,12
2674,2026-01-14T13:53:00.0,2026-01-09T19:30:45.531,Any[],12,54
2682,2026-01-14T13:54:00.0,2026-01-16T19:31:45.531,Any[],12,54
2903,2026-01-14T13:56:00.0,2026-01-30T19:33:45.531,Any[],12,54
2883,2026-01-14T13:58:00.0,2026-01-09T19:35:45.531,Any[],12,54
2786,2026-01-17T07:01:00.0,2026-01-26T12:38:45.531,Any[],12,54
3085,2026-01-17T07:01:00.0,2026-01-19T12:38:45.531,Any[],12,54
2298,2026-01-17T07:04:00.0,2026-01-19T12:41:45.531,Any[],54,12
2865,2026-01-17T07:04:00.0,2026-01-19T12:41:45.531,Any[],12,54
2867,2026-01-17T07:04:00.0,2026-02-02T12:41:45.531,Any[],12,54
2918,2026-01-17T07:04:00.0,2026-02-02T12:41:45.531,Any[],12,54
3082,2026-01-17T07:05:00.0,2026-01-19T12:42:45.531,Any[],12,54
1929,2026-01-17T07:06:00.0,2026-01-19T12:43:45.531,Any[],54,12
2720,2026-01-17T07:06:00.0,2026-01-12T12:43:45.531,Any[],12,54
2270,2026-01-17T07:08:00.0,2026-01-26T12:45:45.531,Any[],54,12
2642,2026-01-17T07:08:00.0,2026-01-19T12:45:45.531,Any[],15,43
2807,2026-01-17T07:08:00.0,2026-02-02T12:45:45.531,Any[],12,54
2772,2026-01-17T07:09:00.0,2026-02-02T12:46:45.531,Any[],12,54
2911,2026-01-17T07:11:00.0,2026-01-12T12:48:45.531,Any[],12,54
2027,2026-01-17T07:12:00.0,2026-02-02T12:49:45.531,Any[],54,12
2045,2026-01-17T07:12:00.0,2026-02-02T12:49:45.531,Any[],54,12
2338,2026-01-17T07:14:00.0,2026-01-12T12:51:45.531,Any[],54,12
2703,2026-01-17T07:14:00.0,2026-02-02T12:51:45.531,Any[],12,54
2381,2026-01-17T07:16:00.0,2026-01-26T12:53:45.531,Any[],54,12
2665,2026-01-17T07:16:00.0,2026-01-12T12:53:45.531,Any[],12,54
2089,2026-01-17T07:20:00.0,2026-02-02T12:57:45.531,Any[],54,12
2972,2026-01-17T07:20:00.0,2026-01-19T12:57:45.531,Any[],12,54
1952,2026-01-17T07:21:00.0,2026-01-12T12:58:45.531,Any[],54,12
1976,2026-01-17T07:23:00.0,2026-02-02T13:00:45.531,Any[],54,12
2237,2026-01-17T07:23:00.0,2026-01-19T13:00:45.531,Any[],54,12
2070,2026-01-17T07:24:00.0,2026-01-12T13:01:45.531,Any[],54,12
2657,2026-01-17T07:25:00.0,2026-01-19T13:02:45.531,Any[],12,54
1934,2026-01-17T07:26:00.0,2026-01-19T13:03:45.531,Any[],54,12
2107,2026-01-17T07:27:00.0,2026-01-12T13:04:45.531,Any[],54,12
2817,2026-01-17T07:27:00.0,2026-01-26T13:04:45.531,Any[],12,54
2094,2026-01-17T07:28:00.0,2026-01-26T13:05:45.531,Any[],54,12
2851,2026-01-17T07:29:00.0,2026-01-26T13:06:45.531,Any[],12,54
3066,2026-01-17T07:29:00.0,2026-01-19T13:06:45.531,Any[],12,54
2840,2026-01-17T07:30:00.0,2026-02-02T13:07:45.531,Any[],12,54
2185,2026-01-17T07:31:00.0,2026-01-12T13:08:45.531,Any[],54,12
1800,2026-01-17T07:32:00.0,2026-02-02T13:09:45.531,Any[],60,7
1824,2026-01-17T07:32:00.0,2026-01-26T13:09:45.531,Any[],60,7
1899,2026-01-17T07:34:00.0,2026-01-19T13:11:45.531,Any[],54,12
2352,2026-01-17T07:34:00.0,2026-01-19T13:11:45.531,Any[],54,12
2190,2026-01-17T07:36:00.0,2026-01-26T13:13:45.531,Any[],54,12
2889,2026-01-17T07:37:00.0,2026-01-19T13:14:45.531,Any[],12,54
2042,2026-01-17T07:38:00.0,2026-02-02T13:15:45.531,Any[],54,12
3089,2026-01-17T07:38:00.0,2026-02-02T13:15:45.531,Any[],12,54
2890,2026-01-17T07:42:00.0,2026-02-02T13:19:45.531,Any[],12,54
3027,2026-01-17T07:43:00.0,2026-01-12T13:20:45.531,Any[],12,54
2262,2026-01-17T07:44:00.0,2026-01-19T13:21:45.531,Any[],54,12
2850,2026-01-17T07:45:00.0,2026-01-26T13:22:45.531,Any[],12,54
3033,2026-01-17T07:45:00.0,2026-02-02T13:22:45.531,Any[],12,54
3120,2026-01-17T07:45:00.0,2026-02-02T13:22:45.531,Any[],12,54
2841,2026-01-17T07:46:00.0,2026-01-12T13:23:45.531,Any[],12,54
3032,2026-01-17T07:48:00.0,2026-01-19T13:25:45.531,Any[],12,54
2690,2026-01-17T07:50:00.0,2026-02-02T13:27:45.531,Any[],12,54
2080,2026-01-17T07:51:00.0,2026-01-19T13:28:45.531,Any[],54,12
2721,2026-01-17T07:51:00.0,2026-01-26T13:28:45.531,Any[],12,54
2888,2026-01-17T07:51:00.0,2026-02-02T13:28:45.531,Any[],12,54
1853,2026-01-17T07:55:00.0,2026-01-19T13:32:45.531,Any[],54,12
2271,2026-01-17T07:55:00.0,2026-01-12T13:32:45.531,Any[],54,12
2932,2026-01-17T07:55:00.0,2026-01-26T13:32:45.531,Any[],12,54
2719,2026-01-17T07:56:00.0,2026-01-26T13:33:45.531,Any[],12,54
2728,2026-01-17T07:56:00.0,2026-02-02T13:33:45.531,Any[],12,54
3115,2026-01-17T07:57:00.0,2026-01-12T13:34:45.531,Any[],12,54
2291,2026-01-17T07:58:00.0,2026-01-26T13:35:45.531,Any[],54,12
1803,2026-01-17T07:59:00.0,2026-01-26T13:36:45.531,Any[],60,7
2320,2026-01-17T13:00:00.0,2026-01-26T18:37:45.531,Any[],54,12
2028,2026-01-17T13:01:00.0,2026-01-12T18:38:45.531,Any[],54,12
2288,2026-01-17T13:01:00.0,2026-01-26T18:38:45.531,Any[],54,12
2962,2026-01-17T13:01:00.0,2026-01-12T18:38:45.531,Any[],12,54
1870,2026-01-17T13:02:00.0,2026-01-26T18:39:45.531,Any[],54,12
2137,2026-01-17T13:02:00.0,2026-01-19T18:39:45.531,Any[],54,12
2175,2026-01-17T13:02:00.0,2026-01-26T18:39:45.531,Any[],54,12
2337,2026-01-17T13:02:00.0,2026-02-02T18:39:45.531,Any[],54,12
2795,2026-01-17T13:02:00.0,2026-01-12T18:39:45.531,Any[],12,54
2139,2026-01-17T13:03:00.0,2026-02-02T18:40:45.531,Any[],54,12
2274,2026-01-17T13:03:00.0,2026-01-12T18:40:45.531,Any[],54,12
2327,2026-01-17T13:03:00.0,2026-01-19T18:40:45.531,Any[],54,12
2370,2026-01-17T13:03:00.0,2026-01-19T18:40:45.531,Any[],54,12
3045,2026-01-17T13:03:00.0,2026-01-12T18:40:45.531,Any[],12,54
1798,2026-01-17T13:04:00.0,2026-01-19T18:41:45.531,Any[],60,7
1907,2026-01-17T13:04:00.0,2026-01-12T18:41:45.531,Any[],54,12
1927,2026-01-17T13:04:00.0,2026-01-19T18:41:45.531,Any[],54,12
2700,2026-01-17T13:04:00.0,2026-02-02T18:41:45.531,Any[],12,54
2794,2026-01-17T13:04:00.0,2026-01-19T18:41:45.531,Any[],12,54
3040,2026-01-17T13:04:00.0,2026-01-26T18:41:45.531,Any[],12,54
2380,2026-01-17T13:05:00.0,2026-02-02T18:42:45.531,Any[],54,12
3104,2026-01-17T13:05:00.0,2026-01-19T18:42:45.531,Any[],12,54
1894,2026-01-17T13:06:00.0,2026-02-02T18:43:45.531,Any[],54,12
2179,2026-01-17T13:06:00.0,2026-02-02T18:43:45.531,Any[],54,12
2747,2026-01-17T13:06:00.0,2026-02-02T18:43:45.531,Any[],12,54
1786,2026-01-17T13:07:00.0,2026-01-12T18:44:45.531,Any[],60,7
1807,2026-01-17T13:07:00.0,2026-01-19T18:44:45.531,Any[],60,7
2354,2026-01-17T13:07:00.0,2026-01-19T18:44:45.531,Any[],54,12
2701,2026-01-17T13:07:00.0,2026-01-12T18:44:45.531,Any[],12,54
2236,2026-01-17T13:08:00.0,2026-01-12T18:45:45.531,Any[],54,12
2906,2026-01-17T13:08:00.0,2026-02-02T18:45:45.531,Any[],12,54
2123,2026-01-17T13:09:00.0,2026-01-26T18:46:45.531,Any[],54,12
2753,2026-01-17T13:09:00.0,2026-01-26T18:46:45.531,Any[],12,54
2919,2026-01-17T13:09:00.0,2026-01-19T18:46:45.531,Any[],12,54
3181,2026-01-17T13:09:00.0,2026-01-19T18:46:45.531,Any[],12,54
3042,2026-01-17T13:10:00.0,2026-01-19T18:47:45.531,Any[],12,54
3195,2026-01-17T13:10:00.0,2026-01-19T18:47:45.531,Any[],12,54
1771,2026-01-17T13:12:00.0,2026-02-02T18:49:45.531,Any[],60,7
1876,2026-01-17T13:12:00.0,2026-01-19T18:49:45.531,Any[],54,12
2057,2026-01-17T13:12:00.0,2026-02-02T18:49:45.531,Any[],54,12
2125,2026-01-17T13:12:00.0,2026-01-26T18:49:45.531,Any[],54,12
2828,2026-01-17T13:12:00.0,2026-02-02T18:49:45.531,Any[],12,54
3049,2026-01-17T13:12:00.0,2026-01-12T18:49:45.531,Any[],12,54
1827,2026-01-17T13:13:00.0,2026-02-02T18:50:45.531,Any[],60,7
2317,2026-01-17T13:13:00.0,2026-01-12T18:50:45.531,Any[],54,12
2645,2026-01-17T13:13:00.0,2026-01-26T18:50:45.531,Any[],15,43
1796,2026-01-17T13:14:00.0,2026-01-12T18:51:45.531,Any[],60,7
2305,2026-01-17T13:14:00.0,2026-01-12T18:51:45.531,Any[],54,12
2349,2026-01-17T13:15:00.0,2026-02-02T18:52:45.531,Any[],54,12
1791,2026-01-17T13:16:00.0,2026-01-26T18:53:45.531,Any[],60,7
2302,2026-01-17T13:16:00.0,2026-01-12T18:53:45.531,Any[],54,12
2787,2026-01-17T13:16:00.0,2026-02-02T18:53:45.531,Any[],12,54
1895,2026-01-17T13:17:00.0,2026-01-19T18:54:45.531,Any[],54,12
2078,2026-01-17T13:17:00.0,2026-01-19T18:54:45.531,Any[],54,12
2188,2026-01-17T13:17:00.0,2026-02-02T18:54:45.531,Any[],54,12
2223,2026-01-17T13:17:00.0,2026-01-12T18:54:45.531,Any[],54,12
2062,2026-01-17T13:18:00.0,2026-01-26T18:55:45.531,Any[],54,12
2244,2026-01-17T13:18:00.0,2026-01-26T18:55:45.531,Any[],54,12
2316,2026-01-17T13:18:00.0,2026-01-19T18:55:45.531,Any[],54,12
3052,2026-01-17T13:18:00.0,2026-01-12T18:55:45.531,Any[],12,54
1901,2026-01-17T13:19:00.0,2026-01-26T18:56:45.531,Any[],54,12
1928,2026-01-17T13:19:00.0,2026-01-12T18:56:45.531,Any[],54,12
2389,2026-01-17T13:19:00.0,2026-01-12T18:56:45.531,Any[],54,12
2978,2026-01-17T13:19:00.0,2026-02-02T18:56:45.531,Any[],12,54
6,2026-01-17T13:20:00.0,2026-01-26T18:57:45.531,"Any[18, 22, 31, 36, 44, 54]",18,54
8,2026-01-17T13:20:00.0,2026-01-26T18:57:45.531,"Any[26, 31, 36, 44, 54]",26,54
13,2026-01-17T13:20:00.0,2026-02-02T18:57:45.531,"Any[53, 45, 37, 30, 25, 19, 11, 6, 1]",53,1
15,2026-01-17T13:20:00.0,2026-01-19T18:57:45.531,"Any[53, 45, 37, 30, 25, 19, 10]",53,10
17,2026-01-17T13:20:00.0,2026-02-02T18:57:45.531,"Any[53, 45, 37, 30, 25, 19, 10]",53,10
22,2026-01-17T13:20:00.0,2026-01-12T18:57:45.531,"Any[26, 31, 36, 44]",26,44
23,2026-01-17T13:20:00.0,2026-01-26T18:57:45.531,"Any[53, 45, 37, 30, 25, 19, 11, 6, 1]",53,1
27,2026-01-17T13:20:00.0,2026-02-02T18:57:45.531,"Any[53, 45, 37, 30, 25, 19, 11, 6, 1]",53,1
29,2026-01-17T13:20:00.0,2026-02-02T18:57:45.531,"Any[56, 45, 37, 30, 25, 19, 10]",56,10
46,2026-01-17T13:20:00.0,2026-01-19T18:57:45.531,"Any[53, 45, 37, 30, 25, 19, 10]",53,10
47,2026-01-17T13:20:00.0,2026-02-02T18:57:45.531,"Any[18, 26, 31, 36, 44, 54]",18,54
48,2026-01-17T13:20:00.0,2026-01-12T18:57:45.531,"Any[53, 45, 37, 30, 25, 19, 10]",53,10
52,2026-01-17T13:20:00.0,2026-01-26T18:57:45.531,"Any[53, 45, 37, 30, 25, 19, 11, 6, 1]",53,1
55,2026-01-17T13:20:00.0,2026-01-19T18:57:45.531,"Any[26, 31, 36, 44, 54]",26,54
59,2026-01-17T13:20:00.0,2026-01-12T18:57:45.531,"Any[26, 31, 36, 44, 54]",26,54
62,2026-01-17T13:20:00.0,2026-01-12T18:57:45.531,"Any[10, 19, 25, 30, 37, 45, 53]",10,53
73,2026-01-17T13:20:00.0,2026-01-26T18:57:45.531,"Any[18, 26, 31, 36, 44, 54]",18,54
76,2026-01-17T13:20:00.0,2026-01-12T18:57:45.531,"Any[53, 45, 37, 30, 25, 19, 11, 6, 1]",53,1
93,2026-01-17T13:20:00.0,2026-01-19T18:57:45.531,"Any[18, 22, 31, 36, 44, 54]",18,54
110,2026-01-17T13:20:00.0,2026-01-26T18:57:45.531,"Any[10, 19, 25, 30, 37, 45, 53]",10,53
114,2026-01-17T13:20:00.0,2026-02-02T18:57:45.531,"Any[53, 45, 37, 30, 25, 19, 10]",53,10
119,2026-01-17T13:20:00.0,2026-01-19T18:57:45.531,"Any[53, 45, 37, 30, 25, 19, 11, 6, 1]",53,1
124,2026-01-17T13:20:00.0,2026-02-02T18:57:45.531,"Any[53, 45, 37, 30, 25, 19, 10]",53,10
126,2026-01-17T13:20:00.0,2026-01-19T18:57:45.531,"Any[53, 45, 37, 30, 25, 19, 11, 6, 1]",53,1
136,2026-01-17T13:20:00.0,2026-01-19T18:57:45.531,"Any[53, 45, 37, 30, 25, 19, 10]",53,10
139,2026-01-17T13:20:00.0,2026-01-12T18:57:45.531,"Any[53, 45, 37, 30, 25, 19, 11, 6, 1]",53,1
140,2026-01-17T13:20:00.0,2026-01-12T18:57:45.531,"Any[53, 45, 37, 30, 25, 19, 11, 6, 1]",53,1
152,2026-01-17T13:20:00.0,2026-01-12T18:57:45.531,"Any[53, 45, 37, 30, 25, 19, 11, 6, 1]",53,1
157,2026-01-17T13:20:00.0,2026-01-26T18:57:45.531,"Any[10, 19, 25, 30, 37, 45, 53]",10,53
178,2026-01-17T13:20:00.0,2026-01-26T18:57:45.531,"Any[53, 45, 37, 30, 25, 19, 10]",53,10
179,2026-01-17T13:20:00.0,2026-01-12T18:57:45.531,"Any[1, 6, 11, 19, 30, 37, 45, 56]",1,56
180,2026-01-17T13:20:00.0,2026-01-12T18:57:45.531,"Any[53, 45, 37, 30, 25, 19, 11, 6, 1]",53,1
188,2026-01-17T13:20:00.0,2026-01-12T18:57:45.531,"Any[1, 6, 11, 19, 25, 30, 37, 45, 56]",1,56
192,2026-01-17T13:20:00.0,2026-01-19T18:57:45.531,"Any[26, 31, 36, 44, 54]",26,54
194,2026-01-17T13:20:00.0,2026-01-26T18:57:45.531,"Any[10, 19, 25, 30, 37, 45, 53]",10,53
197,2026-01-17T13:20:00.0,2026-01-26T18:57:45.531,"Any[10, 11, 19, 25, 30, 37, 45, 53]",10,53
198,2026-01-17T13:20:00.0,2026-01-26T18:57:45.531,"Any[26, 31, 36, 44, 54]",26,54
199,2026-01-17T13:20:00.0,2026-01-26T18:57:45.531,"Any[56, 45, 37, 30, 25, 19, 10]",56,10
202,2026-01-17T13:20:00.0,2026-01-12T18:57:45.531,"Any[26, 31, 36, 44, 54]",26,54
208,2026-01-17T13:20:00.0,2026-01-26T18:57:45.531,"Any[53, 45, 37, 30, 25, 19, 10]",53,10
215,2026-01-17T13:20:00.0,2026-01-12T18:57:45.531,"Any[53, 45, 37, 30, 25, 19, 11, 6, 1]",53,1
224,2026-01-17T13:20:00.0,2026-01-19T18:57:45.531,"Any[10, 19, 25, 30, 37, 45, 53]",10,53
225,2026-01-17T13:20:00.0,2026-01-26T18:57:45.531,"Any[53, 45, 37, 30, 25, 19, 10]",53,10
229,2026-01-17T13:20:00.0,2026-01-12T18:57:45.531,"Any[1, 6, 11, 19, 25, 30, 37, 45, 56]",1,56
235,2026-01-17T13:20:00.0,2026-02-02T18:57:45.531,"Any[7, 8, 13, 19, 25, 30, 37, 45, 53]",7,53
238,2026-01-17T13:20:00.0,2026-01-26T18:57:45.531,"Any[53, 45, 37, 30, 25, 19, 11, 6, 1]",53,1
242,2026-01-17T13:20:00.0,2026-01-26T18:57:45.531,"Any[53, 45, 37, 30, 25, 19, 11, 6, 1]",53,1
245,2026-01-17T13:20:00.0,2026-01-26T18:57:45.531,"Any[53, 45, 37, 30, 25, 19, 10]",53,10
255,2026-01-17T13:20:00.0,2026-01-26T18:57:45.531,"Any[53, 45, 37, 30, 25, 19, 11, 6, 1]",53,1
260,2026-01-17T13:20:00.0,2026-01-26T18:57:45.531,"Any[53, 45, 37, 30, 25, 19, 10]",53,10
261,2026-01-17T13:20:00.0,2026-02-02T18:57:45.531,"Any[10, 19, 25, 30, 37, 45, 53]",10,53
281,2026-01-17T13:20:00.0,2026-01-26T18:57:45.531,"Any[53, 45, 37, 30, 25, 19, 11, 6, 1]",53,1
286,2026-01-17T13:20:00.0,2026-01-12T18:57:45.531,"Any[53, 45, 37, 30, 25, 19, 10]",53,10
288,2026-01-17T13:20:00.0,2026-01-19T18:57:45.531,"Any[7, 8, 13, 19, 25, 30, 37, 45, 53]",7,53
293,2026-01-17T13:20:00.0,2026-01-12T18:57:45.531,"Any[53, 45, 37, 30, 25, 19, 11, 6, 1]",53,1
294,2026-01-17T13:20:00.0,2026-01-26T18:57:45.531,"Any[7, 8, 13, 19, 25, 30, 37, 45, 53]",7,53
299,2026-01-17T13:20:00.0,2026-01-26T18:57:45.531,"Any[10, 19, 25, 30, 37, 45, 53]",10,53
303,2026-01-17T13:20:00.0,2026-01-12T18:57:45.531,"Any[1, 6, 11, 19, 25, 30, 37, 45, 56]",1,56
306,2026-01-17T13:20:00.0,2026-01-26T18:57:45.531,"Any[7, 8, 13, 19, 25, 30, 37, 45, 53]",7,53
309,2026-01-17T13:20:00.0,2026-01-26T18:57:45.531,"Any[1, 6, 11, 19, 25, 30, 37, 45, 56]",1,56
310,2026-01-17T13:20:00.0,2026-01-19T18:57:45.531,"Any[53, 45, 37, 30, 25, 19, 11, 6, 1]",53,1
311,2026-01-17T13:20:00.0,2026-01-26T18:57:45.531,"Any[53, 45, 37, 30, 25, 19, 11, 6, 1]",53,1
319,2026-01-17T13:20:00.0,2026-01-26T18:57:45.531,"Any[26, 31, 36, 44, 54]",26,54
320,2026-01-17T13:20:00.0,2026-02-02T18:57:45.531,"Any[53, 45, 37, 30, 25, 19, 10]",53,10
322,2026-01-17T13:20:00.0,2026-02-02T18:57:45.531,"Any[26, 31, 36, 44, 54]",26,54
324,2026-01-17T13:20:00.0,2026-01-26T18:57:45.531,"Any[10, 19, 25, 30, 37, 45, 53]",10,53
338,2026-01-17T13:20:00.0,2026-01-12T18:57:45.531,"Any[26, 31, 36, 44, 54]",26,54
342,2026-01-17T13:20:00.0,2026-01-19T18:57:45.531,"Any[53, 45, 37, 30, 25, 19, 10]",53,10
347,2026-01-17T13:20:00.0,2026-01-12T18:57:45.531,"Any[53, 45, 37, 30, 25, 19, 11, 6, 1]",53,1
356,2026-01-17T13:20:00.0,2026-01-26T18:57:45.531,"Any[53, 45, 37, 30, 25, 19, 11, 6, 1]",53,1
369,2026-01-17T13:20:00.0,2026-01-19T18:57:45.531,"Any[53, 45, 37, 30, 25, 19, 10]",53,10
373,2026-01-17T13:20:00.0,2026-01-12T18:57:45.531,"Any[53, 45, 37, 30, 25, 19, 11, 6, 1]",53,1
386,2026-01-17T13:20:00.0,2026-01-19T18:57:45.531,"Any[10, 19, 25, 30, 37, 45, 53]",10,53
387,2026-01-17T13:20:00.0,2026-01-26T18:57:45.531,"Any[26, 31, 36, 44, 54]",26,54
393,2026-01-17T13:20:00.0,2026-01-19T18:57:45.531,"Any[53, 45, 37, 30, 25, 19, 10]",53,10
394,2026-01-17T13:20:00.0,2026-01-12T18:57:45.531,"Any[7, 8, 13, 19, 25, 30, 37, 45, 53]",7,53
399,2026-01-17T13:20:00.0,2026-01-12T18:57:45.531,"Any[53, 45, 37, 30, 25, 19, 11, 6, 1]",53,1
402,2026-01-17T13:20:00.0,2026-01-19T18:57:45.531,"Any[53, 45, 37, 30, 25, 19, 10]",53,10
409,2026-01-17T13:20:00.0,2026-01-19T18:57:45.531,"Any[7, 8, 13, 19, 25, 30, 37, 45, 53]",7,53
410,2026-01-17T13:20:00.0,2026-02-02T18:57:45.531,"Any[53, 45, 37, 30, 25, 19, 11, 6, 1]",53,1
413,2026-01-17T13:20:00.0,2026-01-26T18:57:45.531,"Any[53, 45, 37, 30, 25, 19, 11, 6, 1]",53,1
415,2026-01-17T13:20:00.0,2026-01-12T18:57:45.531,"Any[18, 26, 31, 36, 44, 54]",18,54
422,2026-01-17T13:20:00.0,2026-01-12T18:57:45.531,"Any[53, 45, 37, 30, 25, 19, 11, 6, 1]",53,1
429,2026-01-17T13:20:00.0,2026-01-26T18:57:45.531,"Any[53, 45, 37, 30, 25, 19, 11, 6, 1]",53,1
443,2026-01-17T13:20:00.0,2026-01-19T18:57:45.531,"Any[53, 45, 37, 30, 25, 19, 11, 6, 1]",53,1
445,2026-01-17T13:20:00.0,2026-01-19T18:57:45.531,"Any[10, 19, 25, 30, 37, 45, 53]",10,53
447,2026-01-17T13:20:00.0,2026-01-12T18:57:45.531,"Any[53, 45, 37, 30, 25, 19, 11, 6, 1]",53,1
448,2026-01-17T13:20:00.0,2026-02-02T18:57:45.531,"Any[53, 45, 37, 30, 25, 19, 10]",53,10
449,2026-01-17T13:20:00.0,2026-02-02T18:57:45.531,"Any[10, 19, 25, 30, 37, 45, 53]",10,53
452,2026-01-17T13:20:00.0,2026-01-19T18:57:45.531,"Any[5, 6, 11, 19, 25, 30, 37, 45, 56]",5,56
455,2026-01-17T13:20:00.0,2026-02-02T18:57:45.531,"Any[18, 26, 31, 36, 44, 54]",18,54
456,2026-01-17T13:20:00.0,2026-01-12T18:57:45.531,"Any[26, 31, 36, 44, 54]",26,54
472,2026-01-17T13:20:00.0,2026-01-26T18:57:45.531,"Any[26, 31, 36, 44, 54]",26,54
474,2026-01-17T13:20:00.0,2026-02-02T18:57:45.531,"Any[7, 8, 13, 19, 25, 30, 37, 45, 53]",7,53
480,2026-01-17T13:20:00.0,2026-01-12T18:57:45.531,"Any[53, 45, 37, 30, 25, 19, 11, 6, 1]",53,1
483,2026-01-17T13:20:00.0,2026-02-02T18:57:45.531,"Any[26, 31, 36, 44, 54]",26,54
484,2026-01-17T13:20:00.0,2026-01-19T18:57:45.531,"Any[18, 26, 31, 36, 44, 54]",18,54
491,2026-01-17T13:20:00.0,2026-01-26T18:57:45.531,"Any[26, 31, 36, 44, 54]",26,54
493,2026-01-17T13:20:00.0,2026-01-19T18:57:45.531,"Any[53, 45, 37, 30, 25, 19, 10]",53,10
494,2026-01-17T13:20:00.0,2026-01-12T18:57:45.531,"Any[26, 31, 36, 44, 54]",26,54
496,2026-01-17T13:20:00.0,2026-01-19T18:57:45.531,"Any[10, 19, 25, 30, 37, 45, 53]",10,53
505,2026-01-17T13:20:00.0,2026-01-12T18:57:45.531,"Any[26, 31, 36, 44, 54]",26,54
513,2026-01-17T13:20:00.0,2026-01-19T18:57:45.531,"Any[10, 19, 25, 30, 37, 45, 53]",10,53
515,2026-01-17T13:20:00.0,2026-01-26T18:57:45.531,"Any[53, 45, 37, 30, 25, 19, 11, 6, 1]",53,1
522,2026-01-17T13:20:00.0,2026-02-02T18:57:45.531,"Any[26, 31, 36, 44, 54]",26,54
524,2026-01-17T13:20:00.0,2026-01-19T18:57:45.531,"Any[26, 31, 36, 44, 54]",26,54
528,2026-01-17T13:20:00.0,2026-01-12T18:57:45.531,"Any[53, 45, 37, 30, 25, 19, 10]",53,10
530,2026-01-17T13:20:00.0,2026-02-02T18:57:45.531,"Any[53, 45, 37, 30, 25, 19, 10]",53,10
545,2026-01-17T13:20:00.0,2026-01-19T18:57:45.531,"Any[53, 45, 37, 30, 25, 19, 11, 6, 1]",53,1
552,2026-01-17T13:20:00.0,2026-02-02T18:57:45.531,"Any[10, 11, 19, 25, 30, 37, 45, 53]",10,53
553,2026-01-17T13:20:00.0,2026-02-02T18:57:45.531,"Any[53, 45, 37, 30, 25, 19, 10]",53,10
560,2026-01-17T13:20:00.0,2026-01-26T18:57:45.531,"Any[53, 45, 37, 30, 25, 19, 10]",53,10
562,2026-01-17T13:20:00.0,2026-01-26T18:57:45.531,"Any[56, 45, 37, 30, 25, 19, 10]",56,10
564,2026-01-17T13:20:00.0,2026-01-19T18:57:45.531,"Any[26, 31, 36, 44, 54]",26,54
574,2026-01-17T13:20:00.0,2026-01-19T18:57:45.531,"Any[26, 31, 36, 44, 54]",26,54
576,2026-01-17T13:20:00.0,2026-01-12T18:57:45.531,"Any[56, 45, 37, 30, 25, 19, 10]",56,10
585,2026-01-17T13:20:00.0,2026-01-12T18:57:45.531,"Any[26, 31, 36, 44, 54]",26,54
587,2026-01-17T13:20:00.0,2026-02-02T18:57:45.531,"Any[7, 8, 13, 19, 25, 30, 37, 45, 53]",7,53
590,2026-01-17T13:20:00.0,2026-01-26T18:57:45.531,"Any[26, 31, 36, 44, 54]",26,54
595,2026-01-17T13:20:00.0,2026-01-26T18:57:45.531,"Any[53, 45, 37, 30, 25, 19, 11, 6, 1]",53,1
597,2026-01-17T13:20:00.0,2026-01-12T18:57:45.531,"Any[53, 45, 37, 30, 25, 19, 11, 6, 1]",53,1
602,2026-01-17T13:20:00.0,2026-01-19T18:57:45.531,"Any[53, 45, 37, 30, 25, 19, 10]",53,10
606,2026-01-17T13:20:00.0,2026-02-02T18:57:45.531,"Any[10, 19, 25, 30, 37, 45, 53]",10,53
608,2026-01-17T13:20:00.0,2026-02-02T18:57:45.531,"Any[53, 45, 37, 30, 25, 19, 11, 6, 1]",53,1
611,2026-01-17T13:20:00.0,2026-01-12T18:57:45.531,"Any[26, 31, 36, 44, 54]",26,54
616,2026-01-17T13:20:00.0,2026-01-26T18:57:45.531,"Any[26, 31, 36]",26,36
623,2026-01-17T13:20:00.0,2026-02-02T18:57:45.531,"Any[53, 45, 37, 30, 25, 19, 10]",53,10
625,2026-01-17T13:20:00.0,2026-01-19T18:57:45.531,"Any[53, 45, 37, 30, 25, 19, 10]",53,10
629,2026-01-17T13:20:00.0,2026-01-19T18:57:45.531,"Any[53, 45, 37, 30, 25, 19, 10]",53,10
636,2026-01-17T13:20:00.0,2026-01-26T18:57:45.531,"Any[10, 19, 25, 30, 37, 45, 53]",10,53
648,2026-01-17T13:20:00.0,2026-01-26T18:57:45.531,"Any[53, 45, 37, 30, 25, 19, 10]",53,10
660,2026-01-17T13:20:00.0,2026-01-19T18:57:45.531,"Any[53, 45, 37, 30, 25, 19, 11, 6, 1]",53,1
662,2026-01-17T13:20:00.0,2026-01-19T18:57:45.531,"Any[1, 6, 11, 19, 25, 30, 37, 45, 56]",1,56
664,2026-01-17T13:20:00.0,2026-01-26T18:57:45.531,"Any[7, 8, 13, 19, 25, 30, 37, 45, 53]",7,53
670,2026-01-17T13:20:00.0,2026-01-12T18:57:45.531,"Any[26, 31, 36, 44]",26,44
679,2026-01-17T13:20:00.0,2026-01-26T18:57:45.531,"Any[1, 6, 11, 19, 25, 30, 37, 45, 56]",1,56
681,2026-01-17T13:20:00.0,2026-01-26T18:57:45.531,"Any[53, 45, 37, 30, 25, 19, 10]",53,10
685,2026-01-17T13:20:00.0,2026-01-12T18:57:45.531,"Any[10, 19, 25, 30, 37, 45, 53]",10,53
687,2026-01-17T13:20:00.0,2026-01-12T18:57:45.531,"Any[1, 6, 11, 19, 25, 30, 37, 45, 56]",1,56
692,2026-01-17T13:20:00.0,2026-01-19T18:57:45.531,"Any[53, 45, 37, 30, 25, 19, 10]",53,10
697,2026-01-17T13:20:00.0,2026-02-02T18:57:45.531,"Any[53, 45, 37, 30, 25, 19, 10]",53,10
700,2026-01-17T13:20:00.0,2026-01-19T18:57:45.531,"Any[10, 19, 25, 30, 37, 45, 53]",10,53
701,2026-01-17T13:20:00.0,2026-02-02T18:57:45.531,"Any[53, 45, 37, 30, 25, 19, 10]",53,10
705,2026-01-17T13:20:00.0,2026-02-02T18:57:45.531,"Any[7, 8, 13, 19, 25, 30, 37, 45, 53]",7,53
706,2026-01-17T13:20:00.0,2026-01-26T18:57:45.531,"Any[53, 45, 37, 30, 25, 19, 10]",53,10
707,2026-01-17T13:20:00.0,2026-01-26T18:57:45.531,"Any[7, 8, 13, 19, 25, 30, 37, 45, 53]",7,53
717,2026-01-17T13:20:00.0,2026-02-02T18:57:45.531,"Any[53, 45, 37, 30, 25, 19, 10]",53,10
727,2026-01-17T13:20:00.0,2026-01-19T18:57:45.531,"Any[18, 26, 31, 36, 44, 54]",18,54
728,2026-01-17T13:20:00.0,2026-01-12T18:57:45.531,"Any[1, 6, 11, 19, 25, 30, 37, 45, 56]",1,56
732,2026-01-17T13:20:00.0,2026-01-19T18:57:45.531,"Any[26, 31, 36, 44, 54]",26,54
733,2026-01-17T13:20:00.0,2026-02-02T18:57:45.531,"Any[53, 45, 37, 30, 25, 19, 10]",53,10
736,2026-01-17T13:20:00.0,2026-02-02T18:57:45.531,"Any[53, 45, 37, 30, 25, 19, 11, 6, 1]",53,1
738,2026-01-17T13:20:00.0,2026-01-19T18:57:45.531,"Any[53, 45, 37, 30, 25, 19, 10]",53,10
739,2026-01-17T13:20:00.0,2026-02-02T18:57:45.531,"Any[26, 31, 36, 44, 54]",26,54
741,2026-01-17T13:20:00.0,2026-02-02T18:57:45.531,"Any[53, 45, 37, 30, 25, 19, 11, 6, 1]",53,1
748,2026-01-17T13:20:00.0,2026-01-12T18:57:45.531,"Any[53, 45, 37, 30, 25, 19, 10]",53,10
751,2026-01-17T13:20:00.0,2026-02-02T18:57:45.531,"Any[1, 6, 11, 19, 25, 30, 37, 45, 56]",1,56
755,2026-01-17T13:20:00.0,2026-01-19T18:57:45.531,"Any[26, 31, 36, 44]",26,44
757,2026-01-17T13:20:00.0,2026-01-19T18:57:45.531,"Any[26, 31, 36]",26,36
758,2026-01-17T13:20:00.0,2026-02-02T18:57:45.531,"Any[10, 19, 25, 30, 37, 45, 53]",10,53
760,2026-01-17T13:20:00.0,2026-02-02T18:57:45.531,"Any[1, 6, 11, 19, 25, 30, 37, 45, 56]",1,56
771,2026-01-17T13:20:00.0,2026-01-19T18:57:45.531,"Any[53, 45, 37, 30, 25, 19, 11, 6, 1]",53,1
774,2026-01-17T13:20:00.0,2026-01-26T18:57:45.531,"Any[18, 26, 31, 36, 44, 54]",18,54
777,2026-01-17T13:20:00.0,2026-01-26T18:57:45.531,"Any[53, 45, 37, 30, 25, 19, 10]",53,10
783,2026-01-17T13:20:00.0,2026-01-19T18:57:45.531,"Any[10, 19, 25, 30, 37, 45, 53]",10,53
786,2026-01-17T13:20:00.0,2026-01-26T18:57:45.531,"Any[53, 45, 37, 30, 25, 19, 10]",53,10
788,2026-01-17T13:20:00.0,2026-01-12T18:57:45.531,"Any[53, 45, 37, 30, 25, 19, 10]",53,10
789,2026-01-17T13:20:00.0,2026-01-12T18:57:45.531,"Any[53, 45, 37, 30, 25, 19, 10]",53,10
791,2026-01-17T13:20:00.0,2026-01-19T18:57:45.531,"Any[53, 45, 37, 30, 25, 19, 11, 6, 1]",53,1
796,2026-01-17T13:20:00.0,2026-01-19T18:57:45.531,"Any[53, 45, 37, 30, 25, 19, 11, 6, 1]",53,1
799,2026-01-17T13:20:00.0,2026-01-12T18:57:45.531,"Any[26, 31, 36, 44, 54]",26,54
803,2026-01-17T13:20:00.0,2026-01-26T18:57:45.531,"Any[1, 6, 11, 19, 25, 30, 37, 45, 56]",1,56
810,2026-01-17T13:20:00.0,2026-01-19T18:57:45.531,"Any[10, 19, 25, 30, 37, 45, 53]",10,53
817,2026-01-17T13:20:00.0,2026-01-19T18:57:45.531,"Any[53, 45, 37, 30, 25, 19, 11, 6, 1]",53,1
826,2026-01-17T13:20:00.0,2026-01-19T18:57:45.531,"Any[1, 6, 11, 19, 30, 37, 45, 56]",1,56
830,2026-01-17T13:20:00.0,2026-01-26T18:57:45.531,"Any[53, 45, 37, 30, 25, 19, 10]",53,10
836,2026-01-17T13:20:00.0,2026-02-02T18:57:45.531,"Any[53, 45, 37, 30, 25, 19, 10]",53,10
837,2026-01-17T13:20:00.0,2026-02-02T18:57:45.531,"Any[10, 11, 19, 25, 30, 37, 45, 53]",10,53
840,2026-01-17T13:20:00.0,2026-01-26T18:57:45.531,"Any[53, 45, 37, 30, 25, 19, 11, 6, 1]",53,1
844,2026-01-17T13:20:00.0,2026-01-19T18:57:45.531,"Any[26, 31, 36, 44, 54]",26,54
849,2026-01-17T13:20:00.0,2026-01-12T18:57:45.531,"Any[26, 31, 36, 44, 54]",26,54
851,2026-01-17T13:20:00.0,2026-02-02T18:57:45.531,"Any[56, 45, 37, 30, 25, 19, 10]",56,10
852,2026-01-17T13:20:00.0,2026-01-19T18:57:45.531,"Any[53, 45, 37, 30, 25, 19, 11, 6, 1]",53,1
856,2026-01-17T13:20:00.0,2026-01-26T18:57:45.531,"Any[26, 31, 36, 31, 36]",26,36
866,2026-01-17T13:20:00.0,2026-01-12T18:57:45.531,"Any[53, 45, 37, 30, 25, 19, 10]",53,10
872,2026-01-17T13:20:00.0,2026-01-12T18:57:45.531,"Any[18, 26, 31, 36, 44, 54]",18,54
880,2026-01-17T13:20:00.0,2026-01-12T18:57:45.531,"Any[7, 8, 13, 19, 25, 30, 37, 45, 53]",7,53
885,2026-01-17T13:20:00.0,2026-01-19T18:57:45.531,"Any[7, 8, 13, 19, 25, 30, 37, 45, 53]",7,53
893,2026-01-17T13:20:00.0,2026-02-02T18:57:45.531,"Any[53, 45, 37, 30, 25, 19, 10]",53,10
899,2026-01-17T13:20:00.0,2026-01-12T18:57:45.531,"Any[53, 45, 37, 30, 25, 19, 11, 6, 1]",53,1
902,2026-01-17T13:20:00.0,2026-02-02T18:57:45.531,"Any[10, 19, 25, 30, 37, 45, 53]",10,53
907,2026-01-17T13:20:00.0,2026-01-12T18:57:45.531,"Any[10, 19, 25, 30, 37, 45, 53]",10,53
911,2026-01-17T13:20:00.0,2026-02-02T18:57:45.531,"Any[53, 45, 37, 30, 25, 19, 11, 6, 1]",53,1
915,2026-01-17T13:20:00.0,2026-01-19T18:57:45.531,"Any[53, 45, 37, 30, 25, 19, 10]",53,10
917,2026-01-17T13:20:00.0,2026-02-02T18:57:45.531,"Any[26, 31, 36, 44]",26,44
918,2026-01-17T13:20:00.0,2026-01-26T18:57:45.531,"Any[53, 45, 37, 30, 25, 19, 11, 6, 1]",53,1
919,2026-01-17T13:20:00.0,2026-01-26T18:57:45.531,"Any[18, 26, 31, 36, 44, 54]",18,54
932,2026-01-17T13:20:00.0,2026-02-02T18:57:45.531,"Any[26, 31, 36, 44, 54]",26,54
934,2026-01-17T13:20:00.0,2026-01-19T18:57:45.531,"Any[26, 31, 36, 44, 54]",26,54
937,2026-01-17T13:20:00.0,2026-01-26T18:57:45.531,"Any[26, 31, 36, 44, 54]",26,54
938,2026-01-17T13:20:00.0,2026-01-19T18:57:45.531,"Any[1, 6, 11, 19, 25, 30, 37, 45, 56]",1,56
939,2026-01-17T13:20:00.0,2026-01-26T18:57:45.531,"Any[53, 45, 37, 30, 25, 19, 11, 6, 1]",53,1
948,2026-01-17T13:20:00.0,2026-01-12T18:57:45.531,"Any[1, 6, 11, 19, 23, 36, 44, 54, 60]",1,60
959,2026-01-17T13:20:00.0,2026-01-19T18:57:45.531,"Any[26, 31, 36, 44]",26,44
965,2026-01-17T13:20:00.0,2026-01-12T18:57:45.531,"Any[1, 6, 11, 19, 25, 30, 37, 45, 56]",1,56
966,2026-01-17T13:20:00.0,2026-01-12T18:57:45.531,"Any[1, 6, 11, 19, 25, 30, 37, 45, 56]",1,56
967,2026-01-17T13:20:00.0,2026-01-19T18:57:45.531,"Any[45, 37, 30, 25, 19, 10]",45,10
970,2026-01-17T13:20:00.0,2026-01-19T18:57:45.531,"Any[53, 45, 37, 30, 25, 19, 10]",53,10
974,2026-01-17T13:20:00.0,2026-01-19T18:57:45.531,"Any[10, 19, 25, 30, 37, 45, 53]",10,53
991,2026-01-17T13:20:00.0,2026-01-26T18:57:45.531,"Any[53, 45, 37, 30, 25, 19, 10]",53,10
1002,2026-01-17T13:20:00.0,2026-01-19T18:57:45.531,"Any[53, 45, 37, 30, 25, 19, 10]",53,10
1008,2026-01-17T13:20:00.0,2026-01-26T18:57:45.531,"Any[53, 45, 37, 30, 25, 19, 11, 6, 1]",53,1
1014,2026-01-17T13:20:00.0,2026-01-19T18:57:45.531,"Any[1, 6, 11, 19, 25, 30, 37, 45, 56]",1,56
1015,2026-01-17T13:20:00.0,2026-01-19T18:57:45.531,"Any[53, 45, 37, 30, 25, 19, 11, 6, 1]",53,1
1016,2026-01-17T13:20:00.0,2026-01-26T18:57:45.531,"Any[60, 53, 45, 37, 30, 25, 19, 10]",60,10
1026,2026-01-17T13:20:00.0,2026-01-26T18:57:45.531,"Any[53, 45, 37, 30, 25, 19, 11, 6, 1]",53,1
1028,2026-01-17T13:20:00.0,2026-01-12T18:57:45.531,"Any[1, 6, 11, 19, 25, 30, 37, 45, 56]",1,56
1037,2026-01-17T13:20:00.0,2026-01-19T18:57:45.531,"Any[26, 31, 36]",26,36
1038,2026-01-17T13:20:00.0,2026-01-26T18:57:45.531,"Any[10, 19, 25, 30, 37, 45, 53]",10,53
1039,2026-01-17T13:20:00.0,2026-01-12T18:57:45.531,"Any[53, 45, 37, 30, 25, 19, 11, 6, 1]",53,1
1045,2026-01-17T13:20:00.0,2026-01-26T18:57:45.531,"Any[53, 45, 37, 30, 25, 19, 10]",53,10
1048,2026-01-17T13:20:00.0,2026-01-12T18:57:45.531,"Any[53, 45, 37, 30, 25, 19, 10]",53,10
1055,2026-01-17T13:20:00.0,2026-01-12T18:57:45.531,"Any[1, 6, 11, 19, 25, 30, 37, 45, 56]",1,56
1057,2026-01-17T13:20:00.0,2026-01-26T18:57:45.531,"Any[53, 45, 37, 30, 25, 19, 10]",53,10
1064,2026-01-17T13:20:00.0,2026-01-19T18:57:45.531,"Any[7, 8, 13, 19, 25, 30, 37, 45, 53]",7,53
1066,2026-01-17T13:20:00.0,2026-01-19T18:57:45.531,"Any[53, 45, 37, 30, 25, 19, 11, 6, 1]",53,1
1069,2026-01-17T13:20:00.0,2026-02-02T18:57:45.531,"Any[53, 45, 37, 30, 25, 19, 11, 6, 1]",53,1
1074,2026-01-17T13:20:00.0,2026-01-19T18:57:45.531,"Any[1, 6, 11, 19, 25, 30, 37, 45, 56, 60]",1,60
1076,2026-01-17T13:20:00.0,2026-02-02T18:57:45.531,"Any[53, 45, 37, 30, 25, 19, 11, 6, 1]",53,1
1089,2026-01-17T13:20:00.0,2026-01-12T18:57:45.531,"Any[53, 45, 37, 30, 25, 19, 10]",53,10
1103,2026-01-17T13:20:00.0,2026-01-19T18:57:45.531,"Any[26, 31, 36, 44, 54]",26,54
1106,2026-01-17T13:20:00.0,2026-01-19T18:57:45.531,"Any[7, 8, 13, 19, 25, 30, 37, 45, 53]",7,53
1109,2026-01-17T13:20:00.0,2026-01-12T18:57:45.531,"Any[53, 45, 37, 30, 25, 19, 10]",53,10
1111,2026-01-17T13:20:00.0,2026-01-26T18:57:45.531,"Any[53, 45, 37, 30, 25, 19, 10]",53,10
1127,2026-01-17T13:20:00.0,2026-01-12T18:57:45.531,"Any[53, 45, 37, 30, 25, 19, 11, 6, 1]",53,1
1128,2026-01-17T13:20:00.0,2026-01-26T18:57:45.531,"Any[60, 56, 45, 37, 30, 25, 19, 10]",60,10
1131,2026-01-17T13:20:00.0,2026-01-12T18:57:45.531,"Any[53, 45, 37, 30, 25, 19, 11, 6, 1]",53,1
1135,2026-01-17T13:20:00.0,2026-01-26T18:57:45.531,"Any[26, 27, 31, 36, 44, 54]",26,54
1136,2026-01-17T13:20:00.0,2026-01-12T18:57:45.531,"Any[53, 45, 37, 30, 25, 19, 10]",53,10
1139,2026-01-17T13:20:00.0,2026-01-19T18:57:45.531,"Any[10, 19, 25, 30, 37, 45, 53]",10,53
1140,2026-01-17T13:20:00.0,2026-01-12T18:57:45.531,"Any[53, 45, 37, 30, 25, 19, 10]",53,10
1148,2026-01-17T13:20:00.0,2026-01-12T18:57:45.531,"Any[60, 53, 45, 37, 30, 25, 19, 10]",60,10
1155,2026-01-17T13:20:00.0,2026-02-02T18:57:45.531,"Any[10, 19, 25, 30, 37, 45, 53]",10,53
1162,2026-01-17T13:20:00.0,2026-01-19T18:57:45.531,"Any[7, 8, 13, 19, 25, 30, 37, 45, 53]",7,53
1163,2026-01-17T13:20:00.0,2026-01-19T18:57:45.531,"Any[53, 45, 37, 30, 25, 19, 10]",53,10
1165,2026-01-17T13:20:00.0,2026-02-02T18:57:45.531,"Any[53, 45, 37, 30, 25, 19, 11, 6, 1]",53,1
1173,2026-01-17T13:20:00.0,2026-01-19T18:57:45.531,"Any[53, 45, 37, 30, 25, 19, 11, 6, 1]",53,1
1176,2026-01-17T13:20:00.0,2026-01-12T18:57:45.531,"Any[1, 6, 11, 19, 25, 30, 37, 45, 53, 60]",1,60
1179,2026-01-17T13:20:00.0,2026-02-02T18:57:45.531,"Any[53, 45, 37, 30, 25, 19, 11, 6, 1]",53,1
1183,2026-01-17T13:20:00.0,2026-01-19T18:57:45.531,"Any[26, 31, 36, 44, 54]",26,54
1184,2026-01-17T13:20:00.0,2026-01-26T18:57:45.531,"Any[53, 45, 37, 30, 25, 19, 10]",53,10
1192,2026-01-17T13:20:00.0,2026-01-19T18:57:45.531,"Any[53, 45, 37, 30, 25, 19, 11, 6, 1]",53,1
1207,2026-01-17T13:20:00.0,2026-02-02T18:57:45.531,"Any[26, 31, 36, 44, 54]",26,54
1212,2026-01-17T13:20:00.0,2026-01-12T18:57:45.531,"Any[53, 45, 37, 30, 25, 19, 11, 6, 1]",53,1
1221,2026-01-17T13:20:00.0,2026-01-19T18:57:45.531,"Any[54, 44, 36, 31, 22, 15]",54,15
1223,2026-01-17T13:20:00.0,2026-01-19T18:57:45.531,"Any[53, 45, 37, 30, 25, 19, 10]",53,10
1226,2026-01-17T13:20:00.0,2026-01-19T18:57:45.531,"Any[53, 45, 37, 30, 25, 19, 10]",53,10
1228,2026-01-17T13:20:00.0,2026-01-26T18:57:45.531,"Any[26, 31, 36, 44, 54]",26,54
1238,2026-01-17T13:20:00.0,2026-01-26T18:57:45.531,"Any[7, 8, 13, 19, 25, 30, 37, 45, 53]",7,53
1241,2026-01-17T13:20:00.0,2026-01-12T18:57:45.531,"Any[1, 6, 11, 19, 25, 30, 37, 45, 56]",1,56
1249,2026-01-17T13:20:00.0,2026-01-12T18:57:45.531,"Any[53, 45, 37, 30, 25, 19, 11, 6, 1]",53,1
1251,2026-01-17T13:20:00.0,2026-01-12T18:57:45.531,"Any[53, 45, 37, 30, 25, 19, 11, 6, 1]",53,1
1252,2026-01-17T13:20:00.0,2026-01-12T18:57:45.531,"Any[26, 31, 36, 44]",26,44
1254,2026-01-17T13:20:00.0,2026-02-02T18:57:45.531,"Any[1, 6, 11, 19, 25, 30, 37, 45, 53, 60]",1,60
1256,2026-01-17T13:20:00.0,2026-01-19T18:57:45.531,"Any[53, 45, 37, 30, 25, 19, 11, 6, 1]",53,1
1260,2026-01-17T13:20:00.0,2026-02-02T18:57:45.531,"Any[1, 6, 11, 19, 25, 30, 37, 45, 53, 60]",1,60
1265,2026-01-17T13:20:00.0,2026-01-19T18:57:45.531,"Any[53, 45, 37, 30, 25, 19, 10]",53,10
1267,2026-01-17T13:20:00.0,2026-01-19T18:57:45.531,"Any[1, 6, 11, 19, 25, 30, 37, 45, 56]",1,56
1268,2026-01-17T13:20:00.0,2026-02-02T18:57:45.531,"Any[53, 45, 37, 30, 25, 19, 10]",53,10
1280,2026-01-17T13:20:00.0,2026-01-19T18:57:45.531,"Any[10, 19, 25, 30, 37, 45, 53]",10,53
1291,2026-01-17T13:20:00.0,2026-01-12T18:57:45.531,"Any[53, 45, 37, 30, 25, 19, 11, 6, 1]",53,1
1298,2026-01-17T13:20:00.0,2026-01-26T18:57:45.531,"Any[53, 45, 37, 30, 25, 19, 10]",53,10
1303,2026-01-17T13:20:00.0,2026-02-02T18:57:45.531,"Any[1, 6, 11, 19, 25, 30, 37, 45, 56]",1,56
1305,2026-01-17T13:20:00.0,2026-02-02T18:57:45.531,"Any[53, 45, 37, 30, 25, 19, 11, 6, 1]",53,1
1312,2026-01-17T13:20:00.0,2026-02-02T18:57:45.531,"Any[53, 45, 37, 30, 25, 19, 10]",53,10
1315,2026-01-17T13:20:00.0,2026-02-02T18:57:45.531,"Any[53, 45, 37, 30, 25, 19, 11, 6, 1]",53,1
1326,2026-01-17T13:20:00.0,2026-01-12T18:57:45.531,"Any[1, 6, 11, 19, 25, 30, 37, 45, 56]",1,56
1328,2026-01-17T13:20:00.0,2026-01-12T18:57:45.531,"Any[54, 44, 36, 31, 22, 15]",54,15
1331,2026-01-17T13:20:00.0,2026-01-19T18:57:45.531,"Any[10, 19, 25, 30, 37, 45, 53]",10,53
1343,2026-01-17T13:20:00.0,2026-01-26T18:57:45.531,"Any[10, 11, 19, 25, 30, 37, 45, 53]",10,53
1344,2026-01-17T13:20:00.0,2026-01-26T18:57:45.531,"Any[1, 6, 11, 19, 30, 37, 45, 56]",1,56
1360,2026-01-17T13:20:00.0,2026-01-26T18:57:45.531,"Any[10, 19, 25, 30, 37, 45, 53]",10,53
1363,2026-01-17T13:20:00.0,2026-01-19T18:57:45.531,"Any[7, 8, 13, 19, 25, 30, 37, 45, 53]",7,53
1368,2026-01-17T13:20:00.0,2026-01-26T18:57:45.531,"Any[26, 31, 36, 44]",26,44
1371,2026-01-17T13:20:00.0,2026-02-02T18:57:45.531,"Any[53, 45, 37, 30, 25, 19, 10]",53,10
1372,2026-01-17T13:20:00.0,2026-01-19T18:57:45.531,"Any[60, 53, 45, 37, 30, 25, 19, 10]",60,10
1380,2026-01-17T13:20:00.0,2026-02-02T18:57:45.531,"Any[45, 37, 30, 25, 19, 10]",45,10
1386,2026-01-17T13:20:00.0,2026-01-12T18:57:45.531,"Any[26, 31, 36, 44, 54]",26,54
1389,2026-01-17T13:20:00.0,2026-01-12T18:57:45.531,"Any[53, 45, 37, 30, 25, 19, 10]",53,10
1391,2026-01-17T13:20:00.0,2026-01-19T18:57:45.531,"Any[53, 45, 37, 30, 25, 19, 10]",53,10
1396,2026-01-17T13:20:00.0,2026-02-02T18:57:45.531,"Any[53, 45, 37, 30, 25, 19, 10]",53,10
1414,2026-01-17T13:20:00.0,2026-01-26T18:57:45.531,"Any[53, 45, 37, 30, 25, 19, 11, 6, 1]",53,1
1422,2026-01-17T13:20:00.0,2026-01-12T18:57:45.531,"Any[53, 45, 37, 30, 25, 19, 11, 6, 1]",53,1
1439,2026-01-17T13:20:00.0,2026-01-12T18:57:45.531,"Any[53, 45, 37, 30, 25, 19, 11, 6, 1]",53,1
1445,2026-01-17T13:20:00.0,2026-01-12T18:57:45.531,"Any[10, 19, 25, 30, 37, 45, 53]",10,53
1453,2026-01-17T13:20:00.0,2026-01-26T18:57:45.531,"Any[60, 53, 45, 37, 30, 25, 19, 10]",60,10
1457,2026-01-17T13:20:00.0,2026-01-26T18:57:45.531,"Any[10, 19, 25, 30, 37, 45, 53]",10,53
1458,2026-01-17T13:20:00.0,2026-01-26T18:57:45.531,"Any[53, 45, 37, 30, 25, 19, 10]",53,10
1461,2026-01-17T13:20:00.0,2026-01-26T18:57:45.531,"Any[53, 45, 37, 30, 25, 19, 10]",53,10
1463,2026-01-17T13:20:00.0,2026-02-02T18:57:45.531,"Any[53, 45, 37, 30, 25, 19, 10]",53,10
1471,2026-01-17T13:20:00.0,2026-01-19T18:57:45.531,"Any[26, 31, 36, 44, 54]",26,54
1476,2026-01-17T13:20:00.0,2026-02-02T18:57:45.531,"Any[26, 31, 36, 44]",26,44
1477,2026-01-17T13:20:00.0,2026-02-02T18:57:45.531,"Any[53, 45, 37, 30, 25, 19, 10]",53,10
1478,2026-01-17T13:20:00.0,2026-01-26T18:57:45.531,"Any[26, 31, 36, 44, 54]",26,54
1492,2026-01-17T13:20:00.0,2026-02-02T18:57:45.531,"Any[7, 8, 13, 19, 25, 30, 37, 45, 53]",7,53
1496,2026-01-17T13:20:00.0,2026-01-26T18:57:45.531,"Any[26, 31, 36, 44, 54]",26,54
1503,2026-01-17T13:20:00.0,2026-02-02T18:57:45.531,"Any[1, 6, 11, 16, 25, 30, 37, 45, 56]",1,56
1509,2026-01-17T13:20:00.0,2026-01-19T18:57:45.531,"Any[1, 6, 11, 19, 25, 30, 37, 45, 56]",1,56
1510,2026-01-17T13:20:00.0,2026-01-12T18:57:45.531,"Any[26, 31, 36, 44, 54]",26,54
1516,2026-01-17T13:20:00.0,2026-02-02T18:57:45.531,"Any[10, 19, 25, 30, 37, 45, 53]",10,53
1522,2026-01-17T13:20:00.0,2026-01-12T18:57:45.531,"Any[53, 45, 37, 30, 25, 19, 11, 6, 1]",53,1
1525,2026-01-17T13:20:00.0,2026-02-02T18:57:45.531,"Any[7, 8, 13, 19, 25, 30, 37, 45, 53]",7,53
1538,2026-01-17T13:20:00.0,2026-01-26T18:57:45.531,"Any[53, 45, 37, 30, 25, 19, 10]",53,10
1539,2026-01-17T13:20:00.0,2026-01-19T18:57:45.531,"Any[53, 45, 37, 30, 25, 19, 10]",53,10
1540,2026-01-17T13:20:00.0,2026-01-12T18:57:45.531,"Any[26, 31, 36, 44, 54]",26,54
1544,2026-01-17T13:20:00.0,2026-01-12T18:57:45.531,"Any[1, 6, 11, 19, 25, 30, 37, 45, 56, 60]",1,60
1550,2026-01-17T13:20:00.0,2026-01-12T18:57:45.531,"Any[53, 45, 37, 30, 25, 19, 10]",53,10
1562,2026-01-17T13:20:00.0,2026-01-19T18:57:45.531,"Any[26, 31, 36, 44, 54]",26,54
1563,2026-01-17T13:20:00.0,2026-02-02T18:57:45.531,"Any[53, 45, 37, 30, 25, 19, 10]",53,10
1565,2026-01-17T13:20:00.0,2026-01-19T18:57:45.531,"Any[53, 45, 37, 30, 25, 19, 10]",53,10
1567,2026-01-17T13:20:00.0,2026-01-12T18:57:45.531,"Any[45, 37, 30, 25, 19, 11, 6, 1]",45,1
1583,2026-01-17T13:20:00.0,2026-01-19T18:57:45.531,"Any[53, 45, 37, 30, 25, 19, 11, 6, 1]",53,1
1590,2026-01-17T13:20:00.0,2026-02-02T18:57:45.531,"Any[18, 26, 31, 36, 44, 54]",18,54
1599,2026-01-17T13:20:00.0,2026-02-02T18:57:45.531,"Any[1, 6, 11, 19, 25, 30, 37, 45, 56]",1,56
1608,2026-01-17T13:20:00.0,2026-01-12T18:57:45.531,"Any[53, 45, 37, 30, 25, 19, 10]",53,10
1610,2026-01-17T13:20:00.0,2026-02-02T18:57:45.531,"Any[26, 31, 36, 44]",26,44
1613,2026-01-17T13:20:00.0,2026-01-19T18:57:45.531,"Any[1, 6, 11, 19, 25, 30, 37, 45, 53, 60]",1,60
1615,2026-01-17T13:20:00.0,2026-01-26T18:57:45.531,"Any[53, 45, 37, 30, 25, 19, 10]",53,10
1617,2026-01-17T13:20:00.0,2026-02-02T18:57:45.531,"Any[53, 45, 37, 30, 25, 19, 11, 6, 1]",53,1
1624,2026-01-17T13:20:00.0,2026-01-26T18:57:45.531,"Any[54, 44, 36, 31, 22, 15]",54,15
1629,2026-01-17T13:20:00.0,2026-01-19T18:57:45.531,"Any[53, 45, 37, 30, 25, 19, 10]",53,10
1630,2026-01-17T13:20:00.0,2026-01-26T18:57:45.531,"Any[53, 45, 37, 30, 25, 19, 11, 6, 1]",53,1
1634,2026-01-17T13:20:00.0,2026-02-02T18:57:45.531,"Any[18, 26, 31, 36, 44, 54]",18,54
1641,2026-01-17T13:20:00.0,2026-02-02T18:57:45.531,"Any[10, 19, 25, 30, 37, 45, 53]",10,53
1644,2026-01-17T13:20:00.0,2026-01-26T18:57:45.531,"Any[53, 45, 37, 30, 25, 19, 11, 6, 1]",53,1
1647,2026-01-17T13:20:00.0,2026-01-19T18:57:45.531,"Any[53, 45, 37, 30, 25, 19, 10]",53,10
1648,2026-01-17T13:20:00.0,2026-01-26T18:57:45.531,"Any[53, 45, 37, 30, 25, 19, 11, 6, 1]",53,1
1652,2026-01-17T13:20:00.0,2026-01-12T18:57:45.531,"Any[53, 45, 37, 30, 25, 19, 10]",53,10
1662,2026-01-17T13:20:00.0,2026-01-26T18:57:45.531,"Any[53, 45, 37, 30, 25, 19, 11, 6, 1]",53,1
1668,2026-01-17T13:20:00.0,2026-02-02T18:57:45.531,"Any[53, 45, 37, 30, 25, 19, 10]",53,10
1671,2026-01-17T13:20:00.0,2026-01-19T18:57:45.531,"Any[53, 45, 37, 30, 25, 19, 10]",53,10
1676,2026-01-17T13:20:00.0,2026-01-26T18:57:45.531,"Any[53, 45, 37, 30, 25, 19, 10]",53,10
1678,2026-01-17T13:20:00.0,2026-01-12T18:57:45.531,"Any[53, 45, 37, 30, 25, 19, 10]",53,10
1679,2026-01-17T13:20:00.0,2026-02-02T18:57:45.531,"Any[53, 45, 37, 30, 25, 19, 11, 6, 1]",53,1
1683,2026-01-17T13:20:00.0,2026-01-26T18:57:45.531,"Any[10, 19, 25, 30, 37, 45, 53]",10,53
1689,2026-01-17T13:20:00.0,2026-02-02T18:57:45.531,"Any[45, 37, 30, 25, 19, 17, 10]",45,10
1692,2026-01-17T13:20:00.0,2026-01-12T18:57:45.531,"Any[1, 6, 11, 19, 25, 30, 37, 45, 56]",1,56
1693,2026-01-17T13:20:00.0,2026-01-26T18:57:45.531,"Any[7, 8, 13, 19, 25, 30, 37, 45, 53]",7,53
1704,2026-01-17T13:20:00.0,2026-01-19T18:57:45.531,"Any[1, 6, 11, 19, 25, 30, 37, 45, 53, 60]",1,60
1706,2026-01-17T13:20:00.0,2026-02-02T18:57:45.531,"Any[26, 31, 36, 44, 54]",26,54
1707,2026-01-17T13:20:00.0,2026-01-19T18:57:45.531,"Any[53, 45, 37, 30, 25, 19, 11, 6, 1]",53,1
1710,2026-01-17T13:20:00.0,2026-01-12T18:57:45.531,"Any[53, 45, 37, 30, 25, 19, 11, 6, 1]",53,1
1713,2026-01-17T13:20:00.0,2026-01-12T18:57:45.531,"Any[26, 31, 36, 44, 54]",26,54
1714,2026-01-17T13:20:00.0,2026-01-12T18:57:45.531,"Any[10, 19, 25, 30, 37, 45, 53]",10,53
1717,2026-01-17T13:20:00.0,2026-01-12T18:57:45.531,"Any[53, 45, 37, 30, 25, 19, 10]",53,10
1718,2026-01-17T13:20:00.0,2026-02-02T18:57:45.531,"Any[45, 37, 30, 25, 19, 10]",45,10
1723,2026-01-17T13:20:00.0,2026-01-26T18:57:45.531,"Any[60, 53, 45, 37, 30, 25, 19, 10]",60,10
1733,2026-01-17T13:20:00.0,2026-01-26T18:57:45.531,"Any[60, 56, 45, 37, 30, 25, 19, 10]",60,10
1734,2026-01-17T13:20:00.0,2026-02-02T18:57:45.531,"Any[26, 31, 36, 44, 54]",26,54
1736,2026-01-17T13:20:00.0,2026-01-12T18:57:45.531,"Any[53, 45, 37, 30, 25, 19, 10]",53,10
1750,2026-01-17T13:20:00.0,2026-02-02T18:57:45.531,"Any[53, 45, 37, 30, 25, 19, 10]",53,10
1761,2026-01-17T13:20:00.0,2026-01-19T18:57:45.531,"Any[1, 6, 11, 19, 30, 37, 45, 56]",1,56
1762,2026-01-17T13:20:00.0,2026-01-26T18:57:45.531,"Any[53, 45, 37, 30, 25, 19, 11, 6, 1]",53,1
1775,2026-01-17T13:20:00.0,2026-01-26T18:57:45.531,Any[],60,7
1931,2026-01-17T13:20:00.0,2026-02-02T18:57:45.531,Any[],54,12
2022,2026-01-17T13:20:00.0,2026-01-19T18:57:45.531,Any[],54,12
2395,2026-01-17T13:20:00.0,2026-01-26T18:57:45.531,"Any[53, 45, 37, 30, 25, 19, 11, 6, 5]",53,5
2423,2026-01-17T13:20:00.0,2026-02-02T18:57:45.531,"Any[56, 45, 37, 30, 25, 19, 13, 8, 7]",56,7
2427,2026-01-17T13:20:00.0,2026-02-02T18:57:45.531,"Any[56, 45, 37, 30, 25, 19, 13, 8, 7]",56,7
2432,2026-01-17T13:20:00.0,2026-01-19T18:57:45.531,"Any[56, 45, 37, 30, 25, 19, 13, 8, 7]",56,7
2434,2026-01-17T13:20:00.0,2026-01-26T18:57:45.531,"Any[56, 45, 37, 30, 25, 19, 13, 8, 7]",56,7
2443,2026-01-17T13:20:00.0,2026-01-26T18:57:45.531,"Any[56, 45, 37, 30, 25, 19, 13, 8, 7]",56,7
2444,2026-01-17T13:20:00.0,2026-01-26T18:57:45.531,"Any[56, 45, 37, 30, 25, 19, 13, 8, 7]",56,7
2446,2026-01-17T13:20:00.0,2026-01-26T18:57:45.531,"Any[56, 45, 37, 30, 25, 19, 13, 8, 7]",56,7
2447,2026-01-17T13:20:00.0,2026-01-12T18:57:45.531,"Any[56, 45, 37, 30, 25, 19, 13, 8, 7]",56,7
2452,2026-01-17T13:20:00.0,2026-01-26T18:57:45.531,"Any[56, 45, 37, 30, 25, 19, 13, 8, 7]",56,7
2454,2026-01-17T13:20:00.0,2026-01-12T18:57:45.531,"Any[56, 45, 37, 30, 25, 19, 13, 8, 7]",56,7
2456,2026-01-17T13:20:00.0,2026-01-19T18:57:45.531,"Any[56, 45, 37, 30, 25, 19, 13, 8, 7]",56,7
2458,2026-01-17T13:20:00.0,2026-01-19T18:57:45.531,"Any[56, 45, 37, 30, 25, 19, 13, 8, 7]",56,7
2461,2026-01-17T13:20:00.0,2026-02-02T18:57:45.531,"Any[56, 45, 37, 30, 25, 19, 13, 8, 7]",56,7
2465,2026-01-17T13:20:00.0,2026-02-02T18:57:45.531,"Any[56, 45, 37, 30, 25, 19, 13, 8, 7]",56,7
2466,2026-01-17T13:20:00.0,2026-01-26T18:57:45.531,"Any[26, 31, 36, 44]",26,44
2475,2026-01-17T13:20:00.0,2026-01-19T18:57:45.531,"Any[26, 31, 36, 44]",26,44
2476,2026-01-17T13:20:00.0,2026-01-19T18:57:45.531,"Any[26, 31, 36, 44]",26,44
2479,2026-01-17T13:20:00.0,2026-01-19T18:57:45.531,"Any[26, 31, 36, 44]",26,44
2481,2026-01-17T13:20:00.0,2026-02-02T18:57:45.531,"Any[26, 31, 36, 44]",26,44
2487,2026-01-17T13:20:00.0,2026-01-12T18:57:45.531,"Any[26, 31, 36, 44]",26,44
2490,2026-01-17T13:20:00.0,2026-02-02T18:57:45.531,"Any[26, 31, 36, 44]",26,44
2493,2026-01-17T13:20:00.0,2026-01-12T18:57:45.531,"Any[26, 31, 36, 44]",26,44
2498,2026-01-17T13:20:00.0,2026-01-19T18:57:45.531,"Any[26, 31, 36, 44]",26,44
2502,2026-01-17T13:20:00.0,2026-01-26T18:57:45.531,"Any[26, 31, 36, 44]",26,44
2507,2026-01-17T13:20:00.0,2026-01-12T18:57:45.531,"Any[26, 31, 36, 44]",26,44
2525,2026-01-17T13:20:00.0,2026-01-26T18:57:45.531,"Any[26, 31, 36, 44]",26,44
2528,2026-01-17T13:20:00.0,2026-02-02T18:57:45.531,"Any[26, 31, 36, 44]",26,44
2529,2026-01-17T13:20:00.0,2026-02-02T18:57:45.531,"Any[26, 31, 36, 44]",26,44
2530,2026-01-17T13:20:00.0,2026-01-26T18:57:45.531,"Any[26, 31, 36, 44]",26,44
2533,2026-01-17T13:20:00.0,2026-01-19T18:57:45.531,"Any[26, 31, 36, 44]",26,44
2535,2026-01-17T13:20:00.0,2026-02-02T18:57:45.531,"Any[26, 31, 36, 44]",26,44
2546,2026-01-17T13:20:00.0,2026-02-02T18:57:45.531,"Any[26, 31, 36, 44]",26,44
2548,2026-01-17T13:20:00.0,2026-02-02T18:57:45.531,"Any[26, 31, 36, 44]",26,44
2551,2026-01-17T13:20:00.0,2026-01-26T18:57:45.531,"Any[26, 31, 36, 44]",26,44
2553,2026-01-17T13:20:00.0,2026-01-19T18:57:45.531,"Any[26, 31, 36, 44]",26,44
2554,2026-01-17T13:20:00.0,2026-02-02T18:57:45.531,"Any[26, 31, 36, 44]",26,44
2556,2026-01-17T13:20:00.0,2026-01-26T18:57:45.531,"Any[26, 31, 36, 44]",26,44
2557,2026-01-17T13:20:00.0,2026-01-12T18:57:45.531,"Any[26, 31, 36, 44]",26,44
2558,2026-01-17T13:20:00.0,2026-01-12T18:57:45.531,"Any[26, 31, 36, 44]",26,44
2559,2026-01-17T13:20:00.0,2026-02-02T18:57:45.531,"Any[26, 31, 36, 44]",26,44
2564,2026-01-17T13:20:00.0,2026-01-26T18:57:45.531,"Any[26, 31, 36, 44]",26,44
2566,2026-01-17T13:20:00.0,2026-01-26T18:57:45.531,"Any[26, 31, 36, 44]",26,44
2569,2026-01-17T13:20:00.0,2026-01-12T18:57:45.531,"Any[26, 31, 36, 44]",26,44
2570,2026-01-17T13:20:00.0,2026-01-19T18:57:45.531,"Any[26, 31, 36, 44]",26,44
2574,2026-01-17T13:20:00.0,2026-01-12T18:57:45.531,"Any[26, 31, 36, 44]",26,44
2582,2026-01-17T13:20:00.0,2026-01-19T18:57:45.531,"Any[26, 31, 36, 44]",26,44
2587,2026-01-17T13:20:00.0,2026-01-19T18:57:45.531,"Any[26, 31, 36, 44]",26,44
2598,2026-01-17T13:20:00.0,2026-01-19T18:57:45.531,"Any[26, 31, 36, 44]",26,44
2602,2026-01-17T13:20:00.0,2026-02-02T18:57:45.531,"Any[26, 31, 36, 44]",26,44
2611,2026-01-17T13:20:00.0,2026-01-26T18:57:45.531,"Any[26, 31, 36, 44]",26,44
2613,2026-01-17T13:20:00.0,2026-02-02T18:57:45.531,"Any[26, 31, 36, 44]",26,44
2615,2026-01-17T13:20:00.0,2026-01-19T18:57:45.531,"Any[26, 31, 36, 44]",26,44
2616,2026-01-17T13:20:00.0,2026-01-26T18:57:45.531,"Any[26, 31, 36, 44]",26,44
2618,2026-01-17T13:20:00.0,2026-01-26T18:57:45.531,"Any[26, 31, 36, 44]",26,44
2623,2026-01-17T13:20:00.0,2026-01-26T18:57:45.531,"Any[26, 31, 36, 44]",26,44
2625,2026-01-17T13:20:00.0,2026-02-02T18:57:45.531,"Any[26, 31, 36, 44]",26,44
2632,2026-01-17T13:20:00.0,2026-01-19T18:57:45.531,"Any[26, 31, 36, 44]",26,44
2633,2026-01-17T13:20:00.0,2026-01-19T18:57:45.531,"Any[26, 31, 36, 44]",26,44
2634,2026-01-17T13:20:00.0,2026-01-26T18:57:45.531,"Any[26, 31, 36, 44]",26,44
2897,2026-01-17T13:20:00.0,2026-01-12T18:57:45.531,Any[],12,54
2942,2026-01-17T13:20:00.0,2026-01-26T18:57:45.531,Any[],12,54
2253,2026-01-17T13:21:00.0,2026-02-02T18:58:45.531,Any[],54,12
3077,2026-01-17T13:21:00.0,2026-01-12T18:58:45.531,Any[],12,54
2342,2026-01-17T13:22:00.0,2026-01-12T18:59:45.531,Any[],54,12
3199,2026-01-17T13:22:00.0,2026-02-02T18:59:45.531,Any[],12,54
1948,2026-01-17T13:23:00.0,2026-01-12T19:00:45.531,Any[],54,12
2340,2026-01-17T13:23:00.0,2026-01-19T19:00:45.531,Any[],54,12
2371,2026-01-17T13:23:00.0,2026-01-26T19:00:45.531,Any[],54,12
2764,2026-01-17T13:23:00.0,2026-01-26T19:00:45.531,Any[],12,54
2991,2026-01-17T13:23:00.0,2026-01-26T19:00:45.531,Any[],12,54
1888,2026-01-17T13:24:00.0,2026-02-02T19:01:45.531,Any[],54,12
2114,2026-01-17T13:24:00.0,2026-01-12T19:01:45.531,Any[],54,12
2076,2026-01-17T13:25:00.0,2026-01-19T19:02:45.531,Any[],54,12
2217,2026-01-17T13:25:00.0,2026-01-19T19:02:45.531,Any[],54,12
2832,2026-01-17T13:25:00.0,2026-01-12T19:02:45.531,Any[],12,54
3051,2026-01-17T13:25:00.0,2026-02-02T19:02:45.531,Any[],12,54
3080,2026-01-17T13:25:00.0,2026-01-19T19:02:45.531,Any[],12,54
1949,2026-01-17T13:26:00.0,2026-01-12T19:03:45.531,Any[],54,12
2383,2026-01-17T13:26:00.0,2026-01-12T19:03:45.531,Any[],54,12
3075,2026-01-17T13:26:00.0,2026-01-19T19:03:45.531,Any[],12,54
3078,2026-01-17T13:26:00.0,2026-02-02T19:03:45.531,Any[],12,54
1884,2026-01-17T13:27:00.0,2026-01-19T19:04:45.531,Any[],54,12
2038,2026-01-17T13:27:00.0,2026-01-26T19:04:45.531,Any[],54,12
2333,2026-01-17T13:27:00.0,2026-02-02T19:04:45.531,Any[],54,12
3054,2026-01-17T13:27:00.0,2026-01-19T19:04:45.531,Any[],12,54
2074,2026-01-17T13:28:00.0,2026-01-12T19:05:45.531,Any[],54,12
2345,2026-01-17T13:28:00.0,2026-01-26T19:05:45.531,Any[],54,12
2977,2026-01-17T13:28:00.0,2026-02-02T19:05:45.531,Any[],12,54
1836,2026-01-17T13:29:00.0,2026-01-19T19:06:45.531,Any[],60,7
1990,2026-01-17T13:29:00.0,2026-01-12T19:06:45.531,Any[],54,12
2937,2026-01-17T13:29:00.0,2026-01-26T19:06:45.531,Any[],12,54
1865,2026-01-17T13:30:00.0,2026-01-12T19:07:45.531,Any[],54,12
2003,2026-01-17T13:30:00.0,2026-01-12T19:07:45.531,Any[],54,12
3178,2026-01-17T13:30:00.0,2026-01-19T19:07:45.531,Any[],12,54
2189,2026-01-17T13:31:00.0,2026-01-26T19:08:45.531,Any[],54,12
1995,2026-01-17T13:32:00.0,2026-02-02T19:09:45.531,Any[],54,12
2995,2026-01-17T13:32:00.0,2026-01-19T19:09:45.531,Any[],12,54
3005,2026-01-17T13:32:00.0,2026-02-02T19:09:45.531,Any[],12,54
3008,2026-01-17T13:32:00.0,2026-01-26T19:09:45.531,Any[],12,54
3174,2026-01-17T13:32:00.0,2026-01-26T19:09:45.531,Any[],12,54
1936,2026-01-17T13:33:00.0,2026-01-12T19:10:45.531,Any[],54,12
2048,2026-01-17T13:33:00.0,2026-02-02T19:10:45.531,Any[],54,12
2908,2026-01-17T13:33:00.0,2026-01-19T19:10:45.531,Any[],12,54
2377,2026-01-17T13:34:00.0,2026-01-19T19:11:45.531,Any[],54,12
2979,2026-01-17T13:34:00.0,2026-01-12T19:11:45.531,Any[],12,54
1930,2026-01-17T13:35:00.0,2026-01-26T19:12:45.531,Any[],54,12
1950,2026-01-17T13:35:00.0,2026-01-19T19:12:45.531,Any[],54,12
2103,2026-01-17T13:35:00.0,2026-01-26T19:12:45.531,Any[],54,12
2318,2026-01-17T13:35:00.0,2026-02-02T19:12:45.531,Any[],54,12
2739,2026-01-17T13:35:00.0,2026-01-19T19:12:45.531,Any[],12,54
3130,2026-01-17T13:35:00.0,2026-01-19T19:12:45.531,Any[],12,54
2110,2026-01-17T13:36:00.0,2026-01-12T19:13:45.531,Any[],54,12
2143,2026-01-17T13:36:00.0,2026-01-19T19:13:45.531,Any[],54,12
2353,2026-01-17T13:36:00.0,2026-01-12T19:13:45.531,Any[],54,12
3021,2026-01-17T13:36:00.0,2026-01-26T19:13:45.531,Any[],12,54
3029,2026-01-17T13:37:00.0,2026-01-19T19:14:45.531,Any[],12,54
1945,2026-01-17T13:38:00.0,2026-01-19T19:15:45.531,Any[],54,12
2385,2026-01-17T13:38:00.0,2026-01-26T19:15:45.531,Any[],54,12
1902,2026-01-17T13:39:00.0,2026-01-26T19:16:45.531,Any[],54,12
2685,2026-01-17T13:39:00.0,2026-01-19T19:16:45.531,Any[],12,54
2697,2026-01-17T13:39:00.0,2026-01-12T19:16:45.531,Any[],12,54
2735,2026-01-17T13:39:00.0,2026-01-19T19:16:45.531,Any[],12,54
2838,2026-01-17T13:39:00.0,2026-01-26T19:16:45.531,Any[],12,54
2016,2026-01-17T13:40:00.0,2026-01-12T19:17:45.531,Any[],54,12
2284,2026-01-17T13:40:00.0,2026-02-02T19:17:45.531,Any[],54,12
2306,2026-01-17T13:40:00.0,2026-02-02T19:17:45.531,Any[],54,12
2746,2026-01-17T13:40:00.0,2026-01-19T19:17:45.531,Any[],12,54
3015,2026-01-17T13:40:00.0,2026-01-19T19:17:45.531,Any[],12,54
3151,2026-01-17T13:40:00.0,2026-01-19T19:17:45.531,Any[],12,54
1847,2026-01-17T13:41:00.0,2026-01-26T19:18:45.531,Any[],60,7
2297,2026-01-17T13:41:00.0,2026-01-19T19:18:45.531,Any[],54,12
1866,2026-01-17T13:42:00.0,2026-01-26T19:19:45.531,Any[],54,12
2887,2026-01-17T13:42:00.0,2026-01-12T19:19:45.531,Any[],12,54
2072,2026-01-17T13:43:00.0,2026-02-02T19:20:45.531,Any[],54,12
2122,2026-01-17T13:43:00.0,2026-01-19T19:20:45.531,Any[],54,12
2247,2026-01-17T13:44:00.0,2026-02-02T19:21:45.531,Any[],54,12
2862,2026-01-17T13:44:00.0,2026-01-26T19:21:45.531,Any[],12,54
2891,2026-01-17T13:44:00.0,2026-01-26T19:21:45.531,Any[],12,54
2994,2026-01-17T13:44:00.0,2026-01-26T19:21:45.531,Any[],12,54
3169,2026-01-17T13:45:00.0,2026-01-26T19:22:45.531,Any[],12,54
3187,2026-01-17T13:45:00.0,2026-01-12T19:22:45.531,Any[],12,54
3193,2026-01-17T13:45:00.0,2026-01-26T19:22:45.531,Any[],12,54
1921,2026-01-17T13:46:00.0,2026-02-02T19:23:45.531,Any[],54,12
2957,2026-01-17T13:46:00.0,2026-01-12T19:23:45.531,Any[],12,54
1822,2026-01-17T13:47:00.0,2026-01-19T19:24:45.531,Any[],60,7
2169,2026-01-17T13:47:00.0,2026-01-26T19:24:45.531,Any[],54,12
2173,2026-01-17T13:47:00.0,2026-01-26T19:24:45.531,Any[],54,12
2198,2026-01-17T13:47:00.0,2026-01-26T19:24:45.531,Any[],54,12
2914,2026-01-17T13:47:00.0,2026-01-19T19:24:45.531,Any[],12,54
1860,2026-01-17T13:48:00.0,2026-01-26T19:25:45.531,Any[],54,12
2304,2026-01-17T13:48:00.0,2026-01-19T19:25:45.531,Any[],54,12
3067,2026-01-17T13:48:00.0,2026-02-02T19:25:45.531,Any[],12,54
3069,2026-01-17T13:48:00.0,2026-02-02T19:25:45.531,Any[],12,54
2127,2026-01-17T13:49:00.0,2026-02-02T19:26:45.531,Any[],54,12
2356,2026-01-17T13:49:00.0,2026-01-12T19:26:45.531,Any[],54,12
2375,2026-01-17T13:49:00.0,2026-01-26T19:26:45.531,Any[],54,12
2711,2026-01-17T13:49:00.0,2026-01-26T19:26:45.531,Any[],12,54
3004,2026-01-17T13:49:00.0,2026-01-26T19:26:45.531,Any[],12,54
2041,2026-01-17T13:50:00.0,2026-02-02T19:27:45.531,Any[],54,12
2818,2026-01-17T13:51:00.0,2026-02-02T19:28:45.531,Any[],12,54
3138,2026-01-17T13:51:00.0,2026-02-02T19:28:45.531,Any[],12,54
3180,2026-01-17T13:51:00.0,2026-02-02T19:28:45.531,Any[],12,54
3194,2026-01-17T13:51:00.0,2026-01-26T19:28:45.531,Any[],12,54
1828,2026-01-17T13:52:00.0,2026-01-19T19:29:45.531,Any[],60,7
1855,2026-01-17T13:52:00.0,2026-02-02T19:29:45.531,Any[],54,12
1965,2026-01-17T13:52:00.0,2026-01-12T19:29:45.531,Any[],54,12
2067,2026-01-17T13:52:00.0,2026-02-02T19:29:45.531,Any[],54,12
3087,2026-01-17T13:52:00.0,2026-01-19T19:29:45.531,Any[],12,54
2160,2026-01-17T13:53:00.0,2026-01-12T19:30:45.531,Any[],54,12
2221,2026-01-17T13:53:00.0,2026-01-19T19:30:45.531,Any[],54,12
2307,2026-01-17T13:53:00.0,2026-01-26T19:30:45.531,Any[],54,12
1992,2026-01-17T13:54:00.0,2026-02-02T19:31:45.531,Any[],54,12
2100,2026-01-17T13:54:00.0,2026-02-02T19:31:45.531,Any[],54,12
2152,2026-01-17T13:54:00.0,2026-01-19T19:31:45.531,Any[],54,12
2208,2026-01-17T13:54:00.0,2026-01-12T19:31:45.531,Any[],54,12
2252,2026-01-17T13:54:00.0,2026-01-19T19:31:45.531,Any[],54,12
2365,2026-01-17T13:54:00.0,2026-01-26T19:31:45.531,Any[],54,12
2707,2026-01-17T13:54:00.0,2026-01-26T19:31:45.531,Any[],12,54
3114,2026-01-17T13:54:00.0,2026-01-19T19:31:45.531,Any[],12,54
1924,2026-01-17T13:55:00.0,2026-01-26T19:32:45.531,Any[],54,12
2019,2026-01-17T13:55:00.0,2026-01-19T19:32:45.531,Any[],54,12
2075,2026-01-17T13:56:00.0,2026-02-02T19:33:45.531,Any[],54,12
2315,2026-01-17T13:56:00.0,2026-01-26T19:33:45.531,Any[],54,12
1922,2026-01-17T13:57:00.0,2026-02-02T19:34:45.531,Any[],54,12
2654,2026-01-17T13:57:00.0,2026-01-19T19:34:45.531,Any[],12,54
2863,2026-01-17T13:57:00.0,2026-01-19T19:34:45.531,Any[],12,54
2949,2026-01-17T13:59:00.0,2026-01-19T19:36:45.531,Any[],12,54
3048,2026-01-17T13:59:00.0,2026-01-26T19:36:45.531,Any[],12,54
2106,2026-01-21T07:03:00.0,2026-01-09T12:40:45.531,Any[],54,12
1,2026-01-21T07:06:40.0,2026-01-16T12:44:25.531,"Any[56, 45, 37, 30, 25, 19, 10]",56,10
4,2026-01-21T07:06:40.0,2026-01-16T12:44:25.531,"Any[26, 31, 36, 44, 54]",26,54
45,2026-01-21T07:06:40.0,2026-01-30T12:44:25.531,"Any[56, 45, 37, 30, 25, 19, 10]",56,10
63,2026-01-21T07:06:40.0,2026-01-23T12:44:25.531,"Any[53, 45, 37, 30, 25, 19, 10]",53,10
75,2026-01-21T07:06:40.0,2026-01-23T12:44:25.531,"Any[10, 19, 25, 30, 37, 45, 53]",10,53
81,2026-01-21T07:06:40.0,2026-01-30T12:44:25.531,"Any[53, 45, 37, 30, 25, 19, 10]",53,10
92,2026-01-21T07:06:40.0,2026-01-23T12:44:25.531,"Any[10, 19, 25, 30, 37, 45, 53]",10,53
127,2026-01-21T07:06:40.0,2026-01-30T12:44:25.531,"Any[10, 19, 25, 30, 37, 45, 53]",10,53
156,2026-01-21T07:06:40.0,2026-01-30T12:44:25.531,"Any[26, 31, 36, 44, 54]",26,54
162,2026-01-21T07:06:40.0,2026-01-09T12:44:25.531,"Any[10, 19, 25, 30, 37, 45, 53]",10,53
169,2026-01-21T07:06:40.0,2026-01-23T12:44:25.531,"Any[26, 31, 36, 44]",26,44
177,2026-01-21T07:06:40.0,2026-01-23T12:44:25.531,"Any[26, 31, 36, 44, 54]",26,54
220,2026-01-21T07:06:40.0,2026-01-09T12:44:25.531,"Any[53, 45, 37, 30, 25, 19, 10]",53,10
226,2026-01-21T07:06:40.0,2026-01-16T12:44:25.531,"Any[53, 45, 37, 30, 25, 19, 10]",53,10
234,2026-01-21T07:06:40.0,2026-01-16T12:44:25.531,"Any[53, 45, 37, 30, 25, 19, 11, 6, 1]",53,1
249,2026-01-21T07:06:40.0,2026-01-16T12:44:25.531,"Any[53, 45, 37, 30, 25, 19, 10]",53,10
257,2026-01-21T07:06:40.0,2026-01-16T12:44:25.531,"Any[56, 45, 37, 30, 25, 19, 10]",56,10
285,2026-01-21T07:06:40.0,2026-01-23T12:44:25.531,"Any[7, 8, 13, 19, 25, 30, 37, 45, 53]",7,53
291,2026-01-21T07:06:40.0,2026-01-09T12:44:25.531,"Any[56, 45, 37, 30, 25, 19, 10]",56,10
302,2026-01-21T07:06:40.0,2026-01-09T12:44:25.531,"Any[53, 45, 37, 30, 25, 19, 10]",53,10
307,2026-01-21T07:06:40.0,2026-01-09T12:44:25.531,"Any[53, 45, 37, 30, 25, 19, 11, 6, 1]",53,1
414,2026-01-21T07:06:40.0,2026-01-09T12:44:25.531,"Any[56, 45, 37, 30, 25, 19, 10]",56,10
421,2026-01-21T07:06:40.0,2026-01-23T12:44:25.531,"Any[56, 45, 37, 30, 25, 19, 10]",56,10
442,2026-01-21T07:06:40.0,2026-01-30T12:44:25.531,"Any[26, 31, 36, 44, 54]",26,54
458,2026-01-21T07:06:40.0,2026-01-30T12:44:25.531,"Any[10, 19, 25, 30, 37, 45, 53]",10,53
468,2026-01-21T07:06:40.0,2026-01-23T12:44:25.531,"Any[53, 45, 37, 30, 25, 19, 10]",53,10
470,2026-01-21T07:06:40.0,2026-01-23T12:44:25.531,"Any[53, 45, 37, 30, 25, 19, 10]",53,10
476,2026-01-21T07:06:40.0,2026-01-09T12:44:25.531,"Any[53, 45, 37, 30, 25, 19, 10]",53,10
507,2026-01-21T07:06:40.0,2026-01-30T12:44:25.531,"Any[1, 6, 11, 19, 30, 37, 45, 56]",1,56
531,2026-01-21T07:06:40.0,2026-01-09T12:44:25.531,"Any[10, 19, 30, 37, 45, 53]",10,53
534,2026-01-21T07:06:40.0,2026-01-16T12:44:25.531,"Any[53, 45, 37, 30, 25, 19, 10]",53,10
538,2026-01-21T07:06:40.0,2026-01-23T12:44:25.531,"Any[53, 45, 37, 30, 25, 19, 11, 6, 1]",53,1
540,2026-01-21T07:06:40.0,2026-01-09T12:44:25.531,"Any[53, 45, 37, 30, 25, 19, 10]",53,10
555,2026-01-21T07:06:40.0,2026-01-09T12:44:25.531,"Any[53, 45, 37, 30, 25, 19, 10]",53,10
556,2026-01-21T07:06:40.0,2026-01-16T12:44:25.531,"Any[26, 31, 36, 44, 54]",26,54
558,2026-01-21T07:06:40.0,2026-01-30T12:44:25.531,"Any[10, 19, 25, 30, 37, 45, 53]",10,53
598,2026-01-21T07:06:40.0,2026-01-09T12:44:25.531,"Any[10, 19, 25, 30, 37, 45, 53]",10,53
603,2026-01-21T07:06:40.0,2026-01-30T12:44:25.531,"Any[53, 45, 37, 30, 25, 19, 11, 6, 1]",53,1
620,2026-01-21T07:06:40.0,2026-01-09T12:44:25.531,"Any[53, 45, 37, 30, 25, 19, 10]",53,10
621,2026-01-21T07:06:40.0,2026-01-30T12:44:25.531,"Any[53, 45, 37, 30, 25, 19, 10]",53,10
634,2026-01-21T07:06:40.0,2026-01-30T12:44:25.531,"Any[53, 45, 37, 30, 25, 19, 10]",53,10
656,2026-01-21T07:06:40.0,2026-01-09T12:44:25.531,"Any[53, 45, 37, 30, 25, 19, 10]",53,10
673,2026-01-21T07:06:40.0,2026-01-30T12:44:25.531,"Any[26, 31, 36, 44, 54]",26,54
677,2026-01-21T07:06:40.0,2026-01-23T12:44:25.531,"Any[10, 19, 25, 30, 37, 45, 53]",10,53
693,2026-01-21T07:06:40.0,2026-01-30T12:44:25.531,"Any[26, 31, 36]",26,36
772,2026-01-21T07:06:40.0,2026-01-09T12:44:25.531,"Any[53, 45, 37, 30, 25, 19, 11, 6, 1]",53,1
773,2026-01-21T07:06:40.0,2026-01-30T12:44:25.531,"Any[53, 45, 37, 30, 25, 19, 11, 6, 1]",53,1
780,2026-01-21T07:06:40.0,2026-01-23T12:44:25.531,"Any[10, 19, 25, 30, 37, 45, 53]",10,53
800,2026-01-21T07:06:40.0,2026-01-09T12:44:25.531,"Any[53, 45, 37, 30, 25, 19, 10]",53,10
802,2026-01-21T07:06:40.0,2026-01-23T12:44:25.531,"Any[56, 45, 37, 30, 25, 19, 10]",56,10
839,2026-01-21T07:06:40.0,2026-01-30T12:44:25.531,"Any[26, 31, 36, 44, 54]",26,54
846,2026-01-21T07:06:40.0,2026-01-09T12:44:25.531,"Any[53, 45, 37, 30, 25, 19, 10]",53,10
859,2026-01-21T07:06:40.0,2026-01-23T12:44:25.531,"Any[26, 31, 36, 44, 54]",26,54
875,2026-01-21T07:06:40.0,2026-01-09T12:44:25.531,"Any[56, 45, 37, 30, 25, 19, 10]",56,10
882,2026-01-21T07:06:40.0,2026-01-16T12:44:25.531,"Any[26, 31, 36, 44, 54]",26,54
883,2026-01-21T07:06:40.0,2026-01-16T12:44:25.531,"Any[26, 31, 36, 44, 54]",26,54
904,2026-01-21T07:06:40.0,2026-01-23T12:44:25.531,"Any[53, 45, 37, 30, 25, 19, 10]",53,10
944,2026-01-21T07:06:40.0,2026-01-30T12:44:25.531,"Any[56, 45, 37, 30, 25, 19, 10]",56,10
1001,2026-01-21T07:06:40.0,2026-01-30T12:44:25.531,"Any[10, 19, 25, 30, 37, 45, 53]",10,53
1043,2026-01-21T07:06:40.0,2026-01-16T12:44:25.531,"Any[53, 45, 37, 30, 25, 19, 10]",53,10
1087,2026-01-21T07:06:40.0,2026-01-09T12:44:25.531,"Any[26, 31, 36, 44]",26,44
1096,2026-01-21T07:06:40.0,2026-01-30T12:44:25.531,"Any[53, 45, 37, 30, 25, 19, 11, 6, 1]",53,1
1171,2026-01-21T07:06:40.0,2026-01-16T12:44:25.531,"Any[10, 19, 25, 30, 37, 45, 53]",10,53
1177,2026-01-21T07:06:40.0,2026-01-16T12:44:25.531,"Any[7, 8, 13, 19, 25, 30, 37, 45, 53]",7,53
1200,2026-01-21T07:06:40.0,2026-01-09T12:44:25.531,"Any[7, 8, 13, 19, 25, 30, 37, 45, 53]",7,53
1203,2026-01-21T07:06:40.0,2026-01-30T12:44:25.531,"Any[7, 8, 13, 19, 25, 30, 37, 45, 53]",7,53
1210,2026-01-21T07:06:40.0,2026-01-23T12:44:25.531,"Any[53, 45, 37, 30, 25, 19, 11, 6, 1]",53,1
1220,2026-01-21T07:06:40.0,2026-01-16T12:44:25.531,"Any[7, 8, 13, 19, 25, 30, 37, 45, 53]",7,53
1235,2026-01-21T07:06:40.0,2026-01-09T12:44:25.531,"Any[7, 8, 13, 19, 25, 30, 37, 45, 53]",7,53
1240,2026-01-21T07:06:40.0,2026-01-09T12:44:25.531,"Any[53, 45, 37, 30, 25, 19, 10]",53,10
1257,2026-01-21T07:06:40.0,2026-01-16T12:44:25.531,"Any[1, 6, 10, 19, 23, 36, 44, 54, 60]",1,60
1261,2026-01-21T07:06:40.0,2026-01-30T12:44:25.531,"Any[53, 45, 37, 30, 25, 19, 10]",53,10
1285,2026-01-21T07:06:40.0,2026-01-23T12:44:25.531,"Any[1, 6, 11, 19, 25, 30, 37, 45, 56]",1,56
1296,2026-01-21T07:06:40.0,2026-01-23T12:44:25.531,"Any[10, 19, 25, 30, 37, 45, 53]",10,53
1300,2026-01-21T07:06:40.0,2026-01-16T12:44:25.531,"Any[53, 45, 37, 30, 25, 19, 11, 6, 1]",53,1
1307,2026-01-21T07:06:40.0,2026-01-23T12:44:25.531,"Any[53, 45, 37, 30, 25, 19, 10]",53,10
1310,2026-01-21T07:06:40.0,2026-01-16T12:44:25.531,"Any[53, 45, 37, 30, 25, 19, 10]",53,10
1313,2026-01-21T07:06:40.0,2026-01-16T12:44:25.531,"Any[56, 45, 37, 30, 25, 19, 10]",56,10
1320,2026-01-21T07:06:40.0,2026-01-23T12:44:25.531,"Any[1, 6, 10, 19, 23, 36, 44, 54, 60]",1,60
1323,2026-01-21T07:06:40.0,2026-01-09T12:44:25.531,"Any[26, 31, 36, 44, 54]",26,54
1334,2026-01-21T07:06:40.0,2026-01-23T12:44:25.531,"Any[26, 31, 36, 44, 54]",26,54
1362,2026-01-21T07:06:40.0,2026-01-30T12:44:25.531,"Any[53, 45, 37, 30, 25, 19, 10]",53,10
1384,2026-01-21T07:06:40.0,2026-01-09T12:44:25.531,"Any[10, 19, 25, 30, 37, 45, 53]",10,53
1402,2026-01-21T07:06:40.0,2026-01-30T12:44:25.531,"Any[53, 45, 37, 30, 25, 19, 10]",53,10
1407,2026-01-21T07:06:40.0,2026-01-09T12:44:25.531,"Any[10, 19, 25, 30, 37, 45, 53]",10,53
1413,2026-01-21T07:06:40.0,2026-01-16T12:44:25.531,"Any[53, 45, 37, 30, 25, 19, 10]",53,10
1419,2026-01-21T07:06:40.0,2026-01-09T12:44:25.531,"Any[10, 11, 19, 25, 30, 37, 45, 53]",10,53
1451,2026-01-21T07:06:40.0,2026-01-30T12:44:25.531,"Any[26, 31, 36, 44, 54]",26,54
1459,2026-01-21T07:06:40.0,2026-01-09T12:44:25.531,"Any[53, 45, 37, 30, 25, 19, 11, 6, 1]",53,1
1464,2026-01-21T07:06:40.0,2026-01-23T12:44:25.531,"Any[10, 19, 25, 30, 37, 45, 53]",10,53
1502,2026-01-21T07:06:40.0,2026-01-09T12:44:25.531,"Any[53, 45, 37, 30, 25, 19, 10]",53,10
1505,2026-01-21T07:06:40.0,2026-01-16T12:44:25.531,"Any[7, 8, 13, 19, 25, 30, 37, 45, 53]",7,53
1527,2026-01-21T07:06:40.0,2026-01-23T12:44:25.531,"Any[10, 19, 25, 30, 37, 45, 53]",10,53
1541,2026-01-21T07:06:40.0,2026-01-23T12:44:25.531,"Any[26, 31, 36, 44, 54]",26,54
1543,2026-01-21T07:06:40.0,2026-01-30T12:44:25.531,"Any[10, 19, 25, 30, 37, 45, 53]",10,53
1545,2026-01-21T07:06:40.0,2026-01-30T12:44:25.531,"Any[10, 19, 30, 37, 45, 53]",10,53
1549,2026-01-21T07:06:40.0,2026-01-09T12:44:25.531,"Any[10, 11, 19, 25, 30, 37, 45, 53]",10,53
1577,2026-01-21T07:06:40.0,2026-01-16T12:44:25.531,"Any[56, 45, 37, 30, 25, 19, 10]",56,10
1596,2026-01-21T07:06:40.0,2026-01-23T12:44:25.531,"Any[53, 45, 37, 30, 25, 19, 11, 6, 1]",53,1
1607,2026-01-21T07:06:40.0,2026-01-23T12:44:25.531,"Any[10, 19, 25, 30, 37, 45, 53]",10,53
1627,2026-01-21T07:06:40.0,2026-01-16T12:44:25.531,"Any[56, 45, 37, 30, 25, 19, 10]",56,10
1643,2026-01-21T07:06:40.0,2026-01-16T12:44:25.531,"Any[7, 8, 13, 19, 25, 30, 37, 45, 53]",7,53
1696,2026-01-21T07:06:40.0,2026-01-30T12:44:25.531,"Any[10, 19, 25, 30, 37, 45, 53]",10,53
1708,2026-01-21T07:06:40.0,2026-01-23T12:44:25.531,"Any[56, 45, 37, 30, 25, 19, 10]",56,10
1715,2026-01-21T07:06:40.0,2026-01-23T12:44:25.531,"Any[53, 45, 37, 30, 25, 19, 10]",53,10
1719,2026-01-21T07:06:40.0,2026-01-16T12:44:25.531,"Any[56, 45, 37, 30, 25, 19, 10]",56,10
1740,2026-01-21T07:06:40.0,2026-01-30T12:44:25.531,"Any[53, 45, 37, 30, 25, 19, 10]",53,10
1741,2026-01-21T07:06:40.0,2026-01-23T12:44:25.531,"Any[45, 37, 30, 25, 19, 10]",45,10
1751,2026-01-21T07:06:40.0,2026-01-23T12:44:25.531,"Any[53, 45, 37, 30, 25, 19, 10]",53,10
1754,2026-01-21T07:06:40.0,2026-01-09T12:44:25.531,"Any[26, 31, 36, 44, 54]",26,54
1758,2026-01-21T07:06:40.0,2026-01-30T12:44:25.531,"Any[53, 45, 37, 30, 25, 19, 10]",53,10
2403,2026-01-21T07:06:40.0,2026-01-16T12:44:25.531,"Any[56, 45, 37, 30, 25, 19, 10]",56,10
2404,2026-01-21T07:06:40.0,2026-01-30T12:44:25.531,"Any[56, 45, 37, 30, 25, 19, 10]",56,10
2409,2026-01-21T07:06:40.0,2026-01-23T12:44:25.531,"Any[56, 45, 37, 30, 25, 19, 10]",56,10
2410,2026-01-21T07:06:40.0,2026-01-23T12:44:25.531,"Any[56, 45, 37, 30, 25, 19, 10]",56,10
2413,2026-01-21T07:06:40.0,2026-01-23T12:44:25.531,"Any[56, 45, 37, 30, 25, 19, 10]",56,10
2494,2026-01-21T07:06:40.0,2026-01-16T12:44:25.531,"Any[26, 31, 36, 44]",26,44
2510,2026-01-21T07:06:40.0,2026-01-09T12:44:25.531,"Any[26, 31, 36, 44]",26,44
2542,2026-01-21T07:06:40.0,2026-01-30T12:44:25.531,"Any[26, 31, 36, 44]",26,44
2545,2026-01-21T07:06:40.0,2026-01-09T12:44:25.531,"Any[26, 31, 36, 44]",26,44
2549,2026-01-21T07:06:40.0,2026-01-16T12:44:25.531,"Any[26, 31, 36, 44]",26,44
2590,2026-01-21T07:06:40.0,2026-01-23T12:44:25.531,"Any[26, 31, 36, 44]",26,44
1774,2026-01-21T07:11:00.0,2026-01-16T12:48:45.531,Any[],60,7
2959,2026-01-21T07:12:00.0,2026-01-16T12:49:45.531,Any[],12,54
1988,2026-01-21T07:16:00.0,2026-01-16T12:53:45.531,Any[],54,12
3146,2026-01-21T07:18:00.0,2026-01-16T12:55:45.531,Any[],12,54
1947,2026-01-21T07:22:00.0,2026-01-23T12:59:45.531,Any[],54,12
2758,2026-01-21T07:22:00.0,2026-01-23T12:59:45.531,Any[],12,54
2834,2026-01-21T07:23:00.0,2026-01-23T13:00:45.531,Any[],12,54
3161,2026-01-21T07:24:00.0,2026-01-23T13:01:45.531,Any[],12,54
1781,2026-01-21T07:38:00.0,2026-01-30T13:15:45.531,Any[],60,7
2039,2026-01-21T07:40:00.0,2026-01-23T13:17:45.531,Any[],54,12
2886,2026-01-21T07:41:00.0,2026-01-23T13:18:45.531,Any[],12,54
1777,2026-01-21T07:50:00.0,2026-01-30T13:27:45.531,Any[],60,7
1819,2026-01-21T13:00:00.0,2026-01-23T18:37:45.531,Any[],60,7
3155,2026-01-21T13:02:00.0,2026-01-09T18:39:45.531,Any[],12,54
1903,2026-01-21T13:04:00.0,2026-01-09T18:41:45.531,Any[],54,12
1967,2026-01-21T13:04:00.0,2026-01-16T18:41:45.531,Any[],54,12
2031,2026-01-21T13:04:00.0,2026-01-16T18:41:45.531,Any[],54,12
2910,2026-01-21T13:05:00.0,2026-01-16T18:42:45.531,Any[],12,54
1832,2026-01-21T13:07:00.0,2026-01-23T18:44:45.531,Any[],60,7
2043,2026-01-21T13:07:00.0,2026-01-16T18:44:45.531,Any[],54,12
3186,2026-01-21T13:07:00.0,2026-01-30T18:44:45.531,Any[],12,54
2878,2026-01-21T13:08:00.0,2026-01-23T18:45:45.531,Any[],12,54
2275,2026-01-21T13:09:00.0,2026-01-23T18:46:45.531,Any[],54,12
2650,2026-01-21T13:10:00.0,2026-01-23T18:47:45.531,Any[],15,43
2671,2026-01-21T13:10:00.0,2026-01-16T18:47:45.531,Any[],12,54
2885,2026-01-21T13:10:00.0,2026-01-30T18:47:45.531,Any[],12,54
2904,2026-01-21T13:10:00.0,2026-01-16T18:47:45.531,Any[],12,54
1994,2026-01-21T13:12:00.0,2026-01-23T18:49:45.531,Any[],54,12
2000,2026-01-21T13:14:00.0,2026-01-16T18:51:45.531,Any[],54,12
2927,2026-01-21T13:15:00.0,2026-01-09T18:52:45.531,Any[],12,54
3142,2026-01-21T13:16:00.0,2026-01-30T18:53:45.531,Any[],12,54
2723,2026-01-21T13:18:00.0,2026-01-09T18:55:45.531,Any[],12,54
2666,2026-01-21T13:19:00.0,2026-01-23T18:56:45.531,Any[],12,54
3061,2026-01-21T13:19:00.0,2026-01-16T18:56:45.531,Any[],12,54
3071,2026-01-21T13:19:00.0,2026-01-23T18:56:45.531,Any[],12,54
2946,2026-01-21T13:20:00.0,2026-01-23T18:57:45.531,Any[],12,54
3088,2026-01-21T13:20:00.0,2026-01-30T18:57:45.531,Any[],12,54
2647,2026-01-21T13:23:00.0,2026-01-30T19:00:45.531,Any[],15,43
2181,2026-01-21T13:25:00.0,2026-01-16T19:02:45.531,Any[],54,12
1983,2026-01-21T13:26:00.0,2026-01-23T19:03:45.531,Any[],54,12
2324,2026-01-21T13:26:00.0,2026-01-23T19:03:45.531,Any[],54,12
1991,2026-01-21T13:28:00.0,2026-01-16T19:05:45.531,Any[],54,12
1806,2026-01-21T13:29:00.0,2026-01-09T19:06:45.531,Any[],60,7
3095,2026-01-21T13:29:00.0,2026-01-09T19:06:45.531,Any[],12,54
1804,2026-01-21T13:30:00.0,2026-01-16T19:07:45.531,Any[],60,7
2285,2026-01-21T13:30:00.0,2026-01-23T19:07:45.531,Any[],54,12
2684,2026-01-21T13:30:00.0,2026-01-09T19:07:45.531,Any[],12,54
1998,2026-01-21T13:32:00.0,2026-01-30T19:09:45.531,Any[],54,12
1809,2026-01-21T13:33:00.0,2026-01-09T19:10:45.531,Any[],60,7
3072,2026-01-21T13:33:00.0,2026-01-23T19:10:45.531,Any[],12,54
2816,2026-01-21T13:34:00.0,2026-01-09T19:11:45.531,Any[],12,54
2090,2026-01-21T13:35:00.0,2026-01-23T19:12:45.531,Any[],54,12
2938,2026-01-21T13:35:00.0,2026-01-09T19:12:45.531,Any[],12,54
2842,2026-01-21T13:36:00.0,2026-01-30T19:13:45.531,Any[],12,54
3165,2026-01-21T13:36:00.0,2026-01-09T19:13:45.531,Any[],12,54
1898,2026-01-21T13:38:00.0,2026-01-16T19:15:45.531,Any[],54,12
1833,2026-01-21T13:41:00.0,2026-01-23T19:18:45.531,Any[],60,7
1982,2026-01-21T13:43:00.0,2026-01-16T19:20:45.531,Any[],54,12
2386,2026-01-21T13:44:00.0,2026-01-16T19:21:45.531,Any[],54,12
3006,2026-01-21T13:44:00.0,2026-01-30T19:21:45.531,Any[],12,54
1871,2026-01-21T13:46:00.0,2026-01-16T19:23:45.531,Any[],54,12
2243,2026-01-21T13:47:00.0,2026-01-30T19:24:45.531,Any[],54,12
2678,2026-01-21T13:47:00.0,2026-01-16T19:24:45.531,Any[],12,54
2802,2026-01-21T13:51:00.0,2026-01-30T19:28:45.531,Any[],12,54
1783,2026-01-21T13:52:00.0,2026-01-09T19:29:45.531,Any[],60,7
1849,2026-01-21T13:52:00.0,2026-01-23T19:29:45.531,Any[],54,12
2659,2026-01-21T13:53:00.0,2026-01-09T19:30:45.531,Any[],12,54
3039,2026-01-21T13:53:00.0,2026-01-23T19:30:45.531,Any[],12,54
1820,2026-01-21T13:54:00.0,2026-01-23T19:31:45.531,Any[],60,7
2056,2026-01-21T13:54:00.0,2026-01-30T19:31:45.531,Any[],54,12
2191,2026-01-21T13:54:00.0,2026-01-09T19:31:45.531,Any[],54,12
3031,2026-01-21T13:54:00.0,2026-01-30T19:31:45.531,Any[],12,54
2837,2026-01-21T13:56:00.0,2026-01-23T19:33:45.531,Any[],12,54
2726,2026-01-24T07:01:00.0,2026-01-26T12:38:45.531,Any[],12,54
2789,2026-01-24T07:02:00.0,2026-01-26T12:39:45.531,Any[],12,54
2745,2026-01-24T07:03:00.0,2026-01-26T12:40:45.531,Any[],12,54
1912,2026-01-24T07:05:00.0,2026-01-26T12:42:45.531,Any[],54,12
1911,2026-01-24T07:07:00.0,2026-01-19T12:44:45.531,Any[],54,12
2749,2026-01-24T07:07:00.0,2026-01-12T12:44:45.531,Any[],12,54
3058,2026-01-24T07:07:00.0,2026-01-26T12:44:45.531,Any[],12,54
1969,2026-01-24T07:08:00.0,2026-01-19T12:45:45.531,Any[],54,12
2117,2026-01-24T07:08:00.0,2026-01-26T12:45:45.531,Any[],54,12
2845,2026-01-24T07:08:00.0,2026-02-02T12:45:45.531,Any[],12,54
3057,2026-01-24T07:08:00.0,2026-01-26T12:45:45.531,Any[],12,54
2211,2026-01-24T07:09:00.0,2026-02-02T12:46:45.531,Any[],54,12
2250,2026-01-24T07:09:00.0,2026-01-26T12:46:45.531,Any[],54,12
3147,2026-01-24T07:09:00.0,2026-01-12T12:46:45.531,Any[],12,54
2901,2026-01-24T07:11:00.0,2026-01-12T12:48:45.531,Any[],12,54
2230,2026-01-24T07:13:00.0,2026-01-12T12:50:45.531,Any[],54,12
2909,2026-01-24T07:13:00.0,2026-01-19T12:50:45.531,Any[],12,54
2178,2026-01-24T07:16:00.0,2026-02-02T12:53:45.531,Any[],54,12
2293,2026-01-24T07:16:00.0,2026-02-02T12:53:45.531,Any[],54,12
1941,2026-01-24T07:17:00.0,2026-01-19T12:54:45.531,Any[],54,12
3081,2026-01-24T07:18:00.0,2026-01-12T12:55:45.531,Any[],12,54
2368,2026-01-24T07:19:00.0,2026-01-12T12:56:45.531,Any[],54,12
2744,2026-01-24T07:20:00.0,2026-01-12T12:57:45.531,Any[],12,54
2206,2026-01-24T07:22:00.0,2026-01-26T12:59:45.531,Any[],54,12
2985,2026-01-24T07:23:00.0,2026-01-26T13:00:45.531,Any[],12,54
1959,2026-01-24T07:24:00.0,2026-01-26T13:01:45.531,Any[],54,12
2367,2026-01-24T07:26:00.0,2026-02-02T13:03:45.531,Any[],54,12
2214,2026-01-24T07:27:00.0,2026-01-26T13:04:45.531,Any[],54,12
2730,2026-01-24T07:27:00.0,2026-01-12T13:04:45.531,Any[],12,54
2687,2026-01-24T07:32:00.0,2026-02-02T13:09:45.531,Any[],12,54
2763,2026-01-24T07:32:00.0,2026-02-02T13:09:45.531,Any[],12,54
2132,2026-01-24T07:34:00.0,2026-01-12T13:11:45.531,Any[],54,12
1882,2026-01-24T07:35:00.0,2026-02-02T13:12:45.531,Any[],54,12
2718,2026-01-24T07:35:00.0,2026-01-19T13:12:45.531,Any[],12,54
2880,2026-01-24T07:37:00.0,2026-01-19T13:14:45.531,Any[],12,54
2249,2026-01-24T07:39:00.0,2026-02-02T13:16:45.531,Any[],54,12
2884,2026-01-24T07:39:00.0,2026-01-12T13:16:45.531,Any[],12,54
2806,2026-01-24T07:40:00.0,2026-02-02T13:17:45.531,Any[],12,54
2896,2026-01-24T07:42:00.0,2026-02-02T13:19:45.531,Any[],12,54
2854,2026-01-24T07:44:00.0,2026-01-19T13:21:45.531,Any[],12,54
1835,2026-01-24T07:47:00.0,2026-01-26T13:24:45.531,Any[],60,7
1892,2026-01-24T07:47:00.0,2026-02-02T13:24:45.531,Any[],54,12
2998,2026-01-24T07:47:00.0,2026-01-12T13:24:45.531,Any[],12,54
2996,2026-01-24T07:50:00.0,2026-01-26T13:27:45.531,Any[],12,54
2017,2026-01-24T07:51:00.0,2026-01-12T13:28:45.531,Any[],54,12
1897,2026-01-24T07:55:00.0,2026-01-12T13:32:45.531,Any[],54,12
1917,2026-01-24T07:55:00.0,2026-01-19T13:32:45.531,Any[],54,12
2716,2026-01-24T07:55:00.0,2026-02-02T13:32:45.531,Any[],12,54
2783,2026-01-24T07:55:00.0,2026-02-02T13:32:45.531,Any[],12,54
2170,2026-01-24T07:57:00.0,2026-01-26T13:34:45.531,Any[],54,12
2266,2026-01-24T07:57:00.0,2026-01-26T13:34:45.531,Any[],54,12
1770,2026-01-24T07:58:00.0,2026-01-12T13:35:45.531,Any[],60,7
2084,2026-01-24T07:59:00.0,2026-01-19T13:36:45.531,Any[],54,12
1767,2026-01-24T13:01:00.0,2026-01-19T18:38:45.531,Any[],60,7
1906,2026-01-24T13:01:00.0,2026-02-02T18:38:45.531,Any[],54,12
2113,2026-01-24T13:01:00.0,2026-01-19T18:38:45.531,Any[],54,12
2134,2026-01-24T13:01:00.0,2026-02-02T18:38:45.531,Any[],54,12
2344,2026-01-24T13:01:00.0,2026-01-12T18:38:45.531,Any[],54,12
2705,2026-01-24T13:01:00.0,2026-01-19T18:38:45.531,Any[],12,54
2686,2026-01-24T13:02:00.0,2026-02-02T18:39:45.531,Any[],12,54
2727,2026-01-24T13:02:00.0,2026-01-26T18:39:45.531,Any[],12,54
3025,2026-01-24T13:02:00.0,2026-01-12T18:39:45.531,Any[],12,54
1799,2026-01-24T13:03:00.0,2026-01-26T18:40:45.531,Any[],60,7
1825,2026-01-24T13:03:00.0,2026-01-26T18:40:45.531,Any[],60,7
1844,2026-01-24T13:03:00.0,2026-01-19T18:40:45.531,Any[],60,7
2154,2026-01-24T13:03:00.0,2026-02-02T18:40:45.531,Any[],54,12
2965,2026-01-24T13:03:00.0,2026-02-02T18:40:45.531,Any[],12,54
2689,2026-01-24T13:04:00.0,2026-01-12T18:41:45.531,Any[],12,54
2759,2026-01-24T13:04:00.0,2026-01-19T18:41:45.531,Any[],12,54
2823,2026-01-24T13:04:00.0,2026-02-02T18:41:45.531,Any[],12,54
3185,2026-01-24T13:04:00.0,2026-01-12T18:41:45.531,Any[],12,54
2768,2026-01-24T13:06:00.0,2026-02-02T18:43:45.531,Any[],12,54
2953,2026-01-24T13:06:00.0,2026-01-26T18:43:45.531,Any[],12,54
3065,2026-01-24T13:06:00.0,2026-02-02T18:43:45.531,Any[],12,54
3096,2026-01-24T13:06:00.0,2026-01-12T18:43:45.531,Any[],12,54
3182,2026-01-24T13:06:00.0,2026-01-19T18:43:45.531,Any[],12,54
2278,2026-01-24T13:07:00.0,2026-01-12T18:44:45.531,Any[],54,12
3047,2026-01-24T13:07:00.0,2026-02-02T18:44:45.531,Any[],12,54
2373,2026-01-24T13:08:00.0,2026-01-26T18:45:45.531,Any[],54,12
2651,2026-01-24T13:08:00.0,2026-01-26T18:45:45.531,Any[],12,54
3162,2026-01-24T13:08:00.0,2026-01-12T18:45:45.531,Any[],12,54
2002,2026-01-24T13:09:00.0,2026-01-26T18:46:45.531,Any[],54,12
2233,2026-01-24T13:09:00.0,2026-02-02T18:46:45.531,Any[],54,12
1972,2026-01-24T13:10:00.0,2026-01-26T18:47:45.531,Any[],54,12
3062,2026-01-24T13:10:00.0,2026-01-26T18:47:45.531,Any[],12,54
2095,2026-01-24T13:11:00.0,2026-01-19T18:48:45.531,Any[],54,12
2283,2026-01-24T13:11:00.0,2026-01-12T18:48:45.531,Any[],54,12
2334,2026-01-24T13:11:00.0,2026-02-02T18:48:45.531,Any[],54,12
2702,2026-01-24T13:11:00.0,2026-01-26T18:48:45.531,Any[],12,54
2950,2026-01-24T13:11:00.0,2026-02-02T18:48:45.531,Any[],12,54
2135,2026-01-24T13:12:00.0,2026-02-02T18:49:45.531,Any[],54,12
2254,2026-01-24T13:12:00.0,2026-01-12T18:49:45.531,Any[],54,12
2126,2026-01-24T13:13:00.0,2026-01-26T18:50:45.531,Any[],54,12
2273,2026-01-24T13:13:00.0,2026-02-02T18:50:45.531,Any[],54,12
3196,2026-01-24T13:13:00.0,2026-02-02T18:50:45.531,Any[],12,54
1916,2026-01-24T13:14:00.0,2026-01-19T18:51:45.531,Any[],54,12
1980,2026-01-24T13:14:00.0,2026-02-02T18:51:45.531,Any[],54,12
2372,2026-01-24T13:14:00.0,2026-01-19T18:51:45.531,Any[],54,12
2092,2026-01-24T13:15:00.0,2026-01-12T18:52:45.531,Any[],54,12
2319,2026-01-24T13:15:00.0,2026-01-19T18:52:45.531,Any[],54,12
2321,2026-01-24T13:15:00.0,2026-01-19T18:52:45.531,Any[],54,12
2064,2026-01-24T13:16:00.0,2026-02-02T18:53:45.531,Any[],54,12
2820,2026-01-24T13:16:00.0,2026-01-26T18:53:45.531,Any[],12,54
3107,2026-01-24T13:17:00.0,2026-02-02T18:54:45.531,Any[],12,54
2790,2026-01-24T13:18:00.0,2026-01-26T18:55:45.531,Any[],12,54
1935,2026-01-24T13:19:00.0,2026-01-12T18:56:45.531,Any[],54,12
2020,2026-01-24T13:19:00.0,2026-01-12T18:56:45.531,Any[],54,12
2369,2026-01-24T13:19:00.0,2026-01-26T18:56:45.531,Any[],54,12
14,2026-01-24T13:20:00.0,2026-02-02T18:57:45.531,"Any[26, 31, 36, 44]",26,44
16,2026-01-24T13:20:00.0,2026-01-19T18:57:45.531,"Any[26, 31, 36, 44]",26,44
19,2026-01-24T13:20:00.0,2026-01-12T18:57:45.531,"Any[53, 45, 37, 30, 25, 19, 10]",53,10
20,2026-01-24T13:20:00.0,2026-02-02T18:57:45.531,"Any[26, 31, 36, 44]",26,44
26,2026-01-24T13:20:00.0,2026-01-19T18:57:45.531,"Any[10, 19, 25, 30, 37, 45, 53]",10,53
34,2026-01-24T13:20:00.0,2026-01-12T18:57:45.531,"Any[53, 45, 37, 30, 25, 19, 11, 6, 1]",53,1
37,2026-01-24T13:20:00.0,2026-01-12T18:57:45.531,"Any[26, 31, 36, 44, 54]",26,54
42,2026-01-24T13:20:00.0,2026-01-26T18:57:45.531,"Any[53, 45, 37, 30, 25, 19, 11, 6, 1]",53,1
44,2026-01-24T13:20:00.0,2026-02-02T18:57:45.531,"Any[54, 44, 36, 31, 22, 15]",54,15
60,2026-01-24T13:20:00.0,2026-01-12T18:57:45.531,"Any[36, 31, 22, 15]",36,15
82,2026-01-24T13:20:00.0,2026-02-02T18:57:45.531,"Any[53, 45, 37, 30, 25, 19, 11, 6, 1]",53,1
86,2026-01-24T13:20:00.0,2026-01-19T18:57:45.531,"Any[53, 45, 37, 30, 25, 19, 10]",53,10
98,2026-01-24T13:20:00.0,2026-01-26T18:57:45.531,"Any[53, 45, 37, 30, 25, 19, 11, 6, 1]",53,1
105,2026-01-24T13:20:00.0,2026-02-02T18:57:45.531,"Any[18, 26, 31, 36, 44, 54]",18,54
108,2026-01-24T13:20:00.0,2026-01-26T18:57:45.531,"Any[53, 45, 37, 30, 25, 19, 11, 6, 1]",53,1
109,2026-01-24T13:20:00.0,2026-01-26T18:57:45.531,"Any[53, 45, 37, 30, 25, 19, 10]",53,10
113,2026-01-24T13:20:00.0,2026-01-12T18:57:45.531,"Any[53, 45, 37, 30, 25, 19, 11, 6, 1]",53,1
118,2026-01-24T13:20:00.0,2026-01-12T18:57:45.531,"Any[53, 45, 37, 30, 25, 19, 10]",53,10
121,2026-01-24T13:20:00.0,2026-01-26T18:57:45.531,"Any[26, 31, 36, 44, 54]",26,54
123,2026-01-24T13:20:00.0,2026-01-26T18:57:45.531,"Any[26, 31, 36, 44]",26,44
125,2026-01-24T13:20:00.0,2026-01-12T18:57:45.531,"Any[53, 45, 37, 30, 25, 19, 10]",53,10
129,2026-01-24T13:20:00.0,2026-01-26T18:57:45.531,"Any[53, 45, 37, 30, 25, 19, 10]",53,10
132,2026-01-24T13:20:00.0,2026-01-26T18:57:45.531,"Any[18, 26, 31, 36, 44, 54]",18,54
134,2026-01-24T13:20:00.0,2026-01-12T18:57:45.531,"Any[7, 8, 13, 19, 25, 30, 37, 45, 53]",7,53
137,2026-01-24T13:20:00.0,2026-01-19T18:57:45.531,"Any[26, 31, 36, 44, 54]",26,54
138,2026-01-24T13:20:00.0,2026-01-12T18:57:45.531,"Any[36, 31, 22, 15]",36,15
144,2026-01-24T13:20:00.0,2026-02-02T18:57:45.531,"Any[53, 45, 37, 30, 25, 19, 11, 6, 1]",53,1
145,2026-01-24T13:20:00.0,2026-01-26T18:57:45.531,"Any[26, 31, 36, 31, 36]",26,36
147,2026-01-24T13:20:00.0,2026-01-26T18:57:45.531,"Any[53, 45, 37, 30, 25, 19, 11, 6, 1]",53,1
148,2026-01-24T13:20:00.0,2026-01-26T18:57:45.531,"Any[53, 45, 37, 30, 25, 19, 10]",53,10
159,2026-01-24T13:20:00.0,2026-02-02T18:57:45.531,"Any[53, 45, 37, 30, 25, 19, 11, 6, 1]",53,1
160,2026-01-24T13:20:00.0,2026-01-19T18:57:45.531,"Any[1, 6, 11, 19, 25, 30, 37, 45, 56]",1,56
161,2026-01-24T13:20:00.0,2026-01-26T18:57:45.531,"Any[10, 19, 25, 30, 37, 45, 53]",10,53
164,2026-01-24T13:20:00.0,2026-01-19T18:57:45.531,"Any[53, 45, 37, 30, 25, 19, 10]",53,10
168,2026-01-24T13:20:00.0,2026-02-02T18:57:45.531,"Any[7, 8, 13, 19, 25, 30, 37, 45, 53]",7,53
172,2026-01-24T13:20:00.0,2026-01-26T18:57:45.531,"Any[53, 45, 37, 30, 25, 19, 11, 6, 1]",53,1
174,2026-01-24T13:20:00.0,2026-01-12T18:57:45.531,"Any[53, 45, 37, 30, 25, 19, 11, 6, 1]",53,1
175,2026-01-24T13:20:00.0,2026-02-02T18:57:45.531,"Any[53, 45, 37, 30, 25, 19, 10]",53,10
181,2026-01-24T13:20:00.0,2026-02-02T18:57:45.531,"Any[10, 19, 25, 30, 37, 45, 53]",10,53
185,2026-01-24T13:20:00.0,2026-01-12T18:57:45.531,"Any[56, 45, 37, 30, 25, 19, 13, 8, 7]",56,7
187,2026-01-24T13:20:00.0,2026-01-19T18:57:45.531,"Any[53, 45, 37, 30, 25, 19, 10]",53,10
189,2026-01-24T13:20:00.0,2026-02-02T18:57:45.531,"Any[53, 45, 37, 30, 25, 19, 11, 6, 1]",53,1
190,2026-01-24T13:20:00.0,2026-01-26T18:57:45.531,"Any[53, 45, 37, 30, 25, 19, 10]",53,10
193,2026-01-24T13:20:00.0,2026-02-02T18:57:45.531,"Any[45, 37, 30, 25, 19, 10]",45,10
211,2026-01-24T13:20:00.0,2026-01-12T18:57:45.531,"Any[53, 45, 37, 30, 25, 19, 11, 6, 1]",53,1
213,2026-01-24T13:20:00.0,2026-02-02T18:57:45.531,"Any[53, 45, 37, 30, 25, 19, 11, 6, 1]",53,1
216,2026-01-24T13:20:00.0,2026-01-12T18:57:45.531,"Any[53, 45, 37, 30, 25, 19, 10]",53,10
217,2026-01-24T13:20:00.0,2026-02-02T18:57:45.531,"Any[26, 31, 36]",26,36
219,2026-01-24T13:20:00.0,2026-01-19T18:57:45.531,"Any[53, 45, 37, 30, 25, 19, 10]",53,10
222,2026-01-24T13:20:00.0,2026-01-12T18:57:45.531,"Any[53, 45, 37, 30, 25, 19, 11, 6, 1]",53,1
227,2026-01-24T13:20:00.0,2026-01-12T18:57:45.531,"Any[53, 45, 37, 30, 25, 19, 11, 6, 1]",53,1
228,2026-01-24T13:20:00.0,2026-01-19T18:57:45.531,"Any[10, 19, 25, 30, 37, 45, 53]",10,53
233,2026-01-24T13:20:00.0,2026-02-02T18:57:45.531,"Any[1, 6, 11, 19, 25, 30, 37, 45, 56]",1,56
236,2026-01-24T13:20:00.0,2026-01-19T18:57:45.531,"Any[53, 45, 37, 30, 25, 19, 11, 6, 1]",53,1
240,2026-01-24T13:20:00.0,2026-01-12T18:57:45.531,"Any[18, 26, 31, 36, 44, 54]",18,54
246,2026-01-24T13:20:00.0,2026-01-26T18:57:45.531,"Any[7, 8, 13, 19, 25, 30, 37, 45, 53]",7,53
247,2026-01-24T13:20:00.0,2026-02-02T18:57:45.531,"Any[53, 45, 37, 30, 25, 19, 10]",53,10
254,2026-01-24T13:20:00.0,2026-02-02T18:57:45.531,"Any[10, 19, 25, 30, 37, 45, 53]",10,53
262,2026-01-24T13:20:00.0,2026-01-12T18:57:45.531,"Any[53, 45, 37, 30, 25, 19, 10]",53,10
264,2026-01-24T13:20:00.0,2026-02-02T18:57:45.531,"Any[1, 6, 11, 19, 25, 30, 37, 45, 56]",1,56
268,2026-01-24T13:20:00.0,2026-02-02T18:57:45.531,"Any[1, 6, 11, 19, 25, 30, 37, 45, 56]",1,56
269,2026-01-24T13:20:00.0,2026-01-26T18:57:45.531,"Any[7, 8, 13, 19, 25, 30, 37, 45, 53]",7,53
272,2026-01-24T13:20:00.0,2026-01-26T18:57:45.531,"Any[1, 6, 11, 19, 25, 30, 37, 45, 56]",1,56
278,2026-01-24T13:20:00.0,2026-01-19T18:57:45.531,"Any[1, 6, 11, 19, 25, 30, 37, 45, 56]",1,56
292,2026-01-24T13:20:00.0,2026-01-26T18:57:45.531,"Any[53, 45, 37, 30, 25, 19, 11, 6, 1]",53,1
300,2026-01-24T13:20:00.0,2026-01-26T18:57:45.531,"Any[1, 6, 11, 19, 30, 37, 45, 56]",1,56
313,2026-01-24T13:20:00.0,2026-02-02T18:57:45.531,"Any[10, 19, 25, 30, 37, 45, 53]",10,53
314,2026-01-24T13:20:00.0,2026-01-26T18:57:45.531,"Any[10, 19, 25, 30, 37, 45, 53]",10,53
317,2026-01-24T13:20:00.0,2026-01-19T18:57:45.531,"Any[18, 26, 31, 36, 44, 54]",18,54
321,2026-01-24T13:20:00.0,2026-01-19T18:57:45.531,"Any[26, 31, 36, 44, 54]",26,54
325,2026-01-24T13:20:00.0,2026-01-19T18:57:45.531,"Any[10, 19, 25, 30, 37, 45, 53]",10,53
328,2026-01-24T13:20:00.0,2026-01-12T18:57:45.531,"Any[10, 19, 25, 30, 37, 45, 53]",10,53
334,2026-01-24T13:20:00.0,2026-01-19T18:57:45.531,"Any[53, 45, 37, 30, 25, 19, 10]",53,10
337,2026-01-24T13:20:00.0,2026-01-19T18:57:45.531,"Any[53, 45, 37, 30, 25, 19, 10]",53,10
349,2026-01-24T13:20:00.0,2026-02-02T18:57:45.531,"Any[53, 45, 37, 30, 25, 19, 11, 6, 1]",53,1
352,2026-01-24T13:20:00.0,2026-01-12T18:57:45.531,"Any[10, 19, 25, 30, 37, 45, 53]",10,53
360,2026-01-24T13:20:00.0,2026-01-26T18:57:45.531,"Any[7, 8, 13, 19, 25, 30, 37, 45, 53]",7,53
361,2026-01-24T13:20:00.0,2026-01-12T18:57:45.531,"Any[45, 37, 30, 25, 19, 10]",45,10
368,2026-01-24T13:20:00.0,2026-01-26T18:57:45.531,"Any[26, 31, 36, 44, 54]",26,54
377,2026-01-24T13:20:00.0,2026-01-26T18:57:45.531,"Any[10, 19, 25, 30, 37, 45, 53]",10,53
380,2026-01-24T13:20:00.0,2026-01-19T18:57:45.531,"Any[53, 45, 37, 30, 25, 19, 11, 6, 1]",53,1
385,2026-01-24T13:20:00.0,2026-01-12T18:57:45.531,"Any[53, 45, 37, 30, 25, 19, 11, 6, 1]",53,1
388,2026-01-24T13:20:00.0,2026-01-12T18:57:45.531,"Any[53, 45, 37, 30, 25, 19, 10]",53,10
389,2026-01-24T13:20:00.0,2026-01-19T18:57:45.531,"Any[53, 45, 37, 30, 25, 19, 10]",53,10
395,2026-01-24T13:20:00.0,2026-02-02T18:57:45.531,"Any[53, 45, 37, 30, 25, 19, 10]",53,10
401,2026-01-24T13:20:00.0,2026-01-26T18:57:45.531,"Any[10, 19, 25, 30, 37, 45, 53]",10,53
405,2026-01-24T13:20:00.0,2026-02-02T18:57:45.531,"Any[53, 45, 37, 30, 25, 19, 11, 6, 1]",53,1
406,2026-01-24T13:20:00.0,2026-01-26T18:57:45.531,"Any[53, 45, 37, 30, 25, 19, 10]",53,10
408,2026-01-24T13:20:00.0,2026-01-12T18:57:45.531,"Any[53, 45, 37, 30, 25, 19, 10]",53,10
411,2026-01-24T13:20:00.0,2026-01-12T18:57:45.531,"Any[53, 45, 37, 30, 25, 19, 11, 6, 1]",53,1
416,2026-01-24T13:20:00.0,2026-01-12T18:57:45.531,"Any[53, 45, 37, 30, 25, 19, 11, 6, 1]",53,1
424,2026-01-24T13:20:00.0,2026-01-12T18:57:45.531,"Any[26, 31, 36, 44, 54]",26,54
428,2026-01-24T13:20:00.0,2026-01-12T18:57:45.531,"Any[10, 19, 25, 30, 37, 45, 53]",10,53
430,2026-01-24T13:20:00.0,2026-02-02T18:57:45.531,"Any[18, 26, 31, 36]",18,36
444,2026-01-24T13:20:00.0,2026-01-26T18:57:45.531,"Any[36, 31, 15, 12]",36,12
446,2026-01-24T13:20:00.0,2026-01-12T18:57:45.531,"Any[53, 45, 37, 30, 25, 19, 10]",53,10
450,2026-01-24T13:20:00.0,2026-01-12T18:57:45.531,"Any[10, 19, 25, 30, 37, 45, 53]",10,53
451,2026-01-24T13:20:00.0,2026-01-19T18:57:45.531,"Any[1, 6, 11, 19, 25, 30, 37, 45, 56]",1,56
463,2026-01-24T13:20:00.0,2026-01-26T18:57:45.531,"Any[7, 8, 13, 19, 25, 30, 37, 45, 53]",7,53
482,2026-01-24T13:20:00.0,2026-02-02T18:57:45.531,"Any[26, 31, 36, 44, 54]",26,54
489,2026-01-24T13:20:00.0,2026-01-26T18:57:45.531,"Any[7, 8, 13, 19, 25, 30, 37, 45, 53]",7,53
498,2026-01-24T13:20:00.0,2026-02-02T18:57:45.531,"Any[18, 22, 31, 36, 44, 54]",18,54
506,2026-01-24T13:20:00.0,2026-01-12T18:57:45.531,"Any[1, 6, 11, 19, 25, 30, 37, 45, 56]",1,56
512,2026-01-24T13:20:00.0,2026-01-19T18:57:45.531,"Any[53, 45, 37, 30, 25, 19, 10]",53,10
516,2026-01-24T13:20:00.0,2026-02-02T18:57:45.531,"Any[53, 45, 37, 30, 25, 19, 10]",53,10
521,2026-01-24T13:20:00.0,2026-01-12T18:57:45.531,"Any[53, 45, 37, 30, 25, 19, 11, 6, 1]",53,1
523,2026-01-24T13:20:00.0,2026-01-19T18:57:45.531,"Any[26, 31, 36, 44]",26,44
525,2026-01-24T13:20:00.0,2026-01-19T18:57:45.531,"Any[10, 19, 25, 30, 37, 45, 53]",10,53
535,2026-01-24T13:20:00.0,2026-01-12T18:57:45.531,"Any[53, 45, 37, 30, 25, 19, 10]",53,10
548,2026-01-24T13:20:00.0,2026-01-26T18:57:45.531,"Any[53, 45, 37, 30, 25, 19, 11, 6, 1]",53,1
549,2026-01-24T13:20:00.0,2026-01-19T18:57:45.531,"Any[26, 31, 36, 44, 54]",26,54
550,2026-01-24T13:20:00.0,2026-01-26T18:57:45.531,"Any[53, 45, 37, 30, 25, 19, 10]",53,10
554,2026-01-24T13:20:00.0,2026-02-02T18:57:45.531,"Any[53, 45, 37, 30, 25, 19, 11, 6, 1]",53,1
570,2026-01-24T13:20:00.0,2026-01-26T18:57:45.531,"Any[53, 45, 37, 30, 25, 19, 11, 6, 1]",53,1
584,2026-01-24T13:20:00.0,2026-01-19T18:57:45.531,"Any[53, 45, 37, 30, 25, 19, 11, 6, 1]",53,1
589,2026-01-24T13:20:00.0,2026-01-26T18:57:45.531,"Any[7, 8, 13, 19, 25, 30, 37, 45, 53]",7,53
594,2026-01-24T13:20:00.0,2026-01-19T18:57:45.531,"Any[26, 31, 36, 44, 54]",26,54
599,2026-01-24T13:20:00.0,2026-01-26T18:57:45.531,"Any[53, 45, 37, 30, 25, 19, 11, 6, 1]",53,1
601,2026-01-24T13:20:00.0,2026-02-02T18:57:45.531,"Any[10, 19, 25, 30, 37, 45, 53]",10,53
609,2026-01-24T13:20:00.0,2026-01-12T18:57:45.531,"Any[10, 19, 25, 30, 37, 45, 53]",10,53
614,2026-01-24T13:20:00.0,2026-01-12T18:57:45.531,"Any[53, 45, 37, 30, 25, 19, 11, 6, 1]",53,1
619,2026-01-24T13:20:00.0,2026-02-02T18:57:45.531,"Any[26, 27, 31, 36, 44, 54]",26,54
624,2026-01-24T13:20:00.0,2026-01-12T18:57:45.531,"Any[18, 26, 31, 36, 44, 54]",18,54
630,2026-01-24T13:20:00.0,2026-02-02T18:57:45.531,"Any[26, 31, 36, 44, 54]",26,54
631,2026-01-24T13:20:00.0,2026-02-02T18:57:45.531,"Any[1, 6, 11, 19, 25, 30, 37, 45, 56]",1,56
633,2026-01-24T13:20:00.0,2026-01-19T18:57:45.531,"Any[10, 19, 25, 30, 37, 45, 53]",10,53
635,2026-01-24T13:20:00.0,2026-01-19T18:57:45.531,"Any[53, 45, 37, 30, 25, 19, 10]",53,10
637,2026-01-24T13:20:00.0,2026-01-19T18:57:45.531,"Any[26, 31, 36, 44, 54]",26,54
639,2026-01-24T13:20:00.0,2026-02-02T18:57:45.531,"Any[1, 6, 11, 19, 25, 30, 37, 45, 56]",1,56
640,2026-01-24T13:20:00.0,2026-02-02T18:57:45.531,"Any[1, 6, 11, 19, 25, 30, 37, 45, 56]",1,56
643,2026-01-24T13:20:00.0,2026-02-02T18:57:45.531,"Any[1, 6, 11, 19, 25, 30, 37, 45, 56]",1,56
645,2026-01-24T13:20:00.0,2026-01-12T18:57:45.531,"Any[53, 45, 37, 30, 25, 19, 10]",53,10
646,2026-01-24T13:20:00.0,2026-01-19T18:57:45.531,"Any[53, 45, 37, 30, 25, 19, 11, 6, 1]",53,1
647,2026-01-24T13:20:00.0,2026-02-02T18:57:45.531,"Any[53, 45, 37, 30, 25, 19, 10]",53,10
650,2026-01-24T13:20:00.0,2026-01-12T18:57:45.531,"Any[10, 19, 25, 30, 37, 45, 53]",10,53
653,2026-01-24T13:20:00.0,2026-01-19T18:57:45.531,"Any[10, 11, 19, 25, 30, 37, 45, 53]",10,53
658,2026-01-24T13:20:00.0,2026-01-12T18:57:45.531,"Any[26, 31, 36, 44, 54]",26,54
666,2026-01-24T13:20:00.0,2026-01-26T18:57:45.531,"Any[53, 45, 37, 30, 25, 19, 11, 6, 1]",53,1
668,2026-01-24T13:20:00.0,2026-02-02T18:57:45.531,"Any[53, 45, 37, 30, 25, 19, 10]",53,10
669,2026-01-24T13:20:00.0,2026-01-12T18:57:45.531,"Any[26, 31, 36, 44, 54]",26,54
674,2026-01-24T13:20:00.0,2026-01-26T18:57:45.531,"Any[53, 45, 37, 30, 25, 19, 10]",53,10
676,2026-01-24T13:20:00.0,2026-01-26T18:57:45.531,"Any[1, 6, 11, 19, 25, 30, 37, 45, 56]",1,56
682,2026-01-24T13:20:00.0,2026-01-12T18:57:45.531,"Any[26, 31, 36, 44, 54]",26,54
688,2026-01-24T13:20:00.0,2026-02-02T18:57:45.531,"Any[53, 45, 37, 30, 25, 19, 10]",53,10
689,2026-01-24T13:20:00.0,2026-02-02T18:57:45.531,"Any[26, 31, 36, 44, 54]",26,54
694,2026-01-24T13:20:00.0,2026-01-26T18:57:45.531,"Any[53, 45, 37, 30, 25, 19, 10]",53,10
695,2026-01-24T13:20:00.0,2026-01-26T18:57:45.531,"Any[53, 45, 37, 30, 25, 19, 10]",53,10
698,2026-01-24T13:20:00.0,2026-02-02T18:57:45.531,"Any[53, 45, 37, 30, 25, 19, 11, 6, 1]",53,1
699,2026-01-24T13:20:00.0,2026-01-26T18:57:45.531,"Any[26, 31, 36, 44, 54]",26,54
708,2026-01-24T13:20:00.0,2026-01-12T18:57:45.531,"Any[53, 45, 37, 30, 25, 19, 10]",53,10
709,2026-01-24T13:20:00.0,2026-01-26T18:57:45.531,"Any[53, 45, 37, 30, 25, 19, 10]",53,10
713,2026-01-24T13:20:00.0,2026-02-02T18:57:45.531,"Any[26, 31, 36, 44]",26,44
718,2026-01-24T13:20:00.0,2026-01-26T18:57:45.531,"Any[53, 45, 37, 30, 25, 19, 11, 6, 1]",53,1
719,2026-01-24T13:20:00.0,2026-01-26T18:57:45.531,"Any[53, 45, 37, 30, 25, 19, 11, 6, 1]",53,1
720,2026-01-24T13:20:00.0,2026-01-26T18:57:45.531,"Any[7, 8, 13, 19, 25, 30, 37, 45, 53]",7,53
729,2026-01-24T13:20:00.0,2026-01-26T18:57:45.531,"Any[26, 31, 36, 44, 54]",26,54
731,2026-01-24T13:20:00.0,2026-01-26T18:57:45.531,"Any[10, 19, 25, 30, 37, 45, 53]",10,53
735,2026-01-24T13:20:00.0,2026-01-12T18:57:45.531,"Any[1, 6, 11, 19, 25, 30, 37, 45, 56]",1,56
747,2026-01-24T13:20:00.0,2026-01-26T18:57:45.531,"Any[53, 45, 37, 30, 25, 19, 10]",53,10
749,2026-01-24T13:20:00.0,2026-01-26T18:57:45.531,"Any[26, 31, 36, 44, 54]",26,54
750,2026-01-24T13:20:00.0,2026-02-02T18:57:45.531,"Any[10, 19, 25, 30, 37, 45, 53]",10,53
762,2026-01-24T13:20:00.0,2026-01-26T18:57:45.531,"Any[7, 8, 13, 19, 25, 30, 37, 45, 53]",7,53
763,2026-01-24T13:20:00.0,2026-01-12T18:57:45.531,"Any[26, 31, 36, 44, 54]",26,54
764,2026-01-24T13:20:00.0,2026-01-26T18:57:45.531,"Any[18, 26, 31, 36, 44, 54]",18,54
765,2026-01-24T13:20:00.0,2026-01-19T18:57:45.531,"Any[36, 31, 22, 15]",36,15
769,2026-01-24T13:20:00.0,2026-01-19T18:57:45.531,"Any[53, 45, 37, 30, 25, 19, 10]",53,10
776,2026-01-24T13:20:00.0,2026-01-19T18:57:45.531,"Any[18, 26, 31, 36, 44, 54]",18,54
784,2026-01-24T13:20:00.0,2026-01-19T18:57:45.531,"Any[56, 45, 37, 30, 25, 19, 10]",56,10
792,2026-01-24T13:20:00.0,2026-01-12T18:57:45.531,"Any[1, 6, 11, 16, 25, 30, 37, 45, 56]",1,56
798,2026-01-24T13:20:00.0,2026-01-12T18:57:45.531,"Any[36, 31, 15, 12]",36,12
807,2026-01-24T13:20:00.0,2026-01-12T18:57:45.531,"Any[1, 6, 11, 19, 25, 30, 37, 45, 56]",1,56
811,2026-01-24T13:20:00.0,2026-01-12T18:57:45.531,"Any[1, 6, 11, 19, 25, 30, 37, 45, 56]",1,56
815,2026-01-24T13:20:00.0,2026-01-19T18:57:45.531,"Any[53, 45, 37, 30, 25, 19, 10]",53,10
822,2026-01-24T13:20:00.0,2026-01-26T18:57:45.531,"Any[53, 45, 37, 30, 25, 19, 10]",53,10
828,2026-01-24T13:20:00.0,2026-01-12T18:57:45.531,"Any[53, 45, 37, 30, 25, 19, 10]",53,10
843,2026-01-24T13:20:00.0,2026-02-02T18:57:45.531,"Any[1, 6, 11, 19, 25, 30, 37, 45, 56]",1,56
845,2026-01-24T13:20:00.0,2026-01-26T18:57:45.531,"Any[1, 6, 11, 19, 25, 30, 37, 45, 53, 60]",1,60
858,2026-01-24T13:20:00.0,2026-02-02T18:57:45.531,"Any[53, 45, 37, 30, 25, 19, 11, 6, 1]",53,1
869,2026-01-24T13:20:00.0,2026-01-12T18:57:45.531,"Any[18, 26, 31, 36]",18,36
870,2026-01-24T13:20:00.0,2026-01-12T18:57:45.531,"Any[56, 45, 37, 30, 25, 19, 10]",56,10
871,2026-01-24T13:20:00.0,2026-01-19T18:57:45.531,"Any[53, 45, 37, 30, 25, 19, 10]",53,10
873,2026-01-24T13:20:00.0,2026-01-19T18:57:45.531,"Any[10, 11, 19, 25, 30, 37, 45, 53]",10,53
874,2026-01-24T13:20:00.0,2026-01-19T18:57:45.531,"Any[10, 11, 19, 25, 30, 37, 45, 53]",10,53
886,2026-01-24T13:20:00.0,2026-01-26T18:57:45.531,"Any[26, 31, 36, 44, 54]",26,54
890,2026-01-24T13:20:00.0,2026-01-26T18:57:45.531,"Any[53, 45, 37, 30, 25, 19, 10]",53,10
892,2026-01-24T13:20:00.0,2026-01-19T18:57:45.531,"Any[18, 26, 31, 36, 44, 54]",18,54
895,2026-01-24T13:20:00.0,2026-02-02T18:57:45.531,"Any[26, 27, 31, 36, 44, 54]",26,54
898,2026-01-24T13:20:00.0,2026-02-02T18:57:45.531,"Any[53, 45, 37, 30, 25, 19, 11, 6, 1]",53,1
900,2026-01-24T13:20:00.0,2026-01-26T18:57:45.531,"Any[53, 45, 37, 30, 25, 19, 10]",53,10
903,2026-01-24T13:20:00.0,2026-01-26T18:57:45.531,"Any[53, 45, 37, 30, 25, 19, 10]",53,10
905,2026-01-24T13:20:00.0,2026-01-26T18:57:45.531,"Any[53, 45, 37, 30, 25, 19, 11, 6, 1]",53,1
909,2026-01-24T13:20:00.0,2026-01-19T18:57:45.531,"Any[53, 45, 37, 30, 25, 19, 10]",53,10
910,2026-01-24T13:20:00.0,2026-01-12T18:57:45.531,"Any[10, 19, 25, 30, 37, 45, 53]",10,53
912,2026-01-24T13:20:00.0,2026-01-12T18:57:45.531,"Any[53, 45, 37, 30, 25, 19, 10]",53,10
913,2026-01-24T13:20:00.0,2026-01-12T18:57:45.531,"Any[53, 45, 37, 30, 25, 19, 11, 6, 1]",53,1
914,2026-01-24T13:20:00.0,2026-01-12T18:57:45.531,"Any[10, 19, 25, 30, 37, 45, 53]",10,53
916,2026-01-24T13:20:00.0,2026-01-19T18:57:45.531,"Any[10, 19, 25, 30, 37, 45, 53]",10,53
920,2026-01-24T13:20:00.0,2026-01-19T18:57:45.531,"Any[53, 45, 37, 30, 25, 19, 10]",53,10
935,2026-01-24T13:20:00.0,2026-02-02T18:57:45.531,"Any[1, 6, 11, 19, 25, 30, 37, 45, 56]",1,56
940,2026-01-24T13:20:00.0,2026-01-19T18:57:45.531,"Any[53, 45, 37, 30, 25, 19, 10]",53,10
941,2026-01-24T13:20:00.0,2026-02-02T18:57:45.531,"Any[26, 31, 36, 44, 54]",26,54
946,2026-01-24T13:20:00.0,2026-01-19T18:57:45.531,"Any[1, 6, 11, 19, 23, 36, 44, 54, 60]",1,60
950,2026-01-24T13:20:00.0,2026-01-19T18:57:45.531,"Any[53, 45, 37, 30, 25, 19, 10]",53,10
951,2026-01-24T13:20:00.0,2026-02-02T18:57:45.531,"Any[53, 45, 37, 30, 25, 19, 10]",53,10
953,2026-01-24T13:20:00.0,2026-02-02T18:57:45.531,"Any[1, 6, 11, 19, 25, 30, 37, 45, 56]",1,56
962,2026-01-24T13:20:00.0,2026-01-19T18:57:45.531,"Any[7, 8, 13, 19, 25, 30, 37, 45, 53]",7,53
964,2026-01-24T13:20:00.0,2026-02-02T18:57:45.531,"Any[1, 6, 11, 16, 25, 30, 37, 45, 56]",1,56
982,2026-01-24T13:20:00.0,2026-01-12T18:57:45.531,"Any[53, 45, 37, 30, 25, 19, 11, 6, 1]",53,1
985,2026-01-24T13:20:00.0,2026-01-26T18:57:45.531,"Any[53, 45, 37, 30, 25, 19, 11, 6, 1]",53,1
992,2026-01-24T13:20:00.0,2026-01-26T18:57:45.531,"Any[53, 45, 37, 30, 25, 19, 10]",53,10
993,2026-01-24T13:20:00.0,2026-02-02T18:57:45.531,"Any[53, 45, 37, 30, 25, 19, 11, 6, 1]",53,1
1004,2026-01-24T13:20:00.0,2026-01-12T18:57:45.531,"Any[53, 45, 37, 30, 25, 19, 11, 6, 1]",53,1
1005,2026-01-24T13:20:00.0,2026-01-19T18:57:45.531,"Any[53, 45, 37, 30, 25, 19, 10]",53,10
1011,2026-01-24T13:20:00.0,2026-01-12T18:57:45.531,"Any[53, 45, 37, 30, 25, 19, 10]",53,10
1013,2026-01-24T13:20:00.0,2026-01-12T18:57:45.531,"Any[7, 8, 13, 19, 25, 30, 37, 45, 53]",7,53
1018,2026-01-24T13:20:00.0,2026-01-26T18:57:45.531,"Any[54, 44, 36, 31, 22, 15]",54,15
1019,2026-01-24T13:20:00.0,2026-01-12T18:57:45.531,"Any[26, 31, 36, 44, 54]",26,54
1030,2026-01-24T13:20:00.0,2026-01-19T18:57:45.531,"Any[45, 37, 30, 25, 19, 10]",45,10
1031,2026-01-24T13:20:00.0,2026-01-12T18:57:45.531,"Any[53, 45, 37, 30, 25, 19, 10]",53,10
1032,2026-01-24T13:20:00.0,2026-01-12T18:57:45.531,"Any[60, 53, 45, 37, 30, 25, 19, 10]",60,10
1034,2026-01-24T13:20:00.0,2026-01-26T18:57:45.531,"Any[53, 45, 37, 30, 25, 19, 11, 6, 1]",53,1
1035,2026-01-24T13:20:00.0,2026-02-02T18:57:45.531,"Any[53, 45, 37, 30, 25, 19, 10]",53,10
1046,2026-01-24T13:20:00.0,2026-01-26T18:57:45.531,"Any[1, 6, 11, 19, 25, 30, 37, 45, 56]",1,56
1047,2026-01-24T13:20:00.0,2026-01-12T18:57:45.531,"Any[1, 6, 11, 19, 30, 37, 45, 56]",1,56
1051,2026-01-24T13:20:00.0,2026-02-02T18:57:45.531,"Any[7, 8, 13, 19, 25, 30, 37, 45, 53]",7,53
1060,2026-01-24T13:20:00.0,2026-01-26T18:57:45.531,"Any[53, 45, 37, 30, 25, 19, 10]",53,10
1062,2026-01-24T13:20:00.0,2026-01-26T18:57:45.531,"Any[53, 45, 37, 30, 25, 19, 11, 6, 1]",53,1
1075,2026-01-24T13:20:00.0,2026-01-19T18:57:45.531,"Any[53, 45, 37, 30, 25, 19, 10]",53,10
1077,2026-01-24T13:20:00.0,2026-01-26T18:57:45.531,"Any[7, 8, 13, 19, 25, 30, 37, 45, 53]",7,53
1078,2026-01-24T13:20:00.0,2026-01-19T18:57:45.531,"Any[7, 8, 13, 19, 25, 30, 37, 45, 53]",7,53
1086,2026-01-24T13:20:00.0,2026-01-26T18:57:45.531,"Any[7, 8, 13, 19, 25, 30, 37, 45, 53]",7,53
1090,2026-01-24T13:20:00.0,2026-01-19T18:57:45.531,"Any[10, 19, 25, 30, 37, 45, 53]",10,53
1093,2026-01-24T13:20:00.0,2026-02-02T18:57:45.531,"Any[1, 6, 11, 19, 23, 16, 23, 36, 44, 60]",1,60
1100,2026-01-24T13:20:00.0,2026-01-19T18:57:45.531,"Any[1, 6, 11, 19, 25, 30, 37, 45, 53, 60]",1,60
1101,2026-01-24T13:20:00.0,2026-01-26T18:57:45.531,"Any[1, 6, 11, 19, 23, 36, 44, 54, 60]",1,60
1105,2026-01-24T13:20:00.0,2026-01-12T18:57:45.531,"Any[56, 45, 37, 30, 25, 19, 10]",56,10
1110,2026-01-24T13:20:00.0,2026-01-12T18:57:45.531,"Any[53, 45, 37, 30, 25, 19, 10]",53,10
1116,2026-01-24T13:20:00.0,2026-02-02T18:57:45.531,"Any[53, 45, 37, 30, 25, 19, 10]",53,10
1118,2026-01-24T13:20:00.0,2026-01-12T18:57:45.531,"Any[53, 45, 37, 30, 25, 19, 10]",53,10
1130,2026-01-24T13:20:00.0,2026-01-12T18:57:45.531,"Any[1, 6, 11, 19, 25, 30, 37, 45, 56]",1,56
1132,2026-01-24T13:20:00.0,2026-01-19T18:57:45.531,"Any[45, 37, 30, 25, 19, 17, 10]",45,10
1147,2026-01-24T13:20:00.0,2026-01-19T18:57:45.531,"Any[10, 19, 25, 30, 37, 45, 53]",10,53
1151,2026-01-24T13:20:00.0,2026-01-12T18:57:45.531,"Any[53, 45, 37, 30, 25, 19, 10]",53,10
1166,2026-01-24T13:20:00.0,2026-02-02T18:57:45.531,"Any[26, 31, 36, 44, 54]",26,54
1169,2026-01-24T13:20:00.0,2026-01-26T18:57:45.531,"Any[7, 8, 13, 19, 25, 30, 37, 45, 53]",7,53
1190,2026-01-24T13:20:00.0,2026-01-19T18:57:45.531,"Any[45, 37, 30, 25, 19, 10]",45,10
1191,2026-01-24T13:20:00.0,2026-01-26T18:57:45.531,"Any[7, 8, 13, 19, 25, 30, 37, 45, 53]",7,53
1197,2026-01-24T13:20:00.0,2026-01-12T18:57:45.531,"Any[1, 6, 11, 19, 25, 30, 37, 45, 56]",1,56
1209,2026-01-24T13:20:00.0,2026-02-02T18:57:45.531,"Any[53, 45, 37, 30, 25, 19, 11, 6, 1]",53,1
1214,2026-01-24T13:20:00.0,2026-01-19T18:57:45.531,"Any[53, 45, 37, 30, 25, 19, 11, 6, 1]",53,1
1231,2026-01-24T13:20:00.0,2026-01-12T18:57:45.531,"Any[53, 45, 37, 30, 25, 19, 11, 6, 1]",53,1
1233,2026-01-24T13:20:00.0,2026-02-02T18:57:45.531,"Any[1, 6, 11, 16, 25, 30, 37, 45, 56]",1,56
1237,2026-01-24T13:20:00.0,2026-02-02T18:57:45.531,"Any[7, 8, 13, 19, 25, 30, 37, 45, 53]",7,53
1239,2026-01-24T13:20:00.0,2026-01-26T18:57:45.531,"Any[1, 6, 11, 16, 25, 30, 37, 45, 56]",1,56
1248,2026-01-24T13:20:00.0,2026-01-19T18:57:45.531,"Any[53, 45, 37, 30, 25, 19, 11, 6, 1]",53,1
1259,2026-01-24T13:20:00.0,2026-02-02T18:57:45.531,"Any[10, 19, 25, 30, 37, 45, 53]",10,53
1262,2026-01-24T13:20:00.0,2026-01-26T18:57:45.531,"Any[53, 45, 37, 30, 25, 19, 11, 6, 1]",53,1
1264,2026-01-24T13:20:00.0,2026-01-12T18:57:45.531,"Any[7, 8, 13, 19, 25, 30, 37, 45, 53]",7,53
1269,2026-01-24T13:20:00.0,2026-02-02T18:57:45.531,"Any[53, 45, 37, 30, 25, 19, 11, 6, 1]",53,1
1270,2026-01-24T13:20:00.0,2026-01-26T18:57:45.531,"Any[10, 19, 25, 30, 37, 45, 53]",10,53
1271,2026-01-24T13:20:00.0,2026-01-26T18:57:45.531,"Any[1, 6, 11, 19, 25, 30, 37, 45, 56]",1,56
1275,2026-01-24T13:20:00.0,2026-01-26T18:57:45.531,"Any[18, 26, 31, 36, 44, 54]",18,54
1286,2026-01-24T13:20:00.0,2026-01-19T18:57:45.531,"Any[10, 19, 25, 30, 37, 45, 53]",10,53
1293,2026-01-24T13:20:00.0,2026-01-19T18:57:45.531,"Any[7, 8, 13, 19, 25, 30, 37, 45, 53]",7,53
1294,2026-01-24T13:20:00.0,2026-01-26T18:57:45.531,"Any[1, 6, 11, 16, 25, 30, 37, 45, 56]",1,56
1297,2026-01-24T13:20:00.0,2026-01-12T18:57:45.531,"Any[7, 8, 13, 19, 25, 30, 37, 45, 53]",7,53
1335,2026-01-24T13:20:00.0,2026-01-19T18:57:45.531,"Any[10, 19, 25, 30, 37, 45, 53]",10,53
1336,2026-01-24T13:20:00.0,2026-01-12T18:57:45.531,"Any[53, 45, 37, 30, 25, 19, 10]",53,10
1338,2026-01-24T13:20:00.0,2026-01-12T18:57:45.531,"Any[1, 6, 11, 19, 25, 30, 37, 45, 56]",1,56
1354,2026-01-24T13:20:00.0,2026-02-02T18:57:45.531,"Any[26, 31, 36, 44]",26,44
1355,2026-01-24T13:20:00.0,2026-01-12T18:57:45.531,"Any[26, 31, 36, 44, 54]",26,54
1367,2026-01-24T13:20:00.0,2026-01-26T18:57:45.531,"Any[53, 45, 37, 30, 25, 19, 11, 6, 5]",53,5
1369,2026-01-24T13:20:00.0,2026-01-19T18:57:45.531,"Any[1, 6, 11, 19, 25, 30, 37, 45, 56]",1,56
1373,2026-01-24T13:20:00.0,2026-01-12T18:57:45.531,"Any[53, 45, 37, 30, 25, 19, 11, 6, 1]",53,1
1375,2026-01-24T13:20:00.0,2026-01-26T18:57:45.531,"Any[53, 45, 37, 30, 25, 19, 10]",53,10
1376,2026-01-24T13:20:00.0,2026-02-02T18:57:45.531,"Any[10, 19, 25, 30, 37, 45, 53]",10,53
1377,2026-01-24T13:20:00.0,2026-01-26T18:57:45.531,"Any[53, 45, 37, 30, 25, 19, 10]",53,10
1381,2026-01-24T13:20:00.0,2026-01-26T18:57:45.531,"Any[26, 31, 36, 44, 54]",26,54
1382,2026-01-24T13:20:00.0,2026-02-02T18:57:45.531,"Any[53, 45, 37, 30, 25, 19, 10]",53,10
1385,2026-01-24T13:20:00.0,2026-01-19T18:57:45.531,"Any[53, 45, 37, 30, 25, 19, 11, 6, 1]",53,1
1390,2026-01-24T13:20:00.0,2026-02-02T18:57:45.531,"Any[53, 45, 37, 30, 25, 19, 10]",53,10
1398,2026-01-24T13:20:00.0,2026-02-02T18:57:45.531,"Any[53, 45, 37, 30, 25, 19, 11, 6, 1]",53,1
1399,2026-01-24T13:20:00.0,2026-02-02T18:57:45.531,"Any[7, 8, 13, 19, 25, 30, 37, 45, 53]",7,53
1404,2026-01-24T13:20:00.0,2026-01-19T18:57:45.531,"Any[10, 19, 25, 30, 37, 45, 53]",10,53
1410,2026-01-24T13:20:00.0,2026-01-26T18:57:45.531,"Any[7, 8, 13, 19, 25, 30, 37, 45, 53]",7,53
1411,2026-01-24T13:20:00.0,2026-01-26T18:57:45.531,"Any[10, 19, 25, 30, 37, 45, 53]",10,53
1415,2026-01-24T13:20:00.0,2026-02-02T18:57:45.531,"Any[53, 45, 37, 30, 25, 19, 10]",53,10
1416,2026-01-24T13:20:00.0,2026-01-26T18:57:45.531,"Any[53, 45, 37, 30, 25, 19, 11, 6, 1]",53,1
1421,2026-01-24T13:20:00.0,2026-01-19T18:57:45.531,"Any[1, 6, 11, 19, 25, 30, 37, 45, 56]",1,56
1423,2026-01-24T13:20:00.0,2026-01-19T18:57:45.531,"Any[53, 45, 37, 30, 25, 19, 10]",53,10
1432,2026-01-24T13:20:00.0,2026-01-12T18:57:45.531,"Any[10, 19, 25, 30, 37, 45, 53]",10,53
1435,2026-01-24T13:20:00.0,2026-01-12T18:57:45.531,"Any[60, 56, 45, 37, 30, 25, 19, 10]",60,10
1436,2026-01-24T13:20:00.0,2026-01-26T18:57:45.531,"Any[1, 6, 11, 19, 25, 30, 37, 45, 56]",1,56
1438,2026-01-24T13:20:00.0,2026-01-26T18:57:45.531,"Any[53, 45, 37, 30, 25, 19, 10]",53,10
1455,2026-01-24T13:20:00.0,2026-01-26T18:57:45.531,"Any[1, 6, 11, 19, 25, 30, 37, 45, 56]",1,56
1456,2026-01-24T13:20:00.0,2026-01-26T18:57:45.531,"Any[10, 19, 25, 30, 37, 45, 53]",10,53
1475,2026-01-24T13:20:00.0,2026-01-26T18:57:45.531,"Any[53, 45, 37, 30, 25, 19, 11, 6, 1]",53,1
1487,2026-01-24T13:20:00.0,2026-01-19T18:57:45.531,"Any[26, 31, 36, 44, 54]",26,54
1490,2026-01-24T13:20:00.0,2026-01-26T18:57:45.531,"Any[1, 6, 11, 19, 25, 30, 37, 45, 56]",1,56
1495,2026-01-24T13:20:00.0,2026-01-12T18:57:45.531,"Any[10, 19, 25, 30, 37, 45, 53]",10,53
1498,2026-01-24T13:20:00.0,2026-01-26T18:57:45.531,"Any[1, 6, 11, 19, 25, 30, 37, 45, 53, 60]",1,60
1500,2026-01-24T13:20:00.0,2026-01-26T18:57:45.531,"Any[7, 8, 13, 19, 25, 30, 37, 45, 53]",7,53
1504,2026-01-24T13:20:00.0,2026-02-02T18:57:45.531,"Any[26, 31, 36]",26,36
1507,2026-01-24T13:20:00.0,2026-02-02T18:57:45.531,"Any[1, 6, 11, 19, 25, 30, 37, 45, 56]",1,56
1515,2026-01-24T13:20:00.0,2026-02-02T18:57:45.531,"Any[53, 45, 37, 30, 25, 19, 10]",53,10
1518,2026-01-24T13:20:00.0,2026-01-26T18:57:45.531,"Any[7, 8, 13, 19, 25, 30, 37, 45, 53]",7,53
1521,2026-01-24T13:20:00.0,2026-01-12T18:57:45.531,"Any[53, 45, 37, 30, 25, 19, 11, 6, 1]",53,1
1526,2026-01-24T13:20:00.0,2026-02-02T18:57:45.531,"Any[1, 6, 11, 19, 25, 30, 37, 45, 56]",1,56
1529,2026-01-24T13:20:00.0,2026-01-12T18:57:45.531,"Any[10, 19, 25, 30, 37, 45, 53]",10,53
1530,2026-01-24T13:20:00.0,2026-02-02T18:57:45.531,"Any[53, 45, 37, 30, 25, 19, 11, 6, 1]",53,1
1531,2026-01-24T13:20:00.0,2026-02-02T18:57:45.531,"Any[53, 45, 37, 30, 25, 19, 11, 6, 1]",53,1
1532,2026-01-24T13:20:00.0,2026-01-19T18:57:45.531,"Any[53, 45, 37, 30, 25, 19, 10]",53,10
1535,2026-01-24T13:20:00.0,2026-02-02T18:57:45.531,"Any[1, 6, 11, 16, 25, 30, 37, 45, 56]",1,56
1556,2026-01-24T13:20:00.0,2026-01-12T18:57:45.531,"Any[1, 6, 11, 19, 25, 30, 37, 45, 56]",1,56
1557,2026-01-24T13:20:00.0,2026-01-19T18:57:45.531,"Any[1, 6, 11, 16, 25, 30, 37, 45, 56]",1,56
1558,2026-01-24T13:20:00.0,2026-02-02T18:57:45.531,"Any[60, 56, 45, 37, 30, 25, 19, 10]",60,10
1572,2026-01-24T13:20:00.0,2026-01-12T18:57:45.531,"Any[7, 8, 13, 19, 25, 30, 37, 45, 53]",7,53
1575,2026-01-24T13:20:00.0,2026-01-26T18:57:45.531,"Any[53, 45, 37, 30, 25, 19, 11, 6, 1]",53,1
1579,2026-01-24T13:20:00.0,2026-01-19T18:57:45.531,"Any[1, 6, 11, 19, 25, 30, 37, 45, 56, 60]",1,60
1586,2026-01-24T13:20:00.0,2026-01-12T18:57:45.531,"Any[53, 45, 37, 30, 25, 19, 10]",53,10
1587,2026-01-24T13:20:00.0,2026-02-02T18:57:45.531,"Any[1, 6, 11, 19, 25, 30, 37, 45, 56]",1,56
1591,2026-01-24T13:20:00.0,2026-01-26T18:57:45.531,"Any[5, 6, 11, 19, 25, 30, 37, 45, 56]",5,56
1606,2026-01-24T13:20:00.0,2026-01-26T18:57:45.531,"Any[53, 45, 37, 30, 25, 19, 11, 6, 1]",53,1
1619,2026-01-24T13:20:00.0,2026-02-02T18:57:45.531,"Any[53, 45, 37, 30, 25, 19, 11, 6, 1]",53,1
1621,2026-01-24T13:20:00.0,2026-01-26T18:57:45.531,"Any[53, 45, 37, 30, 25, 19, 10]",53,10
1632,2026-01-24T13:20:00.0,2026-02-02T18:57:45.531,"Any[1, 6, 11, 19, 25, 30, 37, 45, 53, 60]",1,60
1653,2026-01-24T13:20:00.0,2026-01-19T18:57:45.531,"Any[7, 8, 13, 19, 25, 30, 37, 45, 53]",7,53
1654,2026-01-24T13:20:00.0,2026-01-26T18:57:45.531,"Any[10, 19, 25, 30, 37, 45, 53]",10,53
1658,2026-01-24T13:20:00.0,2026-01-12T18:57:45.531,"Any[53, 45, 37, 30, 25, 19, 11, 6, 1]",53,1
1664,2026-01-24T13:20:00.0,2026-01-19T18:57:45.531,"Any[53, 45, 37, 30, 25, 19, 11, 6, 1]",53,1
1667,2026-01-24T13:20:00.0,2026-01-19T18:57:45.531,"Any[26, 31, 36, 44]",26,44
1670,2026-01-24T13:20:00.0,2026-01-26T18:57:45.531,"Any[26, 31, 36, 44, 54]",26,54
1682,2026-01-24T13:20:00.0,2026-02-02T18:57:45.531,"Any[53, 45, 37, 30, 25, 19, 11, 6, 1]",53,1
1684,2026-01-24T13:20:00.0,2026-01-19T18:57:45.531,"Any[53, 45, 37, 30, 25, 19, 11, 6, 1]",53,1
1686,2026-01-24T13:20:00.0,2026-01-26T18:57:45.531,"Any[18, 26, 31, 36, 44, 54]",18,54
1697,2026-01-24T13:20:00.0,2026-02-02T18:57:45.531,"Any[26, 31, 36, 44, 54]",26,54
1699,2026-01-24T13:20:00.0,2026-01-12T18:57:45.531,"Any[1, 6, 11, 19, 25, 30, 37, 45, 56]",1,56
1702,2026-01-24T13:20:00.0,2026-01-19T18:57:45.531,"Any[53, 45, 37, 30, 25, 19, 11, 6, 1]",53,1
1711,2026-01-24T13:20:00.0,2026-02-02T18:57:45.531,"Any[53, 45, 37, 30, 25, 19, 10]",53,10
1731,2026-01-24T13:20:00.0,2026-01-26T18:57:45.531,"Any[10, 19, 25, 30, 37, 45, 53]",10,53
1735,2026-01-24T13:20:00.0,2026-01-12T18:57:45.531,"Any[1, 6, 11, 19, 25, 30, 37, 45, 56]",1,56
1737,2026-01-24T13:20:00.0,2026-01-26T18:57:45.531,"Any[10, 19, 25, 30, 37, 45, 53]",10,53
1739,2026-01-24T13:20:00.0,2026-01-19T18:57:45.531,"Any[10, 19, 25, 30, 37, 45, 53]",10,53
1746,2026-01-24T13:20:00.0,2026-01-26T18:57:45.531,"Any[10, 19, 25, 30, 37, 45, 53]",10,53
1756,2026-01-24T13:20:00.0,2026-01-19T18:57:45.531,"Any[56, 45, 37, 30, 25, 19, 10]",56,10
1759,2026-01-24T13:20:00.0,2026-02-02T18:57:45.531,"Any[18, 26, 31, 36, 44, 54]",18,54
1763,2026-01-24T13:20:00.0,2026-02-02T18:57:45.531,"Any[53, 45, 37, 30, 25, 19, 10]",53,10
1764,2026-01-24T13:20:00.0,2026-01-12T18:57:45.531,"Any[53, 45, 37, 30, 25, 19, 10]",53,10
1766,2026-01-24T13:20:00.0,2026-01-26T18:57:45.531,"Any[45, 37, 30, 25, 19, 11, 6, 1]",45,1
1851,2026-01-24T13:20:00.0,2026-01-12T18:57:45.531,Any[],54,12
2212,2026-01-24T13:20:00.0,2026-01-19T18:57:45.531,Any[],54,12
2396,2026-01-24T13:20:00.0,2026-01-12T18:57:45.531,"Any[53, 45, 37, 30, 25, 19, 11, 6, 5]",53,5
2397,2026-01-24T13:20:00.0,2026-01-19T18:57:45.531,"Any[53, 45, 37, 30, 25, 19, 11, 6, 5]",53,5
2398,2026-01-24T13:20:00.0,2026-01-12T18:57:45.531,"Any[53, 45, 37, 30, 25, 19, 11, 6, 5]",53,5
2417,2026-01-24T13:20:00.0,2026-01-12T18:57:45.531,"Any[56, 45, 37, 30, 25, 19, 10]",56,10
2425,2026-01-24T13:20:00.0,2026-01-19T18:57:45.531,"Any[56, 45, 37, 30, 25, 19, 13, 8, 7]",56,7
2426,2026-01-24T13:20:00.0,2026-01-26T18:57:45.531,"Any[56, 45, 37, 30, 25, 19, 13, 8, 7]",56,7
2429,2026-01-24T13:20:00.0,2026-01-19T18:57:45.531,"Any[56, 45, 37, 30, 25, 19, 13, 8, 7]",56,7
2430,2026-01-24T13:20:00.0,2026-02-02T18:57:45.531,"Any[56, 45, 37, 30, 25, 19, 13, 8, 7]",56,7
2436,2026-01-24T13:20:00.0,2026-01-19T18:57:45.531,"Any[56, 45, 37, 30, 25, 19, 13, 8, 7]",56,7
2440,2026-01-24T13:20:00.0,2026-01-26T18:57:45.531,"Any[56, 45, 37, 30, 25, 19, 13, 8, 7]",56,7
2450,2026-01-24T13:20:00.0,2026-01-19T18:57:45.531,"Any[56, 45, 37, 30, 25, 19, 13, 8, 7]",56,7
2457,2026-01-24T13:20:00.0,2026-01-26T18:57:45.531,"Any[56, 45, 37, 30, 25, 19, 13, 8, 7]",56,7
2464,2026-01-24T13:20:00.0,2026-02-02T18:57:45.531,"Any[56, 45, 37, 30, 25, 19, 13, 8, 7]",56,7
2467,2026-01-24T13:20:00.0,2026-01-26T18:57:45.531,"Any[26, 31, 36, 44]",26,44
2483,2026-01-24T13:20:00.0,2026-01-26T18:57:45.531,"Any[26, 31, 36, 44]",26,44
2486,2026-01-24T13:20:00.0,2026-01-19T18:57:45.531,"Any[26, 31, 36, 44]",26,44
2488,2026-01-24T13:20:00.0,2026-01-19T18:57:45.531,"Any[26, 31, 36, 44]",26,44
2500,2026-01-24T13:20:00.0,2026-02-02T18:57:45.531,"Any[26, 31, 36, 44]",26,44
2503,2026-01-24T13:20:00.0,2026-01-12T18:57:45.531,"Any[26, 31, 36, 44]",26,44
2511,2026-01-24T13:20:00.0,2026-01-26T18:57:45.531,"Any[26, 31, 36, 44]",26,44
2516,2026-01-24T13:20:00.0,2026-01-12T18:57:45.531,"Any[26, 31, 36, 44]",26,44
2522,2026-01-24T13:20:00.0,2026-02-02T18:57:45.531,"Any[26, 31, 36, 44]",26,44
2527,2026-01-24T13:20:00.0,2026-01-26T18:57:45.531,"Any[26, 31, 36, 44]",26,44
2531,2026-01-24T13:20:00.0,2026-01-26T18:57:45.531,"Any[26, 31, 36, 44]",26,44
2532,2026-01-24T13:20:00.0,2026-01-26T18:57:45.531,"Any[26, 31, 36, 44]",26,44
2536,2026-01-24T13:20:00.0,2026-01-26T18:57:45.531,"Any[26, 31, 36, 44]",26,44
2537,2026-01-24T13:20:00.0,2026-02-02T18:57:45.531,"Any[26, 31, 36, 44]",26,44
2539,2026-01-24T13:20:00.0,2026-01-12T18:57:45.531,"Any[26, 31, 36, 44]",26,44
2567,2026-01-24T13:20:00.0,2026-01-26T18:57:45.531,"Any[26, 31, 36, 44]",26,44
2568,2026-01-24T13:20:00.0,2026-01-12T18:57:45.531,"Any[26, 31, 36, 44]",26,44
2573,2026-01-24T13:20:00.0,2026-01-12T18:57:45.531,"Any[26, 31, 36, 44]",26,44
2575,2026-01-24T13:20:00.0,2026-01-19T18:57:45.531,"Any[26, 31, 36, 44]",26,44
2576,2026-01-24T13:20:00.0,2026-01-26T18:57:45.531,"Any[26, 31, 36, 44]",26,44
2583,2026-01-24T13:20:00.0,2026-01-19T18:57:45.531,"Any[26, 31, 36, 44]",26,44
2584,2026-01-24T13:20:00.0,2026-01-19T18:57:45.531,"Any[26, 31, 36, 44]",26,44
2586,2026-01-24T13:20:00.0,2026-01-19T18:57:45.531,"Any[26, 31, 36, 44]",26,44
2588,2026-01-24T13:20:00.0,2026-01-26T18:57:45.531,"Any[26, 31, 36, 44]",26,44
2600,2026-01-24T13:20:00.0,2026-01-12T18:57:45.531,"Any[26, 31, 36, 44]",26,44
2603,2026-01-24T13:20:00.0,2026-01-12T18:57:45.531,"Any[26, 31, 36, 44]",26,44
2605,2026-01-24T13:20:00.0,2026-02-02T18:57:45.531,"Any[26, 31, 36, 44]",26,44
2606,2026-01-24T13:20:00.0,2026-01-26T18:57:45.531,"Any[26, 31, 36, 44]",26,44
2624,2026-01-24T13:20:00.0,2026-01-12T18:57:45.531,"Any[26, 31, 36, 44]",26,44
2628,2026-01-24T13:20:00.0,2026-01-19T18:57:45.531,"Any[26, 31, 36, 44]",26,44
2629,2026-01-24T13:20:00.0,2026-02-02T18:57:45.531,"Any[26, 31, 36, 44]",26,44
2637,2026-01-24T13:20:00.0,2026-02-02T18:57:45.531,"Any[26, 31, 36, 44]",26,44
2792,2026-01-24T13:20:00.0,2026-01-19T18:57:45.531,Any[],12,54
3102,2026-01-24T13:20:00.0,2026-01-26T18:57:45.531,Any[],12,54
1780,2026-01-24T13:21:00.0,2026-01-19T18:58:45.531,Any[],60,7
1966,2026-01-24T13:21:00.0,2026-01-12T18:58:45.531,Any[],54,12
1829,2026-01-24T13:22:00.0,2026-01-19T18:59:45.531,Any[],60,7
2006,2026-01-24T13:22:00.0,2026-01-26T18:59:45.531,Any[],54,12
2225,2026-01-24T13:22:00.0,2026-01-12T18:59:45.531,Any[],54,12
3009,2026-01-24T13:23:00.0,2026-01-26T19:00:45.531,Any[],12,54
1794,2026-01-24T13:24:00.0,2026-01-19T19:01:45.531,Any[],60,7
2165,2026-01-24T13:24:00.0,2026-01-26T19:01:45.531,Any[],54,12
2928,2026-01-24T13:24:00.0,2026-01-26T19:01:45.531,Any[],12,54
2929,2026-01-24T13:24:00.0,2026-01-12T19:01:45.531,Any[],12,54
2229,2026-01-24T13:25:00.0,2026-01-19T19:02:45.531,Any[],54,12
2992,2026-01-24T13:25:00.0,2026-01-26T19:02:45.531,Any[],12,54
1896,2026-01-24T13:26:00.0,2026-01-26T19:03:45.531,Any[],54,12
2361,2026-01-24T13:26:00.0,2026-01-12T19:03:45.531,Any[],54,12
3160,2026-01-24T13:26:00.0,2026-02-02T19:03:45.531,Any[],12,54
1943,2026-01-24T13:27:00.0,2026-02-02T19:04:45.531,Any[],54,12
2282,2026-01-24T13:27:00.0,2026-01-19T19:04:45.531,Any[],54,12
2757,2026-01-24T13:27:00.0,2026-01-26T19:04:45.531,Any[],12,54
3035,2026-01-24T13:27:00.0,2026-01-19T19:04:45.531,Any[],12,54
3083,2026-01-24T13:27:00.0,2026-02-02T19:04:45.531,Any[],12,54
2129,2026-01-24T13:28:00.0,2026-01-26T19:05:45.531,Any[],54,12
2156,2026-01-24T13:28:00.0,2026-01-26T19:05:45.531,Any[],54,12
2267,2026-01-24T13:28:00.0,2026-01-12T19:05:45.531,Any[],54,12
3192,2026-01-24T13:28:00.0,2026-01-19T19:05:45.531,Any[],12,54
2382,2026-01-24T13:29:00.0,2026-01-12T19:06:45.531,Any[],54,12
2835,2026-01-24T13:29:00.0,2026-02-02T19:06:45.531,Any[],12,54
2049,2026-01-24T13:30:00.0,2026-01-12T19:07:45.531,Any[],54,12
2358,2026-01-24T13:30:00.0,2026-01-19T19:07:45.531,Any[],54,12
2656,2026-01-24T13:30:00.0,2026-01-26T19:07:45.531,Any[],12,54
3121,2026-01-24T13:30:00.0,2026-02-02T19:07:45.531,Any[],12,54
3158,2026-01-24T13:30:00.0,2026-01-26T19:07:45.531,Any[],12,54
2277,2026-01-24T13:31:00.0,2026-02-02T19:08:45.531,Any[],54,12
2680,2026-01-24T13:31:00.0,2026-01-12T19:08:45.531,Any[],12,54
3086,2026-01-24T13:31:00.0,2026-01-26T19:08:45.531,Any[],12,54
2009,2026-01-24T13:32:00.0,2026-01-19T19:09:45.531,Any[],54,12
2044,2026-01-24T13:32:00.0,2026-01-26T19:09:45.531,Any[],54,12
2734,2026-01-24T13:32:00.0,2026-01-12T19:09:45.531,Any[],12,54
2864,2026-01-24T13:32:00.0,2026-01-19T19:09:45.531,Any[],12,54
2934,2026-01-24T13:32:00.0,2026-01-26T19:09:45.531,Any[],12,54
2966,2026-01-24T13:32:00.0,2026-01-12T19:09:45.531,Any[],12,54
1815,2026-01-24T13:33:00.0,2026-01-26T19:10:45.531,Any[],60,7
1938,2026-01-24T13:33:00.0,2026-01-19T19:10:45.531,Any[],54,12
2001,2026-01-24T13:33:00.0,2026-01-12T19:10:45.531,Any[],54,12
2661,2026-01-24T13:33:00.0,2026-01-26T19:10:45.531,Any[],12,54
3017,2026-01-24T13:33:00.0,2026-01-19T19:10:45.531,Any[],12,54
2981,2026-01-24T13:34:00.0,2026-01-26T19:11:45.531,Any[],12,54
1843,2026-01-24T13:35:00.0,2026-02-02T19:12:45.531,Any[],60,7
1918,2026-01-24T13:35:00.0,2026-02-02T19:12:45.531,Any[],54,12
1979,2026-01-24T13:35:00.0,2026-01-26T19:12:45.531,Any[],54,12
2088,2026-01-24T13:35:00.0,2026-02-02T19:12:45.531,Any[],54,12
2024,2026-01-24T13:36:00.0,2026-01-12T19:13:45.531,Any[],54,12
1826,2026-01-24T13:37:00.0,2026-02-02T19:14:45.531,Any[],60,7
2280,2026-01-24T13:37:00.0,2026-01-12T19:14:45.531,Any[],54,12
2902,2026-01-24T13:37:00.0,2026-01-26T19:14:45.531,Any[],12,54
3001,2026-01-24T13:37:00.0,2026-01-26T19:14:45.531,Any[],12,54
3150,2026-01-24T13:37:00.0,2026-01-12T19:14:45.531,Any[],12,54
3164,2026-01-24T13:37:00.0,2026-01-12T19:14:45.531,Any[],12,54
1811,2026-01-24T13:38:00.0,2026-01-12T19:15:45.531,Any[],60,7
2098,2026-01-24T13:39:00.0,2026-02-02T19:16:45.531,Any[],54,12
2936,2026-01-24T13:39:00.0,2026-01-19T19:16:45.531,Any[],12,54
2973,2026-01-24T13:39:00.0,2026-02-02T19:16:45.531,Any[],12,54
3093,2026-01-24T13:39:00.0,2026-01-19T19:16:45.531,Any[],12,54
1823,2026-01-24T13:40:00.0,2026-01-12T19:17:45.531,Any[],60,7
1838,2026-01-24T13:40:00.0,2026-01-19T19:17:45.531,Any[],60,7
2068,2026-01-24T13:40:00.0,2026-01-19T19:17:45.531,Any[],54,12
2810,2026-01-24T13:40:00.0,2026-01-26T19:17:45.531,Any[],12,54
2060,2026-01-24T13:41:00.0,2026-02-02T19:18:45.531,Any[],54,12
2360,2026-01-24T13:41:00.0,2026-01-19T19:18:45.531,Any[],54,12
2683,2026-01-24T13:41:00.0,2026-02-02T19:18:45.531,Any[],12,54
2742,2026-01-24T13:41:00.0,2026-02-02T19:18:45.531,Any[],12,54
2990,2026-01-24T13:41:00.0,2026-01-12T19:18:45.531,Any[],12,54
2145,2026-01-24T13:42:00.0,2026-01-26T19:19:45.531,Any[],54,12
2346,2026-01-24T13:42:00.0,2026-02-02T19:19:45.531,Any[],54,12
2238,2026-01-24T13:43:00.0,2026-01-12T19:20:45.531,Any[],54,12
2740,2026-01-24T13:44:00.0,2026-01-26T19:21:45.531,Any[],12,54
1852,2026-01-24T13:45:00.0,2026-01-12T19:22:45.531,Any[],54,12
2681,2026-01-24T13:45:00.0,2026-02-02T19:22:45.531,Any[],12,54
2770,2026-01-24T13:45:00.0,2026-01-19T19:22:45.531,Any[],12,54
1900,2026-01-24T13:46:00.0,2026-01-26T19:23:45.531,Any[],54,12
1955,2026-01-24T13:46:00.0,2026-01-12T19:23:45.531,Any[],54,12
2111,2026-01-24T13:46:00.0,2026-02-02T19:23:45.531,Any[],54,12
2955,2026-01-24T13:46:00.0,2026-01-19T19:23:45.531,Any[],12,54
3129,2026-01-24T13:46:00.0,2026-02-02T19:23:45.531,Any[],12,54
3149,2026-01-24T13:46:00.0,2026-02-02T19:23:45.531,Any[],12,54
2260,2026-01-24T13:47:00.0,2026-01-12T19:24:45.531,Any[],54,12
2693,2026-01-24T13:47:00.0,2026-02-02T19:24:45.531,Any[],12,54
2857,2026-01-24T13:47:00.0,2026-01-26T19:24:45.531,Any[],12,54
2971,2026-01-24T13:47:00.0,2026-01-26T19:24:45.531,Any[],12,54
3122,2026-01-24T13:47:00.0,2026-01-19T19:24:45.531,Any[],12,54
2177,2026-01-24T13:48:00.0,2026-01-26T19:25:45.531,Any[],54,12
2733,2026-01-24T13:48:00.0,2026-01-12T19:25:45.531,Any[],12,54
3014,2026-01-24T13:48:00.0,2026-01-12T19:25:45.531,Any[],12,54
1881,2026-01-24T13:49:00.0,2026-01-26T19:26:45.531,Any[],54,12
1977,2026-01-24T13:49:00.0,2026-01-19T19:26:45.531,Any[],54,12
3056,2026-01-24T13:49:00.0,2026-01-19T19:26:45.531,Any[],12,54
3134,2026-01-24T13:49:00.0,2026-01-19T19:26:45.531,Any[],12,54
1776,2026-01-24T13:50:00.0,2026-01-19T19:27:45.531,Any[],60,7
2643,2026-01-24T13:50:00.0,2026-01-19T19:27:45.531,Any[],15,43
2797,2026-01-24T13:50:00.0,2026-02-02T19:27:45.531,Any[],12,54
1956,2026-01-24T13:51:00.0,2026-01-19T19:28:45.531,Any[],54,12
1818,2026-01-24T13:52:00.0,2026-01-26T19:29:45.531,Any[],60,7
1978,2026-01-24T13:52:00.0,2026-01-19T19:29:45.531,Any[],54,12
2050,2026-01-24T13:52:00.0,2026-01-26T19:29:45.531,Any[],54,12
2922,2026-01-24T13:52:00.0,2026-02-02T19:29:45.531,Any[],12,54
2954,2026-01-24T13:52:00.0,2026-01-26T19:29:45.531,Any[],12,54
2187,2026-01-24T13:53:00.0,2026-01-26T19:30:45.531,Any[],54,12
3003,2026-01-24T13:53:00.0,2026-01-19T19:30:45.531,Any[],12,54
1993,2026-01-24T13:54:00.0,2026-01-12T19:31:45.531,Any[],54,12
2216,2026-01-24T13:54:00.0,2026-02-02T19:31:45.531,Any[],54,12
2294,2026-01-24T13:54:00.0,2026-01-19T19:31:45.531,Any[],54,12
2900,2026-01-24T13:54:00.0,2026-02-02T19:31:45.531,Any[],12,54
3184,2026-01-24T13:54:00.0,2026-01-19T19:31:45.531,Any[],12,54
2729,2026-01-24T13:55:00.0,2026-02-02T19:32:45.531,Any[],12,54
3073,2026-01-24T13:55:00.0,2026-01-19T19:32:45.531,Any[],12,54
2112,2026-01-24T13:56:00.0,2026-01-12T19:33:45.531,Any[],54,12
2898,2026-01-24T13:56:00.0,2026-01-19T19:33:45.531,Any[],12,54
2907,2026-01-24T13:56:00.0,2026-02-02T19:33:45.531,Any[],12,54
2033,2026-01-24T13:57:00.0,2026-01-26T19:34:45.531,Any[],54,12
2036,2026-01-24T13:57:00.0,2026-02-02T19:34:45.531,Any[],54,12
2146,2026-01-24T13:57:00.0,2026-01-12T19:34:45.531,Any[],54,12
2272,2026-01-24T13:57:00.0,2026-02-02T19:34:45.531,Any[],54,12
2648,2026-01-24T13:58:00.0,2026-02-02T19:35:45.531,Any[],15,43
3167,2026-01-24T13:58:00.0,2026-02-02T19:35:45.531,Any[],12,54
1961,2026-01-24T13:59:00.0,2026-01-19T19:36:45.531,Any[],54,12
2695,2026-01-24T13:59:00.0,2026-01-26T19:36:45.531,Any[],12,54
3197,2026-01-24T13:59:00.0,2026-01-26T19:36:45.531,Any[],12,54
2940,2026-01-28T07:05:00.0,2026-01-16T12:42:45.531,Any[],12,54
3024,2026-01-28T07:05:00.0,2026-01-23T12:42:45.531,Any[],12,54
2121,2026-01-28T07:06:00.0,2026-01-16T12:43:45.531,Any[],54,12
2,2026-01-28T07:06:40.0,2026-01-30T12:44:25.531,"Any[56, 45, 37, 30, 25, 19, 10]",56,10
5,2026-01-28T07:06:40.0,2026-01-23T12:44:25.531,"Any[53, 45, 37, 30, 25, 19, 11, 6, 1]",53,1
39,2026-01-28T07:06:40.0,2026-01-23T12:44:25.531,"Any[53, 45, 37, 30, 25, 19, 11, 10, 11, 6, 1]",53,1
61,2026-01-28T07:06:40.0,2026-01-30T12:44:25.531,"Any[53, 45, 37, 30, 25, 19, 10]",53,10
66,2026-01-28T07:06:40.0,2026-01-09T12:44:25.531,"Any[53, 45, 37, 30, 25, 19, 11, 10, 11, 6, 1]",53,1
90,2026-01-28T07:06:40.0,2026-01-23T12:44:25.531,"Any[10, 19, 25, 30, 37, 45, 53]",10,53
101,2026-01-28T07:06:40.0,2026-01-16T12:44:25.531,"Any[56, 45, 37, 30, 25, 19, 10]",56,10
122,2026-01-28T07:06:40.0,2026-01-09T12:44:25.531,"Any[56, 45, 37, 30, 25, 19, 10]",56,10
167,2026-01-28T07:06:40.0,2026-01-23T12:44:25.531,"Any[53, 45, 37, 30, 25, 19, 10]",53,10
191,2026-01-28T07:06:40.0,2026-01-30T12:44:25.531,"Any[26, 31, 36, 44, 54]",26,54
201,2026-01-28T07:06:40.0,2026-01-16T12:44:25.531,"Any[56, 45, 37, 30, 25, 19, 10]",56,10
209,2026-01-28T07:06:40.0,2026-01-16T12:44:25.531,"Any[53, 45, 37, 30, 25, 19, 11, 6, 1]",53,1
210,2026-01-28T07:06:40.0,2026-01-16T12:44:25.531,"Any[18, 26, 31, 36, 44, 54]",18,54
252,2026-01-28T07:06:40.0,2026-01-09T12:44:25.531,"Any[26, 31, 36, 44, 54]",26,54
253,2026-01-28T07:06:40.0,2026-01-23T12:44:25.531,"Any[56, 45, 37, 30, 25, 19, 10]",56,10
280,2026-01-28T07:06:40.0,2026-01-23T12:44:25.531,"Any[53, 45, 37, 30, 25, 19, 10]",53,10
343,2026-01-28T07:06:40.0,2026-01-30T12:44:25.531,"Any[53, 45, 37, 30, 25, 19, 10]",53,10
344,2026-01-28T07:06:40.0,2026-01-30T12:44:25.531,"Any[53, 45, 37, 30, 25, 19, 10]",53,10
348,2026-01-28T07:06:40.0,2026-01-23T12:44:25.531,"Any[53, 45, 37, 30, 25, 19, 10]",53,10
375,2026-01-28T07:06:40.0,2026-01-23T12:44:25.531,"Any[26, 31, 36, 44, 54]",26,54
397,2026-01-28T07:06:40.0,2026-01-09T12:44:25.531,"Any[1, 6, 11, 19, 25, 30, 37, 45, 56]",1,56
400,2026-01-28T07:06:40.0,2026-01-09T12:44:25.531,"Any[53, 45, 37, 30, 25, 19, 10]",53,10
434,2026-01-28T07:06:40.0,2026-01-09T12:44:25.531,"Any[26, 31, 36, 44, 54]",26,54
460,2026-01-28T07:06:40.0,2026-01-16T12:44:25.531,"Any[10, 19, 25, 30, 37, 45, 53]",10,53
464,2026-01-28T07:06:40.0,2026-01-09T12:44:25.531,"Any[7, 8, 13, 19, 25, 30, 37, 45, 53]",7,53
497,2026-01-28T07:06:40.0,2026-01-16T12:44:25.531,"Any[56, 45, 37, 30, 25, 19, 10]",56,10
526,2026-01-28T07:06:40.0,2026-01-23T12:44:25.531,"Any[53, 45, 37, 30, 25, 19, 11, 10, 11, 6, 1]",53,1
542,2026-01-28T07:06:40.0,2026-01-16T12:44:25.531,"Any[7, 8, 13, 19, 25, 30, 37, 45, 53]",7,53
568,2026-01-28T07:06:40.0,2026-01-23T12:44:25.531,"Any[10, 19, 25, 30, 37, 45, 53]",10,53
591,2026-01-28T07:06:40.0,2026-01-30T12:44:25.531,"Any[53, 45, 37, 30, 25, 19, 10]",53,10
618,2026-01-28T07:06:40.0,2026-01-30T12:44:25.531,"Any[53, 45, 37, 30, 25, 19, 10]",53,10
663,2026-01-28T07:06:40.0,2026-01-23T12:44:25.531,"Any[10, 19, 25, 30, 37, 45, 53]",10,53
671,2026-01-28T07:06:40.0,2026-01-09T12:44:25.531,"Any[56, 45, 37, 30, 25, 19, 10]",56,10
691,2026-01-28T07:06:40.0,2026-01-09T12:44:25.531,"Any[53, 45, 37, 30, 25, 19, 10]",53,10
696,2026-01-28T07:06:40.0,2026-01-30T12:44:25.531,"Any[7, 8, 13, 19, 25, 30, 37, 45, 53]",7,53
712,2026-01-28T07:06:40.0,2026-01-16T12:44:25.531,"Any[1, 6, 11, 16, 25, 30, 37, 45, 56]",1,56
716,2026-01-28T07:06:40.0,2026-01-09T12:44:25.531,"Any[53, 45, 37, 30, 25, 19, 11, 6, 1]",53,1
726,2026-01-28T07:06:40.0,2026-01-09T12:44:25.531,"Any[1, 6, 11, 19, 30, 37, 45, 56]",1,56
742,2026-01-28T07:06:40.0,2026-01-16T12:44:25.531,"Any[53, 45, 37, 30, 25, 19, 11, 6, 1]",53,1
753,2026-01-28T07:06:40.0,2026-01-30T12:44:25.531,"Any[10, 19, 25, 30, 37, 45, 53]",10,53
759,2026-01-28T07:06:40.0,2026-01-16T12:44:25.531,"Any[26, 31, 36, 44, 54]",26,54
767,2026-01-28T07:06:40.0,2026-01-09T12:44:25.531,"Any[56, 45, 37, 30, 25, 19, 10]",56,10
806,2026-01-28T07:06:40.0,2026-01-30T12:44:25.531,"Any[56, 45, 37, 30, 25, 19, 10]",56,10
814,2026-01-28T07:06:40.0,2026-01-30T12:44:25.531,"Any[53, 45, 37, 30, 25, 19, 10]",53,10
838,2026-01-28T07:06:40.0,2026-01-23T12:44:25.531,"Any[10, 19, 25, 30, 37, 45, 53]",10,53
867,2026-01-28T07:06:40.0,2026-01-16T12:44:25.531,"Any[53, 45, 37, 30, 25, 19, 10]",53,10
925,2026-01-28T07:06:40.0,2026-01-16T12:44:25.531,"Any[10, 19, 30, 37, 45, 53]",10,53
931,2026-01-28T07:06:40.0,2026-01-30T12:44:25.531,"Any[10, 19, 25, 30, 37, 45, 53]",10,53
945,2026-01-28T07:06:40.0,2026-01-09T12:44:25.531,"Any[53, 45, 37, 30, 25, 19, 10]",53,10
961,2026-01-28T07:06:40.0,2026-01-30T12:44:25.531,"Any[26, 31, 36, 44, 54]",26,54
989,2026-01-28T07:06:40.0,2026-01-30T12:44:25.531,"Any[56, 45, 37, 30, 25, 19, 10]",56,10
1012,2026-01-28T07:06:40.0,2026-01-23T12:44:25.531,"Any[53, 45, 37, 30, 25, 19, 11, 6, 3, 1]",53,1
1020,2026-01-28T07:06:40.0,2026-01-16T12:44:25.531,"Any[53, 45, 37, 30, 25, 19, 10]",53,10
1022,2026-01-28T07:06:40.0,2026-01-09T12:44:25.531,"Any[56, 45, 37, 30, 25, 19, 10]",56,10
1040,2026-01-28T07:06:40.0,2026-01-09T12:44:25.531,"Any[53, 45, 37, 30, 25, 19, 10]",53,10
1050,2026-01-28T07:06:40.0,2026-01-30T12:44:25.531,"Any[26, 31, 36]",26,36
1052,2026-01-28T07:06:40.0,2026-01-30T12:44:25.531,"Any[53, 45, 37, 30, 25, 19, 11, 10, 11, 6, 1]",53,1
1067,2026-01-28T07:06:40.0,2026-01-09T12:44:25.531,"Any[18, 26, 31, 36, 44, 54]",18,54
1082,2026-01-28T07:06:40.0,2026-01-23T12:44:25.531,"Any[10, 19, 25, 30, 37, 45, 53]",10,53
1108,2026-01-28T07:06:40.0,2026-01-09T12:44:25.531,"Any[53, 45, 37, 30, 25, 19, 11, 6, 1]",53,1
1112,2026-01-28T07:06:40.0,2026-01-30T12:44:25.531,"Any[53, 45, 37, 30, 25, 19, 10]",53,10
1113,2026-01-28T07:06:40.0,2026-01-23T12:44:25.531,"Any[53, 45, 37, 30, 25, 19, 10]",53,10
1152,2026-01-28T07:06:40.0,2026-01-16T12:44:25.531,"Any[53, 45, 37, 30, 25, 19, 10]",53,10
1161,2026-01-28T07:06:40.0,2026-01-23T12:44:25.531,"Any[53, 45, 37, 30, 25, 19, 10]",53,10
1217,2026-01-28T07:06:40.0,2026-01-23T12:44:25.531,"Any[53, 45, 37, 30, 25, 19, 10]",53,10
1232,2026-01-28T07:06:40.0,2026-01-16T12:44:25.531,"Any[56, 45, 37, 30, 25, 19, 10]",56,10
1250,2026-01-28T07:06:40.0,2026-01-09T12:44:25.531,"Any[53, 45, 37, 30, 25, 19, 11, 6, 1]",53,1
1295,2026-01-28T07:06:40.0,2026-01-23T12:44:25.531,"Any[1, 6, 11, 19, 30, 37, 45, 56]",1,56
1327,2026-01-28T07:06:40.0,2026-01-16T12:44:25.531,"Any[53, 45, 37, 30, 25, 19, 10]",53,10
1341,2026-01-28T07:06:40.0,2026-01-30T12:44:25.531,"Any[10, 19, 25, 30, 37, 45, 53]",10,53
1352,2026-01-28T07:06:40.0,2026-01-30T12:44:25.531,"Any[26, 31, 36, 44, 54]",26,54
1446,2026-01-28T07:06:40.0,2026-01-30T12:44:25.531,"Any[26, 31, 36, 44, 54]",26,54
1454,2026-01-28T07:06:40.0,2026-01-16T12:44:25.531,"Any[10, 19, 25, 30, 37, 45, 53]",10,53
1480,2026-01-28T07:06:40.0,2026-01-09T12:44:25.531,"Any[45, 37, 30, 25, 19, 10]",45,10
1488,2026-01-28T07:06:40.0,2026-01-16T12:44:25.531,"Any[10, 19, 25, 30, 37, 45, 53]",10,53
1508,2026-01-28T07:06:40.0,2026-01-23T12:44:25.531,"Any[53, 45, 37, 30, 25, 19, 11, 6, 1]",53,1
1513,2026-01-28T07:06:40.0,2026-01-23T12:44:25.531,"Any[26, 31, 36, 44]",26,44
1523,2026-01-28T07:06:40.0,2026-01-16T12:44:25.531,"Any[56, 45, 37, 30, 25, 19, 10]",56,10
1559,2026-01-28T07:06:40.0,2026-01-09T12:44:25.531,"Any[10, 19, 25, 30, 37, 45, 53]",10,53
1561,2026-01-28T07:06:40.0,2026-01-23T12:44:25.531,"Any[7, 8, 13, 19, 25, 30, 37, 45, 53]",7,53
1569,2026-01-28T07:06:40.0,2026-01-16T12:44:25.531,"Any[53, 45, 37, 30, 25, 19, 10]",53,10
1597,2026-01-28T07:06:40.0,2026-01-23T12:44:25.531,"Any[10, 19, 25, 30, 37, 45, 53]",10,53
1598,2026-01-28T07:06:40.0,2026-01-09T12:44:25.531,"Any[53, 45, 37, 30, 25, 19, 11, 6, 1]",53,1
1640,2026-01-28T07:06:40.0,2026-01-23T12:44:25.531,"Any[53, 45, 37, 30, 25, 19, 10]",53,10
1646,2026-01-28T07:06:40.0,2026-01-09T12:44:25.531,"Any[53, 45, 37, 30, 25, 19, 10]",53,10
1724,2026-01-28T07:06:40.0,2026-01-09T12:44:25.531,"Any[26, 31, 36, 44, 54]",26,54
1726,2026-01-28T07:06:40.0,2026-01-23T12:44:25.531,"Any[53, 45, 37, 30, 25, 19, 10]",53,10
1743,2026-01-28T07:06:40.0,2026-01-30T12:44:25.531,"Any[10, 19, 25, 30, 37, 45, 53]",10,53
1752,2026-01-28T07:06:40.0,2026-01-23T12:44:25.531,"Any[53, 45, 37, 30, 25, 19, 10]",53,10
2399,2026-01-28T07:06:40.0,2026-01-30T12:44:25.531,"Any[56, 45, 37, 30, 25, 19, 10]",56,10
2400,2026-01-28T07:06:40.0,2026-01-30T12:44:25.531,"Any[56, 45, 37, 30, 25, 19, 10]",56,10
2414,2026-01-28T07:06:40.0,2026-01-09T12:44:25.531,"Any[56, 45, 37, 30, 25, 19, 10]",56,10
2519,2026-01-28T07:06:40.0,2026-01-30T12:44:25.531,"Any[26, 31, 36, 44]",26,44
2577,2026-01-28T07:06:40.0,2026-01-09T12:44:25.531,"Any[26, 31, 36, 44]",26,44
2608,2026-01-28T07:06:40.0,2026-01-23T12:44:25.531,"Any[26, 31, 36, 44]",26,44
2610,2026-01-28T07:06:40.0,2026-01-23T12:44:25.531,"Any[26, 31, 36, 44]",26,44
2612,2026-01-28T07:06:40.0,2026-01-09T12:44:25.531,"Any[26, 31, 36, 44]",26,44
2621,2026-01-28T07:06:40.0,2026-01-23T12:44:25.531,"Any[26, 31, 36, 44]",26,44
2631,2026-01-28T07:06:40.0,2026-01-23T12:44:25.531,"Any[26, 31, 36, 44]",26,44
2905,2026-01-28T07:09:00.0,2026-01-16T12:46:45.531,Any[],12,54
2255,2026-01-28T07:22:00.0,2026-01-09T12:59:45.531,Any[],54,12
2030,2026-01-28T07:25:00.0,2026-01-16T13:02:45.531,Any[],54,12
3144,2026-01-28T07:25:00.0,2026-01-09T13:02:45.531,Any[],12,54
2717,2026-01-28T07:35:00.0,2026-01-30T13:12:45.531,Any[],12,54
2917,2026-01-28T07:35:00.0,2026-01-23T13:12:45.531,Any[],12,54
2649,2026-01-28T07:37:00.0,2026-01-23T13:14:45.531,Any[],15,43
2870,2026-01-28T07:39:00.0,2026-01-30T13:16:45.531,Any[],12,54
2308,2026-01-28T07:52:00.0,2026-01-09T13:29:45.531,Any[],54,12
2641,2026-01-28T07:55:00.0,2026-01-23T13:32:45.531,Any[],15,43
3099,2026-01-28T07:57:00.0,2026-01-09T13:34:45.531,Any[],12,54
2712,2026-01-28T13:00:00.0,2026-01-09T18:37:45.531,Any[],12,54
3168,2026-01-28T13:00:00.0,2026-01-09T18:37:45.531,Any[],12,54
2054,2026-01-28T13:01:00.0,2026-01-30T18:38:45.531,Any[],54,12
2018,2026-01-28T13:03:00.0,2026-01-16T18:40:45.531,Any[],54,12
2761,2026-01-28T13:03:00.0,2026-01-16T18:40:45.531,Any[],12,54
2960,2026-01-28T13:03:00.0,2026-01-16T18:40:45.531,Any[],12,54
3141,2026-01-28T13:03:00.0,2026-01-09T18:40:45.531,Any[],12,54
2799,2026-01-28T13:04:00.0,2026-01-23T18:41:45.531,Any[],12,54
1971,2026-01-28T13:05:00.0,2026-01-09T18:42:45.531,Any[],54,12
1984,2026-01-28T13:05:00.0,2026-01-16T18:42:45.531,Any[],54,12
3173,2026-01-28T13:05:00.0,2026-01-09T18:42:45.531,Any[],12,54
2756,2026-01-28T13:08:00.0,2026-01-09T18:45:45.531,Any[],12,54
2931,2026-01-28T13:09:00.0,2026-01-09T18:46:45.531,Any[],12,54
3037,2026-01-28T13:09:00.0,2026-01-30T18:46:45.531,Any[],12,54
1869,2026-01-28T13:10:00.0,2026-01-30T18:47:45.531,Any[],54,12
2341,2026-01-28T13:13:00.0,2026-01-09T18:50:45.531,Any[],54,12
2348,2026-01-28T13:13:00.0,2026-01-09T18:50:45.531,Any[],54,12
1910,2026-01-28T13:14:00.0,2026-01-30T18:51:45.531,Any[],54,12
1891,2026-01-28T13:15:00.0,2026-01-16T18:52:45.531,Any[],54,12
2312,2026-01-28T13:17:00.0,2026-01-09T18:54:45.531,Any[],54,12
2339,2026-01-28T13:19:00.0,2026-01-09T18:56:45.531,Any[],54,12
2916,2026-01-28T13:19:00.0,2026-01-16T18:56:45.531,Any[],12,54
3176,2026-01-28T13:19:00.0,2026-01-09T18:56:45.531,Any[],12,54
2741,2026-01-28T13:20:00.0,2026-01-16T18:57:45.531,Any[],12,54
1831,2026-01-28T13:21:00.0,2026-01-09T18:58:45.531,Any[],60,7
2384,2026-01-28T13:21:00.0,2026-01-30T18:58:45.531,Any[],54,12
2944,2026-01-28T13:21:00.0,2026-01-16T18:58:45.531,Any[],12,54
2295,2026-01-28T13:24:00.0,2026-01-09T19:01:45.531,Any[],54,12
2876,2026-01-28T13:25:00.0,2026-01-23T19:02:45.531,Any[],12,54
3112,2026-01-28T13:26:00.0,2026-01-30T19:03:45.531,Any[],12,54
2052,2026-01-28T13:28:00.0,2026-01-09T19:05:45.531,Any[],54,12
3172,2026-01-28T13:28:00.0,2026-01-16T19:05:45.531,Any[],12,54
1879,2026-01-28T13:30:00.0,2026-01-09T19:07:45.531,Any[],54,12
2210,2026-01-28T13:30:00.0,2026-01-30T19:07:45.531,Any[],54,12
2200,2026-01-28T13:35:00.0,2026-01-09T19:12:45.531,Any[],54,12
2706,2026-01-28T13:35:00.0,2026-01-23T19:12:45.531,Any[],12,54
2167,2026-01-28T13:37:00.0,2026-01-16T19:14:45.531,Any[],54,12
2268,2026-01-28T13:37:00.0,2026-01-09T19:14:45.531,Any[],54,12
3177,2026-01-28T13:37:00.0,2026-01-30T19:14:45.531,Any[],12,54
2752,2026-01-28T13:38:00.0,2026-01-09T19:15:45.531,Any[],12,54
2136,2026-01-28T13:40:00.0,2026-01-23T19:17:45.531,Any[],54,12
2299,2026-01-28T13:41:00.0,2026-01-09T19:18:45.531,Any[],54,12
3175,2026-01-28T13:41:00.0,2026-01-16T19:18:45.531,Any[],12,54
2099,2026-01-28T13:42:00.0,2026-01-23T19:19:45.531,Any[],54,12
2194,2026-01-28T13:42:00.0,2026-01-16T19:19:45.531,Any[],54,12
2915,2026-01-28T13:46:00.0,2026-01-16T19:23:45.531,Any[],12,54
2226,2026-01-28T13:49:00.0,2026-01-09T19:26:45.531,Any[],54,12
2251,2026-01-28T13:50:00.0,2026-01-23T19:27:45.531,Any[],54,12
1985,2026-01-28T13:52:00.0,2026-01-23T19:29:45.531,Any[],54,12
2120,2026-01-28T13:52:00.0,2026-01-30T19:29:45.531,Any[],54,12
3000,2026-01-28T13:53:00.0,2026-01-30T19:30:45.531,Any[],12,54
3179,2026-01-28T13:54:00.0,2026-01-16T19:31:45.531,Any[],12,54
1958,2026-01-28T13:55:00.0,2026-01-30T19:32:45.531,Any[],54,12
3103,2026-01-28T13:56:00.0,2026-01-09T19:33:45.531,Any[],12,54
2240,2026-01-28T13:57:00.0,2026-01-30T19:34:45.531,Any[],54,12
2347,2026-01-28T13:57:00.0,2026-01-30T19:34:45.531,Any[],54,12
2290,2026-01-28T13:58:00.0,2026-01-30T19:35:45.531,Any[],54,12
2662,2026-01-28T13:58:00.0,2026-01-23T19:35:45.531,Any[],12,54
2193,2026-01-28T13:59:00.0,2026-01-09T19:36:45.531,Any[],54,12
3116,2026-01-28T13:59:00.0,2026-01-30T19:36:45.531,Any[],12,54
1789,2026-01-31T07:01:00.0,2026-01-12T12:38:45.531,Any[],60,7
1821,2026-01-31T07:03:00.0,2026-01-19T12:40:45.531,Any[],60,7
1915,2026-01-31T07:03:00.0,2026-01-12T12:40:45.531,Any[],54,12
2322,2026-01-31T07:04:00.0,2026-01-26T12:41:45.531,Any[],54,12
2357,2026-01-31T07:05:00.0,2026-02-02T12:42:45.531,Any[],54,12
2363,2026-01-31T07:05:00.0,2026-01-26T12:42:45.531,Any[],54,12
2374,2026-01-31T07:08:00.0,2026-01-12T12:45:45.531,Any[],54,12
2871,2026-01-31T07:08:00.0,2026-01-12T12:45:45.531,Any[],12,54
2151,2026-01-31T07:09:00.0,2026-01-12T12:46:45.531,Any[],54,12
2343,2026-01-31T07:09:00.0,2026-01-12T12:46:45.531,Any[],54,12
2769,2026-01-31T07:13:00.0,2026-01-12T12:50:45.531,Any[],12,54
2142,2026-01-31T07:15:00.0,2026-01-12T12:52:45.531,Any[],54,12
2379,2026-01-31T07:16:00.0,2026-01-12T12:53:45.531,Any[],54,12
3127,2026-01-31T07:18:00.0,2026-02-02T12:55:45.531,Any[],12,54
1920,2026-01-31T07:19:00.0,2026-01-26T12:56:45.531,Any[],54,12
2805,2026-01-31T07:22:00.0,2026-01-12T12:59:45.531,Any[],12,54
2945,2026-01-31T07:22:00.0,2026-02-02T12:59:45.531,Any[],12,54
2235,2026-01-31T07:23:00.0,2026-02-02T13:00:45.531,Any[],54,12
2796,2026-01-31T07:27:00.0,2026-01-26T13:04:45.531,Any[],12,54
1768,2026-01-31T07:28:00.0,2026-01-12T13:05:45.531,Any[],60,7
2987,2026-01-31T07:28:00.0,2026-01-26T13:05:45.531,Any[],12,54
2180,2026-01-31T07:31:00.0,2026-02-02T13:08:45.531,Any[],54,12
2313,2026-01-31T07:31:00.0,2026-01-19T13:08:45.531,Any[],54,12
2004,2026-01-31T07:32:00.0,2026-02-02T13:09:45.531,Any[],54,12
3124,2026-01-31T07:33:00.0,2026-01-26T13:10:45.531,Any[],12,54
2073,2026-01-31T07:36:00.0,2026-01-12T13:13:45.531,Any[],54,12
3091,2026-01-31T07:36:00.0,2026-01-19T13:13:45.531,Any[],12,54
2879,2026-01-31T07:37:00.0,2026-01-12T13:14:45.531,Any[],12,54
2047,2026-01-31T07:40:00.0,2026-02-02T13:17:45.531,Any[],54,12
1919,2026-01-31T07:42:00.0,2026-01-19T13:19:45.531,Any[],54,12
2366,2026-01-31T07:43:00.0,2026-02-02T13:20:45.531,Any[],54,12
2822,2026-01-31T07:43:00.0,2026-02-02T13:20:45.531,Any[],12,54
2364,2026-01-31T07:44:00.0,2026-02-02T13:21:45.531,Any[],54,12
2213,2026-01-31T07:45:00.0,2026-01-12T13:22:45.531,Any[],54,12
2699,2026-01-31T07:45:00.0,2026-01-12T13:22:45.531,Any[],12,54
3036,2026-01-31T07:46:00.0,2026-01-26T13:23:45.531,Any[],12,54
2335,2026-01-31T07:49:00.0,2026-01-26T13:26:45.531,Any[],54,12
2831,2026-01-31T07:51:00.0,2026-02-02T13:28:45.531,Any[],12,54
2846,2026-01-31T07:53:00.0,2026-01-26T13:30:45.531,Any[],12,54
2825,2026-01-31T07:54:00.0,2026-01-26T13:31:45.531,Any[],12,54
3154,2026-01-31T07:55:00.0,2026-01-26T13:32:45.531,Any[],12,54
1883,2026-01-31T07:56:00.0,2026-01-19T13:33:45.531,Any[],54,12
2869,2026-01-31T07:57:00.0,2026-01-19T13:34:45.531,Any[],12,54
2055,2026-01-31T07:58:00.0,2026-01-12T13:35:45.531,Any[],54,12
2138,2026-01-31T13:00:00.0,2026-01-26T18:37:45.531,Any[],54,12
2166,2026-01-31T13:00:00.0,2026-01-26T18:37:45.531,Any[],54,12
2172,2026-01-31T13:00:00.0,2026-01-26T18:37:45.531,Any[],54,12
2332,2026-01-31T13:00:00.0,2026-01-12T18:37:45.531,Any[],54,12
2767,2026-01-31T13:00:00.0,2026-01-19T18:37:45.531,Any[],12,54
3079,2026-01-31T13:00:00.0,2026-01-26T18:37:45.531,Any[],12,54
2102,2026-01-31T13:01:00.0,2026-02-02T18:38:45.531,Any[],54,12
2196,2026-01-31T13:01:00.0,2026-01-19T18:38:45.531,Any[],54,12
2672,2026-01-31T13:01:00.0,2026-01-19T18:38:45.531,Any[],12,54
1784,2026-01-31T13:02:00.0,2026-01-26T18:39:45.531,Any[],60,7
2037,2026-01-31T13:02:00.0,2026-01-26T18:39:45.531,Any[],54,12
2171,2026-01-31T13:03:00.0,2026-01-19T18:40:45.531,Any[],54,12
3007,2026-01-31T13:03:00.0,2026-01-12T18:40:45.531,Any[],12,54
1880,2026-01-31T13:04:00.0,2026-02-02T18:41:45.531,Any[],54,12
2012,2026-01-31T13:04:00.0,2026-01-26T18:41:45.531,Any[],54,12
1963,2026-01-31T13:05:00.0,2026-01-12T18:42:45.531,Any[],54,12
1981,2026-01-31T13:05:00.0,2026-02-02T18:42:45.531,Any[],54,12
1873,2026-01-31T13:06:00.0,2026-01-19T18:43:45.531,Any[],54,12
2655,2026-01-31T13:06:00.0,2026-01-19T18:43:45.531,Any[],12,54
2829,2026-01-31T13:06:00.0,2026-02-02T18:43:45.531,Any[],12,54
2239,2026-01-31T13:07:00.0,2026-01-19T18:44:45.531,Any[],54,12
2941,2026-01-31T13:07:00.0,2026-01-26T18:44:45.531,Any[],12,54
3189,2026-01-31T13:07:00.0,2026-01-26T18:44:45.531,Any[],12,54
1837,2026-01-31T13:08:00.0,2026-01-12T18:45:45.531,Any[],60,7
2248,2026-01-31T13:08:00.0,2026-01-26T18:45:45.531,Any[],54,12
2350,2026-01-31T13:08:00.0,2026-02-02T18:45:45.531,Any[],54,12
2967,2026-01-31T13:08:00.0,2026-01-12T18:45:45.531,Any[],12,54
3140,2026-01-31T13:08:00.0,2026-01-12T18:45:45.531,Any[],12,54
2873,2026-01-31T13:09:00.0,2026-01-12T18:46:45.531,Any[],12,54
3090,2026-01-31T13:09:00.0,2026-01-26T18:46:45.531,Any[],12,54
1842,2026-01-31T13:10:00.0,2026-02-02T18:47:45.531,Any[],60,7
2309,2026-01-31T13:10:00.0,2026-01-26T18:47:45.531,Any[],54,12
2943,2026-01-31T13:10:00.0,2026-01-26T18:47:45.531,Any[],12,54
1814,2026-01-31T13:11:00.0,2026-01-26T18:48:45.531,Any[],60,7
2776,2026-01-31T13:11:00.0,2026-01-19T18:48:45.531,Any[],12,54
2804,2026-01-31T13:11:00.0,2026-01-12T18:48:45.531,Any[],12,54
3163,2026-01-31T13:11:00.0,2026-02-02T18:48:45.531,Any[],12,54
2163,2026-01-31T13:13:00.0,2026-02-02T18:50:45.531,Any[],54,12
2708,2026-01-31T13:13:00.0,2026-01-12T18:50:45.531,Any[],12,54
2040,2026-01-31T13:14:00.0,2026-01-19T18:51:45.531,Any[],54,12
1854,2026-01-31T13:15:00.0,2026-02-02T18:52:45.531,Any[],54,12
1875,2026-01-31T13:15:00.0,2026-01-26T18:52:45.531,Any[],54,12
1964,2026-01-31T13:15:00.0,2026-02-02T18:52:45.531,Any[],54,12
3159,2026-01-31T13:15:00.0,2026-01-19T18:52:45.531,Any[],12,54
2035,2026-01-31T13:16:00.0,2026-02-02T18:53:45.531,Any[],54,12
2328,2026-01-31T13:16:00.0,2026-01-26T18:53:45.531,Any[],54,12
2725,2026-01-31T13:16:00.0,2026-01-26T18:53:45.531,Any[],12,54
2219,2026-01-31T13:17:00.0,2026-01-26T18:54:45.531,Any[],54,12
2207,2026-01-31T13:18:00.0,2026-01-26T18:55:45.531,Any[],54,12
3076,2026-01-31T13:18:00.0,2026-01-26T18:55:45.531,Any[],12,54
3123,2026-01-31T13:18:00.0,2026-01-19T18:55:45.531,Any[],12,54
2061,2026-01-31T13:19:00.0,2026-01-19T18:56:45.531,Any[],54,12
2751,2026-01-31T13:19:00.0,2026-02-02T18:56:45.531,Any[],12,54
2968,2026-01-31T13:19:00.0,2026-02-02T18:56:45.531,Any[],12,54
3,2026-01-31T13:20:00.0,2026-01-19T18:57:45.531,"Any[18, 26, 31, 36, 44, 54]",18,54
7,2026-01-31T13:20:00.0,2026-01-12T18:57:45.531,"Any[26, 31, 36, 44]",26,44
9,2026-01-31T13:20:00.0,2026-02-02T18:57:45.531,"Any[26, 31, 36, 44, 54]",26,54
10,2026-01-31T13:20:00.0,2026-01-26T18:57:45.531,"Any[56, 45, 37, 30, 25, 19, 10]",56,10
18,2026-01-31T13:20:00.0,2026-02-02T18:57:45.531,"Any[53, 45, 37, 30, 25, 19, 10]",53,10
21,2026-01-31T13:20:00.0,2026-01-26T18:57:45.531,"Any[53, 45, 37, 30, 25, 19, 11, 6, 1]",53,1
24,2026-01-31T13:20:00.0,2026-01-26T18:57:45.531,"Any[53, 45, 37, 30, 25, 19, 11, 6, 1]",53,1
25,2026-01-31T13:20:00.0,2026-01-12T18:57:45.531,"Any[26, 31, 36, 44, 54]",26,54
32,2026-01-31T13:20:00.0,2026-01-26T18:57:45.531,"Any[26, 27, 31, 36, 44, 54]",26,54
33,2026-01-31T13:20:00.0,2026-01-26T18:57:45.531,"Any[26, 27, 31, 36, 44, 54]",26,54
38,2026-01-31T13:20:00.0,2026-01-26T18:57:45.531,"Any[26, 31, 36, 44, 54]",26,54
51,2026-01-31T13:20:00.0,2026-02-02T18:57:45.531,"Any[26, 31, 36, 44, 54]",26,54
56,2026-01-31T13:20:00.0,2026-01-19T18:57:45.531,"Any[53, 45, 37, 30, 25, 19, 11, 6, 1]",53,1
57,2026-01-31T13:20:00.0,2026-01-26T18:57:45.531,"Any[53, 45, 37, 30, 25, 19, 11, 6, 1]",53,1
58,2026-01-31T13:20:00.0,2026-01-19T18:57:45.531,"Any[53, 45, 37, 30, 25, 19, 10]",53,10
64,2026-01-31T13:20:00.0,2026-01-26T18:57:45.531,"Any[7, 8, 13, 19, 25, 30, 37, 45, 53]",7,53
69,2026-01-31T13:20:00.0,2026-01-19T18:57:45.531,"Any[53, 45, 37, 30, 25, 19, 11, 6, 1]",53,1
70,2026-01-31T13:20:00.0,2026-01-12T18:57:45.531,"Any[53, 45, 37, 30, 25, 19, 10]",53,10
71,2026-01-31T13:20:00.0,2026-02-02T18:57:45.531,"Any[26, 31, 36, 44, 54]",26,54
74,2026-01-31T13:20:00.0,2026-01-19T18:57:45.531,"Any[10, 19, 25, 30, 37, 45, 53]",10,53
80,2026-01-31T13:20:00.0,2026-01-12T18:57:45.531,"Any[18, 26, 31, 36, 44, 54]",18,54
85,2026-01-31T13:20:00.0,2026-01-19T18:57:45.531,"Any[26, 31, 36, 44, 54]",26,54
87,2026-01-31T13:20:00.0,2026-02-02T18:57:45.531,"Any[53, 45, 37, 30, 25, 19, 10]",53,10
103,2026-01-31T13:20:00.0,2026-01-26T18:57:45.531,"Any[26, 31, 36, 44, 54]",26,54
112,2026-01-31T13:20:00.0,2026-01-12T18:57:45.531,"Any[7, 8, 13, 19, 25, 30, 37, 45, 53]",7,53
115,2026-01-31T13:20:00.0,2026-01-12T18:57:45.531,"Any[53, 45, 37, 30, 25, 19, 11, 6, 1]",53,1
120,2026-01-31T13:20:00.0,2026-01-12T18:57:45.531,"Any[53, 45, 37, 30, 25, 19, 10]",53,10
128,2026-01-31T13:20:00.0,2026-02-02T18:57:45.531,"Any[53, 45, 37, 30, 25, 19, 11, 6, 1]",53,1
131,2026-01-31T13:20:00.0,2026-01-19T18:57:45.531,"Any[53, 45, 37, 30, 25, 19, 10]",53,10
135,2026-01-31T13:20:00.0,2026-02-02T18:57:45.531,"Any[53, 45, 37, 30, 25, 19, 11, 6, 1]",53,1
141,2026-01-31T13:20:00.0,2026-02-02T18:57:45.531,"Any[7, 8, 13, 19, 25, 30, 37, 45, 53]",7,53
142,2026-01-31T13:20:00.0,2026-02-02T18:57:45.531,"Any[53, 45, 37, 30, 25, 19, 10]",53,10
143,2026-01-31T13:20:00.0,2026-01-19T18:57:45.531,"Any[53, 45, 37, 30, 25, 19, 10]",53,10
150,2026-01-31T13:20:00.0,2026-02-02T18:57:45.531,"Any[18, 26, 31, 36, 44, 54]",18,54
151,2026-01-31T13:20:00.0,2026-01-19T18:57:45.531,"Any[10, 19, 25, 30, 37, 45, 53]",10,53
154,2026-01-31T13:20:00.0,2026-01-19T18:57:45.531,"Any[26, 31, 36, 44, 54]",26,54
158,2026-01-31T13:20:00.0,2026-01-19T18:57:45.531,"Any[36, 31, 15, 12]",36,12
163,2026-01-31T13:20:00.0,2026-01-12T18:57:45.531,"Any[53, 45, 37, 30, 25, 19, 10]",53,10
171,2026-01-31T13:20:00.0,2026-01-19T18:57:45.531,"Any[10, 19, 25, 30, 37, 45, 53]",10,53
176,2026-01-31T13:20:00.0,2026-01-12T18:57:45.531,"Any[26, 27, 31, 36, 44, 54]",26,54
184,2026-01-31T13:20:00.0,2026-01-19T18:57:45.531,"Any[53, 45, 37, 30, 25, 19, 10]",53,10
204,2026-01-31T13:20:00.0,2026-01-19T18:57:45.531,"Any[53, 45, 37, 30, 25, 19, 10]",53,10
207,2026-01-31T13:20:00.0,2026-01-12T18:57:45.531,"Any[26, 31, 36, 44, 54]",26,54
212,2026-01-31T13:20:00.0,2026-02-02T18:57:45.531,"Any[53, 45, 37, 30, 25, 19, 10]",53,10
218,2026-01-31T13:20:00.0,2026-01-26T18:57:45.531,"Any[26, 31, 36, 44, 54]",26,54
221,2026-01-31T13:20:00.0,2026-02-02T18:57:45.531,"Any[10, 19, 25, 30, 37, 45, 53]",10,53
230,2026-01-31T13:20:00.0,2026-01-26T18:57:45.531,"Any[26, 31, 36, 44, 54]",26,54
231,2026-01-31T13:20:00.0,2026-02-02T18:57:45.531,"Any[53, 45, 37, 30, 25, 19, 11, 6, 1]",53,1
232,2026-01-31T13:20:00.0,2026-01-12T18:57:45.531,"Any[18, 26, 31, 36, 44, 54]",18,54
237,2026-01-31T13:20:00.0,2026-02-02T18:57:45.531,"Any[7, 8, 13, 19, 25, 30, 37, 45, 53]",7,53
239,2026-01-31T13:20:00.0,2026-01-26T18:57:45.531,"Any[7, 8, 13, 19, 25, 30, 37, 45, 53]",7,53
248,2026-01-31T13:20:00.0,2026-01-26T18:57:45.531,"Any[53, 45, 37, 30, 25, 19, 11, 6, 1]",53,1
250,2026-01-31T13:20:00.0,2026-01-26T18:57:45.531,"Any[53, 45, 37, 30, 25, 19, 11, 6, 1]",53,1
258,2026-01-31T13:20:00.0,2026-02-02T18:57:45.531,"Any[60, 56, 45, 37, 30, 25, 19, 10]",60,10
265,2026-01-31T13:20:00.0,2026-01-26T18:57:45.531,"Any[10, 19, 25, 30, 37, 45, 53]",10,53
266,2026-01-31T13:20:00.0,2026-01-19T18:57:45.531,"Any[18, 22, 31, 36, 44, 54]",18,54
274,2026-01-31T13:20:00.0,2026-01-12T18:57:45.531,"Any[26, 31, 36]",26,36
276,2026-01-31T13:20:00.0,2026-01-19T18:57:45.531,"Any[1, 6, 11, 19, 25, 30, 37, 45, 56]",1,56
282,2026-01-31T13:20:00.0,2026-01-26T18:57:45.531,"Any[53, 45, 37, 30, 25, 19, 10]",53,10
284,2026-01-31T13:20:00.0,2026-01-12T18:57:45.531,"Any[53, 45, 37, 30, 25, 19, 10]",53,10
287,2026-01-31T13:20:00.0,2026-01-12T18:57:45.531,"Any[26, 31, 36, 44, 54]",26,54
301,2026-01-31T13:20:00.0,2026-01-19T18:57:45.531,"Any[53, 45, 37, 30, 25, 19, 11, 6, 1]",53,1
304,2026-01-31T13:20:00.0,2026-01-19T18:57:45.531,"Any[7, 8, 13, 19, 25, 30, 37, 45, 53]",7,53
308,2026-01-31T13:20:00.0,2026-01-19T18:57:45.531,"Any[7, 8, 13, 19, 25, 30, 37, 45, 53]",7,53
312,2026-01-31T13:20:00.0,2026-01-26T18:57:45.531,"Any[10, 19, 25, 30, 37, 45, 53]",10,53
315,2026-01-31T13:20:00.0,2026-01-26T18:57:45.531,"Any[10, 19, 25, 30, 37, 45, 53]",10,53
327,2026-01-31T13:20:00.0,2026-01-12T18:57:45.531,"Any[53, 45, 37, 30, 25, 19, 11, 6, 1]",53,1
329,2026-01-31T13:20:00.0,2026-01-26T18:57:45.531,"Any[36, 31, 15, 12]",36,12
331,2026-01-31T13:20:00.0,2026-02-02T18:57:45.531,"Any[26, 31, 36, 44, 54]",26,54
335,2026-01-31T13:20:00.0,2026-01-19T18:57:45.531,"Any[18, 26, 31, 36, 44, 54]",18,54
340,2026-01-31T13:20:00.0,2026-01-12T18:57:45.531,"Any[10, 11, 19, 25, 30, 37, 45, 53]",10,53
345,2026-01-31T13:20:00.0,2026-01-19T18:57:45.531,"Any[1, 6, 11, 19, 25, 30, 37, 45, 56]",1,56
351,2026-01-31T13:20:00.0,2026-01-19T18:57:45.531,"Any[10, 19, 25, 30, 37, 45, 53]",10,53
353,2026-01-31T13:20:00.0,2026-01-12T18:57:45.531,"Any[53, 45, 37, 30, 25, 19, 11, 6, 1]",53,1
355,2026-01-31T13:20:00.0,2026-01-19T18:57:45.531,"Any[7, 8, 13, 19, 25, 30, 37, 45, 53]",7,53
359,2026-01-31T13:20:00.0,2026-01-19T18:57:45.531,"Any[53, 45, 37, 30, 25, 19, 11, 6, 1]",53,1
362,2026-01-31T13:20:00.0,2026-01-26T18:57:45.531,"Any[1, 6, 11, 19, 25, 30, 37, 45, 56]",1,56
363,2026-01-31T13:20:00.0,2026-01-26T18:57:45.531,"Any[7, 8, 13, 19, 25, 30, 37, 45, 53]",7,53
364,2026-01-31T13:20:00.0,2026-01-26T18:57:45.531,"Any[53, 45, 37, 30, 25, 19, 11, 6, 1]",53,1
366,2026-01-31T13:20:00.0,2026-02-02T18:57:45.531,"Any[53, 45, 37, 30, 25, 19, 10]",53,10
367,2026-01-31T13:20:00.0,2026-01-19T18:57:45.531,"Any[7, 8, 13, 19, 25, 30, 37, 45, 53]",7,53
371,2026-01-31T13:20:00.0,2026-01-12T18:57:45.531,"Any[53, 45, 37, 30, 25, 19, 11, 6, 1]",53,1
376,2026-01-31T13:20:00.0,2026-01-12T18:57:45.531,"Any[26, 31, 36, 44, 54]",26,54
379,2026-01-31T13:20:00.0,2026-01-12T18:57:45.531,"Any[1, 6, 11, 19, 25, 30, 37, 45, 56]",1,56
381,2026-01-31T13:20:00.0,2026-02-02T18:57:45.531,"Any[10, 19, 25, 30, 37, 45, 53]",10,53
383,2026-01-31T13:20:00.0,2026-01-12T18:57:45.531,"Any[53, 45, 37, 30, 25, 19, 11, 6, 1]",53,1
384,2026-01-31T13:20:00.0,2026-01-12T18:57:45.531,"Any[56, 45, 37, 30, 25, 19, 10]",56,10
391,2026-01-31T13:20:00.0,2026-01-26T18:57:45.531,"Any[26, 31, 36, 44, 54]",26,54
392,2026-01-31T13:20:00.0,2026-01-12T18:57:45.531,"Any[53, 45, 37, 30, 25, 19, 10]",53,10
404,2026-01-31T13:20:00.0,2026-01-19T18:57:45.531,"Any[53, 45, 37, 30, 25, 19, 11, 6, 1]",53,1
417,2026-01-31T13:20:00.0,2026-01-26T18:57:45.531,"Any[53, 45, 37, 30, 25, 19, 10]",53,10
423,2026-01-31T13:20:00.0,2026-02-02T18:57:45.531,"Any[53, 45, 37, 30, 25, 19, 10]",53,10
425,2026-01-31T13:20:00.0,2026-02-02T18:57:45.531,"Any[7, 8, 13, 19, 25, 30, 37, 45, 53]",7,53
427,2026-01-31T13:20:00.0,2026-01-26T18:57:45.531,"Any[53, 45, 37, 30, 25, 19, 11, 6, 1]",53,1
433,2026-01-31T13:20:00.0,2026-01-19T18:57:45.531,"Any[26, 31, 36, 44, 54]",26,54
439,2026-01-31T13:20:00.0,2026-01-19T18:57:45.531,"Any[53, 45, 37, 30, 25, 19, 11, 6, 1]",53,1
440,2026-01-31T13:20:00.0,2026-02-02T18:57:45.531,"Any[26, 31, 36]",26,36
441,2026-01-31T13:20:00.0,2026-01-26T18:57:45.531,"Any[26, 31, 36, 44, 54]",26,54
453,2026-01-31T13:20:00.0,2026-01-19T18:57:45.531,"Any[10, 19, 25, 30, 37, 45, 53]",10,53
454,2026-01-31T13:20:00.0,2026-01-12T18:57:45.531,"Any[7, 8, 13, 19, 25, 30, 37, 45, 53]",7,53
459,2026-01-31T13:20:00.0,2026-01-26T18:57:45.531,"Any[18, 26, 31, 36, 44, 54]",18,54
461,2026-01-31T13:20:00.0,2026-02-02T18:57:45.531,"Any[53, 45, 37, 30, 25, 19, 10]",53,10
465,2026-01-31T13:20:00.0,2026-01-26T18:57:45.531,"Any[1, 6, 11, 19, 25, 30, 37, 45, 56]",1,56
467,2026-01-31T13:20:00.0,2026-02-02T18:57:45.531,"Any[53, 45, 37, 30, 25, 19, 11, 6, 1]",53,1
471,2026-01-31T13:20:00.0,2026-02-02T18:57:45.531,"Any[53, 45, 37, 30, 25, 19, 10]",53,10
475,2026-01-31T13:20:00.0,2026-01-26T18:57:45.531,"Any[10, 19, 25, 30, 37, 45, 53]",10,53
481,2026-01-31T13:20:00.0,2026-01-26T18:57:45.531,"Any[53, 45, 37, 30, 25, 19, 10]",53,10
485,2026-01-31T13:20:00.0,2026-01-26T18:57:45.531,"Any[1, 6, 11, 19, 25, 30, 37, 45, 56]",1,56
490,2026-01-31T13:20:00.0,2026-02-02T18:57:45.531,"Any[53, 45, 37, 30, 25, 19, 11, 6, 1]",53,1
503,2026-01-31T13:20:00.0,2026-02-02T18:57:45.531,"Any[7, 8, 13, 19, 25, 30, 37, 45, 53]",7,53
508,2026-01-31T13:20:00.0,2026-01-19T18:57:45.531,"Any[10, 19, 25, 30, 37, 45, 53]",10,53
509,2026-01-31T13:20:00.0,2026-01-26T18:57:45.531,"Any[10, 19, 25, 30, 37, 45, 53]",10,53
514,2026-01-31T13:20:00.0,2026-01-19T18:57:45.531,"Any[53, 45, 37, 30, 25, 19, 11, 6, 1]",53,1
519,2026-01-31T13:20:00.0,2026-01-12T18:57:45.531,"Any[10, 19, 25, 30, 37, 45, 53]",10,53
536,2026-01-31T13:20:00.0,2026-01-12T18:57:45.531,"Any[53, 45, 37, 30, 25, 19, 10]",53,10
537,2026-01-31T13:20:00.0,2026-01-19T18:57:45.531,"Any[18, 26, 31, 36, 44, 54]",18,54
541,2026-01-31T13:20:00.0,2026-02-02T18:57:45.531,"Any[26, 31, 36, 44, 54]",26,54
547,2026-01-31T13:20:00.0,2026-01-26T18:57:45.531,"Any[1, 6, 11, 19, 25, 30, 37, 45, 56]",1,56
551,2026-01-31T13:20:00.0,2026-02-02T18:57:45.531,"Any[26, 31, 36, 44, 54]",26,54
557,2026-01-31T13:20:00.0,2026-01-19T18:57:45.531,"Any[53, 45, 37, 30, 25, 19, 11, 6, 1]",53,1
561,2026-01-31T13:20:00.0,2026-01-26T18:57:45.531,"Any[10, 19, 25, 30, 37, 45, 53]",10,53
563,2026-01-31T13:20:00.0,2026-01-19T18:57:45.531,"Any[53, 45, 37, 30, 25, 19, 11, 6, 1]",53,1
567,2026-01-31T13:20:00.0,2026-01-26T18:57:45.531,"Any[18, 26, 31, 36, 44, 54]",18,54
571,2026-01-31T13:20:00.0,2026-01-12T18:57:45.531,"Any[26, 31, 36, 44, 54]",26,54
573,2026-01-31T13:20:00.0,2026-02-02T18:57:45.531,"Any[53, 45, 37, 30, 25, 19, 11, 6, 1]",53,1
575,2026-01-31T13:20:00.0,2026-02-02T18:57:45.531,"Any[10, 19, 25, 30, 37, 45, 53]",10,53
582,2026-01-31T13:20:00.0,2026-01-12T18:57:45.531,"Any[53, 45, 37, 30, 25, 19, 11, 6, 1]",53,1
583,2026-01-31T13:20:00.0,2026-02-02T18:57:45.531,"Any[53, 45, 37, 30, 25, 19, 10]",53,10
586,2026-01-31T13:20:00.0,2026-01-19T18:57:45.531,"Any[10, 11, 19, 25, 30, 37, 45, 53]",10,53
588,2026-01-31T13:20:00.0,2026-01-12T18:57:45.531,"Any[53, 45, 37, 30, 25, 19, 10]",53,10
593,2026-01-31T13:20:00.0,2026-01-19T18:57:45.531,"Any[10, 19, 25, 30, 37, 45, 53]",10,53
596,2026-01-31T13:20:00.0,2026-01-19T18:57:45.531,"Any[26, 31, 36]",26,36
610,2026-01-31T13:20:00.0,2026-02-02T18:57:45.531,"Any[53, 45, 37, 30, 25, 19, 11, 6, 1]",53,1
613,2026-01-31T13:20:00.0,2026-01-12T18:57:45.531,"Any[53, 45, 37, 30, 25, 19, 11, 6, 1]",53,1
617,2026-01-31T13:20:00.0,2026-02-02T18:57:45.531,"Any[53, 45, 37, 30, 25, 19, 10]",53,10
627,2026-01-31T13:20:00.0,2026-02-02T18:57:45.531,"Any[7, 8, 13, 19, 25, 30, 37, 45, 53]",7,53
628,2026-01-31T13:20:00.0,2026-01-26T18:57:45.531,"Any[53, 45, 37, 30, 25, 19, 10]",53,10
638,2026-01-31T13:20:00.0,2026-01-12T18:57:45.531,"Any[1, 6, 11, 19, 25, 30, 37, 45, 56]",1,56
642,2026-01-31T13:20:00.0,2026-01-19T18:57:45.531,"Any[53, 45, 37, 30, 25, 19, 11, 6, 5]",53,5
655,2026-01-31T13:20:00.0,2026-02-02T18:57:45.531,"Any[10, 19, 25, 30, 37, 45, 53]",10,53
659,2026-01-31T13:20:00.0,2026-01-26T18:57:45.531,"Any[10, 19, 25, 30, 37, 45, 53]",10,53
661,2026-01-31T13:20:00.0,2026-01-12T18:57:45.531,"Any[53, 45, 37, 30, 25, 19, 10]",53,10
667,2026-01-31T13:20:00.0,2026-01-12T18:57:45.531,"Any[10, 19, 25, 30, 37, 45, 53]",10,53
678,2026-01-31T13:20:00.0,2026-02-02T18:57:45.531,"Any[53, 45, 37, 30, 25, 19, 11, 6, 1]",53,1
680,2026-01-31T13:20:00.0,2026-01-12T18:57:45.531,"Any[7, 8, 13, 19, 25, 30, 37, 45, 53]",7,53
690,2026-01-31T13:20:00.0,2026-01-26T18:57:45.531,"Any[53, 45, 37, 30, 25, 19, 10]",53,10
714,2026-01-31T13:20:00.0,2026-01-19T18:57:45.531,"Any[18, 26, 31, 36, 44, 54]",18,54
721,2026-01-31T13:20:00.0,2026-01-12T18:57:45.531,"Any[10, 19, 25, 30, 37, 45, 53]",10,53
743,2026-01-31T13:20:00.0,2026-01-19T18:57:45.531,"Any[53, 45, 37, 30, 25, 19, 10]",53,10
746,2026-01-31T13:20:00.0,2026-01-19T18:57:45.531,"Any[53, 45, 37, 30, 25, 19, 10]",53,10
756,2026-01-31T13:20:00.0,2026-02-02T18:57:45.531,"Any[1, 6, 11, 16, 25, 30, 37, 45, 56]",1,56
761,2026-01-31T13:20:00.0,2026-01-26T18:57:45.531,"Any[53, 45, 37, 30, 25, 19, 11, 6, 1]",53,1
766,2026-01-31T13:20:00.0,2026-01-19T18:57:45.531,"Any[53, 45, 37, 30, 25, 19, 10]",53,10
770,2026-01-31T13:20:00.0,2026-01-19T18:57:45.531,"Any[7, 8, 13, 19, 25, 30, 37, 45, 53]",7,53
781,2026-01-31T13:20:00.0,2026-01-19T18:57:45.531,"Any[53, 45, 37, 30, 25, 19, 11, 6, 1]",53,1
782,2026-01-31T13:20:00.0,2026-02-02T18:57:45.531,"Any[1, 6, 11, 19, 25, 30, 37, 45, 56]",1,56
785,2026-01-31T13:20:00.0,2026-02-02T18:57:45.531,"Any[10, 19, 25, 30, 37, 45, 53]",10,53
793,2026-01-31T13:20:00.0,2026-02-02T18:57:45.531,"Any[53, 45, 37, 30, 25, 19, 10]",53,10
794,2026-01-31T13:20:00.0,2026-01-19T18:57:45.531,"Any[1, 6, 11, 19, 25, 30, 37, 45, 56]",1,56
797,2026-01-31T13:20:00.0,2026-01-19T18:57:45.531,"Any[53, 45, 37, 30, 25, 19, 10]",53,10
818,2026-01-31T13:20:00.0,2026-02-02T18:57:45.531,"Any[10, 19, 25, 30, 37, 45, 53]",10,53
819,2026-01-31T13:20:00.0,2026-01-19T18:57:45.531,"Any[53, 45, 37, 30, 25, 19, 10]",53,10
825,2026-01-31T13:20:00.0,2026-02-02T18:57:45.531,"Any[1, 6, 11, 19, 25, 30, 37, 45, 56]",1,56
831,2026-01-31T13:20:00.0,2026-01-19T18:57:45.531,"Any[53, 45, 37, 30, 25, 19, 10]",53,10
841,2026-01-31T13:20:00.0,2026-01-26T18:57:45.531,"Any[5, 6, 11, 19, 25, 30, 37, 45, 56]",5,56
853,2026-01-31T13:20:00.0,2026-02-02T18:57:45.531,"Any[56, 45, 37, 30, 25, 19, 13, 8, 7]",56,7
863,2026-01-31T13:20:00.0,2026-01-12T18:57:45.531,"Any[7, 8, 13, 19, 25, 30, 37, 45, 53]",7,53
864,2026-01-31T13:20:00.0,2026-01-12T18:57:45.531,"Any[53, 45, 37, 30, 25, 19, 10]",53,10
879,2026-01-31T13:20:00.0,2026-01-12T18:57:45.531,"Any[10, 19, 25, 30, 37, 45, 53]",10,53
881,2026-01-31T13:20:00.0,2026-01-12T18:57:45.531,"Any[10, 19, 25, 30, 37, 45, 53]",10,53
894,2026-01-31T13:20:00.0,2026-01-19T18:57:45.531,"Any[53, 45, 37, 30, 25, 19, 10]",53,10
923,2026-01-31T13:20:00.0,2026-02-02T18:57:45.531,"Any[53, 45, 37, 30, 25, 19, 10]",53,10
924,2026-01-31T13:20:00.0,2026-01-12T18:57:45.531,"Any[18, 26, 31, 36, 44, 47]",18,47
926,2026-01-31T13:20:00.0,2026-01-12T18:57:45.531,"Any[10, 19, 25, 30, 37, 45, 53]",10,53
930,2026-01-31T13:20:00.0,2026-02-02T18:57:45.531,"Any[1, 6, 11, 19, 23, 36, 44, 54, 60]",1,60
933,2026-01-31T13:20:00.0,2026-02-02T18:57:45.531,"Any[10, 19, 25, 30, 37, 45, 53]",10,53
936,2026-01-31T13:20:00.0,2026-01-12T18:57:45.531,"Any[10, 19, 25, 30, 37, 45, 53]",10,53
955,2026-01-31T13:20:00.0,2026-01-26T18:57:45.531,"Any[1, 6, 11, 19, 25, 30, 37, 45, 56]",1,56
960,2026-01-31T13:20:00.0,2026-01-26T18:57:45.531,"Any[10, 19, 25, 30, 37, 45, 53]",10,53
963,2026-01-31T13:20:00.0,2026-01-19T18:57:45.531,"Any[53, 45, 37, 30, 25, 19, 10]",53,10
968,2026-01-31T13:20:00.0,2026-01-12T18:57:45.531,"Any[7, 8, 13, 19, 25, 30, 37, 45, 53]",7,53
972,2026-01-31T13:20:00.0,2026-01-12T18:57:45.531,"Any[5, 6, 11, 19, 25, 30, 37, 45, 56]",5,56
975,2026-01-31T13:20:00.0,2026-02-02T18:57:45.531,"Any[10, 19, 25, 30, 37, 45, 53]",10,53
977,2026-01-31T13:20:00.0,2026-01-19T18:57:45.531,"Any[7, 8, 13, 19, 25, 30, 37, 45, 53]",7,53
978,2026-01-31T13:20:00.0,2026-01-26T18:57:45.531,"Any[53, 45, 37, 30, 25, 19, 10]",53,10
979,2026-01-31T13:20:00.0,2026-02-02T18:57:45.531,"Any[53, 45, 37, 30, 25, 19, 11, 6, 1]",53,1
984,2026-01-31T13:20:00.0,2026-01-26T18:57:45.531,"Any[1, 6, 11, 19, 25, 30, 37, 45, 56]",1,56
986,2026-01-31T13:20:00.0,2026-01-12T18:57:45.531,"Any[26, 31, 36, 44, 54]",26,54
988,2026-01-31T13:20:00.0,2026-02-02T18:57:45.531,"Any[53, 45, 37, 30, 25, 19, 10]",53,10
1000,2026-01-31T13:20:00.0,2026-01-19T18:57:45.531,"Any[53, 45, 37, 30, 25, 19, 11, 6, 1]",53,1
1003,2026-01-31T13:20:00.0,2026-01-19T18:57:45.531,"Any[10, 19, 25, 30, 37, 45, 53]",10,53
1009,2026-01-31T13:20:00.0,2026-01-19T18:57:45.531,"Any[26, 31, 36, 31, 36]",26,36
1010,2026-01-31T13:20:00.0,2026-01-26T18:57:45.531,"Any[7, 8, 13, 19, 25, 30, 37, 45, 53]",7,53
1017,2026-01-31T13:20:00.0,2026-01-26T18:57:45.531,"Any[18, 26, 31, 36, 44, 54]",18,54
1024,2026-01-31T13:20:00.0,2026-01-26T18:57:45.531,"Any[53, 45, 37, 30, 25, 19, 10]",53,10
1033,2026-01-31T13:20:00.0,2026-01-26T18:57:45.531,"Any[10, 19, 25, 30, 37, 45, 53]",10,53
1036,2026-01-31T13:20:00.0,2026-01-12T18:57:45.531,"Any[26, 31, 36, 44, 54]",26,54
1041,2026-01-31T13:20:00.0,2026-01-26T18:57:45.531,"Any[1, 6, 11, 19, 25, 30, 37, 45, 56]",1,56
1058,2026-01-31T13:20:00.0,2026-01-19T18:57:45.531,"Any[53, 45, 37, 30, 25, 19, 11, 6, 1]",53,1
1061,2026-01-31T13:20:00.0,2026-01-19T18:57:45.531,"Any[26, 31, 36, 44, 54]",26,54
1072,2026-01-31T13:20:00.0,2026-01-19T18:57:45.531,"Any[36, 31, 22, 15]",36,15
1080,2026-01-31T13:20:00.0,2026-01-19T18:57:45.531,"Any[1, 6, 11, 19, 25, 30, 37, 45, 53, 60]",1,60
1088,2026-01-31T13:20:00.0,2026-01-12T18:57:45.531,"Any[53, 45, 37, 30, 25, 19, 11, 6, 1]",53,1
1091,2026-01-31T13:20:00.0,2026-01-19T18:57:45.531,"Any[53, 45, 37, 30, 25, 19, 11, 6, 1]",53,1
1095,2026-01-31T13:20:00.0,2026-02-02T18:57:45.531,"Any[53, 45, 37, 30, 25, 19, 10]",53,10
1098,2026-01-31T13:20:00.0,2026-01-19T18:57:45.531,"Any[53, 45, 37, 30, 25, 19, 10]",53,10
1099,2026-01-31T13:20:00.0,2026-01-12T18:57:45.531,"Any[10, 19, 25, 30, 37, 45, 53]",10,53
1123,2026-01-31T13:20:00.0,2026-01-19T18:57:45.531,"Any[10, 11, 19, 25, 30, 37, 45, 53]",10,53
1125,2026-01-31T13:20:00.0,2026-01-26T18:57:45.531,"Any[53, 45, 37, 30, 25, 19, 11, 6, 1]",53,1
1129,2026-01-31T13:20:00.0,2026-01-26T18:57:45.531,"Any[56, 45, 37, 30, 25, 19, 10]",56,10
1133,2026-01-31T13:20:00.0,2026-01-12T18:57:45.531,"Any[26, 31, 36, 44, 54]",26,54
1134,2026-01-31T13:20:00.0,2026-01-12T18:57:45.531,"Any[10, 19, 25, 30, 37, 45, 53]",10,53
1141,2026-01-31T13:20:00.0,2026-01-12T18:57:45.531,"Any[10, 19, 25, 30, 37, 45, 53]",10,53
1144,2026-01-31T13:20:00.0,2026-02-02T18:57:45.531,"Any[53, 45, 37, 30, 25, 19, 10]",53,10
1146,2026-01-31T13:20:00.0,2026-01-26T18:57:45.531,"Any[10, 19, 25, 30, 37, 45, 53]",10,53
1149,2026-01-31T13:20:00.0,2026-01-26T18:57:45.531,"Any[54, 44, 36, 31, 22, 15]",54,15
1150,2026-01-31T13:20:00.0,2026-02-02T18:57:45.531,"Any[7, 8, 13, 19, 25, 30, 37, 45, 53]",7,53
1153,2026-01-31T13:20:00.0,2026-02-02T18:57:45.531,"Any[5, 6, 10, 19, 25, 30, 37, 45, 56]",5,56
1158,2026-01-31T13:20:00.0,2026-01-26T18:57:45.531,"Any[53, 45, 37, 30, 25, 19, 11, 6, 1]",53,1
1159,2026-01-31T13:20:00.0,2026-01-19T18:57:45.531,"Any[26, 31, 36]",26,36
1160,2026-01-31T13:20:00.0,2026-01-26T18:57:45.531,"Any[53, 45, 37, 30, 25, 19, 11, 6, 1]",53,1
1164,2026-01-31T13:20:00.0,2026-01-19T18:57:45.531,"Any[1, 6, 11, 19, 25, 30, 37, 45, 56]",1,56
1168,2026-01-31T13:20:00.0,2026-01-12T18:57:45.531,"Any[10, 19, 25, 30, 37, 45, 53]",10,53
1180,2026-01-31T13:20:00.0,2026-01-19T18:57:45.531,"Any[53, 45, 37, 30, 25, 19, 10]",53,10
1186,2026-01-31T13:20:00.0,2026-02-02T18:57:45.531,"Any[53, 45, 37, 30, 25, 19, 10]",53,10
1187,2026-01-31T13:20:00.0,2026-01-12T18:57:45.531,"Any[10, 11, 19, 25, 30, 37, 45, 53]",10,53
1189,2026-01-31T13:20:00.0,2026-01-12T18:57:45.531,"Any[7, 8, 13, 19, 25, 30, 37, 45, 53]",7,53
1193,2026-01-31T13:20:00.0,2026-02-02T18:57:45.531,"Any[53, 45, 37, 30, 25, 19, 10]",53,10
1194,2026-01-31T13:20:00.0,2026-02-02T18:57:45.531,"Any[7, 8, 13, 19, 25, 30, 37, 45, 53]",7,53
1196,2026-01-31T13:20:00.0,2026-01-26T18:57:45.531,"Any[53, 45, 37, 30, 25, 19, 10]",53,10
1199,2026-01-31T13:20:00.0,2026-01-26T18:57:45.531,"Any[10, 19, 25, 30, 37, 45, 53]",10,53
1204,2026-01-31T13:20:00.0,2026-01-12T18:57:45.531,"Any[1, 6, 11, 19, 25, 30, 37, 45, 56]",1,56
1208,2026-01-31T13:20:00.0,2026-01-12T18:57:45.531,"Any[26, 31, 36, 44, 54]",26,54
1224,2026-01-31T13:20:00.0,2026-01-12T18:57:45.531,"Any[26, 31, 36]",26,36
1225,2026-01-31T13:20:00.0,2026-01-19T18:57:45.531,"Any[53, 45, 37, 30, 25, 19, 11, 6, 1]",53,1
1236,2026-01-31T13:20:00.0,2026-01-19T18:57:45.531,"Any[53, 45, 37, 30, 25, 19, 10]",53,10
1245,2026-01-31T13:20:00.0,2026-02-02T18:57:45.531,"Any[53, 45, 37, 30, 25, 19, 10]",53,10
1258,2026-01-31T13:20:00.0,2026-02-02T18:57:45.531,"Any[53, 45, 37, 30, 25, 19, 10]",53,10
1272,2026-01-31T13:20:00.0,2026-01-26T18:57:45.531,"Any[53, 45, 37, 30, 25, 19, 10]",53,10
1273,2026-01-31T13:20:00.0,2026-01-12T18:57:45.531,"Any[53, 45, 37, 30, 25, 19, 10]",53,10
1274,2026-01-31T13:20:00.0,2026-02-02T18:57:45.531,"Any[26, 31, 36, 44, 54]",26,54
1281,2026-01-31T13:20:00.0,2026-01-12T18:57:45.531,"Any[53, 45, 37, 30, 25, 19, 10]",53,10
1284,2026-01-31T13:20:00.0,2026-01-26T18:57:45.531,"Any[1, 6, 11, 19, 25, 30, 37, 45, 56]",1,56
1287,2026-01-31T13:20:00.0,2026-01-12T18:57:45.531,"Any[7, 8, 13, 19, 25, 30, 37, 45, 53]",7,53
1302,2026-01-31T13:20:00.0,2026-01-26T18:57:45.531,"Any[10, 19, 25, 30, 37, 45, 53]",10,53
1304,2026-01-31T13:20:00.0,2026-01-26T18:57:45.531,"Any[53, 45, 37, 30, 25, 19, 11, 6, 1]",53,1
1306,2026-01-31T13:20:00.0,2026-02-02T18:57:45.531,"Any[26, 31, 36, 44]",26,44
1308,2026-01-31T13:20:00.0,2026-01-26T18:57:45.531,"Any[53, 45, 37, 30, 25, 19, 10]",53,10
1309,2026-01-31T13:20:00.0,2026-01-12T18:57:45.531,"Any[1, 6, 11, 19, 25, 30, 37, 45, 56]",1,56
1314,2026-01-31T13:20:00.0,2026-01-12T18:57:45.531,"Any[26, 31, 36, 44, 54]",26,54
1316,2026-01-31T13:20:00.0,2026-01-19T18:57:45.531,"Any[53, 45, 37, 30, 25, 19, 10]",53,10
1321,2026-01-31T13:20:00.0,2026-01-19T18:57:45.531,"Any[10, 19, 25, 30, 37, 45, 53]",10,53
1322,2026-01-31T13:20:00.0,2026-02-02T18:57:45.531,"Any[26, 31, 36, 44, 54]",26,54
1332,2026-01-31T13:20:00.0,2026-01-19T18:57:45.531,"Any[10, 19, 25, 30, 37, 45, 53]",10,53
1333,2026-01-31T13:20:00.0,2026-02-02T18:57:45.531,"Any[10, 19, 25, 30, 37, 45, 53]",10,53
1339,2026-01-31T13:20:00.0,2026-01-12T18:57:45.531,"Any[7, 8, 13, 19, 25, 30, 37, 45, 53]",7,53
1345,2026-01-31T13:20:00.0,2026-02-02T18:57:45.531,"Any[53, 45, 37, 30, 25, 19, 10]",53,10
1347,2026-01-31T13:20:00.0,2026-01-26T18:57:45.531,"Any[53, 45, 37, 30, 25, 19, 10]",53,10
1348,2026-01-31T13:20:00.0,2026-02-02T18:57:45.531,"Any[7, 8, 13, 19, 25, 30, 37, 45, 53]",7,53
1349,2026-01-31T13:20:00.0,2026-02-02T18:57:45.531,"Any[7, 8, 13, 19, 25, 30, 37, 45, 53]",7,53
1350,2026-01-31T13:20:00.0,2026-01-12T18:57:45.531,"Any[53, 45, 37, 30, 25, 19, 10]",53,10
1351,2026-01-31T13:20:00.0,2026-01-26T18:57:45.531,"Any[1, 6, 11, 19, 23, 28, 36, 44, 54, 60]",1,60
1353,2026-01-31T13:20:00.0,2026-01-12T18:57:45.531,"Any[53, 45, 37, 30, 25, 19, 11, 6, 1]",53,1
1361,2026-01-31T13:20:00.0,2026-02-02T18:57:45.531,"Any[53, 45, 37, 30, 25, 19, 10]",53,10
1370,2026-01-31T13:20:00.0,2026-01-19T18:57:45.531,"Any[10, 19, 25, 30, 37, 45, 53]",10,53
1374,2026-01-31T13:20:00.0,2026-01-19T18:57:45.531,"Any[53, 45, 37, 30, 25, 19, 10]",53,10
1379,2026-01-31T13:20:00.0,2026-01-12T18:57:45.531,"Any[53, 45, 37, 30, 25, 19, 10]",53,10
1388,2026-01-31T13:20:00.0,2026-01-12T18:57:45.531,"Any[60, 53, 45, 37, 30, 25, 19, 10]",60,10
1393,2026-01-31T13:20:00.0,2026-01-26T18:57:45.531,"Any[53, 45, 37, 30, 25, 19, 11, 6, 1]",53,1
1400,2026-01-31T13:20:00.0,2026-02-02T18:57:45.531,"Any[26, 31, 36, 44, 54]",26,54
1401,2026-01-31T13:20:00.0,2026-01-19T18:57:45.531,"Any[53, 45, 37, 30, 25, 19, 11, 6, 1]",53,1
1406,2026-01-31T13:20:00.0,2026-01-12T18:57:45.531,"Any[53, 45, 37, 30, 25, 19, 11, 6, 1]",53,1
1418,2026-01-31T13:20:00.0,2026-01-12T18:57:45.531,"Any[53, 45, 37, 30, 25, 19, 10]",53,10
1425,2026-01-31T13:20:00.0,2026-01-26T18:57:45.531,"Any[10, 19, 25, 30, 37, 45, 53]",10,53
1426,2026-01-31T13:20:00.0,2026-01-19T18:57:45.531,"Any[53, 45, 37, 30, 25, 19, 11, 6, 1]",53,1
1428,2026-01-31T13:20:00.0,2026-01-19T18:57:45.531,"Any[53, 45, 37, 30, 25, 19, 11, 6, 1]",53,1
1433,2026-01-31T13:20:00.0,2026-01-19T18:57:45.531,"Any[53, 45, 37, 30, 25, 19, 10]",53,10
1437,2026-01-31T13:20:00.0,2026-01-19T18:57:45.531,"Any[53, 45, 37, 30, 25, 19, 11, 6, 1]",53,1
1440,2026-01-31T13:20:00.0,2026-01-26T18:57:45.531,"Any[1, 6, 11, 19, 25, 30, 37, 45, 56]",1,56
1441,2026-01-31T13:20:00.0,2026-02-02T18:57:45.531,"Any[18, 26, 31, 36, 44, 47]",18,47
1444,2026-01-31T13:20:00.0,2026-01-26T18:57:45.531,"Any[1, 6, 11, 19, 25, 30, 37, 45, 56, 60]",1,60
1448,2026-01-31T13:20:00.0,2026-01-19T18:57:45.531,"Any[53, 45, 37, 30, 25, 19, 10]",53,10
1479,2026-01-31T13:20:00.0,2026-01-19T18:57:45.531,"Any[53, 45, 37, 30, 25, 19, 10]",53,10
1481,2026-01-31T13:20:00.0,2026-01-12T18:57:45.531,"Any[26, 31, 36, 44, 54]",26,54
1484,2026-01-31T13:20:00.0,2026-01-26T18:57:45.531,"Any[26, 31, 36, 44, 54]",26,54
1485,2026-01-31T13:20:00.0,2026-02-02T18:57:45.531,"Any[18, 26, 31, 36, 44, 54]",18,54
1489,2026-01-31T13:20:00.0,2026-01-26T18:57:45.531,"Any[56, 45, 37, 30, 25, 19, 13, 8, 7]",56,7
1491,2026-01-31T13:20:00.0,2026-02-02T18:57:45.531,"Any[1, 6, 11, 19, 25, 30, 37, 45, 56, 60]",1,60
1497,2026-01-31T13:20:00.0,2026-01-26T18:57:45.531,"Any[53, 45, 37, 30, 25, 19, 10]",53,10
1501,2026-01-31T13:20:00.0,2026-01-26T18:57:45.531,"Any[1, 6, 11, 19, 25, 30, 37, 45, 56]",1,56
1519,2026-01-31T13:20:00.0,2026-01-19T18:57:45.531,"Any[1, 6, 11, 19, 25, 30, 37, 45, 56, 60]",1,60
1520,2026-01-31T13:20:00.0,2026-01-19T18:57:45.531,"Any[26, 31, 36, 44]",26,44
1524,2026-01-31T13:20:00.0,2026-01-12T18:57:45.531,"Any[53, 45, 37, 30, 25, 19, 10]",53,10
1537,2026-01-31T13:20:00.0,2026-01-26T18:57:45.531,"Any[53, 45, 37, 30, 25, 19, 10]",53,10
1547,2026-01-31T13:20:00.0,2026-01-26T18:57:45.531,"Any[53, 45, 37, 30, 25, 19, 10]",53,10
1564,2026-01-31T13:20:00.0,2026-01-26T18:57:45.531,"Any[53, 45, 37, 30, 25, 19, 11, 6, 1]",53,1
1571,2026-01-31T13:20:00.0,2026-01-26T18:57:45.531,"Any[18, 26, 31, 36, 44, 54]",18,54
1573,2026-01-31T13:20:00.0,2026-01-12T18:57:45.531,"Any[26, 31, 36, 44, 54]",26,54
1578,2026-01-31T13:20:00.0,2026-01-26T18:57:45.531,"Any[10, 11, 19, 25, 30, 37, 45, 53]",10,53
1581,2026-01-31T13:20:00.0,2026-01-19T18:57:45.531,"Any[53, 45, 37, 30, 25, 19, 11, 6, 1]",53,1
1584,2026-01-31T13:20:00.0,2026-02-02T18:57:45.531,"Any[10, 19, 25, 30, 37, 45, 53]",10,53
1585,2026-01-31T13:20:00.0,2026-01-12T18:57:45.531,"Any[1, 6, 11, 19, 23, 36, 44, 54, 60]",1,60
1588,2026-01-31T13:20:00.0,2026-01-12T18:57:45.531,"Any[10, 11, 19, 25, 30, 37, 45, 53]",10,53
1592,2026-01-31T13:20:00.0,2026-01-19T18:57:45.531,"Any[53, 45, 37, 30, 25, 19, 10]",53,10
1594,2026-01-31T13:20:00.0,2026-02-02T18:57:45.531,"Any[10, 19, 25, 30, 37, 45, 53]",10,53
1595,2026-01-31T13:20:00.0,2026-01-26T18:57:45.531,"Any[53, 45, 37, 30, 25, 19, 11, 6, 1]",53,1
1601,2026-01-31T13:20:00.0,2026-01-26T18:57:45.531,"Any[60, 53, 45, 37, 30, 25, 19, 10]",60,10
1605,2026-01-31T13:20:00.0,2026-01-12T18:57:45.531,"Any[53, 45, 37, 30, 25, 19, 10]",53,10
1612,2026-01-31T13:20:00.0,2026-01-26T18:57:45.531,"Any[53, 45, 37, 30, 25, 19, 10]",53,10
1614,2026-01-31T13:20:00.0,2026-01-12T18:57:45.531,"Any[26, 31, 36, 44, 54]",26,54
1620,2026-01-31T13:20:00.0,2026-01-19T18:57:45.531,"Any[1, 6, 11, 19, 25, 30, 37, 45, 56]",1,56
1626,2026-01-31T13:20:00.0,2026-01-19T18:57:45.531,"Any[53, 45, 37, 30, 25, 19, 10]",53,10
1628,2026-01-31T13:20:00.0,2026-01-12T18:57:45.531,"Any[53, 45, 37, 30, 25, 19, 10]",53,10
1633,2026-01-31T13:20:00.0,2026-01-12T18:57:45.531,"Any[53, 45, 37, 30, 25, 19, 10]",53,10
1637,2026-01-31T13:20:00.0,2026-01-12T18:57:45.531,"Any[53, 45, 37, 30, 25, 19, 10]",53,10
1638,2026-01-31T13:20:00.0,2026-01-12T18:57:45.531,"Any[53, 45, 37, 30, 25, 19, 11, 6, 1]",53,1
1639,2026-01-31T13:20:00.0,2026-02-02T18:57:45.531,"Any[53, 45, 37, 30, 25, 19, 10]",53,10
1642,2026-01-31T13:20:00.0,2026-01-12T18:57:45.531,"Any[53, 45, 37, 30, 25, 19, 10]",53,10
1645,2026-01-31T13:20:00.0,2026-01-12T18:57:45.531,"Any[45, 37, 30, 25, 19, 10]",45,10
1649,2026-01-31T13:20:00.0,2026-01-26T18:57:45.531,"Any[1, 6, 11, 19, 25, 30, 37, 45, 56]",1,56
1651,2026-01-31T13:20:00.0,2026-01-19T18:57:45.531,"Any[53, 45, 37, 30, 25, 19, 11, 6, 1]",53,1
1657,2026-01-31T13:20:00.0,2026-01-26T18:57:45.531,"Any[53, 45, 37, 30, 25, 19, 10]",53,10
1660,2026-01-31T13:20:00.0,2026-01-12T18:57:45.531,"Any[53, 45, 37, 30, 25, 19, 10]",53,10
1663,2026-01-31T13:20:00.0,2026-01-26T18:57:45.531,"Any[53, 45, 37, 30, 25, 19, 11, 6, 1]",53,1
1666,2026-01-31T13:20:00.0,2026-01-26T18:57:45.531,"Any[53, 45, 37, 30, 25, 19, 11, 6, 1]",53,1
1680,2026-01-31T13:20:00.0,2026-01-19T18:57:45.531,"Any[53, 45, 37, 30, 25, 19, 11, 6, 1]",53,1
1681,2026-01-31T13:20:00.0,2026-01-26T18:57:45.531,"Any[26, 31, 36, 44]",26,44
1687,2026-01-31T13:20:00.0,2026-02-02T18:57:45.531,"Any[53, 45, 37, 30, 25, 19, 10]",53,10
1690,2026-01-31T13:20:00.0,2026-02-02T18:57:45.531,"Any[53, 45, 37, 30, 25, 19, 10]",53,10
1691,2026-01-31T13:20:00.0,2026-01-19T18:57:45.531,"Any[53, 45, 37, 30, 25, 19, 10]",53,10
1694,2026-01-31T13:20:00.0,2026-01-12T18:57:45.531,"Any[18, 26, 31, 36, 44, 54]",18,54
1698,2026-01-31T13:20:00.0,2026-01-26T18:57:45.531,"Any[26, 31, 36, 44, 54]",26,54
1700,2026-01-31T13:20:00.0,2026-01-19T18:57:45.531,"Any[18, 22, 31, 36, 44, 54]",18,54
1701,2026-01-31T13:20:00.0,2026-01-19T18:57:45.531,"Any[7, 8, 13, 19, 25, 30, 37, 45, 53]",7,53
1703,2026-01-31T13:20:00.0,2026-01-12T18:57:45.531,"Any[1, 6, 11, 19, 25, 30, 37, 45, 53, 60]",1,60
1705,2026-01-31T13:20:00.0,2026-01-12T18:57:45.531,"Any[53, 45, 37, 30, 25, 19, 10]",53,10
1712,2026-01-31T13:20:00.0,2026-02-02T18:57:45.531,"Any[53, 45, 37, 30, 25, 19, 10]",53,10
1716,2026-01-31T13:20:00.0,2026-01-19T18:57:45.531,"Any[1, 6, 11, 19, 25, 30, 37, 45, 56, 60]",1,60
1720,2026-01-31T13:20:00.0,2026-02-02T18:57:45.531,"Any[7, 8, 13, 19, 25, 30, 37, 45, 53]",7,53
1722,2026-01-31T13:20:00.0,2026-02-02T18:57:45.531,"Any[1, 6, 11, 19, 25, 30, 37, 45, 56, 60]",1,60
1727,2026-01-31T13:20:00.0,2026-02-02T18:57:45.531,"Any[53, 45, 37, 30, 25, 19, 10]",53,10
1747,2026-01-31T13:20:00.0,2026-01-12T18:57:45.531,"Any[18, 26, 31, 36, 44, 54]",18,54
1748,2026-01-31T13:20:00.0,2026-01-19T18:57:45.531,"Any[53, 45, 37, 30, 25, 19, 10]",53,10
1755,2026-01-31T13:20:00.0,2026-02-02T18:57:45.531,"Any[53, 45, 37, 30, 25, 19, 10]",53,10
1757,2026-01-31T13:20:00.0,2026-01-26T18:57:45.531,"Any[26, 31, 36, 44, 54]",26,54
1760,2026-01-31T13:20:00.0,2026-02-02T18:57:45.531,"Any[53, 45, 37, 30, 25, 19, 11, 6, 1]",53,1
1765,2026-01-31T13:20:00.0,2026-02-02T18:57:45.531,"Any[1, 6, 11, 19, 25, 30, 37, 45, 56]",1,56
2081,2026-01-31T13:20:00.0,2026-01-19T18:57:45.531,Any[],54,12
2431,2026-01-31T13:20:00.0,2026-02-02T18:57:45.531,"Any[56, 45, 37, 30, 25, 19, 13, 8, 7]",56,7
2437,2026-01-31T13:20:00.0,2026-02-02T18:57:45.531,"Any[56, 45, 37, 30, 25, 19, 13, 8, 7]",56,7
2438,2026-01-31T13:20:00.0,2026-02-02T18:57:45.531,"Any[56, 45, 37, 30, 25, 19, 13, 8, 7]",56,7
2441,2026-01-31T13:20:00.0,2026-01-12T18:57:45.531,"Any[56, 45, 37, 30, 25, 19, 13, 8, 7]",56,7
2445,2026-01-31T13:20:00.0,2026-02-02T18:57:45.531,"Any[56, 45, 37, 30, 25, 19, 13, 8, 7]",56,7
2451,2026-01-31T13:20:00.0,2026-01-19T18:57:45.531,"Any[56, 45, 37, 30, 25, 19, 13, 8, 7]",56,7
2459,2026-01-31T13:20:00.0,2026-01-12T18:57:45.531,"Any[56, 45, 37, 30, 25, 19, 13, 8, 7]",56,7
2462,2026-01-31T13:20:00.0,2026-01-12T18:57:45.531,"Any[56, 45, 37, 30, 25, 19, 13, 8, 7]",56,7
2468,2026-01-31T13:20:00.0,2026-01-26T18:57:45.531,"Any[26, 31, 36, 44]",26,44
2469,2026-01-31T13:20:00.0,2026-01-19T18:57:45.531,"Any[26, 31, 36, 44]",26,44
2470,2026-01-31T13:20:00.0,2026-01-26T18:57:45.531,"Any[26, 31, 36, 44]",26,44
2472,2026-01-31T13:20:00.0,2026-01-26T18:57:45.531,"Any[26, 31, 36, 44]",26,44
2473,2026-01-31T13:20:00.0,2026-01-19T18:57:45.531,"Any[26, 31, 36, 44]",26,44
2477,2026-01-31T13:20:00.0,2026-01-26T18:57:45.531,"Any[26, 31, 36, 44]",26,44
2491,2026-01-31T13:20:00.0,2026-01-26T18:57:45.531,"Any[26, 31, 36, 44]",26,44
2492,2026-01-31T13:20:00.0,2026-01-12T18:57:45.531,"Any[26, 31, 36, 44]",26,44
2496,2026-01-31T13:20:00.0,2026-02-02T18:57:45.531,"Any[26, 31, 36, 44]",26,44
2497,2026-01-31T13:20:00.0,2026-01-26T18:57:45.531,"Any[26, 31, 36, 44]",26,44
2499,2026-01-31T13:20:00.0,2026-01-12T18:57:45.531,"Any[26, 31, 36, 44]",26,44
2504,2026-01-31T13:20:00.0,2026-02-02T18:57:45.531,"Any[26, 31, 36, 44]",26,44
2506,2026-01-31T13:20:00.0,2026-01-26T18:57:45.531,"Any[26, 31, 36, 44]",26,44
2508,2026-01-31T13:20:00.0,2026-01-19T18:57:45.531,"Any[26, 31, 36, 44]",26,44
2514,2026-01-31T13:20:00.0,2026-01-12T18:57:45.531,"Any[26, 31, 36, 44]",26,44
2515,2026-01-31T13:20:00.0,2026-02-02T18:57:45.531,"Any[26, 31, 36, 44]",26,44
2520,2026-01-31T13:20:00.0,2026-01-26T18:57:45.531,"Any[26, 31, 36, 44]",26,44
2521,2026-01-31T13:20:00.0,2026-01-19T18:57:45.531,"Any[26, 31, 36, 44]",26,44
2523,2026-01-31T13:20:00.0,2026-01-12T18:57:45.531,"Any[26, 31, 36, 44]",26,44
2524,2026-01-31T13:20:00.0,2026-01-19T18:57:45.531,"Any[26, 31, 36, 44]",26,44
2541,2026-01-31T13:20:00.0,2026-02-02T18:57:45.531,"Any[26, 31, 36, 44]",26,44
2550,2026-01-31T13:20:00.0,2026-02-02T18:57:45.531,"Any[26, 31, 36, 44]",26,44
2555,2026-01-31T13:20:00.0,2026-01-26T18:57:45.531,"Any[26, 31, 36, 44]",26,44
2563,2026-01-31T13:20:00.0,2026-01-19T18:57:45.531,"Any[26, 31, 36, 44]",26,44
2571,2026-01-31T13:20:00.0,2026-01-26T18:57:45.531,"Any[26, 31, 36, 44]",26,44
2578,2026-01-31T13:20:00.0,2026-01-26T18:57:45.531,"Any[26, 31, 36, 44]",26,44
2579,2026-01-31T13:20:00.0,2026-01-26T18:57:45.531,"Any[26, 31, 36, 44]",26,44
2580,2026-01-31T13:20:00.0,2026-01-19T18:57:45.531,"Any[26, 31, 36, 44]",26,44
2589,2026-01-31T13:20:00.0,2026-01-19T18:57:45.531,"Any[26, 31, 36, 44]",26,44
2593,2026-01-31T13:20:00.0,2026-02-02T18:57:45.531,"Any[26, 31, 36, 44]",26,44
2594,2026-01-31T13:20:00.0,2026-02-02T18:57:45.531,"Any[26, 31, 36, 44]",26,44
2595,2026-01-31T13:20:00.0,2026-01-19T18:57:45.531,"Any[26, 31, 36, 44]",26,44
2597,2026-01-31T13:20:00.0,2026-01-26T18:57:45.531,"Any[26, 31, 36, 44]",26,44
2604,2026-01-31T13:20:00.0,2026-01-26T18:57:45.531,"Any[26, 31, 36, 44]",26,44
2607,2026-01-31T13:20:00.0,2026-01-19T18:57:45.531,"Any[26, 31, 36, 44]",26,44
2617,2026-01-31T13:20:00.0,2026-02-02T18:57:45.531,"Any[26, 31, 36, 44]",26,44
2619,2026-01-31T13:20:00.0,2026-01-19T18:57:45.531,"Any[26, 31, 36, 44]",26,44
2622,2026-01-31T13:20:00.0,2026-02-02T18:57:45.531,"Any[26, 31, 36, 44]",26,44
2626,2026-01-31T13:20:00.0,2026-01-26T18:57:45.531,"Any[26, 31, 36, 44]",26,44
2630,2026-01-31T13:20:00.0,2026-02-02T18:57:45.531,"Any[26, 31, 36, 44]",26,44
2635,2026-01-31T13:20:00.0,2026-01-12T18:57:45.531,"Any[26, 31, 36, 44]",26,44
2638,2026-01-31T13:20:00.0,2026-01-19T18:57:45.531,"Any[26, 31, 36, 44]",26,44
3145,2026-01-31T13:20:00.0,2026-01-26T18:57:45.531,Any[],12,54
2159,2026-01-31T13:21:00.0,2026-01-12T18:58:45.531,Any[],54,12
2246,2026-01-31T13:21:00.0,2026-01-19T18:58:45.531,Any[],54,12
2856,2026-01-31T13:21:00.0,2026-01-19T18:58:45.531,Any[],12,54
2673,2026-01-31T13:22:00.0,2026-01-12T18:59:45.531,Any[],12,54
3023,2026-01-31T13:23:00.0,2026-01-26T19:00:45.531,Any[],12,54
3026,2026-01-31T13:23:00.0,2026-01-19T19:00:45.531,Any[],12,54
1973,2026-01-31T13:24:00.0,2026-02-02T19:01:45.531,Any[],54,12
2948,2026-01-31T13:24:00.0,2026-02-02T19:01:45.531,Any[],12,54
2144,2026-01-31T13:25:00.0,2026-01-12T19:02:45.531,Any[],54,12
2809,2026-01-31T13:25:00.0,2026-02-02T19:02:45.531,Any[],12,54
1817,2026-01-31T13:26:00.0,2026-01-26T19:03:45.531,Any[],60,7
1845,2026-01-31T13:26:00.0,2026-01-19T19:03:45.531,Any[],60,7
1925,2026-01-31T13:26:00.0,2026-01-26T19:03:45.531,Any[],54,12
2034,2026-01-31T13:27:00.0,2026-01-19T19:04:45.531,Any[],54,12
2329,2026-01-31T13:27:00.0,2026-01-26T19:04:45.531,Any[],54,12
3183,2026-01-31T13:28:00.0,2026-02-02T19:05:45.531,Any[],12,54
1795,2026-01-31T13:29:00.0,2026-01-12T19:06:45.531,Any[],60,7
2926,2026-01-31T13:29:00.0,2026-01-26T19:06:45.531,Any[],12,54
2984,2026-01-31T13:29:00.0,2026-02-02T19:06:45.531,Any[],12,54
1808,2026-01-31T13:30:00.0,2026-01-19T19:07:45.531,Any[],60,7
1867,2026-01-31T13:30:00.0,2026-01-12T19:07:45.531,Any[],54,12
2766,2026-01-31T13:30:00.0,2026-01-12T19:07:45.531,Any[],12,54
1812,2026-01-31T13:31:00.0,2026-01-26T19:08:45.531,Any[],60,7
2793,2026-01-31T13:31:00.0,2026-02-02T19:08:45.531,Any[],12,54
2153,2026-01-31T13:32:00.0,2026-01-26T19:09:45.531,Any[],54,12
2215,2026-01-31T13:32:00.0,2026-01-12T19:09:45.531,Any[],54,12
2242,2026-01-31T13:32:00.0,2026-01-19T19:09:45.531,Any[],54,12
2393,2026-01-31T13:32:00.0,2026-01-12T19:09:45.531,Any[],54,12
2815,2026-01-31T13:32:00.0,2026-01-12T19:09:45.531,Any[],12,54
3043,2026-01-31T13:32:00.0,2026-01-19T19:09:45.531,Any[],12,54
1893,2026-01-31T13:33:00.0,2026-02-02T19:10:45.531,Any[],54,12
2912,2026-01-31T13:33:00.0,2026-01-26T19:10:45.531,Any[],12,54
2952,2026-01-31T13:35:00.0,2026-01-19T19:12:45.531,Any[],12,54
2986,2026-01-31T13:35:00.0,2026-01-12T19:12:45.531,Any[],12,54
3053,2026-01-31T13:35:00.0,2026-01-19T19:12:45.531,Any[],12,54
3157,2026-01-31T13:35:00.0,2026-01-26T19:12:45.531,Any[],12,54
2183,2026-01-31T13:36:00.0,2026-01-19T19:13:45.531,Any[],54,12
2696,2026-01-31T13:36:00.0,2026-01-26T19:13:45.531,Any[],12,54
2069,2026-01-31T13:37:00.0,2026-01-19T19:14:45.531,Any[],54,12
2133,2026-01-31T13:37:00.0,2026-01-19T19:14:45.531,Any[],54,12
2228,2026-01-31T13:37:00.0,2026-01-26T19:14:45.531,Any[],54,12
2736,2026-01-31T13:37:00.0,2026-02-02T19:14:45.531,Any[],12,54
3126,2026-01-31T13:37:00.0,2026-01-26T19:14:45.531,Any[],12,54
1864,2026-01-31T13:38:00.0,2026-02-02T19:15:45.531,Any[],54,12
1887,2026-01-31T13:38:00.0,2026-01-12T19:15:45.531,Any[],54,12
2264,2026-01-31T13:38:00.0,2026-01-12T19:15:45.531,Any[],54,12
2669,2026-01-31T13:38:00.0,2026-02-02T19:15:45.531,Any[],12,54
2748,2026-01-31T13:38:00.0,2026-01-26T19:15:45.531,Any[],12,54
2839,2026-01-31T13:38:00.0,2026-02-02T19:15:45.531,Any[],12,54
1909,2026-01-31T13:39:00.0,2026-01-26T19:16:45.531,Any[],54,12
2881,2026-01-31T13:39:00.0,2026-01-19T19:16:45.531,Any[],12,54
3060,2026-01-31T13:40:00.0,2026-01-12T19:17:45.531,Any[],12,54
2947,2026-01-31T13:41:00.0,2026-01-19T19:18:45.531,Any[],12,54
1968,2026-01-31T13:42:00.0,2026-01-12T19:19:45.531,Any[],54,12
2086,2026-01-31T13:42:00.0,2026-01-12T19:19:45.531,Any[],54,12
2155,2026-01-31T13:42:00.0,2026-01-19T19:19:45.531,Any[],54,12
2646,2026-01-31T13:42:00.0,2026-01-19T19:19:45.531,Any[],15,43
2980,2026-01-31T13:42:00.0,2026-02-02T19:19:45.531,Any[],12,54
2958,2026-01-31T13:43:00.0,2026-02-02T19:20:45.531,Any[],12,54
1805,2026-01-31T13:44:00.0,2026-01-26T19:21:45.531,Any[],60,7
2788,2026-01-31T13:44:00.0,2026-01-19T19:21:45.531,Any[],12,54
2824,2026-01-31T13:44:00.0,2026-02-02T19:21:45.531,Any[],12,54
2844,2026-01-31T13:44:00.0,2026-01-19T19:21:45.531,Any[],12,54
2974,2026-01-31T13:44:00.0,2026-01-12T19:21:45.531,Any[],12,54
1858,2026-01-31T13:45:00.0,2026-01-26T19:22:45.531,Any[],54,12
1962,2026-01-31T13:45:00.0,2026-01-26T19:22:45.531,Any[],54,12
2325,2026-01-31T13:45:00.0,2026-01-12T19:22:45.531,Any[],54,12
2843,2026-01-31T13:45:00.0,2026-01-19T19:22:45.531,Any[],12,54
2176,2026-01-31T13:46:00.0,2026-01-19T19:23:45.531,Any[],54,12
2988,2026-01-31T13:46:00.0,2026-01-19T19:23:45.531,Any[],12,54
2085,2026-01-31T13:47:00.0,2026-02-02T19:24:45.531,Any[],54,12
2913,2026-01-31T13:47:00.0,2026-01-26T19:24:45.531,Any[],12,54
2292,2026-01-31T13:48:00.0,2026-02-02T19:25:45.531,Any[],54,12
2300,2026-01-31T13:48:00.0,2026-01-26T19:25:45.531,Any[],54,12
2336,2026-01-31T13:48:00.0,2026-01-12T19:25:45.531,Any[],54,12
2847,2026-01-31T13:49:00.0,2026-01-19T19:26:45.531,Any[],12,54
1953,2026-01-31T13:50:00.0,2026-01-19T19:27:45.531,Any[],54,12
2150,2026-01-31T13:50:00.0,2026-02-02T19:27:45.531,Any[],54,12
2257,2026-01-31T13:50:00.0,2026-01-12T19:27:45.531,Any[],54,12
1857,2026-01-31T13:51:00.0,2026-01-19T19:28:45.531,Any[],54,12
2091,2026-01-31T13:51:00.0,2026-01-19T19:28:45.531,Any[],54,12
3044,2026-01-31T13:51:00.0,2026-01-26T19:28:45.531,Any[],12,54
1908,2026-01-31T13:52:00.0,2026-02-02T19:29:45.531,Any[],54,12
2849,2026-01-31T13:53:00.0,2026-01-12T19:30:45.531,Any[],12,54
3105,2026-01-31T13:53:00.0,2026-01-12T19:30:45.531,Any[],12,54
1878,2026-01-31T13:54:00.0,2026-02-02T19:31:45.531,Any[],54,12
2005,2026-01-31T13:54:00.0,2026-02-02T19:31:45.531,Any[],54,12
2390,2026-01-31T13:55:00.0,2026-01-12T19:32:45.531,Any[],54,12
2032,2026-01-31T13:56:00.0,2026-01-19T19:33:45.531,Any[],54,12
2124,2026-01-31T13:56:00.0,2026-01-26T19:33:45.531,Any[],54,12
2351,2026-01-31T13:56:00.0,2026-01-19T19:33:45.531,Any[],54,12
2812,2026-01-31T13:56:00.0,2026-01-12T19:33:45.531,Any[],12,54
1863,2026-01-31T13:57:00.0,2026-02-02T19:34:45.531,Any[],54,12
1877,2026-01-31T13:57:00.0,2026-02-02T19:34:45.531,Any[],54,12
2281,2026-01-31T13:57:00.0,2026-01-26T19:34:45.531,Any[],54,12
2378,2026-01-31T13:57:00.0,2026-02-02T19:34:45.531,Any[],54,12
3068,2026-01-31T13:58:00.0,2026-01-12T19:35:45.531,Any[],12,54
3111,2026-01-31T13:58:00.0,2026-01-19T19:35:45.531,Any[],12,54
2087,2026-01-31T13:59:00.0,2026-01-26T19:36:45.531,Any[],54,12
2101,2026-01-31T13:59:00.0,2026-02-02T19:36:45.531,Any[],54,12
2803,2026-01-31T13:59:00.0,2026-01-26T19:36:45.531,Any[],12,54
3046,2026-01-31T13:59:00.0,2026-01-19T19:36:45.531,Any[],12,54
