id,departure_timestamp,arrival_timestamp,ps_seq,Origin_PS,Destination_PS
9,2026-01-07T07:06:40.0,2026-01-16T12:44:25.531,"Any[53, 45, 37, 30, 25, 19, 10]",53,10
21,2026-01-07T07:06:40.0,2026-01-23T12:44:25.531,"Any[7, 8, 13, 19, 25, 30, 37, 45, 53]",7,53
50,2026-01-07T07:06:40.0,2026-01-09T12:44:25.531,"Any[53, 45, 37, 30, 25, 19, 11, 6, 1]",53,1
60,2026-01-07T07:06:40.0,2026-01-16T12:44:25.531,"Any[1, 6, 11, 16, 25, 30, 37, 45, 56]",1,56
76,2026-01-07T07:06:40.0,2026-01-09T12:44:25.531,"Any[6, 11, 19, 25, 30, 37, 45]",6,45
77,2026-01-07T07:06:40.0,2026-01-16T12:44:25.531,"Any[53, 45, 37, 30, 25, 19, 13, 8]",53,8
113,2026-01-07T07:06:40.0,2026-01-16T12:44:25.531,"Any[53, 45, 37, 30, 25, 19, 13, 8]",53,8
143,2026-01-07T07:06:40.0,2026-01-16T12:44:25.531,"Any[6, 11, 19, 25, 30, 37, 45, 53]",6,53
156,2026-01-07T07:06:40.0,2026-01-16T12:44:25.531,"Any[53, 45, 37, 30, 25, 19, 10]",53,10
157,2026-01-07T07:06:40.0,2026-01-09T12:44:25.531,"Any[60, 56, 45, 37, 30, 25]",60,25
177,2026-01-07T07:06:40.0,2026-01-09T12:44:25.531,"Any[56, 45, 37, 30, 25]",56,25
195,2026-01-07T07:06:40.0,2026-01-23T12:44:25.531,"Any[56, 45, 37, 30, 25, 19, 10]",56,10
196,2026-01-07T07:06:40.0,2026-01-16T12:44:25.531,"Any[56, 45, 37, 30, 25]",56,25
220,2026-01-07T07:06:40.0,2026-01-09T12:44:25.531,"Any[6, 11, 19, 25, 30, 37, 45]",6,45
237,2026-01-07T07:06:40.0,2026-01-09T12:44:25.531,"Any[53, 45, 37, 30, 25, 19, 13, 8]",53,8
246,2026-01-07T07:06:40.0,2026-01-23T12:44:25.531,"Any[19, 25, 30, 37, 45, 56]",19,56
258,2026-01-07T07:06:40.0,2026-01-09T12:44:25.531,"Any[60, 53, 45, 37, 30, 25]",60,25
282,2026-01-07T07:06:40.0,2026-01-16T12:44:25.531,"Any[7, 8, 13, 19, 25, 30, 37, 45, 53]",7,53
287,2026-01-07T07:06:40.0,2026-01-16T12:44:25.531,"Any[1, 6, 11, 19, 25, 30, 37, 45]",1,45
296,2026-01-07T07:06:40.0,2026-01-30T12:44:25.531,"Any[7, 8, 13, 19, 25, 30, 37, 45, 53]",7,53
330,2026-01-07T07:06:40.0,2026-01-30T12:44:25.531,"Any[53, 45, 37, 30, 25, 19, 11, 6, 1]",53,1
338,2026-01-07T07:06:40.0,2026-01-30T12:44:25.531,"Any[10, 19, 25, 30, 37, 45, 53]",10,53
366,2026-01-07T07:06:40.0,2026-01-23T12:44:25.531,"Any[19, 17, 25, 30, 37, 45, 53]",19,53
398,2026-01-07T07:06:40.0,2026-01-09T12:44:25.531,"Any[60, 56, 45, 37, 30, 25, 19, 13, 8]",60,8
401,2026-01-07T07:06:40.0,2026-01-16T12:44:25.531,"Any[19, 25, 30, 37, 45, 53]",19,53
427,2026-01-07T07:06:40.0,2026-01-09T12:44:25.531,"Any[53, 45, 37, 30, 25, 19, 11, 6, 3, 1]",53,1
437,2026-01-07T07:06:40.0,2026-01-30T12:44:25.531,"Any[8, 13, 19, 25, 30, 37, 45, 56]",8,56
454,2026-01-07T07:06:40.0,2026-01-16T12:44:25.531,"Any[53, 45, 37, 30, 25, 19, 11, 6, 1]",53,1
516,2026-01-07T07:06:40.0,2026-01-30T12:44:25.531,"Any[7, 8, 13, 19, 25, 30, 37, 45, 53]",7,53
583,2026-01-07T07:06:40.0,2026-01-30T12:44:25.531,"Any[19, 25, 30, 37, 45, 56]",19,56
587,2026-01-07T07:06:40.0,2026-01-16T12:44:25.531,"Any[60, 56, 45, 37, 30, 25, 19, 13, 8]",60,8
593,2026-01-07T07:06:40.0,2026-01-16T12:44:25.531,"Any[60, 56, 45, 37, 30, 25]",60,25
601,2026-01-07T07:06:40.0,2026-01-09T12:44:25.531,"Any[3, 10, 19, 25, 30, 37, 45, 53]",3,53
677,2026-01-07T07:06:40.0,2026-01-30T12:44:25.531,"Any[56, 45, 37, 30, 25, 19, 10]",56,10
697,2026-01-07T07:06:40.0,2026-01-23T12:44:25.531,"Any[16, 25, 30, 37, 45, 56, 60]",16,60
700,2026-01-07T07:06:40.0,2026-01-30T12:44:25.531,"Any[45, 37, 30, 25, 19, 10]",45,10
714,2026-01-07T07:06:40.0,2026-01-16T12:44:25.531,"Any[53, 45, 37, 30, 25, 19, 10]",53,10
717,2026-01-07T07:06:40.0,2026-01-23T12:44:25.531,"Any[54, 44, 36, 23, 19, 13, 8]",54,8
731,2026-01-07T07:06:40.0,2026-01-09T12:44:25.531,"Any[53, 45, 37, 30, 25, 19, 10]",53,10
739,2026-01-07T07:06:40.0,2026-01-30T12:44:25.531,"Any[19, 25, 30, 37, 45, 56]",19,56
742,2026-01-07T07:06:40.0,2026-01-09T12:44:25.531,"Any[17, 25, 30, 37, 45, 53]",17,53
770,2026-01-07T07:06:40.0,2026-01-16T12:44:25.531,"Any[60, 56, 45, 37, 30, 25, 19, 11, 6]",60,6
793,2026-01-07T07:06:40.0,2026-01-23T12:44:25.531,"Any[60, 56, 45, 37, 30, 25]",60,25
807,2026-01-07T07:06:40.0,2026-01-30T12:44:25.531,"Any[8, 13, 19, 25, 30, 37, 45, 56]",8,56
822,2026-01-07T07:06:40.0,2026-01-09T12:44:25.531,"Any[6, 11, 25, 30, 37, 45, 53]",6,53
864,2026-01-07T07:06:40.0,2026-01-09T12:44:25.531,"Any[1, 6, 11, 19, 25, 30, 37, 45, 56]",1,56
866,2026-01-07T07:06:40.0,2026-01-30T12:44:25.531,"Any[56, 45, 37, 30, 25]",56,25
895,2026-01-07T07:06:40.0,2026-01-16T12:44:25.531,"Any[64, 60, 53, 45, 37, 30, 25, 19, 13, 8]",64,8
915,2026-01-07T07:06:40.0,2026-01-23T12:44:25.531,"Any[6, 11, 19, 25, 30, 37, 45]",6,45
922,2026-01-07T07:06:40.0,2026-01-23T12:44:25.531,"Any[64, 60, 53, 45, 37, 30, 25, 19, 11, 6, 1]",64,1
924,2026-01-07T07:06:40.0,2026-01-23T12:44:25.531,"Any[56, 45, 37, 30, 25, 19, 10]",56,10
937,2026-01-07T07:06:40.0,2026-01-30T12:44:25.531,"Any[10, 19, 25, 30, 37, 45, 53]",10,53
938,2026-01-07T07:06:40.0,2026-01-23T12:44:25.531,"Any[1, 6, 11, 19, 23, 36, 44, 54, 60]",1,60
968,2026-01-07T07:06:40.0,2026-01-09T12:44:25.531,"Any[16, 25, 30, 37, 45, 53]",16,53
978,2026-01-07T07:06:40.0,2026-01-30T12:44:25.531,"Any[53, 45, 37, 30, 25, 19, 10]",53,10
984,2026-01-07T07:06:40.0,2026-01-23T12:44:25.531,"Any[10, 19, 25, 30, 37, 45, 53]",10,53
1000,2026-01-07T07:06:40.0,2026-01-23T12:44:25.531,"Any[53, 45, 37, 30, 25, 19, 13, 8]",53,8
1036,2026-01-07T07:06:40.0,2026-01-23T12:44:25.531,"Any[1, 6, 11, 25, 30, 37, 45, 53]",1,53
1040,2026-01-07T07:06:40.0,2026-01-09T12:44:25.531,"Any[56, 45, 37, 30, 25]",56,25
1046,2026-01-07T07:06:40.0,2026-01-23T12:44:25.531,"Any[6, 11, 19, 25, 30, 37, 45]",6,45
1055,2026-01-07T07:06:40.0,2026-01-16T12:44:25.531,"Any[7, 8, 13, 19, 25, 30, 37, 45, 53]",7,53
1082,2026-01-07T07:06:40.0,2026-01-30T12:44:25.531,"Any[10, 19, 25, 30, 37, 45, 53]",10,53
1111,2026-01-07T07:06:40.0,2026-01-09T12:44:25.531,"Any[19, 25, 30, 37, 45, 56]",19,56
1158,2026-01-07T07:06:40.0,2026-01-09T12:44:25.531,"Any[16, 25, 30, 37, 45, 56, 60]",16,60
1165,2026-01-07T07:06:40.0,2026-01-30T12:44:25.531,"Any[6, 11, 19, 25, 30, 37, 45]",6,45
1185,2026-01-07T07:06:40.0,2026-01-09T12:44:25.531,"Any[60, 53, 45, 37, 30, 25]",60,25
1205,2026-01-07T07:06:40.0,2026-01-16T12:44:25.531,"Any[8, 13, 25, 30, 37, 45, 56]",8,56
1215,2026-01-07T07:06:40.0,2026-01-16T12:44:25.531,"Any[53, 45, 37, 30, 25, 19, 11, 6, 1]",53,1
1246,2026-01-07T07:06:40.0,2026-01-23T12:44:25.531,"Any[19, 25, 30, 37, 45, 56]",19,56
1252,2026-01-07T07:06:40.0,2026-01-30T12:44:25.531,"Any[53, 45, 37, 30, 25, 19, 10]",53,10
1264,2026-01-07T07:06:40.0,2026-01-09T12:44:25.531,"Any[53, 45, 37, 30, 25, 19, 13, 8]",53,8
1307,2026-01-07T07:06:40.0,2026-01-09T12:44:25.531,"Any[1, 6, 10, 19, 23, 36, 44, 54, 60]",1,60
1309,2026-01-07T07:06:40.0,2026-01-16T12:44:25.531,"Any[1, 6, 10, 19, 23, 36, 44, 54, 60]",1,60
1336,2026-01-07T07:06:40.0,2026-01-23T12:44:25.531,"Any[56, 45, 37, 30, 25]",56,25
1355,2026-01-07T07:06:40.0,2026-01-09T12:44:25.531,"Any[16, 25, 30, 37, 45, 53, 60]",16,60
1370,2026-01-07T07:06:40.0,2026-01-09T12:44:25.531,"Any[53, 45, 37, 30, 25, 19, 13, 8]",53,8
1372,2026-01-07T07:06:40.0,2026-01-16T12:44:25.531,"Any[60, 56, 45, 37, 30, 25]",60,25
1378,2026-01-07T07:06:40.0,2026-01-23T12:44:25.531,"Any[62, 53, 45, 37, 30, 25, 19, 13, 8]",62,8
1385,2026-01-07T07:06:40.0,2026-01-16T12:44:25.531,"Any[56, 45, 37, 30, 25]",56,25
1400,2026-01-07T07:06:40.0,2026-01-23T12:44:25.531,"Any[8, 13, 19, 25, 30, 37, 45, 56]",8,56
1445,2026-01-07T07:06:40.0,2026-01-09T12:44:25.531,"Any[19, 30, 37, 45, 56]",19,56
1450,2026-01-07T07:06:40.0,2026-01-16T12:44:25.531,"Any[53, 45, 37, 30, 25, 19, 13, 8]",53,8
1457,2026-01-07T07:06:40.0,2026-01-09T12:44:25.531,"Any[60, 56, 45, 37, 30, 25, 19, 13, 8]",60,8
1575,2026-01-07T07:06:40.0,2026-01-09T12:44:25.531,"Any[56, 45, 37, 30, 25, 19, 10]",56,10
1579,2026-01-07T07:06:40.0,2026-01-09T12:44:25.531,"Any[3, 10, 19, 25, 30, 37, 45, 53]",3,53
1598,2026-01-07T07:06:40.0,2026-01-23T12:44:25.531,"Any[3, 10, 19, 25, 30, 37, 45, 53]",3,53
1602,2026-01-07T07:06:40.0,2026-01-30T12:44:25.531,"Any[56, 45, 37, 30, 25, 19, 10]",56,10
1611,2026-01-07T07:06:40.0,2026-01-30T12:44:25.531,"Any[53, 45, 37, 30, 25, 19, 11, 6, 1]",53,1
1638,2026-01-07T07:06:40.0,2026-01-30T12:44:25.531,"Any[53, 45, 37, 30, 25, 19, 10]",53,10
1646,2026-01-07T07:06:40.0,2026-01-30T12:44:25.531,"Any[60, 56, 45, 37, 30, 25]",60,25
1664,2026-01-07T07:06:40.0,2026-01-30T12:44:25.531,"Any[7, 8, 13, 19, 25, 30, 37, 45, 53]",7,53
1670,2026-01-07T07:06:40.0,2026-01-09T12:44:25.531,"Any[53, 45, 37, 30, 25, 19, 13, 8]",53,8
1679,2026-01-07T07:06:40.0,2026-01-30T12:44:25.531,"Any[56, 45, 37, 30, 25]",56,25
1689,2026-01-07T07:06:40.0,2026-01-30T12:44:25.531,"Any[10, 25, 30, 37, 45, 53, 60]",10,60
1741,2026-01-07T07:06:40.0,2026-01-30T12:44:25.531,"Any[6, 11, 19, 25, 30, 37, 45]",6,45
1745,2026-01-07T07:06:40.0,2026-01-30T12:44:25.531,"Any[6, 11, 25, 30, 37, 45, 53]",6,53
1761,2026-01-07T07:06:40.0,2026-01-09T12:44:25.531,"Any[10, 19, 25, 30, 37, 45, 53]",10,53
1772,2026-01-07T07:06:40.0,2026-01-30T12:44:25.531,"Any[19, 25, 30, 37, 45, 53]",19,53
1790,2026-01-07T07:06:40.0,2026-01-09T12:44:25.531,"Any[53, 45, 37, 30, 25, 19, 11, 6, 1]",53,1
1797,2026-01-07T07:06:40.0,2026-01-30T12:44:25.531,"Any[53, 45, 37, 30, 25, 19, 10]",53,10
1812,2026-01-07T07:06:40.0,2026-01-09T12:44:25.531,"Any[56, 45, 37, 30, 25, 19, 11, 6]",56,6
1838,2026-01-07T07:06:40.0,2026-01-16T12:44:25.531,"Any[6, 11, 25, 30, 37, 45]",6,45
1856,2026-01-07T07:06:40.0,2026-01-23T12:44:25.531,"Any[19, 25, 30, 37, 45, 56]",19,56
1872,2026-01-07T07:06:40.0,2026-01-09T12:44:25.531,"Any[10, 19, 25, 30, 37, 45, 53, 60]",10,60
1904,2026-01-07T07:06:40.0,2026-01-23T12:44:25.531,"Any[19, 25, 30, 37, 45, 56]",19,56
1915,2026-01-07T07:06:40.0,2026-01-09T12:44:25.531,"Any[19, 25, 30, 37, 45, 56]",19,56
1951,2026-01-07T07:06:40.0,2026-01-30T12:44:25.531,"Any[53, 45, 37, 30, 25, 19, 10]",53,10
1962,2026-01-07T07:06:40.0,2026-01-16T12:44:25.531,"Any[8, 13, 19, 25, 30, 37, 45, 56]",8,56
1967,2026-01-07T07:06:40.0,2026-01-09T12:44:25.531,"Any[7, 8, 13, 19, 25, 30, 37, 45, 53]",7,53
1969,2026-01-07T07:06:40.0,2026-01-09T12:44:25.531,"Any[19, 25, 30, 37, 45, 56]",19,56
2001,2026-01-07T07:06:40.0,2026-01-16T12:44:25.531,"Any[56, 45, 37, 30, 25, 19, 11, 6]",56,6
2064,2026-01-07T07:06:40.0,2026-01-16T12:44:25.531,"Any[53, 45, 37, 30, 25, 19, 11, 6, 1]",53,1
2069,2026-01-07T07:06:40.0,2026-01-09T12:44:25.531,"Any[1, 6, 11, 19, 23, 36, 44, 54, 60]",1,60
2102,2026-01-07T07:06:40.0,2026-01-16T12:44:25.531,"Any[64, 53, 45, 37, 30, 25, 19, 11, 6, 1]",64,1
2105,2026-01-07T07:06:40.0,2026-01-16T12:44:25.531,"Any[10, 19, 25, 30, 37, 45, 53, 60]",10,60
2119,2026-01-07T07:06:40.0,2026-01-09T12:44:25.531,"Any[60, 56, 45, 37, 30, 25, 19, 11, 6, 6]",60,6
2141,2026-01-07T07:06:40.0,2026-01-16T12:44:25.531,"Any[53, 45, 37, 30, 25, 19, 10]",53,10
2163,2026-01-07T07:06:40.0,2026-01-09T12:44:25.531,"Any[64, 60, 56, 45, 37, 30, 25, 19]",64,19
2180,2026-01-07T07:06:40.0,2026-01-09T12:44:25.531,"Any[64, 60, 56, 45, 37, 30, 25, 19]",64,19
2185,2026-01-07T07:06:40.0,2026-01-16T12:44:25.531,"Any[64, 60, 56, 45, 37, 30, 25, 19]",64,19
2192,2026-01-07T07:06:40.0,2026-01-09T12:44:25.531,"Any[64, 53, 45, 37, 30, 25, 19, 13, 8]",64,8
2195,2026-01-07T07:06:40.0,2026-01-30T12:44:25.531,"Any[64, 53, 45, 37, 30, 25, 19, 11, 6, 1]",64,1
2216,2026-01-07T07:06:40.0,2026-01-16T12:44:25.531,"Any[60, 56, 45, 37, 30, 25, 19]",60,19
2253,2026-01-07T07:06:40.0,2026-01-30T12:44:25.531,"Any[56, 45, 37, 30, 25, 16]",56,16
2259,2026-01-07T07:06:40.0,2026-01-30T12:44:25.531,"Any[56, 45, 37, 30, 25, 16]",56,16
2265,2026-01-07T07:06:40.0,2026-01-23T12:44:25.531,"Any[56, 45, 37, 30, 25, 16]",56,16
2268,2026-01-07T07:06:40.0,2026-01-09T12:44:25.531,"Any[56, 45, 37, 30, 25, 16]",56,16
2270,2026-01-07T07:06:40.0,2026-01-23T12:44:25.531,"Any[56, 45, 37, 30, 25, 16]",56,16
2281,2026-01-07T07:06:40.0,2026-01-30T12:44:25.531,"Any[56, 45, 37, 30, 25, 16]",56,16
2283,2026-01-07T07:06:40.0,2026-01-23T12:44:25.531,"Any[56, 45, 37, 30, 25, 16]",56,16
2286,2026-01-07T07:06:40.0,2026-01-23T12:44:25.531,"Any[56, 45, 37, 30, 25, 16]",56,16
2401,2026-01-07T07:06:40.0,2026-01-09T12:44:25.531,"Any[56, 45, 37, 30, 25, 19, 10, 6]",56,6
2430,2026-01-07T07:06:40.0,2026-01-16T12:44:25.531,"Any[56, 45, 37, 30, 25, 19, 11, 6]",56,6
2448,2026-01-07T07:06:40.0,2026-01-16T12:44:25.531,"Any[56, 45, 37, 30, 25, 19, 11, 6]",56,6
2453,2026-01-07T07:06:40.0,2026-01-09T12:44:25.531,"Any[56, 45, 37, 30, 25, 19, 10]",56,10
2462,2026-01-07T07:06:40.0,2026-01-23T12:44:25.531,"Any[56, 45, 37, 30, 25, 19, 10]",56,10
2486,2026-01-07T07:06:40.0,2026-01-23T12:44:25.531,"Any[53, 45, 37, 30, 25, 19, 13, 8]",53,8
2494,2026-01-07T07:06:40.0,2026-01-23T12:44:25.531,"Any[53, 45, 37, 30, 25, 19, 13, 8]",53,8
2531,2026-01-07T07:06:40.0,2026-01-30T12:44:25.531,"Any[53, 45, 37, 30, 25, 19, 13, 8]",53,8
2544,2026-01-07T07:06:40.0,2026-01-16T12:44:25.531,"Any[53, 45, 37, 30, 25, 19, 13, 8]",53,8
2548,2026-01-07T07:06:40.0,2026-01-16T12:44:25.531,"Any[53, 45, 37, 30, 25, 19, 13, 8]",53,8
2555,2026-01-07T07:06:40.0,2026-01-09T12:44:25.531,"Any[53, 45, 37, 30, 25, 19, 11, 6, 1]",53,1
2714,2026-01-07T07:06:40.0,2026-01-16T12:44:25.531,"Any[45, 37, 30, 25, 19, 10]",45,10
2894,2026-01-07T07:06:40.0,2026-01-09T12:44:25.531,"Any[8, 13, 25, 30, 37, 45, 56]",8,56
2902,2026-01-07T07:06:40.0,2026-01-23T12:44:25.531,"Any[8, 13, 19, 25, 30, 37, 45, 56]",8,56
2923,2026-01-07T07:06:40.0,2026-01-23T12:44:25.531,"Any[8, 13, 19, 25, 37, 45, 56]",8,56
2957,2026-01-07T07:06:40.0,2026-01-16T12:44:25.531,"Any[1, 6, 10, 19, 23, 36, 44, 54, 60]",1,60
2984,2026-01-07T07:06:40.0,2026-01-30T12:44:25.531,"Any[1, 6, 11, 19, 23, 36, 44, 54, 60]",1,60
3065,2026-01-07T07:06:40.0,2026-01-16T12:44:25.531,"Any[6, 11, 16, 25, 30, 37, 45, 53]",6,53
3070,2026-01-07T07:06:40.0,2026-01-23T12:44:25.531,"Any[6, 11, 19, 25, 30, 37, 45, 53]",6,53
3082,2026-01-07T07:06:40.0,2026-01-30T12:44:25.531,"Any[6, 11, 19, 25, 30, 37, 45]",6,45
3161,2026-01-07T07:06:40.0,2026-01-09T12:44:25.531,"Any[10, 19, 25, 30, 37, 45, 53, 60]",10,60
3198,2026-01-07T07:06:40.0,2026-01-30T12:44:25.531,"Any[10, 19, 25, 30, 37, 45, 53, 60]",10,60
3091,2026-01-07T07:16:00.0,2026-01-09T12:53:45.531,Any[],10,64
2695,2026-01-07T07:36:00.0,2026-01-30T13:13:45.531,Any[],45,3
3041,2026-01-07T07:36:00.0,2026-01-30T13:13:45.531,Any[],6,64
3123,2026-01-07T13:00:00.0,2026-01-23T18:37:45.531,Any[],10,64
2653,2026-01-07T13:05:00.0,2026-01-23T18:42:45.531,Any[],45,7
3097,2026-01-07T13:16:00.0,2026-01-30T18:53:45.531,Any[],10,64
2647,2026-01-07T13:29:00.0,2026-01-16T19:06:45.531,Any[],45,7
2673,2026-01-07T13:32:00.0,2026-01-16T19:09:45.531,Any[],45,3
2700,2026-01-07T13:36:00.0,2026-01-16T19:13:45.531,Any[],45,9
2669,2026-01-07T13:39:00.0,2026-01-09T19:16:45.531,Any[],45,3
2862,2026-01-07T13:41:00.0,2026-01-30T19:18:45.531,Any[],13,61
2690,2026-01-07T13:46:00.0,2026-01-09T19:23:45.531,Any[],45,3
3119,2026-01-07T13:49:00.0,2026-01-16T19:26:45.531,Any[],10,64
2469,2026-01-07T13:56:00.0,2026-01-23T19:33:45.531,Any[],55,3
2860,2026-01-07T13:59:00.0,2026-01-09T19:36:45.531,Any[],13,61
2665,2026-01-10T07:04:00.0,2026-01-12T12:41:45.531,Any[],45,3
3112,2026-01-10T07:14:00.0,2026-01-26T12:51:45.531,Any[],10,64
3073,2026-01-10T07:17:00.0,2026-01-19T12:54:45.531,Any[],6,54
3118,2026-01-10T07:24:00.0,2026-01-26T13:01:45.531,Any[],10,64
2242,2026-01-10T07:30:00.0,2026-01-26T13:07:45.531,Any[],56,17
2375,2026-01-10T07:32:00.0,2026-01-26T13:09:45.531,Any[],56,3
3077,2026-01-10T07:32:00.0,2026-02-02T13:09:45.531,Any[],6,54
3094,2026-01-10T07:32:00.0,2026-02-02T13:09:45.531,Any[],10,64
2248,2026-01-10T07:36:00.0,2026-01-26T13:13:45.531,Any[],56,17
3156,2026-01-10T07:42:00.0,2026-02-02T13:19:45.531,Any[],10,64
3121,2026-01-10T07:43:00.0,2026-02-02T13:20:45.531,Any[],10,64
3120,2026-01-10T07:50:00.0,2026-01-12T13:27:45.531,Any[],10,64
3089,2026-01-10T07:58:00.0,2026-02-02T13:35:45.531,Any[],10,64
2639,2026-01-10T13:00:00.0,2026-02-02T18:37:45.531,Any[],45,7
2650,2026-01-10T13:01:00.0,2026-01-12T18:38:45.531,Any[],45,7
3136,2026-01-10T13:02:00.0,2026-01-19T18:39:45.531,Any[],10,64
2465,2026-01-10T13:06:00.0,2026-01-12T18:43:45.531,Any[],55,3
3130,2026-01-10T13:07:00.0,2026-02-02T18:44:45.531,Any[],10,64
3125,2026-01-10T13:08:00.0,2026-01-26T18:45:45.531,Any[],10,64
2859,2026-01-10T13:10:00.0,2026-01-19T18:47:45.531,Any[],20,54
3083,2026-01-10T13:10:00.0,2026-01-19T18:47:45.531,Any[],10,64
3117,2026-01-10T13:13:00.0,2026-02-02T18:50:45.531,Any[],10,64
2235,2026-01-10T13:15:00.0,2026-01-12T18:52:45.531,Any[],56,17
2656,2026-01-10T13:15:00.0,2026-02-02T18:52:45.531,Any[],45,7
2293,2026-01-10T13:16:00.0,2026-01-26T18:53:45.531,Any[],56,13
2252,2026-01-10T13:19:00.0,2026-01-12T18:56:45.531,Any[],56,17
3026,2026-01-10T13:19:00.0,2026-01-12T18:56:45.531,Any[],6,64
4,2026-01-10T13:20:00.0,2026-01-19T18:57:45.531,"Any[8, 13, 19, 25, 30, 37, 45, 56]",8,56
12,2026-01-10T13:20:00.0,2026-01-12T18:57:45.531,"Any[53, 45, 37, 30, 25, 19, 10]",53,10
20,2026-01-10T13:20:00.0,2026-01-19T18:57:45.531,"Any[3, 10, 19, 25, 30, 37, 45, 53]",3,53
25,2026-01-10T13:20:00.0,2026-01-26T18:57:45.531,"Any[56, 45, 37, 30, 25, 19, 11, 6]",56,6
26,2026-01-10T13:20:00.0,2026-01-12T18:57:45.531,"Any[6, 11, 19, 25, 30, 37, 45]",6,45
28,2026-01-10T13:20:00.0,2026-01-12T18:57:45.531,"Any[53, 45, 37, 30, 25, 19, 13, 8]",53,8
32,2026-01-10T13:20:00.0,2026-01-12T18:57:45.531,"Any[1, 6, 11, 19, 25, 30, 37, 45, 56]",1,56
36,2026-01-10T13:20:00.0,2026-01-19T18:57:45.531,"Any[1, 6, 11, 19, 25, 30, 37, 45, 53, 60]",1,60
37,2026-01-10T13:20:00.0,2026-01-26T18:57:45.531,"Any[7, 8, 13, 19, 25, 30, 37, 45, 53, 60]",7,60
38,2026-01-10T13:20:00.0,2026-02-02T18:57:45.531,"Any[19, 25, 30, 37, 45, 53]",19,53
40,2026-01-10T13:20:00.0,2026-01-19T18:57:45.531,"Any[6, 11, 19, 25, 30, 37, 45]",6,45
42,2026-01-10T13:20:00.0,2026-01-19T18:57:45.531,"Any[3, 10, 19, 25, 30, 37, 45, 53]",3,53
45,2026-01-10T13:20:00.0,2026-02-02T18:57:45.531,"Any[6, 11, 19, 25, 30, 37, 45]",6,45
52,2026-01-10T13:20:00.0,2026-01-26T18:57:45.531,"Any[8, 13, 19, 25, 30, 37, 45]",8,45
53,2026-01-10T13:20:00.0,2026-02-02T18:57:45.531,"Any[1, 6, 11, 19, 25, 30, 37, 45, 56]",1,56
64,2026-01-10T13:20:00.0,2026-01-26T18:57:45.531,"Any[6, 11, 19, 25, 30, 37, 45]",6,45
69,2026-01-10T13:20:00.0,2026-01-19T18:57:45.531,"Any[60, 56, 45, 37, 30, 25, 19]",60,19
72,2026-01-10T13:20:00.0,2026-01-12T18:57:45.531,"Any[7, 8, 13, 19, 25, 30, 37, 45, 53]",7,53
78,2026-01-10T13:20:00.0,2026-01-12T18:57:45.531,"Any[10, 19, 25, 30, 37, 45, 53]",10,53
110,2026-01-10T13:20:00.0,2026-01-26T18:57:45.531,"Any[53, 45, 37, 30, 25, 19, 13, 8]",53,8
111,2026-01-10T13:20:00.0,2026-01-26T18:57:45.531,"Any[64, 60, 56, 45, 37, 30, 25, 19, 11, 6, 1]",64,1
117,2026-01-10T13:20:00.0,2026-01-19T18:57:45.531,"Any[53, 45, 37, 30, 25, 19, 10]",53,10
123,2026-01-10T13:20:00.0,2026-02-02T18:57:45.531,"Any[8, 13, 19, 25, 30, 37, 45, 56, 60]",8,60
130,2026-01-10T13:20:00.0,2026-01-26T18:57:45.531,"Any[8, 13, 19, 25, 30, 37, 45, 53, 60]",8,60
145,2026-01-10T13:20:00.0,2026-01-26T18:57:45.531,"Any[1, 6, 11, 19, 25, 30, 37, 45, 56]",1,56
146,2026-01-10T13:20:00.0,2026-02-02T18:57:45.531,"Any[6, 11, 19, 25, 30, 37, 45]",6,45
159,2026-01-10T13:20:00.0,2026-01-12T18:57:45.531,"Any[62, 56, 45, 37, 30, 25, 19]",62,19
165,2026-01-10T13:20:00.0,2026-02-02T18:57:45.531,"Any[56, 45, 37, 30, 25, 19, 11, 6]",56,6
176,2026-01-10T13:20:00.0,2026-02-02T18:57:45.531,"Any[56, 45, 37, 30, 25]",56,25
178,2026-01-10T13:20:00.0,2026-01-19T18:57:45.531,"Any[60, 53, 45, 37, 30, 25, 19, 11, 6]",60,6
180,2026-01-10T13:20:00.0,2026-01-19T18:57:45.531,"Any[25, 30, 37, 45, 53, 60, 64]",25,64
190,2026-01-10T13:20:00.0,2026-01-26T18:57:45.531,"Any[7, 8, 13, 19, 25, 30, 37, 45, 53]",7,53
191,2026-01-10T13:20:00.0,2026-01-19T18:57:45.531,"Any[60, 53, 45, 37, 30, 25]",60,25
203,2026-01-10T13:20:00.0,2026-01-26T18:57:45.531,"Any[53, 45, 37, 30, 25, 19, 10]",53,10
206,2026-01-10T13:20:00.0,2026-01-19T18:57:45.531,"Any[60, 56, 45, 37, 30, 25, 19, 11, 6]",60,6
209,2026-01-10T13:20:00.0,2026-01-26T18:57:45.531,"Any[53, 45, 37, 30, 25, 19, 10]",53,10
210,2026-01-10T13:20:00.0,2026-01-19T18:57:45.531,"Any[2, 9, 21, 27, 31, 36, 45, 55]",2,55
211,2026-01-10T13:20:00.0,2026-01-19T18:57:45.531,"Any[14, 19, 25, 30, 37, 45, 53]",14,53
217,2026-01-10T13:20:00.0,2026-01-26T18:57:45.531,"Any[8, 13, 19, 25, 30, 37, 45, 56, 60]",8,60
222,2026-01-10T13:20:00.0,2026-01-19T18:57:45.531,"Any[8, 13, 19, 25, 30, 37, 45, 56]",8,56
229,2026-01-10T13:20:00.0,2026-02-02T18:57:45.531,"Any[8, 13, 19, 25, 30, 37, 45, 56]",8,56
230,2026-01-10T13:20:00.0,2026-01-12T18:57:45.531,"Any[7, 8, 13, 19, 25, 30, 37, 45, 53, 60]",7,60
239,2026-01-10T13:20:00.0,2026-02-02T18:57:45.531,"Any[8, 13, 19, 25, 30, 37, 45, 56]",8,56
243,2026-01-10T13:20:00.0,2026-02-02T18:57:45.531,"Any[53, 45, 37, 30, 25, 19, 10]",53,10
244,2026-01-10T13:20:00.0,2026-01-19T18:57:45.531,"Any[53, 45, 37, 30, 25, 19, 11, 6, 1]",53,1
252,2026-01-10T13:20:00.0,2026-01-12T18:57:45.531,"Any[8, 13, 19, 25, 30, 37, 45, 56]",8,56
269,2026-01-10T13:20:00.0,2026-01-19T18:57:45.531,"Any[17, 19, 17, 25, 30, 37, 45, 53]",17,53
276,2026-01-10T13:20:00.0,2026-01-26T18:57:45.531,"Any[6, 11, 19, 25, 30, 37, 45]",6,45
278,2026-01-10T13:20:00.0,2026-01-12T18:57:45.531,"Any[19, 25, 30, 37, 45, 56]",19,56
279,2026-01-10T13:20:00.0,2026-02-02T18:57:45.531,"Any[7, 8, 13, 19, 25, 30, 37, 45, 53]",7,53
293,2026-01-10T13:20:00.0,2026-01-26T18:57:45.531,"Any[8, 13, 19, 25, 30, 37, 45, 56]",8,56
294,2026-01-10T13:20:00.0,2026-01-19T18:57:45.531,"Any[16, 17, 25, 30, 37, 45, 53]",16,53
295,2026-01-10T13:20:00.0,2026-01-19T18:57:45.531,"Any[56, 45, 37, 30, 25, 19, 11, 6, 6, 1]",56,6
298,2026-01-10T13:20:00.0,2026-01-26T18:57:45.531,"Any[1, 6, 11, 19, 25, 30, 37, 45, 56]",1,56
305,2026-01-10T13:20:00.0,2026-01-26T18:57:45.531,"Any[17, 25, 30, 37, 45, 53]",17,53
310,2026-01-10T13:20:00.0,2026-01-26T18:57:45.531,"Any[53, 45, 37, 30, 25, 19, 11, 6, 1]",53,1
322,2026-01-10T13:20:00.0,2026-01-19T18:57:45.531,"Any[7, 8, 13, 19, 25, 30, 37, 45, 53, 60]",7,60
331,2026-01-10T13:20:00.0,2026-01-26T18:57:45.531,"Any[56, 45, 37, 30, 25, 19, 11, 6]",56,6
336,2026-01-10T13:20:00.0,2026-02-02T18:57:45.531,"Any[8, 13, 19, 25, 30, 37, 45, 56]",8,56
340,2026-01-10T13:20:00.0,2026-01-12T18:57:45.531,"Any[8, 13, 19, 25, 30, 37, 45]",8,45
350,2026-01-10T13:20:00.0,2026-01-26T18:57:45.531,"Any[19, 25, 30, 37, 45, 53]",19,53
356,2026-01-10T13:20:00.0,2026-02-02T18:57:45.531,"Any[8, 13, 19, 25, 30, 37, 45, 53, 56]",8,56
365,2026-01-10T13:20:00.0,2026-01-12T18:57:45.531,"Any[53, 45, 37, 30, 25, 19, 11, 6, 1]",53,1
379,2026-01-10T13:20:00.0,2026-01-19T18:57:45.531,"Any[6, 11, 16, 25, 30, 37, 45, 53]",6,53
381,2026-01-10T13:20:00.0,2026-01-26T18:57:45.531,"Any[45, 37, 30, 25]",45,25
382,2026-01-10T13:20:00.0,2026-01-19T18:57:45.531,"Any[60, 53, 45, 37, 30, 25, 19, 11, 6]",60,6
387,2026-01-10T13:20:00.0,2026-01-19T18:57:45.531,"Any[53, 45, 37, 30, 25, 19, 10]",53,10
388,2026-01-10T13:20:00.0,2026-02-02T18:57:45.531,"Any[64, 60, 53, 45, 37, 30, 25, 19, 13, 8]",64,8
389,2026-01-10T13:20:00.0,2026-01-19T18:57:45.531,"Any[10, 19, 25, 30, 37, 45, 53]",10,53
391,2026-01-10T13:20:00.0,2026-02-02T18:57:45.531,"Any[56, 45, 37, 30, 25, 19, 11, 6, 6, 1]",56,6
406,2026-01-10T13:20:00.0,2026-01-19T18:57:45.531,"Any[19, 25, 30, 37, 45, 56]",19,56
408,2026-01-10T13:20:00.0,2026-02-02T18:57:45.531,"Any[61, 53, 45, 37, 30, 25, 19, 11, 6]",61,6
409,2026-01-10T13:20:00.0,2026-01-12T18:57:45.531,"Any[8, 13, 19, 25, 30, 37, 45]",8,45
411,2026-01-10T13:20:00.0,2026-01-26T18:57:45.531,"Any[53, 45, 37, 30, 25, 19, 13, 8]",53,8
420,2026-01-10T13:20:00.0,2026-01-12T18:57:45.531,"Any[1, 6, 11, 19, 23, 36, 44, 54, 60]",1,60
421,2026-01-10T13:20:00.0,2026-02-02T18:57:45.531,"Any[1, 6, 11, 19, 25, 30, 37, 45, 56]",1,56
430,2026-01-10T13:20:00.0,2026-01-19T18:57:45.531,"Any[3, 10, 19, 25, 30, 37, 45, 53]",3,53
433,2026-01-10T13:20:00.0,2026-01-26T18:57:45.531,"Any[7, 8, 13, 19, 25, 30, 37, 45, 53, 60]",7,60
434,2026-01-10T13:20:00.0,2026-01-19T18:57:45.531,"Any[19, 25, 30, 37, 45, 53]",19,53
441,2026-01-10T13:20:00.0,2026-01-19T18:57:45.531,"Any[6, 11, 19, 25, 30, 37, 45, 53]",6,53
442,2026-01-10T13:20:00.0,2026-01-12T18:57:45.531,"Any[60, 56, 45, 37, 30, 25, 19, 13, 8]",60,8
447,2026-01-10T13:20:00.0,2026-01-19T18:57:45.531,"Any[53, 45, 37, 30, 25, 19, 11, 6, 1]",53,1
456,2026-01-10T13:20:00.0,2026-01-26T18:57:45.531,"Any[53, 45, 37, 30, 25, 19, 10]",53,10
459,2026-01-10T13:20:00.0,2026-01-19T18:57:45.531,"Any[64, 60, 56, 45, 37, 30, 25, 19, 13, 8]",64,8
475,2026-01-10T13:20:00.0,2026-02-02T18:57:45.531,"Any[19, 25, 30, 37, 45, 53]",19,53
478,2026-01-10T13:20:00.0,2026-02-02T18:57:45.531,"Any[64, 53, 45, 37, 30, 25, 19, 13, 8]",64,8
479,2026-01-10T13:20:00.0,2026-01-12T18:57:45.531,"Any[53, 45, 37, 30, 25, 19, 10]",53,10
482,2026-01-10T13:20:00.0,2026-01-19T18:57:45.531,"Any[60, 53, 45, 37, 30, 25, 19]",60,19
485,2026-01-10T13:20:00.0,2026-01-26T18:57:45.531,"Any[60, 56, 45, 37, 30, 25, 19, 11, 6]",60,6
486,2026-01-10T13:20:00.0,2026-01-12T18:57:45.531,"Any[60, 56, 45, 37, 30, 25, 19, 14]",60,14
487,2026-01-10T13:20:00.0,2026-02-02T18:57:45.531,"Any[8, 13, 19, 25, 30, 37, 45]",8,45
488,2026-01-10T13:20:00.0,2026-01-26T18:57:45.531,"Any[7, 8, 13, 19, 25, 30, 37, 45, 53]",7,53
494,2026-01-10T13:20:00.0,2026-02-02T18:57:45.531,"Any[7, 8, 13, 19, 25, 30, 37, 45, 53]",7,53
502,2026-01-10T13:20:00.0,2026-01-26T18:57:45.531,"Any[1, 6, 11, 19, 25, 30, 37, 45, 56]",1,56
511,2026-01-10T13:20:00.0,2026-01-12T18:57:45.531,"Any[56, 45, 37, 30, 25, 19, 11, 6]",56,6
526,2026-01-10T13:20:00.0,2026-01-26T18:57:45.531,"Any[7, 8, 13, 19, 25, 30, 37, 45, 53]",7,53
528,2026-01-10T13:20:00.0,2026-01-19T18:57:45.531,"Any[53, 45, 37, 30, 25, 19, 10]",53,10
532,2026-01-10T13:20:00.0,2026-02-02T18:57:45.531,"Any[53, 45, 37, 30, 25, 19, 13, 8]",53,8
539,2026-01-10T13:20:00.0,2026-01-12T18:57:45.531,"Any[8, 13, 19, 25, 30, 37, 45, 53, 60]",8,60
547,2026-01-10T13:20:00.0,2026-02-02T18:57:45.531,"Any[60, 56, 45, 37, 30, 25]",60,25
549,2026-01-10T13:20:00.0,2026-02-02T18:57:45.531,"Any[56, 45, 37, 30, 25, 19, 11, 6]",56,6
555,2026-01-10T13:20:00.0,2026-01-19T18:57:45.531,"Any[16, 17, 25, 30, 37, 45, 53]",16,53
562,2026-01-10T13:20:00.0,2026-02-02T18:57:45.531,"Any[8, 13, 19, 25, 30, 37, 45, 56]",8,56
566,2026-01-10T13:20:00.0,2026-01-26T18:57:45.531,"Any[54, 44, 36, 23, 19, 13, 8]",54,8
569,2026-01-10T13:20:00.0,2026-02-02T18:57:45.531,"Any[6, 11, 19, 25, 30, 37, 45]",6,45
571,2026-01-10T13:20:00.0,2026-01-26T18:57:45.531,"Any[6, 11, 19, 25, 30, 37, 45]",6,45
572,2026-01-10T13:20:00.0,2026-01-26T18:57:45.531,"Any[7, 8, 13, 19, 25, 30, 37, 45, 53]",7,53
574,2026-01-10T13:20:00.0,2026-01-12T18:57:45.531,"Any[60, 56, 45, 37, 30, 25]",60,25
581,2026-01-10T13:20:00.0,2026-01-26T18:57:45.531,"Any[8, 13, 19, 25, 30, 37, 45, 56]",8,56
586,2026-01-10T13:20:00.0,2026-01-12T18:57:45.531,"Any[8, 13, 19, 25, 30, 37, 45, 56]",8,56
588,2026-01-10T13:20:00.0,2026-01-19T18:57:45.531,"Any[6, 11, 19, 25, 30, 37, 45, 53]",6,53
590,2026-01-10T13:20:00.0,2026-01-12T18:57:45.531,"Any[60, 53, 45, 37, 30, 25, 19, 13, 8]",60,8
591,2026-01-10T13:20:00.0,2026-02-02T18:57:45.531,"Any[6, 11, 19, 25, 30, 37, 45]",6,45
592,2026-01-10T13:20:00.0,2026-01-12T18:57:45.531,"Any[45, 37, 30, 25, 19, 10]",45,10
594,2026-01-10T13:20:00.0,2026-02-02T18:57:45.531,"Any[53, 45, 37, 30, 25, 19, 11, 6, 1]",53,1
596,2026-01-10T13:20:00.0,2026-01-26T18:57:45.531,"Any[8, 13, 19, 25, 30, 37, 45, 53, 60]",8,60
605,2026-01-10T13:20:00.0,2026-01-12T18:57:45.531,"Any[17, 19, 17, 25, 30, 37, 45, 53]",17,53
610,2026-01-10T13:20:00.0,2026-01-26T18:57:45.531,"Any[1, 6, 11, 19, 25, 30, 37, 45, 56]",1,56
611,2026-01-10T13:20:00.0,2026-02-02T18:57:45.531,"Any[6, 11, 19, 25, 30, 37, 45]",6,45
617,2026-01-10T13:20:00.0,2026-01-26T18:57:45.531,"Any[10, 19, 25, 30, 37, 45, 53]",10,53
625,2026-01-10T13:20:00.0,2026-02-02T18:57:45.531,"Any[53, 45, 37, 30, 25, 19, 13, 8]",53,8
627,2026-01-10T13:20:00.0,2026-01-26T18:57:45.531,"Any[8, 13, 19, 25, 30, 37, 45]",8,45
635,2026-01-10T13:20:00.0,2026-02-02T18:57:45.531,"Any[19, 25, 30, 37, 45, 56]",19,56
638,2026-01-10T13:20:00.0,2026-01-26T18:57:45.531,"Any[53, 45, 37, 30, 25, 19, 10]",53,10
642,2026-01-10T13:20:00.0,2026-01-12T18:57:45.531,"Any[53, 45, 37, 30, 25, 19, 11, 6, 1]",53,1
648,2026-01-10T13:20:00.0,2026-01-19T18:57:45.531,"Any[53, 45, 37, 30, 25, 19, 11, 6, 1]",53,1
652,2026-01-10T13:20:00.0,2026-01-12T18:57:45.531,"Any[60, 56, 45, 37, 30, 25, 19]",60,19
657,2026-01-10T13:20:00.0,2026-01-12T18:57:45.531,"Any[53, 45, 37, 30, 25, 19, 13, 8]",53,8
660,2026-01-10T13:20:00.0,2026-01-12T18:57:45.531,"Any[3, 10, 19, 25, 30, 37, 45, 53]",3,53
665,2026-01-10T13:20:00.0,2026-01-26T18:57:45.531,"Any[1, 6, 11, 19, 25, 30, 37, 45, 56, 60]",1,60
672,2026-01-10T13:20:00.0,2026-02-02T18:57:45.531,"Any[19, 25, 30, 37, 45, 56]",19,56
674,2026-01-10T13:20:00.0,2026-02-02T18:57:45.531,"Any[45, 37, 30, 25]",45,25
676,2026-01-10T13:20:00.0,2026-01-12T18:57:45.531,"Any[56, 45, 37, 30, 25, 19, 11, 6]",56,6
687,2026-01-10T13:20:00.0,2026-01-26T18:57:45.531,"Any[60, 56, 45, 37, 30, 25, 19, 13, 8]",60,8
691,2026-01-10T13:20:00.0,2026-02-02T18:57:45.531,"Any[53, 45, 37, 30, 25, 19, 10]",53,10
699,2026-01-10T13:20:00.0,2026-01-26T18:57:45.531,"Any[53, 45, 37, 30, 25, 19, 13, 8]",53,8
703,2026-01-10T13:20:00.0,2026-02-02T18:57:45.531,"Any[56, 45, 37, 30, 25, 19, 11, 6]",56,6
704,2026-01-10T13:20:00.0,2026-01-12T18:57:45.531,"Any[53, 45, 37, 30, 25, 19, 11, 6, 1]",53,1
707,2026-01-10T13:20:00.0,2026-01-19T18:57:45.531,"Any[17, 25, 30, 37, 45, 53]",17,53
710,2026-01-10T13:20:00.0,2026-02-02T18:57:45.531,"Any[8, 13, 19, 25, 30, 37, 45, 56]",8,56
721,2026-01-10T13:20:00.0,2026-01-19T18:57:45.531,"Any[53, 45, 37, 30, 25, 19, 11, 6, 1]",53,1
726,2026-01-10T13:20:00.0,2026-01-19T18:57:45.531,"Any[10, 19, 25, 30, 37, 45, 53]",10,53
730,2026-01-10T13:20:00.0,2026-02-02T18:57:45.531,"Any[64, 60, 53, 45, 37, 30, 25, 19, 11, 6, 1]",64,1
747,2026-01-10T13:20:00.0,2026-02-02T18:57:45.531,"Any[6, 11, 19, 17, 19, 25, 30, 37, 45]",6,45
756,2026-01-10T13:20:00.0,2026-01-26T18:57:45.531,"Any[53, 45, 37, 30, 25, 19, 11, 6, 1]",53,1
761,2026-01-10T13:20:00.0,2026-01-26T18:57:45.531,"Any[7, 8, 13, 19, 25, 30, 37, 45, 53]",7,53
768,2026-01-10T13:20:00.0,2026-01-12T18:57:45.531,"Any[53, 45, 37, 30, 25, 19, 10]",53,10
769,2026-01-10T13:20:00.0,2026-02-02T18:57:45.531,"Any[53, 45, 37, 30, 25, 19, 11, 6, 1]",53,1
771,2026-01-10T13:20:00.0,2026-02-02T18:57:45.531,"Any[1, 6, 11, 19, 25, 30, 37, 45, 53, 60]",1,60
773,2026-01-10T13:20:00.0,2026-01-19T18:57:45.531,"Any[8, 13, 19, 25, 30, 37, 45, 56]",8,56
776,2026-01-10T13:20:00.0,2026-01-26T18:57:45.531,"Any[60, 53, 45, 37, 30, 25, 19]",60,19
777,2026-01-10T13:20:00.0,2026-01-19T18:57:45.531,"Any[5, 6, 11, 19, 25, 30, 37, 45]",5,45
791,2026-01-10T13:20:00.0,2026-02-02T18:57:45.531,"Any[19, 25, 30, 37, 45, 56]",19,56
795,2026-01-10T13:20:00.0,2026-01-26T18:57:45.531,"Any[53, 45, 37, 30, 25, 19, 11, 6, 5]",53,5
797,2026-01-10T13:20:00.0,2026-01-12T18:57:45.531,"Any[14, 19, 25, 30, 37, 45, 53]",14,53
802,2026-01-10T13:20:00.0,2026-01-26T18:57:45.531,"Any[53, 45, 37, 30, 25, 19, 11, 6, 5]",53,5
803,2026-01-10T13:20:00.0,2026-01-19T18:57:45.531,"Any[19, 25, 30, 37, 45, 56]",19,56
814,2026-01-10T13:20:00.0,2026-01-19T18:57:45.531,"Any[8, 13, 19, 25, 30, 37, 45, 56]",8,56
824,2026-01-10T13:20:00.0,2026-01-26T18:57:45.531,"Any[1, 6, 11, 19, 23, 36, 44, 54, 60]",1,60
826,2026-01-10T13:20:00.0,2026-02-02T18:57:45.531,"Any[1, 6, 11, 19, 25, 30, 37, 45, 56, 60]",1,60
830,2026-01-10T13:20:00.0,2026-02-02T18:57:45.531,"Any[10, 19, 25, 30, 37, 45, 53]",10,53
831,2026-01-10T13:20:00.0,2026-02-02T18:57:45.531,"Any[56, 45, 37, 30, 25, 19, 11, 6]",56,6
835,2026-01-10T13:20:00.0,2026-02-02T18:57:45.531,"Any[53, 45, 37, 30, 25, 19, 11, 6, 1]",53,1
839,2026-01-10T13:20:00.0,2026-01-12T18:57:45.531,"Any[10, 19, 25, 30, 37, 45, 53]",10,53
852,2026-01-10T13:20:00.0,2026-01-19T18:57:45.531,"Any[62, 53, 45, 37, 30, 25, 19, 11, 6]",62,6
853,2026-01-10T13:20:00.0,2026-02-02T18:57:45.531,"Any[8, 13, 19, 25, 30, 37, 45]",8,45
857,2026-01-10T13:20:00.0,2026-01-19T18:57:45.531,"Any[10, 19, 25, 30, 37, 45, 53]",10,53
860,2026-01-10T13:20:00.0,2026-02-02T18:57:45.531,"Any[53, 45, 37, 30, 25, 19, 10]",53,10
867,2026-01-10T13:20:00.0,2026-01-26T18:57:45.531,"Any[53, 45, 37, 30, 25, 19, 10]",53,10
870,2026-01-10T13:20:00.0,2026-01-26T18:57:45.531,"Any[53, 45, 37, 30, 25, 19, 10]",53,10
871,2026-01-10T13:20:00.0,2026-01-12T18:57:45.531,"Any[6, 11, 19, 25, 30, 37, 45]",6,45
874,2026-01-10T13:20:00.0,2026-01-26T18:57:45.531,"Any[60, 56, 45, 37, 30, 25, 19, 11, 6]",60,6
884,2026-01-10T13:20:00.0,2026-01-12T18:57:45.531,"Any[62, 53, 45, 37, 30, 25, 19, 11, 6, 1]",62,1
893,2026-01-10T13:20:00.0,2026-01-26T18:57:45.531,"Any[60, 56, 45, 37, 30, 25]",60,25
899,2026-01-10T13:20:00.0,2026-02-02T18:57:45.531,"Any[6, 11, 19, 25, 30, 37, 45, 53]",6,53
900,2026-01-10T13:20:00.0,2026-01-12T18:57:45.531,"Any[53, 45, 37, 30, 25, 19, 10]",53,10
911,2026-01-10T13:20:00.0,2026-02-02T18:57:45.531,"Any[53, 45, 37, 30, 25, 19, 10]",53,10
923,2026-01-10T13:20:00.0,2026-01-26T18:57:45.531,"Any[56, 45, 37, 30, 25, 19, 11, 6]",56,6
939,2026-01-10T13:20:00.0,2026-01-19T18:57:45.531,"Any[60, 56, 45, 37, 30, 25, 19, 11, 6]",60,6
960,2026-01-10T13:20:00.0,2026-01-26T18:57:45.531,"Any[6, 11, 19, 25, 30, 37, 45]",6,45
967,2026-01-10T13:20:00.0,2026-01-19T18:57:45.531,"Any[56, 45, 37, 30, 25, 19, 11, 6]",56,6
972,2026-01-10T13:20:00.0,2026-01-26T18:57:45.531,"Any[19, 25, 30, 37, 45, 56]",19,56
985,2026-01-10T13:20:00.0,2026-01-12T18:57:45.531,"Any[45, 37, 30, 25]",45,25
995,2026-01-10T13:20:00.0,2026-01-19T18:57:45.531,"Any[3, 10, 19, 25, 30, 37, 45, 53]",3,53
997,2026-01-10T13:20:00.0,2026-01-19T18:57:45.531,"Any[1, 6, 11, 19, 25, 30, 37, 45, 53, 60]",1,60
1001,2026-01-10T13:20:00.0,2026-01-19T18:57:45.531,"Any[56, 45, 37, 30, 25, 19, 11, 6]",56,6
1002,2026-01-10T13:20:00.0,2026-01-12T18:57:45.531,"Any[60, 53, 45, 37, 30, 25, 19, 11, 6]",60,6
1011,2026-01-10T13:20:00.0,2026-01-19T18:57:45.531,"Any[53, 45, 37, 30, 25, 19, 11, 6, 1]",53,1
1014,2026-01-10T13:20:00.0,2026-02-02T18:57:45.531,"Any[10, 19, 25, 30, 37, 45, 53]",10,53
1019,2026-01-10T13:20:00.0,2026-01-19T18:57:45.531,"Any[56, 45, 37, 30, 25, 19, 11, 6]",56,6
1020,2026-01-10T13:20:00.0,2026-02-02T18:57:45.531,"Any[64, 60, 56, 45, 37, 30, 25, 19, 11, 6, 5, 2]",64,2
1028,2026-01-10T13:20:00.0,2026-01-19T18:57:45.531,"Any[53, 45, 37, 30, 25, 19, 10]",53,10
1037,2026-01-10T13:20:00.0,2026-01-26T18:57:45.531,"Any[53, 45, 37, 30, 25, 19, 10]",53,10
1041,2026-01-10T13:20:00.0,2026-01-12T18:57:45.531,"Any[60, 56, 45, 37, 30, 25, 19, 11, 6]",60,6
1045,2026-01-10T13:20:00.0,2026-02-02T18:57:45.531,"Any[19, 25, 30, 37, 45, 53]",19,53
1051,2026-01-10T13:20:00.0,2026-01-26T18:57:45.531,"Any[10, 19, 25, 30, 37, 45, 53, 60]",10,60
1057,2026-01-10T13:20:00.0,2026-01-12T18:57:45.531,"Any[6, 11, 19, 25, 30, 37, 45]",6,45
1059,2026-01-10T13:20:00.0,2026-01-19T18:57:45.531,"Any[53, 45, 37, 30, 25, 19, 13, 8]",53,8
1064,2026-01-10T13:20:00.0,2026-01-26T18:57:45.531,"Any[56, 45, 37, 30, 25, 19, 11, 6]",56,6
1067,2026-01-10T13:20:00.0,2026-01-12T18:57:45.531,"Any[64, 60, 53, 45, 37, 30, 25, 19, 13, 8]",64,8
1073,2026-01-10T13:20:00.0,2026-02-02T18:57:45.531,"Any[62, 56, 45, 37, 30, 25, 19]",62,19
1078,2026-01-10T13:20:00.0,2026-01-19T18:57:45.531,"Any[53, 45, 37, 30, 25, 19, 10]",53,10
1083,2026-01-10T13:20:00.0,2026-01-26T18:57:45.531,"Any[6, 11, 19, 25, 30, 37, 45, 56]",6,56
1085,2026-01-10T13:20:00.0,2026-01-12T18:57:45.531,"Any[60, 56, 45, 37, 30, 25, 19, 11, 6]",60,6
1086,2026-01-10T13:20:00.0,2026-01-12T18:57:45.531,"Any[10, 19, 25, 30, 37, 45, 53]",10,53
1088,2026-01-10T13:20:00.0,2026-02-02T18:57:45.531,"Any[7, 8, 13, 19, 25, 30, 37, 45, 53]",7,53
1089,2026-01-10T13:20:00.0,2026-01-26T18:57:45.531,"Any[53, 45, 37, 30, 25, 19, 10]",53,10
1096,2026-01-10T13:20:00.0,2026-01-26T18:57:45.531,"Any[6, 11, 19, 25, 30, 37, 45]",6,45
1106,2026-01-10T13:20:00.0,2026-01-12T18:57:45.531,"Any[53, 45, 37, 30, 25, 19, 11, 6, 1]",53,1
1113,2026-01-10T13:20:00.0,2026-01-26T18:57:45.531,"Any[60, 56, 45, 37, 30, 25, 19, 11, 6]",60,6
1119,2026-01-10T13:20:00.0,2026-01-19T18:57:45.531,"Any[1, 6, 11, 19, 25, 30, 37, 45, 56, 60]",1,60
1123,2026-01-10T13:20:00.0,2026-01-19T18:57:45.531,"Any[53, 45, 37, 30, 25, 19, 11, 6, 1]",53,1
1127,2026-01-10T13:20:00.0,2026-01-12T18:57:45.531,"Any[53, 45, 37, 30, 25, 19, 13, 8]",53,8
1149,2026-01-10T13:20:00.0,2026-02-02T18:57:45.531,"Any[10, 11, 19, 25, 30, 37, 45, 53]",10,53
1155,2026-01-10T13:20:00.0,2026-01-12T18:57:45.531,"Any[3, 10, 19, 25, 30, 37, 45, 53]",3,53
1160,2026-01-10T13:20:00.0,2026-01-26T18:57:45.531,"Any[53, 45, 37, 30, 25, 19, 11, 6, 1]",53,1
1161,2026-01-10T13:20:00.0,2026-01-26T18:57:45.531,"Any[19, 25, 30, 37, 45, 53]",19,53
1173,2026-01-10T13:20:00.0,2026-01-12T18:57:45.531,"Any[60, 53, 45, 37, 30, 25, 19, 11, 6]",60,6
1189,2026-01-10T13:20:00.0,2026-01-19T18:57:45.531,"Any[1, 6, 11, 19, 25, 30, 37, 45, 56, 60]",1,60
1194,2026-01-10T13:20:00.0,2026-02-02T18:57:45.531,"Any[6, 11, 19, 25, 30, 37, 45]",6,45
1195,2026-01-10T13:20:00.0,2026-01-26T18:57:45.531,"Any[56, 45, 37, 30, 25, 19, 13, 8, 7]",56,7
1210,2026-01-10T13:20:00.0,2026-01-26T18:57:45.531,"Any[6, 11, 16, 25, 30, 37, 45, 53]",6,53
1211,2026-01-10T13:20:00.0,2026-01-26T18:57:45.531,"Any[53, 45, 37, 30, 25, 19, 11, 6, 1]",53,1
1212,2026-01-10T13:20:00.0,2026-01-26T18:57:45.531,"Any[56, 45, 37, 30, 25, 19, 11, 6]",56,6
1213,2026-01-10T13:20:00.0,2026-01-26T18:57:45.531,"Any[10, 19, 25, 30, 37, 45, 53]",10,53
1214,2026-01-10T13:20:00.0,2026-01-12T18:57:45.531,"Any[8, 13, 19, 25, 30, 37, 45, 56]",8,56
1227,2026-01-10T13:20:00.0,2026-02-02T18:57:45.531,"Any[64, 60, 53, 45, 37, 30, 25, 19, 11, 6, 1]",64,1
1229,2026-01-10T13:20:00.0,2026-01-19T18:57:45.531,"Any[53, 45, 37, 30, 25, 19, 11, 6, 1]",53,1
1230,2026-01-10T13:20:00.0,2026-01-26T18:57:45.531,"Any[6, 11, 19, 25, 30, 37, 45, 56, 60]",6,60
1232,2026-01-10T13:20:00.0,2026-01-26T18:57:45.531,"Any[53, 45, 37, 30, 25, 19, 10]",53,10
1240,2026-01-10T13:20:00.0,2026-01-26T18:57:45.531,"Any[53, 45, 37, 30, 25, 19, 13, 8]",53,8
1244,2026-01-10T13:20:00.0,2026-01-26T18:57:45.531,"Any[53, 45, 37, 30, 25, 19, 10]",53,10
1245,2026-01-10T13:20:00.0,2026-01-26T18:57:45.531,"Any[1, 6, 11, 19, 25, 30, 37, 45, 56]",1,56
1254,2026-01-10T13:20:00.0,2026-01-26T18:57:45.531,"Any[60, 56, 45, 37, 30, 25, 19, 11, 6]",60,6
1259,2026-01-10T13:20:00.0,2026-01-26T18:57:45.531,"Any[1, 6, 11, 19, 25, 30, 37, 45, 53]",1,53
1260,2026-01-10T13:20:00.0,2026-01-19T18:57:45.531,"Any[64, 60, 56, 45, 37, 30, 25, 19, 13, 8]",64,8
1261,2026-01-10T13:20:00.0,2026-02-02T18:57:45.531,"Any[8, 13, 19, 25, 30, 37, 45]",8,45
1263,2026-01-10T13:20:00.0,2026-01-12T18:57:45.531,"Any[1, 6, 11, 19, 25, 30, 37, 45, 56]",1,56
1268,2026-01-10T13:20:00.0,2026-01-12T18:57:45.531,"Any[53, 45, 37, 30, 25, 19, 10]",53,10
1270,2026-01-10T13:20:00.0,2026-01-26T18:57:45.531,"Any[19, 25, 30, 37, 45, 53]",19,53
1274,2026-01-10T13:20:00.0,2026-01-12T18:57:45.531,"Any[19, 25, 30, 37, 45, 56]",19,56
1279,2026-01-10T13:20:00.0,2026-01-12T18:57:45.531,"Any[8, 13, 19, 25, 30, 37, 45]",8,45
1281,2026-01-10T13:20:00.0,2026-02-02T18:57:45.531,"Any[56, 45, 37, 30, 25, 19, 11, 6]",56,6
1287,2026-01-10T13:20:00.0,2026-02-02T18:57:45.531,"Any[53, 45, 37, 30, 25, 19, 13, 8]",53,8
1295,2026-01-10T13:20:00.0,2026-01-12T18:57:45.531,"Any[7, 8, 13, 19, 25, 30, 37, 45, 53]",7,53
1299,2026-01-10T13:20:00.0,2026-01-19T18:57:45.531,"Any[60, 56, 45, 37, 30, 25, 19, 11, 6]",60,6
1301,2026-01-10T13:20:00.0,2026-01-26T18:57:45.531,"Any[7, 8, 13, 19, 25, 30, 37, 45, 53]",7,53
1312,2026-01-10T13:20:00.0,2026-02-02T18:57:45.531,"Any[53, 45, 37, 30, 25, 19, 11, 6, 1]",53,1
1321,2026-01-10T13:20:00.0,2026-01-12T18:57:45.531,"Any[8, 13, 19, 25, 30, 37, 45, 56]",8,56
1327,2026-01-10T13:20:00.0,2026-01-19T18:57:45.531,"Any[6, 11, 19, 25, 30, 37, 45, 56, 60]",6,60
1334,2026-01-10T13:20:00.0,2026-01-12T18:57:45.531,"Any[10, 19, 25, 30, 37, 45, 53, 60]",10,60
1341,2026-01-10T13:20:00.0,2026-01-19T18:57:45.531,"Any[8, 13, 19, 25, 30, 37, 45, 56]",8,56
1359,2026-01-10T13:20:00.0,2026-01-12T18:57:45.531,"Any[19, 25, 30, 37, 45, 53]",19,53
1375,2026-01-10T13:20:00.0,2026-01-26T18:57:45.531,"Any[8, 13, 19, 25, 30, 37, 45, 56]",8,56
1377,2026-01-10T13:20:00.0,2026-01-19T18:57:45.531,"Any[7, 8, 13, 19, 25, 30, 37, 45, 53]",7,53
1380,2026-01-10T13:20:00.0,2026-02-02T18:57:45.531,"Any[64, 53, 45, 37, 30, 25, 19, 13, 8]",64,8
1389,2026-01-10T13:20:00.0,2026-01-19T18:57:45.531,"Any[60, 53, 45, 37, 30, 25, 19, 13, 8]",60,8
1394,2026-01-10T13:20:00.0,2026-01-19T18:57:45.531,"Any[8, 13, 19, 25, 30, 37, 45, 56]",8,56
1397,2026-01-10T13:20:00.0,2026-01-19T18:57:45.531,"Any[53, 45, 37, 30, 25, 19, 10]",53,10
1399,2026-01-10T13:20:00.0,2026-01-26T18:57:45.531,"Any[3, 10, 19, 25, 30, 37, 45, 53]",3,53
1414,2026-01-10T13:20:00.0,2026-01-12T18:57:45.531,"Any[60, 53, 45, 37, 30, 25]",60,25
1416,2026-01-10T13:20:00.0,2026-01-19T18:57:45.531,"Any[19, 25, 30, 37, 45, 53]",19,53
1421,2026-01-10T13:20:00.0,2026-01-12T18:57:45.531,"Any[53, 45, 37, 30, 25, 19, 13, 8]",53,8
1429,2026-01-10T13:20:00.0,2026-02-02T18:57:45.531,"Any[60, 56, 45, 37, 30, 25]",60,25
1430,2026-01-10T13:20:00.0,2026-01-26T18:57:45.531,"Any[6, 11, 16, 25, 30, 37, 45, 56]",6,56
1431,2026-01-10T13:20:00.0,2026-01-12T18:57:45.531,"Any[60, 53, 45, 37, 30, 25, 19]",60,19
1433,2026-01-10T13:20:00.0,2026-02-02T18:57:45.531,"Any[53, 45, 37, 30, 25, 19, 13, 8]",53,8
1435,2026-01-10T13:20:00.0,2026-02-02T18:57:45.531,"Any[53, 45, 37, 30, 25, 19, 13, 8]",53,8
1437,2026-01-10T13:20:00.0,2026-02-02T18:57:45.531,"Any[60, 53, 45, 37, 30, 25]",60,25
1439,2026-01-10T13:20:00.0,2026-02-02T18:57:45.531,"Any[10, 19, 25, 30, 37, 45, 53]",10,53
1442,2026-01-10T13:20:00.0,2026-01-12T18:57:45.531,"Any[8, 13, 19, 25, 30, 37, 45]",8,45
1443,2026-01-10T13:20:00.0,2026-02-02T18:57:45.531,"Any[19, 25, 30, 37, 45, 53]",19,53
1452,2026-01-10T13:20:00.0,2026-01-19T18:57:45.531,"Any[19, 25, 30, 37, 45, 53]",19,53
1458,2026-01-10T13:20:00.0,2026-02-02T18:57:45.531,"Any[53, 45, 37, 30, 25, 19, 13, 8]",53,8
1471,2026-01-10T13:20:00.0,2026-01-19T18:57:45.531,"Any[60, 56, 45, 37, 30, 25, 19, 11, 6]",60,6
1473,2026-01-10T13:20:00.0,2026-02-02T18:57:45.531,"Any[64, 60, 56, 45, 37, 30, 25, 19, 13, 8, 7, 8]",64,8
1479,2026-01-10T13:20:00.0,2026-02-02T18:57:45.531,"Any[1, 6, 11, 19, 25, 30, 37, 45, 56]",1,56
1481,2026-01-10T13:20:00.0,2026-01-12T18:57:45.531,"Any[45, 37, 30, 25, 19, 10]",45,10
1482,2026-01-10T13:20:00.0,2026-01-26T18:57:45.531,"Any[60, 56, 45, 37, 30, 25, 19]",60,19
1489,2026-01-10T13:20:00.0,2026-02-02T18:57:45.531,"Any[8, 13, 19, 25, 30, 37, 45]",8,45
1494,2026-01-10T13:20:00.0,2026-01-12T18:57:45.531,"Any[5, 6, 11, 19, 25, 30, 37, 45]",5,45
1497,2026-01-10T13:20:00.0,2026-01-19T18:57:45.531,"Any[17, 16, 25, 30, 37, 45, 53]",17,53
1505,2026-01-10T13:20:00.0,2026-01-26T18:57:45.531,"Any[19, 25, 30, 37, 45, 56]",19,56
1506,2026-01-10T13:20:00.0,2026-02-02T18:57:45.531,"Any[10, 19, 25, 30, 37, 45, 53]",10,53
1514,2026-01-10T13:20:00.0,2026-02-02T18:57:45.531,"Any[53, 45, 37, 30, 25, 19, 10]",53,10
1521,2026-01-10T13:20:00.0,2026-01-19T18:57:45.531,"Any[6, 11, 19, 25, 30, 37, 45, 53]",6,53
1522,2026-01-10T13:20:00.0,2026-02-02T18:57:45.531,"Any[10, 19, 25, 30, 37, 45, 53]",10,53
1523,2026-01-10T13:20:00.0,2026-02-02T18:57:45.531,"Any[56, 45, 37, 30, 25, 19, 11, 6, 6]",56,6
1524,2026-01-10T13:20:00.0,2026-02-02T18:57:45.531,"Any[53, 45, 37, 30, 25, 19, 11, 6, 5]",53,5
1526,2026-01-10T13:20:00.0,2026-02-02T18:57:45.531,"Any[6, 11, 19, 25, 30, 37, 45]",6,45
1529,2026-01-10T13:20:00.0,2026-01-26T18:57:45.531,"Any[10, 19, 25, 30, 37, 45, 53]",10,53
1531,2026-01-10T13:20:00.0,2026-01-19T18:57:45.531,"Any[3, 10, 19, 25, 30, 37, 45, 53, 60]",3,60
1538,2026-01-10T13:20:00.0,2026-01-26T18:57:45.531,"Any[56, 45, 37, 30, 25]",56,25
1541,2026-01-10T13:20:00.0,2026-01-12T18:57:45.531,"Any[62, 53, 45, 37, 30, 25, 19, 11, 6]",62,6
1551,2026-01-10T13:20:00.0,2026-01-19T18:57:45.531,"Any[19, 25, 30, 37, 45, 53]",19,53
1552,2026-01-10T13:20:00.0,2026-01-26T18:57:45.531,"Any[56, 45, 37, 30, 25, 19, 11, 6, 6, 1]",56,6
1558,2026-01-10T13:20:00.0,2026-02-02T18:57:45.531,"Any[53, 45, 37, 30, 25, 19, 11, 6, 1]",53,1
1559,2026-01-10T13:20:00.0,2026-01-26T18:57:45.531,"Any[60, 56, 45, 37, 30, 25]",60,25
1560,2026-01-10T13:20:00.0,2026-01-26T18:57:45.531,"Any[60, 56, 45, 37, 30, 25, 19, 11, 6]",60,6
1562,2026-01-10T13:20:00.0,2026-01-19T18:57:45.531,"Any[6, 11, 19, 25, 30, 37, 45]",6,45
1565,2026-01-10T13:20:00.0,2026-01-26T18:57:45.531,"Any[3, 10, 19, 25, 30, 37, 45, 53]",3,53
1567,2026-01-10T13:20:00.0,2026-01-12T18:57:45.531,"Any[13, 19, 25, 30, 37, 45, 53]",13,53
1580,2026-01-10T13:20:00.0,2026-01-19T18:57:45.531,"Any[10, 19, 25, 30, 37, 45, 53]",10,53
1583,2026-01-10T13:20:00.0,2026-01-12T18:57:45.531,"Any[53, 45, 37, 30, 25, 19, 11, 6, 1]",53,1
1585,2026-01-10T13:20:00.0,2026-02-02T18:57:45.531,"Any[6, 11, 19, 25, 30, 37, 45, 56, 60]",6,60
1586,2026-01-10T13:20:00.0,2026-01-26T18:57:45.531,"Any[53, 45, 37, 30, 25, 19, 10]",53,10
1590,2026-01-10T13:20:00.0,2026-01-26T18:57:45.531,"Any[60, 53, 45, 37, 30, 25]",60,25
1597,2026-01-10T13:20:00.0,2026-01-26T18:57:45.531,"Any[6, 11, 19, 25, 30, 37, 45]",6,45
1603,2026-01-10T13:20:00.0,2026-01-19T18:57:45.531,"Any[64, 53, 45, 37, 30, 25, 19, 13, 8]",64,8
1608,2026-01-10T13:20:00.0,2026-02-02T18:57:45.531,"Any[8, 13, 19, 25, 30, 37, 45, 56]",8,56
1610,2026-01-10T13:20:00.0,2026-01-12T18:57:45.531,"Any[53, 45, 37, 30, 25, 19, 10]",53,10
1614,2026-01-10T13:20:00.0,2026-02-02T18:57:45.531,"Any[10, 19, 25, 30, 37, 45, 53]",10,53
1615,2026-01-10T13:20:00.0,2026-01-19T18:57:45.531,"Any[64, 60, 53, 45, 37, 30, 25, 19, 11, 6, 1]",64,1
1619,2026-01-10T13:20:00.0,2026-01-19T18:57:45.531,"Any[56, 45, 37, 30, 25, 19, 11, 6]",56,6
1624,2026-01-10T13:20:00.0,2026-01-19T18:57:45.531,"Any[53, 45, 37, 30, 25, 19, 10]",53,10
1633,2026-01-10T13:20:00.0,2026-02-02T18:57:45.531,"Any[19, 25, 30, 37, 45, 53]",19,53
1635,2026-01-10T13:20:00.0,2026-01-19T18:57:45.531,"Any[8, 13, 19, 25, 30, 37, 45, 56]",8,56
1639,2026-01-10T13:20:00.0,2026-01-12T18:57:45.531,"Any[1, 6, 11, 19, 25, 30, 37, 45, 56]",1,56
1640,2026-01-10T13:20:00.0,2026-01-26T18:57:45.531,"Any[7, 8, 13, 19, 25, 30, 37, 45, 53]",7,53
1644,2026-01-10T13:20:00.0,2026-01-26T18:57:45.531,"Any[7, 8, 13, 19, 25, 30, 37, 45, 53]",7,53
1651,2026-01-10T13:20:00.0,2026-01-26T18:57:45.531,"Any[60, 56, 45, 37, 30, 25, 19, 13, 8]",60,8
1654,2026-01-10T13:20:00.0,2026-01-26T18:57:45.531,"Any[8, 13, 19, 25, 30, 37, 45]",8,45
1659,2026-01-10T13:20:00.0,2026-01-12T18:57:45.531,"Any[53, 45, 37, 30, 25, 19, 10]",53,10
1668,2026-01-10T13:20:00.0,2026-01-26T18:57:45.531,"Any[45, 37, 30, 25, 19]",45,19
1672,2026-01-10T13:20:00.0,2026-01-19T18:57:45.531,"Any[56, 45, 37, 30, 25, 19, 11, 6]",56,6
1675,2026-01-10T13:20:00.0,2026-01-26T18:57:45.531,"Any[10, 19, 25, 30, 37, 45, 53]",10,53
1676,2026-01-10T13:20:00.0,2026-01-12T18:57:45.531,"Any[53, 45, 37, 30, 25, 19, 13, 8]",53,8
1680,2026-01-10T13:20:00.0,2026-02-02T18:57:45.531,"Any[1, 6, 11, 19, 25, 30, 37, 45, 56]",1,56
1685,2026-01-10T13:20:00.0,2026-01-12T18:57:45.531,"Any[19, 25, 30, 37, 45, 56]",19,56
1695,2026-01-10T13:20:00.0,2026-01-12T18:57:45.531,"Any[53, 45, 37, 30, 25, 19, 11, 6, 1]",53,1
1696,2026-01-10T13:20:00.0,2026-02-02T18:57:45.531,"Any[8, 13, 19, 25, 30, 37, 45, 56]",8,56
1709,2026-01-10T13:20:00.0,2026-02-02T18:57:45.531,"Any[56, 45, 37, 30, 25, 19, 11, 6]",56,6
1716,2026-01-10T13:20:00.0,2026-01-26T18:57:45.531,"Any[53, 45, 37, 30, 25, 19, 13, 8]",53,8
1725,2026-01-10T13:20:00.0,2026-01-19T18:57:45.531,"Any[1, 6, 11, 16, 25, 30, 37, 45, 53]",1,53
1726,2026-01-10T13:20:00.0,2026-01-19T18:57:45.531,"Any[60, 56, 45, 37, 30, 25, 19, 11, 6]",60,6
1728,2026-01-10T13:20:00.0,2026-01-19T18:57:45.531,"Any[8, 13, 19, 25, 30, 37, 45, 56]",8,56
1735,2026-01-10T13:20:00.0,2026-01-12T18:57:45.531,"Any[1, 6, 11, 19, 25, 30, 37, 45, 56]",1,56
1736,2026-01-10T13:20:00.0,2026-02-02T18:57:45.531,"Any[6, 11, 16, 25, 30, 37, 45]",6,45
1738,2026-01-10T13:20:00.0,2026-01-26T18:57:45.531,"Any[8, 13, 19, 25, 30, 37, 45, 56]",8,56
1743,2026-01-10T13:20:00.0,2026-01-12T18:57:45.531,"Any[6, 11, 19, 25, 30, 37, 45]",6,45
1748,2026-01-10T13:20:00.0,2026-01-19T18:57:45.531,"Any[53, 45, 37, 30, 25, 19, 11, 6, 1]",53,1
1750,2026-01-10T13:20:00.0,2026-02-02T18:57:45.531,"Any[60, 56, 45, 37, 30, 25, 19]",60,19
1756,2026-01-10T13:20:00.0,2026-02-02T18:57:45.531,"Any[64, 60, 53, 45, 37, 30, 25, 19, 13, 8]",64,8
1757,2026-01-10T13:20:00.0,2026-01-19T18:57:45.531,"Any[60, 56, 45, 37, 30, 25, 19, 11, 6]",60,6
1760,2026-01-10T13:20:00.0,2026-01-19T18:57:45.531,"Any[19, 25, 30, 37, 45, 56]",19,56
1766,2026-01-10T13:20:00.0,2026-01-26T18:57:45.531,"Any[56, 45, 37, 30, 25, 19, 13, 8, 7]",56,7
1774,2026-01-10T13:20:00.0,2026-01-26T18:57:45.531,"Any[7, 8, 13, 19, 25, 30, 37, 45, 53, 60]",7,60
1781,2026-01-10T13:20:00.0,2026-01-26T18:57:45.531,"Any[2, 9, 21, 27, 31, 36, 45, 55]",2,55
1787,2026-01-10T13:20:00.0,2026-01-19T18:57:45.531,"Any[19, 25, 30, 37, 45, 53]",19,53
1791,2026-01-10T13:20:00.0,2026-02-02T18:57:45.531,"Any[8, 13, 19, 25, 30, 37, 45, 56]",8,56
1801,2026-01-10T13:20:00.0,2026-01-19T18:57:45.531,"Any[17, 25, 30, 37, 45, 53]",17,53
1802,2026-01-10T13:20:00.0,2026-01-19T18:57:45.531,"Any[7, 8, 13, 19, 25, 30, 37, 45, 53]",7,53
1811,2026-01-10T13:20:00.0,2026-01-19T18:57:45.531,"Any[53, 45, 37, 30, 25, 19, 10]",53,10
1816,2026-01-10T13:20:00.0,2026-01-26T18:57:45.531,"Any[8, 13, 19, 25, 30, 37, 45, 56]",8,56
1819,2026-01-10T13:20:00.0,2026-01-12T18:57:45.531,"Any[45, 37, 30, 25, 19, 10]",45,10
1823,2026-01-10T13:20:00.0,2026-01-26T18:57:45.531,"Any[60, 53, 45, 37, 30, 25]",60,25
1833,2026-01-10T13:20:00.0,2026-01-26T18:57:45.531,"Any[56, 45, 37, 30, 25, 19]",56,19
1834,2026-01-10T13:20:00.0,2026-01-12T18:57:45.531,"Any[56, 45, 37, 30, 25]",56,25
1845,2026-01-10T13:20:00.0,2026-01-26T18:57:45.531,"Any[53, 45, 37, 30, 25, 19, 13, 8]",53,8
1855,2026-01-10T13:20:00.0,2026-01-12T18:57:45.531,"Any[56, 45, 37, 30, 25]",56,25
1860,2026-01-10T13:20:00.0,2026-01-26T18:57:45.531,"Any[1, 6, 11, 19, 25, 30, 37, 45, 56]",1,56
1862,2026-01-10T13:20:00.0,2026-02-02T18:57:45.531,"Any[8, 13, 19, 25, 30, 37, 45, 56]",8,56
1867,2026-01-10T13:20:00.0,2026-01-19T18:57:45.531,"Any[10, 19, 25, 30, 37, 45, 53]",10,53
1873,2026-01-10T13:20:00.0,2026-01-19T18:57:45.531,"Any[60, 53, 45, 37, 30, 25, 19]",60,19
1882,2026-01-10T13:20:00.0,2026-02-02T18:57:45.531,"Any[1, 6, 11, 25, 30, 37, 45, 53]",1,53
1889,2026-01-10T13:20:00.0,2026-01-19T18:57:45.531,"Any[10, 19, 25, 30, 37, 45, 53, 60]",10,60
1903,2026-01-10T13:20:00.0,2026-01-19T18:57:45.531,"Any[8, 13, 19, 25, 30, 37, 45, 53, 60]",8,60
1908,2026-01-10T13:20:00.0,2026-01-19T18:57:45.531,"Any[10, 19, 25, 30, 37, 45, 53]",10,53
1910,2026-01-10T13:20:00.0,2026-01-12T18:57:45.531,"Any[53, 45, 37, 30, 25, 19, 11, 6, 1]",53,1
1922,2026-01-10T13:20:00.0,2026-01-26T18:57:45.531,"Any[19, 17, 25, 30, 37, 45, 53]",19,53
1929,2026-01-10T13:20:00.0,2026-01-19T18:57:45.531,"Any[8, 13, 19, 25, 30, 37, 45, 56]",8,56
1930,2026-01-10T13:20:00.0,2026-01-12T18:57:45.531,"Any[56, 45, 37, 30, 25, 19, 10]",56,10
1934,2026-01-10T13:20:00.0,2026-01-19T18:57:45.531,"Any[53, 45, 37, 30, 25, 19, 13, 8]",53,8
1950,2026-01-10T13:20:00.0,2026-01-19T18:57:45.531,"Any[19, 25, 30, 37, 45, 56]",19,56
1959,2026-01-10T13:20:00.0,2026-01-26T18:57:45.531,"Any[45, 37, 30, 25]",45,25
1961,2026-01-10T13:20:00.0,2026-01-19T18:57:45.531,"Any[19, 25, 30, 37, 45, 53]",19,53
1963,2026-01-10T13:20:00.0,2026-01-26T18:57:45.531,"Any[1, 6, 11, 19, 25, 30, 37, 45, 56]",1,56
1964,2026-01-10T13:20:00.0,2026-01-26T18:57:45.531,"Any[10, 19, 25, 30, 37, 45, 53]",10,53
1965,2026-01-10T13:20:00.0,2026-01-26T18:57:45.531,"Any[53, 45, 37, 30, 25, 19, 11, 6, 1]",53,1
1966,2026-01-10T13:20:00.0,2026-01-19T18:57:45.531,"Any[53, 45, 37, 30, 25, 19, 10]",53,10
1970,2026-01-10T13:20:00.0,2026-01-26T18:57:45.531,"Any[53, 45, 37, 30, 25, 19, 13, 8]",53,8
1972,2026-01-10T13:20:00.0,2026-01-19T18:57:45.531,"Any[53, 45, 37, 30, 25, 19, 10]",53,10
1977,2026-01-10T13:20:00.0,2026-01-12T18:57:45.531,"Any[1, 6, 11, 19, 23, 36, 44, 54, 60]",1,60
1978,2026-01-10T13:20:00.0,2026-01-19T18:57:45.531,"Any[60, 56, 45, 37, 30, 25]",60,25
1989,2026-01-10T13:20:00.0,2026-01-26T18:57:45.531,"Any[8, 13, 19, 25, 30, 37, 45]",8,45
1992,2026-01-10T13:20:00.0,2026-02-02T18:57:45.531,"Any[10, 19, 25, 30, 37, 45, 53]",10,53
1997,2026-01-10T13:20:00.0,2026-01-12T18:57:45.531,"Any[64, 60, 53, 45, 37, 30, 25, 19, 13, 8]",64,8
2006,2026-01-10T13:20:00.0,2026-01-26T18:57:45.531,"Any[10, 19, 25, 30, 37, 45, 53]",10,53
2008,2026-01-10T13:20:00.0,2026-01-12T18:57:45.531,"Any[8, 13, 19, 25, 30, 37, 45]",8,45
2010,2026-01-10T13:20:00.0,2026-02-02T18:57:45.531,"Any[6, 11, 19, 25, 30, 37, 45]",6,45
2017,2026-01-10T13:20:00.0,2026-01-12T18:57:45.531,"Any[60, 53, 45, 37, 30, 25]",60,25
2021,2026-01-10T13:20:00.0,2026-01-26T18:57:45.531,"Any[64, 60, 53, 45, 37, 30, 25, 19, 11, 6, 1]",64,1
2027,2026-01-10T13:20:00.0,2026-01-26T18:57:45.531,"Any[8, 13, 19, 25, 30, 37, 45, 56]",8,56
2030,2026-01-10T13:20:00.0,2026-01-26T18:57:45.531,"Any[60, 53, 45, 37, 30, 25]",60,25
2050,2026-01-10T13:20:00.0,2026-01-19T18:57:45.531,"Any[19, 25, 30, 37, 45, 53]",19,53
2067,2026-01-10T13:20:00.0,2026-02-02T18:57:45.531,"Any[10, 19, 25, 30, 37, 45, 53, 60]",10,60
2088,2026-01-10T13:20:00.0,2026-01-12T18:57:45.531,"Any[19, 25, 30, 37, 45, 53]",19,53
2089,2026-01-10T13:20:00.0,2026-01-26T18:57:45.531,"Any[1, 6, 11, 19, 25, 30, 37, 45, 53, 60]",1,60
2096,2026-01-10T13:20:00.0,2026-01-19T18:57:45.531,"Any[19, 25, 30, 37, 45, 53]",19,53
2100,2026-01-10T13:20:00.0,2026-02-02T18:57:45.531,"Any[6, 11, 19, 25, 30, 37, 45, 53]",6,53
2104,2026-01-10T13:20:00.0,2026-02-02T18:57:45.531,"Any[10, 19, 25, 30, 37, 45, 53]",10,53
2107,2026-01-10T13:20:00.0,2026-01-12T18:57:45.531,"Any[60, 53, 45, 37, 30, 25]",60,25
2110,2026-01-10T13:20:00.0,2026-01-12T18:57:45.531,"Any[10, 19, 25, 30, 37, 45, 53]",10,53
2113,2026-01-10T13:20:00.0,2026-01-19T18:57:45.531,"Any[53, 45, 37, 30, 25, 19, 10]",53,10
2117,2026-01-10T13:20:00.0,2026-01-19T18:57:45.531,"Any[3, 10, 19, 25, 30, 37, 45, 53, 60]",3,60
2126,2026-01-10T13:20:00.0,2026-01-26T18:57:45.531,"Any[10, 19, 25, 30, 37, 45, 53]",10,53
2139,2026-01-10T13:20:00.0,2026-01-19T18:57:45.531,"Any[10, 19, 25, 30, 37, 45, 56, 60]",10,60
2142,2026-01-10T13:20:00.0,2026-01-19T18:57:45.531,"Any[64, 60, 53, 45, 37, 30, 25, 19, 13, 8]",64,8
2155,2026-01-10T13:20:00.0,2026-01-12T18:57:45.531,"Any[64, 60, 56, 45, 37, 30, 25, 19, 17, 19, 13, 8]",64,8
2170,2026-01-10T13:20:00.0,2026-01-12T18:57:45.531,"Any[64, 60, 56, 45, 37, 30, 25, 19]",64,19
2171,2026-01-10T13:20:00.0,2026-02-02T18:57:45.531,"Any[64, 60, 56, 45, 37, 30, 25, 19]",64,19
2178,2026-01-10T13:20:00.0,2026-02-02T18:57:45.531,"Any[64, 60, 56, 45, 37, 30, 25, 19]",64,19
2181,2026-01-10T13:20:00.0,2026-01-26T18:57:45.531,"Any[64, 60, 56, 45, 37, 30, 25, 19]",64,19
2183,2026-01-10T13:20:00.0,2026-02-02T18:57:45.531,"Any[64, 60, 56, 45, 37, 30, 25, 19]",64,19
2184,2026-01-10T13:20:00.0,2026-01-12T18:57:45.531,"Any[64, 60, 56, 45, 37, 30, 25, 19]",64,19
2187,2026-01-10T13:20:00.0,2026-01-19T18:57:45.531,"Any[64, 60, 56, 45, 37, 30, 25, 19]",64,19
2194,2026-01-10T13:20:00.0,2026-01-26T18:57:45.531,"Any[64, 60, 53, 45, 37, 30, 25, 19, 11, 6, 1]",64,1
2197,2026-01-10T13:20:00.0,2026-02-02T18:57:45.531,"Any[64, 60, 53, 45, 37, 30, 25, 19, 11, 6, 1]",64,1
2200,2026-01-10T13:20:00.0,2026-01-26T18:57:45.531,"Any[60, 56, 45, 37, 30, 25, 19]",60,19
2203,2026-01-10T13:20:00.0,2026-02-02T18:57:45.531,"Any[60, 56, 45, 37, 30, 25, 19]",60,19
2204,2026-01-10T13:20:00.0,2026-02-02T18:57:45.531,"Any[60, 56, 45, 37, 30, 25, 19]",60,19
2206,2026-01-10T13:20:00.0,2026-01-26T18:57:45.531,"Any[60, 56, 45, 37, 30, 25, 19]",60,19
2208,2026-01-10T13:20:00.0,2026-02-02T18:57:45.531,"Any[60, 56, 45, 37, 30, 25, 19]",60,19
2212,2026-01-10T13:20:00.0,2026-01-19T18:57:45.531,"Any[60, 53, 45, 37, 30, 25, 19]",60,19
2217,2026-01-10T13:20:00.0,2026-01-19T18:57:45.531,"Any[60, 53, 45, 37, 30, 25, 19]",60,19
2298,2026-01-10T13:20:00.0,2026-01-26T18:57:45.531,"Any[56, 45, 37, 30, 25, 19, 13, 8, 7]",56,7
2300,2026-01-10T13:20:00.0,2026-02-02T18:57:45.531,"Any[56, 45, 37, 30, 25, 19, 13, 8, 7]",56,7
2305,2026-01-10T13:20:00.0,2026-02-02T18:57:45.531,"Any[56, 45, 37, 30, 25, 19, 13, 8, 7]",56,7
2309,2026-01-10T13:20:00.0,2026-01-12T18:57:45.531,"Any[56, 45, 37, 30, 25, 19, 13, 8, 7]",56,7
2313,2026-01-10T13:20:00.0,2026-01-12T18:57:45.531,"Any[56, 45, 37, 30, 25, 19, 13, 8, 7]",56,7
2314,2026-01-10T13:20:00.0,2026-01-26T18:57:45.531,"Any[56, 45, 37, 30, 25, 19, 13, 8, 7]",56,7
2315,2026-01-10T13:20:00.0,2026-01-12T18:57:45.531,"Any[56, 45, 37, 30, 25, 19, 13, 8, 7]",56,7
2316,2026-01-10T13:20:00.0,2026-01-12T18:57:45.531,"Any[56, 45, 37, 30, 25, 19, 13, 8, 7]",56,7
2320,2026-01-10T13:20:00.0,2026-02-02T18:57:45.531,"Any[56, 45, 37, 30, 25, 19, 13, 8, 7]",56,7
2325,2026-01-10T13:20:00.0,2026-01-12T18:57:45.531,"Any[56, 45, 37, 30, 25, 19, 13, 8, 7]",56,7
2326,2026-01-10T13:20:00.0,2026-01-12T18:57:45.531,"Any[56, 45, 37, 30, 25, 19, 13, 8, 7]",56,7
2335,2026-01-10T13:20:00.0,2026-01-12T18:57:45.531,"Any[56, 45, 37, 30, 25, 19, 13, 8, 7]",56,7
2339,2026-01-10T13:20:00.0,2026-01-26T18:57:45.531,"Any[56, 45, 37, 30, 25, 19, 13, 8, 7]",56,7
2342,2026-01-10T13:20:00.0,2026-01-19T18:57:45.531,"Any[56, 45, 37, 30, 25, 19, 13, 8, 7]",56,7
2350,2026-01-10T13:20:00.0,2026-02-02T18:57:45.531,"Any[56, 45, 37, 30, 25, 19, 13, 8, 7]",56,7
2351,2026-01-10T13:20:00.0,2026-01-12T18:57:45.531,"Any[56, 45, 37, 30, 25, 19, 13, 8, 7]",56,7
2357,2026-01-10T13:20:00.0,2026-02-02T18:57:45.531,"Any[56, 45, 37, 30, 25, 19, 13, 8, 7]",56,7
2362,2026-01-10T13:20:00.0,2026-01-19T18:57:45.531,"Any[56, 45, 37, 30, 25, 19, 13, 8, 7]",56,7
2364,2026-01-10T13:20:00.0,2026-01-26T18:57:45.531,"Any[56, 45, 37, 30, 25, 19, 13, 8, 7]",56,7
2366,2026-01-10T13:20:00.0,2026-02-02T18:57:45.531,"Any[56, 45, 37, 30, 25, 19, 13, 8, 7]",56,7
2388,2026-01-10T13:20:00.0,2026-01-26T18:57:45.531,"Any[56, 45, 37, 30, 25, 19, 11, 6, 6, 1]",56,6
2389,2026-01-10T13:20:00.0,2026-01-26T18:57:45.531,"Any[56, 45, 37, 30, 25, 19, 11, 6]",56,6
2399,2026-01-10T13:20:00.0,2026-02-02T18:57:45.531,"Any[56, 45, 37, 30, 25, 19, 11, 6, 6]",56,6
2404,2026-01-10T13:20:00.0,2026-01-19T18:57:45.531,"Any[56, 45, 37, 30, 25, 19, 11, 6]",56,6
2405,2026-01-10T13:20:00.0,2026-01-12T18:57:45.531,"Any[56, 45, 37, 30, 25, 19, 11, 6]",56,6
2406,2026-01-10T13:20:00.0,2026-01-12T18:57:45.531,"Any[56, 45, 37, 30, 25, 19, 11, 6]",56,6
2412,2026-01-10T13:20:00.0,2026-02-02T18:57:45.531,"Any[56, 45, 37, 30, 25, 19, 11, 6]",56,6
2429,2026-01-10T13:20:00.0,2026-02-02T18:57:45.531,"Any[56, 45, 37, 30, 25, 19, 11, 6, 6]",56,6
2432,2026-01-10T13:20:00.0,2026-01-12T18:57:45.531,"Any[56, 45, 37, 30, 25, 19, 11, 6]",56,6
2440,2026-01-10T13:20:00.0,2026-01-19T18:57:45.531,"Any[56, 45, 37, 30, 25, 19, 11, 6]",56,6
2444,2026-01-10T13:20:00.0,2026-01-12T18:57:45.531,"Any[56, 45, 37, 30, 25, 19, 11, 6, 6, 1]",56,6
2451,2026-01-10T13:20:00.0,2026-01-26T18:57:45.531,"Any[56, 45, 37, 30, 25, 19, 11, 6]",56,6
2456,2026-01-10T13:20:00.0,2026-02-02T18:57:45.531,"Any[56, 45, 37, 30, 25, 19, 10]",56,10
2458,2026-01-10T13:20:00.0,2026-01-12T18:57:45.531,"Any[56, 45, 37, 30, 25, 19, 10]",56,10
2474,2026-01-10T13:20:00.0,2026-01-19T18:57:45.531,"Any[53, 45, 37, 30, 25, 19, 13, 8]",53,8
2479,2026-01-10T13:20:00.0,2026-02-02T18:57:45.531,"Any[53, 45, 37, 30, 25, 19, 13, 8]",53,8
2488,2026-01-10T13:20:00.0,2026-01-19T18:57:45.531,"Any[53, 45, 37, 30, 25, 19, 13, 8]",53,8
2492,2026-01-10T13:20:00.0,2026-01-19T18:57:45.531,"Any[53, 45, 37, 30, 25, 19, 13, 8]",53,8
2493,2026-01-10T13:20:00.0,2026-01-26T18:57:45.531,"Any[53, 45, 37, 30, 25, 19, 13, 8]",53,8
2495,2026-01-10T13:20:00.0,2026-01-26T18:57:45.531,"Any[53, 45, 37, 30, 25, 19, 13, 8]",53,8
2504,2026-01-10T13:20:00.0,2026-01-19T18:57:45.531,"Any[53, 45, 37, 30, 25, 19, 13, 8]",53,8
2511,2026-01-10T13:20:00.0,2026-01-12T18:57:45.531,"Any[53, 45, 37, 30, 25, 19, 13, 8]",53,8
2514,2026-01-10T13:20:00.0,2026-01-26T18:57:45.531,"Any[53, 45, 37, 30, 25, 19, 13, 8]",53,8
2518,2026-01-10T13:20:00.0,2026-01-12T18:57:45.531,"Any[53, 45, 37, 30, 25, 19, 13, 8]",53,8
2524,2026-01-10T13:20:00.0,2026-01-19T18:57:45.531,"Any[53, 45, 37, 30, 25, 19, 13, 8]",53,8
2534,2026-01-10T13:20:00.0,2026-01-19T18:57:45.531,"Any[53, 45, 37, 30, 25, 19, 13, 8]",53,8
2535,2026-01-10T13:20:00.0,2026-01-26T18:57:45.531,"Any[53, 45, 37, 30, 25, 19, 13, 8]",53,8
2536,2026-01-10T13:20:00.0,2026-02-02T18:57:45.531,"Any[53, 45, 37, 30, 25, 19, 13, 8]",53,8
2551,2026-01-10T13:20:00.0,2026-01-12T18:57:45.531,"Any[53, 45, 37, 30, 25, 19, 11, 6, 1]",53,1
2556,2026-01-10T13:20:00.0,2026-01-12T18:57:45.531,"Any[53, 45, 37, 30, 25, 19, 11, 6, 1]",53,1
2558,2026-01-10T13:20:00.0,2026-01-26T18:57:45.531,"Any[53, 45, 37, 30, 25, 19, 11, 6, 1]",53,1
2560,2026-01-10T13:20:00.0,2026-01-12T18:57:45.531,"Any[53, 45, 37, 30, 25, 19, 11, 6, 1]",53,1
2561,2026-01-10T13:20:00.0,2026-01-12T18:57:45.531,"Any[53, 45, 37, 30, 25, 19, 11, 6, 1]",53,1
2562,2026-01-10T13:20:00.0,2026-01-26T18:57:45.531,"Any[53, 45, 37, 30, 25, 19, 11, 6, 1]",53,1
2565,2026-01-10T13:20:00.0,2026-01-12T18:57:45.531,"Any[53, 45, 37, 30, 25, 19, 11, 6, 1]",53,1
2574,2026-01-10T13:20:00.0,2026-01-19T18:57:45.531,"Any[53, 45, 37, 30, 25, 19, 11, 6, 1]",53,1
2575,2026-01-10T13:20:00.0,2026-01-19T18:57:45.531,"Any[53, 45, 37, 30, 25, 19, 11, 6, 1]",53,1
2578,2026-01-10T13:20:00.0,2026-01-12T18:57:45.531,"Any[53, 45, 37, 30, 25, 19, 11, 6, 5]",53,5
2586,2026-01-10T13:20:00.0,2026-01-19T18:57:45.531,"Any[45, 37, 30, 25, 19]",45,19
2589,2026-01-10T13:20:00.0,2026-02-02T18:57:45.531,"Any[45, 37, 30, 25, 19]",45,19
2592,2026-01-10T13:20:00.0,2026-02-02T18:57:45.531,"Any[45, 37, 30, 25, 19]",45,19
2594,2026-01-10T13:20:00.0,2026-02-02T18:57:45.531,"Any[45, 37, 30, 25, 19]",45,19
2598,2026-01-10T13:20:00.0,2026-01-19T18:57:45.531,"Any[45, 37, 30, 25, 19]",45,19
2600,2026-01-10T13:20:00.0,2026-01-26T18:57:45.531,"Any[45, 37, 30, 25, 19]",45,19
2603,2026-01-10T13:20:00.0,2026-02-02T18:57:45.531,"Any[45, 37, 30, 25, 19]",45,19
2607,2026-01-10T13:20:00.0,2026-01-26T18:57:45.531,"Any[45, 37, 30, 25, 19]",45,19
2608,2026-01-10T13:20:00.0,2026-01-12T18:57:45.531,"Any[45, 37, 30, 25, 19]",45,19
2612,2026-01-10T13:20:00.0,2026-01-19T18:57:45.531,"Any[45, 37, 30, 25, 19]",45,19
2620,2026-01-10T13:20:00.0,2026-02-02T18:57:45.531,"Any[45, 37, 30, 25, 19]",45,19
2631,2026-01-10T13:20:00.0,2026-01-19T18:57:45.531,"Any[45, 37, 30, 25, 19]",45,19
2632,2026-01-10T13:20:00.0,2026-02-02T18:57:45.531,"Any[45, 37, 30, 25, 19]",45,19
2636,2026-01-10T13:20:00.0,2026-01-12T18:57:45.531,"Any[45, 37, 30, 25, 19, 14]",45,14
2710,2026-01-10T13:20:00.0,2026-01-26T18:57:45.531,"Any[45, 37, 30, 25, 19, 10]",45,10
2717,2026-01-10T13:20:00.0,2026-02-02T18:57:45.531,"Any[25, 30, 37, 45, 56, 60, 64]",25,64
2718,2026-01-10T13:20:00.0,2026-01-12T18:57:45.531,"Any[25, 30, 37, 45, 56, 60, 64]",25,64
2723,2026-01-10T13:20:00.0,2026-01-19T18:57:45.531,"Any[25, 30, 37, 45, 53, 60, 64]",25,64
2724,2026-01-10T13:20:00.0,2026-01-19T18:57:45.531,"Any[25, 30, 37, 45, 53, 60, 64]",25,64
2725,2026-01-10T13:20:00.0,2026-01-19T18:57:45.531,"Any[25, 30, 37, 45, 53, 60, 64]",25,64
2726,2026-01-10T13:20:00.0,2026-01-12T18:57:45.531,"Any[25, 30, 37, 45, 53, 60, 64]",25,64
2731,2026-01-10T13:20:00.0,2026-01-26T18:57:45.531,"Any[25, 30, 37, 45, 56, 60, 64]",25,64
2741,2026-01-10T13:20:00.0,2026-01-12T18:57:45.531,"Any[25, 30, 37, 45, 53]",25,53
2748,2026-01-10T13:20:00.0,2026-01-19T18:57:45.531,"Any[25, 30, 37, 45, 53]",25,53
2752,2026-01-10T13:20:00.0,2026-01-12T18:57:45.531,"Any[25, 30, 37, 45, 53]",25,53
2753,2026-01-10T13:20:00.0,2026-02-02T18:57:45.531,"Any[25, 30, 37, 45, 53]",25,53
2758,2026-01-10T13:20:00.0,2026-02-02T18:57:45.531,"Any[25, 30, 37, 45, 53]",25,53
2769,2026-01-10T13:20:00.0,2026-01-19T18:57:45.531,"Any[25, 30, 37, 45, 53]",25,53
2771,2026-01-10T13:20:00.0,2026-01-12T18:57:45.531,"Any[25, 30, 37, 45, 53]",25,53
2772,2026-01-10T13:20:00.0,2026-02-02T18:57:45.531,"Any[25, 30, 37, 45, 53]",25,53
2776,2026-01-10T13:20:00.0,2026-02-02T18:57:45.531,"Any[25, 30, 37, 45, 53]",25,53
2783,2026-01-10T13:20:00.0,2026-01-26T18:57:45.531,"Any[25, 30, 37, 45, 53]",25,53
2785,2026-01-10T13:20:00.0,2026-01-26T18:57:45.531,"Any[25, 30, 37, 45, 53]",25,53
2788,2026-01-10T13:20:00.0,2026-01-12T18:57:45.531,"Any[25, 30, 37, 45, 53]",25,53
2792,2026-01-10T13:20:00.0,2026-02-02T18:57:45.531,"Any[25, 30, 37, 45, 53]",25,53
2793,2026-01-10T13:20:00.0,2026-01-12T18:57:45.531,"Any[25, 30, 37, 45, 53]",25,53
2795,2026-01-10T13:20:00.0,2026-01-12T18:57:45.531,"Any[25, 30, 37, 45, 53]",25,53
2796,2026-01-10T13:20:00.0,2026-01-12T18:57:45.531,"Any[25, 30, 37, 45, 53]",25,53
2827,2026-01-10T13:20:00.0,2026-01-26T18:57:45.531,"Any[25, 30, 37, 45, 53]",25,53
2833,2026-01-10T13:20:00.0,2026-01-26T18:57:45.531,"Any[25, 30, 37, 45, 53]",25,53
2834,2026-01-10T13:20:00.0,2026-02-02T18:57:45.531,"Any[25, 30, 37, 45, 53]",25,53
2844,2026-01-10T13:20:00.0,2026-01-19T18:57:45.531,"Any[25, 30, 37, 45, 53]",25,53
2846,2026-01-10T13:20:00.0,2026-01-19T18:57:45.531,"Any[25, 30, 37, 45, 53]",25,53
2848,2026-01-10T13:20:00.0,2026-02-02T18:57:45.531,"Any[25, 30, 37, 45, 53]",25,53
2864,2026-01-10T13:20:00.0,2026-01-26T18:57:45.531,"Any[8, 13, 19, 25, 30, 37, 45, 53, 62]",8,62
2867,2026-01-10T13:20:00.0,2026-01-26T18:57:45.531,"Any[8, 13, 19, 25, 30, 37, 45, 53, 62]",8,62
2871,2026-01-10T13:20:00.0,2026-01-19T18:57:45.531,"Any[8, 13, 19, 25, 30, 37, 45, 53, 62]",8,62
2873,2026-01-10T13:20:00.0,2026-01-26T18:57:45.531,"Any[8, 13, 19, 25, 30, 37, 45, 53, 62]",8,62
2876,2026-01-10T13:20:00.0,2026-01-26T18:57:45.531,"Any[8, 13, 19, 25, 30, 37, 45, 53, 62]",8,62
2881,2026-01-10T13:20:00.0,2026-02-02T18:57:45.531,"Any[8, 13, 19, 25, 30, 37, 45, 53, 62]",8,62
2887,2026-01-10T13:20:00.0,2026-01-26T18:57:45.531,"Any[8, 13, 19, 25, 30, 37, 45, 56]",8,56
2890,2026-01-10T13:20:00.0,2026-01-26T18:57:45.531,"Any[8, 13, 19, 25, 30, 37, 45, 56]",8,56
2893,2026-01-10T13:20:00.0,2026-02-02T18:57:45.531,"Any[8, 13, 19, 25, 30, 37, 45, 56]",8,56
2906,2026-01-10T13:20:00.0,2026-01-12T18:57:45.531,"Any[8, 13, 19, 25, 30, 37, 45, 56]",8,56
2907,2026-01-10T13:20:00.0,2026-01-19T18:57:45.531,"Any[8, 13, 19, 25, 30, 37, 45, 56]",8,56
2911,2026-01-10T13:20:00.0,2026-02-02T18:57:45.531,"Any[8, 13, 19, 25, 30, 37, 45, 56]",8,56
2913,2026-01-10T13:20:00.0,2026-02-02T18:57:45.531,"Any[8, 13, 19, 25, 30, 37, 45, 56]",8,56
2916,2026-01-10T13:20:00.0,2026-02-02T18:57:45.531,"Any[8, 13, 19, 25, 30, 37, 45, 56]",8,56
2918,2026-01-10T13:20:00.0,2026-01-26T18:57:45.531,"Any[8, 13, 19, 25, 30, 37, 45, 56]",8,56
2919,2026-01-10T13:20:00.0,2026-01-12T18:57:45.531,"Any[8, 13, 19, 25, 30, 37, 45, 56]",8,56
2920,2026-01-10T13:20:00.0,2026-02-02T18:57:45.531,"Any[8, 13, 19, 25, 30, 37, 45, 56]",8,56
2937,2026-01-10T13:20:00.0,2026-01-26T18:57:45.531,"Any[8, 13, 19, 25, 30, 37, 45, 56]",8,56
2944,2026-01-10T13:20:00.0,2026-02-02T18:57:45.531,"Any[8, 13, 19, 25, 30, 37, 45, 56]",8,56
2949,2026-01-10T13:20:00.0,2026-01-26T18:57:45.531,"Any[8, 13, 19, 25, 30, 37, 45, 56]",8,56
2954,2026-01-10T13:20:00.0,2026-01-12T18:57:45.531,"Any[1, 6, 11, 19, 25, 30, 37, 45, 56, 60]",1,60
2956,2026-01-10T13:20:00.0,2026-01-26T18:57:45.531,"Any[1, 6, 11, 19, 25, 30, 37, 45, 53, 60]",1,60
2966,2026-01-10T13:20:00.0,2026-01-19T18:57:45.531,"Any[1, 6, 11, 19, 25, 30, 37, 45, 56, 60]",1,60
2968,2026-01-10T13:20:00.0,2026-01-12T18:57:45.531,"Any[1, 6, 11, 19, 25, 30, 37, 45, 56, 60]",1,60
2976,2026-01-10T13:20:00.0,2026-01-19T18:57:45.531,"Any[1, 6, 11, 19, 25, 30, 37, 45, 56, 60]",1,60
2979,2026-01-10T13:20:00.0,2026-01-12T18:57:45.531,"Any[1, 6, 11, 19, 25, 30, 37, 45, 53, 60]",1,60
2987,2026-01-10T13:20:00.0,2026-01-19T18:57:45.531,"Any[1, 6, 11, 16, 25, 30, 37, 45, 56]",1,56
2988,2026-01-10T13:20:00.0,2026-01-12T18:57:45.531,"Any[1, 6, 11, 19, 25, 30, 37, 45, 56]",1,56
2990,2026-01-10T13:20:00.0,2026-01-12T18:57:45.531,"Any[1, 6, 11, 19, 25, 30, 37, 45, 56]",1,56
2997,2026-01-10T13:20:00.0,2026-01-19T18:57:45.531,"Any[1, 6, 11, 19, 25, 30, 37, 45, 56]",1,56
2998,2026-01-10T13:20:00.0,2026-01-19T18:57:45.531,"Any[1, 6, 11, 19, 25, 30, 37, 45, 56]",1,56
3003,2026-01-10T13:20:00.0,2026-01-19T18:57:45.531,"Any[1, 6, 11, 19, 25, 30, 37, 45, 56]",1,56
3008,2026-01-10T13:20:00.0,2026-01-19T18:57:45.531,"Any[1, 6, 11, 19, 25, 30, 37, 45, 56]",1,56
3053,2026-01-10T13:20:00.0,2026-02-02T18:57:45.531,"Any[6, 11, 19, 25, 30, 37, 45, 53]",6,53
3058,2026-01-10T13:20:00.0,2026-02-02T18:57:45.531,"Any[6, 11, 19, 25, 30, 37, 45, 53]",6,53
3067,2026-01-10T13:20:00.0,2026-01-12T18:57:45.531,"Any[6, 11, 19, 25, 30, 37, 45, 53]",6,53
3069,2026-01-10T13:20:00.0,2026-01-19T18:57:45.531,"Any[6, 11, 19, 25, 30, 37, 45, 53]",6,53
3166,2026-01-10T13:20:00.0,2026-01-26T18:57:45.531,"Any[10, 19, 25, 30, 37, 45, 53, 60]",10,60
3167,2026-01-10T13:20:00.0,2026-02-02T18:57:45.531,"Any[10, 19, 25, 30, 37, 45, 53, 60]",10,60
3171,2026-01-10T13:20:00.0,2026-02-02T18:57:45.531,"Any[10, 19, 25, 30, 37, 45, 53, 60]",10,60
3172,2026-01-10T13:20:00.0,2026-01-19T18:57:45.531,"Any[10, 19, 25, 30, 37, 45, 53, 60]",10,60
3194,2026-01-10T13:20:00.0,2026-02-02T18:57:45.531,"Any[10, 19, 25, 30, 37, 45, 53, 60]",10,60
3137,2026-01-10T13:21:00.0,2026-02-02T18:58:45.531,Any[],10,64
2244,2026-01-10T13:22:00.0,2026-02-02T18:59:45.531,Any[],56,17
2683,2026-01-10T13:26:00.0,2026-01-12T19:03:45.531,Any[],45,3
2291,2026-01-10T13:27:00.0,2026-01-12T19:04:45.531,Any[],56,13
3034,2026-01-10T13:27:00.0,2026-01-12T19:04:45.531,Any[],6,64
3019,2026-01-10T13:28:00.0,2026-02-02T19:05:45.531,Any[],6,64
3146,2026-01-10T13:30:00.0,2026-01-12T19:07:45.531,Any[],10,64
2247,2026-01-10T13:31:00.0,2026-02-02T19:08:45.531,Any[],56,17
3025,2026-01-10T13:31:00.0,2026-01-12T19:08:45.531,Any[],6,64
3044,2026-01-10T13:33:00.0,2026-01-26T19:10:45.531,Any[],6,64
3128,2026-01-10T13:33:00.0,2026-01-26T19:10:45.531,Any[],10,64
3031,2026-01-10T13:35:00.0,2026-01-19T19:12:45.531,Any[],6,64
3147,2026-01-10T13:37:00.0,2026-01-12T19:14:45.531,Any[],10,64
3085,2026-01-10T13:38:00.0,2026-01-26T19:15:45.531,Any[],10,64
3096,2026-01-10T13:38:00.0,2026-02-02T19:15:45.531,Any[],10,64
3152,2026-01-10T13:38:00.0,2026-01-12T19:15:45.531,Any[],10,64
2467,2026-01-10T13:39:00.0,2026-01-19T19:16:45.531,Any[],55,3
3133,2026-01-10T13:42:00.0,2026-01-12T19:19:45.531,Any[],10,64
3093,2026-01-10T13:46:00.0,2026-01-12T19:23:45.531,Any[],10,64
2219,2026-01-10T13:50:00.0,2026-01-19T19:27:45.531,Any[],56,17
2238,2026-01-10T13:54:00.0,2026-01-12T19:31:45.531,Any[],56,17
2643,2026-01-10T13:55:00.0,2026-02-02T19:32:45.531,Any[],45,7
3101,2026-01-10T13:56:00.0,2026-02-02T19:33:45.531,Any[],10,64
2228,2026-01-10T13:57:00.0,2026-01-26T19:34:45.531,Any[],56,17
2382,2026-01-10T13:57:00.0,2026-01-26T19:34:45.531,Any[],56,5
2694,2026-01-14T07:00:00.0,2026-01-16T12:37:45.531,Any[],45,3
2,2026-01-14T07:06:40.0,2026-01-16T12:44:25.531,"Any[19, 25, 30, 37, 45, 56]",19,56
3,2026-01-14T07:06:40.0,2026-01-30T12:44:25.531,"Any[8, 13, 19, 25, 30, 37, 45, 56]",8,56
23,2026-01-14T07:06:40.0,2026-01-30T12:44:25.531,"Any[64, 60, 53, 45, 37, 30, 25, 19, 11, 6, 1]",64,1
70,2026-01-14T07:06:40.0,2026-01-30T12:44:25.531,"Any[16, 17, 25, 30, 37, 45, 53]",16,53
75,2026-01-14T07:06:40.0,2026-01-23T12:44:25.531,"Any[53, 45, 37, 30, 25, 19, 10]",53,10
91,2026-01-14T07:06:40.0,2026-01-30T12:44:25.531,"Any[53, 45, 37, 30, 25, 19, 10]",53,10
92,2026-01-14T07:06:40.0,2026-01-30T12:44:25.531,"Any[3, 10, 19, 25, 30, 37, 45, 53]",3,53
122,2026-01-14T07:06:40.0,2026-01-09T12:44:25.531,"Any[8, 13, 19, 25, 30, 37, 45, 56]",8,56
131,2026-01-14T07:06:40.0,2026-01-23T12:44:25.531,"Any[60, 56, 45, 37, 30, 25, 19, 11, 6]",60,6
142,2026-01-14T07:06:40.0,2026-01-09T12:44:25.531,"Any[10, 25, 30, 37, 45, 53, 60]",10,60
150,2026-01-14T07:06:40.0,2026-01-30T12:44:25.531,"Any[53, 45, 37, 30, 25, 19, 11, 6, 1]",53,1
175,2026-01-14T07:06:40.0,2026-01-30T12:44:25.531,"Any[53, 45, 37, 30, 25, 19, 10]",53,10
188,2026-01-14T07:06:40.0,2026-01-09T12:44:25.531,"Any[60, 56, 45, 37, 30, 25]",60,25
205,2026-01-14T07:06:40.0,2026-01-09T12:44:25.531,"Any[6, 11, 19, 25, 30, 37, 45]",6,45
231,2026-01-14T07:06:40.0,2026-01-30T12:44:25.531,"Any[53, 45, 37, 30, 25, 19, 10]",53,10
247,2026-01-14T07:06:40.0,2026-01-09T12:44:25.531,"Any[53, 45, 37, 30, 25, 19, 13, 8]",53,8
260,2026-01-14T07:06:40.0,2026-01-09T12:44:25.531,"Any[60, 53, 45, 37, 30, 25, 19, 13, 8]",60,8
281,2026-01-14T07:06:40.0,2026-01-09T12:44:25.531,"Any[64, 60, 53, 45, 37, 30, 25, 19, 13, 8]",64,8
321,2026-01-14T07:06:40.0,2026-01-09T12:44:25.531,"Any[1, 6, 11, 16, 25, 30, 37, 45, 56]",1,56
324,2026-01-14T07:06:40.0,2026-01-30T12:44:25.531,"Any[6, 10, 19, 25, 30, 37, 45]",6,45
326,2026-01-14T07:06:40.0,2026-01-16T12:44:25.531,"Any[56, 45, 37, 30, 25]",56,25
360,2026-01-14T07:06:40.0,2026-01-16T12:44:25.531,"Any[19, 25, 30, 37, 45, 56]",19,56
377,2026-01-14T07:06:40.0,2026-01-23T12:44:25.531,"Any[56, 45, 37, 30, 25, 19, 11, 6]",56,6
392,2026-01-14T07:06:40.0,2026-01-30T12:44:25.531,"Any[6, 11, 19, 25, 30, 37, 45]",6,45
407,2026-01-14T07:06:40.0,2026-01-16T12:44:25.531,"Any[8, 13, 19, 25, 30, 37, 45, 56]",8,56
429,2026-01-14T07:06:40.0,2026-01-16T12:44:25.531,"Any[3, 10, 19, 25, 30, 37, 45, 53]",3,53
455,2026-01-14T07:06:40.0,2026-01-30T12:44:25.531,"Any[6, 11, 19, 25, 30, 37, 45, 56]",6,56
461,2026-01-14T07:06:40.0,2026-01-16T12:44:25.531,"Any[56, 45, 37, 30, 25]",56,25
470,2026-01-14T07:06:40.0,2026-01-16T12:44:25.531,"Any[10, 19, 25, 30, 37, 45, 53, 60]",10,60
472,2026-01-14T07:06:40.0,2026-01-09T12:44:25.531,"Any[8, 13, 19, 25, 30, 37, 45, 56]",8,56
498,2026-01-14T07:06:40.0,2026-01-09T12:44:25.531,"Any[56, 45, 37, 30, 25, 16]",56,16
559,2026-01-14T07:06:40.0,2026-01-16T12:44:25.531,"Any[56, 45, 37, 30, 25]",56,25
567,2026-01-14T07:06:40.0,2026-01-23T12:44:25.531,"Any[1, 6, 11, 19, 25, 30, 37, 45]",1,45
580,2026-01-14T07:06:40.0,2026-01-09T12:44:25.531,"Any[53, 45, 37, 30, 25, 19, 10]",53,10
584,2026-01-14T07:06:40.0,2026-01-23T12:44:25.531,"Any[8, 13, 19, 25, 30, 37, 45, 56]",8,56
597,2026-01-14T07:06:40.0,2026-01-16T12:44:25.531,"Any[6, 11, 19, 25, 30, 37, 45, 56]",6,56
614,2026-01-14T07:06:40.0,2026-01-23T12:44:25.531,"Any[64, 53, 45, 37, 30, 25, 19, 13, 8]",64,8
619,2026-01-14T07:06:40.0,2026-01-16T12:44:25.531,"Any[8, 13, 19, 25, 30, 37, 45, 56]",8,56
686,2026-01-14T07:06:40.0,2026-01-23T12:44:25.531,"Any[19, 25, 30, 37, 45, 56]",19,56
689,2026-01-14T07:06:40.0,2026-01-30T12:44:25.531,"Any[56, 45, 37, 30, 25, 19, 10]",56,10
740,2026-01-14T07:06:40.0,2026-01-09T12:44:25.531,"Any[3, 10, 19, 25, 30, 37, 45, 53]",3,53
753,2026-01-14T07:06:40.0,2026-01-16T12:44:25.531,"Any[17, 16, 17, 25, 30, 37, 45, 53]",17,53
772,2026-01-14T07:06:40.0,2026-01-16T12:44:25.531,"Any[64, 56, 45, 37, 30, 25, 19, 11, 6, 2]",64,2
779,2026-01-14T07:06:40.0,2026-01-16T12:44:25.531,"Any[64, 56, 45, 37, 30, 25, 19, 11, 6, 2]",64,2
788,2026-01-14T07:06:40.0,2026-01-23T12:44:25.531,"Any[19, 25, 30, 37, 45, 53]",19,53
810,2026-01-14T07:06:40.0,2026-01-30T12:44:25.531,"Any[53, 45, 37, 30, 25, 19, 10]",53,10
811,2026-01-14T07:06:40.0,2026-01-16T12:44:25.531,"Any[16, 19, 25, 30, 37, 45, 53]",16,53
818,2026-01-14T07:06:40.0,2026-01-16T12:44:25.531,"Any[53, 45, 37, 30, 25, 19, 13, 8]",53,8
829,2026-01-14T07:06:40.0,2026-01-23T12:44:25.531,"Any[54, 44, 36, 23, 19, 13, 8]",54,8
862,2026-01-14T07:06:40.0,2026-01-30T12:44:25.531,"Any[53, 45, 37, 30, 25, 19, 11, 6, 1]",53,1
869,2026-01-14T07:06:40.0,2026-01-09T12:44:25.531,"Any[17, 16, 17, 25, 30, 37, 45, 53]",17,53
881,2026-01-14T07:06:40.0,2026-01-23T12:44:25.531,"Any[8, 13, 19, 25, 30, 37, 45, 56]",8,56
891,2026-01-14T07:06:40.0,2026-01-30T12:44:25.531,"Any[1, 6, 11, 19, 25, 30, 37, 45]",1,45
907,2026-01-14T07:06:40.0,2026-01-30T12:44:25.531,"Any[53, 45, 37, 30, 25, 19, 13, 8]",53,8
908,2026-01-14T07:06:40.0,2026-01-23T12:44:25.531,"Any[8, 13, 19, 25, 30, 37, 45, 56]",8,56
914,2026-01-14T07:06:40.0,2026-01-16T12:44:25.531,"Any[8, 13, 19, 25, 30, 37, 45, 56]",8,56
951,2026-01-14T07:06:40.0,2026-01-09T12:44:25.531,"Any[19, 25, 30, 37, 45, 53]",19,53
953,2026-01-14T07:06:40.0,2026-01-16T12:44:25.531,"Any[19, 25, 30, 37, 45, 53]",19,53
983,2026-01-14T07:06:40.0,2026-01-30T12:44:25.531,"Any[19, 30, 37, 45, 56]",19,56
990,2026-01-14T07:06:40.0,2026-01-30T12:44:25.531,"Any[3, 10, 19, 25, 30, 37, 45, 53]",3,53
1035,2026-01-14T07:06:40.0,2026-01-09T12:44:25.531,"Any[56, 45, 37, 30, 25, 19, 10]",56,10
1053,2026-01-14T07:06:40.0,2026-01-23T12:44:25.531,"Any[56, 45, 37, 30, 25]",56,25
1092,2026-01-14T07:06:40.0,2026-01-16T12:44:25.531,"Any[19, 25, 30, 37, 45, 56]",19,56
1121,2026-01-14T07:06:40.0,2026-01-16T12:44:25.531,"Any[60, 56, 45, 37, 30, 25, 19, 11, 6, 6]",60,6
1124,2026-01-14T07:06:40.0,2026-01-23T12:44:25.531,"Any[64, 60, 53, 45, 37, 30, 25, 19, 13, 8]",64,8
1164,2026-01-14T07:06:40.0,2026-01-16T12:44:25.531,"Any[6, 11, 19, 25, 30, 37, 45]",6,45
1178,2026-01-14T07:06:40.0,2026-01-16T12:44:25.531,"Any[45, 37, 30, 25, 19, 10]",45,10
1182,2026-01-14T07:06:40.0,2026-01-30T12:44:25.531,"Any[56, 45, 37, 30, 25, 19, 11, 6]",56,6
1207,2026-01-14T07:06:40.0,2026-01-30T12:44:25.531,"Any[56, 45, 37, 30, 25, 19, 11, 6]",56,6
1218,2026-01-14T07:06:40.0,2026-01-30T12:44:25.531,"Any[56, 45, 37, 30, 25, 19, 11, 6]",56,6
1234,2026-01-14T07:06:40.0,2026-01-16T12:44:25.531,"Any[53, 45, 37, 30, 25, 19, 10]",53,10
1280,2026-01-14T07:06:40.0,2026-01-30T12:44:25.531,"Any[17, 25, 30, 37, 45, 53]",17,53
1285,2026-01-14T07:06:40.0,2026-01-30T12:44:25.531,"Any[53, 45, 37, 30, 25, 19, 10]",53,10
1286,2026-01-14T07:06:40.0,2026-01-23T12:44:25.531,"Any[60, 56, 45, 37, 30, 25]",60,25
1298,2026-01-14T07:06:40.0,2026-01-16T12:44:25.531,"Any[1, 6, 11, 19, 23, 28, 36, 44, 60]",1,60
1325,2026-01-14T07:06:40.0,2026-01-16T12:44:25.531,"Any[10, 19, 25, 30, 37, 45, 53, 60]",10,60
1326,2026-01-14T07:06:40.0,2026-01-23T12:44:25.531,"Any[64, 60, 53, 45, 37, 30, 25, 19, 13, 8]",64,8
1329,2026-01-14T07:06:40.0,2026-01-23T12:44:25.531,"Any[3, 6, 11, 19, 25, 30, 37, 45, 56, 60]",3,60
1332,2026-01-14T07:06:40.0,2026-01-30T12:44:25.531,"Any[1, 6, 11, 19, 25, 30, 37, 45]",1,45
1358,2026-01-14T07:06:40.0,2026-01-16T12:44:25.531,"Any[17, 16, 17, 25, 30, 37, 45, 53]",17,53
1386,2026-01-14T07:06:40.0,2026-01-23T12:44:25.531,"Any[10, 19, 25, 30, 37, 45, 53]",10,53
1392,2026-01-14T07:06:40.0,2026-01-16T12:44:25.531,"Any[53, 45, 37, 30, 25, 19, 11, 6, 1]",53,1
1438,2026-01-14T07:06:40.0,2026-01-30T12:44:25.531,"Any[56, 45, 37, 30, 25, 19, 10]",56,10
1447,2026-01-14T07:06:40.0,2026-01-16T12:44:25.531,"Any[53, 45, 37, 30, 25, 19, 13, 8]",53,8
1455,2026-01-14T07:06:40.0,2026-01-09T12:44:25.531,"Any[53, 45, 37, 30, 25, 19, 11, 10, 11, 6, 1]",53,1
1502,2026-01-14T07:06:40.0,2026-01-23T12:44:25.531,"Any[56, 45, 37, 30, 25, 19, 10]",56,10
1568,2026-01-14T07:06:40.0,2026-01-23T12:44:25.531,"Any[56, 45, 37, 30, 25, 19, 11, 6]",56,6
1570,2026-01-14T07:06:40.0,2026-01-09T12:44:25.531,"Any[60, 56, 45, 37, 30, 25, 19, 13, 19, 13, 8]",60,8
1571,2026-01-14T07:06:40.0,2026-01-09T12:44:25.531,"Any[45, 37, 30, 25, 19, 10]",45,10
1577,2026-01-14T07:06:40.0,2026-01-30T12:44:25.531,"Any[56, 45, 37, 30, 25, 19, 10]",56,10
1609,2026-01-14T07:06:40.0,2026-01-16T12:44:25.531,"Any[60, 56, 45, 37, 30, 25]",60,25
1612,2026-01-14T07:06:40.0,2026-01-09T12:44:25.531,"Any[19, 30, 37, 45, 56]",19,56
1627,2026-01-14T07:06:40.0,2026-01-30T12:44:25.531,"Any[19, 25, 30, 37, 45, 56]",19,56
1690,2026-01-14T07:06:40.0,2026-01-16T12:44:25.531,"Any[10, 19, 25, 30, 37, 45, 53]",10,53
1693,2026-01-14T07:06:40.0,2026-01-16T12:44:25.531,"Any[60, 53, 45, 37, 30, 25]",60,25
1707,2026-01-14T07:06:40.0,2026-01-09T12:44:25.531,"Any[56, 45, 37, 30, 25]",56,25
1773,2026-01-14T07:06:40.0,2026-01-16T12:44:25.531,"Any[53, 45, 37, 30, 25, 19, 10]",53,10
1776,2026-01-14T07:06:40.0,2026-01-30T12:44:25.531,"Any[8, 13, 25, 30, 37, 45, 56]",8,56
1803,2026-01-14T07:06:40.0,2026-01-23T12:44:25.531,"Any[10, 19, 25, 30, 37, 45, 53, 60]",10,60
1836,2026-01-14T07:06:40.0,2026-01-23T12:44:25.531,"Any[8, 13, 19, 25, 37, 45, 56]",8,56
1844,2026-01-14T07:06:40.0,2026-01-23T12:44:25.531,"Any[7, 8, 13, 19, 25, 30, 37, 45, 53]",7,53
1868,2026-01-14T07:06:40.0,2026-01-23T12:44:25.531,"Any[10, 25, 30, 37, 45, 53, 60]",10,60
1885,2026-01-14T07:06:40.0,2026-01-16T12:44:25.531,"Any[10, 25, 30, 37, 45, 53, 60]",10,60
1886,2026-01-14T07:06:40.0,2026-01-30T12:44:25.531,"Any[53, 45, 37, 30, 25, 19, 11, 6, 3, 1]",53,1
1896,2026-01-14T07:06:40.0,2026-01-09T12:44:25.531,"Any[8, 13, 19, 25, 30, 37, 45, 56]",8,56
1924,2026-01-14T07:06:40.0,2026-01-23T12:44:25.531,"Any[5, 6, 11, 25, 30, 37, 45]",5,45
1976,2026-01-14T07:06:40.0,2026-01-23T12:44:25.531,"Any[6, 10, 19, 25, 30, 37, 45]",6,45
2004,2026-01-14T07:06:40.0,2026-01-23T12:44:25.531,"Any[8, 13, 19, 25, 30, 37, 45, 56]",8,56
2005,2026-01-14T07:06:40.0,2026-01-16T12:44:25.531,"Any[1, 6, 11, 19, 25, 30, 37, 45]",1,45
2024,2026-01-14T07:06:40.0,2026-01-09T12:44:25.531,"Any[60, 56, 45, 37, 30, 25]",60,25
2025,2026-01-14T07:06:40.0,2026-01-16T12:44:25.531,"Any[1, 6, 11, 19, 25, 30, 37, 45, 56]",1,56
2048,2026-01-14T07:06:40.0,2026-01-16T12:44:25.531,"Any[56, 45, 37, 30, 25, 19, 11, 6]",56,6
2062,2026-01-14T07:06:40.0,2026-01-30T12:44:25.531,"Any[56, 45, 37, 30, 25, 19, 11, 6]",56,6
2077,2026-01-14T07:06:40.0,2026-01-23T12:44:25.531,"Any[53, 45, 37, 30, 25, 19, 13, 8]",53,8
2081,2026-01-14T07:06:40.0,2026-01-09T12:44:25.531,"Any[53, 45, 37, 30, 25, 19, 11, 6, 1]",53,1
2112,2026-01-14T07:06:40.0,2026-01-30T12:44:25.531,"Any[3, 10, 19, 25, 30, 37, 45, 53]",3,53
2128,2026-01-14T07:06:40.0,2026-01-30T12:44:25.531,"Any[6, 11, 25, 30, 37, 45]",6,45
2130,2026-01-14T07:06:40.0,2026-01-16T12:44:25.531,"Any[53, 45, 37, 30, 25, 19, 10]",53,10
2152,2026-01-14T07:06:40.0,2026-01-30T12:44:25.531,"Any[56, 45, 37, 30, 25]",56,25
2168,2026-01-14T07:06:40.0,2026-01-23T12:44:25.531,"Any[64, 60, 56, 45, 37, 30, 25, 19]",64,19
2188,2026-01-14T07:06:40.0,2026-01-16T12:44:25.531,"Any[64, 60, 53, 45, 37, 30, 25, 19, 13, 8]",64,8
2254,2026-01-14T07:06:40.0,2026-01-30T12:44:25.531,"Any[56, 45, 37, 30, 25, 16]",56,16
2258,2026-01-14T07:06:40.0,2026-01-09T12:44:25.531,"Any[56, 45, 37, 30, 25, 16]",56,16
2282,2026-01-14T07:06:40.0,2026-01-23T12:44:25.531,"Any[56, 45, 37, 30, 25, 16]",56,16
2387,2026-01-14T07:06:40.0,2026-01-16T12:44:25.531,"Any[56, 45, 37, 30, 25, 19, 11, 6]",56,6
2390,2026-01-14T07:06:40.0,2026-01-16T12:44:25.531,"Any[56, 45, 37, 30, 25, 19, 11, 6]",56,6
2391,2026-01-14T07:06:40.0,2026-01-09T12:44:25.531,"Any[56, 45, 37, 30, 25, 19, 10, 6]",56,6
2395,2026-01-14T07:06:40.0,2026-01-09T12:44:25.531,"Any[56, 45, 37, 30, 25, 19, 11, 6]",56,6
2398,2026-01-14T07:06:40.0,2026-01-16T12:44:25.531,"Any[56, 45, 37, 30, 25, 19, 11, 6]",56,6
2407,2026-01-14T07:06:40.0,2026-01-30T12:44:25.531,"Any[56, 45, 37, 30, 25, 19, 11, 6]",56,6
2424,2026-01-14T07:06:40.0,2026-01-23T12:44:25.531,"Any[56, 45, 37, 30, 25, 19, 11, 6]",56,6
2449,2026-01-14T07:06:40.0,2026-01-09T12:44:25.531,"Any[56, 45, 37, 30, 25, 19, 11, 6]",56,6
2464,2026-01-14T07:06:40.0,2026-01-09T12:44:25.531,"Any[56, 45, 37, 30, 25, 19, 10]",56,10
2472,2026-01-14T07:06:40.0,2026-01-09T12:44:25.531,"Any[53, 45, 37, 30, 25, 19, 13, 8]",53,8
2484,2026-01-14T07:06:40.0,2026-01-23T12:44:25.531,"Any[53, 45, 37, 30, 25, 19, 13, 8]",53,8
2525,2026-01-14T07:06:40.0,2026-01-30T12:44:25.531,"Any[53, 45, 37, 30, 25, 19, 13, 8]",53,8
2711,2026-01-14T07:06:40.0,2026-01-09T12:44:25.531,"Any[45, 37, 30, 25, 19, 10]",45,10
2715,2026-01-14T07:06:40.0,2026-01-09T12:44:25.531,"Any[45, 37, 30, 25, 19, 10]",45,10
2891,2026-01-14T07:06:40.0,2026-01-23T12:44:25.531,"Any[8, 13, 19, 25, 30, 37, 45, 56]",8,56
2895,2026-01-14T07:06:40.0,2026-01-09T12:44:25.531,"Any[8, 13, 19, 25, 30, 37, 45, 56]",8,56
2900,2026-01-14T07:06:40.0,2026-01-09T12:44:25.531,"Any[8, 13, 19, 30, 37, 45, 56]",8,56
2901,2026-01-14T07:06:40.0,2026-01-23T12:44:25.531,"Any[8, 13, 25, 30, 37, 45, 56]",8,56
2924,2026-01-14T07:06:40.0,2026-01-16T12:44:25.531,"Any[8, 13, 19, 25, 30, 37, 45, 56]",8,56
2925,2026-01-14T07:06:40.0,2026-01-09T12:44:25.531,"Any[8, 13, 25, 30, 37, 45, 56]",8,56
2999,2026-01-14T07:06:40.0,2026-01-23T12:44:25.531,"Any[1, 6, 11, 19, 25, 30, 37, 45, 56]",1,56
3193,2026-01-14T07:06:40.0,2026-01-23T12:44:25.531,"Any[10, 19, 25, 30, 37, 45, 53, 60]",10,60
3134,2026-01-14T07:14:00.0,2026-01-23T12:51:45.531,Any[],10,64
3127,2026-01-14T07:33:00.0,2026-01-23T13:10:45.531,Any[],10,64
3159,2026-01-14T07:34:00.0,2026-01-30T13:11:45.531,Any[],10,64
3151,2026-01-14T13:05:00.0,2026-01-30T18:42:45.531,Any[],10,64
3144,2026-01-14T13:13:00.0,2026-01-23T18:50:45.531,Any[],10,64
2292,2026-01-14T13:28:00.0,2026-01-30T19:05:45.531,Any[],56,13
2693,2026-01-14T13:28:00.0,2026-01-23T19:05:45.531,Any[],45,3
2288,2026-01-14T13:43:00.0,2026-01-09T19:20:45.531,Any[],56,13
2378,2026-01-14T13:59:00.0,2026-01-30T19:36:45.531,Any[],56,3
3033,2026-01-17T07:01:00.0,2026-02-02T12:38:45.531,Any[],6,64
2237,2026-01-17T07:03:00.0,2026-02-02T12:40:45.531,Any[],56,17
2243,2026-01-17T07:03:00.0,2026-01-26T12:40:45.531,Any[],56,17
2240,2026-01-17T07:06:00.0,2026-01-26T12:43:45.531,Any[],56,17
2373,2026-01-17T07:09:00.0,2026-02-02T12:46:45.531,Any[],56,3
2649,2026-01-17T07:19:00.0,2026-01-26T12:56:45.531,Any[],45,7
2675,2026-01-17T07:19:00.0,2026-02-02T12:56:45.531,Any[],45,3
2221,2026-01-17T07:20:00.0,2026-01-12T12:57:45.531,Any[],56,17
3028,2026-01-17T07:33:00.0,2026-01-26T13:10:45.531,Any[],6,64
2659,2026-01-17T07:35:00.0,2026-01-19T13:12:45.531,Any[],45,2
2230,2026-01-17T07:36:00.0,2026-01-26T13:13:45.531,Any[],56,17
2220,2026-01-17T07:43:00.0,2026-01-12T13:20:45.531,Any[],56,17
3020,2026-01-17T07:44:00.0,2026-01-19T13:21:45.531,Any[],6,64
2674,2026-01-17T07:46:00.0,2026-01-19T13:23:45.531,Any[],45,3
3074,2026-01-17T07:48:00.0,2026-01-19T13:25:45.531,Any[],6,54
3092,2026-01-17T07:48:00.0,2026-01-19T13:25:45.531,Any[],10,64
2697,2026-01-17T07:59:00.0,2026-01-19T13:36:45.531,Any[],45,3
2236,2026-01-17T13:00:00.0,2026-01-19T18:37:45.531,Any[],56,17
2637,2026-01-17T13:07:00.0,2026-01-19T18:44:45.531,Any[],45,7
3135,2026-01-17T13:07:00.0,2026-01-19T18:44:45.531,Any[],10,64
2239,2026-01-17T13:08:00.0,2026-01-12T18:45:45.531,Any[],56,17
3046,2026-01-17T13:09:00.0,2026-01-19T18:46:45.531,Any[],6,64
2689,2026-01-17T13:12:00.0,2026-01-19T18:49:45.531,Any[],45,3
2471,2026-01-17T13:14:00.0,2026-01-12T18:51:45.531,Any[],55,3
3079,2026-01-17T13:14:00.0,2026-01-19T18:51:45.531,Any[],6,54
2696,2026-01-17T13:15:00.0,2026-02-02T18:52:45.531,Any[],45,3
2638,2026-01-17T13:16:00.0,2026-01-26T18:53:45.531,Any[],45,7
3104,2026-01-17T13:16:00.0,2026-01-19T18:53:45.531,Any[],10,64
3107,2026-01-17T13:16:00.0,2026-01-26T18:53:45.531,Any[],10,64
3021,2026-01-17T13:17:00.0,2026-01-19T18:54:45.531,Any[],6,64
2662,2026-01-17T13:18:00.0,2026-01-12T18:55:45.531,Any[],45,3
7,2026-01-17T13:20:00.0,2026-01-12T18:57:45.531,"Any[45, 37, 30, 25]",45,25
10,2026-01-17T13:20:00.0,2026-01-12T18:57:45.531,"Any[53, 45, 37, 30, 25, 19, 13, 8]",53,8
16,2026-01-17T13:20:00.0,2026-01-26T18:57:45.531,"Any[8, 13, 19, 25, 30, 37, 45, 53, 62]",8,62
24,2026-01-17T13:20:00.0,2026-02-02T18:57:45.531,"Any[7, 8, 13, 19, 25, 30, 37, 45, 53, 60]",7,60
27,2026-01-17T13:20:00.0,2026-01-19T18:57:45.531,"Any[3, 10, 19, 25, 30, 37, 45, 53]",3,53
33,2026-01-17T13:20:00.0,2026-02-02T18:57:45.531,"Any[60, 56, 45, 37, 30, 25, 19, 13, 8]",60,8
35,2026-01-17T13:20:00.0,2026-01-26T18:57:45.531,"Any[53, 45, 37, 30, 25, 19, 13, 8]",53,8
39,2026-01-17T13:20:00.0,2026-01-19T18:57:45.531,"Any[8, 13, 19, 25, 30, 37, 45, 56]",8,56
44,2026-01-17T13:20:00.0,2026-01-19T18:57:45.531,"Any[1, 6, 11, 19, 25, 30, 37, 45, 56]",1,56
49,2026-01-17T13:20:00.0,2026-02-02T18:57:45.531,"Any[53, 45, 37, 30, 25, 19, 10]",53,10
54,2026-01-17T13:20:00.0,2026-02-02T18:57:45.531,"Any[8, 13, 19, 25, 30, 37, 45, 56]",8,56
62,2026-01-17T13:20:00.0,2026-01-26T18:57:45.531,"Any[53, 45, 37, 30, 25, 19, 11, 6, 1]",53,1
66,2026-01-17T13:20:00.0,2026-02-02T18:57:45.531,"Any[8, 13, 19, 25, 30, 37, 45, 56]",8,56
80,2026-01-17T13:20:00.0,2026-01-19T18:57:45.531,"Any[56, 45, 37, 30, 25, 19, 11, 6]",56,6
88,2026-01-17T13:20:00.0,2026-01-26T18:57:45.531,"Any[3, 10, 19, 25, 30, 37, 45, 53]",3,53
89,2026-01-17T13:20:00.0,2026-01-19T18:57:45.531,"Any[53, 45, 37, 30, 25, 19, 11, 6, 1]",53,1
90,2026-01-17T13:20:00.0,2026-01-19T18:57:45.531,"Any[6, 11, 19, 25, 30, 37, 45, 53]",6,53
93,2026-01-17T13:20:00.0,2026-01-26T18:57:45.531,"Any[60, 53, 45, 37, 30, 25, 19, 11, 6]",60,6
100,2026-01-17T13:20:00.0,2026-01-19T18:57:45.531,"Any[19, 25, 30, 37, 45, 56]",19,56
102,2026-01-17T13:20:00.0,2026-02-02T18:57:45.531,"Any[53, 45, 37, 30, 25, 19, 10]",53,10
103,2026-01-17T13:20:00.0,2026-01-26T18:57:45.531,"Any[7, 8, 13, 19, 25, 30, 37, 45, 53]",7,53
108,2026-01-17T13:20:00.0,2026-02-02T18:57:45.531,"Any[62, 45, 37, 30, 25, 19, 11, 6]",62,6
116,2026-01-17T13:20:00.0,2026-01-19T18:57:45.531,"Any[1, 6, 11, 19, 25, 30, 37, 45, 56]",1,56
121,2026-01-17T13:20:00.0,2026-01-12T18:57:45.531,"Any[3, 10, 19, 25, 30, 37, 45, 53]",3,53
124,2026-01-17T13:20:00.0,2026-01-26T18:57:45.531,"Any[64, 60, 56, 45, 37, 30, 25, 19]",64,19
132,2026-01-17T13:20:00.0,2026-01-26T18:57:45.531,"Any[54, 44, 36, 23, 19, 13, 8]",54,8
137,2026-01-17T13:20:00.0,2026-01-12T18:57:45.531,"Any[53, 45, 37, 30, 25, 19, 13, 8]",53,8
148,2026-01-17T13:20:00.0,2026-02-02T18:57:45.531,"Any[56, 45, 37, 30, 25, 19, 11, 6, 6, 1]",56,6
151,2026-01-17T13:20:00.0,2026-01-26T18:57:45.531,"Any[19, 25, 30, 37, 45, 56]",19,56
152,2026-01-17T13:20:00.0,2026-02-02T18:57:45.531,"Any[60, 53, 45, 37, 30, 25]",60,25
153,2026-01-17T13:20:00.0,2026-01-12T18:57:45.531,"Any[56, 45, 37, 30, 25, 19]",56,19
160,2026-01-17T13:20:00.0,2026-01-19T18:57:45.531,"Any[53, 45, 37, 30, 25, 19, 11, 6, 1]",53,1
163,2026-01-17T13:20:00.0,2026-02-02T18:57:45.531,"Any[16, 19, 25, 30, 37, 45, 53]",16,53
166,2026-01-17T13:20:00.0,2026-01-12T18:57:45.531,"Any[19, 25, 30, 37, 45, 56]",19,56
168,2026-01-17T13:20:00.0,2026-01-19T18:57:45.531,"Any[7, 8, 13, 19, 25, 30, 37, 45, 53]",7,53
171,2026-01-17T13:20:00.0,2026-01-26T18:57:45.531,"Any[60, 53, 45, 37, 30, 25, 19]",60,19
174,2026-01-17T13:20:00.0,2026-01-19T18:57:45.531,"Any[53, 45, 37, 30, 25, 19, 10]",53,10
179,2026-01-17T13:20:00.0,2026-01-19T18:57:45.531,"Any[10, 19, 25, 30, 37, 45, 53, 60]",10,60
182,2026-01-17T13:20:00.0,2026-01-19T18:57:45.531,"Any[60, 56, 45, 37, 30, 25, 19, 13, 8]",60,8
183,2026-01-17T13:20:00.0,2026-01-19T18:57:45.531,"Any[56, 45, 37, 30, 25, 19, 11, 6]",56,6
184,2026-01-17T13:20:00.0,2026-01-26T18:57:45.531,"Any[60, 53, 45, 37, 30, 25]",60,25
186,2026-01-17T13:20:00.0,2026-01-26T18:57:45.531,"Any[16, 25, 30, 37, 45, 53]",16,53
187,2026-01-17T13:20:00.0,2026-01-19T18:57:45.531,"Any[3, 10, 19, 25, 30, 37, 45, 53]",3,53
193,2026-01-17T13:20:00.0,2026-01-12T18:57:45.531,"Any[64, 60, 53, 45, 37, 30, 25, 19, 11, 6, 1]",64,1
194,2026-01-17T13:20:00.0,2026-01-19T18:57:45.531,"Any[53, 45, 37, 30, 25, 19, 10]",53,10
198,2026-01-17T13:20:00.0,2026-01-12T18:57:45.531,"Any[6, 11, 19, 25, 30, 37, 45]",6,45
200,2026-01-17T13:20:00.0,2026-01-12T18:57:45.531,"Any[53, 45, 37, 30, 25, 19, 11, 6, 1]",53,1
215,2026-01-17T13:20:00.0,2026-01-26T18:57:45.531,"Any[1, 6, 11, 19, 23, 36, 44, 54, 60]",1,60
221,2026-01-17T13:20:00.0,2026-01-12T18:57:45.531,"Any[60, 53, 45, 37, 30, 25, 19, 13, 8]",60,8
232,2026-01-17T13:20:00.0,2026-02-02T18:57:45.531,"Any[62, 45, 37, 30, 25, 19]",62,19
235,2026-01-17T13:20:00.0,2026-01-26T18:57:45.531,"Any[19, 25, 30, 37, 45, 56]",19,56
236,2026-01-17T13:20:00.0,2026-01-19T18:57:45.531,"Any[16, 25, 30, 37, 45, 53, 60]",16,60
238,2026-01-17T13:20:00.0,2026-01-26T18:57:45.531,"Any[1, 6, 11, 19, 25, 30, 37, 45, 56]",1,56
241,2026-01-17T13:20:00.0,2026-01-26T18:57:45.531,"Any[1, 6, 11, 16, 25, 30, 37, 45, 56]",1,56
242,2026-01-17T13:20:00.0,2026-02-02T18:57:45.531,"Any[8, 13, 19, 25, 30, 37, 45, 56]",8,56
245,2026-01-17T13:20:00.0,2026-02-02T18:57:45.531,"Any[7, 8, 13, 19, 25, 30, 37, 45, 53]",7,53
256,2026-01-17T13:20:00.0,2026-02-02T18:57:45.531,"Any[56, 45, 37, 30, 25]",56,25
261,2026-01-17T13:20:00.0,2026-01-26T18:57:45.531,"Any[6, 11, 19, 25, 30, 37, 45, 56, 60]",6,60
263,2026-01-17T13:20:00.0,2026-01-26T18:57:45.531,"Any[56, 45, 37, 30, 25, 19, 11, 6]",56,6
265,2026-01-17T13:20:00.0,2026-02-02T18:57:45.531,"Any[16, 25, 30, 37, 45, 53, 60]",16,60
266,2026-01-17T13:20:00.0,2026-01-19T18:57:45.531,"Any[60, 56, 45, 37, 30, 25, 19, 11, 6]",60,6
270,2026-01-17T13:20:00.0,2026-01-12T18:57:45.531,"Any[53, 45, 37, 30, 25, 19, 11, 6, 1]",53,1
280,2026-01-17T13:20:00.0,2026-02-02T18:57:45.531,"Any[8, 13, 19, 25, 30, 37, 45, 56]",8,56
285,2026-01-17T13:20:00.0,2026-02-02T18:57:45.531,"Any[56, 45, 37, 30, 25]",56,25
300,2026-01-17T13:20:00.0,2026-01-12T18:57:45.531,"Any[53, 45, 37, 30, 25, 19, 13, 8]",53,8
306,2026-01-17T13:20:00.0,2026-01-26T18:57:45.531,"Any[53, 45, 37, 30, 25, 19, 11, 6, 1]",53,1
307,2026-01-17T13:20:00.0,2026-01-12T18:57:45.531,"Any[56, 45, 37, 30, 25, 19, 11, 6]",56,6
314,2026-01-17T13:20:00.0,2026-01-26T18:57:45.531,"Any[45, 37, 30, 25, 19]",45,19
318,2026-01-17T13:20:00.0,2026-01-26T18:57:45.531,"Any[3, 6, 11, 19, 25, 30, 37, 45, 53]",3,53
333,2026-01-17T13:20:00.0,2026-01-12T18:57:45.531,"Any[56, 45, 37, 30, 25, 19, 11, 6]",56,6
335,2026-01-17T13:20:00.0,2026-01-19T18:57:45.531,"Any[53, 45, 37, 30, 25, 19, 10]",53,10
341,2026-01-17T13:20:00.0,2026-01-26T18:57:45.531,"Any[1, 6, 11, 19, 25, 30, 37, 45, 53, 60]",1,60
351,2026-01-17T13:20:00.0,2026-02-02T18:57:45.531,"Any[1, 6, 11, 16, 25, 30, 37, 45, 56]",1,56
352,2026-01-17T13:20:00.0,2026-01-12T18:57:45.531,"Any[19, 25, 30, 37, 45, 53]",19,53
353,2026-01-17T13:20:00.0,2026-01-26T18:57:45.531,"Any[7, 8, 13, 19, 25, 30, 37, 45, 53]",7,53
358,2026-01-17T13:20:00.0,2026-02-02T18:57:45.531,"Any[8, 13, 19, 25, 30, 37, 45, 56]",8,56
364,2026-01-17T13:20:00.0,2026-02-02T18:57:45.531,"Any[5, 6, 11, 19, 25, 30, 37, 45]",5,45
367,2026-01-17T13:20:00.0,2026-02-02T18:57:45.531,"Any[19, 25, 30, 37, 45, 56]",19,56
368,2026-01-17T13:20:00.0,2026-02-02T18:57:45.531,"Any[60, 56, 45, 37, 30, 25, 19, 11, 6]",60,6
372,2026-01-17T13:20:00.0,2026-01-12T18:57:45.531,"Any[53, 45, 37, 30, 25, 19, 11, 6, 1]",53,1
375,2026-01-17T13:20:00.0,2026-01-19T18:57:45.531,"Any[1, 6, 11, 19, 25, 30, 37, 45, 56]",1,56
385,2026-01-17T13:20:00.0,2026-01-12T18:57:45.531,"Any[7, 8, 13, 19, 25, 30, 37, 45, 53]",7,53
390,2026-01-17T13:20:00.0,2026-01-12T18:57:45.531,"Any[1, 6, 11, 19, 23, 16, 23, 36, 44, 60]",1,60
402,2026-01-17T13:20:00.0,2026-01-12T18:57:45.531,"Any[3, 10, 19, 25, 30, 37, 45, 53]",3,53
405,2026-01-17T13:20:00.0,2026-01-12T18:57:45.531,"Any[1, 6, 11, 19, 25, 30, 37, 45, 53, 60]",1,60
412,2026-01-17T13:20:00.0,2026-01-19T18:57:45.531,"Any[5, 6, 11, 19, 25, 30, 37, 45]",5,45
413,2026-01-17T13:20:00.0,2026-01-26T18:57:45.531,"Any[60, 56, 45, 37, 30, 25]",60,25
414,2026-01-17T13:20:00.0,2026-01-26T18:57:45.531,"Any[19, 25, 30, 37, 45, 53]",19,53
416,2026-01-17T13:20:00.0,2026-02-02T18:57:45.531,"Any[10, 19, 25, 30, 37, 45, 53, 60]",10,60
422,2026-01-17T13:20:00.0,2026-01-12T18:57:45.531,"Any[17, 16, 25, 30, 37, 45, 53]",17,53
424,2026-01-17T13:20:00.0,2026-02-02T18:57:45.531,"Any[1, 6, 11, 19, 25, 30, 37, 45, 56]",1,56
432,2026-01-17T13:20:00.0,2026-01-26T18:57:45.531,"Any[8, 13, 19, 25, 30, 37, 45, 56]",8,56
435,2026-01-17T13:20:00.0,2026-01-19T18:57:45.531,"Any[19, 25, 30, 37, 45, 56]",19,56
444,2026-01-17T13:20:00.0,2026-01-12T18:57:45.531,"Any[1, 6, 11, 19, 23, 36, 44, 54, 60]",1,60
450,2026-01-17T13:20:00.0,2026-01-26T18:57:45.531,"Any[7, 8, 13, 19, 25, 30, 37, 45, 53]",7,53
453,2026-01-17T13:20:00.0,2026-01-26T18:57:45.531,"Any[6, 11, 19, 25, 30, 37, 45]",6,45
460,2026-01-17T13:20:00.0,2026-01-26T18:57:45.531,"Any[53, 45, 37, 30, 25, 19, 10]",53,10
469,2026-01-17T13:20:00.0,2026-01-26T18:57:45.531,"Any[16, 17, 25, 30, 37, 45, 53]",16,53
474,2026-01-17T13:20:00.0,2026-01-19T18:57:45.531,"Any[53, 45, 37, 30, 25, 19, 13, 8]",53,8
480,2026-01-17T13:20:00.0,2026-01-12T18:57:45.531,"Any[7, 8, 13, 19, 25, 30, 37, 45, 53]",7,53
481,2026-01-17T13:20:00.0,2026-02-02T18:57:45.531,"Any[6, 11, 19, 25, 30, 37, 45]",6,45
492,2026-01-17T13:20:00.0,2026-02-02T18:57:45.531,"Any[8, 13, 19, 25, 30, 37, 45, 56]",8,56
495,2026-01-17T13:20:00.0,2026-02-02T18:57:45.531,"Any[53, 45, 37, 30, 25, 19, 11, 6, 1]",53,1
497,2026-01-17T13:20:00.0,2026-02-02T18:57:45.531,"Any[56, 45, 37, 30, 25]",56,25
501,2026-01-17T13:20:00.0,2026-01-12T18:57:45.531,"Any[53, 45, 37, 30, 25, 19, 10]",53,10
512,2026-01-17T13:20:00.0,2026-01-19T18:57:45.531,"Any[19, 25, 30, 37, 45, 53]",19,53
513,2026-01-17T13:20:00.0,2026-01-12T18:57:45.531,"Any[19, 25, 30, 37, 45, 53]",19,53
520,2026-01-17T13:20:00.0,2026-01-12T18:57:45.531,"Any[6, 11, 19, 25, 30, 37, 45, 56]",6,56
522,2026-01-17T13:20:00.0,2026-01-12T18:57:45.531,"Any[10, 19, 25, 30, 37, 45, 53]",10,53
523,2026-01-17T13:20:00.0,2026-02-02T18:57:45.531,"Any[16, 25, 30, 37, 45, 53]",16,53
537,2026-01-17T13:20:00.0,2026-01-19T18:57:45.531,"Any[6, 11, 19, 25, 30, 37, 45]",6,45
541,2026-01-17T13:20:00.0,2026-01-19T18:57:45.531,"Any[17, 16, 17, 25, 30, 37, 45, 53]",17,53
543,2026-01-17T13:20:00.0,2026-01-12T18:57:45.531,"Any[53, 45, 37, 30, 25, 19, 10]",53,10
550,2026-01-17T13:20:00.0,2026-01-12T18:57:45.531,"Any[53, 45, 37, 30, 25, 19, 10]",53,10
553,2026-01-17T13:20:00.0,2026-01-12T18:57:45.531,"Any[1, 6, 11, 19, 30, 37, 45, 56]",1,56
556,2026-01-17T13:20:00.0,2026-02-02T18:57:45.531,"Any[7, 8, 13, 19, 25, 30, 37, 45, 53]",7,53
558,2026-01-17T13:20:00.0,2026-01-26T18:57:45.531,"Any[64, 60, 53, 45, 37, 30, 25, 19, 11, 6, 1]",64,1
560,2026-01-17T13:20:00.0,2026-01-12T18:57:45.531,"Any[7, 8, 13, 19, 25, 30, 37, 45, 53]",7,53
564,2026-01-17T13:20:00.0,2026-02-02T18:57:45.531,"Any[10, 19, 25, 30, 37, 45, 53]",10,53
565,2026-01-17T13:20:00.0,2026-01-19T18:57:45.531,"Any[17, 19, 17, 25, 30, 37, 45, 53]",17,53
568,2026-01-17T13:20:00.0,2026-01-26T18:57:45.531,"Any[8, 13, 19, 25, 30, 37, 45, 56]",8,56
570,2026-01-17T13:20:00.0,2026-01-19T18:57:45.531,"Any[19, 25, 30, 37, 45, 53]",19,53
573,2026-01-17T13:20:00.0,2026-01-19T18:57:45.531,"Any[6, 11, 19, 25, 30, 37, 45, 53]",6,53
576,2026-01-17T13:20:00.0,2026-01-19T18:57:45.531,"Any[1, 6, 11, 16, 25, 30, 37, 45, 56, 60]",1,60
577,2026-01-17T13:20:00.0,2026-01-19T18:57:45.531,"Any[1, 6, 11, 19, 25, 30, 37, 45, 53, 60]",1,60
585,2026-01-17T13:20:00.0,2026-01-12T18:57:45.531,"Any[19, 25, 30, 37, 45, 53]",19,53
607,2026-01-17T13:20:00.0,2026-01-12T18:57:45.531,"Any[53, 45, 37, 30, 25, 19, 10]",53,10
608,2026-01-17T13:20:00.0,2026-01-26T18:57:45.531,"Any[8, 13, 19, 25, 30, 37, 45, 56]",8,56
618,2026-01-17T13:20:00.0,2026-02-02T18:57:45.531,"Any[56, 45, 37, 30, 25, 19]",56,19
620,2026-01-17T13:20:00.0,2026-01-26T18:57:45.531,"Any[53, 45, 37, 30, 25, 19, 11, 6, 1]",53,1
624,2026-01-17T13:20:00.0,2026-01-26T18:57:45.531,"Any[6, 11, 19, 25, 30, 37, 45]",6,45
626,2026-01-17T13:20:00.0,2026-01-12T18:57:45.531,"Any[10, 19, 25, 30, 37, 45, 53]",10,53
632,2026-01-17T13:20:00.0,2026-01-12T18:57:45.531,"Any[53, 45, 37, 30, 25, 19, 10]",53,10
633,2026-01-17T13:20:00.0,2026-01-26T18:57:45.531,"Any[53, 45, 37, 30, 25, 19, 13, 8]",53,8
634,2026-01-17T13:20:00.0,2026-02-02T18:57:45.531,"Any[10, 19, 25, 30, 37, 45, 53, 60]",10,60
641,2026-01-17T13:20:00.0,2026-01-12T18:57:45.531,"Any[2, 9, 21, 27, 31, 36, 45, 55]",2,55
643,2026-01-17T13:20:00.0,2026-02-02T18:57:45.531,"Any[5, 6, 11, 19, 25, 30, 37, 45]",5,45
644,2026-01-17T13:20:00.0,2026-01-19T18:57:45.531,"Any[60, 53, 45, 37, 30, 25, 19, 13, 8]",60,8
645,2026-01-17T13:20:00.0,2026-02-02T18:57:45.531,"Any[17, 25, 30, 37, 45, 53, 60]",17,60
646,2026-01-17T13:20:00.0,2026-02-02T18:57:45.531,"Any[53, 45, 37, 30, 25, 19, 11, 6, 1]",53,1
651,2026-01-17T13:20:00.0,2026-01-12T18:57:45.531,"Any[60, 56, 45, 37, 30, 25, 19]",60,19
654,2026-01-17T13:20:00.0,2026-01-12T18:57:45.531,"Any[53, 45, 37, 30, 25, 19, 13, 8]",53,8
655,2026-01-17T13:20:00.0,2026-01-26T18:57:45.531,"Any[60, 53, 45, 37, 30, 25, 19]",60,19
658,2026-01-17T13:20:00.0,2026-01-12T18:57:45.531,"Any[60, 53, 45, 37, 30, 25, 19]",60,19
662,2026-01-17T13:20:00.0,2026-01-26T18:57:45.531,"Any[53, 45, 37, 30, 25, 19, 11, 6, 1]",53,1
663,2026-01-17T13:20:00.0,2026-02-02T18:57:45.531,"Any[7, 8, 13, 19, 25, 30, 37, 45, 53]",7,53
664,2026-01-17T13:20:00.0,2026-02-02T18:57:45.531,"Any[8, 13, 19, 25, 30, 37, 45, 56]",8,56
667,2026-01-17T13:20:00.0,2026-01-19T18:57:45.531,"Any[8, 13, 19, 25, 30, 37, 45, 56]",8,56
669,2026-01-17T13:20:00.0,2026-01-12T18:57:45.531,"Any[62, 53, 45, 37, 30, 25, 19, 11, 6]",62,6
670,2026-01-17T13:20:00.0,2026-01-19T18:57:45.531,"Any[60, 56, 45, 37, 30, 25]",60,25
673,2026-01-17T13:20:00.0,2026-01-19T18:57:45.531,"Any[53, 45, 37, 30, 25, 19, 10]",53,10
681,2026-01-17T13:20:00.0,2026-01-26T18:57:45.531,"Any[56, 45, 37, 30, 25, 19, 11, 6]",56,6
683,2026-01-17T13:20:00.0,2026-01-19T18:57:45.531,"Any[60, 56, 45, 37, 30, 25, 19]",60,19
685,2026-01-17T13:20:00.0,2026-01-26T18:57:45.531,"Any[60, 56, 45, 37, 30, 25, 19, 11, 6]",60,6
688,2026-01-17T13:20:00.0,2026-01-19T18:57:45.531,"Any[8, 13, 19, 25, 30, 37, 45, 56]",8,56
692,2026-01-17T13:20:00.0,2026-01-26T18:57:45.531,"Any[56, 45, 37, 30, 25, 19, 11, 6]",56,6
708,2026-01-17T13:20:00.0,2026-01-12T18:57:45.531,"Any[3, 10, 19, 25, 30, 37, 45, 53]",3,53
711,2026-01-17T13:20:00.0,2026-01-19T18:57:45.531,"Any[19, 25, 30, 37, 45, 56]",19,56
716,2026-01-17T13:20:00.0,2026-01-26T18:57:45.531,"Any[53, 45, 37, 30, 25, 19, 13, 8]",53,8
724,2026-01-17T13:20:00.0,2026-01-26T18:57:45.531,"Any[56, 45, 37, 30, 25]",56,25
727,2026-01-17T13:20:00.0,2026-02-02T18:57:45.531,"Any[64, 60, 56, 45, 37, 30, 25, 19, 13, 8]",64,8
733,2026-01-17T13:20:00.0,2026-01-19T18:57:45.531,"Any[8, 13, 19, 25, 30, 37, 45, 56]",8,56
737,2026-01-17T13:20:00.0,2026-01-26T18:57:45.531,"Any[1, 6, 11, 19, 25, 30, 37, 45, 53, 60]",1,60
743,2026-01-17T13:20:00.0,2026-02-02T18:57:45.531,"Any[8, 13, 19, 25, 30, 37, 45, 56]",8,56
750,2026-01-17T13:20:00.0,2026-01-12T18:57:45.531,"Any[53, 45, 37, 30, 25, 19, 13, 8]",53,8
757,2026-01-17T13:20:00.0,2026-02-02T18:57:45.531,"Any[14, 19, 25, 30, 37, 45, 53]",14,53
760,2026-01-17T13:20:00.0,2026-02-02T18:57:45.531,"Any[53, 45, 37, 30, 25, 19, 11, 6, 1]",53,1
765,2026-01-17T13:20:00.0,2026-02-02T18:57:45.531,"Any[53, 45, 37, 30, 25, 19, 10]",53,10
766,2026-01-17T13:20:00.0,2026-02-02T18:57:45.531,"Any[56, 45, 37, 30, 25, 19, 11, 6]",56,6
774,2026-01-17T13:20:00.0,2026-01-19T18:57:45.531,"Any[64, 60, 53, 45, 37, 30, 25, 19, 11, 6, 1]",64,1
778,2026-01-17T13:20:00.0,2026-02-02T18:57:45.531,"Any[6, 11, 19, 25, 30, 37, 45]",6,45
780,2026-01-17T13:20:00.0,2026-01-12T18:57:45.531,"Any[53, 45, 37, 30, 25, 19, 10]",53,10
783,2026-01-17T13:20:00.0,2026-02-02T18:57:45.531,"Any[53, 45, 37, 30, 25, 19, 11, 6, 1]",53,1
789,2026-01-17T13:20:00.0,2026-02-02T18:57:45.531,"Any[64, 60, 56, 45, 37, 30, 25, 19, 13, 8]",64,8
796,2026-01-17T13:20:00.0,2026-01-19T18:57:45.531,"Any[1, 6, 11, 19, 23, 36, 44, 54, 60]",1,60
806,2026-01-17T13:20:00.0,2026-02-02T18:57:45.531,"Any[17, 25, 30, 37, 45, 53]",17,53
816,2026-01-17T13:20:00.0,2026-01-12T18:57:45.531,"Any[19, 25, 30, 37, 45, 56]",19,56
820,2026-01-17T13:20:00.0,2026-01-26T18:57:45.531,"Any[25, 30, 37, 45, 53]",25,53
823,2026-01-17T13:20:00.0,2026-01-26T18:57:45.531,"Any[5, 6, 11, 19, 25, 30, 37, 45]",5,45
828,2026-01-17T13:20:00.0,2026-01-12T18:57:45.531,"Any[62, 45, 37, 30, 25, 19]",62,19
833,2026-01-17T13:20:00.0,2026-01-12T18:57:45.531,"Any[8, 13, 19, 25, 30, 37, 45, 56]",8,56
836,2026-01-17T13:20:00.0,2026-01-12T18:57:45.531,"Any[8, 13, 19, 25, 30, 37, 45, 56]",8,56
841,2026-01-17T13:20:00.0,2026-01-12T18:57:45.531,"Any[60, 56, 45, 37, 30, 25, 19, 11, 6]",60,6
844,2026-01-17T13:20:00.0,2026-01-12T18:57:45.531,"Any[56, 45, 37, 30, 25, 19, 11, 6]",56,6
849,2026-01-17T13:20:00.0,2026-01-12T18:57:45.531,"Any[53, 45, 37, 30, 25, 19, 10]",53,10
854,2026-01-17T13:20:00.0,2026-02-02T18:57:45.531,"Any[53, 45, 37, 30, 25, 19, 10]",53,10
856,2026-01-17T13:20:00.0,2026-01-19T18:57:45.531,"Any[8, 13, 19, 25, 30, 37, 45, 56]",8,56
863,2026-01-17T13:20:00.0,2026-01-19T18:57:45.531,"Any[45, 37, 30, 25, 19]",45,19
865,2026-01-17T13:20:00.0,2026-01-12T18:57:45.531,"Any[17, 25, 30, 37, 45, 53]",17,53
873,2026-01-17T13:20:00.0,2026-01-26T18:57:45.531,"Any[7, 8, 13, 19, 25, 30, 37, 45, 53]",7,53
887,2026-01-17T13:20:00.0,2026-02-02T18:57:45.531,"Any[6, 11, 19, 25, 30, 37, 45, 56]",6,56
894,2026-01-17T13:20:00.0,2026-01-12T18:57:45.531,"Any[10, 19, 25, 30, 37, 45, 53]",10,53
898,2026-01-17T13:20:00.0,2026-01-26T18:57:45.531,"Any[53, 45, 37, 30, 25, 19, 11, 6, 1]",53,1
904,2026-01-17T13:20:00.0,2026-01-26T18:57:45.531,"Any[53, 45, 37, 30, 25, 19, 10]",53,10
909,2026-01-17T13:20:00.0,2026-01-12T18:57:45.531,"Any[8, 13, 19, 25, 30, 37, 45, 56]",8,56
910,2026-01-17T13:20:00.0,2026-02-02T18:57:45.531,"Any[19, 25, 30, 37, 45, 56]",19,56
913,2026-01-17T13:20:00.0,2026-01-12T18:57:45.531,"Any[17, 25, 30, 37, 45, 53]",17,53
927,2026-01-17T13:20:00.0,2026-01-26T18:57:45.531,"Any[10, 19, 25, 30, 37, 45, 53]",10,53
929,2026-01-17T13:20:00.0,2026-01-19T18:57:45.531,"Any[45, 37, 30, 25, 19]",45,19
932,2026-01-17T13:20:00.0,2026-01-12T18:57:45.531,"Any[6, 11, 19, 25, 30, 37, 45, 53]",6,53
935,2026-01-17T13:20:00.0,2026-01-19T18:57:45.531,"Any[19, 17, 25, 30, 37, 45, 53]",19,53
936,2026-01-17T13:20:00.0,2026-01-12T18:57:45.531,"Any[6, 11, 19, 25, 30, 37, 45]",6,45
941,2026-01-17T13:20:00.0,2026-02-02T18:57:45.531,"Any[10, 19, 25, 30, 37, 45, 53]",10,53
943,2026-01-17T13:20:00.0,2026-01-26T18:57:45.531,"Any[62, 53, 45, 37, 30, 25, 19, 11, 6, 1]",62,1
944,2026-01-17T13:20:00.0,2026-01-12T18:57:45.531,"Any[8, 13, 19, 25, 30, 37, 45, 56]",8,56
947,2026-01-17T13:20:00.0,2026-01-12T18:57:45.531,"Any[1, 6, 11, 19, 25, 30, 37, 45, 56]",1,56
954,2026-01-17T13:20:00.0,2026-01-26T18:57:45.531,"Any[64, 60, 53, 45, 37, 30, 25, 19, 13, 8]",64,8
955,2026-01-17T13:20:00.0,2026-01-19T18:57:45.531,"Any[62, 45, 37, 30, 25, 19, 14, 13, 14]",62,14
957,2026-01-17T13:20:00.0,2026-01-19T18:57:45.531,"Any[53, 45, 37, 30, 25, 19, 11, 6, 1]",53,1
965,2026-01-17T13:20:00.0,2026-01-26T18:57:45.531,"Any[53, 45, 37, 30, 25, 19, 10]",53,10
973,2026-01-17T13:20:00.0,2026-01-26T18:57:45.531,"Any[8, 13, 19, 25, 30, 37, 45, 53, 60]",8,60
974,2026-01-17T13:20:00.0,2026-01-26T18:57:45.531,"Any[10, 19, 25, 30, 37, 45, 53]",10,53
975,2026-01-17T13:20:00.0,2026-01-12T18:57:45.531,"Any[6, 11, 19, 25, 30, 37, 45, 53]",6,53
980,2026-01-17T13:20:00.0,2026-02-02T18:57:45.531,"Any[53, 45, 37, 30, 25, 17, 11, 6, 1]",53,1
988,2026-01-17T13:20:00.0,2026-01-26T18:57:45.531,"Any[16, 25, 30, 37, 45, 53]",16,53
989,2026-01-17T13:20:00.0,2026-02-02T18:57:45.531,"Any[19, 25, 30, 37, 45, 56]",19,56
994,2026-01-17T13:20:00.0,2026-01-19T18:57:45.531,"Any[64, 53, 45, 37, 30, 25, 19, 13, 8]",64,8
999,2026-01-17T13:20:00.0,2026-01-19T18:57:45.531,"Any[53, 45, 37, 30, 25, 19, 10]",53,10
1005,2026-01-17T13:20:00.0,2026-01-19T18:57:45.531,"Any[1, 6, 11, 19, 25, 30, 37, 45, 56]",1,56
1006,2026-01-17T13:20:00.0,2026-01-19T18:57:45.531,"Any[64, 60, 53, 45, 37, 30, 25, 19, 13, 8]",64,8
1015,2026-01-17T13:20:00.0,2026-02-02T18:57:45.531,"Any[16, 19, 25, 30, 37, 45, 53]",16,53
1016,2026-01-17T13:20:00.0,2026-01-26T18:57:45.531,"Any[1, 6, 11, 19, 25, 30, 37, 45, 53]",1,53
1021,2026-01-17T13:20:00.0,2026-01-26T18:57:45.531,"Any[3, 10, 19, 25, 30, 37, 45, 53]",3,53
1022,2026-01-17T13:20:00.0,2026-02-02T18:57:45.531,"Any[56, 45, 37, 30, 25, 19, 11, 6]",56,6
1024,2026-01-17T13:20:00.0,2026-01-26T18:57:45.531,"Any[17, 25, 30, 37, 45, 53, 60]",17,60
1031,2026-01-17T13:20:00.0,2026-01-12T18:57:45.531,"Any[53, 45, 37, 30, 25, 19, 11, 6, 1]",53,1
1033,2026-01-17T13:20:00.0,2026-01-26T18:57:45.531,"Any[64, 60, 53, 45, 37, 30, 25, 19, 11, 6, 1]",64,1
1043,2026-01-17T13:20:00.0,2026-01-26T18:57:45.531,"Any[1, 6, 11, 19, 25, 30, 37, 45, 56]",1,56
1049,2026-01-17T13:20:00.0,2026-01-19T18:57:45.531,"Any[8, 13, 19, 25, 30, 37, 45, 56, 60]",8,60
1050,2026-01-17T13:20:00.0,2026-02-02T18:57:45.531,"Any[56, 45, 37, 30, 25, 19, 11, 6]",56,6
1054,2026-01-17T13:20:00.0,2026-02-02T18:57:45.531,"Any[56, 45, 37, 30, 25]",56,25
1058,2026-01-17T13:20:00.0,2026-01-19T18:57:45.531,"Any[19, 25, 30, 37, 45, 56]",19,56
1065,2026-01-17T13:20:00.0,2026-01-26T18:57:45.531,"Any[53, 45, 37, 30, 25, 19, 10]",53,10
1066,2026-01-17T13:20:00.0,2026-01-12T18:57:45.531,"Any[64, 60, 53, 45, 37, 30, 25, 19, 11, 6, 1]",64,1
1071,2026-01-17T13:20:00.0,2026-01-26T18:57:45.531,"Any[10, 19, 25, 30, 37, 45, 53, 60]",10,60
1074,2026-01-17T13:20:00.0,2026-01-12T18:57:45.531,"Any[7, 8, 13, 19, 25, 30, 37, 45, 53]",7,53
1094,2026-01-17T13:20:00.0,2026-01-12T18:57:45.531,"Any[10, 19, 25, 30, 37, 45, 53]",10,53
1097,2026-01-17T13:20:00.0,2026-02-02T18:57:45.531,"Any[60, 53, 45, 37, 30, 25, 19, 13, 8]",60,8
1103,2026-01-17T13:20:00.0,2026-02-02T18:57:45.531,"Any[25, 30, 37, 45, 53]",25,53
1109,2026-01-17T13:20:00.0,2026-01-26T18:57:45.531,"Any[1, 6, 11, 19, 25, 30, 37, 45, 56]",1,56
1116,2026-01-17T13:20:00.0,2026-01-26T18:57:45.531,"Any[45, 37, 30, 25]",45,25
1117,2026-01-17T13:20:00.0,2026-01-26T18:57:45.531,"Any[60, 56, 45, 37, 30, 25, 19]",60,19
1120,2026-01-17T13:20:00.0,2026-01-12T18:57:45.531,"Any[53, 45, 37, 30, 25, 19, 11, 6, 1]",53,1
1122,2026-01-17T13:20:00.0,2026-01-26T18:57:45.531,"Any[19, 25, 30, 37, 45, 53]",19,53
1125,2026-01-17T13:20:00.0,2026-01-12T18:57:45.531,"Any[60, 53, 45, 37, 30, 25]",60,25
1128,2026-01-17T13:20:00.0,2026-01-26T18:57:45.531,"Any[60, 56, 45, 37, 30, 25]",60,25
1129,2026-01-17T13:20:00.0,2026-01-19T18:57:45.531,"Any[7, 8, 13, 19, 25, 30, 37, 45, 53, 60]",7,60
1133,2026-01-17T13:20:00.0,2026-01-12T18:57:45.531,"Any[56, 45, 37, 30, 25]",56,25
1135,2026-01-17T13:20:00.0,2026-01-12T18:57:45.531,"Any[10, 19, 25, 30, 37, 45, 53, 60]",10,60
1136,2026-01-17T13:20:00.0,2026-01-19T18:57:45.531,"Any[6, 11, 19, 25, 30, 37, 45]",6,45
1140,2026-01-17T13:20:00.0,2026-01-12T18:57:45.531,"Any[7, 8, 13, 19, 25, 30, 37, 45, 53]",7,53
1151,2026-01-17T13:20:00.0,2026-01-26T18:57:45.531,"Any[60, 53, 45, 37, 30, 25, 19, 11, 6, 6]",60,6
1154,2026-01-17T13:20:00.0,2026-01-12T18:57:45.531,"Any[60, 56, 45, 37, 30, 25, 19]",60,19
1156,2026-01-17T13:20:00.0,2026-02-02T18:57:45.531,"Any[1, 6, 11, 19, 25, 30, 37, 45, 56]",1,56
1167,2026-01-17T13:20:00.0,2026-01-26T18:57:45.531,"Any[19, 25, 30, 37, 45, 56]",19,56
1170,2026-01-17T13:20:00.0,2026-02-02T18:57:45.531,"Any[61, 53, 45, 37, 30, 25, 19, 11, 6]",61,6
1181,2026-01-17T13:20:00.0,2026-01-19T18:57:45.531,"Any[19, 25, 30, 37, 45, 56]",19,56
1192,2026-01-17T13:20:00.0,2026-01-19T18:57:45.531,"Any[64, 60, 53, 45, 37, 30, 25, 19, 13, 8]",64,8
1193,2026-01-17T13:20:00.0,2026-01-19T18:57:45.531,"Any[1, 6, 11, 19, 25, 30, 37, 45, 56]",1,56
1196,2026-01-17T13:20:00.0,2026-02-02T18:57:45.531,"Any[60, 56, 45, 37, 30, 25, 19, 11, 6]",60,6
1201,2026-01-17T13:20:00.0,2026-01-26T18:57:45.531,"Any[45, 37, 30, 25]",45,25
1208,2026-01-17T13:20:00.0,2026-01-12T18:57:45.531,"Any[53, 45, 37, 30, 25, 19, 10]",53,10
1219,2026-01-17T13:20:00.0,2026-02-02T18:57:45.531,"Any[60, 53, 45, 37, 30, 25]",60,25
1221,2026-01-17T13:20:00.0,2026-01-12T18:57:45.531,"Any[64, 60, 53, 45, 37, 30, 25, 19, 11, 6, 1]",64,1
1222,2026-01-17T13:20:00.0,2026-01-26T18:57:45.531,"Any[1, 6, 11, 16, 25, 30, 37, 45, 56]",1,56
1228,2026-01-17T13:20:00.0,2026-01-19T18:57:45.531,"Any[1, 6, 11, 19, 25, 30, 37, 45, 53, 60]",1,60
1238,2026-01-17T13:20:00.0,2026-02-02T18:57:45.531,"Any[56, 45, 37, 30, 25]",56,25
1253,2026-01-17T13:20:00.0,2026-01-12T18:57:45.531,"Any[56, 45, 37, 30, 25, 19, 11, 6]",56,6
1265,2026-01-17T13:20:00.0,2026-01-12T18:57:45.531,"Any[19, 25, 30, 37, 45, 56]",19,56
1266,2026-01-17T13:20:00.0,2026-02-02T18:57:45.531,"Any[1, 6, 11, 19, 25, 30, 37, 45, 53, 60]",1,60
1269,2026-01-17T13:20:00.0,2026-01-19T18:57:45.531,"Any[60, 56, 45, 37, 30, 25, 19, 11, 6]",60,6
1272,2026-01-17T13:20:00.0,2026-02-02T18:57:45.531,"Any[1, 6, 11, 19, 25, 30, 37, 45, 53, 60]",1,60
1275,2026-01-17T13:20:00.0,2026-01-12T18:57:45.531,"Any[8, 13, 19, 25, 30, 37, 45]",8,45
1284,2026-01-17T13:20:00.0,2026-01-26T18:57:45.531,"Any[6, 11, 16, 25, 30, 37, 45]",6,45
1293,2026-01-17T13:20:00.0,2026-01-26T18:57:45.531,"Any[1, 6, 11, 19, 25, 30, 37, 45, 53, 60]",1,60
1296,2026-01-17T13:20:00.0,2026-01-26T18:57:45.531,"Any[53, 45, 37, 30, 25, 19, 10]",53,10
1297,2026-01-17T13:20:00.0,2026-02-02T18:57:45.531,"Any[1, 6, 11, 19, 23, 36, 44, 54, 60]",1,60
1300,2026-01-17T13:20:00.0,2026-01-12T18:57:45.531,"Any[17, 16, 17, 25, 30, 37, 45, 53, 60]",17,60
1302,2026-01-17T13:20:00.0,2026-02-02T18:57:45.531,"Any[10, 19, 25, 30, 37, 45, 53, 60]",10,60
1305,2026-01-17T13:20:00.0,2026-01-12T18:57:45.531,"Any[53, 45, 37, 30, 25, 19, 13, 8]",53,8
1308,2026-01-17T13:20:00.0,2026-01-19T18:57:45.531,"Any[14, 19, 25, 30, 37, 45, 53]",14,53
1316,2026-01-17T13:20:00.0,2026-02-02T18:57:45.531,"Any[60, 56, 45, 37, 30, 25]",60,25
1317,2026-01-17T13:20:00.0,2026-01-12T18:57:45.531,"Any[53, 45, 37, 30, 25, 19, 13, 8]",53,8
1322,2026-01-17T13:20:00.0,2026-01-26T18:57:45.531,"Any[8, 13, 19, 25, 30, 37, 45, 56]",8,56
1324,2026-01-17T13:20:00.0,2026-01-12T18:57:45.531,"Any[17, 25, 30, 37, 45, 53, 60]",17,60
1344,2026-01-17T13:20:00.0,2026-02-02T18:57:45.531,"Any[60, 53, 45, 37, 30, 25]",60,25
1345,2026-01-17T13:20:00.0,2026-01-19T18:57:45.531,"Any[60, 56, 45, 37, 30, 25, 19, 13, 8]",60,8
1351,2026-01-17T13:20:00.0,2026-02-02T18:57:45.531,"Any[64, 60, 56, 45, 37, 30, 25, 19, 13, 8]",64,8
1364,2026-01-17T13:20:00.0,2026-01-26T18:57:45.531,"Any[6, 11, 19, 25, 30, 37, 45, 56]",6,56
1366,2026-01-17T13:20:00.0,2026-01-19T18:57:45.531,"Any[25, 30, 37, 45, 56, 60, 64]",25,64
1371,2026-01-17T13:20:00.0,2026-01-26T18:57:45.531,"Any[45, 37, 30, 25]",45,25
1379,2026-01-17T13:20:00.0,2026-01-19T18:57:45.531,"Any[8, 13, 19, 25, 30, 37, 45, 56]",8,56
1381,2026-01-17T13:20:00.0,2026-02-02T18:57:45.531,"Any[53, 45, 37, 30, 25, 19, 10]",53,10
1382,2026-01-17T13:20:00.0,2026-01-19T18:57:45.531,"Any[53, 45, 37, 30, 25, 19, 11, 6, 1]",53,1
1395,2026-01-17T13:20:00.0,2026-01-12T18:57:45.531,"Any[56, 45, 37, 30, 25, 19, 20]",56,20
1398,2026-01-17T13:20:00.0,2026-01-12T18:57:45.531,"Any[19, 25, 30, 37, 45, 56]",19,56
1405,2026-01-17T13:20:00.0,2026-01-12T18:57:45.531,"Any[56, 45, 37, 30, 25, 19, 11, 6]",56,6
1410,2026-01-17T13:20:00.0,2026-01-26T18:57:45.531,"Any[6, 11, 19, 25, 30, 37, 45]",6,45
1413,2026-01-17T13:20:00.0,2026-01-26T18:57:45.531,"Any[53, 45, 37, 30, 25, 19, 11, 6, 1]",53,1
1415,2026-01-17T13:20:00.0,2026-02-02T18:57:45.531,"Any[7, 8, 13, 19, 25, 30, 37, 45, 53, 60]",7,60
1420,2026-01-17T13:20:00.0,2026-01-12T18:57:45.531,"Any[56, 45, 37, 30, 25]",56,25
1423,2026-01-17T13:20:00.0,2026-01-19T18:57:45.531,"Any[8, 13, 19, 25, 30, 37, 45, 56]",8,56
1424,2026-01-17T13:20:00.0,2026-01-26T18:57:45.531,"Any[60, 56, 45, 37, 30, 25, 19, 11, 6]",60,6
1426,2026-01-17T13:20:00.0,2026-02-02T18:57:45.531,"Any[60, 56, 45, 37, 30, 25, 19, 11, 6]",60,6
1427,2026-01-17T13:20:00.0,2026-01-19T18:57:45.531,"Any[60, 53, 45, 37, 30, 25, 19, 13, 8]",60,8
1428,2026-01-17T13:20:00.0,2026-01-26T18:57:45.531,"Any[56, 45, 37, 30, 25, 19]",56,19
1432,2026-01-17T13:20:00.0,2026-01-26T18:57:45.531,"Any[53, 45, 37, 30, 25, 19, 11, 6, 1]",53,1
1440,2026-01-17T13:20:00.0,2026-02-02T18:57:45.531,"Any[8, 13, 19, 25, 30, 37, 45]",8,45
1449,2026-01-17T13:20:00.0,2026-02-02T18:57:45.531,"Any[7, 8, 13, 19, 25, 30, 37, 45, 53, 60]",7,60
1461,2026-01-17T13:20:00.0,2026-02-02T18:57:45.531,"Any[19, 25, 30, 37, 45, 56]",19,56
1463,2026-01-17T13:20:00.0,2026-01-19T18:57:45.531,"Any[53, 45, 37, 30, 25, 19, 13, 8]",53,8
1466,2026-01-17T13:20:00.0,2026-01-26T18:57:45.531,"Any[8, 13, 19, 25, 30, 37, 45, 56]",8,56
1474,2026-01-17T13:20:00.0,2026-01-12T18:57:45.531,"Any[53, 45, 37, 30, 25, 19, 10]",53,10
1476,2026-01-17T13:20:00.0,2026-01-26T18:57:45.531,"Any[7, 8, 13, 19, 25, 30, 37, 45, 53]",7,53
1477,2026-01-17T13:20:00.0,2026-02-02T18:57:45.531,"Any[19, 25, 30, 37, 45, 53]",19,53
1484,2026-01-17T13:20:00.0,2026-01-19T18:57:45.531,"Any[53, 45, 37, 30, 25, 19, 11, 6, 1]",53,1
1486,2026-01-17T13:20:00.0,2026-01-26T18:57:45.531,"Any[6, 11, 19, 25, 30, 37, 45]",6,45
1495,2026-01-17T13:20:00.0,2026-02-02T18:57:45.531,"Any[53, 45, 37, 30, 25, 19, 10]",53,10
1503,2026-01-17T13:20:00.0,2026-01-26T18:57:45.531,"Any[56, 45, 37, 30, 25]",56,25
1509,2026-01-17T13:20:00.0,2026-01-26T18:57:45.531,"Any[53, 45, 37, 30, 25, 19, 11, 6, 1]",53,1
1512,2026-01-17T13:20:00.0,2026-01-19T18:57:45.531,"Any[60, 56, 45, 37, 30, 25, 19, 13, 8]",60,8
1517,2026-01-17T13:20:00.0,2026-02-02T18:57:45.531,"Any[14, 19, 25, 30, 37, 45, 53]",14,53
1518,2026-01-17T13:20:00.0,2026-01-12T18:57:45.531,"Any[19, 25, 30, 37, 45, 56, 55, 56]",19,56
1530,2026-01-17T13:20:00.0,2026-02-02T18:57:45.531,"Any[64, 60, 53, 45, 37, 30, 25, 19, 11, 6, 1]",64,1
1535,2026-01-17T13:20:00.0,2026-02-02T18:57:45.531,"Any[10, 19, 25, 30, 37, 45, 53, 60]",10,60
1544,2026-01-17T13:20:00.0,2026-01-19T18:57:45.531,"Any[53, 45, 37, 30, 25, 19, 10]",53,10
1554,2026-01-17T13:20:00.0,2026-01-26T18:57:45.531,"Any[53, 45, 37, 30, 25, 19, 13, 8]",53,8
1566,2026-01-17T13:20:00.0,2026-01-12T18:57:45.531,"Any[6, 11, 19, 25, 30, 37, 45]",6,45
1569,2026-01-17T13:20:00.0,2026-01-19T18:57:45.531,"Any[64, 60, 56, 45, 37, 30, 25, 19, 13, 8]",64,8
1574,2026-01-17T13:20:00.0,2026-01-12T18:57:45.531,"Any[64, 60, 56, 45, 37, 30, 25, 19]",64,19
1582,2026-01-17T13:20:00.0,2026-01-19T18:57:45.531,"Any[2, 9, 21, 27, 31, 36, 45, 55]",2,55
1616,2026-01-17T13:20:00.0,2026-01-19T18:57:45.531,"Any[1, 6, 11, 19, 23, 36, 44, 54, 60]",1,60
1617,2026-01-17T13:20:00.0,2026-02-02T18:57:45.531,"Any[10, 19, 25, 30, 37, 45, 53]",10,53
1618,2026-01-17T13:20:00.0,2026-01-26T18:57:45.531,"Any[53, 45, 37, 30, 25, 19, 10]",53,10
1621,2026-01-17T13:20:00.0,2026-01-19T18:57:45.531,"Any[53, 45, 37, 30, 25, 17, 11, 6, 1]",53,1
1623,2026-01-17T13:20:00.0,2026-01-19T18:57:45.531,"Any[53, 45, 37, 30, 25, 19, 10]",53,10
1626,2026-01-17T13:20:00.0,2026-01-26T18:57:45.531,"Any[10, 19, 25, 30, 37, 45, 53, 60]",10,60
1628,2026-01-17T13:20:00.0,2026-01-26T18:57:45.531,"Any[53, 45, 37, 30, 25, 19, 11, 6, 1]",53,1
1629,2026-01-17T13:20:00.0,2026-02-02T18:57:45.531,"Any[8, 13, 19, 25, 30, 37, 45, 56]",8,56
1636,2026-01-17T13:20:00.0,2026-01-19T18:57:45.531,"Any[6, 11, 16, 25, 30, 37, 45, 56]",6,56
1637,2026-01-17T13:20:00.0,2026-01-26T18:57:45.531,"Any[60, 53, 45, 37, 30, 25]",60,25
1642,2026-01-17T13:20:00.0,2026-01-19T18:57:45.531,"Any[1, 6, 11, 19, 23, 36, 44, 54, 60]",1,60
1647,2026-01-17T13:20:00.0,2026-01-12T18:57:45.531,"Any[19, 25, 30, 37, 45, 56]",19,56
1648,2026-01-17T13:20:00.0,2026-01-26T18:57:45.531,"Any[60, 53, 45, 37, 30, 25, 19]",60,19
1650,2026-01-17T13:20:00.0,2026-01-12T18:57:45.531,"Any[53, 45, 37, 30, 25, 19, 13, 8]",53,8
1656,2026-01-17T13:20:00.0,2026-02-02T18:57:45.531,"Any[6, 11, 16, 25, 30, 37, 45]",6,45
1660,2026-01-17T13:20:00.0,2026-01-12T18:57:45.531,"Any[45, 37, 30, 25]",45,25
1661,2026-01-17T13:20:00.0,2026-01-26T18:57:45.531,"Any[60, 56, 45, 37, 30, 25, 19, 11, 6]",60,6
1662,2026-01-17T13:20:00.0,2026-01-12T18:57:45.531,"Any[53, 45, 37, 30, 25, 19, 10]",53,10
1663,2026-01-17T13:20:00.0,2026-01-19T18:57:45.531,"Any[7, 8, 13, 19, 25, 30, 37, 45, 53, 60]",7,60
1665,2026-01-17T13:20:00.0,2026-01-26T18:57:45.531,"Any[53, 45, 37, 30, 25, 19, 10]",53,10
1673,2026-01-17T13:20:00.0,2026-01-26T18:57:45.531,"Any[8, 13, 19, 25, 30, 37, 45, 56]",8,56
1691,2026-01-17T13:20:00.0,2026-01-12T18:57:45.531,"Any[56, 45, 37, 45, 50, 45, 37, 30, 25]",56,25
1699,2026-01-17T13:20:00.0,2026-01-19T18:57:45.531,"Any[25, 30, 37, 45, 56, 60, 64]",25,64
1701,2026-01-17T13:20:00.0,2026-01-26T18:57:45.531,"Any[7, 8, 13, 19, 25, 30, 37, 45, 53]",7,53
1702,2026-01-17T13:20:00.0,2026-01-12T18:57:45.531,"Any[53, 45, 37, 30, 25, 19, 11, 6, 1]",53,1
1704,2026-01-17T13:20:00.0,2026-01-12T18:57:45.531,"Any[6, 11, 19, 25, 30, 37, 45]",6,45
1706,2026-01-17T13:20:00.0,2026-02-02T18:57:45.531,"Any[62, 56, 45, 37, 30, 25, 19, 13, 8]",62,8
1739,2026-01-17T13:20:00.0,2026-01-19T18:57:45.531,"Any[64, 60, 56, 45, 37, 30, 25, 19, 11, 6, 1]",64,1
1740,2026-01-17T13:20:00.0,2026-02-02T18:57:45.531,"Any[1, 6, 11, 19, 25, 30, 37, 45, 56]",1,56
1742,2026-01-17T13:20:00.0,2026-01-19T18:57:45.531,"Any[64, 60, 53, 45, 37, 30, 25, 19, 13, 8]",64,8
1747,2026-01-17T13:20:00.0,2026-01-26T18:57:45.531,"Any[8, 13, 19, 25, 30, 37, 45, 56]",8,56
1749,2026-01-17T13:20:00.0,2026-01-26T18:57:45.531,"Any[56, 45, 37, 30, 25, 19, 13, 8, 7]",56,7
1752,2026-01-17T13:20:00.0,2026-01-26T18:57:45.531,"Any[62, 45, 37, 30, 25, 19, 13, 8]",62,8
1754,2026-01-17T13:20:00.0,2026-01-19T18:57:45.531,"Any[53, 45, 37, 30, 25, 19, 10]",53,10
1763,2026-01-17T13:20:00.0,2026-01-12T18:57:45.531,"Any[53, 45, 37, 30, 25, 19, 10]",53,10
1765,2026-01-17T13:20:00.0,2026-01-19T18:57:45.531,"Any[56, 45, 37, 30, 25]",56,25
1768,2026-01-17T13:20:00.0,2026-01-26T18:57:45.531,"Any[60, 56, 45, 37, 30, 25]",60,25
1771,2026-01-17T13:20:00.0,2026-01-12T18:57:45.531,"Any[62, 56, 45, 37, 30, 25, 19]",62,19
1784,2026-01-17T13:20:00.0,2026-02-02T18:57:45.531,"Any[53, 45, 37, 30, 25, 19, 10]",53,10
1786,2026-01-17T13:20:00.0,2026-01-26T18:57:45.531,"Any[7, 8, 13, 19, 25, 30, 37, 45, 53]",7,53
1789,2026-01-17T13:20:00.0,2026-02-02T18:57:45.531,"Any[1, 6, 11, 19, 25, 30, 37, 45, 53]",1,53
1795,2026-01-17T13:20:00.0,2026-01-12T18:57:45.531,"Any[53, 45, 37, 30, 25, 19, 10]",53,10
1796,2026-01-17T13:20:00.0,2026-01-26T18:57:45.531,"Any[6, 11, 25, 30, 37, 45]",6,45
1799,2026-01-17T13:20:00.0,2026-01-19T18:57:45.531,"Any[19, 25, 30, 37, 45, 53]",19,53
1800,2026-01-17T13:20:00.0,2026-02-02T18:57:45.531,"Any[53, 45, 37, 30, 25, 19, 10]",53,10
1804,2026-01-17T13:20:00.0,2026-01-12T18:57:45.531,"Any[60, 53, 45, 37, 30, 25]",60,25
1814,2026-01-17T13:20:00.0,2026-01-26T18:57:45.531,"Any[10, 19, 25, 30, 37, 45, 53]",10,53
1822,2026-01-17T13:20:00.0,2026-01-19T18:57:45.531,"Any[56, 45, 37, 30, 25]",56,25
1826,2026-01-17T13:20:00.0,2026-02-02T18:57:45.531,"Any[53, 45, 37, 30, 25, 19, 11, 6, 1]",53,1
1829,2026-01-17T13:20:00.0,2026-01-12T18:57:45.531,"Any[60, 53, 45, 37, 30, 25, 19]",60,19
1842,2026-01-17T13:20:00.0,2026-01-19T18:57:45.531,"Any[10, 19, 25, 30, 37, 45, 53]",10,53
1849,2026-01-17T13:20:00.0,2026-02-02T18:57:45.531,"Any[8, 13, 19, 25, 30, 37, 45]",8,45
1852,2026-01-17T13:20:00.0,2026-01-26T18:57:45.531,"Any[10, 19, 25, 30, 37, 45, 53]",10,53
1864,2026-01-17T13:20:00.0,2026-02-02T18:57:45.531,"Any[19, 25, 30, 37, 45, 53]",19,53
1865,2026-01-17T13:20:00.0,2026-02-02T18:57:45.531,"Any[53, 45, 37, 30, 25, 19, 13, 8]",53,8
1866,2026-01-17T13:20:00.0,2026-01-26T18:57:45.531,"Any[6, 11, 19, 25, 30, 37, 45, 56]",6,56
1869,2026-01-17T13:20:00.0,2026-01-12T18:57:45.531,"Any[8, 13, 19, 25, 30, 37, 45, 56]",8,56
1874,2026-01-17T13:20:00.0,2026-01-19T18:57:45.531,"Any[60, 53, 45, 37, 30, 25]",60,25
1878,2026-01-17T13:20:00.0,2026-01-26T18:57:45.531,"Any[56, 45, 37, 30, 25, 19]",56,19
1881,2026-01-17T13:20:00.0,2026-02-02T18:57:45.531,"Any[6, 11, 19, 25, 30, 37, 45]",6,45
1883,2026-01-17T13:20:00.0,2026-01-19T18:57:45.531,"Any[60, 56, 45, 37, 30, 25, 19]",60,19
1897,2026-01-17T13:20:00.0,2026-01-19T18:57:45.531,"Any[56, 45, 37, 30, 25, 19, 11, 6]",56,6
1911,2026-01-17T13:20:00.0,2026-01-19T18:57:45.531,"Any[53, 45, 37, 30, 25, 19, 11, 6, 1]",53,1
1912,2026-01-17T13:20:00.0,2026-02-02T18:57:45.531,"Any[1, 6, 11, 19, 23, 28, 36, 44, 54, 60]",1,60
1914,2026-01-17T13:20:00.0,2026-02-02T18:57:45.531,"Any[8, 13, 19, 25, 30, 37, 45, 56]",8,56
1918,2026-01-17T13:20:00.0,2026-02-02T18:57:45.531,"Any[53, 45, 37, 30, 25, 19, 10]",53,10
1926,2026-01-17T13:20:00.0,2026-02-02T18:57:45.531,"Any[8, 13, 19, 25, 30, 37, 45]",8,45
1933,2026-01-17T13:20:00.0,2026-01-12T18:57:45.531,"Any[53, 45, 37, 30, 25, 19, 10]",53,10
1937,2026-01-17T13:20:00.0,2026-01-19T18:57:45.531,"Any[6, 11, 19, 25, 30, 37, 45]",6,45
1939,2026-01-17T13:20:00.0,2026-01-26T18:57:45.531,"Any[53, 45, 37, 30, 25, 19, 10]",53,10
1941,2026-01-17T13:20:00.0,2026-02-02T18:57:45.531,"Any[7, 8, 13, 19, 25, 30, 37, 45, 53]",7,53
1943,2026-01-17T13:20:00.0,2026-01-12T18:57:45.531,"Any[6, 11, 19, 25, 30, 37, 45, 53]",6,53
1948,2026-01-17T13:20:00.0,2026-02-02T18:57:45.531,"Any[6, 11, 19, 25, 30, 37, 45]",6,45
1949,2026-01-17T13:20:00.0,2026-01-26T18:57:45.531,"Any[19, 25, 30, 37, 45, 53]",19,53
1954,2026-01-17T13:20:00.0,2026-01-19T18:57:45.531,"Any[10, 19, 25, 30, 37, 45, 53]",10,53
1960,2026-01-17T13:20:00.0,2026-02-02T18:57:45.531,"Any[10, 19, 25, 30, 37, 45, 53]",10,53
1974,2026-01-17T13:20:00.0,2026-02-02T18:57:45.531,"Any[5, 6, 11, 19, 25, 30, 37, 45]",5,45
1986,2026-01-17T13:20:00.0,2026-01-26T18:57:45.531,"Any[60, 53, 45, 37, 30, 25, 19]",60,19
1987,2026-01-17T13:20:00.0,2026-01-19T18:57:45.531,"Any[6, 11, 19, 25, 30, 37, 45]",6,45
1998,2026-01-17T13:20:00.0,2026-02-02T18:57:45.531,"Any[60, 56, 45, 37, 30, 25, 19, 11, 6]",60,6
2002,2026-01-17T13:20:00.0,2026-01-12T18:57:45.531,"Any[62, 45, 37, 30, 25, 19, 11, 6, 6, 1]",62,6
2003,2026-01-17T13:20:00.0,2026-01-26T18:57:45.531,"Any[3, 10, 19, 25, 30, 37, 45, 53]",3,53
2014,2026-01-17T13:20:00.0,2026-01-19T18:57:45.531,"Any[53, 45, 37, 30, 25, 19, 10]",53,10
2015,2026-01-17T13:20:00.0,2026-01-19T18:57:45.531,"Any[53, 45, 37, 30, 25, 19, 13, 8]",53,8
2016,2026-01-17T13:20:00.0,2026-01-19T18:57:45.531,"Any[19, 25, 30, 37, 45, 56]",19,56
2020,2026-01-17T13:20:00.0,2026-01-19T18:57:45.531,"Any[19, 25, 30, 37, 45, 53]",19,53
2022,2026-01-17T13:20:00.0,2026-02-02T18:57:45.531,"Any[8, 13, 19, 25, 30, 37, 45]",8,45
2023,2026-01-17T13:20:00.0,2026-01-19T18:57:45.531,"Any[62, 45, 37, 30, 25, 19]",62,19
2038,2026-01-17T13:20:00.0,2026-02-02T18:57:45.531,"Any[60, 56, 45, 37, 30, 25, 19, 11, 6]",60,6
2043,2026-01-17T13:20:00.0,2026-01-19T18:57:45.531,"Any[53, 45, 37, 30, 25, 19, 13, 8]",53,8
2044,2026-01-17T13:20:00.0,2026-01-12T18:57:45.531,"Any[60, 56, 45, 37, 30, 25, 19]",60,19
2046,2026-01-17T13:20:00.0,2026-01-19T18:57:45.531,"Any[60, 53, 45, 37, 30, 25]",60,25
2047,2026-01-17T13:20:00.0,2026-02-02T18:57:45.531,"Any[16, 17, 25, 30, 37, 45, 53]",16,53
2049,2026-01-17T13:20:00.0,2026-01-26T18:57:45.531,"Any[10, 19, 25, 30, 37, 45, 53]",10,53
2056,2026-01-17T13:20:00.0,2026-01-19T18:57:45.531,"Any[53, 45, 37, 30, 25, 19, 10]",53,10
2070,2026-01-17T13:20:00.0,2026-02-02T18:57:45.531,"Any[1, 6, 11, 16, 25, 30, 37, 45, 53]",1,53
2079,2026-01-17T13:20:00.0,2026-01-19T18:57:45.531,"Any[62, 45, 37, 30, 25, 19]",62,19
2082,2026-01-17T13:20:00.0,2026-01-12T18:57:45.531,"Any[53, 45, 37, 30, 25, 19, 13, 8]",53,8
2083,2026-01-17T13:20:00.0,2026-02-02T18:57:45.531,"Any[1, 6, 11, 19, 25, 30, 37, 45, 56]",1,56
2086,2026-01-17T13:20:00.0,2026-01-19T18:57:45.531,"Any[53, 45, 37, 30, 25, 19, 11, 6, 1]",53,1
2091,2026-01-17T13:20:00.0,2026-01-12T18:57:45.531,"Any[60, 53, 45, 37, 30, 25, 19, 11, 6]",60,6
2092,2026-01-17T13:20:00.0,2026-01-19T18:57:45.531,"Any[10, 19, 25, 30, 37, 45, 53]",10,53
2094,2026-01-17T13:20:00.0,2026-02-02T18:57:45.531,"Any[1, 6, 11, 19, 23, 36, 44, 54, 60]",1,60
2106,2026-01-17T13:20:00.0,2026-01-12T18:57:45.531,"Any[6, 11, 19, 25, 30, 37, 45]",6,45
2120,2026-01-17T13:20:00.0,2026-01-19T18:57:45.531,"Any[53, 45, 37, 30, 25, 19, 10]",53,10
2121,2026-01-17T13:20:00.0,2026-01-26T18:57:45.531,"Any[60, 53, 45, 37, 30, 25, 19, 13, 8]",60,8
2123,2026-01-17T13:20:00.0,2026-01-26T18:57:45.531,"Any[64, 60, 53, 45, 37, 30, 25, 19, 11, 6, 1]",64,1
2136,2026-01-17T13:20:00.0,2026-01-26T18:57:45.531,"Any[60, 56, 45, 37, 30, 25, 19]",60,19
2144,2026-01-17T13:20:00.0,2026-01-19T18:57:45.531,"Any[8, 13, 19, 25, 30, 37, 45, 56]",8,56
2146,2026-01-17T13:20:00.0,2026-01-12T18:57:45.531,"Any[10, 19, 25, 30, 37, 45, 53]",10,53
2153,2026-01-17T13:20:00.0,2026-01-19T18:57:45.531,"Any[60, 56, 45, 37, 30, 25]",60,25
2154,2026-01-17T13:20:00.0,2026-02-02T18:57:45.531,"Any[25, 30, 37, 45, 53, 60, 64]",25,64
2156,2026-01-17T13:20:00.0,2026-01-26T18:57:45.531,"Any[8, 13, 19, 25, 30, 37, 45, 56]",8,56
2157,2026-01-17T13:20:00.0,2026-02-02T18:57:45.531,"Any[60, 56, 45, 37, 30, 25, 19, 11, 6]",60,6
2164,2026-01-17T13:20:00.0,2026-01-19T18:57:45.531,"Any[64, 60, 56, 45, 37, 30, 25, 19]",64,19
2165,2026-01-17T13:20:00.0,2026-01-12T18:57:45.531,"Any[64, 60, 56, 45, 37, 30, 25, 19]",64,19
2179,2026-01-17T13:20:00.0,2026-01-26T18:57:45.531,"Any[64, 60, 56, 45, 37, 30, 25, 19]",64,19
2186,2026-01-17T13:20:00.0,2026-01-19T18:57:45.531,"Any[64, 60, 56, 45, 37, 30, 25, 19]",64,19
2190,2026-01-17T13:20:00.0,2026-01-12T18:57:45.531,"Any[64, 60, 56, 45, 37, 30, 25, 19, 13, 8]",64,8
2199,2026-01-17T13:20:00.0,2026-01-12T18:57:45.531,"Any[64, 60, 53, 45, 37, 30, 25, 19, 11, 6, 1]",64,1
2211,2026-01-17T13:20:00.0,2026-01-26T18:57:45.531,"Any[60, 56, 45, 37, 30, 25, 19]",60,19
2213,2026-01-17T13:20:00.0,2026-01-26T18:57:45.531,"Any[60, 56, 45, 37, 30, 25, 19]",60,19
2299,2026-01-17T13:20:00.0,2026-01-26T18:57:45.531,"Any[56, 45, 37, 30, 25, 19, 13, 8, 7]",56,7
2301,2026-01-17T13:20:00.0,2026-01-26T18:57:45.531,"Any[56, 45, 37, 30, 25, 19, 13, 8, 7]",56,7
2302,2026-01-17T13:20:00.0,2026-01-26T18:57:45.531,"Any[56, 45, 37, 30, 25, 19, 13, 8, 7]",56,7
2311,2026-01-17T13:20:00.0,2026-02-02T18:57:45.531,"Any[56, 45, 37, 30, 25, 19, 13, 8, 7]",56,7
2327,2026-01-17T13:20:00.0,2026-01-12T18:57:45.531,"Any[56, 45, 37, 30, 25, 19, 13, 8, 7]",56,7
2328,2026-01-17T13:20:00.0,2026-02-02T18:57:45.531,"Any[56, 45, 37, 30, 25, 19, 13, 8, 7]",56,7
2337,2026-01-17T13:20:00.0,2026-01-19T18:57:45.531,"Any[56, 45, 37, 30, 25, 19, 13, 8, 7]",56,7
2340,2026-01-17T13:20:00.0,2026-01-26T18:57:45.531,"Any[56, 45, 37, 30, 25, 19, 13, 8, 7]",56,7
2341,2026-01-17T13:20:00.0,2026-01-19T18:57:45.531,"Any[56, 45, 37, 30, 25, 19, 13, 8, 7]",56,7
2343,2026-01-17T13:20:00.0,2026-02-02T18:57:45.531,"Any[56, 45, 37, 30, 25, 19, 13, 8, 7]",56,7
2354,2026-01-17T13:20:00.0,2026-01-19T18:57:45.531,"Any[56, 45, 37, 30, 25, 19, 13, 8, 7]",56,7
2355,2026-01-17T13:20:00.0,2026-02-02T18:57:45.531,"Any[56, 45, 37, 30, 25, 19, 13, 8, 7]",56,7
2356,2026-01-17T13:20:00.0,2026-01-26T18:57:45.531,"Any[56, 45, 37, 30, 25, 19, 13, 8, 7]",56,7
2368,2026-01-17T13:20:00.0,2026-02-02T18:57:45.531,"Any[56, 45, 37, 30, 25, 19, 13, 8, 7]",56,7
2369,2026-01-17T13:20:00.0,2026-02-02T18:57:45.531,"Any[56, 45, 37, 30, 25, 19, 13, 8, 7]",56,7
2392,2026-01-17T13:20:00.0,2026-02-02T18:57:45.531,"Any[56, 45, 37, 30, 25, 19, 11, 6]",56,6
2393,2026-01-17T13:20:00.0,2026-01-19T18:57:45.531,"Any[56, 45, 37, 30, 25, 19, 11, 6]",56,6
2400,2026-01-17T13:20:00.0,2026-01-19T18:57:45.531,"Any[56, 45, 37, 30, 25, 19, 11, 6]",56,6
2402,2026-01-17T13:20:00.0,2026-01-26T18:57:45.531,"Any[56, 45, 37, 30, 25, 19, 11, 6]",56,6
2410,2026-01-17T13:20:00.0,2026-01-19T18:57:45.531,"Any[56, 45, 37, 30, 25, 19, 11, 6]",56,6
2414,2026-01-17T13:20:00.0,2026-01-19T18:57:45.531,"Any[56, 45, 37, 30, 25, 19, 11, 6]",56,6
2416,2026-01-17T13:20:00.0,2026-01-26T18:57:45.531,"Any[56, 45, 37, 30, 25, 19, 11, 6]",56,6
2418,2026-01-17T13:20:00.0,2026-01-26T18:57:45.531,"Any[56, 45, 37, 30, 25, 19, 11, 6, 6]",56,6
2426,2026-01-17T13:20:00.0,2026-01-26T18:57:45.531,"Any[56, 45, 37, 30, 25, 19, 11, 6]",56,6
2427,2026-01-17T13:20:00.0,2026-02-02T18:57:45.531,"Any[56, 45, 37, 30, 25, 19, 11, 6, 6, 1]",56,6
2433,2026-01-17T13:20:00.0,2026-02-02T18:57:45.531,"Any[56, 45, 37, 30, 25, 19, 11, 6]",56,6
2437,2026-01-17T13:20:00.0,2026-01-12T18:57:45.531,"Any[56, 45, 37, 30, 25, 19, 11, 6, 6, 1]",56,6
2442,2026-01-17T13:20:00.0,2026-01-12T18:57:45.531,"Any[56, 45, 37, 30, 25, 19, 11, 6]",56,6
2443,2026-01-17T13:20:00.0,2026-01-12T18:57:45.531,"Any[56, 45, 37, 30, 25, 19, 11, 6]",56,6
2445,2026-01-17T13:20:00.0,2026-02-02T18:57:45.531,"Any[56, 45, 37, 30, 25, 19, 11, 6]",56,6
2487,2026-01-17T13:20:00.0,2026-01-12T18:57:45.531,"Any[53, 45, 37, 30, 25, 19, 13, 8]",53,8
2490,2026-01-17T13:20:00.0,2026-01-26T18:57:45.531,"Any[53, 45, 37, 30, 25, 19, 13, 8]",53,8
2507,2026-01-17T13:20:00.0,2026-02-02T18:57:45.531,"Any[53, 45, 37, 30, 25, 19, 13, 8]",53,8
2509,2026-01-17T13:20:00.0,2026-01-19T18:57:45.531,"Any[53, 45, 37, 30, 25, 19, 13, 8]",53,8
2519,2026-01-17T13:20:00.0,2026-02-02T18:57:45.531,"Any[53, 45, 37, 30, 25, 19, 13, 8]",53,8
2523,2026-01-17T13:20:00.0,2026-01-19T18:57:45.531,"Any[53, 45, 37, 30, 25, 19, 13, 8]",53,8
2530,2026-01-17T13:20:00.0,2026-02-02T18:57:45.531,"Any[53, 45, 37, 30, 25, 19, 13, 8]",53,8
2537,2026-01-17T13:20:00.0,2026-01-26T18:57:45.531,"Any[53, 45, 37, 30, 25, 19, 13, 8]",53,8
2539,2026-01-17T13:20:00.0,2026-01-19T18:57:45.531,"Any[53, 45, 37, 30, 25, 19, 13, 8]",53,8
2540,2026-01-17T13:20:00.0,2026-01-12T18:57:45.531,"Any[53, 45, 37, 30, 25, 19, 13, 8]",53,8
2542,2026-01-17T13:20:00.0,2026-01-19T18:57:45.531,"Any[53, 45, 37, 30, 25, 19, 13, 8]",53,8
2545,2026-01-17T13:20:00.0,2026-01-12T18:57:45.531,"Any[53, 45, 37, 30, 25, 19, 13, 8]",53,8
2546,2026-01-17T13:20:00.0,2026-01-19T18:57:45.531,"Any[53, 45, 37, 30, 25, 19, 13, 8]",53,8
2547,2026-01-17T13:20:00.0,2026-01-12T18:57:45.531,"Any[53, 45, 37, 30, 25, 19, 13, 8]",53,8
2550,2026-01-17T13:20:00.0,2026-01-19T18:57:45.531,"Any[53, 45, 37, 30, 25, 19, 11, 6, 1]",53,1
2554,2026-01-17T13:20:00.0,2026-02-02T18:57:45.531,"Any[53, 45, 37, 30, 25, 19, 11, 6, 1]",53,1
2567,2026-01-17T13:20:00.0,2026-01-19T18:57:45.531,"Any[53, 45, 37, 30, 25, 19, 11, 6, 1]",53,1
2568,2026-01-17T13:20:00.0,2026-01-19T18:57:45.531,"Any[53, 45, 37, 30, 25, 19, 11, 6, 1]",53,1
2576,2026-01-17T13:20:00.0,2026-02-02T18:57:45.531,"Any[53, 45, 37, 30, 25, 19, 11, 6, 1]",53,1
2580,2026-01-17T13:20:00.0,2026-02-02T18:57:45.531,"Any[45, 37, 30, 25, 19]",45,19
2587,2026-01-17T13:20:00.0,2026-02-02T18:57:45.531,"Any[45, 37, 30, 25, 19]",45,19
2601,2026-01-17T13:20:00.0,2026-02-02T18:57:45.531,"Any[45, 37, 30, 25, 19]",45,19
2613,2026-01-17T13:20:00.0,2026-01-26T18:57:45.531,"Any[45, 37, 30, 25, 19]",45,19
2614,2026-01-17T13:20:00.0,2026-01-19T18:57:45.531,"Any[45, 37, 30, 25, 19]",45,19
2622,2026-01-17T13:20:00.0,2026-02-02T18:57:45.531,"Any[45, 37, 30, 25, 19]",45,19
2625,2026-01-17T13:20:00.0,2026-01-19T18:57:45.531,"Any[45, 37, 30, 25, 19]",45,19
2628,2026-01-17T13:20:00.0,2026-01-12T18:57:45.531,"Any[45, 37, 30, 25, 19]",45,19
2630,2026-01-17T13:20:00.0,2026-02-02T18:57:45.531,"Any[45, 37, 30, 25, 19]",45,19
2633,2026-01-17T13:20:00.0,2026-01-19T18:57:45.531,"Any[45, 37, 30, 25, 19]",45,19
2635,2026-01-17T13:20:00.0,2026-01-12T18:57:45.531,"Any[45, 37, 30, 25, 19]",45,19
2704,2026-01-17T13:20:00.0,2026-01-26T18:57:45.531,"Any[45, 37, 30, 25, 19, 17, 10]",45,10
2707,2026-01-17T13:20:00.0,2026-01-12T18:57:45.531,"Any[45, 37, 30, 25, 19, 17, 10]",45,10
2719,2026-01-17T13:20:00.0,2026-01-12T18:57:45.531,"Any[25, 30, 37, 45, 53, 60, 64]",25,64
2730,2026-01-17T13:20:00.0,2026-01-26T18:57:45.531,"Any[25, 30, 37, 45, 53, 60, 64]",25,64
2736,2026-01-17T13:20:00.0,2026-01-26T18:57:45.531,"Any[25, 30, 37, 45, 53]",25,53
2738,2026-01-17T13:20:00.0,2026-01-26T18:57:45.531,"Any[25, 30, 37, 45, 53]",25,53
2742,2026-01-17T13:20:00.0,2026-02-02T18:57:45.531,"Any[25, 30, 37, 45, 53]",25,53
2743,2026-01-17T13:20:00.0,2026-01-26T18:57:45.531,"Any[25, 30, 37, 45, 53]",25,53
2744,2026-01-17T13:20:00.0,2026-01-19T18:57:45.531,"Any[25, 30, 37, 45, 53]",25,53
2745,2026-01-17T13:20:00.0,2026-01-19T18:57:45.531,"Any[25, 30, 37, 45, 53]",25,53
2746,2026-01-17T13:20:00.0,2026-01-19T18:57:45.531,"Any[25, 30, 37, 45, 53]",25,53
2747,2026-01-17T13:20:00.0,2026-02-02T18:57:45.531,"Any[25, 30, 37, 45, 53]",25,53
2749,2026-01-17T13:20:00.0,2026-01-26T18:57:45.531,"Any[25, 30, 37, 45, 53]",25,53
2751,2026-01-17T13:20:00.0,2026-01-26T18:57:45.531,"Any[25, 30, 37, 45, 53]",25,53
2756,2026-01-17T13:20:00.0,2026-02-02T18:57:45.531,"Any[25, 30, 37, 45, 53]",25,53
2761,2026-01-17T13:20:00.0,2026-02-02T18:57:45.531,"Any[25, 30, 37, 45, 53]",25,53
2765,2026-01-17T13:20:00.0,2026-01-26T18:57:45.531,"Any[25, 30, 37, 45, 53]",25,53
2767,2026-01-17T13:20:00.0,2026-01-26T18:57:45.531,"Any[25, 30, 37, 45, 53]",25,53
2773,2026-01-17T13:20:00.0,2026-02-02T18:57:45.531,"Any[25, 30, 37, 45, 53]",25,53
2780,2026-01-17T13:20:00.0,2026-01-19T18:57:45.531,"Any[25, 30, 37, 45, 53]",25,53
2789,2026-01-17T13:20:00.0,2026-01-26T18:57:45.531,"Any[25, 30, 37, 45, 53]",25,53
2797,2026-01-17T13:20:00.0,2026-02-02T18:57:45.531,"Any[25, 30, 37, 45, 53]",25,53
2806,2026-01-17T13:20:00.0,2026-02-02T18:57:45.531,"Any[25, 30, 37, 45, 53]",25,53
2807,2026-01-17T13:20:00.0,2026-01-12T18:57:45.531,"Any[25, 30, 37, 45, 53]",25,53
2808,2026-01-17T13:20:00.0,2026-01-26T18:57:45.531,"Any[25, 30, 37, 45, 53]",25,53
2811,2026-01-17T13:20:00.0,2026-02-02T18:57:45.531,"Any[25, 30, 37, 45, 53]",25,53
2813,2026-01-17T13:20:00.0,2026-02-02T18:57:45.531,"Any[25, 30, 37, 45, 53]",25,53
2820,2026-01-17T13:20:00.0,2026-02-02T18:57:45.531,"Any[25, 30, 37, 45, 53]",25,53
2821,2026-01-17T13:20:00.0,2026-01-12T18:57:45.531,"Any[25, 30, 37, 45, 53]",25,53
2822,2026-01-17T13:20:00.0,2026-01-19T18:57:45.531,"Any[25, 30, 37, 45, 53]",25,53
2831,2026-01-17T13:20:00.0,2026-01-12T18:57:45.531,"Any[25, 30, 37, 45, 53]",25,53
2835,2026-01-17T13:20:00.0,2026-01-26T18:57:45.531,"Any[25, 30, 37, 45, 53]",25,53
2837,2026-01-17T13:20:00.0,2026-02-02T18:57:45.531,"Any[25, 30, 37, 45, 53]",25,53
2838,2026-01-17T13:20:00.0,2026-02-02T18:57:45.531,"Any[25, 30, 37, 45, 53]",25,53
2841,2026-01-17T13:20:00.0,2026-01-26T18:57:45.531,"Any[25, 30, 37, 45, 53]",25,53
2851,2026-01-17T13:20:00.0,2026-02-02T18:57:45.531,"Any[25, 30, 37, 45, 53]",25,53
2854,2026-01-17T13:20:00.0,2026-01-19T18:57:45.531,"Any[25, 30, 37, 45, 53]",25,53
2865,2026-01-17T13:20:00.0,2026-01-12T18:57:45.531,"Any[8, 13, 19, 25, 30, 37, 45, 53, 62]",8,62
2875,2026-01-17T13:20:00.0,2026-01-26T18:57:45.531,"Any[8, 13, 19, 25, 30, 37, 45, 53, 62]",8,62
2879,2026-01-17T13:20:00.0,2026-01-26T18:57:45.531,"Any[8, 13, 19, 25, 30, 37, 45, 53, 62]",8,62
2888,2026-01-17T13:20:00.0,2026-01-19T18:57:45.531,"Any[8, 13, 19, 25, 30, 37, 45, 56]",8,56
2897,2026-01-17T13:20:00.0,2026-01-26T18:57:45.531,"Any[8, 13, 19, 25, 30, 37, 45, 56]",8,56
2903,2026-01-17T13:20:00.0,2026-02-02T18:57:45.531,"Any[8, 13, 19, 25, 30, 37, 45, 56]",8,56
2904,2026-01-17T13:20:00.0,2026-01-26T18:57:45.531,"Any[8, 13, 19, 25, 30, 37, 45, 56]",8,56
2917,2026-01-17T13:20:00.0,2026-01-26T18:57:45.531,"Any[8, 13, 19, 25, 30, 37, 45, 56]",8,56
2926,2026-01-17T13:20:00.0,2026-01-19T18:57:45.531,"Any[8, 13, 19, 25, 30, 37, 45, 56]",8,56
2927,2026-01-17T13:20:00.0,2026-01-19T18:57:45.531,"Any[8, 13, 19, 25, 30, 37, 45, 56]",8,56
2930,2026-01-17T13:20:00.0,2026-02-02T18:57:45.531,"Any[8, 13, 19, 25, 30, 37, 45, 56]",8,56
2931,2026-01-17T13:20:00.0,2026-01-26T18:57:45.531,"Any[8, 13, 19, 25, 30, 37, 45, 56]",8,56
2932,2026-01-17T13:20:00.0,2026-02-02T18:57:45.531,"Any[8, 13, 19, 25, 30, 37, 45, 56]",8,56
2935,2026-01-17T13:20:00.0,2026-01-12T18:57:45.531,"Any[8, 13, 19, 25, 30, 37, 45, 56]",8,56
2936,2026-01-17T13:20:00.0,2026-01-19T18:57:45.531,"Any[8, 13, 19, 25, 30, 37, 45, 56]",8,56
2945,2026-01-17T13:20:00.0,2026-01-19T18:57:45.531,"Any[8, 13, 19, 25, 30, 37, 45, 56]",8,56
2947,2026-01-17T13:20:00.0,2026-01-26T18:57:45.531,"Any[8, 13, 19, 25, 30, 37, 45, 56]",8,56
2950,2026-01-17T13:20:00.0,2026-02-02T18:57:45.531,"Any[8, 13, 19, 25, 30, 37, 45, 56]",8,56
2953,2026-01-17T13:20:00.0,2026-01-19T18:57:45.531,"Any[1, 6, 11, 19, 25, 30, 37, 45, 56, 60]",1,60
2958,2026-01-17T13:20:00.0,2026-01-19T18:57:45.531,"Any[1, 6, 11, 19, 23, 36, 44, 54, 60]",1,60
2962,2026-01-17T13:20:00.0,2026-01-26T18:57:45.531,"Any[1, 6, 11, 16, 25, 30, 37, 45, 56, 60]",1,60
2963,2026-01-17T13:20:00.0,2026-02-02T18:57:45.531,"Any[1, 6, 11, 19, 25, 30, 37, 45, 56, 60]",1,60
2964,2026-01-17T13:20:00.0,2026-01-26T18:57:45.531,"Any[1, 6, 11, 19, 25, 30, 37, 45, 56, 60]",1,60
2967,2026-01-17T13:20:00.0,2026-01-12T18:57:45.531,"Any[1, 6, 11, 19, 23, 36, 44, 54, 60]",1,60
2969,2026-01-17T13:20:00.0,2026-01-12T18:57:45.531,"Any[1, 6, 11, 19, 23, 16, 23, 36, 44, 60]",1,60
2971,2026-01-17T13:20:00.0,2026-02-02T18:57:45.531,"Any[1, 6, 11, 19, 23, 36, 44, 54, 60]",1,60
2974,2026-01-17T13:20:00.0,2026-02-02T18:57:45.531,"Any[1, 6, 11, 19, 25, 30, 37, 45, 56, 60]",1,60
2978,2026-01-17T13:20:00.0,2026-01-26T18:57:45.531,"Any[1, 6, 11, 19, 23, 28, 36, 44, 54, 60]",1,60
2981,2026-01-17T13:20:00.0,2026-02-02T18:57:45.531,"Any[1, 6, 11, 19, 25, 30, 37, 45, 53, 60]",1,60
2982,2026-01-17T13:20:00.0,2026-02-02T18:57:45.531,"Any[1, 6, 11, 19, 23, 16, 23, 36, 44, 60]",1,60
2989,2026-01-17T13:20:00.0,2026-02-02T18:57:45.531,"Any[1, 6, 11, 19, 25, 30, 37, 45, 56]",1,56
2993,2026-01-17T13:20:00.0,2026-01-12T18:57:45.531,"Any[1, 6, 11, 16, 25, 30, 37, 45, 56]",1,56
2995,2026-01-17T13:20:00.0,2026-01-26T18:57:45.531,"Any[1, 6, 11, 19, 25, 30, 37, 45, 56]",1,56
3000,2026-01-17T13:20:00.0,2026-01-12T18:57:45.531,"Any[1, 6, 11, 19, 25, 30, 37, 45, 56]",1,56
3001,2026-01-17T13:20:00.0,2026-01-26T18:57:45.531,"Any[1, 6, 11, 19, 25, 30, 37, 45, 56]",1,56
3004,2026-01-17T13:20:00.0,2026-01-26T18:57:45.531,"Any[1, 6, 11, 19, 25, 30, 37, 45, 56]",1,56
3006,2026-01-17T13:20:00.0,2026-01-26T18:57:45.531,"Any[1, 6, 11, 19, 25, 30, 37, 45, 56]",1,56
3007,2026-01-17T13:20:00.0,2026-01-19T18:57:45.531,"Any[1, 6, 11, 19, 25, 30, 37, 45, 56]",1,56
3050,2026-01-17T13:20:00.0,2026-01-12T18:57:45.531,"Any[6, 11, 19, 25, 30, 37, 45, 53]",6,53
3054,2026-01-17T13:20:00.0,2026-01-26T18:57:45.531,"Any[6, 11, 19, 25, 30, 37, 45, 53]",6,53
3055,2026-01-17T13:20:00.0,2026-01-12T18:57:45.531,"Any[6, 11, 19, 25, 30, 37, 45, 53]",6,53
3061,2026-01-17T13:20:00.0,2026-01-12T18:57:45.531,"Any[6, 11, 19, 25, 30, 37, 45, 53]",6,53
3081,2026-01-17T13:20:00.0,2026-01-26T18:57:45.531,"Any[6, 11, 19, 25, 30, 37, 45]",6,45
3162,2026-01-17T13:20:00.0,2026-02-02T18:57:45.531,"Any[10, 19, 25, 30, 37, 45, 53, 60]",10,60
3165,2026-01-17T13:20:00.0,2026-01-12T18:57:45.531,"Any[10, 19, 25, 30, 37, 45, 53, 60]",10,60
3176,2026-01-17T13:20:00.0,2026-01-12T18:57:45.531,"Any[10, 19, 25, 30, 37, 45, 53, 60]",10,60
3177,2026-01-17T13:20:00.0,2026-02-02T18:57:45.531,"Any[10, 19, 25, 30, 37, 45, 53, 60]",10,60
3178,2026-01-17T13:20:00.0,2026-01-19T18:57:45.531,"Any[10, 19, 25, 30, 37, 45, 53, 60]",10,60
3182,2026-01-17T13:20:00.0,2026-01-26T18:57:45.531,"Any[10, 19, 25, 30, 37, 45, 53, 60]",10,60
3183,2026-01-17T13:20:00.0,2026-02-02T18:57:45.531,"Any[10, 19, 25, 30, 37, 45, 53, 60]",10,60
3188,2026-01-17T13:20:00.0,2026-01-26T18:57:45.531,"Any[10, 19, 25, 30, 37, 45, 53, 60]",10,60
3190,2026-01-17T13:20:00.0,2026-02-02T18:57:45.531,"Any[10, 19, 25, 30, 37, 45, 53, 60]",10,60
3200,2026-01-17T13:20:00.0,2026-02-02T18:57:45.531,"Any[10, 19, 25, 30, 37, 45, 53, 60]",10,60
3039,2026-01-17T13:25:00.0,2026-01-26T19:02:45.531,Any[],6,64
3076,2026-01-17T13:26:00.0,2026-01-19T19:03:45.531,Any[],6,54
3102,2026-01-17T13:26:00.0,2026-02-02T19:03:45.531,Any[],10,64
2652,2026-01-17T13:30:00.0,2026-01-19T19:07:45.531,Any[],45,7
3018,2026-01-17T13:31:00.0,2026-01-19T19:08:45.531,Any[],6,64
2250,2026-01-17T13:33:00.0,2026-01-12T19:10:45.531,Any[],56,17
3113,2026-01-17T13:33:00.0,2026-02-02T19:10:45.531,Any[],10,64
2657,2026-01-17T13:34:00.0,2026-01-19T19:11:45.531,Any[],45,7
3155,2026-01-17T13:34:00.0,2026-01-12T19:11:45.531,Any[],10,64
2667,2026-01-17T13:36:00.0,2026-01-26T19:13:45.531,Any[],45,3
2698,2026-01-17T13:36:00.0,2026-01-26T19:13:45.531,Any[],45,4
3160,2026-01-17T13:36:00.0,2026-01-12T19:13:45.531,Any[],10,64
2470,2026-01-17T13:37:00.0,2026-02-02T19:14:45.531,Any[],55,3
3150,2026-01-17T13:37:00.0,2026-02-02T19:14:45.531,Any[],10,64
3153,2026-01-17T13:37:00.0,2026-02-02T19:14:45.531,Any[],10,64
2654,2026-01-17T13:40:00.0,2026-01-12T19:17:45.531,Any[],45,7
2679,2026-01-17T13:43:00.0,2026-01-26T19:20:45.531,Any[],45,3
2381,2026-01-17T13:46:00.0,2026-01-12T19:23:45.531,Any[],56,5
3114,2026-01-17T13:54:00.0,2026-02-02T19:31:45.531,Any[],10,64
3022,2026-01-17T13:57:00.0,2026-01-26T19:34:45.531,Any[],6,64
3087,2026-01-17T13:57:00.0,2026-02-02T19:34:45.531,Any[],10,64
3109,2026-01-17T13:57:00.0,2026-02-02T19:34:45.531,Any[],10,64
2379,2026-01-17T13:58:00.0,2026-01-26T19:35:45.531,Any[],56,3
1,2026-01-21T07:06:40.0,2026-01-09T12:44:25.531,"Any[19, 25, 30, 37, 45, 53]",19,53
5,2026-01-21T07:06:40.0,2026-01-09T12:44:25.531,"Any[56, 45, 37, 30, 25, 19, 10]",56,10
43,2026-01-21T07:06:40.0,2026-01-16T12:44:25.531,"Any[16, 25, 30, 37, 45, 53]",16,53
48,2026-01-21T07:06:40.0,2026-01-30T12:44:25.531,"Any[45, 37, 30, 25, 19, 10]",45,10
65,2026-01-21T07:06:40.0,2026-01-30T12:44:25.531,"Any[45, 37, 30, 25, 19, 10]",45,10
99,2026-01-21T07:06:40.0,2026-01-23T12:44:25.531,"Any[53, 45, 37, 30, 25, 19, 13, 8]",53,8
109,2026-01-21T07:06:40.0,2026-01-23T12:44:25.531,"Any[8, 13, 25, 30, 37, 45, 56]",8,56
135,2026-01-21T07:06:40.0,2026-01-23T12:44:25.531,"Any[16, 25, 30, 37, 45, 53, 60]",16,60
169,2026-01-21T07:06:40.0,2026-01-23T12:44:25.531,"Any[53, 45, 37, 30, 25, 19, 11, 6, 1]",53,1
170,2026-01-21T07:06:40.0,2026-01-16T12:44:25.531,"Any[6, 11, 19, 25, 30, 37, 45]",6,45
227,2026-01-21T07:06:40.0,2026-01-23T12:44:25.531,"Any[60, 53, 45, 37, 30, 25]",60,25
234,2026-01-21T07:06:40.0,2026-01-16T12:44:25.531,"Any[19, 25, 30, 37, 45, 53]",19,53
254,2026-01-21T07:06:40.0,2026-01-09T12:44:25.531,"Any[64, 53, 45, 37, 30, 25, 19, 11, 6, 1]",64,1
272,2026-01-21T07:06:40.0,2026-01-16T12:44:25.531,"Any[10, 19, 25, 30, 37, 45, 53]",10,53
277,2026-01-21T07:06:40.0,2026-01-09T12:44:25.531,"Any[54, 44, 36, 23, 19, 13, 8]",54,8
337,2026-01-21T07:06:40.0,2026-01-16T12:44:25.531,"Any[3, 10, 19, 25, 30, 37, 45, 53]",3,53
345,2026-01-21T07:06:40.0,2026-01-30T12:44:25.531,"Any[54, 44, 36, 23, 19, 13, 8, 7]",54,7
410,2026-01-21T07:06:40.0,2026-01-30T12:44:25.531,"Any[19, 30, 37, 45, 56]",19,56
418,2026-01-21T07:06:40.0,2026-01-30T12:44:25.531,"Any[6, 11, 19, 25, 30, 37, 45]",6,45
419,2026-01-21T07:06:40.0,2026-01-16T12:44:25.531,"Any[53, 45, 37, 30, 25, 19, 13, 8]",53,8
431,2026-01-21T07:06:40.0,2026-01-30T12:44:25.531,"Any[19, 25, 30, 37, 45, 53]",19,53
452,2026-01-21T07:06:40.0,2026-01-23T12:44:25.531,"Any[16, 25, 30, 37, 45, 53]",16,53
473,2026-01-21T07:06:40.0,2026-01-30T12:44:25.531,"Any[60, 56, 45, 37, 30, 25, 19, 11, 6]",60,6
490,2026-01-21T07:06:40.0,2026-01-30T12:44:25.531,"Any[53, 45, 37, 30, 25, 19, 10]",53,10
510,2026-01-21T07:06:40.0,2026-01-30T12:44:25.531,"Any[8, 7, 8, 13, 19, 25, 30, 37, 45]",8,45
517,2026-01-21T07:06:40.0,2026-01-30T12:44:25.531,"Any[6, 11, 19, 25, 30, 37, 45]",6,45
546,2026-01-21T07:06:40.0,2026-01-09T12:44:25.531,"Any[45, 37, 30, 25, 19, 10]",45,10
575,2026-01-21T07:06:40.0,2026-01-16T12:44:25.531,"Any[64, 60, 56, 45, 37, 30, 25, 19]",64,19
609,2026-01-21T07:06:40.0,2026-01-30T12:44:25.531,"Any[19, 25, 30, 37, 45, 56]",19,56
630,2026-01-21T07:06:40.0,2026-01-09T12:44:25.531,"Any[16, 25, 30, 37, 45, 56, 60]",16,60
678,2026-01-21T07:06:40.0,2026-01-23T12:44:25.531,"Any[19, 25, 30, 37, 45, 53]",19,53
682,2026-01-21T07:06:40.0,2026-01-16T12:44:25.531,"Any[1, 6, 10, 19, 23, 36, 44, 54, 60]",1,60
694,2026-01-21T07:06:40.0,2026-01-09T12:44:25.531,"Any[16, 17, 25, 30, 37, 45, 53]",16,53
695,2026-01-21T07:06:40.0,2026-01-30T12:44:25.531,"Any[10, 19, 25, 30, 37, 45, 53, 60]",10,60
701,2026-01-21T07:06:40.0,2026-01-30T12:44:25.531,"Any[56, 45, 37, 30, 25]",56,25
713,2026-01-21T07:06:40.0,2026-01-23T12:44:25.531,"Any[56, 45, 37, 30, 25, 19, 10]",56,10
741,2026-01-21T07:06:40.0,2026-01-16T12:44:25.531,"Any[8, 13, 25, 30, 37, 45, 56]",8,56
749,2026-01-21T07:06:40.0,2026-01-30T12:44:25.531,"Any[10, 19, 25, 30, 37, 45, 53, 60]",10,60
758,2026-01-21T07:06:40.0,2026-01-30T12:44:25.531,"Any[64, 53, 45, 37, 30, 25, 19, 13, 8]",64,8
825,2026-01-21T07:06:40.0,2026-01-16T12:44:25.531,"Any[6, 11, 19, 25, 30, 37, 45]",6,45
846,2026-01-21T07:06:40.0,2026-01-16T12:44:25.531,"Any[8, 13, 19, 25, 30, 37, 45, 56]",8,56
858,2026-01-21T07:06:40.0,2026-01-23T12:44:25.531,"Any[53, 45, 37, 30, 25, 19, 13, 8]",53,8
875,2026-01-21T07:06:40.0,2026-01-16T12:44:25.531,"Any[3, 10, 19, 25, 30, 37, 45, 53]",3,53
878,2026-01-21T07:06:40.0,2026-01-09T12:44:25.531,"Any[53, 45, 37, 30, 25, 19, 13, 8]",53,8
883,2026-01-21T07:06:40.0,2026-01-16T12:44:25.531,"Any[53, 45, 37, 30, 25, 19, 10]",53,10
889,2026-01-21T07:06:40.0,2026-01-23T12:44:25.531,"Any[56, 45, 37, 30, 25, 19, 10]",56,10
961,2026-01-21T07:06:40.0,2026-01-23T12:44:25.531,"Any[64, 60, 53, 45, 37, 30, 25, 19, 11, 6, 1]",64,1
964,2026-01-21T07:06:40.0,2026-01-09T12:44:25.531,"Any[17, 25, 30, 37, 45, 53]",17,53
979,2026-01-21T07:06:40.0,2026-01-30T12:44:25.531,"Any[7, 8, 13, 19, 25, 30, 37, 45, 53]",7,53
1052,2026-01-21T07:06:40.0,2026-01-16T12:44:25.531,"Any[8, 13, 19, 25, 30, 37, 45, 56]",8,56
1061,2026-01-21T07:06:40.0,2026-01-16T12:44:25.531,"Any[8, 13, 19, 25, 30, 37, 45, 56]",8,56
1099,2026-01-21T07:06:40.0,2026-01-23T12:44:25.531,"Any[3, 10, 19, 25, 30, 37, 45, 53]",3,53
1118,2026-01-21T07:06:40.0,2026-01-30T12:44:25.531,"Any[19, 25, 30, 37, 45, 56]",19,56
1126,2026-01-21T07:06:40.0,2026-01-16T12:44:25.531,"Any[45, 37, 30, 25, 19, 10]",45,10
1143,2026-01-21T07:06:40.0,2026-01-23T12:44:25.531,"Any[6, 11, 19, 25, 30, 37, 45]",6,45
1153,2026-01-21T07:06:40.0,2026-01-09T12:44:25.531,"Any[19, 30, 37, 45, 56]",19,56
1168,2026-01-21T07:06:40.0,2026-01-23T12:44:25.531,"Any[6, 10, 19, 25, 30, 37, 45]",6,45
1187,2026-01-21T07:06:40.0,2026-01-30T12:44:25.531,"Any[53, 45, 37, 30, 25, 19, 13, 8]",53,8
1188,2026-01-21T07:06:40.0,2026-01-23T12:44:25.531,"Any[7, 8, 13, 19, 25, 30, 37, 45, 53, 60]",7,60
1258,2026-01-21T07:06:40.0,2026-01-23T12:44:25.531,"Any[1, 6, 11, 19, 23, 28, 36, 44, 60]",1,60
1262,2026-01-21T07:06:40.0,2026-01-30T12:44:25.531,"Any[53, 45, 37, 30, 25, 19, 13, 8]",53,8
1277,2026-01-21T07:06:40.0,2026-01-09T12:44:25.531,"Any[53, 45, 37, 30, 25, 19, 10]",53,10
1288,2026-01-21T07:06:40.0,2026-01-16T12:44:25.531,"Any[56, 45, 37, 30, 25, 19, 11, 6]",56,6
1294,2026-01-21T07:06:40.0,2026-01-09T12:44:25.531,"Any[53, 45, 37, 30, 25, 19, 13, 8]",53,8
1346,2026-01-21T07:06:40.0,2026-01-09T12:44:25.531,"Any[54, 44, 36, 23, 19, 13, 8]",54,8
1353,2026-01-21T07:06:40.0,2026-01-30T12:44:25.531,"Any[3, 10, 19, 25, 30, 37, 45, 53]",3,53
1374,2026-01-21T07:06:40.0,2026-01-16T12:44:25.531,"Any[1, 6, 11, 19, 25, 30, 37, 45, 53]",1,53
1388,2026-01-21T07:06:40.0,2026-01-16T12:44:25.531,"Any[8, 13, 19, 25, 30, 37, 45, 56]",8,56
1407,2026-01-21T07:06:40.0,2026-01-09T12:44:25.531,"Any[16, 17, 25, 30, 37, 45, 53]",16,53
1411,2026-01-21T07:06:40.0,2026-01-16T12:44:25.531,"Any[6, 11, 16, 25, 30, 37, 45, 53]",6,53
1441,2026-01-21T07:06:40.0,2026-01-23T12:44:25.531,"Any[10, 19, 25, 30, 37, 45, 53]",10,53
1508,2026-01-21T07:06:40.0,2026-01-30T12:44:25.531,"Any[60, 56, 45, 37, 30, 25, 19, 11, 6]",60,6
1525,2026-01-21T07:06:40.0,2026-01-23T12:44:25.531,"Any[6, 11, 19, 25, 30, 37, 45]",6,45
1528,2026-01-21T07:06:40.0,2026-01-09T12:44:25.531,"Any[56, 45, 37, 30, 25]",56,25
1557,2026-01-21T07:06:40.0,2026-01-09T12:44:25.531,"Any[7, 8, 13, 19, 25, 30, 37, 45, 53]",7,53
1572,2026-01-21T07:06:40.0,2026-01-09T12:44:25.531,"Any[3, 10, 19, 25, 30, 37, 45, 53]",3,53
1581,2026-01-21T07:06:40.0,2026-01-09T12:44:25.531,"Any[19, 25, 30, 37, 45, 56]",19,56
1589,2026-01-21T07:06:40.0,2026-01-23T12:44:25.531,"Any[6, 11, 19, 25, 30, 37, 45]",6,45
1591,2026-01-21T07:06:40.0,2026-01-09T12:44:25.531,"Any[56, 45, 37, 30, 25]",56,25
1613,2026-01-21T07:06:40.0,2026-01-09T12:44:25.531,"Any[19, 25, 30, 37, 45, 56]",19,56
1632,2026-01-21T07:06:40.0,2026-01-23T12:44:25.531,"Any[1, 6, 11, 19, 23, 36, 44, 54, 60]",1,60
1645,2026-01-21T07:06:40.0,2026-01-30T12:44:25.531,"Any[19, 25, 30, 37, 45, 56]",19,56
1653,2026-01-21T07:06:40.0,2026-01-30T12:44:25.531,"Any[7, 8, 13, 19, 25, 30, 37, 45, 53, 60]",7,60
1657,2026-01-21T07:06:40.0,2026-01-16T12:44:25.531,"Any[7, 8, 13, 19, 25, 30, 37, 45, 53, 60]",7,60
1677,2026-01-21T07:06:40.0,2026-01-30T12:44:25.531,"Any[6, 11, 19, 25, 30, 37, 45, 56]",6,56
1678,2026-01-21T07:06:40.0,2026-01-09T12:44:25.531,"Any[10, 19, 30, 37, 45, 53]",10,53
1705,2026-01-21T07:06:40.0,2026-01-16T12:44:25.531,"Any[60, 53, 45, 37, 30, 25]",60,25
1732,2026-01-21T07:06:40.0,2026-01-09T12:44:25.531,"Any[10, 25, 30, 37, 45, 53, 60]",10,60
1827,2026-01-21T07:06:40.0,2026-01-23T12:44:25.531,"Any[53, 45, 37, 30, 25, 19, 13, 8]",53,8
1831,2026-01-21T07:06:40.0,2026-01-30T12:44:25.531,"Any[19, 17, 25, 30, 37, 45, 53]",19,53
1835,2026-01-21T07:06:40.0,2026-01-16T12:44:25.531,"Any[64, 60, 53, 45, 37, 30, 25, 19, 13, 8]",64,8
1846,2026-01-21T07:06:40.0,2026-01-16T12:44:25.531,"Any[60, 56, 45, 37, 30, 25]",60,25
1891,2026-01-21T07:06:40.0,2026-01-23T12:44:25.531,"Any[56, 45, 37, 30, 25]",56,25
1895,2026-01-21T07:06:40.0,2026-01-16T12:44:25.531,"Any[56, 45, 37, 30, 25, 19, 10]",56,10
1898,2026-01-21T07:06:40.0,2026-01-16T12:44:25.531,"Any[1, 6, 11, 19, 23, 28, 36, 44, 60]",1,60
1932,2026-01-21T07:06:40.0,2026-01-09T12:44:25.531,"Any[56, 45, 37, 30, 25]",56,25
1981,2026-01-21T07:06:40.0,2026-01-23T12:44:25.531,"Any[19, 25, 30, 37, 45, 53]",19,53
1982,2026-01-21T07:06:40.0,2026-01-23T12:44:25.531,"Any[19, 25, 30, 37, 45, 53]",19,53
2012,2026-01-21T07:06:40.0,2026-01-30T12:44:25.531,"Any[1, 6, 11, 19, 25, 30, 37, 45]",1,45
2019,2026-01-21T07:06:40.0,2026-01-30T12:44:25.531,"Any[60, 56, 45, 37, 30, 25, 19, 11, 6]",60,6
2031,2026-01-21T07:06:40.0,2026-01-23T12:44:25.531,"Any[4, 10, 19, 25, 30, 37, 45, 53]",4,53
2034,2026-01-21T07:06:40.0,2026-01-30T12:44:25.531,"Any[60, 56, 45, 37, 30, 25]",60,25
2036,2026-01-21T07:06:40.0,2026-01-23T12:44:25.531,"Any[3, 10, 19, 25, 30, 37, 45, 53]",3,53
2054,2026-01-21T07:06:40.0,2026-01-09T12:44:25.531,"Any[64, 60, 53, 45, 37, 30, 25, 19, 13, 8]",64,8
2063,2026-01-21T07:06:40.0,2026-01-09T12:44:25.531,"Any[45, 37, 30, 25, 19, 10]",45,10
2073,2026-01-21T07:06:40.0,2026-01-16T12:44:25.531,"Any[60, 56, 45, 37, 30, 25]",60,25
2074,2026-01-21T07:06:40.0,2026-01-16T12:44:25.531,"Any[53, 45, 37, 30, 25, 19, 11, 6, 1]",53,1
2125,2026-01-21T07:06:40.0,2026-01-09T12:44:25.531,"Any[19, 30, 37, 45, 56]",19,56
2143,2026-01-21T07:06:40.0,2026-01-16T12:44:25.531,"Any[53, 45, 37, 30, 25, 19, 11, 6, 1]",53,1
2145,2026-01-21T07:06:40.0,2026-01-30T12:44:25.531,"Any[60, 53, 45, 37, 30, 25]",60,25
2161,2026-01-21T07:06:40.0,2026-01-30T12:44:25.531,"Any[64, 60, 56, 45, 37, 30, 25, 19]",64,19
2162,2026-01-21T07:06:40.0,2026-01-09T12:44:25.531,"Any[64, 60, 56, 45, 37, 30, 25, 19]",64,19
2166,2026-01-21T07:06:40.0,2026-01-30T12:44:25.531,"Any[64, 60, 56, 45, 37, 30, 25, 19]",64,19
2167,2026-01-21T07:06:40.0,2026-01-30T12:44:25.531,"Any[64, 60, 56, 45, 37, 30, 25, 19]",64,19
2169,2026-01-21T07:06:40.0,2026-01-30T12:44:25.531,"Any[64, 60, 56, 45, 37, 30, 25, 19]",64,19
2173,2026-01-21T07:06:40.0,2026-01-23T12:44:25.531,"Any[64, 60, 56, 45, 37, 30, 25, 19]",64,19
2207,2026-01-21T07:06:40.0,2026-01-09T12:44:25.531,"Any[60, 56, 45, 37, 30, 25, 19]",60,19
2255,2026-01-21T07:06:40.0,2026-01-30T12:44:25.531,"Any[56, 45, 37, 30, 25, 16]",56,16
2260,2026-01-21T07:06:40.0,2026-01-23T12:44:25.531,"Any[56, 45, 37, 30, 25, 16]",56,16
2263,2026-01-21T07:06:40.0,2026-01-09T12:44:25.531,"Any[56, 45, 37, 30, 25, 16]",56,16
2267,2026-01-21T07:06:40.0,2026-01-23T12:44:25.531,"Any[56, 45, 37, 30, 25, 16]",56,16
2269,2026-01-21T07:06:40.0,2026-01-09T12:44:25.531,"Any[56, 45, 37, 30, 25, 16]",56,16
2272,2026-01-21T07:06:40.0,2026-01-23T12:44:25.531,"Any[56, 45, 37, 30, 25, 16]",56,16
2274,2026-01-21T07:06:40.0,2026-01-30T12:44:25.531,"Any[56, 45, 37, 30, 25, 16]",56,16
2275,2026-01-21T07:06:40.0,2026-01-09T12:44:25.531,"Any[56, 45, 37, 30, 25, 16]",56,16
2277,2026-01-21T07:06:40.0,2026-01-09T12:44:25.531,"Any[56, 45, 37, 30, 25, 16]",56,16
2279,2026-01-21T07:06:40.0,2026-01-09T12:44:25.531,"Any[56, 45, 37, 30, 25, 16]",56,16
2423,2026-01-21T07:06:40.0,2026-01-09T12:44:25.531,"Any[56, 45, 37, 30, 25, 19, 11, 6]",56,6
2425,2026-01-21T07:06:40.0,2026-01-16T12:44:25.531,"Any[56, 45, 37, 30, 25, 19, 11, 6]",56,6
2436,2026-01-21T07:06:40.0,2026-01-09T12:44:25.531,"Any[56, 45, 37, 30, 25, 19, 11, 6]",56,6
2455,2026-01-21T07:06:40.0,2026-01-16T12:44:25.531,"Any[56, 45, 37, 30, 25, 19, 10]",56,10
2457,2026-01-21T07:06:40.0,2026-01-16T12:44:25.531,"Any[56, 45, 37, 30, 25, 19, 10]",56,10
2459,2026-01-21T07:06:40.0,2026-01-16T12:44:25.531,"Any[56, 45, 37, 30, 25, 19, 10]",56,10
2460,2026-01-21T07:06:40.0,2026-01-16T12:44:25.531,"Any[56, 45, 37, 30, 25, 19, 10]",56,10
2475,2026-01-21T07:06:40.0,2026-01-16T12:44:25.531,"Any[53, 45, 37, 30, 25, 19, 13, 8]",53,8
2499,2026-01-21T07:06:40.0,2026-01-23T12:44:25.531,"Any[53, 45, 37, 30, 25, 19, 13, 8]",53,8
2500,2026-01-21T07:06:40.0,2026-01-16T12:44:25.531,"Any[53, 45, 37, 30, 25, 19, 13, 8]",53,8
2520,2026-01-21T07:06:40.0,2026-01-09T12:44:25.531,"Any[53, 45, 37, 30, 25, 19, 13, 8]",53,8
2559,2026-01-21T07:06:40.0,2026-01-09T12:44:25.531,"Any[53, 45, 37, 30, 25, 19, 11, 6, 1]",53,1
2712,2026-01-21T07:06:40.0,2026-01-09T12:44:25.531,"Any[45, 37, 30, 25, 19, 10]",45,10
2716,2026-01-21T07:06:40.0,2026-01-30T12:44:25.531,"Any[45, 37, 30, 25, 19, 10]",45,10
2940,2026-01-21T07:06:40.0,2026-01-16T12:44:25.531,"Any[8, 13, 19, 25, 30, 37, 45, 56]",8,56
2942,2026-01-21T07:06:40.0,2026-01-23T12:44:25.531,"Any[8, 13, 25, 30, 37, 45, 56]",8,56
2943,2026-01-21T07:06:40.0,2026-01-16T12:44:25.531,"Any[8, 13, 25, 30, 37, 45, 56]",8,56
2960,2026-01-21T07:06:40.0,2026-01-30T12:44:25.531,"Any[1, 6, 11, 19, 23, 36, 44, 54, 60]",1,60
3051,2026-01-21T07:06:40.0,2026-01-30T12:44:25.531,"Any[6, 11, 19, 25, 30, 37, 45, 53]",6,53
3056,2026-01-21T07:06:40.0,2026-01-23T12:44:25.531,"Any[6, 11, 19, 25, 30, 37, 45, 53]",6,53
3068,2026-01-21T07:06:40.0,2026-01-23T12:44:25.531,"Any[6, 11, 25, 30, 37, 45, 53]",6,53
3180,2026-01-21T07:06:40.0,2026-01-09T12:44:25.531,"Any[10, 25, 30, 37, 45, 53, 60]",10,60
3185,2026-01-21T07:06:40.0,2026-01-16T12:44:25.531,"Any[10, 19, 25, 30, 37, 45, 53, 60]",10,60
3186,2026-01-21T07:06:40.0,2026-01-09T12:44:25.531,"Any[10, 19, 25, 30, 37, 45, 53, 60]",10,60
3187,2026-01-21T07:06:40.0,2026-01-09T12:44:25.531,"Any[10, 19, 25, 30, 37, 45, 53, 60]",10,60
3197,2026-01-21T07:06:40.0,2026-01-16T12:44:25.531,"Any[10, 25, 30, 37, 45, 53, 60]",10,60
3199,2026-01-21T07:06:40.0,2026-01-09T12:44:25.531,"Any[10, 19, 25, 30, 37, 45, 53, 60]",10,60
3131,2026-01-21T07:12:00.0,2026-01-16T12:49:45.531,Any[],10,64
2856,2026-01-21T07:15:00.0,2026-01-09T12:52:45.531,Any[],20,60
3084,2026-01-21T07:20:00.0,2026-01-30T12:57:45.531,Any[],10,64
2376,2026-01-21T07:24:00.0,2026-01-30T13:01:45.531,Any[],56,3
2223,2026-01-21T07:33:00.0,2026-01-23T13:10:45.531,Any[],56,17
2246,2026-01-21T07:50:00.0,2026-01-16T13:27:45.531,Any[],56,17
3032,2026-01-21T07:53:00.0,2026-01-09T13:30:45.531,Any[],6,64
2857,2026-01-21T13:14:00.0,2026-01-23T18:51:45.531,Any[],20,60
3110,2026-01-21T13:23:00.0,2026-01-23T19:00:45.531,Any[],10,64
3124,2026-01-21T13:26:00.0,2026-01-23T19:03:45.531,Any[],10,64
3142,2026-01-21T13:34:00.0,2026-01-16T19:11:45.531,Any[],10,64
3145,2026-01-21T13:39:00.0,2026-01-23T19:16:45.531,Any[],10,64
3027,2026-01-21T13:43:00.0,2026-01-23T19:20:45.531,Any[],6,64
3023,2026-01-21T13:45:00.0,2026-01-16T19:22:45.531,Any[],6,64
3115,2026-01-24T07:00:00.0,2026-02-02T12:37:45.531,Any[],10,64
2681,2026-01-24T07:04:00.0,2026-01-12T12:41:45.531,Any[],45,3
3149,2026-01-24T07:06:00.0,2026-01-12T12:43:45.531,Any[],10,64
2651,2026-01-24T07:08:00.0,2026-02-02T12:45:45.531,Any[],45,7
2671,2026-01-24T07:09:00.0,2026-01-12T12:46:45.531,Any[],45,3
2371,2026-01-24T07:10:00.0,2026-01-19T12:47:45.531,Any[],56,3
3158,2026-01-24T07:21:00.0,2026-01-12T12:58:45.531,Any[],10,64
3098,2026-01-24T07:33:00.0,2026-01-19T13:10:45.531,Any[],10,64
3014,2026-01-24T07:38:00.0,2026-01-26T13:15:45.531,Any[],6,64
3040,2026-01-24T07:42:00.0,2026-01-26T13:19:45.531,Any[],6,64
3122,2026-01-24T07:42:00.0,2026-02-02T13:19:45.531,Any[],10,64
2245,2026-01-24T13:00:00.0,2026-01-26T18:37:45.531,Any[],56,17
2699,2026-01-24T13:01:00.0,2026-01-19T18:38:45.531,Any[],45,4
2226,2026-01-24T13:05:00.0,2026-02-02T18:42:45.531,Any[],56,17
2642,2026-01-24T13:05:00.0,2026-01-26T18:42:45.531,Any[],45,7
3090,2026-01-24T13:06:00.0,2026-01-19T18:43:45.531,Any[],10,64
2658,2026-01-24T13:14:00.0,2026-01-19T18:51:45.531,Any[],45,7
3088,2026-01-24T13:18:00.0,2026-02-02T18:55:45.531,Any[],10,64
8,2026-01-24T13:20:00.0,2026-01-26T18:57:45.531,"Any[7, 8, 13, 19, 25, 30, 37, 45, 53]",7,53
14,2026-01-24T13:20:00.0,2026-01-12T18:57:45.531,"Any[60, 53, 45, 37, 30, 25]",60,25
17,2026-01-24T13:20:00.0,2026-01-26T18:57:45.531,"Any[6, 11, 19, 25, 30, 37, 45, 53]",6,53
18,2026-01-24T13:20:00.0,2026-01-26T18:57:45.531,"Any[10, 19, 25, 30, 37, 45, 53, 60]",10,60
22,2026-01-24T13:20:00.0,2026-01-12T18:57:45.531,"Any[64, 60, 53, 45, 37, 30, 25, 19, 13, 8]",64,8
31,2026-01-24T13:20:00.0,2026-01-26T18:57:45.531,"Any[56, 45, 37, 30, 25]",56,25
41,2026-01-24T13:20:00.0,2026-01-26T18:57:45.531,"Any[1, 6, 11, 19, 23, 28, 36, 44, 54, 60]",1,60
46,2026-01-24T13:20:00.0,2026-02-02T18:57:45.531,"Any[53, 45, 37, 30, 25, 19, 10]",53,10
47,2026-01-24T13:20:00.0,2026-01-12T18:57:45.531,"Any[53, 45, 37, 30, 25, 19, 10]",53,10
55,2026-01-24T13:20:00.0,2026-01-19T18:57:45.531,"Any[62, 56, 45, 37, 30, 25, 19]",62,19
58,2026-01-24T13:20:00.0,2026-01-19T18:57:45.531,"Any[1, 6, 11, 19, 25, 30, 37, 45, 56, 60]",1,60
61,2026-01-24T13:20:00.0,2026-02-02T18:57:45.531,"Any[7, 8, 13, 19, 25, 30, 37, 45, 53, 60]",7,60
63,2026-01-24T13:20:00.0,2026-02-02T18:57:45.531,"Any[6, 11, 19, 25, 30, 37, 45]",6,45
74,2026-01-24T13:20:00.0,2026-01-12T18:57:45.531,"Any[6, 11, 19, 25, 30, 37, 45]",6,45
79,2026-01-24T13:20:00.0,2026-01-26T18:57:45.531,"Any[60, 56, 45, 37, 30, 25, 19]",60,19
81,2026-01-24T13:20:00.0,2026-02-02T18:57:45.531,"Any[56, 45, 37, 30, 25]",56,25
83,2026-01-24T13:20:00.0,2026-01-26T18:57:45.531,"Any[8, 13, 19, 25, 30, 37, 45, 56]",8,56
84,2026-01-24T13:20:00.0,2026-01-12T18:57:45.531,"Any[10, 19, 25, 30, 37, 45, 53]",10,53
94,2026-01-24T13:20:00.0,2026-01-12T18:57:45.531,"Any[56, 45, 37, 30, 25, 19, 11, 6]",56,6
96,2026-01-24T13:20:00.0,2026-01-19T18:57:45.531,"Any[1, 6, 11, 19, 25, 30, 37, 45, 56, 60]",1,60
98,2026-01-24T13:20:00.0,2026-02-02T18:57:45.531,"Any[60, 56, 45, 37, 30, 25, 19, 11, 6]",60,6
101,2026-01-24T13:20:00.0,2026-01-12T18:57:45.531,"Any[6, 11, 19, 25, 30, 37, 45, 53]",6,53
105,2026-01-24T13:20:00.0,2026-01-12T18:57:45.531,"Any[17, 25, 30, 37, 45, 53, 60]",17,60
107,2026-01-24T13:20:00.0,2026-01-12T18:57:45.531,"Any[8, 13, 19, 25, 30, 37, 45, 56]",8,56
114,2026-01-24T13:20:00.0,2026-02-02T18:57:45.531,"Any[8, 13, 19, 25, 30, 37, 45, 56]",8,56
115,2026-01-24T13:20:00.0,2026-02-02T18:57:45.531,"Any[8, 13, 19, 25, 30, 37, 45, 56, 60]",8,60
127,2026-01-24T13:20:00.0,2026-02-02T18:57:45.531,"Any[1, 6, 11, 19, 25, 30, 37, 45, 56]",1,56
138,2026-01-24T13:20:00.0,2026-01-26T18:57:45.531,"Any[7, 8, 13, 19, 25, 30, 37, 45, 53, 60]",7,60
139,2026-01-24T13:20:00.0,2026-01-19T18:57:45.531,"Any[56, 45, 37, 45, 50, 45, 37, 30, 25]",56,25
141,2026-01-24T13:20:00.0,2026-02-02T18:57:45.531,"Any[19, 25, 30, 37, 45, 56]",19,56
144,2026-01-24T13:20:00.0,2026-01-12T18:57:45.531,"Any[1, 6, 11, 19, 25, 30, 37, 45, 53, 60]",1,60
149,2026-01-24T13:20:00.0,2026-01-26T18:57:45.531,"Any[53, 45, 37, 30, 25, 19, 10]",53,10
154,2026-01-24T13:20:00.0,2026-01-12T18:57:45.531,"Any[6, 11, 16, 25, 30, 37, 45]",6,45
158,2026-01-24T13:20:00.0,2026-01-12T18:57:45.531,"Any[1, 6, 11, 19, 25, 30, 37, 45, 56]",1,56
161,2026-01-24T13:20:00.0,2026-01-12T18:57:45.531,"Any[64, 60, 53, 45, 37, 30, 25, 19, 11, 6, 1]",64,1
172,2026-01-24T13:20:00.0,2026-01-12T18:57:45.531,"Any[8, 13, 19, 25, 30, 37, 45, 56]",8,56
192,2026-01-24T13:20:00.0,2026-01-19T18:57:45.531,"Any[53, 45, 37, 30, 25, 19, 13, 8]",53,8
212,2026-01-24T13:20:00.0,2026-01-19T18:57:45.531,"Any[64, 60, 53, 45, 37, 30, 25, 19, 13, 8]",64,8
214,2026-01-24T13:20:00.0,2026-01-19T18:57:45.531,"Any[53, 45, 37, 30, 25, 19, 10]",53,10
218,2026-01-24T13:20:00.0,2026-01-19T18:57:45.531,"Any[64, 53, 45, 37, 30, 25, 19, 13, 8]",64,8
219,2026-01-24T13:20:00.0,2026-01-26T18:57:45.531,"Any[10, 19, 25, 30, 37, 45, 53]",10,53
223,2026-01-24T13:20:00.0,2026-02-02T18:57:45.531,"Any[53, 45, 37, 30, 25, 19, 10]",53,10
226,2026-01-24T13:20:00.0,2026-01-26T18:57:45.531,"Any[8, 13, 19, 25, 30, 37, 45, 56]",8,56
233,2026-01-24T13:20:00.0,2026-02-02T18:57:45.531,"Any[60, 56, 45, 37, 30, 25]",60,25
240,2026-01-24T13:20:00.0,2026-01-26T18:57:45.531,"Any[1, 6, 11, 19, 25, 30, 37, 45, 56]",1,56
271,2026-01-24T13:20:00.0,2026-01-12T18:57:45.531,"Any[64, 60, 53, 45, 37, 30, 25, 19, 11, 6, 1]",64,1
274,2026-01-24T13:20:00.0,2026-02-02T18:57:45.531,"Any[53, 45, 37, 30, 25, 19, 10]",53,10
275,2026-01-24T13:20:00.0,2026-02-02T18:57:45.531,"Any[60, 56, 45, 37, 30, 25, 19, 11, 6]",60,6
284,2026-01-24T13:20:00.0,2026-01-19T18:57:45.531,"Any[53, 45, 37, 30, 25, 19, 10]",53,10
286,2026-01-24T13:20:00.0,2026-01-12T18:57:45.531,"Any[60, 56, 45, 37, 30, 25, 19, 13, 8]",60,8
292,2026-01-24T13:20:00.0,2026-01-19T18:57:45.531,"Any[64, 53, 45, 37, 30, 25, 19, 13, 8]",64,8
299,2026-01-24T13:20:00.0,2026-01-12T18:57:45.531,"Any[64, 53, 45, 37, 30, 25, 19, 13, 8]",64,8
304,2026-01-24T13:20:00.0,2026-01-19T18:57:45.531,"Any[53, 45, 37, 30, 25, 19, 13, 8]",53,8
308,2026-01-24T13:20:00.0,2026-02-02T18:57:45.531,"Any[3, 10, 19, 25, 30, 37, 45, 53]",3,53
313,2026-01-24T13:20:00.0,2026-01-26T18:57:45.531,"Any[10, 19, 25, 30, 37, 45, 53]",10,53
317,2026-01-24T13:20:00.0,2026-02-02T18:57:45.531,"Any[60, 56, 45, 37, 30, 25, 19, 13, 8]",60,8
319,2026-01-24T13:20:00.0,2026-02-02T18:57:45.531,"Any[1, 6, 11, 16, 25, 30, 37, 45, 56]",1,56
323,2026-01-24T13:20:00.0,2026-01-12T18:57:45.531,"Any[60, 56, 45, 37, 30, 25, 19, 11, 6]",60,6
325,2026-01-24T13:20:00.0,2026-01-12T18:57:45.531,"Any[6, 11, 19, 25, 30, 37, 45]",6,45
329,2026-01-24T13:20:00.0,2026-01-12T18:57:45.531,"Any[19, 25, 30, 37, 45, 53]",19,53
339,2026-01-24T13:20:00.0,2026-01-19T18:57:45.531,"Any[1, 6, 11, 19, 25, 30, 37, 45, 53]",1,53
342,2026-01-24T13:20:00.0,2026-01-26T18:57:45.531,"Any[8, 13, 19, 25, 30, 37, 45, 56, 60]",8,60
343,2026-01-24T13:20:00.0,2026-01-26T18:57:45.531,"Any[45, 37, 30, 25, 19, 17, 10]",45,10
347,2026-01-24T13:20:00.0,2026-01-26T18:57:45.531,"Any[6, 11, 19, 25, 30, 37, 45]",6,45
348,2026-01-24T13:20:00.0,2026-02-02T18:57:45.531,"Any[19, 25, 30, 37, 45, 53]",19,53
354,2026-01-24T13:20:00.0,2026-01-26T18:57:45.531,"Any[53, 45, 37, 30, 25, 19, 10]",53,10
359,2026-01-24T13:20:00.0,2026-01-19T18:57:45.531,"Any[60, 56, 45, 37, 30, 25, 19, 11, 6]",60,6
361,2026-01-24T13:20:00.0,2026-01-12T18:57:45.531,"Any[8, 13, 19, 25, 30, 37, 45, 56]",8,56
362,2026-01-24T13:20:00.0,2026-01-12T18:57:45.531,"Any[6, 11, 25, 30, 37, 45]",6,45
369,2026-01-24T13:20:00.0,2026-02-02T18:57:45.531,"Any[6, 11, 19, 25, 30, 37, 45, 53]",6,53
371,2026-01-24T13:20:00.0,2026-01-26T18:57:45.531,"Any[7, 8, 13, 19, 25, 30, 37, 45, 53]",7,53
373,2026-01-24T13:20:00.0,2026-02-02T18:57:45.531,"Any[19, 25, 30, 37, 45, 53]",19,53
378,2026-01-24T13:20:00.0,2026-01-12T18:57:45.531,"Any[19, 25, 30, 37, 45, 53]",19,53
384,2026-01-24T13:20:00.0,2026-02-02T18:57:45.531,"Any[53, 45, 37, 30, 25, 17, 11, 6, 1]",53,1
386,2026-01-24T13:20:00.0,2026-01-19T18:57:45.531,"Any[8, 13, 19, 25, 30, 37, 45, 56]",8,56
399,2026-01-24T13:20:00.0,2026-02-02T18:57:45.531,"Any[53, 45, 37, 30, 25, 19, 11, 6, 1]",53,1
415,2026-01-24T13:20:00.0,2026-01-12T18:57:45.531,"Any[56, 45, 37, 30, 25, 19, 13, 8, 7]",56,7
417,2026-01-24T13:20:00.0,2026-02-02T18:57:45.531,"Any[56, 45, 37, 30, 25, 19, 11, 6]",56,6
440,2026-01-24T13:20:00.0,2026-01-12T18:57:45.531,"Any[53, 45, 37, 30, 25, 19, 11, 6, 1]",53,1
458,2026-01-24T13:20:00.0,2026-01-26T18:57:45.531,"Any[7, 8, 13, 19, 25, 30, 37, 45, 53]",7,53
462,2026-01-24T13:20:00.0,2026-02-02T18:57:45.531,"Any[19, 25, 30, 37, 45, 56]",19,56
463,2026-01-24T13:20:00.0,2026-01-19T18:57:45.531,"Any[56, 45, 37, 30, 25, 19, 11, 6, 6]",56,6
468,2026-01-24T13:20:00.0,2026-01-26T18:57:45.531,"Any[53, 45, 37, 30, 25, 19, 13, 8]",53,8
471,2026-01-24T13:20:00.0,2026-02-02T18:57:45.531,"Any[8, 13, 19, 25, 30, 37, 45, 56]",8,56
483,2026-01-24T13:20:00.0,2026-01-12T18:57:45.531,"Any[64, 53, 45, 37, 30, 25, 19, 11, 6, 1]",64,1
484,2026-01-24T13:20:00.0,2026-01-19T18:57:45.531,"Any[6, 11, 16, 25, 30, 37, 45]",6,45
489,2026-01-24T13:20:00.0,2026-01-19T18:57:45.531,"Any[53, 45, 37, 30, 25, 19, 11, 6, 1]",53,1
493,2026-01-24T13:20:00.0,2026-01-26T18:57:45.531,"Any[1, 6, 11, 19, 25, 30, 37, 45, 56]",1,56
496,2026-01-24T13:20:00.0,2026-02-02T18:57:45.531,"Any[8, 13, 19, 25, 30, 37, 45, 56]",8,56
499,2026-01-24T13:20:00.0,2026-01-26T18:57:45.531,"Any[7, 8, 13, 19, 25, 30, 37, 45, 53]",7,53
504,2026-01-24T13:20:00.0,2026-01-12T18:57:45.531,"Any[17, 16, 17, 25, 30, 37, 45, 53, 60]",17,60
505,2026-01-24T13:20:00.0,2026-02-02T18:57:45.531,"Any[53, 45, 37, 30, 25, 19, 10]",53,10
506,2026-01-24T13:20:00.0,2026-01-19T18:57:45.531,"Any[1, 6, 11, 19, 25, 30, 37, 45, 56, 60]",1,60
519,2026-01-24T13:20:00.0,2026-01-26T18:57:45.531,"Any[1, 6, 11, 19, 25, 30, 37, 45, 56, 60]",1,60
521,2026-01-24T13:20:00.0,2026-02-02T18:57:45.531,"Any[60, 56, 45, 37, 30, 25, 19, 11, 6]",60,6
524,2026-01-24T13:20:00.0,2026-01-19T18:57:45.531,"Any[19, 25, 30, 37, 30, 37, 45, 53]",19,53
529,2026-01-24T13:20:00.0,2026-01-26T18:57:45.531,"Any[45, 37, 30, 25]",45,25
530,2026-01-24T13:20:00.0,2026-01-26T18:57:45.531,"Any[1, 6, 11, 19, 25, 30, 37, 45, 56]",1,56
531,2026-01-24T13:20:00.0,2026-01-12T18:57:45.531,"Any[53, 45, 37, 30, 25, 19, 11, 6, 1]",53,1
534,2026-01-24T13:20:00.0,2026-02-02T18:57:45.531,"Any[3, 10, 19, 25, 30, 37, 45, 53]",3,53
540,2026-01-24T13:20:00.0,2026-01-19T18:57:45.531,"Any[6, 11, 19, 25, 30, 37, 45, 53]",6,53
542,2026-01-24T13:20:00.0,2026-01-26T18:57:45.531,"Any[53, 45, 37, 30, 25, 19, 13, 8]",53,8
544,2026-01-24T13:20:00.0,2026-02-02T18:57:45.531,"Any[8, 13, 19, 25, 30, 37, 45, 56]",8,56
551,2026-01-24T13:20:00.0,2026-02-02T18:57:45.531,"Any[5, 6, 11, 19, 25, 30, 37, 45]",5,45
557,2026-01-24T13:20:00.0,2026-02-02T18:57:45.531,"Any[60, 56, 45, 37, 30, 25, 19, 11, 6]",60,6
561,2026-01-24T13:20:00.0,2026-01-26T18:57:45.531,"Any[56, 45, 37, 30, 25, 19, 11, 6]",56,6
579,2026-01-24T13:20:00.0,2026-02-02T18:57:45.531,"Any[53, 45, 37, 30, 25, 19, 10]",53,10
582,2026-01-24T13:20:00.0,2026-01-12T18:57:45.531,"Any[60, 56, 45, 37, 30, 25]",60,25
595,2026-01-24T13:20:00.0,2026-01-26T18:57:45.531,"Any[53, 45, 37, 30, 25, 19, 11, 6, 1]",53,1
599,2026-01-24T13:20:00.0,2026-01-26T18:57:45.531,"Any[8, 13, 19, 25, 30, 37, 45, 56]",8,56
603,2026-01-24T13:20:00.0,2026-01-12T18:57:45.531,"Any[56, 45, 37, 30, 25, 19, 10]",56,10
612,2026-01-24T13:20:00.0,2026-01-12T18:57:45.531,"Any[8, 13, 19, 25, 30, 37, 45, 56]",8,56
622,2026-01-24T13:20:00.0,2026-01-26T18:57:45.531,"Any[60, 56, 45, 37, 30, 25, 19, 14]",60,14
628,2026-01-24T13:20:00.0,2026-02-02T18:57:45.531,"Any[8, 13, 19, 25, 30, 37, 45, 56]",8,56
629,2026-01-24T13:20:00.0,2026-01-19T18:57:45.531,"Any[1, 6, 11, 19, 25, 30, 37, 45, 56]",1,56
631,2026-01-24T13:20:00.0,2026-01-26T18:57:45.531,"Any[9, 15, 26, 31, 36, 44, 54, 60]",9,60
637,2026-01-24T13:20:00.0,2026-01-26T18:57:45.531,"Any[53, 45, 37, 30, 25, 19, 13, 8]",53,8
639,2026-01-24T13:20:00.0,2026-01-19T18:57:45.531,"Any[2, 9, 21, 27, 31, 36, 45, 55]",2,55
640,2026-01-24T13:20:00.0,2026-02-02T18:57:45.531,"Any[8, 13, 19, 25, 30, 37, 45, 53, 60]",8,60
650,2026-01-24T13:20:00.0,2026-01-12T18:57:45.531,"Any[8, 13, 19, 25, 30, 37, 45, 56]",8,56
656,2026-01-24T13:20:00.0,2026-01-12T18:57:45.531,"Any[60, 56, 45, 37, 30, 25, 19, 11, 6]",60,6
666,2026-01-24T13:20:00.0,2026-02-02T18:57:45.531,"Any[53, 45, 37, 30, 25, 19, 11, 6, 1]",53,1
668,2026-01-24T13:20:00.0,2026-01-19T18:57:45.531,"Any[53, 45, 37, 30, 25, 19, 10]",53,10
671,2026-01-24T13:20:00.0,2026-01-19T18:57:45.531,"Any[8, 13, 19, 25, 30, 37, 45, 56]",8,56
680,2026-01-24T13:20:00.0,2026-02-02T18:57:45.531,"Any[56, 45, 37, 30, 25, 19, 11, 6]",56,6
684,2026-01-24T13:20:00.0,2026-01-12T18:57:45.531,"Any[6, 11, 16, 25, 30, 37, 45, 56]",6,56
690,2026-01-24T13:20:00.0,2026-01-19T18:57:45.531,"Any[6, 11, 19, 25, 30, 37, 45]",6,45
693,2026-01-24T13:20:00.0,2026-01-26T18:57:45.531,"Any[6, 11, 16, 25, 30, 37, 45]",6,45
696,2026-01-24T13:20:00.0,2026-02-02T18:57:45.531,"Any[19, 25, 30, 37, 45, 53]",19,53
698,2026-01-24T13:20:00.0,2026-02-02T18:57:45.531,"Any[7, 8, 13, 19, 25, 30, 37, 45, 53, 60]",7,60
705,2026-01-24T13:20:00.0,2026-01-26T18:57:45.531,"Any[6, 11, 19, 25, 30, 37, 45]",6,45
706,2026-01-24T13:20:00.0,2026-01-26T18:57:45.531,"Any[8, 13, 19, 25, 30, 37, 45, 56]",8,56
709,2026-01-24T13:20:00.0,2026-02-02T18:57:45.531,"Any[60, 56, 45, 37, 30, 25]",60,25
718,2026-01-24T13:20:00.0,2026-01-26T18:57:45.531,"Any[6, 11, 19, 25, 30, 37, 45, 53]",6,53
720,2026-01-24T13:20:00.0,2026-01-19T18:57:45.531,"Any[60, 56, 45, 37, 30, 25, 19, 11, 6]",60,6
722,2026-01-24T13:20:00.0,2026-01-19T18:57:45.531,"Any[20, 19, 25, 30, 37, 45, 56]",20,56
723,2026-01-24T13:20:00.0,2026-01-19T18:57:45.531,"Any[53, 45, 37, 30, 25, 19, 11, 6, 1]",53,1
732,2026-01-24T13:20:00.0,2026-01-12T18:57:45.531,"Any[64, 60, 53, 45, 37, 30, 25, 19, 13, 8]",64,8
736,2026-01-24T13:20:00.0,2026-01-26T18:57:45.531,"Any[60, 53, 45, 37, 30, 25]",60,25
738,2026-01-24T13:20:00.0,2026-01-19T18:57:45.531,"Any[10, 19, 25, 30, 37, 45, 53]",10,53
748,2026-01-24T13:20:00.0,2026-01-26T18:57:45.531,"Any[56, 45, 37, 30, 25, 19, 11, 6]",56,6
759,2026-01-24T13:20:00.0,2026-01-19T18:57:45.531,"Any[8, 13, 19, 25, 30, 37, 45, 56]",8,56
763,2026-01-24T13:20:00.0,2026-01-26T18:57:45.531,"Any[8, 13, 19, 25, 30, 37, 45, 56]",8,56
790,2026-01-24T13:20:00.0,2026-01-26T18:57:45.531,"Any[8, 13, 19, 25, 30, 37, 45, 56]",8,56
792,2026-01-24T13:20:00.0,2026-01-12T18:57:45.531,"Any[1, 6, 11, 19, 25, 30, 37, 45, 56]",1,56
812,2026-01-24T13:20:00.0,2026-02-02T18:57:45.531,"Any[60, 56, 45, 37, 30, 25, 19, 11, 6]",60,6
819,2026-01-24T13:20:00.0,2026-01-12T18:57:45.531,"Any[8, 13, 19, 25, 30, 37, 45, 56]",8,56
821,2026-01-24T13:20:00.0,2026-01-26T18:57:45.531,"Any[53, 45, 37, 30, 25, 19, 10]",53,10
827,2026-01-24T13:20:00.0,2026-01-19T18:57:45.531,"Any[53, 45, 37, 30, 25, 19, 13, 8]",53,8
832,2026-01-24T13:20:00.0,2026-01-12T18:57:45.531,"Any[6, 11, 19, 25, 30, 37, 45]",6,45
834,2026-01-24T13:20:00.0,2026-01-19T18:57:45.531,"Any[64, 60, 53, 45, 37, 30, 25, 19, 11, 6, 1]",64,1
840,2026-01-24T13:20:00.0,2026-02-02T18:57:45.531,"Any[1, 6, 11, 19, 25, 30, 37, 45, 56]",1,56
845,2026-01-24T13:20:00.0,2026-01-19T18:57:45.531,"Any[60, 56, 45, 37, 30, 25, 19, 11, 6]",60,6
850,2026-01-24T13:20:00.0,2026-01-26T18:57:45.531,"Any[10, 19, 25, 30, 37, 45, 53]",10,53
851,2026-01-24T13:20:00.0,2026-01-26T18:57:45.531,"Any[8, 13, 19, 25, 30, 37, 45, 56]",8,56
859,2026-01-24T13:20:00.0,2026-01-26T18:57:45.531,"Any[10, 19, 25, 30, 37, 45, 53]",10,53
876,2026-01-24T13:20:00.0,2026-02-02T18:57:45.531,"Any[6, 11, 19, 25, 30, 37, 45]",6,45
877,2026-01-24T13:20:00.0,2026-01-12T18:57:45.531,"Any[8, 13, 19, 25, 30, 37, 45, 56]",8,56
879,2026-01-24T13:20:00.0,2026-01-12T18:57:45.531,"Any[60, 56, 45, 37, 30, 25, 19]",60,19
885,2026-01-24T13:20:00.0,2026-01-19T18:57:45.531,"Any[56, 45, 37, 30, 25, 19, 20]",56,20
886,2026-01-24T13:20:00.0,2026-01-26T18:57:45.531,"Any[19, 25, 30, 37, 45, 56]",19,56
888,2026-01-24T13:20:00.0,2026-01-12T18:57:45.531,"Any[19, 25, 30, 37, 45, 53]",19,53
897,2026-01-24T13:20:00.0,2026-02-02T18:57:45.531,"Any[53, 45, 37, 30, 25, 19, 13, 8]",53,8
901,2026-01-24T13:20:00.0,2026-02-02T18:57:45.531,"Any[60, 53, 45, 37, 30, 25]",60,25
902,2026-01-24T13:20:00.0,2026-02-02T18:57:45.531,"Any[53, 45, 37, 30, 25, 19, 13, 8]",53,8
916,2026-01-24T13:20:00.0,2026-01-12T18:57:45.531,"Any[1, 6, 11, 19, 30, 37, 45, 56]",1,56
919,2026-01-24T13:20:00.0,2026-01-12T18:57:45.531,"Any[60, 53, 45, 37, 30, 25, 19, 13, 8]",60,8
930,2026-01-24T13:20:00.0,2026-02-02T18:57:45.531,"Any[8, 13, 19, 25, 30, 37, 45, 56]",8,56
933,2026-01-24T13:20:00.0,2026-01-12T18:57:45.531,"Any[8, 13, 19, 25, 30, 37, 45, 56]",8,56
948,2026-01-24T13:20:00.0,2026-01-26T18:57:45.531,"Any[60, 56, 45, 37, 30, 25, 19, 17, 19, 11, 6]",60,6
956,2026-01-24T13:20:00.0,2026-01-26T18:57:45.531,"Any[53, 45, 37, 30, 25, 19, 10]",53,10
958,2026-01-24T13:20:00.0,2026-01-26T18:57:45.531,"Any[6, 11, 19, 25, 30, 37, 45]",6,45
969,2026-01-24T13:20:00.0,2026-02-02T18:57:45.531,"Any[53, 45, 37, 30, 25, 19, 10]",53,10
971,2026-01-24T13:20:00.0,2026-02-02T18:57:45.531,"Any[64, 60, 56, 45, 37, 30, 25, 19, 11, 6, 1]",64,1
976,2026-01-24T13:20:00.0,2026-01-12T18:57:45.531,"Any[10, 19, 25, 30, 37, 45, 53]",10,53
986,2026-01-24T13:20:00.0,2026-01-12T18:57:45.531,"Any[2, 9, 21, 27, 31, 36, 45, 55]",2,55
991,2026-01-24T13:20:00.0,2026-01-12T18:57:45.531,"Any[7, 8, 13, 19, 25, 30, 37, 45, 53]",7,53
998,2026-01-24T13:20:00.0,2026-01-19T18:57:45.531,"Any[1, 6, 11, 19, 25, 30, 37, 45, 56]",1,56
1004,2026-01-24T13:20:00.0,2026-01-12T18:57:45.531,"Any[7, 8, 13, 19, 25, 30, 37, 45, 53]",7,53
1008,2026-01-24T13:20:00.0,2026-01-19T18:57:45.531,"Any[10, 19, 25, 30, 37, 45, 53]",10,53
1009,2026-01-24T13:20:00.0,2026-01-26T18:57:45.531,"Any[53, 45, 37, 30, 25, 19, 10]",53,10
1012,2026-01-24T13:20:00.0,2026-01-19T18:57:45.531,"Any[60, 53, 45, 37, 30, 25]",60,25
1026,2026-01-24T13:20:00.0,2026-01-19T18:57:45.531,"Any[25, 30, 37, 45, 53]",25,53
1027,2026-01-24T13:20:00.0,2026-01-19T18:57:45.531,"Any[25, 30, 37, 45, 56, 60, 64]",25,64
1030,2026-01-24T13:20:00.0,2026-02-02T18:57:45.531,"Any[53, 45, 37, 30, 25, 19, 10]",53,10
1032,2026-01-24T13:20:00.0,2026-02-02T18:57:45.531,"Any[6, 11, 16, 25, 30, 37, 45]",6,45
1034,2026-01-24T13:20:00.0,2026-01-19T18:57:45.531,"Any[64, 60, 53, 45, 37, 30, 25, 19, 13, 8]",64,8
1038,2026-01-24T13:20:00.0,2026-01-19T18:57:45.531,"Any[1, 6, 11, 19, 25, 30, 37, 45, 53, 60]",1,60
1042,2026-01-24T13:20:00.0,2026-01-19T18:57:45.531,"Any[56, 45, 37, 30, 25, 19, 11, 6]",56,6
1044,2026-01-24T13:20:00.0,2026-02-02T18:57:45.531,"Any[6, 11, 19, 25, 30, 37, 45]",6,45
1047,2026-01-24T13:20:00.0,2026-01-19T18:57:45.531,"Any[19, 25, 30, 37, 45, 56]",19,56
1060,2026-01-24T13:20:00.0,2026-02-02T18:57:45.531,"Any[45, 37, 30, 25]",45,25
1068,2026-01-24T13:20:00.0,2026-01-19T18:57:45.531,"Any[56, 45, 37, 45, 50, 45, 37, 30, 25]",56,25
1072,2026-01-24T13:20:00.0,2026-02-02T18:57:45.531,"Any[45, 37, 30, 25]",45,25
1075,2026-01-24T13:20:00.0,2026-02-02T18:57:45.531,"Any[53, 45, 37, 30, 25, 19, 13, 8]",53,8
1077,2026-01-24T13:20:00.0,2026-01-26T18:57:45.531,"Any[53, 45, 37, 30, 25, 19, 11, 6, 1]",53,1
1093,2026-01-24T13:20:00.0,2026-01-12T18:57:45.531,"Any[10, 19, 25, 30, 37, 45, 53]",10,53
1095,2026-01-24T13:20:00.0,2026-01-12T18:57:45.531,"Any[60, 56, 45, 37, 30, 25, 19, 11, 6]",60,6
1105,2026-01-24T13:20:00.0,2026-01-12T18:57:45.531,"Any[7, 8, 13, 19, 25, 30, 37, 45, 53]",7,53
1108,2026-01-24T13:20:00.0,2026-01-26T18:57:45.531,"Any[6, 11, 19, 25, 30, 37, 45, 53]",6,53
1110,2026-01-24T13:20:00.0,2026-01-12T18:57:45.531,"Any[8, 13, 19, 25, 30, 37, 45, 56]",8,56
1132,2026-01-24T13:20:00.0,2026-02-02T18:57:45.531,"Any[7, 8, 13, 19, 25, 30, 37, 45, 53, 60]",7,60
1137,2026-01-24T13:20:00.0,2026-01-19T18:57:45.531,"Any[53, 45, 37, 30, 25, 19, 10]",53,10
1138,2026-01-24T13:20:00.0,2026-01-19T18:57:45.531,"Any[19, 25, 30, 37, 45, 56]",19,56
1139,2026-01-24T13:20:00.0,2026-01-26T18:57:45.531,"Any[3, 10, 19, 25, 30, 37, 45, 53]",3,53
1142,2026-01-24T13:20:00.0,2026-01-26T18:57:45.531,"Any[53, 45, 37, 30, 25, 19, 10]",53,10
1146,2026-01-24T13:20:00.0,2026-01-19T18:57:45.531,"Any[6, 11, 19, 25, 30, 37, 45]",6,45
1147,2026-01-24T13:20:00.0,2026-02-02T18:57:45.531,"Any[6, 11, 19, 25, 30, 37, 45, 56, 60]",6,60
1148,2026-01-24T13:20:00.0,2026-02-02T18:57:45.531,"Any[19, 25, 30, 37, 45, 56]",19,56
1157,2026-01-24T13:20:00.0,2026-01-12T18:57:45.531,"Any[10, 19, 25, 30, 37, 45, 53, 60]",10,60
1162,2026-01-24T13:20:00.0,2026-01-12T18:57:45.531,"Any[60, 56, 45, 37, 30, 25, 19, 11, 6]",60,6
1166,2026-01-24T13:20:00.0,2026-01-26T18:57:45.531,"Any[8, 13, 19, 25, 30, 37, 45]",8,45
1174,2026-01-24T13:20:00.0,2026-02-02T18:57:45.531,"Any[8, 13, 19, 25, 30, 37, 45, 56]",8,56
1176,2026-01-24T13:20:00.0,2026-01-19T18:57:45.531,"Any[6, 11, 16, 25, 30, 37, 45]",6,45
1177,2026-01-24T13:20:00.0,2026-01-19T18:57:45.531,"Any[1, 6, 11, 19, 25, 30, 37, 45, 56]",1,56
1183,2026-01-24T13:20:00.0,2026-01-26T18:57:45.531,"Any[45, 37, 30, 25]",45,25
1184,2026-01-24T13:20:00.0,2026-01-26T18:57:45.531,"Any[60, 56, 45, 37, 30, 25, 19, 17, 19, 11, 6]",60,6
1186,2026-01-24T13:20:00.0,2026-02-02T18:57:45.531,"Any[6, 11, 19, 25, 30, 37, 45, 53]",6,53
1191,2026-01-24T13:20:00.0,2026-01-19T18:57:45.531,"Any[53, 45, 37, 30, 25, 19, 10]",53,10
1199,2026-01-24T13:20:00.0,2026-01-12T18:57:45.531,"Any[8, 13, 19, 25, 30, 37, 45, 56]",8,56
1200,2026-01-24T13:20:00.0,2026-01-26T18:57:45.531,"Any[53, 45, 37, 30, 25, 19, 10]",53,10
1216,2026-01-24T13:20:00.0,2026-02-02T18:57:45.531,"Any[64, 60, 53, 45, 37, 30, 25, 19, 11, 6, 1]",64,1
1223,2026-01-24T13:20:00.0,2026-01-19T18:57:45.531,"Any[64, 60, 53, 45, 37, 30, 25, 19, 11, 6, 1]",64,1
1224,2026-01-24T13:20:00.0,2026-01-12T18:57:45.531,"Any[56, 45, 37, 30, 25, 19, 11, 6]",56,6
1231,2026-01-24T13:20:00.0,2026-01-12T18:57:45.531,"Any[8, 13, 19, 25, 30, 37, 45, 56, 60]",8,60
1236,2026-01-24T13:20:00.0,2026-01-26T18:57:45.531,"Any[19, 25, 30, 37, 45, 56]",19,56
1241,2026-01-24T13:20:00.0,2026-02-02T18:57:45.531,"Any[6, 11, 19, 25, 30, 37, 45, 56]",6,56
1242,2026-01-24T13:20:00.0,2026-01-12T18:57:45.531,"Any[53, 45, 37, 30, 25, 19, 10]",53,10
1243,2026-01-24T13:20:00.0,2026-01-12T18:57:45.531,"Any[53, 45, 37, 30, 25, 19, 13, 8]",53,8
1248,2026-01-24T13:20:00.0,2026-01-19T18:57:45.531,"Any[53, 45, 37, 30, 25, 19, 11, 6, 1]",53,1
1256,2026-01-24T13:20:00.0,2026-01-26T18:57:45.531,"Any[17, 16, 17, 25, 30, 37, 45, 53, 60]",17,60
1271,2026-01-24T13:20:00.0,2026-01-12T18:57:45.531,"Any[6, 11, 19, 25, 30, 37, 45]",6,45
1276,2026-01-24T13:20:00.0,2026-02-02T18:57:45.531,"Any[17, 25, 30, 37, 45, 53, 60]",17,60
1282,2026-01-24T13:20:00.0,2026-02-02T18:57:45.531,"Any[53, 45, 37, 30, 25, 19, 10]",53,10
1283,2026-01-24T13:20:00.0,2026-02-02T18:57:45.531,"Any[8, 13, 19, 25, 30, 37, 45, 56]",8,56
1289,2026-01-24T13:20:00.0,2026-01-12T18:57:45.531,"Any[10, 19, 25, 30, 37, 45, 53, 60]",10,60
1291,2026-01-24T13:20:00.0,2026-01-26T18:57:45.531,"Any[56, 45, 37, 30, 25, 19, 20]",56,20
1292,2026-01-24T13:20:00.0,2026-01-26T18:57:45.531,"Any[3, 10, 19, 25, 30, 37, 45, 53]",3,53
1304,2026-01-24T13:20:00.0,2026-01-12T18:57:45.531,"Any[8, 13, 19, 25, 30, 37, 45, 56]",8,56
1310,2026-01-24T13:20:00.0,2026-01-12T18:57:45.531,"Any[7, 8, 13, 19, 25, 30, 37, 45, 53]",7,53
1311,2026-01-24T13:20:00.0,2026-01-12T18:57:45.531,"Any[53, 45, 37, 30, 25, 19, 13, 8]",53,8
1320,2026-01-24T13:20:00.0,2026-01-19T18:57:45.531,"Any[6, 11, 19, 25, 30, 37, 45]",6,45
1331,2026-01-24T13:20:00.0,2026-01-19T18:57:45.531,"Any[56, 45, 37, 30, 25]",56,25
1337,2026-01-24T13:20:00.0,2026-01-12T18:57:45.531,"Any[60, 56, 45, 37, 30, 25, 19, 13, 8]",60,8
1340,2026-01-24T13:20:00.0,2026-01-19T18:57:45.531,"Any[53, 45, 37, 30, 25, 19, 10]",53,10
1342,2026-01-24T13:20:00.0,2026-02-02T18:57:45.531,"Any[19, 25, 30, 37, 45, 56]",19,56
1347,2026-01-24T13:20:00.0,2026-01-12T18:57:45.531,"Any[60, 56, 45, 37, 30, 25, 19]",60,19
1349,2026-01-24T13:20:00.0,2026-01-26T18:57:45.531,"Any[53, 45, 37, 30, 25, 19, 10]",53,10
1352,2026-01-24T13:20:00.0,2026-01-12T18:57:45.531,"Any[53, 45, 37, 30, 25, 19, 13, 8]",53,8
1356,2026-01-24T13:20:00.0,2026-02-02T18:57:45.531,"Any[53, 45, 37, 30, 25, 19, 11, 6, 1]",53,1
1357,2026-01-24T13:20:00.0,2026-01-26T18:57:45.531,"Any[7, 8, 13, 19, 25, 30, 37, 45, 53]",7,53
1361,2026-01-24T13:20:00.0,2026-01-26T18:57:45.531,"Any[19, 25, 30, 37, 45, 56]",19,56
1362,2026-01-24T13:20:00.0,2026-01-26T18:57:45.531,"Any[56, 45, 37, 30, 25, 19]",56,19
1367,2026-01-24T13:20:00.0,2026-02-02T18:57:45.531,"Any[19, 25, 30, 37, 45, 56]",19,56
1369,2026-01-24T13:20:00.0,2026-02-02T18:57:45.531,"Any[53, 45, 37, 30, 25, 19, 10]",53,10
1383,2026-01-24T13:20:00.0,2026-01-19T18:57:45.531,"Any[19, 25, 30, 37, 30, 37, 45, 53]",19,53
1390,2026-01-24T13:20:00.0,2026-01-26T18:57:45.531,"Any[10, 19, 25, 30, 37, 45, 53]",10,53
1391,2026-01-24T13:20:00.0,2026-02-02T18:57:45.531,"Any[53, 45, 37, 30, 25, 19, 11, 6, 1]",53,1
1404,2026-01-24T13:20:00.0,2026-01-12T18:57:45.531,"Any[64, 53, 45, 37, 30, 25, 19, 11, 6, 1]",64,1
1418,2026-01-24T13:20:00.0,2026-02-02T18:57:45.531,"Any[53, 45, 37, 30, 25, 19, 10]",53,10
1419,2026-01-24T13:20:00.0,2026-02-02T18:57:45.531,"Any[16, 19, 25, 30, 37, 45, 53]",16,53
1422,2026-01-24T13:20:00.0,2026-01-12T18:57:45.531,"Any[10, 19, 25, 30, 37, 45, 53]",10,53
1425,2026-01-24T13:20:00.0,2026-01-19T18:57:45.531,"Any[60, 53, 45, 37, 30, 25, 19, 13, 8]",60,8
1448,2026-01-24T13:20:00.0,2026-02-02T18:57:45.531,"Any[53, 45, 37, 30, 25, 19, 13, 8]",53,8
1451,2026-01-24T13:20:00.0,2026-01-26T18:57:45.531,"Any[53, 45, 37, 30, 25, 19, 10]",53,10
1454,2026-01-24T13:20:00.0,2026-01-12T18:57:45.531,"Any[60, 56, 45, 37, 30, 25, 19]",60,19
1460,2026-01-24T13:20:00.0,2026-01-19T18:57:45.531,"Any[53, 45, 37, 30, 25, 19, 13, 8]",53,8
1462,2026-01-24T13:20:00.0,2026-01-19T18:57:45.531,"Any[64, 53, 45, 37, 30, 25, 19, 11, 6, 1]",64,1
1465,2026-01-24T13:20:00.0,2026-01-19T18:57:45.531,"Any[53, 45, 37, 30, 25, 19, 11, 6, 1]",53,1
1470,2026-01-24T13:20:00.0,2026-01-19T18:57:45.531,"Any[10, 19, 25, 30, 37, 45, 56, 60]",10,60
1483,2026-01-24T13:20:00.0,2026-01-12T18:57:45.531,"Any[53, 45, 37, 30, 25, 19, 10]",53,10
1491,2026-01-24T13:20:00.0,2026-01-12T18:57:45.531,"Any[60, 53, 45, 37, 30, 25, 19, 13, 8]",60,8
1498,2026-01-24T13:20:00.0,2026-02-02T18:57:45.531,"Any[45, 37, 30, 25, 19, 10]",45,10
1499,2026-01-24T13:20:00.0,2026-01-19T18:57:45.531,"Any[8, 13, 19, 25, 30, 37, 45]",8,45
1504,2026-01-24T13:20:00.0,2026-01-26T18:57:45.531,"Any[8, 13, 19, 25, 30, 37, 45]",8,45
1510,2026-01-24T13:20:00.0,2026-01-26T18:57:45.531,"Any[1, 6, 11, 19, 25, 30, 37, 45, 56]",1,56
1511,2026-01-24T13:20:00.0,2026-02-02T18:57:45.531,"Any[8, 13, 19, 25, 30, 37, 45, 56]",8,56
1513,2026-01-24T13:20:00.0,2026-01-19T18:57:45.531,"Any[19, 25, 30, 37, 45, 56]",19,56
1515,2026-01-24T13:20:00.0,2026-02-02T18:57:45.531,"Any[7, 8, 13, 19, 25, 30, 37, 45, 53]",7,53
1516,2026-01-24T13:20:00.0,2026-01-26T18:57:45.531,"Any[19, 25, 30, 37, 45, 53]",19,53
1532,2026-01-24T13:20:00.0,2026-01-26T18:57:45.531,"Any[17, 25, 30, 37, 45, 53, 60]",17,60
1533,2026-01-24T13:20:00.0,2026-02-02T18:57:45.531,"Any[6, 11, 19, 25, 30, 37, 45]",6,45
1537,2026-01-24T13:20:00.0,2026-01-12T18:57:45.531,"Any[6, 11, 19, 25, 30, 37, 45]",6,45
1542,2026-01-24T13:20:00.0,2026-01-12T18:57:45.531,"Any[8, 13, 19, 25, 30, 37, 45, 56]",8,56
1547,2026-01-24T13:20:00.0,2026-01-19T18:57:45.531,"Any[53, 45, 37, 30, 25, 19, 13, 8]",53,8
1548,2026-01-24T13:20:00.0,2026-01-26T18:57:45.531,"Any[1, 6, 11, 19, 25, 30, 37, 45, 56]",1,56
1556,2026-01-24T13:20:00.0,2026-01-26T18:57:45.531,"Any[64, 60, 56, 45, 37, 30, 25, 19, 11, 6, 1]",64,1
1573,2026-01-24T13:20:00.0,2026-01-12T18:57:45.531,"Any[6, 11, 19, 25, 30, 37, 45]",6,45
1578,2026-01-24T13:20:00.0,2026-01-12T18:57:45.531,"Any[60, 53, 45, 37, 30, 25]",60,25
1584,2026-01-24T13:20:00.0,2026-01-19T18:57:45.531,"Any[56, 45, 37, 30, 25, 19, 11, 6]",56,6
1587,2026-01-24T13:20:00.0,2026-02-02T18:57:45.531,"Any[53, 45, 37, 30, 25, 19, 11, 6, 1]",53,1
1593,2026-01-24T13:20:00.0,2026-01-12T18:57:45.531,"Any[6, 11, 25, 30, 37, 45]",6,45
1625,2026-01-24T13:20:00.0,2026-02-02T18:57:45.531,"Any[6, 11, 19, 25, 30, 37, 45]",6,45
1630,2026-01-24T13:20:00.0,2026-02-02T18:57:45.531,"Any[60, 56, 45, 37, 30, 25, 19, 11, 6]",60,6
1634,2026-01-24T13:20:00.0,2026-01-19T18:57:45.531,"Any[10, 11, 19, 25, 30, 37, 45, 53]",10,53
1641,2026-01-24T13:20:00.0,2026-01-12T18:57:45.531,"Any[56, 45, 37, 30, 25, 19]",56,19
1643,2026-01-24T13:20:00.0,2026-01-19T18:57:45.531,"Any[53, 45, 37, 30, 25, 19, 10]",53,10
1649,2026-01-24T13:20:00.0,2026-01-12T18:57:45.531,"Any[10, 19, 25, 30, 37, 45, 53]",10,53
1652,2026-01-24T13:20:00.0,2026-02-02T18:57:45.531,"Any[19, 25, 30, 37, 45, 53]",19,53
1655,2026-01-24T13:20:00.0,2026-01-12T18:57:45.531,"Any[6, 11, 19, 25, 30, 37, 45, 56]",6,56
1658,2026-01-24T13:20:00.0,2026-01-12T18:57:45.531,"Any[56, 45, 37, 30, 25, 19, 11, 6, 6]",56,6
1666,2026-01-24T13:20:00.0,2026-01-26T18:57:45.531,"Any[10, 19, 25, 30, 37, 45, 53]",10,53
1667,2026-01-24T13:20:00.0,2026-02-02T18:57:45.531,"Any[1, 6, 11, 16, 25, 30, 37, 45, 53]",1,53
1682,2026-01-24T13:20:00.0,2026-01-26T18:57:45.531,"Any[1, 6, 11, 19, 25, 30, 37, 45, 56, 60]",1,60
1684,2026-01-24T13:20:00.0,2026-01-12T18:57:45.531,"Any[60, 56, 45, 37, 30, 25, 19, 14]",60,14
1692,2026-01-24T13:20:00.0,2026-01-26T18:57:45.531,"Any[8, 13, 19, 25, 30, 37, 45]",8,45
1697,2026-01-24T13:20:00.0,2026-02-02T18:57:45.531,"Any[53, 45, 37, 30, 25, 19, 10]",53,10
1698,2026-01-24T13:20:00.0,2026-02-02T18:57:45.531,"Any[53, 45, 37, 30, 25, 19, 10]",53,10
1700,2026-01-24T13:20:00.0,2026-02-02T18:57:45.531,"Any[60, 56, 45, 37, 30, 25, 19, 11, 6]",60,6
1708,2026-01-24T13:20:00.0,2026-01-19T18:57:45.531,"Any[6, 11, 19, 25, 30, 37, 45, 56]",6,56
1711,2026-01-24T13:20:00.0,2026-02-02T18:57:45.531,"Any[60, 56, 45, 37, 30, 25, 19]",60,19
1712,2026-01-24T13:20:00.0,2026-01-26T18:57:45.531,"Any[60, 56, 45, 37, 30, 25, 19]",60,19
1714,2026-01-24T13:20:00.0,2026-02-02T18:57:45.531,"Any[10, 19, 25, 30, 37, 45, 53]",10,53
1715,2026-01-24T13:20:00.0,2026-01-26T18:57:45.531,"Any[10, 19, 25, 30, 37, 45, 53, 60]",10,60
1717,2026-01-24T13:20:00.0,2026-01-19T18:57:45.531,"Any[53, 45, 37, 30, 25, 19, 10]",53,10
1721,2026-01-24T13:20:00.0,2026-01-12T18:57:45.531,"Any[1, 6, 11, 19, 25, 30, 37, 45, 56, 60]",1,60
1723,2026-01-24T13:20:00.0,2026-01-12T18:57:45.531,"Any[16, 25, 30, 37, 45, 53]",16,53
1724,2026-01-24T13:20:00.0,2026-01-12T18:57:45.531,"Any[8, 13, 19, 25, 30, 37, 45, 56]",8,56
1729,2026-01-24T13:20:00.0,2026-01-26T18:57:45.531,"Any[53, 45, 37, 30, 25, 19, 10]",53,10
1734,2026-01-24T13:20:00.0,2026-01-19T18:57:45.531,"Any[3, 10, 19, 25, 30, 37, 45, 53]",3,53
1758,2026-01-24T13:20:00.0,2026-01-12T18:57:45.531,"Any[53, 45, 37, 30, 25, 19, 10]",53,10
1759,2026-01-24T13:20:00.0,2026-01-12T18:57:45.531,"Any[14, 19, 25, 30, 37, 45, 53]",14,53
1762,2026-01-24T13:20:00.0,2026-01-12T18:57:45.531,"Any[53, 45, 37, 30, 25, 19, 13, 8]",53,8
1764,2026-01-24T13:20:00.0,2026-01-19T18:57:45.531,"Any[8, 13, 19, 25, 30, 37, 45]",8,45
1767,2026-01-24T13:20:00.0,2026-01-12T18:57:45.531,"Any[1, 6, 11, 19, 25, 30, 37, 45, 56]",1,56
1770,2026-01-24T13:20:00.0,2026-01-12T18:57:45.531,"Any[2, 9, 21, 27, 31, 36, 45, 55]",2,55
1775,2026-01-24T13:20:00.0,2026-02-02T18:57:45.531,"Any[20, 19, 25, 30, 37, 45, 56]",20,56
1778,2026-01-24T13:20:00.0,2026-01-12T18:57:45.531,"Any[56, 45, 37, 30, 25, 19, 11, 6, 6, 5, 1, 1]",56,6
1788,2026-01-24T13:20:00.0,2026-02-02T18:57:45.531,"Any[1, 6, 11, 19, 25, 30, 37, 45, 56]",1,56
1798,2026-01-24T13:20:00.0,2026-01-19T18:57:45.531,"Any[8, 13, 19, 25, 30, 37, 45]",8,45
1805,2026-01-24T13:20:00.0,2026-01-19T18:57:45.531,"Any[3, 10, 19, 25, 30, 37, 45, 53]",3,53
1806,2026-01-24T13:20:00.0,2026-01-12T18:57:45.531,"Any[6, 11, 19, 25, 30, 37, 45, 53]",6,53
1810,2026-01-24T13:20:00.0,2026-01-26T18:57:45.531,"Any[53, 45, 37, 30, 25, 19, 13, 8]",53,8
1813,2026-01-24T13:20:00.0,2026-01-19T18:57:45.531,"Any[7, 8, 13, 19, 25, 30, 37, 45, 53]",7,53
1815,2026-01-24T13:20:00.0,2026-01-19T18:57:45.531,"Any[53, 45, 37, 30, 25, 19, 13, 8]",53,8
1817,2026-01-24T13:20:00.0,2026-01-12T18:57:45.531,"Any[1, 6, 11, 19, 25, 30, 37, 45, 56]",1,56
1818,2026-01-24T13:20:00.0,2026-01-12T18:57:45.531,"Any[3, 10, 19, 25, 30, 37, 45, 53]",3,53
1820,2026-01-24T13:20:00.0,2026-01-26T18:57:45.531,"Any[8, 13, 19, 25, 30, 37, 45, 56]",8,56
1824,2026-01-24T13:20:00.0,2026-01-12T18:57:45.531,"Any[60, 53, 45, 37, 30, 25, 19, 11, 6]",60,6
1828,2026-01-24T13:20:00.0,2026-02-02T18:57:45.531,"Any[6, 11, 19, 25, 30, 37, 45]",6,45
1839,2026-01-24T13:20:00.0,2026-01-19T18:57:45.531,"Any[25, 30, 37, 45, 53]",25,53
1840,2026-01-24T13:20:00.0,2026-01-12T18:57:45.531,"Any[7, 8, 13, 19, 25, 30, 37, 45, 53]",7,53
1843,2026-01-24T13:20:00.0,2026-01-12T18:57:45.531,"Any[8, 13, 19, 25, 30, 37, 45, 56]",8,56
1853,2026-01-24T13:20:00.0,2026-01-12T18:57:45.531,"Any[53, 45, 37, 30, 25, 19, 10]",53,10
1858,2026-01-24T13:20:00.0,2026-01-26T18:57:45.531,"Any[8, 13, 19, 25, 30, 37, 45]",8,45
1859,2026-01-24T13:20:00.0,2026-01-26T18:57:45.531,"Any[60, 56, 45, 37, 30, 25, 19, 11, 6]",60,6
1863,2026-01-24T13:20:00.0,2026-02-02T18:57:45.531,"Any[8, 13, 19, 25, 30, 37, 45]",8,45
1871,2026-01-24T13:20:00.0,2026-02-02T18:57:45.531,"Any[53, 45, 37, 30, 25, 19, 10]",53,10
1877,2026-01-24T13:20:00.0,2026-02-02T18:57:45.531,"Any[7, 8, 13, 19, 25, 30, 37, 45, 53]",7,53
1879,2026-01-24T13:20:00.0,2026-01-19T18:57:45.531,"Any[53, 45, 37, 30, 25, 19, 10]",53,10
1888,2026-01-24T13:20:00.0,2026-02-02T18:57:45.531,"Any[60, 56, 45, 37, 30, 25, 19, 17, 19, 11, 6, 6, 1]",60,6
1892,2026-01-24T13:20:00.0,2026-02-02T18:57:45.531,"Any[7, 8, 13, 19, 25, 30, 37, 45, 53, 60]",7,60
1893,2026-01-24T13:20:00.0,2026-01-26T18:57:45.531,"Any[8, 13, 19, 25, 30, 37, 45, 56]",8,56
1899,2026-01-24T13:20:00.0,2026-02-02T18:57:45.531,"Any[13, 19, 25, 30, 37, 45, 53]",13,53
1902,2026-01-24T13:20:00.0,2026-02-02T18:57:45.531,"Any[3, 10, 19, 25, 30, 37, 45, 53]",3,53
1907,2026-01-24T13:20:00.0,2026-01-19T18:57:45.531,"Any[53, 45, 37, 30, 25, 19, 10]",53,10
1916,2026-01-24T13:20:00.0,2026-01-26T18:57:45.531,"Any[8, 13, 19, 25, 30, 37, 45, 56]",8,56
1917,2026-01-24T13:20:00.0,2026-01-19T18:57:45.531,"Any[1, 6, 11, 19, 23, 36, 44, 54, 60]",1,60
1919,2026-01-24T13:20:00.0,2026-02-02T18:57:45.531,"Any[53, 45, 37, 30, 25, 19, 11, 6, 5]",53,5
1920,2026-01-24T13:20:00.0,2026-02-02T18:57:45.531,"Any[8, 13, 19, 25, 30, 37, 45, 56]",8,56
1921,2026-01-24T13:20:00.0,2026-01-26T18:57:45.531,"Any[8, 13, 19, 25, 30, 37, 45, 56]",8,56
1923,2026-01-24T13:20:00.0,2026-02-02T18:57:45.531,"Any[19, 25, 30, 37, 45, 56]",19,56
1928,2026-01-24T13:20:00.0,2026-02-02T18:57:45.531,"Any[60, 56, 45, 37, 30, 25]",60,25
1936,2026-01-24T13:20:00.0,2026-02-02T18:57:45.531,"Any[60, 53, 45, 37, 30, 25]",60,25
1938,2026-01-24T13:20:00.0,2026-01-12T18:57:45.531,"Any[64, 60, 56, 45, 37, 30, 25, 19, 11, 6, 1]",64,1
1942,2026-01-24T13:20:00.0,2026-01-26T18:57:45.531,"Any[56, 45, 37, 30, 25]",56,25
1944,2026-01-24T13:20:00.0,2026-01-26T18:57:45.531,"Any[7, 8, 13, 19, 25, 30, 37, 45, 53]",7,53
1947,2026-01-24T13:20:00.0,2026-01-26T18:57:45.531,"Any[7, 8, 13, 19, 25, 30, 37, 45, 53, 60]",7,60
1958,2026-01-24T13:20:00.0,2026-01-26T18:57:45.531,"Any[8, 13, 19, 25, 30, 37, 45, 56]",8,56
1968,2026-01-24T13:20:00.0,2026-01-12T18:57:45.531,"Any[8, 13, 19, 25, 30, 37, 45, 56]",8,56
1971,2026-01-24T13:20:00.0,2026-01-26T18:57:45.531,"Any[14, 19, 25, 30, 37, 45, 53]",14,53
1975,2026-01-24T13:20:00.0,2026-01-19T18:57:45.531,"Any[60, 56, 45, 37, 30, 25, 19]",60,19
1980,2026-01-24T13:20:00.0,2026-01-26T18:57:45.531,"Any[53, 45, 37, 30, 25, 19, 10]",53,10
1991,2026-01-24T13:20:00.0,2026-01-26T18:57:45.531,"Any[60, 56, 45, 37, 30, 25, 19, 11, 6]",60,6
1993,2026-01-24T13:20:00.0,2026-01-12T18:57:45.531,"Any[53, 45, 37, 30, 25, 19, 11, 6, 1]",53,1
1994,2026-01-24T13:20:00.0,2026-01-19T18:57:45.531,"Any[64, 60, 53, 45, 37, 30, 25, 19, 11, 6, 1]",64,1
1996,2026-01-24T13:20:00.0,2026-01-19T18:57:45.531,"Any[13, 19, 25, 30, 37, 45, 53]",13,53
1999,2026-01-24T13:20:00.0,2026-01-19T18:57:45.531,"Any[60, 56, 45, 37, 30, 25]",60,25
2000,2026-01-24T13:20:00.0,2026-01-12T18:57:45.531,"Any[53, 45, 37, 30, 25, 19, 11, 6, 1]",53,1
2018,2026-01-24T13:20:00.0,2026-01-19T18:57:45.531,"Any[19, 25, 30, 37, 45, 53]",19,53
2028,2026-01-24T13:20:00.0,2026-01-12T18:57:45.531,"Any[60, 56, 45, 37, 30, 25, 19]",60,19
2037,2026-01-24T13:20:00.0,2026-02-02T18:57:45.531,"Any[54, 44, 36, 23, 19, 13, 8]",54,8
2040,2026-01-24T13:20:00.0,2026-01-26T18:57:45.531,"Any[53, 45, 37, 30, 25, 19, 11, 6, 1]",53,1
2041,2026-01-24T13:20:00.0,2026-01-19T18:57:45.531,"Any[53, 45, 37, 30, 25, 19, 13, 8]",53,8
2045,2026-01-24T13:20:00.0,2026-01-12T18:57:45.531,"Any[53, 45, 37, 30, 25, 19, 10]",53,10
2051,2026-01-24T13:20:00.0,2026-01-19T18:57:45.531,"Any[19, 25, 30, 37, 45, 56]",19,56
2052,2026-01-24T13:20:00.0,2026-01-19T18:57:45.531,"Any[8, 13, 19, 25, 30, 37, 45, 56]",8,56
2053,2026-01-24T13:20:00.0,2026-02-02T18:57:45.531,"Any[53, 45, 37, 30, 25, 19, 13, 8]",53,8
2059,2026-01-24T13:20:00.0,2026-01-12T18:57:45.531,"Any[6, 11, 19, 25, 30, 37, 45]",6,45
2061,2026-01-24T13:20:00.0,2026-02-02T18:57:45.531,"Any[53, 45, 37, 30, 25, 19, 13, 8]",53,8
2066,2026-01-24T13:20:00.0,2026-01-26T18:57:45.531,"Any[60, 53, 45, 37, 30, 25, 19, 11, 6]",60,6
2068,2026-01-24T13:20:00.0,2026-02-02T18:57:45.531,"Any[19, 25, 30, 37, 45, 56]",19,56
2084,2026-01-24T13:20:00.0,2026-02-02T18:57:45.531,"Any[10, 19, 25, 30, 37, 45, 53]",10,53
2085,2026-01-24T13:20:00.0,2026-02-02T18:57:45.531,"Any[7, 8, 13, 19, 25, 30, 37, 45, 53, 60]",7,60
2087,2026-01-24T13:20:00.0,2026-01-19T18:57:45.531,"Any[6, 11, 19, 25, 30, 37, 45]",6,45
2095,2026-01-24T13:20:00.0,2026-02-02T18:57:45.531,"Any[60, 56, 45, 37, 30, 25, 19, 17, 19, 11, 6, 6, 1]",60,6
2097,2026-01-24T13:20:00.0,2026-02-02T18:57:45.531,"Any[17, 25, 30, 37, 45, 53]",17,53
2099,2026-01-24T13:20:00.0,2026-01-26T18:57:45.531,"Any[61, 53, 45, 37, 30, 25, 19, 11, 6]",61,6
2103,2026-01-24T13:20:00.0,2026-01-19T18:57:45.531,"Any[60, 53, 45, 37, 30, 25, 19, 13, 8]",60,8
2115,2026-01-24T13:20:00.0,2026-01-26T18:57:45.531,"Any[60, 56, 45, 37, 30, 25, 19, 11, 6]",60,6
2116,2026-01-24T13:20:00.0,2026-01-19T18:57:45.531,"Any[10, 19, 25, 30, 37, 45, 53]",10,53
2131,2026-01-24T13:20:00.0,2026-01-19T18:57:45.531,"Any[56, 45, 37, 30, 25, 19, 11, 6]",56,6
2132,2026-01-24T13:20:00.0,2026-01-19T18:57:45.531,"Any[53, 45, 37, 30, 25, 19, 13, 8]",53,8
2134,2026-01-24T13:20:00.0,2026-01-19T18:57:45.531,"Any[6, 11, 19, 25, 30, 37, 45]",6,45
2137,2026-01-24T13:20:00.0,2026-01-12T18:57:45.531,"Any[8, 13, 19, 25, 30, 37, 45, 56]",8,56
2138,2026-01-24T13:20:00.0,2026-01-26T18:57:45.531,"Any[53, 45, 37, 30, 25, 19, 10]",53,10
2147,2026-01-24T13:20:00.0,2026-01-12T18:57:45.531,"Any[53, 45, 37, 30, 25, 19, 11, 6, 1]",53,1
2148,2026-01-24T13:20:00.0,2026-01-19T18:57:45.531,"Any[56, 45, 37, 30, 25]",56,25
2149,2026-01-24T13:20:00.0,2026-01-19T18:57:45.531,"Any[53, 45, 37, 30, 25, 19, 10]",53,10
2150,2026-01-24T13:20:00.0,2026-02-02T18:57:45.531,"Any[8, 13, 19, 25, 30, 37, 45, 56, 60]",8,60
2151,2026-01-24T13:20:00.0,2026-02-02T18:57:45.531,"Any[8, 13, 19, 25, 30, 37, 45, 56]",8,56
2159,2026-01-24T13:20:00.0,2026-02-02T18:57:45.531,"Any[64, 60, 56, 45, 37, 30, 25, 19]",64,19
2175,2026-01-24T13:20:00.0,2026-01-12T18:57:45.531,"Any[64, 60, 56, 45, 37, 30, 25, 19]",64,19
2177,2026-01-24T13:20:00.0,2026-02-02T18:57:45.531,"Any[64, 60, 56, 45, 37, 30, 25, 19]",64,19
2189,2026-01-24T13:20:00.0,2026-01-26T18:57:45.531,"Any[64, 53, 45, 37, 30, 25, 19, 13, 8]",64,8
2191,2026-01-24T13:20:00.0,2026-01-12T18:57:45.531,"Any[64, 60, 53, 45, 37, 30, 25, 19, 13, 8]",64,8
2196,2026-01-24T13:20:00.0,2026-01-12T18:57:45.531,"Any[64, 60, 56, 45, 37, 30, 25, 19, 11, 6, 1]",64,1
2214,2026-01-24T13:20:00.0,2026-01-19T18:57:45.531,"Any[60, 56, 45, 37, 30, 25, 19]",60,19
2215,2026-01-24T13:20:00.0,2026-01-26T18:57:45.531,"Any[60, 56, 45, 37, 30, 25, 19]",60,19
2218,2026-01-24T13:20:00.0,2026-02-02T18:57:45.531,"Any[60, 56, 45, 37, 30, 25, 19]",60,19
2296,2026-01-24T13:20:00.0,2026-02-02T18:57:45.531,"Any[56, 45, 37, 30, 25, 19, 13, 8, 7]",56,7
2307,2026-01-24T13:20:00.0,2026-01-26T18:57:45.531,"Any[56, 45, 37, 30, 25, 19, 13, 8, 7]",56,7
2310,2026-01-24T13:20:00.0,2026-02-02T18:57:45.531,"Any[56, 45, 37, 30, 25, 19, 13, 8, 7]",56,7
2312,2026-01-24T13:20:00.0,2026-01-26T18:57:45.531,"Any[56, 45, 37, 30, 25, 19, 13, 8, 7]",56,7
2317,2026-01-24T13:20:00.0,2026-01-19T18:57:45.531,"Any[56, 45, 37, 30, 25, 19, 13, 8, 7]",56,7
2319,2026-01-24T13:20:00.0,2026-01-19T18:57:45.531,"Any[56, 45, 37, 30, 25, 19, 13, 8, 7]",56,7
2321,2026-01-24T13:20:00.0,2026-01-12T18:57:45.531,"Any[56, 45, 37, 30, 25, 19, 13, 8, 7]",56,7
2322,2026-01-24T13:20:00.0,2026-01-12T18:57:45.531,"Any[56, 45, 37, 30, 25, 19, 13, 8, 7]",56,7
2329,2026-01-24T13:20:00.0,2026-02-02T18:57:45.531,"Any[56, 45, 37, 30, 25, 19, 13, 8, 7]",56,7
2331,2026-01-24T13:20:00.0,2026-01-19T18:57:45.531,"Any[56, 45, 37, 30, 25, 19, 13, 8, 7]",56,7
2333,2026-01-24T13:20:00.0,2026-01-19T18:57:45.531,"Any[56, 45, 37, 30, 25, 19, 13, 8, 7]",56,7
2346,2026-01-24T13:20:00.0,2026-01-12T18:57:45.531,"Any[56, 45, 37, 30, 25, 19, 13, 8, 7]",56,7
2348,2026-01-24T13:20:00.0,2026-01-19T18:57:45.531,"Any[56, 45, 37, 30, 25, 19, 13, 8, 7]",56,7
2352,2026-01-24T13:20:00.0,2026-01-26T18:57:45.531,"Any[56, 45, 37, 30, 25, 19, 13, 8, 7]",56,7
2358,2026-01-24T13:20:00.0,2026-01-19T18:57:45.531,"Any[56, 45, 37, 30, 25, 19, 13, 8, 7]",56,7
2359,2026-01-24T13:20:00.0,2026-01-26T18:57:45.531,"Any[56, 45, 37, 30, 25, 19, 13, 8, 7]",56,7
2360,2026-01-24T13:20:00.0,2026-01-12T18:57:45.531,"Any[56, 45, 37, 30, 25, 19, 13, 8, 7]",56,7
2361,2026-01-24T13:20:00.0,2026-01-26T18:57:45.531,"Any[56, 45, 37, 30, 25, 19, 13, 8, 7]",56,7
2365,2026-01-24T13:20:00.0,2026-01-26T18:57:45.531,"Any[56, 45, 37, 30, 25, 19, 13, 8, 7]",56,7
2386,2026-01-24T13:20:00.0,2026-02-02T18:57:45.531,"Any[56, 45, 37, 30, 25, 19, 11, 6, 6, 1]",56,6
2394,2026-01-24T13:20:00.0,2026-02-02T18:57:45.531,"Any[56, 45, 37, 30, 25, 19, 11, 6, 6, 1]",56,6
2397,2026-01-24T13:20:00.0,2026-01-19T18:57:45.531,"Any[56, 45, 37, 30, 25, 19, 11, 6]",56,6
2403,2026-01-24T13:20:00.0,2026-01-26T18:57:45.531,"Any[56, 45, 37, 30, 25, 19, 11, 6]",56,6
2419,2026-01-24T13:20:00.0,2026-02-02T18:57:45.531,"Any[56, 45, 37, 30, 25, 19, 11, 6]",56,6
2420,2026-01-24T13:20:00.0,2026-01-12T18:57:45.531,"Any[56, 45, 37, 30, 25, 19, 11, 6]",56,6
2428,2026-01-24T13:20:00.0,2026-01-12T18:57:45.531,"Any[56, 45, 37, 30, 25, 19, 11, 6]",56,6
2438,2026-01-24T13:20:00.0,2026-01-19T18:57:45.531,"Any[56, 45, 37, 30, 25, 19, 11, 6]",56,6
2439,2026-01-24T13:20:00.0,2026-02-02T18:57:45.531,"Any[56, 45, 37, 30, 25, 19, 11, 6]",56,6
2441,2026-01-24T13:20:00.0,2026-01-19T18:57:45.531,"Any[56, 45, 37, 30, 25, 19, 11, 6]",56,6
2463,2026-01-24T13:20:00.0,2026-01-26T18:57:45.531,"Any[56, 45, 37, 30, 25, 19, 10]",56,10
2477,2026-01-24T13:20:00.0,2026-01-12T18:57:45.531,"Any[53, 45, 37, 30, 25, 19, 13, 8]",53,8
2480,2026-01-24T13:20:00.0,2026-01-19T18:57:45.531,"Any[53, 45, 37, 30, 25, 19, 13, 8]",53,8
2481,2026-01-24T13:20:00.0,2026-01-12T18:57:45.531,"Any[53, 45, 37, 30, 25, 19, 13, 8]",53,8
2483,2026-01-24T13:20:00.0,2026-01-26T18:57:45.531,"Any[53, 45, 37, 30, 25, 19, 13, 8]",53,8
2485,2026-01-24T13:20:00.0,2026-01-19T18:57:45.531,"Any[53, 45, 37, 30, 25, 19, 13, 8]",53,8
2491,2026-01-24T13:20:00.0,2026-01-12T18:57:45.531,"Any[53, 45, 37, 30, 25, 19, 13, 8]",53,8
2497,2026-01-24T13:20:00.0,2026-01-26T18:57:45.531,"Any[53, 45, 37, 30, 25, 19, 13, 8]",53,8
2498,2026-01-24T13:20:00.0,2026-01-26T18:57:45.531,"Any[53, 45, 37, 30, 25, 19, 13, 8]",53,8
2501,2026-01-24T13:20:00.0,2026-01-19T18:57:45.531,"Any[53, 45, 37, 30, 25, 19, 13, 8]",53,8
2505,2026-01-24T13:20:00.0,2026-02-02T18:57:45.531,"Any[53, 45, 37, 30, 25, 19, 13, 8]",53,8
2510,2026-01-24T13:20:00.0,2026-02-02T18:57:45.531,"Any[53, 45, 37, 25, 19, 13, 8]",53,8
2515,2026-01-24T13:20:00.0,2026-01-19T18:57:45.531,"Any[53, 45, 37, 30, 25, 19, 13, 8]",53,8
2529,2026-01-24T13:20:00.0,2026-01-12T18:57:45.531,"Any[53, 45, 37, 30, 25, 19, 13, 8]",53,8
2549,2026-01-24T13:20:00.0,2026-01-12T18:57:45.531,"Any[53, 45, 37, 30, 25, 19, 11, 6, 1]",53,1
2566,2026-01-24T13:20:00.0,2026-01-26T18:57:45.531,"Any[53, 45, 37, 30, 25, 19, 11, 6, 1]",53,1
2571,2026-01-24T13:20:00.0,2026-01-12T18:57:45.531,"Any[53, 45, 37, 30, 25, 19, 11, 6, 1]",53,1
2582,2026-01-24T13:20:00.0,2026-02-02T18:57:45.531,"Any[45, 37, 30, 25, 19]",45,19
2584,2026-01-24T13:20:00.0,2026-02-02T18:57:45.531,"Any[45, 37, 30, 25, 19]",45,19
2585,2026-01-24T13:20:00.0,2026-01-12T18:57:45.531,"Any[45, 37, 30, 25, 19]",45,19
2588,2026-01-24T13:20:00.0,2026-01-19T18:57:45.531,"Any[45, 37, 30, 25, 19]",45,19
2590,2026-01-24T13:20:00.0,2026-01-26T18:57:45.531,"Any[45, 37, 30, 25, 19]",45,19
2593,2026-01-24T13:20:00.0,2026-02-02T18:57:45.531,"Any[45, 37, 30, 25, 19]",45,19
2595,2026-01-24T13:20:00.0,2026-01-12T18:57:45.531,"Any[45, 37, 30, 25, 19]",45,19
2597,2026-01-24T13:20:00.0,2026-01-19T18:57:45.531,"Any[45, 37, 30, 25, 19]",45,19
2602,2026-01-24T13:20:00.0,2026-01-19T18:57:45.531,"Any[45, 37, 30, 25, 19]",45,19
2605,2026-01-24T13:20:00.0,2026-01-26T18:57:45.531,"Any[45, 37, 30, 25, 19]",45,19
2610,2026-01-24T13:20:00.0,2026-01-19T18:57:45.531,"Any[45, 37, 30, 25, 19]",45,19
2618,2026-01-24T13:20:00.0,2026-01-19T18:57:45.531,"Any[45, 37, 30, 25, 19]",45,19
2624,2026-01-24T13:20:00.0,2026-01-26T18:57:45.531,"Any[45, 37, 30, 25, 19]",45,19
2645,2026-01-24T13:20:00.0,2026-01-19T18:57:45.531,Any[],45,7
2705,2026-01-24T13:20:00.0,2026-01-12T18:57:45.531,"Any[45, 37, 30, 25, 19, 10]",45,10
2708,2026-01-24T13:20:00.0,2026-01-12T18:57:45.531,"Any[45, 37, 30, 25, 19, 10]",45,10
2709,2026-01-24T13:20:00.0,2026-01-12T18:57:45.531,"Any[45, 37, 30, 25, 19, 17, 10]",45,10
2720,2026-01-24T13:20:00.0,2026-01-19T18:57:45.531,"Any[25, 30, 37, 45, 56, 60, 64]",25,64
2721,2026-01-24T13:20:00.0,2026-01-26T18:57:45.531,"Any[25, 30, 37, 45, 56, 60, 64]",25,64
2722,2026-01-24T13:20:00.0,2026-02-02T18:57:45.531,"Any[25, 30, 37, 45, 56, 60, 64]",25,64
2727,2026-01-24T13:20:00.0,2026-02-02T18:57:45.531,"Any[25, 30, 37, 45, 56, 60, 64]",25,64
2732,2026-01-24T13:20:00.0,2026-01-26T18:57:45.531,"Any[25, 30, 37, 45, 56, 60, 64]",25,64
2734,2026-01-24T13:20:00.0,2026-01-19T18:57:45.531,"Any[25, 30, 37, 45, 53, 60, 64]",25,64
2739,2026-01-24T13:20:00.0,2026-01-26T18:57:45.531,"Any[25, 30, 37, 45, 53]",25,53
2755,2026-01-24T13:20:00.0,2026-01-26T18:57:45.531,"Any[25, 30, 37, 45, 53]",25,53
2757,2026-01-24T13:20:00.0,2026-02-02T18:57:45.531,"Any[25, 30, 37, 45, 53]",25,53
2775,2026-01-24T13:20:00.0,2026-01-12T18:57:45.531,"Any[25, 30, 37, 45, 53]",25,53
2782,2026-01-24T13:20:00.0,2026-01-12T18:57:45.531,"Any[25, 30, 37, 45, 53]",25,53
2784,2026-01-24T13:20:00.0,2026-02-02T18:57:45.531,"Any[25, 30, 37, 45, 53]",25,53
2786,2026-01-24T13:20:00.0,2026-01-19T18:57:45.531,"Any[25, 30, 37, 45, 53]",25,53
2790,2026-01-24T13:20:00.0,2026-01-26T18:57:45.531,"Any[25, 30, 37, 45, 53]",25,53
2798,2026-01-24T13:20:00.0,2026-01-26T18:57:45.531,"Any[25, 30, 37, 45, 53]",25,53
2799,2026-01-24T13:20:00.0,2026-01-19T18:57:45.531,"Any[25, 30, 37, 45, 53]",25,53
2800,2026-01-24T13:20:00.0,2026-01-26T18:57:45.531,"Any[25, 30, 37, 45, 53]",25,53
2801,2026-01-24T13:20:00.0,2026-02-02T18:57:45.531,"Any[25, 30, 37, 45, 53]",25,53
2802,2026-01-24T13:20:00.0,2026-01-19T18:57:45.531,"Any[25, 30, 37, 45, 53]",25,53
2804,2026-01-24T13:20:00.0,2026-02-02T18:57:45.531,"Any[25, 30, 37, 45, 53]",25,53
2809,2026-01-24T13:20:00.0,2026-01-19T18:57:45.531,"Any[25, 30, 37, 45, 53]",25,53
2810,2026-01-24T13:20:00.0,2026-01-26T18:57:45.531,"Any[25, 30, 37, 45, 53]",25,53
2812,2026-01-24T13:20:00.0,2026-01-19T18:57:45.531,"Any[25, 30, 37, 45, 53]",25,53
2814,2026-01-24T13:20:00.0,2026-02-02T18:57:45.531,"Any[25, 30, 37, 45, 53]",25,53
2816,2026-01-24T13:20:00.0,2026-01-12T18:57:45.531,"Any[25, 30, 37, 45, 53]",25,53
2817,2026-01-24T13:20:00.0,2026-01-12T18:57:45.531,"Any[25, 30, 37, 45, 53]",25,53
2818,2026-01-24T13:20:00.0,2026-01-26T18:57:45.531,"Any[25, 30, 37, 45, 53]",25,53
2824,2026-01-24T13:20:00.0,2026-02-02T18:57:45.531,"Any[25, 30, 37, 45, 53]",25,53
2825,2026-01-24T13:20:00.0,2026-01-26T18:57:45.531,"Any[25, 30, 37, 45, 53]",25,53
2826,2026-01-24T13:20:00.0,2026-02-02T18:57:45.531,"Any[25, 30, 37, 45, 53]",25,53
2828,2026-01-24T13:20:00.0,2026-02-02T18:57:45.531,"Any[25, 30, 37, 45, 53]",25,53
2829,2026-01-24T13:20:00.0,2026-01-19T18:57:45.531,"Any[25, 30, 37, 45, 53]",25,53
2832,2026-01-24T13:20:00.0,2026-01-19T18:57:45.531,"Any[25, 30, 37, 45, 53]",25,53
2839,2026-01-24T13:20:00.0,2026-01-26T18:57:45.531,"Any[25, 30, 37, 45, 53]",25,53
2843,2026-01-24T13:20:00.0,2026-01-12T18:57:45.531,"Any[25, 30, 37, 45, 53]",25,53
2847,2026-01-24T13:20:00.0,2026-01-26T18:57:45.531,"Any[25, 30, 37, 45, 53]",25,53
2850,2026-01-24T13:20:00.0,2026-01-26T18:57:45.531,"Any[25, 30, 37, 45, 53]",25,53
2852,2026-01-24T13:20:00.0,2026-01-19T18:57:45.531,"Any[25, 30, 37, 45, 53]",25,53
2861,2026-01-24T13:20:00.0,2026-01-12T18:57:45.531,Any[],13,61
2863,2026-01-24T13:20:00.0,2026-01-19T18:57:45.531,"Any[8, 13, 19, 25, 30, 37, 45, 53, 62]",8,62
2866,2026-01-24T13:20:00.0,2026-02-02T18:57:45.531,"Any[8, 13, 19, 25, 30, 37, 45, 53, 62]",8,62
2868,2026-01-24T13:20:00.0,2026-02-02T18:57:45.531,"Any[8, 13, 19, 25, 30, 37, 45, 53, 62]",8,62
2869,2026-01-24T13:20:00.0,2026-01-26T18:57:45.531,"Any[8, 13, 19, 25, 30, 37, 45, 53, 62]",8,62
2870,2026-01-24T13:20:00.0,2026-01-19T18:57:45.531,"Any[8, 13, 19, 25, 30, 37, 45, 53, 62]",8,62
2872,2026-01-24T13:20:00.0,2026-01-19T18:57:45.531,"Any[8, 13, 19, 25, 30, 37, 45, 53, 62]",8,62
2874,2026-01-24T13:20:00.0,2026-01-12T18:57:45.531,"Any[8, 13, 19, 25, 30, 37, 45, 53, 62]",8,62
2877,2026-01-24T13:20:00.0,2026-02-02T18:57:45.531,"Any[8, 13, 19, 25, 30, 37, 45, 53, 62]",8,62
2880,2026-01-24T13:20:00.0,2026-01-26T18:57:45.531,"Any[8, 13, 19, 25, 30, 37, 45, 53, 62]",8,62
2882,2026-01-24T13:20:00.0,2026-01-26T18:57:45.531,"Any[8, 13, 19, 25, 30, 37, 45, 53, 62]",8,62
2884,2026-01-24T13:20:00.0,2026-01-12T18:57:45.531,"Any[8, 13, 19, 25, 30, 37, 45, 53, 62]",8,62
2885,2026-01-24T13:20:00.0,2026-01-12T18:57:45.531,"Any[8, 13, 19, 25, 30, 37, 45, 56]",8,56
2886,2026-01-24T13:20:00.0,2026-01-12T18:57:45.531,"Any[8, 13, 19, 25, 30, 37, 45, 56]",8,56
2892,2026-01-24T13:20:00.0,2026-02-02T18:57:45.531,"Any[8, 13, 19, 25, 30, 37, 45, 56]",8,56
2898,2026-01-24T13:20:00.0,2026-02-02T18:57:45.531,"Any[8, 13, 19, 25, 30, 37, 45, 56]",8,56
2905,2026-01-24T13:20:00.0,2026-01-19T18:57:45.531,"Any[8, 13, 19, 25, 30, 37, 45, 56]",8,56
2910,2026-01-24T13:20:00.0,2026-01-26T18:57:45.531,"Any[8, 13, 19, 25, 30, 37, 45, 56]",8,56
2912,2026-01-24T13:20:00.0,2026-01-26T18:57:45.531,"Any[8, 13, 19, 25, 30, 37, 45, 56]",8,56
2915,2026-01-24T13:20:00.0,2026-01-19T18:57:45.531,"Any[8, 13, 19, 25, 30, 37, 45, 56]",8,56
2928,2026-01-24T13:20:00.0,2026-01-19T18:57:45.531,"Any[8, 13, 19, 25, 30, 37, 45, 56]",8,56
2934,2026-01-24T13:20:00.0,2026-02-02T18:57:45.531,"Any[8, 13, 19, 25, 30, 37, 45, 56]",8,56
2938,2026-01-24T13:20:00.0,2026-02-02T18:57:45.531,"Any[8, 13, 19, 25, 30, 37, 45, 56]",8,56
2939,2026-01-24T13:20:00.0,2026-01-26T18:57:45.531,"Any[8, 13, 19, 25, 30, 37, 45, 56]",8,56
2941,2026-01-24T13:20:00.0,2026-02-02T18:57:45.531,"Any[8, 13, 19, 25, 30, 37, 45, 56]",8,56
2948,2026-01-24T13:20:00.0,2026-01-26T18:57:45.531,"Any[8, 13, 19, 25, 30, 37, 45, 56]",8,56
2952,2026-01-24T13:20:00.0,2026-01-12T18:57:45.531,"Any[1, 6, 11, 19, 23, 36, 44, 54, 60]",1,60
2955,2026-01-24T13:20:00.0,2026-01-26T18:57:45.531,"Any[1, 6, 11, 19, 25, 30, 37, 45, 56, 60]",1,60
2959,2026-01-24T13:20:00.0,2026-01-26T18:57:45.531,"Any[1, 6, 11, 19, 25, 30, 37, 45, 53, 60]",1,60
2970,2026-01-24T13:20:00.0,2026-01-12T18:57:45.531,"Any[1, 6, 11, 19, 25, 30, 37, 45, 56, 60]",1,60
2972,2026-01-24T13:20:00.0,2026-01-12T18:57:45.531,"Any[1, 6, 11, 19, 25, 30, 37, 45, 53, 60]",1,60
2975,2026-01-24T13:20:00.0,2026-02-02T18:57:45.531,"Any[1, 6, 11, 19, 25, 30, 37, 45, 53, 60]",1,60
2980,2026-01-24T13:20:00.0,2026-01-19T18:57:45.531,"Any[1, 6, 11, 19, 25, 30, 37, 45, 53, 60]",1,60
2991,2026-01-24T13:20:00.0,2026-01-19T18:57:45.531,"Any[1, 6, 11, 16, 25, 30, 37, 45, 56]",1,56
2992,2026-01-24T13:20:00.0,2026-01-26T18:57:45.531,"Any[1, 6, 11, 19, 25, 30, 37, 45, 56]",1,56
3011,2026-01-24T13:20:00.0,2026-01-26T18:57:45.531,"Any[1, 6, 11, 19, 25, 30, 37, 45, 56]",1,56
3012,2026-01-24T13:20:00.0,2026-01-12T18:57:45.531,"Any[1, 6, 11, 19, 25, 30, 37, 45, 56]",1,56
3013,2026-01-24T13:20:00.0,2026-01-12T18:57:45.531,"Any[1, 6, 11, 19, 25, 30, 37, 45, 56]",1,56
3049,2026-01-24T13:20:00.0,2026-02-02T18:57:45.531,"Any[6, 11, 16, 25, 30, 37, 45, 53]",6,53
3052,2026-01-24T13:20:00.0,2026-02-02T18:57:45.531,"Any[6, 11, 19, 25, 30, 37, 45, 53]",6,53
3062,2026-01-24T13:20:00.0,2026-01-19T18:57:45.531,"Any[6, 11, 19, 25, 30, 37, 45, 53]",6,53
3071,2026-01-24T13:20:00.0,2026-01-19T18:57:45.531,"Any[6, 11, 16, 25, 30, 37, 45, 53]",6,53
3181,2026-01-24T13:20:00.0,2026-02-02T18:57:45.531,"Any[10, 19, 25, 30, 37, 45, 53, 60]",10,60
3184,2026-01-24T13:20:00.0,2026-01-19T18:57:45.531,"Any[10, 19, 25, 30, 37, 45, 53, 60]",10,60
3195,2026-01-24T13:20:00.0,2026-01-19T18:57:45.531,"Any[10, 19, 25, 30, 37, 45, 53, 60]",10,60
3105,2026-01-24T13:22:00.0,2026-01-12T18:59:45.531,Any[],10,64
3148,2026-01-24T13:23:00.0,2026-01-12T19:00:45.531,Any[],10,64
2691,2026-01-24T13:24:00.0,2026-01-26T19:01:45.531,Any[],45,3
3108,2026-01-24T13:24:00.0,2026-01-12T19:01:45.531,Any[],10,64
3116,2026-01-24T13:24:00.0,2026-01-19T19:01:45.531,Any[],10,64
2670,2026-01-24T13:26:00.0,2026-01-26T19:03:45.531,Any[],45,3
2668,2026-01-24T13:27:00.0,2026-02-02T19:04:45.531,Any[],45,3
3036,2026-01-24T13:30:00.0,2026-01-19T19:07:45.531,Any[],6,64
3143,2026-01-24T13:34:00.0,2026-02-02T19:11:45.531,Any[],10,64
2232,2026-01-24T13:42:00.0,2026-01-19T19:19:45.531,Any[],56,17
3037,2026-01-24T13:42:00.0,2026-01-19T19:19:45.531,Any[],6,64
2466,2026-01-24T13:45:00.0,2026-01-12T19:22:45.531,Any[],55,3
3015,2026-01-24T13:45:00.0,2026-01-26T19:22:45.531,Any[],6,64
2377,2026-01-24T13:47:00.0,2026-01-12T19:24:45.531,Any[],56,3
2295,2026-01-24T13:48:00.0,2026-01-12T19:25:45.531,Any[],56,13
3140,2026-01-24T13:48:00.0,2026-01-12T19:25:45.531,Any[],10,64
2224,2026-01-24T13:49:00.0,2026-02-02T19:26:45.531,Any[],56,17
2660,2026-01-24T13:49:00.0,2026-02-02T19:26:45.531,Any[],45,2
2648,2026-01-24T13:50:00.0,2026-01-12T19:27:45.531,Any[],45,7
3106,2026-01-24T13:50:00.0,2026-01-26T19:27:45.531,Any[],10,64
2222,2026-01-24T13:55:00.0,2026-02-02T19:32:45.531,Any[],56,17
2858,2026-01-24T13:56:00.0,2026-01-19T19:33:45.531,Any[],20,60
2227,2026-01-24T13:58:00.0,2026-01-19T19:35:45.531,Any[],56,17
3126,2026-01-24T13:58:00.0,2026-01-12T19:35:45.531,Any[],10,64
3129,2026-01-24T13:58:00.0,2026-01-19T19:35:45.531,Any[],10,64
2692,2026-01-28T07:00:00.0,2026-01-16T12:37:45.531,Any[],45,3
57,2026-01-28T07:06:40.0,2026-01-16T12:44:25.531,"Any[56, 45, 37, 30, 25, 19, 10]",56,10
67,2026-01-28T07:06:40.0,2026-01-23T12:44:25.531,"Any[6, 11, 19, 25, 30, 37, 45]",6,45
68,2026-01-28T07:06:40.0,2026-01-09T12:44:25.531,"Any[56, 45, 37, 30, 25, 19, 10]",56,10
71,2026-01-28T07:06:40.0,2026-01-23T12:44:25.531,"Any[56, 45, 37, 30, 25]",56,25
136,2026-01-28T07:06:40.0,2026-01-16T12:44:25.531,"Any[6, 11, 25, 30, 37, 45, 53]",6,53
140,2026-01-28T07:06:40.0,2026-01-30T12:44:25.531,"Any[3, 10, 19, 25, 30, 37, 45, 53]",3,53
162,2026-01-28T07:06:40.0,2026-01-09T12:44:25.531,"Any[53, 45, 37, 30, 25, 19, 13, 8]",53,8
164,2026-01-28T07:06:40.0,2026-01-09T12:44:25.531,"Any[1, 6, 11, 16, 25, 30, 37, 45, 56]",1,56
173,2026-01-28T07:06:40.0,2026-01-23T12:44:25.531,"Any[53, 45, 37, 30, 25, 19, 13, 8]",53,8
201,2026-01-28T07:06:40.0,2026-01-09T12:44:25.531,"Any[6, 11, 16, 25, 30, 37, 45, 53]",6,53
207,2026-01-28T07:06:40.0,2026-01-09T12:44:25.531,"Any[53, 45, 37, 30, 25, 19, 11, 6, 1]",53,1
248,2026-01-28T07:06:40.0,2026-01-23T12:44:25.531,"Any[6, 11, 19, 25, 30, 37, 45]",6,45
250,2026-01-28T07:06:40.0,2026-01-16T12:44:25.531,"Any[16, 25, 30, 37, 45, 53, 60]",16,60
251,2026-01-28T07:06:40.0,2026-01-30T12:44:25.531,"Any[16, 25, 30, 37, 45, 53, 60]",16,60
257,2026-01-28T07:06:40.0,2026-01-16T12:44:25.531,"Any[56, 45, 37, 30, 25]",56,25
267,2026-01-28T07:06:40.0,2026-01-23T12:44:25.531,"Any[19, 25, 30, 37, 45, 56]",19,56
288,2026-01-28T07:06:40.0,2026-01-09T12:44:25.531,"Any[56, 45, 37, 30, 25]",56,25
297,2026-01-28T07:06:40.0,2026-01-30T12:44:25.531,"Any[53, 45, 37, 30, 25, 19, 13, 8]",53,8
334,2026-01-28T07:06:40.0,2026-01-16T12:44:25.531,"Any[64, 60, 53, 45, 37, 30, 25, 19, 11, 6, 1]",64,1
357,2026-01-28T07:06:40.0,2026-01-16T12:44:25.531,"Any[56, 45, 37, 30, 25, 19, 10]",56,10
374,2026-01-28T07:06:40.0,2026-01-23T12:44:25.531,"Any[8, 13, 19, 25, 30, 37, 45, 56]",8,56
393,2026-01-28T07:06:40.0,2026-01-16T12:44:25.531,"Any[19, 25, 30, 37, 45, 53]",19,53
403,2026-01-28T07:06:40.0,2026-01-23T12:44:25.531,"Any[19, 25, 30, 37, 45, 56]",19,56
425,2026-01-28T07:06:40.0,2026-01-09T12:44:25.531,"Any[17, 25, 30, 37, 45, 53]",17,53
438,2026-01-28T07:06:40.0,2026-01-30T12:44:25.531,"Any[56, 45, 37, 30, 25]",56,25
467,2026-01-28T07:06:40.0,2026-01-16T12:44:25.531,"Any[60, 56, 45, 37, 30, 25, 19, 11, 6]",60,6
476,2026-01-28T07:06:40.0,2026-01-23T12:44:25.531,"Any[19, 25, 30, 37, 45, 56]",19,56
515,2026-01-28T07:06:40.0,2026-01-30T12:44:25.531,"Any[60, 56, 45, 37, 30, 25, 19, 11, 6, 6]",60,6
533,2026-01-28T07:06:40.0,2026-01-09T12:44:25.531,"Any[53, 45, 37, 30, 25, 19, 10]",53,10
538,2026-01-28T07:06:40.0,2026-01-30T12:44:25.531,"Any[8, 7, 8, 13, 19, 25, 30, 37, 45]",8,45
600,2026-01-28T07:06:40.0,2026-01-30T12:44:25.531,"Any[53, 45, 37, 30, 25, 19, 13, 8]",53,8
623,2026-01-28T07:06:40.0,2026-01-16T12:44:25.531,"Any[53, 45, 37, 30, 25, 19, 13, 8]",53,8
636,2026-01-28T07:06:40.0,2026-01-09T12:44:25.531,"Any[19, 25, 30, 37, 45, 53]",19,53
649,2026-01-28T07:06:40.0,2026-01-23T12:44:25.531,"Any[60, 56, 45, 37, 30, 25, 19, 11, 6, 6]",60,6
745,2026-01-28T07:06:40.0,2026-01-23T12:44:25.531,"Any[53, 45, 37, 30, 25, 19, 10]",53,10
752,2026-01-28T07:06:40.0,2026-01-09T12:44:25.531,"Any[16, 25, 30, 37, 45, 53, 60]",16,60
782,2026-01-28T07:06:40.0,2026-01-16T12:44:25.531,"Any[53, 45, 37, 30, 25, 19, 11, 6, 1]",53,1
794,2026-01-28T07:06:40.0,2026-01-16T12:44:25.531,"Any[53, 45, 37, 30, 25, 19, 10]",53,10
808,2026-01-28T07:06:40.0,2026-01-09T12:44:25.531,"Any[7, 8, 13, 19, 25, 30, 37, 45, 53]",7,53
880,2026-01-28T07:06:40.0,2026-01-23T12:44:25.531,"Any[1, 6, 11, 19, 23, 28, 36, 44, 54, 60]",1,60
882,2026-01-28T07:06:40.0,2026-01-30T12:44:25.531,"Any[53, 45, 37, 30, 25, 19, 10]",53,10
890,2026-01-28T07:06:40.0,2026-01-23T12:44:25.531,"Any[16, 17, 25, 30, 37, 45, 53]",16,53
917,2026-01-28T07:06:40.0,2026-01-30T12:44:25.531,"Any[19, 25, 30, 37, 45, 56]",19,56
926,2026-01-28T07:06:40.0,2026-01-30T12:44:25.531,"Any[6, 11, 19, 25, 30, 37, 45]",6,45
942,2026-01-28T07:06:40.0,2026-01-16T12:44:25.531,"Any[60, 53, 45, 37, 30, 25]",60,25
962,2026-01-28T07:06:40.0,2026-01-30T12:44:25.531,"Any[19, 25, 30, 37, 45, 56]",19,56
1070,2026-01-28T07:06:40.0,2026-01-16T12:44:25.531,"Any[19, 25, 30, 37, 45, 53]",19,53
1076,2026-01-28T07:06:40.0,2026-01-16T12:44:25.531,"Any[53, 45, 37, 30, 25, 19, 11, 6, 1]",53,1
1081,2026-01-28T07:06:40.0,2026-01-16T12:44:25.531,"Any[19, 25, 30, 37, 45, 53]",19,53
1098,2026-01-28T07:06:40.0,2026-01-16T12:44:25.531,"Any[1, 6, 11, 19, 25, 30, 37, 45]",1,45
1100,2026-01-28T07:06:40.0,2026-01-30T12:44:25.531,"Any[60, 56, 45, 37, 30, 25]",60,25
1104,2026-01-28T07:06:40.0,2026-01-09T12:44:25.531,"Any[60, 56, 45, 37, 30, 25, 19, 11, 6]",60,6
1131,2026-01-28T07:06:40.0,2026-01-16T12:44:25.531,"Any[56, 45, 37, 30, 25]",56,25
1134,2026-01-28T07:06:40.0,2026-01-09T12:44:25.531,"Any[8, 13, 25, 30, 37, 45, 56]",8,56
1145,2026-01-28T07:06:40.0,2026-01-23T12:44:25.531,"Any[8, 13, 19, 25, 30, 37, 45, 56]",8,56
1172,2026-01-28T07:06:40.0,2026-01-16T12:44:25.531,"Any[19, 30, 37, 45, 56]",19,56
1175,2026-01-28T07:06:40.0,2026-01-23T12:44:25.531,"Any[19, 25, 30, 37, 45, 56]",19,56
1190,2026-01-28T07:06:40.0,2026-01-30T12:44:25.531,"Any[64, 60, 53, 45, 37, 30, 25, 19, 11, 6, 1]",64,1
1202,2026-01-28T07:06:40.0,2026-01-16T12:44:25.531,"Any[8, 13, 19, 30, 37, 45, 56]",8,56
1247,2026-01-28T07:06:40.0,2026-01-09T12:44:25.531,"Any[56, 45, 37, 30, 25]",56,25
1278,2026-01-28T07:06:40.0,2026-01-09T12:44:25.531,"Any[64, 56, 45, 37, 30, 25, 19, 11, 6, 2]",64,2
1315,2026-01-28T07:06:40.0,2026-01-30T12:44:25.531,"Any[56, 45, 37, 30, 25]",56,25
1348,2026-01-28T07:06:40.0,2026-01-09T12:44:25.531,"Any[10, 19, 25, 30, 37, 45, 53, 60]",10,60
1360,2026-01-28T07:06:40.0,2026-01-30T12:44:25.531,"Any[1, 6, 11, 25, 30, 37, 45, 53]",1,53
1373,2026-01-28T07:06:40.0,2026-01-09T12:44:25.531,"Any[53, 45, 37, 30, 25, 19, 10]",53,10
1387,2026-01-28T07:06:40.0,2026-01-09T12:44:25.531,"Any[56, 45, 37, 30, 25]",56,25
1412,2026-01-28T07:06:40.0,2026-01-23T12:44:25.531,"Any[16, 19, 25, 30, 37, 45, 53]",16,53
1459,2026-01-28T07:06:40.0,2026-01-09T12:44:25.531,"Any[60, 56, 45, 37, 30, 25, 19, 11, 6]",60,6
1464,2026-01-28T07:06:40.0,2026-01-23T12:44:25.531,"Any[19, 30, 37, 45, 56]",19,56
1472,2026-01-28T07:06:40.0,2026-01-09T12:44:25.531,"Any[53, 45, 37, 30, 25, 19, 10]",53,10
1478,2026-01-28T07:06:40.0,2026-01-23T12:44:25.531,"Any[3, 10, 19, 25, 30, 37, 45, 53]",3,53
1485,2026-01-28T07:06:40.0,2026-01-16T12:44:25.531,"Any[56, 45, 37, 30, 25]",56,25
1488,2026-01-28T07:06:40.0,2026-01-23T12:44:25.531,"Any[1, 6, 11, 19, 23, 36, 44, 54, 60]",1,60
1520,2026-01-28T07:06:40.0,2026-01-09T12:44:25.531,"Any[6, 11, 19, 25, 30, 37, 45]",6,45
1539,2026-01-28T07:06:40.0,2026-01-09T12:44:25.531,"Any[56, 45, 37, 30, 25, 16]",56,16
1540,2026-01-28T07:06:40.0,2026-01-23T12:44:25.531,"Any[4, 10, 19, 25, 30, 37, 45, 53]",4,53
1545,2026-01-28T07:06:40.0,2026-01-09T12:44:25.531,"Any[7, 8, 13, 19, 25, 30, 37, 45, 53]",7,53
1555,2026-01-28T07:06:40.0,2026-01-23T12:44:25.531,"Any[7, 8, 13, 19, 25, 30, 37, 45, 53, 60]",7,60
1576,2026-01-28T07:06:40.0,2026-01-23T12:44:25.531,"Any[8, 13, 19, 25, 30, 37, 45, 56]",8,56
1592,2026-01-28T07:06:40.0,2026-01-30T12:44:25.531,"Any[56, 45, 37, 30, 25]",56,25
1604,2026-01-28T07:06:40.0,2026-01-23T12:44:25.531,"Any[19, 25, 30, 37, 45, 53]",19,53
1607,2026-01-28T07:06:40.0,2026-01-16T12:44:25.531,"Any[19, 25, 30, 37, 45, 56]",19,56
1681,2026-01-28T07:06:40.0,2026-01-16T12:44:25.531,"Any[56, 45, 37, 30, 25]",56,25
1713,2026-01-28T07:06:40.0,2026-01-09T12:44:25.531,"Any[53, 45, 37, 30, 25, 19, 10]",53,10
1720,2026-01-28T07:06:40.0,2026-01-23T12:44:25.531,"Any[64, 60, 53, 45, 37, 30, 25, 19, 13, 8]",64,8
1733,2026-01-28T07:06:40.0,2026-01-30T12:44:25.531,"Any[60, 56, 45, 37, 30, 25, 19, 11, 6]",60,6
1780,2026-01-28T07:06:40.0,2026-01-23T12:44:25.531,"Any[7, 8, 13, 19, 25, 30, 37, 45, 53, 60]",7,60
1785,2026-01-28T07:06:40.0,2026-01-16T12:44:25.531,"Any[6, 11, 16, 25, 30, 37, 45]",6,45
1792,2026-01-28T07:06:40.0,2026-01-16T12:44:25.531,"Any[56, 45, 37, 30, 25, 19, 10]",56,10
1807,2026-01-28T07:06:40.0,2026-01-09T12:44:25.531,"Any[53, 45, 37, 30, 25, 19, 10]",53,10
1857,2026-01-28T07:06:40.0,2026-01-23T12:44:25.531,"Any[19, 25, 30, 37, 45, 53]",19,53
1880,2026-01-28T07:06:40.0,2026-01-23T12:44:25.531,"Any[60, 56, 45, 37, 30, 25, 19, 11, 6]",60,6
1909,2026-01-28T07:06:40.0,2026-01-23T12:44:25.531,"Any[53, 45, 37, 30, 25, 19, 10]",53,10
1945,2026-01-28T07:06:40.0,2026-01-23T12:44:25.531,"Any[53, 45, 37, 30, 25, 19, 13, 8]",53,8
1957,2026-01-28T07:06:40.0,2026-01-16T12:44:25.531,"Any[6, 11, 19, 25, 30, 37, 45]",6,45
1973,2026-01-28T07:06:40.0,2026-01-23T12:44:25.531,"Any[17, 16, 17, 25, 30, 37, 45, 53]",17,53
1984,2026-01-28T07:06:40.0,2026-01-09T12:44:25.531,"Any[10, 19, 25, 30, 37, 45, 53, 60]",10,60
1988,2026-01-28T07:06:40.0,2026-01-23T12:44:25.531,"Any[53, 45, 37, 30, 25, 19, 13, 8]",53,8
2035,2026-01-28T07:06:40.0,2026-01-16T12:44:25.531,"Any[5, 6, 11, 25, 30, 37, 45]",5,45
2042,2026-01-28T07:06:40.0,2026-01-23T12:44:25.531,"Any[8, 13, 25, 30, 37, 45, 56]",8,56
2055,2026-01-28T07:06:40.0,2026-01-30T12:44:25.531,"Any[60, 56, 45, 37, 30, 25, 19]",60,19
2058,2026-01-28T07:06:40.0,2026-01-09T12:44:25.531,"Any[1, 6, 11, 25, 30, 37, 45, 53]",1,53
2072,2026-01-28T07:06:40.0,2026-01-23T12:44:25.531,"Any[19, 25, 30, 37, 45, 56]",19,56
2080,2026-01-28T07:06:40.0,2026-01-09T12:44:25.531,"Any[53, 45, 37, 30, 25, 19, 13, 8]",53,8
2090,2026-01-28T07:06:40.0,2026-01-23T12:44:25.531,"Any[53, 45, 37, 30, 25, 19, 10]",53,10
2111,2026-01-28T07:06:40.0,2026-01-09T12:44:25.531,"Any[56, 45, 37, 30, 25]",56,25
2118,2026-01-28T07:06:40.0,2026-01-09T12:44:25.531,"Any[7, 8, 13, 19, 25, 30, 37, 45, 53, 60]",7,60
2122,2026-01-28T07:06:40.0,2026-01-09T12:44:25.531,"Any[53, 45, 37, 30, 25, 19, 10]",53,10
2124,2026-01-28T07:06:40.0,2026-01-16T12:44:25.531,"Any[10, 19, 25, 30, 37, 45, 53]",10,53
2133,2026-01-28T07:06:40.0,2026-01-23T12:44:25.531,"Any[53, 45, 37, 30, 25, 19, 10]",53,10
2172,2026-01-28T07:06:40.0,2026-01-30T12:44:25.531,"Any[64, 60, 56, 45, 37, 30, 25, 19]",64,19
2201,2026-01-28T07:06:40.0,2026-01-16T12:44:25.531,"Any[60, 56, 45, 37, 30, 25, 19]",60,19
2256,2026-01-28T07:06:40.0,2026-01-16T12:44:25.531,"Any[56, 45, 37, 30, 25, 16]",56,16
2257,2026-01-28T07:06:40.0,2026-01-16T12:44:25.531,"Any[56, 45, 37, 30, 25, 16]",56,16
2261,2026-01-28T07:06:40.0,2026-01-30T12:44:25.531,"Any[56, 45, 37, 30, 25, 16]",56,16
2262,2026-01-28T07:06:40.0,2026-01-23T12:44:25.531,"Any[56, 45, 37, 30, 25, 16]",56,16
2264,2026-01-28T07:06:40.0,2026-01-23T12:44:25.531,"Any[56, 45, 37, 30, 25, 16]",56,16
2266,2026-01-28T07:06:40.0,2026-01-09T12:44:25.531,"Any[56, 45, 37, 30, 25, 16]",56,16
2271,2026-01-28T07:06:40.0,2026-01-16T12:44:25.531,"Any[56, 45, 37, 30, 25, 16]",56,16
2273,2026-01-28T07:06:40.0,2026-01-30T12:44:25.531,"Any[56, 45, 37, 30, 25, 16]",56,16
2276,2026-01-28T07:06:40.0,2026-01-30T12:44:25.531,"Any[56, 45, 37, 30, 25, 16]",56,16
2278,2026-01-28T07:06:40.0,2026-01-30T12:44:25.531,"Any[56, 45, 37, 30, 25, 16]",56,16
2280,2026-01-28T07:06:40.0,2026-01-23T12:44:25.531,"Any[56, 45, 37, 30, 25, 16]",56,16
2284,2026-01-28T07:06:40.0,2026-01-09T12:44:25.531,"Any[56, 45, 37, 30, 25, 16]",56,16
2285,2026-01-28T07:06:40.0,2026-01-23T12:44:25.531,"Any[56, 45, 37, 30, 25, 16]",56,16
2409,2026-01-28T07:06:40.0,2026-01-16T12:44:25.531,"Any[56, 45, 37, 30, 25, 19, 11, 6]",56,6
2431,2026-01-28T07:06:40.0,2026-01-16T12:44:25.531,"Any[56, 45, 37, 30, 25, 19, 10, 6]",56,6
2452,2026-01-28T07:06:40.0,2026-01-16T12:44:25.531,"Any[56, 45, 37, 30, 25, 19, 11, 6]",56,6
2461,2026-01-28T07:06:40.0,2026-01-23T12:44:25.531,"Any[56, 45, 37, 30, 25, 19, 10]",56,10
2478,2026-01-28T07:06:40.0,2026-01-23T12:44:25.531,"Any[53, 45, 37, 30, 25, 19, 13, 8]",53,8
2482,2026-01-28T07:06:40.0,2026-01-16T12:44:25.531,"Any[53, 45, 37, 30, 25, 19, 13, 8]",53,8
2516,2026-01-28T07:06:40.0,2026-01-23T12:44:25.531,"Any[53, 45, 37, 30, 25, 19, 13, 8]",53,8
2521,2026-01-28T07:06:40.0,2026-01-30T12:44:25.531,"Any[53, 45, 37, 30, 25, 19, 13, 8]",53,8
2985,2026-01-28T07:06:40.0,2026-01-16T12:44:25.531,"Any[1, 6, 10, 19, 23, 36, 44, 54, 60]",1,60
2996,2026-01-28T07:06:40.0,2026-01-23T12:44:25.531,"Any[1, 6, 11, 19, 25, 30, 37, 45, 56]",1,56
3168,2026-01-28T07:06:40.0,2026-01-09T12:44:25.531,"Any[10, 19, 25, 30, 37, 45, 53, 60]",10,60
3170,2026-01-28T07:06:40.0,2026-01-30T12:44:25.531,"Any[10, 19, 25, 30, 37, 45, 53, 60]",10,60
3179,2026-01-28T07:06:40.0,2026-01-23T12:44:25.531,"Any[10, 19, 25, 30, 37, 45, 53, 60]",10,60
2676,2026-01-28T07:17:00.0,2026-01-09T12:54:45.531,Any[],45,3
2655,2026-01-28T07:57:00.0,2026-01-09T13:34:45.531,Any[],45,7
2231,2026-01-28T13:02:00.0,2026-01-16T18:39:45.531,Any[],56,17
2640,2026-01-28T13:05:00.0,2026-01-16T18:42:45.531,Any[],45,7
3099,2026-01-28T13:10:00.0,2026-01-23T18:47:45.531,Any[],10,64
2678,2026-01-28T13:11:00.0,2026-01-30T18:48:45.531,Any[],45,3
2372,2026-01-28T13:12:00.0,2026-01-09T18:49:45.531,Any[],56,3
3075,2026-01-28T13:15:00.0,2026-01-16T18:52:45.531,Any[],6,54
2666,2026-01-28T13:18:00.0,2026-01-16T18:55:45.531,Any[],45,3
2383,2026-01-28T13:21:00.0,2026-01-30T18:58:45.531,Any[],56,5
2680,2026-01-28T13:26:00.0,2026-01-30T19:03:45.531,Any[],45,3
2225,2026-01-28T13:31:00.0,2026-01-09T19:08:45.531,Any[],56,17
2688,2026-01-28T13:33:00.0,2026-01-30T19:10:45.531,Any[],45,3
3095,2026-01-28T13:49:00.0,2026-01-16T19:26:45.531,Any[],10,64
3141,2026-01-28T13:54:00.0,2026-01-23T19:31:45.531,Any[],10,64
3157,2026-01-28T13:59:00.0,2026-01-16T19:36:45.531,Any[],10,64
2468,2026-01-31T07:00:00.0,2026-01-26T12:37:45.531,Any[],55,3
2384,2026-01-31T07:03:00.0,2026-01-19T12:40:45.531,Any[],56,5
3048,2026-01-31T07:17:00.0,2026-01-26T12:54:45.531,Any[],6,64
3030,2026-01-31T07:20:00.0,2026-02-02T12:57:45.531,Any[],6,64
3038,2026-01-31T07:20:00.0,2026-01-26T12:57:45.531,Any[],6,64
2290,2026-01-31T07:22:00.0,2026-02-02T12:59:45.531,Any[],56,13
2374,2026-01-31T07:22:00.0,2026-01-26T12:59:45.531,Any[],56,3
2644,2026-01-31T07:22:00.0,2026-01-26T12:59:45.531,Any[],45,7
2229,2026-01-31T07:25:00.0,2026-01-12T13:02:45.531,Any[],56,17
2193,2026-01-31T07:29:00.0,2026-02-02T13:06:45.531,Any[],64,7
3154,2026-01-31T07:29:00.0,2026-01-19T13:06:45.531,Any[],10,64
3042,2026-01-31T07:35:00.0,2026-01-12T13:12:45.531,Any[],6,64
3072,2026-01-31T07:44:00.0,2026-01-12T13:21:45.531,Any[],6,54
3103,2026-01-31T07:53:00.0,2026-01-19T13:30:45.531,Any[],10,64
2233,2026-01-31T07:54:00.0,2026-01-12T13:31:45.531,Any[],56,17
2641,2026-01-31T13:01:00.0,2026-02-02T18:38:45.531,Any[],45,7
3045,2026-01-31T13:01:00.0,2026-01-26T18:38:45.531,Any[],6,64
3139,2026-01-31T13:01:00.0,2026-01-12T18:38:45.531,Any[],10,64
2251,2026-01-31T13:06:00.0,2026-02-02T18:43:45.531,Any[],56,17
3017,2026-01-31T13:06:00.0,2026-01-19T18:43:45.531,Any[],6,64
3035,2026-01-31T13:07:00.0,2026-01-19T18:44:45.531,Any[],6,64
2385,2026-01-31T13:08:00.0,2026-01-26T18:45:45.531,Any[],56,5
2380,2026-01-31T13:09:00.0,2026-02-02T18:46:45.531,Any[],56,3
2685,2026-01-31T13:09:00.0,2026-02-02T18:46:45.531,Any[],45,3
2677,2026-01-31T13:12:00.0,2026-01-12T18:49:45.531,Any[],45,3
2287,2026-01-31T13:13:00.0,2026-01-12T18:50:45.531,Any[],56,13
3043,2026-01-31T13:14:00.0,2026-01-19T18:51:45.531,Any[],6,64
3086,2026-01-31T13:15:00.0,2026-01-12T18:52:45.531,Any[],10,64
3138,2026-01-31T13:16:00.0,2026-02-02T18:53:45.531,Any[],10,64
2234,2026-01-31T13:17:00.0,2026-01-19T18:54:45.531,Any[],56,17
3100,2026-01-31T13:18:00.0,2026-01-19T18:55:45.531,Any[],10,64
2289,2026-01-31T13:19:00.0,2026-01-12T18:56:45.531,Any[],56,13
6,2026-01-31T13:20:00.0,2026-01-19T18:57:45.531,"Any[6, 11, 19, 25, 30, 37, 45, 53]",6,53
11,2026-01-31T13:20:00.0,2026-01-26T18:57:45.531,"Any[60, 56, 45, 37, 30, 25, 19, 13, 8]",60,8
13,2026-01-31T13:20:00.0,2026-01-19T18:57:45.531,"Any[8, 13, 19, 25, 30, 37, 45, 56]",8,56
15,2026-01-31T13:20:00.0,2026-01-12T18:57:45.531,"Any[53, 45, 37, 30, 25, 19, 10]",53,10
19,2026-01-31T13:20:00.0,2026-01-26T18:57:45.531,"Any[7, 8, 13, 19, 25, 30, 37, 45, 53]",7,53
29,2026-01-31T13:20:00.0,2026-01-19T18:57:45.531,"Any[25, 30, 37, 45, 56, 60, 64]",25,64
30,2026-01-31T13:20:00.0,2026-01-26T18:57:45.531,"Any[56, 45, 37, 30, 25]",56,25
34,2026-01-31T13:20:00.0,2026-01-26T18:57:45.531,"Any[56, 45, 37, 30, 25, 19, 20]",56,20
51,2026-01-31T13:20:00.0,2026-01-19T18:57:45.531,"Any[7, 8, 13, 19, 25, 30, 37, 45, 53, 60]",7,60
56,2026-01-31T13:20:00.0,2026-02-02T18:57:45.531,"Any[53, 45, 37, 30, 25, 19, 10]",53,10
59,2026-01-31T13:20:00.0,2026-01-12T18:57:45.531,"Any[45, 37, 30, 25]",45,25
73,2026-01-31T13:20:00.0,2026-02-02T18:57:45.531,"Any[45, 37, 30, 25]",45,25
82,2026-01-31T13:20:00.0,2026-01-26T18:57:45.531,"Any[1, 6, 11, 19, 25, 30, 37, 45, 56]",1,56
85,2026-01-31T13:20:00.0,2026-01-26T18:57:45.531,"Any[6, 11, 19, 25, 30, 37, 45]",6,45
86,2026-01-31T13:20:00.0,2026-01-12T18:57:45.531,"Any[19, 25, 30, 37, 45, 56]",19,56
87,2026-01-31T13:20:00.0,2026-01-12T18:57:45.531,"Any[60, 53, 45, 37, 30, 25, 19, 13, 8]",60,8
95,2026-01-31T13:20:00.0,2026-01-19T18:57:45.531,"Any[8, 13, 19, 25, 30, 37, 45, 56]",8,56
97,2026-01-31T13:20:00.0,2026-02-02T18:57:45.531,"Any[6, 11, 19, 17, 19, 25, 30, 37, 45]",6,45
104,2026-01-31T13:20:00.0,2026-01-19T18:57:45.531,"Any[3, 10, 19, 25, 30, 37, 45, 53]",3,53
106,2026-01-31T13:20:00.0,2026-01-19T18:57:45.531,"Any[53, 45, 37, 30, 25, 19, 11, 6, 1]",53,1
112,2026-01-31T13:20:00.0,2026-01-26T18:57:45.531,"Any[53, 45, 37, 30, 25, 19, 11, 6, 1]",53,1
118,2026-01-31T13:20:00.0,2026-02-02T18:57:45.531,"Any[53, 45, 37, 30, 25, 19, 13, 8]",53,8
119,2026-01-31T13:20:00.0,2026-02-02T18:57:45.531,"Any[53, 45, 37, 30, 25, 19, 10]",53,10
120,2026-01-31T13:20:00.0,2026-01-26T18:57:45.531,"Any[56, 45, 37, 30, 25, 19, 20]",56,20
125,2026-01-31T13:20:00.0,2026-02-02T18:57:45.531,"Any[56, 45, 37, 30, 25, 19, 13, 8, 7]",56,7
126,2026-01-31T13:20:00.0,2026-01-26T18:57:45.531,"Any[53, 45, 37, 30, 25, 19, 13, 8]",53,8
128,2026-01-31T13:20:00.0,2026-02-02T18:57:45.531,"Any[60, 56, 45, 37, 30, 25, 19, 11, 6]",60,6
129,2026-01-31T13:20:00.0,2026-02-02T18:57:45.531,"Any[19, 25, 30, 37, 45, 56]",19,56
133,2026-01-31T13:20:00.0,2026-02-02T18:57:45.531,"Any[53, 45, 37, 30, 25, 19, 11, 6, 1]",53,1
134,2026-01-31T13:20:00.0,2026-01-12T18:57:45.531,"Any[56, 45, 37, 30, 25]",56,25
147,2026-01-31T13:20:00.0,2026-01-26T18:57:45.531,"Any[53, 45, 37, 30, 25, 19, 10]",53,10
155,2026-01-31T13:20:00.0,2026-02-02T18:57:45.531,"Any[8, 13, 19, 25, 30, 37, 45, 56]",8,56
167,2026-01-31T13:20:00.0,2026-02-02T18:57:45.531,"Any[6, 11, 25, 30, 37, 45]",6,45
181,2026-01-31T13:20:00.0,2026-01-12T18:57:45.531,"Any[7, 8, 13, 19, 25, 30, 37, 45, 53]",7,53
185,2026-01-31T13:20:00.0,2026-02-02T18:57:45.531,"Any[53, 45, 37, 30, 25, 19, 11, 6, 1]",53,1
189,2026-01-31T13:20:00.0,2026-01-12T18:57:45.531,"Any[56, 45, 37, 30, 25, 19, 11, 6]",56,6
197,2026-01-31T13:20:00.0,2026-01-12T18:57:45.531,"Any[8, 13, 19, 25, 30, 37, 45, 56]",8,56
199,2026-01-31T13:20:00.0,2026-01-12T18:57:45.531,"Any[53, 45, 37, 30, 25, 19, 10]",53,10
202,2026-01-31T13:20:00.0,2026-02-02T18:57:45.531,"Any[60, 56, 45, 37, 30, 25, 19, 11, 6]",60,6
204,2026-01-31T13:20:00.0,2026-01-19T18:57:45.531,"Any[8, 13, 19, 25, 30, 37, 45, 56]",8,56
208,2026-01-31T13:20:00.0,2026-01-19T18:57:45.531,"Any[6, 11, 19, 25, 30, 37, 45]",6,45
213,2026-01-31T13:20:00.0,2026-01-26T18:57:45.531,"Any[8, 13, 19, 25, 30, 37, 45, 56]",8,56
216,2026-01-31T13:20:00.0,2026-01-26T18:57:45.531,"Any[8, 13, 19, 25, 30, 37, 45, 56]",8,56
224,2026-01-31T13:20:00.0,2026-02-02T18:57:45.531,"Any[8, 13, 19, 25, 30, 37, 45, 53, 60]",8,60
225,2026-01-31T13:20:00.0,2026-01-26T18:57:45.531,"Any[16, 25, 30, 37, 45, 53, 60]",16,60
228,2026-01-31T13:20:00.0,2026-01-19T18:57:45.531,"Any[53, 45, 37, 30, 25, 19, 13, 8]",53,8
249,2026-01-31T13:20:00.0,2026-01-19T18:57:45.531,"Any[7, 8, 13, 19, 25, 30, 37, 45, 53]",7,53
253,2026-01-31T13:20:00.0,2026-01-12T18:57:45.531,"Any[7, 8, 13, 19, 25, 30, 37, 45, 53]",7,53
255,2026-01-31T13:20:00.0,2026-01-26T18:57:45.531,"Any[53, 45, 37, 30, 25, 19, 11, 6, 1]",53,1
259,2026-01-31T13:20:00.0,2026-01-19T18:57:45.531,"Any[10, 19, 25, 30, 37, 45, 53]",10,53
262,2026-01-31T13:20:00.0,2026-01-19T18:57:45.531,"Any[60, 56, 45, 37, 30, 25, 19]",60,19
264,2026-01-31T13:20:00.0,2026-01-12T18:57:45.531,"Any[19, 25, 30, 37, 45, 56]",19,56
268,2026-01-31T13:20:00.0,2026-02-02T18:57:45.531,"Any[53, 45, 37, 30, 25, 19, 13, 8]",53,8
273,2026-01-31T13:20:00.0,2026-01-26T18:57:45.531,"Any[8, 13, 19, 25, 30, 37, 45, 56]",8,56
283,2026-01-31T13:20:00.0,2026-01-12T18:57:45.531,"Any[64, 60, 53, 45, 37, 30, 25, 19, 11, 6, 1]",64,1
289,2026-01-31T13:20:00.0,2026-02-02T18:57:45.531,"Any[53, 45, 37, 30, 25, 19, 11, 6, 1]",53,1
290,2026-01-31T13:20:00.0,2026-01-12T18:57:45.531,"Any[17, 25, 30, 37, 45, 53]",17,53
291,2026-01-31T13:20:00.0,2026-01-19T18:57:45.531,"Any[56, 45, 37, 30, 25, 19, 11, 6]",56,6
301,2026-01-31T13:20:00.0,2026-02-02T18:57:45.531,"Any[60, 56, 45, 37, 30, 25, 19, 11, 6]",60,6
302,2026-01-31T13:20:00.0,2026-01-12T18:57:45.531,"Any[56, 45, 37, 30, 25, 19, 11, 6]",56,6
303,2026-01-31T13:20:00.0,2026-02-02T18:57:45.531,"Any[8, 13, 19, 25, 30, 37, 45, 56]",8,56
309,2026-01-31T13:20:00.0,2026-01-26T18:57:45.531,"Any[19, 25, 30, 37, 45, 53]",19,53
311,2026-01-31T13:20:00.0,2026-01-19T18:57:45.531,"Any[6, 11, 19, 25, 30, 37, 45]",6,45
312,2026-01-31T13:20:00.0,2026-02-02T18:57:45.531,"Any[8, 13, 19, 25, 30, 37, 45, 56]",8,56
315,2026-01-31T13:20:00.0,2026-01-26T18:57:45.531,"Any[60, 56, 45, 37, 30, 25, 19, 11, 6]",60,6
316,2026-01-31T13:20:00.0,2026-02-02T18:57:45.531,"Any[53, 45, 37, 30, 25, 19, 13, 8]",53,8
320,2026-01-31T13:20:00.0,2026-01-26T18:57:45.531,"Any[60, 56, 45, 37, 30, 25, 19]",60,19
327,2026-01-31T13:20:00.0,2026-01-19T18:57:45.531,"Any[64, 60, 53, 45, 37, 30, 25, 19, 13, 8]",64,8
328,2026-01-31T13:20:00.0,2026-01-26T18:57:45.531,"Any[8, 13, 19, 25, 30, 37, 45, 56]",8,56
332,2026-01-31T13:20:00.0,2026-02-02T18:57:45.531,"Any[19, 25, 30, 37, 45, 56]",19,56
344,2026-01-31T13:20:00.0,2026-01-19T18:57:45.531,"Any[7, 8, 13, 19, 25, 30, 37, 45, 53]",7,53
346,2026-01-31T13:20:00.0,2026-02-02T18:57:45.531,"Any[64, 60, 53, 45, 37, 30, 25, 19, 11, 6, 1]",64,1
349,2026-01-31T13:20:00.0,2026-01-26T18:57:45.531,"Any[60, 53, 45, 37, 30, 25]",60,25
355,2026-01-31T13:20:00.0,2026-01-19T18:57:45.531,"Any[6, 11, 19, 25, 30, 37, 45, 53]",6,53
363,2026-01-31T13:20:00.0,2026-01-26T18:57:45.531,"Any[19, 25, 30, 37, 45, 56]",19,56
370,2026-01-31T13:20:00.0,2026-01-26T18:57:45.531,"Any[8, 13, 19, 25, 30, 37, 45, 56, 60]",8,60
376,2026-01-31T13:20:00.0,2026-01-12T18:57:45.531,"Any[53, 45, 37, 30, 25, 19, 13, 8]",53,8
380,2026-01-31T13:20:00.0,2026-01-12T18:57:45.531,"Any[62, 53, 45, 37, 30, 25, 19, 11, 6, 1]",62,1
383,2026-01-31T13:20:00.0,2026-01-12T18:57:45.531,"Any[53, 45, 37, 30, 25, 19, 11, 6, 1]",53,1
394,2026-01-31T13:20:00.0,2026-01-19T18:57:45.531,"Any[8, 13, 19, 25, 30, 37, 45, 56]",8,56
395,2026-01-31T13:20:00.0,2026-01-26T18:57:45.531,"Any[8, 13, 19, 25, 30, 37, 45, 56]",8,56
396,2026-01-31T13:20:00.0,2026-02-02T18:57:45.531,"Any[60, 53, 45, 37, 30, 25, 19, 13, 8]",60,8
397,2026-01-31T13:20:00.0,2026-01-12T18:57:45.531,"Any[56, 45, 37, 30, 25, 19]",56,19
400,2026-01-31T13:20:00.0,2026-01-12T18:57:45.531,"Any[60, 56, 45, 37, 30, 25, 19, 11, 6]",60,6
404,2026-01-31T13:20:00.0,2026-01-26T18:57:45.531,"Any[56, 45, 37, 30, 25]",56,25
423,2026-01-31T13:20:00.0,2026-02-02T18:57:45.531,"Any[1, 6, 11, 19, 25, 30, 37, 45, 56]",1,56
426,2026-01-31T13:20:00.0,2026-01-19T18:57:45.531,"Any[64, 60, 53, 45, 37, 30, 25, 19, 11, 6, 1]",64,1
428,2026-01-31T13:20:00.0,2026-01-12T18:57:45.531,"Any[7, 8, 13, 19, 25, 30, 37, 45, 53]",7,53
436,2026-01-31T13:20:00.0,2026-01-12T18:57:45.531,"Any[19, 25, 30, 37, 45, 53]",19,53
439,2026-01-31T13:20:00.0,2026-02-02T18:57:45.531,"Any[6, 11, 16, 25, 30, 37, 45, 53]",6,53
443,2026-01-31T13:20:00.0,2026-01-12T18:57:45.531,"Any[53, 45, 37, 30, 25, 19, 10]",53,10
445,2026-01-31T13:20:00.0,2026-02-02T18:57:45.531,"Any[10, 19, 25, 30, 37, 45, 53]",10,53
446,2026-01-31T13:20:00.0,2026-01-19T18:57:45.531,"Any[64, 60, 53, 45, 37, 30, 25, 19, 11, 6, 1]",64,1
448,2026-01-31T13:20:00.0,2026-01-26T18:57:45.531,"Any[60, 56, 45, 37, 30, 25, 19, 11, 6]",60,6
449,2026-01-31T13:20:00.0,2026-01-26T18:57:45.531,"Any[6, 11, 19, 25, 30, 37, 45]",6,45
451,2026-01-31T13:20:00.0,2026-01-19T18:57:45.531,"Any[6, 11, 19, 25, 30, 37, 45]",6,45
457,2026-01-31T13:20:00.0,2026-01-26T18:57:45.531,"Any[53, 45, 37, 30, 25, 19, 11, 6, 1]",53,1
464,2026-01-31T13:20:00.0,2026-01-19T18:57:45.531,"Any[6, 11, 16, 25, 30, 37, 45]",6,45
465,2026-01-31T13:20:00.0,2026-01-19T18:57:45.531,"Any[60, 53, 45, 37, 30, 25, 19, 13, 8]",60,8
466,2026-01-31T13:20:00.0,2026-01-26T18:57:45.531,"Any[19, 25, 30, 37, 30, 37, 45, 53]",19,53
477,2026-01-31T13:20:00.0,2026-01-19T18:57:45.531,"Any[1, 6, 11, 19, 23, 28, 36, 44, 54, 60]",1,60
491,2026-01-31T13:20:00.0,2026-01-26T18:57:45.531,"Any[56, 45, 37, 30, 25, 19, 10]",56,10
500,2026-01-31T13:20:00.0,2026-02-02T18:57:45.531,"Any[56, 45, 37, 30, 25, 19, 11, 6]",56,6
503,2026-01-31T13:20:00.0,2026-01-26T18:57:45.531,"Any[7, 8, 13, 19, 25, 30, 37, 45, 53]",7,53
507,2026-01-31T13:20:00.0,2026-01-26T18:57:45.531,"Any[53, 45, 37, 30, 25, 19, 11, 6, 1]",53,1
508,2026-01-31T13:20:00.0,2026-01-19T18:57:45.531,"Any[8, 13, 19, 25, 30, 37, 45, 56]",8,56
509,2026-01-31T13:20:00.0,2026-01-19T18:57:45.531,"Any[6, 11, 19, 25, 30, 37, 45]",6,45
514,2026-01-31T13:20:00.0,2026-01-12T18:57:45.531,"Any[8, 13, 19, 25, 30, 37, 45, 56]",8,56
518,2026-01-31T13:20:00.0,2026-01-26T18:57:45.531,"Any[53, 45, 37, 30, 25, 19, 13, 8]",53,8
525,2026-01-31T13:20:00.0,2026-01-19T18:57:45.531,"Any[8, 13, 19, 25, 30, 37, 45, 56]",8,56
527,2026-01-31T13:20:00.0,2026-01-19T18:57:45.531,"Any[19, 25, 30, 37, 45, 53]",19,53
535,2026-01-31T13:20:00.0,2026-01-12T18:57:45.531,"Any[19, 25, 30, 37, 45, 53]",19,53
536,2026-01-31T13:20:00.0,2026-01-19T18:57:45.531,"Any[6, 11, 19, 25, 30, 37, 45, 53]",6,53
545,2026-01-31T13:20:00.0,2026-01-12T18:57:45.531,"Any[53, 45, 37, 30, 25, 19, 10]",53,10
548,2026-01-31T13:20:00.0,2026-01-26T18:57:45.531,"Any[53, 45, 37, 30, 25, 19, 10]",53,10
552,2026-01-31T13:20:00.0,2026-02-02T18:57:45.531,"Any[60, 56, 45, 37, 30, 25, 19, 11, 6]",60,6
554,2026-01-31T13:20:00.0,2026-01-19T18:57:45.531,"Any[6, 11, 16, 25, 30, 37, 45]",6,45
563,2026-01-31T13:20:00.0,2026-01-26T18:57:45.531,"Any[10, 19, 25, 30, 37, 45, 53]",10,53
578,2026-01-31T13:20:00.0,2026-01-19T18:57:45.531,"Any[56, 45, 37, 30, 25, 19, 11, 6]",56,6
589,2026-01-31T13:20:00.0,2026-01-19T18:57:45.531,"Any[53, 45, 37, 30, 25, 19, 11, 6, 1]",53,1
598,2026-01-31T13:20:00.0,2026-02-02T18:57:45.531,"Any[45, 37, 30, 25]",45,25
602,2026-01-31T13:20:00.0,2026-01-19T18:57:45.531,"Any[53, 45, 37, 30, 25, 19, 11, 6, 1]",53,1
604,2026-01-31T13:20:00.0,2026-02-02T18:57:45.531,"Any[8, 13, 19, 25, 30, 37, 45, 53, 60]",8,60
606,2026-01-31T13:20:00.0,2026-01-26T18:57:45.531,"Any[19, 25, 30, 37, 45, 56]",19,56
613,2026-01-31T13:20:00.0,2026-01-19T18:57:45.531,"Any[6, 11, 19, 25, 30, 37, 45]",6,45
615,2026-01-31T13:20:00.0,2026-02-02T18:57:45.531,"Any[1, 6, 11, 19, 25, 30, 37, 45, 56]",1,56
616,2026-01-31T13:20:00.0,2026-01-26T18:57:45.531,"Any[53, 45, 37, 30, 25, 19, 13, 8]",53,8
621,2026-01-31T13:20:00.0,2026-02-02T18:57:45.531,"Any[64, 53, 45, 37, 30, 25, 19, 13, 8]",64,8
647,2026-01-31T13:20:00.0,2026-01-12T18:57:45.531,"Any[5, 6, 11, 19, 25, 30, 37, 45]",5,45
653,2026-01-31T13:20:00.0,2026-01-26T18:57:45.531,"Any[60, 56, 45, 37, 30, 25, 19, 11, 6]",60,6
659,2026-01-31T13:20:00.0,2026-02-02T18:57:45.531,"Any[56, 45, 37, 30, 25, 19, 11, 6]",56,6
661,2026-01-31T13:20:00.0,2026-01-19T18:57:45.531,"Any[1, 6, 11, 19, 25, 30, 37, 45, 56, 60]",1,60
675,2026-01-31T13:20:00.0,2026-01-19T18:57:45.531,"Any[56, 45, 37, 30, 25, 19, 11, 6]",56,6
679,2026-01-31T13:20:00.0,2026-02-02T18:57:45.531,"Any[60, 53, 45, 37, 30, 25, 19]",60,19
702,2026-01-31T13:20:00.0,2026-01-12T18:57:45.531,"Any[19, 25, 30, 37, 45, 56]",19,56
712,2026-01-31T13:20:00.0,2026-02-02T18:57:45.531,"Any[19, 25, 30, 37, 45, 56]",19,56
715,2026-01-31T13:20:00.0,2026-01-19T18:57:45.531,"Any[62, 56, 45, 37, 30, 25, 19]",62,19
719,2026-01-31T13:20:00.0,2026-02-02T18:57:45.531,"Any[53, 45, 37, 30, 25, 19, 10]",53,10
725,2026-01-31T13:20:00.0,2026-02-02T18:57:45.531,"Any[60, 53, 45, 37, 30, 25, 19, 11, 6]",60,6
728,2026-01-31T13:20:00.0,2026-01-12T18:57:45.531,"Any[53, 45, 37, 30, 25, 19, 10]",53,10
729,2026-01-31T13:20:00.0,2026-01-26T18:57:45.531,"Any[60, 53, 45, 37, 30, 25, 19, 13, 8]",60,8
734,2026-01-31T13:20:00.0,2026-02-02T18:57:45.531,"Any[53, 45, 37, 30, 25, 19, 10]",53,10
735,2026-01-31T13:20:00.0,2026-01-26T18:57:45.531,"Any[53, 45, 37, 30, 25, 19, 11, 6, 1]",53,1
744,2026-01-31T13:20:00.0,2026-01-12T18:57:45.531,"Any[10, 19, 25, 30, 37, 45, 53]",10,53
746,2026-01-31T13:20:00.0,2026-01-19T18:57:45.531,"Any[8, 13, 19, 25, 30, 37, 45, 56, 60]",8,60
751,2026-01-31T13:20:00.0,2026-02-02T18:57:45.531,"Any[19, 25, 30, 37, 45, 56]",19,56
754,2026-01-31T13:20:00.0,2026-02-02T18:57:45.531,"Any[53, 45, 37, 30, 25, 19, 13, 8]",53,8
755,2026-01-31T13:20:00.0,2026-01-12T18:57:45.531,"Any[60, 53, 45, 37, 30, 25]",60,25
762,2026-01-31T13:20:00.0,2026-02-02T18:57:45.531,"Any[53, 45, 37, 30, 25, 19, 11, 6, 1]",53,1
764,2026-01-31T13:20:00.0,2026-01-12T18:57:45.531,"Any[53, 45, 37, 30, 25, 19, 10]",53,10
767,2026-01-31T13:20:00.0,2026-01-19T18:57:45.531,"Any[56, 45, 37, 30, 25, 19, 11, 6]",56,6
775,2026-01-31T13:20:00.0,2026-01-26T18:57:45.531,"Any[10, 19, 25, 30, 37, 45, 53, 60]",10,60
781,2026-01-31T13:20:00.0,2026-01-19T18:57:45.531,"Any[53, 45, 37, 30, 25, 19, 11, 6, 1]",53,1
784,2026-01-31T13:20:00.0,2026-01-12T18:57:45.531,"Any[60, 56, 45, 37, 30, 25, 19]",60,19
785,2026-01-31T13:20:00.0,2026-02-02T18:57:45.531,"Any[19, 25, 30, 37, 45, 56]",19,56
786,2026-01-31T13:20:00.0,2026-02-02T18:57:45.531,"Any[6, 11, 25, 30, 37, 45]",6,45
787,2026-01-31T13:20:00.0,2026-01-26T18:57:45.531,"Any[60, 56, 45, 37, 30, 25, 19, 11, 6]",60,6
798,2026-01-31T13:20:00.0,2026-01-19T18:57:45.531,"Any[10, 19, 25, 30, 37, 45, 53]",10,53
799,2026-01-31T13:20:00.0,2026-01-26T18:57:45.531,"Any[54, 44, 36, 23, 19, 13, 8]",54,8
800,2026-01-31T13:20:00.0,2026-01-12T18:57:45.531,"Any[60, 56, 45, 37, 30, 25, 19]",60,19
801,2026-01-31T13:20:00.0,2026-02-02T18:57:45.531,"Any[53, 45, 37, 30, 25, 19, 10]",53,10
804,2026-01-31T13:20:00.0,2026-01-19T18:57:45.531,"Any[19, 25, 30, 37, 45, 56]",19,56
805,2026-01-31T13:20:00.0,2026-02-02T18:57:45.531,"Any[10, 19, 25, 30, 37, 45, 53]",10,53
809,2026-01-31T13:20:00.0,2026-01-12T18:57:45.531,"Any[7, 8, 13, 19, 25, 30, 37, 45, 53]",7,53
813,2026-01-31T13:20:00.0,2026-01-19T18:57:45.531,"Any[53, 45, 37, 30, 25, 19, 11, 6, 1]",53,1
815,2026-01-31T13:20:00.0,2026-01-19T18:57:45.531,"Any[16, 19, 25, 30, 37, 45, 53]",16,53
817,2026-01-31T13:20:00.0,2026-01-12T18:57:45.531,"Any[56, 45, 37, 30, 25, 19, 11, 6, 6, 1]",56,6
837,2026-01-31T13:20:00.0,2026-01-26T18:57:45.531,"Any[56, 45, 37, 45, 50, 45, 37, 30, 25]",56,25
838,2026-01-31T13:20:00.0,2026-02-02T18:57:45.531,"Any[45, 37, 30, 25, 19]",45,19
842,2026-01-31T13:20:00.0,2026-01-19T18:57:45.531,"Any[16, 17, 25, 30, 37, 45, 53]",16,53
843,2026-01-31T13:20:00.0,2026-02-02T18:57:45.531,"Any[7, 8, 13, 19, 25, 30, 37, 45, 53]",7,53
847,2026-01-31T13:20:00.0,2026-01-19T18:57:45.531,"Any[16, 25, 30, 37, 45, 53, 60]",16,60
848,2026-01-31T13:20:00.0,2026-02-02T18:57:45.531,"Any[45, 37, 30, 25, 19, 14]",45,14
855,2026-01-31T13:20:00.0,2026-01-12T18:57:45.531,"Any[60, 56, 45, 37, 30, 25, 19]",60,19
861,2026-01-31T13:20:00.0,2026-01-12T18:57:45.531,"Any[60, 56, 45, 37, 30, 25, 19, 11, 6]",60,6
868,2026-01-31T13:20:00.0,2026-01-19T18:57:45.531,"Any[8, 13, 19, 25, 30, 37, 45, 56]",8,56
872,2026-01-31T13:20:00.0,2026-01-26T18:57:45.531,"Any[56, 45, 37, 30, 25, 19, 11, 6]",56,6
892,2026-01-31T13:20:00.0,2026-02-02T18:57:45.531,"Any[17, 19, 17, 25, 30, 37, 45, 53]",17,53
896,2026-01-31T13:20:00.0,2026-01-19T18:57:45.531,"Any[53, 45, 37, 30, 25, 19, 10]",53,10
903,2026-01-31T13:20:00.0,2026-01-12T18:57:45.531,"Any[8, 13, 19, 25, 30, 37, 45, 56]",8,56
905,2026-01-31T13:20:00.0,2026-02-02T18:57:45.531,"Any[53, 45, 37, 30, 25, 19, 13, 8]",53,8
906,2026-01-31T13:20:00.0,2026-01-26T18:57:45.531,"Any[6, 11, 19, 25, 30, 37, 45]",6,45
912,2026-01-31T13:20:00.0,2026-02-02T18:57:45.531,"Any[60, 53, 45, 37, 30, 25, 19, 11, 6]",60,6
918,2026-01-31T13:20:00.0,2026-01-12T18:57:45.531,"Any[60, 53, 45, 37, 30, 25, 19, 11, 6, 6]",60,6
920,2026-01-31T13:20:00.0,2026-01-19T18:57:45.531,"Any[19, 25, 30, 37, 45, 53]",19,53
921,2026-01-31T13:20:00.0,2026-01-19T18:57:45.531,"Any[53, 45, 37, 30, 25, 19, 13, 8]",53,8
925,2026-01-31T13:20:00.0,2026-01-19T18:57:45.531,"Any[60, 56, 45, 37, 30, 25, 19]",60,19
928,2026-01-31T13:20:00.0,2026-02-02T18:57:45.531,"Any[60, 53, 45, 37, 30, 25]",60,25
931,2026-01-31T13:20:00.0,2026-01-26T18:57:45.531,"Any[45, 37, 30, 25]",45,25
934,2026-01-31T13:20:00.0,2026-01-12T18:57:45.531,"Any[56, 45, 37, 30, 25, 19, 11, 6]",56,6
940,2026-01-31T13:20:00.0,2026-01-19T18:57:45.531,"Any[53, 45, 37, 30, 25, 19, 13, 8]",53,8
945,2026-01-31T13:20:00.0,2026-01-12T18:57:45.531,"Any[19, 25, 30, 37, 45, 53]",19,53
946,2026-01-31T13:20:00.0,2026-01-19T18:57:45.531,"Any[53, 45, 37, 30, 25, 19, 13, 8]",53,8
949,2026-01-31T13:20:00.0,2026-01-12T18:57:45.531,"Any[8, 13, 19, 25, 30, 37, 45, 56, 60]",8,60
950,2026-01-31T13:20:00.0,2026-01-19T18:57:45.531,"Any[53, 45, 37, 30, 25, 19, 13, 8]",53,8
952,2026-01-31T13:20:00.0,2026-01-26T18:57:45.531,"Any[53, 45, 37, 30, 25, 19, 10]",53,10
959,2026-01-31T13:20:00.0,2026-01-12T18:57:45.531,"Any[64, 60, 53, 45, 37, 30, 25, 19, 11, 6, 1]",64,1
963,2026-01-31T13:20:00.0,2026-01-26T18:57:45.531,"Any[64, 60, 56, 45, 37, 30, 25, 19]",64,19
966,2026-01-31T13:20:00.0,2026-01-26T18:57:45.531,"Any[60, 56, 45, 37, 30, 25, 19, 11, 6]",60,6
970,2026-01-31T13:20:00.0,2026-01-19T18:57:45.531,"Any[9, 15, 26, 31, 36, 44, 54, 60]",9,60
977,2026-01-31T13:20:00.0,2026-01-26T18:57:45.531,"Any[8, 13, 19, 25, 30, 37, 45, 56]",8,56
981,2026-01-31T13:20:00.0,2026-02-02T18:57:45.531,"Any[53, 45, 37, 30, 25, 19, 13, 8]",53,8
982,2026-01-31T13:20:00.0,2026-01-12T18:57:45.531,"Any[8, 13, 19, 25, 30, 37, 45, 56]",8,56
987,2026-01-31T13:20:00.0,2026-01-26T18:57:45.531,"Any[19, 25, 30, 37, 45, 53]",19,53
992,2026-01-31T13:20:00.0,2026-01-12T18:57:45.531,"Any[6, 11, 19, 25, 30, 37, 45]",6,45
993,2026-01-31T13:20:00.0,2026-01-12T18:57:45.531,"Any[45, 37, 30, 25]",45,25
996,2026-01-31T13:20:00.0,2026-01-12T18:57:45.531,"Any[56, 45, 37, 30, 25, 19, 11, 6, 6, 5, 1, 1]",56,6
1003,2026-01-31T13:20:00.0,2026-02-02T18:57:45.531,"Any[53, 45, 37, 30, 25, 19, 10]",53,10
1007,2026-01-31T13:20:00.0,2026-02-02T18:57:45.531,"Any[17, 19, 17, 25, 30, 37, 45, 53]",17,53
1010,2026-01-31T13:20:00.0,2026-01-12T18:57:45.531,"Any[8, 13, 19, 25, 30, 37, 45, 56]",8,56
1013,2026-01-31T13:20:00.0,2026-02-02T18:57:45.531,"Any[60, 53, 45, 37, 30, 25, 19, 13, 8]",60,8
1017,2026-01-31T13:20:00.0,2026-01-12T18:57:45.531,"Any[10, 19, 25, 30, 37, 45, 53, 60]",10,60
1018,2026-01-31T13:20:00.0,2026-02-02T18:57:45.531,"Any[62, 45, 37, 30, 25, 19, 14, 13, 14]",62,14
1023,2026-01-31T13:20:00.0,2026-02-02T18:57:45.531,"Any[56, 45, 37, 30, 25, 19]",56,19
1025,2026-01-31T13:20:00.0,2026-01-19T18:57:45.531,"Any[10, 19, 25, 30, 37, 45, 53]",10,53
1029,2026-01-31T13:20:00.0,2026-01-26T18:57:45.531,"Any[64, 53, 45, 37, 30, 25, 11, 6, 1]",64,1
1039,2026-01-31T13:20:00.0,2026-02-02T18:57:45.531,"Any[53, 45, 37, 30, 25, 19, 13, 8]",53,8
1048,2026-01-31T13:20:00.0,2026-01-26T18:57:45.531,"Any[56, 45, 37, 30, 25, 19, 11, 6]",56,6
1056,2026-01-31T13:20:00.0,2026-02-02T18:57:45.531,"Any[53, 45, 37, 30, 25, 19, 10]",53,10
1062,2026-01-31T13:20:00.0,2026-01-26T18:57:45.531,"Any[53, 45, 37, 30, 25, 19, 10]",53,10
1063,2026-01-31T13:20:00.0,2026-01-26T18:57:45.531,"Any[3, 10, 19, 25, 30, 37, 45, 53]",3,53
1069,2026-01-31T13:20:00.0,2026-01-26T18:57:45.531,"Any[10, 11, 19, 25, 30, 37, 45, 53]",10,53
1079,2026-01-31T13:20:00.0,2026-01-26T18:57:45.531,"Any[8, 13, 19, 25, 30, 37, 45, 56]",8,56
1080,2026-01-31T13:20:00.0,2026-01-12T18:57:45.531,"Any[19, 25, 30, 37, 45, 56]",19,56
1084,2026-01-31T13:20:00.0,2026-02-02T18:57:45.531,"Any[53, 45, 37, 30, 25, 19, 13, 8]",53,8
1087,2026-01-31T13:20:00.0,2026-01-12T18:57:45.531,"Any[60, 53, 45, 37, 30, 25, 19]",60,19
1090,2026-01-31T13:20:00.0,2026-01-26T18:57:45.531,"Any[53, 45, 37, 30, 25, 19, 10]",53,10
1091,2026-01-31T13:20:00.0,2026-02-02T18:57:45.531,"Any[6, 11, 16, 25, 30, 37, 45]",6,45
1101,2026-01-31T13:20:00.0,2026-01-12T18:57:45.531,"Any[56, 45, 37, 30, 25, 19, 11, 6]",56,6
1102,2026-01-31T13:20:00.0,2026-01-12T18:57:45.531,"Any[10, 19, 25, 30, 37, 45, 53]",10,53
1107,2026-01-31T13:20:00.0,2026-01-19T18:57:45.531,"Any[7, 8, 13, 19, 25, 30, 37, 45, 53]",7,53
1112,2026-01-31T13:20:00.0,2026-01-12T18:57:45.531,"Any[53, 45, 37, 30, 25, 19, 10]",53,10
1114,2026-01-31T13:20:00.0,2026-01-12T18:57:45.531,"Any[7, 8, 13, 19, 25, 30, 37, 45, 53]",7,53
1115,2026-01-31T13:20:00.0,2026-01-12T18:57:45.531,"Any[53, 45, 37, 30, 25, 19, 10]",53,10
1130,2026-01-31T13:20:00.0,2026-01-12T18:57:45.531,"Any[53, 45, 37, 30, 25, 19, 13, 8]",53,8
1141,2026-01-31T13:20:00.0,2026-01-26T18:57:45.531,"Any[6, 11, 19, 25, 30, 37, 45, 56]",6,56
1144,2026-01-31T13:20:00.0,2026-01-19T18:57:45.531,"Any[3, 10, 19, 25, 30, 37, 45, 53, 60]",3,60
1150,2026-01-31T13:20:00.0,2026-01-19T18:57:45.531,"Any[45, 37, 30, 25]",45,25
1152,2026-01-31T13:20:00.0,2026-02-02T18:57:45.531,"Any[60, 56, 45, 37, 30, 25, 19, 13, 8]",60,8
1159,2026-01-31T13:20:00.0,2026-02-02T18:57:45.531,"Any[60, 53, 45, 37, 30, 25, 19, 13, 8]",60,8
1163,2026-01-31T13:20:00.0,2026-02-02T18:57:45.531,"Any[19, 25, 30, 37, 45, 56]",19,56
1169,2026-01-31T13:20:00.0,2026-01-19T18:57:45.531,"Any[64, 60, 53, 45, 37, 30, 25, 19, 11, 6, 1]",64,1
1171,2026-01-31T13:20:00.0,2026-02-02T18:57:45.531,"Any[56, 45, 37, 30, 25, 19, 11, 6]",56,6
1179,2026-01-31T13:20:00.0,2026-01-12T18:57:45.531,"Any[45, 37, 30, 25, 19]",45,19
1180,2026-01-31T13:20:00.0,2026-01-26T18:57:45.531,"Any[25, 30, 37, 45, 56, 60, 64]",25,64
1197,2026-01-31T13:20:00.0,2026-01-26T18:57:45.531,"Any[53, 45, 37, 30, 25, 19, 11, 6, 1]",53,1
1198,2026-01-31T13:20:00.0,2026-01-12T18:57:45.531,"Any[8, 13, 19, 25, 30, 37, 45, 56]",8,56
1203,2026-01-31T13:20:00.0,2026-01-19T18:57:45.531,"Any[56, 45, 37, 30, 25, 19, 11, 6, 6, 1]",56,6
1204,2026-01-31T13:20:00.0,2026-02-02T18:57:45.531,"Any[64, 53, 45, 37, 30, 25, 19, 11, 6, 1]",64,1
1206,2026-01-31T13:20:00.0,2026-01-12T18:57:45.531,"Any[6, 11, 19, 25, 30, 37, 45]",6,45
1209,2026-01-31T13:20:00.0,2026-01-12T18:57:45.531,"Any[8, 13, 19, 25, 30, 37, 45, 53, 62]",8,62
1217,2026-01-31T13:20:00.0,2026-01-19T18:57:45.531,"Any[62, 53, 45, 37, 30, 25, 19, 11, 6, 1]",62,1
1220,2026-01-31T13:20:00.0,2026-02-02T18:57:45.531,"Any[13, 19, 25, 30, 37, 45, 53]",13,53
1225,2026-01-31T13:20:00.0,2026-02-02T18:57:45.531,"Any[10, 19, 25, 30, 37, 45, 53]",10,53
1226,2026-01-31T13:20:00.0,2026-01-19T18:57:45.531,"Any[60, 53, 45, 37, 30, 25]",60,25
1233,2026-01-31T13:20:00.0,2026-01-26T18:57:45.531,"Any[8, 13, 19, 25, 30, 37, 45, 56]",8,56
1235,2026-01-31T13:20:00.0,2026-01-26T18:57:45.531,"Any[53, 45, 37, 30, 25, 19, 10]",53,10
1237,2026-01-31T13:20:00.0,2026-01-19T18:57:45.531,"Any[1, 6, 11, 19, 23, 36, 44, 54, 60]",1,60
1239,2026-01-31T13:20:00.0,2026-01-26T18:57:45.531,"Any[19, 25, 30, 37, 45, 56]",19,56
1249,2026-01-31T13:20:00.0,2026-01-26T18:57:45.531,"Any[1, 6, 11, 19, 25, 30, 37, 45, 56]",1,56
1250,2026-01-31T13:20:00.0,2026-01-12T18:57:45.531,"Any[64, 60, 56, 45, 37, 30, 25, 19, 13, 8, 7, 8]",64,8
1251,2026-01-31T13:20:00.0,2026-01-26T18:57:45.531,"Any[56, 45, 37, 30, 25, 19, 11, 6, 6, 1]",56,6
1255,2026-01-31T13:20:00.0,2026-01-19T18:57:45.531,"Any[53, 45, 37, 30, 25, 19, 13, 8]",53,8
1257,2026-01-31T13:20:00.0,2026-01-12T18:57:45.531,"Any[56, 45, 37, 30, 25, 19]",56,19
1267,2026-01-31T13:20:00.0,2026-02-02T18:57:45.531,"Any[19, 25, 30, 37, 45, 53]",19,53
1273,2026-01-31T13:20:00.0,2026-01-26T18:57:45.531,"Any[10, 19, 25, 30, 37, 45, 53]",10,53
1290,2026-01-31T13:20:00.0,2026-01-26T18:57:45.531,"Any[8, 13, 19, 25, 30, 37, 45]",8,45
1303,2026-01-31T13:20:00.0,2026-01-26T18:57:45.531,"Any[56, 45, 37, 30, 25, 19, 11, 6]",56,6
1306,2026-01-31T13:20:00.0,2026-01-19T18:57:45.531,"Any[60, 53, 45, 37, 30, 25, 19, 17, 19, 11, 6]",60,6
1313,2026-01-31T13:20:00.0,2026-01-26T18:57:45.531,"Any[56, 45, 37, 30, 25]",56,25
1314,2026-01-31T13:20:00.0,2026-01-12T18:57:45.531,"Any[53, 45, 37, 30, 25, 19, 10]",53,10
1318,2026-01-31T13:20:00.0,2026-01-26T18:57:45.531,"Any[1, 6, 11, 19, 25, 30, 37, 45, 56]",1,56
1319,2026-01-31T13:20:00.0,2026-01-12T18:57:45.531,"Any[56, 45, 37, 30, 25]",56,25
1323,2026-01-31T13:20:00.0,2026-02-02T18:57:45.531,"Any[8, 13, 19, 25, 30, 37, 45, 56]",8,56
1328,2026-01-31T13:20:00.0,2026-02-02T18:57:45.531,"Any[53, 45, 37, 30, 25, 19, 10]",53,10
1330,2026-01-31T13:20:00.0,2026-02-02T18:57:45.531,"Any[53, 45, 37, 30, 25, 19, 13, 8]",53,8
1333,2026-01-31T13:20:00.0,2026-02-02T18:57:45.531,"Any[6, 11, 19, 25, 30, 37, 45]",6,45
1335,2026-01-31T13:20:00.0,2026-02-02T18:57:45.531,"Any[3, 10, 19, 25, 30, 37, 45, 53]",3,53
1338,2026-01-31T13:20:00.0,2026-01-26T18:57:45.531,"Any[56, 45, 37, 30, 25, 19, 11, 6]",56,6
1339,2026-01-31T13:20:00.0,2026-01-26T18:57:45.531,"Any[60, 56, 45, 37, 30, 25, 19]",60,19
1343,2026-01-31T13:20:00.0,2026-01-19T18:57:45.531,"Any[53, 45, 37, 30, 25, 19, 13, 8]",53,8
1350,2026-01-31T13:20:00.0,2026-02-02T18:57:45.531,"Any[64, 60, 53, 45, 37, 30, 25, 19, 13, 8]",64,8
1354,2026-01-31T13:20:00.0,2026-01-12T18:57:45.531,"Any[53, 45, 37, 30, 25, 19, 10]",53,10
1363,2026-01-31T13:20:00.0,2026-01-12T18:57:45.531,"Any[1, 6, 11, 19, 23, 36, 44, 54, 60]",1,60
1365,2026-01-31T13:20:00.0,2026-02-02T18:57:45.531,"Any[53, 45, 37, 30, 25, 19, 10]",53,10
1368,2026-01-31T13:20:00.0,2026-01-12T18:57:45.531,"Any[1, 6, 11, 19, 25, 30, 37, 45, 56, 60]",1,60
1376,2026-01-31T13:20:00.0,2026-02-02T18:57:45.531,"Any[60, 53, 45, 37, 30, 25]",60,25
1384,2026-01-31T13:20:00.0,2026-01-19T18:57:45.531,"Any[3, 10, 19, 25, 30, 37, 45, 53, 60]",3,60
1393,2026-01-31T13:20:00.0,2026-02-02T18:57:45.531,"Any[7, 8, 13, 19, 25, 30, 37, 45, 53]",7,53
1396,2026-01-31T13:20:00.0,2026-01-19T18:57:45.531,"Any[16, 25, 30, 37, 45, 53]",16,53
1401,2026-01-31T13:20:00.0,2026-02-02T18:57:45.531,"Any[64, 53, 45, 37, 30, 25, 19, 13, 8]",64,8
1402,2026-01-31T13:20:00.0,2026-01-19T18:57:45.531,"Any[10, 19, 25, 30, 37, 45, 53]",10,53
1403,2026-01-31T13:20:00.0,2026-01-12T18:57:45.531,"Any[7, 8, 13, 19, 25, 30, 37, 45, 53]",7,53
1406,2026-01-31T13:20:00.0,2026-01-26T18:57:45.531,"Any[53, 45, 37, 30, 25, 19, 13, 8]",53,8
1408,2026-01-31T13:20:00.0,2026-01-19T18:57:45.531,"Any[60, 53, 45, 37, 30, 25]",60,25
1409,2026-01-31T13:20:00.0,2026-02-02T18:57:45.531,"Any[56, 45, 37, 30, 25, 19, 20]",56,20
1417,2026-01-31T13:20:00.0,2026-02-02T18:57:45.531,"Any[60, 56, 45, 37, 30, 25, 19, 11, 6]",60,6
1434,2026-01-31T13:20:00.0,2026-02-02T18:57:45.531,"Any[53, 45, 37, 30, 25, 19, 11, 6, 1]",53,1
1436,2026-01-31T13:20:00.0,2026-01-26T18:57:45.531,"Any[10, 19, 25, 30, 37, 45, 53, 60]",10,60
1444,2026-01-31T13:20:00.0,2026-01-12T18:57:45.531,"Any[8, 13, 19, 25, 30, 37, 45, 56, 60]",8,60
1446,2026-01-31T13:20:00.0,2026-02-02T18:57:45.531,"Any[53, 45, 37, 30, 25, 19, 13, 8]",53,8
1453,2026-01-31T13:20:00.0,2026-01-19T18:57:45.531,"Any[53, 45, 37, 30, 25, 19, 13, 8]",53,8
1456,2026-01-31T13:20:00.0,2026-02-02T18:57:45.531,"Any[1, 6, 11, 19, 23, 36, 44, 54, 60]",1,60
1467,2026-01-31T13:20:00.0,2026-01-12T18:57:45.531,"Any[56, 45, 37, 45, 50, 45, 37, 30, 25]",56,25
1468,2026-01-31T13:20:00.0,2026-01-26T18:57:45.531,"Any[64, 60, 56, 45, 37, 30, 25, 19, 11, 6, 1]",64,1
1469,2026-01-31T13:20:00.0,2026-01-26T18:57:45.531,"Any[10, 19, 25, 30, 37, 45, 53, 60]",10,60
1475,2026-01-31T13:20:00.0,2026-02-02T18:57:45.531,"Any[53, 45, 37, 30, 25, 19, 11, 6, 1]",53,1
1480,2026-01-31T13:20:00.0,2026-01-12T18:57:45.531,"Any[10, 19, 25, 30, 37, 45, 56, 60]",10,60
1487,2026-01-31T13:20:00.0,2026-01-19T18:57:45.531,"Any[6, 11, 19, 25, 30, 37, 45]",6,45
1490,2026-01-31T13:20:00.0,2026-02-02T18:57:45.531,"Any[53, 45, 37, 30, 25, 19, 10]",53,10
1492,2026-01-31T13:20:00.0,2026-01-19T18:57:45.531,"Any[45, 37, 30, 25]",45,25
1493,2026-01-31T13:20:00.0,2026-02-02T18:57:45.531,"Any[53, 45, 37, 30, 25, 19, 10]",53,10
1496,2026-01-31T13:20:00.0,2026-01-26T18:57:45.531,"Any[60, 56, 45, 37, 30, 25, 19, 11, 6]",60,6
1500,2026-01-31T13:20:00.0,2026-01-12T18:57:45.531,"Any[1, 6, 11, 19, 25, 30, 37, 45, 56]",1,56
1501,2026-01-31T13:20:00.0,2026-01-19T18:57:45.531,"Any[13, 19, 25, 30, 37, 45, 53]",13,53
1507,2026-01-31T13:20:00.0,2026-01-26T18:57:45.531,"Any[3, 10, 19, 25, 30, 37, 45, 53, 60]",3,60
1519,2026-01-31T13:20:00.0,2026-01-12T18:57:45.531,"Any[64, 60, 53, 45, 37, 30, 25, 19, 13, 8]",64,8
1527,2026-01-31T13:20:00.0,2026-01-26T18:57:45.531,"Any[64, 60, 53, 45, 37, 30, 25, 19, 13, 8]",64,8
1534,2026-01-31T13:20:00.0,2026-01-19T18:57:45.531,"Any[7, 8, 13, 19, 25, 30, 37, 45, 53]",7,53
1536,2026-01-31T13:20:00.0,2026-01-19T18:57:45.531,"Any[53, 45, 37, 30, 25, 19, 13, 8]",53,8
1543,2026-01-31T13:20:00.0,2026-01-12T18:57:45.531,"Any[7, 8, 13, 19, 25, 30, 37, 45, 53]",7,53
1546,2026-01-31T13:20:00.0,2026-02-02T18:57:45.531,"Any[64, 60, 56, 45, 37, 30, 25, 19, 13, 8]",64,8
1549,2026-01-31T13:20:00.0,2026-01-26T18:57:45.531,"Any[56, 45, 37, 30, 25, 19, 11, 6]",56,6
1550,2026-01-31T13:20:00.0,2026-02-02T18:57:45.531,"Any[3, 10, 19, 25, 30, 37, 45, 53]",3,53
1553,2026-01-31T13:20:00.0,2026-02-02T18:57:45.531,"Any[53, 45, 37, 30, 25, 19, 13, 8]",53,8
1561,2026-01-31T13:20:00.0,2026-01-19T18:57:45.531,"Any[7, 8, 13, 19, 25, 30, 37, 45, 53, 60]",7,60
1563,2026-01-31T13:20:00.0,2026-01-26T18:57:45.531,"Any[53, 45, 37, 30, 25, 19, 11, 6, 1]",53,1
1564,2026-01-31T13:20:00.0,2026-01-19T18:57:45.531,"Any[10, 19, 25, 30, 37, 45, 53, 60]",10,60
1588,2026-01-31T13:20:00.0,2026-01-12T18:57:45.531,"Any[10, 19, 25, 30, 37, 45, 53, 60]",10,60
1594,2026-01-31T13:20:00.0,2026-02-02T18:57:45.531,"Any[19, 25, 30, 37, 45, 53]",19,53
1595,2026-01-31T13:20:00.0,2026-02-02T18:57:45.531,"Any[6, 11, 19, 25, 30, 37, 45, 56]",6,56
1596,2026-01-31T13:20:00.0,2026-01-12T18:57:45.531,"Any[10, 19, 25, 30, 37, 45, 53, 60]",10,60
1599,2026-01-31T13:20:00.0,2026-01-26T18:57:45.531,"Any[56, 45, 37, 30, 25, 19, 11, 6, 6]",56,6
1600,2026-01-31T13:20:00.0,2026-02-02T18:57:45.531,"Any[53, 45, 37, 30, 25, 19, 11, 6, 1]",53,1
1601,2026-01-31T13:20:00.0,2026-01-19T18:57:45.531,"Any[19, 25, 30, 37, 45, 56]",19,56
1605,2026-01-31T13:20:00.0,2026-02-02T18:57:45.531,"Any[19, 25, 30, 37, 45, 56]",19,56
1606,2026-01-31T13:20:00.0,2026-01-12T18:57:45.531,"Any[1, 6, 11, 19, 25, 30, 37, 45, 53]",1,53
1620,2026-01-31T13:20:00.0,2026-01-19T18:57:45.531,"Any[53, 45, 37, 30, 25, 19, 10]",53,10
1622,2026-01-31T13:20:00.0,2026-01-19T18:57:45.531,"Any[53, 45, 37, 30, 25, 19, 13, 8]",53,8
1631,2026-01-31T13:20:00.0,2026-02-02T18:57:45.531,"Any[6, 11, 19, 25, 30, 37, 45, 53]",6,53
1669,2026-01-31T13:20:00.0,2026-01-19T18:57:45.531,"Any[60, 53, 45, 37, 30, 25, 19, 13, 8]",60,8
1671,2026-01-31T13:20:00.0,2026-01-26T18:57:45.531,"Any[56, 45, 37, 30, 25, 19]",56,19
1674,2026-01-31T13:20:00.0,2026-01-19T18:57:45.531,"Any[60, 53, 45, 37, 30, 25]",60,25
1683,2026-01-31T13:20:00.0,2026-01-12T18:57:45.531,"Any[53, 45, 37, 30, 25, 19, 13, 8]",53,8
1686,2026-01-31T13:20:00.0,2026-02-02T18:57:45.531,"Any[56, 45, 37, 30, 25, 19, 11, 6]",56,6
1687,2026-01-31T13:20:00.0,2026-02-02T18:57:45.531,"Any[53, 45, 37, 30, 25, 19, 10]",53,10
1688,2026-01-31T13:20:00.0,2026-01-12T18:57:45.531,"Any[53, 45, 37, 30, 25, 19, 10]",53,10
1694,2026-01-31T13:20:00.0,2026-01-26T18:57:45.531,"Any[56, 45, 37, 30, 25, 19, 11, 6]",56,6
1703,2026-01-31T13:20:00.0,2026-01-12T18:57:45.531,"Any[53, 45, 37, 30, 25, 19, 11, 6, 1]",53,1
1710,2026-01-31T13:20:00.0,2026-02-02T18:57:45.531,"Any[64, 60, 53, 45, 37, 30, 25, 19, 13, 8]",64,8
1718,2026-01-31T13:20:00.0,2026-02-02T18:57:45.531,"Any[6, 11, 19, 25, 30, 37, 45]",6,45
1719,2026-01-31T13:20:00.0,2026-02-02T18:57:45.531,"Any[53, 45, 37, 30, 25, 19, 11, 6, 1]",53,1
1722,2026-01-31T13:20:00.0,2026-02-02T18:57:45.531,"Any[60, 56, 45, 37, 30, 25, 19]",60,19
1727,2026-01-31T13:20:00.0,2026-01-26T18:57:45.531,"Any[53, 45, 37, 30, 25, 19, 11, 6, 1]",53,1
1730,2026-01-31T13:20:00.0,2026-01-12T18:57:45.531,"Any[7, 8, 13, 19, 25, 30, 37, 45, 53, 60]",7,60
1731,2026-01-31T13:20:00.0,2026-01-19T18:57:45.531,"Any[19, 25, 30, 37, 45, 53]",19,53
1737,2026-01-31T13:20:00.0,2026-01-26T18:57:45.531,"Any[3, 10, 19, 25, 30, 37, 45, 53]",3,53
1744,2026-01-31T13:20:00.0,2026-01-19T18:57:45.531,"Any[19, 25, 30, 37, 45, 53]",19,53
1746,2026-01-31T13:20:00.0,2026-02-02T18:57:45.531,"Any[56, 45, 37, 30, 25]",56,25
1751,2026-01-31T13:20:00.0,2026-01-26T18:57:45.531,"Any[8, 13, 19, 25, 30, 37, 45, 56]",8,56
1753,2026-01-31T13:20:00.0,2026-01-19T18:57:45.531,"Any[53, 45, 37, 30, 25, 19, 11, 6, 1]",53,1
1755,2026-01-31T13:20:00.0,2026-01-19T18:57:45.531,"Any[19, 25, 30, 37, 45, 53]",19,53
1769,2026-01-31T13:20:00.0,2026-01-12T18:57:45.531,"Any[13, 19, 25, 30, 37, 45, 53]",13,53
1777,2026-01-31T13:20:00.0,2026-01-19T18:57:45.531,"Any[60, 53, 45, 37, 30, 25, 19, 13, 8]",60,8
1779,2026-01-31T13:20:00.0,2026-01-19T18:57:45.531,"Any[10, 19, 25, 30, 37, 45, 53]",10,53
1782,2026-01-31T13:20:00.0,2026-02-02T18:57:45.531,"Any[62, 56, 45, 37, 30, 25, 19]",62,19
1783,2026-01-31T13:20:00.0,2026-02-02T18:57:45.531,"Any[6, 11, 19, 25, 30, 37, 45, 53]",6,53
1793,2026-01-31T13:20:00.0,2026-02-02T18:57:45.531,"Any[10, 19, 25, 30, 37, 45, 53]",10,53
1794,2026-01-31T13:20:00.0,2026-01-19T18:57:45.531,"Any[6, 11, 19, 25, 30, 37, 45, 56, 60]",6,60
1808,2026-01-31T13:20:00.0,2026-01-19T18:57:45.531,"Any[53, 45, 37, 30, 25, 19, 10]",53,10
1809,2026-01-31T13:20:00.0,2026-01-26T18:57:45.531,"Any[8, 13, 19, 25, 30, 37, 45]",8,45
1821,2026-01-31T13:20:00.0,2026-01-19T18:57:45.531,"Any[19, 25, 30, 37, 45, 56]",19,56
1825,2026-01-31T13:20:00.0,2026-02-02T18:57:45.531,"Any[53, 45, 37, 30, 25, 19, 13, 8]",53,8
1830,2026-01-31T13:20:00.0,2026-01-12T18:57:45.531,"Any[53, 45, 37, 30, 25, 19, 10]",53,10
1832,2026-01-31T13:20:00.0,2026-02-02T18:57:45.531,"Any[19, 25, 30, 37, 45, 53]",19,53
1837,2026-01-31T13:20:00.0,2026-02-02T18:57:45.531,"Any[8, 13, 19, 25, 30, 37, 45, 56]",8,56
1841,2026-01-31T13:20:00.0,2026-01-26T18:57:45.531,"Any[6, 11, 19, 25, 30, 37, 45]",6,45
1847,2026-01-31T13:20:00.0,2026-01-19T18:57:45.531,"Any[6, 11, 19, 25, 30, 37, 45, 56]",6,56
1848,2026-01-31T13:20:00.0,2026-02-02T18:57:45.531,"Any[8, 13, 25, 30, 37, 45]",8,45
1850,2026-01-31T13:20:00.0,2026-02-02T18:57:45.531,"Any[53, 45, 37, 30, 25, 19, 11, 6, 1]",53,1
1851,2026-01-31T13:20:00.0,2026-01-12T18:57:45.531,"Any[6, 11, 19, 25, 30, 37, 45]",6,45
1854,2026-01-31T13:20:00.0,2026-01-19T18:57:45.531,"Any[6, 11, 19, 25, 30, 37, 45]",6,45
1861,2026-01-31T13:20:00.0,2026-02-02T18:57:45.531,"Any[60, 53, 45, 37, 30, 25, 19, 13, 8]",60,8
1870,2026-01-31T13:20:00.0,2026-01-12T18:57:45.531,"Any[19, 25, 30, 37, 45, 56]",19,56
1875,2026-01-31T13:20:00.0,2026-01-19T18:57:45.531,"Any[8, 13, 19, 25, 30, 37, 45, 56]",8,56
1876,2026-01-31T13:20:00.0,2026-01-26T18:57:45.531,"Any[56, 45, 37, 30, 25, 19, 11, 6]",56,6
1884,2026-01-31T13:20:00.0,2026-02-02T18:57:45.531,"Any[7, 8, 13, 19, 25, 30, 37, 45, 53, 60]",7,60
1887,2026-01-31T13:20:00.0,2026-02-02T18:57:45.531,"Any[1, 6, 11, 19, 30, 37, 45, 56]",1,56
1890,2026-01-31T13:20:00.0,2026-01-26T18:57:45.531,"Any[53, 45, 37, 30, 25, 19, 13, 8]",53,8
1894,2026-01-31T13:20:00.0,2026-01-12T18:57:45.531,"Any[53, 45, 37, 30, 25, 19, 13, 8]",53,8
1900,2026-01-31T13:20:00.0,2026-02-02T18:57:45.531,"Any[53, 45, 37, 30, 25, 19, 10]",53,10
1901,2026-01-31T13:20:00.0,2026-02-02T18:57:45.531,"Any[19, 25, 30, 37, 45, 53]",19,53
1905,2026-01-31T13:20:00.0,2026-02-02T18:57:45.531,"Any[53, 45, 37, 30, 25, 19, 11, 6, 1]",53,1
1906,2026-01-31T13:20:00.0,2026-02-02T18:57:45.531,"Any[10, 19, 25, 30, 37, 45, 53]",10,53
1913,2026-01-31T13:20:00.0,2026-02-02T18:57:45.531,"Any[7, 8, 13, 19, 25, 30, 37, 45, 53]",7,53
1925,2026-01-31T13:20:00.0,2026-01-12T18:57:45.531,"Any[53, 45, 37, 30, 25, 19, 13, 8]",53,8
1927,2026-01-31T13:20:00.0,2026-01-12T18:57:45.531,"Any[10, 19, 25, 30, 37, 45, 53]",10,53
1931,2026-01-31T13:20:00.0,2026-02-02T18:57:45.531,"Any[16, 17, 25, 30, 37, 45, 53]",16,53
1935,2026-01-31T13:20:00.0,2026-01-12T18:57:45.531,"Any[19, 25, 30, 37, 45, 56]",19,56
1940,2026-01-31T13:20:00.0,2026-02-02T18:57:45.531,"Any[60, 56, 45, 37, 30, 25]",60,25
1946,2026-01-31T13:20:00.0,2026-02-02T18:57:45.531,"Any[60, 56, 45, 37, 30, 25, 19, 13, 8]",60,8
1952,2026-01-31T13:20:00.0,2026-01-19T18:57:45.531,"Any[60, 56, 45, 37, 30, 25]",60,25
1953,2026-01-31T13:20:00.0,2026-01-26T18:57:45.531,"Any[53, 45, 37, 30, 25, 19, 11, 6, 1]",53,1
1955,2026-01-31T13:20:00.0,2026-01-26T18:57:45.531,"Any[64, 60, 56, 45, 37, 30, 25, 19]",64,19
1956,2026-01-31T13:20:00.0,2026-02-02T18:57:45.531,"Any[6, 11, 19, 25, 30, 37, 45]",6,45
1979,2026-01-31T13:20:00.0,2026-01-26T18:57:45.531,"Any[5, 6, 11, 19, 25, 30, 37, 45]",5,45
1983,2026-01-31T13:20:00.0,2026-01-12T18:57:45.531,"Any[6, 11, 19, 25, 30, 37, 45]",6,45
1985,2026-01-31T13:20:00.0,2026-01-26T18:57:45.531,"Any[19, 25, 30, 37, 45, 56]",19,56
1990,2026-01-31T13:20:00.0,2026-01-12T18:57:45.531,"Any[19, 25, 30, 37, 45, 56]",19,56
1995,2026-01-31T13:20:00.0,2026-01-12T18:57:45.531,"Any[53, 45, 37, 30, 25, 19, 13, 8]",53,8
2007,2026-01-31T13:20:00.0,2026-02-02T18:57:45.531,"Any[60, 56, 45, 37, 30, 25, 19]",60,19
2009,2026-01-31T13:20:00.0,2026-01-19T18:57:45.531,"Any[7, 8, 13, 19, 25, 30, 37, 45, 53, 60]",7,60
2011,2026-01-31T13:20:00.0,2026-01-12T18:57:45.531,"Any[64, 60, 53, 45, 37, 30, 25, 19, 11, 6, 1]",64,1
2013,2026-01-31T13:20:00.0,2026-01-26T18:57:45.531,"Any[60, 53, 45, 37, 30, 25, 19, 13, 8]",60,8
2026,2026-01-31T13:20:00.0,2026-01-12T18:57:45.531,"Any[10, 19, 25, 30, 37, 45, 53, 60]",10,60
2029,2026-01-31T13:20:00.0,2026-02-02T18:57:45.531,"Any[60, 56, 45, 37, 30, 25, 19, 11, 6]",60,6
2032,2026-01-31T13:20:00.0,2026-01-12T18:57:45.531,"Any[10, 19, 25, 30, 37, 45, 53]",10,53
2033,2026-01-31T13:20:00.0,2026-01-26T18:57:45.531,"Any[53, 45, 37, 30, 25, 19, 13, 8]",53,8
2039,2026-01-31T13:20:00.0,2026-02-02T18:57:45.531,"Any[8, 13, 19, 25, 30, 37, 45, 56]",8,56
2057,2026-01-31T13:20:00.0,2026-01-12T18:57:45.531,"Any[17, 25, 30, 37, 45, 53]",17,53
2060,2026-01-31T13:20:00.0,2026-01-26T18:57:45.531,"Any[60, 56, 45, 37, 30, 25, 19, 13, 8]",60,8
2065,2026-01-31T13:20:00.0,2026-02-02T18:57:45.531,"Any[3, 10, 19, 25, 30, 37, 45, 53]",3,53
2071,2026-01-31T13:20:00.0,2026-01-12T18:57:45.531,"Any[6, 11, 19, 25, 30, 37, 45]",6,45
2075,2026-01-31T13:20:00.0,2026-01-26T18:57:45.531,"Any[60, 56, 53, 45, 37, 30, 25, 19, 11, 6]",60,6
2076,2026-01-31T13:20:00.0,2026-02-02T18:57:45.531,"Any[53, 45, 37, 30, 25, 19, 11, 6, 5]",53,5
2078,2026-01-31T13:20:00.0,2026-01-19T18:57:45.531,"Any[6, 11, 16, 25, 30, 37, 45]",6,45
2093,2026-01-31T13:20:00.0,2026-02-02T18:57:45.531,"Any[8, 13, 19, 25, 30, 37, 45, 56]",8,56
2098,2026-01-31T13:20:00.0,2026-01-26T18:57:45.531,"Any[10, 19, 25, 30, 37, 45, 53]",10,53
2101,2026-01-31T13:20:00.0,2026-01-26T18:57:45.531,"Any[7, 8, 13, 19, 25, 30, 37, 45, 53, 60]",7,60
2108,2026-01-31T13:20:00.0,2026-01-26T18:57:45.531,"Any[53, 45, 37, 30, 25, 19, 13, 8]",53,8
2109,2026-01-31T13:20:00.0,2026-01-26T18:57:45.531,"Any[8, 13, 19, 25, 30, 37, 45]",8,45
2114,2026-01-31T13:20:00.0,2026-02-02T18:57:45.531,"Any[56, 45, 37, 30, 25, 19, 11, 6]",56,6
2127,2026-01-31T13:20:00.0,2026-02-02T18:57:45.531,"Any[6, 11, 25, 30, 37, 45]",6,45
2129,2026-01-31T13:20:00.0,2026-02-02T18:57:45.531,"Any[53, 45, 37, 30, 25, 19, 10]",53,10
2135,2026-01-31T13:20:00.0,2026-01-26T18:57:45.531,"Any[56, 45, 37, 30, 25, 19, 11, 6]",56,6
2140,2026-01-31T13:20:00.0,2026-01-12T18:57:45.531,"Any[7, 8, 13, 19, 25, 30, 37, 45, 53, 60]",7,60
2158,2026-01-31T13:20:00.0,2026-01-26T18:57:45.531,"Any[53, 45, 37, 30, 25, 19, 13, 8]",53,8
2160,2026-01-31T13:20:00.0,2026-02-02T18:57:45.531,"Any[64, 60, 56, 45, 37, 30, 25, 19]",64,19
2174,2026-01-31T13:20:00.0,2026-02-02T18:57:45.531,"Any[64, 60, 56, 45, 37, 30, 25, 19]",64,19
2176,2026-01-31T13:20:00.0,2026-01-12T18:57:45.531,"Any[64, 60, 56, 45, 37, 30, 25, 19]",64,19
2182,2026-01-31T13:20:00.0,2026-02-02T18:57:45.531,"Any[64, 60, 56, 45, 37, 30, 25, 19]",64,19
2198,2026-01-31T13:20:00.0,2026-01-19T18:57:45.531,"Any[64, 60, 53, 45, 37, 30, 25, 19, 11, 6, 1]",64,1
2202,2026-01-31T13:20:00.0,2026-01-12T18:57:45.531,"Any[60, 56, 45, 37, 30, 25, 19]",60,19
2205,2026-01-31T13:20:00.0,2026-01-26T18:57:45.531,"Any[60, 56, 45, 37, 30, 25, 19]",60,19
2209,2026-01-31T13:20:00.0,2026-02-02T18:57:45.531,"Any[60, 56, 45, 37, 30, 25, 19]",60,19
2210,2026-01-31T13:20:00.0,2026-01-19T18:57:45.531,"Any[60, 53, 45, 37, 30, 25, 19]",60,19
2297,2026-01-31T13:20:00.0,2026-01-19T18:57:45.531,"Any[56, 45, 37, 30, 25, 19, 13, 8, 7]",56,7
2303,2026-01-31T13:20:00.0,2026-01-26T18:57:45.531,"Any[56, 45, 37, 30, 25, 19, 13, 8, 7]",56,7
2304,2026-01-31T13:20:00.0,2026-01-19T18:57:45.531,"Any[56, 45, 37, 30, 25, 19, 13, 8, 7]",56,7
2306,2026-01-31T13:20:00.0,2026-01-12T18:57:45.531,"Any[56, 45, 37, 30, 25, 19, 13, 8, 7]",56,7
2308,2026-01-31T13:20:00.0,2026-01-19T18:57:45.531,"Any[56, 45, 37, 30, 25, 19, 13, 8, 7]",56,7
2318,2026-01-31T13:20:00.0,2026-01-26T18:57:45.531,"Any[56, 45, 37, 30, 25, 19, 13, 8, 7]",56,7
2323,2026-01-31T13:20:00.0,2026-01-26T18:57:45.531,"Any[56, 45, 37, 30, 25, 19, 13, 8, 7]",56,7
2324,2026-01-31T13:20:00.0,2026-01-12T18:57:45.531,"Any[56, 45, 37, 30, 25, 19, 13, 8, 7]",56,7
2330,2026-01-31T13:20:00.0,2026-01-19T18:57:45.531,"Any[56, 45, 37, 30, 25, 19, 13, 8, 7]",56,7
2332,2026-01-31T13:20:00.0,2026-01-12T18:57:45.531,"Any[56, 45, 37, 30, 25, 19, 13, 8, 7]",56,7
2334,2026-01-31T13:20:00.0,2026-01-12T18:57:45.531,"Any[56, 45, 37, 30, 25, 19, 13, 8, 7]",56,7
2336,2026-01-31T13:20:00.0,2026-01-26T18:57:45.531,"Any[56, 45, 37, 30, 25, 19, 13, 8, 7]",56,7
2338,2026-01-31T13:20:00.0,2026-01-26T18:57:45.531,"Any[56, 45, 37, 30, 25, 19, 13, 8, 7]",56,7
2344,2026-01-31T13:20:00.0,2026-01-19T18:57:45.531,"Any[56, 45, 37, 30, 25, 19, 13, 8, 7]",56,7
2345,2026-01-31T13:20:00.0,2026-01-19T18:57:45.531,"Any[56, 45, 37, 30, 25, 19, 13, 8, 7]",56,7
2347,2026-01-31T13:20:00.0,2026-01-26T18:57:45.531,"Any[56, 45, 37, 30, 25, 19, 13, 8, 7]",56,7
2349,2026-01-31T13:20:00.0,2026-01-12T18:57:45.531,"Any[56, 45, 37, 30, 25, 19, 13, 8, 7]",56,7
2353,2026-01-31T13:20:00.0,2026-01-26T18:57:45.531,"Any[56, 45, 37, 30, 25, 19, 13, 8, 7]",56,7
2363,2026-01-31T13:20:00.0,2026-01-19T18:57:45.531,"Any[56, 45, 37, 30, 25, 19, 13, 8, 7]",56,7
2367,2026-01-31T13:20:00.0,2026-01-12T18:57:45.531,"Any[56, 45, 37, 30, 25, 19, 13, 8, 7]",56,7
2370,2026-01-31T13:20:00.0,2026-01-12T18:57:45.531,"Any[56, 45, 37, 30, 25, 19, 13, 8, 7]",56,7
2396,2026-01-31T13:20:00.0,2026-01-19T18:57:45.531,"Any[56, 45, 37, 30, 25, 19, 11, 6]",56,6
2408,2026-01-31T13:20:00.0,2026-01-19T18:57:45.531,"Any[56, 45, 37, 30, 25, 19, 11, 6]",56,6
2411,2026-01-31T13:20:00.0,2026-01-12T18:57:45.531,"Any[56, 45, 37, 30, 25, 19, 11, 6]",56,6
2413,2026-01-31T13:20:00.0,2026-02-02T18:57:45.531,"Any[56, 45, 37, 30, 25, 19, 11, 6, 6, 1]",56,6
2415,2026-01-31T13:20:00.0,2026-01-26T18:57:45.531,"Any[56, 45, 37, 30, 25, 19, 11, 6]",56,6
2417,2026-01-31T13:20:00.0,2026-01-19T18:57:45.531,"Any[56, 45, 37, 30, 25, 19, 11, 6]",56,6
2421,2026-01-31T13:20:00.0,2026-02-02T18:57:45.531,"Any[56, 45, 37, 30, 25, 19, 11, 6]",56,6
2422,2026-01-31T13:20:00.0,2026-01-12T18:57:45.531,"Any[56, 45, 37, 30, 25, 19, 11, 6]",56,6
2434,2026-01-31T13:20:00.0,2026-01-26T18:57:45.531,"Any[56, 45, 37, 30, 25, 19, 11, 6, 6, 5, 1, 1]",56,6
2435,2026-01-31T13:20:00.0,2026-01-26T18:57:45.531,"Any[56, 45, 37, 30, 25, 19, 11, 6]",56,6
2446,2026-01-31T13:20:00.0,2026-01-26T18:57:45.531,"Any[56, 45, 37, 30, 25, 19, 11, 6, 6, 1]",56,6
2447,2026-01-31T13:20:00.0,2026-02-02T18:57:45.531,"Any[56, 45, 37, 30, 25, 19, 11, 6]",56,6
2450,2026-01-31T13:20:00.0,2026-01-19T18:57:45.531,"Any[56, 45, 37, 30, 25, 19, 11, 6, 6, 1]",56,6
2454,2026-01-31T13:20:00.0,2026-01-12T18:57:45.531,"Any[56, 45, 37, 30, 25, 19, 10]",56,10
2473,2026-01-31T13:20:00.0,2026-01-19T18:57:45.531,"Any[53, 45, 37, 30, 25, 19, 13, 8]",53,8
2476,2026-01-31T13:20:00.0,2026-01-19T18:57:45.531,"Any[53, 45, 37, 30, 25, 19, 13, 8]",53,8
2489,2026-01-31T13:20:00.0,2026-01-26T18:57:45.531,"Any[53, 45, 37, 30, 25, 19, 13, 8]",53,8
2496,2026-01-31T13:20:00.0,2026-01-26T18:57:45.531,"Any[53, 45, 37, 30, 25, 19, 13, 8]",53,8
2502,2026-01-31T13:20:00.0,2026-01-26T18:57:45.531,"Any[53, 45, 37, 30, 25, 19, 13, 8]",53,8
2503,2026-01-31T13:20:00.0,2026-02-02T18:57:45.531,"Any[53, 45, 37, 30, 25, 19, 13, 8]",53,8
2506,2026-01-31T13:20:00.0,2026-02-02T18:57:45.531,"Any[53, 45, 37, 30, 25, 19, 13, 8]",53,8
2508,2026-01-31T13:20:00.0,2026-01-19T18:57:45.531,"Any[53, 45, 37, 30, 25, 19, 13, 8]",53,8
2512,2026-01-31T13:20:00.0,2026-01-12T18:57:45.531,"Any[53, 45, 37, 30, 25, 19, 13, 8]",53,8
2513,2026-01-31T13:20:00.0,2026-01-19T18:57:45.531,"Any[53, 45, 37, 30, 25, 19, 13, 8]",53,8
2517,2026-01-31T13:20:00.0,2026-01-12T18:57:45.531,"Any[53, 45, 37, 30, 25, 19, 13, 8]",53,8
2522,2026-01-31T13:20:00.0,2026-01-12T18:57:45.531,"Any[53, 45, 37, 30, 25, 19, 13, 8]",53,8
2526,2026-01-31T13:20:00.0,2026-01-26T18:57:45.531,"Any[53, 45, 37, 30, 25, 19, 13, 8]",53,8
2527,2026-01-31T13:20:00.0,2026-02-02T18:57:45.531,"Any[53, 45, 37, 30, 25, 19, 13, 8]",53,8
2528,2026-01-31T13:20:00.0,2026-01-19T18:57:45.531,"Any[53, 45, 37, 30, 25, 19, 13, 8]",53,8
2532,2026-01-31T13:20:00.0,2026-01-26T18:57:45.531,"Any[53, 45, 37, 30, 25, 19, 13, 8]",53,8
2533,2026-01-31T13:20:00.0,2026-01-12T18:57:45.531,"Any[53, 45, 37, 25, 19, 13, 8]",53,8
2538,2026-01-31T13:20:00.0,2026-01-12T18:57:45.531,"Any[53, 45, 37, 30, 25, 19, 13, 8]",53,8
2541,2026-01-31T13:20:00.0,2026-01-12T18:57:45.531,"Any[53, 45, 37, 30, 25, 19, 13, 8]",53,8
2543,2026-01-31T13:20:00.0,2026-01-19T18:57:45.531,"Any[53, 45, 37, 30, 25, 19, 13, 8]",53,8
2552,2026-01-31T13:20:00.0,2026-01-19T18:57:45.531,"Any[53, 45, 37, 30, 25, 19, 11, 6, 1]",53,1
2553,2026-01-31T13:20:00.0,2026-01-19T18:57:45.531,"Any[53, 45, 37, 30, 25, 19, 11, 6, 1]",53,1
2557,2026-01-31T13:20:00.0,2026-02-02T18:57:45.531,"Any[53, 45, 37, 30, 25, 19, 11, 6, 1]",53,1
2563,2026-01-31T13:20:00.0,2026-01-19T18:57:45.531,"Any[53, 45, 37, 30, 25, 19, 11, 6, 1]",53,1
2564,2026-01-31T13:20:00.0,2026-02-02T18:57:45.531,"Any[53, 45, 37, 30, 25, 19, 11, 6, 1]",53,1
2569,2026-01-31T13:20:00.0,2026-01-26T18:57:45.531,"Any[53, 45, 37, 30, 25, 19, 11, 6, 1]",53,1
2570,2026-01-31T13:20:00.0,2026-02-02T18:57:45.531,"Any[53, 45, 37, 30, 25, 19, 11, 6, 1]",53,1
2572,2026-01-31T13:20:00.0,2026-02-02T18:57:45.531,"Any[53, 45, 37, 30, 25, 19, 11, 6, 1]",53,1
2573,2026-01-31T13:20:00.0,2026-01-26T18:57:45.531,"Any[53, 45, 37, 30, 25, 19, 11, 6, 1]",53,1
2577,2026-01-31T13:20:00.0,2026-01-26T18:57:45.531,"Any[53, 45, 37, 30, 25, 19, 11, 6, 5]",53,5
2579,2026-01-31T13:20:00.0,2026-02-02T18:57:45.531,"Any[45, 37, 30, 25, 19]",45,19
2581,2026-01-31T13:20:00.0,2026-01-19T18:57:45.531,"Any[45, 37, 30, 25, 19]",45,19
2583,2026-01-31T13:20:00.0,2026-01-26T18:57:45.531,"Any[45, 37, 30, 25, 19]",45,19
2591,2026-01-31T13:20:00.0,2026-01-26T18:57:45.531,"Any[45, 37, 30, 25, 19]",45,19
2596,2026-01-31T13:20:00.0,2026-01-19T18:57:45.531,"Any[45, 37, 30, 25, 19]",45,19
2599,2026-01-31T13:20:00.0,2026-01-19T18:57:45.531,"Any[45, 37, 30, 25, 19]",45,19
2604,2026-01-31T13:20:00.0,2026-01-19T18:57:45.531,"Any[45, 37, 30, 25, 19]",45,19
2606,2026-01-31T13:20:00.0,2026-01-12T18:57:45.531,"Any[45, 37, 30, 25, 19]",45,19
2609,2026-01-31T13:20:00.0,2026-01-26T18:57:45.531,"Any[45, 37, 30, 25, 19]",45,19
2611,2026-01-31T13:20:00.0,2026-01-19T18:57:45.531,"Any[45, 37, 30, 25, 19]",45,19
2615,2026-01-31T13:20:00.0,2026-01-26T18:57:45.531,"Any[45, 37, 30, 25, 19]",45,19
2616,2026-01-31T13:20:00.0,2026-01-26T18:57:45.531,"Any[45, 37, 30, 25, 19]",45,19
2617,2026-01-31T13:20:00.0,2026-01-12T18:57:45.531,"Any[45, 37, 30, 25, 19]",45,19
2619,2026-01-31T13:20:00.0,2026-01-19T18:57:45.531,"Any[45, 37, 30, 25, 19]",45,19
2621,2026-01-31T13:20:00.0,2026-02-02T18:57:45.531,"Any[45, 37, 30, 25, 19]",45,19
2623,2026-01-31T13:20:00.0,2026-01-26T18:57:45.531,"Any[45, 37, 30, 25, 19]",45,19
2626,2026-01-31T13:20:00.0,2026-01-19T18:57:45.531,"Any[45, 37, 30, 25, 19]",45,19
2627,2026-01-31T13:20:00.0,2026-02-02T18:57:45.531,"Any[45, 37, 30, 25, 19]",45,19
2629,2026-01-31T13:20:00.0,2026-01-26T18:57:45.531,"Any[45, 37, 30, 25, 19]",45,19
2634,2026-01-31T13:20:00.0,2026-01-19T18:57:45.531,"Any[45, 37, 30, 25, 19]",45,19
2702,2026-01-31T13:20:00.0,2026-01-26T18:57:45.531,"Any[45, 37, 30, 25, 19, 10]",45,10
2703,2026-01-31T13:20:00.0,2026-02-02T18:57:45.531,"Any[45, 37, 30, 25, 19, 10]",45,10
2706,2026-01-31T13:20:00.0,2026-01-12T18:57:45.531,"Any[45, 37, 30, 25, 19, 10]",45,10
2713,2026-01-31T13:20:00.0,2026-01-26T18:57:45.531,"Any[45, 37, 30, 25, 19, 10]",45,10
2728,2026-01-31T13:20:00.0,2026-01-19T18:57:45.531,"Any[25, 30, 37, 45, 53, 60, 64]",25,64
2729,2026-01-31T13:20:00.0,2026-02-02T18:57:45.531,"Any[25, 30, 37, 45, 56, 60, 64]",25,64
2733,2026-01-31T13:20:00.0,2026-02-02T18:57:45.531,"Any[25, 30, 37, 45, 56, 60, 64]",25,64
2735,2026-01-31T13:20:00.0,2026-01-26T18:57:45.531,"Any[25, 30, 37, 45, 53, 60, 64]",25,64
2737,2026-01-31T13:20:00.0,2026-01-12T18:57:45.531,"Any[25, 30, 37, 45, 53]",25,53
2740,2026-01-31T13:20:00.0,2026-01-12T18:57:45.531,"Any[25, 30, 37, 45, 53]",25,53
2750,2026-01-31T13:20:00.0,2026-01-19T18:57:45.531,"Any[25, 30, 37, 45, 53]",25,53
2754,2026-01-31T13:20:00.0,2026-01-19T18:57:45.531,"Any[25, 30, 37, 45, 53]",25,53
2759,2026-01-31T13:20:00.0,2026-01-26T18:57:45.531,"Any[25, 30, 37, 45, 53]",25,53
2760,2026-01-31T13:20:00.0,2026-01-26T18:57:45.531,"Any[25, 30, 37, 45, 53]",25,53
2762,2026-01-31T13:20:00.0,2026-01-26T18:57:45.531,"Any[25, 30, 37, 45, 53]",25,53
2763,2026-01-31T13:20:00.0,2026-01-19T18:57:45.531,"Any[25, 30, 37, 45, 53]",25,53
2764,2026-01-31T13:20:00.0,2026-01-19T18:57:45.531,"Any[25, 30, 37, 45, 53]",25,53
2766,2026-01-31T13:20:00.0,2026-01-26T18:57:45.531,"Any[25, 30, 37, 45, 53]",25,53
2768,2026-01-31T13:20:00.0,2026-02-02T18:57:45.531,"Any[25, 30, 37, 45, 53]",25,53
2770,2026-01-31T13:20:00.0,2026-01-19T18:57:45.531,"Any[25, 30, 37, 45, 53]",25,53
2774,2026-01-31T13:20:00.0,2026-01-26T18:57:45.531,"Any[25, 30, 37, 45, 53]",25,53
2777,2026-01-31T13:20:00.0,2026-01-26T18:57:45.531,"Any[25, 30, 37, 45, 53]",25,53
2778,2026-01-31T13:20:00.0,2026-01-26T18:57:45.531,"Any[25, 30, 37, 45, 53]",25,53
2779,2026-01-31T13:20:00.0,2026-01-12T18:57:45.531,"Any[25, 30, 37, 45, 53]",25,53
2781,2026-01-31T13:20:00.0,2026-01-12T18:57:45.531,"Any[25, 30, 37, 45, 53]",25,53
2787,2026-01-31T13:20:00.0,2026-01-26T18:57:45.531,"Any[25, 30, 37, 45, 53]",25,53
2791,2026-01-31T13:20:00.0,2026-02-02T18:57:45.531,"Any[25, 30, 37, 45, 53]",25,53
2794,2026-01-31T13:20:00.0,2026-01-26T18:57:45.531,"Any[25, 30, 37, 45, 53]",25,53
2803,2026-01-31T13:20:00.0,2026-01-26T18:57:45.531,"Any[25, 30, 37, 45, 53]",25,53
2805,2026-01-31T13:20:00.0,2026-02-02T18:57:45.531,"Any[25, 30, 37, 45, 53]",25,53
2815,2026-01-31T13:20:00.0,2026-02-02T18:57:45.531,"Any[25, 30, 37, 45, 53]",25,53
2819,2026-01-31T13:20:00.0,2026-01-19T18:57:45.531,"Any[25, 30, 37, 45, 53]",25,53
2823,2026-01-31T13:20:00.0,2026-01-12T18:57:45.531,"Any[25, 30, 37, 45, 53]",25,53
2830,2026-01-31T13:20:00.0,2026-02-02T18:57:45.531,"Any[25, 30, 37, 45, 53]",25,53
2836,2026-01-31T13:20:00.0,2026-01-19T18:57:45.531,"Any[25, 30, 37, 45, 53]",25,53
2840,2026-01-31T13:20:00.0,2026-01-26T18:57:45.531,"Any[25, 30, 37, 45, 53]",25,53
2842,2026-01-31T13:20:00.0,2026-01-26T18:57:45.531,"Any[25, 30, 37, 45, 53]",25,53
2845,2026-01-31T13:20:00.0,2026-01-19T18:57:45.531,"Any[25, 30, 37, 45, 53]",25,53
2849,2026-01-31T13:20:00.0,2026-01-19T18:57:45.531,"Any[25, 30, 37, 45, 53]",25,53
2853,2026-01-31T13:20:00.0,2026-01-19T18:57:45.531,"Any[25, 30, 37, 45, 53]",25,53
2855,2026-01-31T13:20:00.0,2026-02-02T18:57:45.531,"Any[25, 30, 37, 45, 53]",25,53
2878,2026-01-31T13:20:00.0,2026-02-02T18:57:45.531,"Any[8, 13, 19, 25, 30, 37, 45, 53, 62]",8,62
2883,2026-01-31T13:20:00.0,2026-01-19T18:57:45.531,"Any[8, 13, 19, 25, 30, 37, 45, 53, 62]",8,62
2889,2026-01-31T13:20:00.0,2026-01-26T18:57:45.531,"Any[8, 13, 19, 25, 30, 37, 45, 56]",8,56
2896,2026-01-31T13:20:00.0,2026-01-26T18:57:45.531,"Any[8, 13, 19, 25, 30, 37, 45, 56]",8,56
2899,2026-01-31T13:20:00.0,2026-01-19T18:57:45.531,"Any[8, 13, 19, 25, 30, 37, 45, 56]",8,56
2908,2026-01-31T13:20:00.0,2026-01-26T18:57:45.531,"Any[8, 13, 19, 25, 30, 37, 45, 56]",8,56
2909,2026-01-31T13:20:00.0,2026-01-26T18:57:45.531,"Any[8, 13, 19, 25, 30, 37, 45, 56]",8,56
2914,2026-01-31T13:20:00.0,2026-01-12T18:57:45.531,"Any[8, 13, 19, 25, 30, 37, 45, 56]",8,56
2921,2026-01-31T13:20:00.0,2026-01-12T18:57:45.531,"Any[8, 13, 19, 25, 30, 37, 45, 56]",8,56
2922,2026-01-31T13:20:00.0,2026-01-19T18:57:45.531,"Any[8, 13, 19, 25, 30, 37, 45, 56]",8,56
2929,2026-01-31T13:20:00.0,2026-01-12T18:57:45.531,"Any[8, 13, 19, 25, 30, 37, 45, 56]",8,56
2933,2026-01-31T13:20:00.0,2026-01-19T18:57:45.531,"Any[8, 13, 19, 25, 30, 37, 45, 56]",8,56
2946,2026-01-31T13:20:00.0,2026-01-19T18:57:45.531,"Any[8, 13, 19, 25, 30, 37, 45, 56]",8,56
2951,2026-01-31T13:20:00.0,2026-01-26T18:57:45.531,"Any[1, 6, 11, 19, 25, 30, 37, 45, 56, 60]",1,60
2961,2026-01-31T13:20:00.0,2026-01-12T18:57:45.531,"Any[1, 6, 11, 19, 25, 30, 37, 45, 53, 60]",1,60
2965,2026-01-31T13:20:00.0,2026-01-26T18:57:45.531,"Any[1, 6, 11, 19, 25, 30, 37, 45, 53, 60]",1,60
2973,2026-01-31T13:20:00.0,2026-02-02T18:57:45.531,"Any[1, 6, 11, 19, 23, 36, 44, 54, 60]",1,60
2977,2026-01-31T13:20:00.0,2026-01-12T18:57:45.531,"Any[1, 6, 11, 19, 25, 30, 37, 45, 56, 60]",1,60
2983,2026-01-31T13:20:00.0,2026-02-02T18:57:45.531,"Any[1, 6, 11, 19, 23, 36, 44, 54, 60]",1,60
2986,2026-01-31T13:20:00.0,2026-01-26T18:57:45.531,"Any[1, 6, 11, 19, 23, 16, 23, 36, 44, 60]",1,60
2994,2026-01-31T13:20:00.0,2026-01-12T18:57:45.531,"Any[1, 6, 11, 19, 30, 37, 45, 56]",1,56
3002,2026-01-31T13:20:00.0,2026-01-12T18:57:45.531,"Any[1, 6, 11, 19, 25, 30, 37, 45, 56]",1,56
3005,2026-01-31T13:20:00.0,2026-02-02T18:57:45.531,"Any[1, 6, 11, 19, 25, 30, 37, 45, 56]",1,56
3009,2026-01-31T13:20:00.0,2026-01-19T18:57:45.531,"Any[1, 6, 11, 19, 25, 30, 37, 45, 56]",1,56
3010,2026-01-31T13:20:00.0,2026-02-02T18:57:45.531,"Any[1, 6, 11, 19, 25, 30, 37, 45, 56]",1,56
3057,2026-01-31T13:20:00.0,2026-01-26T18:57:45.531,"Any[6, 11, 19, 25, 30, 37, 45, 53]",6,53
3059,2026-01-31T13:20:00.0,2026-01-12T18:57:45.531,"Any[6, 11, 19, 25, 30, 37, 45, 53]",6,53
3060,2026-01-31T13:20:00.0,2026-01-26T18:57:45.531,"Any[6, 11, 19, 25, 30, 37, 45, 53]",6,53
3063,2026-01-31T13:20:00.0,2026-01-26T18:57:45.531,"Any[6, 11, 19, 25, 30, 37, 45, 53]",6,53
3064,2026-01-31T13:20:00.0,2026-01-12T18:57:45.531,"Any[6, 11, 19, 25, 30, 37, 45, 53]",6,53
3066,2026-01-31T13:20:00.0,2026-02-02T18:57:45.531,"Any[6, 11, 19, 25, 30, 37, 45, 53]",6,53
3080,2026-01-31T13:20:00.0,2026-01-19T18:57:45.531,"Any[6, 11, 19, 25, 30, 37, 45]",6,45
3163,2026-01-31T13:20:00.0,2026-01-19T18:57:45.531,"Any[10, 19, 25, 30, 37, 45, 53, 60]",10,60
3164,2026-01-31T13:20:00.0,2026-01-19T18:57:45.531,"Any[10, 19, 25, 30, 37, 45, 53, 60]",10,60
3169,2026-01-31T13:20:00.0,2026-02-02T18:57:45.531,"Any[10, 19, 25, 30, 37, 45, 53, 60]",10,60
3173,2026-01-31T13:20:00.0,2026-01-12T18:57:45.531,"Any[10, 19, 25, 30, 37, 45, 53, 60]",10,60
3174,2026-01-31T13:20:00.0,2026-01-26T18:57:45.531,"Any[10, 19, 25, 30, 37, 45, 53, 60]",10,60
3175,2026-01-31T13:20:00.0,2026-02-02T18:57:45.531,"Any[10, 19, 25, 30, 37, 45, 53, 60]",10,60
3189,2026-01-31T13:20:00.0,2026-01-19T18:57:45.531,"Any[10, 19, 25, 30, 37, 45, 53, 60]",10,60
3191,2026-01-31T13:20:00.0,2026-01-26T18:57:45.531,"Any[10, 19, 25, 30, 37, 45, 53, 60]",10,60
3192,2026-01-31T13:20:00.0,2026-01-12T18:57:45.531,"Any[10, 19, 25, 30, 37, 45, 53, 60]",10,60
3196,2026-01-31T13:20:00.0,2026-01-12T18:57:45.531,"Any[10, 19, 25, 30, 37, 45, 53, 60]",10,60
2249,2026-01-31T13:22:00.0,2026-02-02T18:59:45.531,Any[],56,17
2661,2026-01-31T13:23:00.0,2026-01-12T19:00:45.531,Any[],45,2
2701,2026-01-31T13:26:00.0,2026-01-26T19:03:45.531,Any[],45,9
2241,2026-01-31T13:27:00.0,2026-01-12T19:04:45.531,Any[],56,17
2294,2026-01-31T13:28:00.0,2026-01-12T19:05:45.531,Any[],56,13
2646,2026-01-31T13:30:00.0,2026-02-02T19:07:45.531,Any[],45,7
2687,2026-01-31T13:30:00.0,2026-01-26T19:07:45.531,Any[],45,3
3111,2026-01-31T13:31:00.0,2026-01-26T19:08:45.531,Any[],10,64
3132,2026-01-31T13:32:00.0,2026-01-12T19:09:45.531,Any[],10,64
3078,2026-01-31T13:36:00.0,2026-02-02T19:13:45.531,Any[],6,54
2664,2026-01-31T13:37:00.0,2026-02-02T19:14:45.531,Any[],45,3
3024,2026-01-31T13:37:00.0,2026-01-26T19:14:45.531,Any[],6,64
3047,2026-01-31T13:37:00.0,2026-01-12T19:14:45.531,Any[],6,64
3016,2026-01-31T13:42:00.0,2026-01-12T19:19:45.531,Any[],6,64
2672,2026-01-31T13:48:00.0,2026-01-19T19:25:45.531,Any[],45,3
2684,2026-01-31T13:49:00.0,2026-01-26T19:26:45.531,Any[],45,3
2686,2026-01-31T13:53:00.0,2026-02-02T19:30:45.531,Any[],45,3
2682,2026-01-31T13:55:00.0,2026-01-26T19:32:45.531,Any[],45,3
3029,2026-01-31T13:55:00.0,2026-01-19T19:32:45.531,Any[],6,64
2663,2026-01-31T13:58:00.0,2026-01-12T19:35:45.531,Any[],45,3
