id,departure_timestamp,arrival_timestamp,ps_seq,Origin_PS,Destination_PS
5,2026-01-07T07:06:40.0,2026-01-30T12:44:25.531,"Any[8, 13, 19, 25, 30, 37, 45, 53]",8,53
31,2026-01-07T07:06:40.0,2026-01-23T12:44:25.531,"Any[10, 19, 25, 30, 37, 45, 53]",10,53
32,2026-01-07T07:06:40.0,2026-01-30T12:44:25.531,"Any[53, 45, 37, 30, 25, 19, 13, 8]",53,8
53,2026-01-07T07:06:40.0,2026-01-09T12:44:25.531,"Any[10, 19, 30, 37, 45, 53]",10,53
63,2026-01-07T07:06:40.0,2026-01-23T12:44:25.531,"Any[7, 8, 13, 19, 25, 30, 37, 45, 53, 60]",7,60
65,2026-01-07T07:06:40.0,2026-01-09T12:44:25.531,"Any[53, 45, 37, 30, 25, 19, 13, 8]",53,8
76,2026-01-07T07:06:40.0,2026-01-16T12:44:25.531,"Any[60, 56, 45, 37, 30, 25, 19, 11, 6]",60,6
90,2026-01-07T07:06:40.0,2026-01-09T12:44:25.531,"Any[56, 45, 37, 30, 25, 19, 13, 8]",56,8
94,2026-01-07T07:06:40.0,2026-01-23T12:44:25.531,"Any[56, 45, 37, 30, 25, 19, 11, 6]",56,6
97,2026-01-07T07:06:40.0,2026-01-16T12:44:25.531,"Any[10, 19, 25, 30, 37, 45, 53, 60]",10,60
146,2026-01-07T07:06:40.0,2026-01-23T12:44:25.531,"Any[6, 11, 19, 25, 30, 37, 45, 56]",6,56
149,2026-01-07T07:06:40.0,2026-01-16T12:44:25.531,"Any[64, 53, 45, 37, 30, 25, 19, 10]",64,10
162,2026-01-07T07:06:40.0,2026-01-30T12:44:25.531,"Any[1, 6, 11, 25, 30, 37, 45, 53]",1,53
174,2026-01-07T07:06:40.0,2026-01-16T12:44:25.531,"Any[8, 13, 19, 25, 37, 45, 56]",8,56
243,2026-01-07T07:06:40.0,2026-01-16T12:44:25.531,"Any[60, 56, 45, 37, 30, 25, 19, 11, 6]",60,6
265,2026-01-07T07:06:40.0,2026-01-16T12:44:25.531,"Any[53, 45, 37, 30, 25, 19, 11, 6, 1]",53,1
291,2026-01-07T07:06:40.0,2026-01-09T12:44:25.531,"Any[10, 11, 19, 25, 30, 37, 45, 53]",10,53
315,2026-01-07T07:06:40.0,2026-01-09T12:44:25.531,"Any[8, 13, 19, 25, 30, 37, 45, 56]",8,56
316,2026-01-07T07:06:40.0,2026-01-16T12:44:25.531,"Any[7, 8, 13, 19, 25, 30, 37, 45, 53, 60]",7,60
317,2026-01-07T07:06:40.0,2026-01-16T12:44:25.531,"Any[56, 45, 37, 30, 25]",56,25
335,2026-01-07T07:06:40.0,2026-01-09T12:44:25.531,"Any[53, 45, 37, 30, 25, 19, 13, 8]",53,8
346,2026-01-07T07:06:40.0,2026-01-09T12:44:25.531,"Any[53, 45, 37, 30, 25, 19, 13, 8]",53,8
354,2026-01-07T07:06:40.0,2026-01-16T12:44:25.531,"Any[56, 45, 37, 30, 25]",56,25
359,2026-01-07T07:06:40.0,2026-01-16T12:44:25.531,"Any[60, 56, 45, 37, 30, 25, 19, 11, 6]",60,6
379,2026-01-07T07:06:40.0,2026-01-16T12:44:25.531,"Any[8, 13, 19, 25, 30, 37, 45, 53]",8,53
411,2026-01-07T07:06:40.0,2026-01-16T12:44:25.531,"Any[8, 13, 19, 25, 30, 37, 45, 53]",8,53
417,2026-01-07T07:06:40.0,2026-01-09T12:44:25.531,"Any[1, 6, 11, 19, 25, 30, 37, 45]",1,45
421,2026-01-07T07:06:40.0,2026-01-23T12:44:25.531,"Any[60, 56, 45, 37, 30, 25, 19, 11, 6]",60,6
427,2026-01-07T07:06:40.0,2026-01-16T12:44:25.531,"Any[53, 45, 37, 30, 25, 19, 11, 6, 3, 1]",53,1
431,2026-01-07T07:06:40.0,2026-01-16T12:44:25.531,"Any[10, 19, 25, 30, 37, 45, 53]",10,53
477,2026-01-07T07:06:40.0,2026-01-30T12:44:25.531,"Any[10, 19, 25, 30, 37, 45, 53]",10,53
489,2026-01-07T07:06:40.0,2026-01-23T12:44:25.531,"Any[56, 45, 37, 30, 25, 19, 10]",56,10
521,2026-01-07T07:06:40.0,2026-01-23T12:44:25.531,"Any[8, 13, 19, 25, 30, 37, 45, 53]",8,53
526,2026-01-07T07:06:40.0,2026-01-23T12:44:25.531,"Any[1, 6, 11, 25, 30, 37, 45, 53]",1,53
532,2026-01-07T07:06:40.0,2026-01-09T12:44:25.531,"Any[3, 10, 19, 25, 30, 37, 45, 53]",3,53
550,2026-01-07T07:06:40.0,2026-01-23T12:44:25.531,"Any[6, 11, 25, 30, 37, 45, 56]",6,56
568,2026-01-07T07:06:40.0,2026-01-16T12:44:25.531,"Any[56, 45, 37, 30, 25]",56,25
641,2026-01-07T07:06:40.0,2026-01-16T12:44:25.531,"Any[53, 45, 37, 30, 25, 19, 13, 8]",53,8
676,2026-01-07T07:06:40.0,2026-01-30T12:44:25.531,"Any[8, 13, 19, 25, 30, 37, 45, 53]",8,53
679,2026-01-07T07:06:40.0,2026-01-16T12:44:25.531,"Any[56, 45, 37, 30, 25, 19, 11, 6, 1]",56,1
681,2026-01-07T07:06:40.0,2026-01-09T12:44:25.531,"Any[6, 11, 19, 25, 30, 37, 45, 53]",6,53
706,2026-01-07T07:06:40.0,2026-01-16T12:44:25.531,"Any[56, 45, 37, 30, 25]",56,25
719,2026-01-07T07:06:40.0,2026-01-16T12:44:25.531,"Any[60, 56, 45, 37, 30, 25, 19, 11, 6]",60,6
778,2026-01-07T07:06:40.0,2026-01-16T12:44:25.531,"Any[60, 53, 45, 37, 30, 25, 19, 13, 8]",60,8
809,2026-01-07T07:06:40.0,2026-01-30T12:44:25.531,"Any[10, 19, 25, 30, 37, 45, 53]",10,53
818,2026-01-07T07:06:40.0,2026-01-16T12:44:25.531,"Any[53, 45, 37, 30, 25]",53,25
822,2026-01-07T07:06:40.0,2026-01-16T12:44:25.531,"Any[8, 13, 19, 25, 30, 37, 45, 53]",8,53
845,2026-01-07T07:06:40.0,2026-01-09T12:44:25.531,"Any[53, 45, 37, 30, 25, 19, 10]",53,10
866,2026-01-07T07:06:40.0,2026-01-23T12:44:25.531,"Any[60, 53, 45, 37, 30, 25, 19, 13, 8]",60,8
884,2026-01-07T07:06:40.0,2026-01-23T12:44:25.531,"Any[10, 19, 25, 30, 37, 45, 53]",10,53
885,2026-01-07T07:06:40.0,2026-01-23T12:44:25.531,"Any[53, 45, 37, 30, 25, 19, 13, 8]",53,8
907,2026-01-07T07:06:40.0,2026-01-09T12:44:25.531,"Any[19, 30, 37, 45, 56]",19,56
908,2026-01-07T07:06:40.0,2026-01-23T12:44:25.531,"Any[60, 56, 45, 37, 30, 25]",60,25
962,2026-01-07T07:06:40.0,2026-01-30T12:44:25.531,"Any[56, 45, 37, 30, 25]",56,25
966,2026-01-07T07:06:40.0,2026-01-30T12:44:25.531,"Any[53, 45, 37, 30, 25, 19, 10]",53,10
1000,2026-01-07T07:06:40.0,2026-01-23T12:44:25.531,"Any[60, 56, 45, 37, 30, 25, 19, 13, 8]",60,8
1048,2026-01-07T07:06:40.0,2026-01-30T12:44:25.531,"Any[3, 10, 19, 25, 30, 37, 45, 53]",3,53
1063,2026-01-07T07:06:40.0,2026-01-16T12:44:25.531,"Any[8, 13, 19, 25, 30, 37, 45, 53]",8,53
1115,2026-01-07T07:06:40.0,2026-01-09T12:44:25.531,"Any[56, 45, 37, 30, 25, 19, 11, 6, 1]",56,1
1148,2026-01-07T07:06:40.0,2026-01-23T12:44:25.531,"Any[10, 19, 25, 30, 37, 45, 53, 60]",10,60
1150,2026-01-07T07:06:40.0,2026-01-30T12:44:25.531,"Any[19, 25, 30, 37, 45, 56]",19,56
1158,2026-01-07T07:06:40.0,2026-01-23T12:44:25.531,"Any[64, 53, 45, 37, 30, 25, 19, 13, 8]",64,8
1172,2026-01-07T07:06:40.0,2026-01-30T12:44:25.531,"Any[13, 19, 25, 37, 45, 56]",13,56
1185,2026-01-07T07:06:40.0,2026-01-09T12:44:25.531,"Any[56, 45, 37, 30, 25, 19, 10, 6]",56,6
1212,2026-01-07T07:06:40.0,2026-01-09T12:44:25.531,"Any[19, 25, 30, 37, 45, 53]",19,53
1233,2026-01-07T07:06:40.0,2026-01-09T12:44:25.531,"Any[6, 11, 19, 25, 30, 37, 45, 53]",6,53
1274,2026-01-07T07:06:40.0,2026-01-16T12:44:25.531,"Any[60, 56, 45, 37, 30, 25]",60,25
1277,2026-01-07T07:06:40.0,2026-01-30T12:44:25.531,"Any[8, 13, 19, 25, 30, 37, 45, 56]",8,56
1283,2026-01-07T07:06:40.0,2026-01-16T12:44:25.531,"Any[56, 45, 37, 30, 25]",56,25
1288,2026-01-07T07:06:40.0,2026-01-16T12:44:25.531,"Any[8, 13, 19, 25, 30, 37, 45, 56]",8,56
1315,2026-01-07T07:06:40.0,2026-01-16T12:44:25.531,"Any[10, 19, 25, 30, 37, 45, 53]",10,53
1358,2026-01-07T07:06:40.0,2026-01-09T12:44:25.531,"Any[56, 45, 37, 30, 25]",56,25
1385,2026-01-07T07:06:40.0,2026-01-16T12:44:25.531,"Any[60, 56, 45, 37, 30, 25, 19, 11, 6, 1]",60,1
1387,2026-01-07T07:06:40.0,2026-01-16T12:44:25.531,"Any[10, 19, 25, 30, 37, 45, 53, 60]",10,60
1424,2026-01-07T07:06:40.0,2026-01-16T12:44:25.531,"Any[6, 11, 19, 25, 30, 37, 45, 56]",6,56
1469,2026-01-07T07:06:40.0,2026-01-16T12:44:25.531,"Any[53, 45, 37, 30, 25, 19, 10]",53,10
1470,2026-01-07T07:06:40.0,2026-01-16T12:44:25.531,"Any[56, 45, 37, 30, 25, 19, 10]",56,10
1497,2026-01-07T07:06:40.0,2026-01-30T12:44:25.531,"Any[64, 60, 56, 45, 37, 30, 25, 19, 11, 6]",64,6
1503,2026-01-07T07:06:40.0,2026-01-30T12:44:25.531,"Any[53, 45, 37, 30, 25, 19, 10]",53,10
1511,2026-01-07T07:06:40.0,2026-01-09T12:44:25.531,"Any[25, 30, 37, 45, 56, 60]",25,60
1521,2026-01-07T07:06:40.0,2026-01-23T12:44:25.531,"Any[60, 56, 45, 37, 30, 25]",60,25
1522,2026-01-07T07:06:40.0,2026-01-16T12:44:25.531,"Any[56, 45, 37, 30, 25, 19, 11, 6]",56,6
1527,2026-01-07T07:06:40.0,2026-01-30T12:44:25.531,"Any[53, 45, 37, 30, 25, 19, 10]",53,10
1537,2026-01-07T07:06:40.0,2026-01-30T12:44:25.531,"Any[53, 45, 37, 30, 25, 19, 10]",53,10
1555,2026-01-07T07:06:40.0,2026-01-16T12:44:25.531,"Any[53, 45, 37, 30, 25]",53,25
1561,2026-01-07T07:06:40.0,2026-01-16T12:44:25.531,"Any[8, 13, 19, 25, 30, 37, 45, 53]",8,53
1574,2026-01-07T07:06:40.0,2026-01-16T12:44:25.531,"Any[10, 19, 25, 30, 37, 45, 53]",10,53
1597,2026-01-07T07:06:40.0,2026-01-16T12:44:25.531,"Any[6, 11, 19, 25, 30, 37, 45]",6,45
1602,2026-01-07T07:06:40.0,2026-01-16T12:44:25.531,"Any[45, 37, 30, 25, 19, 13, 8]",45,8
1640,2026-01-07T07:06:40.0,2026-01-09T12:44:25.531,"Any[6, 11, 19, 25, 30, 37, 45, 56]",6,56
1655,2026-01-07T07:06:40.0,2026-01-16T12:44:25.531,"Any[53, 45, 37, 30, 25, 19, 13, 8]",53,8
1713,2026-01-07T07:06:40.0,2026-01-09T12:44:25.531,"Any[1, 6, 11, 16, 25, 30, 37, 45, 53]",1,53
1722,2026-01-07T07:06:40.0,2026-01-30T12:44:25.531,"Any[53, 45, 37, 30, 25]",53,25
1723,2026-01-07T07:06:40.0,2026-01-30T12:44:25.531,"Any[7, 8, 13, 19, 25, 30, 37, 45, 53]",7,53
1724,2026-01-07T07:06:40.0,2026-01-23T12:44:25.531,"Any[1, 6, 11, 19, 25, 30, 37, 45, 53]",1,53
1735,2026-01-07T07:06:40.0,2026-01-09T12:44:25.531,"Any[8, 13, 25, 30, 37, 45, 56]",8,56
1737,2026-01-07T07:06:40.0,2026-01-23T12:44:25.531,"Any[56, 45, 37, 30, 25, 19, 13, 8]",56,8
1743,2026-01-07T07:06:40.0,2026-01-09T12:44:25.531,"Any[64, 60, 53, 45, 37, 30, 25, 19, 13, 8]",64,8
1762,2026-01-07T07:06:40.0,2026-01-23T12:44:25.531,"Any[7, 8, 13, 19, 25, 30, 37, 45, 53]",7,53
1766,2026-01-07T07:06:40.0,2026-01-23T12:44:25.531,"Any[3, 10, 19, 25, 30, 37, 45, 53]",3,53
1805,2026-01-07T07:06:40.0,2026-01-16T12:44:25.531,"Any[53, 45, 37, 30, 25, 19, 10]",53,10
1807,2026-01-07T07:06:40.0,2026-01-23T12:44:25.531,"Any[64, 53, 45, 37, 30, 25, 19, 10]",64,10
1828,2026-01-07T07:06:40.0,2026-01-09T12:44:25.531,"Any[53, 45, 37, 30, 25]",53,25
1831,2026-01-07T07:06:40.0,2026-01-23T12:44:25.531,"Any[6, 11, 25, 30, 37, 45, 53]",6,53
1838,2026-01-07T07:06:40.0,2026-01-23T12:44:25.531,"Any[53, 45, 37, 30, 25, 19, 13, 8]",53,8
1841,2026-01-07T07:06:40.0,2026-01-16T12:44:25.531,"Any[45, 37, 30, 25, 19, 13, 8]",45,8
1845,2026-01-07T07:06:40.0,2026-01-09T12:44:25.531,"Any[56, 45, 37, 30, 25]",56,25
1849,2026-01-07T07:06:40.0,2026-01-23T12:44:25.531,"Any[7, 8, 13, 19, 25, 30, 37, 45, 53]",7,53
1926,2026-01-07T07:06:40.0,2026-01-09T12:44:25.531,"Any[8, 13, 25, 30, 37, 45, 56]",8,56
1941,2026-01-07T07:06:40.0,2026-01-16T12:44:25.531,"Any[19, 25, 30, 37, 45, 53, 60]",19,60
1963,2026-01-07T07:06:40.0,2026-01-30T12:44:25.531,"Any[53, 45, 37, 30, 25, 19, 10]",53,10
1967,2026-01-07T07:06:40.0,2026-01-23T12:44:25.531,"Any[10, 19, 25, 30, 37, 45, 53]",10,53
1989,2026-01-07T07:06:40.0,2026-01-09T12:44:25.531,"Any[53, 45, 37, 30, 25, 19, 10]",53,10
2022,2026-01-07T07:06:40.0,2026-01-09T12:44:25.531,"Any[60, 56, 45, 37, 30, 25]",60,25
2040,2026-01-07T07:06:40.0,2026-01-23T12:44:25.531,"Any[19, 25, 30, 37, 45, 53, 60]",19,60
2055,2026-01-07T07:06:40.0,2026-01-09T12:44:25.531,"Any[6, 10, 19, 25, 30, 37, 45, 56]",6,56
2174,2026-01-07T07:06:40.0,2026-01-23T12:44:25.531,"Any[53, 45, 37, 30, 25, 19, 10, 6]",53,6
2212,2026-01-07T07:06:40.0,2026-01-23T12:44:25.531,"Any[53, 45, 37, 30, 25, 19, 13, 8]",53,8
2317,2026-01-07T07:06:40.0,2026-01-09T12:44:25.531,"Any[60, 56, 45, 37, 30, 25, 19, 11, 6]",60,6
2373,2026-01-07T07:06:40.0,2026-01-09T12:44:25.531,"Any[56, 45, 37, 30, 25]",56,25
2374,2026-01-07T07:06:40.0,2026-01-23T12:44:25.531,"Any[53, 45, 37, 30, 25, 19, 10]",53,10
2390,2026-01-07T07:06:40.0,2026-01-23T12:44:25.531,"Any[64, 60, 53, 45, 37, 30, 25, 19, 10]",64,10
2392,2026-01-07T07:06:40.0,2026-01-30T12:44:25.531,"Any[56, 45, 37, 30, 25, 19, 13, 8]",56,8
2419,2026-01-07T07:06:40.0,2026-01-16T12:44:25.531,"Any[60, 53, 45, 37, 30, 25]",60,25
2421,2026-01-07T07:06:40.0,2026-01-23T12:44:25.531,"Any[8, 13, 25, 30, 37, 45, 56]",8,56
2441,2026-01-07T07:06:40.0,2026-01-30T12:44:25.531,"Any[56, 45, 37, 30, 25, 19, 10]",56,10
2464,2026-01-07T07:06:40.0,2026-01-23T12:44:25.531,"Any[19, 25, 30, 37, 45, 56]",19,56
2488,2026-01-07T07:06:40.0,2026-01-16T12:44:25.531,"Any[56, 45, 37, 30, 25, 19, 13, 8]",56,8
2504,2026-01-07T07:06:40.0,2026-01-09T12:44:25.531,"Any[7, 8, 13, 19, 25, 30, 37, 45, 53]",7,53
2505,2026-01-07T07:06:40.0,2026-01-09T12:44:25.531,"Any[53, 45, 37, 30, 25]",53,25
2508,2026-01-07T07:06:40.0,2026-01-09T12:44:25.531,"Any[45, 37, 30, 25, 19, 10]",45,10
2516,2026-01-07T07:06:40.0,2026-01-30T12:44:25.531,"Any[53, 45, 37, 30, 25, 19, 13, 8]",53,8
2534,2026-01-07T07:06:40.0,2026-01-23T12:44:25.531,"Any[19, 25, 30, 37, 45, 56]",19,56
2546,2026-01-07T07:06:40.0,2026-01-09T12:44:25.531,"Any[1, 6, 11, 19, 23, 36, 44, 54, 60]",1,60
2567,2026-01-07T07:06:40.0,2026-01-09T12:44:25.531,"Any[56, 45, 37, 30, 25, 19, 10]",56,10
2588,2026-01-07T07:06:40.0,2026-01-16T12:44:25.531,"Any[60, 56, 45, 37, 30, 25]",60,25
2643,2026-01-07T07:06:40.0,2026-01-09T12:44:25.531,"Any[56, 45, 37, 30, 25, 19]",56,19
2771,2026-01-07T07:06:40.0,2026-01-23T12:44:25.531,"Any[54, 44, 36, 23, 19, 13, 8, 7]",54,7
2800,2026-01-07T07:06:40.0,2026-01-09T12:44:25.531,"Any[45, 37, 30, 25, 19, 13, 8]",45,8
2906,2026-01-07T07:06:40.0,2026-01-09T12:44:25.531,"Any[25, 30, 37, 45, 56, 60]",25,60
2915,2026-01-07T07:06:40.0,2026-01-09T12:44:25.531,"Any[25, 30, 37, 45, 56, 60]",25,60
2928,2026-01-07T07:06:40.0,2026-01-23T12:44:25.531,"Any[25, 30, 37, 45, 56, 60]",25,60
2929,2026-01-07T07:06:40.0,2026-01-30T12:44:25.531,"Any[25, 30, 37, 45, 56, 60]",25,60
2934,2026-01-07T07:06:40.0,2026-01-30T12:44:25.531,"Any[25, 30, 37, 45, 56, 60]",25,60
2940,2026-01-07T07:06:40.0,2026-01-16T12:44:25.531,"Any[25, 30, 37, 45, 56, 60]",25,60
2944,2026-01-07T07:06:40.0,2026-01-23T12:44:25.531,"Any[25, 30, 37, 45, 56, 60]",25,60
3090,2026-01-07T07:06:40.0,2026-01-09T12:44:25.531,"Any[1, 6, 11, 25, 30, 37, 45, 53]",1,53
3092,2026-01-07T07:06:40.0,2026-01-30T12:44:25.531,"Any[1, 6, 11, 16, 25, 30, 37, 45, 53]",1,53
3177,2026-01-07T07:06:40.0,2026-01-30T12:44:25.531,"Any[10, 19, 30, 37, 45, 53]",10,53
3196,2026-01-07T07:06:40.0,2026-01-30T12:44:25.531,"Any[10, 19, 25, 30, 37, 45, 53]",10,53
2715,2026-01-07T07:09:00.0,2026-01-23T12:46:45.531,Any[],53,16
2827,2026-01-07T07:10:00.0,2026-01-30T12:47:45.531,Any[],45,3
2765,2026-01-07T07:21:00.0,2026-01-09T12:58:45.531,Any[],53,3
2748,2026-01-07T07:57:00.0,2026-01-30T13:34:45.531,Any[],53,7
3169,2026-01-07T13:22:00.0,2026-01-23T18:59:45.531,Any[],10,64
2692,2026-01-07T13:24:00.0,2026-01-23T19:01:45.531,Any[],56,3
3170,2026-01-07T13:32:00.0,2026-01-09T19:09:45.531,Any[],10,64
2726,2026-01-07T13:35:00.0,2026-01-16T19:12:45.531,Any[],53,14
3164,2026-01-07T13:39:00.0,2026-01-09T19:16:45.531,Any[],10,64
3156,2026-01-07T13:42:00.0,2026-01-23T19:19:45.531,Any[],10,64
3137,2026-01-07T13:43:00.0,2026-01-23T19:20:45.531,Any[],10,64
3102,2026-01-07T13:45:00.0,2026-01-30T19:22:45.531,Any[],6,64
3103,2026-01-07T13:48:00.0,2026-01-09T19:25:45.531,Any[],6,64
3145,2026-01-07T13:51:00.0,2026-01-23T19:28:45.531,Any[],10,64
3155,2026-01-07T13:51:00.0,2026-01-23T19:28:45.531,Any[],10,64
2791,2026-01-07T13:54:00.0,2026-01-23T19:31:45.531,Any[],45,17
3138,2026-01-10T07:08:00.0,2026-01-12T12:45:45.531,Any[],10,64
2792,2026-01-10T07:13:00.0,2026-01-26T12:50:45.531,Any[],45,17
3127,2026-01-10T07:22:00.0,2026-01-19T12:59:45.531,Any[],10,64
2699,2026-01-10T07:38:00.0,2026-01-12T13:15:45.531,Any[],56,5
2653,2026-01-10T07:39:00.0,2026-01-12T13:16:45.531,Any[],56,17
2691,2026-01-10T07:40:00.0,2026-01-19T13:17:45.531,Any[],56,3
2767,2026-01-10T07:41:00.0,2026-02-02T13:18:45.531,Any[],53,3
2758,2026-01-10T07:43:00.0,2026-01-12T13:20:45.531,Any[],53,7
2742,2026-01-10T13:00:00.0,2026-01-12T18:37:45.531,Any[],53,7
2665,2026-01-10T13:02:00.0,2026-02-02T18:39:45.531,Any[],56,13
2707,2026-01-10T13:04:00.0,2026-01-26T18:41:45.531,Any[],53,17
3149,2026-01-10T13:05:00.0,2026-01-26T18:42:45.531,Any[],10,64
3086,2026-01-10T13:11:00.0,2026-01-19T18:48:45.531,Any[],1,62
2698,2026-01-10T13:15:00.0,2026-01-19T18:52:45.531,Any[],56,5
2657,2026-01-10T13:17:00.0,2026-02-02T18:54:45.531,Any[],56,13
1,2026-01-10T13:20:00.0,2026-01-12T18:57:45.531,"Any[53, 45, 37, 30, 25, 19, 11, 6]",53,6
26,2026-01-10T13:20:00.0,2026-01-26T18:57:45.531,"Any[10, 19, 25, 30, 37, 45, 53]",10,53
44,2026-01-10T13:20:00.0,2026-01-19T18:57:45.531,"Any[53, 45, 37, 30, 25, 19, 13, 8]",53,8
49,2026-01-10T13:20:00.0,2026-01-19T18:57:45.531,"Any[19, 25, 30, 37, 45, 53]",19,53
55,2026-01-10T13:20:00.0,2026-01-12T18:57:45.531,"Any[53, 45, 37, 30, 25, 19, 10]",53,10
56,2026-01-10T13:20:00.0,2026-01-12T18:57:45.531,"Any[62, 53, 45, 37, 30, 25, 19, 13, 8]",62,8
60,2026-01-10T13:20:00.0,2026-01-26T18:57:45.531,"Any[64, 60, 53, 45, 37, 30, 25, 19, 11, 6, 1]",64,1
62,2026-01-10T13:20:00.0,2026-01-26T18:57:45.531,"Any[53, 45, 37, 30, 25, 19, 10]",53,10
64,2026-01-10T13:20:00.0,2026-02-02T18:57:45.531,"Any[60, 53, 45, 37, 30, 25, 19, 10]",60,10
72,2026-01-10T13:20:00.0,2026-01-19T18:57:45.531,"Any[53, 45, 37, 30, 25, 19, 10]",53,10
74,2026-01-10T13:20:00.0,2026-01-26T18:57:45.531,"Any[64, 60, 53, 45, 37, 30, 25, 19, 13, 8]",64,8
78,2026-01-10T13:20:00.0,2026-01-19T18:57:45.531,"Any[45, 37, 30, 25]",45,25
89,2026-01-10T13:20:00.0,2026-01-19T18:57:45.531,"Any[56, 45, 37, 30, 25]",56,25
104,2026-01-10T13:20:00.0,2026-01-12T18:57:45.531,"Any[8, 13, 19, 25, 30, 37, 45, 56]",8,56
106,2026-01-10T13:20:00.0,2026-01-26T18:57:45.531,"Any[56, 45, 37, 30, 25, 19, 11, 6, 1, 1]",56,1
114,2026-01-10T13:20:00.0,2026-02-02T18:57:45.531,"Any[19, 25, 30, 37, 45, 53]",19,53
116,2026-01-10T13:20:00.0,2026-01-19T18:57:45.531,"Any[14, 19, 25, 30, 37, 45, 53]",14,53
117,2026-01-10T13:20:00.0,2026-01-26T18:57:45.531,"Any[56, 45, 37, 30, 25, 19, 11, 6]",56,6
124,2026-01-10T13:20:00.0,2026-01-19T18:57:45.531,"Any[60, 53, 45, 37, 30, 25, 19, 13, 8]",60,8
125,2026-01-10T13:20:00.0,2026-01-19T18:57:45.531,"Any[19, 25, 30, 37, 45, 53]",19,53
129,2026-01-10T13:20:00.0,2026-02-02T18:57:45.531,"Any[53, 45, 37, 30, 25, 19, 10]",53,10
139,2026-01-10T13:20:00.0,2026-02-02T18:57:45.531,"Any[10, 19, 25, 30, 37, 45, 53, 60]",10,60
150,2026-01-10T13:20:00.0,2026-02-02T18:57:45.531,"Any[8, 13, 19, 25, 30, 37, 45, 53]",8,53
154,2026-01-10T13:20:00.0,2026-02-02T18:57:45.531,"Any[53, 45, 37, 30, 25, 19, 13, 8]",53,8
163,2026-01-10T13:20:00.0,2026-01-12T18:57:45.531,"Any[8, 13, 19, 25, 30, 37, 45, 53]",8,53
170,2026-01-10T13:20:00.0,2026-01-19T18:57:45.531,"Any[53, 45, 37, 30, 25, 19, 13, 8]",53,8
176,2026-01-10T13:20:00.0,2026-01-19T18:57:45.531,"Any[60, 53, 45, 37, 30, 25, 11, 6, 1]",60,1
185,2026-01-10T13:20:00.0,2026-02-02T18:57:45.531,"Any[1, 6, 11, 19, 25, 30, 37, 45, 56]",1,56
188,2026-01-10T13:20:00.0,2026-01-26T18:57:45.531,"Any[1, 6, 11, 19, 25, 30, 37, 45, 56]",1,56
190,2026-01-10T13:20:00.0,2026-02-02T18:57:45.531,"Any[10, 19, 25, 30, 37, 45, 53, 60]",10,60
195,2026-01-10T13:20:00.0,2026-01-19T18:57:45.531,"Any[53, 45, 37, 30, 25, 19, 13, 8]",53,8
205,2026-01-10T13:20:00.0,2026-01-26T18:57:45.531,"Any[10, 19, 25, 30, 37, 45, 53]",10,53
209,2026-01-10T13:20:00.0,2026-02-02T18:57:45.531,"Any[60, 53, 45, 37, 30, 25, 19, 17, 19, 11, 6]",60,6
264,2026-01-10T13:20:00.0,2026-01-12T18:57:45.531,"Any[8, 13, 19, 25, 30, 37, 45, 56]",8,56
269,2026-01-10T13:20:00.0,2026-01-19T18:57:45.531,"Any[7, 8, 13, 19, 25, 30, 37, 45, 53, 60]",7,60
270,2026-01-10T13:20:00.0,2026-01-19T18:57:45.531,"Any[19, 25, 30, 37, 45, 53]",19,53
274,2026-01-10T13:20:00.0,2026-01-12T18:57:45.531,"Any[45, 37, 30, 25]",45,25
281,2026-01-10T13:20:00.0,2026-02-02T18:57:45.531,"Any[56, 45, 37, 30, 25, 19, 13, 8]",56,8
283,2026-01-10T13:20:00.0,2026-01-26T18:57:45.531,"Any[20, 19, 25, 30, 37, 45, 56]",20,56
289,2026-01-10T13:20:00.0,2026-02-02T18:57:45.531,"Any[56, 45, 37, 30, 25, 19, 13, 8]",56,8
298,2026-01-10T13:20:00.0,2026-02-02T18:57:45.531,"Any[8, 13, 19, 25, 30, 37, 45, 56]",8,56
300,2026-01-10T13:20:00.0,2026-01-26T18:57:45.531,"Any[56, 45, 37, 30, 25, 19, 13, 8]",56,8
309,2026-01-10T13:20:00.0,2026-02-02T18:57:45.531,"Any[53, 45, 37, 30, 25, 19, 13, 8]",53,8
312,2026-01-10T13:20:00.0,2026-01-26T18:57:45.531,"Any[60, 53, 45, 37, 30, 25, 19, 11, 6, 6]",60,6
313,2026-01-10T13:20:00.0,2026-01-12T18:57:45.531,"Any[53, 45, 37, 30, 25, 19, 13, 8]",53,8
318,2026-01-10T13:20:00.0,2026-01-19T18:57:45.531,"Any[8, 13, 19, 25, 30, 37, 45, 56]",8,56
323,2026-01-10T13:20:00.0,2026-01-12T18:57:45.531,"Any[64, 60, 53, 45, 37, 30, 25, 19, 13, 8]",64,8
329,2026-01-10T13:20:00.0,2026-02-02T18:57:45.531,"Any[1, 6, 11, 19, 25, 30, 37, 45, 56]",1,56
332,2026-01-10T13:20:00.0,2026-02-02T18:57:45.531,"Any[19, 25, 30, 37, 45, 56, 60]",19,60
333,2026-01-10T13:20:00.0,2026-01-19T18:57:45.531,"Any[53, 45, 37, 30, 25, 19, 11, 6]",53,6
338,2026-01-10T13:20:00.0,2026-01-19T18:57:45.531,"Any[60, 53, 45, 37, 30, 25, 19, 10]",60,10
342,2026-01-10T13:20:00.0,2026-01-12T18:57:45.531,"Any[45, 37, 30, 25, 19, 14]",45,14
348,2026-01-10T13:20:00.0,2026-01-12T18:57:45.531,"Any[6, 11, 19, 25, 30, 37, 45]",6,45
355,2026-01-10T13:20:00.0,2026-01-19T18:57:45.531,"Any[25, 30, 37, 45, 53, 60]",25,60
356,2026-01-10T13:20:00.0,2026-02-02T18:57:45.531,"Any[56, 45, 37, 30, 25]",56,25
357,2026-01-10T13:20:00.0,2026-01-19T18:57:45.531,"Any[10, 19, 25, 30, 37, 45, 53, 60]",10,60
362,2026-01-10T13:20:00.0,2026-02-02T18:57:45.531,"Any[6, 11, 16, 25, 30, 37, 45, 53]",6,53
363,2026-01-10T13:20:00.0,2026-01-26T18:57:45.531,"Any[56, 45, 37, 30, 25, 19, 11, 6, 1]",56,1
370,2026-01-10T13:20:00.0,2026-01-26T18:57:45.531,"Any[8, 13, 19, 25, 30, 37, 45, 56]",8,56
371,2026-01-10T13:20:00.0,2026-01-26T18:57:45.531,"Any[25, 30, 37, 45, 56]",25,56
372,2026-01-10T13:20:00.0,2026-01-26T18:57:45.531,"Any[1, 6, 11, 16, 25, 30, 37, 45, 56]",1,56
373,2026-01-10T13:20:00.0,2026-02-02T18:57:45.531,"Any[6, 11, 19, 25, 30, 37, 45]",6,45
383,2026-01-10T13:20:00.0,2026-01-19T18:57:45.531,"Any[9, 15, 26, 31, 36, 44, 54, 60]",9,60
384,2026-01-10T13:20:00.0,2026-02-02T18:57:45.531,"Any[8, 13, 19, 25, 30, 37, 45, 56]",8,56
387,2026-01-10T13:20:00.0,2026-01-12T18:57:45.531,"Any[60, 56, 45, 37, 30, 25, 19, 11, 6]",60,6
391,2026-01-10T13:20:00.0,2026-01-19T18:57:45.531,"Any[8, 13, 19, 25, 30, 37, 45, 56]",8,56
395,2026-01-10T13:20:00.0,2026-02-02T18:57:45.531,"Any[60, 56, 45, 37, 30, 25, 19, 13, 8]",60,8
401,2026-01-10T13:20:00.0,2026-02-02T18:57:45.531,"Any[56, 45, 37, 30, 25, 19, 11, 6]",56,6
404,2026-01-10T13:20:00.0,2026-01-26T18:57:45.531,"Any[60, 53, 45, 37, 30, 25, 19, 13, 8]",60,8
412,2026-01-10T13:20:00.0,2026-01-12T18:57:45.531,"Any[53, 45, 37, 30, 25, 19, 10]",53,10
415,2026-01-10T13:20:00.0,2026-01-12T18:57:45.531,"Any[64, 60, 53, 45, 37, 30, 25, 19, 10]",64,10
416,2026-01-10T13:20:00.0,2026-01-19T18:57:45.531,"Any[6, 11, 19, 25, 30, 37, 45, 53]",6,53
420,2026-01-10T13:20:00.0,2026-01-19T18:57:45.531,"Any[64, 60, 53, 45, 37, 30, 25, 19, 10]",64,10
426,2026-01-10T13:20:00.0,2026-01-26T18:57:45.531,"Any[7, 8, 13, 19, 25, 30, 37, 45, 53, 60]",7,60
429,2026-01-10T13:20:00.0,2026-01-19T18:57:45.531,"Any[53, 45, 37, 30, 25, 19, 11, 6, 1]",53,1
436,2026-01-10T13:20:00.0,2026-02-02T18:57:45.531,"Any[8, 13, 19, 25, 30, 37, 45, 56]",8,56
441,2026-01-10T13:20:00.0,2026-01-26T18:57:45.531,"Any[53, 45, 37, 30, 25, 19, 11, 6, 1]",53,1
451,2026-01-10T13:20:00.0,2026-01-19T18:57:45.531,"Any[6, 11, 19, 25, 30, 37, 45]",6,45
454,2026-01-10T13:20:00.0,2026-01-12T18:57:45.531,"Any[1, 6, 11, 19, 25, 30, 37, 45, 53, 60]",1,60
460,2026-01-10T13:20:00.0,2026-01-26T18:57:45.531,"Any[8, 13, 19, 25, 30, 37, 45, 53]",8,53
463,2026-01-10T13:20:00.0,2026-01-12T18:57:45.531,"Any[53, 45, 37, 30, 25, 19, 11, 6, 1]",53,1
464,2026-01-10T13:20:00.0,2026-02-02T18:57:45.531,"Any[56, 45, 37, 30, 25, 19]",56,19
466,2026-01-10T13:20:00.0,2026-01-19T18:57:45.531,"Any[53, 45, 37, 30, 25, 19, 10]",53,10
469,2026-01-10T13:20:00.0,2026-01-26T18:57:45.531,"Any[53, 45, 37, 30, 25, 19, 10]",53,10
488,2026-01-10T13:20:00.0,2026-02-02T18:57:45.531,"Any[10, 19, 25, 30, 37, 45, 53, 60]",10,60
493,2026-01-10T13:20:00.0,2026-01-12T18:57:45.531,"Any[54, 44, 36, 23, 19, 13, 8]",54,8
496,2026-01-10T13:20:00.0,2026-01-19T18:57:45.531,"Any[10, 19, 25, 30, 37, 45, 56]",10,56
497,2026-01-10T13:20:00.0,2026-01-12T18:57:45.531,"Any[64, 60, 53, 45, 37, 30, 25, 19, 10]",64,10
502,2026-01-10T13:20:00.0,2026-01-12T18:57:45.531,"Any[6, 11, 19, 25, 30, 37, 45, 56]",6,56
504,2026-01-10T13:20:00.0,2026-01-26T18:57:45.531,"Any[1, 6, 11, 19, 25, 30, 37, 45, 53]",1,53
505,2026-01-10T13:20:00.0,2026-01-26T18:57:45.531,"Any[56, 45, 37, 30, 25, 19, 13, 8]",56,8
506,2026-01-10T13:20:00.0,2026-02-02T18:57:45.531,"Any[53, 45, 37, 30, 25, 19, 11, 6, 1]",53,1
509,2026-01-10T13:20:00.0,2026-01-19T18:57:45.531,"Any[8, 13, 19, 25, 30, 37, 45, 56]",8,56
510,2026-01-10T13:20:00.0,2026-01-12T18:57:45.531,"Any[53, 45, 37, 30, 25, 19, 13, 8]",53,8
524,2026-01-10T13:20:00.0,2026-01-19T18:57:45.531,"Any[60, 56, 45, 37, 30, 25, 19, 13, 8]",60,8
534,2026-01-10T13:20:00.0,2026-01-19T18:57:45.531,"Any[64, 60, 53, 45, 37, 30, 25, 19, 13, 8]",64,8
546,2026-01-10T13:20:00.0,2026-01-19T18:57:45.531,"Any[13, 19, 25, 30, 37, 45, 56]",13,56
552,2026-01-10T13:20:00.0,2026-01-26T18:57:45.531,"Any[8, 13, 19, 25, 30, 25, 30, 37, 45, 53]",8,53
554,2026-01-10T13:20:00.0,2026-01-26T18:57:45.531,"Any[1, 6, 11, 19, 25, 30, 37, 45, 53]",1,53
558,2026-01-10T13:20:00.0,2026-02-02T18:57:45.531,"Any[1, 6, 11, 19, 25, 30, 37, 45, 53]",1,53
561,2026-01-10T13:20:00.0,2026-01-12T18:57:45.531,"Any[45, 37, 30, 25]",45,25
562,2026-01-10T13:20:00.0,2026-02-02T18:57:45.531,"Any[53, 45, 37, 30, 25, 19, 10]",53,10
563,2026-01-10T13:20:00.0,2026-02-02T18:57:45.531,"Any[6, 11, 19, 25, 30, 37, 45, 56]",6,56
567,2026-01-10T13:20:00.0,2026-01-19T18:57:45.531,"Any[56, 45, 37, 30, 25, 19, 13, 8]",56,8
569,2026-01-10T13:20:00.0,2026-02-02T18:57:45.531,"Any[56, 45, 37, 30, 25, 19, 11, 6]",56,6
577,2026-01-10T13:20:00.0,2026-01-19T18:57:45.531,"Any[10, 19, 25, 30, 37, 45, 53]",10,53
579,2026-01-10T13:20:00.0,2026-02-02T18:57:45.531,"Any[64, 60, 53, 45, 37, 30, 25, 19, 11, 6, 6, 1]",64,6
584,2026-01-10T13:20:00.0,2026-01-19T18:57:45.531,"Any[1, 6, 11, 19, 25, 30, 37, 45, 53]",1,53
591,2026-01-10T13:20:00.0,2026-01-19T18:57:45.531,"Any[60, 53, 45, 37, 30, 25]",60,25
596,2026-01-10T13:20:00.0,2026-01-12T18:57:45.531,"Any[19, 25, 30, 37, 45, 53]",19,53
598,2026-01-10T13:20:00.0,2026-02-02T18:57:45.531,"Any[60, 53, 45, 37, 30, 25, 19, 13, 8]",60,8
600,2026-01-10T13:20:00.0,2026-01-19T18:57:45.531,"Any[1, 6, 11, 16, 25, 30, 37, 45, 56, 60]",1,60
603,2026-01-10T13:20:00.0,2026-01-19T18:57:45.531,"Any[10, 19, 25, 30, 37, 45, 53, 60]",10,60
625,2026-01-10T13:20:00.0,2026-01-19T18:57:45.531,"Any[1, 6, 11, 19, 23, 36, 44, 54, 60]",1,60
644,2026-01-10T13:20:00.0,2026-01-19T18:57:45.531,"Any[8, 13, 19, 25, 30, 37, 45, 56]",8,56
645,2026-01-10T13:20:00.0,2026-02-02T18:57:45.531,"Any[53, 45, 37, 30, 25, 19, 13, 8]",53,8
647,2026-01-10T13:20:00.0,2026-02-02T18:57:45.531,"Any[53, 45, 37, 30, 25, 19, 10]",53,10
652,2026-01-10T13:20:00.0,2026-01-12T18:57:45.531,"Any[6, 11, 19, 25, 30, 37, 45]",6,45
666,2026-01-10T13:20:00.0,2026-01-19T18:57:45.531,"Any[56, 45, 37, 30, 25]",56,25
691,2026-01-10T13:20:00.0,2026-01-12T18:57:45.531,"Any[1, 6, 11, 19, 25, 30, 37, 45, 53, 60]",1,60
693,2026-01-10T13:20:00.0,2026-01-26T18:57:45.531,"Any[53, 45, 37, 30, 25, 19, 13, 8]",53,8
699,2026-01-10T13:20:00.0,2026-01-26T18:57:45.531,"Any[1, 6, 11, 19, 25, 30, 37, 45, 53]",1,53
702,2026-01-10T13:20:00.0,2026-01-19T18:57:45.531,"Any[8, 13, 19, 25, 30, 37, 45, 56]",8,56
710,2026-01-10T13:20:00.0,2026-01-19T18:57:45.531,"Any[56, 45, 37, 30, 25, 19, 11, 6, 1]",56,1
717,2026-01-10T13:20:00.0,2026-01-19T18:57:45.531,"Any[10, 19, 25, 30, 37, 45, 53]",10,53
721,2026-01-10T13:20:00.0,2026-01-12T18:57:45.531,"Any[64, 60, 53, 45, 37, 30, 25, 19, 11, 6, 6, 1]",64,6
727,2026-01-10T13:20:00.0,2026-02-02T18:57:45.531,"Any[10, 19, 25, 30, 37, 45, 53]",10,53
735,2026-01-10T13:20:00.0,2026-01-26T18:57:45.531,"Any[53, 45, 37, 30, 25, 19, 13, 8]",53,8
738,2026-01-10T13:20:00.0,2026-01-12T18:57:45.531,"Any[9, 15, 26, 31, 36, 44, 54, 60]",9,60
740,2026-01-10T13:20:00.0,2026-01-19T18:57:45.531,"Any[10, 19, 25, 30, 37, 45, 53]",10,53
746,2026-01-10T13:20:00.0,2026-01-26T18:57:45.531,"Any[64, 60, 53, 45, 37, 30, 25, 19, 11, 6, 1]",64,1
749,2026-01-10T13:20:00.0,2026-01-26T18:57:45.531,"Any[62, 53, 45, 37, 30, 25, 19, 13, 8]",62,8
753,2026-01-10T13:20:00.0,2026-01-26T18:57:45.531,"Any[19, 25, 30, 37, 45, 56]",19,56
760,2026-01-10T13:20:00.0,2026-01-12T18:57:45.531,"Any[1, 6, 11, 16, 25, 30, 37, 45, 56, 60]",1,60
771,2026-01-10T13:20:00.0,2026-02-02T18:57:45.531,"Any[60, 56, 45, 37, 30, 25, 19, 11, 6]",60,6
774,2026-01-10T13:20:00.0,2026-02-02T18:57:45.531,"Any[6, 11, 16, 25, 30, 37, 45]",6,45
794,2026-01-10T13:20:00.0,2026-02-02T18:57:45.531,"Any[10, 19, 25, 30, 37, 45, 53, 60]",10,60
795,2026-01-10T13:20:00.0,2026-02-02T18:57:45.531,"Any[53, 45, 37, 30, 25, 19, 11, 6]",53,6
796,2026-01-10T13:20:00.0,2026-02-02T18:57:45.531,"Any[53, 45, 37, 30, 25, 19, 11, 6, 1]",53,1
798,2026-01-10T13:20:00.0,2026-01-12T18:57:45.531,"Any[53, 45, 37, 30, 25, 19, 11, 6, 1]",53,1
799,2026-01-10T13:20:00.0,2026-01-12T18:57:45.531,"Any[10, 19, 25, 30, 37, 45, 53]",10,53
800,2026-01-10T13:20:00.0,2026-01-26T18:57:45.531,"Any[56, 45, 37, 30, 25, 19, 20]",56,20
802,2026-01-10T13:20:00.0,2026-01-26T18:57:45.531,"Any[60, 56, 45, 37, 30, 25, 19, 17, 19, 11, 6]",60,6
806,2026-01-10T13:20:00.0,2026-01-12T18:57:45.531,"Any[10, 19, 25, 30, 37, 45, 53]",10,53
814,2026-01-10T13:20:00.0,2026-01-12T18:57:45.531,"Any[10, 19, 25, 30, 37, 45, 53]",10,53
817,2026-01-10T13:20:00.0,2026-01-26T18:57:45.531,"Any[53, 45, 37, 30, 25, 19, 11, 6, 1]",53,1
819,2026-01-10T13:20:00.0,2026-02-02T18:57:45.531,"Any[19, 25, 30, 37, 45, 53]",19,53
826,2026-01-10T13:20:00.0,2026-01-12T18:57:45.531,"Any[10, 19, 25, 30, 37, 45, 53]",10,53
828,2026-01-10T13:20:00.0,2026-01-19T18:57:45.531,"Any[53, 45, 37, 30, 25, 19, 11, 6, 1]",53,1
832,2026-01-10T13:20:00.0,2026-01-26T18:57:45.531,"Any[56, 45, 37, 30, 25]",56,25
835,2026-01-10T13:20:00.0,2026-01-12T18:57:45.531,"Any[8, 13, 19, 25, 30, 37, 45, 53]",8,53
837,2026-01-10T13:20:00.0,2026-02-02T18:57:45.531,"Any[13, 19, 25, 30, 37, 45, 56]",13,56
851,2026-01-10T13:20:00.0,2026-01-19T18:57:45.531,"Any[1, 6, 11, 19, 25, 30, 37, 45, 56, 60]",1,60
856,2026-01-10T13:20:00.0,2026-01-19T18:57:45.531,"Any[6, 11, 16, 25, 30, 37, 45, 53]",6,53
859,2026-01-10T13:20:00.0,2026-01-26T18:57:45.531,"Any[64, 56, 45, 37, 30, 25, 19, 11, 6]",64,6
868,2026-01-10T13:20:00.0,2026-02-02T18:57:45.531,"Any[1, 6, 11, 19, 25, 30, 37, 45, 53, 60]",1,60
869,2026-01-10T13:20:00.0,2026-02-02T18:57:45.531,"Any[10, 11, 19, 25, 30, 37, 45, 53]",10,53
873,2026-01-10T13:20:00.0,2026-02-02T18:57:45.531,"Any[8, 13, 19, 25, 30, 37, 45, 56]",8,56
874,2026-01-10T13:20:00.0,2026-02-02T18:57:45.531,"Any[19, 25, 30, 37, 45, 53]",19,53
877,2026-01-10T13:20:00.0,2026-01-19T18:57:45.531,"Any[53, 45, 37, 30, 25, 19, 11, 6, 1]",53,1
895,2026-01-10T13:20:00.0,2026-02-02T18:57:45.531,"Any[53, 45, 37, 30, 25, 19, 13, 8]",53,8
897,2026-01-10T13:20:00.0,2026-02-02T18:57:45.531,"Any[7, 8, 13, 19, 25, 30, 37, 45, 53]",7,53
900,2026-01-10T13:20:00.0,2026-01-26T18:57:45.531,"Any[6, 11, 16, 25, 30, 37, 45]",6,45
905,2026-01-10T13:20:00.0,2026-01-19T18:57:45.531,"Any[7, 8, 13, 19, 25, 30, 37, 45, 53]",7,53
906,2026-01-10T13:20:00.0,2026-01-12T18:57:45.531,"Any[56, 45, 37, 30, 25, 19, 11, 6]",56,6
918,2026-01-10T13:20:00.0,2026-01-12T18:57:45.531,"Any[60, 56, 45, 37, 30, 25, 19, 13, 8]",60,8
919,2026-01-10T13:20:00.0,2026-01-12T18:57:45.531,"Any[6, 11, 19, 25, 30, 37, 45, 56]",6,56
920,2026-01-10T13:20:00.0,2026-02-02T18:57:45.531,"Any[60, 53, 45, 37, 30, 25, 19, 13, 8]",60,8
921,2026-01-10T13:20:00.0,2026-01-26T18:57:45.531,"Any[56, 45, 37, 30, 25, 19, 13, 8]",56,8
924,2026-01-10T13:20:00.0,2026-01-19T18:57:45.531,"Any[8, 13, 19, 25, 30, 37, 45, 56]",8,56
925,2026-01-10T13:20:00.0,2026-01-12T18:57:45.531,"Any[10, 19, 25, 30, 37, 45, 53]",10,53
933,2026-01-10T13:20:00.0,2026-02-02T18:57:45.531,"Any[53, 45, 37, 30, 25, 19, 11, 6, 1]",53,1
935,2026-01-10T13:20:00.0,2026-02-02T18:57:45.531,"Any[10, 19, 25, 30, 37, 45, 53, 60]",10,60
939,2026-01-10T13:20:00.0,2026-01-26T18:57:45.531,"Any[56, 45, 37, 30, 25, 19, 13, 8]",56,8
946,2026-01-10T13:20:00.0,2026-01-19T18:57:45.531,"Any[19, 25, 30, 37, 45, 53]",19,53
952,2026-01-10T13:20:00.0,2026-01-12T18:57:45.531,"Any[1, 6, 11, 19, 25, 30, 37, 45, 56]",1,56
953,2026-01-10T13:20:00.0,2026-01-12T18:57:45.531,"Any[60, 54, 44, 36, 31, 27, 21, 9]",60,9
965,2026-01-10T13:20:00.0,2026-01-12T18:57:45.531,"Any[60, 56, 45, 37, 30, 25, 19]",60,19
971,2026-01-10T13:20:00.0,2026-01-26T18:57:45.531,"Any[10, 19, 25, 30, 37, 45]",10,45
974,2026-01-10T13:20:00.0,2026-01-12T18:57:45.531,"Any[53, 45, 37, 30, 25, 19, 11, 6]",53,6
975,2026-01-10T13:20:00.0,2026-01-12T18:57:45.531,"Any[10, 19, 25, 30, 37, 45, 53]",10,53
981,2026-01-10T13:20:00.0,2026-02-02T18:57:45.531,"Any[45, 37, 30, 25, 19, 11, 6]",45,6
983,2026-01-10T13:20:00.0,2026-02-02T18:57:45.531,"Any[6, 11, 19, 25, 30, 37, 45, 53]",6,53
988,2026-01-10T13:20:00.0,2026-01-26T18:57:45.531,"Any[7, 8, 13, 19, 25, 30, 37, 45, 53]",7,53
1007,2026-01-10T13:20:00.0,2026-02-02T18:57:45.531,"Any[6, 11, 19, 25, 30, 37, 45, 56]",6,56
1016,2026-01-10T13:20:00.0,2026-01-26T18:57:45.531,"Any[56, 45, 37, 30, 25, 19, 11, 6, 6, 1]",56,6
1017,2026-01-10T13:20:00.0,2026-01-12T18:57:45.531,"Any[6, 11, 19, 25, 30, 37, 45, 56]",6,56
1021,2026-01-10T13:20:00.0,2026-01-19T18:57:45.531,"Any[6, 11, 19, 25, 30, 37, 45, 56]",6,56
1031,2026-01-10T13:20:00.0,2026-02-02T18:57:45.531,"Any[6, 11, 19, 25, 30, 37, 45, 53]",6,53
1033,2026-01-10T13:20:00.0,2026-01-12T18:57:45.531,"Any[64, 60, 53, 45, 37, 30, 25, 19, 10]",64,10
1034,2026-01-10T13:20:00.0,2026-01-19T18:57:45.531,"Any[10, 19, 25, 30, 37, 45, 53]",10,53
1042,2026-01-10T13:20:00.0,2026-01-26T18:57:45.531,"Any[53, 45, 37, 30, 25, 19, 13, 8]",53,8
1045,2026-01-10T13:20:00.0,2026-01-26T18:57:45.531,"Any[6, 11, 19, 25, 30, 37, 45, 56]",6,56
1052,2026-01-10T13:20:00.0,2026-02-02T18:57:45.531,"Any[64, 60, 53, 45, 37, 30, 25, 19, 11, 6, 1]",64,1
1054,2026-01-10T13:20:00.0,2026-01-26T18:57:45.531,"Any[16, 25, 30, 37, 45, 53]",16,53
1059,2026-01-10T13:20:00.0,2026-01-26T18:57:45.531,"Any[60, 56, 45, 37, 30, 25, 19, 11, 6]",60,6
1069,2026-01-10T13:20:00.0,2026-01-12T18:57:45.531,"Any[62, 45, 37, 30, 25, 19]",62,19
1080,2026-01-10T13:20:00.0,2026-01-12T18:57:45.531,"Any[60, 53, 45, 37, 30, 25, 19, 13, 8]",60,8
1082,2026-01-10T13:20:00.0,2026-01-12T18:57:45.531,"Any[6, 11, 19, 25, 30, 37, 45, 56]",6,56
1088,2026-01-10T13:20:00.0,2026-01-19T18:57:45.531,"Any[6, 11, 19, 25, 30, 37, 45]",6,45
1091,2026-01-10T13:20:00.0,2026-01-19T18:57:45.531,"Any[1, 6, 11, 19, 25, 30, 37, 45, 56]",1,56
1096,2026-01-10T13:20:00.0,2026-01-19T18:57:45.531,"Any[10, 19, 25, 30, 37, 45, 53]",10,53
1097,2026-01-10T13:20:00.0,2026-01-12T18:57:45.531,"Any[60, 53, 45, 37, 30, 25, 19, 10]",60,10
1098,2026-01-10T13:20:00.0,2026-01-19T18:57:45.531,"Any[8, 13, 19, 25, 30, 37, 45, 56]",8,56
1100,2026-01-10T13:20:00.0,2026-01-19T18:57:45.531,"Any[10, 19, 25, 30, 37, 45, 53, 60]",10,60
1102,2026-01-10T13:20:00.0,2026-01-12T18:57:45.531,"Any[1, 6, 11, 19, 25, 30, 37, 45, 53]",1,53
1104,2026-01-10T13:20:00.0,2026-02-02T18:57:45.531,"Any[1, 6, 11, 16, 25, 30, 37, 45, 56]",1,56
1106,2026-01-10T13:20:00.0,2026-01-26T18:57:45.531,"Any[60, 53, 45, 37, 30, 25, 19, 13, 8]",60,8
1109,2026-01-10T13:20:00.0,2026-01-26T18:57:45.531,"Any[10, 19, 25, 30, 37, 45, 56]",10,56
1112,2026-01-10T13:20:00.0,2026-01-12T18:57:45.531,"Any[64, 60, 56, 45, 37, 30, 25, 19, 10]",64,10
1116,2026-01-10T13:20:00.0,2026-01-19T18:57:45.531,"Any[10, 19, 25, 30, 37, 45, 53, 60]",10,60
1118,2026-01-10T13:20:00.0,2026-02-02T18:57:45.531,"Any[60, 56, 45, 37, 30, 25, 19]",60,19
1121,2026-01-10T13:20:00.0,2026-01-19T18:57:45.531,"Any[8, 13, 19, 25, 30, 37, 45, 56]",8,56
1122,2026-01-10T13:20:00.0,2026-01-12T18:57:45.531,"Any[6, 11, 19, 25, 30, 37, 45]",6,45
1124,2026-01-10T13:20:00.0,2026-01-26T18:57:45.531,"Any[14, 19, 25, 30, 37, 45, 53]",14,53
1126,2026-01-10T13:20:00.0,2026-02-02T18:57:45.531,"Any[16, 17, 25, 30, 37, 45, 53]",16,53
1129,2026-01-10T13:20:00.0,2026-01-19T18:57:45.531,"Any[53, 45, 37, 30, 25, 19, 11, 6, 1]",53,1
1133,2026-01-10T13:20:00.0,2026-01-26T18:57:45.531,"Any[53, 45, 37, 30, 25]",53,25
1143,2026-01-10T13:20:00.0,2026-01-19T18:57:45.531,"Any[53, 45, 37, 30, 25, 19, 11, 6, 5]",53,5
1147,2026-01-10T13:20:00.0,2026-01-26T18:57:45.531,"Any[56, 45, 37, 30, 25, 19, 13, 8]",56,8
1149,2026-01-10T13:20:00.0,2026-01-19T18:57:45.531,"Any[10, 19, 25, 30, 37, 45, 53, 60]",10,60
1153,2026-01-10T13:20:00.0,2026-02-02T18:57:45.531,"Any[56, 45, 37, 30, 25, 19, 13, 8]",56,8
1154,2026-01-10T13:20:00.0,2026-01-12T18:57:45.531,"Any[19, 17, 25, 30, 37, 45, 53, 60]",19,60
1157,2026-01-10T13:20:00.0,2026-01-19T18:57:45.531,"Any[1, 6, 11, 19, 25, 30, 37, 45, 53]",1,53
1161,2026-01-10T13:20:00.0,2026-01-12T18:57:45.531,"Any[6, 11, 19, 25, 30, 37, 45]",6,45
1165,2026-01-10T13:20:00.0,2026-01-19T18:57:45.531,"Any[8, 13, 19, 25, 30, 37, 45, 56]",8,56
1167,2026-01-10T13:20:00.0,2026-01-26T18:57:45.531,"Any[6, 11, 16, 25, 30, 37, 45]",6,45
1174,2026-01-10T13:20:00.0,2026-01-19T18:57:45.531,"Any[6, 11, 19, 25, 30, 37, 45]",6,45
1187,2026-01-10T13:20:00.0,2026-02-02T18:57:45.531,"Any[56, 45, 37, 30, 25, 19]",56,19
1196,2026-01-10T13:20:00.0,2026-02-02T18:57:45.531,"Any[53, 45, 37, 30, 25, 19, 11, 6, 1]",53,1
1200,2026-01-10T13:20:00.0,2026-02-02T18:57:45.531,"Any[60, 53, 45, 37, 30, 25, 19, 13, 8]",60,8
1201,2026-01-10T13:20:00.0,2026-02-02T18:57:45.531,"Any[1, 6, 11, 19, 23, 28, 36, 44, 54, 60]",1,60
1202,2026-01-10T13:20:00.0,2026-01-19T18:57:45.531,"Any[64, 60, 53, 45, 37, 30, 25, 19, 10]",64,10
1204,2026-01-10T13:20:00.0,2026-01-19T18:57:45.531,"Any[1, 6, 11, 19, 25, 30, 37, 45, 53, 60]",1,60
1205,2026-01-10T13:20:00.0,2026-01-26T18:57:45.531,"Any[8, 13, 19, 25, 30, 37, 45, 56]",8,56
1207,2026-01-10T13:20:00.0,2026-01-12T18:57:45.531,"Any[60, 56, 45, 37, 30, 25]",60,25
1208,2026-01-10T13:20:00.0,2026-01-12T18:57:45.531,"Any[10, 19, 25, 30, 37, 45, 53]",10,53
1214,2026-01-10T13:20:00.0,2026-02-02T18:57:45.531,"Any[53, 45, 37, 30, 25, 19, 13, 8]",53,8
1215,2026-01-10T13:20:00.0,2026-02-02T18:57:45.531,"Any[6, 11, 19, 25, 30, 37, 45, 56]",6,56
1217,2026-01-10T13:20:00.0,2026-01-19T18:57:45.531,"Any[6, 11, 19, 25, 30, 37, 45]",6,45
1230,2026-01-10T13:20:00.0,2026-01-26T18:57:45.531,"Any[56, 45, 37, 30, 25, 19, 14]",56,14
1232,2026-01-10T13:20:00.0,2026-01-19T18:57:45.531,"Any[53, 45, 37, 30, 25, 19, 11, 6, 1]",53,1
1243,2026-01-10T13:20:00.0,2026-02-02T18:57:45.531,"Any[53, 45, 37, 30, 25, 19, 13, 8]",53,8
1245,2026-01-10T13:20:00.0,2026-02-02T18:57:45.531,"Any[56, 45, 37, 30, 25, 19, 11, 6]",56,6
1253,2026-01-10T13:20:00.0,2026-01-26T18:57:45.531,"Any[8, 13, 19, 25, 30, 37, 45, 53]",8,53
1255,2026-01-10T13:20:00.0,2026-01-12T18:57:45.531,"Any[53, 45, 37, 30, 25, 19, 11, 6, 1]",53,1
1256,2026-01-10T13:20:00.0,2026-01-19T18:57:45.531,"Any[13, 19, 25, 30, 37, 45, 56]",13,56
1259,2026-01-10T13:20:00.0,2026-01-12T18:57:45.531,"Any[64, 60, 53, 45, 37, 30, 25, 19, 13, 8]",64,8
1260,2026-01-10T13:20:00.0,2026-01-19T18:57:45.531,"Any[10, 19, 25, 30, 37, 45, 53]",10,53
1264,2026-01-10T13:20:00.0,2026-01-12T18:57:45.531,"Any[10, 19, 25, 30, 37, 45, 53]",10,53
1265,2026-01-10T13:20:00.0,2026-02-02T18:57:45.531,"Any[56, 45, 37, 30, 25, 19, 13, 8]",56,8
1276,2026-01-10T13:20:00.0,2026-02-02T18:57:45.531,"Any[8, 13, 19, 25, 30, 37, 45]",8,45
1279,2026-01-10T13:20:00.0,2026-02-02T18:57:45.531,"Any[8, 13, 19, 25, 30, 37, 45, 56]",8,56
1284,2026-01-10T13:20:00.0,2026-02-02T18:57:45.531,"Any[6, 11, 19, 25, 30, 37, 45]",6,45
1295,2026-01-10T13:20:00.0,2026-01-26T18:57:45.531,"Any[8, 13, 19, 25, 30, 37, 45, 53]",8,53
1298,2026-01-10T13:20:00.0,2026-02-02T18:57:45.531,"Any[16, 25, 30, 37, 45, 53]",16,53
1300,2026-01-10T13:20:00.0,2026-01-12T18:57:45.531,"Any[53, 45, 37, 30, 25, 19, 10]",53,10
1302,2026-01-10T13:20:00.0,2026-01-12T18:57:45.531,"Any[6, 11, 19, 25, 30, 37, 45]",6,45
1307,2026-01-10T13:20:00.0,2026-01-19T18:57:45.531,"Any[17, 16, 17, 25, 30, 37, 45, 53, 60]",17,60
1323,2026-01-10T13:20:00.0,2026-02-02T18:57:45.531,"Any[8, 13, 19, 25, 30, 37, 45, 56]",8,56
1326,2026-01-10T13:20:00.0,2026-01-19T18:57:45.531,"Any[53, 45, 37, 30, 25, 19]",53,19
1328,2026-01-10T13:20:00.0,2026-01-12T18:57:45.531,"Any[19, 25, 30, 37, 45, 53]",19,53
1329,2026-01-10T13:20:00.0,2026-02-02T18:57:45.531,"Any[56, 45, 37, 30, 25, 19]",56,19
1331,2026-01-10T13:20:00.0,2026-01-26T18:57:45.531,"Any[60, 53, 45, 37, 30, 25, 19, 13, 8]",60,8
1332,2026-01-10T13:20:00.0,2026-01-19T18:57:45.531,"Any[1, 6, 11, 19, 25, 30, 37, 45, 53, 60]",1,60
1335,2026-01-10T13:20:00.0,2026-01-12T18:57:45.531,"Any[64, 60, 53, 45, 37, 30, 25, 19, 13, 8]",64,8
1348,2026-01-10T13:20:00.0,2026-01-19T18:57:45.531,"Any[64, 60, 56, 45, 37, 30, 25, 19, 11, 10]",64,10
1353,2026-01-10T13:20:00.0,2026-01-12T18:57:45.531,"Any[64, 60, 53, 45, 37, 30, 25, 19, 11, 6, 1]",64,1
1356,2026-01-10T13:20:00.0,2026-02-02T18:57:45.531,"Any[6, 11, 19, 25, 30, 37, 45, 56]",6,56
1366,2026-01-10T13:20:00.0,2026-01-26T18:57:45.531,"Any[53, 45, 37, 30, 25, 19, 10]",53,10
1367,2026-01-10T13:20:00.0,2026-01-26T18:57:45.531,"Any[64, 60, 56, 45, 37, 30, 25, 19, 11, 6]",64,6
1377,2026-01-10T13:20:00.0,2026-02-02T18:57:45.531,"Any[56, 45, 37, 30, 25]",56,25
1378,2026-01-10T13:20:00.0,2026-01-26T18:57:45.531,"Any[6, 11, 19, 25, 30, 37, 45, 53]",6,53
1383,2026-01-10T13:20:00.0,2026-01-19T18:57:45.531,"Any[53, 45, 37, 30, 25, 19, 10]",53,10
1386,2026-01-10T13:20:00.0,2026-01-12T18:57:45.531,"Any[60, 56, 45, 37, 30, 25, 19]",60,19
1393,2026-01-10T13:20:00.0,2026-01-26T18:57:45.531,"Any[10, 19, 25, 30, 37, 45, 53]",10,53
1395,2026-01-10T13:20:00.0,2026-01-12T18:57:45.531,"Any[10, 19, 25, 30, 37, 45, 53]",10,53
1397,2026-01-10T13:20:00.0,2026-01-12T18:57:45.531,"Any[53, 45, 37, 30, 25, 19, 11, 6, 1]",53,1
1416,2026-01-10T13:20:00.0,2026-01-26T18:57:45.531,"Any[25, 30, 37, 45, 53]",25,53
1431,2026-01-10T13:20:00.0,2026-02-02T18:57:45.531,"Any[17, 25, 30, 37, 45, 53, 60]",17,60
1442,2026-01-10T13:20:00.0,2026-01-12T18:57:45.531,"Any[64, 53, 45, 37, 30, 25, 19, 13, 8]",64,8
1443,2026-01-10T13:20:00.0,2026-01-19T18:57:45.531,"Any[53, 45, 37, 30, 25, 19, 13, 8]",53,8
1444,2026-01-10T13:20:00.0,2026-02-02T18:57:45.531,"Any[1, 6, 11, 16, 25, 30, 37, 45, 56, 60]",1,60
1455,2026-01-10T13:20:00.0,2026-01-12T18:57:45.531,"Any[6, 11, 19, 25, 30, 37, 45, 56]",6,56
1456,2026-01-10T13:20:00.0,2026-01-12T18:57:45.531,"Any[17, 16, 17, 25, 30, 37, 45, 53, 60]",17,60
1460,2026-01-10T13:20:00.0,2026-02-02T18:57:45.531,"Any[60, 53, 45, 37, 30, 25]",60,25
1461,2026-01-10T13:20:00.0,2026-01-26T18:57:45.531,"Any[19, 25, 30, 37, 45, 56, 60]",19,60
1466,2026-01-10T13:20:00.0,2026-02-02T18:57:45.531,"Any[64, 60, 56, 45, 37, 30, 25, 19, 11, 6]",64,6
1471,2026-01-10T13:20:00.0,2026-01-26T18:57:45.531,"Any[25, 30, 37, 45, 53, 60, 64]",25,64
1479,2026-01-10T13:20:00.0,2026-02-02T18:57:45.531,"Any[19, 25, 30, 37, 45, 56, 60]",19,60
1489,2026-01-10T13:20:00.0,2026-01-19T18:57:45.531,"Any[60, 56, 45, 37, 30, 25, 19, 11, 6, 1]",60,1
1490,2026-01-10T13:20:00.0,2026-01-12T18:57:45.531,"Any[45, 37, 30, 25]",45,25
1494,2026-01-10T13:20:00.0,2026-01-26T18:57:45.531,"Any[8, 13, 19, 25, 30, 37, 45, 56]",8,56
1500,2026-01-10T13:20:00.0,2026-01-19T18:57:45.531,"Any[53, 45, 37, 30, 25, 19, 11, 6, 1]",53,1
1504,2026-01-10T13:20:00.0,2026-01-12T18:57:45.531,"Any[8, 13, 19, 25, 30, 37, 45, 56]",8,56
1516,2026-01-10T13:20:00.0,2026-01-26T18:57:45.531,"Any[62, 45, 37, 30, 25, 19]",62,19
1523,2026-01-10T13:20:00.0,2026-01-12T18:57:45.531,"Any[6, 11, 19, 25, 30, 37, 45, 56]",6,56
1540,2026-01-10T13:20:00.0,2026-01-12T18:57:45.531,"Any[6, 11, 19, 25, 30, 37, 45]",6,45
1544,2026-01-10T13:20:00.0,2026-01-26T18:57:45.531,"Any[8, 13, 19, 25, 30, 37, 45, 56]",8,56
1553,2026-01-10T13:20:00.0,2026-02-02T18:57:45.531,"Any[8, 13, 19, 25, 30, 37, 45, 53]",8,53
1557,2026-01-10T13:20:00.0,2026-01-26T18:57:45.531,"Any[8, 13, 19, 25, 30, 37, 45, 53]",8,53
1564,2026-01-10T13:20:00.0,2026-02-02T18:57:45.531,"Any[53, 45, 37, 30, 25]",53,25
1566,2026-01-10T13:20:00.0,2026-02-02T18:57:45.531,"Any[10, 19, 25, 30, 37, 45, 53]",10,53
1568,2026-01-10T13:20:00.0,2026-01-26T18:57:45.531,"Any[56, 45, 37, 30, 25]",56,25
1571,2026-01-10T13:20:00.0,2026-01-26T18:57:45.531,"Any[10, 19, 25, 30, 37, 45, 53]",10,53
1576,2026-01-10T13:20:00.0,2026-01-12T18:57:45.531,"Any[1, 6, 11, 25, 30, 37, 45, 53]",1,53
1583,2026-01-10T13:20:00.0,2026-02-02T18:57:45.531,"Any[53, 45, 37, 30, 25, 19, 11, 6, 1]",53,1
1584,2026-01-10T13:20:00.0,2026-02-02T18:57:45.531,"Any[6, 11, 19, 25, 30, 37, 45]",6,45
1589,2026-01-10T13:20:00.0,2026-02-02T18:57:45.531,"Any[6, 11, 19, 25, 30, 37, 45, 53]",6,53
1591,2026-01-10T13:20:00.0,2026-01-26T18:57:45.531,"Any[53, 45, 37, 30, 25, 19, 10]",53,10
1596,2026-01-10T13:20:00.0,2026-01-26T18:57:45.531,"Any[60, 56, 45, 37, 30, 25, 19]",60,19
1609,2026-01-10T13:20:00.0,2026-01-12T18:57:45.531,"Any[56, 45, 37, 30, 25, 19, 11, 6]",56,6
1615,2026-01-10T13:20:00.0,2026-01-19T18:57:45.531,"Any[8, 13, 19, 25, 30, 37, 45, 53]",8,53
1621,2026-01-10T13:20:00.0,2026-02-02T18:57:45.531,"Any[53, 45, 37, 30, 25, 19, 13, 8]",53,8
1623,2026-01-10T13:20:00.0,2026-01-12T18:57:45.531,"Any[53, 45, 37, 30, 25, 19, 11, 6, 1]",53,1
1635,2026-01-10T13:20:00.0,2026-02-02T18:57:45.531,"Any[60, 53, 45, 37, 30, 25, 19]",60,19
1641,2026-01-10T13:20:00.0,2026-02-02T18:57:45.531,"Any[53, 45, 37, 30, 25, 19, 10]",53,10
1651,2026-01-10T13:20:00.0,2026-01-12T18:57:45.531,"Any[53, 45, 37, 30, 25, 19, 11, 6, 1]",53,1
1654,2026-01-10T13:20:00.0,2026-01-12T18:57:45.531,"Any[10, 11, 19, 25, 30, 37, 45, 53]",10,53
1663,2026-01-10T13:20:00.0,2026-01-26T18:57:45.531,"Any[53, 45, 37, 30, 25, 19, 11, 6, 1]",53,1
1668,2026-01-10T13:20:00.0,2026-02-02T18:57:45.531,"Any[1, 6, 11, 19, 25, 30, 37, 45, 56]",1,56
1672,2026-01-10T13:20:00.0,2026-02-02T18:57:45.531,"Any[53, 45, 37, 30, 25, 19, 13, 8]",53,8
1676,2026-01-10T13:20:00.0,2026-02-02T18:57:45.531,"Any[10, 19, 25, 30, 37, 45, 53]",10,53
1678,2026-01-10T13:20:00.0,2026-01-19T18:57:45.531,"Any[10, 19, 25, 30, 37, 45, 53]",10,53
1682,2026-01-10T13:20:00.0,2026-01-12T18:57:45.531,"Any[8, 13, 19, 25, 30, 37, 45, 53, 60]",8,60
1683,2026-01-10T13:20:00.0,2026-01-26T18:57:45.531,"Any[53, 45, 37, 30, 25, 19, 10]",53,10
1685,2026-01-10T13:20:00.0,2026-01-12T18:57:45.531,"Any[60, 56, 45, 37, 30, 25, 19, 11, 6, 1]",60,1
1686,2026-01-10T13:20:00.0,2026-01-19T18:57:45.531,"Any[6, 11, 19, 25, 30, 37, 45, 56]",6,56
1692,2026-01-10T13:20:00.0,2026-02-02T18:57:45.531,"Any[1, 6, 11, 19, 25, 30, 37, 45, 53]",1,53
1693,2026-01-10T13:20:00.0,2026-01-26T18:57:45.531,"Any[56, 45, 37, 30, 25, 19, 11, 6]",56,6
1695,2026-01-10T13:20:00.0,2026-02-02T18:57:45.531,"Any[6, 11, 19, 25, 30, 37, 45]",6,45
1698,2026-01-10T13:20:00.0,2026-01-19T18:57:45.531,"Any[60, 56, 45, 37, 30, 25, 19]",60,19
1700,2026-01-10T13:20:00.0,2026-02-02T18:57:45.531,"Any[53, 45, 37, 30, 25, 19, 11, 6]",53,6
1703,2026-01-10T13:20:00.0,2026-02-02T18:57:45.531,"Any[6, 11, 19, 25, 30, 37, 45, 53]",6,53
1708,2026-01-10T13:20:00.0,2026-01-19T18:57:45.531,"Any[60, 53, 45, 37, 30, 25, 19, 10]",60,10
1709,2026-01-10T13:20:00.0,2026-01-19T18:57:45.531,"Any[53, 45, 37, 30, 25, 19, 11, 6, 1]",53,1
1711,2026-01-10T13:20:00.0,2026-01-12T18:57:45.531,"Any[60, 53, 45, 37, 30, 25, 19]",60,19
1727,2026-01-10T13:20:00.0,2026-01-26T18:57:45.531,"Any[56, 45, 37, 30, 25, 19, 11, 6]",56,6
1729,2026-01-10T13:20:00.0,2026-02-02T18:57:45.531,"Any[8, 13, 19, 25, 30, 37, 45, 56]",8,56
1732,2026-01-10T13:20:00.0,2026-01-19T18:57:45.531,"Any[6, 11, 19, 25, 30, 37, 45, 56]",6,56
1740,2026-01-10T13:20:00.0,2026-02-02T18:57:45.531,"Any[53, 45, 37, 30, 25, 19, 13, 8]",53,8
1742,2026-01-10T13:20:00.0,2026-02-02T18:57:45.531,"Any[53, 45, 37, 30, 25, 19, 10]",53,10
1744,2026-01-10T13:20:00.0,2026-01-26T18:57:45.531,"Any[60, 53, 45, 37, 30, 25, 11, 6, 1]",60,1
1746,2026-01-10T13:20:00.0,2026-02-02T18:57:45.531,"Any[53, 45, 37, 30, 25, 19, 10]",53,10
1751,2026-01-10T13:20:00.0,2026-01-26T18:57:45.531,"Any[19, 25, 30, 37, 45, 56]",19,56
1756,2026-01-10T13:20:00.0,2026-02-02T18:57:45.531,"Any[6, 11, 19, 25, 30, 37, 45, 53]",6,53
1758,2026-01-10T13:20:00.0,2026-02-02T18:57:45.531,"Any[53, 45, 37, 30, 25, 19, 11, 6, 1]",53,1
1761,2026-01-10T13:20:00.0,2026-01-12T18:57:45.531,"Any[8, 13, 19, 25, 30, 37, 45, 53]",8,53
1768,2026-01-10T13:20:00.0,2026-02-02T18:57:45.531,"Any[56, 45, 37, 30, 25, 19, 13, 8]",56,8
1771,2026-01-10T13:20:00.0,2026-01-26T18:57:45.531,"Any[53, 45, 37, 30, 25, 19, 11, 6, 1]",53,1
1775,2026-01-10T13:20:00.0,2026-01-26T18:57:45.531,"Any[10, 19, 25, 30, 37, 45, 53]",10,53
1777,2026-01-10T13:20:00.0,2026-02-02T18:57:45.531,"Any[45, 37, 30, 25]",45,25
1782,2026-01-10T13:20:00.0,2026-01-19T18:57:45.531,"Any[8, 13, 19, 25, 30, 37, 45, 56]",8,56
1783,2026-01-10T13:20:00.0,2026-01-19T18:57:45.531,"Any[60, 53, 45, 37, 30, 25, 19, 10]",60,10
1784,2026-01-10T13:20:00.0,2026-02-02T18:57:45.531,"Any[19, 25, 30, 37, 45, 56]",19,56
1787,2026-01-10T13:20:00.0,2026-01-12T18:57:45.531,"Any[53, 45, 37, 30, 25, 19, 11, 6, 1]",53,1
1791,2026-01-10T13:20:00.0,2026-01-19T18:57:45.531,"Any[64, 60, 53, 45, 37, 30, 25, 19, 11, 6, 1]",64,1
1797,2026-01-10T13:20:00.0,2026-02-02T18:57:45.531,"Any[64, 60, 56, 45, 37, 30, 25, 19, 11, 6]",64,6
1798,2026-01-10T13:20:00.0,2026-01-26T18:57:45.531,"Any[53, 45, 37, 30, 25, 19, 13, 8]",53,8
1800,2026-01-10T13:20:00.0,2026-01-12T18:57:45.531,"Any[56, 45, 37, 30, 25, 19, 13, 8]",56,8
1804,2026-01-10T13:20:00.0,2026-02-02T18:57:45.531,"Any[10, 19, 25, 30, 37, 45, 53]",10,53
1812,2026-01-10T13:20:00.0,2026-02-02T18:57:45.531,"Any[6, 11, 16, 25, 30, 37, 45]",6,45
1813,2026-01-10T13:20:00.0,2026-01-19T18:57:45.531,"Any[60, 53, 45, 37, 30, 25, 19, 10]",60,10
1814,2026-01-10T13:20:00.0,2026-01-26T18:57:45.531,"Any[6, 11, 19, 25, 30, 37, 45, 56]",6,56
1820,2026-01-10T13:20:00.0,2026-01-12T18:57:45.531,"Any[8, 13, 19, 25, 30, 37, 45, 56]",8,56
1822,2026-01-10T13:20:00.0,2026-02-02T18:57:45.531,"Any[10, 19, 25, 30, 37, 45, 53]",10,53
1825,2026-01-10T13:20:00.0,2026-02-02T18:57:45.531,"Any[8, 13, 19, 25, 30, 37, 45, 53]",8,53
1833,2026-01-10T13:20:00.0,2026-02-02T18:57:45.531,"Any[60, 53, 45, 37, 30, 25, 19, 11, 6]",60,6
1836,2026-01-10T13:20:00.0,2026-01-12T18:57:45.531,"Any[53, 45, 37, 30, 25, 19]",53,19
1837,2026-01-10T13:20:00.0,2026-01-26T18:57:45.531,"Any[1, 6, 11, 19, 25, 30, 37, 45, 56, 60]",1,60
1851,2026-01-10T13:20:00.0,2026-01-12T18:57:45.531,"Any[53, 45, 37, 30, 25, 19, 10]",53,10
1852,2026-01-10T13:20:00.0,2026-01-26T18:57:45.531,"Any[64, 60, 56, 45, 37, 30, 25, 19, 11, 6]",64,6
1855,2026-01-10T13:20:00.0,2026-02-02T18:57:45.531,"Any[53, 45, 37, 30, 25]",53,25
1864,2026-01-10T13:20:00.0,2026-01-26T18:57:45.531,"Any[53, 45, 37, 30, 25, 19, 10]",53,10
1878,2026-01-10T13:20:00.0,2026-02-02T18:57:45.531,"Any[60, 53, 45, 37, 30, 25]",60,25
1882,2026-01-10T13:20:00.0,2026-01-12T18:57:45.531,"Any[6, 11, 19, 25, 30, 37, 45]",6,45
1883,2026-01-10T13:20:00.0,2026-01-19T18:57:45.531,"Any[8, 13, 19, 25, 30, 37, 45, 53, 60]",8,60
1884,2026-01-10T13:20:00.0,2026-01-19T18:57:45.531,"Any[53, 45, 37, 30, 25, 19, 10]",53,10
1885,2026-01-10T13:20:00.0,2026-02-02T18:57:45.531,"Any[10, 19, 25, 30, 37, 45, 53]",10,53
1886,2026-01-10T13:20:00.0,2026-01-26T18:57:45.531,"Any[60, 53, 45, 37, 30, 25, 19, 17, 19, 11, 6]",60,6
1900,2026-01-10T13:20:00.0,2026-01-19T18:57:45.531,"Any[56, 45, 37, 30, 25, 19, 11, 6, 1]",56,1
1901,2026-01-10T13:20:00.0,2026-01-12T18:57:45.531,"Any[53, 45, 37, 30, 25, 19, 11, 6, 1]",53,1
1907,2026-01-10T13:20:00.0,2026-02-02T18:57:45.531,"Any[53, 45, 37, 30, 25, 19, 11, 6, 1]",53,1
1917,2026-01-10T13:20:00.0,2026-01-26T18:57:45.531,"Any[56, 45, 37, 30, 25]",56,25
1919,2026-01-10T13:20:00.0,2026-01-12T18:57:45.531,"Any[8, 13, 19, 25, 30, 37, 45, 56]",8,56
1925,2026-01-10T13:20:00.0,2026-01-19T18:57:45.531,"Any[6, 11, 19, 25, 30, 37, 45]",6,45
1934,2026-01-10T13:20:00.0,2026-01-12T18:57:45.531,"Any[6, 11, 19, 25, 30, 37, 45, 56]",6,56
1938,2026-01-10T13:20:00.0,2026-01-12T18:57:45.531,"Any[19, 25, 30, 37, 45, 56]",19,56
1946,2026-01-10T13:20:00.0,2026-02-02T18:57:45.531,"Any[6, 11, 19, 25, 30, 37, 45, 56]",6,56
1950,2026-01-10T13:20:00.0,2026-01-12T18:57:45.531,"Any[10, 19, 25, 30, 37, 45, 53]",10,53
1953,2026-01-10T13:20:00.0,2026-01-26T18:57:45.531,"Any[53, 45, 37, 30, 25, 19, 10]",53,10
1955,2026-01-10T13:20:00.0,2026-01-12T18:57:45.531,"Any[53, 45, 37, 30, 25, 19, 13, 8]",53,8
1960,2026-01-10T13:20:00.0,2026-01-12T18:57:45.531,"Any[6, 11, 16, 25, 30, 37, 45]",6,45
1961,2026-01-10T13:20:00.0,2026-02-02T18:57:45.531,"Any[53, 45, 37, 30, 25, 19, 13, 8]",53,8
1972,2026-01-10T13:20:00.0,2026-01-12T18:57:45.531,"Any[53, 45, 37, 30, 25, 19, 11, 6, 1]",53,1
1975,2026-01-10T13:20:00.0,2026-02-02T18:57:45.531,"Any[53, 45, 37, 30, 25]",53,25
1983,2026-01-10T13:20:00.0,2026-01-12T18:57:45.531,"Any[8, 13, 19, 25, 30, 37, 45, 53]",8,53
1986,2026-01-10T13:20:00.0,2026-01-26T18:57:45.531,"Any[56, 45, 37, 30, 25, 19, 11, 6]",56,6
1994,2026-01-10T13:20:00.0,2026-02-02T18:57:45.531,"Any[45, 37, 30, 25]",45,25
1998,2026-01-10T13:20:00.0,2026-02-02T18:57:45.531,"Any[19, 25, 30, 37, 45, 53]",19,53
2012,2026-01-10T13:20:00.0,2026-01-19T18:57:45.531,"Any[60, 53, 45, 37, 30, 25]",60,25
2013,2026-01-10T13:20:00.0,2026-01-19T18:57:45.531,"Any[56, 45, 37, 30, 25, 19, 13, 8]",56,8
2017,2026-01-10T13:20:00.0,2026-01-19T18:57:45.531,"Any[53, 45, 37, 30, 25, 19, 13, 8]",53,8
2024,2026-01-10T13:20:00.0,2026-01-26T18:57:45.531,"Any[53, 45, 37, 30, 25, 19, 10]",53,10
2026,2026-01-10T13:20:00.0,2026-01-26T18:57:45.531,"Any[3, 10, 19, 25, 30, 37, 45, 53]",3,53
2035,2026-01-10T13:20:00.0,2026-02-02T18:57:45.531,"Any[53, 45, 37, 30, 25, 19, 11, 6, 1]",53,1
2041,2026-01-10T13:20:00.0,2026-01-26T18:57:45.531,"Any[64, 53, 45, 37, 30, 25, 19, 13, 8]",64,8
2042,2026-01-10T13:20:00.0,2026-01-12T18:57:45.531,"Any[19, 25, 30, 37, 45, 53]",19,53
2043,2026-01-10T13:20:00.0,2026-01-26T18:57:45.531,"Any[53, 45, 37, 30, 25, 19, 11, 6, 1]",53,1
2045,2026-01-10T13:20:00.0,2026-01-26T18:57:45.531,"Any[19, 25, 30, 37, 45, 56]",19,56
2046,2026-01-10T13:20:00.0,2026-02-02T18:57:45.531,"Any[8, 13, 19, 25, 30, 37, 45, 56, 60, 64]",8,64
2047,2026-01-10T13:20:00.0,2026-01-19T18:57:45.531,"Any[6, 11, 19, 25, 30, 37, 45]",6,45
2048,2026-01-10T13:20:00.0,2026-02-02T18:57:45.531,"Any[25, 30, 37, 45, 56]",25,56
2057,2026-01-10T13:20:00.0,2026-01-12T18:57:45.531,"Any[62, 53, 45, 37, 30, 25, 19, 13, 8]",62,8
2074,2026-01-10T13:20:00.0,2026-02-02T18:57:45.531,"Any[60, 53, 45, 37, 30, 25]",60,25
2083,2026-01-10T13:20:00.0,2026-01-26T18:57:45.531,"Any[53, 45, 37, 30, 25]",53,25
2084,2026-01-10T13:20:00.0,2026-02-02T18:57:45.531,"Any[56, 45, 37, 30, 25, 19, 11, 6]",56,6
2087,2026-01-10T13:20:00.0,2026-01-12T18:57:45.531,"Any[64, 60, 53, 45, 37, 30, 25, 19, 10]",64,10
2089,2026-01-10T13:20:00.0,2026-01-26T18:57:45.531,"Any[19, 25, 30, 37, 45, 53]",19,53
2091,2026-01-10T13:20:00.0,2026-01-12T18:57:45.531,"Any[60, 56, 45, 37, 30, 25, 19, 11, 6]",60,6
2098,2026-01-10T13:20:00.0,2026-01-19T18:57:45.531,"Any[8, 13, 19, 25, 30, 37, 45, 56]",8,56
2117,2026-01-10T13:20:00.0,2026-01-26T18:57:45.531,"Any[56, 45, 37, 30, 25, 19, 10]",56,10
2124,2026-01-10T13:20:00.0,2026-01-19T18:57:45.531,"Any[60, 56, 45, 37, 30, 25, 19]",60,19
2128,2026-01-10T13:20:00.0,2026-01-19T18:57:45.531,"Any[19, 25, 30, 37, 45, 53]",19,53
2134,2026-01-10T13:20:00.0,2026-02-02T18:57:45.531,"Any[6, 11, 19, 25, 30, 37, 45]",6,45
2136,2026-01-10T13:20:00.0,2026-01-19T18:57:45.531,"Any[1, 6, 11, 19, 25, 30, 37, 45, 56]",1,56
2137,2026-01-10T13:20:00.0,2026-02-02T18:57:45.531,"Any[56, 45, 37, 30, 25]",56,25
2140,2026-01-10T13:20:00.0,2026-02-02T18:57:45.531,"Any[16, 25, 30, 37, 45, 53, 60]",16,60
2141,2026-01-10T13:20:00.0,2026-02-02T18:57:45.531,"Any[25, 30, 37, 45, 53]",25,53
2143,2026-01-10T13:20:00.0,2026-01-26T18:57:45.531,"Any[1, 6, 11, 19, 23, 36, 44, 54, 60]",1,60
2150,2026-01-10T13:20:00.0,2026-02-02T18:57:45.531,"Any[53, 45, 37, 30, 25, 19, 10]",53,10
2153,2026-01-10T13:20:00.0,2026-01-19T18:57:45.531,"Any[53, 45, 37, 30, 25, 19, 10]",53,10
2156,2026-01-10T13:20:00.0,2026-01-19T18:57:45.531,"Any[53, 45, 37, 30, 25, 19, 10]",53,10
2157,2026-01-10T13:20:00.0,2026-01-19T18:57:45.531,"Any[53, 45, 37, 30, 25, 19, 13, 8]",53,8
2167,2026-01-10T13:20:00.0,2026-01-26T18:57:45.531,"Any[19, 25, 30, 37, 45, 56]",19,56
2179,2026-01-10T13:20:00.0,2026-02-02T18:57:45.531,"Any[17, 25, 30, 37, 45, 53, 60]",17,60
2184,2026-01-10T13:20:00.0,2026-01-12T18:57:45.531,"Any[5, 10, 19, 25, 30, 37, 45, 53]",5,53
2187,2026-01-10T13:20:00.0,2026-01-26T18:57:45.531,"Any[19, 25, 30, 37, 45]",19,45
2190,2026-01-10T13:20:00.0,2026-01-12T18:57:45.531,"Any[19, 25, 30, 37, 45, 56]",19,56
2198,2026-01-10T13:20:00.0,2026-01-12T18:57:45.531,"Any[64, 53, 45, 37, 30, 25, 19, 13, 8]",64,8
2201,2026-01-10T13:20:00.0,2026-01-26T18:57:45.531,"Any[53, 45, 37, 30, 25]",53,25
2202,2026-01-10T13:20:00.0,2026-01-19T18:57:45.531,"Any[53, 45, 37, 30, 25, 19, 11, 6, 1]",53,1
2206,2026-01-10T13:20:00.0,2026-02-02T18:57:45.531,"Any[19, 17, 25, 30, 37, 45, 53]",19,53
2210,2026-01-10T13:20:00.0,2026-01-26T18:57:45.531,"Any[19, 25, 30, 37, 45, 56, 60]",19,60
2217,2026-01-10T13:20:00.0,2026-02-02T18:57:45.531,"Any[6, 11, 19, 25, 30, 37, 45]",6,45
2219,2026-01-10T13:20:00.0,2026-01-12T18:57:45.531,"Any[1, 6, 11, 19, 25, 30, 37, 45, 56]",1,56
2220,2026-01-10T13:20:00.0,2026-01-19T18:57:45.531,"Any[56, 45, 37, 30, 25, 19]",56,19
2225,2026-01-10T13:20:00.0,2026-01-12T18:57:45.531,"Any[10, 19, 25, 30, 37, 45, 53]",10,53
2234,2026-01-10T13:20:00.0,2026-01-26T18:57:45.531,"Any[53, 45, 37, 30, 25, 19, 13, 8]",53,8
2235,2026-01-10T13:20:00.0,2026-01-12T18:57:45.531,"Any[10, 19, 25, 30, 37, 45]",10,45
2236,2026-01-10T13:20:00.0,2026-01-26T18:57:45.531,"Any[7, 8, 13, 19, 25, 30, 37, 45, 53, 60]",7,60
2237,2026-01-10T13:20:00.0,2026-01-19T18:57:45.531,"Any[1, 6, 11, 19, 25, 30, 37, 45, 56]",1,56
2239,2026-01-10T13:20:00.0,2026-01-26T18:57:45.531,"Any[6, 11, 19, 25, 30, 37, 45, 53]",6,53
2240,2026-01-10T13:20:00.0,2026-01-12T18:57:45.531,"Any[60, 56, 45, 37, 30, 25]",60,25
2241,2026-01-10T13:20:00.0,2026-01-26T18:57:45.531,"Any[6, 11, 19, 25, 30, 37, 45]",6,45
2251,2026-01-10T13:20:00.0,2026-02-02T18:57:45.531,"Any[10, 19, 25, 30, 37, 45, 53]",10,53
2255,2026-01-10T13:20:00.0,2026-01-19T18:57:45.531,"Any[17, 25, 30, 37, 45, 53]",17,53
2261,2026-01-10T13:20:00.0,2026-02-02T18:57:45.531,"Any[64, 53, 45, 37, 30, 25, 19, 13, 8]",64,8
2262,2026-01-10T13:20:00.0,2026-01-26T18:57:45.531,"Any[53, 45, 37, 30, 25, 19, 10]",53,10
2263,2026-01-10T13:20:00.0,2026-02-02T18:57:45.531,"Any[6, 11, 16, 25, 30, 37, 45]",6,45
2271,2026-01-10T13:20:00.0,2026-01-12T18:57:45.531,"Any[64, 60, 53, 45, 37, 30, 25, 19, 11, 6, 6, 1]",64,6
2273,2026-01-10T13:20:00.0,2026-01-12T18:57:45.531,"Any[60, 53, 45, 37, 30, 25, 19, 11, 6, 1]",60,1
2277,2026-01-10T13:20:00.0,2026-01-26T18:57:45.531,"Any[60, 53, 45, 37, 30, 25, 19, 10]",60,10
2278,2026-01-10T13:20:00.0,2026-02-02T18:57:45.531,"Any[53, 45, 37, 30, 25, 19, 13, 8]",53,8
2281,2026-01-10T13:20:00.0,2026-02-02T18:57:45.531,"Any[60, 53, 45, 37, 30, 25, 19, 10]",60,10
2285,2026-01-10T13:20:00.0,2026-02-02T18:57:45.531,"Any[19, 25, 30, 37, 45, 56, 60, 64]",19,64
2293,2026-01-10T13:20:00.0,2026-01-26T18:57:45.531,"Any[8, 13, 19, 25, 30, 37, 45, 56]",8,56
2296,2026-01-10T13:20:00.0,2026-01-12T18:57:45.531,"Any[64, 60, 53, 45, 37, 30, 25, 19, 10]",64,10
2308,2026-01-10T13:20:00.0,2026-01-26T18:57:45.531,"Any[56, 45, 37, 30, 25, 19, 11, 6]",56,6
2313,2026-01-10T13:20:00.0,2026-02-02T18:57:45.531,"Any[1, 6, 11, 19, 25, 30, 37, 45, 53]",1,53
2314,2026-01-10T13:20:00.0,2026-01-19T18:57:45.531,"Any[53, 45, 37, 30, 25, 19, 13, 8]",53,8
2316,2026-01-10T13:20:00.0,2026-01-12T18:57:45.531,"Any[1, 6, 11, 19, 25, 30, 37, 45, 56]",1,56
2318,2026-01-10T13:20:00.0,2026-01-26T18:57:45.531,"Any[5, 6, 11, 19, 25, 30, 37, 45]",5,45
2319,2026-01-10T13:20:00.0,2026-01-12T18:57:45.531,"Any[53, 45, 37, 30, 25, 19, 13, 8]",53,8
2323,2026-01-10T13:20:00.0,2026-02-02T18:57:45.531,"Any[53, 45, 37, 30, 25, 19, 10]",53,10
2326,2026-01-10T13:20:00.0,2026-01-12T18:57:45.531,"Any[8, 13, 19, 25, 30, 37, 45, 56]",8,56
2328,2026-01-10T13:20:00.0,2026-01-19T18:57:45.531,"Any[64, 60, 53, 45, 37, 30, 25, 19, 11, 6, 1]",64,1
2329,2026-01-10T13:20:00.0,2026-01-19T18:57:45.531,"Any[8, 13, 19, 25, 30, 37, 45, 56]",8,56
2335,2026-01-10T13:20:00.0,2026-01-12T18:57:45.531,"Any[64, 53, 45, 37, 30, 25, 19, 10]",64,10
2336,2026-01-10T13:20:00.0,2026-02-02T18:57:45.531,"Any[53, 45, 37, 30, 25, 19, 10]",53,10
2337,2026-01-10T13:20:00.0,2026-02-02T18:57:45.531,"Any[60, 53, 45, 37, 30, 25, 19, 10]",60,10
2339,2026-01-10T13:20:00.0,2026-01-12T18:57:45.531,"Any[8, 13, 19, 25, 30, 37, 45, 56]",8,56
2340,2026-01-10T13:20:00.0,2026-01-12T18:57:45.531,"Any[56, 45, 37, 30, 25, 19, 11, 6, 1]",56,1
2341,2026-01-10T13:20:00.0,2026-01-19T18:57:45.531,"Any[53, 45, 37, 30, 25, 19, 11, 6, 1]",53,1
2347,2026-01-10T13:20:00.0,2026-01-26T18:57:45.531,"Any[1, 6, 11, 19, 25, 30, 37, 45, 56]",1,56
2358,2026-01-10T13:20:00.0,2026-02-02T18:57:45.531,"Any[7, 8, 13, 19, 25, 30, 37, 45, 53]",7,53
2375,2026-01-10T13:20:00.0,2026-01-19T18:57:45.531,"Any[60, 56, 45, 37, 30, 25]",60,25
2380,2026-01-10T13:20:00.0,2026-02-02T18:57:45.531,"Any[53, 45, 37, 30, 25, 19, 10]",53,10
2385,2026-01-10T13:20:00.0,2026-01-26T18:57:45.531,"Any[3, 10, 19, 25, 30, 37, 45, 53]",3,53
2386,2026-01-10T13:20:00.0,2026-01-12T18:57:45.531,"Any[6, 11, 19, 17, 19, 25, 30, 37, 45]",6,45
2387,2026-01-10T13:20:00.0,2026-01-12T18:57:45.531,"Any[1, 6, 11, 19, 25, 30, 37, 45, 53]",1,53
2389,2026-01-10T13:20:00.0,2026-02-02T18:57:45.531,"Any[2, 9, 21, 27, 31, 36, 45, 55]",2,55
2394,2026-01-10T13:20:00.0,2026-02-02T18:57:45.531,"Any[8, 13, 19, 25, 30, 37, 45, 56, 60, 64]",8,64
2408,2026-01-10T13:20:00.0,2026-01-26T18:57:45.531,"Any[6, 11, 19, 25, 30, 37, 45, 56]",6,56
2409,2026-01-10T13:20:00.0,2026-01-12T18:57:45.531,"Any[1, 6, 11, 19, 30, 37, 45, 56]",1,56
2413,2026-01-10T13:20:00.0,2026-01-26T18:57:45.531,"Any[8, 13, 19, 25, 30, 37, 45, 53]",8,53
2418,2026-01-10T13:20:00.0,2026-01-26T18:57:45.531,"Any[56, 45, 37, 30, 25, 19, 10]",56,10
2423,2026-01-10T13:20:00.0,2026-02-02T18:57:45.531,"Any[60, 53, 45, 37, 30, 25, 19, 13, 8]",60,8
2426,2026-01-10T13:20:00.0,2026-01-12T18:57:45.531,"Any[25, 30, 37, 45]",25,45
2430,2026-01-10T13:20:00.0,2026-01-26T18:57:45.531,"Any[53, 45, 37, 30, 25, 19, 11, 6, 1]",53,1
2437,2026-01-10T13:20:00.0,2026-01-19T18:57:45.531,"Any[60, 56, 45, 37, 30, 25, 19, 13, 8]",60,8
2447,2026-01-10T13:20:00.0,2026-01-12T18:57:45.531,"Any[53, 45, 37, 30, 25, 19, 10]",53,10
2458,2026-01-10T13:20:00.0,2026-01-26T18:57:45.531,"Any[6, 11, 19, 25, 30, 37, 45, 56]",6,56
2468,2026-01-10T13:20:00.0,2026-01-26T18:57:45.531,"Any[53, 45, 37, 30, 25]",53,25
2474,2026-01-10T13:20:00.0,2026-01-12T18:57:45.531,"Any[1, 6, 11, 25, 30, 37, 45, 53]",1,53
2482,2026-01-10T13:20:00.0,2026-01-26T18:57:45.531,"Any[56, 45, 37, 30, 25, 19, 11, 6]",56,6
2485,2026-01-10T13:20:00.0,2026-01-19T18:57:45.531,"Any[1, 6, 11, 19, 25, 30, 37, 45, 53, 60]",1,60
2489,2026-01-10T13:20:00.0,2026-01-12T18:57:45.531,"Any[53, 45, 37, 30, 25, 19, 10]",53,10
2493,2026-01-10T13:20:00.0,2026-01-12T18:57:45.531,"Any[56, 45, 37, 30, 25, 19]",56,19
2514,2026-01-10T13:20:00.0,2026-01-12T18:57:45.531,"Any[53, 45, 37, 30, 25, 19, 13, 8]",53,8
2515,2026-01-10T13:20:00.0,2026-01-26T18:57:45.531,"Any[53, 45, 37, 30, 25, 19, 11, 6, 1]",53,1
2517,2026-01-10T13:20:00.0,2026-01-19T18:57:45.531,"Any[7, 8, 13, 19, 25, 30, 37, 45, 53]",7,53
2520,2026-01-10T13:20:00.0,2026-01-12T18:57:45.531,"Any[60, 53, 45, 37, 30, 25, 19, 11, 6]",60,6
2524,2026-01-10T13:20:00.0,2026-01-26T18:57:45.531,"Any[8, 13, 25, 30, 37, 45]",8,45
2529,2026-01-10T13:20:00.0,2026-01-19T18:57:45.531,"Any[3, 10, 19, 25, 30, 37, 45, 53]",3,53
2531,2026-01-10T13:20:00.0,2026-01-26T18:57:45.531,"Any[56, 45, 37, 30, 25, 19, 13, 8]",56,8
2532,2026-01-10T13:20:00.0,2026-01-12T18:57:45.531,"Any[53, 45, 37, 30, 25, 19, 10]",53,10
2533,2026-01-10T13:20:00.0,2026-01-26T18:57:45.531,"Any[53, 45, 37, 30, 25, 19, 13, 8]",53,8
2542,2026-01-10T13:20:00.0,2026-01-12T18:57:45.531,"Any[53, 45, 37, 30, 25, 19, 11, 6, 1]",53,1
2545,2026-01-10T13:20:00.0,2026-01-26T18:57:45.531,"Any[10, 11, 19, 25, 30, 37, 45, 53]",10,53
2552,2026-01-10T13:20:00.0,2026-01-19T18:57:45.531,"Any[17, 25, 30, 37, 45, 53]",17,53
2553,2026-01-10T13:20:00.0,2026-01-19T18:57:45.531,"Any[10, 19, 25, 30, 37, 45, 53]",10,53
2564,2026-01-10T13:20:00.0,2026-01-26T18:57:45.531,"Any[53, 45, 37, 30, 25]",53,25
2565,2026-01-10T13:20:00.0,2026-02-02T18:57:45.531,"Any[6, 11, 25, 30, 37, 45]",6,45
2572,2026-01-10T13:20:00.0,2026-01-12T18:57:45.531,"Any[10, 19, 25, 30, 37, 45, 53]",10,53
2591,2026-01-10T13:20:00.0,2026-02-02T18:57:45.531,"Any[53, 45, 37, 30, 25, 19]",53,19
2594,2026-01-10T13:20:00.0,2026-02-02T18:57:45.531,"Any[6, 11, 19, 25, 30, 37, 45]",6,45
2596,2026-01-10T13:20:00.0,2026-01-19T18:57:45.531,"Any[1, 6, 11, 19, 25, 30, 37, 45, 53, 60]",1,60
2612,2026-01-10T13:20:00.0,2026-01-19T18:57:45.531,"Any[56, 45, 37, 30, 25, 19]",56,19
2613,2026-01-10T13:20:00.0,2026-01-26T18:57:45.531,"Any[56, 45, 37, 30, 25, 19]",56,19
2624,2026-01-10T13:20:00.0,2026-01-12T18:57:45.531,"Any[56, 45, 37, 30, 25, 19]",56,19
2630,2026-01-10T13:20:00.0,2026-01-26T18:57:45.531,"Any[56, 45, 37, 30, 25, 19]",56,19
2632,2026-01-10T13:20:00.0,2026-01-26T18:57:45.531,"Any[56, 45, 37, 30, 25, 19]",56,19
2634,2026-01-10T13:20:00.0,2026-01-12T18:57:45.531,"Any[56, 45, 37, 30, 25, 19]",56,19
2637,2026-01-10T13:20:00.0,2026-01-12T18:57:45.531,"Any[56, 45, 37, 30, 25, 19]",56,19
2639,2026-01-10T13:20:00.0,2026-01-12T18:57:45.531,"Any[56, 45, 37, 30, 25, 19]",56,19
2640,2026-01-10T13:20:00.0,2026-01-12T18:57:45.531,"Any[56, 45, 37, 30, 25, 19]",56,19
2642,2026-01-10T13:20:00.0,2026-01-26T18:57:45.531,"Any[56, 45, 37, 30, 25, 19]",56,19
2648,2026-01-10T13:20:00.0,2026-01-26T18:57:45.531,"Any[56, 45, 37, 30, 25, 19]",56,19
2651,2026-01-10T13:20:00.0,2026-01-26T18:57:45.531,"Any[56, 45, 37, 30, 25, 19]",56,19
2666,2026-01-10T13:20:00.0,2026-01-26T18:57:45.531,"Any[56, 45, 37, 30, 25, 19, 13, 8, 7]",56,7
2670,2026-01-10T13:20:00.0,2026-01-12T18:57:45.531,"Any[56, 45, 37, 30, 25, 19, 13, 8, 7]",56,7
2672,2026-01-10T13:20:00.0,2026-01-12T18:57:45.531,"Any[56, 45, 37, 30, 25, 19, 13, 8, 7]",56,7
2677,2026-01-10T13:20:00.0,2026-01-26T18:57:45.531,"Any[56, 45, 37, 30, 25, 19, 13, 8, 7]",56,7
2680,2026-01-10T13:20:00.0,2026-01-12T18:57:45.531,"Any[56, 45, 37, 30, 25, 19, 13, 8, 7]",56,7
2684,2026-01-10T13:20:00.0,2026-01-12T18:57:45.531,"Any[56, 45, 37, 30, 25, 19, 13, 8, 7]",56,7
2776,2026-01-10T13:20:00.0,2026-01-26T18:57:45.531,"Any[45, 37, 30, 25, 19]",45,19
2779,2026-01-10T13:20:00.0,2026-01-26T18:57:45.531,"Any[45, 37, 30, 25, 19]",45,19
2782,2026-01-10T13:20:00.0,2026-01-12T18:57:45.531,"Any[45, 37, 30, 25, 19]",45,19
2783,2026-01-10T13:20:00.0,2026-02-02T18:57:45.531,"Any[45, 37, 30, 25, 19]",45,19
2787,2026-01-10T13:20:00.0,2026-01-12T18:57:45.531,"Any[45, 37, 30, 25, 19]",45,19
2788,2026-01-10T13:20:00.0,2026-01-12T18:57:45.531,"Any[45, 37, 30, 25, 19]",45,19
2794,2026-01-10T13:20:00.0,2026-02-02T18:57:45.531,"Any[45, 37, 30, 25, 19, 13, 8]",45,8
2796,2026-01-10T13:20:00.0,2026-01-19T18:57:45.531,"Any[45, 37, 30, 25, 19, 13, 8]",45,8
2839,2026-01-10T13:20:00.0,2026-02-02T18:57:45.531,"Any[45, 37, 30, 25, 19, 11, 6]",45,6
2840,2026-01-10T13:20:00.0,2026-01-26T18:57:45.531,"Any[45, 37, 30, 23, 19, 11, 6]",45,6
2844,2026-01-10T13:20:00.0,2026-01-12T18:57:45.531,"Any[45, 37, 30, 23, 19, 11, 6]",45,6
2849,2026-01-10T13:20:00.0,2026-02-02T18:57:45.531,"Any[45, 37, 30, 25, 19, 11, 6]",45,6
2850,2026-01-10T13:20:00.0,2026-01-19T18:57:45.531,"Any[45, 37, 30, 25, 19, 11, 6]",45,6
2852,2026-01-10T13:20:00.0,2026-02-02T18:57:45.531,"Any[45, 37, 30, 23, 19, 11, 6]",45,6
2856,2026-01-10T13:20:00.0,2026-01-19T18:57:45.531,"Any[45, 37, 30, 23, 19, 11, 6]",45,6
2857,2026-01-10T13:20:00.0,2026-01-12T18:57:45.531,"Any[45, 37, 30, 25, 19, 11, 6]",45,6
2858,2026-01-10T13:20:00.0,2026-01-12T18:57:45.531,"Any[45, 37, 30, 25, 19, 11, 6]",45,6
2865,2026-01-10T13:20:00.0,2026-02-02T18:57:45.531,"Any[45, 37, 30, 25, 19, 11, 6]",45,6
2878,2026-01-10T13:20:00.0,2026-01-26T18:57:45.531,"Any[25, 30, 37, 45, 56, 60, 64]",25,64
2881,2026-01-10T13:20:00.0,2026-01-12T18:57:45.531,"Any[25, 30, 37, 45, 56, 60, 64]",25,64
2883,2026-01-10T13:20:00.0,2026-01-12T18:57:45.531,"Any[25, 30, 37, 45, 56, 60, 64]",25,64
2890,2026-01-10T13:20:00.0,2026-01-12T18:57:45.531,"Any[25, 30, 37, 45, 53, 60, 64]",25,64
2892,2026-01-10T13:20:00.0,2026-02-02T18:57:45.531,"Any[25, 30, 37, 45, 53, 60, 64]",25,64
2896,2026-01-10T13:20:00.0,2026-01-12T18:57:45.531,"Any[25, 30, 37, 45, 56, 60, 64]",25,64
2897,2026-01-10T13:20:00.0,2026-01-26T18:57:45.531,"Any[25, 30, 37, 45, 53, 60, 64]",25,64
2901,2026-01-10T13:20:00.0,2026-01-19T18:57:45.531,"Any[25, 30, 37, 45, 56, 60]",25,60
2903,2026-01-10T13:20:00.0,2026-01-12T18:57:45.531,"Any[25, 30, 37, 45, 56, 60]",25,60
2904,2026-01-10T13:20:00.0,2026-01-12T18:57:45.531,"Any[25, 30, 37, 45, 56, 60]",25,60
2911,2026-01-10T13:20:00.0,2026-01-26T18:57:45.531,"Any[25, 30, 37, 45, 56, 60]",25,60
2921,2026-01-10T13:20:00.0,2026-01-26T18:57:45.531,"Any[25, 30, 37, 45, 56, 60]",25,60
2922,2026-01-10T13:20:00.0,2026-01-26T18:57:45.531,"Any[25, 30, 37, 45, 53, 60]",25,60
2932,2026-01-10T13:20:00.0,2026-01-12T18:57:45.531,"Any[25, 30, 37, 45, 53, 60]",25,60
2943,2026-01-10T13:20:00.0,2026-01-19T18:57:45.531,"Any[25, 30, 37, 45, 56, 60]",25,60
2950,2026-01-10T13:20:00.0,2026-01-19T18:57:45.531,"Any[25, 30, 37, 45, 53, 60]",25,60
2953,2026-01-10T13:20:00.0,2026-01-19T18:57:45.531,"Any[25, 30, 37, 45, 53]",25,53
2956,2026-01-10T13:20:00.0,2026-02-02T18:57:45.531,"Any[25, 30, 37, 45, 53]",25,53
2970,2026-01-10T13:20:00.0,2026-01-19T18:57:45.531,"Any[25, 30, 37, 45, 53]",25,53
2979,2026-01-10T13:20:00.0,2026-01-19T18:57:45.531,"Any[25, 30, 37, 45, 53]",25,53
2980,2026-01-10T13:20:00.0,2026-02-02T18:57:45.531,"Any[25, 30, 37, 45, 53]",25,53
2983,2026-01-10T13:20:00.0,2026-01-26T18:57:45.531,"Any[25, 30, 37, 45, 53]",25,53
2987,2026-01-10T13:20:00.0,2026-01-26T18:57:45.531,"Any[25, 30, 37, 45, 53]",25,53
2991,2026-01-10T13:20:00.0,2026-01-26T18:57:45.531,"Any[25, 30, 37, 45, 53]",25,53
2992,2026-01-10T13:20:00.0,2026-02-02T18:57:45.531,"Any[25, 30, 37, 45, 53]",25,53
2993,2026-01-10T13:20:00.0,2026-01-12T18:57:45.531,"Any[25, 30, 37, 45, 53]",25,53
2994,2026-01-10T13:20:00.0,2026-02-02T18:57:45.531,"Any[25, 30, 37, 45, 53]",25,53
2995,2026-01-10T13:20:00.0,2026-01-19T18:57:45.531,"Any[25, 30, 37, 45, 53]",25,53
3006,2026-01-10T13:20:00.0,2026-01-26T18:57:45.531,"Any[25, 30, 37, 45, 53]",25,53
3016,2026-01-10T13:20:00.0,2026-02-02T18:57:45.531,"Any[25, 30, 37, 45, 53]",25,53
3018,2026-01-10T13:20:00.0,2026-02-02T18:57:45.531,"Any[25, 30, 37, 45, 53]",25,53
3020,2026-01-10T13:20:00.0,2026-01-26T18:57:45.531,"Any[20, 19, 25, 30, 37, 45, 56]",20,56
3022,2026-01-10T13:20:00.0,2026-01-12T18:57:45.531,"Any[8, 13, 19, 25, 30, 37, 45, 53, 60, 64]",8,64
3028,2026-01-10T13:20:00.0,2026-01-19T18:57:45.531,"Any[8, 13, 19, 25, 30, 37, 45, 56, 60, 64]",8,64
3031,2026-01-10T13:20:00.0,2026-01-26T18:57:45.531,"Any[8, 13, 19, 25, 30, 37, 45, 56, 60, 64]",8,64
3037,2026-01-10T13:20:00.0,2026-01-26T18:57:45.531,"Any[8, 13, 19, 25, 37, 45, 56, 60]",8,60
3038,2026-01-10T13:20:00.0,2026-02-02T18:57:45.531,"Any[8, 13, 19, 25, 30, 37, 45, 56, 60]",8,60
3041,2026-01-10T13:20:00.0,2026-02-02T18:57:45.531,"Any[8, 13, 19, 25, 37, 45, 56, 60]",8,60
3043,2026-01-10T13:20:00.0,2026-01-19T18:57:45.531,"Any[8, 13, 19, 25, 30, 37, 45, 53, 60]",8,60
3044,2026-01-10T13:20:00.0,2026-02-02T18:57:45.531,"Any[8, 13, 19, 25, 30, 37, 45, 53, 60]",8,60
3045,2026-01-10T13:20:00.0,2026-02-02T18:57:45.531,"Any[8, 13, 19, 25, 30, 37, 45, 56, 60]",8,60
3051,2026-01-10T13:20:00.0,2026-01-12T18:57:45.531,"Any[8, 13, 19, 25, 30, 37, 45, 53, 62]",8,62
3052,2026-01-10T13:20:00.0,2026-01-12T18:57:45.531,"Any[8, 13, 19, 25, 30, 37, 45, 53, 62]",8,62
3056,2026-01-10T13:20:00.0,2026-01-19T18:57:45.531,"Any[8, 13, 19, 25, 30, 37, 45, 53, 62]",8,62
3058,2026-01-10T13:20:00.0,2026-01-12T18:57:45.531,"Any[8, 13, 19, 25, 30, 37, 45, 53, 62]",8,62
3060,2026-01-10T13:20:00.0,2026-01-26T18:57:45.531,"Any[8, 13, 19, 25, 30, 37, 45, 53, 62]",8,62
3067,2026-01-10T13:20:00.0,2026-01-26T18:57:45.531,"Any[1, 6, 11, 19, 25, 30, 37, 45, 53, 60, 64]",1,64
3069,2026-01-10T13:20:00.0,2026-01-12T18:57:45.531,"Any[1, 6, 11, 19, 25, 30, 37, 45, 56, 64]",1,64
3071,2026-01-10T13:20:00.0,2026-02-02T18:57:45.531,"Any[1, 6, 11, 19, 25, 30, 37, 45, 56, 64]",1,64
3073,2026-01-10T13:20:00.0,2026-01-12T18:57:45.531,"Any[1, 6, 11, 16, 19, 25, 30, 37, 45, 56, 60, 64]",1,64
3074,2026-01-10T13:20:00.0,2026-01-26T18:57:45.531,"Any[1, 6, 11, 19, 25, 30, 37, 45, 56, 64]",1,64
3075,2026-01-10T13:20:00.0,2026-01-19T18:57:45.531,"Any[1, 6, 11, 16, 19, 25, 30, 37, 45, 56, 60, 64]",1,64
3077,2026-01-10T13:20:00.0,2026-02-02T18:57:45.531,"Any[1, 6, 11, 19, 25, 30, 37, 45, 53, 60, 64]",1,64
3084,2026-01-10T13:20:00.0,2026-01-19T18:57:45.531,"Any[1, 6, 11, 19, 25, 30, 37, 45, 56, 64]",1,64
3176,2026-01-10T13:20:00.0,2026-01-19T18:57:45.531,"Any[10, 19, 25, 30, 37, 45, 53]",10,53
3188,2026-01-10T13:20:00.0,2026-01-19T18:57:45.531,"Any[10, 19, 25, 30, 37, 45, 53]",10,53
3192,2026-01-10T13:20:00.0,2026-02-02T18:57:45.531,"Any[10, 19, 25, 30, 37, 45, 53]",10,53
3115,2026-01-10T13:22:00.0,2026-01-19T18:59:45.531,Any[],6,64
3132,2026-01-10T13:22:00.0,2026-01-19T18:59:45.531,Any[],10,64
2766,2026-01-10T13:23:00.0,2026-01-12T19:00:45.531,Any[],53,3
3061,2026-01-10T13:24:00.0,2026-02-02T19:01:45.531,Any[],8,54
3062,2026-01-10T13:27:00.0,2026-01-26T19:04:45.531,Any[],8,54
2725,2026-01-10T13:28:00.0,2026-01-26T19:05:45.531,Any[],53,16
3113,2026-01-10T13:29:00.0,2026-02-02T19:06:45.531,Any[],6,64
2601,2026-01-10T13:32:00.0,2026-01-12T19:09:45.531,Any[],60,17
2820,2026-01-10T13:32:00.0,2026-01-12T19:09:45.531,Any[],45,3
2755,2026-01-10T13:33:00.0,2026-01-19T19:10:45.531,Any[],53,7
2752,2026-01-10T13:37:00.0,2026-01-26T19:14:45.531,Any[],53,7
2826,2026-01-10T13:38:00.0,2026-01-26T19:15:45.531,Any[],45,3
3148,2026-01-10T13:39:00.0,2026-01-12T19:16:45.531,Any[],10,64
2728,2026-01-10T13:43:00.0,2026-01-19T19:20:45.531,Any[],53,7
2753,2026-01-10T13:45:00.0,2026-02-02T19:22:45.531,Any[],53,7
3140,2026-01-10T13:46:00.0,2026-01-19T19:23:45.531,Any[],10,64
3159,2026-01-10T13:46:00.0,2026-01-26T19:23:45.531,Any[],10,64
2813,2026-01-10T13:48:00.0,2026-01-19T19:25:45.531,Any[],45,7
2660,2026-01-10T13:52:00.0,2026-01-19T19:29:45.531,Any[],56,13
3106,2026-01-10T13:52:00.0,2026-01-19T19:29:45.531,Any[],6,64
2706,2026-01-10T13:54:00.0,2026-01-12T19:31:45.531,Any[],55,4
2828,2026-01-10T13:54:00.0,2026-01-26T19:31:45.531,Any[],45,5
3136,2026-01-10T13:56:00.0,2026-01-19T19:33:45.531,Any[],10,64
3139,2026-01-10T13:58:00.0,2026-01-12T19:35:45.531,Any[],10,64
3,2026-01-14T07:06:40.0,2026-01-16T12:44:25.531,"Any[1, 6, 11, 19, 23, 28, 36, 44, 60]",1,60
4,2026-01-14T07:06:40.0,2026-01-09T12:44:25.531,"Any[60, 56, 45, 37, 30, 25, 19, 11, 6]",60,6
13,2026-01-14T07:06:40.0,2026-01-09T12:44:25.531,"Any[6, 11, 19, 25, 30, 37, 45, 56]",6,56
16,2026-01-14T07:06:40.0,2026-01-09T12:44:25.531,"Any[60, 56, 45, 37, 30, 25, 19, 13, 8]",60,8
22,2026-01-14T07:06:40.0,2026-01-30T12:44:25.531,"Any[10, 19, 25, 30, 37, 45, 53]",10,53
35,2026-01-14T07:06:40.0,2026-01-16T12:44:25.531,"Any[45, 37, 30, 25, 19, 13, 8]",45,8
41,2026-01-14T07:06:40.0,2026-01-30T12:44:25.531,"Any[56, 45, 37, 30, 25, 19, 11, 6, 1]",56,1
45,2026-01-14T07:06:40.0,2026-01-30T12:44:25.531,"Any[10, 19, 25, 30, 37, 45, 53]",10,53
57,2026-01-14T07:06:40.0,2026-01-16T12:44:25.531,"Any[45, 37, 30, 25, 19, 10]",45,10
59,2026-01-14T07:06:40.0,2026-01-30T12:44:25.531,"Any[56, 45, 37, 30, 25]",56,25
84,2026-01-14T07:06:40.0,2026-01-16T12:44:25.531,"Any[10, 19, 30, 37, 45, 53]",10,53
86,2026-01-14T07:06:40.0,2026-01-16T12:44:25.531,"Any[56, 45, 37, 30, 25]",56,25
102,2026-01-14T07:06:40.0,2026-01-23T12:44:25.531,"Any[8, 13, 19, 25, 30, 37, 45, 53]",8,53
143,2026-01-14T07:06:40.0,2026-01-09T12:44:25.531,"Any[10, 19, 25, 30, 37, 45, 53, 60]",10,60
144,2026-01-14T07:06:40.0,2026-01-16T12:44:25.531,"Any[60, 56, 45, 37, 30, 25, 19, 11, 6, 6]",60,6
153,2026-01-14T07:06:40.0,2026-01-30T12:44:25.531,"Any[10, 19, 30, 37, 45, 53]",10,53
181,2026-01-14T07:06:40.0,2026-01-09T12:44:25.531,"Any[6, 11, 25, 30, 37, 45, 53]",6,53
219,2026-01-14T07:06:40.0,2026-01-23T12:44:25.531,"Any[10, 19, 25, 30, 37, 45, 53]",10,53
232,2026-01-14T07:06:40.0,2026-01-23T12:44:25.531,"Any[8, 13, 19, 25, 30, 37, 45, 56]",8,56
245,2026-01-14T07:06:40.0,2026-01-30T12:44:25.531,"Any[56, 45, 37, 30, 25]",56,25
253,2026-01-14T07:06:40.0,2026-01-09T12:44:25.531,"Any[53, 45, 37, 30, 25, 19, 13, 8]",53,8
302,2026-01-14T07:06:40.0,2026-01-16T12:44:25.531,"Any[8, 13, 19, 25, 30, 37, 45, 53]",8,53
331,2026-01-14T07:06:40.0,2026-01-23T12:44:25.531,"Any[19, 25, 30, 37, 45, 53]",19,53
368,2026-01-14T07:06:40.0,2026-01-30T12:44:25.531,"Any[53, 45, 37, 30, 25, 19, 10]",53,10
390,2026-01-14T07:06:40.0,2026-01-16T12:44:25.531,"Any[8, 13, 19, 25, 30, 37, 45, 56]",8,56
396,2026-01-14T07:06:40.0,2026-01-16T12:44:25.531,"Any[10, 19, 25, 30, 37, 45, 53, 60]",10,60
422,2026-01-14T07:06:40.0,2026-01-16T12:44:25.531,"Any[64, 60, 53, 45, 37, 30, 25, 19, 13, 8]",64,8
459,2026-01-14T07:06:40.0,2026-01-09T12:44:25.531,"Any[8, 13, 19, 25, 30, 37, 45, 56]",8,56
465,2026-01-14T07:06:40.0,2026-01-23T12:44:25.531,"Any[5, 6, 11, 25, 30, 37, 45]",5,45
494,2026-01-14T07:06:40.0,2026-01-16T12:44:25.531,"Any[16, 17, 25, 30, 37, 45, 53]",16,53
520,2026-01-14T07:06:40.0,2026-01-30T12:44:25.531,"Any[8, 13, 19, 25, 30, 37, 45, 53]",8,53
593,2026-01-14T07:06:40.0,2026-01-30T12:44:25.531,"Any[53, 45, 37, 30, 25, 19, 11, 6, 1]",53,1
595,2026-01-14T07:06:40.0,2026-01-09T12:44:25.531,"Any[56, 45, 37, 30, 25, 19, 11, 6]",56,6
632,2026-01-14T07:06:40.0,2026-01-23T12:44:25.531,"Any[56, 45, 37, 30, 25, 19, 10, 6]",56,6
656,2026-01-14T07:06:40.0,2026-01-09T12:44:25.531,"Any[10, 19, 25, 30, 37, 45, 53]",10,53
671,2026-01-14T07:06:40.0,2026-01-23T12:44:25.531,"Any[64, 53, 45, 37, 30, 25, 19, 10]",64,10
677,2026-01-14T07:06:40.0,2026-01-23T12:44:25.531,"Any[8, 13, 19, 25, 37, 45, 56]",8,56
687,2026-01-14T07:06:40.0,2026-01-09T12:44:25.531,"Any[8, 13, 19, 25, 30, 37, 45, 53]",8,53
688,2026-01-14T07:06:40.0,2026-01-30T12:44:25.531,"Any[25, 30, 37, 45, 56, 60]",25,60
696,2026-01-14T07:06:40.0,2026-01-30T12:44:25.531,"Any[7, 8, 13, 19, 25, 30, 37, 45, 53]",7,53
736,2026-01-14T07:06:40.0,2026-01-23T12:44:25.531,"Any[56, 45, 37, 30, 25, 19, 10]",56,10
741,2026-01-14T07:06:40.0,2026-01-23T12:44:25.531,"Any[1, 6, 11, 19, 25, 30, 37, 45]",1,45
788,2026-01-14T07:06:40.0,2026-01-30T12:44:25.531,"Any[56, 45, 37, 30, 25, 19, 13, 8]",56,8
790,2026-01-14T07:06:40.0,2026-01-09T12:44:25.531,"Any[10, 19, 25, 30, 37, 45]",10,45
804,2026-01-14T07:06:40.0,2026-01-16T12:44:25.531,"Any[1, 6, 11, 16, 25, 30, 37, 45, 56]",1,56
833,2026-01-14T07:06:40.0,2026-01-16T12:44:25.531,"Any[53, 45, 37, 30, 25]",53,25
842,2026-01-14T07:06:40.0,2026-01-23T12:44:25.531,"Any[19, 30, 37, 45, 56]",19,56
855,2026-01-14T07:06:40.0,2026-01-09T12:44:25.531,"Any[8, 13, 25, 30, 37, 45, 56]",8,56
879,2026-01-14T07:06:40.0,2026-01-09T12:44:25.531,"Any[56, 45, 37, 30, 25, 19, 13, 8]",56,8
883,2026-01-14T07:06:40.0,2026-01-30T12:44:25.531,"Any[7, 8, 13, 19, 25, 30, 37, 45, 53]",7,53
890,2026-01-14T07:06:40.0,2026-01-09T12:44:25.531,"Any[54, 44, 36, 23, 19, 13, 8, 7]",54,7
911,2026-01-14T07:06:40.0,2026-01-09T12:44:25.531,"Any[60, 56, 45, 37, 30, 25, 19, 11, 6]",60,6
954,2026-01-14T07:06:40.0,2026-01-23T12:44:25.531,"Any[6, 11, 19, 30, 37, 45, 56]",6,56
958,2026-01-14T07:06:40.0,2026-01-30T12:44:25.531,"Any[19, 25, 30, 37, 45, 56]",19,56
961,2026-01-14T07:06:40.0,2026-01-09T12:44:25.531,"Any[56, 45, 37, 30, 25, 19, 11, 6]",56,6
999,2026-01-14T07:06:40.0,2026-01-09T12:44:25.531,"Any[53, 45, 37, 30, 25, 19, 10]",53,10
1024,2026-01-14T07:06:40.0,2026-01-30T12:44:25.531,"Any[56, 45, 37, 30, 25]",56,25
1049,2026-01-14T07:06:40.0,2026-01-23T12:44:25.531,"Any[56, 45, 37, 30, 25, 19, 10]",56,10
1055,2026-01-14T07:06:40.0,2026-01-09T12:44:25.531,"Any[56, 45, 37, 30, 25]",56,25
1076,2026-01-14T07:06:40.0,2026-01-23T12:44:25.531,"Any[53, 45, 37, 30, 25, 19, 10, 6]",53,6
1113,2026-01-14T07:06:40.0,2026-01-30T12:44:25.531,"Any[53, 45, 37, 30, 25, 19, 13, 8]",53,8
1125,2026-01-14T07:06:40.0,2026-01-30T12:44:25.531,"Any[8, 13, 19, 25, 30, 37, 45, 56]",8,56
1179,2026-01-14T07:06:40.0,2026-01-30T12:44:25.531,"Any[56, 45, 37, 30, 25, 19, 10]",56,10
1181,2026-01-14T07:06:40.0,2026-01-30T12:44:25.531,"Any[8, 13, 19, 25, 30, 37, 45, 53]",8,53
1189,2026-01-14T07:06:40.0,2026-01-23T12:44:25.531,"Any[64, 60, 53, 45, 37, 30, 25, 19, 13, 8]",64,8
1240,2026-01-14T07:06:40.0,2026-01-16T12:44:25.531,"Any[53, 45, 37, 30, 25, 19, 11, 6, 3, 1]",53,1
1244,2026-01-14T07:06:40.0,2026-01-23T12:44:25.531,"Any[56, 45, 37, 30, 25, 19, 13, 8]",56,8
1248,2026-01-14T07:06:40.0,2026-01-09T12:44:25.531,"Any[53, 45, 37, 30, 25, 19, 11, 6, 1]",53,1
1250,2026-01-14T07:06:40.0,2026-01-09T12:44:25.531,"Any[10, 19, 25, 30, 37, 45, 53]",10,53
1294,2026-01-14T07:06:40.0,2026-01-23T12:44:25.531,"Any[19, 25, 30, 37, 45, 53]",19,53
1314,2026-01-14T07:06:40.0,2026-01-09T12:44:25.531,"Any[56, 45, 37, 30, 25, 19, 11, 6]",56,6
1321,2026-01-14T07:06:40.0,2026-01-30T12:44:25.531,"Any[56, 45, 37, 30, 25, 19, 11, 6, 1]",56,1
1334,2026-01-14T07:06:40.0,2026-01-09T12:44:25.531,"Any[19, 25, 30, 37, 45, 56]",19,56
1368,2026-01-14T07:06:40.0,2026-01-23T12:44:25.531,"Any[8, 13, 19, 25, 30, 37, 45, 56]",8,56
1374,2026-01-14T07:06:40.0,2026-01-30T12:44:25.531,"Any[7, 8, 13, 19, 25, 30, 37, 45, 53]",7,53
1389,2026-01-14T07:06:40.0,2026-01-16T12:44:25.531,"Any[19, 25, 30, 37, 45, 56]",19,56
1414,2026-01-14T07:06:40.0,2026-01-30T12:44:25.531,"Any[60, 56, 45, 37, 30, 25, 19, 11, 6]",60,6
1463,2026-01-14T07:06:40.0,2026-01-09T12:44:25.531,"Any[6, 11, 19, 25, 30, 37, 45, 56]",6,56
1499,2026-01-14T07:06:40.0,2026-01-23T12:44:25.531,"Any[1, 6, 11, 19, 25, 30, 37, 45]",1,45
1510,2026-01-14T07:06:40.0,2026-01-09T12:44:25.531,"Any[53, 45, 37, 30, 25, 19, 10]",53,10
1529,2026-01-14T07:06:40.0,2026-01-09T12:44:25.531,"Any[64, 60, 53, 45, 37, 30, 25, 19, 11, 6, 1]",64,1
1530,2026-01-14T07:06:40.0,2026-01-30T12:44:25.531,"Any[53, 45, 37, 30, 25, 19, 10]",53,10
1562,2026-01-14T07:06:40.0,2026-01-23T12:44:25.531,"Any[25, 30, 37, 45, 56, 60]",25,60
1575,2026-01-14T07:06:40.0,2026-01-23T12:44:25.531,"Any[6, 11, 19, 30, 37, 45, 56]",6,56
1620,2026-01-14T07:06:40.0,2026-01-23T12:44:25.531,"Any[8, 13, 19, 25, 37, 45, 56]",8,56
1630,2026-01-14T07:06:40.0,2026-01-30T12:44:25.531,"Any[53, 45, 37, 30, 25, 19, 11, 10, 11, 6, 1]",53,1
1634,2026-01-14T07:06:40.0,2026-01-23T12:44:25.531,"Any[19, 25, 30, 37, 45, 53, 60]",19,60
1681,2026-01-14T07:06:40.0,2026-01-16T12:44:25.531,"Any[53, 45, 37, 30, 25, 19, 11, 6, 1]",53,1
1684,2026-01-14T07:06:40.0,2026-01-16T12:44:25.531,"Any[8, 13, 19, 25, 30, 37, 45, 56]",8,56
1717,2026-01-14T07:06:40.0,2026-01-16T12:44:25.531,"Any[56, 45, 37, 30, 25, 19, 11, 6]",56,6
1730,2026-01-14T07:06:40.0,2026-01-09T12:44:25.531,"Any[16, 17, 25, 30, 37, 45, 53]",16,53
1748,2026-01-14T07:06:40.0,2026-01-09T12:44:25.531,"Any[60, 53, 45, 37, 30, 25]",60,25
1754,2026-01-14T07:06:40.0,2026-01-09T12:44:25.531,"Any[8, 13, 19, 25, 30, 37, 45, 56]",8,56
1759,2026-01-14T07:06:40.0,2026-01-23T12:44:25.531,"Any[10, 19, 25, 30, 37, 45, 53]",10,53
1821,2026-01-14T07:06:40.0,2026-01-16T12:44:25.531,"Any[60, 56, 45, 37, 30, 25]",60,25
1827,2026-01-14T07:06:40.0,2026-01-16T12:44:25.531,"Any[60, 56, 45, 37, 30, 25, 19, 11, 6]",60,6
1874,2026-01-14T07:06:40.0,2026-01-30T12:44:25.531,"Any[19, 25, 30, 37, 45, 53]",19,53
1876,2026-01-14T07:06:40.0,2026-01-23T12:44:25.531,"Any[45, 37, 30, 25, 19, 10]",45,10
1879,2026-01-14T07:06:40.0,2026-01-23T12:44:25.531,"Any[53, 45, 37, 30, 25, 19, 10, 6]",53,6
1889,2026-01-14T07:06:40.0,2026-01-30T12:44:25.531,"Any[1, 6, 11, 19, 25, 30, 37, 45]",1,45
1895,2026-01-14T07:06:40.0,2026-01-09T12:44:25.531,"Any[8, 13, 19, 25, 30, 37, 45, 53]",8,53
1931,2026-01-14T07:06:40.0,2026-01-30T12:44:25.531,"Any[64, 60, 53, 45, 37, 30, 25, 19, 10]",64,10
1937,2026-01-14T07:06:40.0,2026-01-23T12:44:25.531,"Any[19, 25, 30, 37, 45, 56]",19,56
1940,2026-01-14T07:06:40.0,2026-01-23T12:44:25.531,"Any[7, 8, 13, 19, 25, 30, 37, 45, 53]",7,53
1948,2026-01-14T07:06:40.0,2026-01-30T12:44:25.531,"Any[6, 10, 19, 25, 30, 37, 45, 56]",6,56
1982,2026-01-14T07:06:40.0,2026-01-09T12:44:25.531,"Any[56, 45, 37, 30, 25, 16]",56,16
1995,2026-01-14T07:06:40.0,2026-01-30T12:44:25.531,"Any[53, 45, 37, 30, 25, 19, 13, 8]",53,8
1996,2026-01-14T07:06:40.0,2026-01-16T12:44:25.531,"Any[5, 6, 11, 25, 30, 37, 45]",5,45
2001,2026-01-14T07:06:40.0,2026-01-16T12:44:25.531,"Any[56, 45, 37, 30, 25, 19, 10]",56,10
2010,2026-01-14T07:06:40.0,2026-01-30T12:44:25.531,"Any[19, 25, 30, 37, 45, 56]",19,56
2011,2026-01-14T07:06:40.0,2026-01-30T12:44:25.531,"Any[53, 45, 37, 30, 25]",53,25
2052,2026-01-14T07:06:40.0,2026-01-30T12:44:25.531,"Any[1, 6, 11, 19, 25, 30, 37, 45]",1,45
2053,2026-01-14T07:06:40.0,2026-01-09T12:44:25.531,"Any[10, 19, 25, 30, 37, 45, 53]",10,53
2069,2026-01-14T07:06:40.0,2026-01-09T12:44:25.531,"Any[7, 8, 13, 19, 25, 30, 37, 45, 53]",7,53
2090,2026-01-14T07:06:40.0,2026-01-16T12:44:25.531,"Any[53, 45, 37, 30, 25, 19, 10]",53,10
2107,2026-01-14T07:06:40.0,2026-01-16T12:44:25.531,"Any[6, 11, 25, 30, 37, 45, 56]",6,56
2127,2026-01-14T07:06:40.0,2026-01-23T12:44:25.531,"Any[53, 45, 37, 30, 25, 19, 10]",53,10
2138,2026-01-14T07:06:40.0,2026-01-09T12:44:25.531,"Any[17, 25, 30, 37, 45, 53]",17,53
2154,2026-01-14T07:06:40.0,2026-01-30T12:44:25.531,"Any[8, 13, 19, 25, 30, 37, 45, 53]",8,53
2189,2026-01-14T07:06:40.0,2026-01-23T12:44:25.531,"Any[53, 45, 37, 30, 25, 19, 13, 8]",53,8
2193,2026-01-14T07:06:40.0,2026-01-16T12:44:25.531,"Any[56, 45, 37, 30, 25]",56,25
2211,2026-01-14T07:06:40.0,2026-01-09T12:44:25.531,"Any[60, 56, 45, 37, 30, 25]",60,25
2223,2026-01-14T07:06:40.0,2026-01-23T12:44:25.531,"Any[60, 56, 45, 37, 30, 25, 19, 11, 6]",60,6
2274,2026-01-14T07:06:40.0,2026-01-23T12:44:25.531,"Any[56, 45, 37, 30, 25]",56,25
2275,2026-01-14T07:06:40.0,2026-01-30T12:44:25.531,"Any[60, 56, 45, 37, 30, 25]",60,25
2276,2026-01-14T07:06:40.0,2026-01-30T12:44:25.531,"Any[19, 25, 30, 37, 45, 53]",19,53
2300,2026-01-14T07:06:40.0,2026-01-23T12:44:25.531,"Any[64, 60, 53, 45, 37, 30, 25, 19, 10]",64,10
2321,2026-01-14T07:06:40.0,2026-01-30T12:44:25.531,"Any[60, 56, 45, 37, 30, 25, 19]",60,19
2363,2026-01-14T07:06:40.0,2026-01-16T12:44:25.531,"Any[19, 25, 30, 37, 45, 56]",19,56
2372,2026-01-14T07:06:40.0,2026-01-09T12:44:25.531,"Any[16, 17, 25, 30, 37, 45, 53]",16,53
2388,2026-01-14T07:06:40.0,2026-01-23T12:44:25.531,"Any[19, 25, 30, 37, 45, 53]",19,53
2397,2026-01-14T07:06:40.0,2026-01-30T12:44:25.531,"Any[10, 19, 25, 30, 37, 45, 53]",10,53
2402,2026-01-14T07:06:40.0,2026-01-09T12:44:25.531,"Any[1, 6, 11, 19, 25, 30, 37, 45, 53]",1,53
2410,2026-01-14T07:06:40.0,2026-01-09T12:44:25.531,"Any[6, 11, 19, 25, 30, 37, 45]",6,45
2415,2026-01-14T07:06:40.0,2026-01-16T12:44:25.531,"Any[1, 6, 11, 16, 25, 30, 37, 45, 56]",1,56
2456,2026-01-14T07:06:40.0,2026-01-09T12:44:25.531,"Any[7, 8, 13, 19, 25, 30, 37, 45, 53, 60]",7,60
2481,2026-01-14T07:06:40.0,2026-01-23T12:44:25.531,"Any[64, 60, 56, 45, 37, 30, 25, 19, 11, 6]",64,6
2496,2026-01-14T07:06:40.0,2026-01-30T12:44:25.531,"Any[6, 11, 16, 25, 30, 37, 45, 53]",6,53
2510,2026-01-14T07:06:40.0,2026-01-23T12:44:25.531,"Any[56, 45, 37, 30, 25]",56,25
2538,2026-01-14T07:06:40.0,2026-01-30T12:44:25.531,"Any[53, 45, 37, 30, 25, 19, 10]",53,10
2541,2026-01-14T07:06:40.0,2026-01-09T12:44:25.531,"Any[8, 13, 19, 25, 30, 37, 45, 56]",8,56
2560,2026-01-14T07:06:40.0,2026-01-16T12:44:25.531,"Any[8, 13, 19, 25, 30, 37, 45, 56]",8,56
2562,2026-01-14T07:06:40.0,2026-01-09T12:44:25.531,"Any[8, 13, 19, 25, 30, 37, 45, 56]",8,56
2574,2026-01-14T07:06:40.0,2026-01-16T12:44:25.531,"Any[8, 13, 19, 25, 30, 37, 45, 56]",8,56
2603,2026-01-14T07:06:40.0,2026-01-23T12:44:25.531,"Any[56, 45, 37, 30, 25, 19]",56,19
2627,2026-01-14T07:06:40.0,2026-01-16T12:44:25.531,"Any[56, 45, 37, 30, 25, 19]",56,19
2795,2026-01-14T07:06:40.0,2026-01-09T12:44:25.531,"Any[45, 37, 30, 25, 19, 13, 8]",45,8
2797,2026-01-14T07:06:40.0,2026-01-09T12:44:25.531,"Any[45, 37, 30, 25, 19, 13, 8]",45,8
2801,2026-01-14T07:06:40.0,2026-01-30T12:44:25.531,"Any[45, 37, 30, 25, 19, 13, 8]",45,8
2802,2026-01-14T07:06:40.0,2026-01-30T12:44:25.531,"Any[45, 37, 30, 25, 19, 13, 8]",45,8
2916,2026-01-14T07:06:40.0,2026-01-23T12:44:25.531,"Any[25, 30, 37, 45, 56, 60]",25,60
2918,2026-01-14T07:06:40.0,2026-01-30T12:44:25.531,"Any[25, 30, 37, 45, 56, 60]",25,60
2920,2026-01-14T07:06:40.0,2026-01-23T12:44:25.531,"Any[25, 30, 37, 45, 56, 60]",25,60
2924,2026-01-14T07:06:40.0,2026-01-23T12:44:25.531,"Any[25, 30, 37, 45, 56, 60]",25,60
3095,2026-01-14T07:06:40.0,2026-01-16T12:44:25.531,"Any[1, 6, 11, 25, 30, 37, 45, 53]",1,53
3181,2026-01-14T07:06:40.0,2026-01-16T12:44:25.531,"Any[10, 19, 25, 30, 37, 45, 53]",10,53
3187,2026-01-14T07:06:40.0,2026-01-23T12:44:25.531,"Any[10, 19, 25, 30, 37, 45, 53]",10,53
2663,2026-01-14T07:40:00.0,2026-01-09T13:17:45.531,Any[],56,13
3109,2026-01-14T13:13:00.0,2026-01-30T18:50:45.531,Any[],6,64
2732,2026-01-14T13:41:00.0,2026-01-16T19:18:45.531,Any[],53,7
2661,2026-01-14T13:44:00.0,2026-01-23T19:21:45.531,Any[],56,13
3153,2026-01-14T13:44:00.0,2026-01-09T19:21:45.531,Any[],10,64
2751,2026-01-14T13:46:00.0,2026-01-09T19:23:45.531,Any[],53,7
3134,2026-01-14T13:48:00.0,2026-01-16T19:25:45.531,Any[],10,64
2600,2026-01-14T13:50:00.0,2026-01-30T19:27:45.531,Any[],60,17
2831,2026-01-14T13:52:00.0,2026-01-16T19:29:45.531,Any[],45,5
3141,2026-01-14T13:59:00.0,2026-01-16T19:36:45.531,Any[],10,64
2749,2026-01-17T07:19:00.0,2026-02-02T12:56:45.531,Any[],53,7
2654,2026-01-17T07:27:00.0,2026-02-02T13:04:45.531,Any[],56,17
2737,2026-01-17T07:38:00.0,2026-01-19T13:15:45.531,Any[],53,7
3144,2026-01-17T07:43:00.0,2026-01-12T13:20:45.531,Any[],10,64
3135,2026-01-17T07:50:00.0,2026-02-02T13:27:45.531,Any[],10,64
2809,2026-01-17T07:53:00.0,2026-01-19T13:30:45.531,Any[],45,7
2656,2026-01-17T13:00:00.0,2026-02-02T18:37:45.531,Any[],56,13
2705,2026-01-17T13:00:00.0,2026-01-26T18:37:45.531,Any[],55,2
2825,2026-01-17T13:01:00.0,2026-01-26T18:38:45.531,Any[],45,3
2764,2026-01-17T13:04:00.0,2026-01-26T18:41:45.531,Any[],53,3
2662,2026-01-17T13:05:00.0,2026-01-26T18:42:45.531,Any[],56,13
2741,2026-01-17T13:12:00.0,2026-02-02T18:49:45.531,Any[],53,7
2760,2026-01-17T13:16:00.0,2026-02-02T18:53:45.531,Any[],53,7
2696,2026-01-17T13:17:00.0,2026-01-26T18:54:45.531,Any[],56,3
2817,2026-01-17T13:18:00.0,2026-01-12T18:55:45.531,Any[],45,3
2714,2026-01-17T13:19:00.0,2026-01-19T18:56:45.531,Any[],53,17
9,2026-01-17T13:20:00.0,2026-01-12T18:57:45.531,"Any[53, 45, 37, 30, 25, 19, 13, 8]",53,8
20,2026-01-17T13:20:00.0,2026-02-02T18:57:45.531,"Any[64, 60, 53, 45, 37, 30, 25, 19, 10]",64,10
23,2026-01-17T13:20:00.0,2026-01-19T18:57:45.531,"Any[56, 45, 37, 30, 25, 19, 13, 8]",56,8
28,2026-01-17T13:20:00.0,2026-02-02T18:57:45.531,"Any[10, 19, 25, 30, 37, 45, 53, 60]",10,60
29,2026-01-17T13:20:00.0,2026-01-12T18:57:45.531,"Any[64, 60, 56, 45, 37, 30, 25, 19]",64,19
39,2026-01-17T13:20:00.0,2026-01-19T18:57:45.531,"Any[60, 56, 45, 37, 30, 25, 19, 11, 6]",60,6
47,2026-01-17T13:20:00.0,2026-02-02T18:57:45.531,"Any[56, 45, 37, 30, 25, 19, 11, 6]",56,6
52,2026-01-17T13:20:00.0,2026-01-12T18:57:45.531,"Any[10, 19, 25, 30, 37, 45, 53]",10,53
54,2026-01-17T13:20:00.0,2026-01-12T18:57:45.531,"Any[1, 6, 11, 19, 25, 30, 37, 45, 56]",1,56
61,2026-01-17T13:20:00.0,2026-02-02T18:57:45.531,"Any[19, 25, 30, 37, 45, 53]",19,53
71,2026-01-17T13:20:00.0,2026-02-02T18:57:45.531,"Any[45, 37, 30, 25, 19]",45,19
79,2026-01-17T13:20:00.0,2026-01-26T18:57:45.531,"Any[1, 6, 11, 19, 25, 30, 37, 45, 56]",1,56
82,2026-01-17T13:20:00.0,2026-01-12T18:57:45.531,"Any[10, 19, 25, 30, 37, 45, 53, 60]",10,60
85,2026-01-17T13:20:00.0,2026-01-12T18:57:45.531,"Any[6, 11, 19, 25, 30, 37, 45, 56]",6,56
92,2026-01-17T13:20:00.0,2026-02-02T18:57:45.531,"Any[6, 11, 19, 25, 30, 37, 45]",6,45
99,2026-01-17T13:20:00.0,2026-01-26T18:57:45.531,"Any[19, 25, 30, 37, 45, 53]",19,53
101,2026-01-17T13:20:00.0,2026-02-02T18:57:45.531,"Any[56, 45, 37, 30, 25, 19, 11, 6, 1]",56,1
107,2026-01-17T13:20:00.0,2026-01-26T18:57:45.531,"Any[1, 6, 11, 19, 25, 30, 37, 45, 56, 60]",1,60
113,2026-01-17T13:20:00.0,2026-01-19T18:57:45.531,"Any[7, 8, 13, 19, 25, 30, 37, 45, 53, 60]",7,60
118,2026-01-17T13:20:00.0,2026-01-26T18:57:45.531,"Any[53, 45, 37, 30, 25, 19, 13, 8]",53,8
119,2026-01-17T13:20:00.0,2026-01-12T18:57:45.531,"Any[53, 45, 37, 30, 25]",53,25
123,2026-01-17T13:20:00.0,2026-01-12T18:57:45.531,"Any[53, 45, 37, 30, 25, 19, 10]",53,10
126,2026-01-17T13:20:00.0,2026-01-26T18:57:45.531,"Any[8, 13, 19, 25, 30, 37, 45, 56]",8,56
128,2026-01-17T13:20:00.0,2026-01-12T18:57:45.531,"Any[56, 45, 37, 30, 25, 19]",56,19
130,2026-01-17T13:20:00.0,2026-02-02T18:57:45.531,"Any[1, 6, 11, 16, 25, 30, 37, 45, 56]",1,56
134,2026-01-17T13:20:00.0,2026-02-02T18:57:45.531,"Any[10, 19, 25, 30, 37, 45, 53]",10,53
137,2026-01-17T13:20:00.0,2026-01-26T18:57:45.531,"Any[53, 45, 37, 30, 25, 19, 10]",53,10
155,2026-01-17T13:20:00.0,2026-01-12T18:57:45.531,"Any[60, 56, 45, 37, 30, 25, 19]",60,19
161,2026-01-17T13:20:00.0,2026-01-26T18:57:45.531,"Any[56, 45, 37, 30, 25, 19, 13, 8]",56,8
165,2026-01-17T13:20:00.0,2026-01-19T18:57:45.531,"Any[60, 53, 45, 37, 30, 25, 19, 11, 6, 1]",60,1
173,2026-01-17T13:20:00.0,2026-02-02T18:57:45.531,"Any[62, 56, 45, 37, 30, 25, 19]",62,19
177,2026-01-17T13:20:00.0,2026-02-02T18:57:45.531,"Any[53, 45, 37, 30, 25, 19, 11, 6, 1]",53,1
180,2026-01-17T13:20:00.0,2026-01-19T18:57:45.531,"Any[60, 56, 45, 37, 30, 25, 19]",60,19
183,2026-01-17T13:20:00.0,2026-01-19T18:57:45.531,"Any[8, 13, 19, 25, 30, 37, 45, 53]",8,53
186,2026-01-17T13:20:00.0,2026-01-26T18:57:45.531,"Any[56, 45, 37, 30, 25, 19, 13, 8]",56,8
192,2026-01-17T13:20:00.0,2026-02-02T18:57:45.531,"Any[8, 13, 19, 25, 30, 37, 45, 56]",8,56
194,2026-01-17T13:20:00.0,2026-01-26T18:57:45.531,"Any[56, 45, 37, 30, 25, 19]",56,19
196,2026-01-17T13:20:00.0,2026-02-02T18:57:45.531,"Any[7, 8, 13, 19, 25, 30, 37, 45, 53]",7,53
204,2026-01-17T13:20:00.0,2026-01-12T18:57:45.531,"Any[8, 13, 19, 25, 30, 37, 45, 56, 60]",8,60
207,2026-01-17T13:20:00.0,2026-01-26T18:57:45.531,"Any[19, 25, 30, 37, 45, 53]",19,53
211,2026-01-17T13:20:00.0,2026-01-26T18:57:45.531,"Any[53, 45, 37, 30, 25]",53,25
216,2026-01-17T13:20:00.0,2026-02-02T18:57:45.531,"Any[10, 19, 25, 30, 37, 45, 53]",10,53
222,2026-01-17T13:20:00.0,2026-01-12T18:57:45.531,"Any[19, 25, 30, 37, 45, 53]",19,53
223,2026-01-17T13:20:00.0,2026-02-02T18:57:45.531,"Any[53, 45, 37, 30, 25, 19, 11, 6, 1]",53,1
224,2026-01-17T13:20:00.0,2026-02-02T18:57:45.531,"Any[53, 45, 37, 30, 25, 19, 11, 6, 1]",53,1
225,2026-01-17T13:20:00.0,2026-01-26T18:57:45.531,"Any[8, 13, 19, 25, 30, 37, 45, 53]",8,53
227,2026-01-17T13:20:00.0,2026-01-26T18:57:45.531,"Any[8, 13, 19, 25, 30, 37, 45, 56]",8,56
229,2026-01-17T13:20:00.0,2026-01-19T18:57:45.531,"Any[60, 53, 45, 37, 30, 25, 19, 11, 6]",60,6
230,2026-01-17T13:20:00.0,2026-01-19T18:57:45.531,"Any[6, 11, 19, 25, 30, 37, 45]",6,45
234,2026-01-17T13:20:00.0,2026-01-26T18:57:45.531,"Any[56, 45, 37, 30, 25, 19, 13, 8]",56,8
235,2026-01-17T13:20:00.0,2026-01-12T18:57:45.531,"Any[56, 45, 37, 30, 25, 19, 11, 6, 1, 1]",56,1
238,2026-01-17T13:20:00.0,2026-01-19T18:57:45.531,"Any[53, 45, 37, 30, 25, 19, 11, 6, 1]",53,1
239,2026-01-17T13:20:00.0,2026-01-19T18:57:45.531,"Any[53, 45, 37, 30, 25, 19, 10]",53,10
247,2026-01-17T13:20:00.0,2026-01-26T18:57:45.531,"Any[8, 13, 19, 25, 30, 37, 45]",8,45
248,2026-01-17T13:20:00.0,2026-01-19T18:57:45.531,"Any[60, 56, 45, 37, 30, 25, 19, 13, 8]",60,8
249,2026-01-17T13:20:00.0,2026-02-02T18:57:45.531,"Any[53, 45, 37, 30, 25, 19, 10]",53,10
255,2026-01-17T13:20:00.0,2026-01-12T18:57:45.531,"Any[53, 45, 37, 30, 25, 19, 11, 6, 1]",53,1
256,2026-01-17T13:20:00.0,2026-01-19T18:57:45.531,"Any[53, 45, 37, 30, 25, 19, 11, 6, 1]",53,1
263,2026-01-17T13:20:00.0,2026-01-19T18:57:45.531,"Any[53, 45, 37, 30, 25, 19, 10]",53,10
268,2026-01-17T13:20:00.0,2026-02-02T18:57:45.531,"Any[19, 25, 30, 37, 45]",19,45
272,2026-01-17T13:20:00.0,2026-01-12T18:57:45.531,"Any[19, 25, 30, 37, 45, 56]",19,56
275,2026-01-17T13:20:00.0,2026-01-12T18:57:45.531,"Any[8, 13, 19, 25, 30, 37, 45, 53]",8,53
288,2026-01-17T13:20:00.0,2026-01-19T18:57:45.531,"Any[56, 45, 37, 30, 25, 19, 11, 6, 6, 5, 1, 1]",56,6
294,2026-01-17T13:20:00.0,2026-01-19T18:57:45.531,"Any[53, 45, 37, 30, 25, 19, 11, 6]",53,6
299,2026-01-17T13:20:00.0,2026-01-26T18:57:45.531,"Any[60, 53, 45, 37, 30, 25, 19, 11, 6, 1]",60,1
301,2026-01-17T13:20:00.0,2026-02-02T18:57:45.531,"Any[19, 25, 30, 37, 45, 53]",19,53
304,2026-01-17T13:20:00.0,2026-02-02T18:57:45.531,"Any[19, 25, 30, 37, 45, 56]",19,56
306,2026-01-17T13:20:00.0,2026-01-19T18:57:45.531,"Any[1, 6, 11, 19, 25, 30, 37, 45, 56]",1,56
311,2026-01-17T13:20:00.0,2026-02-02T18:57:45.531,"Any[10, 19, 25, 30, 37, 45, 53, 60]",10,60
326,2026-01-17T13:20:00.0,2026-01-12T18:57:45.531,"Any[8, 13, 19, 25, 30, 37, 45, 56]",8,56
336,2026-01-17T13:20:00.0,2026-01-19T18:57:45.531,"Any[1, 6, 11, 19, 25, 30, 37, 45, 53]",1,53
343,2026-01-17T13:20:00.0,2026-01-26T18:57:45.531,"Any[56, 45, 37, 30, 25, 19, 13, 8]",56,8
352,2026-01-17T13:20:00.0,2026-01-26T18:57:45.531,"Any[53, 45, 37, 30, 25, 19, 10]",53,10
353,2026-01-17T13:20:00.0,2026-02-02T18:57:45.531,"Any[64, 60, 56, 45, 37, 30, 25, 19, 17, 19, 13, 8]",64,8
358,2026-01-17T13:20:00.0,2026-01-26T18:57:45.531,"Any[1, 6, 11, 19, 25, 30, 37, 45, 56]",1,56
361,2026-01-17T13:20:00.0,2026-01-19T18:57:45.531,"Any[56, 45, 37, 30, 25]",56,25
366,2026-01-17T13:20:00.0,2026-01-26T18:57:45.531,"Any[53, 45, 37, 30, 25, 19, 11, 6]",53,6
385,2026-01-17T13:20:00.0,2026-01-26T18:57:45.531,"Any[56, 45, 37, 30, 25, 19, 11, 6]",56,6
397,2026-01-17T13:20:00.0,2026-01-19T18:57:45.531,"Any[1, 6, 11, 19, 25, 30, 37, 45, 56]",1,56
402,2026-01-17T13:20:00.0,2026-01-12T18:57:45.531,"Any[25, 30, 37, 45, 56, 60]",25,60
403,2026-01-17T13:20:00.0,2026-02-02T18:57:45.531,"Any[6, 11, 19, 25, 30, 37, 45, 56]",6,56
409,2026-01-17T13:20:00.0,2026-01-19T18:57:45.531,"Any[53, 45, 37, 30, 25, 19, 10]",53,10
410,2026-01-17T13:20:00.0,2026-02-02T18:57:45.531,"Any[6, 11, 19, 25, 30, 37, 45, 56]",6,56
413,2026-01-17T13:20:00.0,2026-01-26T18:57:45.531,"Any[53, 45, 37, 30, 25, 19, 11, 6, 1]",53,1
418,2026-01-17T13:20:00.0,2026-01-26T18:57:45.531,"Any[6, 11, 19, 25, 30, 37, 45]",6,45
425,2026-01-17T13:20:00.0,2026-02-02T18:57:45.531,"Any[56, 45, 37, 30, 25, 19]",56,19
428,2026-01-17T13:20:00.0,2026-01-12T18:57:45.531,"Any[60, 56, 45, 37, 30, 25, 19, 11, 6]",60,6
432,2026-01-17T13:20:00.0,2026-02-02T18:57:45.531,"Any[6, 11, 19, 25, 30, 37, 45, 53]",6,53
440,2026-01-17T13:20:00.0,2026-01-19T18:57:45.531,"Any[1, 6, 11, 19, 25, 30, 37, 45, 56]",1,56
445,2026-01-17T13:20:00.0,2026-01-12T18:57:45.531,"Any[13, 25, 30, 37, 45, 56]",13,56
450,2026-01-17T13:20:00.0,2026-01-19T18:57:45.531,"Any[60, 56, 45, 37, 30, 25, 19, 13, 8]",60,8
455,2026-01-17T13:20:00.0,2026-02-02T18:57:45.531,"Any[6, 10, 19, 25, 30, 37, 45]",6,45
462,2026-01-17T13:20:00.0,2026-02-02T18:57:45.531,"Any[1, 6, 11, 19, 25, 30, 37, 45, 56]",1,56
467,2026-01-17T13:20:00.0,2026-01-26T18:57:45.531,"Any[1, 6, 11, 19, 25, 30, 37, 45, 56]",1,56
478,2026-01-17T13:20:00.0,2026-01-12T18:57:45.531,"Any[7, 8, 13, 19, 25, 30, 37, 45, 53]",7,53
484,2026-01-17T13:20:00.0,2026-01-12T18:57:45.531,"Any[56, 45, 37, 30, 25, 19, 13, 8]",56,8
486,2026-01-17T13:20:00.0,2026-01-12T18:57:45.531,"Any[53, 45, 37, 30, 25, 19, 11, 6, 1]",53,1
487,2026-01-17T13:20:00.0,2026-01-26T18:57:45.531,"Any[1, 6, 11, 19, 25, 30, 37, 45, 53, 60]",1,60
495,2026-01-17T13:20:00.0,2026-01-19T18:57:45.531,"Any[8, 13, 19, 25, 30, 37, 45, 53]",8,53
503,2026-01-17T13:20:00.0,2026-01-26T18:57:45.531,"Any[8, 13, 19, 25, 37, 45, 56, 60]",8,60
508,2026-01-17T13:20:00.0,2026-01-19T18:57:45.531,"Any[60, 53, 45, 37, 30, 25, 19, 11, 6, 1]",60,1
516,2026-01-17T13:20:00.0,2026-02-02T18:57:45.531,"Any[56, 45, 37, 30, 25, 19, 11, 6]",56,6
518,2026-01-17T13:20:00.0,2026-01-19T18:57:45.531,"Any[53, 45, 37, 30, 25, 19, 10]",53,10
531,2026-01-17T13:20:00.0,2026-01-26T18:57:45.531,"Any[6, 11, 19, 25, 30, 37, 45, 56]",6,56
536,2026-01-17T13:20:00.0,2026-01-26T18:57:45.531,"Any[53, 45, 37, 30, 25, 19, 10]",53,10
540,2026-01-17T13:20:00.0,2026-01-12T18:57:45.531,"Any[10, 19, 25, 30, 37, 45, 53]",10,53
545,2026-01-17T13:20:00.0,2026-01-26T18:57:45.531,"Any[17, 25, 30, 37, 45, 53, 60]",17,60
553,2026-01-17T13:20:00.0,2026-01-26T18:57:45.531,"Any[53, 45, 37, 30, 25, 19, 10]",53,10
559,2026-01-17T13:20:00.0,2026-02-02T18:57:45.531,"Any[45, 37, 30, 25, 19, 10]",45,10
566,2026-01-17T13:20:00.0,2026-01-19T18:57:45.531,"Any[56, 45, 37, 30, 25]",56,25
570,2026-01-17T13:20:00.0,2026-02-02T18:57:45.531,"Any[60, 56, 45, 37, 30, 25, 19, 11, 6]",60,6
572,2026-01-17T13:20:00.0,2026-02-02T18:57:45.531,"Any[53, 45, 37, 30, 25, 19, 10]",53,10
578,2026-01-17T13:20:00.0,2026-02-02T18:57:45.531,"Any[60, 56, 45, 37, 30, 25, 19, 11, 6]",60,6
582,2026-01-17T13:20:00.0,2026-01-19T18:57:45.531,"Any[56, 45, 37, 30, 25, 19, 11, 6]",56,6
587,2026-01-17T13:20:00.0,2026-01-12T18:57:45.531,"Any[7, 8, 13, 19, 25, 30, 37, 45, 53]",7,53
604,2026-01-17T13:20:00.0,2026-01-19T18:57:45.531,"Any[10, 19, 25, 30, 37, 45, 53]",10,53
607,2026-01-17T13:20:00.0,2026-02-02T18:57:45.531,"Any[6, 11, 19, 25, 30, 37, 45, 53]",6,53
610,2026-01-17T13:20:00.0,2026-01-26T18:57:45.531,"Any[56, 45, 37, 30, 25]",56,25
614,2026-01-17T13:20:00.0,2026-01-19T18:57:45.531,"Any[53, 45, 37, 30, 25, 19, 13, 8]",53,8
616,2026-01-17T13:20:00.0,2026-01-19T18:57:45.531,"Any[64, 60, 56, 45, 37, 30, 25, 19, 11, 6]",64,6
617,2026-01-17T13:20:00.0,2026-02-02T18:57:45.531,"Any[10, 19, 25, 30, 37, 45, 56]",10,56
622,2026-01-17T13:20:00.0,2026-01-12T18:57:45.531,"Any[1, 6, 11, 19, 25, 30, 37, 45, 53, 60]",1,60
626,2026-01-17T13:20:00.0,2026-01-26T18:57:45.531,"Any[10, 19, 25, 30, 37, 45, 53, 60]",10,60
628,2026-01-17T13:20:00.0,2026-01-12T18:57:45.531,"Any[19, 25, 30, 37, 45, 56]",19,56
631,2026-01-17T13:20:00.0,2026-01-12T18:57:45.531,"Any[56, 45, 37, 30, 25, 19, 13, 8]",56,8
637,2026-01-17T13:20:00.0,2026-01-12T18:57:45.531,"Any[53, 45, 37, 30, 25, 19, 11, 6]",53,6
655,2026-01-17T13:20:00.0,2026-01-19T18:57:45.531,"Any[19, 25, 30, 37, 45, 56]",19,56
657,2026-01-17T13:20:00.0,2026-02-02T18:57:45.531,"Any[60, 56, 45, 37, 30, 25, 19]",60,19
661,2026-01-17T13:20:00.0,2026-01-26T18:57:45.531,"Any[60, 56, 45, 37, 30, 25, 19, 11, 6, 1]",60,1
664,2026-01-17T13:20:00.0,2026-01-19T18:57:45.531,"Any[10, 19, 25, 30, 37, 45, 53]",10,53
683,2026-01-17T13:20:00.0,2026-01-12T18:57:45.531,"Any[60, 56, 45, 37, 30, 25, 19, 17, 19, 11, 6]",60,6
689,2026-01-17T13:20:00.0,2026-01-26T18:57:45.531,"Any[1, 6, 11, 16, 25, 30, 37, 45, 56]",1,56
697,2026-01-17T13:20:00.0,2026-01-12T18:57:45.531,"Any[60, 53, 45, 37, 30, 25, 19, 13, 8]",60,8
712,2026-01-17T13:20:00.0,2026-01-26T18:57:45.531,"Any[53, 45, 37, 30, 25, 19, 11, 6, 1]",53,1
726,2026-01-17T13:20:00.0,2026-01-26T18:57:45.531,"Any[56, 45, 37, 30, 25, 19, 11, 6]",56,6
729,2026-01-17T13:20:00.0,2026-02-02T18:57:45.531,"Any[1, 6, 11, 19, 25, 30, 37, 45, 53]",1,53
731,2026-01-17T13:20:00.0,2026-01-19T18:57:45.531,"Any[10, 19, 25, 30, 37, 45, 53]",10,53
733,2026-01-17T13:20:00.0,2026-01-26T18:57:45.531,"Any[25, 30, 37, 45, 53, 60]",25,60
737,2026-01-17T13:20:00.0,2026-02-02T18:57:45.531,"Any[60, 53, 45, 37, 30, 25, 19, 11, 6, 1]",60,1
742,2026-01-17T13:20:00.0,2026-02-02T18:57:45.531,"Any[8, 13, 19, 25, 30, 37, 45, 53]",8,53
743,2026-01-17T13:20:00.0,2026-01-26T18:57:45.531,"Any[53, 45, 37, 30, 25, 19, 11, 6, 1]",53,1
744,2026-01-17T13:20:00.0,2026-01-12T18:57:45.531,"Any[60, 53, 45, 37, 30, 25, 19, 11, 6, 1]",60,1
750,2026-01-17T13:20:00.0,2026-01-19T18:57:45.531,"Any[8, 13, 19, 25, 30, 37, 45, 56]",8,56
759,2026-01-17T13:20:00.0,2026-01-26T18:57:45.531,"Any[60, 53, 45, 37, 30, 25]",60,25
761,2026-01-17T13:20:00.0,2026-01-26T18:57:45.531,"Any[56, 45, 37, 30, 25]",56,25
767,2026-01-17T13:20:00.0,2026-02-02T18:57:45.531,"Any[10, 19, 25, 30, 37, 45, 53]",10,53
769,2026-01-17T13:20:00.0,2026-01-26T18:57:45.531,"Any[56, 45, 37, 30, 25, 19, 13, 8]",56,8
781,2026-01-17T13:20:00.0,2026-01-26T18:57:45.531,"Any[10, 19, 25, 30, 37, 45, 53]",10,53
787,2026-01-17T13:20:00.0,2026-01-12T18:57:45.531,"Any[19, 25, 30, 37, 45, 56]",19,56
797,2026-01-17T13:20:00.0,2026-01-19T18:57:45.531,"Any[6, 11, 19, 25, 30, 37, 45, 53]",6,53
803,2026-01-17T13:20:00.0,2026-01-12T18:57:45.531,"Any[10, 19, 25, 30, 37, 45, 53]",10,53
811,2026-01-17T13:20:00.0,2026-02-02T18:57:45.531,"Any[53, 45, 37, 30, 25, 19, 11, 6, 1]",53,1
812,2026-01-17T13:20:00.0,2026-01-19T18:57:45.531,"Any[8, 13, 19, 25, 30, 37, 45]",8,45
820,2026-01-17T13:20:00.0,2026-01-19T18:57:45.531,"Any[56, 45, 37, 30, 25, 19, 11, 6]",56,6
824,2026-01-17T13:20:00.0,2026-01-26T18:57:45.531,"Any[6, 11, 19, 25, 30, 37, 45]",6,45
830,2026-01-17T13:20:00.0,2026-01-12T18:57:45.531,"Any[10, 19, 25, 30, 37, 45, 53]",10,53
831,2026-01-17T13:20:00.0,2026-01-26T18:57:45.531,"Any[10, 19, 25, 30, 37, 45, 53, 60]",10,60
840,2026-01-17T13:20:00.0,2026-02-02T18:57:45.531,"Any[45, 37, 30, 25, 19, 11, 6, 1]",45,1
847,2026-01-17T13:20:00.0,2026-01-26T18:57:45.531,"Any[1, 6, 11, 19, 25, 30, 37, 45, 56]",1,56
852,2026-01-17T13:20:00.0,2026-01-26T18:57:45.531,"Any[62, 45, 37, 30, 25, 19]",62,19
854,2026-01-17T13:20:00.0,2026-01-19T18:57:45.531,"Any[6, 11, 19, 25, 30, 37, 45, 56]",6,56
857,2026-01-17T13:20:00.0,2026-02-02T18:57:45.531,"Any[3, 10, 19, 25, 30, 37, 45, 53]",3,53
861,2026-01-17T13:20:00.0,2026-01-26T18:57:45.531,"Any[64, 60, 53, 45, 37, 30, 25, 19, 10]",64,10
864,2026-01-17T13:20:00.0,2026-01-12T18:57:45.531,"Any[53, 45, 37, 30, 25, 19, 13, 8]",53,8
865,2026-01-17T13:20:00.0,2026-01-12T18:57:45.531,"Any[56, 45, 37, 30, 25, 19, 20]",56,20
867,2026-01-17T13:20:00.0,2026-02-02T18:57:45.531,"Any[1, 6, 11, 19, 25, 30, 37, 45, 53, 60]",1,60
876,2026-01-17T13:20:00.0,2026-02-02T18:57:45.531,"Any[53, 45, 37, 30, 25]",53,25
878,2026-01-17T13:20:00.0,2026-01-12T18:57:45.531,"Any[8, 13, 19, 25, 30, 37, 45]",8,45
887,2026-01-17T13:20:00.0,2026-01-26T18:57:45.531,"Any[56, 45, 37, 30, 25, 19, 11, 6, 1]",56,1
893,2026-01-17T13:20:00.0,2026-01-19T18:57:45.531,"Any[6, 11, 19, 25, 30, 37, 45, 56]",6,56
901,2026-01-17T13:20:00.0,2026-01-12T18:57:45.531,"Any[19, 25, 30, 37, 45, 53]",19,53
903,2026-01-17T13:20:00.0,2026-01-19T18:57:45.531,"Any[8, 13, 19, 25, 30, 37, 45, 56]",8,56
904,2026-01-17T13:20:00.0,2026-01-12T18:57:45.531,"Any[1, 6, 11, 19, 25, 30, 37, 45, 56]",1,56
913,2026-01-17T13:20:00.0,2026-01-12T18:57:45.531,"Any[64, 53, 45, 37, 30, 25, 19, 11, 6, 1]",64,1
914,2026-01-17T13:20:00.0,2026-02-02T18:57:45.531,"Any[6, 11, 19, 25, 30, 37, 45, 56]",6,56
923,2026-01-17T13:20:00.0,2026-01-26T18:57:45.531,"Any[53, 45, 37, 30, 25]",53,25
927,2026-01-17T13:20:00.0,2026-01-12T18:57:45.531,"Any[7, 8, 13, 19, 25, 30, 37, 45, 53, 60]",7,60
928,2026-01-17T13:20:00.0,2026-01-19T18:57:45.531,"Any[7, 8, 13, 19, 25, 30, 37, 45, 53]",7,53
941,2026-01-17T13:20:00.0,2026-01-26T18:57:45.531,"Any[56, 45, 37, 30, 25]",56,25
942,2026-01-17T13:20:00.0,2026-01-26T18:57:45.531,"Any[8, 13, 19, 25, 30, 37, 45, 56]",8,56
943,2026-01-17T13:20:00.0,2026-01-26T18:57:45.531,"Any[8, 13, 19, 25, 30, 37, 45, 56]",8,56
945,2026-01-17T13:20:00.0,2026-01-19T18:57:45.531,"Any[10, 19, 25, 30, 37, 45, 56, 60]",10,60
948,2026-01-17T13:20:00.0,2026-01-19T18:57:45.531,"Any[19, 25, 30, 37, 45, 53, 60]",19,60
949,2026-01-17T13:20:00.0,2026-02-02T18:57:45.531,"Any[8, 13, 19, 25, 30, 37, 45, 56, 60]",8,60
951,2026-01-17T13:20:00.0,2026-01-12T18:57:45.531,"Any[53, 45, 37, 30, 25, 19, 13, 8]",53,8
960,2026-01-17T13:20:00.0,2026-01-12T18:57:45.531,"Any[60, 56, 45, 37, 30, 25, 19, 17, 19, 11, 6]",60,6
967,2026-01-17T13:20:00.0,2026-01-12T18:57:45.531,"Any[60, 56, 45, 37, 30, 25, 19, 11, 6]",60,6
969,2026-01-17T13:20:00.0,2026-01-12T18:57:45.531,"Any[1, 6, 11, 19, 25, 30, 37, 45, 53, 60, 64]",1,64
970,2026-01-17T13:20:00.0,2026-01-26T18:57:45.531,"Any[60, 53, 45, 37, 30, 25, 19, 11, 6, 1]",60,1
978,2026-01-17T13:20:00.0,2026-01-12T18:57:45.531,"Any[53, 45, 37, 30, 25, 19, 13, 8]",53,8
979,2026-01-17T13:20:00.0,2026-01-19T18:57:45.531,"Any[8, 13, 19, 25, 30, 37, 45, 53, 60]",8,60
989,2026-01-17T13:20:00.0,2026-01-19T18:57:45.531,"Any[53, 45, 37, 30, 25, 19, 10]",53,10
991,2026-01-17T13:20:00.0,2026-01-12T18:57:45.531,"Any[53, 45, 37, 30, 25, 19, 13, 8]",53,8
994,2026-01-17T13:20:00.0,2026-01-19T18:57:45.531,"Any[56, 45, 37, 30, 25, 19]",56,19
1002,2026-01-17T13:20:00.0,2026-01-19T18:57:45.531,"Any[7, 8, 13, 19, 25, 30, 37, 45, 53]",7,53
1005,2026-01-17T13:20:00.0,2026-01-26T18:57:45.531,"Any[53, 45, 37, 30, 25, 19, 13, 8]",53,8
1006,2026-01-17T13:20:00.0,2026-02-02T18:57:45.531,"Any[60, 56, 45, 37, 30, 25, 19, 11, 6]",60,6
1011,2026-01-17T13:20:00.0,2026-01-12T18:57:45.531,"Any[6, 11, 19, 25, 30, 37, 45]",6,45
1014,2026-01-17T13:20:00.0,2026-01-26T18:57:45.531,"Any[53, 45, 37, 30, 25, 19, 10]",53,10
1026,2026-01-17T13:20:00.0,2026-01-19T18:57:45.531,"Any[1, 6, 11, 16, 25, 30, 37, 45, 56, 60]",1,60
1027,2026-01-17T13:20:00.0,2026-02-02T18:57:45.531,"Any[19, 25, 30, 37, 45, 56]",19,56
1030,2026-01-17T13:20:00.0,2026-01-12T18:57:45.531,"Any[8, 13, 19, 25, 30, 37, 45, 56]",8,56
1032,2026-01-17T13:20:00.0,2026-01-19T18:57:45.531,"Any[6, 11, 19, 25, 30, 37, 45]",6,45
1035,2026-01-17T13:20:00.0,2026-02-02T18:57:45.531,"Any[1, 6, 11, 16, 25, 30, 37, 45, 56]",1,56
1039,2026-01-17T13:20:00.0,2026-01-19T18:57:45.531,"Any[2, 9, 21, 27, 31, 36, 45, 55]",2,55
1046,2026-01-17T13:20:00.0,2026-01-19T18:57:45.531,"Any[10, 19, 25, 30, 37, 45, 53]",10,53
1056,2026-01-17T13:20:00.0,2026-02-02T18:57:45.531,"Any[8, 13, 19, 25, 30, 37, 45, 56]",8,56
1061,2026-01-17T13:20:00.0,2026-02-02T18:57:45.531,"Any[53, 45, 37, 30, 25]",53,25
1062,2026-01-17T13:20:00.0,2026-01-19T18:57:45.531,"Any[6, 11, 16, 25, 30, 37, 45]",6,45
1064,2026-01-17T13:20:00.0,2026-02-02T18:57:45.531,"Any[53, 45, 37, 30, 25, 19, 10]",53,10
1065,2026-01-17T13:20:00.0,2026-01-26T18:57:45.531,"Any[45, 37, 30, 25, 19, 10]",45,10
1067,2026-01-17T13:20:00.0,2026-01-19T18:57:45.531,"Any[25, 30, 37, 45, 53]",25,53
1074,2026-01-17T13:20:00.0,2026-02-02T18:57:45.531,"Any[19, 25, 30, 37, 45, 53]",19,53
1075,2026-01-17T13:20:00.0,2026-01-19T18:57:45.531,"Any[45, 37, 30, 25]",45,25
1077,2026-01-17T13:20:00.0,2026-02-02T18:57:45.531,"Any[5, 6, 11, 19, 25, 30, 37, 45, 56]",5,56
1101,2026-01-17T13:20:00.0,2026-01-26T18:57:45.531,"Any[60, 53, 45, 37, 30, 25, 19, 10]",60,10
1111,2026-01-17T13:20:00.0,2026-02-02T18:57:45.531,"Any[8, 13, 19, 25, 30, 37, 45, 56]",8,56
1120,2026-01-17T13:20:00.0,2026-01-26T18:57:45.531,"Any[60, 56, 45, 37, 30, 25, 19, 11, 6]",60,6
1128,2026-01-17T13:20:00.0,2026-01-19T18:57:45.531,"Any[19, 25, 30, 37, 45, 56, 60]",19,60
1130,2026-01-17T13:20:00.0,2026-01-19T18:57:45.531,"Any[53, 45, 37, 30, 25, 19, 10]",53,10
1131,2026-01-17T13:20:00.0,2026-01-26T18:57:45.531,"Any[10, 11, 19, 25, 30, 37, 45, 53]",10,53
1144,2026-01-17T13:20:00.0,2026-01-12T18:57:45.531,"Any[53, 45, 37, 30, 25, 19, 11, 6]",53,6
1145,2026-01-17T13:20:00.0,2026-01-26T18:57:45.531,"Any[53, 45, 37, 30, 25, 19, 11, 6]",53,6
1163,2026-01-17T13:20:00.0,2026-01-12T18:57:45.531,"Any[53, 45, 37, 30, 25, 19, 13, 8]",53,8
1168,2026-01-17T13:20:00.0,2026-01-19T18:57:45.531,"Any[10, 19, 25, 30, 37, 45]",10,45
1169,2026-01-17T13:20:00.0,2026-01-12T18:57:45.531,"Any[53, 45, 37, 30, 25, 19, 10]",53,10
1173,2026-01-17T13:20:00.0,2026-01-26T18:57:45.531,"Any[56, 45, 37, 30, 25, 19, 11, 6]",56,6
1175,2026-01-17T13:20:00.0,2026-01-12T18:57:45.531,"Any[1, 6, 11, 19, 25, 30, 37, 45, 53, 60]",1,60
1183,2026-01-17T13:20:00.0,2026-01-12T18:57:45.531,"Any[60, 56, 45, 37, 30, 25, 19]",60,19
1193,2026-01-17T13:20:00.0,2026-02-02T18:57:45.531,"Any[53, 45, 37, 30, 25, 19, 13, 8]",53,8
1194,2026-01-17T13:20:00.0,2026-01-12T18:57:45.531,"Any[10, 19, 25, 30, 37, 45, 53]",10,53
1197,2026-01-17T13:20:00.0,2026-01-26T18:57:45.531,"Any[8, 13, 19, 25, 30, 37, 45, 56]",8,56
1198,2026-01-17T13:20:00.0,2026-01-12T18:57:45.531,"Any[53, 45, 37, 30, 25, 19, 10]",53,10
1203,2026-01-17T13:20:00.0,2026-01-19T18:57:45.531,"Any[56, 45, 37, 30, 25, 19, 11, 6]",56,6
1216,2026-01-17T13:20:00.0,2026-01-19T18:57:45.531,"Any[60, 56, 45, 37, 30, 25, 19]",60,19
1218,2026-01-17T13:20:00.0,2026-01-12T18:57:45.531,"Any[1, 6, 11, 19, 23, 36, 44, 54, 60]",1,60
1219,2026-01-17T13:20:00.0,2026-01-12T18:57:45.531,"Any[8, 13, 19, 25, 37, 45, 56, 60]",8,60
1220,2026-01-17T13:20:00.0,2026-02-02T18:57:45.531,"Any[53, 45, 37, 30, 25, 19, 13, 8]",53,8
1223,2026-01-17T13:20:00.0,2026-01-26T18:57:45.531,"Any[60, 53, 45, 37, 30, 25, 19, 13, 8]",60,8
1226,2026-01-17T13:20:00.0,2026-01-19T18:57:45.531,"Any[25, 30, 37, 45, 53]",25,53
1235,2026-01-17T13:20:00.0,2026-01-19T18:57:45.531,"Any[60, 56, 45, 37, 30, 25, 19, 11, 6]",60,6
1236,2026-01-17T13:20:00.0,2026-01-12T18:57:45.531,"Any[8, 13, 19, 25, 30, 37, 45]",8,45
1238,2026-01-17T13:20:00.0,2026-01-12T18:57:45.531,"Any[10, 19, 25, 30, 37, 45, 53, 60]",10,60
1242,2026-01-17T13:20:00.0,2026-01-26T18:57:45.531,"Any[6, 11, 16, 25, 30, 37, 45]",6,45
1251,2026-01-17T13:20:00.0,2026-01-12T18:57:45.531,"Any[7, 8, 13, 19, 25, 30, 37, 45, 53]",7,53
1252,2026-01-17T13:20:00.0,2026-02-02T18:57:45.531,"Any[45, 37, 30, 25, 19, 10]",45,10
1258,2026-01-17T13:20:00.0,2026-02-02T18:57:45.531,"Any[56, 45, 37, 30, 25, 19, 13, 8]",56,8
1267,2026-01-17T13:20:00.0,2026-01-19T18:57:45.531,"Any[8, 13, 19, 25, 30, 37, 45, 56, 60, 64]",8,64
1272,2026-01-17T13:20:00.0,2026-01-19T18:57:45.531,"Any[1, 6, 11, 19, 23, 28, 36, 44, 54, 60]",1,60
1278,2026-01-17T13:20:00.0,2026-01-12T18:57:45.531,"Any[19, 25, 30, 37, 45, 56]",19,56
1281,2026-01-17T13:20:00.0,2026-01-19T18:57:45.531,"Any[8, 13, 19, 25, 30, 37, 45, 53]",8,53
1287,2026-01-17T13:20:00.0,2026-01-19T18:57:45.531,"Any[56, 45, 37, 30, 25, 19]",56,19
1293,2026-01-17T13:20:00.0,2026-01-12T18:57:45.531,"Any[60, 56, 45, 37, 30, 25, 19, 11, 6]",60,6
1296,2026-01-17T13:20:00.0,2026-01-19T18:57:45.531,"Any[19, 25, 30, 37, 30, 37, 45, 53]",19,53
1299,2026-01-17T13:20:00.0,2026-01-12T18:57:45.531,"Any[19, 25, 30, 37, 45, 56, 60, 64]",19,64
1308,2026-01-17T13:20:00.0,2026-02-02T18:57:45.531,"Any[56, 45, 37, 30, 25, 19, 11, 6]",56,6
1310,2026-01-17T13:20:00.0,2026-02-02T18:57:45.531,"Any[53, 45, 37, 30, 25, 19, 13, 8]",53,8
1311,2026-01-17T13:20:00.0,2026-01-19T18:57:45.531,"Any[53, 45, 37, 30, 25, 19, 13, 8]",53,8
1317,2026-01-17T13:20:00.0,2026-01-19T18:57:45.531,"Any[8, 13, 19, 25, 30, 37, 45, 56, 60, 64]",8,64
1318,2026-01-17T13:20:00.0,2026-01-12T18:57:45.531,"Any[56, 45, 37, 30, 25, 19, 11, 6, 1]",56,1
1319,2026-01-17T13:20:00.0,2026-02-02T18:57:45.531,"Any[6, 11, 19, 25, 30, 37, 45]",6,45
1320,2026-01-17T13:20:00.0,2026-01-12T18:57:45.531,"Any[10, 19, 25, 30, 37, 45, 53, 60]",10,60
1330,2026-01-17T13:20:00.0,2026-02-02T18:57:45.531,"Any[60, 56, 45, 37, 30, 25]",60,25
1333,2026-01-17T13:20:00.0,2026-01-19T18:57:45.531,"Any[53, 45, 37, 30, 25, 19, 11, 6]",53,6
1336,2026-01-17T13:20:00.0,2026-02-02T18:57:45.531,"Any[45, 37, 30, 25]",45,25
1346,2026-01-17T13:20:00.0,2026-01-12T18:57:45.531,"Any[8, 13, 19, 25, 30, 37, 45, 53]",8,53
1349,2026-01-17T13:20:00.0,2026-01-19T18:57:45.531,"Any[64, 60, 56, 45, 37, 30, 25, 19, 13, 8]",64,8
1352,2026-01-17T13:20:00.0,2026-01-19T18:57:45.531,"Any[53, 45, 37, 30, 25, 19, 10]",53,10
1354,2026-01-17T13:20:00.0,2026-01-26T18:57:45.531,"Any[9, 15, 26, 31, 36, 44, 54]",9,54
1357,2026-01-17T13:20:00.0,2026-01-12T18:57:45.531,"Any[60, 53, 45, 37, 30, 25, 19, 10]",60,10
1362,2026-01-17T13:20:00.0,2026-01-19T18:57:45.531,"Any[7, 8, 13, 19, 25, 30, 37, 45, 53]",7,53
1365,2026-01-17T13:20:00.0,2026-01-19T18:57:45.531,"Any[60, 56, 45, 37, 30, 25, 19, 14]",60,14
1369,2026-01-17T13:20:00.0,2026-01-12T18:57:45.531,"Any[45, 37, 30, 23, 19, 11, 6]",45,6
1371,2026-01-17T13:20:00.0,2026-01-19T18:57:45.531,"Any[19, 25, 30, 37, 45, 56]",19,56
1373,2026-01-17T13:20:00.0,2026-01-12T18:57:45.531,"Any[8, 13, 19, 25, 30, 37, 45, 56]",8,56
1375,2026-01-17T13:20:00.0,2026-01-26T18:57:45.531,"Any[53, 45, 37, 30, 25, 19, 13, 8]",53,8
1379,2026-01-17T13:20:00.0,2026-02-02T18:57:45.531,"Any[56, 45, 37, 30, 25, 19, 13, 8]",56,8
1380,2026-01-17T13:20:00.0,2026-01-19T18:57:45.531,"Any[19, 25, 30, 37, 45, 53]",19,53
1382,2026-01-17T13:20:00.0,2026-01-12T18:57:45.531,"Any[45, 37, 30, 25]",45,25
1398,2026-01-17T13:20:00.0,2026-01-19T18:57:45.531,"Any[60, 56, 45, 37, 30, 25, 19, 10]",60,10
1400,2026-01-17T13:20:00.0,2026-01-19T18:57:45.531,"Any[6, 11, 19, 25, 30, 37, 45]",6,45
1406,2026-01-17T13:20:00.0,2026-01-12T18:57:45.531,"Any[6, 11, 19, 25, 30, 37, 45]",6,45
1408,2026-01-17T13:20:00.0,2026-01-26T18:57:45.531,"Any[56, 45, 37, 30, 25, 19, 11, 6]",56,6
1409,2026-01-17T13:20:00.0,2026-01-19T18:57:45.531,"Any[53, 45, 37, 30, 25, 19, 13, 8]",53,8
1411,2026-01-17T13:20:00.0,2026-01-19T18:57:45.531,"Any[64, 60, 53, 45, 37, 30, 25, 19, 11, 6]",64,6
1415,2026-01-17T13:20:00.0,2026-01-26T18:57:45.531,"Any[56, 45, 37, 30, 25, 19, 11, 6]",56,6
1417,2026-01-17T13:20:00.0,2026-02-02T18:57:45.531,"Any[56, 45, 37, 30, 25]",56,25
1418,2026-01-17T13:20:00.0,2026-02-02T18:57:45.531,"Any[45, 37, 30, 25, 19]",45,19
1420,2026-01-17T13:20:00.0,2026-02-02T18:57:45.531,"Any[60, 56, 45, 37, 30, 25, 19]",60,19
1428,2026-01-17T13:20:00.0,2026-01-12T18:57:45.531,"Any[8, 13, 19, 25, 30, 37, 45]",8,45
1432,2026-01-17T13:20:00.0,2026-01-19T18:57:45.531,"Any[6, 11, 16, 25, 30, 37, 45]",6,45
1439,2026-01-17T13:20:00.0,2026-01-19T18:57:45.531,"Any[9, 15, 26, 31, 36, 44, 54]",9,54
1447,2026-01-17T13:20:00.0,2026-01-26T18:57:45.531,"Any[64, 60, 53, 45, 37, 30, 25, 19, 10]",64,10
1449,2026-01-17T13:20:00.0,2026-01-26T18:57:45.531,"Any[1, 6, 11, 19, 25, 30, 37, 45, 56]",1,56
1450,2026-01-17T13:20:00.0,2026-01-26T18:57:45.531,"Any[53, 45, 37, 30, 25, 19, 11, 6, 1]",53,1
1452,2026-01-17T13:20:00.0,2026-01-19T18:57:45.531,"Any[3, 6, 11, 19, 25, 30, 37, 45, 53]",3,53
1458,2026-01-17T13:20:00.0,2026-01-12T18:57:45.531,"Any[6, 11, 16, 25, 30, 37, 45, 56]",6,56
1468,2026-01-17T13:20:00.0,2026-01-12T18:57:45.531,"Any[53, 45, 37, 30, 25, 19, 10]",53,10
1474,2026-01-17T13:20:00.0,2026-01-26T18:57:45.531,"Any[56, 45, 37, 30, 25, 19, 11, 6, 6, 1]",56,6
1477,2026-01-17T13:20:00.0,2026-01-19T18:57:45.531,"Any[64, 60, 53, 45, 37, 30, 25, 19, 10]",64,10
1478,2026-01-17T13:20:00.0,2026-01-26T18:57:45.531,"Any[10, 19, 25, 30, 37, 45, 53, 60]",10,60
1480,2026-01-17T13:20:00.0,2026-01-19T18:57:45.531,"Any[6, 11, 25, 30, 37, 45]",6,45
1482,2026-01-17T13:20:00.0,2026-01-19T18:57:45.531,"Any[60, 53, 45, 37, 30, 25, 19, 10]",60,10
1484,2026-01-17T13:20:00.0,2026-01-12T18:57:45.531,"Any[56, 45, 37, 30, 25, 19, 13, 8]",56,8
1485,2026-01-17T13:20:00.0,2026-01-26T18:57:45.531,"Any[1, 6, 11, 19, 25, 30, 37, 45, 53]",1,53
1492,2026-01-17T13:20:00.0,2026-01-19T18:57:45.531,"Any[7, 8, 13, 19, 25, 30, 37, 45, 53, 60]",7,60
1501,2026-01-17T13:20:00.0,2026-01-19T18:57:45.531,"Any[56, 45, 37, 30, 25]",56,25
1502,2026-01-17T13:20:00.0,2026-01-19T18:57:45.531,"Any[17, 25, 30, 37, 45, 53, 60]",17,60
1507,2026-01-17T13:20:00.0,2026-01-26T18:57:45.531,"Any[53, 45, 37, 30, 25, 19, 10]",53,10
1509,2026-01-17T13:20:00.0,2026-01-19T18:57:45.531,"Any[56, 45, 37, 30, 25, 19, 13, 8]",56,8
1512,2026-01-17T13:20:00.0,2026-01-19T18:57:45.531,"Any[64, 56, 45, 37, 30, 25, 19, 11, 6]",64,6
1514,2026-01-17T13:20:00.0,2026-01-12T18:57:45.531,"Any[8, 13, 19, 25, 30, 37, 45, 56]",8,56
1517,2026-01-17T13:20:00.0,2026-01-19T18:57:45.531,"Any[56, 45, 37, 30, 25]",56,25
1518,2026-01-17T13:20:00.0,2026-01-12T18:57:45.531,"Any[8, 13, 19, 25, 30, 37, 45, 56]",8,56
1520,2026-01-17T13:20:00.0,2026-01-12T18:57:45.531,"Any[56, 45, 37, 30, 25, 19, 13, 8]",56,8
1526,2026-01-17T13:20:00.0,2026-02-02T18:57:45.531,"Any[53, 45, 37, 30, 25, 19, 10]",53,10
1528,2026-01-17T13:20:00.0,2026-01-12T18:57:45.531,"Any[64, 60, 53, 45, 37, 30, 25, 19, 10]",64,10
1531,2026-01-17T13:20:00.0,2026-01-12T18:57:45.531,"Any[60, 56, 45, 37, 30, 25, 19, 11, 6, 1]",60,1
1538,2026-01-17T13:20:00.0,2026-02-02T18:57:45.531,"Any[19, 25, 30, 37, 45, 56]",19,56
1539,2026-01-17T13:20:00.0,2026-01-26T18:57:45.531,"Any[64, 60, 53, 45, 37, 30, 25, 19, 11, 6, 1]",64,1
1541,2026-01-17T13:20:00.0,2026-01-12T18:57:45.531,"Any[1, 6, 11, 19, 25, 30, 37, 45, 53, 60]",1,60
1556,2026-01-17T13:20:00.0,2026-01-19T18:57:45.531,"Any[6, 11, 19, 25, 30, 37, 45]",6,45
1558,2026-01-17T13:20:00.0,2026-01-26T18:57:45.531,"Any[19, 25, 30, 37, 45, 56, 60]",19,60
1578,2026-01-17T13:20:00.0,2026-01-12T18:57:45.531,"Any[8, 13, 19, 25, 30, 37, 45, 56]",8,56
1585,2026-01-17T13:20:00.0,2026-01-26T18:57:45.531,"Any[56, 45, 37, 30, 25, 19, 11, 6]",56,6
1593,2026-01-17T13:20:00.0,2026-01-19T18:57:45.531,"Any[1, 6, 11, 19, 25, 30, 37, 45, 56]",1,56
1601,2026-01-17T13:20:00.0,2026-02-02T18:57:45.531,"Any[45, 37, 30, 25, 19, 11, 6, 1]",45,1
1603,2026-01-17T13:20:00.0,2026-01-19T18:57:45.531,"Any[1, 6, 11, 19, 25, 30, 37, 45, 53]",1,53
1605,2026-01-17T13:20:00.0,2026-02-02T18:57:45.531,"Any[6, 11, 19, 25, 30, 37, 45, 56]",6,56
1607,2026-01-17T13:20:00.0,2026-01-26T18:57:45.531,"Any[10, 19, 25, 30, 37, 45]",10,45
1616,2026-01-17T13:20:00.0,2026-01-12T18:57:45.531,"Any[10, 19, 25, 30, 37, 45, 53]",10,53
1622,2026-01-17T13:20:00.0,2026-01-26T18:57:45.531,"Any[45, 37, 30, 25]",45,25
1626,2026-01-17T13:20:00.0,2026-01-19T18:57:45.531,"Any[1, 6, 11, 19, 23, 28, 36, 44, 54, 60]",1,60
1628,2026-01-17T13:20:00.0,2026-01-19T18:57:45.531,"Any[45, 37, 30, 25]",45,25
1639,2026-01-17T13:20:00.0,2026-01-26T18:57:45.531,"Any[1, 6, 11, 19, 23, 28, 36, 44, 54, 60]",1,60
1642,2026-01-17T13:20:00.0,2026-01-26T18:57:45.531,"Any[64, 60, 53, 45, 37, 30, 25, 19, 13, 8]",64,8
1648,2026-01-17T13:20:00.0,2026-01-26T18:57:45.531,"Any[53, 45, 37, 30, 25, 19, 10]",53,10
1650,2026-01-17T13:20:00.0,2026-01-19T18:57:45.531,"Any[53, 45, 37, 30, 25]",53,25
1657,2026-01-17T13:20:00.0,2026-01-12T18:57:45.531,"Any[62, 53, 45, 37, 30, 25, 19, 11, 6, 1]",62,1
1664,2026-01-17T13:20:00.0,2026-01-26T18:57:45.531,"Any[1, 6, 11, 19, 25, 30, 37, 45, 53, 60]",1,60
1671,2026-01-17T13:20:00.0,2026-01-19T18:57:45.531,"Any[10, 19, 25, 30, 37, 45, 53, 60]",10,60
1679,2026-01-17T13:20:00.0,2026-01-12T18:57:45.531,"Any[8, 13, 19, 25, 37, 45, 56, 60]",8,60
1687,2026-01-17T13:20:00.0,2026-01-26T18:57:45.531,"Any[6, 10, 19, 25, 30, 37, 45]",6,45
1691,2026-01-17T13:20:00.0,2026-01-12T18:57:45.531,"Any[8, 13, 19, 25, 30, 37, 45, 53]",8,53
1694,2026-01-17T13:20:00.0,2026-02-02T18:57:45.531,"Any[64, 60, 56, 45, 37, 30, 25, 19, 13, 8]",64,8
1702,2026-01-17T13:20:00.0,2026-01-12T18:57:45.531,"Any[60, 53, 45, 37, 30, 25, 19, 11, 6, 1]",60,1
1714,2026-01-17T13:20:00.0,2026-01-12T18:57:45.531,"Any[8, 13, 19, 25, 30, 37, 45, 56]",8,56
1715,2026-01-17T13:20:00.0,2026-01-12T18:57:45.531,"Any[53, 45, 37, 30, 25, 19, 10]",53,10
1716,2026-01-17T13:20:00.0,2026-01-19T18:57:45.531,"Any[1, 6, 11, 19, 25, 30, 37, 45, 56]",1,56
1725,2026-01-17T13:20:00.0,2026-02-02T18:57:45.531,"Any[6, 11, 19, 25, 30, 37, 45, 56]",6,56
1726,2026-01-17T13:20:00.0,2026-01-19T18:57:45.531,"Any[53, 45, 37, 30, 25]",53,25
1728,2026-01-17T13:20:00.0,2026-01-26T18:57:45.531,"Any[56, 45, 37, 45, 50, 45, 37, 30, 25]",56,25
1731,2026-01-17T13:20:00.0,2026-01-12T18:57:45.531,"Any[53, 45, 37, 30, 25, 19, 10]",53,10
1745,2026-01-17T13:20:00.0,2026-01-12T18:57:45.531,"Any[53, 45, 37, 30, 25, 19, 11, 6, 1]",53,1
1750,2026-01-17T13:20:00.0,2026-01-12T18:57:45.531,"Any[1, 6, 11, 19, 25, 30, 37, 45, 56]",1,56
1752,2026-01-17T13:20:00.0,2026-01-26T18:57:45.531,"Any[6, 11, 19, 25, 30, 37, 45, 56]",6,56
1755,2026-01-17T13:20:00.0,2026-01-26T18:57:45.531,"Any[53, 45, 37, 30, 25, 19, 10]",53,10
1757,2026-01-17T13:20:00.0,2026-01-12T18:57:45.531,"Any[1, 6, 11, 19, 23, 36, 44, 54, 60]",1,60
1764,2026-01-17T13:20:00.0,2026-02-02T18:57:45.531,"Any[3, 10, 19, 25, 30, 37, 45, 53]",3,53
1769,2026-01-17T13:20:00.0,2026-01-12T18:57:45.531,"Any[60, 56, 45, 37, 30, 25]",60,25
1770,2026-01-17T13:20:00.0,2026-01-12T18:57:45.531,"Any[53, 45, 37, 30, 25, 19, 10]",53,10
1772,2026-01-17T13:20:00.0,2026-01-26T18:57:45.531,"Any[10, 19, 25, 30, 37, 45, 53]",10,53
1773,2026-01-17T13:20:00.0,2026-01-12T18:57:45.531,"Any[53, 45, 37, 30, 25, 19, 13, 8]",53,8
1776,2026-01-17T13:20:00.0,2026-01-19T18:57:45.531,"Any[6, 11, 19, 25, 30, 37, 45, 56]",6,56
1780,2026-01-17T13:20:00.0,2026-01-12T18:57:45.531,"Any[60, 56, 45, 37, 30, 25, 19, 11, 6]",60,6
1786,2026-01-17T13:20:00.0,2026-02-02T18:57:45.531,"Any[56, 45, 37, 30, 25]",56,25
1794,2026-01-17T13:20:00.0,2026-01-12T18:57:45.531,"Any[64, 53, 45, 37, 30, 25, 19, 13, 8]",64,8
1806,2026-01-17T13:20:00.0,2026-01-26T18:57:45.531,"Any[3, 10, 19, 25, 30, 37, 45, 53]",3,53
1808,2026-01-17T13:20:00.0,2026-02-02T18:57:45.531,"Any[64, 60, 53, 45, 37, 30, 25, 19, 13, 8]",64,8
1809,2026-01-17T13:20:00.0,2026-02-02T18:57:45.531,"Any[53, 45, 37, 30, 25, 19, 11, 6, 1]",53,1
1811,2026-01-17T13:20:00.0,2026-01-12T18:57:45.531,"Any[1, 6, 11, 19, 25, 30, 37, 45, 53, 60]",1,60
1826,2026-01-17T13:20:00.0,2026-01-26T18:57:45.531,"Any[64, 60, 56, 45, 37, 30, 25, 19]",64,19
1834,2026-01-17T13:20:00.0,2026-01-19T18:57:45.531,"Any[53, 45, 37, 30, 25, 19, 10]",53,10
1843,2026-01-17T13:20:00.0,2026-02-02T18:57:45.531,"Any[7, 8, 13, 19, 25, 30, 37, 45, 53]",7,53
1844,2026-01-17T13:20:00.0,2026-01-19T18:57:45.531,"Any[53, 45, 37, 30, 25, 19, 10]",53,10
1846,2026-01-17T13:20:00.0,2026-01-26T18:57:45.531,"Any[8, 13, 19, 25, 30, 37, 45, 56]",8,56
1853,2026-01-17T13:20:00.0,2026-01-19T18:57:45.531,"Any[53, 45, 37, 30, 25, 19, 11, 6, 1]",53,1
1859,2026-01-17T13:20:00.0,2026-02-02T18:57:45.531,"Any[8, 13, 19, 25, 30, 37, 45, 53]",8,53
1860,2026-01-17T13:20:00.0,2026-02-02T18:57:45.531,"Any[10, 19, 25, 30, 37, 45, 53]",10,53
1861,2026-01-17T13:20:00.0,2026-01-26T18:57:45.531,"Any[8, 13, 19, 25, 30, 37, 45, 56, 60]",8,60
1872,2026-01-17T13:20:00.0,2026-01-12T18:57:45.531,"Any[53, 45, 37, 30, 25, 19, 13, 8]",53,8
1875,2026-01-17T13:20:00.0,2026-01-12T18:57:45.531,"Any[53, 45, 37, 30, 25]",53,25
1877,2026-01-17T13:20:00.0,2026-02-02T18:57:45.531,"Any[10, 11, 19, 25, 30, 37, 45, 53]",10,53
1892,2026-01-17T13:20:00.0,2026-02-02T18:57:45.531,"Any[56, 45, 37, 30, 25, 19, 13, 8]",56,8
1898,2026-01-17T13:20:00.0,2026-01-26T18:57:45.531,"Any[8, 13, 19, 25, 30, 37, 45]",8,45
1902,2026-01-17T13:20:00.0,2026-02-02T18:57:45.531,"Any[53, 45, 37, 30, 25, 19, 13, 8]",53,8
1906,2026-01-17T13:20:00.0,2026-01-19T18:57:45.531,"Any[60, 56, 45, 37, 30, 25, 19, 11, 6]",60,6
1909,2026-01-17T13:20:00.0,2026-01-26T18:57:45.531,"Any[1, 6, 11, 19, 25, 30, 37, 45, 56]",1,56
1910,2026-01-17T13:20:00.0,2026-01-12T18:57:45.531,"Any[53, 45, 37, 30, 25, 19, 10]",53,10
1912,2026-01-17T13:20:00.0,2026-01-19T18:57:45.531,"Any[60, 53, 45, 37, 30, 25, 19, 10]",60,10
1918,2026-01-17T13:20:00.0,2026-01-12T18:57:45.531,"Any[20, 19, 25, 30, 37, 45, 53]",20,53
1923,2026-01-17T13:20:00.0,2026-01-19T18:57:45.531,"Any[10, 19, 25, 30, 37, 45, 53, 60]",10,60
1932,2026-01-17T13:20:00.0,2026-01-12T18:57:45.531,"Any[53, 45, 37, 30, 25, 19, 10]",53,10
1936,2026-01-17T13:20:00.0,2026-02-02T18:57:45.531,"Any[6, 11, 19, 25, 30, 37, 45]",6,45
1942,2026-01-17T13:20:00.0,2026-01-12T18:57:45.531,"Any[10, 19, 25, 30, 37, 45, 53]",10,53
1943,2026-01-17T13:20:00.0,2026-01-19T18:57:45.531,"Any[53, 45, 37, 30, 25, 19, 10]",53,10
1944,2026-01-17T13:20:00.0,2026-01-19T18:57:45.531,"Any[6, 11, 19, 25, 30, 37, 45]",6,45
1945,2026-01-17T13:20:00.0,2026-02-02T18:57:45.531,"Any[53, 45, 37, 30, 25, 19, 11, 6, 1]",53,1
1951,2026-01-17T13:20:00.0,2026-01-19T18:57:45.531,"Any[53, 45, 37, 30, 25, 19, 10]",53,10
1952,2026-01-17T13:20:00.0,2026-01-26T18:57:45.531,"Any[45, 37, 30, 25, 19]",45,19
1959,2026-01-17T13:20:00.0,2026-01-26T18:57:45.531,"Any[60, 56, 45, 37, 30, 25, 19, 11, 6]",60,6
1964,2026-01-17T13:20:00.0,2026-01-26T18:57:45.531,"Any[53, 45, 37, 30, 25, 19, 10]",53,10
1971,2026-01-17T13:20:00.0,2026-01-12T18:57:45.531,"Any[64, 56, 45, 37, 30, 25, 19, 11, 6]",64,6
1973,2026-01-17T13:20:00.0,2026-01-26T18:57:45.531,"Any[53, 45, 37, 30, 25, 19, 10]",53,10
1974,2026-01-17T13:20:00.0,2026-01-19T18:57:45.531,"Any[53, 45, 37, 30, 25, 19, 11, 6, 1]",53,1
1976,2026-01-17T13:20:00.0,2026-01-26T18:57:45.531,"Any[19, 25, 30, 37, 45, 56]",19,56
1977,2026-01-17T13:20:00.0,2026-01-26T18:57:45.531,"Any[10, 19, 25, 30, 37, 45, 53]",10,53
1980,2026-01-17T13:20:00.0,2026-01-12T18:57:45.531,"Any[53, 45, 37, 30, 25, 19, 13, 8]",53,8
1985,2026-01-17T13:20:00.0,2026-02-02T18:57:45.531,"Any[8, 13, 19, 25, 30, 37, 45, 56]",8,56
1990,2026-01-17T13:20:00.0,2026-01-12T18:57:45.531,"Any[19, 25, 30, 37, 45, 56]",19,56
1993,2026-01-17T13:20:00.0,2026-01-19T18:57:45.531,"Any[64, 60, 53, 45, 37, 30, 25, 19, 10]",64,10
2002,2026-01-17T13:20:00.0,2026-01-26T18:57:45.531,"Any[60, 56, 45, 37, 30, 25, 19, 13, 8]",60,8
2003,2026-01-17T13:20:00.0,2026-02-02T18:57:45.531,"Any[64, 60, 53, 45, 37, 30, 25, 19, 13, 8]",64,8
2005,2026-01-17T13:20:00.0,2026-02-02T18:57:45.531,"Any[64, 53, 45, 37, 30, 25, 19, 11, 6, 1]",64,1
2014,2026-01-17T13:20:00.0,2026-01-12T18:57:45.531,"Any[1, 6, 11, 19, 25, 30, 37, 45, 56]",1,56
2015,2026-01-17T13:20:00.0,2026-01-12T18:57:45.531,"Any[60, 53, 45, 37, 30, 25, 19, 11, 6, 1]",60,1
2016,2026-01-17T13:20:00.0,2026-02-02T18:57:45.531,"Any[8, 13, 19, 25, 30, 37, 45, 56]",8,56
2018,2026-01-17T13:20:00.0,2026-01-26T18:57:45.531,"Any[56, 45, 37, 30, 25]",56,25
2020,2026-01-17T13:20:00.0,2026-02-02T18:57:45.531,"Any[53, 45, 37, 30, 25, 19, 13, 8]",53,8
2021,2026-01-17T13:20:00.0,2026-02-02T18:57:45.531,"Any[25, 30, 37, 45, 56, 60, 64]",25,64
2029,2026-01-17T13:20:00.0,2026-01-12T18:57:45.531,"Any[13, 19, 25, 30, 37, 45, 53]",13,53
2034,2026-01-17T13:20:00.0,2026-01-19T18:57:45.531,"Any[53, 45, 37, 30, 25, 19, 10]",53,10
2038,2026-01-17T13:20:00.0,2026-01-26T18:57:45.531,"Any[10, 19, 25, 30, 37, 45, 53]",10,53
2050,2026-01-17T13:20:00.0,2026-01-26T18:57:45.531,"Any[60, 53, 45, 37, 30, 25, 11, 6, 1]",60,1
2056,2026-01-17T13:20:00.0,2026-02-02T18:57:45.531,"Any[60, 56, 45, 37, 30, 25, 19]",60,19
2061,2026-01-17T13:20:00.0,2026-02-02T18:57:45.531,"Any[54, 44, 36, 23, 19, 11, 6]",54,6
2062,2026-01-17T13:20:00.0,2026-01-19T18:57:45.531,"Any[60, 56, 45, 37, 30, 25, 19, 11, 6]",60,6
2064,2026-01-17T13:20:00.0,2026-01-12T18:57:45.531,"Any[19, 25, 30, 37, 45, 53]",19,53
2077,2026-01-17T13:20:00.0,2026-01-26T18:57:45.531,"Any[61, 53, 45, 37, 30, 25, 19, 11, 6]",61,6
2078,2026-01-17T13:20:00.0,2026-01-19T18:57:45.531,"Any[60, 53, 45, 37, 30, 25, 19, 11, 6, 1]",60,1
2079,2026-01-17T13:20:00.0,2026-01-26T18:57:45.531,"Any[53, 45, 37, 30, 25]",53,25
2082,2026-01-17T13:20:00.0,2026-01-19T18:57:45.531,"Any[25, 30, 37, 45, 56]",25,56
2086,2026-01-17T13:20:00.0,2026-01-19T18:57:45.531,"Any[56, 45, 37, 30, 25, 19, 11, 6, 1]",56,1
2093,2026-01-17T13:20:00.0,2026-02-02T18:57:45.531,"Any[8, 13, 25, 30, 37, 45, 53]",8,53
2105,2026-01-17T13:20:00.0,2026-01-19T18:57:45.531,"Any[53, 45, 37, 30, 25, 19, 11, 6, 1]",53,1
2118,2026-01-17T13:20:00.0,2026-01-26T18:57:45.531,"Any[7, 8, 13, 19, 25, 30, 37, 45, 53, 60]",7,60
2130,2026-01-17T13:20:00.0,2026-01-26T18:57:45.531,"Any[54, 44, 36, 23, 19, 13, 8]",54,8
2144,2026-01-17T13:20:00.0,2026-01-19T18:57:45.531,"Any[62, 53, 45, 37, 30, 25, 19, 13, 8]",62,8
2147,2026-01-17T13:20:00.0,2026-01-26T18:57:45.531,"Any[19, 25, 30, 37, 45, 53]",19,53
2181,2026-01-17T13:20:00.0,2026-02-02T18:57:45.531,"Any[19, 25, 30, 37, 45, 53]",19,53
2185,2026-01-17T13:20:00.0,2026-02-02T18:57:45.531,"Any[53, 45, 37, 30, 25, 19, 11, 6, 1]",53,1
2191,2026-01-17T13:20:00.0,2026-02-02T18:57:45.531,"Any[6, 11, 19, 25, 30, 37, 45, 53]",6,53
2195,2026-01-17T13:20:00.0,2026-01-12T18:57:45.531,"Any[53, 45, 37, 30, 25, 19, 10]",53,10
2197,2026-01-17T13:20:00.0,2026-01-19T18:57:45.531,"Any[8, 13, 19, 25, 30, 37, 45, 53]",8,53
2203,2026-01-17T13:20:00.0,2026-02-02T18:57:45.531,"Any[8, 13, 19, 25, 30, 37, 45, 56]",8,56
2226,2026-01-17T13:20:00.0,2026-01-26T18:57:45.531,"Any[7, 8, 13, 19, 25, 30, 37, 45, 53, 60]",7,60
2227,2026-01-17T13:20:00.0,2026-01-12T18:57:45.531,"Any[60, 53, 45, 37, 30, 25, 19, 13, 8]",60,8
2228,2026-01-17T13:20:00.0,2026-01-26T18:57:45.531,"Any[10, 19, 25, 30, 37, 45, 53]",10,53
2242,2026-01-17T13:20:00.0,2026-01-26T18:57:45.531,"Any[56, 45, 37, 30, 25, 19, 11, 6]",56,6
2244,2026-01-17T13:20:00.0,2026-02-02T18:57:45.531,"Any[6, 11, 19, 25, 30, 37, 45, 56]",6,56
2246,2026-01-17T13:20:00.0,2026-01-12T18:57:45.531,"Any[8, 13, 19, 25, 30, 37, 45, 53]",8,53
2269,2026-01-17T13:20:00.0,2026-01-12T18:57:45.531,"Any[10, 19, 25, 30, 37, 45, 56, 60]",10,60
2270,2026-01-17T13:20:00.0,2026-01-12T18:57:45.531,"Any[56, 45, 37, 30, 25, 19, 11, 6]",56,6
2272,2026-01-17T13:20:00.0,2026-01-12T18:57:45.531,"Any[53, 45, 37, 30, 25, 19, 13, 8]",53,8
2280,2026-01-17T13:20:00.0,2026-01-19T18:57:45.531,"Any[8, 13, 19, 25, 30, 37, 45, 56]",8,56
2283,2026-01-17T13:20:00.0,2026-01-12T18:57:45.531,"Any[19, 25, 30, 37, 45, 53]",19,53
2291,2026-01-17T13:20:00.0,2026-02-02T18:57:45.531,"Any[60, 53, 45, 37, 30, 25, 19, 10]",60,10
2297,2026-01-17T13:20:00.0,2026-01-19T18:57:45.531,"Any[10, 19, 25, 30, 37, 45, 53]",10,53
2298,2026-01-17T13:20:00.0,2026-01-26T18:57:45.531,"Any[53, 45, 37, 25, 19, 13, 8]",53,8
2327,2026-01-17T13:20:00.0,2026-01-12T18:57:45.531,"Any[1, 6, 11, 19, 25, 30, 37, 45, 56]",1,56
2334,2026-01-17T13:20:00.0,2026-02-02T18:57:45.531,"Any[53, 45, 37, 30, 25, 19, 13, 8]",53,8
2344,2026-01-17T13:20:00.0,2026-01-19T18:57:45.531,"Any[19, 25, 30, 37, 45, 53]",19,53
2348,2026-01-17T13:20:00.0,2026-02-02T18:57:45.531,"Any[19, 17, 25, 30, 37, 45, 53, 60]",19,60
2349,2026-01-17T13:20:00.0,2026-01-26T18:57:45.531,"Any[56, 45, 37, 30, 25, 19, 11, 6]",56,6
2356,2026-01-17T13:20:00.0,2026-01-19T18:57:45.531,"Any[10, 19, 25, 30, 37, 45, 53, 60]",10,60
2357,2026-01-17T13:20:00.0,2026-01-12T18:57:45.531,"Any[53, 45, 37, 30, 25, 19, 13, 8]",53,8
2369,2026-01-17T13:20:00.0,2026-02-02T18:57:45.531,"Any[3, 10, 19, 25, 30, 37, 45, 53]",3,53
2378,2026-01-17T13:20:00.0,2026-01-26T18:57:45.531,"Any[53, 45, 37, 30, 25, 19, 10]",53,10
2379,2026-01-17T13:20:00.0,2026-02-02T18:57:45.531,"Any[64, 53, 45, 37, 30, 25, 19, 10]",64,10
2384,2026-01-17T13:20:00.0,2026-02-02T18:57:45.531,"Any[13, 19, 25, 30, 37, 45, 53]",13,53
2393,2026-01-17T13:20:00.0,2026-01-19T18:57:45.531,"Any[6, 11, 19, 25, 30, 37, 45]",6,45
2398,2026-01-17T13:20:00.0,2026-02-02T18:57:45.531,"Any[53, 45, 37, 30, 25, 19, 13, 8]",53,8
2400,2026-01-17T13:20:00.0,2026-01-19T18:57:45.531,"Any[56, 45, 37, 30, 25, 19, 13, 8]",56,8
2411,2026-01-17T13:20:00.0,2026-02-02T18:57:45.531,"Any[6, 11, 19, 25, 30, 37, 45]",6,45
2412,2026-01-17T13:20:00.0,2026-02-02T18:57:45.531,"Any[10, 19, 25, 30, 37, 45, 53]",10,53
2429,2026-01-17T13:20:00.0,2026-01-12T18:57:45.531,"Any[53, 45, 37, 30, 25, 19, 13, 8]",53,8
2433,2026-01-17T13:20:00.0,2026-01-19T18:57:45.531,"Any[8, 13, 19, 25, 37, 45, 56, 60]",8,60
2436,2026-01-17T13:20:00.0,2026-02-02T18:57:45.531,"Any[19, 25, 30, 37, 45, 53]",19,53
2440,2026-01-17T13:20:00.0,2026-01-12T18:57:45.531,"Any[6, 11, 19, 25, 30, 37, 45]",6,45
2444,2026-01-17T13:20:00.0,2026-01-19T18:57:45.531,"Any[62, 56, 45, 37, 30, 25, 19]",62,19
2446,2026-01-17T13:20:00.0,2026-01-26T18:57:45.531,"Any[19, 17, 25, 30, 37, 45, 53]",19,53
2450,2026-01-17T13:20:00.0,2026-02-02T18:57:45.531,"Any[60, 56, 45, 37, 30, 25, 19, 11, 6]",60,6
2455,2026-01-17T13:20:00.0,2026-01-19T18:57:45.531,"Any[53, 45, 37, 30, 25, 19, 10]",53,10
2462,2026-01-17T13:20:00.0,2026-01-12T18:57:45.531,"Any[64, 53, 45, 37, 30, 25, 19, 13, 8]",64,8
2466,2026-01-17T13:20:00.0,2026-02-02T18:57:45.531,"Any[10, 19, 25, 30, 37, 45, 53]",10,53
2473,2026-01-17T13:20:00.0,2026-01-26T18:57:45.531,"Any[53, 45, 37, 30, 25, 19, 11, 6, 1]",53,1
2476,2026-01-17T13:20:00.0,2026-02-02T18:57:45.531,"Any[60, 54, 44, 36, 31, 27, 21, 9]",60,9
2479,2026-01-17T13:20:00.0,2026-01-19T18:57:45.531,"Any[53, 45, 37, 30, 25, 19, 13, 8]",53,8
2492,2026-01-17T13:20:00.0,2026-01-26T18:57:45.531,"Any[17, 25, 30, 37, 45, 53]",17,53
2495,2026-01-17T13:20:00.0,2026-02-02T18:57:45.531,"Any[6, 11, 19, 25, 30, 37, 45]",6,45
2498,2026-01-17T13:20:00.0,2026-02-02T18:57:45.531,"Any[19, 25, 30, 37, 45, 56]",19,56
2502,2026-01-17T13:20:00.0,2026-02-02T18:57:45.531,"Any[45, 37, 30, 25]",45,25
2503,2026-01-17T13:20:00.0,2026-01-19T18:57:45.531,"Any[45, 37, 30, 25]",45,25
2509,2026-01-17T13:20:00.0,2026-01-19T18:57:45.531,"Any[60, 56, 45, 37, 30, 25, 19, 11, 6]",60,6
2512,2026-01-17T13:20:00.0,2026-01-26T18:57:45.531,"Any[53, 45, 37, 30, 25, 19, 11, 6]",53,6
2521,2026-01-17T13:20:00.0,2026-02-02T18:57:45.531,"Any[1, 6, 11, 19, 25, 30, 37, 45, 56]",1,56
2522,2026-01-17T13:20:00.0,2026-01-12T18:57:45.531,"Any[60, 53, 45, 37, 30, 25, 19, 10]",60,10
2536,2026-01-17T13:20:00.0,2026-01-26T18:57:45.531,"Any[60, 53, 45, 37, 30, 25, 19, 11, 6, 6]",60,6
2540,2026-01-17T13:20:00.0,2026-01-19T18:57:45.531,"Any[6, 11, 16, 25, 30, 37, 45]",6,45
2544,2026-01-17T13:20:00.0,2026-01-19T18:57:45.531,"Any[19, 25, 30, 37, 45, 53]",19,53
2547,2026-01-17T13:20:00.0,2026-01-12T18:57:45.531,"Any[53, 45, 37, 30, 25, 19, 10]",53,10
2551,2026-01-17T13:20:00.0,2026-01-19T18:57:45.531,"Any[45, 37, 30, 25, 19, 14]",45,14
2555,2026-01-17T13:20:00.0,2026-01-26T18:57:45.531,"Any[60, 53, 45, 37, 30, 25, 19, 11, 6, 1]",60,1
2561,2026-01-17T13:20:00.0,2026-01-12T18:57:45.531,"Any[53, 45, 37, 30, 25, 19, 11, 6, 1]",53,1
2566,2026-01-17T13:20:00.0,2026-01-26T18:57:45.531,"Any[53, 45, 37, 30, 25, 19, 10]",53,10
2568,2026-01-17T13:20:00.0,2026-01-26T18:57:45.531,"Any[53, 45, 37, 30, 25, 19, 13, 8]",53,8
2575,2026-01-17T13:20:00.0,2026-01-12T18:57:45.531,"Any[1, 6, 11, 19, 25, 30, 37, 45, 56]",1,56
2576,2026-01-17T13:20:00.0,2026-01-12T18:57:45.531,"Any[6, 11, 16, 25, 30, 37, 45]",6,45
2577,2026-01-17T13:20:00.0,2026-01-19T18:57:45.531,"Any[60, 53, 45, 37, 30, 25]",60,25
2579,2026-01-17T13:20:00.0,2026-02-02T18:57:45.531,"Any[53, 45, 37, 30, 25, 19, 13, 8]",53,8
2584,2026-01-17T13:20:00.0,2026-01-26T18:57:45.531,"Any[25, 30, 37, 45, 56]",25,56
2587,2026-01-17T13:20:00.0,2026-02-02T18:57:45.531,"Any[56, 45, 37, 30, 25]",56,25
2604,2026-01-17T13:20:00.0,2026-01-26T18:57:45.531,"Any[56, 45, 37, 30, 25, 19]",56,19
2606,2026-01-17T13:20:00.0,2026-01-19T18:57:45.531,"Any[56, 45, 37, 30, 25, 19]",56,19
2616,2026-01-17T13:20:00.0,2026-01-26T18:57:45.531,"Any[56, 45, 37, 30, 25, 19]",56,19
2621,2026-01-17T13:20:00.0,2026-01-26T18:57:45.531,"Any[56, 45, 37, 30, 25, 19]",56,19
2622,2026-01-17T13:20:00.0,2026-02-02T18:57:45.531,"Any[56, 45, 37, 30, 25, 19]",56,19
2625,2026-01-17T13:20:00.0,2026-02-02T18:57:45.531,"Any[56, 45, 37, 30, 25, 19]",56,19
2669,2026-01-17T13:20:00.0,2026-01-19T18:57:45.531,"Any[56, 45, 37, 30, 25, 19, 13, 8, 7]",56,7
2679,2026-01-17T13:20:00.0,2026-01-12T18:57:45.531,"Any[56, 45, 37, 30, 25, 19, 13, 8, 7]",56,7
2683,2026-01-17T13:20:00.0,2026-02-02T18:57:45.531,"Any[56, 45, 37, 30, 25, 19, 13, 8, 7]",56,7
2702,2026-01-17T13:20:00.0,2026-02-02T18:57:45.531,"Any[56, 45, 37, 30, 25, 19, 11, 6]",56,6
2773,2026-01-17T13:20:00.0,2026-01-26T18:57:45.531,"Any[45, 37, 30, 25, 19]",45,19
2774,2026-01-17T13:20:00.0,2026-01-12T18:57:45.531,"Any[45, 37, 30, 25, 19]",45,19
2781,2026-01-17T13:20:00.0,2026-01-26T18:57:45.531,"Any[45, 37, 30, 25, 19]",45,19
2785,2026-01-17T13:20:00.0,2026-01-19T18:57:45.531,"Any[45, 37, 30, 25, 19]",45,19
2789,2026-01-17T13:20:00.0,2026-01-12T18:57:45.531,"Any[45, 37, 30, 25, 19]",45,19
2834,2026-01-17T13:20:00.0,2026-01-12T18:57:45.531,"Any[45, 37, 30, 25, 19, 11, 6]",45,6
2837,2026-01-17T13:20:00.0,2026-01-19T18:57:45.531,"Any[45, 37, 30, 25, 19, 11, 6]",45,6
2841,2026-01-17T13:20:00.0,2026-01-19T18:57:45.531,"Any[45, 37, 30, 23, 19, 11, 6]",45,6
2855,2026-01-17T13:20:00.0,2026-01-12T18:57:45.531,"Any[45, 37, 30, 23, 19, 11, 6]",45,6
2859,2026-01-17T13:20:00.0,2026-01-12T18:57:45.531,"Any[45, 37, 30, 23, 19, 11, 6]",45,6
2861,2026-01-17T13:20:00.0,2026-02-02T18:57:45.531,"Any[45, 37, 30, 25, 19, 11, 6]",45,6
2862,2026-01-17T13:20:00.0,2026-01-26T18:57:45.531,"Any[45, 37, 30, 25, 19, 11, 6]",45,6
2863,2026-01-17T13:20:00.0,2026-01-26T18:57:45.531,"Any[45, 37, 30, 25, 19, 11, 6]",45,6
2864,2026-01-17T13:20:00.0,2026-01-12T18:57:45.531,"Any[45, 37, 30, 25, 19, 11, 6]",45,6
2867,2026-01-17T13:20:00.0,2026-02-02T18:57:45.531,"Any[45, 37, 30, 23, 19, 11, 6]",45,6
2869,2026-01-17T13:20:00.0,2026-02-02T18:57:45.531,"Any[45, 37, 30, 23, 19, 11, 6]",45,6
2870,2026-01-17T13:20:00.0,2026-01-19T18:57:45.531,"Any[45, 37, 30, 25, 19, 11, 6]",45,6
2872,2026-01-17T13:20:00.0,2026-02-02T18:57:45.531,"Any[45, 37, 30, 25, 19, 11, 6]",45,6
2877,2026-01-17T13:20:00.0,2026-01-19T18:57:45.531,"Any[25, 30, 37, 45, 53, 60, 64]",25,64
2887,2026-01-17T13:20:00.0,2026-01-12T18:57:45.531,"Any[25, 30, 37, 45, 56, 60, 64]",25,64
2888,2026-01-17T13:20:00.0,2026-01-12T18:57:45.531,"Any[25, 30, 37, 45, 56, 60, 64]",25,64
2895,2026-01-17T13:20:00.0,2026-02-02T18:57:45.531,"Any[25, 30, 37, 45, 53, 60, 64]",25,64
2899,2026-01-17T13:20:00.0,2026-01-26T18:57:45.531,"Any[25, 30, 37, 45, 53, 60]",25,60
2902,2026-01-17T13:20:00.0,2026-01-19T18:57:45.531,"Any[25, 30, 37, 45, 53, 60]",25,60
2905,2026-01-17T13:20:00.0,2026-01-12T18:57:45.531,"Any[25, 30, 37, 45, 53, 60]",25,60
2919,2026-01-17T13:20:00.0,2026-02-02T18:57:45.531,"Any[25, 30, 37, 45, 56, 60]",25,60
2927,2026-01-17T13:20:00.0,2026-01-12T18:57:45.531,"Any[25, 30, 37, 45, 53, 60]",25,60
2941,2026-01-17T13:20:00.0,2026-02-02T18:57:45.531,"Any[25, 30, 37, 45, 53, 60]",25,60
2947,2026-01-17T13:20:00.0,2026-01-19T18:57:45.531,"Any[25, 30, 37, 45, 53, 60]",25,60
2954,2026-01-17T13:20:00.0,2026-01-26T18:57:45.531,"Any[25, 30, 37, 45, 53]",25,53
2958,2026-01-17T13:20:00.0,2026-01-26T18:57:45.531,"Any[25, 30, 37, 45, 53]",25,53
2971,2026-01-17T13:20:00.0,2026-01-19T18:57:45.531,"Any[25, 30, 37, 45, 53]",25,53
2972,2026-01-17T13:20:00.0,2026-02-02T18:57:45.531,"Any[25, 30, 37, 45, 53]",25,53
2975,2026-01-17T13:20:00.0,2026-01-19T18:57:45.531,"Any[25, 30, 37, 45, 53]",25,53
2977,2026-01-17T13:20:00.0,2026-02-02T18:57:45.531,"Any[25, 30, 37, 45, 53]",25,53
2978,2026-01-17T13:20:00.0,2026-01-12T18:57:45.531,"Any[25, 30, 37, 45, 53]",25,53
2984,2026-01-17T13:20:00.0,2026-01-19T18:57:45.531,"Any[25, 30, 37, 45, 53]",25,53
2986,2026-01-17T13:20:00.0,2026-02-02T18:57:45.531,"Any[25, 30, 37, 45, 53]",25,53
2999,2026-01-17T13:20:00.0,2026-01-26T18:57:45.531,"Any[25, 30, 37, 45, 53]",25,53
3002,2026-01-17T13:20:00.0,2026-01-12T18:57:45.531,"Any[25, 30, 37, 45, 53]",25,53
3007,2026-01-17T13:20:00.0,2026-02-02T18:57:45.531,"Any[25, 30, 37, 45, 53]",25,53
3008,2026-01-17T13:20:00.0,2026-01-19T18:57:45.531,"Any[25, 30, 37, 45, 53]",25,53
3017,2026-01-17T13:20:00.0,2026-02-02T18:57:45.531,"Any[25, 30, 37, 45, 53]",25,53
3023,2026-01-17T13:20:00.0,2026-02-02T18:57:45.531,"Any[8, 13, 19, 25, 30, 37, 45, 53, 60, 64]",8,64
3024,2026-01-17T13:20:00.0,2026-01-19T18:57:45.531,"Any[8, 13, 19, 25, 30, 37, 45, 53, 60, 64]",8,64
3026,2026-01-17T13:20:00.0,2026-02-02T18:57:45.531,"Any[8, 13, 19, 25, 30, 37, 45, 56, 60, 64]",8,64
3027,2026-01-17T13:20:00.0,2026-02-02T18:57:45.531,"Any[8, 13, 19, 25, 30, 37, 45, 56, 60, 64]",8,64
3033,2026-01-17T13:20:00.0,2026-02-02T18:57:45.531,"Any[8, 13, 19, 25, 30, 37, 45, 53, 60, 64]",8,64
3035,2026-01-17T13:20:00.0,2026-01-26T18:57:45.531,"Any[8, 13, 19, 25, 30, 37, 45, 56, 60]",8,60
3036,2026-01-17T13:20:00.0,2026-01-19T18:57:45.531,"Any[8, 13, 19, 25, 30, 37, 45, 53, 60]",8,60
3040,2026-01-17T13:20:00.0,2026-02-02T18:57:45.531,"Any[8, 13, 19, 25, 37, 45, 56, 60]",8,60
3048,2026-01-17T13:20:00.0,2026-01-19T18:57:45.531,"Any[8, 13, 19, 25, 37, 45, 56, 60]",8,60
3053,2026-01-17T13:20:00.0,2026-02-02T18:57:45.531,"Any[8, 13, 19, 25, 30, 37, 45, 53, 62]",8,62
3055,2026-01-17T13:20:00.0,2026-01-26T18:57:45.531,"Any[8, 13, 19, 25, 30, 37, 45, 53, 62]",8,62
3057,2026-01-17T13:20:00.0,2026-01-12T18:57:45.531,"Any[8, 13, 19, 25, 30, 37, 45, 53, 62]",8,62
3059,2026-01-17T13:20:00.0,2026-01-12T18:57:45.531,"Any[8, 13, 19, 25, 30, 37, 45, 53, 62]",8,62
3065,2026-01-17T13:20:00.0,2026-02-02T18:57:45.531,"Any[1, 6, 11, 19, 25, 30, 37, 45, 53, 60, 64]",1,64
3070,2026-01-17T13:20:00.0,2026-02-02T18:57:45.531,"Any[1, 6, 11, 19, 25, 30, 37, 45, 56, 64]",1,64
3080,2026-01-17T13:20:00.0,2026-01-19T18:57:45.531,"Any[1, 6, 11, 19, 25, 30, 37, 45, 56, 64]",1,64
3093,2026-01-17T13:20:00.0,2026-02-02T18:57:45.531,"Any[1, 6, 11, 19, 25, 30, 37, 45, 53]",1,53
3097,2026-01-17T13:20:00.0,2026-01-26T18:57:45.531,"Any[1, 6, 11, 19, 25, 30, 37, 45, 53]",1,53
3099,2026-01-17T13:20:00.0,2026-02-02T18:57:45.531,"Any[1, 6, 11, 19, 25, 30, 37, 45, 53]",1,53
3100,2026-01-17T13:20:00.0,2026-02-02T18:57:45.531,"Any[5, 10, 19, 25, 30, 37, 45, 53]",5,53
3152,2026-01-17T13:20:00.0,2026-01-12T18:57:45.531,Any[],10,64
3174,2026-01-17T13:20:00.0,2026-02-02T18:57:45.531,"Any[10, 19, 25, 30, 37, 45, 53]",10,53
3182,2026-01-17T13:20:00.0,2026-01-12T18:57:45.531,"Any[10, 19, 25, 30, 37, 45, 53]",10,53
3183,2026-01-17T13:20:00.0,2026-02-02T18:57:45.531,"Any[10, 19, 25, 30, 37, 45, 53]",10,53
3184,2026-01-17T13:20:00.0,2026-01-19T18:57:45.531,"Any[10, 11, 19, 25, 30, 37, 45, 53]",10,53
3189,2026-01-17T13:20:00.0,2026-02-02T18:57:45.531,"Any[10, 19, 25, 30, 37, 45, 53]",10,53
3191,2026-01-17T13:20:00.0,2026-01-26T18:57:45.531,"Any[10, 19, 25, 30, 37, 45, 53]",10,53
3198,2026-01-17T13:20:00.0,2026-01-12T18:57:45.531,"Any[10, 19, 25, 30, 37, 45, 53]",10,53
3199,2026-01-17T13:20:00.0,2026-01-12T18:57:45.531,"Any[10, 19, 25, 30, 37, 45, 53]",10,53
3111,2026-01-17T13:21:00.0,2026-01-19T18:58:45.531,Any[],6,64
2697,2026-01-17T13:22:00.0,2026-01-19T18:59:45.531,Any[],56,3
2727,2026-01-17T13:23:00.0,2026-01-12T19:00:45.531,Any[],53,7
2731,2026-01-17T13:24:00.0,2026-01-26T19:01:45.531,Any[],53,7
3120,2026-01-17T13:25:00.0,2026-01-19T19:02:45.531,Any[],6,61
2734,2026-01-17T13:26:00.0,2026-02-02T19:03:45.531,Any[],53,7
2655,2026-01-17T13:27:00.0,2026-02-02T19:04:45.531,Any[],56,17
3151,2026-01-17T13:28:00.0,2026-01-12T19:05:45.531,Any[],10,64
2701,2026-01-17T13:30:00.0,2026-02-02T19:07:45.531,Any[],56,5
2712,2026-01-17T13:31:00.0,2026-01-26T19:08:45.531,Any[],53,17
2738,2026-01-17T13:37:00.0,2026-01-26T19:14:45.531,Any[],53,7
2770,2026-01-17T13:37:00.0,2026-01-26T19:14:45.531,Any[],53,3
2814,2026-01-17T13:40:00.0,2026-01-19T19:17:45.531,Any[],45,7
2713,2026-01-17T13:44:00.0,2026-01-12T19:21:45.531,Any[],53,17
2709,2026-01-17T13:49:00.0,2026-01-12T19:26:45.531,Any[],53,17
2652,2026-01-17T13:50:00.0,2026-02-02T19:27:45.531,Any[],56,17
2690,2026-01-17T13:52:00.0,2026-01-19T19:29:45.531,Any[],56,3
2700,2026-01-17T13:52:00.0,2026-01-26T19:29:45.531,Any[],56,5
3116,2026-01-17T13:54:00.0,2026-01-12T19:31:45.531,Any[],6,64
2720,2026-01-17T13:56:00.0,2026-01-19T19:33:45.531,Any[],53,16
27,2026-01-21T07:06:40.0,2026-01-23T12:44:25.531,"Any[10, 19, 25, 30, 37, 45, 53]",10,53
37,2026-01-21T07:06:40.0,2026-01-09T12:44:25.531,"Any[45, 37, 30, 25, 19, 10]",45,10
58,2026-01-21T07:06:40.0,2026-01-30T12:44:25.531,"Any[1, 6, 11, 19, 25, 30, 37, 45, 53]",1,53
70,2026-01-21T07:06:40.0,2026-01-16T12:44:25.531,"Any[1, 6, 11, 16, 25, 30, 37, 45, 56]",1,56
77,2026-01-21T07:06:40.0,2026-01-30T12:44:25.531,"Any[10, 19, 25, 30, 37, 45, 53]",10,53
96,2026-01-21T07:06:40.0,2026-01-30T12:44:25.531,"Any[1, 6, 11, 19, 23, 36, 44, 54, 60]",1,60
109,2026-01-21T07:06:40.0,2026-01-09T12:44:25.531,"Any[56, 45, 37, 30, 25, 19, 13, 8]",56,8
112,2026-01-21T07:06:40.0,2026-01-23T12:44:25.531,"Any[53, 45, 37, 30, 25, 19, 10]",53,10
115,2026-01-21T07:06:40.0,2026-01-16T12:44:25.531,"Any[8, 13, 19, 25, 30, 37, 45, 53]",8,53
156,2026-01-21T07:06:40.0,2026-01-30T12:44:25.531,"Any[3, 10, 19, 25, 30, 37, 45, 53]",3,53
189,2026-01-21T07:06:40.0,2026-01-16T12:44:25.531,"Any[53, 45, 37, 30, 25, 19, 10]",53,10
200,2026-01-21T07:06:40.0,2026-01-30T12:44:25.531,"Any[6, 11, 19, 25, 30, 37, 45]",6,45
208,2026-01-21T07:06:40.0,2026-01-23T12:44:25.531,"Any[53, 45, 37, 30, 25, 19, 10]",53,10
220,2026-01-21T07:06:40.0,2026-01-30T12:44:25.531,"Any[56, 45, 37, 30, 25]",56,25
286,2026-01-21T07:06:40.0,2026-01-23T12:44:25.531,"Any[10, 19, 25, 30, 37, 45, 53, 60]",10,60
345,2026-01-21T07:06:40.0,2026-01-09T12:44:25.531,"Any[10, 19, 25, 30, 37, 45, 53]",10,53
360,2026-01-21T07:06:40.0,2026-01-16T12:44:25.531,"Any[6, 11, 16, 25, 30, 37, 45, 56]",6,56
364,2026-01-21T07:06:40.0,2026-01-23T12:44:25.531,"Any[7, 8, 13, 19, 25, 30, 37, 45, 53, 60]",7,60
365,2026-01-21T07:06:40.0,2026-01-09T12:44:25.531,"Any[53, 45, 37, 30, 25, 19, 10]",53,10
377,2026-01-21T07:06:40.0,2026-01-30T12:44:25.531,"Any[53, 45, 37, 30, 25, 19, 10]",53,10
380,2026-01-21T07:06:40.0,2026-01-23T12:44:25.531,"Any[10, 19, 25, 30, 37, 45, 53, 60]",10,60
394,2026-01-21T07:06:40.0,2026-01-30T12:44:25.531,"Any[25, 30, 37, 45, 56, 60]",25,60
435,2026-01-21T07:06:40.0,2026-01-09T12:44:25.531,"Any[53, 45, 37, 30, 25, 19, 10]",53,10
449,2026-01-21T07:06:40.0,2026-01-30T12:44:25.531,"Any[56, 45, 37, 30, 25]",56,25
452,2026-01-21T07:06:40.0,2026-01-09T12:44:25.531,"Any[10, 19, 25, 30, 37, 45, 53]",10,53
519,2026-01-21T07:06:40.0,2026-01-09T12:44:25.531,"Any[64, 60, 53, 45, 37, 30, 25, 19, 13, 8]",64,8
522,2026-01-21T07:06:40.0,2026-01-23T12:44:25.531,"Any[56, 45, 37, 30, 25, 19, 10]",56,10
530,2026-01-21T07:06:40.0,2026-01-16T12:44:25.531,"Any[6, 11, 19, 25, 30, 37, 45]",6,45
533,2026-01-21T07:06:40.0,2026-01-09T12:44:25.531,"Any[1, 6, 11, 25, 30, 37, 45, 53]",1,53
597,2026-01-21T07:06:40.0,2026-01-16T12:44:25.531,"Any[53, 45, 37, 30, 25, 19, 13, 8]",53,8
619,2026-01-21T07:06:40.0,2026-01-23T12:44:25.531,"Any[56, 45, 37, 30, 25]",56,25
624,2026-01-21T07:06:40.0,2026-01-23T12:44:25.531,"Any[8, 13, 19, 25, 30, 37, 45, 53]",8,53
630,2026-01-21T07:06:40.0,2026-01-09T12:44:25.531,"Any[53, 45, 37, 30, 25, 19, 11, 10, 11, 6, 1]",53,1
650,2026-01-21T07:06:40.0,2026-01-09T12:44:25.531,"Any[53, 45, 37, 30, 25, 19, 10]",53,10
662,2026-01-21T07:06:40.0,2026-01-23T12:44:25.531,"Any[56, 45, 37, 30, 25, 19, 13, 8]",56,8
670,2026-01-21T07:06:40.0,2026-01-16T12:44:25.531,"Any[53, 45, 37, 30, 25, 19, 13, 8]",53,8
705,2026-01-21T07:06:40.0,2026-01-09T12:44:25.531,"Any[10, 19, 25, 30, 37, 45, 53, 60]",10,60
713,2026-01-21T07:06:40.0,2026-01-09T12:44:25.531,"Any[6, 11, 19, 25, 30, 37, 45, 56]",6,56
751,2026-01-21T07:06:40.0,2026-01-09T12:44:25.531,"Any[56, 45, 37, 30, 25, 19, 10]",56,10
765,2026-01-21T07:06:40.0,2026-01-23T12:44:25.531,"Any[60, 56, 45, 37, 30, 25, 19, 11, 6]",60,6
784,2026-01-21T07:06:40.0,2026-01-23T12:44:25.531,"Any[1, 6, 11, 19, 23, 28, 36, 44, 60]",1,60
816,2026-01-21T07:06:40.0,2026-01-09T12:44:25.531,"Any[8, 13, 19, 25, 30, 37, 45, 53]",8,53
834,2026-01-21T07:06:40.0,2026-01-16T12:44:25.531,"Any[53, 45, 37, 30, 25, 19, 10]",53,10
846,2026-01-21T07:06:40.0,2026-01-23T12:44:25.531,"Any[19, 25, 30, 37, 45, 56]",19,56
860,2026-01-21T07:06:40.0,2026-01-30T12:44:25.531,"Any[17, 16, 17, 25, 30, 37, 45, 53]",17,53
870,2026-01-21T07:06:40.0,2026-01-16T12:44:25.531,"Any[53, 45, 37, 30, 25, 19, 10]",53,10
875,2026-01-21T07:06:40.0,2026-01-30T12:44:25.531,"Any[10, 19, 25, 30, 37, 45, 53]",10,53
894,2026-01-21T07:06:40.0,2026-01-30T12:44:25.531,"Any[8, 13, 19, 25, 30, 37, 45, 56]",8,56
902,2026-01-21T07:06:40.0,2026-01-16T12:44:25.531,"Any[8, 13, 25, 30, 37, 45, 56]",8,56
910,2026-01-21T07:06:40.0,2026-01-16T12:44:25.531,"Any[53, 45, 37, 30, 25, 19, 10]",53,10
932,2026-01-21T07:06:40.0,2026-01-16T12:44:25.531,"Any[6, 11, 19, 25, 30, 37, 45]",6,45
947,2026-01-21T07:06:40.0,2026-01-16T12:44:25.531,"Any[10, 19, 30, 37, 45, 53]",10,53
968,2026-01-21T07:06:40.0,2026-01-23T12:44:25.531,"Any[1, 6, 11, 16, 25, 30, 37, 45, 56]",1,56
986,2026-01-21T07:06:40.0,2026-01-16T12:44:25.531,"Any[56, 45, 37, 30, 25, 19, 11, 6]",56,6
1013,2026-01-21T07:06:40.0,2026-01-16T12:44:25.531,"Any[6, 11, 25, 30, 37, 45, 53]",6,53
1029,2026-01-21T07:06:40.0,2026-01-23T12:44:25.531,"Any[53, 45, 37, 30, 25]",53,25
1044,2026-01-21T07:06:40.0,2026-01-09T12:44:25.531,"Any[56, 45, 37, 30, 25, 19, 11, 6]",56,6
1108,2026-01-21T07:06:40.0,2026-01-23T12:44:25.531,"Any[10, 19, 25, 30, 37, 45]",10,45
1127,2026-01-21T07:06:40.0,2026-01-30T12:44:25.531,"Any[53, 45, 37, 30, 25, 19, 10]",53,10
1136,2026-01-21T07:06:40.0,2026-01-30T12:44:25.531,"Any[53, 45, 37, 30, 25, 19, 11, 6, 1]",53,1
1141,2026-01-21T07:06:40.0,2026-01-09T12:44:25.531,"Any[64, 60, 53, 45, 37, 30, 25, 19, 11, 6, 1]",64,1
1164,2026-01-21T07:06:40.0,2026-01-09T12:44:25.531,"Any[53, 45, 37, 30, 25, 19, 10]",53,10
1180,2026-01-21T07:06:40.0,2026-01-09T12:44:25.531,"Any[8, 13, 19, 25, 30, 37, 45, 53]",8,53
1182,2026-01-21T07:06:40.0,2026-01-23T12:44:25.531,"Any[53, 45, 37, 30, 25, 19, 10]",53,10
1190,2026-01-21T07:06:40.0,2026-01-09T12:44:25.531,"Any[7, 8, 13, 19, 25, 30, 37, 45, 53]",7,53
1195,2026-01-21T07:06:40.0,2026-01-09T12:44:25.531,"Any[3, 10, 19, 25, 30, 37, 45, 53]",3,53
1229,2026-01-21T07:06:40.0,2026-01-09T12:44:25.531,"Any[8, 13, 19, 25, 30, 37, 45, 56]",8,56
1261,2026-01-21T07:06:40.0,2026-01-16T12:44:25.531,"Any[7, 8, 13, 19, 25, 30, 37, 45, 53, 60]",7,60
1269,2026-01-21T07:06:40.0,2026-01-16T12:44:25.531,"Any[8, 13, 19, 25, 30, 37, 45, 56]",8,56
1280,2026-01-21T07:06:40.0,2026-01-16T12:44:25.531,"Any[64, 53, 45, 37, 30, 25, 19, 13, 8]",64,8
1286,2026-01-21T07:06:40.0,2026-01-09T12:44:25.531,"Any[60, 56, 45, 37, 30, 25]",60,25
1457,2026-01-21T07:06:40.0,2026-01-23T12:44:25.531,"Any[6, 11, 19, 25, 30, 37, 45]",6,45
1488,2026-01-21T07:06:40.0,2026-01-09T12:44:25.531,"Any[10, 19, 25, 30, 37, 45, 53]",10,53
1495,2026-01-21T07:06:40.0,2026-01-23T12:44:25.531,"Any[8, 13, 19, 30, 37, 45, 56]",8,56
1505,2026-01-21T07:06:40.0,2026-01-09T12:44:25.531,"Any[6, 11, 19, 25, 30, 37, 45, 56]",6,56
1515,2026-01-21T07:06:40.0,2026-01-23T12:44:25.531,"Any[6, 11, 19, 25, 30, 37, 45]",6,45
1546,2026-01-21T07:06:40.0,2026-01-09T12:44:25.531,"Any[19, 25, 30, 37, 45, 53]",19,53
1549,2026-01-21T07:06:40.0,2026-01-09T12:44:25.531,"Any[10, 19, 30, 37, 45, 53]",10,53
1608,2026-01-21T07:06:40.0,2026-01-09T12:44:25.531,"Any[56, 45, 37, 30, 25, 19, 10, 6]",56,6
1613,2026-01-21T07:06:40.0,2026-01-16T12:44:25.531,"Any[8, 13, 19, 25, 30, 37, 45, 56]",8,56
1618,2026-01-21T07:06:40.0,2026-01-23T12:44:25.531,"Any[53, 45, 37, 30, 25, 19, 11, 6, 1]",53,1
1637,2026-01-21T07:06:40.0,2026-01-23T12:44:25.531,"Any[53, 45, 37, 30, 25, 19, 13, 8]",53,8
1646,2026-01-21T07:06:40.0,2026-01-09T12:44:25.531,"Any[3, 10, 19, 25, 30, 37, 45, 53]",3,53
1649,2026-01-21T07:06:40.0,2026-01-09T12:44:25.531,"Any[6, 11, 19, 30, 37, 45, 56]",6,56
1658,2026-01-21T07:06:40.0,2026-01-16T12:44:25.531,"Any[53, 45, 37, 30, 25, 19, 13, 8]",53,8
1669,2026-01-21T07:06:40.0,2026-01-09T12:44:25.531,"Any[19, 25, 30, 37, 45, 56]",19,56
1707,2026-01-21T07:06:40.0,2026-01-23T12:44:25.531,"Any[6, 11, 19, 25, 30, 37, 45]",6,45
1779,2026-01-21T07:06:40.0,2026-01-23T12:44:25.531,"Any[8, 13, 19, 25, 30, 37, 45, 56]",8,56
1790,2026-01-21T07:06:40.0,2026-01-30T12:44:25.531,"Any[6, 11, 25, 30, 37, 45]",6,45
1795,2026-01-21T07:06:40.0,2026-01-16T12:44:25.531,"Any[56, 45, 37, 30, 25]",56,25
1799,2026-01-21T07:06:40.0,2026-01-16T12:44:25.531,"Any[64, 53, 45, 37, 30, 25, 19, 10]",64,10
1801,2026-01-21T07:06:40.0,2026-01-23T12:44:25.531,"Any[64, 60, 53, 45, 37, 30, 25, 19, 10]",64,10
1824,2026-01-21T07:06:40.0,2026-01-09T12:44:25.531,"Any[56, 45, 37, 30, 25, 19, 11, 6]",56,6
1848,2026-01-21T07:06:40.0,2026-01-09T12:44:25.531,"Any[56, 45, 37, 30, 25]",56,25
1868,2026-01-21T07:06:40.0,2026-01-09T12:44:25.531,"Any[6, 11, 19, 25, 30, 37, 45]",6,45
1903,2026-01-21T07:06:40.0,2026-01-23T12:44:25.531,"Any[60, 53, 45, 37, 30, 25]",60,25
1911,2026-01-21T07:06:40.0,2026-01-16T12:44:25.531,"Any[53, 45, 37, 30, 25, 19, 13, 8]",53,8
1939,2026-01-21T07:06:40.0,2026-01-09T12:44:25.531,"Any[10, 19, 30, 37, 45, 53]",10,53
1962,2026-01-21T07:06:40.0,2026-01-30T12:44:25.531,"Any[8, 13, 19, 25, 30, 37, 45, 56]",8,56
1970,2026-01-21T07:06:40.0,2026-01-09T12:44:25.531,"Any[56, 45, 37, 30, 25]",56,25
1999,2026-01-21T07:06:40.0,2026-01-09T12:44:25.531,"Any[56, 45, 37, 30, 25, 19, 11, 6]",56,6
2019,2026-01-21T07:06:40.0,2026-01-09T12:44:25.531,"Any[53, 45, 37, 30, 25, 19, 10]",53,10
2025,2026-01-21T07:06:40.0,2026-01-16T12:44:25.531,"Any[10, 19, 30, 37, 45, 53]",10,53
2096,2026-01-21T07:06:40.0,2026-01-30T12:44:25.531,"Any[6, 11, 19, 25, 30, 37, 45]",6,45
2099,2026-01-21T07:06:40.0,2026-01-23T12:44:25.531,"Any[8, 13, 19, 25, 30, 37, 45, 53]",8,53
2113,2026-01-21T07:06:40.0,2026-01-30T12:44:25.531,"Any[8, 13, 19, 30, 37, 45, 56]",8,56
2148,2026-01-21T07:06:40.0,2026-01-09T12:44:25.531,"Any[6, 11, 25, 30, 37, 45, 53]",6,53
2232,2026-01-21T07:06:40.0,2026-01-30T12:44:25.531,"Any[53, 45, 37, 30, 25, 19, 10]",53,10
2250,2026-01-21T07:06:40.0,2026-01-30T12:44:25.531,"Any[6, 11, 19, 30, 37, 45, 56]",6,56
2305,2026-01-21T07:06:40.0,2026-01-23T12:44:25.531,"Any[64, 53, 45, 37, 30, 25, 19, 10]",64,10
2371,2026-01-21T07:06:40.0,2026-01-30T12:44:25.531,"Any[53, 45, 37, 30, 25]",53,25
2377,2026-01-21T07:06:40.0,2026-01-30T12:44:25.531,"Any[53, 45, 37, 30, 25, 19, 10]",53,10
2404,2026-01-21T07:06:40.0,2026-01-23T12:44:25.531,"Any[6, 11, 16, 25, 30, 37, 45, 56]",6,56
2487,2026-01-21T07:06:40.0,2026-01-30T12:44:25.531,"Any[53, 45, 37, 30, 25]",53,25
2497,2026-01-21T07:06:40.0,2026-01-09T12:44:25.531,"Any[7, 8, 13, 19, 25, 30, 37, 45, 53, 60]",7,60
2499,2026-01-21T07:06:40.0,2026-01-09T12:44:25.531,"Any[7, 8, 13, 19, 25, 30, 37, 45, 53]",7,53
2519,2026-01-21T07:06:40.0,2026-01-23T12:44:25.531,"Any[53, 45, 37, 30, 25, 19, 10]",53,10
2528,2026-01-21T07:06:40.0,2026-01-30T12:44:25.531,"Any[8, 13, 19, 25, 30, 37, 45, 56]",8,56
2548,2026-01-21T07:06:40.0,2026-01-16T12:44:25.531,"Any[56, 45, 37, 30, 25]",56,25
2557,2026-01-21T07:06:40.0,2026-01-30T12:44:25.531,"Any[8, 13, 19, 25, 30, 37, 45, 53]",8,53
2585,2026-01-21T07:06:40.0,2026-01-23T12:44:25.531,"Any[10, 19, 30, 37, 45, 53]",10,53
2626,2026-01-21T07:06:40.0,2026-01-16T12:44:25.531,"Any[56, 45, 37, 30, 25, 19]",56,19
2803,2026-01-21T07:06:40.0,2026-01-23T12:44:25.531,"Any[45, 37, 30, 25, 19, 13, 8]",45,8
2909,2026-01-21T07:06:40.0,2026-01-30T12:44:25.531,"Any[25, 30, 37, 45, 56, 60]",25,60
2917,2026-01-21T07:06:40.0,2026-01-09T12:44:25.531,"Any[25, 30, 37, 45, 56, 60]",25,60
2935,2026-01-21T07:06:40.0,2026-01-30T12:44:25.531,"Any[25, 30, 37, 45, 56, 60]",25,60
2938,2026-01-21T07:06:40.0,2026-01-30T12:44:25.531,"Any[25, 30, 37, 45, 56, 60]",25,60
2946,2026-01-21T07:06:40.0,2026-01-16T12:44:25.531,"Any[25, 30, 37, 45, 56, 60]",25,60
3091,2026-01-21T07:06:40.0,2026-01-30T12:44:25.531,"Any[1, 6, 11, 19, 25, 30, 37, 45, 53]",1,53
3150,2026-01-21T07:10:00.0,2026-01-16T12:47:45.531,Any[],10,64
2754,2026-01-21T07:53:00.0,2026-01-16T13:30:45.531,Any[],53,7
2822,2026-01-21T07:55:00.0,2026-01-23T13:32:45.531,Any[],45,3
2821,2026-01-21T13:04:00.0,2026-01-09T18:41:45.531,Any[],45,3
3104,2026-01-21T13:07:00.0,2026-01-16T18:44:45.531,Any[],6,64
3154,2026-01-21T13:18:00.0,2026-01-30T18:55:45.531,Any[],10,64
2824,2026-01-21T13:24:00.0,2026-01-30T19:01:45.531,Any[],45,3
3121,2026-01-21T13:25:00.0,2026-01-16T19:02:45.531,Any[],6,62
3124,2026-01-21T13:50:00.0,2026-01-16T19:27:45.531,Any[],6,54
2768,2026-01-21T13:52:00.0,2026-01-09T19:29:45.531,Any[],53,3
3110,2026-01-21T13:52:00.0,2026-01-23T19:29:45.531,Any[],6,64
3131,2026-01-24T07:07:00.0,2026-01-26T12:44:45.531,Any[],10,64
2811,2026-01-24T07:08:00.0,2026-01-12T12:45:45.531,Any[],45,7
3125,2026-01-24T07:09:00.0,2026-01-19T12:46:45.531,Any[],6,54
3089,2026-01-24T07:16:00.0,2026-01-12T12:53:45.531,Any[],1,62
2708,2026-01-24T07:25:00.0,2026-01-12T13:02:45.531,Any[],53,17
3167,2026-01-24T07:35:00.0,2026-01-19T13:12:45.531,Any[],10,64
2724,2026-01-24T07:41:00.0,2026-02-02T13:18:45.531,Any[],53,16
3166,2026-01-24T13:00:00.0,2026-01-12T18:37:45.531,Any[],10,64
2829,2026-01-24T13:03:00.0,2026-01-12T18:40:45.531,Any[],45,5
2597,2026-01-24T13:04:00.0,2026-01-26T18:41:45.531,Any[],60,17
2818,2026-01-24T13:04:00.0,2026-01-12T18:41:45.531,Any[],45,3
3160,2026-01-24T13:04:00.0,2026-02-02T18:41:45.531,Any[],10,64
2599,2026-01-24T13:05:00.0,2026-01-12T18:42:45.531,Any[],60,17
2735,2026-01-24T13:07:00.0,2026-01-26T18:44:45.531,Any[],53,7
3117,2026-01-24T13:11:00.0,2026-01-19T18:48:45.531,Any[],6,64
2,2026-01-24T13:20:00.0,2026-02-02T18:57:45.531,"Any[10, 19, 25, 30, 37, 45, 53]",10,53
6,2026-01-24T13:20:00.0,2026-01-12T18:57:45.531,"Any[56, 45, 37, 30, 25, 19]",56,19
11,2026-01-24T13:20:00.0,2026-01-26T18:57:45.531,"Any[56, 45, 37, 30, 25, 19, 11, 6]",56,6
12,2026-01-24T13:20:00.0,2026-02-02T18:57:45.531,"Any[53, 45, 37, 30, 25, 19, 11, 6, 1]",53,1
14,2026-01-24T13:20:00.0,2026-01-26T18:57:45.531,"Any[6, 11, 19, 25, 30, 37, 45]",6,45
18,2026-01-24T13:20:00.0,2026-02-02T18:57:45.531,"Any[53, 45, 37, 30, 25, 19, 13, 8]",53,8
19,2026-01-24T13:20:00.0,2026-01-12T18:57:45.531,"Any[53, 45, 37, 30, 25, 19, 10]",53,10
24,2026-01-24T13:20:00.0,2026-01-19T18:57:45.531,"Any[10, 11, 19, 25, 30, 37, 45, 53]",10,53
25,2026-01-24T13:20:00.0,2026-01-26T18:57:45.531,"Any[53, 45, 37, 30, 25, 19, 10]",53,10
30,2026-01-24T13:20:00.0,2026-01-12T18:57:45.531,"Any[10, 19, 25, 30, 37, 45, 53]",10,53
33,2026-01-24T13:20:00.0,2026-01-26T18:57:45.531,"Any[1, 6, 11, 19, 25, 30, 37, 45, 53, 60]",1,60
36,2026-01-24T13:20:00.0,2026-01-19T18:57:45.531,"Any[8, 13, 19, 25, 30, 37, 45, 56]",8,56
38,2026-01-24T13:20:00.0,2026-02-02T18:57:45.531,"Any[53, 45, 37, 30, 25, 19, 10]",53,10
40,2026-01-24T13:20:00.0,2026-01-19T18:57:45.531,"Any[8, 13, 19, 25, 30, 37, 45, 53]",8,53
42,2026-01-24T13:20:00.0,2026-01-26T18:57:45.531,"Any[6, 11, 19, 25, 30, 37, 45]",6,45
46,2026-01-24T13:20:00.0,2026-01-26T18:57:45.531,"Any[6, 11, 19, 25, 30, 37, 45, 56, 60]",6,60
51,2026-01-24T13:20:00.0,2026-01-12T18:57:45.531,"Any[45, 37, 30, 25]",45,25
66,2026-01-24T13:20:00.0,2026-01-12T18:57:45.531,"Any[53, 45, 37, 30, 25, 19, 11, 6, 1]",53,1
67,2026-01-24T13:20:00.0,2026-02-02T18:57:45.531,"Any[19, 25, 30, 37, 45, 53]",19,53
73,2026-01-24T13:20:00.0,2026-01-26T18:57:45.531,"Any[60, 56, 45, 37, 30, 25, 19, 11, 6]",60,6
81,2026-01-24T13:20:00.0,2026-02-02T18:57:45.531,"Any[60, 53, 45, 37, 30, 25, 19, 11, 6, 1]",60,1
87,2026-01-24T13:20:00.0,2026-01-12T18:57:45.531,"Any[64, 60, 56, 45, 37, 30, 25, 19, 11, 6]",64,6
88,2026-01-24T13:20:00.0,2026-01-12T18:57:45.531,"Any[56, 45, 37, 30, 25, 19]",56,19
93,2026-01-24T13:20:00.0,2026-01-26T18:57:45.531,"Any[17, 19, 25, 30, 37, 45, 53, 60]",17,60
100,2026-01-24T13:20:00.0,2026-02-02T18:57:45.531,"Any[53, 45, 37, 30, 25, 19]",53,19
103,2026-01-24T13:20:00.0,2026-01-12T18:57:45.531,"Any[8, 13, 19, 25, 30, 37, 45, 56]",8,56
110,2026-01-24T13:20:00.0,2026-01-19T18:57:45.531,"Any[53, 45, 37, 30, 25, 19, 11, 6, 1]",53,1
111,2026-01-24T13:20:00.0,2026-01-12T18:57:45.531,"Any[53, 45, 37, 30, 25, 19, 11, 6, 1]",53,1
120,2026-01-24T13:20:00.0,2026-02-02T18:57:45.531,"Any[53, 45, 37, 30, 25, 19, 10]",53,10
122,2026-01-24T13:20:00.0,2026-01-19T18:57:45.531,"Any[1, 6, 11, 19, 25, 30, 37, 45, 53, 60]",1,60
127,2026-01-24T13:20:00.0,2026-02-02T18:57:45.531,"Any[6, 11, 19, 25, 30, 37, 45, 56]",6,56
138,2026-01-24T13:20:00.0,2026-01-19T18:57:45.531,"Any[6, 11, 19, 25, 30, 37, 45, 56]",6,56
145,2026-01-24T13:20:00.0,2026-01-19T18:57:45.531,"Any[53, 45, 37, 30, 25, 19, 10]",53,10
152,2026-01-24T13:20:00.0,2026-01-26T18:57:45.531,"Any[10, 19, 25, 30, 37, 45, 53]",10,53
158,2026-01-24T13:20:00.0,2026-02-02T18:57:45.531,"Any[10, 19, 25, 30, 37, 45, 53, 60]",10,60
160,2026-01-24T13:20:00.0,2026-01-19T18:57:45.531,"Any[19, 25, 30, 37, 45, 56, 60]",19,60
166,2026-01-24T13:20:00.0,2026-01-26T18:57:45.531,"Any[6, 11, 19, 25, 30, 37, 45, 56]",6,56
167,2026-01-24T13:20:00.0,2026-02-02T18:57:45.531,"Any[53, 45, 37, 30, 25, 19, 13, 8]",53,8
169,2026-01-24T13:20:00.0,2026-01-19T18:57:45.531,"Any[53, 45, 37, 30, 25, 19, 11, 6]",53,6
171,2026-01-24T13:20:00.0,2026-01-12T18:57:45.531,"Any[1, 6, 11, 19, 25, 30, 37, 45, 53, 60]",1,60
184,2026-01-24T13:20:00.0,2026-01-26T18:57:45.531,"Any[53, 45, 37, 30, 25, 17, 11, 6, 1]",53,1
187,2026-01-24T13:20:00.0,2026-01-19T18:57:45.531,"Any[6, 11, 19, 25, 30, 37, 45, 53]",6,53
193,2026-01-24T13:20:00.0,2026-01-12T18:57:45.531,"Any[1, 6, 11, 19, 25, 30, 37, 45, 53]",1,53
197,2026-01-24T13:20:00.0,2026-01-12T18:57:45.531,"Any[62, 45, 37, 30, 25, 19, 13, 8]",62,8
199,2026-01-24T13:20:00.0,2026-01-19T18:57:45.531,"Any[60, 56, 45, 37, 30, 25, 19]",60,19
202,2026-01-24T13:20:00.0,2026-02-02T18:57:45.531,"Any[8, 13, 19, 25, 30, 37, 45, 56]",8,56
206,2026-01-24T13:20:00.0,2026-01-19T18:57:45.531,"Any[10, 19, 25, 30, 37, 45, 53]",10,53
215,2026-01-24T13:20:00.0,2026-02-02T18:57:45.531,"Any[53, 45, 37, 30, 25, 19, 11, 6, 1]",53,1
226,2026-01-24T13:20:00.0,2026-02-02T18:57:45.531,"Any[56, 45, 37, 30, 25, 19, 11, 6]",56,6
228,2026-01-24T13:20:00.0,2026-01-26T18:57:45.531,"Any[60, 56, 45, 37, 30, 25, 19, 10]",60,10
231,2026-01-24T13:20:00.0,2026-01-26T18:57:45.531,"Any[17, 16, 25, 30, 37, 45, 53]",17,53
233,2026-01-24T13:20:00.0,2026-02-02T18:57:45.531,"Any[8, 13, 19, 25, 30, 37, 45, 53]",8,53
244,2026-01-24T13:20:00.0,2026-01-19T18:57:45.531,"Any[56, 45, 37, 30, 25, 19, 11, 6, 1, 1]",56,1
252,2026-01-24T13:20:00.0,2026-01-19T18:57:45.531,"Any[56, 45, 37, 30, 25, 19, 13, 8]",56,8
260,2026-01-24T13:20:00.0,2026-01-19T18:57:45.531,"Any[60, 53, 45, 37, 30, 25, 19, 13, 8]",60,8
262,2026-01-24T13:20:00.0,2026-01-19T18:57:45.531,"Any[1, 6, 11, 19, 25, 30, 37, 45, 56]",1,56
266,2026-01-24T13:20:00.0,2026-02-02T18:57:45.531,"Any[6, 11, 19, 25, 30, 37, 45]",6,45
277,2026-01-24T13:20:00.0,2026-01-19T18:57:45.531,"Any[53, 45, 37, 30, 25, 19, 11, 6, 1]",53,1
279,2026-01-24T13:20:00.0,2026-01-19T18:57:45.531,"Any[64, 53, 45, 37, 30, 25, 19, 13, 8]",64,8
284,2026-01-24T13:20:00.0,2026-01-26T18:57:45.531,"Any[6, 11, 19, 25, 30, 37, 45]",6,45
303,2026-01-24T13:20:00.0,2026-01-19T18:57:45.531,"Any[56, 45, 37, 30, 25]",56,25
320,2026-01-24T13:20:00.0,2026-02-02T18:57:45.531,"Any[53, 45, 37, 30, 25, 19, 11, 6]",53,6
334,2026-01-24T13:20:00.0,2026-01-26T18:57:45.531,"Any[53, 45, 37, 30, 25, 19, 11, 6, 1]",53,1
340,2026-01-24T13:20:00.0,2026-01-26T18:57:45.531,"Any[60, 53, 45, 37, 30, 25, 19]",60,19
349,2026-01-24T13:20:00.0,2026-01-12T18:57:45.531,"Any[56, 45, 37, 30, 25, 19, 13, 8, 7]",56,7
351,2026-01-24T13:20:00.0,2026-01-12T18:57:45.531,"Any[56, 45, 37, 30, 25, 19]",56,19
367,2026-01-24T13:20:00.0,2026-01-26T18:57:45.531,"Any[6, 11, 19, 25, 30, 37, 45]",6,45
369,2026-01-24T13:20:00.0,2026-02-02T18:57:45.531,"Any[10, 19, 25, 30, 37, 45, 53]",10,53
375,2026-01-24T13:20:00.0,2026-01-26T18:57:45.531,"Any[60, 56, 45, 37, 30, 25, 19, 11, 6, 1]",60,1
376,2026-01-24T13:20:00.0,2026-01-19T18:57:45.531,"Any[56, 45, 37, 30, 25, 19, 11, 6]",56,6
382,2026-01-24T13:20:00.0,2026-01-12T18:57:45.531,"Any[6, 11, 19, 25, 30, 37, 45, 56]",6,56
386,2026-01-24T13:20:00.0,2026-02-02T18:57:45.531,"Any[56, 45, 37, 30, 25, 19]",56,19
392,2026-01-24T13:20:00.0,2026-01-12T18:57:45.531,"Any[6, 11, 19, 25, 30, 37, 45]",6,45
393,2026-01-24T13:20:00.0,2026-02-02T18:57:45.531,"Any[6, 11, 19, 25, 30, 37, 45]",6,45
399,2026-01-24T13:20:00.0,2026-01-12T18:57:45.531,"Any[19, 25, 30, 37, 45, 53]",19,53
400,2026-01-24T13:20:00.0,2026-01-26T18:57:45.531,"Any[1, 6, 11, 19, 23, 36, 44, 54, 60]",1,60
405,2026-01-24T13:20:00.0,2026-01-19T18:57:45.531,"Any[53, 45, 37, 30, 25, 19, 11, 6, 1]",53,1
408,2026-01-24T13:20:00.0,2026-01-12T18:57:45.531,"Any[60, 53, 45, 37, 30, 25, 19, 13, 8]",60,8
414,2026-01-24T13:20:00.0,2026-02-02T18:57:45.531,"Any[53, 45, 37, 30, 25, 19, 10]",53,10
419,2026-01-24T13:20:00.0,2026-01-26T18:57:45.531,"Any[56, 45, 37, 30, 25, 19, 11, 6]",56,6
423,2026-01-24T13:20:00.0,2026-01-12T18:57:45.531,"Any[53, 45, 37, 30, 25, 19, 11, 6, 1]",53,1
430,2026-01-24T13:20:00.0,2026-01-19T18:57:45.531,"Any[56, 45, 37, 30, 25, 19]",56,19
438,2026-01-24T13:20:00.0,2026-01-26T18:57:45.531,"Any[53, 45, 37, 30, 25, 19, 11, 6, 1]",53,1
442,2026-01-24T13:20:00.0,2026-02-02T18:57:45.531,"Any[6, 11, 19, 25, 30, 37, 45, 56]",6,56
443,2026-01-24T13:20:00.0,2026-02-02T18:57:45.531,"Any[60, 53, 45, 37, 30, 25, 19, 13, 8]",60,8
446,2026-01-24T13:20:00.0,2026-02-02T18:57:45.531,"Any[7, 8, 13, 19, 25, 30, 37, 45, 53, 60]",7,60
447,2026-01-24T13:20:00.0,2026-02-02T18:57:45.531,"Any[60, 56, 45, 37, 30, 25, 19, 11, 6]",60,6
448,2026-01-24T13:20:00.0,2026-01-19T18:57:45.531,"Any[8, 13, 19, 25, 30, 37, 45, 56]",8,56
453,2026-01-24T13:20:00.0,2026-01-12T18:57:45.531,"Any[53, 45, 37, 30, 25, 19, 11, 6, 1]",53,1
458,2026-01-24T13:20:00.0,2026-01-12T18:57:45.531,"Any[53, 45, 37, 30, 25]",53,25
461,2026-01-24T13:20:00.0,2026-01-12T18:57:45.531,"Any[19, 17, 25, 30, 37, 45, 53]",19,53
470,2026-01-24T13:20:00.0,2026-01-26T18:57:45.531,"Any[7, 8, 13, 19, 25, 30, 37, 45, 53]",7,53
472,2026-01-24T13:20:00.0,2026-02-02T18:57:45.531,"Any[19, 25, 30, 37, 45, 53, 60]",19,60
473,2026-01-24T13:20:00.0,2026-01-26T18:57:45.531,"Any[56, 45, 37, 30, 25, 19, 11, 6, 1]",56,1
475,2026-01-24T13:20:00.0,2026-02-02T18:57:45.531,"Any[62, 45, 37, 30, 25, 19, 14, 13, 14]",62,14
476,2026-01-24T13:20:00.0,2026-01-26T18:57:45.531,"Any[1, 6, 11, 19, 25, 30, 37, 45, 53, 60]",1,60
482,2026-01-24T13:20:00.0,2026-01-12T18:57:45.531,"Any[6, 11, 16, 25, 30, 37, 45]",6,45
485,2026-01-24T13:20:00.0,2026-01-26T18:57:45.531,"Any[60, 53, 45, 37, 30, 25]",60,25
498,2026-01-24T13:20:00.0,2026-01-12T18:57:45.531,"Any[16, 17, 25, 30, 37, 45, 53]",16,53
501,2026-01-24T13:20:00.0,2026-01-12T18:57:45.531,"Any[1, 6, 11, 19, 25, 30, 37, 45, 56]",1,56
507,2026-01-24T13:20:00.0,2026-01-26T18:57:45.531,"Any[1, 6, 11, 25, 30, 37, 45, 53]",1,53
513,2026-01-24T13:20:00.0,2026-01-19T18:57:45.531,"Any[8, 13, 19, 25, 30, 37, 45, 53]",8,53
515,2026-01-24T13:20:00.0,2026-01-19T18:57:45.531,"Any[53, 45, 37, 30, 25, 19, 11, 6, 1]",53,1
535,2026-01-24T13:20:00.0,2026-01-19T18:57:45.531,"Any[8, 13, 19, 25, 30, 37, 45, 53]",8,53
538,2026-01-24T13:20:00.0,2026-02-02T18:57:45.531,"Any[6, 11, 19, 25, 30, 37, 45, 56, 60]",6,60
541,2026-01-24T13:20:00.0,2026-01-26T18:57:45.531,"Any[56, 45, 37, 30, 25, 19, 10]",56,10
542,2026-01-24T13:20:00.0,2026-01-12T18:57:45.531,"Any[7, 8, 13, 19, 25, 30, 37, 45, 53]",7,53
543,2026-01-24T13:20:00.0,2026-01-26T18:57:45.531,"Any[16, 17, 25, 30, 37, 45, 53]",16,53
547,2026-01-24T13:20:00.0,2026-01-12T18:57:45.531,"Any[53, 45, 37, 30, 25, 19, 10]",53,10
555,2026-01-24T13:20:00.0,2026-02-02T18:57:45.531,"Any[56, 45, 37, 30, 25, 19, 11, 6, 1]",56,1
556,2026-01-24T13:20:00.0,2026-02-02T18:57:45.531,"Any[10, 19, 25, 30, 37, 45, 53]",10,53
557,2026-01-24T13:20:00.0,2026-01-19T18:57:45.531,"Any[10, 19, 25, 30, 37, 45, 56, 60]",10,60
571,2026-01-24T13:20:00.0,2026-01-12T18:57:45.531,"Any[60, 56, 45, 37, 30, 25, 19, 11, 6]",60,6
573,2026-01-24T13:20:00.0,2026-01-26T18:57:45.531,"Any[56, 45, 37, 30, 25, 19]",56,19
575,2026-01-24T13:20:00.0,2026-01-26T18:57:45.531,"Any[53, 45, 37, 30, 25, 19, 13, 8]",53,8
576,2026-01-24T13:20:00.0,2026-01-19T18:57:45.531,"Any[60, 56, 45, 37, 30, 25, 19, 11, 6, 1]",60,1
585,2026-01-24T13:20:00.0,2026-01-19T18:57:45.531,"Any[53, 45, 37, 30, 25, 19, 13, 8]",53,8
586,2026-01-24T13:20:00.0,2026-01-26T18:57:45.531,"Any[53, 45, 37, 30, 25]",53,25
588,2026-01-24T13:20:00.0,2026-01-26T18:57:45.531,"Any[56, 45, 37, 30, 25, 19, 11, 6]",56,6
589,2026-01-24T13:20:00.0,2026-02-02T18:57:45.531,"Any[56, 45, 37, 30, 25]",56,25
590,2026-01-24T13:20:00.0,2026-02-02T18:57:45.531,"Any[53, 45, 37, 30, 25, 19, 13, 8]",53,8
594,2026-01-24T13:20:00.0,2026-01-19T18:57:45.531,"Any[60, 56, 45, 37, 30, 25, 19, 11, 6]",60,6
605,2026-01-24T13:20:00.0,2026-02-02T18:57:45.531,"Any[10, 19, 25, 30, 37, 45, 53, 60]",10,60
609,2026-01-24T13:20:00.0,2026-01-19T18:57:45.531,"Any[62, 53, 45, 37, 30, 25, 19, 13, 8]",62,8
612,2026-01-24T13:20:00.0,2026-01-19T18:57:45.531,"Any[10, 19, 25, 30, 37, 45, 53]",10,53
613,2026-01-24T13:20:00.0,2026-01-26T18:57:45.531,"Any[5, 6, 10, 19, 25, 30, 37, 45, 56]",5,56
615,2026-01-24T13:20:00.0,2026-01-12T18:57:45.531,"Any[6, 11, 19, 25, 30, 37, 45, 56]",6,56
618,2026-01-24T13:20:00.0,2026-01-26T18:57:45.531,"Any[60, 56, 45, 37, 30, 25, 19, 11, 6]",60,6
621,2026-01-24T13:20:00.0,2026-01-19T18:57:45.531,"Any[1, 6, 11, 19, 25, 30, 37, 45, 56]",1,56
634,2026-01-24T13:20:00.0,2026-01-19T18:57:45.531,"Any[53, 45, 37, 30, 25, 19, 13, 8]",53,8
640,2026-01-24T13:20:00.0,2026-01-12T18:57:45.531,"Any[60, 56, 45, 37, 30, 25, 19, 10]",60,10
642,2026-01-24T13:20:00.0,2026-01-19T18:57:45.531,"Any[60, 56, 45, 37, 30, 25, 19, 11, 6, 1]",60,1
651,2026-01-24T13:20:00.0,2026-02-02T18:57:45.531,"Any[62, 56, 45, 37, 30, 25, 19]",62,19
654,2026-01-24T13:20:00.0,2026-01-19T18:57:45.531,"Any[53, 45, 37, 30, 25, 19, 10]",53,10
668,2026-01-24T13:20:00.0,2026-01-26T18:57:45.531,"Any[1, 6, 11, 19, 25, 30, 37, 45, 56]",1,56
669,2026-01-24T13:20:00.0,2026-02-02T18:57:45.531,"Any[53, 45, 37, 30, 25, 19, 13, 8]",53,8
673,2026-01-24T13:20:00.0,2026-01-12T18:57:45.531,"Any[3, 6, 11, 19, 25, 30, 37, 45, 53]",3,53
678,2026-01-24T13:20:00.0,2026-02-02T18:57:45.531,"Any[60, 53, 45, 37, 30, 25, 19, 17, 19, 11, 6]",60,6
698,2026-01-24T13:20:00.0,2026-02-02T18:57:45.531,"Any[6, 11, 19, 25, 30, 37, 45, 53]",6,53
700,2026-01-24T13:20:00.0,2026-01-26T18:57:45.531,"Any[8, 13, 19, 25, 30, 37, 45]",8,45
704,2026-01-24T13:20:00.0,2026-01-19T18:57:45.531,"Any[8, 13, 19, 25, 30, 37, 45, 56]",8,56
709,2026-01-24T13:20:00.0,2026-01-19T18:57:45.531,"Any[56, 45, 37, 30, 25, 19, 11, 6, 1]",56,1
716,2026-01-24T13:20:00.0,2026-01-12T18:57:45.531,"Any[53, 45, 37, 30, 25, 19, 10]",53,10
718,2026-01-24T13:20:00.0,2026-01-19T18:57:45.531,"Any[6, 11, 19, 25, 30, 37, 45, 56]",6,56
723,2026-01-24T13:20:00.0,2026-01-26T18:57:45.531,"Any[53, 45, 37, 30, 25, 19, 10]",53,10
730,2026-01-24T13:20:00.0,2026-02-02T18:57:45.531,"Any[1, 6, 11, 19, 23, 28, 36, 44, 54, 60]",1,60
752,2026-01-24T13:20:00.0,2026-01-12T18:57:45.531,"Any[56, 45, 37, 30, 25, 19]",56,19
755,2026-01-24T13:20:00.0,2026-01-12T18:57:45.531,"Any[53, 45, 37, 30, 25, 19, 11, 6, 1]",53,1
757,2026-01-24T13:20:00.0,2026-01-12T18:57:45.531,"Any[53, 45, 37, 30, 25, 19, 10]",53,10
762,2026-01-24T13:20:00.0,2026-01-26T18:57:45.531,"Any[60, 56, 45, 37, 30, 25, 19, 11, 6]",60,6
764,2026-01-24T13:20:00.0,2026-02-02T18:57:45.531,"Any[8, 13, 19, 25, 30, 37, 45, 56]",8,56
766,2026-01-24T13:20:00.0,2026-01-12T18:57:45.531,"Any[56, 45, 37, 30, 25, 19, 11, 6]",56,6
768,2026-01-24T13:20:00.0,2026-01-19T18:57:45.531,"Any[56, 45, 37, 30, 25, 19, 13, 8]",56,8
777,2026-01-24T13:20:00.0,2026-01-19T18:57:45.531,"Any[8, 13, 19, 25, 30, 37, 45, 56]",8,56
782,2026-01-24T13:20:00.0,2026-02-02T18:57:45.531,"Any[6, 11, 19, 25, 30, 37, 45]",6,45
785,2026-01-24T13:20:00.0,2026-01-19T18:57:45.531,"Any[45, 37, 30, 25]",45,25
791,2026-01-24T13:20:00.0,2026-01-12T18:57:45.531,"Any[1, 6, 11, 25, 30, 37, 45, 53]",1,53
805,2026-01-24T13:20:00.0,2026-01-26T18:57:45.531,"Any[45, 37, 30, 25]",45,25
808,2026-01-24T13:20:00.0,2026-01-19T18:57:45.531,"Any[25, 30, 37, 45, 56, 60]",25,60
813,2026-01-24T13:20:00.0,2026-01-26T18:57:45.531,"Any[53, 45, 37, 30, 25]",53,25
815,2026-01-24T13:20:00.0,2026-01-12T18:57:45.531,"Any[64, 53, 45, 37, 30, 25, 19, 10]",64,10
823,2026-01-24T13:20:00.0,2026-01-12T18:57:45.531,"Any[7, 8, 13, 19, 25, 30, 37, 45, 53]",7,53
825,2026-01-24T13:20:00.0,2026-01-26T18:57:45.531,"Any[60, 53, 45, 37, 30, 25, 19, 10]",60,10
827,2026-01-24T13:20:00.0,2026-01-12T18:57:45.531,"Any[8, 13, 19, 25, 30, 37, 45]",8,45
839,2026-01-24T13:20:00.0,2026-01-12T18:57:45.531,"Any[64, 60, 56, 45, 37, 30, 25, 19]",64,19
848,2026-01-24T13:20:00.0,2026-01-19T18:57:45.531,"Any[6, 11, 19, 25, 30, 37, 45]",6,45
853,2026-01-24T13:20:00.0,2026-01-26T18:57:45.531,"Any[8, 13, 19, 25, 30, 37, 45, 56]",8,56
862,2026-01-24T13:20:00.0,2026-01-19T18:57:45.531,"Any[6, 11, 19, 25, 30, 37, 45, 56]",6,56
863,2026-01-24T13:20:00.0,2026-02-02T18:57:45.531,"Any[6, 11, 16, 25, 30, 37, 45]",6,45
872,2026-01-24T13:20:00.0,2026-01-12T18:57:45.531,"Any[8, 13, 19, 25, 30, 37, 45, 56, 60]",8,60
880,2026-01-24T13:20:00.0,2026-02-02T18:57:45.531,"Any[56, 45, 37, 30, 25, 19, 13, 8]",56,8
881,2026-01-24T13:20:00.0,2026-01-26T18:57:45.531,"Any[7, 8, 13, 19, 25, 30, 37, 45, 53]",7,53
882,2026-01-24T13:20:00.0,2026-02-02T18:57:45.531,"Any[8, 13, 19, 25, 30, 37, 45]",8,45
888,2026-01-24T13:20:00.0,2026-01-12T18:57:45.531,"Any[60, 53, 45, 37, 30, 25, 19, 11, 6, 1]",60,1
891,2026-01-24T13:20:00.0,2026-01-19T18:57:45.531,"Any[1, 6, 11, 19, 25, 30, 37, 45, 56]",1,56
892,2026-01-24T13:20:00.0,2026-01-26T18:57:45.531,"Any[60, 56, 45, 37, 30, 25, 19]",60,19
896,2026-01-24T13:20:00.0,2026-01-19T18:57:45.531,"Any[1, 6, 11, 19, 25, 30, 37, 45, 56]",1,56
909,2026-01-24T13:20:00.0,2026-01-26T18:57:45.531,"Any[6, 11, 19, 25, 30, 37, 45, 56]",6,56
912,2026-01-24T13:20:00.0,2026-01-26T18:57:45.531,"Any[56, 45, 37, 30, 25, 19, 13, 8]",56,8
916,2026-01-24T13:20:00.0,2026-01-12T18:57:45.531,"Any[62, 53, 45, 37, 30, 25, 19, 13, 8]",62,8
917,2026-01-24T13:20:00.0,2026-01-26T18:57:45.531,"Any[1, 6, 11, 19, 25, 30, 37, 45, 56, 60]",1,60
922,2026-01-24T13:20:00.0,2026-01-26T18:57:45.531,"Any[53, 45, 37, 30, 25, 19, 13, 8]",53,8
929,2026-01-24T13:20:00.0,2026-01-26T18:57:45.531,"Any[8, 13, 19, 25, 30, 37, 45, 56]",8,56
940,2026-01-24T13:20:00.0,2026-01-26T18:57:45.531,"Any[60, 53, 45, 37, 30, 25, 19, 11, 6, 1]",60,1
944,2026-01-24T13:20:00.0,2026-01-19T18:57:45.531,"Any[8, 13, 19, 25, 37, 45, 56, 60]",8,60
950,2026-01-24T13:20:00.0,2026-01-12T18:57:45.531,"Any[56, 45, 37, 30, 25, 19, 11, 6, 1]",56,1
955,2026-01-24T13:20:00.0,2026-02-02T18:57:45.531,"Any[64, 60, 53, 45, 37, 30, 25, 19, 11, 6, 1]",64,1
957,2026-01-24T13:20:00.0,2026-02-02T18:57:45.531,"Any[1, 6, 11, 19, 25, 30, 37, 45, 56]",1,56
973,2026-01-24T13:20:00.0,2026-01-19T18:57:45.531,"Any[1, 6, 11, 19, 25, 30, 37, 45, 56, 60]",1,60
977,2026-01-24T13:20:00.0,2026-02-02T18:57:45.531,"Any[56, 45, 37, 30, 25, 19, 10]",56,10
980,2026-01-24T13:20:00.0,2026-01-12T18:57:45.531,"Any[6, 11, 19, 25, 30, 37, 45, 56]",6,56
982,2026-01-24T13:20:00.0,2026-02-02T18:57:45.531,"Any[53, 45, 37, 30, 25, 19, 13, 8]",53,8
985,2026-01-24T13:20:00.0,2026-01-19T18:57:45.531,"Any[3, 10, 19, 25, 30, 37, 45, 53]",3,53
990,2026-01-24T13:20:00.0,2026-01-12T18:57:45.531,"Any[6, 11, 19, 25, 30, 37, 45]",6,45
993,2026-01-24T13:20:00.0,2026-01-12T18:57:45.531,"Any[14, 19, 25, 30, 37, 45, 53]",14,53
997,2026-01-24T13:20:00.0,2026-02-02T18:57:45.531,"Any[64, 60, 56, 45, 37, 30, 25, 19]",64,19
998,2026-01-24T13:20:00.0,2026-01-19T18:57:45.531,"Any[53, 45, 37, 25, 19, 13, 8]",53,8
1001,2026-01-24T13:20:00.0,2026-02-02T18:57:45.531,"Any[8, 13, 19, 25, 30, 37, 45]",8,45
1004,2026-01-24T13:20:00.0,2026-01-19T18:57:45.531,"Any[1, 6, 11, 16, 25, 30, 37, 45, 56]",1,56
1008,2026-01-24T13:20:00.0,2026-01-19T18:57:45.531,"Any[53, 45, 37, 30, 25]",53,25
1009,2026-01-24T13:20:00.0,2026-01-26T18:57:45.531,"Any[19, 25, 30, 37, 45, 53]",19,53
1018,2026-01-24T13:20:00.0,2026-02-02T18:57:45.531,"Any[8, 13, 19, 25, 30, 37, 45, 56]",8,56
1019,2026-01-24T13:20:00.0,2026-02-02T18:57:45.531,"Any[53, 45, 37, 30, 25, 19, 13, 8]",53,8
1025,2026-01-24T13:20:00.0,2026-01-12T18:57:45.531,"Any[53, 45, 37, 30, 25, 19, 13, 8]",53,8
1028,2026-01-24T13:20:00.0,2026-01-12T18:57:45.531,"Any[53, 45, 37, 30, 25, 19, 13, 8]",53,8
1036,2026-01-24T13:20:00.0,2026-02-02T18:57:45.531,"Any[1, 6, 11, 19, 25, 30, 37, 45, 56]",1,56
1041,2026-01-24T13:20:00.0,2026-01-26T18:57:45.531,"Any[64, 60, 53, 45, 37, 30, 25, 19, 10]",64,10
1043,2026-01-24T13:20:00.0,2026-01-19T18:57:45.531,"Any[60, 53, 45, 37, 30, 25, 19, 11, 6, 1]",60,1
1047,2026-01-24T13:20:00.0,2026-01-19T18:57:45.531,"Any[53, 45, 37, 30, 25, 19, 11, 6, 1]",53,1
1051,2026-01-24T13:20:00.0,2026-02-02T18:57:45.531,"Any[53, 45, 37, 30, 25]",53,25
1066,2026-01-24T13:20:00.0,2026-02-02T18:57:45.531,"Any[8, 13, 19, 25, 30, 37, 45, 56]",8,56
1071,2026-01-24T13:20:00.0,2026-02-02T18:57:45.531,"Any[64, 60, 53, 45, 37, 30, 25, 19, 11, 6, 1]",64,1
1079,2026-01-24T13:20:00.0,2026-01-12T18:57:45.531,"Any[53, 45, 37, 30, 25, 19, 11, 6, 1]",53,1
1084,2026-01-24T13:20:00.0,2026-01-19T18:57:45.531,"Any[19, 25, 30, 37, 45, 53]",19,53
1085,2026-01-24T13:20:00.0,2026-02-02T18:57:45.531,"Any[8, 13, 19, 25, 30, 37, 45, 56]",8,56
1086,2026-01-24T13:20:00.0,2026-01-26T18:57:45.531,"Any[19, 25, 30, 37, 45, 53, 60]",19,60
1087,2026-01-24T13:20:00.0,2026-01-26T18:57:45.531,"Any[10, 19, 25, 30, 37, 45, 53]",10,53
1103,2026-01-24T13:20:00.0,2026-01-12T18:57:45.531,"Any[6, 11, 19, 25, 30, 37, 45]",6,45
1119,2026-01-24T13:20:00.0,2026-01-26T18:57:45.531,"Any[53, 45, 37, 30, 25, 19, 10]",53,10
1137,2026-01-24T13:20:00.0,2026-01-19T18:57:45.531,"Any[1, 6, 11, 25, 30, 37, 45, 53]",1,53
1138,2026-01-24T13:20:00.0,2026-02-02T18:57:45.531,"Any[19, 25, 30, 37, 45, 53]",19,53
1139,2026-01-24T13:20:00.0,2026-01-19T18:57:45.531,"Any[53, 45, 37, 30, 25, 19, 11, 6, 1]",53,1
1146,2026-01-24T13:20:00.0,2026-02-02T18:57:45.531,"Any[25, 30, 37, 45, 53]",25,53
1151,2026-01-24T13:20:00.0,2026-01-19T18:57:45.531,"Any[10, 19, 25, 30, 37, 45, 56]",10,56
1162,2026-01-24T13:20:00.0,2026-02-02T18:57:45.531,"Any[19, 25, 30, 37, 45, 53]",19,53
1170,2026-01-24T13:20:00.0,2026-02-02T18:57:45.531,"Any[53, 45, 37, 30, 25, 19, 11, 6, 1]",53,1
1171,2026-01-24T13:20:00.0,2026-01-26T18:57:45.531,"Any[60, 56, 45, 37, 30, 25, 19, 11, 6]",60,6
1177,2026-01-24T13:20:00.0,2026-01-26T18:57:45.531,"Any[56, 45, 37, 30, 25, 19, 11, 6, 1]",56,1
1186,2026-01-24T13:20:00.0,2026-02-02T18:57:45.531,"Any[60, 56, 45, 37, 30, 25, 19, 11, 6, 1]",60,1
1199,2026-01-24T13:20:00.0,2026-01-26T18:57:45.531,"Any[8, 13, 19, 25, 30, 37, 45, 56]",8,56
1209,2026-01-24T13:20:00.0,2026-01-19T18:57:45.531,"Any[60, 53, 45, 37, 30, 25, 19, 11, 6, 1]",60,1
1210,2026-01-24T13:20:00.0,2026-02-02T18:57:45.531,"Any[53, 45, 37, 30, 25, 19, 10]",53,10
1211,2026-01-24T13:20:00.0,2026-01-19T18:57:45.531,"Any[53, 45, 37, 30, 25, 19, 10]",53,10
1221,2026-01-24T13:20:00.0,2026-01-19T18:57:45.531,"Any[56, 45, 37, 30, 25, 19, 13, 8]",56,8
1222,2026-01-24T13:20:00.0,2026-01-26T18:57:45.531,"Any[62, 56, 45, 37, 30, 25, 19]",62,19
1224,2026-01-24T13:20:00.0,2026-01-12T18:57:45.531,"Any[8, 13, 19, 25, 30, 37, 45, 53]",8,53
1231,2026-01-24T13:20:00.0,2026-01-26T18:57:45.531,"Any[60, 53, 45, 37, 30, 25, 19, 10]",60,10
1234,2026-01-24T13:20:00.0,2026-01-19T18:57:45.531,"Any[6, 11, 19, 25, 30, 37, 45, 56]",6,56
1247,2026-01-24T13:20:00.0,2026-01-26T18:57:45.531,"Any[10, 19, 25, 30, 37, 45, 53]",10,53
1249,2026-01-24T13:20:00.0,2026-02-02T18:57:45.531,"Any[8, 13, 19, 25, 30, 37, 45, 56]",8,56
1268,2026-01-24T13:20:00.0,2026-01-12T18:57:45.531,"Any[53, 45, 37, 30, 25, 19, 13, 8]",53,8
1271,2026-01-24T13:20:00.0,2026-01-12T18:57:45.531,"Any[56, 45, 37, 30, 25, 19, 13, 8]",56,8
1273,2026-01-24T13:20:00.0,2026-01-12T18:57:45.531,"Any[7, 8, 13, 19, 25, 30, 37, 45, 53, 60]",7,60
1282,2026-01-24T13:20:00.0,2026-02-02T18:57:45.531,"Any[19, 25, 30, 37, 45, 56]",19,56
1285,2026-01-24T13:20:00.0,2026-01-12T18:57:45.531,"Any[8, 13, 19, 25, 30, 37, 45, 56]",8,56
1289,2026-01-24T13:20:00.0,2026-01-12T18:57:45.531,"Any[56, 45, 37, 30, 25, 19, 13, 8]",56,8
1290,2026-01-24T13:20:00.0,2026-01-26T18:57:45.531,"Any[1, 6, 11, 19, 25, 30, 37, 45, 56]",1,56
1305,2026-01-24T13:20:00.0,2026-02-02T18:57:45.531,"Any[56, 45, 37, 30, 25, 19, 11, 6]",56,6
1306,2026-01-24T13:20:00.0,2026-01-19T18:57:45.531,"Any[53, 45, 37, 30, 25, 19, 13, 8]",53,8
1309,2026-01-24T13:20:00.0,2026-01-19T18:57:45.531,"Any[6, 11, 16, 25, 30, 37, 45]",6,45
1312,2026-01-24T13:20:00.0,2026-01-19T18:57:45.531,"Any[6, 11, 16, 25, 30, 37, 45]",6,45
1322,2026-01-24T13:20:00.0,2026-02-02T18:57:45.531,"Any[10, 19, 25, 30, 37, 45, 53]",10,53
1325,2026-01-24T13:20:00.0,2026-01-19T18:57:45.531,"Any[53, 45, 37, 30, 25, 19, 11, 6]",53,6
1337,2026-01-24T13:20:00.0,2026-01-19T18:57:45.531,"Any[56, 45, 37, 30, 25, 19, 13, 8]",56,8
1338,2026-01-24T13:20:00.0,2026-02-02T18:57:45.531,"Any[1, 6, 11, 19, 25, 30, 37, 45, 53]",1,53
1340,2026-01-24T13:20:00.0,2026-01-26T18:57:45.531,"Any[6, 11, 16, 25, 30, 37, 45]",6,45
1342,2026-01-24T13:20:00.0,2026-01-26T18:57:45.531,"Any[45, 37, 30, 25]",45,25
1343,2026-01-24T13:20:00.0,2026-01-26T18:57:45.531,"Any[56, 45, 37, 30, 25, 19, 13, 8, 7]",56,7
1355,2026-01-24T13:20:00.0,2026-01-12T18:57:45.531,"Any[8, 13, 19, 25, 30, 37, 45, 56]",8,56
1360,2026-01-24T13:20:00.0,2026-01-26T18:57:45.531,"Any[56, 45, 37, 30, 25]",56,25
1381,2026-01-24T13:20:00.0,2026-02-02T18:57:45.531,"Any[3, 10, 19, 25, 30, 37, 45, 53]",3,53
1391,2026-01-24T13:20:00.0,2026-01-26T18:57:45.531,"Any[3, 10, 19, 25, 30, 37, 45, 53]",3,53
1392,2026-01-24T13:20:00.0,2026-01-19T18:57:45.531,"Any[3, 10, 19, 25, 30, 37, 45, 53]",3,53
1396,2026-01-24T13:20:00.0,2026-01-19T18:57:45.531,"Any[56, 45, 37, 30, 25, 19, 11, 6]",56,6
1399,2026-01-24T13:20:00.0,2026-01-12T18:57:45.531,"Any[6, 11, 19, 25, 30, 37, 45, 56]",6,56
1402,2026-01-24T13:20:00.0,2026-02-02T18:57:45.531,"Any[6, 11, 19, 25, 30, 37, 45, 53]",6,53
1404,2026-01-24T13:20:00.0,2026-01-19T18:57:45.531,"Any[53, 45, 37, 30, 25, 19, 13, 8]",53,8
1412,2026-01-24T13:20:00.0,2026-01-19T18:57:45.531,"Any[64, 60, 56, 45, 37, 30, 25, 19, 13, 8]",64,8
1413,2026-01-24T13:20:00.0,2026-01-19T18:57:45.531,"Any[1, 6, 11, 19, 25, 30, 37, 45, 56]",1,56
1419,2026-01-24T13:20:00.0,2026-01-12T18:57:45.531,"Any[10, 19, 25, 30, 37, 45, 53]",10,53
1421,2026-01-24T13:20:00.0,2026-01-19T18:57:45.531,"Any[53, 45, 37, 30, 25, 19, 10]",53,10
1422,2026-01-24T13:20:00.0,2026-01-26T18:57:45.531,"Any[7, 8, 13, 19, 25, 30, 37, 45, 53, 60]",7,60
1423,2026-01-24T13:20:00.0,2026-02-02T18:57:45.531,"Any[53, 45, 37, 30, 25, 19, 13, 8]",53,8
1427,2026-01-24T13:20:00.0,2026-01-26T18:57:45.531,"Any[56, 45, 37, 30, 25, 19, 13, 8]",56,8
1434,2026-01-24T13:20:00.0,2026-01-26T18:57:45.531,"Any[19, 25, 30, 37, 45, 56]",19,56
1436,2026-01-24T13:20:00.0,2026-02-02T18:57:45.531,"Any[10, 19, 25, 30, 37, 45, 53, 60]",10,60
1445,2026-01-24T13:20:00.0,2026-02-02T18:57:45.531,"Any[56, 45, 37, 30, 25, 19, 13, 8]",56,8
1448,2026-01-24T13:20:00.0,2026-01-19T18:57:45.531,"Any[56, 45, 37, 30, 25]",56,25
1454,2026-01-24T13:20:00.0,2026-01-26T18:57:45.531,"Any[53, 45, 37, 30, 25, 19, 10]",53,10
1462,2026-01-24T13:20:00.0,2026-01-12T18:57:45.531,"Any[19, 25, 30, 37, 45, 53]",19,53
1467,2026-01-24T13:20:00.0,2026-01-12T18:57:45.531,"Any[53, 45, 37, 30, 25, 19, 11, 6, 1]",53,1
1473,2026-01-24T13:20:00.0,2026-02-02T18:57:45.531,"Any[8, 13, 19, 25, 30, 37, 45, 56]",8,56
1475,2026-01-24T13:20:00.0,2026-02-02T18:57:45.531,"Any[6, 11, 19, 25, 30, 37, 45, 53]",6,53
1483,2026-01-24T13:20:00.0,2026-01-12T18:57:45.531,"Any[53, 45, 37, 30, 25, 19, 10]",53,10
1491,2026-01-24T13:20:00.0,2026-02-02T18:57:45.531,"Any[1, 6, 11, 19, 25, 30, 37, 45, 53]",1,53
1493,2026-01-24T13:20:00.0,2026-01-12T18:57:45.531,"Any[56, 45, 37, 30, 25, 19]",56,19
1496,2026-01-24T13:20:00.0,2026-01-19T18:57:45.531,"Any[6, 11, 19, 25, 30, 37, 45]",6,45
1519,2026-01-24T13:20:00.0,2026-01-26T18:57:45.531,"Any[10, 19, 25, 30, 37, 45, 56]",10,56
1524,2026-01-24T13:20:00.0,2026-01-12T18:57:45.531,"Any[8, 13, 19, 25, 30, 37, 45, 56]",8,56
1532,2026-01-24T13:20:00.0,2026-01-19T18:57:45.531,"Any[53, 45, 37, 30, 25, 19, 13, 8]",53,8
1533,2026-01-24T13:20:00.0,2026-01-19T18:57:45.531,"Any[60, 53, 45, 37, 30, 25, 19, 11, 6, 1]",60,1
1534,2026-01-24T13:20:00.0,2026-01-12T18:57:45.531,"Any[64, 53, 45, 37, 30, 25, 19, 10]",64,10
1535,2026-01-24T13:20:00.0,2026-01-12T18:57:45.531,"Any[53, 45, 37, 30, 25, 19, 11, 6, 1]",53,1
1536,2026-01-24T13:20:00.0,2026-01-19T18:57:45.531,"Any[60, 56, 45, 37, 30, 25, 19, 11, 6]",60,6
1542,2026-01-24T13:20:00.0,2026-02-02T18:57:45.531,"Any[19, 25, 30, 37, 45, 56, 60, 60, 64]",19,60
1543,2026-01-24T13:20:00.0,2026-01-26T18:57:45.531,"Any[25, 30, 37, 45, 53, 60]",25,60
1545,2026-01-24T13:20:00.0,2026-01-26T18:57:45.531,"Any[10, 19, 25, 30, 37, 45, 53]",10,53
1547,2026-01-24T13:20:00.0,2026-01-26T18:57:45.531,"Any[8, 13, 19, 25, 30, 37, 45, 56]",8,56
1550,2026-01-24T13:20:00.0,2026-01-26T18:57:45.531,"Any[1, 6, 11, 19, 25, 30, 37, 45, 56]",1,56
1551,2026-01-24T13:20:00.0,2026-01-12T18:57:45.531,"Any[60, 56, 45, 37, 30, 25, 19, 11, 10]",60,10
1554,2026-01-24T13:20:00.0,2026-01-19T18:57:45.531,"Any[19, 25, 30, 37, 45, 53]",19,53
1559,2026-01-24T13:20:00.0,2026-02-02T18:57:45.531,"Any[60, 56, 45, 37, 30, 25, 19]",60,19
1563,2026-01-24T13:20:00.0,2026-01-19T18:57:45.531,"Any[60, 56, 45, 37, 30, 25, 19]",60,19
1565,2026-01-24T13:20:00.0,2026-01-12T18:57:45.531,"Any[17, 25, 30, 37, 45, 53, 60]",17,60
1567,2026-01-24T13:20:00.0,2026-01-19T18:57:45.531,"Any[16, 25, 30, 37, 45, 53]",16,53
1570,2026-01-24T13:20:00.0,2026-02-02T18:57:45.531,"Any[19, 25, 30, 37, 30, 37, 45, 53]",19,53
1572,2026-01-24T13:20:00.0,2026-01-26T18:57:45.531,"Any[6, 11, 19, 25, 30, 37, 45, 53]",6,53
1577,2026-01-24T13:20:00.0,2026-01-12T18:57:45.531,"Any[53, 45, 37, 30, 25, 19, 10]",53,10
1579,2026-01-24T13:20:00.0,2026-01-19T18:57:45.531,"Any[10, 19, 25, 30, 37, 45, 56]",10,56
1580,2026-01-24T13:20:00.0,2026-01-26T18:57:45.531,"Any[3, 10, 19, 25, 30, 37, 45, 53]",3,53
1581,2026-01-24T13:20:00.0,2026-01-12T18:57:45.531,"Any[56, 45, 37, 30, 25, 19, 11, 6]",56,6
1582,2026-01-24T13:20:00.0,2026-01-19T18:57:45.531,"Any[25, 30, 37, 45]",25,45
1586,2026-01-24T13:20:00.0,2026-02-02T18:57:45.531,"Any[8, 13, 19, 25, 30, 37, 45, 56]",8,56
1587,2026-01-24T13:20:00.0,2026-01-12T18:57:45.531,"Any[53, 45, 37, 30, 25, 19, 11, 6, 1]",53,1
1590,2026-01-24T13:20:00.0,2026-01-19T18:57:45.531,"Any[53, 45, 37, 30, 25, 19, 10]",53,10
1595,2026-01-24T13:20:00.0,2026-02-02T18:57:45.531,"Any[60, 56, 45, 37, 30, 25, 19, 11, 6]",60,6
1606,2026-01-24T13:20:00.0,2026-01-12T18:57:45.531,"Any[6, 11, 19, 25, 30, 37, 45, 56]",6,56
1610,2026-01-24T13:20:00.0,2026-01-12T18:57:45.531,"Any[60, 53, 45, 37, 30, 25, 19, 13, 8]",60,8
1611,2026-01-24T13:20:00.0,2026-01-26T18:57:45.531,"Any[8, 13, 19, 25, 30, 37, 45, 56]",8,56
1612,2026-01-24T13:20:00.0,2026-02-02T18:57:45.531,"Any[6, 11, 19, 25, 30, 37, 45]",6,45
1619,2026-01-24T13:20:00.0,2026-01-12T18:57:45.531,"Any[1, 6, 11, 19, 25, 30, 37, 45, 56, 60]",1,60
1624,2026-01-24T13:20:00.0,2026-01-26T18:57:45.531,"Any[6, 11, 19, 25, 30, 37, 45]",6,45
1627,2026-01-24T13:20:00.0,2026-01-26T18:57:45.531,"Any[64, 60, 53, 45, 37, 30, 25, 19, 11, 6, 1]",64,1
1629,2026-01-24T13:20:00.0,2026-01-26T18:57:45.531,"Any[7, 8, 13, 19, 25, 30, 37, 45, 53]",7,53
1631,2026-01-24T13:20:00.0,2026-01-19T18:57:45.531,"Any[10, 19, 25, 30, 37, 45, 53]",10,53
1632,2026-01-24T13:20:00.0,2026-01-19T18:57:45.531,"Any[8, 13, 19, 25, 30, 37, 45, 56]",8,56
1636,2026-01-24T13:20:00.0,2026-01-19T18:57:45.531,"Any[5, 6, 11, 19, 25, 30, 37, 45]",5,45
1638,2026-01-24T13:20:00.0,2026-01-12T18:57:45.531,"Any[53, 45, 37, 30, 25, 19, 10]",53,10
1645,2026-01-24T13:20:00.0,2026-01-26T18:57:45.531,"Any[53, 45, 37, 30, 25, 19, 10]",53,10
1653,2026-01-24T13:20:00.0,2026-02-02T18:57:45.531,"Any[64, 60, 53, 45, 37, 30, 25, 19, 10]",64,10
1656,2026-01-24T13:20:00.0,2026-02-02T18:57:45.531,"Any[53, 45, 37, 30, 25, 19, 11, 6, 5]",53,5
1659,2026-01-24T13:20:00.0,2026-01-19T18:57:45.531,"Any[53, 45, 37, 30, 25]",53,25
1662,2026-01-24T13:20:00.0,2026-01-26T18:57:45.531,"Any[53, 45, 37, 30, 25, 19, 10]",53,10
1675,2026-01-24T13:20:00.0,2026-01-19T18:57:45.531,"Any[53, 45, 37, 30, 25, 19, 13, 8]",53,8
1689,2026-01-24T13:20:00.0,2026-01-12T18:57:45.531,"Any[6, 11, 19, 25, 30, 37, 45]",6,45
1697,2026-01-24T13:20:00.0,2026-01-12T18:57:45.531,"Any[19, 25, 30, 37, 45, 53]",19,53
1704,2026-01-24T13:20:00.0,2026-01-12T18:57:45.531,"Any[53, 45, 37, 30, 25, 19, 13, 8]",53,8
1718,2026-01-24T13:20:00.0,2026-01-26T18:57:45.531,"Any[56, 45, 37, 30, 25, 19, 13, 8]",56,8
1719,2026-01-24T13:20:00.0,2026-01-26T18:57:45.531,"Any[53, 45, 37, 30, 25, 19, 11, 6, 1]",53,1
1721,2026-01-24T13:20:00.0,2026-01-12T18:57:45.531,"Any[53, 45, 37, 30, 25, 19, 10]",53,10
1736,2026-01-24T13:20:00.0,2026-02-02T18:57:45.531,"Any[53, 45, 37, 30, 25]",53,25
1738,2026-01-24T13:20:00.0,2026-02-02T18:57:45.531,"Any[56, 45, 37, 30, 25, 19]",56,19
1741,2026-01-24T13:20:00.0,2026-02-02T18:57:45.531,"Any[53, 45, 37, 30, 25, 19, 11, 6, 1]",53,1
1747,2026-01-24T13:20:00.0,2026-02-02T18:57:45.531,"Any[53, 45, 37, 30, 25, 19, 10]",53,10
1749,2026-01-24T13:20:00.0,2026-02-02T18:57:45.531,"Any[8, 13, 19, 25, 30, 37, 45, 53]",8,53
1763,2026-01-24T13:20:00.0,2026-01-26T18:57:45.531,"Any[45, 37, 30, 25]",45,25
1767,2026-01-24T13:20:00.0,2026-01-19T18:57:45.531,"Any[56, 45, 37, 30, 25, 19, 13, 8]",56,8
1774,2026-01-24T13:20:00.0,2026-02-02T18:57:45.531,"Any[16, 25, 30, 37, 45, 53]",16,53
1778,2026-01-24T13:20:00.0,2026-01-19T18:57:45.531,"Any[6, 11, 19, 25, 30, 37, 45]",6,45
1781,2026-01-24T13:20:00.0,2026-01-26T18:57:45.531,"Any[60, 56, 45, 37, 30, 25, 19, 11, 6, 1]",60,1
1792,2026-01-24T13:20:00.0,2026-01-12T18:57:45.531,"Any[56, 45, 37, 30, 25, 19, 11, 6]",56,6
1802,2026-01-24T13:20:00.0,2026-01-26T18:57:45.531,"Any[53, 45, 37, 30, 25, 19, 10]",53,10
1810,2026-01-24T13:20:00.0,2026-01-12T18:57:45.531,"Any[10, 19, 25, 30, 37, 45, 53]",10,53
1817,2026-01-24T13:20:00.0,2026-01-26T18:57:45.531,"Any[60, 53, 45, 37, 30, 25]",60,25
1832,2026-01-24T13:20:00.0,2026-01-12T18:57:45.531,"Any[3, 10, 19, 25, 30, 37, 45, 53]",3,53
1857,2026-01-24T13:20:00.0,2026-01-26T18:57:45.531,"Any[19, 25, 30, 37, 45, 56]",19,56
1858,2026-01-24T13:20:00.0,2026-01-19T18:57:45.531,"Any[10, 19, 25, 30, 37, 45]",10,45
1862,2026-01-24T13:20:00.0,2026-01-12T18:57:45.531,"Any[7, 8, 13, 19, 25, 30, 37, 45, 53]",7,53
1863,2026-01-24T13:20:00.0,2026-01-26T18:57:45.531,"Any[53, 45, 37, 30, 25, 19, 10]",53,10
1865,2026-01-24T13:20:00.0,2026-01-26T18:57:45.531,"Any[6, 11, 19, 25, 30, 37, 45]",6,45
1866,2026-01-24T13:20:00.0,2026-01-19T18:57:45.531,"Any[8, 13, 19, 25, 30, 37, 45, 56]",8,56
1870,2026-01-24T13:20:00.0,2026-01-19T18:57:45.531,"Any[6, 11, 19, 25, 30, 37, 45]",6,45
1871,2026-01-24T13:20:00.0,2026-01-12T18:57:45.531,"Any[6, 11, 16, 25, 30, 37, 45, 56]",6,56
1873,2026-01-24T13:20:00.0,2026-02-02T18:57:45.531,"Any[64, 60, 53, 45, 37, 30, 25, 19, 11, 6, 1]",64,1
1880,2026-01-24T13:20:00.0,2026-01-12T18:57:45.531,"Any[53, 45, 37, 30, 25, 19, 11, 6, 1]",53,1
1881,2026-01-24T13:20:00.0,2026-01-26T18:57:45.531,"Any[64, 60, 56, 45, 37, 30, 25, 19, 13, 8]",64,8
1890,2026-01-24T13:20:00.0,2026-01-26T18:57:45.531,"Any[64, 60, 53, 45, 37, 30, 25, 19, 10]",64,10
1893,2026-01-24T13:20:00.0,2026-01-19T18:57:45.531,"Any[6, 11, 19, 25, 30, 37, 45, 56, 60]",6,60
1896,2026-01-24T13:20:00.0,2026-02-02T18:57:45.531,"Any[45, 37, 30, 25]",45,25
1897,2026-01-24T13:20:00.0,2026-01-12T18:57:45.531,"Any[19, 25, 30, 37, 45, 53]",19,53
1904,2026-01-24T13:20:00.0,2026-01-26T18:57:45.531,"Any[8, 13, 19, 25, 30, 37, 45, 56]",8,56
1908,2026-01-24T13:20:00.0,2026-01-26T18:57:45.531,"Any[53, 45, 37, 30, 25]",53,25
1913,2026-01-24T13:20:00.0,2026-01-19T18:57:45.531,"Any[19, 25, 30, 37, 45, 53]",19,53
1922,2026-01-24T13:20:00.0,2026-02-02T18:57:45.531,"Any[53, 45, 37, 30, 25, 19, 13, 8]",53,8
1924,2026-01-24T13:20:00.0,2026-01-12T18:57:45.531,"Any[1, 6, 11, 19, 25, 30, 37, 45, 53]",1,53
1954,2026-01-24T13:20:00.0,2026-01-26T18:57:45.531,"Any[1, 6, 11, 25, 30, 37, 45, 53]",1,53
1956,2026-01-24T13:20:00.0,2026-01-26T18:57:45.531,"Any[8, 13, 19, 25, 30, 37, 45, 53]",8,53
1957,2026-01-24T13:20:00.0,2026-01-12T18:57:45.531,"Any[19, 17, 25, 30, 37, 45, 53, 60]",19,60
1968,2026-01-24T13:20:00.0,2026-01-19T18:57:45.531,"Any[8, 13, 19, 25, 30, 37, 45, 56]",8,56
1978,2026-01-24T13:20:00.0,2026-01-12T18:57:45.531,"Any[60, 56, 45, 37, 30, 25, 19]",60,19
1987,2026-01-24T13:20:00.0,2026-01-19T18:57:45.531,"Any[1, 6, 11, 19, 25, 30, 37, 45, 56]",1,56
1988,2026-01-24T13:20:00.0,2026-02-02T18:57:45.531,"Any[9, 15, 26, 31, 36, 44, 54]",9,54
1991,2026-01-24T13:20:00.0,2026-01-26T18:57:45.531,"Any[10, 19, 25, 30, 37, 45, 53]",10,53
2000,2026-01-24T13:20:00.0,2026-01-26T18:57:45.531,"Any[60, 53, 45, 37, 30, 25, 19]",60,19
2007,2026-01-24T13:20:00.0,2026-01-26T18:57:45.531,"Any[1, 6, 11, 19, 25, 30, 37, 45, 56]",1,56
2023,2026-01-24T13:20:00.0,2026-01-19T18:57:45.531,"Any[17, 25, 30, 37, 45, 53, 60]",17,60
2031,2026-01-24T13:20:00.0,2026-02-02T18:57:45.531,"Any[25, 30, 37, 45, 56]",25,56
2033,2026-01-24T13:20:00.0,2026-01-19T18:57:45.531,"Any[60, 56, 45, 37, 30, 25, 19, 11, 6]",60,6
2037,2026-01-24T13:20:00.0,2026-01-12T18:57:45.531,"Any[19, 25, 30, 37, 45, 56]",19,56
2044,2026-01-24T13:20:00.0,2026-01-19T18:57:45.531,"Any[1, 6, 11, 19, 25, 30, 37, 45, 56]",1,56
2063,2026-01-24T13:20:00.0,2026-01-19T18:57:45.531,"Any[1, 6, 11, 19, 25, 30, 37, 45, 56, 60]",1,60
2066,2026-01-24T13:20:00.0,2026-01-19T18:57:45.531,"Any[7, 8, 13, 19, 25, 30, 37, 45, 53, 60]",7,60
2068,2026-01-24T13:20:00.0,2026-01-19T18:57:45.531,"Any[56, 45, 37, 30, 25, 19, 13, 8]",56,8
2071,2026-01-24T13:20:00.0,2026-01-26T18:57:45.531,"Any[56, 45, 37, 30, 25]",56,25
2072,2026-01-24T13:20:00.0,2026-01-19T18:57:45.531,"Any[53, 45, 37, 30, 25, 19, 13, 8]",53,8
2075,2026-01-24T13:20:00.0,2026-01-26T18:57:45.531,"Any[53, 45, 37, 30, 25]",53,25
2081,2026-01-24T13:20:00.0,2026-02-02T18:57:45.531,"Any[10, 19, 25, 30, 37, 45]",10,45
2088,2026-01-24T13:20:00.0,2026-01-26T18:57:45.531,"Any[53, 45, 37, 30, 25, 19]",53,19
2092,2026-01-24T13:20:00.0,2026-01-19T18:57:45.531,"Any[56, 45, 37, 30, 25, 19, 11, 6, 1]",56,1
2094,2026-01-24T13:20:00.0,2026-01-26T18:57:45.531,"Any[56, 45, 37, 30, 25, 19, 13, 8]",56,8
2095,2026-01-24T13:20:00.0,2026-01-19T18:57:45.531,"Any[19, 25, 30, 37, 45, 53]",19,53
2101,2026-01-24T13:20:00.0,2026-01-19T18:57:45.531,"Any[16, 25, 30, 37, 45, 53, 60]",16,60
2114,2026-01-24T13:20:00.0,2026-01-12T18:57:45.531,"Any[19, 25, 30, 37, 45, 56]",19,56
2115,2026-01-24T13:20:00.0,2026-02-02T18:57:45.531,"Any[8, 13, 19, 25, 30, 37, 45, 53]",8,53
2119,2026-01-24T13:20:00.0,2026-01-12T18:57:45.531,"Any[7, 8, 13, 19, 25, 30, 37, 45, 53]",7,53
2120,2026-01-24T13:20:00.0,2026-01-12T18:57:45.531,"Any[54, 44, 36, 23, 19, 13, 8]",54,8
2121,2026-01-24T13:20:00.0,2026-01-12T18:57:45.531,"Any[19, 25, 30, 37, 45, 53]",19,53
2122,2026-01-24T13:20:00.0,2026-01-12T18:57:45.531,"Any[8, 13, 19, 25, 30, 37, 45, 56]",8,56
2123,2026-01-24T13:20:00.0,2026-02-02T18:57:45.531,"Any[45, 37, 30, 25, 19, 10]",45,10
2129,2026-01-24T13:20:00.0,2026-02-02T18:57:45.531,"Any[19, 25, 30, 37, 45, 56]",19,56
2133,2026-01-24T13:20:00.0,2026-01-19T18:57:45.531,"Any[5, 6, 11, 19, 25, 30, 37, 45, 56]",5,56
2135,2026-01-24T13:20:00.0,2026-01-12T18:57:45.531,"Any[19, 25, 30, 37, 45, 53]",19,53
2146,2026-01-24T13:20:00.0,2026-01-19T18:57:45.531,"Any[60, 56, 45, 37, 30, 25, 19, 11, 6]",60,6
2149,2026-01-24T13:20:00.0,2026-02-02T18:57:45.531,"Any[64, 60, 53, 45, 37, 30, 25, 19, 10]",64,10
2158,2026-01-24T13:20:00.0,2026-01-26T18:57:45.531,"Any[53, 45, 37, 30, 25, 19, 11, 6]",53,6
2160,2026-01-24T13:20:00.0,2026-01-19T18:57:45.531,"Any[16, 25, 30, 37, 45, 53]",16,53
2161,2026-01-24T13:20:00.0,2026-01-19T18:57:45.531,"Any[45, 37, 30, 25, 19]",45,19
2162,2026-01-24T13:20:00.0,2026-01-12T18:57:45.531,"Any[10, 19, 25, 30, 37, 45, 53, 60]",10,60
2163,2026-01-24T13:20:00.0,2026-01-19T18:57:45.531,"Any[10, 19, 25, 30, 37, 45]",10,45
2164,2026-01-24T13:20:00.0,2026-01-12T18:57:45.531,"Any[60, 56, 45, 37, 30, 25]",60,25
2166,2026-01-24T13:20:00.0,2026-01-12T18:57:45.531,"Any[53, 45, 37, 30, 25, 19, 11, 6, 1]",53,1
2169,2026-01-24T13:20:00.0,2026-02-02T18:57:45.531,"Any[8, 13, 19, 25, 30, 37, 45, 56]",8,56
2175,2026-01-24T13:20:00.0,2026-01-12T18:57:45.531,"Any[60, 53, 45, 37, 30, 25, 19, 11, 6]",60,6
2176,2026-01-24T13:20:00.0,2026-02-02T18:57:45.531,"Any[1, 6, 11, 16, 25, 30, 37, 45, 56, 60]",1,60
2182,2026-01-24T13:20:00.0,2026-01-26T18:57:45.531,"Any[60, 56, 45, 37, 30, 25, 19, 11, 6]",60,6
2196,2026-01-24T13:20:00.0,2026-01-26T18:57:45.531,"Any[1, 6, 11, 19, 25, 30, 37, 45, 53]",1,53
2199,2026-01-24T13:20:00.0,2026-01-12T18:57:45.531,"Any[53, 45, 37, 30, 25, 19]",53,19
2200,2026-01-24T13:20:00.0,2026-02-02T18:57:45.531,"Any[10, 19, 25, 30, 37, 45, 53]",10,53
2205,2026-01-24T13:20:00.0,2026-01-12T18:57:45.531,"Any[53, 45, 37, 30, 25, 19, 11, 6, 1]",53,1
2209,2026-01-24T13:20:00.0,2026-02-02T18:57:45.531,"Any[60, 56, 45, 37, 30, 25, 19, 11, 6]",60,6
2213,2026-01-24T13:20:00.0,2026-01-12T18:57:45.531,"Any[53, 45, 37, 30, 25, 19, 11, 6, 1]",53,1
2215,2026-01-24T13:20:00.0,2026-01-26T18:57:45.531,"Any[6, 11, 19, 25, 30, 37, 45, 56]",6,56
2229,2026-01-24T13:20:00.0,2026-01-19T18:57:45.531,"Any[1, 6, 11, 19, 25, 30, 37, 45, 56]",1,56
2230,2026-01-24T13:20:00.0,2026-01-12T18:57:45.531,"Any[56, 45, 37, 30, 25, 19, 11, 6]",56,6
2231,2026-01-24T13:20:00.0,2026-01-19T18:57:45.531,"Any[53, 45, 37, 30, 25, 19, 11, 6, 5]",53,5
2245,2026-01-24T13:20:00.0,2026-01-19T18:57:45.531,"Any[64, 53, 45, 37, 30, 25, 19, 10]",64,10
2247,2026-01-24T13:20:00.0,2026-02-02T18:57:45.531,"Any[64, 60, 53, 45, 37, 30, 25, 19, 11, 6, 1]",64,1
2258,2026-01-24T13:20:00.0,2026-01-19T18:57:45.531,"Any[60, 53, 45, 37, 30, 25]",60,25
2266,2026-01-24T13:20:00.0,2026-01-12T18:57:45.531,"Any[53, 45, 37, 30, 25, 19, 10]",53,10
2267,2026-01-24T13:20:00.0,2026-01-19T18:57:45.531,"Any[53, 45, 37, 30, 25, 19, 10]",53,10
2279,2026-01-24T13:20:00.0,2026-01-26T18:57:45.531,"Any[25, 30, 37, 45, 53, 60]",25,60
2292,2026-01-24T13:20:00.0,2026-01-26T18:57:45.531,"Any[8, 13, 19, 25, 30, 37, 45, 53]",8,53
2299,2026-01-24T13:20:00.0,2026-01-12T18:57:45.531,"Any[53, 45, 37, 30, 25, 19, 11, 6, 1]",53,1
2302,2026-01-24T13:20:00.0,2026-01-12T18:57:45.531,"Any[7, 8, 13, 19, 25, 30, 37, 45, 53]",7,53
2304,2026-01-24T13:20:00.0,2026-01-19T18:57:45.531,"Any[1, 6, 11, 19, 25, 30, 37, 45, 56]",1,56
2310,2026-01-24T13:20:00.0,2026-01-12T18:57:45.531,"Any[53, 45, 37, 30, 25, 19, 11, 6, 1]",53,1
2311,2026-01-24T13:20:00.0,2026-01-12T18:57:45.531,"Any[53, 45, 37, 30, 25, 19, 10]",53,10
2315,2026-01-24T13:20:00.0,2026-01-26T18:57:45.531,"Any[10, 19, 25, 30, 37, 45, 53]",10,53
2322,2026-01-24T13:20:00.0,2026-01-19T18:57:45.531,"Any[8, 13, 19, 25, 30, 37, 45, 53]",8,53
2330,2026-01-24T13:20:00.0,2026-01-26T18:57:45.531,"Any[53, 45, 37, 30, 25, 19, 13, 8]",53,8
2345,2026-01-24T13:20:00.0,2026-01-26T18:57:45.531,"Any[60, 53, 45, 37, 30, 25]",60,25
2350,2026-01-24T13:20:00.0,2026-01-26T18:57:45.531,"Any[19, 25, 30, 37, 45, 53]",19,53
2354,2026-01-24T13:20:00.0,2026-01-12T18:57:45.531,"Any[60, 56, 45, 37, 30, 25, 19, 17, 19, 11, 6]",60,6
2359,2026-01-24T13:20:00.0,2026-01-19T18:57:45.531,"Any[10, 19, 25, 30, 37, 45, 53]",10,53
2360,2026-01-24T13:20:00.0,2026-02-02T18:57:45.531,"Any[10, 19, 25, 30, 37, 45, 53]",10,53
2366,2026-01-24T13:20:00.0,2026-01-26T18:57:45.531,"Any[8, 13, 19, 25, 30, 37, 45, 56]",8,56
2370,2026-01-24T13:20:00.0,2026-01-26T18:57:45.531,"Any[10, 19, 25, 30, 37, 45, 53]",10,53
2381,2026-01-24T13:20:00.0,2026-02-02T18:57:45.531,"Any[64, 60, 56, 45, 37, 30, 25, 19, 13, 8, 7, 8]",64,8
2395,2026-01-24T13:20:00.0,2026-02-02T18:57:45.531,"Any[53, 45, 37, 30, 25, 19, 10]",53,10
2399,2026-01-24T13:20:00.0,2026-01-26T18:57:45.531,"Any[64, 60, 53, 45, 37, 30, 25, 19, 11, 6, 1]",64,1
2401,2026-01-24T13:20:00.0,2026-01-19T18:57:45.531,"Any[53, 45, 37, 30, 25, 19, 11, 6, 1]",53,1
2403,2026-01-24T13:20:00.0,2026-02-02T18:57:45.531,"Any[60, 54, 44, 36, 31, 27, 21, 9]",60,9
2406,2026-01-24T13:20:00.0,2026-02-02T18:57:45.531,"Any[7, 8, 13, 19, 25, 30, 37, 45, 53]",7,53
2416,2026-01-24T13:20:00.0,2026-01-19T18:57:45.531,"Any[1, 6, 11, 16, 25, 30, 37, 45, 56, 60]",1,60
2427,2026-01-24T13:20:00.0,2026-01-12T18:57:45.531,"Any[6, 11, 16, 25, 30, 37, 45, 53]",6,53
2431,2026-01-24T13:20:00.0,2026-01-12T18:57:45.531,"Any[62, 56, 45, 37, 30, 25, 19, 13, 8]",62,8
2432,2026-01-24T13:20:00.0,2026-01-19T18:57:45.531,"Any[60, 53, 45, 37, 30, 25, 11, 6, 1]",60,1
2435,2026-01-24T13:20:00.0,2026-01-26T18:57:45.531,"Any[60, 56, 45, 37, 30, 25, 19]",60,19
2442,2026-01-24T13:20:00.0,2026-01-19T18:57:45.531,"Any[19, 25, 30, 37, 45, 56]",19,56
2449,2026-01-24T13:20:00.0,2026-01-12T18:57:45.531,"Any[1, 6, 11, 19, 25, 30, 37, 45, 56]",1,56
2452,2026-01-24T13:20:00.0,2026-02-02T18:57:45.531,"Any[6, 11, 19, 25, 30, 37, 45, 53]",6,53
2454,2026-01-24T13:20:00.0,2026-01-26T18:57:45.531,"Any[8, 13, 19, 25, 30, 37, 45, 56]",8,56
2461,2026-01-24T13:20:00.0,2026-02-02T18:57:45.531,"Any[56, 45, 37, 30, 25, 19, 13, 8]",56,8
2469,2026-01-24T13:20:00.0,2026-01-12T18:57:45.531,"Any[8, 13, 19, 25, 30, 37, 45, 56]",8,56
2471,2026-01-24T13:20:00.0,2026-01-19T18:57:45.531,"Any[16, 25, 30, 37, 45, 53]",16,53
2472,2026-01-24T13:20:00.0,2026-02-02T18:57:45.531,"Any[8, 13, 19, 25, 30, 37, 30, 37, 45, 53]",8,53
2478,2026-01-24T13:20:00.0,2026-01-26T18:57:45.531,"Any[53, 45, 37, 30, 25, 19, 11, 6]",53,6
2484,2026-01-24T13:20:00.0,2026-01-26T18:57:45.531,"Any[64, 53, 45, 37, 30, 25, 19, 10]",64,10
2500,2026-01-24T13:20:00.0,2026-02-02T18:57:45.531,"Any[56, 45, 37, 30, 25, 19]",56,19
2506,2026-01-24T13:20:00.0,2026-02-02T18:57:45.531,"Any[64, 60, 53, 45, 37, 30, 25, 19, 10]",64,10
2507,2026-01-24T13:20:00.0,2026-02-02T18:57:45.531,"Any[6, 11, 19, 25, 30, 37, 45]",6,45
2511,2026-01-24T13:20:00.0,2026-02-02T18:57:45.531,"Any[10, 19, 25, 30, 37, 45, 53]",10,53
2518,2026-01-24T13:20:00.0,2026-01-12T18:57:45.531,"Any[6, 11, 19, 25, 30, 37, 45]",6,45
2523,2026-01-24T13:20:00.0,2026-01-19T18:57:45.531,"Any[6, 11, 19, 25, 30, 37, 45]",6,45
2525,2026-01-24T13:20:00.0,2026-02-02T18:57:45.531,"Any[45, 37, 30, 25]",45,25
2526,2026-01-24T13:20:00.0,2026-01-12T18:57:45.531,"Any[53, 45, 37, 30, 25, 19, 10]",53,10
2537,2026-01-24T13:20:00.0,2026-01-19T18:57:45.531,"Any[1, 6, 11, 16, 25, 30, 37, 45, 56]",1,56
2559,2026-01-24T13:20:00.0,2026-01-26T18:57:45.531,"Any[53, 45, 37, 30, 25, 19, 13, 8]",53,8
2571,2026-01-24T13:20:00.0,2026-01-12T18:57:45.531,"Any[53, 45, 37, 30, 25, 19, 11, 6]",53,6
2586,2026-01-24T13:20:00.0,2026-01-26T18:57:45.531,"Any[10, 11, 19, 25, 30, 37, 45, 53]",10,53
2590,2026-01-24T13:20:00.0,2026-01-12T18:57:45.531,"Any[25, 30, 37, 45, 56]",25,56
2592,2026-01-24T13:20:00.0,2026-01-19T18:57:45.531,"Any[7, 8, 13, 19, 25, 30, 37, 45, 53, 60]",7,60
2595,2026-01-24T13:20:00.0,2026-01-12T18:57:45.531,"Any[8, 13, 19, 25, 30, 37, 45, 56]",8,56
2607,2026-01-24T13:20:00.0,2026-01-19T18:57:45.531,"Any[56, 45, 37, 30, 25, 19]",56,19
2608,2026-01-24T13:20:00.0,2026-01-19T18:57:45.531,"Any[56, 45, 37, 30, 25, 19]",56,19
2609,2026-01-24T13:20:00.0,2026-01-26T18:57:45.531,"Any[56, 45, 37, 30, 25, 19]",56,19
2610,2026-01-24T13:20:00.0,2026-02-02T18:57:45.531,"Any[56, 45, 37, 30, 25, 19]",56,19
2611,2026-01-24T13:20:00.0,2026-01-26T18:57:45.531,"Any[56, 45, 37, 30, 25, 19]",56,19
2619,2026-01-24T13:20:00.0,2026-01-19T18:57:45.531,"Any[56, 45, 37, 30, 25, 19]",56,19
2620,2026-01-24T13:20:00.0,2026-01-19T18:57:45.531,"Any[56, 45, 37, 30, 25, 19]",56,19
2623,2026-01-24T13:20:00.0,2026-01-19T18:57:45.531,"Any[56, 45, 37, 30, 25, 19]",56,19
2649,2026-01-24T13:20:00.0,2026-01-26T18:57:45.531,"Any[56, 45, 37, 30, 25, 19]",56,19
2667,2026-01-24T13:20:00.0,2026-01-19T18:57:45.531,"Any[56, 45, 37, 30, 25, 19, 13, 8, 7]",56,7
2673,2026-01-24T13:20:00.0,2026-02-02T18:57:45.531,"Any[56, 45, 37, 30, 25, 19, 13, 8, 7]",56,7
2676,2026-01-24T13:20:00.0,2026-01-12T18:57:45.531,"Any[56, 45, 37, 30, 25, 19, 13, 8, 7]",56,7
2681,2026-01-24T13:20:00.0,2026-02-02T18:57:45.531,"Any[56, 45, 37, 30, 25, 19, 13, 8, 7]",56,7
2682,2026-01-24T13:20:00.0,2026-01-19T18:57:45.531,"Any[56, 45, 37, 30, 25, 19, 13, 8, 7]",56,7
2685,2026-01-24T13:20:00.0,2026-02-02T18:57:45.531,"Any[56, 45, 37, 30, 25, 19, 13, 8, 7]",56,7
2687,2026-01-24T13:20:00.0,2026-01-26T18:57:45.531,"Any[56, 45, 37, 30, 25, 19, 13, 8, 7]",56,7
2703,2026-01-24T13:20:00.0,2026-02-02T18:57:45.531,"Any[56, 45, 37, 30, 25, 19, 11, 6]",56,6
2772,2026-01-24T13:20:00.0,2026-01-26T18:57:45.531,"Any[45, 37, 30, 25, 19]",45,19
2775,2026-01-24T13:20:00.0,2026-01-26T18:57:45.531,"Any[45, 37, 30, 25, 19]",45,19
2777,2026-01-24T13:20:00.0,2026-01-26T18:57:45.531,"Any[45, 37, 30, 25, 19]",45,19
2778,2026-01-24T13:20:00.0,2026-01-19T18:57:45.531,"Any[45, 37, 30, 25, 19]",45,19
2786,2026-01-24T13:20:00.0,2026-02-02T18:57:45.531,"Any[45, 37, 30, 25, 19]",45,19
2799,2026-01-24T13:20:00.0,2026-01-26T18:57:45.531,"Any[45, 37, 30, 25, 19, 13, 8]",45,8
2805,2026-01-24T13:20:00.0,2026-01-12T18:57:45.531,"Any[45, 37, 30, 25, 19, 13, 8]",45,8
2806,2026-01-24T13:20:00.0,2026-01-12T18:57:45.531,"Any[45, 37, 30, 25, 19, 13, 8]",45,8
2807,2026-01-24T13:20:00.0,2026-01-19T18:57:45.531,"Any[45, 37, 30, 25, 19, 13, 8]",45,8
2832,2026-01-24T13:20:00.0,2026-01-26T18:57:45.531,"Any[45, 37, 30, 25, 19, 11, 6]",45,6
2833,2026-01-24T13:20:00.0,2026-01-19T18:57:45.531,"Any[45, 37, 30, 25, 19, 11, 6]",45,6
2835,2026-01-24T13:20:00.0,2026-01-26T18:57:45.531,"Any[45, 37, 30, 25, 19, 11, 6]",45,6
2836,2026-01-24T13:20:00.0,2026-01-12T18:57:45.531,"Any[45, 37, 30, 25, 19, 11, 6]",45,6
2848,2026-01-24T13:20:00.0,2026-01-19T18:57:45.531,"Any[45, 37, 30, 25, 19, 11, 6]",45,6
2860,2026-01-24T13:20:00.0,2026-02-02T18:57:45.531,"Any[45, 37, 30, 25, 19, 11, 6]",45,6
2866,2026-01-24T13:20:00.0,2026-01-26T18:57:45.531,"Any[45, 37, 30, 25, 19, 11, 6]",45,6
2868,2026-01-24T13:20:00.0,2026-01-26T18:57:45.531,"Any[45, 37, 30, 23, 19, 11, 6]",45,6
2871,2026-01-24T13:20:00.0,2026-02-02T18:57:45.531,"Any[45, 37, 30, 23, 19, 11, 6]",45,6
2873,2026-01-24T13:20:00.0,2026-02-02T18:57:45.531,"Any[45, 37, 30, 23, 19, 11, 6]",45,6
2875,2026-01-24T13:20:00.0,2026-01-26T18:57:45.531,"Any[45, 37, 30, 25, 19, 11, 6]",45,6
2882,2026-01-24T13:20:00.0,2026-02-02T18:57:45.531,"Any[25, 30, 37, 45, 53, 60, 64]",25,64
2884,2026-01-24T13:20:00.0,2026-02-02T18:57:45.531,"Any[25, 30, 37, 45, 53, 60, 64]",25,64
2885,2026-01-24T13:20:00.0,2026-01-12T18:57:45.531,"Any[25, 30, 37, 45, 56, 60, 64]",25,64
2891,2026-01-24T13:20:00.0,2026-01-19T18:57:45.531,"Any[25, 30, 37, 45, 56, 60, 64]",25,64
2907,2026-01-24T13:20:00.0,2026-01-19T18:57:45.531,"Any[25, 30, 37, 45, 53, 60]",25,60
2914,2026-01-24T13:20:00.0,2026-02-02T18:57:45.531,"Any[25, 30, 37, 45, 53, 60]",25,60
2923,2026-01-24T13:20:00.0,2026-01-12T18:57:45.531,"Any[25, 30, 37, 45, 56, 60]",25,60
2931,2026-01-24T13:20:00.0,2026-01-12T18:57:45.531,"Any[25, 30, 37, 45, 56, 60]",25,60
2936,2026-01-24T13:20:00.0,2026-01-12T18:57:45.531,"Any[25, 30, 37, 45, 53, 60]",25,60
2939,2026-01-24T13:20:00.0,2026-01-12T18:57:45.531,"Any[25, 30, 37, 45, 53, 60]",25,60
2942,2026-01-24T13:20:00.0,2026-01-12T18:57:45.531,"Any[25, 30, 37, 45, 53, 60]",25,60
2952,2026-01-24T13:20:00.0,2026-01-26T18:57:45.531,"Any[25, 30, 37, 45, 53]",25,53
2955,2026-01-24T13:20:00.0,2026-02-02T18:57:45.531,"Any[25, 30, 37, 45, 53]",25,53
2957,2026-01-24T13:20:00.0,2026-01-12T18:57:45.531,"Any[25, 30, 37, 45, 53]",25,53
2960,2026-01-24T13:20:00.0,2026-01-12T18:57:45.531,"Any[25, 30, 37, 45, 53]",25,53
2961,2026-01-24T13:20:00.0,2026-02-02T18:57:45.531,"Any[25, 30, 37, 45, 53]",25,53
2962,2026-01-24T13:20:00.0,2026-01-26T18:57:45.531,"Any[25, 30, 37, 45, 53]",25,53
2968,2026-01-24T13:20:00.0,2026-02-02T18:57:45.531,"Any[25, 30, 37, 45, 53]",25,53
2973,2026-01-24T13:20:00.0,2026-01-26T18:57:45.531,"Any[25, 30, 37, 45, 53]",25,53
2974,2026-01-24T13:20:00.0,2026-01-12T18:57:45.531,"Any[25, 30, 37, 45, 53]",25,53
2976,2026-01-24T13:20:00.0,2026-01-19T18:57:45.531,"Any[25, 30, 37, 45, 53]",25,53
2982,2026-01-24T13:20:00.0,2026-01-12T18:57:45.531,"Any[25, 30, 37, 45, 53]",25,53
2988,2026-01-24T13:20:00.0,2026-01-26T18:57:45.531,"Any[25, 30, 37, 45, 53]",25,53
2998,2026-01-24T13:20:00.0,2026-02-02T18:57:45.531,"Any[25, 30, 37, 45, 53]",25,53
3001,2026-01-24T13:20:00.0,2026-01-19T18:57:45.531,"Any[25, 30, 37, 45, 53]",25,53
3003,2026-01-24T13:20:00.0,2026-02-02T18:57:45.531,"Any[25, 30, 37, 45, 53]",25,53
3005,2026-01-24T13:20:00.0,2026-01-12T18:57:45.531,"Any[25, 30, 37, 45, 53]",25,53
3011,2026-01-24T13:20:00.0,2026-02-02T18:57:45.531,"Any[25, 30, 37, 45, 53]",25,53
3012,2026-01-24T13:20:00.0,2026-01-19T18:57:45.531,"Any[25, 30, 37, 45, 53]",25,53
3013,2026-01-24T13:20:00.0,2026-01-12T18:57:45.531,"Any[25, 30, 37, 45, 53]",25,53
3014,2026-01-24T13:20:00.0,2026-01-26T18:57:45.531,"Any[25, 30, 37, 45, 53]",25,53
3021,2026-01-24T13:20:00.0,2026-02-02T18:57:45.531,"Any[8, 13, 19, 25, 30, 37, 45, 53, 60, 64]",8,64
3029,2026-01-24T13:20:00.0,2026-01-19T18:57:45.531,"Any[8, 13, 19, 25, 30, 37, 45, 56, 60, 64]",8,64
3030,2026-01-24T13:20:00.0,2026-01-12T18:57:45.531,"Any[8, 13, 19, 25, 30, 37, 45, 56, 60, 64]",8,64
3032,2026-01-24T13:20:00.0,2026-01-19T18:57:45.531,"Any[8, 13, 19, 25, 30, 37, 45, 56, 60, 64]",8,64
3046,2026-01-24T13:20:00.0,2026-01-12T18:57:45.531,"Any[8, 13, 19, 25, 30, 37, 45, 56, 60]",8,60
3049,2026-01-24T13:20:00.0,2026-01-12T18:57:45.531,"Any[8, 13, 19, 25, 30, 37, 45, 53, 62]",8,62
3050,2026-01-24T13:20:00.0,2026-01-12T18:57:45.531,"Any[8, 13, 19, 25, 30, 37, 45, 53, 62]",8,62
3064,2026-01-24T13:20:00.0,2026-01-26T18:57:45.531,"Any[1, 6, 11, 19, 25, 30, 37, 45, 56, 64]",1,64
3066,2026-01-24T13:20:00.0,2026-01-12T18:57:45.531,"Any[1, 6, 11, 19, 25, 30, 37, 45, 53, 60, 64]",1,64
3076,2026-01-24T13:20:00.0,2026-01-12T18:57:45.531,"Any[1, 6, 11, 16, 19, 25, 30, 37, 45, 56, 60, 64]",1,64
3078,2026-01-24T13:20:00.0,2026-01-12T18:57:45.531,"Any[1, 6, 11, 19, 25, 30, 37, 45, 56, 64]",1,64
3081,2026-01-24T13:20:00.0,2026-01-19T18:57:45.531,"Any[1, 6, 11, 19, 25, 30, 37, 45, 56, 64]",1,64
3083,2026-01-24T13:20:00.0,2026-01-12T18:57:45.531,"Any[1, 6, 11, 16, 19, 25, 30, 37, 45, 56, 60, 64]",1,64
3094,2026-01-24T13:20:00.0,2026-01-12T18:57:45.531,"Any[1, 6, 11, 25, 30, 37, 45, 53]",1,53
3173,2026-01-24T13:20:00.0,2026-02-02T18:57:45.531,"Any[10, 19, 25, 30, 37, 45, 53]",10,53
3175,2026-01-24T13:20:00.0,2026-02-02T18:57:45.531,"Any[10, 19, 25, 30, 37, 45, 53]",10,53
3178,2026-01-24T13:20:00.0,2026-01-12T18:57:45.531,"Any[10, 19, 25, 30, 37, 45, 53]",10,53
3179,2026-01-24T13:20:00.0,2026-02-02T18:57:45.531,"Any[10, 19, 25, 30, 37, 45, 53]",10,53
3194,2026-01-24T13:20:00.0,2026-01-26T18:57:45.531,"Any[10, 19, 25, 30, 37, 45, 53]",10,53
3197,2026-01-24T13:20:00.0,2026-01-26T18:57:45.531,"Any[10, 19, 25, 30, 37, 45, 53]",10,53
2718,2026-01-24T13:22:00.0,2026-01-19T18:59:45.531,Any[],53,16
2723,2026-01-24T13:24:00.0,2026-01-12T19:01:45.531,Any[],53,16
2756,2026-01-24T13:24:00.0,2026-01-12T19:01:45.531,Any[],53,7
3123,2026-01-24T13:24:00.0,2026-01-19T19:01:45.531,Any[],6,54
2716,2026-01-24T13:30:00.0,2026-01-19T19:07:45.531,Any[],53,16
2598,2026-01-24T13:32:00.0,2026-02-02T19:09:45.531,Any[],60,17
2729,2026-01-24T13:34:00.0,2026-01-12T19:11:45.531,Any[],53,7
3085,2026-01-24T13:34:00.0,2026-01-19T19:11:45.531,Any[],1,62
2740,2026-01-24T13:38:00.0,2026-02-02T19:15:45.531,Any[],53,7
3119,2026-01-24T13:40:00.0,2026-01-12T19:17:45.531,Any[],6,64
2730,2026-01-24T13:41:00.0,2026-01-26T19:18:45.531,Any[],53,7
3142,2026-01-24T13:41:00.0,2026-02-02T19:18:45.531,Any[],10,64
3157,2026-01-24T13:44:00.0,2026-01-12T19:21:45.531,Any[],10,64
2750,2026-01-24T13:46:00.0,2026-02-02T19:23:45.531,Any[],53,7
2747,2026-01-24T13:49:00.0,2026-02-02T19:26:45.531,Any[],53,7
3168,2026-01-24T13:50:00.0,2026-01-26T19:27:45.531,Any[],10,64
2695,2026-01-24T13:55:00.0,2026-01-26T19:32:45.531,Any[],56,3
2744,2026-01-24T13:55:00.0,2026-01-19T19:32:45.531,Any[],53,7
2694,2026-01-24T13:59:00.0,2026-02-02T19:36:45.531,Any[],56,3
2812,2026-01-24T13:59:00.0,2026-01-12T19:36:45.531,Any[],45,7
2664,2026-01-28T07:02:00.0,2026-01-30T12:39:45.531,Any[],56,13
48,2026-01-28T07:06:40.0,2026-01-09T12:44:25.531,"Any[56, 45, 37, 30, 25, 19, 10]",56,10
83,2026-01-28T07:06:40.0,2026-01-30T12:44:25.531,"Any[56, 45, 37, 30, 25, 19, 11, 6]",56,6
95,2026-01-28T07:06:40.0,2026-01-30T12:44:25.531,"Any[56, 45, 37, 30, 25]",56,25
98,2026-01-28T07:06:40.0,2026-01-23T12:44:25.531,"Any[6, 11, 19, 25, 30, 37, 45, 56]",6,56
108,2026-01-28T07:06:40.0,2026-01-23T12:44:25.531,"Any[10, 19, 25, 30, 37, 45, 53]",10,53
132,2026-01-28T07:06:40.0,2026-01-30T12:44:25.531,"Any[6, 11, 19, 25, 30, 37, 45]",6,45
141,2026-01-28T07:06:40.0,2026-01-16T12:44:25.531,"Any[8, 13, 19, 25, 30, 37, 45, 53]",8,53
172,2026-01-28T07:06:40.0,2026-01-16T12:44:25.531,"Any[4, 10, 19, 25, 30, 37, 45, 53]",4,53
212,2026-01-28T07:06:40.0,2026-01-09T12:44:25.531,"Any[53, 45, 37, 30, 25, 19, 10]",53,10
246,2026-01-28T07:06:40.0,2026-01-09T12:44:25.531,"Any[56, 45, 37, 30, 25]",56,25
251,2026-01-28T07:06:40.0,2026-01-30T12:44:25.531,"Any[8, 13, 19, 25, 30, 37, 45, 56]",8,56
258,2026-01-28T07:06:40.0,2026-01-09T12:44:25.531,"Any[6, 11, 19, 30, 37, 45, 56]",6,56
293,2026-01-28T07:06:40.0,2026-01-09T12:44:25.531,"Any[56, 45, 37, 30, 25, 19, 13, 8]",56,8
297,2026-01-28T07:06:40.0,2026-01-30T12:44:25.531,"Any[53, 45, 37, 30, 25, 19, 10]",53,10
321,2026-01-28T07:06:40.0,2026-01-30T12:44:25.531,"Any[56, 45, 37, 30, 25, 19, 13, 8]",56,8
328,2026-01-28T07:06:40.0,2026-01-23T12:44:25.531,"Any[1, 6, 11, 25, 30, 37, 45, 53]",1,53
337,2026-01-28T07:06:40.0,2026-01-16T12:44:25.531,"Any[56, 45, 37, 30, 25, 19, 11, 6]",56,6
339,2026-01-28T07:06:40.0,2026-01-23T12:44:25.531,"Any[8, 13, 19, 25, 30, 37, 45, 53]",8,53
388,2026-01-28T07:06:40.0,2026-01-23T12:44:25.531,"Any[56, 45, 37, 30, 25]",56,25
406,2026-01-28T07:06:40.0,2026-01-16T12:44:25.531,"Any[64, 60, 53, 45, 37, 30, 25, 19, 10]",64,10
439,2026-01-28T07:06:40.0,2026-01-16T12:44:25.531,"Any[6, 11, 19, 25, 30, 37, 45, 56]",6,56
457,2026-01-28T07:06:40.0,2026-01-16T12:44:25.531,"Any[10, 19, 25, 30, 37, 45, 53]",10,53
471,2026-01-28T07:06:40.0,2026-01-30T12:44:25.531,"Any[56, 45, 37, 30, 25, 19, 13, 8]",56,8
490,2026-01-28T07:06:40.0,2026-01-16T12:44:25.531,"Any[56, 45, 37, 30, 25, 19, 10]",56,10
500,2026-01-28T07:06:40.0,2026-01-16T12:44:25.531,"Any[45, 37, 30, 25, 19, 13, 8]",45,8
527,2026-01-28T07:06:40.0,2026-01-23T12:44:25.531,"Any[1, 6, 11, 19, 23, 36, 44, 54, 60]",1,60
537,2026-01-28T07:06:40.0,2026-01-23T12:44:25.531,"Any[53, 45, 37, 30, 25, 19, 11, 6, 3, 1]",53,1
544,2026-01-28T07:06:40.0,2026-01-16T12:44:25.531,"Any[53, 45, 37, 30, 25, 19, 10]",53,10
564,2026-01-28T07:06:40.0,2026-01-30T12:44:25.531,"Any[45, 37, 30, 25, 19, 10]",45,10
580,2026-01-28T07:06:40.0,2026-01-09T12:44:25.531,"Any[6, 11, 19, 25, 30, 37, 45, 56]",6,56
611,2026-01-28T07:06:40.0,2026-01-30T12:44:25.531,"Any[53, 45, 37, 30, 25, 19, 11, 6, 1]",53,1
627,2026-01-28T07:06:40.0,2026-01-09T12:44:25.531,"Any[53, 45, 37, 30, 25, 19, 13, 8]",53,8
639,2026-01-28T07:06:40.0,2026-01-16T12:44:25.531,"Any[1, 6, 11, 19, 23, 36, 44, 54, 60]",1,60
659,2026-01-28T07:06:40.0,2026-01-30T12:44:25.531,"Any[19, 25, 30, 37, 45, 56]",19,56
663,2026-01-28T07:06:40.0,2026-01-16T12:44:25.531,"Any[60, 56, 45, 37, 30, 25, 19, 11, 6, 6]",60,6
667,2026-01-28T07:06:40.0,2026-01-23T12:44:25.531,"Any[56, 45, 37, 30, 25, 19, 10, 6]",56,6
672,2026-01-28T07:06:40.0,2026-01-09T12:44:25.531,"Any[10, 11, 19, 25, 30, 37, 45, 53]",10,53
690,2026-01-28T07:06:40.0,2026-01-30T12:44:25.531,"Any[53, 45, 37, 30, 25, 19, 10]",53,10
701,2026-01-28T07:06:40.0,2026-01-30T12:44:25.531,"Any[8, 13, 19, 25, 30, 37, 45, 56]",8,56
739,2026-01-28T07:06:40.0,2026-01-23T12:44:25.531,"Any[53, 45, 37, 30, 25]",53,25
773,2026-01-28T07:06:40.0,2026-01-30T12:44:25.531,"Any[56, 45, 37, 30, 25, 19, 13, 8]",56,8
786,2026-01-28T07:06:40.0,2026-01-30T12:44:25.531,"Any[10, 19, 30, 37, 45, 53]",10,53
789,2026-01-28T07:06:40.0,2026-01-23T12:44:25.531,"Any[56, 45, 37, 30, 25, 19, 10]",56,10
801,2026-01-28T07:06:40.0,2026-01-23T12:44:25.531,"Any[6, 11, 19, 25, 30, 37, 45]",6,45
821,2026-01-28T07:06:40.0,2026-01-30T12:44:25.531,"Any[8, 13, 19, 25, 30, 37, 45, 56]",8,56
926,2026-01-28T07:06:40.0,2026-01-23T12:44:25.531,"Any[53, 45, 37, 25]",53,25
930,2026-01-28T07:06:40.0,2026-01-16T12:44:25.531,"Any[53, 45, 37, 30, 25]",53,25
937,2026-01-28T07:06:40.0,2026-01-30T12:44:25.531,"Any[56, 45, 37, 30, 25]",56,25
956,2026-01-28T07:06:40.0,2026-01-23T12:44:25.531,"Any[56, 45, 37, 30, 25]",56,25
1010,2026-01-28T07:06:40.0,2026-01-09T12:44:25.531,"Any[25, 30, 37, 45, 56]",25,56
1020,2026-01-28T07:06:40.0,2026-01-09T12:44:25.531,"Any[10, 19, 30, 37, 45, 53]",10,53
1022,2026-01-28T07:06:40.0,2026-01-09T12:44:25.531,"Any[53, 45, 37, 30, 25, 19, 11, 6, 1]",53,1
1038,2026-01-28T07:06:40.0,2026-01-30T12:44:25.531,"Any[60, 53, 45, 37, 30, 25, 19, 10]",60,10
1072,2026-01-28T07:06:40.0,2026-01-30T12:44:25.531,"Any[56, 45, 37, 30, 25, 19]",56,19
1083,2026-01-28T07:06:40.0,2026-01-23T12:44:25.531,"Any[3, 6, 11, 19, 25, 30, 37, 45, 56, 60]",3,60
1093,2026-01-28T07:06:40.0,2026-01-09T12:44:25.531,"Any[8, 13, 19, 25, 30, 37, 45, 56]",8,56
1152,2026-01-28T07:06:40.0,2026-01-23T12:44:25.531,"Any[6, 10, 19, 25, 30, 37, 45]",6,45
1155,2026-01-28T07:06:40.0,2026-01-16T12:44:25.531,"Any[53, 45, 37, 30, 25, 19, 10]",53,10
1184,2026-01-28T07:06:40.0,2026-01-23T12:44:25.531,"Any[7, 8, 13, 19, 25, 30, 37, 45, 53, 60]",7,60
1213,2026-01-28T07:06:40.0,2026-01-09T12:44:25.531,"Any[53, 45, 37, 30, 25, 19, 11, 6, 1]",53,1
1254,2026-01-28T07:06:40.0,2026-01-09T12:44:25.531,"Any[6, 11, 19, 25, 30, 37, 45, 56]",6,56
1291,2026-01-28T07:06:40.0,2026-01-23T12:44:25.531,"Any[53, 45, 37, 30, 25, 19, 13, 8]",53,8
1292,2026-01-28T07:06:40.0,2026-01-23T12:44:25.531,"Any[60, 56, 45, 37, 30, 25, 19]",60,19
1301,2026-01-28T07:06:40.0,2026-01-09T12:44:25.531,"Any[7, 8, 13, 19, 30, 37, 45, 53, 60]",7,60
1316,2026-01-28T07:06:40.0,2026-01-09T12:44:25.531,"Any[8, 13, 19, 25, 30, 37, 45, 53]",8,53
1344,2026-01-28T07:06:40.0,2026-01-23T12:44:25.531,"Any[8, 7, 8, 13, 19, 25, 30, 37, 45]",8,45
1345,2026-01-28T07:06:40.0,2026-01-09T12:44:25.531,"Any[56, 45, 37, 30, 25, 19, 13, 8]",56,8
1361,2026-01-28T07:06:40.0,2026-01-16T12:44:25.531,"Any[19, 25, 30, 37, 45, 56]",19,56
1363,2026-01-28T07:06:40.0,2026-01-09T12:44:25.531,"Any[1, 6, 11, 19, 25, 30, 37, 45, 53]",1,53
1372,2026-01-28T07:06:40.0,2026-01-30T12:44:25.531,"Any[10, 19, 30, 37, 45, 53]",10,53
1384,2026-01-28T07:06:40.0,2026-01-30T12:44:25.531,"Any[56, 45, 37, 30, 25]",56,25
1403,2026-01-28T07:06:40.0,2026-01-09T12:44:25.531,"Any[53, 45, 37, 30, 25, 19, 10]",53,10
1407,2026-01-28T07:06:40.0,2026-01-30T12:44:25.531,"Any[60, 56, 45, 37, 30, 25, 19, 11, 6, 6]",60,6
1459,2026-01-28T07:06:40.0,2026-01-23T12:44:25.531,"Any[60, 56, 45, 37, 30, 25, 19, 11, 6]",60,6
1465,2026-01-28T07:06:40.0,2026-01-23T12:44:25.531,"Any[1, 6, 11, 19, 25, 30, 37, 45]",1,45
1472,2026-01-28T07:06:40.0,2026-01-09T12:44:25.531,"Any[45, 37, 30, 25, 19, 10]",45,10
1525,2026-01-28T07:06:40.0,2026-01-30T12:44:25.531,"Any[10, 19, 25, 30, 37, 45, 53, 60]",10,60
1560,2026-01-28T07:06:40.0,2026-01-30T12:44:25.531,"Any[53, 45, 37, 30, 25, 19, 13, 8]",53,8
1569,2026-01-28T07:06:40.0,2026-01-30T12:44:25.531,"Any[8, 13, 25, 30, 37, 45, 56]",8,56
1588,2026-01-28T07:06:40.0,2026-01-16T12:44:25.531,"Any[53, 45, 37, 30, 25, 19, 11, 6, 1]",53,1
1604,2026-01-28T07:06:40.0,2026-01-30T12:44:25.531,"Any[10, 11, 19, 25, 30, 37, 45, 53]",10,53
1660,2026-01-28T07:06:40.0,2026-01-23T12:44:25.531,"Any[6, 10, 19, 25, 30, 37, 45]",6,45
1661,2026-01-28T07:06:40.0,2026-01-16T12:44:25.531,"Any[8, 13, 19, 25, 30, 37, 45, 56]",8,56
1670,2026-01-28T07:06:40.0,2026-01-23T12:44:25.531,"Any[53, 45, 37, 30, 25, 19, 13, 8]",53,8
1706,2026-01-28T07:06:40.0,2026-01-23T12:44:25.531,"Any[7, 8, 13, 19, 25, 30, 37, 45, 53]",7,53
1710,2026-01-28T07:06:40.0,2026-01-16T12:44:25.531,"Any[56, 45, 37, 30, 25, 19, 10]",56,10
1712,2026-01-28T07:06:40.0,2026-01-30T12:44:25.531,"Any[8, 13, 19, 25, 30, 37, 45, 53]",8,53
1720,2026-01-28T07:06:40.0,2026-01-30T12:44:25.531,"Any[6, 11, 19, 25, 30, 37, 45]",6,45
1734,2026-01-28T07:06:40.0,2026-01-23T12:44:25.531,"Any[56, 45, 37, 30, 25, 19, 11, 6]",56,6
1818,2026-01-28T07:06:40.0,2026-01-09T12:44:25.531,"Any[56, 45, 37, 30, 25, 19, 10]",56,10
1839,2026-01-28T07:06:40.0,2026-01-16T12:44:25.531,"Any[56, 45, 37, 30, 25, 19, 10]",56,10
1887,2026-01-28T07:06:40.0,2026-01-30T12:44:25.531,"Any[64, 53, 45, 37, 30, 25, 19, 11, 6, 1]",64,1
1915,2026-01-28T07:06:40.0,2026-01-16T12:44:25.531,"Any[56, 45, 37, 30, 25, 19, 11, 6]",56,6
1920,2026-01-28T07:06:40.0,2026-01-30T12:44:25.531,"Any[3, 10, 19, 25, 30, 37, 45, 53]",3,53
1929,2026-01-28T07:06:40.0,2026-01-09T12:44:25.531,"Any[1, 6, 11, 25, 30, 37, 45, 53]",1,53
1933,2026-01-28T07:06:40.0,2026-01-09T12:44:25.531,"Any[25, 30, 37, 45, 56]",25,56
1958,2026-01-28T07:06:40.0,2026-01-30T12:44:25.531,"Any[19, 25, 30, 37, 45, 56]",19,56
1969,2026-01-28T07:06:40.0,2026-01-30T12:44:25.531,"Any[56, 45, 37, 30, 25, 19, 11, 6]",56,6
1997,2026-01-28T07:06:40.0,2026-01-30T12:44:25.531,"Any[7, 8, 13, 19, 25, 30, 37, 45, 53]",7,53
2008,2026-01-28T07:06:40.0,2026-01-09T12:44:25.531,"Any[6, 10, 19, 25, 30, 37, 45]",6,45
2030,2026-01-28T07:06:40.0,2026-01-23T12:44:25.531,"Any[56, 45, 37, 30, 25, 19, 11, 6]",56,6
2032,2026-01-28T07:06:40.0,2026-01-16T12:44:25.531,"Any[53, 45, 37, 30, 25, 19, 11, 6, 3, 1]",53,1
2036,2026-01-28T07:06:40.0,2026-01-23T12:44:25.531,"Any[53, 45, 37, 30, 25, 19, 11, 6, 1]",53,1
2058,2026-01-28T07:06:40.0,2026-01-23T12:44:25.531,"Any[6, 11, 19, 25, 30, 37, 45]",6,45
2070,2026-01-28T07:06:40.0,2026-01-30T12:44:25.531,"Any[10, 19, 25, 30, 37, 45, 53]",10,53
2073,2026-01-28T07:06:40.0,2026-01-09T12:44:25.531,"Any[60, 56, 45, 37, 30, 25, 19, 11, 6]",60,6
2076,2026-01-28T07:06:40.0,2026-01-09T12:44:25.531,"Any[45, 37, 30, 25, 19, 13, 8]",45,8
2085,2026-01-28T07:06:40.0,2026-01-30T12:44:25.531,"Any[56, 45, 37, 30, 25]",56,25
2125,2026-01-28T07:06:40.0,2026-01-09T12:44:25.531,"Any[56, 45, 37, 30, 25, 16]",56,16
2177,2026-01-28T07:06:40.0,2026-01-09T12:44:25.531,"Any[53, 45, 37, 30, 25, 19, 13, 8]",53,8
2192,2026-01-28T07:06:40.0,2026-01-30T12:44:25.531,"Any[56, 45, 37, 30, 25, 19, 13, 8]",56,8
2216,2026-01-28T07:06:40.0,2026-01-16T12:44:25.531,"Any[60, 56, 45, 37, 30, 25, 19, 11, 6]",60,6
2218,2026-01-28T07:06:40.0,2026-01-16T12:44:25.531,"Any[10, 19, 25, 30, 37, 45, 56]",10,56
2259,2026-01-28T07:06:40.0,2026-01-09T12:44:25.531,"Any[56, 45, 37, 30, 25, 19, 10]",56,10
2288,2026-01-28T07:06:40.0,2026-01-23T12:44:25.531,"Any[60, 56, 45, 37, 30, 25]",60,25
2290,2026-01-28T07:06:40.0,2026-01-09T12:44:25.531,"Any[8, 13, 19, 25, 30, 37, 45, 56]",8,56
2303,2026-01-28T07:06:40.0,2026-01-09T12:44:25.531,"Any[10, 19, 25, 30, 37, 45, 53]",10,53
2343,2026-01-28T07:06:40.0,2026-01-23T12:44:25.531,"Any[8, 13, 19, 25, 30, 37, 45, 56]",8,56
2353,2026-01-28T07:06:40.0,2026-01-16T12:44:25.531,"Any[25, 30, 37, 45, 56, 60]",25,60
2361,2026-01-28T07:06:40.0,2026-01-30T12:44:25.531,"Any[56, 45, 37, 30, 25, 16]",56,16
2364,2026-01-28T07:06:40.0,2026-01-30T12:44:25.531,"Any[64, 60, 53, 45, 37, 30, 25, 19, 11, 6, 1]",64,1
2383,2026-01-28T07:06:40.0,2026-01-30T12:44:25.531,"Any[56, 45, 37, 30, 25, 19, 10, 6]",56,6
2405,2026-01-28T07:06:40.0,2026-01-16T12:44:25.531,"Any[53, 45, 37, 30, 25, 19, 10]",53,10
2407,2026-01-28T07:06:40.0,2026-01-23T12:44:25.531,"Any[60, 53, 45, 37, 30, 25]",60,25
2424,2026-01-28T07:06:40.0,2026-01-23T12:44:25.531,"Any[53, 45, 37, 30, 25, 19, 13, 8]",53,8
2425,2026-01-28T07:06:40.0,2026-01-30T12:44:25.531,"Any[53, 45, 37, 30, 25, 19, 11, 6, 1]",53,1
2443,2026-01-28T07:06:40.0,2026-01-30T12:44:25.531,"Any[53, 45, 37, 30, 25, 19, 10, 6]",53,6
2448,2026-01-28T07:06:40.0,2026-01-16T12:44:25.531,"Any[56, 45, 37, 30, 25, 19, 10]",56,10
2453,2026-01-28T07:06:40.0,2026-01-30T12:44:25.531,"Any[60, 56, 45, 37, 30, 25, 19, 11, 6]",60,6
2459,2026-01-28T07:06:40.0,2026-01-09T12:44:25.531,"Any[19, 25, 30, 37, 45, 56]",19,56
2463,2026-01-28T07:06:40.0,2026-01-30T12:44:25.531,"Any[53, 45, 37, 30, 25, 19, 10]",53,10
2475,2026-01-28T07:06:40.0,2026-01-30T12:44:25.531,"Any[8, 7, 8, 13, 19, 25, 30, 37, 45]",8,45
2480,2026-01-28T07:06:40.0,2026-01-16T12:44:25.531,"Any[53, 45, 37, 30, 25, 19, 11, 6, 1]",53,1
2483,2026-01-28T07:06:40.0,2026-01-30T12:44:25.531,"Any[7, 8, 13, 19, 25, 30, 37, 45, 53]",7,53
2486,2026-01-28T07:06:40.0,2026-01-09T12:44:25.531,"Any[10, 19, 25, 30, 37, 45, 53]",10,53
2527,2026-01-28T07:06:40.0,2026-01-23T12:44:25.531,"Any[1, 6, 11, 16, 25, 30, 37, 45, 53]",1,53
2563,2026-01-28T07:06:40.0,2026-01-30T12:44:25.531,"Any[6, 11, 19, 25, 30, 37, 45]",6,45
2645,2026-01-28T07:06:40.0,2026-01-16T12:44:25.531,"Any[56, 45, 37, 30, 25, 19]",56,19
2704,2026-01-28T07:06:40.0,2026-01-23T12:44:25.531,"Any[56, 45, 37, 30, 25, 19, 11, 6]",56,6
2804,2026-01-28T07:06:40.0,2026-01-09T12:44:25.531,"Any[45, 37, 30, 25, 19, 13, 8]",45,8
2898,2026-01-28T07:06:40.0,2026-01-30T12:44:25.531,"Any[25, 30, 37, 45, 56, 60]",25,60
2900,2026-01-28T07:06:40.0,2026-01-09T12:44:25.531,"Any[25, 30, 37, 45, 56, 60]",25,60
2930,2026-01-28T07:06:40.0,2026-01-09T12:44:25.531,"Any[25, 30, 37, 45, 56, 60]",25,60
2948,2026-01-28T07:06:40.0,2026-01-30T12:44:25.531,"Any[25, 30, 37, 45, 56, 60]",25,60
3180,2026-01-28T07:06:40.0,2026-01-30T12:44:25.531,"Any[10, 19, 25, 30, 37, 45, 53]",10,53
2722,2026-01-28T07:45:00.0,2026-01-16T13:22:45.531,Any[],53,16
3112,2026-01-28T07:50:00.0,2026-01-09T13:27:45.531,Any[],6,64
3063,2026-01-28T13:01:00.0,2026-01-30T18:38:45.531,Any[],8,54
2757,2026-01-28T13:08:00.0,2026-01-23T18:45:45.531,Any[],53,7
2793,2026-01-28T13:17:00.0,2026-01-30T18:54:45.531,Any[],45,17
2761,2026-01-28T13:24:00.0,2026-01-09T19:01:45.531,Any[],53,7
3129,2026-01-28T13:31:00.0,2026-01-23T19:08:45.531,Any[],10,64
2810,2026-01-28T13:50:00.0,2026-01-23T19:27:45.531,Any[],45,7
2815,2026-01-31T07:01:00.0,2026-02-02T12:38:45.531,Any[],45,3
2745,2026-01-31T07:02:00.0,2026-02-02T12:39:45.531,Any[],53,7
3114,2026-01-31T07:03:00.0,2026-01-12T12:40:45.531,Any[],6,64
2759,2026-01-31T07:07:00.0,2026-02-02T12:44:45.531,Any[],53,7
3105,2026-01-31T07:13:00.0,2026-01-26T12:50:45.531,Any[],6,64
2769,2026-01-31T07:20:00.0,2026-01-26T12:57:45.531,Any[],53,3
2819,2026-01-31T07:29:00.0,2026-01-26T13:06:45.531,Any[],45,3
3165,2026-01-31T07:29:00.0,2026-01-26T13:06:45.531,Any[],10,64
2743,2026-01-31T07:46:00.0,2026-01-26T13:23:45.531,Any[],53,7
3133,2026-01-31T07:50:00.0,2026-01-12T13:27:45.531,Any[],10,64
3108,2026-01-31T13:01:00.0,2026-02-02T18:38:45.531,Any[],6,64
3130,2026-01-31T13:07:00.0,2026-02-02T18:44:45.531,Any[],10,64
2710,2026-01-31T13:13:00.0,2026-01-19T18:50:45.531,Any[],53,17
2658,2026-01-31T13:14:00.0,2026-01-26T18:51:45.531,Any[],56,13
2659,2026-01-31T13:14:00.0,2026-01-26T18:51:45.531,Any[],56,13
2711,2026-01-31T13:14:00.0,2026-01-26T18:51:45.531,Any[],53,17
2736,2026-01-31T13:14:00.0,2026-01-26T18:51:45.531,Any[],53,7
3143,2026-01-31T13:18:00.0,2026-01-12T18:55:45.531,Any[],10,64
3087,2026-01-31T13:19:00.0,2026-01-19T18:56:45.531,Any[],1,62
7,2026-01-31T13:20:00.0,2026-01-26T18:57:45.531,"Any[1, 6, 11, 19, 25, 30, 37, 45, 56]",1,56
8,2026-01-31T13:20:00.0,2026-01-26T18:57:45.531,"Any[8, 13, 19, 25, 30, 37, 45, 56]",8,56
10,2026-01-31T13:20:00.0,2026-01-26T18:57:45.531,"Any[64, 60, 53, 45, 37, 30, 25, 19, 11, 6, 1]",64,1
15,2026-01-31T13:20:00.0,2026-01-12T18:57:45.531,"Any[7, 8, 13, 19, 25, 30, 37, 45, 53]",7,53
17,2026-01-31T13:20:00.0,2026-01-12T18:57:45.531,"Any[56, 45, 37, 30, 25, 19, 13, 8]",56,8
21,2026-01-31T13:20:00.0,2026-01-12T18:57:45.531,"Any[10, 19, 25, 30, 37, 45, 53]",10,53
34,2026-01-31T13:20:00.0,2026-01-12T18:57:45.531,"Any[1, 6, 11, 19, 23, 36, 44, 54, 60]",1,60
43,2026-01-31T13:20:00.0,2026-01-12T18:57:45.531,"Any[3, 10, 19, 25, 30, 37, 45, 53]",3,53
50,2026-01-31T13:20:00.0,2026-01-26T18:57:45.531,"Any[1, 6, 11, 19, 25, 30, 37, 45, 56, 60]",1,60
68,2026-01-31T13:20:00.0,2026-01-12T18:57:45.531,"Any[60, 56, 45, 37, 30, 25, 19, 11, 6]",60,6
69,2026-01-31T13:20:00.0,2026-01-19T18:57:45.531,"Any[60, 56, 45, 37, 30, 25, 19, 11, 6]",60,6
75,2026-01-31T13:20:00.0,2026-01-19T18:57:45.531,"Any[60, 56, 45, 37, 30, 25, 19, 11, 6]",60,6
80,2026-01-31T13:20:00.0,2026-01-26T18:57:45.531,"Any[25, 30, 37, 45, 56, 60]",25,60
91,2026-01-31T13:20:00.0,2026-02-02T18:57:45.531,"Any[1, 6, 11, 19, 25, 30, 37, 45, 53]",1,53
105,2026-01-31T13:20:00.0,2026-01-12T18:57:45.531,"Any[53, 45, 37, 30, 25, 19, 10]",53,10
121,2026-01-31T13:20:00.0,2026-01-19T18:57:45.531,"Any[56, 45, 37, 30, 25, 19, 20]",56,20
131,2026-01-31T13:20:00.0,2026-01-12T18:57:45.531,"Any[53, 45, 37, 30, 25, 19, 11, 6, 1]",53,1
133,2026-01-31T13:20:00.0,2026-01-26T18:57:45.531,"Any[60, 56, 45, 37, 30, 25, 19]",60,19
135,2026-01-31T13:20:00.0,2026-02-02T18:57:45.531,"Any[64, 60, 56, 45, 37, 30, 25, 19, 11, 6]",64,6
136,2026-01-31T13:20:00.0,2026-01-19T18:57:45.531,"Any[56, 45, 37, 30, 25, 19, 13, 8]",56,8
140,2026-01-31T13:20:00.0,2026-01-26T18:57:45.531,"Any[19, 25, 30, 37, 45, 53]",19,53
142,2026-01-31T13:20:00.0,2026-02-02T18:57:45.531,"Any[56, 45, 37, 30, 25, 19, 13, 8]",56,8
147,2026-01-31T13:20:00.0,2026-01-12T18:57:45.531,"Any[1, 6, 11, 19, 25, 30, 37, 45, 56]",1,56
148,2026-01-31T13:20:00.0,2026-02-02T18:57:45.531,"Any[60, 56, 45, 37, 30, 25]",60,25
151,2026-01-31T13:20:00.0,2026-01-26T18:57:45.531,"Any[8, 13, 19, 25, 30, 37, 45, 53, 56]",8,56
157,2026-01-31T13:20:00.0,2026-01-19T18:57:45.531,"Any[53, 45, 37, 30, 25]",53,25
159,2026-01-31T13:20:00.0,2026-01-26T18:57:45.531,"Any[7, 8, 13, 19, 25, 30, 37, 45, 53, 60]",7,60
164,2026-01-31T13:20:00.0,2026-01-12T18:57:45.531,"Any[56, 45, 37, 30, 25, 19, 13, 8]",56,8
168,2026-01-31T13:20:00.0,2026-01-19T18:57:45.531,"Any[53, 45, 37, 30, 25, 19, 13, 8]",53,8
175,2026-01-31T13:20:00.0,2026-01-26T18:57:45.531,"Any[53, 45, 37, 30, 25, 19, 11, 6, 1]",53,1
178,2026-01-31T13:20:00.0,2026-01-26T18:57:45.531,"Any[10, 19, 25, 30, 37, 45, 53, 60]",10,60
179,2026-01-31T13:20:00.0,2026-01-19T18:57:45.531,"Any[10, 19, 25, 30, 37, 45, 53]",10,53
182,2026-01-31T13:20:00.0,2026-01-26T18:57:45.531,"Any[10, 11, 19, 25, 30, 37, 45, 53]",10,53
191,2026-01-31T13:20:00.0,2026-01-12T18:57:45.531,"Any[19, 25, 30, 37, 30, 37, 45, 53]",19,53
198,2026-01-31T13:20:00.0,2026-01-19T18:57:45.531,"Any[19, 25, 30, 37, 30, 37, 45, 53, 60, 64]",19,64
201,2026-01-31T13:20:00.0,2026-01-12T18:57:45.531,"Any[19, 17, 25, 30, 37, 45, 53, 60]",19,60
203,2026-01-31T13:20:00.0,2026-02-02T18:57:45.531,"Any[60, 56, 45, 37, 30, 25, 19]",60,19
210,2026-01-31T13:20:00.0,2026-01-19T18:57:45.531,"Any[60, 56, 45, 37, 30, 25, 19, 17, 19, 11, 6]",60,6
213,2026-01-31T13:20:00.0,2026-01-12T18:57:45.531,"Any[56, 45, 37, 30, 25, 19, 11, 6]",56,6
214,2026-01-31T13:20:00.0,2026-01-19T18:57:45.531,"Any[10, 19, 25, 30, 37, 45, 53, 60]",10,60
217,2026-01-31T13:20:00.0,2026-01-26T18:57:45.531,"Any[8, 13, 19, 25, 30, 37, 45, 56, 60]",8,60
218,2026-01-31T13:20:00.0,2026-01-12T18:57:45.531,"Any[53, 45, 37, 30, 25, 19, 10]",53,10
221,2026-01-31T13:20:00.0,2026-01-26T18:57:45.531,"Any[10, 19, 25, 30, 37, 45, 53]",10,53
236,2026-01-31T13:20:00.0,2026-02-02T18:57:45.531,"Any[64, 60, 53, 45, 37, 30, 25, 19, 13, 8]",64,8
237,2026-01-31T13:20:00.0,2026-01-12T18:57:45.531,"Any[8, 13, 19, 25, 30, 37, 45, 56]",8,56
240,2026-01-31T13:20:00.0,2026-01-19T18:57:45.531,"Any[53, 45, 37, 30, 25]",53,25
241,2026-01-31T13:20:00.0,2026-01-12T18:57:45.531,"Any[8, 13, 19, 25, 30, 37, 45, 56]",8,56
242,2026-01-31T13:20:00.0,2026-02-02T18:57:45.531,"Any[6, 11, 19, 25, 30, 37, 45, 56]",6,56
250,2026-01-31T13:20:00.0,2026-01-12T18:57:45.531,"Any[10, 19, 25, 30, 37, 45, 53]",10,53
254,2026-01-31T13:20:00.0,2026-01-12T18:57:45.531,"Any[53, 45, 37, 30, 25, 19, 13, 8]",53,8
257,2026-01-31T13:20:00.0,2026-01-26T18:57:45.531,"Any[8, 13, 19, 25, 30, 37, 45, 56]",8,56
259,2026-01-31T13:20:00.0,2026-01-12T18:57:45.531,"Any[8, 13, 19, 25, 30, 37, 45, 56]",8,56
261,2026-01-31T13:20:00.0,2026-01-19T18:57:45.531,"Any[56, 45, 37, 30, 25]",56,25
267,2026-01-31T13:20:00.0,2026-01-12T18:57:45.531,"Any[19, 25, 30, 37, 45, 53]",19,53
271,2026-01-31T13:20:00.0,2026-02-02T18:57:45.531,"Any[1, 6, 11, 19, 25, 30, 37, 45, 56]",1,56
273,2026-01-31T13:20:00.0,2026-01-19T18:57:45.531,"Any[1, 6, 11, 19, 25, 30, 37, 45, 56]",1,56
276,2026-01-31T13:20:00.0,2026-01-12T18:57:45.531,"Any[1, 6, 11, 19, 25, 30, 37, 45, 53, 60]",1,60
278,2026-01-31T13:20:00.0,2026-02-02T18:57:45.531,"Any[53, 45, 37, 30, 25]",53,25
280,2026-01-31T13:20:00.0,2026-01-26T18:57:45.531,"Any[53, 45, 37, 30, 25, 19, 10]",53,10
282,2026-01-31T13:20:00.0,2026-01-12T18:57:45.531,"Any[53, 45, 37, 30, 25, 19, 11, 6, 1]",53,1
285,2026-01-31T13:20:00.0,2026-01-19T18:57:45.531,"Any[56, 45, 37, 30, 25, 19, 11, 6]",56,6
287,2026-01-31T13:20:00.0,2026-02-02T18:57:45.531,"Any[6, 11, 19, 25, 30, 37, 45, 56]",6,56
290,2026-01-31T13:20:00.0,2026-01-12T18:57:45.531,"Any[14, 19, 25, 30, 37, 45, 53]",14,53
292,2026-01-31T13:20:00.0,2026-02-02T18:57:45.531,"Any[25, 30, 37, 45, 53]",25,53
295,2026-01-31T13:20:00.0,2026-01-19T18:57:45.531,"Any[8, 13, 19, 25, 30, 37, 45, 53]",8,53
296,2026-01-31T13:20:00.0,2026-02-02T18:57:45.531,"Any[14, 19, 25, 30, 37, 45, 53]",14,53
305,2026-01-31T13:20:00.0,2026-02-02T18:57:45.531,"Any[53, 45, 37, 30, 25, 19, 10]",53,10
307,2026-01-31T13:20:00.0,2026-01-12T18:57:45.531,"Any[53, 45, 37, 30, 25, 19, 10]",53,10
308,2026-01-31T13:20:00.0,2026-01-12T18:57:45.531,"Any[56, 45, 37, 30, 25]",56,25
310,2026-01-31T13:20:00.0,2026-02-02T18:57:45.531,"Any[6, 11, 19, 25, 30, 37, 45, 53]",6,53
314,2026-01-31T13:20:00.0,2026-02-02T18:57:45.531,"Any[1, 6, 11, 19, 25, 30, 37, 45, 53]",1,53
319,2026-01-31T13:20:00.0,2026-02-02T18:57:45.531,"Any[8, 13, 19, 25, 30, 37, 45, 56]",8,56
322,2026-01-31T13:20:00.0,2026-01-19T18:57:45.531,"Any[8, 13, 19, 25, 30, 37, 45, 56]",8,56
324,2026-01-31T13:20:00.0,2026-01-19T18:57:45.531,"Any[10, 19, 25, 30, 37, 45, 53]",10,53
325,2026-01-31T13:20:00.0,2026-01-26T18:57:45.531,"Any[53, 45, 37, 30, 25, 19, 13, 8]",53,8
327,2026-01-31T13:20:00.0,2026-01-26T18:57:45.531,"Any[1, 6, 11, 19, 25, 30, 37, 45, 53, 60]",1,60
330,2026-01-31T13:20:00.0,2026-01-26T18:57:45.531,"Any[53, 45, 37, 30, 25, 19, 11, 6]",53,6
341,2026-01-31T13:20:00.0,2026-01-12T18:57:45.531,"Any[56, 45, 37, 30, 25, 19, 11, 6]",56,6
344,2026-01-31T13:20:00.0,2026-02-02T18:57:45.531,"Any[6, 11, 19, 25, 30, 37, 45]",6,45
347,2026-01-31T13:20:00.0,2026-01-19T18:57:45.531,"Any[53, 45, 37, 30, 25, 19, 11, 6, 1]",53,1
350,2026-01-31T13:20:00.0,2026-01-12T18:57:45.531,"Any[60, 53, 45, 37, 30, 25, 19, 10]",60,10
374,2026-01-31T13:20:00.0,2026-01-12T18:57:45.531,"Any[53, 45, 37, 30, 25, 19, 10]",53,10
378,2026-01-31T13:20:00.0,2026-02-02T18:57:45.531,"Any[8, 13, 19, 25, 30, 37, 45, 56]",8,56
381,2026-01-31T13:20:00.0,2026-02-02T18:57:45.531,"Any[1, 6, 11, 19, 25, 30, 37, 45, 53]",1,53
389,2026-01-31T13:20:00.0,2026-02-02T18:57:45.531,"Any[7, 8, 13, 19, 25, 30, 37, 45, 53]",7,53
398,2026-01-31T13:20:00.0,2026-02-02T18:57:45.531,"Any[53, 45, 37, 30, 25, 19, 10]",53,10
407,2026-01-31T13:20:00.0,2026-01-12T18:57:45.531,"Any[8, 13, 19, 25, 30, 37, 45, 53]",8,53
424,2026-01-31T13:20:00.0,2026-01-19T18:57:45.531,"Any[25, 30, 37, 45, 53]",25,53
433,2026-01-31T13:20:00.0,2026-01-19T18:57:45.531,"Any[60, 54, 44, 36, 31, 27, 21, 9]",60,9
434,2026-01-31T13:20:00.0,2026-01-19T18:57:45.531,"Any[56, 45, 37, 30, 25, 19]",56,19
437,2026-01-31T13:20:00.0,2026-01-19T18:57:45.531,"Any[53, 45, 37, 30, 25, 19, 10]",53,10
444,2026-01-31T13:20:00.0,2026-02-02T18:57:45.531,"Any[6, 11, 16, 25, 30, 37, 45]",6,45
456,2026-01-31T13:20:00.0,2026-01-19T18:57:45.531,"Any[56, 45, 37, 30, 25]",56,25
468,2026-01-31T13:20:00.0,2026-01-12T18:57:45.531,"Any[60, 54, 44, 36, 31, 27, 21, 9]",60,9
474,2026-01-31T13:20:00.0,2026-01-19T18:57:45.531,"Any[8, 13, 19, 25, 30, 37, 45, 56]",8,56
479,2026-01-31T13:20:00.0,2026-02-02T18:57:45.531,"Any[54, 44, 36, 23, 19, 11, 6]",54,6
480,2026-01-31T13:20:00.0,2026-01-12T18:57:45.531,"Any[19, 17, 25, 30, 37, 45, 53, 60]",19,60
481,2026-01-31T13:20:00.0,2026-01-12T18:57:45.531,"Any[10, 19, 25, 30, 37, 45, 53]",10,53
483,2026-01-31T13:20:00.0,2026-01-12T18:57:45.531,"Any[56, 45, 37, 30, 25, 19, 13, 8]",56,8
491,2026-01-31T13:20:00.0,2026-01-19T18:57:45.531,"Any[53, 45, 37, 30, 25, 19, 13, 8]",53,8
492,2026-01-31T13:20:00.0,2026-01-12T18:57:45.531,"Any[6, 11, 19, 25, 30, 37, 45]",6,45
499,2026-01-31T13:20:00.0,2026-02-02T18:57:45.531,"Any[53, 45, 37, 30, 25, 19, 11, 6, 1]",53,1
511,2026-01-31T13:20:00.0,2026-01-19T18:57:45.531,"Any[54, 44, 36, 23, 19, 11, 6]",54,6
512,2026-01-31T13:20:00.0,2026-01-19T18:57:45.531,"Any[1, 6, 11, 19, 25, 30, 37, 45, 56]",1,56
514,2026-01-31T13:20:00.0,2026-01-12T18:57:45.531,"Any[8, 13, 19, 25, 30, 37, 45, 56]",8,56
517,2026-01-31T13:20:00.0,2026-01-26T18:57:45.531,"Any[60, 56, 45, 37, 30, 25, 19, 11, 6]",60,6
523,2026-01-31T13:20:00.0,2026-02-02T18:57:45.531,"Any[56, 45, 37, 30, 25, 19, 13, 8]",56,8
525,2026-01-31T13:20:00.0,2026-02-02T18:57:45.531,"Any[56, 45, 37, 30, 25]",56,25
528,2026-01-31T13:20:00.0,2026-01-19T18:57:45.531,"Any[64, 53, 45, 37, 30, 25, 19, 11, 6, 1]",64,1
529,2026-01-31T13:20:00.0,2026-02-02T18:57:45.531,"Any[6, 11, 19, 25, 30, 37, 45]",6,45
539,2026-01-31T13:20:00.0,2026-01-26T18:57:45.531,"Any[60, 53, 45, 37, 30, 25, 19, 11, 6]",60,6
548,2026-01-31T13:20:00.0,2026-01-19T18:57:45.531,"Any[10, 19, 25, 30, 37, 45, 56]",10,56
549,2026-01-31T13:20:00.0,2026-02-02T18:57:45.531,"Any[53, 45, 37, 30, 25, 19, 11, 6, 1]",53,1
551,2026-01-31T13:20:00.0,2026-01-26T18:57:45.531,"Any[6, 11, 19, 25, 30, 37, 45, 53]",6,53
560,2026-01-31T13:20:00.0,2026-01-12T18:57:45.531,"Any[53, 45, 37, 30, 25, 19, 11, 6, 1]",53,1
565,2026-01-31T13:20:00.0,2026-01-19T18:57:45.531,"Any[64, 53, 45, 37, 30, 25, 19, 13, 8]",64,8
574,2026-01-31T13:20:00.0,2026-01-12T18:57:45.531,"Any[56, 45, 37, 30, 25, 19, 13, 8]",56,8
581,2026-01-31T13:20:00.0,2026-01-26T18:57:45.531,"Any[10, 19, 25, 30, 37, 45, 53]",10,53
583,2026-01-31T13:20:00.0,2026-01-12T18:57:45.531,"Any[60, 53, 45, 37, 30, 25, 19, 11, 6]",60,6
592,2026-01-31T13:20:00.0,2026-01-12T18:57:45.531,"Any[64, 53, 45, 37, 30, 25, 19, 13, 8]",64,8
599,2026-01-31T13:20:00.0,2026-01-26T18:57:45.531,"Any[53, 45, 37, 30, 25, 19, 11, 6, 1]",53,1
601,2026-01-31T13:20:00.0,2026-01-19T18:57:45.531,"Any[53, 45, 37, 30, 25, 19, 11, 6, 1]",53,1
602,2026-01-31T13:20:00.0,2026-02-02T18:57:45.531,"Any[53, 45, 37, 30, 25, 19, 10]",53,10
606,2026-01-31T13:20:00.0,2026-02-02T18:57:45.531,"Any[8, 13, 19, 25, 30, 37, 45, 53]",8,53
608,2026-01-31T13:20:00.0,2026-02-02T18:57:45.531,"Any[53, 45, 37, 30, 25, 19, 13, 8]",53,8
620,2026-01-31T13:20:00.0,2026-02-02T18:57:45.531,"Any[8, 13, 19, 25, 30, 37, 45]",8,45
623,2026-01-31T13:20:00.0,2026-02-02T18:57:45.531,"Any[60, 56, 45, 37, 30, 25, 19, 11, 6, 1]",60,1
629,2026-01-31T13:20:00.0,2026-01-19T18:57:45.531,"Any[8, 13, 19, 25, 30, 37, 45, 53, 62]",8,62
633,2026-01-31T13:20:00.0,2026-01-19T18:57:45.531,"Any[6, 11, 16, 25, 30, 37, 45, 56]",6,56
635,2026-01-31T13:20:00.0,2026-01-12T18:57:45.531,"Any[53, 45, 37, 30, 25, 19, 10]",53,10
636,2026-01-31T13:20:00.0,2026-01-12T18:57:45.531,"Any[60, 56, 45, 37, 30, 25, 19, 11, 6]",60,6
638,2026-01-31T13:20:00.0,2026-01-26T18:57:45.531,"Any[53, 45, 37, 30, 25, 19, 13, 8]",53,8
643,2026-01-31T13:20:00.0,2026-01-19T18:57:45.531,"Any[25, 30, 37, 45, 56]",25,56
646,2026-01-31T13:20:00.0,2026-02-02T18:57:45.531,"Any[1, 6, 11, 19, 25, 30, 37, 45, 56]",1,56
648,2026-01-31T13:20:00.0,2026-01-26T18:57:45.531,"Any[45, 37, 30, 25, 19, 11, 6, 1]",45,1
649,2026-01-31T13:20:00.0,2026-01-19T18:57:45.531,"Any[53, 45, 37, 30, 25, 19, 10]",53,10
653,2026-01-31T13:20:00.0,2026-01-19T18:57:45.531,"Any[60, 53, 45, 37, 30, 25, 19, 11, 6, 1]",60,1
658,2026-01-31T13:20:00.0,2026-01-19T18:57:45.531,"Any[53, 45, 37, 30, 25, 19, 11, 6, 1]",53,1
660,2026-01-31T13:20:00.0,2026-01-26T18:57:45.531,"Any[60, 53, 45, 37, 30, 25]",60,25
665,2026-01-31T13:20:00.0,2026-01-12T18:57:45.531,"Any[10, 19, 25, 30, 37, 45, 53]",10,53
674,2026-01-31T13:20:00.0,2026-01-19T18:57:45.531,"Any[56, 45, 37, 30, 25, 19, 11, 6]",56,6
675,2026-01-31T13:20:00.0,2026-01-12T18:57:45.531,"Any[64, 60, 53, 45, 37, 30, 25, 19, 13, 8]",64,8
680,2026-01-31T13:20:00.0,2026-01-12T18:57:45.531,"Any[19, 25, 30, 37, 45, 56]",19,56
682,2026-01-31T13:20:00.0,2026-01-26T18:57:45.531,"Any[19, 17, 25, 30, 37, 45, 53]",19,53
684,2026-01-31T13:20:00.0,2026-01-12T18:57:45.531,"Any[64, 60, 53, 45, 37, 30, 25, 19, 13, 8]",64,8
685,2026-01-31T13:20:00.0,2026-01-12T18:57:45.531,"Any[60, 53, 45, 37, 30, 25, 19, 11, 6, 1]",60,1
686,2026-01-31T13:20:00.0,2026-01-19T18:57:45.531,"Any[60, 56, 53, 45, 37, 30, 25, 19, 11, 6]",60,6
692,2026-01-31T13:20:00.0,2026-02-02T18:57:45.531,"Any[6, 11, 19, 25, 30, 37, 45, 56]",6,56
694,2026-01-31T13:20:00.0,2026-01-19T18:57:45.531,"Any[6, 11, 19, 25, 30, 37, 45, 56]",6,56
695,2026-01-31T13:20:00.0,2026-01-12T18:57:45.531,"Any[53, 45, 37, 30, 25, 19, 13, 8]",53,8
703,2026-01-31T13:20:00.0,2026-02-02T18:57:45.531,"Any[8, 13, 19, 25, 30, 37, 45, 56]",8,56
707,2026-01-31T13:20:00.0,2026-01-19T18:57:45.531,"Any[56, 45, 37, 30, 25, 19, 13, 8]",56,8
708,2026-01-31T13:20:00.0,2026-01-26T18:57:45.531,"Any[60, 53, 45, 37, 30, 25, 19, 10]",60,10
711,2026-01-31T13:20:00.0,2026-01-26T18:57:45.531,"Any[60, 56, 45, 37, 30, 25, 19]",60,19
714,2026-01-31T13:20:00.0,2026-01-12T18:57:45.531,"Any[53, 45, 37, 30, 25, 19, 13, 8]",53,8
715,2026-01-31T13:20:00.0,2026-01-19T18:57:45.531,"Any[56, 45, 37, 30, 25, 19, 11, 6]",56,6
720,2026-01-31T13:20:00.0,2026-01-12T18:57:45.531,"Any[53, 45, 37, 30, 25, 19, 11, 6, 1]",53,1
722,2026-01-31T13:20:00.0,2026-01-12T18:57:45.531,"Any[60, 53, 45, 37, 30, 25, 19]",60,19
724,2026-01-31T13:20:00.0,2026-01-19T18:57:45.531,"Any[60, 56, 45, 37, 30, 25, 19, 11, 6]",60,6
725,2026-01-31T13:20:00.0,2026-01-19T18:57:45.531,"Any[8, 13, 19, 25, 30, 37, 45]",8,45
728,2026-01-31T13:20:00.0,2026-01-26T18:57:45.531,"Any[45, 37, 30, 25]",45,25
732,2026-01-31T13:20:00.0,2026-01-19T18:57:45.531,"Any[53, 45, 37, 30, 25, 19, 11, 6, 1]",53,1
734,2026-01-31T13:20:00.0,2026-01-12T18:57:45.531,"Any[8, 13, 19, 25, 30, 37, 45, 53]",8,53
745,2026-01-31T13:20:00.0,2026-01-12T18:57:45.531,"Any[64, 53, 45, 37, 30, 25, 19, 13, 8]",64,8
747,2026-01-31T13:20:00.0,2026-02-02T18:57:45.531,"Any[53, 45, 37, 30, 25, 19, 13, 8]",53,8
748,2026-01-31T13:20:00.0,2026-01-19T18:57:45.531,"Any[8, 13, 19, 25, 30, 37, 45, 56]",8,56
754,2026-01-31T13:20:00.0,2026-02-02T18:57:45.531,"Any[60, 56, 45, 37, 30, 25, 19, 11, 6]",60,6
756,2026-01-31T13:20:00.0,2026-02-02T18:57:45.531,"Any[19, 25, 30, 37, 45, 56]",19,56
758,2026-01-31T13:20:00.0,2026-01-19T18:57:45.531,"Any[45, 37, 30, 25]",45,25
763,2026-01-31T13:20:00.0,2026-01-19T18:57:45.531,"Any[6, 11, 19, 25, 30, 37, 45, 56]",6,56
770,2026-01-31T13:20:00.0,2026-02-02T18:57:45.531,"Any[53, 45, 37, 30, 25, 19, 10]",53,10
772,2026-01-31T13:20:00.0,2026-01-19T18:57:45.531,"Any[53, 45, 37, 30, 25, 19, 10]",53,10
775,2026-01-31T13:20:00.0,2026-01-26T18:57:45.531,"Any[56, 45, 37, 30, 25, 19, 13, 8]",56,8
776,2026-01-31T13:20:00.0,2026-01-26T18:57:45.531,"Any[1, 6, 11, 19, 25, 30, 37, 45, 53]",1,53
779,2026-01-31T13:20:00.0,2026-02-02T18:57:45.531,"Any[3, 10, 19, 25, 30, 37, 45, 53, 60]",3,60
780,2026-01-31T13:20:00.0,2026-02-02T18:57:45.531,"Any[14, 19, 25, 30, 37, 45, 53]",14,53
783,2026-01-31T13:20:00.0,2026-01-19T18:57:45.531,"Any[53, 45, 37, 30, 25, 19, 11, 6, 1]",53,1
792,2026-01-31T13:20:00.0,2026-01-26T18:57:45.531,"Any[8, 13, 19, 25, 30, 37, 45, 56]",8,56
793,2026-01-31T13:20:00.0,2026-02-02T18:57:45.531,"Any[6, 11, 19, 25, 30, 37, 45, 56]",6,56
807,2026-01-31T13:20:00.0,2026-01-12T18:57:45.531,"Any[8, 13, 19, 25, 30, 37, 45]",8,45
810,2026-01-31T13:20:00.0,2026-01-19T18:57:45.531,"Any[60, 56, 45, 37, 30, 25, 19, 11, 6]",60,6
829,2026-01-31T13:20:00.0,2026-01-12T18:57:45.531,"Any[53, 45, 37, 30, 25, 19, 13, 8]",53,8
836,2026-01-31T13:20:00.0,2026-02-02T18:57:45.531,"Any[53, 45, 37, 30, 25]",53,25
838,2026-01-31T13:20:00.0,2026-02-02T18:57:45.531,"Any[56, 45, 37, 30, 25, 19]",56,19
841,2026-01-31T13:20:00.0,2026-01-12T18:57:45.531,"Any[1, 6, 11, 19, 25, 30, 37, 45, 56]",1,56
843,2026-01-31T13:20:00.0,2026-01-19T18:57:45.531,"Any[60, 56, 45, 37, 30, 25, 19, 13, 8]",60,8
844,2026-01-31T13:20:00.0,2026-01-19T18:57:45.531,"Any[10, 19, 25, 30, 37, 45, 53]",10,53
849,2026-01-31T13:20:00.0,2026-01-26T18:57:45.531,"Any[60, 56, 45, 37, 30, 25]",60,25
850,2026-01-31T13:20:00.0,2026-01-12T18:57:45.531,"Any[10, 19, 25, 30, 37, 45, 53]",10,53
858,2026-01-31T13:20:00.0,2026-01-26T18:57:45.531,"Any[8, 13, 19, 25, 30, 37, 45, 56]",8,56
871,2026-01-31T13:20:00.0,2026-01-26T18:57:45.531,"Any[53, 45, 37, 30, 25, 19, 13, 8]",53,8
886,2026-01-31T13:20:00.0,2026-01-19T18:57:45.531,"Any[53, 45, 37, 30, 25, 19, 11, 6]",53,6
889,2026-01-31T13:20:00.0,2026-02-02T18:57:45.531,"Any[5, 6, 11, 19, 25, 30, 37, 45, 56]",5,56
898,2026-01-31T13:20:00.0,2026-01-12T18:57:45.531,"Any[10, 19, 25, 30, 37, 45, 53, 60]",10,60
899,2026-01-31T13:20:00.0,2026-01-12T18:57:45.531,"Any[19, 25, 30, 37, 30, 37, 45, 53]",19,53
915,2026-01-31T13:20:00.0,2026-01-26T18:57:45.531,"Any[25, 30, 37, 45, 56]",25,56
931,2026-01-31T13:20:00.0,2026-01-12T18:57:45.531,"Any[56, 45, 37, 30, 25]",56,25
934,2026-01-31T13:20:00.0,2026-01-26T18:57:45.531,"Any[53, 45, 37, 30, 25, 19, 11, 6, 1]",53,1
936,2026-01-31T13:20:00.0,2026-01-19T18:57:45.531,"Any[53, 45, 37, 30, 25]",53,25
938,2026-01-31T13:20:00.0,2026-01-12T18:57:45.531,"Any[8, 13, 19, 25, 30, 37, 45, 56, 60]",8,60
959,2026-01-31T13:20:00.0,2026-02-02T18:57:45.531,"Any[64, 60, 56, 45, 37, 30, 25, 19, 13, 8]",64,8
963,2026-01-31T13:20:00.0,2026-01-12T18:57:45.531,"Any[8, 13, 19, 25, 30, 37, 45, 56]",8,56
964,2026-01-31T13:20:00.0,2026-01-19T18:57:45.531,"Any[56, 45, 37, 30, 25, 19, 11, 6, 6, 1]",56,6
972,2026-01-31T13:20:00.0,2026-01-19T18:57:45.531,"Any[19, 25, 30, 37, 45, 53]",19,53
976,2026-01-31T13:20:00.0,2026-02-02T18:57:45.531,"Any[8, 13, 19, 25, 30, 37, 45, 56]",8,56
984,2026-01-31T13:20:00.0,2026-01-26T18:57:45.531,"Any[53, 45, 37, 30, 25, 19, 11, 6, 1]",53,1
987,2026-01-31T13:20:00.0,2026-01-19T18:57:45.531,"Any[7, 8, 13, 19, 25, 30, 37, 45, 53, 60]",7,60
992,2026-01-31T13:20:00.0,2026-01-26T18:57:45.531,"Any[60, 53, 45, 37, 30, 25, 19, 13, 8]",60,8
995,2026-01-31T13:20:00.0,2026-02-02T18:57:45.531,"Any[64, 60, 53, 45, 37, 30, 25, 19, 10]",64,10
996,2026-01-31T13:20:00.0,2026-01-19T18:57:45.531,"Any[45, 37, 30, 25, 19, 10]",45,10
1003,2026-01-31T13:20:00.0,2026-01-26T18:57:45.531,"Any[10, 11, 19, 25, 30, 37, 45, 53]",10,53
1012,2026-01-31T13:20:00.0,2026-02-02T18:57:45.531,"Any[53, 45, 37, 30, 25, 19]",53,19
1015,2026-01-31T13:20:00.0,2026-01-26T18:57:45.531,"Any[6, 11, 19, 25, 30, 37, 45]",6,45
1023,2026-01-31T13:20:00.0,2026-01-26T18:57:45.531,"Any[56, 45, 37, 30, 25, 19, 13, 8]",56,8
1037,2026-01-31T13:20:00.0,2026-01-26T18:57:45.531,"Any[56, 45, 37, 30, 25, 19, 11, 6, 6]",56,6
1040,2026-01-31T13:20:00.0,2026-01-26T18:57:45.531,"Any[7, 8, 13, 19, 25, 30, 37, 45, 53]",7,53
1050,2026-01-31T13:20:00.0,2026-01-19T18:57:45.531,"Any[53, 45, 37, 30, 25, 19]",53,19
1053,2026-01-31T13:20:00.0,2026-02-02T18:57:45.531,"Any[60, 56, 53, 45, 37, 30, 25, 19, 11, 6]",60,6
1057,2026-01-31T13:20:00.0,2026-01-12T18:57:45.531,"Any[3, 10, 19, 25, 30, 37, 45, 53]",3,53
1058,2026-01-31T13:20:00.0,2026-01-12T18:57:45.531,"Any[3, 10, 19, 25, 30, 37, 45, 53]",3,53
1060,2026-01-31T13:20:00.0,2026-01-12T18:57:45.531,"Any[53, 45, 37, 30, 25, 19, 10]",53,10
1068,2026-01-31T13:20:00.0,2026-02-02T18:57:45.531,"Any[64, 56, 45, 37, 30, 25, 19, 11, 6]",64,6
1070,2026-01-31T13:20:00.0,2026-01-19T18:57:45.531,"Any[19, 25, 30, 37, 45, 56]",19,56
1073,2026-01-31T13:20:00.0,2026-02-02T18:57:45.531,"Any[62, 45, 37, 30, 25, 19]",62,19
1078,2026-01-31T13:20:00.0,2026-01-19T18:57:45.531,"Any[6, 11, 19, 25, 30, 37, 45]",6,45
1081,2026-01-31T13:20:00.0,2026-01-12T18:57:45.531,"Any[8, 13, 19, 25, 30, 37, 45, 56]",8,56
1089,2026-01-31T13:20:00.0,2026-02-02T18:57:45.531,"Any[60, 56, 45, 37, 30, 25, 19]",60,19
1090,2026-01-31T13:20:00.0,2026-01-19T18:57:45.531,"Any[19, 25, 30, 37, 45, 53]",19,53
1092,2026-01-31T13:20:00.0,2026-01-26T18:57:45.531,"Any[60, 53, 45, 37, 30, 25]",60,25
1094,2026-01-31T13:20:00.0,2026-01-19T18:57:45.531,"Any[10, 19, 25, 30, 37, 45, 53, 60]",10,60
1095,2026-01-31T13:20:00.0,2026-01-26T18:57:45.531,"Any[10, 19, 25, 30, 37, 45, 53]",10,53
1099,2026-01-31T13:20:00.0,2026-01-26T18:57:45.531,"Any[6, 11, 19, 25, 30, 37, 45, 53]",6,53
1105,2026-01-31T13:20:00.0,2026-01-19T18:57:45.531,"Any[25, 30, 37, 45, 56]",25,56
1107,2026-01-31T13:20:00.0,2026-01-12T18:57:45.531,"Any[53, 45, 37, 30, 25, 19, 13, 8]",53,8
1110,2026-01-31T13:20:00.0,2026-01-19T18:57:45.531,"Any[60, 56, 45, 37, 30, 25, 19, 13, 8]",60,8
1114,2026-01-31T13:20:00.0,2026-01-19T18:57:45.531,"Any[53, 45, 37, 30, 25, 19, 11, 6, 1]",53,1
1117,2026-01-31T13:20:00.0,2026-01-19T18:57:45.531,"Any[60, 56, 45, 37, 30, 25]",60,25
1123,2026-01-31T13:20:00.0,2026-01-12T18:57:45.531,"Any[19, 25, 30, 37, 45, 56]",19,56
1132,2026-01-31T13:20:00.0,2026-01-26T18:57:45.531,"Any[56, 45, 37, 30, 25]",56,25
1134,2026-01-31T13:20:00.0,2026-01-12T18:57:45.531,"Any[10, 19, 25, 30, 37, 45, 53]",10,53
1135,2026-01-31T13:20:00.0,2026-01-19T18:57:45.531,"Any[19, 25, 30, 37, 45, 53]",19,53
1140,2026-01-31T13:20:00.0,2026-02-02T18:57:45.531,"Any[19, 25, 30, 37, 45, 53]",19,53
1142,2026-01-31T13:20:00.0,2026-01-26T18:57:45.531,"Any[1, 6, 11, 19, 25, 30, 37, 45, 53]",1,53
1156,2026-01-31T13:20:00.0,2026-02-02T18:57:45.531,"Any[64, 60, 53, 45, 37, 30, 25, 19, 10]",64,10
1159,2026-01-31T13:20:00.0,2026-01-19T18:57:45.531,"Any[56, 45, 37, 30, 25, 19, 13, 8]",56,8
1160,2026-01-31T13:20:00.0,2026-02-02T18:57:45.531,"Any[8, 13, 19, 25, 30, 37, 45, 56]",8,56
1166,2026-01-31T13:20:00.0,2026-01-26T18:57:45.531,"Any[53, 45, 37, 30, 25, 19, 11, 6, 1]",53,1
1176,2026-01-31T13:20:00.0,2026-01-12T18:57:45.531,"Any[60, 56, 45, 37, 30, 25, 19, 10]",60,10
1178,2026-01-31T13:20:00.0,2026-02-02T18:57:45.531,"Any[53, 45, 37, 30, 25, 19, 10]",53,10
1188,2026-01-31T13:20:00.0,2026-02-02T18:57:45.531,"Any[60, 56, 45, 37, 30, 25, 19, 13, 8]",60,8
1191,2026-01-31T13:20:00.0,2026-01-19T18:57:45.531,"Any[56, 45, 37, 30, 25, 19]",56,19
1192,2026-01-31T13:20:00.0,2026-01-12T18:57:45.531,"Any[1, 6, 11, 19, 25, 30, 37, 45, 53, 60]",1,60
1206,2026-01-31T13:20:00.0,2026-01-12T18:57:45.531,"Any[64, 60, 53, 45, 37, 30, 25, 19, 11, 6, 1]",64,1
1225,2026-01-31T13:20:00.0,2026-01-26T18:57:45.531,"Any[60, 56, 45, 37, 30, 25, 19]",60,19
1227,2026-01-31T13:20:00.0,2026-01-12T18:57:45.531,"Any[1, 6, 11, 19, 23, 36, 44, 54, 60]",1,60
1228,2026-01-31T13:20:00.0,2026-01-26T18:57:45.531,"Any[56, 45, 37, 30, 25, 19, 11, 6]",56,6
1237,2026-01-31T13:20:00.0,2026-01-12T18:57:45.531,"Any[10, 19, 25, 30, 37, 45, 53, 60]",10,60
1239,2026-01-31T13:20:00.0,2026-01-19T18:57:45.531,"Any[13, 19, 25, 30, 37, 45, 56]",13,56
1241,2026-01-31T13:20:00.0,2026-02-02T18:57:45.531,"Any[8, 13, 19, 25, 30, 37, 45, 56]",8,56
1246,2026-01-31T13:20:00.0,2026-02-02T18:57:45.531,"Any[3, 10, 19, 25, 30, 37, 45, 53]",3,53
1257,2026-01-31T13:20:00.0,2026-01-19T18:57:45.531,"Any[6, 11, 19, 25, 30, 37, 45]",6,45
1262,2026-01-31T13:20:00.0,2026-01-26T18:57:45.531,"Any[25, 30, 37, 45, 56]",25,56
1263,2026-01-31T13:20:00.0,2026-01-19T18:57:45.531,"Any[56, 45, 37, 30, 25, 19, 11, 6, 1]",56,1
1266,2026-01-31T13:20:00.0,2026-01-19T18:57:45.531,"Any[1, 6, 11, 19, 25, 30, 37, 45, 56]",1,56
1270,2026-01-31T13:20:00.0,2026-01-26T18:57:45.531,"Any[53, 45, 37, 30, 25]",53,25
1275,2026-01-31T13:20:00.0,2026-02-02T18:57:45.531,"Any[8, 13, 19, 25, 30, 37, 45, 56]",8,56
1297,2026-01-31T13:20:00.0,2026-01-19T18:57:45.531,"Any[53, 45, 37, 30, 25, 19, 10]",53,10
1303,2026-01-31T13:20:00.0,2026-01-19T18:57:45.531,"Any[64, 60, 53, 45, 37, 30, 25, 19, 11, 6, 6, 1]",64,6
1304,2026-01-31T13:20:00.0,2026-02-02T18:57:45.531,"Any[10, 19, 25, 30, 37, 45, 53]",10,53
1313,2026-01-31T13:20:00.0,2026-01-19T18:57:45.531,"Any[25, 30, 37, 45, 56]",25,56
1324,2026-01-31T13:20:00.0,2026-01-12T18:57:45.531,"Any[53, 45, 37, 30, 25, 19, 10]",53,10
1327,2026-01-31T13:20:00.0,2026-01-12T18:57:45.531,"Any[53, 45, 37, 30, 25, 19, 10]",53,10
1339,2026-01-31T13:20:00.0,2026-02-02T18:57:45.531,"Any[60, 56, 45, 37, 30, 25, 19, 11, 6]",60,6
1341,2026-01-31T13:20:00.0,2026-01-12T18:57:45.531,"Any[8, 13, 19, 25, 30, 37, 45]",8,45
1347,2026-01-31T13:20:00.0,2026-02-02T18:57:45.531,"Any[60, 56, 45, 37, 30, 25, 19, 11, 6]",60,6
1350,2026-01-31T13:20:00.0,2026-01-12T18:57:45.531,"Any[53, 45, 37, 30, 25, 19, 11, 6, 1]",53,1
1351,2026-01-31T13:20:00.0,2026-01-12T18:57:45.531,"Any[56, 45, 37, 30, 25, 19, 13, 8]",56,8
1359,2026-01-31T13:20:00.0,2026-02-02T18:57:45.531,"Any[10, 19, 25, 30, 37, 45]",10,45
1364,2026-01-31T13:20:00.0,2026-01-26T18:57:45.531,"Any[60, 56, 45, 37, 30, 25]",60,25
1370,2026-01-31T13:20:00.0,2026-02-02T18:57:45.531,"Any[10, 11, 19, 25, 30, 37, 45, 53]",10,53
1376,2026-01-31T13:20:00.0,2026-02-02T18:57:45.531,"Any[56, 45, 37, 30, 25, 19, 11, 6]",56,6
1388,2026-01-31T13:20:00.0,2026-02-02T18:57:45.531,"Any[8, 13, 19, 25, 30, 37, 45, 56]",8,56
1390,2026-01-31T13:20:00.0,2026-01-12T18:57:45.531,"Any[53, 45, 37, 30, 25, 19, 10]",53,10
1394,2026-01-31T13:20:00.0,2026-01-19T18:57:45.531,"Any[64, 60, 56, 45, 37, 30, 25, 19, 13, 8]",64,8
1401,2026-01-31T13:20:00.0,2026-01-19T18:57:45.531,"Any[19, 25, 30, 37, 45, 53]",19,53
1405,2026-01-31T13:20:00.0,2026-01-12T18:57:45.531,"Any[60, 56, 45, 37, 30, 25, 19, 11, 6]",60,6
1410,2026-01-31T13:20:00.0,2026-01-12T18:57:45.531,"Any[60, 53, 45, 37, 30, 25, 19, 10]",60,10
1425,2026-01-31T13:20:00.0,2026-02-02T18:57:45.531,"Any[1, 6, 11, 19, 25, 30, 37, 45, 53, 60]",1,60
1426,2026-01-31T13:20:00.0,2026-01-26T18:57:45.531,"Any[54, 44, 36, 23, 19, 11, 6]",54,6
1429,2026-01-31T13:20:00.0,2026-01-19T18:57:45.531,"Any[53, 45, 37, 30, 25, 19, 10]",53,10
1430,2026-01-31T13:20:00.0,2026-01-26T18:57:45.531,"Any[8, 13, 19, 25, 30, 37, 45, 56]",8,56
1433,2026-01-31T13:20:00.0,2026-01-26T18:57:45.531,"Any[19, 17, 25, 30, 37, 45, 53, 60]",19,60
1435,2026-01-31T13:20:00.0,2026-01-19T18:57:45.531,"Any[10, 11, 19, 25, 30, 37, 45, 53]",10,53
1437,2026-01-31T13:20:00.0,2026-01-26T18:57:45.531,"Any[56, 45, 37, 30, 25, 19, 11, 6]",56,6
1438,2026-01-31T13:20:00.0,2026-01-26T18:57:45.531,"Any[8, 13, 19, 25, 30, 37, 45, 53]",8,53
1440,2026-01-31T13:20:00.0,2026-02-02T18:57:45.531,"Any[6, 11, 19, 25, 30, 37, 45]",6,45
1441,2026-01-31T13:20:00.0,2026-02-02T18:57:45.531,"Any[7, 8, 13, 19, 25, 30, 37, 45, 53]",7,53
1446,2026-01-31T13:20:00.0,2026-01-12T18:57:45.531,"Any[6, 11, 19, 25, 30, 37, 45, 56, 60]",6,60
1451,2026-01-31T13:20:00.0,2026-01-26T18:57:45.531,"Any[6, 11, 19, 25, 30, 37, 45]",6,45
1453,2026-01-31T13:20:00.0,2026-01-19T18:57:45.531,"Any[10, 19, 25, 30, 37, 45, 53]",10,53
1464,2026-01-31T13:20:00.0,2026-01-19T18:57:45.531,"Any[1, 6, 11, 19, 25, 30, 37, 45, 53]",1,53
1476,2026-01-31T13:20:00.0,2026-01-19T18:57:45.531,"Any[53, 45, 37, 30, 25, 19, 11, 6, 1]",53,1
1481,2026-01-31T13:20:00.0,2026-01-26T18:57:45.531,"Any[19, 25, 30, 37, 45, 56, 60]",19,60
1486,2026-01-31T13:20:00.0,2026-01-19T18:57:45.531,"Any[7, 8, 13, 19, 25, 30, 37, 45, 53]",7,53
1487,2026-01-31T13:20:00.0,2026-02-02T18:57:45.531,"Any[8, 13, 19, 25, 30, 37, 45, 56]",8,56
1498,2026-01-31T13:20:00.0,2026-02-02T18:57:45.531,"Any[19, 25, 30, 37, 45, 56]",19,56
1506,2026-01-31T13:20:00.0,2026-01-26T18:57:45.531,"Any[19, 25, 30, 37, 45, 53]",19,53
1508,2026-01-31T13:20:00.0,2026-01-26T18:57:45.531,"Any[60, 53, 45, 37, 30, 25, 19]",60,19
1513,2026-01-31T13:20:00.0,2026-01-12T18:57:45.531,"Any[60, 53, 45, 37, 30, 25, 19, 10]",60,10
1548,2026-01-31T13:20:00.0,2026-01-26T18:57:45.531,"Any[53, 45, 37, 30, 25, 19, 11, 6, 1]",53,1
1552,2026-01-31T13:20:00.0,2026-01-26T18:57:45.531,"Any[64, 60, 53, 45, 37, 30, 25, 19, 10]",64,10
1573,2026-01-31T13:20:00.0,2026-01-19T18:57:45.531,"Any[64, 53, 45, 37, 30, 25, 19, 13, 8]",64,8
1592,2026-01-31T13:20:00.0,2026-01-19T18:57:45.531,"Any[8, 13, 19, 25, 30, 37, 45, 53]",8,53
1594,2026-01-31T13:20:00.0,2026-01-19T18:57:45.531,"Any[53, 45, 37, 30, 25]",53,25
1598,2026-01-31T13:20:00.0,2026-01-19T18:57:45.531,"Any[6, 11, 19, 25, 30, 37, 45, 53]",6,53
1599,2026-01-31T13:20:00.0,2026-01-19T18:57:45.531,"Any[64, 53, 45, 37, 30, 25, 19, 13, 8]",64,8
1600,2026-01-31T13:20:00.0,2026-01-19T18:57:45.531,"Any[1, 6, 11, 16, 25, 30, 37, 45, 56]",1,56
1614,2026-01-31T13:20:00.0,2026-01-19T18:57:45.531,"Any[64, 60, 56, 45, 37, 30, 25, 19, 11, 6]",64,6
1617,2026-01-31T13:20:00.0,2026-02-02T18:57:45.531,"Any[45, 37, 30, 25]",45,25
1625,2026-01-31T13:20:00.0,2026-01-26T18:57:45.531,"Any[53, 45, 37, 30, 25, 19, 10]",53,10
1633,2026-01-31T13:20:00.0,2026-01-12T18:57:45.531,"Any[45, 37, 30, 25, 19]",45,19
1643,2026-01-31T13:20:00.0,2026-01-12T18:57:45.531,"Any[13, 19, 25, 30, 37, 45, 56]",13,56
1644,2026-01-31T13:20:00.0,2026-02-02T18:57:45.531,"Any[10, 19, 25, 30, 37, 45, 53]",10,53
1647,2026-01-31T13:20:00.0,2026-01-26T18:57:45.531,"Any[25, 30, 37, 45, 56, 60, 64]",25,64
1652,2026-01-31T13:20:00.0,2026-01-12T18:57:45.531,"Any[53, 45, 37, 30, 25, 19, 11, 6, 1]",53,1
1665,2026-01-31T13:20:00.0,2026-02-02T18:57:45.531,"Any[19, 25, 30, 37, 45]",19,45
1666,2026-01-31T13:20:00.0,2026-01-12T18:57:45.531,"Any[62, 56, 45, 37, 30, 25, 19]",62,19
1667,2026-01-31T13:20:00.0,2026-01-26T18:57:45.531,"Any[45, 37, 30, 25]",45,25
1673,2026-01-31T13:20:00.0,2026-01-12T18:57:45.531,"Any[60, 56, 45, 37, 30, 25, 19, 11, 10, 3]",60,3
1674,2026-01-31T13:20:00.0,2026-01-19T18:57:45.531,"Any[1, 6, 11, 19, 25, 30, 37, 45, 56]",1,56
1677,2026-01-31T13:20:00.0,2026-01-12T18:57:45.531,"Any[56, 45, 37, 30, 25, 19, 13, 8]",56,8
1680,2026-01-31T13:20:00.0,2026-01-19T18:57:45.531,"Any[53, 45, 37, 30, 25, 19, 13, 8]",53,8
1688,2026-01-31T13:20:00.0,2026-01-19T18:57:45.531,"Any[6, 11, 19, 25, 30, 37, 45, 56]",6,56
1690,2026-01-31T13:20:00.0,2026-02-02T18:57:45.531,"Any[53, 45, 37, 30, 25, 19, 11, 6, 1]",53,1
1696,2026-01-31T13:20:00.0,2026-01-12T18:57:45.531,"Any[6, 11, 19, 25, 30, 37, 45, 53]",6,53
1699,2026-01-31T13:20:00.0,2026-02-02T18:57:45.531,"Any[19, 25, 30, 37, 45, 56]",19,56
1701,2026-01-31T13:20:00.0,2026-02-02T18:57:45.531,"Any[10, 19, 25, 30, 37, 45, 56]",10,56
1705,2026-01-31T13:20:00.0,2026-01-12T18:57:45.531,"Any[19, 25, 30, 37, 45, 56]",19,56
1733,2026-01-31T13:20:00.0,2026-01-26T18:57:45.531,"Any[45, 37, 30, 25, 19]",45,19
1739,2026-01-31T13:20:00.0,2026-01-19T18:57:45.531,"Any[53, 45, 37, 30, 25, 19, 11, 6, 1]",53,1
1753,2026-01-31T13:20:00.0,2026-02-02T18:57:45.531,"Any[53, 45, 37, 30, 25, 19, 10]",53,10
1760,2026-01-31T13:20:00.0,2026-01-12T18:57:45.531,"Any[62, 56, 45, 37, 30, 25, 19]",62,19
1765,2026-01-31T13:20:00.0,2026-01-12T18:57:45.531,"Any[6, 11, 19, 25, 30, 37, 45]",6,45
1785,2026-01-31T13:20:00.0,2026-02-02T18:57:45.531,"Any[19, 25, 30, 37, 45, 53, 60]",19,60
1788,2026-01-31T13:20:00.0,2026-02-02T18:57:45.531,"Any[17, 25, 30, 37, 45, 53, 60]",17,60
1789,2026-01-31T13:20:00.0,2026-01-19T18:57:45.531,"Any[7, 8, 13, 19, 25, 30, 37, 45, 53]",7,53
1793,2026-01-31T13:20:00.0,2026-01-12T18:57:45.531,"Any[7, 8, 13, 19, 25, 30, 37, 45, 53, 60]",7,60
1796,2026-01-31T13:20:00.0,2026-01-19T18:57:45.531,"Any[19, 25, 30, 37, 45, 53, 60]",19,60
1803,2026-01-31T13:20:00.0,2026-02-02T18:57:45.531,"Any[6, 11, 19, 25, 30, 37, 45, 56]",6,56
1815,2026-01-31T13:20:00.0,2026-01-19T18:57:45.531,"Any[53, 45, 37, 30, 25, 19, 11, 6, 1]",53,1
1816,2026-01-31T13:20:00.0,2026-02-02T18:57:45.531,"Any[17, 25, 30, 37, 45, 53]",17,53
1819,2026-01-31T13:20:00.0,2026-01-12T18:57:45.531,"Any[8, 13, 19, 25, 30, 37, 45, 56]",8,56
1823,2026-01-31T13:20:00.0,2026-01-19T18:57:45.531,"Any[1, 6, 11, 19, 25, 30, 37, 45, 56]",1,56
1829,2026-01-31T13:20:00.0,2026-01-26T18:57:45.531,"Any[60, 56, 45, 37, 30, 25, 19]",60,19
1830,2026-01-31T13:20:00.0,2026-01-19T18:57:45.531,"Any[56, 45, 37, 30, 25, 19, 11, 6]",56,6
1835,2026-01-31T13:20:00.0,2026-02-02T18:57:45.531,"Any[53, 45, 37, 30, 25, 19, 13, 8]",53,8
1840,2026-01-31T13:20:00.0,2026-01-12T18:57:45.531,"Any[10, 19, 25, 30, 37, 45, 53]",10,53
1842,2026-01-31T13:20:00.0,2026-01-12T18:57:45.531,"Any[53, 45, 37, 30, 25]",53,25
1847,2026-01-31T13:20:00.0,2026-01-19T18:57:45.531,"Any[60, 56, 45, 37, 30, 25]",60,25
1850,2026-01-31T13:20:00.0,2026-01-12T18:57:45.531,"Any[17, 16, 17, 25, 30, 37, 45, 53, 60]",17,60
1854,2026-01-31T13:20:00.0,2026-01-19T18:57:45.531,"Any[3, 10, 19, 25, 30, 37, 45, 53, 60]",3,60
1856,2026-01-31T13:20:00.0,2026-01-26T18:57:45.531,"Any[6, 11, 19, 25, 30, 37, 45, 56]",6,56
1867,2026-01-31T13:20:00.0,2026-01-19T18:57:45.531,"Any[56, 45, 37, 30, 25]",56,25
1869,2026-01-31T13:20:00.0,2026-01-26T18:57:45.531,"Any[62, 45, 37, 30, 25, 19]",62,19
1888,2026-01-31T13:20:00.0,2026-01-12T18:57:45.531,"Any[53, 45, 37, 30, 25, 19, 11, 6, 1]",53,1
1891,2026-01-31T13:20:00.0,2026-01-19T18:57:45.531,"Any[56, 45, 37, 30, 25, 19, 13, 8]",56,8
1894,2026-01-31T13:20:00.0,2026-01-26T18:57:45.531,"Any[19, 25, 30, 37, 45, 56, 60]",19,60
1899,2026-01-31T13:20:00.0,2026-01-26T18:57:45.531,"Any[19, 17, 25, 30, 37, 45, 53]",19,53
1905,2026-01-31T13:20:00.0,2026-01-12T18:57:45.531,"Any[10, 19, 25, 30, 37, 45, 53]",10,53
1914,2026-01-31T13:20:00.0,2026-01-12T18:57:45.531,"Any[8, 13, 19, 25, 30, 37, 45, 56]",8,56
1916,2026-01-31T13:20:00.0,2026-01-19T18:57:45.531,"Any[1, 6, 11, 19, 23, 16, 23, 36, 44, 60]",1,60
1921,2026-01-31T13:20:00.0,2026-02-02T18:57:45.531,"Any[6, 11, 19, 25, 30, 37, 45, 53]",6,53
1927,2026-01-31T13:20:00.0,2026-02-02T18:57:45.531,"Any[10, 19, 25, 30, 37, 45, 53]",10,53
1928,2026-01-31T13:20:00.0,2026-01-19T18:57:45.531,"Any[53, 45, 37, 30, 25, 19, 10]",53,10
1930,2026-01-31T13:20:00.0,2026-01-26T18:57:45.531,"Any[10, 19, 25, 30, 37, 45, 53]",10,53
1935,2026-01-31T13:20:00.0,2026-01-26T18:57:45.531,"Any[19, 25, 30, 37, 45, 53]",19,53
1947,2026-01-31T13:20:00.0,2026-01-19T18:57:45.531,"Any[53, 45, 37, 30, 25, 19, 13, 8]",53,8
1949,2026-01-31T13:20:00.0,2026-01-26T18:57:45.531,"Any[5, 10, 19, 25, 30, 37, 45, 53]",5,53
1965,2026-01-31T13:20:00.0,2026-02-02T18:57:45.531,"Any[64, 60, 53, 45, 37, 30, 25, 19, 10]",64,10
1966,2026-01-31T13:20:00.0,2026-02-02T18:57:45.531,"Any[53, 45, 37, 30, 25, 19, 10]",53,10
1979,2026-01-31T13:20:00.0,2026-01-12T18:57:45.531,"Any[56, 45, 37, 30, 25, 19, 13, 8]",56,8
1981,2026-01-31T13:20:00.0,2026-01-19T18:57:45.531,"Any[19, 25, 30, 37, 45, 56]",19,56
1984,2026-01-31T13:20:00.0,2026-01-19T18:57:45.531,"Any[53, 45, 37, 30, 25, 19, 13, 8]",53,8
1992,2026-01-31T13:20:00.0,2026-01-19T18:57:45.531,"Any[53, 45, 37, 30, 25, 19, 10]",53,10
2004,2026-01-31T13:20:00.0,2026-02-02T18:57:45.531,"Any[56, 45, 37, 30, 25, 19, 11, 6, 6, 1]",56,6
2006,2026-01-31T13:20:00.0,2026-01-12T18:57:45.531,"Any[10, 19, 25, 30, 37, 45, 53]",10,53
2009,2026-01-31T13:20:00.0,2026-01-19T18:57:45.531,"Any[8, 13, 19, 25, 30, 37, 45, 56]",8,56
2027,2026-01-31T13:20:00.0,2026-01-19T18:57:45.531,"Any[54, 44, 36, 23, 19, 11, 6]",54,6
2028,2026-01-31T13:20:00.0,2026-01-26T18:57:45.531,"Any[64, 60, 53, 45, 37, 30, 25, 19, 10]",64,10
2039,2026-01-31T13:20:00.0,2026-02-02T18:57:45.531,"Any[10, 19, 25, 30, 37, 45, 53]",10,53
2049,2026-01-31T13:20:00.0,2026-01-19T18:57:45.531,"Any[1, 6, 11, 19, 25, 30, 37, 45, 56]",1,56
2051,2026-01-31T13:20:00.0,2026-01-12T18:57:45.531,"Any[7, 8, 13, 19, 25, 30, 37, 45, 56, 60, 64]",7,64
2054,2026-01-31T13:20:00.0,2026-01-19T18:57:45.531,"Any[19, 25, 30, 37, 45, 53]",19,53
2059,2026-01-31T13:20:00.0,2026-01-12T18:57:45.531,"Any[60, 56, 45, 37, 30, 25, 19, 11, 6, 1]",60,1
2060,2026-01-31T13:20:00.0,2026-01-19T18:57:45.531,"Any[53, 45, 37, 30, 25, 19, 13, 8]",53,8
2065,2026-01-31T13:20:00.0,2026-02-02T18:57:45.531,"Any[60, 56, 45, 37, 30, 25, 19, 11, 10, 3]",60,3
2067,2026-01-31T13:20:00.0,2026-01-12T18:57:45.531,"Any[6, 11, 19, 25, 30, 37, 45]",6,45
2080,2026-01-31T13:20:00.0,2026-01-12T18:57:45.531,"Any[8, 13, 19, 25, 30, 37, 45, 53, 60]",8,60
2097,2026-01-31T13:20:00.0,2026-02-02T18:57:45.531,"Any[64, 53, 45, 37, 30, 25, 19, 13, 8]",64,8
2100,2026-01-31T13:20:00.0,2026-01-12T18:57:45.531,"Any[6, 11, 19, 25, 30, 37, 45]",6,45
2102,2026-01-31T13:20:00.0,2026-01-12T18:57:45.531,"Any[53, 45, 37, 30, 25, 19, 10]",53,10
2103,2026-01-31T13:20:00.0,2026-02-02T18:57:45.531,"Any[1, 6, 11, 19, 25, 30, 37, 45, 53, 60]",1,60
2104,2026-01-31T13:20:00.0,2026-02-02T18:57:45.531,"Any[56, 45, 37, 30, 25, 19, 13, 8]",56,8
2106,2026-01-31T13:20:00.0,2026-01-26T18:57:45.531,"Any[20, 19, 25, 30, 37, 45, 56]",20,56
2108,2026-01-31T13:20:00.0,2026-01-12T18:57:45.531,"Any[53, 45, 37, 30, 25, 19, 10]",53,10
2109,2026-01-31T13:20:00.0,2026-01-19T18:57:45.531,"Any[10, 19, 25, 30, 37, 45, 53]",10,53
2110,2026-01-31T13:20:00.0,2026-02-02T18:57:45.531,"Any[6, 11, 19, 25, 30, 37, 45]",6,45
2111,2026-01-31T13:20:00.0,2026-01-19T18:57:45.531,"Any[60, 53, 45, 37, 30, 25, 19, 10]",60,10
2112,2026-01-31T13:20:00.0,2026-01-12T18:57:45.531,"Any[6, 11, 19, 17, 19, 25, 30, 37, 45]",6,45
2116,2026-01-31T13:20:00.0,2026-01-12T18:57:45.531,"Any[56, 45, 37, 30, 25, 19, 11, 6]",56,6
2126,2026-01-31T13:20:00.0,2026-01-26T18:57:45.531,"Any[25, 30, 37, 45, 53]",25,53
2131,2026-01-31T13:20:00.0,2026-01-19T18:57:45.531,"Any[1, 6, 11, 19, 25, 30, 37, 45, 56]",1,56
2132,2026-01-31T13:20:00.0,2026-01-12T18:57:45.531,"Any[53, 45, 37, 30, 25, 19, 10]",53,10
2139,2026-01-31T13:20:00.0,2026-01-19T18:57:45.531,"Any[8, 13, 19, 25, 30, 37, 45, 56]",8,56
2142,2026-01-31T13:20:00.0,2026-01-19T18:57:45.531,"Any[10, 19, 25, 30, 37, 45, 53, 60]",10,60
2145,2026-01-31T13:20:00.0,2026-01-12T18:57:45.531,"Any[60, 56, 45, 37, 30, 25, 19, 11, 6]",60,6
2151,2026-01-31T13:20:00.0,2026-01-26T18:57:45.531,"Any[60, 56, 45, 37, 30, 25, 19, 11, 6]",60,6
2152,2026-01-31T13:20:00.0,2026-02-02T18:57:45.531,"Any[8, 13, 19, 25, 30, 37, 45, 56]",8,56
2155,2026-01-31T13:20:00.0,2026-02-02T18:57:45.531,"Any[7, 8, 13, 19, 25, 30, 37, 45, 53]",7,53
2159,2026-01-31T13:20:00.0,2026-01-26T18:57:45.531,"Any[64, 60, 53, 45, 37, 30, 25, 19, 11, 6, 1]",64,1
2165,2026-01-31T13:20:00.0,2026-01-12T18:57:45.531,"Any[60, 53, 45, 37, 30, 25, 19, 11, 6, 1]",60,1
2168,2026-01-31T13:20:00.0,2026-01-12T18:57:45.531,"Any[8, 13, 19, 25, 30, 37, 45]",8,45
2170,2026-01-31T13:20:00.0,2026-02-02T18:57:45.531,"Any[7, 8, 13, 19, 25, 30, 37, 45, 53]",7,53
2171,2026-01-31T13:20:00.0,2026-01-26T18:57:45.531,"Any[19, 25, 30, 37, 45, 53]",19,53
2172,2026-01-31T13:20:00.0,2026-01-12T18:57:45.531,"Any[53, 45, 37, 30, 25, 19]",53,19
2173,2026-01-31T13:20:00.0,2026-01-12T18:57:45.531,"Any[60, 56, 45, 37, 30, 25, 19]",60,19
2178,2026-01-31T13:20:00.0,2026-02-02T18:57:45.531,"Any[56, 45, 37, 30, 25]",56,25
2180,2026-01-31T13:20:00.0,2026-01-12T18:57:45.531,"Any[56, 45, 37, 30, 25, 19, 13, 8]",56,8
2183,2026-01-31T13:20:00.0,2026-01-12T18:57:45.531,"Any[64, 60, 56, 45, 37, 30, 25, 19, 11, 6, 5, 2]",64,2
2186,2026-01-31T13:20:00.0,2026-01-12T18:57:45.531,"Any[10, 19, 25, 30, 37, 45, 53]",10,53
2188,2026-01-31T13:20:00.0,2026-01-19T18:57:45.531,"Any[56, 45, 37, 30, 25, 19, 11, 6]",56,6
2194,2026-01-31T13:20:00.0,2026-01-12T18:57:45.531,"Any[53, 45, 37, 30, 25, 19, 11, 6, 1]",53,1
2204,2026-01-31T13:20:00.0,2026-02-02T18:57:45.531,"Any[56, 45, 37, 30, 25, 19]",56,19
2207,2026-01-31T13:20:00.0,2026-01-26T18:57:45.531,"Any[60, 56, 45, 37, 30, 25]",60,25
2208,2026-01-31T13:20:00.0,2026-01-26T18:57:45.531,"Any[64, 60, 56, 45, 37, 30, 25, 19, 11, 6]",64,6
2214,2026-01-31T13:20:00.0,2026-02-02T18:57:45.531,"Any[8, 13, 19, 25, 30, 37, 45, 56]",8,56
2221,2026-01-31T13:20:00.0,2026-02-02T18:57:45.531,"Any[8, 13, 19, 25, 30, 37, 45, 56]",8,56
2222,2026-01-31T13:20:00.0,2026-01-12T18:57:45.531,"Any[6, 11, 19, 25, 30, 37, 45, 56]",6,56
2224,2026-01-31T13:20:00.0,2026-01-12T18:57:45.531,"Any[53, 45, 37, 30, 25]",53,25
2233,2026-01-31T13:20:00.0,2026-01-12T18:57:45.531,"Any[25, 30, 37, 45]",25,45
2238,2026-01-31T13:20:00.0,2026-01-19T18:57:45.531,"Any[6, 11, 19, 25, 30, 37, 45, 56, 60]",6,60
2243,2026-01-31T13:20:00.0,2026-01-19T18:57:45.531,"Any[53, 45, 37, 30, 25]",53,25
2248,2026-01-31T13:20:00.0,2026-02-02T18:57:45.531,"Any[56, 45, 37, 30, 25, 19, 11, 6]",56,6
2249,2026-01-31T13:20:00.0,2026-01-26T18:57:45.531,"Any[53, 45, 37, 30, 25, 19, 10]",53,10
2252,2026-01-31T13:20:00.0,2026-02-02T18:57:45.531,"Any[56, 45, 37, 30, 25, 19]",56,19
2253,2026-01-31T13:20:00.0,2026-01-12T18:57:45.531,"Any[60, 56, 45, 37, 30, 25, 19, 11, 6]",60,6
2254,2026-01-31T13:20:00.0,2026-01-12T18:57:45.531,"Any[53, 45, 37, 30, 25, 19, 10]",53,10
2256,2026-01-31T13:20:00.0,2026-01-19T18:57:45.531,"Any[1, 6, 11, 19, 25, 30, 37, 45, 56]",1,56
2257,2026-01-31T13:20:00.0,2026-01-12T18:57:45.531,"Any[53, 45, 37, 30, 25, 19, 10]",53,10
2260,2026-01-31T13:20:00.0,2026-01-12T18:57:45.531,"Any[56, 45, 37, 30, 25, 19, 13, 8]",56,8
2264,2026-01-31T13:20:00.0,2026-02-02T18:57:45.531,"Any[10, 11, 19, 25, 30, 37, 45, 53]",10,53
2265,2026-01-31T13:20:00.0,2026-01-12T18:57:45.531,"Any[60, 53, 45, 37, 30, 25, 19, 11, 6]",60,6
2268,2026-01-31T13:20:00.0,2026-01-26T18:57:45.531,"Any[1, 6, 11, 19, 25, 30, 37, 45, 53, 60]",1,60
2282,2026-01-31T13:20:00.0,2026-01-19T18:57:45.531,"Any[56, 45, 37, 30, 25, 19, 13, 8]",56,8
2284,2026-01-31T13:20:00.0,2026-01-26T18:57:45.531,"Any[53, 45, 37, 30, 25]",53,25
2286,2026-01-31T13:20:00.0,2026-01-19T18:57:45.531,"Any[6, 11, 19, 25, 30, 37, 45, 56]",6,56
2287,2026-01-31T13:20:00.0,2026-01-26T18:57:45.531,"Any[19, 25, 30, 37, 45, 53]",19,53
2289,2026-01-31T13:20:00.0,2026-01-26T18:57:45.531,"Any[19, 25, 30, 37, 45, 56]",19,56
2294,2026-01-31T13:20:00.0,2026-01-19T18:57:45.531,"Any[7, 8, 13, 19, 25, 30, 37, 45, 53]",7,53
2295,2026-01-31T13:20:00.0,2026-01-26T18:57:45.531,"Any[6, 11, 19, 25, 30, 37, 45, 53]",6,53
2301,2026-01-31T13:20:00.0,2026-01-19T18:57:45.531,"Any[10, 19, 25, 30, 37, 45, 53]",10,53
2306,2026-01-31T13:20:00.0,2026-01-19T18:57:45.531,"Any[6, 11, 19, 25, 30, 37, 45, 53]",6,53
2307,2026-01-31T13:20:00.0,2026-01-19T18:57:45.531,"Any[64, 60, 53, 45, 37, 30, 25, 19, 10]",64,10
2309,2026-01-31T13:20:00.0,2026-01-26T18:57:45.531,"Any[45, 37, 30, 25]",45,25
2312,2026-01-31T13:20:00.0,2026-01-19T18:57:45.531,"Any[53, 45, 37, 30, 25, 19, 13, 8]",53,8
2320,2026-01-31T13:20:00.0,2026-01-12T18:57:45.531,"Any[25, 30, 37, 45, 56, 60, 64]",25,64
2324,2026-01-31T13:20:00.0,2026-02-02T18:57:45.531,"Any[60, 56, 45, 37, 30, 25, 19, 11, 6]",60,6
2325,2026-01-31T13:20:00.0,2026-01-12T18:57:45.531,"Any[3, 10, 19, 25, 30, 37, 45, 53, 60]",3,60
2331,2026-01-31T13:20:00.0,2026-01-26T18:57:45.531,"Any[6, 11, 19, 25, 30, 37, 45]",6,45
2332,2026-01-31T13:20:00.0,2026-02-02T18:57:45.531,"Any[53, 45, 37, 30, 25, 19, 10]",53,10
2333,2026-01-31T13:20:00.0,2026-01-26T18:57:45.531,"Any[19, 25, 30, 37, 45, 56, 60, 60, 64]",19,60
2338,2026-01-31T13:20:00.0,2026-01-19T18:57:45.531,"Any[64, 60, 53, 45, 37, 30, 25, 19, 13, 8]",64,8
2342,2026-01-31T13:20:00.0,2026-01-12T18:57:45.531,"Any[64, 60, 53, 45, 37, 30, 25, 19, 11, 6]",64,6
2346,2026-01-31T13:20:00.0,2026-02-02T18:57:45.531,"Any[45, 37, 30, 23, 19, 11, 6]",45,6
2351,2026-01-31T13:20:00.0,2026-01-12T18:57:45.531,"Any[53, 45, 37, 30, 25, 19, 10]",53,10
2352,2026-01-31T13:20:00.0,2026-01-19T18:57:45.531,"Any[53, 45, 37, 30, 25, 19, 10]",53,10
2355,2026-01-31T13:20:00.0,2026-01-26T18:57:45.531,"Any[19, 25, 30, 37, 45, 56, 60]",19,60
2362,2026-01-31T13:20:00.0,2026-01-19T18:57:45.531,"Any[13, 19, 25, 30, 37, 45, 53]",13,53
2365,2026-01-31T13:20:00.0,2026-01-26T18:57:45.531,"Any[1, 6, 11, 19, 25, 30, 37, 45, 56]",1,56
2367,2026-01-31T13:20:00.0,2026-01-12T18:57:45.531,"Any[19, 17, 25, 30, 37, 45, 53, 60]",19,60
2368,2026-01-31T13:20:00.0,2026-01-19T18:57:45.531,"Any[6, 11, 19, 25, 30, 37, 45, 56]",6,56
2376,2026-01-31T13:20:00.0,2026-01-26T18:57:45.531,"Any[10, 19, 25, 30, 37, 45, 53]",10,53
2382,2026-01-31T13:20:00.0,2026-02-02T18:57:45.531,"Any[60, 56, 45, 37, 30, 25, 19, 11, 6]",60,6
2391,2026-01-31T13:20:00.0,2026-01-19T18:57:45.531,"Any[1, 6, 11, 19, 25, 30, 37, 45, 53]",1,53
2396,2026-01-31T13:20:00.0,2026-01-19T18:57:45.531,"Any[53, 45, 37, 30, 25, 19, 10]",53,10
2414,2026-01-31T13:20:00.0,2026-01-26T18:57:45.531,"Any[1, 6, 11, 19, 25, 30, 37, 45, 56]",1,56
2417,2026-01-31T13:20:00.0,2026-01-12T18:57:45.531,"Any[53, 45, 37, 30, 25]",53,25
2420,2026-01-31T13:20:00.0,2026-01-19T18:57:45.531,"Any[6, 11, 19, 25, 30, 37, 45, 56]",6,56
2422,2026-01-31T13:20:00.0,2026-01-19T18:57:45.531,"Any[45, 37, 30, 25]",45,25
2428,2026-01-31T13:20:00.0,2026-01-26T18:57:45.531,"Any[60, 56, 45, 37, 30, 25, 19, 11, 6]",60,6
2434,2026-01-31T13:20:00.0,2026-01-12T18:57:45.531,"Any[19, 25, 30, 37, 45, 53]",19,53
2438,2026-01-31T13:20:00.0,2026-01-26T18:57:45.531,"Any[64, 60, 56, 45, 37, 30, 25, 19, 10]",64,10
2439,2026-01-31T13:20:00.0,2026-01-12T18:57:45.531,"Any[8, 13, 19, 25, 30, 37, 45]",8,45
2445,2026-01-31T13:20:00.0,2026-01-26T18:57:45.531,"Any[45, 37, 30, 25, 19, 10]",45,10
2451,2026-01-31T13:20:00.0,2026-01-19T18:57:45.531,"Any[53, 45, 37, 30, 25, 19, 11, 6, 1]",53,1
2457,2026-01-31T13:20:00.0,2026-02-02T18:57:45.531,"Any[19, 25, 30, 37, 45, 56]",19,56
2460,2026-01-31T13:20:00.0,2026-02-02T18:57:45.531,"Any[60, 53, 45, 37, 30, 25, 19, 13, 8]",60,8
2465,2026-01-31T13:20:00.0,2026-01-19T18:57:45.531,"Any[6, 11, 19, 25, 30, 37, 45, 56]",6,56
2467,2026-01-31T13:20:00.0,2026-01-12T18:57:45.531,"Any[60, 53, 45, 37, 30, 25, 19, 13, 8]",60,8
2470,2026-01-31T13:20:00.0,2026-02-02T18:57:45.531,"Any[8, 13, 19, 25, 30, 37, 45, 56]",8,56
2477,2026-01-31T13:20:00.0,2026-01-26T18:57:45.531,"Any[53, 45, 37, 30, 25, 19, 10]",53,10
2490,2026-01-31T13:20:00.0,2026-01-26T18:57:45.531,"Any[17, 19, 17, 25, 30, 37, 45, 53]",17,53
2491,2026-01-31T13:20:00.0,2026-01-12T18:57:45.531,"Any[17, 16, 25, 30, 37, 45, 53]",17,53
2494,2026-01-31T13:20:00.0,2026-01-19T18:57:45.531,"Any[17, 16, 17, 25, 30, 37, 45, 53, 60]",17,60
2501,2026-01-31T13:20:00.0,2026-01-19T18:57:45.531,"Any[56, 45, 37, 30, 25, 19, 11, 6, 1]",56,1
2513,2026-01-31T13:20:00.0,2026-02-02T18:57:45.531,"Any[60, 53, 45, 37, 30, 25, 19, 11, 6, 1]",60,1
2530,2026-01-31T13:20:00.0,2026-01-26T18:57:45.531,"Any[56, 45, 37, 30, 25, 19, 20]",56,20
2535,2026-01-31T13:20:00.0,2026-01-19T18:57:45.531,"Any[8, 13, 19, 25, 30, 37, 45]",8,45
2539,2026-01-31T13:20:00.0,2026-02-02T18:57:45.531,"Any[1, 6, 11, 19, 23, 28, 36, 44, 54, 60]",1,60
2543,2026-01-31T13:20:00.0,2026-01-26T18:57:45.531,"Any[1, 6, 11, 19, 25, 30, 37, 45, 53, 60]",1,60
2549,2026-01-31T13:20:00.0,2026-01-19T18:57:45.531,"Any[64, 53, 45, 37, 30, 25, 19, 10]",64,10
2550,2026-01-31T13:20:00.0,2026-02-02T18:57:45.531,"Any[56, 45, 37, 30, 25, 19, 11, 6]",56,6
2554,2026-01-31T13:20:00.0,2026-01-19T18:57:45.531,"Any[53, 45, 37, 30, 25, 19, 10]",53,10
2556,2026-01-31T13:20:00.0,2026-01-26T18:57:45.531,"Any[6, 11, 19, 25, 30, 37, 45]",6,45
2558,2026-01-31T13:20:00.0,2026-01-26T18:57:45.531,"Any[53, 45, 37, 30, 25, 19, 11, 6, 1]",53,1
2569,2026-01-31T13:20:00.0,2026-01-26T18:57:45.531,"Any[56, 45, 37, 30, 25]",56,25
2570,2026-01-31T13:20:00.0,2026-01-26T18:57:45.531,"Any[6, 11, 19, 25, 30, 37, 45, 53]",6,53
2573,2026-01-31T13:20:00.0,2026-01-19T18:57:45.531,"Any[53, 45, 37, 30, 25]",53,25
2578,2026-01-31T13:20:00.0,2026-01-26T18:57:45.531,"Any[53, 45, 37, 30, 25, 19, 10]",53,10
2580,2026-01-31T13:20:00.0,2026-02-02T18:57:45.531,"Any[53, 45, 37, 30, 25]",53,25
2581,2026-01-31T13:20:00.0,2026-01-12T18:57:45.531,"Any[1, 6, 11, 19, 25, 30, 37, 45, 56]",1,56
2582,2026-01-31T13:20:00.0,2026-01-26T18:57:45.531,"Any[53, 45, 37, 30, 25, 19, 13, 8]",53,8
2583,2026-01-31T13:20:00.0,2026-01-12T18:57:45.531,"Any[53, 45, 37, 30, 25, 19, 11, 6, 1]",53,1
2589,2026-01-31T13:20:00.0,2026-01-19T18:57:45.531,"Any[6, 11, 19, 25, 30, 37, 45]",6,45
2593,2026-01-31T13:20:00.0,2026-02-02T18:57:45.531,"Any[53, 45, 37, 30, 25, 19, 10]",53,10
2605,2026-01-31T13:20:00.0,2026-01-26T18:57:45.531,"Any[56, 45, 37, 30, 25, 19]",56,19
2614,2026-01-31T13:20:00.0,2026-01-26T18:57:45.531,"Any[56, 45, 37, 30, 25, 19]",56,19
2615,2026-01-31T13:20:00.0,2026-01-26T18:57:45.531,"Any[56, 45, 37, 30, 25, 19]",56,19
2617,2026-01-31T13:20:00.0,2026-02-02T18:57:45.531,"Any[56, 45, 37, 30, 25, 19]",56,19
2618,2026-01-31T13:20:00.0,2026-01-19T18:57:45.531,"Any[56, 45, 37, 30, 25, 19]",56,19
2628,2026-01-31T13:20:00.0,2026-01-19T18:57:45.531,"Any[56, 45, 37, 30, 25, 19]",56,19
2629,2026-01-31T13:20:00.0,2026-01-12T18:57:45.531,"Any[56, 45, 37, 30, 25, 19]",56,19
2631,2026-01-31T13:20:00.0,2026-01-26T18:57:45.531,"Any[56, 45, 37, 30, 25, 19]",56,19
2633,2026-01-31T13:20:00.0,2026-01-19T18:57:45.531,"Any[56, 45, 37, 30, 25, 19]",56,19
2635,2026-01-31T13:20:00.0,2026-01-12T18:57:45.531,"Any[56, 45, 37, 30, 25, 19]",56,19
2636,2026-01-31T13:20:00.0,2026-01-19T18:57:45.531,"Any[56, 45, 37, 30, 25, 19]",56,19
2638,2026-01-31T13:20:00.0,2026-02-02T18:57:45.531,"Any[56, 45, 37, 30, 25, 19]",56,19
2641,2026-01-31T13:20:00.0,2026-01-19T18:57:45.531,"Any[56, 45, 37, 30, 25, 19]",56,19
2644,2026-01-31T13:20:00.0,2026-01-12T18:57:45.531,"Any[56, 45, 37, 30, 25, 19]",56,19
2646,2026-01-31T13:20:00.0,2026-02-02T18:57:45.531,"Any[56, 45, 37, 30, 25, 19]",56,19
2647,2026-01-31T13:20:00.0,2026-01-26T18:57:45.531,"Any[56, 45, 37, 30, 25, 19]",56,19
2650,2026-01-31T13:20:00.0,2026-01-19T18:57:45.531,"Any[56, 45, 37, 30, 25, 19]",56,19
2668,2026-01-31T13:20:00.0,2026-01-19T18:57:45.531,"Any[56, 45, 37, 30, 25, 19, 13, 8, 7]",56,7
2671,2026-01-31T13:20:00.0,2026-02-02T18:57:45.531,"Any[56, 45, 37, 30, 25, 19, 13, 8, 7]",56,7
2674,2026-01-31T13:20:00.0,2026-01-26T18:57:45.531,"Any[56, 45, 37, 30, 25, 19, 13, 8, 7]",56,7
2675,2026-01-31T13:20:00.0,2026-01-19T18:57:45.531,"Any[56, 45, 37, 30, 25, 19, 13, 8, 7]",56,7
2678,2026-01-31T13:20:00.0,2026-02-02T18:57:45.531,"Any[56, 45, 37, 30, 25, 19, 13, 8, 7]",56,7
2686,2026-01-31T13:20:00.0,2026-01-12T18:57:45.531,"Any[56, 45, 37, 30, 25, 19, 13, 8, 7]",56,7
2688,2026-01-31T13:20:00.0,2026-02-02T18:57:45.531,"Any[56, 45, 37, 30, 25, 19, 13, 8, 7]",56,7
2689,2026-01-31T13:20:00.0,2026-02-02T18:57:45.531,"Any[56, 45, 37, 30, 25, 19, 11, 6, 1]",56,1
2780,2026-01-31T13:20:00.0,2026-02-02T18:57:45.531,"Any[45, 37, 30, 25, 19]",45,19
2784,2026-01-31T13:20:00.0,2026-01-19T18:57:45.531,"Any[45, 37, 30, 25, 19]",45,19
2790,2026-01-31T13:20:00.0,2026-01-12T18:57:45.531,"Any[45, 37, 30, 25, 19]",45,19
2798,2026-01-31T13:20:00.0,2026-01-19T18:57:45.531,"Any[45, 37, 30, 25, 19, 13, 8]",45,8
2808,2026-01-31T13:20:00.0,2026-02-02T18:57:45.531,"Any[45, 37, 30, 25, 19, 13, 8]",45,8
2838,2026-01-31T13:20:00.0,2026-01-12T18:57:45.531,"Any[45, 37, 30, 25, 19, 11, 6]",45,6
2842,2026-01-31T13:20:00.0,2026-01-19T18:57:45.531,"Any[45, 37, 30, 23, 19, 11, 6]",45,6
2843,2026-01-31T13:20:00.0,2026-01-12T18:57:45.531,"Any[45, 37, 30, 25, 19, 11, 6]",45,6
2845,2026-01-31T13:20:00.0,2026-02-02T18:57:45.531,"Any[45, 37, 30, 25, 19, 11, 6]",45,6
2846,2026-01-31T13:20:00.0,2026-02-02T18:57:45.531,"Any[45, 37, 30, 23, 19, 11, 6]",45,6
2847,2026-01-31T13:20:00.0,2026-02-02T18:57:45.531,"Any[45, 37, 30, 25, 19, 11, 6]",45,6
2851,2026-01-31T13:20:00.0,2026-01-12T18:57:45.531,"Any[45, 37, 30, 25, 19, 11, 6]",45,6
2853,2026-01-31T13:20:00.0,2026-01-12T18:57:45.531,"Any[45, 37, 30, 23, 19, 11, 6]",45,6
2854,2026-01-31T13:20:00.0,2026-01-26T18:57:45.531,"Any[45, 37, 30, 25, 19, 11, 6]",45,6
2874,2026-01-31T13:20:00.0,2026-01-12T18:57:45.531,"Any[45, 37, 30, 23, 19, 11, 6]",45,6
2876,2026-01-31T13:20:00.0,2026-02-02T18:57:45.531,"Any[45, 37, 30, 25, 19, 11, 6]",45,6
2879,2026-01-31T13:20:00.0,2026-01-26T18:57:45.531,"Any[25, 30, 37, 45, 56, 60, 64]",25,64
2880,2026-01-31T13:20:00.0,2026-01-12T18:57:45.531,"Any[25, 30, 37, 45, 53, 60, 64]",25,64
2886,2026-01-31T13:20:00.0,2026-02-02T18:57:45.531,"Any[25, 30, 37, 45, 56, 60, 64]",25,64
2889,2026-01-31T13:20:00.0,2026-01-26T18:57:45.531,"Any[25, 30, 37, 45, 56, 60, 64]",25,64
2893,2026-01-31T13:20:00.0,2026-02-02T18:57:45.531,"Any[25, 30, 37, 45, 56, 60, 64]",25,64
2894,2026-01-31T13:20:00.0,2026-01-12T18:57:45.531,"Any[25, 30, 37, 45, 56, 60, 64]",25,64
2908,2026-01-31T13:20:00.0,2026-01-26T18:57:45.531,"Any[25, 30, 37, 45, 56, 60]",25,60
2910,2026-01-31T13:20:00.0,2026-02-02T18:57:45.531,"Any[25, 30, 37, 45, 56, 60]",25,60
2912,2026-01-31T13:20:00.0,2026-02-02T18:57:45.531,"Any[25, 30, 37, 45, 53, 60]",25,60
2913,2026-01-31T13:20:00.0,2026-01-26T18:57:45.531,"Any[25, 30, 37, 45, 53, 60]",25,60
2925,2026-01-31T13:20:00.0,2026-01-19T18:57:45.531,"Any[25, 30, 37, 45, 56, 60]",25,60
2926,2026-01-31T13:20:00.0,2026-01-19T18:57:45.531,"Any[25, 30, 37, 45, 53, 60]",25,60
2933,2026-01-31T13:20:00.0,2026-01-12T18:57:45.531,"Any[25, 30, 37, 45, 53, 60]",25,60
2937,2026-01-31T13:20:00.0,2026-01-19T18:57:45.531,"Any[25, 30, 37, 45, 53, 60]",25,60
2945,2026-01-31T13:20:00.0,2026-01-19T18:57:45.531,"Any[25, 30, 37, 45, 53, 60]",25,60
2949,2026-01-31T13:20:00.0,2026-01-12T18:57:45.531,"Any[25, 30, 37, 45, 53, 60]",25,60
2959,2026-01-31T13:20:00.0,2026-01-12T18:57:45.531,"Any[25, 30, 37, 45, 53]",25,53
2963,2026-01-31T13:20:00.0,2026-02-02T18:57:45.531,"Any[25, 30, 37, 45, 53]",25,53
2964,2026-01-31T13:20:00.0,2026-01-19T18:57:45.531,"Any[25, 30, 37, 45, 53]",25,53
2965,2026-01-31T13:20:00.0,2026-01-12T18:57:45.531,"Any[25, 30, 37, 45, 53]",25,53
2966,2026-01-31T13:20:00.0,2026-01-26T18:57:45.531,"Any[25, 30, 37, 45, 53]",25,53
2967,2026-01-31T13:20:00.0,2026-01-12T18:57:45.531,"Any[25, 30, 37, 45, 53]",25,53
2969,2026-01-31T13:20:00.0,2026-01-19T18:57:45.531,"Any[25, 30, 37, 45, 53]",25,53
2981,2026-01-31T13:20:00.0,2026-01-26T18:57:45.531,"Any[25, 30, 37, 45, 53]",25,53
2985,2026-01-31T13:20:00.0,2026-01-26T18:57:45.531,"Any[25, 30, 37, 45, 53]",25,53
2989,2026-01-31T13:20:00.0,2026-02-02T18:57:45.531,"Any[25, 30, 37, 45, 53]",25,53
2990,2026-01-31T13:20:00.0,2026-01-19T18:57:45.531,"Any[25, 30, 37, 45, 53]",25,53
2996,2026-01-31T13:20:00.0,2026-01-26T18:57:45.531,"Any[25, 30, 37, 45, 53]",25,53
2997,2026-01-31T13:20:00.0,2026-02-02T18:57:45.531,"Any[25, 30, 37, 45, 53]",25,53
3000,2026-01-31T13:20:00.0,2026-01-12T18:57:45.531,"Any[25, 30, 37, 45, 53]",25,53
3004,2026-01-31T13:20:00.0,2026-01-19T18:57:45.531,"Any[25, 30, 37, 45, 53]",25,53
3009,2026-01-31T13:20:00.0,2026-02-02T18:57:45.531,"Any[25, 30, 37, 45, 53]",25,53
3010,2026-01-31T13:20:00.0,2026-01-19T18:57:45.531,"Any[25, 30, 37, 45, 53]",25,53
3015,2026-01-31T13:20:00.0,2026-01-26T18:57:45.531,"Any[25, 30, 37, 45, 53]",25,53
3019,2026-01-31T13:20:00.0,2026-01-26T18:57:45.531,"Any[25, 30, 37, 45, 53]",25,53
3025,2026-01-31T13:20:00.0,2026-02-02T18:57:45.531,"Any[8, 13, 19, 25, 30, 37, 45, 56, 60, 64]",8,64
3034,2026-01-31T13:20:00.0,2026-02-02T18:57:45.531,"Any[8, 13, 19, 25, 30, 37, 45, 53, 60, 64]",8,64
3039,2026-01-31T13:20:00.0,2026-01-19T18:57:45.531,"Any[8, 13, 19, 25, 30, 37, 45, 56, 60]",8,60
3042,2026-01-31T13:20:00.0,2026-01-26T18:57:45.531,"Any[8, 13, 19, 25, 30, 37, 45, 56, 60]",8,60
3047,2026-01-31T13:20:00.0,2026-02-02T18:57:45.531,"Any[8, 13, 19, 25, 37, 45, 56, 60]",8,60
3054,2026-01-31T13:20:00.0,2026-01-12T18:57:45.531,"Any[8, 13, 19, 25, 30, 37, 45, 53, 62]",8,62
3068,2026-01-31T13:20:00.0,2026-01-26T18:57:45.531,"Any[1, 6, 11, 16, 19, 25, 30, 37, 45, 56, 60, 64]",1,64
3072,2026-01-31T13:20:00.0,2026-01-19T18:57:45.531,"Any[1, 6, 11, 16, 19, 25, 30, 37, 45, 56, 60, 64]",1,64
3079,2026-01-31T13:20:00.0,2026-01-19T18:57:45.531,"Any[1, 6, 11, 16, 19, 25, 30, 37, 45, 56, 60, 64]",1,64
3082,2026-01-31T13:20:00.0,2026-01-19T18:57:45.531,"Any[1, 6, 11, 19, 25, 30, 37, 45, 53, 60, 64]",1,64
3096,2026-01-31T13:20:00.0,2026-01-19T18:57:45.531,"Any[1, 6, 11, 19, 25, 30, 37, 45, 53]",1,53
3098,2026-01-31T13:20:00.0,2026-01-19T18:57:45.531,"Any[1, 6, 11, 19, 25, 30, 37, 45, 53]",1,53
3171,2026-01-31T13:20:00.0,2026-01-12T18:57:45.531,"Any[10, 19, 25, 30, 37, 45, 53]",10,53
3172,2026-01-31T13:20:00.0,2026-02-02T18:57:45.531,"Any[10, 19, 25, 30, 37, 45, 53]",10,53
3185,2026-01-31T13:20:00.0,2026-01-19T18:57:45.531,"Any[10, 19, 25, 30, 37, 45, 53]",10,53
3186,2026-01-31T13:20:00.0,2026-01-12T18:57:45.531,"Any[10, 19, 25, 30, 37, 45, 53]",10,53
3190,2026-01-31T13:20:00.0,2026-01-12T18:57:45.531,"Any[10, 19, 25, 30, 37, 45, 53]",10,53
3193,2026-01-31T13:20:00.0,2026-02-02T18:57:45.531,"Any[10, 19, 25, 30, 37, 45, 53]",10,53
3195,2026-01-31T13:20:00.0,2026-01-12T18:57:45.531,"Any[10, 19, 25, 30, 37, 45, 53]",10,53
3200,2026-01-31T13:20:00.0,2026-01-26T18:57:45.531,"Any[10, 19, 25, 30, 37, 45, 53]",10,53
2602,2026-01-31T13:23:00.0,2026-01-26T19:00:45.531,Any[],60,17
3158,2026-01-31T13:24:00.0,2026-01-19T19:01:45.531,Any[],10,64
2719,2026-01-31T13:25:00.0,2026-01-26T19:02:45.531,Any[],53,16
3088,2026-01-31T13:25:00.0,2026-01-26T19:02:45.531,Any[],1,62
3107,2026-01-31T13:25:00.0,2026-02-02T19:02:45.531,Any[],6,64
3118,2026-01-31T13:25:00.0,2026-01-26T19:02:45.531,Any[],6,64
2951,2026-01-31T13:31:00.0,2026-01-19T19:08:45.531,Any[],25,62
2717,2026-01-31T13:32:00.0,2026-01-12T19:09:45.531,Any[],53,16
2693,2026-01-31T13:33:00.0,2026-01-12T19:10:45.531,Any[],56,3
3146,2026-01-31T13:33:00.0,2026-01-12T19:10:45.531,Any[],10,64
3128,2026-01-31T13:34:00.0,2026-01-26T19:11:45.531,Any[],10,64
3126,2026-01-31T13:36:00.0,2026-01-19T19:13:45.531,Any[],6,54
2733,2026-01-31T13:37:00.0,2026-01-26T19:14:45.531,Any[],53,7
2762,2026-01-31T13:38:00.0,2026-02-02T19:15:45.531,Any[],53,7
2816,2026-01-31T13:44:00.0,2026-01-26T19:21:45.531,Any[],45,3
3147,2026-01-31T13:46:00.0,2026-01-12T19:23:45.531,Any[],10,64
2763,2026-01-31T13:47:00.0,2026-01-26T19:24:45.531,Any[],53,7
2830,2026-01-31T13:50:00.0,2026-01-19T19:27:45.531,Any[],45,5
3122,2026-01-31T13:50:00.0,2026-02-02T19:27:45.531,Any[],6,62
2823,2026-01-31T13:52:00.0,2026-02-02T19:29:45.531,Any[],45,3
2739,2026-01-31T13:53:00.0,2026-01-26T19:30:45.531,Any[],53,7
2746,2026-01-31T13:53:00.0,2026-01-26T19:30:45.531,Any[],53,7
3162,2026-01-31T13:53:00.0,2026-01-12T19:30:45.531,Any[],10,64
2721,2026-01-31T13:56:00.0,2026-02-02T19:33:45.531,Any[],53,16
3161,2026-01-31T13:56:00.0,2026-01-12T19:33:45.531,Any[],10,64
3101,2026-01-31T13:58:00.0,2026-01-26T19:35:45.531,Any[],6,64
3163,2026-01-31T13:58:00.0,2026-01-26T19:35:45.531,Any[],10,64
